// Created by Crowbar 0.74
version 1
nodes
  0 "ValveBiped.Bip01_R_Hand" -1
  1 "base" 0
end
skeleton
  time 0
    0 1.400187 3.730110 -0.355127 2.989891 0.059025 -2.400573
    1 3.523874 -1.700837 -0.830554 -1.722498 0.059025 -2.400572
end
triangles
top
  1 -0.051206 -6.779181 17.532743 0.138051 0.959024 0.247415 0.531000 0.742800 1 1 1.000000
  1 0.126087 -6.810472 17.555115 0.138051 0.959024 0.247415 0.479000 0.744400 1 1 1.000000
  1 0.026065 -6.737650 17.328653 0.138051 0.959024 0.247415 0.508300 0.740600 1 1 1.000000
top
  1 0.643716 0.612591 16.009630 0.337459 0.834979 0.434662 0.985700 0.981800 1 1 1.000000
  1 0.644207 0.782000 15.457374 0.286776 0.953467 0.093066 0.985800 0.964700 1 1 1.000000
  1 0.015607 0.974901 15.457789 -0.049828 0.989669 0.134431 0.766000 0.964700 1 1 1.000000
top
  1 0.015607 0.974901 15.457789 -0.049828 0.989669 0.134431 0.766000 0.964700 1 1 1.000000
  1 0.150255 0.842652 15.895881 0.323271 0.873416 0.364199 0.813100 0.978300 1 1 1.000000
  1 0.643716 0.612591 16.009630 0.337459 0.834979 0.434662 0.985700 0.981800 1 1 1.000000
top
  1 -0.101898 4.928703 18.078281 -0.001223 0.271993 -0.962298 0.545700 0.137000 1 1 1.000000
  1 0.108952 1.352456 17.067190 -0.001350 0.271986 -0.962300 0.484100 0.322000 1 1 1.000000
  1 -0.046148 1.352556 17.067436 -0.001357 0.271986 -0.962300 0.529500 0.322000 1 1 1.000000
top
  1 -0.101898 4.928703 18.078281 -0.001223 0.271993 -0.962298 0.545700 0.137000 1 1 1.000000
  1 0.172602 4.928503 18.077877 -0.001219 0.271993 -0.962298 0.465300 0.137000 1 1 1.000000
  1 0.108952 1.352456 17.067190 -0.001350 0.271986 -0.962300 0.484100 0.322000 1 1 1.000000
top
  1 -0.065521 0.668330 19.307564 -0.009656 0.082436 0.996549 0.535000 0.357400 1 1 1.000000
  1 0.134008 1.137301 19.223673 0.029461 0.164032 0.986015 0.476500 0.333200 1 1 1.000000
  1 -0.043200 1.149709 19.248407 0.145646 0.114015 0.982745 0.528400 0.332500 1 1 1.000000
top
  1 -0.065521 0.668330 19.307564 -0.009656 0.082436 0.996549 0.535000 0.357400 1 1 1.000000
  1 0.133873 0.669536 19.325134 -0.087853 0.016424 0.995998 0.476500 0.357400 1 1 1.000000
  1 0.134008 1.137301 19.223673 0.029461 0.164032 0.986015 0.476500 0.333200 1 1 1.000000
top
  1 -0.069870 -4.550216 18.879866 -0.087129 -0.111107 0.989982 0.536300 0.627500 1 1 1.000000
  1 0.133873 0.669536 19.325134 -0.087853 0.016424 0.995998 0.476500 0.357400 1 1 1.000000
  1 -0.065521 0.668330 19.307564 -0.009656 0.082436 0.996549 0.535000 0.357400 1 1 1.000000
top
  1 -0.069870 -4.550216 18.879866 -0.087129 -0.111107 0.989982 0.536300 0.627500 1 1 1.000000
  1 0.129523 -4.552710 18.897135 -0.087227 -0.140864 0.986179 0.477800 0.627600 1 1 1.000000
  1 0.133873 0.669536 19.325134 -0.087853 0.016424 0.995998 0.476500 0.357400 1 1 1.000000
top
  1 -0.072219 -7.054164 18.444832 -0.087536 -0.225561 0.970288 0.537000 0.757000 1 1 1.000000
  1 0.129523 -4.552710 18.897135 -0.087227 -0.140864 0.986179 0.477800 0.627600 1 1 1.000000
  1 -0.069870 -4.550216 18.879866 -0.087129 -0.111107 0.989982 0.536300 0.627500 1 1 1.000000
top
  1 -0.072219 -7.054164 18.444832 -0.087536 -0.225561 0.970288 0.537000 0.757000 1 1 1.000000
  1 0.127175 -7.059258 18.461601 -0.008527 -0.286757 0.957965 0.478600 0.757300 1 1 1.000000
  1 0.129523 -4.552710 18.897135 -0.087227 -0.140864 0.986179 0.477800 0.627600 1 1 1.000000
top
  1 -0.052746 -9.279438 17.656004 0.031197 -0.343179 0.938752 0.531400 0.872200 1 1 1.000000
  1 0.127175 -7.059258 18.461601 -0.008527 -0.286757 0.957965 0.478600 0.757300 1 1 1.000000
  1 -0.072219 -7.054164 18.444832 -0.087536 -0.225561 0.970288 0.537000 0.757000 1 1 1.000000
top
  1 -0.052746 -9.279438 17.656004 0.031197 -0.343179 0.938752 0.531400 0.872200 1 1 1.000000
  1 0.124459 -9.245843 17.639954 0.149475 -0.347960 0.925517 0.479500 0.870400 1 1 1.000000
  1 0.127175 -7.059258 18.461601 -0.008527 -0.286757 0.957965 0.478600 0.757300 1 1 1.000000
top
  1 -0.085753 0.841760 15.919801 -0.886803 0.457888 -0.062601 0.910200 0.027800 1 1 1.000000
  1 -0.047400 0.974207 16.345266 -0.886803 0.457888 -0.062601 0.910200 0.027800 1 1 1.000000
  1 0.015607 0.974901 15.457789 -0.886803 0.457888 -0.062601 0.910200 0.027800 1 1 1.000000
top
  1 -0.071240 -3.715548 17.629177 -0.015640 -0.058342 -0.998174 0.536800 0.584300 1 1 1.000000
  1 0.126087 -6.810472 17.555115 0.021541 0.025254 -0.999449 0.479000 0.744400 1 1 1.000000
  1 -0.051206 -6.779181 17.532743 0.131595 0.032122 -0.990783 0.531000 0.742800 1 1 1.000000
top
  1 -0.071240 -3.715548 17.629177 -0.015640 -0.058342 -0.998174 0.536800 0.584300 1 1 1.000000
  1 0.128066 -3.718453 17.611446 -0.014041 -0.137848 -0.990354 0.478400 0.584400 1 1 1.000000
  1 0.126087 -6.810472 17.555115 0.021541 0.025254 -0.999449 0.479000 0.744400 1 1 1.000000
top
  1 -0.048276 -1.645113 17.151169 0.023352 -0.214733 -0.976393 0.530100 0.477100 1 1 1.000000
  1 0.128066 -3.718453 17.611446 -0.014041 -0.137848 -0.990354 0.478400 0.584400 1 1 1.000000
  1 -0.071240 -3.715548 17.629177 -0.015640 -0.058342 -0.998174 0.536800 0.584300 1 1 1.000000
top
  1 -0.048276 -1.645113 17.151169 0.023352 -0.214733 -0.976393 0.530100 0.477100 1 1 1.000000
  1 0.129017 -1.628206 17.172426 0.135217 -0.203813 -0.969627 0.478200 0.476200 1 1 1.000000
  1 0.128066 -3.718453 17.611446 -0.014041 -0.137848 -0.990354 0.478400 0.584400 1 1 1.000000
top
  1 0.024848 -8.032933 17.089603 -0.001688 -0.263853 -0.964561 0.508700 0.807600 1 1 1.000000
  1 0.102197 -8.580379 17.239220 -0.001688 -0.263853 -0.964561 0.486000 0.836000 1 1 1.000000
  1 -0.052904 -8.580281 17.239464 -0.001688 -0.263853 -0.964561 0.531500 0.836000 1 1 1.000000
top
  1 -0.043200 1.149709 19.248407 0.149774 0.645474 0.748954 0.528400 0.332500 1 1 1.000000
  1 0.133879 1.375630 19.018290 0.149807 0.645453 0.748965 0.476600 0.320800 1 1 1.000000
  1 -0.043327 1.397936 19.034521 0.149837 0.645434 0.748975 0.528500 0.319700 1 1 1.000000
top
  1 -0.043200 1.149709 19.248407 0.149774 0.645474 0.748954 0.528400 0.332500 1 1 1.000000
  1 0.134008 1.137301 19.223673 0.150822 0.645273 0.748916 0.476500 0.333200 1 1 1.000000
  1 0.133879 1.375630 19.018290 0.149807 0.645453 0.748965 0.476600 0.320800 1 1 1.000000
top
  1 -0.053293 -9.123291 17.209150 0.146461 -0.933852 -0.326297 0.531600 0.864100 1 1 1.000000
  1 0.124459 -9.245843 17.639954 0.146308 -0.933861 -0.326338 0.479500 0.870400 1 1 1.000000
  1 -0.052746 -9.279438 17.656004 0.146310 -0.933849 -0.326373 0.531400 0.872200 1 1 1.000000
top
  1 -0.053293 -9.123291 17.209150 0.146461 -0.933852 -0.326297 0.531600 0.864100 1 1 1.000000
  1 0.124001 -9.101186 17.226105 0.146417 -0.933867 -0.326273 0.479700 0.862900 1 1 1.000000
  1 0.124459 -9.245843 17.639954 0.146308 -0.933861 -0.326338 0.479500 0.870400 1 1 1.000000
top
  1 -0.509110 6.472714 17.820406 -0.002196 -0.224949 -0.974368 0.665100 0.057100 1 1 1.000000
  1 -1.255765 7.015468 17.688862 -0.514510 0.342624 -0.786059 0.883900 0.029000 1 1 1.000000
  1 1.349335 7.013667 17.685163 0.226441 -0.004542 -0.974014 0.120500 0.029100 1 1 1.000000
top
  1 -0.509110 6.472714 17.820406 -0.002196 -0.224949 -0.974368 0.665100 0.057100 1 1 1.000000
  1 1.349335 7.013667 17.685163 0.226441 -0.004542 -0.974014 0.120500 0.029100 1 1 1.000000
  1 0.592990 6.471913 17.818789 0.083618 -0.382103 -0.920329 0.342200 0.057100 1 1 1.000000
top
  1 0.044272 6.221031 17.872086 0.391283 -0.895364 -0.212649 0.502900 0.070100 1 1 1.000000
  1 -0.509110 6.472714 17.820406 -0.002196 -0.224949 -0.974368 0.665100 0.057100 1 1 1.000000
  1 0.592990 6.471913 17.818789 0.083618 -0.382103 -0.920329 0.342200 0.057100 1 1 1.000000
top
  1 0.596040 6.518363 17.963573 0.424621 -0.867504 0.259102 0.341200 0.054700 1 1 1.000000
  1 0.044272 6.221031 17.872086 0.391283 -0.895364 -0.212649 0.502900 0.070100 1 1 1.000000
  1 0.592990 6.471913 17.818789 0.083618 -0.382103 -0.920329 0.342200 0.057100 1 1 1.000000
top
  1 0.596040 6.518363 17.963573 0.424621 -0.867504 0.259102 0.341200 0.054700 1 1 1.000000
  1 0.044821 6.263183 18.018070 0.426988 -0.868984 0.250094 0.502800 0.067900 1 1 1.000000
  1 0.044272 6.221031 17.872086 0.391283 -0.895364 -0.212649 0.502900 0.070100 1 1 1.000000
top
  1 1.196241 5.689763 17.961866 0.010163 -0.156868 -0.987567 0.165300 0.097600 1 1 1.000000
  1 0.225995 3.770410 18.098894 -0.008701 -0.037211 -0.999269 0.449700 0.196900 1 1 1.000000
  1 0.038725 5.383879 18.006973 0.002043 -0.110140 -0.993914 0.504500 0.113400 1 1 1.000000
top
  1 0.593368 5.981936 17.884159 0.017236 -0.180780 -0.983372 0.342000 0.082500 1 1 1.000000
  1 1.196241 5.689763 17.961866 0.010163 -0.156868 -0.987567 0.165300 0.097600 1 1 1.000000
  1 0.038725 5.383879 18.006973 0.002043 -0.110140 -0.993914 0.504500 0.113400 1 1 1.000000
top
  1 1.394690 6.454413 17.819672 0.009334 -0.184252 -0.982835 0.107200 0.058000 1 1 1.000000
  1 1.196241 5.689763 17.961866 0.010163 -0.156868 -0.987567 0.165300 0.097600 1 1 1.000000
  1 0.593368 5.981936 17.884159 0.017236 -0.180780 -0.983372 0.342000 0.082500 1 1 1.000000
top
  1 0.592990 6.471913 17.818789 0.083618 -0.382103 -0.920329 0.342200 0.057100 1 1 1.000000
  1 1.394690 6.454413 17.819672 0.009334 -0.184252 -0.982835 0.107200 0.058000 1 1 1.000000
  1 0.593368 5.981936 17.884159 0.017236 -0.180780 -0.983372 0.342000 0.082500 1 1 1.000000
top
  1 1.455926 6.912577 17.711735 0.511272 0.344734 -0.787248 0.089300 0.034300 1 1 1.000000
  1 1.394690 6.454413 17.819672 0.009334 -0.184252 -0.982835 0.107200 0.058000 1 1 1.000000
  1 0.592990 6.471913 17.818789 0.083618 -0.382103 -0.920329 0.342200 0.057100 1 1 1.000000
top
  1 1.349335 7.013667 17.685163 0.226441 -0.004542 -0.974014 0.120500 0.029100 1 1 1.000000
  1 1.455926 6.912577 17.711735 0.511272 0.344734 -0.787248 0.089300 0.034300 1 1 1.000000
  1 0.592990 6.471913 17.818789 0.083618 -0.382103 -0.920329 0.342200 0.057100 1 1 1.000000
top
  1 1.344785 7.040019 17.834852 0.696829 0.709617 -0.104274 0.121800 0.027700 1 1 1.000000
  1 1.455926 6.912577 17.711735 0.511272 0.344734 -0.787248 0.089300 0.034300 1 1 1.000000
  1 1.349335 7.013667 17.685163 0.226441 -0.004542 -0.974014 0.120500 0.029100 1 1 1.000000
top
  1 1.344785 7.040019 17.834852 0.696829 0.709617 -0.104274 0.121800 0.027700 1 1 1.000000
  1 1.442475 6.947626 17.859119 0.696838 0.709549 -0.104677 0.093200 0.032500 1 1 1.000000
  1 1.455926 6.912577 17.711735 0.511272 0.344734 -0.787248 0.089300 0.034300 1 1 1.000000
top
  1 -1.348525 6.949628 17.863052 -0.695899 0.710782 -0.102537 0.911100 0.032400 1 1 1.000000
  1 -1.250816 7.041821 17.838556 -0.696108 0.710641 -0.102089 0.882500 0.027600 1 1 1.000000
  1 -1.255765 7.015468 17.688862 -0.514510 0.342624 -0.786059 0.883900 0.029000 1 1 1.000000
top
  1 -1.348525 6.949628 17.863052 -0.695899 0.710782 -0.102537 0.911100 0.032400 1 1 1.000000
  1 -1.255765 7.015468 17.688862 -0.514510 0.342624 -0.786059 0.883900 0.029000 1 1 1.000000
  1 -1.362474 6.914577 17.715761 -0.324155 0.107277 -0.939902 0.915200 0.034200 1 1 1.000000
top
  1 -1.362474 6.914577 17.715761 -0.324155 0.107277 -0.939902 0.915200 0.034200 1 1 1.000000
  1 -1.255765 7.015468 17.688862 -0.514510 0.342624 -0.786059 0.883900 0.029000 1 1 1.000000
  1 -0.509110 6.472714 17.820406 -0.002196 -0.224949 -0.974368 0.665100 0.057100 1 1 1.000000
top
  1 -1.301511 6.456314 17.823439 0.003040 -0.200502 -0.979688 0.897300 0.057900 1 1 1.000000
  1 -1.362474 6.914577 17.715761 -0.324155 0.107277 -0.939902 0.915200 0.034200 1 1 1.000000
  1 -0.509110 6.472714 17.820406 -0.002196 -0.224949 -0.974368 0.665100 0.057100 1 1 1.000000
top
  1 -0.512143 5.993048 17.914572 0.000842 -0.175844 -0.984418 0.666000 0.081900 1 1 1.000000
  1 -1.301511 6.456314 17.823439 0.003040 -0.200502 -0.979688 0.897300 0.057900 1 1 1.000000
  1 -0.509110 6.472714 17.820406 -0.002196 -0.224949 -0.974368 0.665100 0.057100 1 1 1.000000
top
  1 -1.103760 5.691364 17.965172 0.007636 -0.131566 -0.991278 0.839400 0.097500 1 1 1.000000
  1 -1.301511 6.456314 17.823439 0.003040 -0.200502 -0.979688 0.897300 0.057900 1 1 1.000000
  1 -0.512143 5.993048 17.914572 0.000842 -0.175844 -0.984418 0.666000 0.081900 1 1 1.000000
top
  1 0.038725 5.383879 18.006973 0.002043 -0.110140 -0.993914 0.504500 0.113400 1 1 1.000000
  1 -1.103760 5.691364 17.965172 0.007636 -0.131566 -0.991278 0.839400 0.097500 1 1 1.000000
  1 -0.512143 5.993048 17.914572 0.000842 -0.175844 -0.984418 0.666000 0.081900 1 1 1.000000
top
  1 -0.135906 3.770710 18.099371 0.023643 -0.021743 -0.999484 0.555700 0.196900 1 1 1.000000
  1 -1.103760 5.691364 17.965172 0.007636 -0.131566 -0.991278 0.839400 0.097500 1 1 1.000000
  1 0.038725 5.383879 18.006973 0.002043 -0.110140 -0.993914 0.504500 0.113400 1 1 1.000000
top
  1 0.225995 3.770410 18.098894 -0.008701 -0.037211 -0.999269 0.449700 0.196900 1 1 1.000000
  1 -0.135906 3.770710 18.099371 0.023643 -0.021743 -0.999484 0.555700 0.196900 1 1 1.000000
  1 0.038725 5.383879 18.006973 0.002043 -0.110140 -0.993914 0.504500 0.113400 1 1 1.000000
top
  1 0.225995 3.770410 18.098894 -0.008701 -0.037211 -0.999269 0.449700 0.196900 1 1 1.000000
  1 0.151298 2.595709 18.092775 0.037740 0.014855 -0.999177 0.471500 0.257700 1 1 1.000000
  1 -0.135906 3.770710 18.099371 0.023643 -0.021743 -0.999484 0.555700 0.196900 1 1 1.000000
top
  1 0.151298 2.595709 18.092775 0.037740 0.014855 -0.999177 0.471500 0.257700 1 1 1.000000
  1 -0.073396 2.593703 18.075397 0.076881 0.024384 -0.996742 0.537400 0.257800 1 1 1.000000
  1 -0.135906 3.770710 18.099371 0.023643 -0.021743 -0.999484 0.555700 0.196900 1 1 1.000000
top
  1 0.024374 -8.552758 17.016083 0.148084 -0.091400 -0.984742 0.508900 0.834500 1 1 1.000000
  1 0.123959 -8.848644 17.058519 0.148084 -0.091400 -0.984742 0.479700 0.849900 1 1 1.000000
  1 -0.053332 -8.857252 17.032558 0.148084 -0.091400 -0.984742 0.531600 0.850300 1 1 1.000000
top
  1 0.872478 -0.319070 14.961332 0.823396 -0.075703 -0.562395 0.076300 0.719600 1 1 1.000000
  1 0.873030 0.209479 15.101448 0.878272 0.378790 -0.291814 0.114900 0.755100 1 1 1.000000
  1 0.872344 -0.704636 15.348965 0.932938 -0.333053 -0.136754 0.183000 0.693700 1 1 1.000000
top
  1 0.873030 0.209479 15.101448 0.878272 0.378790 -0.291814 0.114900 0.755100 1 1 1.000000
  1 0.873447 0.352361 15.629299 0.877507 0.443252 0.183056 0.260300 0.764700 1 1 1.000000
  1 0.872344 -0.704636 15.348965 0.932938 -0.333053 -0.136754 0.183000 0.693700 1 1 1.000000
top
  1 0.873447 0.352361 15.629299 0.877507 0.443252 0.183056 0.260300 0.764700 1 1 1.000000
  1 0.873214 -0.033205 16.016932 0.877006 0.062795 0.476359 0.367000 0.738800 1 1 1.000000
  1 0.872344 -0.704636 15.348965 0.932938 -0.333053 -0.136754 0.183000 0.693700 1 1 1.000000
top
  1 0.873214 -0.033205 16.016932 0.877006 0.062795 0.476359 0.367000 0.738800 1 1 1.000000
  1 0.872763 -0.561754 15.876814 0.821461 -0.452064 0.347620 0.328400 0.703300 1 1 1.000000
  1 0.872344 -0.704636 15.348965 0.932938 -0.333053 -0.136754 0.183000 0.693700 1 1 1.000000
top
  1 0.644752 -0.177943 14.747905 0.677656 -0.018250 -0.735152 0.017500 0.729100 1 1 1.000000
  1 0.645018 0.193090 14.846276 0.698718 0.311424 -0.644056 0.044700 0.754000 1 1 1.000000
  1 0.872478 -0.319070 14.961332 0.823396 -0.075703 -0.562395 0.076300 0.719600 1 1 1.000000
top
  1 0.644317 -0.548409 14.848233 0.697787 -0.402702 -0.592389 0.045100 0.704200 1 1 1.000000
  1 0.644752 -0.177943 14.747905 0.677656 -0.018250 -0.735152 0.017500 0.729100 1 1 1.000000
  1 0.872478 -0.319070 14.961332 0.823396 -0.075703 -0.562395 0.076300 0.719600 1 1 1.000000
top
  1 0.872344 -0.704636 15.348965 0.932938 -0.333053 -0.136754 0.183000 0.693700 1 1 1.000000
  1 0.644317 -0.548409 14.848233 0.697787 -0.402702 -0.592389 0.045100 0.704200 1 1 1.000000
  1 0.872478 -0.319070 14.961332 0.823396 -0.075703 -0.562395 0.076300 0.719600 1 1 1.000000
top
  1 0.643823 -0.819115 15.120326 0.676219 -0.647304 -0.351745 0.120000 0.686000 1 1 1.000000
  1 0.644317 -0.548409 14.848233 0.697787 -0.402702 -0.592389 0.045100 0.704200 1 1 1.000000
  1 0.872344 -0.704636 15.348965 0.932938 -0.333053 -0.136754 0.183000 0.693700 1 1 1.000000
top
  1 0.642496 -0.917487 15.491359 0.695505 -0.716567 0.052954 0.222200 0.679400 1 1 1.000000
  1 0.643823 -0.819115 15.120326 0.676219 -0.647304 -0.351745 0.120000 0.686000 1 1 1.000000
  1 0.872344 -0.704636 15.348965 0.932938 -0.333053 -0.136754 0.183000 0.693700 1 1 1.000000
top
  1 0.872763 -0.561754 15.876814 0.821461 -0.452064 0.347620 0.328400 0.703300 1 1 1.000000
  1 0.642496 -0.917487 15.491359 0.695505 -0.716567 0.052954 0.222200 0.679400 1 1 1.000000
  1 0.872344 -0.704636 15.348965 0.932938 -0.333053 -0.136754 0.183000 0.693700 1 1 1.000000
top
  1 0.642368 -0.817159 15.861924 0.674234 -0.630635 0.384329 0.324300 0.686100 1 1 1.000000
  1 0.642496 -0.917487 15.491359 0.695505 -0.716567 0.052954 0.222200 0.679400 1 1 1.000000
  1 0.872763 -0.561754 15.876814 0.821461 -0.452064 0.347620 0.328400 0.703300 1 1 1.000000
top
  1 0.642475 -0.545065 16.132530 0.695288 -0.313699 0.646658 0.398800 0.704400 1 1 1.000000
  1 0.642368 -0.817159 15.861924 0.674234 -0.630635 0.384329 0.324300 0.686100 1 1 1.000000
  1 0.872763 -0.561754 15.876814 0.821461 -0.452064 0.347620 0.328400 0.703300 1 1 1.000000
top
  1 0.873214 -0.033205 16.016932 0.877006 0.062795 0.476359 0.367000 0.738800 1 1 1.000000
  1 0.642475 -0.545065 16.132530 0.695288 -0.313699 0.646658 0.398800 0.704400 1 1 1.000000
  1 0.872763 -0.561754 15.876814 0.821461 -0.452064 0.347620 0.328400 0.703300 1 1 1.000000
top
  1 0.642740 -0.174031 16.230902 0.674761 0.016773 0.737845 0.426000 0.729300 1 1 1.000000
  1 0.642475 -0.545065 16.132530 0.695288 -0.313699 0.646658 0.398800 0.704400 1 1 1.000000
  1 0.873214 -0.033205 16.016932 0.877006 0.062795 0.476359 0.367000 0.738800 1 1 1.000000
top
  1 0.643174 0.196534 16.130573 0.696235 0.402538 0.594323 0.398400 0.754200 1 1 1.000000
  1 0.642740 -0.174031 16.230902 0.674761 0.016773 0.737845 0.426000 0.729300 1 1 1.000000
  1 0.873214 -0.033205 16.016932 0.877006 0.062795 0.476359 0.367000 0.738800 1 1 1.000000
top
  1 0.873447 0.352361 15.629299 0.877507 0.443252 0.183056 0.260300 0.764700 1 1 1.000000
  1 0.643174 0.196534 16.130573 0.696235 0.402538 0.594323 0.398400 0.754200 1 1 1.000000
  1 0.873214 -0.033205 16.016932 0.877006 0.062795 0.476359 0.367000 0.738800 1 1 1.000000
top
  1 0.643668 0.467239 15.858481 0.675985 0.646419 0.353817 0.323500 0.772400 1 1 1.000000
  1 0.643174 0.196534 16.130573 0.696235 0.402538 0.594323 0.398400 0.754200 1 1 1.000000
  1 0.873447 0.352361 15.629299 0.877507 0.443252 0.183056 0.260300 0.764700 1 1 1.000000
top
  1 0.643996 0.565611 15.487447 0.697700 0.714572 -0.050997 0.221300 0.779000 1 1 1.000000
  1 0.643668 0.467239 15.858481 0.675985 0.646419 0.353817 0.323500 0.772400 1 1 1.000000
  1 0.873447 0.352361 15.629299 0.877507 0.443252 0.183056 0.260300 0.764700 1 1 1.000000
top
  1 0.873030 0.209479 15.101448 0.878272 0.378790 -0.291814 0.114900 0.755100 1 1 1.000000
  1 0.643996 0.565611 15.487447 0.697700 0.714572 -0.050997 0.221300 0.779000 1 1 1.000000
  1 0.873447 0.352361 15.629299 0.877507 0.443252 0.183056 0.260300 0.764700 1 1 1.000000
top
  1 0.645124 0.465183 15.116983 0.678516 0.627648 -0.381672 0.119200 0.772300 1 1 1.000000
  1 0.643996 0.565611 15.487447 0.697700 0.714572 -0.050997 0.221300 0.779000 1 1 1.000000
  1 0.873030 0.209479 15.101448 0.878272 0.378790 -0.291814 0.114900 0.755100 1 1 1.000000
top
  1 0.645018 0.193090 14.846276 0.698718 0.311424 -0.644056 0.044700 0.754000 1 1 1.000000
  1 0.645124 0.465183 15.116983 0.678516 0.627648 -0.381672 0.119200 0.772300 1 1 1.000000
  1 0.873030 0.209479 15.101448 0.878272 0.378790 -0.291814 0.114900 0.755100 1 1 1.000000
top
  1 0.872478 -0.319070 14.961332 0.823396 -0.075703 -0.562395 0.076300 0.719600 1 1 1.000000
  1 0.645018 0.193090 14.846276 0.698718 0.311424 -0.644056 0.044700 0.754000 1 1 1.000000
  1 0.873030 0.209479 15.101448 0.878272 0.378790 -0.291814 0.114900 0.755100 1 1 1.000000
top
  1 -0.811555 -0.703536 15.351384 -0.906061 -0.419706 -0.053855 0.183800 0.693800 1 1 1.000000
  1 -0.811271 0.210679 15.103868 -0.947903 0.194236 -0.252492 0.115700 0.755200 1 1 1.000000
  1 -0.811822 -0.317870 14.963750 -0.862968 -0.193745 -0.466636 0.077100 0.719700 1 1 1.000000
top
  1 -0.810738 -0.560554 15.879233 -0.906292 -0.255791 0.336459 0.329200 0.703400 1 1 1.000000
  1 -0.811271 0.210679 15.103868 -0.947903 0.194236 -0.252492 0.115700 0.755200 1 1 1.000000
  1 -0.811555 -0.703536 15.351384 -0.906061 -0.419706 -0.053855 0.183800 0.693800 1 1 1.000000
top
  1 -0.810086 -0.032005 16.019350 -0.905871 0.163467 0.390739 0.367800 0.738900 1 1 1.000000
  1 -0.811271 0.210679 15.103868 -0.947903 0.194236 -0.252492 0.115700 0.755200 1 1 1.000000
  1 -0.810738 -0.560554 15.879233 -0.906292 -0.255791 0.336459 0.329200 0.703400 1 1 1.000000
top
  1 -0.810353 0.353561 15.631618 -0.862914 0.501149 0.065029 0.261100 0.764800 1 1 1.000000
  1 -0.811271 0.210679 15.103868 -0.947903 0.194236 -0.252492 0.115700 0.755200 1 1 1.000000
  1 -0.810086 -0.032005 16.019350 -0.905871 0.163467 0.390739 0.367800 0.738900 1 1 1.000000
top
  1 -0.621849 -0.177044 14.749766 -0.760721 0.041805 -0.647731 0.018200 0.729200 1 1 1.000000
  1 -0.811271 0.210679 15.103868 -0.947903 0.194236 -0.252492 0.115700 0.755200 1 1 1.000000
  1 -0.621483 0.193990 14.848039 -0.741568 0.349003 -0.572952 0.045300 0.754100 1 1 1.000000
top
  1 -0.621483 0.193990 14.848039 -0.741568 0.349003 -0.572952 0.045300 0.754100 1 1 1.000000
  1 -0.811271 0.210679 15.103868 -0.947903 0.194236 -0.252492 0.115700 0.755200 1 1 1.000000
  1 -0.621376 0.466084 15.118745 -0.760680 0.581401 -0.288683 0.119900 0.772400 1 1 1.000000
top
  1 -0.811271 0.210679 15.103868 -0.947903 0.194236 -0.252492 0.115700 0.755200 1 1 1.000000
  1 -0.810353 0.353561 15.631618 -0.862914 0.501149 0.065029 0.261100 0.764800 1 1 1.000000
  1 -0.621376 0.466084 15.118745 -0.760680 0.581401 -0.288683 0.119900 0.772400 1 1 1.000000
top
  1 -0.621376 0.466084 15.118745 -0.760680 0.581401 -0.288683 0.119900 0.772400 1 1 1.000000
  1 -0.810353 0.353561 15.631618 -0.862914 0.501149 0.065029 0.261100 0.764800 1 1 1.000000
  1 -0.621604 0.566412 15.489310 -0.742956 0.669174 0.014931 0.221900 0.779100 1 1 1.000000
top
  1 -0.621604 0.566412 15.489310 -0.742956 0.669174 0.014931 0.221900 0.779100 1 1 1.000000
  1 -0.810353 0.353561 15.631618 -0.862914 0.501149 0.065029 0.261100 0.764800 1 1 1.000000
  1 -0.621932 0.468040 15.860343 -0.762297 0.539640 0.357339 0.324100 0.772500 1 1 1.000000
top
  1 -0.810353 0.353561 15.631618 -0.862914 0.501149 0.065029 0.261100 0.764800 1 1 1.000000
  1 -0.810086 -0.032005 16.019350 -0.905871 0.163467 0.390739 0.367800 0.738900 1 1 1.000000
  1 -0.621932 0.468040 15.860343 -0.762297 0.539640 0.357339 0.324100 0.772500 1 1 1.000000
top
  1 -0.621932 0.468040 15.860343 -0.762297 0.539640 0.357339 0.324100 0.772500 1 1 1.000000
  1 -0.810086 -0.032005 16.019350 -0.905871 0.163467 0.390739 0.367800 0.738900 1 1 1.000000
  1 -0.622325 0.197334 16.132437 -0.744793 0.320996 0.585017 0.399000 0.754300 1 1 1.000000
top
  1 -0.622325 0.197334 16.132437 -0.744793 0.320996 0.585017 0.399000 0.754300 1 1 1.000000
  1 -0.810086 -0.032005 16.019350 -0.905871 0.163467 0.390739 0.367800 0.738900 1 1 1.000000
  1 -0.622860 -0.173132 16.232763 -0.763720 -0.039131 0.644360 0.426600 0.729400 1 1 1.000000
top
  1 -0.810086 -0.032005 16.019350 -0.905871 0.163467 0.390739 0.367800 0.738900 1 1 1.000000
  1 -0.810738 -0.560554 15.879233 -0.906292 -0.255791 0.336459 0.329200 0.703400 1 1 1.000000
  1 -0.622860 -0.173132 16.232763 -0.763720 -0.039131 0.644360 0.426600 0.729400 1 1 1.000000
top
  1 -0.622860 -0.173132 16.232763 -0.763720 -0.039131 0.644360 0.426600 0.729400 1 1 1.000000
  1 -0.810738 -0.560554 15.879233 -0.906292 -0.255791 0.336459 0.329200 0.703400 1 1 1.000000
  1 -0.623126 -0.544166 16.134392 -0.745177 -0.346398 0.569842 0.399500 0.704500 1 1 1.000000
top
  1 -0.623126 -0.544166 16.134392 -0.745177 -0.346398 0.569842 0.399500 0.704500 1 1 1.000000
  1 -0.810738 -0.560554 15.879233 -0.906292 -0.255791 0.336459 0.329200 0.703400 1 1 1.000000
  1 -0.623232 -0.816259 15.863687 -0.763549 -0.578212 0.287513 0.324900 0.686200 1 1 1.000000
top
  1 -0.810738 -0.560554 15.879233 -0.906292 -0.255791 0.336459 0.329200 0.703400 1 1 1.000000
  1 -0.811555 -0.703536 15.351384 -0.906061 -0.419706 -0.053855 0.183800 0.693800 1 1 1.000000
  1 -0.623232 -0.816259 15.863687 -0.763549 -0.578212 0.287513 0.324900 0.686200 1 1 1.000000
top
  1 -0.623232 -0.816259 15.863687 -0.763549 -0.578212 0.287513 0.324900 0.686200 1 1 1.000000
  1 -0.811555 -0.703536 15.351384 -0.906061 -0.419706 -0.053855 0.183800 0.693800 1 1 1.000000
  1 -0.623104 -0.916587 15.493222 -0.743755 -0.668265 -0.015821 0.222900 0.679500 1 1 1.000000
top
  1 -0.623104 -0.916587 15.493222 -0.743755 -0.668265 -0.015821 0.222900 0.679500 1 1 1.000000
  1 -0.811555 -0.703536 15.351384 -0.906061 -0.419706 -0.053855 0.183800 0.693800 1 1 1.000000
  1 -0.622676 -0.818215 15.122188 -0.762040 -0.538903 -0.358996 0.120700 0.686100 1 1 1.000000
top
  1 -0.811555 -0.703536 15.351384 -0.906061 -0.419706 -0.053855 0.183800 0.693800 1 1 1.000000
  1 -0.811822 -0.317870 14.963750 -0.862968 -0.193745 -0.466636 0.077100 0.719700 1 1 1.000000
  1 -0.622676 -0.818215 15.122188 -0.762040 -0.538903 -0.358996 0.120700 0.686100 1 1 1.000000
top
  1 -0.622676 -0.818215 15.122188 -0.762040 -0.538903 -0.358996 0.120700 0.686100 1 1 1.000000
  1 -0.811822 -0.317870 14.963750 -0.862968 -0.193745 -0.466636 0.077100 0.719700 1 1 1.000000
  1 -0.622283 -0.547509 14.850095 -0.741978 -0.321108 -0.588522 0.045800 0.704300 1 1 1.000000
top
  1 -0.622283 -0.547509 14.850095 -0.741978 -0.321108 -0.588522 0.045800 0.704300 1 1 1.000000
  1 -0.811822 -0.317870 14.963750 -0.862968 -0.193745 -0.466636 0.077100 0.719700 1 1 1.000000
  1 -0.621849 -0.177044 14.749766 -0.760721 0.041805 -0.647731 0.018200 0.729200 1 1 1.000000
top
  1 -0.811822 -0.317870 14.963750 -0.862968 -0.193745 -0.466636 0.077100 0.719700 1 1 1.000000
  1 -0.811271 0.210679 15.103868 -0.947903 0.194236 -0.252492 0.115700 0.755200 1 1 1.000000
  1 -0.621849 -0.177044 14.749766 -0.760721 0.041805 -0.647731 0.018200 0.729200 1 1 1.000000
top
  1 -0.043327 1.397936 19.034521 0.145526 0.879475 0.453150 0.528500 0.319700 1 1 1.000000
  1 0.133879 1.375630 19.018290 0.152100 0.877839 0.454164 0.476600 0.320800 1 1 1.000000
  1 0.133203 1.712405 18.367575 0.153861 0.712865 0.684215 0.476800 0.303400 1 1 1.000000
top
  1 -0.043327 1.397936 19.034521 0.145526 0.879475 0.453150 0.528500 0.319700 1 1 1.000000
  1 0.133203 1.712405 18.367575 0.153861 0.712865 0.684215 0.476800 0.303400 1 1 1.000000
  1 -0.044004 1.729812 18.388006 0.099096 0.474094 0.874880 0.528800 0.302500 1 1 1.000000
top
  1 -0.044004 1.729812 18.388006 0.099096 0.474094 0.874880 0.528800 0.302500 1 1 1.000000
  1 0.133203 1.712405 18.367575 0.153861 0.712865 0.684215 0.476800 0.303400 1 1 1.000000
  1 0.113665 2.610042 18.187857 0.045152 0.122856 0.991397 0.482600 0.256900 1 1 1.000000
top
  1 -0.044004 1.729812 18.388006 0.099096 0.474094 0.874880 0.528800 0.302500 1 1 1.000000
  1 0.113665 2.610042 18.187857 0.045152 0.122856 0.991397 0.482600 0.256900 1 1 1.000000
  1 -0.035435 2.610143 18.188105 0.001249 0.038217 0.999269 0.526300 0.256900 1 1 1.000000
top
  1 0.113665 2.610042 18.187857 0.045152 0.122856 0.991397 0.482600 0.256900 1 1 1.000000
  1 0.213042 3.772162 18.250290 0.007272 0.001979 0.999972 0.453400 0.196800 1 1 1.000000
  1 -0.035435 2.610143 18.188105 0.001249 0.038217 0.999269 0.526300 0.256900 1 1 1.000000
top
  1 -0.122458 3.772363 18.250772 -0.006450 0.020664 0.999766 0.551800 0.196800 1 1 1.000000
  1 -0.035435 2.610143 18.188105 0.001249 0.038217 0.999269 0.526300 0.256900 1 1 1.000000
  1 0.213042 3.772162 18.250290 0.007272 0.001979 0.999972 0.453400 0.196800 1 1 1.000000
top
  1 0.213042 3.772162 18.250290 0.007272 0.001979 0.999972 0.453400 0.196800 1 1 1.000000
  1 0.039773 5.388632 18.158871 -0.002342 0.109424 0.993992 0.504200 0.113200 1 1 1.000000
  1 -0.122458 3.772363 18.250772 -0.006450 0.020664 0.999766 0.551800 0.196800 1 1 1.000000
top
  1 0.213042 3.772162 18.250290 0.007272 0.001979 0.999972 0.453400 0.196800 1 1 1.000000
  1 1.183789 5.716715 18.110954 -0.010444 0.156342 0.987648 0.169000 0.096200 1 1 1.000000
  1 0.039773 5.388632 18.158871 -0.002342 0.109424 0.993992 0.504200 0.113200 1 1 1.000000
top
  1 1.183789 5.716715 18.110954 -0.010444 0.156342 0.987648 0.169000 0.096200 1 1 1.000000
  1 0.596116 6.007587 18.033350 -0.560585 0.149588 0.814474 0.341200 0.081100 1 1 1.000000
  1 0.039773 5.388632 18.158871 -0.002342 0.109424 0.993992 0.504200 0.113200 1 1 1.000000
top
  1 1.183789 5.716715 18.110954 -0.010444 0.156342 0.987648 0.169000 0.096200 1 1 1.000000
  1 1.381639 6.489064 17.967054 -0.009944 0.185306 0.982630 0.111000 0.056200 1 1 1.000000
  1 0.596116 6.007587 18.033350 -0.560585 0.149588 0.814474 0.341200 0.081100 1 1 1.000000
top
  1 1.381639 6.489064 17.967054 -0.009944 0.185306 0.982630 0.111000 0.056200 1 1 1.000000
  1 0.596040 6.518363 17.963573 -0.163423 0.212428 0.963414 0.341200 0.054700 1 1 1.000000
  1 0.596116 6.007587 18.033350 -0.560585 0.149588 0.814474 0.341200 0.081100 1 1 1.000000
top
  1 1.381639 6.489064 17.967054 -0.009944 0.185306 0.982630 0.111000 0.056200 1 1 1.000000
  1 1.442475 6.947626 17.859119 -0.000797 0.237987 0.971268 0.093200 0.032500 1 1 1.000000
  1 0.596040 6.518363 17.963573 -0.163423 0.212428 0.963414 0.341200 0.054700 1 1 1.000000
top
  1 1.442475 6.947626 17.859119 -0.000797 0.237987 0.971268 0.093200 0.032500 1 1 1.000000
  1 1.344785 7.040019 17.834852 -0.001870 0.639670 0.768647 0.121800 0.027700 1 1 1.000000
  1 0.596040 6.518363 17.963573 -0.163423 0.212428 0.963414 0.341200 0.054700 1 1 1.000000
top
  1 -1.250816 7.041821 17.838556 0.003548 0.724089 0.689698 0.882500 0.027600 1 1 1.000000
  1 0.596040 6.518363 17.963573 -0.163423 0.212428 0.963414 0.341200 0.054700 1 1 1.000000
  1 1.344785 7.040019 17.834852 -0.001870 0.639670 0.768647 0.121800 0.027700 1 1 1.000000
top
  1 -0.503760 6.519164 17.965193 0.379471 0.206114 0.901953 0.663500 0.054700 1 1 1.000000
  1 0.596040 6.518363 17.963573 -0.163423 0.212428 0.963414 0.341200 0.054700 1 1 1.000000
  1 -1.250816 7.041821 17.838556 0.003548 0.724089 0.689698 0.882500 0.027600 1 1 1.000000
top
  1 -1.250816 7.041821 17.838556 0.003548 0.724089 0.689698 0.882500 0.027600 1 1 1.000000
  1 -1.348525 6.949628 17.863052 0.003852 0.238018 0.971253 0.911100 0.032400 1 1 1.000000
  1 -0.503760 6.519164 17.965193 0.379471 0.206114 0.901953 0.663500 0.054700 1 1 1.000000
top
  1 -1.348525 6.949628 17.863052 0.003852 0.238018 0.971253 0.911100 0.032400 1 1 1.000000
  1 -1.288062 6.490967 17.970833 -0.003038 0.200790 0.979630 0.893400 0.056100 1 1 1.000000
  1 -0.503760 6.519164 17.965193 0.379471 0.206114 0.901953 0.663500 0.054700 1 1 1.000000
top
  1 -1.288062 6.490967 17.970833 -0.003038 0.200790 0.979630 0.893400 0.056100 1 1 1.000000
  1 -0.501794 6.014899 18.064468 0.321595 0.167418 0.931959 0.663000 0.080800 1 1 1.000000
  1 -0.503760 6.519164 17.965193 0.379471 0.206114 0.901953 0.663500 0.054700 1 1 1.000000
top
  1 -1.288062 6.490967 17.970833 -0.003038 0.200790 0.979630 0.893400 0.056100 1 1 1.000000
  1 -1.090811 5.718315 18.114168 -0.008142 0.131285 0.991311 0.835600 0.096100 1 1 1.000000
  1 -0.501794 6.014899 18.064468 0.321595 0.167418 0.931959 0.663000 0.080800 1 1 1.000000
top
  1 -1.090811 5.718315 18.114168 -0.008142 0.131285 0.991311 0.835600 0.096100 1 1 1.000000
  1 0.039773 5.388632 18.158871 -0.002342 0.109424 0.993992 0.504200 0.113200 1 1 1.000000
  1 -0.501794 6.014899 18.064468 0.321595 0.167418 0.931959 0.663000 0.080800 1 1 1.000000
top
  1 -1.090811 5.718315 18.114168 -0.008142 0.131285 0.991311 0.835600 0.096100 1 1 1.000000
  1 -0.122458 3.772363 18.250772 -0.006450 0.020664 0.999766 0.551800 0.196800 1 1 1.000000
  1 0.039773 5.388632 18.158871 -0.002342 0.109424 0.993992 0.504200 0.113200 1 1 1.000000
top
  1 0.596040 6.518363 17.963573 -0.163423 0.212428 0.963414 0.341200 0.054700 1 1 1.000000
  1 -0.503760 6.519164 17.965193 0.379471 0.206114 0.901953 0.663500 0.054700 1 1 1.000000
  1 0.044821 6.263183 18.018070 0.001764 0.205284 0.978701 0.502800 0.067900 1 1 1.000000
top
  1 -0.084972 -0.375220 17.424719 -0.000327 0.311772 0.950157 0.540900 0.411400 1 1 1.000000
  1 0.142628 -0.375520 17.424898 -0.000333 0.311799 0.950148 0.474200 0.411400 1 1 1.000000
  1 -0.084271 0.037979 17.423477 -0.001020 -0.305702 0.952127 0.540700 0.390000 1 1 1.000000
top
  1 -0.084271 0.037979 17.423477 -0.001020 -0.305702 0.952127 0.540700 0.390000 1 1 1.000000
  1 0.142628 -0.375520 17.424898 -0.000333 0.311799 0.950148 0.474200 0.411400 1 1 1.000000
  1 0.144129 0.037779 17.423656 -0.001020 -0.306562 0.951850 0.473700 0.390000 1 1 1.000000
top
  1 0.144129 0.037779 17.423656 -0.001020 -0.306562 0.951850 0.473700 0.390000 1 1 1.000000
  1 0.144645 0.372763 17.665541 -0.000839 -0.739042 0.673659 0.473600 0.372700 1 1 1.000000
  1 -0.084271 0.037979 17.423477 -0.001020 -0.305702 0.952127 0.540700 0.390000 1 1 1.000000
top
  1 0.144645 0.372763 17.665541 -0.000839 -0.739042 0.673659 0.473600 0.372700 1 1 1.000000
  1 -0.082455 0.372963 17.665361 -0.001699 -0.866129 0.499817 0.540100 0.372700 1 1 1.000000
  1 -0.084271 0.037979 17.423477 -0.001020 -0.305702 0.952127 0.540700 0.390000 1 1 1.000000
top
  1 -0.082455 0.372963 17.665361 -0.001699 -0.866129 0.499817 0.540100 0.372700 1 1 1.000000
  1 0.144645 0.372763 17.665541 -0.000839 -0.739042 0.673659 0.473600 0.372700 1 1 1.000000
  1 0.145711 0.501599 18.058197 -0.000791 -0.999994 0.003239 0.473200 0.366000 1 1 1.000000
top
  1 0.145711 0.501599 18.058197 -0.000791 -0.999994 0.003239 0.473200 0.366000 1 1 1.000000
  1 -0.084289 0.501899 18.058016 -0.000624 -0.999995 0.003055 0.540600 0.366000 1 1 1.000000
  1 -0.082455 0.372963 17.665361 -0.001699 -0.866129 0.499817 0.540100 0.372700 1 1 1.000000
top
  1 0.145711 0.501599 18.058197 -0.000791 -0.999994 0.003239 0.473200 0.366000 1 1 1.000000
  1 -0.083725 0.375334 18.451460 -0.000527 -0.869073 -0.494683 0.540400 0.372600 1 1 1.000000
  1 -0.084289 0.501899 18.058016 -0.000624 -0.999995 0.003055 0.540600 0.366000 1 1 1.000000
top
  1 0.145375 0.375134 18.451540 -0.000275 -0.743049 -0.669237 0.473300 0.372600 1 1 1.000000
  1 -0.083725 0.375334 18.451460 -0.000527 -0.869073 -0.494683 0.540400 0.372600 1 1 1.000000
  1 0.145711 0.501599 18.058197 -0.000791 -0.999994 0.003239 0.473200 0.366000 1 1 1.000000
top
  1 0.145375 0.375134 18.451540 -0.000275 -0.743049 -0.669237 0.473300 0.372600 1 1 1.000000
  1 -0.080909 0.041719 18.695276 -0.017381 -0.412524 -0.910781 0.539600 0.389900 1 1 1.000000
  1 -0.083725 0.375334 18.451460 -0.000527 -0.869073 -0.494683 0.540400 0.372600 1 1 1.000000
top
  1 0.144494 0.057115 18.684050 -0.017075 -0.216704 -0.976088 0.473500 0.389100 1 1 1.000000
  1 -0.080909 0.041719 18.695276 -0.017381 -0.412524 -0.910781 0.539600 0.389900 1 1 1.000000
  1 0.145375 0.375134 18.451540 -0.000275 -0.743049 -0.669237 0.473300 0.372600 1 1 1.000000
top
  1 0.144494 0.057115 18.684050 -0.017075 -0.216704 -0.976088 0.473500 0.389100 1 1 1.000000
  1 -0.079109 -0.371481 18.696520 -0.012343 0.299923 -0.953883 0.539000 0.411200 1 1 1.000000
  1 -0.080909 0.041719 18.695276 -0.017381 -0.412524 -0.910781 0.539600 0.389900 1 1 1.000000
top
  1 -0.079109 -0.371481 18.696520 -0.012343 0.299923 -0.953883 0.539000 0.411200 1 1 1.000000
  1 0.144494 0.057115 18.684050 -0.017075 -0.216704 -0.976088 0.473500 0.389100 1 1 1.000000
  1 0.143791 -0.371681 18.696695 0.000920 0.293627 -0.955920 0.473700 0.411300 1 1 1.000000
top
  1 -0.079109 -0.371481 18.696520 -0.012343 0.299923 -0.953883 0.539000 0.411200 1 1 1.000000
  1 0.143791 -0.371681 18.696695 0.000920 0.293627 -0.955920 0.473700 0.411300 1 1 1.000000
  1 0.138875 -0.706764 18.454811 0.001227 0.739045 -0.673655 0.475200 0.428600 1 1 1.000000
top
  1 0.138875 -0.706764 18.454811 0.001227 0.739045 -0.673655 0.475200 0.428600 1 1 1.000000
  1 -0.075226 -0.706564 18.454638 0.000058 0.866141 -0.499799 0.537900 0.428600 1 1 1.000000
  1 -0.079109 -0.371481 18.696520 -0.012343 0.299923 -0.953883 0.539000 0.411200 1 1 1.000000
top
  1 0.133702 -0.828192 18.084652 -0.017397 0.999792 -0.010647 0.476700 0.434900 1 1 1.000000
  1 -0.075226 -0.706564 18.454638 0.000058 0.866141 -0.499799 0.537900 0.428600 1 1 1.000000
  1 0.138875 -0.706764 18.454811 0.001227 0.739045 -0.673655 0.475200 0.428600 1 1 1.000000
top
  1 -0.075226 -0.706564 18.454638 0.000058 0.866141 -0.499799 0.537900 0.428600 1 1 1.000000
  1 0.133702 -0.828192 18.084652 -0.017397 0.999792 -0.010647 0.476700 0.434900 1 1 1.000000
  1 -0.071590 -0.835700 18.061182 -0.035997 0.999349 -0.002171 0.536900 0.435200 1 1 1.000000
top
  1 -0.071590 -0.835700 18.061182 -0.035997 0.999349 -0.002171 0.536900 0.435200 1 1 1.000000
  1 0.133702 -0.828192 18.084652 -0.017397 0.999792 -0.010647 0.476700 0.434900 1 1 1.000000
  1 -0.078756 -0.708836 17.668636 -0.018139 0.814821 0.579429 0.539000 0.428700 1 1 1.000000
top
  1 0.137944 -0.709136 17.668812 0.000502 0.820031 0.572318 0.475500 0.428700 1 1 1.000000
  1 -0.078756 -0.708836 17.668636 -0.018139 0.814821 0.579429 0.539000 0.428700 1 1 1.000000
  1 0.133702 -0.828192 18.084652 -0.017397 0.999792 -0.010647 0.476700 0.434900 1 1 1.000000
top
  1 -0.078756 -0.708836 17.668636 -0.018139 0.814821 0.579429 0.539000 0.428700 1 1 1.000000
  1 0.137944 -0.709136 17.668812 0.000502 0.820031 0.572318 0.475500 0.428700 1 1 1.000000
  1 0.142628 -0.375520 17.424898 -0.000333 0.311799 0.950148 0.474200 0.411400 1 1 1.000000
top
  1 0.142628 -0.375520 17.424898 -0.000333 0.311799 0.950148 0.474200 0.411400 1 1 1.000000
  1 -0.084972 -0.375220 17.424719 -0.000327 0.311772 0.950157 0.540900 0.411400 1 1 1.000000
  1 -0.078756 -0.708836 17.668636 -0.018139 0.814821 0.579429 0.539000 0.428700 1 1 1.000000
top
  1 0.025416 -7.369900 17.183674 0.190529 -0.303925 -0.933450 0.508500 0.773300 1 1 1.000000
  1 0.125046 -7.923631 17.384300 0.190529 -0.303925 -0.933450 0.479300 0.802000 1 1 1.000000
  1 -0.052240 -7.912945 17.344635 0.190529 -0.303925 -0.933450 0.531300 0.801400 1 1 1.000000
top
  1 0.026065 -6.737650 17.328653 0.144659 -0.148097 -0.978336 0.508300 0.740600 1 1 1.000000
  1 0.125529 -7.334414 17.433697 0.144659 -0.148097 -0.978336 0.479200 0.771500 1 1 1.000000
  1 -0.051761 -7.314224 17.404428 0.144659 -0.148097 -0.978336 0.531100 0.770500 1 1 1.000000
blade
  1 -0.052240 -7.912945 17.344635 0.141779 0.911557 -0.385957 0.084100 0.487200 1 1 1.000000
  1 0.125046 -7.923631 17.384300 0.915670 0.371953 -0.152313 0.083500 0.497400 1 1 1.000000
  1 0.024848 -8.032933 17.089603 0.141779 0.911557 -0.385957 0.076800 0.421300 1 1 1.000000
blade
  1 -0.053332 -8.857252 17.032558 0.146500 -0.547042 -0.824186 0.026400 0.406500 1 1 1.000000
  1 0.124001 -9.101186 17.226105 0.860386 -0.264559 -0.435596 0.011400 0.456500 1 1 1.000000
  1 -0.053293 -9.123291 17.209150 0.147027 -0.547012 -0.824112 0.010100 0.452100 1 1 1.000000
blade
  1 -0.053332 -8.857252 17.032558 0.146500 -0.547042 -0.824186 0.026400 0.406500 1 1 1.000000
  1 0.123959 -8.848644 17.058519 0.780367 -0.345674 -0.521092 0.026900 0.413200 1 1 1.000000
  1 0.124001 -9.101186 17.226105 0.860386 -0.264559 -0.435596 0.011400 0.456500 1 1 1.000000
blade
  1 0.123959 -8.848644 17.058519 0.780367 -0.345674 -0.521092 0.026900 0.413200 1 1 1.000000
  1 0.102197 -8.580379 17.239220 0.999885 0.013993 0.005756 0.043300 0.459900 1 1 1.000000
  1 0.124001 -9.101186 17.226105 0.860386 -0.264559 -0.435596 0.011400 0.456500 1 1 1.000000
blade
  1 0.124001 -9.101186 17.226105 0.860386 -0.264559 -0.435596 0.011400 0.456500 1 1 1.000000
  1 0.102197 -8.580379 17.239220 0.999885 0.013993 0.005756 0.043300 0.459900 1 1 1.000000
  1 0.127175 -7.059258 18.461601 0.999967 -0.000212 -0.008120 0.136400 0.775800 1 1 1.000000
blade
  1 0.127175 -7.059258 18.461601 0.999967 -0.000212 -0.008120 0.136400 0.775800 1 1 1.000000
  1 0.102197 -8.580379 17.239220 0.999885 0.013993 0.005756 0.043300 0.459900 1 1 1.000000
  1 0.125046 -7.923631 17.384300 0.915670 0.371953 -0.152313 0.083500 0.497400 1 1 1.000000
blade
  1 0.127175 -7.059258 18.461601 0.999967 -0.000212 -0.008120 0.136400 0.775800 1 1 1.000000
  1 0.125046 -7.923631 17.384300 0.915670 0.371953 -0.152313 0.083500 0.497400 1 1 1.000000
  1 0.125529 -7.334414 17.433697 0.999999 -0.000715 -0.001409 0.119600 0.510200 1 1 1.000000
blade
  1 0.125529 -7.334414 17.433697 0.999999 -0.000715 -0.001409 0.119600 0.510200 1 1 1.000000
  1 0.126087 -6.810472 17.555115 0.999999 -0.000703 -0.001417 0.151600 0.541700 1 1 1.000000
  1 0.127175 -7.059258 18.461601 0.999967 -0.000212 -0.008120 0.136400 0.775800 1 1 1.000000
blade
  1 0.127175 -7.059258 18.461601 0.999967 -0.000212 -0.008120 0.136400 0.775800 1 1 1.000000
  1 0.126087 -6.810472 17.555115 0.999999 -0.000703 -0.001417 0.151600 0.541700 1 1 1.000000
  1 0.129523 -4.552710 18.897135 0.999995 -0.002321 -0.002236 0.289800 0.888500 1 1 1.000000
blade
  1 0.129523 -4.552710 18.897135 0.999995 -0.002321 -0.002236 0.289800 0.888500 1 1 1.000000
  1 0.126087 -6.810472 17.555115 0.999999 -0.000703 -0.001417 0.151600 0.541700 1 1 1.000000
  1 0.128066 -3.718453 17.611446 0.999997 -0.001267 -0.002177 0.340900 0.556500 1 1 1.000000
blade
  1 0.128066 -3.718453 17.611446 0.999997 -0.001267 -0.002177 0.340900 0.556500 1 1 1.000000
  1 0.133702 -0.828192 18.084652 0.999972 -0.006600 -0.003557 0.517800 0.679000 1 1 1.000000
  1 0.129523 -4.552710 18.897135 0.999995 -0.002321 -0.002236 0.289800 0.888500 1 1 1.000000
blade
  1 0.129017 -1.628206 17.172426 0.999992 -0.002117 -0.003279 0.468800 0.443300 1 1 1.000000
  1 0.133702 -0.828192 18.084652 0.999972 -0.006600 -0.003557 0.517800 0.679000 1 1 1.000000
  1 0.128066 -3.718453 17.611446 0.999997 -0.001267 -0.002177 0.340900 0.556500 1 1 1.000000
blade
  1 0.133702 -0.828192 18.084652 0.999972 -0.006600 -0.003557 0.517800 0.679000 1 1 1.000000
  1 0.129017 -1.628206 17.172426 0.999992 -0.002117 -0.003279 0.468800 0.443300 1 1 1.000000
  1 0.128524 -1.291616 16.568710 0.999410 -0.026495 0.021875 0.489400 0.287400 1 1 1.000000
blade
  1 0.137944 -0.709136 17.668812 0.999832 -0.016869 0.007210 0.525100 0.571600 1 1 1.000000
  1 0.133702 -0.828192 18.084652 0.999972 -0.006600 -0.003557 0.517800 0.679000 1 1 1.000000
  1 0.128524 -1.291616 16.568710 0.999410 -0.026495 0.021875 0.489400 0.287400 1 1 1.000000
blade
  1 0.137944 -0.709136 17.668812 0.999832 -0.016869 0.007210 0.525100 0.571600 1 1 1.000000
  1 0.128524 -1.291616 16.568710 0.999410 -0.026495 0.021875 0.489400 0.287400 1 1 1.000000
  1 0.155519 -0.142611 16.583422 0.999670 -0.001397 0.025660 0.559800 0.291300 1 1 1.000000
blade
  1 0.137944 -0.709136 17.668812 0.999832 -0.016869 0.007210 0.525100 0.571600 1 1 1.000000
  1 0.155519 -0.142611 16.583422 0.999670 -0.001397 0.025660 0.559800 0.291300 1 1 1.000000
  1 0.142628 -0.375520 17.424898 0.999891 -0.003570 0.014330 0.545500 0.508600 1 1 1.000000
blade
  1 0.144129 0.037779 17.423656 0.999889 0.014697 -0.002321 0.570800 0.508300 1 1 1.000000
  1 0.142628 -0.375520 17.424898 0.999891 -0.003570 0.014330 0.545500 0.508600 1 1 1.000000
  1 0.155519 -0.142611 16.583422 0.999670 -0.001397 0.025660 0.559800 0.291300 1 1 1.000000
blade
  1 0.144129 0.037779 17.423656 0.999889 0.014697 -0.002321 0.570800 0.508300 1 1 1.000000
  1 0.155519 -0.142611 16.583422 0.999670 -0.001397 0.025660 0.559800 0.291300 1 1 1.000000
  1 0.108952 1.352456 17.067190 0.999644 0.025214 -0.008721 0.651300 0.416400 1 1 1.000000
blade
  1 0.144645 0.372763 17.665541 0.999503 0.023771 -0.020701 0.591300 0.570800 1 1 1.000000
  1 0.144129 0.037779 17.423656 0.999889 0.014697 -0.002321 0.570800 0.508300 1 1 1.000000
  1 0.108952 1.352456 17.067190 0.999644 0.025214 -0.008721 0.651300 0.416400 1 1 1.000000
blade
  1 0.124459 -9.245843 17.639954 0.999999 -0.000731 -0.001360 0.002600 0.563400 1 1 1.000000
  1 0.124001 -9.101186 17.226105 0.860386 -0.264559 -0.435596 0.011400 0.456500 1 1 1.000000
  1 0.127175 -7.059258 18.461601 0.999967 -0.000212 -0.008120 0.136400 0.775800 1 1 1.000000
blade
  1 0.155519 -0.142611 16.583422 0.999670 -0.001397 0.025660 0.559800 0.291300 1 1 1.000000
  1 0.151783 0.493224 16.395601 0.997522 0.067508 0.019822 0.598700 0.242800 1 1 1.000000
  1 0.108952 1.352456 17.067190 0.999644 0.025214 -0.008721 0.651300 0.416400 1 1 1.000000
blade
  1 0.108952 1.352456 17.067190 0.999644 0.025214 -0.008721 0.651300 0.416400 1 1 1.000000
  1 0.151783 0.493224 16.395601 0.997522 0.067508 0.019822 0.598700 0.242800 1 1 1.000000
  1 0.107700 0.974107 16.345018 0.995686 0.092310 0.009393 0.628100 0.229800 1 1 1.000000
blade
  1 0.151783 0.493224 16.395601 0.997522 0.067508 0.019822 0.598700 0.242800 1 1 1.000000
  1 0.150255 0.842652 15.895881 0.993041 0.097915 0.065430 0.620100 0.113800 1 1 1.000000
  1 0.107700 0.974107 16.345018 0.995686 0.092310 0.009393 0.628100 0.229800 1 1 1.000000
blade
  1 0.150446 -0.995138 16.214815 0.998765 -0.042113 0.026348 0.507600 0.196000 1 1 1.000000
  1 0.128524 -1.291616 16.568710 0.999410 -0.026495 0.021875 0.489400 0.287400 1 1 1.000000
  1 0.144799 -1.244190 15.771600 0.998431 -0.053276 0.017216 0.492400 0.081500 1 1 1.000000
blade
  1 0.150963 -0.710054 16.457216 0.998130 -0.028097 0.054289 0.525000 0.258600 1 1 1.000000
  1 0.128524 -1.291616 16.568710 0.999410 -0.026495 0.021875 0.489400 0.287400 1 1 1.000000
  1 0.150446 -0.995138 16.214815 0.998765 -0.042113 0.026348 0.507600 0.196000 1 1 1.000000
blade
  1 0.150963 -0.710054 16.457216 0.998130 -0.028097 0.054289 0.525000 0.258600 1 1 1.000000
  1 0.155519 -0.142611 16.583422 0.999670 -0.001397 0.025660 0.559800 0.291300 1 1 1.000000
  1 0.128524 -1.291616 16.568710 0.999410 -0.026495 0.021875 0.489400 0.287400 1 1 1.000000
blade
  1 0.172602 4.928503 18.077877 0.999507 -0.009320 -0.029972 0.870100 0.677700 1 1 1.000000
  1 0.151298 2.595709 18.092775 0.999639 -0.016821 -0.020935 0.727400 0.681400 1 1 1.000000
  1 0.108952 1.352456 17.067190 0.999644 0.025214 -0.008721 0.651300 0.416400 1 1 1.000000
blade
  1 0.151298 2.595709 18.092775 0.999639 -0.016821 -0.020935 0.727400 0.681400 1 1 1.000000
  1 0.133203 1.712405 18.367575 0.999952 -0.002234 -0.009545 0.673300 0.752300 1 1 1.000000
  1 0.108952 1.352456 17.067190 0.999644 0.025214 -0.008721 0.651300 0.416400 1 1 1.000000
blade
  1 0.144645 0.372763 17.665541 0.999503 0.023771 -0.020701 0.591300 0.570800 1 1 1.000000
  1 0.108952 1.352456 17.067190 0.999644 0.025214 -0.008721 0.651300 0.416400 1 1 1.000000
  1 0.145711 0.501599 18.058197 0.998739 0.049876 0.005704 0.599200 0.672200 1 1 1.000000
blade
  1 0.108952 1.352456 17.067190 0.999644 0.025214 -0.008721 0.651300 0.416400 1 1 1.000000
  1 0.145375 0.375134 18.451540 0.999719 0.023297 0.004336 0.591400 0.773800 1 1 1.000000
  1 0.145711 0.501599 18.058197 0.998739 0.049876 0.005704 0.599200 0.672200 1 1 1.000000
blade
  1 0.133203 1.712405 18.367575 0.999952 -0.002234 -0.009545 0.673300 0.752300 1 1 1.000000
  1 0.145375 0.375134 18.451540 0.999719 0.023297 0.004336 0.591400 0.773800 1 1 1.000000
  1 0.108952 1.352456 17.067190 0.999644 0.025214 -0.008721 0.651300 0.416400 1 1 1.000000
blade
  1 0.145375 0.375134 18.451540 0.999719 0.023297 0.004336 0.591400 0.773800 1 1 1.000000
  1 0.133203 1.712405 18.367575 0.999952 -0.002234 -0.009545 0.673300 0.752300 1 1 1.000000
  1 0.133879 1.375630 19.018290 0.999951 0.007148 0.006795 0.652700 0.920300 1 1 1.000000
blade
  1 0.145375 0.375134 18.451540 0.999719 0.023297 0.004336 0.591400 0.773800 1 1 1.000000
  1 0.133879 1.375630 19.018290 0.999951 0.007148 0.006795 0.652700 0.920300 1 1 1.000000
  1 0.144494 0.057115 18.684050 0.999919 0.003368 0.012261 0.572000 0.833900 1 1 1.000000
blade
  1 0.134008 1.137301 19.223673 0.999934 0.004424 0.010605 0.638100 0.973300 1 1 1.000000
  1 0.144494 0.057115 18.684050 0.999919 0.003368 0.012261 0.572000 0.833900 1 1 1.000000
  1 0.133879 1.375630 19.018290 0.999951 0.007148 0.006795 0.652700 0.920300 1 1 1.000000
blade
  1 0.134008 1.137301 19.223673 0.999934 0.004424 0.010605 0.638100 0.973300 1 1 1.000000
  1 0.133873 0.669536 19.325134 0.999850 -0.000346 0.017302 0.609400 0.999500 1 1 1.000000
  1 0.144494 0.057115 18.684050 0.999919 0.003368 0.012261 0.572000 0.833900 1 1 1.000000
blade
  1 0.144494 0.057115 18.684050 0.999919 0.003368 0.012261 0.572000 0.833900 1 1 1.000000
  1 0.133873 0.669536 19.325134 0.999850 -0.000346 0.017302 0.609400 0.999500 1 1 1.000000
  1 0.143791 -0.371681 18.696695 0.999968 -0.002597 0.007586 0.545700 0.837100 1 1 1.000000
blade
  1 0.143791 -0.371681 18.696695 0.999968 -0.002597 0.007586 0.545700 0.837100 1 1 1.000000
  1 0.133873 0.669536 19.325134 0.999850 -0.000346 0.017302 0.609400 0.999500 1 1 1.000000
  1 0.129523 -4.552710 18.897135 0.999995 -0.002321 -0.002236 0.289800 0.888500 1 1 1.000000
blade
  1 0.143791 -0.371681 18.696695 0.999968 -0.002597 0.007586 0.545700 0.837100 1 1 1.000000
  1 0.129523 -4.552710 18.897135 0.999995 -0.002321 -0.002236 0.289800 0.888500 1 1 1.000000
  1 0.138875 -0.706764 18.454811 0.999908 -0.003885 -0.013025 0.525200 0.774600 1 1 1.000000
blade
  1 0.129523 -4.552710 18.897135 0.999995 -0.002321 -0.002236 0.289800 0.888500 1 1 1.000000
  1 0.133702 -0.828192 18.084652 0.999972 -0.006600 -0.003557 0.517800 0.679000 1 1 1.000000
  1 0.138875 -0.706764 18.454811 0.999908 -0.003885 -0.013025 0.525200 0.774600 1 1 1.000000
blade
  1 0.107700 0.974107 16.345018 0.000205 0.948338 -0.317260 0.628100 0.229800 1 1 1.000000
  1 0.015607 0.974901 15.457789 0.000645 0.999999 0.000828 0.628200 0.000700 1 1 1.000000
  1 -0.047400 0.974207 16.345266 0.000375 0.971132 -0.238544 0.628100 0.229900 1 1 1.000000
blade
  1 -0.046148 1.352556 17.067436 -0.000162 0.885797 -0.464073 0.651300 0.416400 1 1 1.000000
  1 0.107700 0.974107 16.345018 0.000205 0.948338 -0.317260 0.628100 0.229800 1 1 1.000000
  1 -0.047400 0.974207 16.345266 0.000375 0.971132 -0.238544 0.628100 0.229900 1 1 1.000000
blade
  1 -0.046148 1.352556 17.067436 -0.000162 0.885797 -0.464073 0.651300 0.416400 1 1 1.000000
  1 0.108952 1.352456 17.067190 -0.000159 0.885797 -0.464073 0.651300 0.416400 1 1 1.000000
  1 0.107700 0.974107 16.345018 0.000205 0.948338 -0.317260 0.628100 0.229800 1 1 1.000000
blade
  1 1.442475 6.947626 17.859119 0.987980 -0.104972 0.113471 0.993700 0.621300 1 1 1.000000
  1 1.394690 6.454413 17.819672 0.981882 -0.145010 0.121982 0.963500 0.611100 1 1 1.000000
  1 1.455926 6.912577 17.711735 0.987799 -0.104909 0.115100 0.991600 0.583200 1 1 1.000000
blade
  1 1.442475 6.947626 17.859119 0.987980 -0.104972 0.113471 0.993700 0.621300 1 1 1.000000
  1 1.381639 6.489064 17.967054 0.974828 -0.185165 0.124197 0.965700 0.649100 1 1 1.000000
  1 1.394690 6.454413 17.819672 0.981882 -0.145010 0.121982 0.963500 0.611100 1 1 1.000000
blade
  1 1.381639 6.489064 17.967054 0.974828 -0.185165 0.124197 0.965700 0.649100 1 1 1.000000
  1 1.196241 5.689763 17.961866 0.944677 -0.297264 0.138634 0.916700 0.647700 1 1 1.000000
  1 1.394690 6.454413 17.819672 0.981882 -0.145010 0.121982 0.963500 0.611100 1 1 1.000000
blade
  1 1.381639 6.489064 17.967054 0.974828 -0.185165 0.124197 0.965700 0.649100 1 1 1.000000
  1 1.183789 5.716715 18.110954 0.921386 -0.369773 0.119648 0.918400 0.686200 1 1 1.000000
  1 1.196241 5.689763 17.961866 0.944677 -0.297264 0.138634 0.916700 0.647700 1 1 1.000000
blade
  1 1.183789 5.716715 18.110954 0.921386 -0.369773 0.119648 0.918400 0.686200 1 1 1.000000
  1 0.225995 3.770410 18.098894 0.948010 -0.263527 0.178410 0.799300 0.683000 1 1 1.000000
  1 1.196241 5.689763 17.961866 0.944677 -0.297264 0.138634 0.916700 0.647700 1 1 1.000000
blade
  1 1.183789 5.716715 18.110954 0.921386 -0.369773 0.119648 0.918400 0.686200 1 1 1.000000
  1 0.213042 3.772162 18.250290 0.959255 -0.269511 0.084814 0.799400 0.722200 1 1 1.000000
  1 0.225995 3.770410 18.098894 0.948010 -0.263527 0.178410 0.799300 0.683000 1 1 1.000000
blade
  1 0.213042 3.772162 18.250290 0.959255 -0.269511 0.084814 0.799400 0.722200 1 1 1.000000
  1 0.113665 2.610042 18.187857 0.969498 -0.075916 0.233044 0.728200 0.705900 1 1 1.000000
  1 0.225995 3.770410 18.098894 0.948010 -0.263527 0.178410 0.799300 0.683000 1 1 1.000000
blade
  1 0.113665 2.610042 18.187857 0.969498 -0.075916 0.233044 0.728200 0.705900 1 1 1.000000
  1 0.151298 2.595709 18.092775 0.924933 -0.060769 0.375240 0.727400 0.681400 1 1 1.000000
  1 0.225995 3.770410 18.098894 0.948010 -0.263527 0.178410 0.799300 0.683000 1 1 1.000000
blade
  1 0.133203 1.712405 18.367575 0.930264 0.091060 0.355410 0.673300 0.752300 1 1 1.000000
  1 0.151298 2.595709 18.092775 0.930264 0.091060 0.355410 0.727400 0.681400 1 1 1.000000
  1 0.113665 2.610042 18.187857 0.930264 0.091060 0.355410 0.728200 0.705900 1 1 1.000000
blade
  1 -0.070777 -1.274214 16.573235 0.028568 -0.856411 -0.515504 0.490500 0.288600 1 1 1.000000
  1 0.129017 -1.628206 17.172426 0.028548 -0.856408 -0.515510 0.468800 0.443300 1 1 1.000000
  1 -0.048276 -1.645113 17.151169 0.143728 -0.830304 -0.538459 0.467800 0.437800 1 1 1.000000
blade
  1 -0.070777 -1.274214 16.573235 0.028568 -0.856411 -0.515504 0.490500 0.288600 1 1 1.000000
  1 0.128524 -1.291616 16.568710 -0.086981 -0.870143 -0.485062 0.489400 0.287400 1 1 1.000000
  1 0.129017 -1.628206 17.172426 0.028548 -0.856408 -0.515510 0.468800 0.443300 1 1 1.000000
blade
  1 -0.501794 6.014899 18.064468 0.752752 0.652692 -0.085773 0.936600 0.674400 1 1 1.000000
  1 0.038725 5.383879 18.006973 0.752745 0.652700 -0.085777 0.898000 0.659500 1 1 1.000000
  1 -0.512143 5.993048 17.914572 0.744660 0.651202 -0.146343 0.935300 0.635700 1 1 1.000000
blade
  1 -0.501794 6.014899 18.064468 0.752752 0.652692 -0.085773 0.936600 0.674400 1 1 1.000000
  1 0.039773 5.388632 18.158871 0.758033 0.651742 -0.024860 0.898300 0.698700 1 1 1.000000
  1 0.038725 5.383879 18.006973 0.752745 0.652700 -0.085777 0.898000 0.659500 1 1 1.000000
blade
  1 -0.503760 6.519164 17.965193 0.379471 0.206114 0.901953 0.967500 0.648800 1 1 1.000000
  1 -0.512143 5.993048 17.914572 0.998696 -0.011017 -0.049852 0.935300 0.635700 1 1 1.000000
  1 -0.509110 6.472714 17.820406 0.999410 -0.012595 -0.031938 0.964700 0.611400 1 1 1.000000
blade
  1 -0.503760 6.519164 17.965193 0.379471 0.206114 0.901953 0.967500 0.648800 1 1 1.000000
  1 -0.501794 6.014899 18.064468 0.321595 0.167418 0.931959 0.936600 0.674400 1 1 1.000000
  1 -0.512143 5.993048 17.914572 0.998696 -0.011017 -0.049852 0.935300 0.635700 1 1 1.000000
blade
  1 0.044821 6.263183 18.018070 -0.423886 -0.863949 0.271868 0.951800 0.662400 1 1 1.000000
  1 -0.509110 6.472714 17.820406 -0.423863 -0.863973 0.271827 0.964700 0.611400 1 1 1.000000
  1 0.044272 6.221031 17.872086 -0.420013 -0.871476 0.253216 0.949300 0.624700 1 1 1.000000
blade
  1 0.044821 6.263183 18.018070 -0.423886 -0.863949 0.271868 0.951800 0.662400 1 1 1.000000
  1 -0.503760 6.519164 17.965193 -0.427495 -0.856365 0.289631 0.967500 0.648800 1 1 1.000000
  1 -0.509110 6.472714 17.820406 -0.423863 -0.863973 0.271827 0.964700 0.611400 1 1 1.000000
blade
  1 0.596116 6.007587 18.033350 -0.560585 0.149588 0.814474 0.936200 0.666300 1 1 1.000000
  1 0.592990 6.471913 17.818789 -0.999821 0.001950 0.018827 0.964600 0.610900 1 1 1.000000
  1 0.593368 5.981936 17.884159 -0.999851 0.001168 0.017195 0.934600 0.627700 1 1 1.000000
blade
  1 0.596116 6.007587 18.033350 -0.560585 0.149588 0.814474 0.936200 0.666300 1 1 1.000000
  1 0.596040 6.518363 17.963573 -0.163423 0.212428 0.963414 0.967500 0.648300 1 1 1.000000
  1 0.592990 6.471913 17.818789 -0.999821 0.001950 0.018827 0.964600 0.610900 1 1 1.000000
blade
  1 0.039773 5.388632 18.158871 -0.743100 0.666697 -0.057594 0.898300 0.698700 1 1 1.000000
  1 0.593368 5.981936 17.884159 -0.743107 0.666688 -0.057611 0.934600 0.627700 1 1 1.000000
  1 0.038725 5.383879 18.006973 -0.734774 0.678119 -0.016153 0.898000 0.659500 1 1 1.000000
blade
  1 0.039773 5.388632 18.158871 -0.743100 0.666697 -0.057594 0.898300 0.698700 1 1 1.000000
  1 0.596116 6.007587 18.033350 -0.749960 0.654014 -0.099125 0.936200 0.666300 1 1 1.000000
  1 0.593368 5.981936 17.884159 -0.743107 0.666688 -0.057611 0.934600 0.627700 1 1 1.000000
blade
  1 -1.250816 7.041821 17.838556 0.003548 0.724089 0.689698 0.999500 0.616200 1 1 1.000000
  1 1.349335 7.013667 17.685163 0.000435 0.984858 -0.173361 0.997800 0.576400 1 1 1.000000
  1 -1.255765 7.015468 17.688862 0.000434 0.984853 -0.173392 0.997900 0.577600 1 1 1.000000
blade
  1 -1.250816 7.041821 17.838556 0.003548 0.724089 0.689698 0.999500 0.616200 1 1 1.000000
  1 1.344785 7.040019 17.834852 -0.001870 0.639670 0.768647 0.999400 0.615000 1 1 1.000000
  1 1.349335 7.013667 17.685163 0.000435 0.984858 -0.173361 0.997800 0.576400 1 1 1.000000
blade
  1 -0.065521 0.668330 19.307564 -0.999628 0.021900 0.016250 0.609400 0.995000 1 1 1.000000
  1 -0.079109 -0.371481 18.696520 -0.999903 -0.002814 0.013660 0.545700 0.837100 1 1 1.000000
  1 -0.069870 -4.550216 18.879866 -0.999999 -0.000940 0.001251 0.289900 0.884000 1 1 1.000000
blade
  1 -0.079109 -0.371481 18.696520 -0.999903 -0.002814 0.013660 0.545700 0.837100 1 1 1.000000
  1 -0.075226 -0.706564 18.454638 -0.999948 -0.002434 -0.009940 0.525200 0.774600 1 1 1.000000
  1 -0.069870 -4.550216 18.879866 -0.999999 -0.000940 0.001251 0.289900 0.884000 1 1 1.000000
blade
  1 -0.075226 -0.706564 18.454638 -0.999948 -0.002434 -0.009940 0.525200 0.774600 1 1 1.000000
  1 -0.071590 -0.835700 18.061182 -0.999933 -0.008746 -0.007611 0.517300 0.672900 1 1 1.000000
  1 -0.069870 -4.550216 18.879866 -0.999999 -0.000940 0.001251 0.289900 0.884000 1 1 1.000000
blade
  1 -0.046148 1.352556 17.067436 -0.999744 0.022542 -0.001967 0.651300 0.416400 1 1 1.000000
  1 -0.065521 0.668330 19.307564 -0.999628 0.021900 0.016250 0.609400 0.995000 1 1 1.000000
  1 -0.043200 1.149709 19.248407 -0.999707 0.023933 0.003539 0.638800 0.979700 1 1 1.000000
blade
  1 -0.046148 1.352556 17.067436 -0.999744 0.022542 -0.001967 0.651300 0.416400 1 1 1.000000
  1 -0.073396 2.593703 18.075397 -0.999775 -0.021190 -0.000851 0.727200 0.676900 1 1 1.000000
  1 -0.101898 4.928703 18.078281 -0.999853 -0.012189 -0.012019 0.870200 0.677900 1 1 1.000000
blade
  1 -0.046148 1.352556 17.067436 -0.999744 0.022542 -0.001967 0.651300 0.416400 1 1 1.000000
  1 -0.044004 1.729812 18.388006 -0.999872 -0.014865 0.005879 0.674300 0.757600 1 1 1.000000
  1 -0.073396 2.593703 18.075397 -0.999775 -0.021190 -0.000851 0.727200 0.676900 1 1 1.000000
blade
  1 -0.046148 1.352556 17.067436 -0.999744 0.022542 -0.001967 0.651300 0.416400 1 1 1.000000
  1 -0.043327 1.397936 19.034521 -0.999999 0.000712 0.001417 0.654000 0.924500 1 1 1.000000
  1 -0.044004 1.729812 18.388006 -0.999872 -0.014865 0.005879 0.674300 0.757600 1 1 1.000000
blade
  1 -0.046148 1.352556 17.067436 -0.999744 0.022542 -0.001967 0.651300 0.416400 1 1 1.000000
  1 -0.043200 1.149709 19.248407 -0.999707 0.023933 0.003539 0.638800 0.979700 1 1 1.000000
  1 -0.043327 1.397936 19.034521 -0.999999 0.000712 0.001417 0.654000 0.924500 1 1 1.000000
blade
  1 -0.065521 0.668330 19.307564 -0.999628 0.021900 0.016250 0.609400 0.995000 1 1 1.000000
  1 -0.080909 0.041719 18.695276 -0.999698 0.000576 0.024585 0.571000 0.836800 1 1 1.000000
  1 -0.079109 -0.371481 18.696520 -0.999903 -0.002814 0.013660 0.545700 0.837100 1 1 1.000000
blade
  1 -0.083725 0.375334 18.451460 -0.999730 0.017599 0.015184 0.591400 0.773800 1 1 1.000000
  1 -0.080909 0.041719 18.695276 -0.999698 0.000576 0.024585 0.571000 0.836800 1 1 1.000000
  1 -0.065521 0.668330 19.307564 -0.999628 0.021900 0.016250 0.609400 0.995000 1 1 1.000000
blade
  1 -0.065521 0.668330 19.307564 -0.999628 0.021900 0.016250 0.609400 0.995000 1 1 1.000000
  1 -0.084289 0.501899 18.058016 -0.999299 0.037414 0.001643 0.599200 0.672200 1 1 1.000000
  1 -0.083725 0.375334 18.451460 -0.999730 0.017599 0.015184 0.591400 0.773800 1 1 1.000000
blade
  1 -0.084289 0.501899 18.058016 -0.999299 0.037414 0.001643 0.599200 0.672200 1 1 1.000000
  1 -0.065521 0.668330 19.307564 -0.999628 0.021900 0.016250 0.609400 0.995000 1 1 1.000000
  1 -0.046148 1.352556 17.067436 -0.999744 0.022542 -0.001967 0.651300 0.416400 1 1 1.000000
blade
  1 -0.082455 0.372963 17.665361 -0.999495 0.025390 -0.019094 0.591300 0.570800 1 1 1.000000
  1 -0.084289 0.501899 18.058016 -0.999299 0.037414 0.001643 0.599200 0.672200 1 1 1.000000
  1 -0.046148 1.352556 17.067436 -0.999744 0.022542 -0.001967 0.651300 0.416400 1 1 1.000000
blade
  1 -0.046148 1.352556 17.067436 -0.999744 0.022542 -0.001967 0.651300 0.416400 1 1 1.000000
  1 -0.084271 0.037979 17.423477 -0.999831 0.017788 -0.004619 0.570800 0.508300 1 1 1.000000
  1 -0.082455 0.372963 17.665361 -0.999495 0.025390 -0.019094 0.591300 0.570800 1 1 1.000000
blade
  1 -0.092180 -0.198812 16.579157 -0.999534 0.001110 0.030492 0.556300 0.290200 1 1 1.000000
  1 -0.084271 0.037979 17.423477 -0.999831 0.017788 -0.004619 0.570800 0.508300 1 1 1.000000
  1 -0.046148 1.352556 17.067436 -0.999744 0.022542 -0.001967 0.651300 0.416400 1 1 1.000000
blade
  1 -0.084972 -0.375220 17.424719 -0.999796 -0.019535 0.005182 0.545500 0.508600 1 1 1.000000
  1 -0.084271 0.037979 17.423477 -0.999831 0.017788 -0.004619 0.570800 0.508300 1 1 1.000000
  1 -0.092180 -0.198812 16.579157 -0.999534 0.001110 0.030492 0.556300 0.290200 1 1 1.000000
blade
  1 -0.084972 -0.375220 17.424719 -0.999796 -0.019535 0.005182 0.545500 0.508600 1 1 1.000000
  1 -0.092180 -0.198812 16.579157 -0.999534 0.001110 0.030492 0.556300 0.290200 1 1 1.000000
  1 -0.070777 -1.274214 16.573235 -0.998900 -0.030286 0.035791 0.490500 0.288600 1 1 1.000000
blade
  1 -0.048276 -1.645113 17.151169 -0.999732 -0.022827 -0.003922 0.467800 0.437800 1 1 1.000000
  1 -0.084972 -0.375220 17.424719 -0.999796 -0.019535 0.005182 0.545500 0.508600 1 1 1.000000
  1 -0.070777 -1.274214 16.573235 -0.998900 -0.030286 0.035791 0.490500 0.288600 1 1 1.000000
blade
  1 -0.078756 -0.708836 17.668636 -0.999500 -0.031577 -0.001733 0.525100 0.571500 1 1 1.000000
  1 -0.084972 -0.375220 17.424719 -0.999796 -0.019535 0.005182 0.545500 0.508600 1 1 1.000000
  1 -0.048276 -1.645113 17.151169 -0.999732 -0.022827 -0.003922 0.467800 0.437800 1 1 1.000000
blade
  1 -0.071590 -0.835700 18.061182 -0.999933 -0.008746 -0.007611 0.517300 0.672900 1 1 1.000000
  1 -0.078756 -0.708836 17.668636 -0.999500 -0.031577 -0.001733 0.525100 0.571500 1 1 1.000000
  1 -0.048276 -1.645113 17.151169 -0.999732 -0.022827 -0.003922 0.467800 0.437800 1 1 1.000000
blade
  1 -0.071240 -3.715548 17.629177 -0.999915 -0.000306 -0.012995 0.341100 0.561100 1 1 1.000000
  1 -0.071590 -0.835700 18.061182 -0.999933 -0.008746 -0.007611 0.517300 0.672900 1 1 1.000000
  1 -0.048276 -1.645113 17.151169 -0.999732 -0.022827 -0.003922 0.467800 0.437800 1 1 1.000000
blade
  1 -0.071240 -3.715548 17.629177 -0.999915 -0.000306 -0.012995 0.341100 0.561100 1 1 1.000000
  1 -0.069870 -4.550216 18.879866 -0.999999 -0.000940 0.001251 0.289900 0.884000 1 1 1.000000
  1 -0.071590 -0.835700 18.061182 -0.999933 -0.008746 -0.007611 0.517300 0.672900 1 1 1.000000
blade
  1 -0.072219 -7.054164 18.444832 -0.999867 0.000084 -0.016325 0.136700 0.771500 1 1 1.000000
  1 -0.069870 -4.550216 18.879866 -0.999999 -0.000940 0.001251 0.289900 0.884000 1 1 1.000000
  1 -0.071240 -3.715548 17.629177 -0.999915 -0.000306 -0.012995 0.341100 0.561100 1 1 1.000000
blade
  1 -0.071240 -3.715548 17.629177 -0.999915 -0.000306 -0.012995 0.341100 0.561100 1 1 1.000000
  1 -0.051206 -6.779181 17.532743 -0.999736 0.000557 -0.022980 0.153500 0.535900 1 1 1.000000
  1 -0.072219 -7.054164 18.444832 -0.999867 0.000084 -0.016325 0.136700 0.771500 1 1 1.000000
blade
  1 -0.051206 -6.779181 17.532743 -0.999736 0.000557 -0.022980 0.153500 0.535900 1 1 1.000000
  1 -0.051761 -7.314224 17.404428 -0.878976 0.463559 -0.111864 0.120800 0.502700 1 1 1.000000
  1 -0.072219 -7.054164 18.444832 -0.999867 0.000084 -0.016325 0.136700 0.771500 1 1 1.000000
blade
  1 -0.072219 -7.054164 18.444832 -0.999867 0.000084 -0.016325 0.136700 0.771500 1 1 1.000000
  1 -0.051761 -7.314224 17.404428 -0.878976 0.463559 -0.111864 0.120800 0.502700 1 1 1.000000
  1 -0.052240 -7.912945 17.344635 -0.999934 0.000131 -0.011460 0.084100 0.487200 1 1 1.000000
blade
  1 -0.092180 -0.198812 16.579157 -0.999534 0.001110 0.030492 0.556300 0.290200 1 1 1.000000
  1 -0.092738 -0.717054 16.457634 -0.997615 -0.025981 0.063953 0.524600 0.258800 1 1 1.000000
  1 -0.070777 -1.274214 16.573235 -0.998900 -0.030286 0.035791 0.490500 0.288600 1 1 1.000000
blade
  1 -0.092738 -0.717054 16.457634 -0.997615 -0.025981 0.063953 0.524600 0.258800 1 1 1.000000
  1 -0.093434 -1.047158 16.156849 -0.998698 -0.039028 0.032840 0.504400 0.181100 1 1 1.000000
  1 -0.070777 -1.274214 16.573235 -0.998900 -0.030286 0.035791 0.490500 0.288600 1 1 1.000000
blade
  1 -0.093434 -1.047158 16.156849 -0.998698 -0.039028 0.032840 0.504400 0.181100 1 1 1.000000
  1 -0.093840 -1.202552 15.885303 -0.998500 -0.046705 0.028575 0.494900 0.110900 1 1 1.000000
  1 -0.070777 -1.274214 16.573235 -0.998900 -0.030286 0.035791 0.490500 0.288600 1 1 1.000000
blade
  1 -0.051761 -7.314224 17.404428 -0.878976 0.463559 -0.111864 0.120800 0.502700 1 1 1.000000
  1 0.125529 -7.334414 17.433697 0.662424 0.658489 -0.357191 0.119600 0.510200 1 1 1.000000
  1 0.025416 -7.369900 17.183674 0.142673 0.970399 -0.194860 0.117400 0.445700 1 1 1.000000
blade
  1 0.026065 -6.737650 17.328653 0.921565 0.086898 -0.378373 0.156100 0.483200 1 1 1.000000
  1 0.126087 -6.810472 17.555115 0.921565 0.086898 -0.378374 0.151600 0.541700 1 1 1.000000
  1 0.125529 -7.334414 17.433697 0.662424 0.658489 -0.357191 0.119600 0.510200 1 1 1.000000
blade
  1 -0.072219 -7.054164 18.444832 -0.999867 0.000084 -0.016325 0.136700 0.771500 1 1 1.000000
  1 -0.052240 -7.912945 17.344635 -0.999934 0.000131 -0.011460 0.084100 0.487200 1 1 1.000000
  1 -0.052746 -9.279438 17.656004 -0.999989 -0.000718 -0.004654 0.000500 0.567500 1 1 1.000000
blade
  1 -0.052746 -9.279438 17.656004 -0.999989 -0.000718 -0.004654 0.000500 0.567500 1 1 1.000000
  1 -0.052240 -7.912945 17.344635 -0.999934 0.000131 -0.011460 0.084100 0.487200 1 1 1.000000
  1 -0.052904 -8.580281 17.239464 -0.948406 0.314505 0.040162 0.043300 0.460000 1 1 1.000000
blade
  1 -0.052746 -9.279438 17.656004 -0.999989 -0.000718 -0.004654 0.000500 0.567500 1 1 1.000000
  1 -0.052904 -8.580281 17.239464 -0.948406 0.314505 0.040162 0.043300 0.460000 1 1 1.000000
  1 -0.053293 -9.123291 17.209150 -0.999999 0.000639 0.001381 0.010100 0.452100 1 1 1.000000
blade
  1 -0.053293 -9.123291 17.209150 -0.999999 0.000639 0.001381 0.010100 0.452100 1 1 1.000000
  1 -0.052904 -8.580281 17.239464 -0.948406 0.314505 0.040162 0.043300 0.460000 1 1 1.000000
  1 -0.053332 -8.857252 17.032558 -0.999999 0.000650 0.001199 0.026400 0.406500 1 1 1.000000
blade
  1 -0.052904 -8.580281 17.239464 -0.948406 0.314505 0.040162 0.043300 0.460000 1 1 1.000000
  1 0.102197 -8.580379 17.239220 0.000830 0.992460 0.122564 0.043300 0.459900 1 1 1.000000
  1 0.024374 -8.552758 17.016083 0.000830 0.992460 0.122564 0.045000 0.402300 1 1 1.000000
blade
  1 0.024374 -8.552758 17.016083 0.919465 0.268226 -0.287470 0.045000 0.402300 1 1 1.000000
  1 0.102197 -8.580379 17.239220 0.936714 0.155776 -0.313530 0.043300 0.459900 1 1 1.000000
  1 0.123959 -8.848644 17.058519 0.919465 0.268226 -0.287470 0.026900 0.413200 1 1 1.000000
blade
  1 0.024848 -8.032933 17.089603 0.941189 0.041334 -0.335342 0.076800 0.421300 1 1 1.000000
  1 0.125046 -7.923631 17.384300 0.934025 0.035977 -0.355392 0.083500 0.497400 1 1 1.000000
  1 0.102197 -8.580379 17.239220 0.936714 0.155776 -0.313530 0.043300 0.459900 1 1 1.000000
blade
  1 0.025416 -7.369900 17.183674 0.926395 0.030703 -0.375300 0.117400 0.445700 1 1 1.000000
  1 0.125529 -7.334414 17.433697 0.926395 0.030703 -0.375300 0.119600 0.510200 1 1 1.000000
  1 0.125046 -7.923631 17.384300 0.934025 0.035977 -0.355392 0.083500 0.497400 1 1 1.000000
blade
  1 -0.092006 0.490514 16.364819 -0.997578 0.066425 0.020621 0.598500 0.234900 1 1 1.000000
  1 -0.047400 0.974207 16.345266 -0.995721 0.092104 0.007514 0.628100 0.229900 1 1 1.000000
  1 -0.085753 0.841760 15.919801 -0.993737 0.094080 0.060293 0.620000 0.120000 1 1 1.000000
blade
  1 -0.092006 0.490514 16.364819 -0.997578 0.066425 0.020621 0.598500 0.234900 1 1 1.000000
  1 -0.046148 1.352556 17.067436 -0.999744 0.022542 -0.001967 0.651300 0.416400 1 1 1.000000
  1 -0.047400 0.974207 16.345266 -0.995721 0.092104 0.007514 0.628100 0.229900 1 1 1.000000
blade
  1 -0.092006 0.490514 16.364819 -0.997578 0.066425 0.020621 0.598500 0.234900 1 1 1.000000
  1 -0.092180 -0.198812 16.579157 -0.999534 0.001110 0.030492 0.556300 0.290200 1 1 1.000000
  1 -0.046148 1.352556 17.067436 -0.999744 0.022542 -0.001967 0.651300 0.416400 1 1 1.000000
blade
  1 -0.035435 2.610143 18.188105 -0.975540 -0.068424 0.208903 0.728200 0.706000 1 1 1.000000
  1 -0.135906 3.770710 18.099371 -0.965369 -0.197851 0.170051 0.799300 0.683200 1 1 1.000000
  1 -0.073396 2.593703 18.075397 -0.943629 -0.056757 0.326103 0.727200 0.676900 1 1 1.000000
blade
  1 -0.035435 2.610143 18.188105 -0.975540 -0.068424 0.208903 0.728200 0.706000 1 1 1.000000
  1 -0.122458 3.772363 18.250772 -0.939768 -0.323287 0.110999 0.799400 0.722300 1 1 1.000000
  1 -0.135906 3.770710 18.099371 -0.965369 -0.197851 0.170051 0.799300 0.683200 1 1 1.000000
blade
  1 -0.122458 3.772363 18.250772 -0.939768 -0.323287 0.110999 0.799400 0.722300 1 1 1.000000
  1 -1.103760 5.691364 17.965172 -0.921188 -0.369467 0.122092 0.916800 0.648800 1 1 1.000000
  1 -0.135906 3.770710 18.099371 -0.965369 -0.197851 0.170051 0.799300 0.683200 1 1 1.000000
blade
  1 -0.122458 3.772363 18.250772 -0.939768 -0.323287 0.110999 0.799400 0.722300 1 1 1.000000
  1 -1.090811 5.718315 18.114168 -0.945228 -0.294350 0.141073 0.918500 0.687300 1 1 1.000000
  1 -1.103760 5.691364 17.965172 -0.921188 -0.369467 0.122092 0.916800 0.648800 1 1 1.000000
blade
  1 -1.090811 5.718315 18.114168 -0.945228 -0.294350 0.141073 0.918500 0.687300 1 1 1.000000
  1 -1.301511 6.456314 17.823439 -0.974684 -0.184060 0.126933 0.963700 0.612300 1 1 1.000000
  1 -1.103760 5.691364 17.965172 -0.921188 -0.369467 0.122092 0.916800 0.648800 1 1 1.000000
blade
  1 -1.090811 5.718315 18.114168 -0.945228 -0.294350 0.141073 0.918500 0.687300 1 1 1.000000
  1 -1.288062 6.490967 17.970833 -0.981890 -0.142791 0.124511 0.965800 0.650300 1 1 1.000000
  1 -1.301511 6.456314 17.823439 -0.974684 -0.184060 0.126933 0.963700 0.612300 1 1 1.000000
blade
  1 -1.288062 6.490967 17.970833 -0.981890 -0.142791 0.124511 0.965800 0.650300 1 1 1.000000
  1 -1.362474 6.914577 17.715761 -0.987802 -0.103769 0.116098 0.991700 0.584500 1 1 1.000000
  1 -1.301511 6.456314 17.823439 -0.974684 -0.184060 0.126933 0.963700 0.612300 1 1 1.000000
blade
  1 -1.288062 6.490967 17.970833 -0.981890 -0.142791 0.124511 0.965800 0.650300 1 1 1.000000
  1 -1.348525 6.949628 17.863052 -0.987663 -0.103235 0.117745 0.993900 0.622600 1 1 1.000000
  1 -1.362474 6.914577 17.715761 -0.987802 -0.103769 0.116098 0.991700 0.584500 1 1 1.000000
blade
  1 0.014006 -1.323396 15.463881 -0.023424 -0.995158 0.095452 0.487500 0.002000 1 1 1.000000
  1 0.128524 -1.291616 16.568710 -0.086075 -0.995580 0.037561 0.489400 0.287400 1 1 1.000000
  1 -0.070777 -1.274214 16.573235 -0.086075 -0.995580 0.037561 0.490500 0.288600 1 1 1.000000
blade
  1 -0.093840 -1.202552 15.885303 -0.803201 -0.594678 -0.035020 0.494900 0.110900 1 1 1.000000
  1 0.014006 -1.323396 15.463881 -0.803201 -0.594678 -0.035020 0.487500 0.002000 1 1 1.000000
  1 -0.070777 -1.274214 16.573235 -0.803201 -0.594678 -0.035020 0.490500 0.288600 1 1 1.000000
blade
  1 -0.052904 -8.580281 17.239464 -0.929714 0.221329 -0.294356 0.043300 0.460000 1 1 1.000000
  1 0.024374 -8.552758 17.016083 -0.929714 0.221329 -0.294356 0.045000 0.402300 1 1 1.000000
  1 -0.053332 -8.857252 17.032558 -0.929714 0.221329 -0.294356 0.026400 0.406500 1 1 1.000000
blade
  1 0.150255 0.842652 15.895881 0.825339 0.558177 -0.085169 0.620100 0.113800 1 1 1.000000
  1 0.015607 0.974901 15.457789 0.825339 0.558177 -0.085169 0.628200 0.000700 1 1 1.000000
  1 0.107700 0.974107 16.345018 0.825339 0.558177 -0.085169 0.628100 0.229800 1 1 1.000000
blade
  1 0.144799 -1.244190 15.771600 0.579284 -0.814302 -0.036621 0.492400 0.081500 1 1 1.000000
  1 0.128524 -1.291616 16.568710 0.579284 -0.814302 -0.036621 0.489400 0.287400 1 1 1.000000
  1 0.014006 -1.323396 15.463881 0.579284 -0.814302 -0.036621 0.487500 0.002000 1 1 1.000000
blade
  1 -0.051206 -6.779181 17.532743 -0.937475 0.082090 -0.338233 0.153500 0.535900 1 1 1.000000
  1 0.026065 -6.737650 17.328653 -0.937475 0.082090 -0.338233 0.156100 0.483200 1 1 1.000000
  1 -0.051761 -7.314224 17.404428 -0.939321 0.058293 -0.338049 0.120800 0.502700 1 1 1.000000
blade
  1 -0.051761 -7.314224 17.404428 -0.939321 0.058293 -0.338049 0.120800 0.502700 1 1 1.000000
  1 0.025416 -7.369900 17.183674 -0.940676 0.034464 -0.337551 0.117400 0.445700 1 1 1.000000
  1 -0.052240 -7.912945 17.344635 -0.940643 0.034577 -0.337632 0.084100 0.487200 1 1 1.000000
blade
  1 -0.052240 -7.912945 17.344635 -0.940643 0.034577 -0.337632 0.084100 0.487200 1 1 1.000000
  1 0.024848 -8.032933 17.089603 -0.949297 0.049862 -0.310400 0.076800 0.421300 1 1 1.000000
  1 -0.052904 -8.580281 17.239464 -0.949297 0.049862 -0.310400 0.043300 0.460000 1 1 1.000000
blade
  1 -0.044004 1.729812 18.388006 -0.948154 0.079124 0.307803 0.674300 0.757600 1 1 1.000000
  1 -0.035435 2.610143 18.188105 -0.948154 0.079124 0.307803 0.728200 0.706000 1 1 1.000000
  1 -0.073396 2.593703 18.075397 -0.948154 0.079124 0.307803 0.727200 0.676900 1 1 1.000000
handle
  1 -0.600718 0.710411 -14.630525 -0.999999 0.001048 -0.000761 0.025400 0.029600 1 1 1.000000
  1 -0.602169 -1.111236 -15.061795 -0.999999 0.001014 -0.000918 0.499000 0.016100 1 1 1.000000
  1 -0.602718 -1.217785 -14.625459 -1.000000 0.000272 -0.000334 0.526700 0.029800 1 1 1.000000
handle
  1 -0.600718 0.710411 -14.630525 -0.999999 0.001048 -0.000761 0.025400 0.029600 1 1 1.000000
  1 -0.601301 -0.610003 -15.545867 -0.999999 0.000974 -0.000767 0.368600 0.001000 1 1 1.000000
  1 -0.602169 -1.111236 -15.061795 -0.999999 0.001014 -0.000918 0.499000 0.016100 1 1 1.000000
handle
  1 -0.600596 0.117390 -15.562118 -0.999999 0.000985 -0.000758 0.179500 0.000500 1 1 1.000000
  1 -0.601301 -0.610003 -15.545867 -0.999999 0.000974 -0.000767 0.368600 0.001000 1 1 1.000000
  1 -0.600718 0.710411 -14.630525 -0.999999 0.001048 -0.000761 0.025400 0.029600 1 1 1.000000
handle
  1 -0.600718 0.710411 -14.630525 -0.999999 0.001048 -0.000761 0.025400 0.029600 1 1 1.000000
  1 -0.600468 0.574461 -15.066674 -0.999997 0.002188 -0.001273 0.060700 0.016000 1 1 1.000000
  1 -0.600596 0.117390 -15.562118 -0.999999 0.000985 -0.000758 0.179500 0.000500 1 1 1.000000
handle
  1 -0.602718 -1.217785 -14.625459 -1.000000 0.000272 -0.000334 0.526700 0.029800 1 1 1.000000
  1 -0.623094 -1.137897 15.464198 -0.999999 0.001410 -0.000587 0.508700 0.970000 1 1 1.000000
  1 -0.623345 -0.994246 15.899848 -1.000000 0.000435 -0.000553 0.471300 0.983600 1 1 1.000000
handle
  1 -0.623104 -0.916587 15.493222 -1.000000 -0.000145 -0.000652 0.451100 0.970900 1 1 1.000000
  1 -0.602718 -1.217785 -14.625459 -1.000000 0.000272 -0.000334 0.526700 0.029800 1 1 1.000000
  1 -0.623345 -0.994246 15.899848 -1.000000 0.000435 -0.000553 0.471300 0.983600 1 1 1.000000
handle
  1 -0.622676 -0.818215 15.122188 -1.000000 0.000615 -0.000612 0.425500 0.959300 1 1 1.000000
  1 -0.602718 -1.217785 -14.625459 -1.000000 0.000272 -0.000334 0.526700 0.029800 1 1 1.000000
  1 -0.623104 -0.916587 15.493222 -1.000000 -0.000145 -0.000652 0.451100 0.970900 1 1 1.000000
handle
  1 -0.622283 -0.547509 14.850095 -0.999999 0.001593 -0.000499 0.355100 0.950800 1 1 1.000000
  1 -0.602718 -1.217785 -14.625459 -1.000000 0.000272 -0.000334 0.526700 0.029800 1 1 1.000000
  1 -0.622676 -0.818215 15.122188 -1.000000 0.000615 -0.000612 0.425500 0.959300 1 1 1.000000
handle
  1 -0.621849 -0.177044 14.749766 -0.999999 0.001079 -0.000690 0.258800 0.947600 1 1 1.000000
  1 -0.602718 -1.217785 -14.625459 -1.000000 0.000272 -0.000334 0.526700 0.029800 1 1 1.000000
  1 -0.622283 -0.547509 14.850095 -0.999999 0.001593 -0.000499 0.355100 0.950800 1 1 1.000000
handle
  1 -0.621483 0.193990 14.848039 -1.000000 0.000310 -0.000368 0.162300 0.950700 1 1 1.000000
  1 -0.602718 -1.217785 -14.625459 -1.000000 0.000272 -0.000334 0.526700 0.029800 1 1 1.000000
  1 -0.621849 -0.177044 14.749766 -0.999999 0.001079 -0.000690 0.258800 0.947600 1 1 1.000000
handle
  1 -0.621376 0.466084 15.118745 -0.999999 0.001412 -0.000611 0.091600 0.959200 1 1 1.000000
  1 -0.602718 -1.217785 -14.625459 -1.000000 0.000272 -0.000334 0.526700 0.029800 1 1 1.000000
  1 -0.621483 0.193990 14.848039 -1.000000 0.000310 -0.000368 0.162300 0.950700 1 1 1.000000
handle
  1 -0.602718 -1.217785 -14.625459 -1.000000 0.000272 -0.000334 0.526700 0.029800 1 1 1.000000
  1 -0.621376 0.466084 15.118745 -0.999999 0.001412 -0.000611 0.091600 0.959200 1 1 1.000000
  1 -0.600718 0.710411 -14.630525 -0.999999 0.001048 -0.000761 0.025400 0.029600 1 1 1.000000
handle
  1 -0.621376 0.466084 15.118745 -0.999999 0.001412 -0.000611 0.091600 0.959200 1 1 1.000000
  1 -0.621604 0.566412 15.489310 -0.999999 0.000531 -0.000725 0.065500 0.970800 1 1 1.000000
  1 -0.600718 0.710411 -14.630525 -0.999999 0.001048 -0.000761 0.025400 0.029600 1 1 1.000000
handle
  1 -0.621604 0.566412 15.489310 -0.999999 0.000531 -0.000725 0.065500 0.970800 1 1 1.000000
  1 -0.621294 0.759301 15.459243 -0.999999 0.000625 -0.000663 0.015400 0.969800 1 1 1.000000
  1 -0.600718 0.710411 -14.630525 -0.999999 0.001048 -0.000761 0.025400 0.029600 1 1 1.000000
handle
  1 -0.621604 0.566412 15.489310 -0.999999 0.000531 -0.000725 0.065500 0.970800 1 1 1.000000
  1 -0.621932 0.468040 15.860343 -0.999999 0.000719 -0.000907 0.091100 0.982400 1 1 1.000000
  1 -0.621294 0.759301 15.459243 -0.999999 0.000625 -0.000663 0.015400 0.969800 1 1 1.000000
handle
  1 -0.621932 0.468040 15.860343 -0.999999 0.000719 -0.000907 0.091100 0.982400 1 1 1.000000
  1 -0.621744 0.628552 15.895589 -0.999999 0.000567 -0.000757 0.049400 0.983500 1 1 1.000000
  1 -0.621294 0.759301 15.459243 -0.999999 0.000625 -0.000663 0.015400 0.969800 1 1 1.000000
handle
  1 -0.621744 0.628552 15.895589 -0.999999 0.000567 -0.000757 0.049400 0.983500 1 1 1.000000
  1 -0.621932 0.468040 15.860343 -0.999999 0.000719 -0.000907 0.091100 0.982400 1 1 1.000000
  1 -0.622325 0.197334 16.132437 -0.999999 0.001057 -0.000277 0.161500 0.990900 1 1 1.000000
handle
  1 -0.622325 0.197334 16.132437 -0.999999 0.001057 -0.000277 0.161500 0.990900 1 1 1.000000
  1 -0.622484 0.248893 16.302818 -0.999999 0.001095 -0.000130 0.148200 0.996200 1 1 1.000000
  1 -0.621744 0.628552 15.895589 -0.999999 0.000567 -0.000757 0.049400 0.983500 1 1 1.000000
handle
  1 -0.622325 0.197334 16.132437 -0.999999 0.001057 -0.000277 0.161500 0.990900 1 1 1.000000
  1 -0.622860 -0.173132 16.232763 -0.999998 0.001270 -0.001132 0.257900 0.994000 1 1 1.000000
  1 -0.622484 0.248893 16.302818 -0.999999 0.001095 -0.000130 0.148200 0.996200 1 1 1.000000
handle
  1 -0.622921 -0.171271 16.409264 -0.999998 0.001179 -0.001258 0.257400 0.999500 1 1 1.000000
  1 -0.622484 0.248893 16.302818 -0.999999 0.001095 -0.000130 0.148200 0.996200 1 1 1.000000
  1 -0.622860 -0.173132 16.232763 -0.999998 0.001270 -0.001132 0.257900 0.994000 1 1 1.000000
handle
  1 -0.622860 -0.173132 16.232763 -0.999998 0.001270 -0.001132 0.257900 0.994000 1 1 1.000000
  1 -0.623126 -0.544166 16.134392 -1.000000 0.000638 -0.000298 0.354300 0.990900 1 1 1.000000
  1 -0.622921 -0.171271 16.409264 -0.999998 0.001179 -0.001258 0.257400 0.999500 1 1 1.000000
handle
  1 -0.623126 -0.544166 16.134392 -1.000000 0.000638 -0.000298 0.354300 0.990900 1 1 1.000000
  1 -0.623375 -0.644917 16.275528 -1.000000 0.000399 -0.000226 0.380600 0.995300 1 1 1.000000
  1 -0.622921 -0.171271 16.409264 -0.999998 0.001179 -0.001258 0.257400 0.999500 1 1 1.000000
handle
  1 -0.623126 -0.544166 16.134392 -1.000000 0.000638 -0.000298 0.354300 0.990900 1 1 1.000000
  1 -0.623232 -0.816259 15.863687 -1.000000 0.000605 -0.000566 0.425100 0.982400 1 1 1.000000
  1 -0.623375 -0.644917 16.275528 -1.000000 0.000399 -0.000226 0.380600 0.995300 1 1 1.000000
handle
  1 -0.623232 -0.816259 15.863687 -1.000000 0.000605 -0.000566 0.425100 0.982400 1 1 1.000000
  1 -0.623345 -0.994246 15.899848 -1.000000 0.000435 -0.000553 0.471300 0.983600 1 1 1.000000
  1 -0.623375 -0.644917 16.275528 -1.000000 0.000399 -0.000226 0.380600 0.995300 1 1 1.000000
handle
  1 -0.623232 -0.816259 15.863687 -1.000000 0.000605 -0.000566 0.425100 0.982400 1 1 1.000000
  1 -0.623104 -0.916587 15.493222 -1.000000 -0.000145 -0.000652 0.451100 0.970900 1 1 1.000000
  1 -0.623345 -0.994246 15.899848 -1.000000 0.000435 -0.000553 0.471300 0.983600 1 1 1.000000
handle
  1 0.665001 0.116092 -15.556081 0.999999 -0.001084 0.000710 0.335700 0.001100 1 1 1.000000
  1 0.665130 0.573263 -15.060639 0.999999 -0.001090 0.001209 0.454500 0.016500 1 1 1.000000
  1 0.664981 0.704512 -14.629683 1.000000 0.000030 0.000648 0.488600 0.030000 1 1 1.000000
handle
  1 0.664981 0.704512 -14.629683 1.000000 0.000030 0.000648 0.488600 0.030000 1 1 1.000000
  1 0.664196 -0.611202 -15.539830 0.999999 -0.001014 0.000603 0.146600 0.001600 1 1 1.000000
  1 0.665001 0.116092 -15.556081 0.999999 -0.001084 0.000710 0.335700 0.001100 1 1 1.000000
handle
  1 0.663429 -1.112435 -15.055655 0.999999 -0.001020 0.000705 0.016200 0.016700 1 1 1.000000
  1 0.664196 -0.611202 -15.539830 0.999999 -0.001014 0.000603 0.146600 0.001600 1 1 1.000000
  1 0.664981 0.704512 -14.629683 1.000000 0.000030 0.000648 0.488600 0.030000 1 1 1.000000
handle
  1 0.662980 -1.213885 -14.624522 0.999997 -0.002153 0.000660 -0.010200 0.030100 1 1 1.000000
  1 0.663429 -1.112435 -15.055655 0.999999 -0.001020 0.000705 0.016200 0.016700 1 1 1.000000
  1 0.664981 0.704512 -14.629683 1.000000 0.000030 0.000648 0.488600 0.030000 1 1 1.000000
handle
  1 0.662980 -1.213885 -14.624522 0.999997 -0.002153 0.000660 -0.010200 0.030100 1 1 1.000000
  1 0.664981 0.704512 -14.629683 1.000000 0.000030 0.000648 0.488600 0.030000 1 1 1.000000
  1 0.645018 0.193090 14.846276 0.999999 -0.000992 0.000657 0.353000 0.951000 1 1 1.000000
handle
  1 0.645018 0.193090 14.846276 0.999999 -0.000992 0.000657 0.353000 0.951000 1 1 1.000000
  1 0.644752 -0.177943 14.747905 0.999999 -0.000942 0.000654 0.256500 0.948000 1 1 1.000000
  1 0.662980 -1.213885 -14.624522 0.999997 -0.002153 0.000660 -0.010200 0.030100 1 1 1.000000
handle
  1 0.644752 -0.177943 14.747905 0.999999 -0.000942 0.000654 0.256500 0.948000 1 1 1.000000
  1 0.644317 -0.548409 14.848233 1.000000 -0.000341 0.000564 0.160200 0.951100 1 1 1.000000
  1 0.662980 -1.213885 -14.624522 0.999997 -0.002153 0.000660 -0.010200 0.030100 1 1 1.000000
handle
  1 0.644317 -0.548409 14.848233 1.000000 -0.000341 0.000564 0.160200 0.951100 1 1 1.000000
  1 0.643823 -0.819115 15.120326 0.999981 -0.006055 0.000748 0.089800 0.959600 1 1 1.000000
  1 0.662980 -1.213885 -14.624522 0.999997 -0.002153 0.000660 -0.010200 0.030100 1 1 1.000000
handle
  1 0.643823 -0.819115 15.120326 0.999981 -0.006055 0.000748 0.089800 0.959600 1 1 1.000000
  1 0.642496 -0.917487 15.491359 0.999993 -0.003712 0.000750 0.064200 0.971200 1 1 1.000000
  1 0.662980 -1.213885 -14.624522 0.999997 -0.002153 0.000660 -0.010200 0.030100 1 1 1.000000
handle
  1 0.642496 -0.917487 15.491359 0.999993 -0.003712 0.000750 0.064200 0.971200 1 1 1.000000
  1 0.642306 -1.131397 15.462533 0.999998 -0.001493 0.000947 0.008600 0.970300 1 1 1.000000
  1 0.662980 -1.213885 -14.624522 0.999997 -0.002153 0.000660 -0.010200 0.030100 1 1 1.000000
handle
  1 0.642156 -0.984046 15.898082 0.999999 -0.001088 0.000726 0.046900 0.983900 1 1 1.000000
  1 0.642306 -1.131397 15.462533 0.999998 -0.001493 0.000947 0.008600 0.970300 1 1 1.000000
  1 0.642496 -0.917487 15.491359 0.999993 -0.003712 0.000750 0.064200 0.971200 1 1 1.000000
handle
  1 0.642496 -0.917487 15.491359 0.999993 -0.003712 0.000750 0.064200 0.971200 1 1 1.000000
  1 0.642368 -0.817159 15.861924 0.999999 -0.001131 0.000771 0.090200 0.982800 1 1 1.000000
  1 0.642156 -0.984046 15.898082 0.999999 -0.001088 0.000726 0.046900 0.983900 1 1 1.000000
handle
  1 0.642368 -0.817159 15.861924 0.999999 -0.001131 0.000771 0.090200 0.982800 1 1 1.000000
  1 0.642226 -0.631017 16.273659 1.000000 -0.000755 0.000372 0.138600 0.995600 1 1 1.000000
  1 0.642156 -0.984046 15.898082 0.999999 -0.001088 0.000726 0.046900 0.983900 1 1 1.000000
handle
  1 0.642368 -0.817159 15.861924 0.999999 -0.001131 0.000771 0.090200 0.982800 1 1 1.000000
  1 0.642475 -0.545065 16.132530 1.000000 -0.000793 0.000252 0.161000 0.991200 1 1 1.000000
  1 0.642226 -0.631017 16.273659 1.000000 -0.000755 0.000372 0.138600 0.995600 1 1 1.000000
handle
  1 0.642475 -0.545065 16.132530 1.000000 -0.000793 0.000252 0.161000 0.991200 1 1 1.000000
  1 0.642584 -0.172174 16.396000 1.000000 -0.000857 0.000153 0.257900 0.999500 1 1 1.000000
  1 0.642226 -0.631017 16.273659 1.000000 -0.000755 0.000372 0.138600 0.995600 1 1 1.000000
handle
  1 0.642475 -0.545065 16.132530 1.000000 -0.000793 0.000252 0.161000 0.991200 1 1 1.000000
  1 0.642740 -0.174031 16.230902 1.000000 -0.000854 0.000002 0.257400 0.994300 1 1 1.000000
  1 0.642584 -0.172174 16.396000 1.000000 -0.000857 0.000153 0.257900 0.999500 1 1 1.000000
handle
  1 0.642740 -0.174031 16.230902 1.000000 -0.000854 0.000002 0.257400 0.994300 1 1 1.000000
  1 0.643098 0.226509 16.350964 0.999999 -0.000563 0.000960 0.361500 0.998000 1 1 1.000000
  1 0.642584 -0.172174 16.396000 1.000000 -0.000857 0.000153 0.257900 0.999500 1 1 1.000000
handle
  1 0.643174 0.196534 16.130573 0.999999 -0.000819 0.001136 0.353800 0.991200 1 1 1.000000
  1 0.643098 0.226509 16.350964 0.999999 -0.000563 0.000960 0.361500 0.998000 1 1 1.000000
  1 0.642740 -0.174031 16.230902 1.000000 -0.000854 0.000002 0.257400 0.994300 1 1 1.000000
handle
  1 0.643716 0.612591 16.009630 0.999999 -0.000826 0.001169 0.462000 0.987400 1 1 1.000000
  1 0.643098 0.226509 16.350964 0.999999 -0.000563 0.000960 0.361500 0.998000 1 1 1.000000
  1 0.643174 0.196534 16.130573 0.999999 -0.000819 0.001136 0.353800 0.991200 1 1 1.000000
handle
  1 0.643174 0.196534 16.130573 0.999999 -0.000819 0.001136 0.353800 0.991200 1 1 1.000000
  1 0.643668 0.467239 15.858481 0.999999 -0.001003 0.000659 0.424200 0.982700 1 1 1.000000
  1 0.643716 0.612591 16.009630 0.999999 -0.000826 0.001169 0.462000 0.987400 1 1 1.000000
handle
  1 0.643668 0.467239 15.858481 0.999999 -0.001003 0.000659 0.424200 0.982700 1 1 1.000000
  1 0.644207 0.782000 15.457374 0.999998 -0.001440 0.001053 0.506100 0.970100 1 1 1.000000
  1 0.643716 0.612591 16.009630 0.999999 -0.000826 0.001169 0.462000 0.987400 1 1 1.000000
handle
  1 0.643668 0.467239 15.858481 0.999999 -0.001003 0.000659 0.424200 0.982700 1 1 1.000000
  1 0.643996 0.565611 15.487447 0.999997 0.002299 0.000745 0.449800 0.971100 1 1 1.000000
  1 0.644207 0.782000 15.457374 0.999998 -0.001440 0.001053 0.506100 0.970100 1 1 1.000000
handle
  1 0.643996 0.565611 15.487447 0.999997 0.002299 0.000745 0.449800 0.971100 1 1 1.000000
  1 0.664981 0.704512 -14.629683 1.000000 0.000030 0.000648 0.488600 0.030000 1 1 1.000000
  1 0.644207 0.782000 15.457374 0.999998 -0.001440 0.001053 0.506100 0.970100 1 1 1.000000
handle
  1 0.643996 0.565611 15.487447 0.999997 0.002299 0.000745 0.449800 0.971100 1 1 1.000000
  1 0.645124 0.465183 15.116983 0.999993 0.003606 0.000746 0.423700 0.959500 1 1 1.000000
  1 0.664981 0.704512 -14.629683 1.000000 0.000030 0.000648 0.488600 0.030000 1 1 1.000000
handle
  1 0.645124 0.465183 15.116983 0.999993 0.003606 0.000746 0.423700 0.959500 1 1 1.000000
  1 0.645018 0.193090 14.846276 0.999999 -0.000992 0.000657 0.353000 0.951000 1 1 1.000000
  1 0.664981 0.704512 -14.629683 1.000000 0.000030 0.000648 0.488600 0.030000 1 1 1.000000
handle
  1 0.004064 -0.554470 -15.735478 -0.086378 -0.366329 -0.926467 0.758200 0.000500 1 1 1.000000
  1 -0.601301 -0.610003 -15.545867 -0.261379 -0.251135 -0.931994 0.546600 0.006400 1 1 1.000000
  1 0.004763 0.062330 -15.735892 -0.005558 0.200464 -0.979685 0.758400 0.000500 1 1 1.000000
handle
  1 -0.601301 -0.610003 -15.545867 -0.261379 -0.251135 -0.931994 0.546600 0.006400 1 1 1.000000
  1 -0.600596 0.117390 -15.562118 -0.278318 0.444222 -0.851590 0.546800 0.005900 1 1 1.000000
  1 0.004763 0.062330 -15.735892 -0.005558 0.200464 -0.979685 0.758400 0.000500 1 1 1.000000
handle
  1 -0.600596 0.117390 -15.562118 -0.278318 0.444222 -0.851590 0.546800 0.005900 1 1 1.000000
  1 0.005025 0.612568 -15.336978 -0.006483 0.771064 -0.636724 0.758600 0.012800 1 1 1.000000
  1 0.004763 0.062330 -15.735892 -0.005558 0.200464 -0.979685 0.758400 0.000500 1 1 1.000000
handle
  1 -0.600468 0.574461 -15.066674 -0.280646 0.854472 -0.437168 0.546900 0.021200 1 1 1.000000
  1 0.005025 0.612568 -15.336978 -0.006483 0.771064 -0.636724 0.758600 0.012800 1 1 1.000000
  1 -0.600596 0.117390 -15.562118 -0.278318 0.444222 -0.851590 0.546800 0.005900 1 1 1.000000
handle
  1 -0.600468 0.574461 -15.066674 -0.280646 0.854472 -0.437168 0.546900 0.021200 1 1 1.000000
  1 0.004781 0.895012 -14.629277 0.038153 0.980055 -0.195027 0.758600 0.034700 1 1 1.000000
  1 0.005025 0.612568 -15.336978 -0.006483 0.771064 -0.636724 0.758600 0.012800 1 1 1.000000
handle
  1 -0.600718 0.710411 -14.630525 -0.299865 0.948972 -0.097637 0.546900 0.034700 1 1 1.000000
  1 0.004781 0.895012 -14.629277 0.038153 0.980055 -0.195027 0.758600 0.034700 1 1 1.000000
  1 -0.600468 0.574461 -15.066674 -0.280646 0.854472 -0.437168 0.546900 0.021200 1 1 1.000000
handle
  1 -0.600718 0.710411 -14.630525 -0.299865 0.948972 -0.097637 0.546900 0.034700 1 1 1.000000
  1 0.015607 0.974901 15.457789 -0.049828 0.989669 0.134431 0.766000 0.964700 1 1 1.000000
  1 0.004781 0.895012 -14.629277 0.038153 0.980055 -0.195027 0.758600 0.034700 1 1 1.000000
handle
  1 -0.621294 0.759301 15.459243 -0.317353 0.938367 0.136945 0.543300 0.964800 1 1 1.000000
  1 0.015607 0.974901 15.457789 -0.049828 0.989669 0.134431 0.766000 0.964700 1 1 1.000000
  1 -0.600718 0.710411 -14.630525 -0.299865 0.948972 -0.097637 0.546900 0.034700 1 1 1.000000
handle
  1 -0.621744 0.628552 15.895589 -0.354530 0.831604 0.427485 0.543200 0.978300 1 1 1.000000
  1 0.015607 0.974901 15.457789 -0.049828 0.989669 0.134431 0.766000 0.964700 1 1 1.000000
  1 -0.621294 0.759301 15.459243 -0.317353 0.938367 0.136945 0.543300 0.964800 1 1 1.000000
handle
  1 0.015607 0.974901 15.457789 -0.049828 0.989669 0.134431 0.766000 0.964700 1 1 1.000000
  1 -0.621744 0.628552 15.895589 -0.354530 0.831604 0.427485 0.543200 0.978300 1 1 1.000000
  1 -0.085753 0.841760 15.919801 -0.355245 0.848664 0.391879 0.730600 0.979000 1 1 1.000000
handle
  1 -0.092006 0.490514 16.364819 -0.325763 0.590068 0.738714 0.728500 0.992800 1 1 1.000000
  1 -0.085753 0.841760 15.919801 -0.355245 0.848664 0.391879 0.730600 0.979000 1 1 1.000000
  1 -0.621744 0.628552 15.895589 -0.354530 0.831604 0.427485 0.543200 0.978300 1 1 1.000000
handle
  1 -0.621744 0.628552 15.895589 -0.354530 0.831604 0.427485 0.543200 0.978300 1 1 1.000000
  1 -0.622484 0.248893 16.302818 -0.312002 0.413091 0.855576 0.543000 0.990800 1 1 1.000000
  1 -0.092006 0.490514 16.364819 -0.325763 0.590068 0.738714 0.728500 0.992800 1 1 1.000000
handle
  1 -0.092006 0.490514 16.364819 -0.325763 0.590068 0.738714 0.728500 0.992800 1 1 1.000000
  1 -0.622484 0.248893 16.302818 -0.312002 0.413091 0.855576 0.543000 0.990800 1 1 1.000000
  1 -0.092180 -0.198812 16.579157 -0.303537 0.013374 0.952726 0.728400 0.999400 1 1 1.000000
handle
  1 -0.622921 -0.171271 16.409264 -0.305533 -0.011796 0.952108 0.542800 0.994100 1 1 1.000000
  1 -0.092180 -0.198812 16.579157 -0.303537 0.013374 0.952726 0.728400 0.999400 1 1 1.000000
  1 -0.622484 0.248893 16.302818 -0.312002 0.413091 0.855576 0.543000 0.990800 1 1 1.000000
handle
  1 -0.623375 -0.644917 16.275528 -0.348396 -0.461424 0.815909 0.542700 0.990000 1 1 1.000000
  1 -0.092180 -0.198812 16.579157 -0.303537 0.013374 0.952726 0.728400 0.999400 1 1 1.000000
  1 -0.622921 -0.171271 16.409264 -0.305533 -0.011796 0.952108 0.542800 0.994100 1 1 1.000000
handle
  1 -0.623375 -0.644917 16.275528 -0.348396 -0.461424 0.815909 0.542700 0.990000 1 1 1.000000
  1 -0.092738 -0.717054 16.457634 -0.344391 -0.437711 0.830544 0.728200 0.995600 1 1 1.000000
  1 -0.092180 -0.198812 16.579157 -0.303537 0.013374 0.952726 0.728400 0.999400 1 1 1.000000
handle
  1 -0.093434 -1.047158 16.156849 -0.340003 -0.719209 0.605917 0.728000 0.986300 1 1 1.000000
  1 -0.092738 -0.717054 16.457634 -0.344391 -0.437711 0.830544 0.728200 0.995600 1 1 1.000000
  1 -0.623375 -0.644917 16.275528 -0.348396 -0.461424 0.815909 0.542700 0.990000 1 1 1.000000
handle
  1 -0.623345 -0.994246 15.899848 -0.334025 -0.852143 0.402839 0.542600 0.978400 1 1 1.000000
  1 -0.093434 -1.047158 16.156849 -0.340003 -0.719209 0.605917 0.728000 0.986300 1 1 1.000000
  1 -0.623375 -0.644917 16.275528 -0.348396 -0.461424 0.815909 0.542700 0.990000 1 1 1.000000
handle
  1 0.004763 0.062330 -15.735892 -0.005558 0.200464 -0.979685 0.758400 0.000500 1 1 1.000000
  1 0.665001 0.116092 -15.556081 0.265081 0.445895 -0.854932 0.989300 0.006100 1 1 1.000000
  1 0.664196 -0.611202 -15.539830 0.290805 -0.312618 -0.904269 0.989000 0.006500 1 1 1.000000
handle
  1 0.004763 0.062330 -15.735892 -0.005558 0.200464 -0.979685 0.758400 0.000500 1 1 1.000000
  1 0.005025 0.612568 -15.336978 -0.006483 0.771064 -0.636724 0.758600 0.012800 1 1 1.000000
  1 0.665001 0.116092 -15.556081 0.265081 0.445895 -0.854932 0.989300 0.006100 1 1 1.000000
handle
  1 0.665001 0.116092 -15.556081 0.265081 0.445895 -0.854932 0.989300 0.006100 1 1 1.000000
  1 0.005025 0.612568 -15.336978 -0.006483 0.771064 -0.636724 0.758600 0.012800 1 1 1.000000
  1 0.665130 0.573263 -15.060639 0.266137 0.858990 -0.437386 0.989400 0.021400 1 1 1.000000
handle
  1 0.005025 0.612568 -15.336978 -0.006483 0.771064 -0.636724 0.758600 0.012800 1 1 1.000000
  1 0.004781 0.895012 -14.629277 0.038153 0.980055 -0.195027 0.758600 0.034700 1 1 1.000000
  1 0.665130 0.573263 -15.060639 0.266137 0.858990 -0.437386 0.989400 0.021400 1 1 1.000000
handle
  1 0.665130 0.573263 -15.060639 0.266137 0.858990 -0.437386 0.989400 0.021400 1 1 1.000000
  1 0.004781 0.895012 -14.629277 0.038153 0.980055 -0.195027 0.758600 0.034700 1 1 1.000000
  1 0.664981 0.704512 -14.629683 0.274449 0.950935 -0.142833 0.989400 0.034700 1 1 1.000000
handle
  1 0.004781 0.895012 -14.629277 0.038153 0.980055 -0.195027 0.758600 0.034700 1 1 1.000000
  1 0.644207 0.782000 15.457374 0.286776 0.953467 0.093066 0.985800 0.964700 1 1 1.000000
  1 0.664981 0.704512 -14.629683 0.274449 0.950935 -0.142833 0.989400 0.034700 1 1 1.000000
handle
  1 0.015607 0.974901 15.457789 -0.049828 0.989669 0.134431 0.766000 0.964700 1 1 1.000000
  1 0.644207 0.782000 15.457374 0.286776 0.953467 0.093066 0.985800 0.964700 1 1 1.000000
  1 0.004781 0.895012 -14.629277 0.038153 0.980055 -0.195027 0.758600 0.034700 1 1 1.000000
handle
  1 -0.093840 -1.202552 15.885303 -0.338201 -0.882657 0.326398 0.727800 0.977900 1 1 1.000000
  1 -0.093434 -1.047158 16.156849 -0.340003 -0.719209 0.605917 0.728000 0.986300 1 1 1.000000
  1 -0.623345 -0.994246 15.899848 -0.334025 -0.852143 0.402839 0.542600 0.978400 1 1 1.000000
handle
  1 0.014006 -1.323396 15.463881 -0.023434 -0.995159 0.095438 0.765400 0.964900 1 1 1.000000
  1 -0.093840 -1.202552 15.885303 -0.338201 -0.882657 0.326398 0.727800 0.977900 1 1 1.000000
  1 -0.623345 -0.994246 15.899848 -0.334025 -0.852143 0.402839 0.542600 0.978400 1 1 1.000000
handle
  1 -0.623345 -0.994246 15.899848 -0.334025 -0.852143 0.402839 0.542600 0.978400 1 1 1.000000
  1 -0.623094 -1.137897 15.464198 -0.272852 -0.956509 0.103159 0.542700 0.964900 1 1 1.000000
  1 0.014006 -1.323396 15.463881 -0.023434 -0.995159 0.095438 0.765400 0.964900 1 1 1.000000
handle
  1 0.014006 -1.323396 15.463881 -0.023434 -0.995159 0.095438 0.765400 0.964900 1 1 1.000000
  1 -0.623094 -1.137897 15.464198 -0.272852 -0.956509 0.103159 0.542700 0.964900 1 1 1.000000
  1 0.002631 -1.384036 -14.771993 -0.049640 -0.982871 -0.177482 0.757800 0.030300 1 1 1.000000
handle
  1 0.002631 -1.384036 -14.771993 -0.049640 -0.982871 -0.177482 0.757800 0.030300 1 1 1.000000
  1 -0.623094 -1.137897 15.464198 -0.272852 -0.956509 0.103159 0.542700 0.964900 1 1 1.000000
  1 -0.602718 -1.217785 -14.625459 -0.288467 -0.950833 -0.112708 0.546200 0.034800 1 1 1.000000
handle
  1 0.002631 -1.384036 -14.771993 -0.049640 -0.982871 -0.177482 0.757800 0.030300 1 1 1.000000
  1 -0.602718 -1.217785 -14.625459 -0.288467 -0.950833 -0.112708 0.546200 0.034800 1 1 1.000000
  1 -0.602169 -1.111236 -15.061795 -0.294218 -0.783912 -0.546733 0.546300 0.021300 1 1 1.000000
handle
  1 0.002631 -1.384036 -14.771993 -0.049640 -0.982871 -0.177482 0.757800 0.030300 1 1 1.000000
  1 -0.602169 -1.111236 -15.061795 -0.294218 -0.783912 -0.546733 0.546300 0.021300 1 1 1.000000
  1 0.003242 -1.132747 -15.380677 0.024956 -0.750739 -0.660128 0.758000 0.011500 1 1 1.000000
handle
  1 0.003242 -1.132747 -15.380677 0.024956 -0.750739 -0.660128 0.758000 0.011500 1 1 1.000000
  1 -0.602169 -1.111236 -15.061795 -0.294218 -0.783912 -0.546733 0.546300 0.021300 1 1 1.000000
  1 0.004064 -0.554470 -15.735478 -0.086378 -0.366329 -0.926467 0.758200 0.000500 1 1 1.000000
handle
  1 0.004064 -0.554470 -15.735478 -0.086378 -0.366329 -0.926467 0.758200 0.000500 1 1 1.000000
  1 -0.602169 -1.111236 -15.061795 -0.294218 -0.783912 -0.546733 0.546300 0.021300 1 1 1.000000
  1 -0.601301 -0.610003 -15.545867 -0.261379 -0.251135 -0.931994 0.546600 0.006400 1 1 1.000000
handle
  1 0.643716 0.612591 16.009630 0.337459 0.834979 0.434662 0.985700 0.981800 1 1 1.000000
  1 0.150255 0.842652 15.895881 0.323271 0.873416 0.364199 0.813100 0.978300 1 1 1.000000
  1 0.151783 0.493224 16.395601 0.301931 0.582664 0.754546 0.813700 0.993700 1 1 1.000000
handle
  1 0.643098 0.226509 16.350964 0.340813 0.340420 0.876334 0.985500 0.992300 1 1 1.000000
  1 0.643716 0.612591 16.009630 0.337459 0.834979 0.434662 0.985700 0.981800 1 1 1.000000
  1 0.151783 0.493224 16.395601 0.301931 0.582664 0.754546 0.813700 0.993700 1 1 1.000000
handle
  1 0.151783 0.493224 16.395601 0.301931 0.582664 0.754546 0.813700 0.993700 1 1 1.000000
  1 0.155519 -0.142611 16.583422 0.319581 0.059315 0.945701 0.815000 0.999500 1 1 1.000000
  1 0.643098 0.226509 16.350964 0.340813 0.340420 0.876334 0.985500 0.992300 1 1 1.000000
handle
  1 0.643098 0.226509 16.350964 0.340813 0.340420 0.876334 0.985500 0.992300 1 1 1.000000
  1 0.155519 -0.142611 16.583422 0.319581 0.059315 0.945701 0.815000 0.999500 1 1 1.000000
  1 0.642584 -0.172174 16.396000 0.363184 -0.115299 0.924556 0.985300 0.993700 1 1 1.000000
handle
  1 0.155519 -0.142611 16.583422 0.319581 0.059315 0.945701 0.815000 0.999500 1 1 1.000000
  1 0.150963 -0.710054 16.457216 0.366399 -0.357478 0.859047 0.813400 0.995600 1 1 1.000000
  1 0.642584 -0.172174 16.396000 0.363184 -0.115299 0.924556 0.985300 0.993700 1 1 1.000000
handle
  1 0.642226 -0.631017 16.273659 0.393730 -0.514715 0.761607 0.985200 0.989900 1 1 1.000000
  1 0.642584 -0.172174 16.396000 0.363184 -0.115299 0.924556 0.985300 0.993700 1 1 1.000000
  1 0.150963 -0.710054 16.457216 0.366399 -0.357478 0.859047 0.813400 0.995600 1 1 1.000000
handle
  1 0.150963 -0.710054 16.457216 0.366399 -0.357478 0.859047 0.813400 0.995600 1 1 1.000000
  1 0.150446 -0.995138 16.214815 0.368910 -0.706044 0.604489 0.813200 0.988100 1 1 1.000000
  1 0.642226 -0.631017 16.273659 0.393730 -0.514715 0.761607 0.985200 0.989900 1 1 1.000000
handle
  1 0.642226 -0.631017 16.273659 0.393730 -0.514715 0.761607 0.985200 0.989900 1 1 1.000000
  1 0.150446 -0.995138 16.214815 0.368910 -0.706044 0.604489 0.813200 0.988100 1 1 1.000000
  1 0.642156 -0.984046 15.898082 0.376966 -0.800048 0.466712 0.985100 0.978300 1 1 1.000000
handle
  1 0.144799 -1.244190 15.771600 0.333596 -0.894900 0.296423 0.811200 0.974400 1 1 1.000000
  1 0.642156 -0.984046 15.898082 0.376966 -0.800048 0.466712 0.985100 0.978300 1 1 1.000000
  1 0.150446 -0.995138 16.214815 0.368910 -0.706044 0.604489 0.813200 0.988100 1 1 1.000000
handle
  1 0.642306 -1.131397 15.462533 0.324550 -0.935248 0.141346 0.985100 0.964800 1 1 1.000000
  1 0.642156 -0.984046 15.898082 0.376966 -0.800048 0.466712 0.985100 0.978300 1 1 1.000000
  1 0.144799 -1.244190 15.771600 0.333596 -0.894900 0.296423 0.811200 0.974400 1 1 1.000000
handle
  1 0.144799 -1.244190 15.771600 0.333596 -0.894900 0.296423 0.811200 0.974400 1 1 1.000000
  1 0.014006 -1.323396 15.463881 -0.023434 -0.995159 0.095438 0.765400 0.964900 1 1 1.000000
  1 0.642306 -1.131397 15.462533 0.324550 -0.935248 0.141346 0.985100 0.964800 1 1 1.000000
handle
  1 0.642306 -1.131397 15.462533 0.324550 -0.935248 0.141346 0.985100 0.964800 1 1 1.000000
  1 0.014006 -1.323396 15.463881 -0.023434 -0.995159 0.095438 0.765400 0.964900 1 1 1.000000
  1 0.662980 -1.213885 -14.624522 0.278435 -0.957762 -0.071873 0.988700 0.034800 1 1 1.000000
handle
  1 0.662980 -1.213885 -14.624522 0.278435 -0.957762 -0.071873 0.988700 0.034800 1 1 1.000000
  1 0.014006 -1.323396 15.463881 -0.023434 -0.995159 0.095438 0.765400 0.964900 1 1 1.000000
  1 0.002631 -1.384036 -14.771993 -0.049640 -0.982871 -0.177482 0.757800 0.030300 1 1 1.000000
handle
  1 0.663429 -1.112435 -15.055655 0.291960 -0.852433 -0.433725 0.988800 0.021500 1 1 1.000000
  1 0.662980 -1.213885 -14.624522 0.278435 -0.957762 -0.071873 0.988700 0.034800 1 1 1.000000
  1 0.002631 -1.384036 -14.771993 -0.049640 -0.982871 -0.177482 0.757800 0.030300 1 1 1.000000
handle
  1 0.003242 -1.132747 -15.380677 0.024956 -0.750739 -0.660128 0.758000 0.011500 1 1 1.000000
  1 0.663429 -1.112435 -15.055655 0.291960 -0.852433 -0.433725 0.988800 0.021500 1 1 1.000000
  1 0.002631 -1.384036 -14.771993 -0.049640 -0.982871 -0.177482 0.757800 0.030300 1 1 1.000000
handle
  1 0.664196 -0.611202 -15.539830 0.290805 -0.312618 -0.904269 0.989000 0.006500 1 1 1.000000
  1 0.663429 -1.112435 -15.055655 0.291960 -0.852433 -0.433725 0.988800 0.021500 1 1 1.000000
  1 0.003242 -1.132747 -15.380677 0.024956 -0.750739 -0.660128 0.758000 0.011500 1 1 1.000000
handle
  1 0.004064 -0.554470 -15.735478 -0.086378 -0.366329 -0.926467 0.758200 0.000500 1 1 1.000000
  1 0.664196 -0.611202 -15.539830 0.290805 -0.312618 -0.904269 0.989000 0.006500 1 1 1.000000
  1 0.003242 -1.132747 -15.380677 0.024956 -0.750739 -0.660128 0.758000 0.011500 1 1 1.000000
handle
  1 0.004763 0.062330 -15.735892 -0.005558 0.200464 -0.979685 0.758400 0.000500 1 1 1.000000
  1 0.664196 -0.611202 -15.539830 0.290805 -0.312618 -0.904269 0.989000 0.006500 1 1 1.000000
  1 0.004064 -0.554470 -15.735478 -0.086378 -0.366329 -0.926467 0.758200 0.000500 1 1 1.000000
end
