// Created by Crowbar 0.74
version 1
nodes
  0 "Bip01" -1
  1 "Bip01 Pelvis" 0
  2 "Bip01 Spine" 1
  3 "Bip01 Spine1" 2
  4 "Bip01 Spine2" 3
  5 "Bip01 Neck" 4
  6 "Bip01 Neck1" 5
  7 "Bip01 Head" 6
  8 "Bip01 L Clavicle" 5
  9 "Bip01 L UpperArm" 8
  10 "Bip01 L Forearm" 9
  11 "Bip01 L Hand" 10
  12 "Bip01 L Finger0" 11
  13 "Bip01 L Finger01" 12
  14 "Bip01 L Finger02" 13
  15 "Bip01 L Finger1" 11
  16 "Bip01 L Finger11" 15
  17 "Bip01 L Finger12" 16
  18 "Bip01 L Finger2" 11
  19 "Bip01 L Finger21" 18
  20 "Bip01 L Finger22" 19
  21 "Bip01 L Finger3" 11
  22 "Bip01 L Finger31" 21
  23 "Bip01 L Finger32" 22
  24 "LSleeve" 9
  25 "Bip01 R Clavicle" 5
  26 "Bip01 R UpperArm" 25
  27 "Bip01 R Forearm" 26
  28 "Bip01 R Hand" 27
  29 "Bip01 R Finger0" 28
  30 "Bip01 R Finger01" 29
  31 "Bip01 R Finger02" 30
  32 "Bip01 R Finger1" 28
  33 "Bip01 R Finger11" 32
  34 "Bip01 R Finger12" 33
  35 "Bip01 R Finger2" 28
  36 "Bip01 R Finger21" 35
  37 "Bip01 R Finger22" 36
  38 "Bip01 R Finger3" 28
  39 "Bip01 R Finger31" 38
  40 "Bip01 R Finger32" 39
  41 "RSleave" 26
  42 "Bip01 L Thigh" 2
  43 "Bip01 L Calf" 42
  44 "Bip01 L Foot" 43
  45 "Bip01 L Toe0" 44
  46 "Bip01 R Thigh" 2
  47 "Bip01 R Calf" 46
  48 "Bip01 R Foot" 47
  49 "Bip01 R Toe0" 48
  50 "RTentacle Bone Base" 1
  51 "Text04" 50
  52 "Text14" 51
  53 "Text15" 52
  54 "Text16" 53
  55 "Text17" 54
  56 "Text18" 55
  57 "Text19" 56
  58 "Text20" 57
  59 "Text21" 58
  60 "Text22" 59
  61 "Text23" 60
  62 "Text24" 61
  63 "LBack Flapa" 1
  64 "LBack Flapb" 63
  65 "RBack Flapa" 1
  66 "RBack Flapb" 65
  67 "RFront Flapa" 1
  68 "RFront Flapb" 67
  69 "Flap3a Helper" 1
  70 "Flap3b Helper" 69
  71 "Flap3c Helper" 70
  72 "LFront Flapa" 1
  73 "LFront Flapb" 72
  74 "muzzle" 28
  75 "Object08" 28
end
skeleton
  time 0
    0 -1.827941 5.338738 47.252328 0.024161 -0.041203 -2.357703
    1 0.623698 0.000000 0.000001 -3.141497 -1.554703 1.570706
    2 5.131857 -0.003106 -0.082027 -0.000879 0.016070 -0.054666
    3 3.906364 -0.003293 -0.000001 0.000000 0.000000 -0.030404
    4 4.136117 -0.008532 -0.000688 0.080551 0.047375 -0.012341
    5 10.751874 -0.002619 0.000050 -0.018636 0.003823 0.186243
    6 3.346653 -0.003644 -0.000028 0.007634 -0.014501 -0.038971
    7 4.579819 0.000000 0.000000 0.445962 -0.093152 -0.062468
    8 -3.297148 -1.150500 2.858143 1.636916 -1.207957 1.312944
    9 6.038856 -0.000001 -0.000005 0.739384 0.937804 -0.732901
    10 17.594561 0.000001 -0.000003 0.000000 0.000000 -0.758665
    11 17.982981 0.000000 0.000000 -2.347315 -0.016866 0.251919
    12 2.813689 0.799023 -0.493425 2.411861 0.529184 1.109476
    13 2.065374 0.000002 0.000000 0.000000 0.000000 0.649378
    14 2.094708 0.000001 -0.000001 0.000000 0.000000 1.093020
    15 7.521994 -0.014968 -1.158106 -0.027860 -0.069746 0.911640
    16 3.200831 0.000000 0.000002 0.000000 0.000000 1.665632
    17 2.731236 0.000002 0.000000 0.000000 0.000000 1.605775
    18 7.599246 -0.144515 0.591978 -0.045786 -0.060676 0.993575
    19 3.840997 0.000000 0.000001 0.000000 0.000000 1.756866
    20 3.277480 -0.000002 0.000001 0.000000 0.000000 1.937387
    21 7.447637 -0.525788 2.367265 -0.140593 -0.120304 1.040167
    22 1.595201 -0.000001 0.000002 0.000000 0.000000 0.255811
    23 1.772451 -0.000002 -0.000001 0.000000 0.000000 1.067979
    24 2.572627 0.731521 -2.511554 -0.244396 0.018184 3.134541
    25 -3.277620 -1.041106 -2.920651 -0.077777 1.370509 2.878310
    26 6.038853 0.000001 0.000000 -0.704131 -0.766623 -0.077271
    27 17.594557 -0.000001 0.000001 0.000000 0.000000 -0.266412
    28 17.982979 0.000000 0.000000 2.175407 0.378255 -1.035035
    29 2.813690 0.799022 0.493428 -2.853948 0.431188 1.731441
    30 2.065368 -0.000003 -0.000001 0.000000 0.000000 0.912348
    31 2.094713 -0.000001 0.000003 0.000000 0.000000 0.685149
    32 7.521999 -0.014967 1.158108 -0.175699 -0.043345 1.404093
    33 3.200828 0.000001 0.000001 0.000000 0.000000 1.350783
    34 2.731234 0.000000 -0.000005 0.000000 0.000000 0.924201
    35 7.599249 -0.144514 -0.591975 -0.160061 -0.087250 1.261723
    36 3.840996 0.000001 0.000001 0.000000 0.000000 1.649531
    37 3.277483 -0.000001 -0.000002 0.000000 0.000000 1.255814
    38 7.447633 -0.525791 -2.367259 0.127913 0.133733 0.940083
    39 1.595203 -0.000002 0.000000 0.000000 0.000000 0.756708
    40 1.772446 0.000001 -0.000001 0.000000 0.000000 1.255814
    41 2.963612 0.324628 1.962029 -2.408182 0.012915 -3.260935
    42 -5.226302 -0.279377 6.425844 3.026938 -0.281303 2.978559
    43 22.311966 0.000001 0.000001 0.000000 0.000000 -0.167206
    44 22.311962 0.000000 0.000001 -0.137324 -0.263310 -0.135294
    45 5.131752 6.470465 0.000000 0.000000 0.000000 1.570796
    46 -5.023180 -0.271532 -6.425843 -3.026009 0.247132 3.265206
    47 22.311956 0.000000 0.000001 0.000000 0.000000 -0.382305
    48 22.311954 -0.000002 0.000001 0.227809 0.224658 0.384429
    49 5.131751 6.470465 -0.000001 0.000000 0.000000 1.570796
    50 1.732520 13.268858 0.716685 3.141592 -1.570796 0.000000
    51 -0.224368 0.272608 -0.034535 0.034815 -0.023478 0.786257
    52 -3.202013 -5.156339 -3.786529 0.007581 -1.133452 1.405784
    53 -3.733108 0.041001 -0.441369 -0.162324 -0.245022 -0.031571
    54 -4.370892 0.256467 -0.688151 -2.301387 -0.306898 -0.126369
    55 -4.153721 0.214313 0.573277 -0.216178 0.266292 -0.091860
    56 -4.757324 0.015204 0.682457 0.011066 0.277979 0.008595
    57 -5.024030 -0.094535 0.767892 0.051809 0.309979 0.058417
    58 -5.308625 -0.122169 0.926331 0.030081 0.333853 0.054463
    59 -6.006158 -0.016663 1.103056 0.004494 0.369580 0.009981
    60 -5.367219 0.175064 1.281877 0.022383 0.533765 -0.081912
    61 -2.910325 0.240658 0.791366 0.369685 0.559336 -0.184797
    62 -3.693070 1.117883 1.176180 1.763559 0.498751 -0.565894
    63 -11.204095 -5.674611 9.498478 -1.116941 -1.424750 -0.272770
    64 -0.269144 -22.062255 -2.883622 0.091259 -0.012670 -0.034027
    65 -8.003747 -6.000107 -9.314304 1.582989 -1.375006 -2.926309
    66 1.291627 -15.514588 -3.241560 0.266129 0.000110 0.035727
    67 -12.521667 11.793075 -9.009840 1.428363 -1.376902 -2.928790
    68 0.785915 -24.943207 -6.367157 0.371503 -0.004990 0.055701
    69 -10.702515 8.802661 -6.746493 -1.525122 -1.256720 -0.181227
    70 -0.641307 -11.527774 1.210022 0.000000 0.000000 0.000000
    71 -0.227780 -19.832270 -4.903648 0.289431 -0.002108 0.043612
    72 -13.047045 10.771064 13.323422 -1.129221 -0.957515 -0.924874
    73 -0.991148 -23.090739 -3.102065 0.383765 -0.003385 -0.146953
    74 49.389534 35.067638 12.791991 -1.037544 0.423055 2.039819
    75 4.004553 6.047382 1.789419 -0.260261 0.121942 2.111929
  time 1
    0 -1.442268 3.748637 46.764032 0.024161 -0.034623 -2.357512
    1 0.623698 0.000000 0.000001 3.141497 -1.552870 1.570706
    2 5.131857 -0.003106 -0.089839 -0.000975 0.017904 -0.054666
    3 3.906364 -0.003293 -0.000001 0.000000 0.000000 -0.030404
    4 4.136117 -0.008532 -0.000688 0.080143 0.053355 -0.022338
    5 10.751874 -0.002619 0.000050 -0.018648 0.003823 0.186243
    6 3.346653 -0.003644 -0.000028 0.007658 -0.010379 -0.037234
    7 4.579819 0.000000 0.000000 0.445275 -0.093469 -0.049430
    8 -3.297148 -1.150500 2.858143 1.551138 -1.210612 1.404554
    9 6.038856 -0.000001 -0.000005 0.737899 0.937377 -0.720810
    10 17.594561 0.000001 -0.000003 0.000000 0.000000 -0.739078
    11 17.982981 0.000000 0.000000 -2.322305 -0.026935 0.239390
    12 2.813689 0.799023 -0.493425 2.411861 0.529184 1.109476
    13 2.065374 0.000002 0.000000 0.000000 0.000000 0.649378
    14 2.094708 0.000001 -0.000001 0.000000 0.000000 1.093020
    15 7.521994 -0.014968 -1.158106 -0.027860 -0.069746 0.911640
    16 3.200831 0.000000 0.000002 0.000000 0.000000 1.665632
    17 2.731236 0.000002 0.000000 0.000000 0.000000 1.605775
    18 7.599246 -0.144515 0.591978 -0.045786 -0.060676 0.993575
    19 3.840997 0.000000 0.000001 0.000000 0.000000 1.756866
    20 3.277480 -0.000002 0.000001 0.000000 0.000000 1.937387
    21 7.447637 -0.525788 2.367265 -0.140593 -0.120304 1.040167
    22 1.595201 -0.000001 0.000002 0.000000 0.000000 0.255811
    23 1.772451 -0.000002 -0.000001 0.000000 0.000000 1.067979
    24 2.572627 0.731521 -2.511554 -0.244361 0.018184 3.134541
    25 -3.277620 -1.041106 -2.920651 -0.106431 1.369995 2.850171
    26 6.038853 0.000001 0.000000 -0.776022 -0.749001 -0.071422
    27 17.594557 -0.000001 0.000001 0.000000 0.000000 -0.263707
    28 17.982979 0.000000 0.000000 2.195476 0.453971 -1.030461
    29 2.813690 0.799022 0.493428 -2.853948 0.431188 1.731441
    30 2.065368 -0.000003 -0.000001 0.000000 0.000000 0.912348
    31 2.094713 -0.000001 0.000003 0.000000 0.000000 0.685149
    32 7.521999 -0.014967 1.158108 -0.175699 -0.043345 1.404093
    33 3.200828 0.000001 0.000001 0.000000 0.000000 1.350783
    34 2.731234 0.000000 -0.000005 0.000000 0.000000 0.924201
    35 7.599249 -0.144514 -0.591975 -0.160061 -0.087250 1.261723
    36 3.840996 0.000001 0.000001 0.000000 0.000000 1.649531
    37 3.277483 -0.000001 -0.000002 0.000000 0.000000 1.255814
    38 7.447633 -0.525791 -2.367259 0.127913 0.133733 0.940103
    39 1.595203 -0.000002 0.000000 0.000000 0.000000 0.756708
    40 1.772446 0.000001 -0.000001 0.000000 0.000000 1.255814
    41 2.963612 0.324628 1.962029 -2.408182 0.012915 -3.260935
    42 -5.238021 -0.283284 6.425844 3.059608 -0.269856 2.841324
    43 22.311966 0.000001 0.000001 0.000000 0.000000 -0.456361
    44 22.311962 0.000000 0.000001 -0.143204 -0.240117 0.031369
    45 5.131752 6.470465 0.000000 0.000000 0.000000 1.570796
    46 -5.011461 -0.267625 -6.425843 -3.048432 0.287183 3.218756
    47 22.311956 0.000000 0.000001 0.000000 0.000000 -0.484295
    48 22.311954 -0.000002 0.000001 0.215482 0.279237 0.375407
    49 5.131751 6.470465 -0.000001 0.000000 0.000000 1.640558
    50 1.732520 13.268858 0.716685 3.141592 -1.570796 0.000000
    51 -0.224368 0.272608 -0.034535 0.028859 -0.020110 0.786257
    52 -3.186387 -5.132901 -3.829499 0.007713 -1.139875 1.410972
    53 -3.733108 0.041001 -0.441369 -0.162995 -0.245202 -0.030433
    54 -4.370892 0.252560 -0.692057 -2.334236 -0.307509 -0.125925
    55 -4.153721 0.194781 0.581089 -0.192080 0.269862 -0.082799
    56 -4.761230 0.007391 0.686363 0.016639 0.278913 0.012789
    57 -5.039655 -0.102348 0.775704 0.054865 0.310362 0.062588
    58 -5.339876 -0.133888 0.930238 0.031343 0.332378 0.057710
    59 -6.064753 -0.024476 1.103056 0.004862 0.365610 0.012136
    60 -5.414096 0.175064 1.277970 0.022371 0.529158 -0.080892
    61 -2.910325 0.240658 0.795273 0.375497 0.562577 -0.187851
    62 -3.669632 1.141321 1.176180 1.754934 0.499686 -0.580249
    63 -11.215814 -5.596484 9.377380 -0.768262 -1.460572 -0.576122
    64 -0.241799 -22.050536 -2.852371 0.078522 -0.012550 -0.043795
    65 -8.089687 -4.582095 -9.415870 1.615779 -1.361668 -2.920125
    66 0.342379 -15.674749 -2.343095 0.296054 -0.000286 0.036062
    67 -12.470885 11.859483 -8.869211 1.401593 -1.376902 -2.928790
    68 0.785915 -24.943207 -6.324187 0.378783 -0.004834 0.055881
    69 -10.702515 8.818287 -6.633208 -1.530806 -1.263137 -0.192070
    70 -0.641307 -11.527774 1.210022 0.015820 0.000000 0.000000
    71 -0.126214 -19.828363 -4.802082 0.280425 -0.002108 0.043612
    72 -13.023607 10.915599 13.241388 -1.026541 -0.927727 -1.033881
    73 -1.299752 -23.305590 -2.848151 0.308675 -0.006525 -0.135808
    74 49.389534 35.067638 12.791991 -1.037544 0.423055 2.039819
    75 4.004553 6.047382 1.789419 -0.260261 0.121942 2.111929
  time 2
    0 -1.076070 2.162672 46.482774 0.024149 -0.026929 -2.357320
    1 0.623698 0.000000 0.000001 3.141497 -1.550017 1.570706
    2 5.131857 -0.003106 -0.105465 -0.001131 0.020744 -0.054666
    3 3.906364 -0.003293 -0.000001 0.000000 0.000000 -0.030404
    4 4.136117 -0.008532 -0.000688 0.079572 0.059396 -0.033805
    5 10.751874 -0.002619 0.000050 -0.018648 0.003823 0.186243
    6 3.346653 -0.003644 -0.000028 0.007694 -0.005765 -0.035388
    7 4.579819 0.000000 0.000000 0.444392 -0.093238 -0.034557
    8 -3.297148 -1.150500 2.858143 1.456116 -1.210206 1.506033
    9 6.038856 -0.000001 -0.000005 0.744208 0.932285 -0.700388
    10 17.594561 0.000001 -0.000003 0.000000 0.000000 -0.726941
    11 17.982981 0.000000 0.000000 -2.297219 -0.036939 0.230705
    12 2.813689 0.799023 -0.493425 2.411861 0.529184 1.109476
    13 2.065374 0.000002 0.000000 0.000000 0.000000 0.649378
    14 2.094708 0.000001 -0.000001 0.000000 0.000000 1.093020
    15 7.521994 -0.014968 -1.158106 -0.027860 -0.069746 0.911640
    16 3.200831 0.000000 0.000002 0.000000 0.000000 1.665632
    17 2.731236 0.000002 0.000000 0.000000 0.000000 1.605775
    18 7.599246 -0.144515 0.591978 -0.045786 -0.060676 0.993575
    19 3.840997 0.000000 0.000001 0.000000 0.000000 1.756866
    20 3.277480 -0.000002 0.000001 0.000000 0.000000 1.937387
    21 7.447637 -0.525788 2.367265 -0.140593 -0.120304 1.040167
    22 1.595201 -0.000001 0.000002 0.000000 0.000000 0.255811
    23 1.772451 -0.000002 -0.000001 0.000000 0.000000 1.067979
    24 2.572627 0.731521 -2.511554 -0.244396 0.018184 3.134541
    25 -3.277620 -1.041106 -2.920651 -0.134994 1.369324 2.822241
    26 6.038853 0.000001 0.000000 -0.849108 -0.732138 -0.065362
    27 17.594557 -0.000001 0.000001 0.000000 0.000000 -0.261001
    28 17.982979 0.000000 0.000000 2.216780 0.529575 -1.023982
    29 2.813690 0.799022 0.493428 -2.853948 0.431188 1.731441
    30 2.065368 -0.000003 -0.000001 0.000000 0.000000 0.912348
    31 2.094713 -0.000001 0.000003 0.000000 0.000000 0.685149
    32 7.521999 -0.014967 1.158108 -0.175699 -0.043345 1.404093
    33 3.200828 0.000001 0.000001 0.000000 0.000000 1.350783
    34 2.731234 0.000000 -0.000005 0.000000 0.000000 0.924201
    35 7.599249 -0.144514 -0.591975 -0.160061 -0.087250 1.261723
    36 3.840996 0.000001 0.000001 0.000000 0.000000 1.649531
    37 3.277483 -0.000001 -0.000002 0.000000 0.000000 1.255852
    38 7.447633 -0.525791 -2.367259 0.127913 0.133733 0.940083
    39 1.595203 -0.000002 0.000000 0.000000 0.000000 0.756708
    40 1.772446 0.000001 -0.000001 0.000000 0.000000 1.255814
    41 2.963612 0.324628 1.962029 -2.408182 0.012915 -3.260935
    42 -5.253647 -0.283284 6.425844 3.064186 -0.248723 2.786986
    43 22.311966 0.000001 0.000001 0.000000 0.000000 -0.588057
    44 22.311962 0.000000 0.000001 -0.147308 -0.214694 0.120716
    45 5.131752 6.470465 0.000000 0.000000 0.000000 1.570796
    46 -4.991929 -0.267625 -6.425843 -3.088820 0.330253 3.123535
    47 22.311956 0.000000 0.000001 0.000000 0.000000 -0.654258
    48 22.311954 -0.000002 0.000001 0.173546 0.348075 0.291900
    49 5.131751 6.470465 -0.000001 0.000000 0.000000 1.710333
    50 1.732520 13.268858 0.716685 3.141592 -1.570796 0.000000
    51 -0.224368 0.272608 -0.034535 0.021404 -0.016671 0.786257
    52 -3.174668 -5.105556 -3.876375 0.007869 -1.147761 1.415909
    53 -3.733108 0.037095 -0.441369 -0.165176 -0.245393 -0.029318
    54 -4.370892 0.252560 -0.692057 -2.367449 -0.307761 -0.125973
    55 -4.153721 0.175249 0.588902 -0.166680 0.273069 -0.072960
    56 -4.765136 -0.000422 0.686363 0.022332 0.279501 0.017176
    57 -5.051374 -0.114067 0.775704 0.058017 0.310410 0.067022
    58 -5.371127 -0.141701 0.934144 0.032622 0.330820 0.061174
    59 -6.111630 -0.032289 1.103056 0.005230 0.362031 0.014501
    60 -5.457066 0.171157 1.274064 0.022421 0.525185 -0.079724
    61 -2.910325 0.244564 0.795273 0.382071 0.565413 -0.190465
    62 -3.646194 1.164759 1.176180 1.746788 0.499335 -0.593725
    63 -11.250971 -5.401166 9.053152 -0.216117 -1.477039 -1.086576
    64 -0.339458 -22.058349 -2.750805 0.044360 -0.013377 -0.054641
    65 -8.152189 -3.300805 -9.693222 1.641522 -1.345452 -2.911508
    66 -0.876408 -15.823191 -1.651668 0.295448 -0.000921 0.036386
    67 -12.345881 12.015738 -8.537169 1.373745 -1.376902 -2.928790
    68 0.782009 -24.951020 -6.214809 0.389100 -0.004606 0.056132
    69 -10.722047 8.888602 -6.453515 -1.538508 -1.282231 -0.195628
    70 -0.641307 -11.527774 1.210022 0.032694 0.000000 0.000000
    71 0.119887 -19.816644 -4.559887 0.270775 -0.002108 0.043612
    72 -12.933761 11.321862 13.038257 -0.919235 -0.914143 -1.118568
    73 -1.104433 -23.512627 -2.082503 0.199340 -0.009149 -0.108830
    74 49.389534 35.067638 12.791991 -1.037544 0.423055 2.039819
    75 4.004553 6.047382 1.789419 -0.260261 0.121942 2.111929
  time 3
    0 -0.674657 0.576939 46.564807 0.024149 -0.019235 -2.357128
    1 0.623698 0.000000 0.000001 3.141497 -1.546674 1.570706
    2 5.131857 -0.003106 -0.121090 -0.001322 0.024088 -0.054666
    3 3.906364 -0.003293 -0.000001 0.000000 0.000000 -0.030404
    4 4.136117 -0.008532 -0.000688 0.078946 0.065436 -0.045272
    5 10.751874 -0.002619 0.000050 -0.018636 0.003823 0.186243
    6 3.346653 -0.003644 -0.000028 0.007730 -0.000827 -0.033470
    7 4.579819 0.000000 0.000000 0.443289 -0.092633 -0.019399
    8 -3.297148 -1.150500 2.858143 1.358806 -1.206177 1.610004
    9 6.038856 -0.000001 -0.000005 0.751723 0.925584 -0.678623
    10 17.594561 0.000001 -0.000003 0.000000 0.000000 -0.714101
    11 17.982981 0.000000 0.000000 -2.272551 -0.043312 0.220363
    12 2.813689 0.799023 -0.493425 2.411861 0.529184 1.109476
    13 2.065374 0.000002 0.000000 0.000000 0.000000 0.649378
    14 2.094708 0.000001 -0.000001 0.000000 0.000000 1.093020
    15 7.521994 -0.014968 -1.158106 -0.027860 -0.069746 0.911640
    16 3.200831 0.000000 0.000002 0.000000 0.000000 1.665632
    17 2.731236 0.000002 0.000000 0.000000 0.000000 1.605775
    18 7.599246 -0.144515 0.591978 -0.045786 -0.060676 0.993575
    19 3.840997 0.000000 0.000001 0.000000 0.000000 1.756866
    20 3.277480 -0.000002 0.000001 0.000000 0.000000 1.937387
    21 7.447637 -0.525788 2.367265 -0.140593 -0.120304 1.040167
    22 1.595201 -0.000001 0.000002 0.000000 0.000000 0.255811
    23 1.772451 -0.000002 -0.000001 0.000000 0.000000 1.068011
    24 2.572627 0.731521 -2.511554 -0.244396 0.018184 3.134541
    25 -3.277620 -1.041106 -2.920651 -0.163240 1.368494 2.794519
    26 6.038853 0.000001 0.000000 -0.920521 -0.716034 -0.059556
    27 17.594557 -0.000001 0.000001 0.000000 0.000000 -0.259698
    28 17.982979 0.000000 0.000000 2.241414 0.600630 -1.011453
    29 2.813690 0.799022 0.493428 -2.853948 0.431188 1.731441
    30 2.065368 -0.000003 -0.000001 0.000000 0.000000 0.912348
    31 2.094713 -0.000001 0.000003 0.000000 0.000000 0.685149
    32 7.521999 -0.014967 1.158108 -0.175699 -0.043345 1.404093
    33 3.200828 0.000001 0.000001 0.000000 0.000000 1.350783
    34 2.731234 0.000000 -0.000005 0.000000 0.000000 0.924201
    35 7.599249 -0.144514 -0.591975 -0.160061 -0.087250 1.261723
    36 3.840996 0.000001 0.000001 0.000000 0.000000 1.649531
    37 3.277483 -0.000001 -0.000002 0.000000 0.000000 1.255814
    38 7.447633 -0.525791 -2.367259 0.127913 0.133733 0.940083
    39 1.595203 -0.000002 0.000000 0.000000 0.000000 0.756708
    40 1.772446 0.000001 -0.000001 0.000000 0.000000 1.255814
    41 2.963612 0.324628 1.962029 -2.408182 0.012915 -3.260935
    42 -5.277085 -0.283284 6.425844 3.054287 -0.222424 2.774380
    43 22.311966 0.000001 0.000001 0.000000 0.000000 -0.641632
    44 22.311962 0.000000 0.000001 -0.149492 -0.185989 0.172121
    45 5.131752 6.470465 0.000000 0.000000 0.000000 1.570796
    46 -4.972397 -0.267625 -6.425843 -3.083979 0.279734 3.102878
    47 22.311956 0.000000 0.000001 0.000000 0.000000 -0.600236
    48 22.311954 -0.000002 0.000001 0.201723 0.277662 0.407762
    49 5.131751 6.470465 -0.000001 0.000000 0.000000 1.707948
    50 1.732520 13.268858 0.716685 3.141592 -1.570796 0.000000
    51 -0.224368 0.272608 -0.034535 0.013603 -0.013591 0.786207
    52 -3.159043 -5.074305 -3.927158 0.008048 -1.155923 1.420159
    53 -3.733108 0.037095 -0.441369 -0.168645 -0.245549 -0.028359
    54 -4.370892 0.256467 -0.692057 -2.396021 -0.307737 -0.126548
    55 -4.153721 0.155717 0.596715 -0.143699 0.275642 -0.063924
    56 -4.772949 -0.012141 0.690269 0.027533 0.279824 0.021310
    57 -5.063094 -0.121879 0.779611 0.060701 0.310135 0.071001
    58 -5.398471 -0.153420 0.934144 0.033780 0.329203 0.064433
    59 -6.154600 -0.040101 1.099150 0.005553 0.358873 0.016919
    60 -5.484410 0.167251 1.270158 0.022320 0.522051 -0.077834
    61 -2.906418 0.244564 0.795273 0.388074 0.568828 -0.191567
    62 -3.626662 1.184291 1.180086 1.745830 0.500387 -0.604711
    63 -11.297848 -5.123813 8.584388 0.346828 -1.463089 -1.611336
    64 -0.319926 -22.054442 -2.637521 0.016703 -0.013293 -0.057745
    65 -8.191252 -2.187490 -10.040889 1.660158 -1.328770 -2.902208
    66 -1.563929 -15.916944 -1.085244 0.221525 -0.001532 0.036446
    67 -12.166188 12.250120 -8.048873 1.345076 -1.376902 -2.928790
    68 0.778102 -24.962739 -6.046835 0.401731 -0.004319 0.056432
    69 -10.757204 9.001886 -6.215226 -1.547585 -1.311944 -0.193595
    70 -0.641307 -11.527774 1.210022 0.050371 0.000000 0.000000
    71 0.479273 -19.801019 -4.208314 0.260595 -0.002108 0.043612
    72 -12.800944 11.876566 12.756998 -0.805889 -0.911351 -1.188359
    73 -0.659107 -23.684507 -1.129349 0.078749 -0.007579 -0.076760
    74 49.389534 35.067638 12.791991 -1.037544 0.423055 2.039819
    75 4.004553 6.047382 1.789419 -0.260261 0.121942 2.111929
  time 4
    0 -0.202872 -1.008564 46.717156 0.024149 -0.012644 -2.356984
    1 0.623698 0.000000 0.000001 3.141497 -1.543318 1.570706
    2 5.131857 -0.003106 -0.140622 -0.001502 0.027432 -0.054678
    3 3.906364 -0.003293 -0.000001 0.000000 0.000000 -0.030404
    4 4.136117 -0.008532 -0.000688 0.078334 0.071404 -0.055285
    5 10.751874 -0.002619 0.000050 -0.018636 0.003823 0.186243
    6 3.346653 -0.003644 -0.000028 0.007778 0.004302 -0.031517
    7 4.579819 0.000000 0.000000 0.441965 -0.091826 -0.005553
    8 -3.297148 -1.150500 2.858143 1.266166 -1.198838 1.709088
    9 6.038856 -0.000001 -0.000005 0.751815 0.921429 -0.664830
    10 17.594561 0.000001 -0.000003 0.000000 0.000000 -0.690484
    11 17.982981 0.000000 0.000000 -2.248758 -0.046030 0.202552
    12 2.813689 0.799023 -0.493425 2.411861 0.529184 1.109476
    13 2.065374 0.000002 0.000000 0.000000 0.000000 0.649378
    14 2.094708 0.000001 -0.000001 0.000000 0.000000 1.093020
    15 7.521994 -0.014968 -1.158106 -0.027860 -0.069746 0.911640
    16 3.200831 0.000000 0.000002 0.000000 0.000000 1.665632
    17 2.731236 0.000002 0.000000 0.000000 0.000000 1.605775
    18 7.599246 -0.144515 0.591978 -0.045786 -0.060676 0.993575
    19 3.840997 0.000000 0.000001 0.000000 0.000000 1.756866
    20 3.277480 -0.000002 0.000001 0.000000 0.000000 1.937387
    21 7.447637 -0.525788 2.367265 -0.140593 -0.120304 1.040167
    22 1.595201 -0.000001 0.000002 0.000000 0.000000 0.255811
    23 1.772451 -0.000002 -0.000001 0.000000 0.000000 1.067979
    24 2.572627 0.731521 -2.511554 -0.244396 0.018184 3.134541
    25 -3.277620 -1.041106 -2.920651 -0.191303 1.367486 2.767090
    26 6.038853 0.000001 0.000000 -0.989487 -0.700468 -0.056504
    27 17.594557 -0.000001 0.000001 0.000000 0.000000 -0.258345
    28 17.982979 0.000000 0.000000 2.271431 0.668144 -0.991348
    29 2.813690 0.799022 0.493428 -2.853948 0.431188 1.731441
    30 2.065368 -0.000003 -0.000001 0.000000 0.000000 0.912348
    31 2.094713 -0.000001 0.000003 0.000000 0.000000 0.685149
    32 7.521999 -0.014967 1.158108 -0.175699 -0.043345 1.404093
    33 3.200828 0.000001 0.000001 0.000000 0.000000 1.350783
    34 2.731234 0.000000 -0.000005 0.000000 0.000000 0.924201
    35 7.599249 -0.144514 -0.591975 -0.160061 -0.087250 1.261723
    36 3.840996 0.000001 0.000001 0.000000 0.000000 1.649531
    37 3.277483 -0.000001 -0.000002 0.000000 0.000000 1.255814
    38 7.447633 -0.525791 -2.367259 0.127913 0.133733 0.940083
    39 1.595203 -0.000002 0.000000 0.000000 0.000000 0.756708
    40 1.772446 0.000001 -0.000001 0.000000 0.000000 1.255814
    41 2.963612 0.324628 1.962029 -2.408182 0.012915 -3.260935
    42 -5.296617 -0.283284 6.425844 3.039318 -0.194177 2.772852
    43 22.311966 0.000001 0.000001 0.000000 0.000000 -0.673999
    44 22.311962 0.000000 0.000001 -0.149492 -0.155016 0.212091
    45 5.131752 6.470465 0.000000 0.000000 0.000000 1.570796
    46 -4.948959 -0.263719 -6.425843 -3.110021 0.227789 2.935719
    47 22.311956 0.000000 0.000001 0.000000 0.000000 -0.774246
    48 22.311954 -0.000002 0.000001 0.226576 0.203524 0.439139
    49 5.131751 6.470465 -0.000001 0.000000 0.000000 1.700985
    50 1.732520 13.268858 0.716685 3.141592 -1.570796 0.000000
    51 -0.224368 0.272608 -0.034535 0.006568 -0.011301 0.786158
    52 -3.151230 -5.046960 -3.970128 0.008204 -1.163185 1.423034
    53 -3.733108 0.033189 -0.441369 -0.173429 -0.245705 -0.027772
    54 -4.370892 0.256467 -0.692057 -2.414948 -0.307414 -0.127963
    55 -4.157628 0.140092 0.600621 -0.125742 0.277563 -0.056709
    56 -4.776855 -0.019954 0.690269 0.031656 0.280208 0.024714
    57 -5.078719 -0.133598 0.783517 0.062870 0.309967 0.074404
    58 -5.429722 -0.161233 0.938050 0.034696 0.327633 0.067270
    59 -6.197570 -0.047914 1.099150 0.005829 0.355685 0.019231
    60 -5.515661 0.163345 1.266251 0.022028 0.519249 -0.075349
    61 -2.902512 0.240658 0.799179 0.393505 0.573357 -0.191535
    62 -3.603223 1.199916 1.183992 1.751101 0.503747 -0.614769
    63 -11.352537 -4.799585 8.041402 0.701600 -1.428250 -1.931166
    64 0.016021 -22.015379 -2.528142 0.000882 -0.011843 -0.053466
    65 -8.222503 -1.269493 -10.369024 1.671747 -1.313957 -2.894119
    66 -1.895970 -15.944288 -0.718045 0.117098 -0.002215 0.036494
    67 -11.935712 12.539191 -7.439480 1.315783 -1.376902 -2.928790
    68 0.770289 -24.978364 -5.828079 0.416002 -0.004007 0.056780
    69 -10.804080 9.146422 -5.933968 -1.557487 -1.350229 -0.187157
    70 -0.641307 -11.527774 1.210022 0.068576 0.000000 0.000000
    71 0.924599 -19.781487 -3.770801 0.249924 -0.002108 0.043612
    72 -12.648596 12.485960 12.444489 -0.689030 -0.913682 -1.249073
    73 -0.213781 -23.797792 -0.316824 -0.030058 -0.001599 -0.050741
    74 49.389534 35.067638 12.791991 -1.037544 0.423055 2.039819
    75 4.004553 6.047382 1.789419 -0.260261 0.121942 2.111929
  time 5
    0 0.393973 -2.589930 46.916381 0.024149 -0.008269 -2.356888
    1 0.623698 0.000000 0.000001 3.141497 -1.540478 1.570706
    2 5.131857 -0.003106 -0.152341 -0.001658 0.030272 -0.054678
    3 3.906364 -0.003293 -0.000001 0.000000 0.000000 -0.030404
    4 4.136117 -0.008532 -0.000688 0.077859 0.077217 -0.062391
    5 10.751874 -0.002619 0.000050 -0.018636 0.003823 0.186243
    6 3.346653 -0.003644 -0.000028 0.007838 0.009480 -0.029551
    7 4.579819 0.000000 0.000000 0.440470 -0.090991 0.005411
    8 -3.297148 -1.150500 2.858143 1.183914 -1.189156 1.797248
    9 6.038856 -0.000001 -0.000005 0.742909 0.919209 -0.660351
    10 17.594561 0.000001 -0.000003 0.000000 0.000000 -0.658947
    11 17.982981 0.000000 0.000000 -2.225724 -0.047378 0.179769
    12 2.813689 0.799023 -0.493425 2.411861 0.529184 1.109476
    13 2.065374 0.000002 0.000000 0.000000 0.000000 0.649378
    14 2.094708 0.000001 -0.000001 0.000000 0.000000 1.093020
    15 7.521994 -0.014968 -1.158106 -0.027860 -0.069746 0.911640
    16 3.200831 0.000000 0.000002 0.000000 0.000000 1.665632
    17 2.731236 0.000002 0.000000 0.000000 0.000000 1.605775
    18 7.599246 -0.144515 0.591978 -0.045786 -0.060676 0.993575
    19 3.840997 0.000000 0.000001 0.000000 0.000000 1.756866
    20 3.277480 -0.000002 0.000001 0.000000 0.000000 1.937387
    21 7.447637 -0.525788 2.367265 -0.140593 -0.120304 1.040167
    22 1.595201 -0.000001 0.000002 0.000000 0.000000 0.255811
    23 1.772451 -0.000002 -0.000001 0.000000 0.000000 1.067979
    24 2.572627 0.731521 -2.511554 -0.244396 0.018184 3.134541
    25 -3.277620 -1.041106 -2.920651 -0.219049 1.366340 2.739911
    26 6.038853 0.000001 0.000000 -1.054452 -0.685313 -0.057649
    27 17.594557 -0.000001 0.000001 0.000000 0.000000 -0.256695
    28 17.982979 0.000000 0.000000 2.306793 0.733683 -0.964717
    29 2.813690 0.799022 0.493428 -2.853948 0.431188 1.731441
    30 2.065368 -0.000003 -0.000001 0.000000 0.000000 0.912348
    31 2.094713 -0.000001 0.000003 0.000000 0.000000 0.685149
    32 7.521999 -0.014967 1.158108 -0.175699 -0.043345 1.404093
    33 3.200828 0.000001 0.000001 0.000000 0.000000 1.350783
    34 2.731234 0.000000 -0.000005 0.000000 0.000000 0.924201
    35 7.599249 -0.144514 -0.591975 -0.160061 -0.087250 1.261723
    36 3.840996 0.000001 0.000001 0.000000 0.000000 1.649531
    37 3.277483 -0.000001 -0.000002 0.000000 0.000000 1.255814
    38 7.447633 -0.525791 -2.367259 0.127913 0.133733 0.940083
    39 1.595203 -0.000002 0.000000 0.000000 0.000000 0.756708
    40 1.772446 0.000001 -0.000001 0.000000 0.000000 1.255814
    41 2.963612 0.324628 1.962029 -2.408182 0.012915 -3.260935
    42 -5.316149 -0.287190 6.425844 3.020538 -0.163261 2.779473
    43 22.311966 0.000001 0.000001 0.000000 0.000000 -0.690793
    44 22.311962 0.000000 0.000001 -0.147308 -0.121113 0.242783
    45 5.131752 6.470465 0.000000 0.000000 0.000000 1.570796
    46 -4.933334 -0.263719 -6.425843 -3.111699 0.170656 2.806428
    47 22.311956 0.000000 0.000001 0.000000 0.000000 -0.867716
    48 22.311954 -0.000002 0.000001 0.242866 0.126003 0.443626
    49 5.131751 6.470465 -0.000001 0.000000 0.000000 1.689899
    50 1.732520 13.268858 0.716685 3.141592 -1.570796 0.000000
    51 -0.224368 0.272608 -0.034535 0.001474 -0.010223 0.786058
    52 -3.147324 -5.027429 -3.997473 0.008324 -1.168399 1.423846
    53 -3.733108 0.033189 -0.441369 -0.179460 -0.245729 -0.027772
    54 -4.370892 0.264280 -0.688151 -2.418861 -0.306551 -0.130599
    55 -4.157628 0.132279 0.604528 -0.115415 0.278850 -0.052622
    56 -4.780762 -0.023860 0.694176 0.034544 0.280759 0.027171
    57 -5.090438 -0.137505 0.783517 0.064560 0.310267 0.077173
    58 -5.457067 -0.169046 0.938050 0.035335 0.326410 0.069479
    59 -6.244446 -0.051821 1.099150 0.006059 0.352617 0.021123
    60 -5.550819 0.159438 1.262345 0.021774 0.516305 -0.073289
    61 -2.898606 0.240658 0.803086 0.399126 0.578016 -0.191976
    62 -3.579785 1.215542 1.191805 1.754359 0.507019 -0.625804
    63 -11.407226 -4.455824 7.482791 0.899434 -1.386184 -2.097372
    64 0.613696 -21.945064 -2.414858 -0.016031 -0.010249 -0.048121
    65 -8.245942 -0.574160 -10.576061 1.676098 -1.303363 -2.888869
    66 -1.931128 -15.924756 -0.522727 0.030798 -0.002719 0.036554
    67 -11.670079 12.875139 -6.740240 1.286108 -1.376902 -2.928790
    68 0.762477 -24.997896 -5.558539 0.431212 -0.003684 0.057139
    69 -10.854863 9.318302 -5.625365 -1.567572 -1.395052 -0.177923
    70 -0.641307 -11.527774 1.210022 0.087044 0.000000 0.000000
    71 1.428521 -19.754142 -3.270786 0.238836 -0.002108 0.043612
    72 -12.488435 13.040664 12.143698 -0.574399 -0.915524 -1.303143
    73 -0.022369 -23.817324 0.026937 -0.104165 0.005616 -0.041453
    74 49.389534 35.067638 12.791991 -1.037544 0.423055 2.039819
    75 4.004553 6.047382 1.789419 -0.260261 0.121942 2.111929
  time 6
    0 1.080722 -4.174972 47.131231 0.024149 -0.007227 -2.356840
    1 0.623698 0.000000 0.000001 3.141497 -1.538632 1.570706
    2 5.131857 -0.003106 -0.164061 -0.001754 0.032118 -0.054690
    3 3.906364 -0.003293 -0.000001 0.000000 0.000000 -0.030404
    4 4.136117 -0.008532 -0.000688 0.077655 0.082826 -0.065104
    5 10.751874 -0.002619 0.000050 -0.018636 0.003823 0.186243
    6 3.346653 -0.003644 -0.000028 0.007910 0.014573 -0.027610
    7 4.579819 0.000000 0.000000 0.438949 -0.090342 0.011920
    8 -3.297148 -1.150500 2.858143 1.116436 -1.178818 1.869788
    9 6.038856 -0.000001 -0.000005 0.727323 0.916011 -0.660978
    10 17.594561 0.000001 -0.000003 0.000000 0.000000 -0.628348
    11 17.982981 0.000000 0.000000 -2.202767 -0.046704 0.157604
    12 2.813689 0.799023 -0.493425 2.411861 0.529184 1.109476
    13 2.065374 0.000002 0.000000 0.000000 0.000000 0.649378
    14 2.094708 0.000001 -0.000001 0.000000 0.000000 1.093020
    15 7.521994 -0.014968 -1.158106 -0.027860 -0.069746 0.911640
    16 3.200831 0.000000 0.000002 0.000000 0.000000 1.665632
    17 2.731236 0.000002 0.000000 0.000000 0.000000 1.605775
    18 7.599246 -0.144515 0.591978 -0.045786 -0.060676 0.993575
    19 3.840997 0.000000 0.000001 0.000000 0.000000 1.756866
    20 3.277480 -0.000002 0.000001 0.000000 0.000000 1.937387
    21 7.447637 -0.525788 2.367265 -0.140593 -0.120304 1.040167
    22 1.595201 -0.000001 0.000002 0.000000 0.000000 0.255811
    23 1.772451 -0.000002 -0.000001 0.000000 0.000000 1.067979
    24 2.572627 0.731521 -2.511554 -0.244396 0.018184 3.134541
    25 -3.277620 -1.041106 -2.920651 -0.246386 1.365056 2.713108
    26 6.038853 0.000001 0.000000 -1.111833 -0.670380 -0.061675
    27 17.594557 -0.000001 0.000001 0.000000 0.000000 -0.258015
    28 17.982979 0.000000 0.000000 2.346340 0.793629 -0.932036
    29 2.813690 0.799022 0.493428 -2.853948 0.431188 1.731441
    30 2.065368 -0.000003 -0.000001 0.000000 0.000000 0.912348
    31 2.094713 -0.000001 0.000003 0.000000 0.000000 0.685149
    32 7.521999 -0.014967 1.158108 -0.175699 -0.043345 1.404093
    33 3.200828 0.000001 0.000001 0.000000 0.000000 1.350783
    34 2.731234 0.000000 -0.000005 0.000000 0.000000 0.924201
    35 7.599249 -0.144514 -0.591975 -0.160061 -0.087250 1.261723
    36 3.840996 0.000001 0.000001 0.000000 0.000000 1.649531
    37 3.277483 -0.000001 -0.000002 0.000000 0.000000 1.255814
    38 7.447633 -0.525791 -2.367259 0.127913 0.133733 0.940083
    39 1.595203 -0.000002 0.000000 0.000000 0.000000 0.756708
    40 1.772446 0.000001 -0.000001 0.000000 0.000000 1.255814
    41 2.963612 0.324628 1.962029 -2.408182 0.012915 -3.260935
    42 -5.327868 -0.287190 6.425844 2.998990 -0.130454 2.794117
    43 22.311966 0.000001 0.000001 0.000000 0.000000 -0.694920
    44 22.311962 0.000000 0.000001 -0.142796 -0.085347 0.266120
    45 5.131752 6.470465 0.000000 0.000000 0.000000 1.570796
    46 -4.921615 -0.263719 -6.425843 -3.093087 0.112142 2.732357
    47 22.311956 0.000000 0.000001 0.000000 0.000000 -0.861728
    48 22.311954 -0.000002 0.000001 0.248061 0.037553 0.450388
    49 5.131751 6.470465 -0.000001 0.000000 0.000000 1.675445
    50 1.732520 13.268858 0.716685 3.141592 -1.570796 0.000000
    51 -0.224368 0.272608 -0.034535 -0.000551 -0.010774 0.786058
    52 -3.147324 -5.019616 -4.009192 0.008372 -1.170340 1.421846
    53 -3.733108 0.037095 -0.441369 -0.185992 -0.245633 -0.028515
    54 -4.370892 0.272092 -0.688151 -2.406121 -0.305268 -0.134183
    55 -4.157628 0.132279 0.604528 -0.113833 0.279285 -0.052203
    56 -4.780762 -0.023860 0.694176 0.035419 0.281526 0.027986
    57 -5.098251 -0.141411 0.787424 0.065459 0.310938 0.078719
    58 -5.480505 -0.172952 0.941957 0.035646 0.325739 0.070758
    59 -6.279604 -0.055727 1.099150 0.006106 0.350271 0.021964
    60 -5.578163 0.155532 1.262345 0.021660 0.513756 -0.072333
    61 -2.894699 0.240658 0.803086 0.404081 0.581764 -0.193204
    62 -3.560253 1.231167 1.195712 1.752826 0.508713 -0.636252
    63 -11.454102 -4.123783 6.982776 1.014737 -1.343842 -2.184333
    64 1.328561 -21.863030 -2.289854 -0.033574 -0.008476 -0.041925
    65 -8.277192 -0.128834 -10.576061 1.672730 -1.299372 -2.887827
    66 -1.731903 -15.866161 -0.464131 0.011284 -0.002779 0.036589
    67 -11.381008 13.238431 -5.978498 1.256291 -1.376902 -2.928790
    68 0.754664 -25.017428 -5.253842 0.446712 -0.003348 0.057523
    69 -10.917365 9.505808 -5.297230 -1.575916 -1.444451 -0.168774
    70 -0.641307 -11.527774 1.210022 0.105512 0.000000 0.000000
    71 1.959787 -19.722891 -2.735613 0.227446 -0.002108 0.043612
    72 -12.343899 13.443020 11.897597 -0.470605 -0.911495 -1.350090
    73 -0.061433 -23.614193 0.187098 -0.135490 0.012064 -0.054288
    74 49.389534 35.067638 12.791991 -1.037544 0.423055 2.039819
    75 4.004553 6.047382 1.789419 -0.260261 0.121942 2.111929
  time 7
    0 1.763622 -5.748063 47.342175 0.024149 -0.009971 -2.356936
    1 0.623698 0.000000 0.000001 3.141592 -1.538308 1.570706
    2 5.131857 -0.003106 -0.164061 -0.001778 0.032441 -0.054690
    3 3.906364 -0.003293 -0.000001 0.000000 0.000000 -0.030404
    4 4.136117 -0.008532 -0.000688 0.078144 0.089010 -0.059064
    5 10.751874 -0.002619 0.000050 -0.018636 0.003823 0.186243
    6 3.346653 -0.003644 -0.000028 0.007994 0.019415 -0.025704
    7 4.579819 0.000000 0.000000 0.437429 -0.091092 0.009517
    8 -3.297148 -1.150500 2.858143 1.066399 -1.169668 1.923738
    9 6.038856 -0.000001 -0.000005 0.703480 0.908047 -0.667427
    10 17.594561 0.000001 -0.000003 0.000000 0.000000 -0.605855
    11 17.982981 0.000000 0.000000 -2.178935 -0.043029 0.140920
    12 2.813689 0.799023 -0.493425 2.411861 0.529184 1.109476
    13 2.065374 0.000002 0.000000 0.000000 0.000000 0.649378
    14 2.094708 0.000001 -0.000001 0.000000 0.000000 1.093020
    15 7.521994 -0.014968 -1.158106 -0.027860 -0.069734 0.911640
    16 3.200831 0.000000 0.000002 0.000000 0.000000 1.665632
    17 2.731236 0.000002 0.000000 0.000000 0.000000 1.605775
    18 7.599246 -0.144515 0.591978 -0.045786 -0.060676 0.993575
    19 3.840997 0.000000 0.000001 0.000000 0.000000 1.756866
    20 3.277480 -0.000002 0.000001 0.000000 0.000000 1.937387
    21 7.447637 -0.525788 2.367265 -0.140593 -0.120304 1.040167
    22 1.595201 -0.000001 0.000002 0.000000 0.000000 0.255811
    23 1.772451 -0.000002 -0.000001 0.000000 0.000000 1.067979
    24 2.572627 0.731521 -2.511554 -0.244396 0.018184 3.134541
    25 -3.277620 -1.041106 -2.920651 -0.273224 1.363633 2.686848
    26 6.038853 0.000001 0.000000 -1.154586 -0.653770 -0.069854
    27 17.594557 -0.000001 0.000001 0.000000 0.000000 -0.265555
    28 17.982979 0.000000 0.000000 2.387865 0.844442 -0.894590
    29 2.813690 0.799022 0.493428 -2.853948 0.431188 1.731441
    30 2.065368 -0.000003 -0.000001 0.000000 0.000000 0.912348
    31 2.094713 -0.000001 0.000003 0.000000 0.000000 0.685149
    32 7.521999 -0.014967 1.158108 -0.175699 -0.043345 1.404093
    33 3.200828 0.000001 0.000001 0.000000 0.000000 1.350783
    34 2.731234 0.000000 -0.000005 0.000000 0.000000 0.924201
    35 7.599249 -0.144514 -0.591975 -0.160061 -0.087250 1.261723
    36 3.840996 0.000001 0.000001 0.000000 0.000000 1.649531
    37 3.277483 -0.000001 -0.000002 0.000000 0.000000 1.255814
    38 7.447633 -0.525791 -2.367259 0.127913 0.133733 0.940083
    39 1.595203 -0.000002 0.000000 0.000000 0.000000 0.756708
    40 1.772446 0.000001 -0.000001 0.000000 0.000000 1.255814
    41 2.963612 0.324628 1.962029 -2.408182 0.012915 -3.260935
    42 -5.331774 -0.287190 6.425844 2.976135 -0.097344 2.817166
    43 22.311966 0.000001 0.000001 0.000000 0.000000 -0.688676
    44 22.311962 0.000000 0.000001 -0.135980 -0.049931 0.284442
    45 5.131752 6.470465 0.000000 0.000000 0.000000 1.570796
    46 -4.917708 -0.263719 -6.425843 -3.066433 0.055342 2.683585
    47 22.311956 0.000000 0.000001 0.000000 0.000000 -0.813101
    48 22.311954 -0.000002 0.000001 0.241942 -0.050282 0.436575
    49 5.131751 6.470465 -0.000001 0.000000 0.000000 1.658619
    50 1.732520 13.268858 0.716685 3.141592 -1.570796 0.000000
    51 -0.224368 0.272608 -0.034535 0.001139 -0.012955 0.786108
    52 -3.159043 -5.027429 -3.993566 0.008324 -1.168351 1.417346
    53 -3.733108 0.037095 -0.441369 -0.191182 -0.245453 -0.029905
    54 -4.370892 0.279905 -0.684245 -2.378095 -0.303591 -0.137946
    55 -4.157628 0.140092 0.604528 -0.122579 0.278814 -0.056217
    56 -4.780762 -0.023860 0.698082 0.034281 0.282113 0.027087
    57 -5.098251 -0.141411 0.791330 0.065411 0.311801 0.078695
    58 -5.488318 -0.172952 0.945863 0.035560 0.325787 0.070710
    59 -6.303042 -0.055727 1.099150 0.006059 0.349038 0.021912
    60 -5.593789 0.155532 1.258439 0.021635 0.512252 -0.072524
    61 -2.890793 0.240658 0.803086 0.406749 0.584036 -0.194936
    62 -3.544628 1.242887 1.195712 1.748321 0.509210 -0.643381
    63 -11.485353 -3.842524 6.596046 1.084436 -1.304737 -2.228749
    64 2.027801 -21.784903 -2.133599 -0.051221 -0.006474 -0.035070
    65 -8.312350 -0.089770 -10.302616 1.660985 -1.302763 -2.891326
    66 -1.352985 -15.784127 -0.514914 0.061181 -0.002395 0.036578
    67 -11.080217 13.617349 -5.185505 1.226516 -1.376902 -2.928790
    68 0.742945 -25.040866 -4.917894 0.461778 -0.003037 0.057906
    69 -10.979867 9.701126 -4.969095 -1.573165 -1.496406 -0.170045
    70 -0.641307 -11.527774 1.210022 0.123729 0.000000 0.000000
    71 2.494960 -19.683828 -2.188721 0.215790 -0.002108 0.043612
    72 -12.234521 13.583649 11.749155 -0.388144 -0.896730 -1.387222
    73 -0.131747 -23.184492 0.577735 -0.139418 0.018320 -0.081997
    74 49.389534 35.067638 12.791991 -1.037544 0.423055 2.039819
    75 4.004553 6.047382 1.789419 -0.260261 0.121942 2.111929
  time 8
    0 2.356732 -7.297486 47.521868 0.024149 -0.015604 -2.357080
    1 0.623698 0.000000 0.000001 -3.141497 -1.539998 1.570706
    2 5.131857 -0.003106 -0.156248 -0.001682 0.030763 -0.054678
    3 3.906364 -0.003293 -0.000001 0.000000 0.000000 -0.030404
    4 4.136117 -0.008532 -0.000688 0.079354 0.095769 -0.044819
    5 10.751874 -0.002619 0.000050 -0.018636 0.003823 0.186243
    6 3.346653 -0.003644 -0.000028 0.008078 0.023873 -0.023895
    7 4.579819 0.000000 0.000000 0.436081 -0.093397 -0.001294
    8 -3.297148 -1.150500 2.858143 1.035900 -1.163609 1.956702
    9 6.038856 -0.000001 -0.000005 0.667947 0.898332 -0.683102
    10 17.594561 0.000001 -0.000003 0.000000 0.000000 -0.588751
    11 17.982981 0.000000 0.000000 -2.154039 -0.034134 0.128699
    12 2.813689 0.799023 -0.493425 2.411861 0.529184 1.109476
    13 2.065374 0.000002 0.000000 0.000000 0.000000 0.649378
    14 2.094708 0.000001 -0.000001 0.000000 0.000000 1.093020
    15 7.521994 -0.014968 -1.158106 -0.027860 -0.069746 0.911640
    16 3.200831 0.000000 0.000002 0.000000 0.000000 1.665632
    17 2.731236 0.000002 0.000000 0.000000 0.000000 1.605775
    18 7.599246 -0.144515 0.591978 -0.045786 -0.060676 0.993575
    19 3.840997 0.000000 0.000001 0.000000 0.000000 1.756866
    20 3.277480 -0.000002 0.000001 0.000000 0.000000 1.937387
    21 7.447637 -0.525788 2.367265 -0.140593 -0.120304 1.040167
    22 1.595201 -0.000001 0.000002 0.000000 0.000000 0.255811
    23 1.772451 -0.000002 -0.000001 0.000000 0.000000 1.068011
    24 2.572627 0.731521 -2.511554 -0.244396 0.018184 3.134541
    25 -3.277620 -1.041106 -2.920651 -0.296611 1.362230 2.663969
    26 6.038853 0.000001 0.000000 -1.186949 -0.632889 -0.081509
    27 17.594557 -0.000001 0.000001 0.000000 0.000000 -0.282596
    28 17.982979 0.000000 0.000000 2.435420 0.887649 -0.848474
    29 2.813690 0.799022 0.493428 -2.853948 0.431188 1.731441
    30 2.065368 -0.000003 -0.000001 0.000000 0.000000 0.912348
    31 2.094713 -0.000001 0.000003 0.000000 0.000000 0.685149
    32 7.521999 -0.014967 1.158108 -0.175699 -0.043345 1.404093
    33 3.200828 0.000001 0.000001 0.000000 0.000000 1.350783
    34 2.731234 0.000000 -0.000005 0.000000 0.000000 0.924201
    35 7.599249 -0.144514 -0.591975 -0.160061 -0.087250 1.261723
    36 3.840996 0.000001 0.000001 0.000000 0.000000 1.649531
    37 3.277483 -0.000001 -0.000002 0.000000 0.000000 1.255814
    38 7.447633 -0.525791 -2.367259 0.127913 0.133733 0.940083
    39 1.595203 -0.000002 0.000000 0.000000 0.000000 0.756708
    40 1.772446 0.000001 -0.000001 0.000000 0.000000 1.255814
    41 2.963612 0.324628 1.962029 -2.408182 0.012915 -3.260935
    42 -5.320055 -0.287190 6.425844 2.953544 -0.065445 2.847418
    43 22.311966 0.000001 0.000001 0.000000 0.000000 -0.675004
    44 22.311962 0.000000 0.000001 -0.127220 -0.017059 0.300269
    45 5.131752 6.470465 0.000000 0.000000 0.000000 1.570796
    46 -4.929427 -0.263719 -6.425843 -3.036963 0.000059 2.663467
    47 22.311956 0.000000 0.000001 0.000000 0.000000 -0.722263
    48 22.311954 -0.000002 0.000001 0.225762 -0.133350 0.405085
    49 5.131751 6.470465 -0.000001 0.000000 0.000000 1.640558
    50 1.732520 13.268858 0.716685 3.141592 -1.570796 0.000000
    51 -0.224368 0.272608 -0.034535 0.006316 -0.015748 0.786207
    52 -3.170762 -5.046960 -3.958409 0.008192 -1.162826 1.412659
    53 -3.733108 0.041001 -0.441369 -0.191669 -0.245250 -0.031260
    54 -4.366986 0.283811 -0.680338 -2.346702 -0.302728 -0.140031
    55 -4.157628 0.155717 0.600621 -0.137744 0.277618 -0.062809
    56 -4.780762 -0.016047 0.698082 0.031548 0.282952 0.024846
    57 -5.098251 -0.137505 0.795236 0.064620 0.313011 0.077413
    58 -5.496131 -0.172952 0.949769 0.035197 0.326398 0.069672
    59 -6.314761 -0.051821 1.099150 0.005967 0.348647 0.021123
    60 -5.605508 0.159438 1.258439 0.021457 0.511350 -0.072694
    61 -2.890793 0.240658 0.803086 0.404271 0.585164 -0.195157
    62 -3.536815 1.242887 1.203524 1.750430 0.512979 -0.644944
    63 -11.497072 -3.635487 6.392914 1.125240 -1.271060 -2.247325
    64 2.570787 -21.726307 -1.942187 -0.068428 -0.004269 -0.027771
    65 -8.347507 -0.472594 -9.818226 1.641546 -1.311644 -2.898002
    66 -0.856876 -15.694281 -0.639918 0.143023 -0.001784 0.036578
    67 -10.771614 14.000173 -4.396418 1.197039 -1.376902 -2.928790
    68 0.735132 -25.068211 -4.554602 0.475759 -0.002749 0.058254
    69 -11.034556 9.892538 -4.652679 -1.452873 -1.548772 -0.288897
    70 -0.641307 -11.527774 1.210022 0.141430 0.000000 0.000000
    71 3.006694 -19.640858 -1.661361 0.203946 -0.002108 0.043612
    72 -12.152487 13.446926 11.659309 -0.325860 -0.873936 -1.410804
    73 -0.221594 -22.680570 1.077750 -0.128389 0.024540 -0.115710
    74 49.389534 35.067638 12.791991 -1.037544 0.423055 2.039819
    75 4.004553 6.047382 1.789419 -0.260261 0.121942 2.111929
  time 9
    0 2.891304 -8.827146 47.709374 0.024149 -0.023190 -2.357272
    1 0.623698 0.000000 0.000001 -3.141497 -1.544193 1.570706
    2 5.131857 -0.003106 -0.132810 -0.001454 0.026569 -0.054678
    3 3.906364 -0.003293 -0.000001 0.000000 0.000000 -0.030404
    4 4.136117 -0.008532 -0.000688 0.080809 0.101881 -0.028313
    5 10.751874 -0.002619 0.000050 -0.018636 0.003823 0.186243
    6 3.346653 -0.003644 -0.000028 0.008162 0.027804 -0.022193
    7 4.579819 0.000000 0.000000 0.435198 -0.095832 -0.014835
    8 -3.297148 -1.150500 2.858143 1.033232 -1.162203 1.959672
    9 6.038856 -0.000001 -0.000005 0.615529 0.898271 -0.711763
    10 17.594561 0.000001 -0.000003 0.000000 0.000000 -0.565462
    11 17.982981 0.000000 0.000000 -2.127242 -0.020715 0.114512
    12 2.813689 0.799023 -0.493425 2.411861 0.529184 1.109476
    13 2.065374 0.000002 0.000000 0.000000 0.000000 0.649378
    14 2.094708 0.000001 -0.000001 0.000000 0.000000 1.093020
    15 7.521994 -0.014968 -1.158106 -0.027860 -0.069746 0.911640
    16 3.200831 0.000000 0.000002 0.000000 0.000000 1.665632
    17 2.731236 0.000002 0.000000 0.000000 0.000000 1.605775
    18 7.599246 -0.144515 0.591978 -0.045786 -0.060676 0.993575
    19 3.840997 0.000000 0.000001 0.000000 0.000000 1.756866
    20 3.277480 -0.000002 0.000001 0.000000 0.000000 1.937387
    21 7.447637 -0.525788 2.367265 -0.140593 -0.120304 1.040167
    22 1.595201 -0.000001 0.000002 0.000000 0.000000 0.255811
    23 1.772451 -0.000002 -0.000001 0.000000 0.000000 1.067979
    24 2.572627 0.731521 -2.511554 -0.244361 0.018184 3.134541
    25 -3.277620 -1.041106 -2.920651 -0.316228 1.360985 2.644806
    26 6.038853 0.000001 0.000000 -1.218416 -0.609319 -0.093418
    27 17.594557 -0.000001 0.000001 0.000000 0.000000 -0.306897
    28 17.982979 0.000000 0.000000 2.492677 0.926271 -0.790876
    29 2.813690 0.799022 0.493428 -2.853948 0.431188 1.731441
    30 2.065368 -0.000003 -0.000001 0.000000 0.000000 0.912348
    31 2.094713 -0.000001 0.000003 0.000000 0.000000 0.685149
    32 7.521999 -0.014967 1.158108 -0.175699 -0.043345 1.404093
    33 3.200828 0.000001 0.000001 0.000000 0.000000 1.350783
    34 2.731234 0.000000 -0.000005 0.000000 0.000000 0.924201
    35 7.599249 -0.144514 -0.591975 -0.160061 -0.087250 1.261723
    36 3.840996 0.000001 0.000001 0.000000 0.000000 1.649531
    37 3.277483 -0.000001 -0.000002 0.000000 0.000000 1.255814
    38 7.447633 -0.525791 -2.367259 0.127913 0.133733 0.940083
    39 1.595203 -0.000002 0.000000 0.000000 0.000000 0.756708
    40 1.772446 0.000001 -0.000001 0.000000 0.000000 1.255814
    41 2.963612 0.324628 1.962029 -2.408182 0.012915 -3.260935
    42 -5.292711 -0.283284 6.425844 2.931924 -0.033262 2.885911
    43 22.311966 0.000001 0.000001 0.000000 0.000000 -0.648414
    44 22.311962 0.000000 0.000001 -0.117261 0.013803 0.310300
    45 5.131752 6.470465 0.000000 0.000000 0.000000 1.570796
    46 -4.956772 -0.267625 -6.425843 -3.011208 -0.053266 2.678521
    47 22.311956 0.000000 0.000001 0.000000 0.000000 -0.579114
    48 22.311954 -0.000002 0.000001 0.202428 -0.206077 0.349975
    49 5.131751 6.470465 -0.000001 0.000000 0.000000 1.622498
    50 1.732520 13.268858 0.716685 3.141592 -1.570796 0.000000
    51 -0.224368 0.272608 -0.034535 0.014633 -0.018145 0.786307
    52 -3.178575 -5.078211 -3.907626 0.008012 -1.154209 1.410159
    53 -3.733108 0.041001 -0.441369 -0.185348 -0.245226 -0.031979
    54 -4.366986 0.279905 -0.684245 -2.320223 -0.303363 -0.139216
    55 -4.153721 0.171343 0.596715 -0.158120 0.276349 -0.071210
    56 -4.776855 -0.012141 0.701988 0.028216 0.284211 0.022089
    57 -5.098251 -0.133598 0.799143 0.063326 0.314953 0.075351
    58 -5.503943 -0.165139 0.953676 0.034523 0.327525 0.067837
    59 -6.334293 -0.047914 1.103056 0.005783 0.348316 0.019967
    60 -5.625040 0.159438 1.258439 0.021089 0.509909 -0.072482
    61 -2.898606 0.240658 0.806992 0.395887 0.585685 -0.193551
    62 -3.532909 1.231167 1.223056 1.761164 0.522269 -0.642746
    63 -11.481447 -3.537827 6.439791 1.144627 -1.244466 -2.247550
    64 2.816888 -21.698963 -1.707805 -0.084691 -0.001848 -0.020197
    65 -8.374852 -1.132771 -9.197113 1.615515 -1.324252 -2.906355
    66 -0.302172 -15.600528 -0.811798 0.245214 -0.001029 0.036649
    67 -10.474730 14.363466 -3.642489 1.168086 -1.376902 -2.928790
    68 0.723413 -25.095555 -4.171778 0.487980 -0.002509 0.058577
    69 -11.093152 10.072231 -4.359701 1.292761 -1.540418 -3.033917
    70 -0.641307 -11.527774 1.210022 0.158340 0.000000 0.000000
    71 3.463739 -19.593981 -1.169159 0.191988 -0.002108 0.043612
    72 -12.082172 13.103166 11.546024 -0.273684 -0.849818 -1.421878
    73 -0.323159 -22.235244 1.566046 -0.114766 0.030400 -0.146726
    74 49.389534 35.067638 12.791991 -1.037544 0.423055 2.039819
    75 4.004553 6.047382 1.789419 -0.260261 0.121942 2.111929
  time 10
    0 3.433746 -10.337043 47.928130 0.024161 -0.031759 -2.357464
    1 0.623698 0.000000 0.000001 3.141497 -1.552151 1.570706
    2 5.131857 -0.003106 -0.093746 -0.001023 0.018623 -0.054666
    3 3.906364 -0.003293 -0.000001 0.000000 0.000000 -0.030404
    4 4.136117 -0.008532 -0.000688 0.081883 0.106171 -0.015571
    5 10.751874 -0.002619 0.000050 -0.018636 0.003823 0.186243
    6 3.346653 -0.003644 -0.000028 0.008245 0.031076 -0.020635
    7 4.579819 0.000000 0.000000 0.434781 -0.096985 -0.025318
    8 -3.297148 -1.150500 2.858143 1.059156 -1.165483 1.932075
    9 6.038856 -0.000001 -0.000005 0.550586 0.912141 -0.748218
    10 17.594561 0.000001 -0.000003 0.000000 0.000000 -0.535190
    11 17.982981 0.000000 0.000000 -2.098545 -0.005666 0.097673
    12 2.813689 0.799023 -0.493425 2.411861 0.529184 1.109476
    13 2.065374 0.000002 0.000000 0.000000 0.000000 0.649378
    14 2.094708 0.000001 -0.000001 0.000000 0.000000 1.093020
    15 7.521994 -0.014968 -1.158106 -0.027860 -0.069746 0.911640
    16 3.200831 0.000000 0.000002 0.000000 0.000000 1.665632
    17 2.731236 0.000002 0.000000 0.000000 0.000000 1.605775
    18 7.599246 -0.144515 0.591978 -0.045786 -0.060676 0.993575
    19 3.840997 0.000000 0.000001 0.000000 0.000000 1.756866
    20 3.277480 -0.000002 0.000001 0.000000 0.000000 1.937387
    21 7.447637 -0.525788 2.367265 -0.140593 -0.120304 1.040167
    22 1.595201 -0.000001 0.000002 0.000000 0.000000 0.255811
    23 1.772451 -0.000002 -0.000001 0.000000 0.000000 1.067979
    24 2.572627 0.731521 -2.511554 -0.244396 0.018184 3.134541
    25 -3.277620 -1.041106 -2.920651 -0.335482 1.359641 2.625935
    26 6.038853 0.000001 0.000000 -1.252332 -0.588121 -0.100792
    27 17.594557 -0.000001 0.000001 0.000000 0.000000 -0.333475
    28 17.982979 0.000000 0.000000 2.554689 0.959711 -0.727562
    29 2.813690 0.799022 0.493428 -2.853948 0.431188 1.731441
    30 2.065368 -0.000003 -0.000001 0.000000 0.000000 0.912348
    31 2.094713 -0.000001 0.000003 0.000000 0.000000 0.685149
    32 7.521999 -0.014967 1.158108 -0.175699 -0.043345 1.404093
    33 3.200828 0.000001 0.000001 0.000000 0.000000 1.350783
    34 2.731234 0.000000 -0.000005 0.000000 0.000000 0.924201
    35 7.599249 -0.144514 -0.591975 -0.160061 -0.087250 1.261723
    36 3.840996 0.000001 0.000001 0.000000 0.000000 1.649531
    37 3.277483 -0.000001 -0.000002 0.000000 0.000000 1.255814
    38 7.447633 -0.525791 -2.367259 0.127913 0.133733 0.940083
    39 1.595203 -0.000002 0.000000 0.000000 0.000000 0.756708
    40 1.772446 0.000001 -0.000001 0.000000 0.000000 1.255814
    41 2.963612 0.324628 1.962029 -2.408182 0.012915 -3.260935
    42 -5.241928 -0.283284 6.425844 2.911982 0.001134 2.933372
    43 22.311966 0.000001 0.000001 0.000000 0.000000 -0.603630
    44 22.311962 0.000000 0.000001 -0.106677 0.043632 0.311236
    45 5.131752 6.470465 0.000000 0.000000 0.000000 1.570796
    46 -5.007555 -0.267625 -6.425843 -2.996779 -0.105409 2.744526
    47 22.311956 0.000000 0.000001 0.000000 0.000000 -0.354471
    48 22.311954 -0.000002 0.000001 0.176254 -0.263889 0.253584
    49 5.131751 6.470465 -0.000001 0.000000 0.000000 1.605671
    50 1.732520 13.268858 0.716685 3.141592 -1.570796 0.000000
    51 -0.224368 0.272608 -0.034535 0.026330 -0.018588 0.786257
    52 -3.182481 -5.125088 -3.845124 0.007761 -1.142596 1.413284
    53 -3.733108 0.041001 -0.441369 -0.169657 -0.245381 -0.031248
    54 -4.366986 0.268186 -0.688151 -2.310668 -0.306467 -0.133511
    55 -4.149815 0.190875 0.592809 -0.180729 0.275280 -0.079827
    56 -4.772949 -0.004328 0.705895 0.025124 0.286356 0.019489
    57 -5.098251 -0.129692 0.806955 0.062055 0.317817 0.073146
    58 -5.515662 -0.161233 0.961488 0.033728 0.329083 0.065628
    59 -6.365544 -0.044008 1.106962 0.005599 0.347684 0.018548
    60 -5.664103 0.159438 1.262345 0.020544 0.507044 -0.072036
    61 -2.910325 0.236752 0.806992 0.381881 0.585526 -0.191189
    62 -3.529002 1.215542 1.250401 1.776497 0.536673 -0.638840
    63 -11.442383 -3.475326 6.896836 1.131795 -1.230840 -2.224106
    64 2.641101 -21.741933 -1.301543 -0.099526 0.000753 -0.012563
    65 -8.402196 -1.917951 -8.501779 1.583960 -1.338861 -2.914792
    66 0.248626 -15.522400 -0.999304 0.356227 -0.000250 0.036793
    67 -10.197378 14.703320 -2.951061 1.139856 -1.376902 -2.928790
    68 0.711694 -25.122900 -3.773328 0.497719 -0.002317 0.058841
    69 -11.143934 10.232393 -4.101881 1.342638 -1.491914 -3.085253
    70 -0.641307 -11.527774 1.210022 0.174208 0.000000 0.000000
    71 3.834844 -19.543198 -0.747271 0.179954 -0.002108 0.043612
    72 -12.023577 12.591432 11.405395 -0.229434 -0.825528 -1.424267
    73 -0.416912 -22.004769 1.921526 -0.110712 0.034679 -0.166512
    74 49.389534 35.067638 12.791991 -1.037544 0.423055 2.039819
    75 4.004553 6.047382 1.789419 -0.260261 0.121942 2.111929
  time 11
    0 3.917649 -11.838897 48.123449 0.024161 -0.040400 -2.357655
    1 0.623698 0.000000 0.000001 -3.141497 -1.563979 1.570706
    2 5.131857 -0.003106 -0.031244 -0.000376 0.006806 -0.054654
    3 3.906364 -0.003293 -0.000001 0.000000 0.000000 -0.030404
    4 4.136117 -0.008532 -0.000688 0.081897 0.107478 -0.012550
    5 10.751874 -0.002619 0.000050 -0.018636 0.003823 0.186243
    6 3.346653 -0.003644 -0.000028 0.008317 0.033521 -0.019245
    7 4.579819 0.000000 0.000000 0.434757 -0.095429 -0.027022
    8 -3.297148 -1.150500 2.858143 1.105380 -1.172385 1.882533
    9 6.038856 -0.000001 -0.000005 0.484623 0.939576 -0.784940
    10 17.594561 0.000001 -0.000003 0.000000 0.000000 -0.502013
    11 17.982981 0.000000 0.000000 -2.070114 0.008014 0.079862
    12 2.813689 0.799023 -0.493425 2.411861 0.529184 1.109476
    13 2.065374 0.000002 0.000000 0.000000 0.000000 0.649378
    14 2.094708 0.000001 -0.000001 0.000000 0.000000 1.093020
    15 7.521994 -0.014968 -1.158106 -0.027860 -0.069746 0.911640
    16 3.200831 0.000000 0.000002 0.000000 0.000000 1.665632
    17 2.731236 0.000002 0.000000 0.000000 0.000000 1.605775
    18 7.599246 -0.144515 0.591978 -0.045786 -0.060676 0.993575
    19 3.840997 0.000000 0.000001 0.000000 0.000000 1.756866
    20 3.277480 -0.000002 0.000001 0.000000 0.000000 1.937387
    21 7.447637 -0.525788 2.367265 -0.140593 -0.120304 1.040167
    22 1.595201 -0.000001 0.000002 0.000000 0.000000 0.255811
    23 1.772451 -0.000002 -0.000001 0.000000 0.000000 1.067979
    24 2.572627 0.731521 -2.511554 -0.244396 0.018184 3.134541
    25 -3.277620 -1.041106 -2.920651 -0.357869 1.357982 2.604100
    26 6.038853 0.000001 0.000000 -1.291920 -0.574548 -0.099309
    27 17.594557 -0.000001 0.000001 0.000000 0.000000 -0.357363
    28 17.982979 0.000000 0.000000 2.614913 0.988156 -0.665772
    29 2.813690 0.799022 0.493428 -2.853948 0.431188 1.731441
    30 2.065368 -0.000003 -0.000001 0.000000 0.000000 0.912348
    31 2.094713 -0.000001 0.000003 0.000000 0.000000 0.685149
    32 7.521999 -0.014967 1.158108 -0.175699 -0.043345 1.404093
    33 3.200828 0.000001 0.000001 0.000000 0.000000 1.350783
    34 2.731234 0.000000 -0.000005 0.000000 0.000000 0.924201
    35 7.599249 -0.144514 -0.591975 -0.160061 -0.087250 1.261723
    36 3.840996 0.000001 0.000001 0.000000 0.000000 1.649531
    37 3.277483 -0.000001 -0.000002 0.000000 0.000000 1.255814
    38 7.447633 -0.525791 -2.367259 0.127913 0.133733 0.940083
    39 1.595203 -0.000002 0.000000 0.000000 0.000000 0.756708
    40 1.772446 0.000001 -0.000001 0.000000 0.000000 1.255814
    41 2.963612 0.324628 1.962029 -2.408182 0.012915 -3.260935
    42 -5.167707 -0.279377 6.425844 2.895036 0.036571 2.987363
    43 22.311966 0.000001 0.000001 0.000000 0.000000 -0.545785
    44 22.311962 0.000000 0.000001 -0.095733 0.071213 0.306454
    45 5.131752 6.470465 0.000000 0.000000 0.000000 1.570796
    46 -5.081776 -0.271532 -6.425843 -3.003682 -0.159280 2.887346
    47 22.311956 0.000000 0.000001 0.000000 0.000000 -0.001681
    48 22.311954 -0.000002 0.000001 0.152215 -0.305786 0.089407
    49 5.131751 6.470465 -0.000001 0.000000 0.000000 1.591230
    50 1.732520 13.268858 0.716685 3.141592 -1.570796 0.000000
    51 -0.224368 0.272608 -0.034535 0.040808 -0.016347 0.786158
    52 -3.170762 -5.179777 -3.778716 0.007485 -1.128598 1.423034
    53 -3.729202 0.037095 -0.441369 -0.145793 -0.245885 -0.028695
    54 -4.363079 0.244748 -0.699870 -2.322315 -0.311764 -0.122857
    55 -4.145909 0.206500 0.592809 -0.203431 0.274954 -0.087521
    56 -4.765136 -0.000422 0.709801 0.023327 0.289304 0.017871
    57 -5.098251 -0.125786 0.818675 0.061109 0.321580 0.071229
    58 -5.535194 -0.153420 0.973208 0.032933 0.330832 0.063371
    59 -6.412420 -0.040101 1.114775 0.005369 0.346301 0.016919
    60 -5.722699 0.163345 1.262345 0.019897 0.502549 -0.071930
    61 -2.933763 0.236752 0.806992 0.364540 0.584528 -0.189457
    62 -3.521190 1.196010 1.285558 1.789052 0.553384 -0.635911
    63 -11.395507 -3.393292 7.728893 1.081944 -1.231739 -2.175045
    64 2.137180 -21.843498 -0.711681 -0.112389 0.003509 -0.005060
    65 -8.421728 -2.667974 -7.814258 1.548054 -1.353710 -2.921899
    66 0.736922 -15.471618 -1.167278 0.464452 0.000517 0.037009
    67 -9.947370 14.996297 -2.357293 1.112590 -1.376902 -2.928790
    68 0.699975 -25.150244 -3.370972 0.504324 -0.002186 0.059033
    69 -11.182998 10.365209 -3.898749 1.308531 -1.447660 -3.055265
    70 -0.641307 -11.527774 1.210022 0.188757 0.000000 0.000000
    71 4.100478 -19.484603 -0.411323 0.167958 -0.002108 0.043612
    72 -11.968887 11.954693 11.237421 -0.191095 -0.801842 -1.421661
    73 -0.541916 -22.051645 2.124657 -0.117637 0.036860 -0.176004
    74 49.389534 35.067638 12.791991 -1.037544 0.423055 2.039819
    75 4.004553 6.047382 1.789419 -0.260261 0.121942 2.111929
  time 12
    0 4.276605 -13.340520 48.240640 0.024173 -0.048142 -2.357847
    1 0.623698 0.000000 0.000001 0.000000 -1.563116 -1.570720
    2 5.131857 -0.003106 0.039071 0.000415 -0.007683 -0.054654
    3 3.906364 -0.003293 -0.000001 0.000000 0.000000 -0.030404
    4 4.136117 -0.008532 -0.000688 0.080592 0.105896 -0.020254
    5 10.751874 -0.002619 0.000050 -0.018648 0.003823 0.186243
    6 3.346653 -0.003644 -0.000028 0.008389 0.034995 -0.018058
    7 4.579819 0.000000 0.000000 0.435125 -0.091365 -0.019028
    8 -3.297148 -1.150500 2.858143 1.163995 -1.181910 1.819288
    9 6.038856 -0.000001 -0.000005 0.424134 0.977746 -0.819066
    10 17.594561 0.000001 -0.000003 0.000000 0.000000 -0.469352
    11 17.982981 0.000000 0.000000 -2.044078 0.016865 0.062382
    12 2.813689 0.799023 -0.493425 2.411861 0.529184 1.109476
    13 2.065374 0.000002 0.000000 0.000000 0.000000 0.649378
    14 2.094708 0.000001 -0.000001 0.000000 0.000000 1.093020
    15 7.521994 -0.014968 -1.158106 -0.027860 -0.069746 0.911640
    16 3.200831 0.000000 0.000002 0.000000 0.000000 1.665632
    17 2.731236 0.000002 0.000000 0.000000 0.000000 1.605775
    18 7.599246 -0.144515 0.591978 -0.045786 -0.060676 0.993575
    19 3.840997 0.000000 0.000001 0.000000 0.000000 1.756866
    20 3.277480 -0.000002 0.000001 0.000000 0.000000 1.937387
    21 7.447637 -0.525788 2.367265 -0.140593 -0.120304 1.040167
    22 1.595201 -0.000001 0.000002 0.000000 0.000000 0.255811
    23 1.772451 -0.000002 -0.000001 0.000000 0.000000 1.067979
    24 2.572627 0.731521 -2.511554 -0.244396 0.018184 3.134541
    25 -3.277620 -1.041106 -2.920651 -0.386433 1.355670 2.576170
    26 6.038853 0.000001 0.000000 -1.335210 -0.571416 -0.088417
    27 17.594557 -0.000001 0.000001 0.000000 0.000000 -0.373597
    28 17.982979 0.000000 0.000000 2.665588 1.012686 -0.614034
    29 2.813690 0.799022 0.493428 -2.853948 0.431188 1.731441
    30 2.065368 -0.000003 -0.000001 0.000000 0.000000 0.912348
    31 2.094713 -0.000001 0.000003 0.000000 0.000000 0.685149
    32 7.521999 -0.014967 1.158108 -0.175699 -0.043345 1.404093
    33 3.200828 0.000001 0.000001 0.000000 0.000000 1.350783
    34 2.731234 0.000000 -0.000005 0.000000 0.000000 0.924201
    35 7.599249 -0.144514 -0.591975 -0.160061 -0.087250 1.261723
    36 3.840996 0.000001 0.000001 0.000000 0.000000 1.649531
    37 3.277483 -0.000001 -0.000002 0.000000 0.000000 1.255814
    38 7.447633 -0.525791 -2.367259 0.127913 0.133733 0.940083
    39 1.595203 -0.000002 0.000000 0.000000 0.000000 0.756708
    40 1.772446 0.000001 -0.000001 0.000000 0.000000 1.255814
    41 2.963612 0.324628 1.962029 -2.408182 0.012915 -3.260935
    42 -5.077860 -0.271565 6.425844 2.881757 0.071346 3.044229
    43 22.311966 0.000001 0.000001 0.000000 0.000000 -0.483059
    44 22.311962 0.000000 0.000001 -0.084598 0.095438 0.300866
    45 5.131752 6.470465 0.000000 0.000000 0.000000 1.570796
    46 -5.171622 -0.279344 -6.425843 -2.992872 -0.178562 2.867181
    47 22.311956 0.000000 0.000001 0.000000 0.000000 -0.001681
    48 22.311954 -0.000002 0.000001 0.135485 -0.331754 0.093621
    49 5.131751 6.470465 -0.000001 0.000000 0.000000 1.580144
    50 1.732520 13.268858 0.716685 3.141592 -1.570796 0.000000
    51 -0.224368 0.272608 -0.034535 0.056555 -0.011565 0.785909
    52 -3.151230 -5.242279 -3.712308 0.007210 -1.113617 1.437783
    53 -3.729202 0.029282 -0.441369 -0.118762 -0.246520 -0.024812
    54 -4.359173 0.213497 -0.711589 -2.350615 -0.317912 -0.109075
    55 -4.138096 0.218219 0.588902 -0.223807 0.275371 -0.093370
    56 -4.761230 -0.000422 0.717614 0.023159 0.292684 0.017463
    57 -5.098251 -0.121879 0.826487 0.060905 0.325631 0.070126
    58 -5.558632 -0.149514 0.984927 0.032310 0.332570 0.061428
    59 -6.471016 -0.036195 1.122588 0.005092 0.344436 0.015184
    60 -5.789107 0.167251 1.262345 0.019301 0.496898 -0.072673
    61 -2.957201 0.240658 0.806992 0.347675 0.582806 -0.189803
    62 -3.509471 1.184291 1.312903 1.791160 0.568313 -0.636350
    63 -11.333005 -3.358135 8.678140 1.003659 -1.241782 -2.105087
    64 1.477003 -21.964596 -0.082755 -0.122776 0.006385 0.002118
    65 -8.433447 -3.234397 -7.200958 1.509380 -1.366989 -2.926645
    66 1.104121 -15.455992 -1.288375 0.558334 0.001152 0.037261
    67 -9.740333 15.230680 -1.888529 1.086514 -1.376902 -2.928790
    68 0.688256 -25.177589 -2.968616 0.507096 -0.002150 0.059129
    69 -11.210343 10.455056 -3.754214 1.247285 -1.409036 -3.001811
    70 -0.641307 -11.527774 1.210022 0.201737 0.000000 0.000000
    71 4.229388 -19.422101 -0.196473 0.156076 -0.002108 0.043612
    72 -11.922011 11.232015 11.038196 -0.157125 -0.779335 -1.417535
    73 -0.709890 -22.274308 2.253567 -0.127306 0.037699 -0.180894
    74 49.389534 35.067638 12.791991 -1.037544 0.423055 2.039819
    75 4.004553 6.047382 1.789419 -0.260261 0.121942 2.111929
  time 13
    0 4.444206 -14.845818 48.228921 0.024173 -0.054051 -2.357991
    1 0.623698 0.000000 0.000001 0.000000 -1.547081 -1.570720
    2 5.131857 -0.003106 0.121104 0.001290 -0.023683 -0.054666
    3 3.906364 -0.003293 -0.000001 0.000000 0.000000 -0.030404
    4 4.136117 -0.008532 -0.000688 0.078470 0.102468 -0.034176
    5 10.751874 -0.002619 0.000050 -0.018636 0.003823 0.186243
    6 3.346653 -0.003644 -0.000028 0.008449 0.035379 -0.017111
    7 4.579819 0.000000 0.000000 0.435909 -0.086322 -0.005858
    8 -3.297148 -1.150500 2.858143 1.227280 -1.193622 1.750964
    9 6.038856 -0.000001 -0.000005 0.372180 1.020009 -0.851131
    10 17.594561 0.000001 -0.000003 0.000000 0.000000 -0.440861
    11 17.982981 0.000000 0.000000 -2.022679 0.016974 0.046427
    12 2.813689 0.799023 -0.493425 2.411861 0.529184 1.109476
    13 2.065374 0.000002 0.000000 0.000000 0.000000 0.649378
    14 2.094708 0.000001 -0.000001 0.000000 0.000000 1.093020
    15 7.521994 -0.014968 -1.158106 -0.027860 -0.069746 0.911640
    16 3.200831 0.000000 0.000002 0.000000 0.000000 1.665632
    17 2.731236 0.000002 0.000000 0.000000 0.000000 1.605775
    18 7.599246 -0.144515 0.591978 -0.045786 -0.060676 0.993575
    19 3.840997 0.000000 0.000001 0.000000 0.000000 1.756866
    20 3.277480 -0.000002 0.000001 0.000000 0.000000 1.937387
    21 7.447637 -0.525788 2.367265 -0.140593 -0.120304 1.040167
    22 1.595201 -0.000001 0.000002 0.000000 0.000000 0.255811
    23 1.772451 -0.000002 -0.000001 0.000000 0.000000 1.067979
    24 2.572627 0.731521 -2.511554 -0.244396 0.018184 3.134541
    25 -3.277620 -1.041106 -2.920651 -0.423942 1.352291 2.539556
    26 6.038853 0.000001 0.000000 -1.374857 -0.579263 -0.070914
    27 17.594557 -0.000001 0.000001 0.000000 0.000000 -0.377177
    28 17.982979 0.000000 0.000000 2.698154 1.035166 -0.581638
    29 2.813690 0.799022 0.493428 -2.853948 0.431188 1.731441
    30 2.065368 -0.000003 -0.000001 0.000000 0.000000 0.912348
    31 2.094713 -0.000001 0.000003 0.000000 0.000000 0.685149
    32 7.521999 -0.014967 1.158108 -0.175699 -0.043345 1.404093
    33 3.200828 0.000001 0.000001 0.000000 0.000000 1.350783
    34 2.731234 0.000000 -0.000005 0.000000 0.000000 0.924201
    35 7.599249 -0.144514 -0.591975 -0.160061 -0.087250 1.261723
    36 3.840996 0.000001 0.000001 0.000000 0.000000 1.649531
    37 3.277483 -0.000001 -0.000002 0.000000 0.000000 1.255814
    38 7.447633 -0.525791 -2.367259 0.127913 0.133733 0.940083
    39 1.595203 -0.000002 0.000000 0.000000 0.000000 0.756708
    40 1.772446 0.000001 -0.000001 0.000000 0.000000 1.255814
    41 2.963612 0.324628 1.962029 -2.408182 0.012915 -3.260935
    42 -4.972388 -0.267658 6.425844 2.872001 0.103113 3.098658
    43 22.311966 0.000001 0.000001 0.000000 0.000000 -0.427474
    44 22.311962 0.000000 0.000001 -0.073486 0.115385 0.301412
    45 5.131752 6.470465 0.000000 0.000000 0.000000 1.570796
    46 -5.273188 -0.283251 -6.425843 -2.986939 -0.186967 2.860874
    47 22.311956 0.000000 0.000001 0.000000 0.000000 -0.001681
    48 22.311954 -0.000002 0.000001 0.130290 -0.341629 0.085577
    49 5.131751 6.470465 -0.000001 0.000000 0.000000 1.573169
    50 1.732520 13.268858 0.716685 3.141592 -1.570796 0.000000
    51 -0.224368 0.272608 -0.034535 0.072075 -0.004422 0.785709
    52 -3.119979 -5.300874 -3.653712 0.006946 -1.099044 1.456407
    53 -3.729202 0.021470 -0.441369 -0.091270 -0.247167 -0.019874
    54 -4.355267 0.182246 -0.719402 -2.395020 -0.323773 -0.093495
    55 -4.134189 0.222126 0.592809 -0.237856 0.276820 -0.096066
    56 -4.753417 -0.004328 0.725427 0.025759 0.295944 0.019045
    57 -5.098251 -0.121879 0.838206 0.061948 0.329502 0.070450
    58 -5.582071 -0.149514 0.992739 0.032207 0.334104 0.060462
    59 -6.529611 -0.028382 1.126494 0.004862 0.342270 0.013818
    60 -5.859422 0.175064 1.262345 0.018806 0.490851 -0.074563
    61 -2.976733 0.244564 0.806992 0.334241 0.580563 -0.193204
    62 -3.501658 1.188197 1.332434 1.777552 0.578130 -0.642160
    63 -11.254877 -3.432356 9.486759 0.905342 -1.255780 -2.018426
    64 0.832452 -22.066161 0.428979 -0.130184 0.009298 0.008806
    65 -8.441260 -3.468779 -6.743913 1.470250 -1.376900 -2.928790
    66 1.283814 -15.495056 -1.331345 0.626304 0.001608 0.037452
    67 -9.587984 15.390841 -1.583832 1.061855 -1.376902 -2.928790
    68 0.676537 -25.204934 -2.574073 0.505336 -0.002186 0.059117
    69 -11.222062 10.501932 -3.691712 1.161833 -1.376902 -2.928789
    70 -0.641307 -11.527774 1.210022 0.212882 0.000000 0.000000
    71 4.194230 -19.355693 -0.122252 0.144383 -0.002108 0.043612
    72 -11.882947 10.454648 10.799907 -0.126069 -0.758354 -1.415016
    73 -0.858332 -22.582911 2.339507 -0.137454 0.037543 -0.179863
    74 49.389534 35.067638 12.791991 -1.037544 0.423055 2.039819
    75 4.004553 6.047382 1.789419 -0.260261 0.121942 2.111929
  time 14
    0 4.373576 -16.393856 48.045321 0.024185 -0.057310 -2.358087
    1 0.623698 0.000000 0.000001 0.000000 -1.530710 -1.570720
    2 5.127951 -0.003106 0.203138 0.002177 -0.040018 -0.054702
    3 3.906364 -0.003293 -0.000001 0.000000 0.000000 -0.030404
    4 4.136117 -0.008532 -0.000688 0.075955 0.097471 -0.052055
    5 10.751874 -0.002619 0.000050 -0.018636 0.003823 0.186243
    6 3.346653 -0.003644 -0.000028 0.008461 0.033077 -0.016584
    7 4.579819 0.000000 0.000000 0.437209 -0.082417 0.008928
    8 -3.297148 -1.150500 2.858143 1.286371 -1.207895 1.686665
    9 6.038856 -0.000001 -0.000005 0.343976 1.060276 -0.869045
    10 17.594561 0.000001 -0.000003 0.000000 0.000000 -0.426803
    11 17.982981 0.000000 0.000000 -2.007285 0.005056 0.036284
    12 2.813689 0.799023 -0.493425 2.411861 0.529184 1.109476
    13 2.065374 0.000002 0.000000 0.000000 0.000000 0.649378
    14 2.094708 0.000001 -0.000001 0.000000 0.000000 1.093020
    15 7.521994 -0.014968 -1.158106 -0.027860 -0.069746 0.911640
    16 3.200831 0.000000 0.000002 0.000000 0.000000 1.665632
    17 2.731236 0.000002 0.000000 0.000000 0.000000 1.605775
    18 7.599246 -0.144515 0.591978 -0.045786 -0.060676 0.993575
    19 3.840997 0.000000 0.000001 0.000000 0.000000 1.756866
    20 3.277480 -0.000002 0.000001 0.000000 0.000000 1.937387
    21 7.447637 -0.525788 2.367265 -0.140593 -0.120304 1.040167
    22 1.595201 -0.000001 0.000002 0.000000 0.000000 0.255811
    23 1.772451 -0.000002 -0.000001 0.000000 0.000000 1.067979
    24 2.572627 0.731521 -2.511554 -0.244396 0.018184 3.134541
    25 -3.277620 -1.041106 -2.920651 -0.477980 1.348280 2.486659
    26 6.038853 0.000001 0.000000 -1.409728 -0.602864 -0.046672
    27 17.594557 -0.000001 0.000001 0.000000 0.000000 -0.361801
    28 17.982979 0.000000 0.000000 2.709130 1.060591 -0.573920
    29 2.813690 0.799022 0.493428 -2.853948 0.431188 1.731441
    30 2.065368 -0.000003 -0.000001 0.000000 0.000000 0.912348
    31 2.094713 -0.000001 0.000003 0.000000 0.000000 0.685149
    32 7.521999 -0.014967 1.158108 -0.175699 -0.043345 1.404093
    33 3.200828 0.000001 0.000001 0.000000 0.000000 1.350783
    34 2.731234 0.000000 -0.000005 0.000000 0.000000 0.924201
    35 7.599249 -0.144514 -0.591975 -0.160061 -0.087250 1.261723
    36 3.840996 0.000001 0.000001 0.000000 0.000000 1.649531
    37 3.277483 -0.000001 -0.000002 0.000000 0.000000 1.255814
    38 7.447633 -0.525791 -2.367259 0.127913 0.133733 0.940083
    39 1.595203 -0.000002 0.000000 0.000000 0.000000 0.756708
    40 1.772446 0.000001 -0.000001 0.000000 0.000000 1.255814
    41 2.963612 0.324628 1.962029 -2.408182 0.012915 -3.260935
    42 -4.870823 -0.259846 6.421938 2.864571 0.129714 3.144372
    43 22.311966 0.000001 0.000001 0.000000 0.000000 -0.394138
    44 22.311962 0.000000 0.000001 -0.062542 0.130779 0.317187
    45 5.131752 6.470465 0.000000 0.000000 0.000000 1.570796
    46 -5.378660 -0.291064 -6.421937 -2.987131 -0.183250 2.870276
    47 22.311956 0.000000 0.000001 0.000000 0.000000 -0.001681
    48 22.311954 -0.000002 0.000001 0.139095 -0.333315 0.062645
    49 5.131751 6.470465 -0.000001 0.000000 0.000000 1.570796
    50 1.732520 13.268858 0.716685 3.141592 -1.570796 0.000000
    51 -0.224368 0.272608 -0.034535 0.085953 0.004830 0.785610
    52 -3.084822 -5.351657 -3.606836 0.006730 -1.086100 1.477719
    53 -3.729202 0.013657 -0.441369 -0.064725 -0.247742 -0.014194
    54 -4.355267 0.147088 -0.727215 -2.460627 -0.328818 -0.076848
    55 -4.126377 0.214313 0.596715 -0.238135 0.279684 -0.093046
    56 -4.745604 -0.012141 0.725427 0.031632 0.298400 0.022868
    57 -5.094344 -0.129692 0.842113 0.064668 0.332462 0.072583
    58 -5.597696 -0.149514 1.000552 0.032829 0.335267 0.060848
    59 -6.572581 -0.028382 1.130401 0.004678 0.340285 0.012609
    60 -5.910205 0.182876 1.258439 0.018489 0.485469 -0.078259
    61 -2.992358 0.252377 0.803086 0.326428 0.577799 -0.200951
    62 -3.489939 1.207729 1.336341 1.742092 0.578451 -0.654074
    63 -11.157218 -3.682363 9.912553 0.799179 -1.269370 -1.923001
    64 0.383220 -22.101319 0.678987 -0.134129 0.012198 0.014798
    65 -8.441260 -3.304712 -6.372808 1.424121 -1.382065 -2.929246
    66 1.338503 -15.584902 -1.327439 0.662034 0.001872 0.037416
    67 -9.470793 15.488500 -1.411952 1.036842 -1.376902 -2.928790
    68 0.664818 -25.232278 -2.187342 0.498394 -0.002341 0.058985
    69 -11.237687 10.611310 -3.582333 0.997807 -1.344623 -2.787319
    70 -0.637400 -11.535587 1.225648 0.222782 0.000000 0.000000
    71 3.975474 -19.269753 -0.212098 0.132879 -0.002108 0.043612
    72 -11.839977 9.665561 10.526462 -0.096897 -0.739158 -1.417101
    73 -0.936459 -22.879795 2.409822 -0.145840 0.036740 -0.171606
    74 49.389534 35.067638 12.791991 -1.037544 0.423055 2.039819
    75 4.004553 6.047382 1.789419 -0.260261 0.121942 2.111929
  time 15
    0 4.099872 -17.984634 47.721093 0.024185 -0.057442 -2.358087
    1 0.623698 0.000000 0.000001 0.000000 -1.515202 -1.570720
    2 5.124044 -0.003106 0.281266 0.003028 -0.055502 -0.054738
    3 3.906364 -0.003293 -0.000001 0.000000 0.000000 -0.030404
    4 4.136117 -0.008532 -0.000688 0.073507 0.091179 -0.071694
    5 10.751874 -0.002619 0.000050 -0.018636 0.003823 0.186243
    6 3.346653 -0.003644 -0.000028 0.008449 0.027337 -0.016596
    7 4.579819 0.000000 0.000000 0.439146 -0.080876 0.022512
    8 -3.297148 -1.150500 2.858143 1.352801 -1.227883 1.614604
    9 6.038856 -0.000001 -0.000005 0.332379 1.100645 -0.880241
    10 17.594561 0.000001 -0.000003 0.000000 0.000000 -0.424882
    11 17.982981 0.000000 0.000000 -1.996301 -0.016866 0.030848
    12 2.813689 0.799023 -0.493425 2.411861 0.529184 1.109476
    13 2.065374 0.000002 0.000000 0.000000 0.000000 0.649378
    14 2.094708 0.000001 -0.000001 0.000000 0.000000 1.093020
    15 7.521994 -0.014968 -1.158106 -0.027860 -0.069746 0.911640
    16 3.200831 0.000000 0.000002 0.000000 0.000000 1.665632
    17 2.731236 0.000002 0.000000 0.000000 0.000000 1.605775
    18 7.599246 -0.144515 0.591978 -0.045786 -0.060676 0.993575
    19 3.840997 0.000000 0.000001 0.000000 0.000000 1.756866
    20 3.277480 -0.000002 0.000001 0.000000 0.000000 1.937387
    21 7.447637 -0.525788 2.367265 -0.140593 -0.120304 1.040167
    22 1.595201 -0.000001 0.000002 0.000000 0.000000 0.255811
    23 1.772451 -0.000002 -0.000001 0.000000 0.000000 1.067979
    24 2.572627 0.731521 -2.511554 -0.244396 0.018184 3.134541
    25 -3.277620 -1.041106 -2.920651 -0.546641 1.343439 2.419443
    26 6.038853 0.000001 0.000000 -1.440718 -0.640419 -0.016243
    27 17.594557 -0.000001 0.000001 0.000000 0.000000 -0.330208
    28 17.982979 0.000000 0.000000 2.700627 1.089520 -0.588451
    29 2.813690 0.799022 0.493428 -2.853948 0.431188 1.731441
    30 2.065368 -0.000003 -0.000001 0.000000 0.000000 0.912348
    31 2.094713 -0.000001 0.000003 0.000000 0.000000 0.685149
    32 7.521999 -0.014967 1.158108 -0.175699 -0.043345 1.404093
    33 3.200828 0.000001 0.000001 0.000000 0.000000 1.350783
    34 2.731234 0.000000 -0.000005 0.000000 0.000000 0.924201
    35 7.599249 -0.144514 -0.591975 -0.160061 -0.087250 1.261723
    36 3.840996 0.000001 0.000001 0.000000 0.000000 1.649531
    37 3.277483 -0.000001 -0.000002 0.000000 0.000000 1.255814
    38 7.447633 -0.525791 -2.367259 0.127913 0.133733 0.940083
    39 1.595203 -0.000002 0.000000 0.000000 0.000000 0.756708
    40 1.772446 0.000001 -0.000001 0.000000 0.000000 1.255814
    41 2.963612 0.324628 1.962029 -2.408182 0.012915 -3.260935
    42 -4.769257 -0.255939 6.418031 2.858698 0.151851 3.181737
    43 22.311966 0.000001 0.000001 0.000000 0.000000 -0.380179
    44 22.311962 0.000000 0.000001 -0.051983 0.142468 0.346216
    45 5.131752 6.470465 0.000000 0.000000 0.000000 1.570796
    46 -5.480225 -0.294970 -6.418031 -2.991649 -0.171265 2.890207
    47 22.311956 0.000000 0.000001 0.000000 0.000000 -0.001681
    48 22.311954 -0.000002 0.000001 0.163090 -0.308306 0.008720
    49 5.131751 6.470465 -0.000001 0.000000 0.000000 1.570796
    50 1.732520 13.268858 0.716685 3.141592 -1.570796 0.000000
    51 -0.224368 0.272608 -0.034535 0.097015 0.015700 0.785709
    52 -3.037945 -5.394627 -3.579491 0.006562 -1.075878 1.500468
    53 -3.729202 0.001938 -0.441369 -0.039586 -0.248102 -0.007986
    54 -4.351360 0.111931 -0.731121 -2.555079 -0.332713 -0.059722
    55 -4.122470 0.190875 0.608434 -0.215061 0.284214 -0.081517
    56 -4.737792 -0.027766 0.729333 0.040752 0.299851 0.028837
    57 -5.090438 -0.137505 0.846019 0.068935 0.334224 0.076394
    58 -5.601603 -0.157327 1.004459 0.034125 0.336094 0.062381
    59 -6.596020 -0.028382 1.130401 0.004632 0.338962 0.011821
    60 -5.937549 0.194596 1.254532 0.018324 0.481337 -0.083356
    61 -2.996265 0.268003 0.799179 0.323665 0.574384 -0.211941
    62 -3.478220 1.235074 1.316809 1.690724 0.569716 -0.669113
    63 -11.036121 -4.174566 9.697703 0.703262 -1.279785 -1.833119
    64 0.301186 -22.038817 0.511013 -0.134066 0.015014 0.019939
    65 -8.437354 -2.937513 -6.032954 1.369867 -1.383503 -2.929174
    66 1.354129 -15.717719 -1.319626 0.666061 0.001931 0.037165
    67 -9.369228 15.558815 -1.322105 1.011730 -1.376902 -2.928790
    68 0.653098 -25.255716 -1.824050 0.485570 -0.002605 0.058721
    69 -11.284564 10.900382 -3.293262 0.770792 -1.299945 -2.595022
    70 -0.625681 -11.551212 1.268618 0.231614 0.000000 0.000000
    71 3.612181 -19.160374 -0.438668 0.121715 -0.002108 0.043612
    72 -11.800914 8.899913 10.206139 -0.068582 -0.721947 -1.426655
    73 -0.881770 -23.079020 2.503575 -0.150196 0.035637 -0.154815
    74 49.389534 35.067638 12.791991 -1.037544 0.423055 2.039819
    75 4.004553 6.047382 1.789419 -0.260261 0.121942 2.111929
  time 16
    0 3.709034 -19.555648 47.326549 0.024173 -0.054051 -2.357991
    1 0.623698 0.000000 0.000001 0.000000 -1.501731 -1.570720
    2 5.120138 -0.003106 0.351580 0.003771 -0.068960 -0.054786
    3 3.906364 -0.003293 -0.000001 0.000000 0.000000 -0.030404
    4 4.136117 -0.008532 -0.000688 0.071509 0.083916 -0.090832
    5 10.751874 -0.002619 0.000050 -0.018636 0.003823 0.186243
    6 3.346653 -0.003644 -0.000028 0.008401 0.019235 -0.017028
    7 4.579819 0.000000 0.000000 0.441524 -0.080962 0.033607
    8 -3.297148 -1.150500 2.858143 1.444488 -1.252649 1.516478
    9 6.038856 -0.000001 -0.000005 0.318277 1.143357 -0.901647
    10 17.594561 0.000001 -0.000003 0.000000 0.000000 -0.426054
    11 17.982981 0.000000 0.000000 -1.988319 -0.044399 0.025920
    12 2.813689 0.799023 -0.493425 2.411861 0.529184 1.109476
    13 2.065374 0.000002 0.000000 0.000000 0.000000 0.649378
    14 2.094708 0.000001 -0.000001 0.000000 0.000000 1.093020
    15 7.521994 -0.014968 -1.158106 -0.027860 -0.069746 0.911640
    16 3.200831 0.000000 0.000002 0.000000 0.000000 1.665632
    17 2.731236 0.000002 0.000000 0.000000 0.000000 1.605775
    18 7.599246 -0.144515 0.591978 -0.045786 -0.060676 0.993575
    19 3.840997 0.000000 0.000001 0.000000 0.000000 1.756866
    20 3.277480 -0.000002 0.000001 0.000000 0.000000 1.937387
    21 7.447637 -0.525788 2.367265 -0.140593 -0.120304 1.040167
    22 1.595201 -0.000001 0.000002 0.000000 0.000000 0.255811
    23 1.772451 -0.000002 -0.000001 0.000000 0.000000 1.067979
    24 2.572627 0.731521 -2.511554 -0.244396 0.018184 3.134541
    25 -3.277620 -1.041106 -2.920651 -0.617482 1.336760 2.350055
    26 6.038853 0.000001 0.000000 -1.465378 -0.683700 0.018255
    27 17.594557 -0.000001 0.000001 0.000000 0.000000 -0.290928
    28 17.982979 0.000000 0.000000 2.671808 1.116772 -0.623753
    29 2.813690 0.799022 0.493428 -2.853948 0.431188 1.731441
    30 2.065368 -0.000003 -0.000001 0.000000 0.000000 0.912348
    31 2.094713 -0.000001 0.000003 0.000000 0.000000 0.685149
    32 7.521999 -0.014967 1.158108 -0.175699 -0.043345 1.404093
    33 3.200828 0.000001 0.000001 0.000000 0.000000 1.350783
    34 2.731234 0.000000 -0.000005 0.000000 0.000000 0.924201
    35 7.599249 -0.144514 -0.591975 -0.160061 -0.087250 1.261723
    36 3.840996 0.000001 0.000001 0.000000 0.000000 1.649531
    37 3.277483 -0.000001 -0.000002 0.000000 0.000000 1.255814
    38 7.447633 -0.525791 -2.367259 0.127913 0.133733 0.940083
    39 1.595203 -0.000002 0.000000 0.000000 0.000000 0.756708
    40 1.772446 0.000001 -0.000001 0.000000 0.000000 1.255814
    41 2.963612 0.324628 1.962029 -2.408182 0.012915 -3.260935
    42 -4.683317 -0.252033 6.414125 2.854408 0.171244 3.214318
    43 22.311966 0.000001 0.000001 0.000000 0.000000 -0.373002
    44 22.311962 0.000000 0.000001 -0.041927 0.151243 0.380053
    45 5.131752 6.470465 0.000000 0.000000 0.000000 1.570796
    46 -5.566165 -0.298876 -6.414124 -2.980791 -0.141667 2.805560
    47 22.311956 0.000000 0.000001 0.000000 0.000000 -0.214020
    48 22.311954 -0.000002 0.000001 0.194305 -0.272709 0.029264
    49 5.131751 6.470465 -0.000001 0.000000 0.000000 1.570796
    50 1.732520 13.268858 0.716685 3.141592 -1.570796 0.000000
    51 -0.224368 0.272608 -0.034535 0.104158 0.027612 0.786058
    52 -2.991069 -5.421972 -3.579491 0.006466 -1.069346 1.523905
    53 -3.729202 -0.009781 -0.441369 -0.015841 -0.248306 -0.001526
    54 -4.351360 0.072867 -0.738934 -2.688750 -0.335494 -0.042488
    55 -4.118564 0.143998 0.620153 -0.157097 0.290285 -0.057979
    56 -4.729979 -0.047298 0.729333 0.053024 0.300078 0.036842
    57 -5.078719 -0.149224 0.846019 0.074423 0.334847 0.081595
    58 -5.593790 -0.165139 1.008365 0.036009 0.336813 0.065097
    59 -6.596020 -0.028382 1.130401 0.004632 0.338300 0.011716
    60 -5.941456 0.206315 1.246719 0.018286 0.478630 -0.088623
    61 -2.996265 0.279722 0.795273 0.324332 0.570564 -0.223592
    62 -3.470407 1.270231 1.289464 1.636097 0.555605 -0.683370
    63 -10.856428 -5.002716 8.740642 0.614269 -1.292381 -1.740316
    64 0.672291 -21.827873 -0.172602 -0.090776 0.018502 0.018010
    65 -8.421728 -2.582034 -5.798572 1.318525 -1.383108 -2.929257
    66 1.342410 -15.873974 -1.319626 0.637119 0.001800 0.036913
    67 -9.287194 15.597878 -1.286948 0.989736 -1.376902 -2.928790
    68 0.641379 -25.279155 -1.488102 0.466189 -0.003025 0.058302
    69 -11.350972 11.302738 -2.894812 0.553587 -1.239914 -2.420176
    70 -0.610056 -11.578557 1.323307 0.238505 0.000000 0.000000
    71 3.147323 -19.039277 -0.755084 0.110930 -0.002108 0.043612
    72 -11.757944 8.032699 9.803783 -0.042751 -0.707039 -1.451193
    73 -0.659107 -23.157148 2.620766 -0.152236 0.031299 -0.119880
    74 49.389534 35.067638 12.791991 -1.037544 0.423055 2.039819
    75 4.004553 6.047382 1.789419 -0.260261 0.121942 2.111929
  time 17
    0 3.279189 -21.044398 46.939819 0.024173 -0.046764 -2.357799
    1 0.623698 0.000000 0.000001 0.000000 -1.491473 -1.570720
    2 5.116231 -0.003106 0.406269 0.004334 -0.079207 -0.054822
    3 3.906364 -0.003293 -0.000001 0.000000 0.000000 -0.030404
    4 4.136117 -0.008532 -0.000688 0.070353 0.076030 -0.107290
    5 10.751874 -0.002619 0.000050 -0.018636 0.003823 0.186243
    6 3.346653 -0.003644 -0.000028 0.008341 0.009839 -0.017771
    7 4.579819 0.000000 0.000000 0.444074 -0.081956 0.040945
    8 -3.297148 -1.150500 2.858143 1.560574 -1.277384 1.394300
    9 6.038856 -0.000001 -0.000005 0.298052 1.183440 -0.935952
    10 17.594561 0.000001 -0.000003 0.000000 0.000000 -0.427366
    11 17.982981 0.000000 0.000000 -1.984366 -0.072672 0.020550
    12 2.813689 0.799023 -0.493425 2.411861 0.529184 1.109476
    13 2.065374 0.000002 0.000000 0.000000 0.000000 0.649378
    14 2.094708 0.000001 -0.000001 0.000000 0.000000 1.093020
    15 7.521994 -0.014968 -1.158106 -0.027860 -0.069746 0.911640
    16 3.200831 0.000000 0.000002 0.000000 0.000000 1.665632
    17 2.731236 0.000002 0.000000 0.000000 0.000000 1.605775
    18 7.599246 -0.144515 0.591978 -0.045786 -0.060676 0.993575
    19 3.840997 0.000000 0.000001 0.000000 0.000000 1.756866
    20 3.277480 -0.000002 0.000001 0.000000 0.000000 1.937387
    21 7.447637 -0.525788 2.367265 -0.140593 -0.120304 1.040167
    22 1.595201 -0.000001 0.000002 0.000000 0.000000 0.255811
    23 1.772451 -0.000002 -0.000001 0.000000 0.000000 1.067979
    24 2.572627 0.731521 -2.511554 -0.244396 0.018184 3.134541
    25 -3.277620 -1.041106 -2.920651 -0.678695 1.327888 2.290354
    26 6.038853 0.000001 0.000000 -1.480306 -0.724639 0.053304
    27 17.594557 -0.000001 0.000001 0.000000 0.000000 -0.252555
    28 17.982979 0.000000 0.000000 2.623378 1.136717 -0.676777
    29 2.813690 0.799022 0.493428 -2.853948 0.431188 1.731441
    30 2.065368 -0.000003 -0.000001 0.000000 0.000000 0.912348
    31 2.094713 -0.000001 0.000003 0.000000 0.000000 0.685149
    32 7.521999 -0.014967 1.158108 -0.175699 -0.043345 1.404093
    33 3.200828 0.000001 0.000001 0.000000 0.000000 1.350783
    34 2.731234 0.000000 -0.000005 0.000000 0.000000 0.924201
    35 7.599249 -0.144514 -0.591975 -0.160061 -0.087250 1.261723
    36 3.840996 0.000001 0.000001 0.000000 0.000000 1.649531
    37 3.277483 -0.000001 -0.000002 0.000000 0.000000 1.255814
    38 7.447633 -0.525791 -2.367259 0.127913 0.133733 0.940083
    39 1.595203 -0.000002 0.000000 0.000000 0.000000 0.756708
    40 1.772446 0.000001 -0.000001 0.000000 0.000000 1.255814
    41 2.963612 0.324628 1.962029 -2.408182 0.012915 -3.260935
    42 -4.616909 -0.248126 6.406312 2.851831 0.189615 3.245298
    43 22.311966 0.000001 0.000001 0.000000 0.000000 -0.360443
    44 22.311962 0.000000 0.000001 -0.032159 0.157862 0.410329
    45 5.131752 6.470465 0.000000 0.000000 0.000000 1.570796
    46 -5.628667 -0.302783 -6.406311 -2.974619 -0.113828 2.733881
    47 22.311956 0.000000 0.000001 0.000000 0.000000 -0.397011
    48 22.311954 -0.000002 0.000001 0.221931 -0.230730 0.023239
    49 5.131751 6.470465 -0.000001 0.000000 0.000000 1.570796
    50 1.732520 13.268858 0.716685 3.141592 -1.570796 0.000000
    51 -0.224368 0.272608 -0.034535 0.106279 0.040017 0.786656
    52 -2.944193 -5.433691 -3.602929 0.006442 -1.067596 1.547279
    53 -3.729202 -0.017594 -0.441369 0.007012 -0.248258 0.005018
    54 -4.351360 0.037710 -0.738934 -2.865279 -0.337219 -0.025231
    55 -4.118564 0.069777 0.627966 -0.059218 0.295087 -0.020791
    56 -4.726073 -0.066830 0.725427 0.067598 0.299167 0.046442
    57 -5.067000 -0.164849 0.846019 0.080727 0.334380 0.087935
    58 -5.578164 -0.176858 1.004459 0.038377 0.337220 0.068936
    59 -6.576488 -0.032289 1.126494 0.004908 0.338451 0.012609
    60 -5.929736 0.214127 1.242813 0.018375 0.477507 -0.092786
    61 -2.992358 0.291441 0.791366 0.327476 0.567178 -0.233354
    62 -3.470407 1.297576 1.258213 1.590479 0.540091 -0.693770
    63 -10.653297 -6.002746 7.389039 0.505428 -1.311724 -1.624743
    64 1.238715 -21.554427 -1.117943 -0.008309 0.022157 0.011826
    65 -8.402196 -2.449217 -5.736070 1.280175 -1.382712 -2.929234
    66 1.307252 -16.041947 -1.323533 0.573943 0.001428 0.036889
    67 -9.216879 15.625223 -1.279135 0.974062 -1.376902 -2.928790
    68 0.633567 -25.302593 -1.183406 0.421425 -0.003995 0.057331
    69 -11.425193 11.755877 -2.445580 0.375716 -1.169471 -2.287601
    70 -0.594430 -11.598089 1.370183 0.242556 0.000000 0.000000
    71 2.623870 -18.918179 -1.114470 0.100599 -0.002108 0.043612
    72 -11.707161 6.997511 9.323300 -0.021504 -0.694404 -1.490366
    73 -0.303627 -23.180586 2.737957 -0.153746 0.023569 -0.067675
    74 49.389534 35.067638 12.791991 -1.037544 0.423055 2.039819
    75 4.004553 6.047382 1.789419 -0.260261 0.121942 2.111929
  time 18
    0 2.888465 -22.400101 46.623403 0.024161 -0.036709 -2.357559
    1 0.623698 0.000000 0.000001 0.000000 -1.485612 -1.570720
    2 5.116231 -0.003106 0.433614 0.004658 -0.085056 -0.054858
    3 3.906364 -0.003293 -0.000001 0.000000 0.000000 -0.030404
    4 4.136117 -0.008532 -0.000688 0.070244 0.065879 -0.122859
    5 10.751874 -0.002619 0.000050 -0.018636 0.003823 0.186243
    6 3.346653 -0.003644 -0.000028 0.008281 0.000228 -0.018729
    7 4.579819 0.000000 0.000000 0.446575 -0.080933 0.047192
    8 -3.297148 -1.150500 2.858143 1.693720 -1.298028 1.256024
    9 6.038856 -0.000001 -0.000005 0.281260 1.217984 -0.972854
    10 17.594561 0.000001 -0.000003 0.000000 0.000000 -0.429896
    11 17.982981 0.000000 0.000000 -1.985430 -0.096116 0.016374
    12 2.813689 0.799023 -0.493425 2.411861 0.529184 1.109476
    13 2.065374 0.000002 0.000000 0.000000 0.000000 0.649378
    14 2.094708 0.000001 -0.000001 0.000000 0.000000 1.093020
    15 7.521994 -0.014968 -1.158106 -0.027860 -0.069746 0.911640
    16 3.200831 0.000000 0.000002 0.000000 0.000000 1.665632
    17 2.731236 0.000002 0.000000 0.000000 0.000000 1.605775
    18 7.599246 -0.144515 0.591978 -0.045786 -0.060676 0.993575
    19 3.840997 0.000000 0.000001 0.000000 0.000000 1.756866
    20 3.277480 -0.000002 0.000001 0.000000 0.000000 1.937387
    21 7.447637 -0.525788 2.367265 -0.140593 -0.120304 1.040167
    22 1.595201 -0.000001 0.000002 0.000000 0.000000 0.255811
    23 1.772451 -0.000002 -0.000001 0.000000 0.000000 1.067979
    24 2.572627 0.731521 -2.511554 -0.244396 0.018184 3.134541
    25 -3.277620 -1.041106 -2.920651 -0.720155 1.317020 2.250483
    26 6.038853 0.000001 0.000000 -1.485978 -0.757796 0.088268
    27 17.594557 -0.000001 0.000001 0.000000 0.000000 -0.223634
    28 17.982979 0.000000 0.000000 2.560339 1.143651 -0.740186
    29 2.813690 0.799022 0.493428 -2.853948 0.431188 1.731441
    30 2.065368 -0.000003 -0.000001 0.000000 0.000000 0.912348
    31 2.094713 -0.000001 0.000003 0.000000 0.000000 0.685149
    32 7.521999 -0.014967 1.158108 -0.175699 -0.043345 1.404093
    33 3.200828 0.000001 0.000001 0.000000 0.000000 1.350783
    34 2.731234 0.000000 -0.000005 0.000000 0.000000 0.924201
    35 7.599249 -0.144514 -0.591975 -0.160061 -0.087250 1.261723
    36 3.840996 0.000001 0.000001 0.000000 0.000000 1.649531
    37 3.277483 -0.000001 -0.000002 0.000000 0.000000 1.255814
    38 7.447633 -0.525791 -2.367259 0.127913 0.133733 0.940083
    39 1.595203 -0.000002 0.000000 0.000000 0.000000 0.756708
    40 1.772446 0.000001 -0.000001 0.000000 0.000000 1.255814
    41 2.963612 0.324628 1.962029 -2.408182 0.012915 -3.260935
    42 -4.581751 -0.244220 6.406312 2.851460 0.208535 3.278624
    43 22.311966 0.000001 0.000001 0.000000 0.000000 -0.331699
    44 22.311962 0.000000 0.000001 -0.022679 0.163135 0.429248
    45 5.131752 6.470465 0.000000 0.000000 0.000000 1.570796
    46 -5.667731 -0.306689 -6.406311 -2.973756 -0.094804 2.703750
    47 22.311956 0.000000 0.000001 0.000000 0.000000 -0.486631
    48 22.311954 -0.000002 0.000001 0.240357 -0.189696 -0.024003
    49 5.131751 6.470465 -0.000001 0.000000 0.000000 1.570796
    50 1.732520 13.268858 0.716685 3.141592 -1.570796 0.000000
    51 -0.224368 0.272608 -0.034535 0.103355 0.051246 0.787353
    52 -2.901222 -5.421972 -3.653712 0.006478 -1.070592 1.568216
    53 -3.729202 -0.029313 -0.441369 0.028143 -0.248078 0.011010
    54 -4.351360 0.002553 -0.738934 -3.050180 -0.337938 -0.009219
    55 -4.114658 -0.016163 0.627966 0.050757 0.294688 0.020280
    56 -4.718260 -0.090268 0.725427 0.081632 0.297238 0.055898
    57 -5.055281 -0.180475 0.842113 0.086660 0.332977 0.094263
    58 -5.554726 -0.188577 1.000552 0.040745 0.337400 0.073088
    59 -6.545237 -0.040101 1.126494 0.005276 0.339353 0.014186
    60 -5.902392 0.214127 1.238907 0.018667 0.478171 -0.095228
    61 -2.984546 0.299254 0.787460 0.333288 0.564574 -0.239841
    62 -3.474313 1.321014 1.230869 1.559620 0.525133 -0.699141
    63 -10.543918 -6.858241 6.107749 0.362891 -1.335106 -1.485801
    64 1.656696 -21.378640 -1.946093 0.048872 0.022624 0.014055
    65 -8.363133 -2.664067 -5.950920 1.250776 -1.382413 -2.928826
    66 1.268189 -16.213828 -1.331345 0.448910 0.000697 0.037333
    67 -9.162190 15.648661 -1.283042 0.967940 -1.376902 -2.928790
    68 0.625754 -25.322125 -0.917772 0.341347 -0.005817 0.055701
    69 -11.495508 12.193390 -2.011973 0.238645 -1.097902 -2.194332
    70 -0.586618 -11.609808 1.401434 0.242904 0.000000 0.000000
    71 2.092604 -18.804895 -1.466043 0.090760 -0.002108 0.043612
    72 -11.660284 5.923259 8.799846 -0.004626 -0.683756 -1.535315
    73 0.122167 -23.168867 2.855148 -0.152286 0.016570 -0.012654
    74 49.389534 35.067638 12.791991 -1.037544 0.423055 2.039819
    75 4.004553 6.047382 1.789419 -0.260261 0.121942 2.111929
  time 19
    0 2.544674 -23.614944 46.377302 0.024149 -0.025779 -2.357320
    1 0.623698 0.000000 0.000001 0.000000 -1.483155 -1.570720
    2 5.112325 -0.003106 0.445333 0.004790 -0.087512 -0.054870
    3 3.906364 -0.003293 -0.000001 0.000000 0.000000 -0.030404
    4 4.136117 -0.008532 -0.000688 0.071073 0.053008 -0.139300
    5 10.751874 -0.002619 0.000050 -0.018648 0.003823 0.186243
    6 3.346653 -0.003644 -0.000028 0.008233 -0.008497 -0.019784
    7 4.579819 0.000000 0.000000 0.449051 -0.076222 0.054989
    8 -3.297148 -1.150500 2.858143 1.827057 -1.312332 1.118993
    9 6.038856 -0.000001 -0.000005 0.274023 1.245807 -1.004919
    10 17.594561 0.000001 -0.000003 0.000000 0.000000 -0.431724
    11 17.982981 0.000000 0.000000 -1.992082 -0.109643 0.013877
    12 2.813689 0.799023 -0.493425 2.411861 0.529184 1.109476
    13 2.065374 0.000002 0.000000 0.000000 0.000000 0.649378
    14 2.094708 0.000001 -0.000001 0.000000 0.000000 1.093020
    15 7.521994 -0.014968 -1.158106 -0.027860 -0.069746 0.911640
    16 3.200831 0.000000 0.000002 0.000000 0.000000 1.665632
    17 2.731236 0.000002 0.000000 0.000000 0.000000 1.605775
    18 7.599246 -0.144515 0.591978 -0.045786 -0.060676 0.993575
    19 3.840997 0.000000 0.000001 0.000000 0.000000 1.756866
    20 3.277480 -0.000002 0.000001 0.000000 0.000000 1.937387
    21 7.447637 -0.525788 2.367265 -0.140593 -0.120304 1.040167
    22 1.595201 -0.000001 0.000002 0.000000 0.000000 0.255811
    23 1.772451 -0.000002 -0.000001 0.000000 0.000000 1.067979
    24 2.572627 0.731521 -2.511554 -0.244396 0.018184 3.134541
    25 -3.277620 -1.041106 -2.920651 -0.734051 1.304670 2.238292
    26 6.038853 0.000001 0.000000 -1.482694 -0.776494 0.122173
    27 17.594557 -0.000001 0.000001 0.000000 0.000000 -0.212746
    28 17.982979 0.000000 0.000000 2.493096 1.132430 -0.801262
    29 2.813690 0.799022 0.493428 -2.853948 0.431188 1.731441
    30 2.065368 -0.000003 -0.000001 0.000000 0.000000 0.912348
    31 2.094713 -0.000001 0.000003 0.000000 0.000000 0.685149
    32 7.521999 -0.014967 1.158108 -0.175699 -0.043345 1.404093
    33 3.200828 0.000001 0.000001 0.000000 0.000000 1.350783
    34 2.731234 0.000000 -0.000005 0.000000 0.000000 0.924201
    35 7.599249 -0.144514 -0.591975 -0.160061 -0.087250 1.261723
    36 3.840996 0.000001 0.000001 0.000000 0.000000 1.649531
    37 3.277483 -0.000001 -0.000002 0.000000 0.000000 1.255814
    38 7.447633 -0.525791 -2.367259 0.127913 0.133733 0.940083
    39 1.595203 -0.000002 0.000000 0.000000 0.000000 0.756708
    40 1.772446 0.000001 -0.000001 0.000000 0.000000 1.255814
    41 2.963612 0.324628 1.962029 -2.408182 0.012915 -3.260935
    42 -4.566126 -0.244220 6.402406 2.840554 0.207457 3.255758
    43 22.311966 0.000001 0.000001 0.000000 0.000000 -0.403575
    44 22.311962 0.000000 0.000001 -0.028895 0.164831 0.430158
    45 5.131752 6.470465 0.000000 0.000000 0.000000 1.570796
    46 -5.683357 -0.306689 -6.402405 -2.974631 -0.074414 2.660443
    47 22.311956 0.000000 0.000001 0.000000 0.000000 -0.598361
    48 22.311954 -0.000002 0.000001 0.235998 -0.175151 0.053302
    49 5.131751 6.470465 -0.000001 0.000000 0.000000 1.570796
    50 1.732520 13.268858 0.716685 3.141592 -1.570796 0.000000
    51 -0.224368 0.272608 -0.034535 0.097399 0.060702 0.788000
    52 -2.866065 -5.402440 -3.712308 0.006574 -1.076453 1.586090
    53 -3.729202 -0.037126 -0.441369 0.047408 -0.247778 0.016163
    54 -4.351360 -0.028698 -0.738934 -3.208965 -0.338034 0.005222
    55 -4.114658 -0.086477 0.624060 0.140913 0.289959 0.054328
    56 -4.714353 -0.109800 0.717614 0.093329 0.295177 0.064095
    57 -5.043562 -0.192194 0.834300 0.091286 0.331359 0.099596
    58 -5.531288 -0.196390 0.996646 0.042750 0.337364 0.077011
    59 -6.510080 -0.047914 1.122588 0.005691 0.340526 0.016288
    60 -5.871141 0.214127 1.238907 0.019047 0.479786 -0.095419
    61 -2.976733 0.299254 0.783554 0.339291 0.563272 -0.241762
    62 -3.482126 1.328827 1.211337 1.548694 0.515375 -0.699580
    63 -10.582982 -7.455916 4.994434 0.105605 -1.366002 -1.257876
    64 1.676228 -21.437236 -2.508611 0.069247 0.018981 0.028544
    65 -8.312350 -3.093768 -6.376714 1.227574 -1.381358 -2.928646
    66 1.225219 -16.373989 -1.343064 0.271786 -0.000238 0.038195
    67 -9.119220 15.676006 -1.263510 0.974586 -1.376902 -2.928790
    68 0.617941 -25.333844 -0.695109 0.238465 -0.008370 0.053795
    69 -11.558010 12.544963 -1.660400 0.136415 -1.035620 -2.129273
    70 -0.590524 -11.605901 1.393622 0.238661 0.000000 0.000000
    71 1.588682 -18.715048 -1.762927 0.081565 -0.002108 0.043612
    72 -11.625127 4.942761 8.288112 0.008567 -0.675179 -1.577442
    73 0.567493 -23.153241 2.952807 -0.144858 0.014185 0.030730
    74 49.389534 35.067638 12.791991 -1.037544 0.423055 2.039819
    75 4.004553 6.047382 1.789419 -0.260261 0.121942 2.111929
  time 20
    0 2.185315 -24.755335 46.197609 0.024149 -0.015844 -2.357080
    1 0.623698 0.000000 0.000001 0.000000 -1.482208 -1.570720
    2 5.112325 -0.003106 0.453146 0.004838 -0.088459 -0.054870
    3 3.906364 -0.003293 -0.000001 0.000000 0.000000 -0.030404
    4 4.136117 -0.008532 -0.000688 0.072488 0.039537 -0.154320
    5 10.751874 -0.002619 0.000050 -0.018648 0.003823 0.186243
    6 3.346653 -0.003644 -0.000028 0.008197 -0.015304 -0.020827
    7 4.579819 0.000000 0.000000 0.451282 -0.068988 0.063223
    8 -3.297148 -1.150500 2.858143 1.935613 -1.320484 1.008123
    9 6.038856 -0.000001 -0.000005 0.279683 1.265197 -1.026326
    10 17.594561 0.000001 -0.000003 0.000000 0.000000 -0.430927
    11 17.982981 0.000000 0.000000 -2.005575 -0.115320 0.012595
    12 2.813689 0.799023 -0.493425 2.411861 0.529184 1.109476
    13 2.065374 0.000002 0.000000 0.000000 0.000000 0.649378
    14 2.094708 0.000001 -0.000001 0.000000 0.000000 1.093020
    15 7.521994 -0.014968 -1.158106 -0.027860 -0.069746 0.911640
    16 3.200831 0.000000 0.000002 0.000000 0.000000 1.665632
    17 2.731236 0.000002 0.000000 0.000000 0.000000 1.605775
    18 7.599246 -0.144515 0.591978 -0.045786 -0.060676 0.993575
    19 3.840997 0.000000 0.000001 0.000000 0.000000 1.756866
    20 3.277480 -0.000002 0.000001 0.000000 0.000000 1.937387
    21 7.447637 -0.525788 2.367265 -0.140593 -0.120304 1.040167
    22 1.595201 -0.000001 0.000002 0.000000 0.000000 0.255811
    23 1.772451 -0.000002 -0.000001 0.000000 0.000000 1.068011
    24 2.572627 0.731521 -2.511554 -0.244396 0.018184 3.134541
    25 -3.277620 -1.041106 -2.920651 -0.718929 1.288131 2.255618
    26 6.038853 0.000001 0.000000 -1.461676 -0.773267 0.151755
    27 17.594557 -0.000001 0.000001 0.000000 0.000000 -0.222760
    28 17.982979 0.000000 0.000000 2.422276 1.099101 -0.857573
    29 2.813690 0.799022 0.493428 -2.853948 0.431188 1.731441
    30 2.065368 -0.000003 -0.000001 0.000000 0.000000 0.912348
    31 2.094713 -0.000001 0.000003 0.000000 0.000000 0.685149
    32 7.521999 -0.014967 1.158108 -0.175699 -0.043345 1.404093
    33 3.200828 0.000001 0.000001 0.000000 0.000000 1.350783
    34 2.731234 0.000000 -0.000005 0.000000 0.000000 0.924239
    35 7.599249 -0.144514 -0.591975 -0.160061 -0.087250 1.261723
    36 3.840996 0.000001 0.000001 0.000000 0.000000 1.649531
    37 3.277483 -0.000001 -0.000002 0.000000 0.000000 1.255852
    38 7.447633 -0.525791 -2.367259 0.127913 0.133733 0.940083
    39 1.595203 -0.000002 0.000000 0.000000 0.000000 0.756708
    40 1.772446 0.000001 -0.000001 0.000000 0.000000 1.255814
    41 2.963612 0.324628 1.962029 -2.408182 0.012915 -3.260935
    42 -4.558313 -0.244220 6.402406 2.829384 0.203635 3.231127
    43 22.311966 0.000001 0.000001 0.000000 0.000000 -0.479327
    44 22.311962 0.000000 0.000001 -0.036575 0.164444 0.419347
    45 5.131752 6.470465 0.000000 0.000000 0.000000 1.570796
    46 -5.691169 -0.306689 -6.402405 -2.978095 -0.058060 2.634767
    47 22.311956 0.000000 0.000001 0.000000 0.000000 -0.676236
    48 22.311954 -0.000002 0.000001 0.232652 -0.161263 0.113573
    49 5.131751 6.470465 -0.000001 0.000000 0.000000 1.570796
    50 1.732520 13.268858 0.716685 3.141592 -1.570796 0.000000
    51 -0.224368 0.272608 -0.034535 0.091083 0.068396 0.788448
    52 -2.834814 -5.379002 -3.766997 0.006670 -1.082589 1.600965
    53 -3.729202 -0.044939 -0.441369 0.064504 -0.247479 0.020442
    54 -4.351360 -0.052136 -0.738934 -3.328896 -0.337627 0.017638
    55 -4.114658 -0.137260 0.616247 0.202413 0.284341 0.078166
    56 -4.710447 -0.125426 0.713708 0.102269 0.293475 0.070639
    57 -5.035749 -0.203913 0.830394 0.094869 0.330089 0.104042
    58 -5.511756 -0.208109 0.992739 0.044323 0.337340 0.080403
    59 -6.486641 -0.055727 1.122588 0.006152 0.341488 0.018653
    60 -5.851609 0.206315 1.238907 0.019326 0.481416 -0.093720
    61 -2.972827 0.299254 0.783554 0.344150 0.563416 -0.240156
    62 -3.486032 1.328827 1.203524 1.553678 0.511752 -0.697725
    63 -10.711892 -7.905148 3.947527 -0.253505 -1.386496 -0.938495
    64 1.363719 -21.722401 -2.922686 0.084649 0.013708 0.049038
    65 -8.261567 -3.554719 -6.833760 1.221582 -1.380004 -2.928694
    66 1.190061 -16.506805 -1.366503 0.097408 -0.000981 0.039190
    67 -9.087969 15.711163 -1.212727 0.989523 -1.376902 -2.928790
    68 0.614035 -25.345563 -0.527135 0.125363 -0.011366 0.052022
    69 -11.593167 12.752001 -1.457269 0.063800 -0.993012 -2.082004
    70 -0.606149 -11.582463 1.335026 0.228954 0.000000 0.000000
    71 1.162888 -18.656453 -1.962152 0.073012 -0.002108 0.043612
    72 -11.613408 4.184925 7.827160 0.018805 -0.668819 -1.608146
    73 0.973755 -23.153241 3.027028 -0.128213 0.020333 0.048108
    74 49.389534 35.067638 12.791991 -1.037544 0.423055 2.039819
    75 4.004553 6.047382 1.789419 -0.260261 0.121942 2.111929
  time 21
    0 1.818200 -25.836900 46.170264 0.024149 -0.008785 -2.356888
    1 0.623698 0.000000 0.000001 0.000000 -1.482616 -1.570720
    2 5.112325 -0.003106 0.449239 0.004826 -0.088052 -0.054870
    3 3.906364 -0.003293 -0.000001 0.000000 0.000000 -0.030404
    4 4.136117 -0.008532 -0.000688 0.074051 0.027565 -0.165642
    5 10.751874 -0.002619 0.000050 -0.018648 0.003823 0.186243
    6 3.346653 -0.003644 -0.000028 0.008162 -0.019091 -0.021761
    7 4.579819 0.000000 0.000000 0.453023 -0.060415 0.070692
    8 -3.297148 -1.150500 2.858143 1.993370 -1.324481 0.949477
    9 6.038856 -0.000001 -0.000005 0.321803 1.273955 -1.010114
    10 17.594561 0.000001 -0.000003 0.000000 0.000000 -0.435472
    11 17.982981 0.000000 0.000000 -2.026442 -0.119321 0.015711
    12 2.813689 0.799023 -0.493425 2.411861 0.529184 1.109476
    13 2.065374 0.000002 0.000000 0.000000 0.000000 0.649378
    14 2.094708 0.000001 -0.000001 0.000000 0.000000 1.093020
    15 7.521994 -0.014968 -1.158106 -0.027860 -0.069746 0.911640
    16 3.200831 0.000000 0.000002 0.000000 0.000000 1.665632
    17 2.731236 0.000002 0.000000 0.000000 0.000000 1.605775
    18 7.599246 -0.144515 0.591978 -0.045786 -0.060676 0.993575
    19 3.840997 0.000000 0.000001 0.000000 0.000000 1.756866
    20 3.277480 -0.000002 0.000001 0.000000 0.000000 1.937387
    21 7.447637 -0.525788 2.367265 -0.140593 -0.120304 1.040167
    22 1.595201 -0.000001 0.000002 0.000000 0.000000 0.255811
    23 1.772451 -0.000002 -0.000001 0.000000 0.000000 1.068011
    24 2.572627 0.731521 -2.511554 -0.244396 0.018184 3.134541
    25 -3.277620 -1.041106 -2.920651 -0.686052 1.266633 2.291397
    26 6.038853 0.000001 0.000000 -1.419342 -0.751089 0.175488
    27 17.594557 -0.000001 0.000001 0.000000 0.000000 -0.247391
    28 17.982979 0.000000 0.000000 2.350068 1.046015 -0.908215
    29 2.813690 0.799022 0.493428 -2.853948 0.431188 1.731441
    30 2.065368 -0.000003 -0.000001 0.000000 0.000000 0.912348
    31 2.094713 -0.000001 0.000003 0.000000 0.000000 0.685149
    32 7.521999 -0.014967 1.158108 -0.175699 -0.043345 1.404093
    33 3.200828 0.000001 0.000001 0.000000 0.000000 1.350783
    34 2.731234 0.000000 -0.000005 0.000000 0.000000 0.924201
    35 7.599249 -0.144514 -0.591975 -0.160061 -0.087250 1.261723
    36 3.840996 0.000001 0.000001 0.000000 0.000000 1.649531
    37 3.277483 -0.000001 -0.000002 0.000000 0.000000 1.255814
    38 7.447633 -0.525791 -2.367259 0.127913 0.133733 0.940083
    39 1.595203 -0.000002 0.000000 0.000000 0.000000 0.756708
    40 1.772446 0.000001 -0.000001 0.000000 0.000000 1.255814
    41 2.963612 0.324628 1.962029 -2.408182 0.012915 -3.260935
    42 -4.562220 -0.244220 6.402406 2.820240 0.199018 3.211153
    43 22.311966 0.000001 0.000001 0.000000 0.000000 -0.547328
    44 22.311962 0.000000 0.000001 -0.044447 0.161088 0.390448
    45 5.131752 6.470465 0.000000 0.000000 0.000000 1.570796
    46 -5.687263 -0.306689 -6.402405 -2.983548 -0.045044 2.628647
    47 22.311956 0.000000 0.000001 0.000000 0.000000 -0.721540
    48 22.311954 -0.000002 0.000001 0.230252 -0.147388 0.158058
    49 5.131751 6.470465 -0.000001 0.000000 0.000000 1.570796
    50 1.732520 13.268858 0.716685 3.141592 -1.570796 0.000000
    51 -0.224368 0.272608 -0.034535 0.085822 0.073094 0.788697
    52 -2.815282 -5.359470 -3.809967 0.006754 -1.087694 1.610402
    53 -3.729202 -0.052751 -0.441369 0.076200 -0.247203 0.023162
    54 -4.351360 -0.071668 -0.735028 -3.396505 -0.337028 0.025692
    55 -4.114658 -0.160699 0.608434 0.232558 0.280481 0.090402
    56 -4.706541 -0.133238 0.713708 0.107662 0.292264 0.074762
    57 -5.027936 -0.207820 0.826487 0.097146 0.329322 0.107062
    58 -5.500037 -0.212016 0.992739 0.045412 0.337544 0.082878
    59 -6.463203 -0.059633 1.118681 0.006474 0.342391 0.020545
    60 -5.832077 0.202408 1.238907 0.019631 0.483047 -0.092149
    61 -2.965014 0.295347 0.783554 0.349676 0.564067 -0.238581
    62 -3.489939 1.328827 1.195712 1.559907 0.508626 -0.696748
    63 -10.840802 -8.237190 3.138909 -0.457802 -1.392656 -0.751916
    64 0.828546 -22.148195 -3.203944 0.095813 0.007320 0.072600
    65 -8.230316 -3.871135 -7.146269 1.243562 -1.378841 -2.928778
    66 1.170529 -16.608371 -1.401660 -0.019436 -0.001424 0.039825
    67 -9.068437 15.754133 -1.150225 1.006047 -1.376902 -2.928790
    68 0.610128 -25.353376 -0.417757 0.014598 -0.014482 0.050608
    69 -11.600980 12.748094 -1.461175 0.018965 -0.980178 -2.045154
    70 -0.641307 -11.527774 1.210022 0.212882 0.000000 0.000000
    71 0.862097 -18.636921 -2.009028 0.065217 -0.002108 0.043612
    72 -11.632940 3.786475 7.463868 0.026944 -0.664876 -1.618830
    73 1.294078 -23.153241 3.073905 -0.104442 0.033971 0.044165
    74 49.389534 35.067638 12.791991 -1.037544 0.423055 2.039819
    75 4.004553 6.047382 1.789419 -0.260261 0.121942 2.111929
  time 22
    0 1.447236 -26.890889 46.299174 0.024149 -0.006484 -2.356840
    1 0.623698 0.000000 0.000001 0.000000 -1.484210 -1.570720
    2 5.116231 -0.003106 0.441427 0.004730 -0.086458 -0.054858
    3 3.906364 -0.003293 -0.000001 0.000000 0.000000 -0.030404
    4 4.136117 -0.008532 -0.000688 0.075248 0.019187 -0.170972
    5 10.751874 -0.002619 0.000050 -0.018636 0.003823 0.186243
    6 3.346653 -0.003644 -0.000028 0.008138 -0.020769 -0.022612
    7 4.579819 0.000000 0.000000 0.454126 -0.053715 0.074427
    8 -3.297148 -1.150500 2.858143 1.969543 -1.327636 0.974105
    9 6.038856 -0.000001 -0.000005 0.426639 1.264932 -0.931026
    10 17.594561 0.000001 -0.000003 0.000000 0.000000 -0.454591
    11 17.982981 0.000000 0.000000 -2.057647 -0.124389 0.027887
    12 2.813689 0.799023 -0.493425 2.411861 0.529184 1.109476
    13 2.065374 0.000002 0.000000 0.000000 0.000000 0.649378
    14 2.094708 0.000001 -0.000001 0.000000 0.000000 1.093020
    15 7.521994 -0.014968 -1.158106 -0.027860 -0.069746 0.911640
    16 3.200831 0.000000 0.000002 0.000000 0.000000 1.665632
    17 2.731236 0.000002 0.000000 0.000000 0.000000 1.605775
    18 7.599246 -0.144515 0.591978 -0.045786 -0.060676 0.993575
    19 3.840997 0.000000 0.000001 0.000000 0.000000 1.756866
    20 3.277480 -0.000002 0.000001 0.000000 0.000000 1.937387
    21 7.447637 -0.525788 2.367265 -0.140593 -0.120304 1.040167
    22 1.595201 -0.000001 0.000002 0.000000 0.000000 0.255811
    23 1.772451 -0.000002 -0.000001 0.000000 0.000000 1.067979
    24 2.572627 0.731521 -2.511554 -0.244396 0.018184 3.134541
    25 -3.277620 -1.041106 -2.920651 -0.646181 1.243376 2.334399
    26 6.038853 0.000001 0.000000 -1.359691 -0.715717 0.191338
    27 17.594557 -0.000001 0.000001 0.000000 0.000000 -0.281491
    28 17.982979 0.000000 0.000000 2.285983 0.979209 -0.946042
    29 2.813690 0.799022 0.493428 -2.853948 0.431188 1.731441
    30 2.065368 -0.000003 -0.000001 0.000000 0.000000 0.912348
    31 2.094713 -0.000001 0.000003 0.000000 0.000000 0.685149
    32 7.521999 -0.014967 1.158108 -0.175699 -0.043345 1.404093
    33 3.200828 0.000001 0.000001 0.000000 0.000000 1.350783
    34 2.731234 0.000000 -0.000005 0.000000 0.000000 0.924201
    35 7.599249 -0.144514 -0.591975 -0.160061 -0.087250 1.261723
    36 3.840996 0.000001 0.000001 0.000000 0.000000 1.649531
    37 3.277483 -0.000001 -0.000002 0.000000 0.000000 1.255814
    38 7.447633 -0.525791 -2.367259 0.127913 0.133733 0.940083
    39 1.595203 -0.000002 0.000000 0.000000 0.000000 0.756708
    40 1.772446 0.000001 -0.000001 0.000000 0.000000 1.255814
    41 2.963612 0.324628 1.962029 -2.408182 0.012915 -3.260935
    42 -4.570032 -0.244220 6.402406 2.815218 0.196407 3.202548
    43 22.311966 0.000001 0.000001 0.000000 0.000000 -0.595808
    44 22.311962 0.000000 0.000001 -0.050951 0.155078 0.347074
    45 5.131752 6.470465 0.000000 0.000000 0.000000 1.570796
    46 -5.675544 -0.306689 -6.402405 -2.990235 -0.034318 2.640559
    47 22.311956 0.000000 0.000001 0.000000 0.000000 -0.741181
    48 22.311954 -0.000002 0.000001 0.228690 -0.133295 0.190333
    49 5.131751 6.470465 -0.000001 0.000000 0.000000 1.570796
    50 1.732520 13.268858 0.716685 3.141592 -1.570796 0.000000
    51 -0.224368 0.272608 -0.034535 0.083065 0.073597 0.788697
    52 -2.815282 -5.351657 -3.825592 0.006802 -1.090343 1.611589
    53 -3.729202 -0.052751 -0.441369 0.078460 -0.247179 0.023510
    54 -4.351360 -0.071668 -0.735028 -3.401874 -0.336704 0.026878
    55 -4.110751 -0.164605 0.608434 0.232558 0.280028 0.090881
    56 -4.702634 -0.137145 0.709801 0.108489 0.291881 0.075553
    57 -5.020123 -0.211726 0.826487 0.097817 0.329262 0.108081
    58 -5.484411 -0.215922 0.992739 0.045775 0.338155 0.083855
    59 -6.443671 -0.063540 1.118681 0.006566 0.343353 0.021176
    60 -5.812545 0.202408 1.238907 0.020049 0.484361 -0.091958
    61 -2.961107 0.295347 0.783554 0.356060 0.564530 -0.238865
    62 -3.489939 1.332733 1.183992 1.559332 0.503455 -0.698115
    63 -10.961900 -8.452040 2.658425 -0.425122 -1.400122 -0.773712
    64 0.180089 -22.644304 -3.371918 0.103514 0.000465 0.096281
    65 -8.218597 -3.960982 -7.236116 1.293238 -1.377895 -2.928646
    66 1.162717 -16.678686 -1.440724 -0.080928 -0.001688 0.039993
    67 -9.064531 15.785384 -1.103349 1.024031 -1.376902 -2.928790
    68 0.610128 -25.357282 -0.374787 -0.081245 -0.017298 0.049673
    69 -11.569729 12.513712 -1.691651 -0.011291 -0.988399 -2.010676
    70 -0.703809 -11.434021 0.995172 0.175850 0.000000 0.000000
    71 0.678498 -18.672078 -1.864493 0.058216 -0.002108 0.043612
    72 -11.691535 3.638033 7.174797 0.033927 -0.656385 -1.605063
    73 1.540179 -23.118084 3.105156 -0.078002 0.050822 0.033966
    74 49.389534 35.067638 12.791991 -1.037544 0.423055 2.039819
    75 4.004553 6.047382 1.789419 -0.260261 0.121942 2.111929
  time 23
    0 1.076329 -27.940741 46.494493 0.024149 -0.009264 -2.356888
    1 0.623698 0.000000 0.000001 0.000000 -1.486835 -1.570720
    2 5.116231 -0.003106 0.429708 0.004586 -0.083833 -0.054846
    3 3.906364 -0.003293 -0.000001 0.000000 0.000000 -0.030404
    4 4.136117 -0.008532 -0.000688 0.075928 0.014405 -0.170002
    5 10.751874 -0.002619 0.000050 -0.018648 0.003823 0.186243
    6 3.346653 -0.003644 -0.000028 0.008114 -0.022016 -0.023487
    7 4.579819 0.000000 0.000000 0.454788 -0.050617 0.072570
    8 -3.297148 -1.150500 2.858143 1.868325 -1.329541 1.077788
    9 6.038856 -0.000001 -0.000005 0.573038 1.233749 -0.812079
    10 17.594561 0.000001 -0.000003 0.000000 0.000000 -0.489549
    11 17.982981 0.000000 0.000000 -2.099229 -0.131239 0.049521
    12 2.813689 0.799023 -0.493425 2.411861 0.529184 1.109476
    13 2.065374 0.000002 0.000000 0.000000 0.000000 0.649378
    14 2.094708 0.000001 -0.000001 0.000000 0.000000 1.093020
    15 7.521994 -0.014968 -1.158106 -0.027860 -0.069746 0.911640
    16 3.200831 0.000000 0.000002 0.000000 0.000000 1.665632
    17 2.731236 0.000002 0.000000 0.000000 0.000000 1.605775
    18 7.599246 -0.144515 0.591978 -0.045786 -0.060676 0.993575
    19 3.840997 0.000000 0.000001 0.000000 0.000000 1.756866
    20 3.277480 -0.000002 0.000001 0.000000 0.000000 1.937387
    21 7.447637 -0.525788 2.367265 -0.140593 -0.120304 1.040167
    22 1.595201 -0.000001 0.000002 0.000000 0.000000 0.255811
    23 1.772451 -0.000002 -0.000001 0.000000 0.000000 1.067979
    24 2.572627 0.731521 -2.511554 -0.244396 0.018184 3.134541
    25 -3.277620 -1.041106 -2.920651 -0.606129 1.221838 2.377192
    26 6.038853 0.000001 0.000000 -1.289830 -0.674999 0.200154
    27 17.594557 -0.000001 0.000001 0.000000 0.000000 -0.319881
    28 17.982979 0.000000 0.000000 2.233482 0.905283 -0.969958
    29 2.813690 0.799022 0.493428 -2.853948 0.431188 1.731441
    30 2.065368 -0.000003 -0.000001 0.000000 0.000000 0.912348
    31 2.094713 -0.000001 0.000003 0.000000 0.000000 0.685149
    32 7.521999 -0.014967 1.158108 -0.175699 -0.043345 1.404093
    33 3.200828 0.000001 0.000001 0.000000 0.000000 1.350783
    34 2.731234 0.000000 -0.000005 0.000000 0.000000 0.924201
    35 7.599249 -0.144514 -0.591975 -0.160061 -0.087250 1.261723
    36 3.840996 0.000001 0.000001 0.000000 0.000000 1.649531
    37 3.277483 -0.000001 -0.000002 0.000000 0.000000 1.255814
    38 7.447633 -0.525791 -2.367259 0.127913 0.133733 0.940083
    39 1.595203 -0.000002 0.000000 0.000000 0.000000 0.756708
    40 1.772446 0.000001 -0.000001 0.000000 0.000000 1.255814
    41 2.963612 0.324628 1.962029 -2.408182 0.012915 -3.260935
    42 -4.589564 -0.244220 6.406312 2.815841 0.192150 3.205950
    43 22.311966 0.000001 0.000001 0.000000 0.000000 -0.613821
    44 22.311962 0.000000 0.000001 -0.054070 0.146616 0.319578
    45 5.131752 6.470465 0.000000 0.000000 0.000000 1.570796
    46 -5.659918 -0.302783 -6.406311 -2.997354 -0.024548 2.664640
    47 22.311956 0.000000 0.000001 0.000000 0.000000 -0.747300
    48 22.311954 -0.000002 0.000001 0.227655 -0.118982 0.216197
    49 5.131751 6.470465 -0.000001 0.000000 0.000000 1.570796
    50 1.732520 13.268858 0.716685 3.141592 -1.570796 0.000000
    51 -0.224368 0.272608 -0.034535 0.083149 0.069774 0.788448
    52 -2.827001 -5.351657 -3.813873 0.006802 -1.090463 1.604152
    53 -3.729202 -0.048845 -0.441369 0.070352 -0.247179 0.021365
    54 -4.351360 -0.059949 -0.735028 -3.346367 -0.336740 0.020802
    55 -4.110751 -0.141167 0.612340 0.205204 0.282837 0.080383
    56 -4.698728 -0.129332 0.709801 0.104582 0.292396 0.072820
    57 -5.012311 -0.207820 0.826487 0.096679 0.330149 0.106823
    58 -5.468786 -0.212016 0.992739 0.045360 0.339282 0.083143
    59 -6.428046 -0.059633 1.118681 0.006382 0.344406 0.020388
    60 -5.796920 0.206315 1.238907 0.020683 0.485326 -0.093529
    61 -2.953295 0.299254 0.783554 0.363682 0.564183 -0.241573
    62 -3.489939 1.348359 1.168367 1.549173 0.495040 -0.701973
    63 -11.098623 -8.541886 2.447482 -0.283508 -1.407109 -0.893779
    64 -0.464462 -23.136507 -3.434420 0.108592 -0.006210 0.117158
    65 -8.230316 -3.898480 -7.177520 1.358901 -1.376912 -2.928179
    66 1.158810 -16.733375 -1.487600 -0.127055 -0.001928 0.039981
    67 -9.084063 15.793197 -1.103349 1.043347 -1.376902 -2.928790
    68 0.610128 -25.357282 -0.402132 -0.149608 -0.019348 0.049157
    69 -11.518946 12.123075 -2.074475 -0.041273 -1.001960 -1.973233
    70 -0.789749 -11.305111 0.706101 0.115064 0.000000 0.000000
    71 0.569120 -18.746299 -1.567609 0.052086 -0.002108 0.043612
    72 -11.777475 3.556000 6.913070 0.039924 -0.642053 -1.573186
    73 1.723778 -23.051676 3.120781 -0.049598 0.070488 0.018901
    74 49.389534 35.067638 12.791991 -1.037544 0.423055 2.039819
    75 4.004553 6.047382 1.789419 -0.260261 0.121942 2.111929
  time 24
    0 0.705479 -29.005988 46.736688 0.024149 -0.015472 -2.357080
    1 0.623698 0.000000 0.000001 0.000000 -1.490334 -1.570720
    2 5.116231 -0.003106 0.410176 0.004394 -0.080346 -0.054834
    3 3.906364 -0.003293 -0.000001 0.000000 0.000000 -0.030404
    4 4.136117 -0.008532 -0.000688 0.076376 0.011541 -0.164754
    5 10.751874 -0.002619 0.000050 -0.018648 0.003823 0.186243
    6 3.346653 -0.003644 -0.000028 0.008090 -0.022855 -0.024386
    7 4.579819 0.000000 0.000000 0.455033 -0.049320 0.067023
    8 -3.297148 -1.150500 2.858143 1.723742 -1.325762 1.226030
    9 6.038856 -0.000001 -0.000005 0.715911 1.183950 -0.696805
    10 17.594561 0.000001 -0.000003 0.000000 0.000000 -0.535190
    11 17.982981 0.000000 0.000000 -2.146095 -0.138199 0.077122
    12 2.813689 0.799023 -0.493425 2.411861 0.529184 1.109476
    13 2.065374 0.000002 0.000000 0.000000 0.000000 0.649378
    14 2.094708 0.000001 -0.000001 0.000000 0.000000 1.093020
    15 7.521994 -0.014968 -1.158106 -0.027860 -0.069746 0.911640
    16 3.200831 0.000000 0.000002 0.000000 0.000000 1.665632
    17 2.731236 0.000002 0.000000 0.000000 0.000000 1.605775
    18 7.599246 -0.144515 0.591978 -0.045786 -0.060676 0.993575
    19 3.840997 0.000000 0.000001 0.000000 0.000000 1.756866
    20 3.277480 -0.000002 0.000001 0.000000 0.000000 1.937387
    21 7.447637 -0.525788 2.367265 -0.140593 -0.120304 1.040167
    22 1.595201 -0.000001 0.000002 0.000000 0.000000 0.255811
    23 1.772451 -0.000002 -0.000001 0.000000 0.000000 1.067979
    24 2.572627 0.731521 -2.511554 -0.244396 0.018184 3.134541
    25 -3.277620 -1.041106 -2.920651 -0.569437 1.205734 2.415602
    26 6.038853 0.000001 0.000000 -1.219133 -0.638552 0.204519
    27 17.594557 -0.000001 0.000001 0.000000 0.000000 -0.357380
    28 17.982979 0.000000 0.000000 2.193003 0.830909 -0.982011
    29 2.813690 0.799022 0.493428 -2.853948 0.431188 1.731441
    30 2.065368 -0.000003 -0.000001 0.000000 0.000000 0.912348
    31 2.094713 -0.000001 0.000003 0.000000 0.000000 0.685149
    32 7.521999 -0.014967 1.158108 -0.175699 -0.043345 1.404093
    33 3.200828 0.000001 0.000001 0.000000 0.000000 1.350783
    34 2.731234 0.000000 -0.000005 0.000000 0.000000 0.924201
    35 7.599249 -0.144514 -0.591975 -0.160061 -0.087250 1.261723
    36 3.840996 0.000001 0.000001 0.000000 0.000000 1.649531
    37 3.277483 -0.000001 -0.000002 0.000000 0.000000 1.255852
    38 7.447633 -0.525791 -2.367259 0.127913 0.133733 0.940103
    39 1.595203 -0.000002 0.000000 0.000000 0.000000 0.756708
    40 1.772446 0.000001 -0.000001 0.000000 0.000000 1.255814
    41 2.963612 0.324628 1.962029 -2.408182 0.012915 -3.260935
    42 -4.609096 -0.248126 6.406312 2.819940 0.178717 3.210971
    43 22.311966 0.000001 0.000001 0.000000 0.000000 -0.611920
    44 22.311962 0.000000 0.000001 -0.054622 0.134854 0.324594
    45 5.131752 6.470465 0.000000 0.000000 0.000000 1.570796
    46 -5.636480 -0.302783 -6.406311 -3.004449 -0.014884 2.697443
    47 22.311956 0.000000 0.000001 0.000000 0.000000 -0.743747
    48 22.311954 -0.000002 0.000001 0.226774 -0.104163 0.237719
    49 5.131751 6.470465 -0.000001 0.000000 0.000000 1.570796
    50 1.732520 13.268858 0.716685 3.141592 -1.570796 0.000000
    51 -0.224368 0.272608 -0.034535 0.085043 0.062919 0.788100
    52 -2.854346 -5.355564 -3.786529 0.006778 -1.088797 1.590715
    53 -3.729202 -0.041032 -0.441369 0.055227 -0.247383 0.017518
    54 -4.351360 -0.036511 -0.735028 -3.246910 -0.336752 0.009932
    55 -4.110751 -0.102103 0.620153 0.155893 0.287186 0.061291
    56 -4.694822 -0.117613 0.713708 0.097260 0.293475 0.067619
    57 -5.000592 -0.200007 0.826487 0.094078 0.331587 0.103827
    58 -5.457067 -0.204203 0.992739 0.044254 0.340911 0.081055
    59 -6.408514 -0.051821 1.122588 0.006013 0.345639 0.018496
    60 -5.781294 0.210221 1.238907 0.021559 0.486054 -0.096418
    61 -2.949388 0.303160 0.779647 0.371876 0.562765 -0.245635
    62 -3.489939 1.363984 1.144929 1.532977 0.484260 -0.706904
    63 -11.227533 -8.510635 2.463107 -0.067211 -1.411016 -1.082082
    64 -1.007447 -23.546675 -3.414888 0.111970 -0.012059 0.132295
    65 -8.253754 -3.738319 -7.013453 1.434189 -1.375941 -2.927304
    66 1.154904 -16.772439 -1.546196 -0.159727 -0.002155 0.039849
    67 -9.127033 15.761946 -1.173663 1.063868 -1.376902 -2.928790
    68 0.614035 -25.349469 -0.507604 -0.177932 -0.020210 0.048966
    69 -11.456444 11.654311 -2.531520 -0.071987 -1.020291 -1.932063
    70 -0.879595 -11.164482 0.389685 0.047399 0.000000 0.000000
    71 0.518337 -18.847865 -1.176972 0.046901 -0.002108 0.043612
    72 -11.886854 3.567719 6.702126 0.044208 -0.630569 -1.530755
    73 1.860501 -22.961829 3.124688 -0.019809 0.092528 0.000313
    74 49.389534 35.067638 12.791991 -1.037544 0.423055 2.039819
    75 4.004553 6.047382 1.789419 -0.260261 0.121942 2.111929
  time 25
    0 0.338593 -30.117881 46.998414 0.024149 -0.024017 -2.357272
    1 0.623698 0.000000 0.000001 0.000000 -1.494529 -1.570720
    2 5.120138 -0.003106 0.390644 0.004167 -0.076151 -0.054810
    3 3.906364 -0.003293 -0.000001 0.000000 0.000000 -0.030404
    4 4.136117 -0.008532 -0.000688 0.076648 0.010199 -0.156404
    5 10.751874 -0.002619 0.000050 -0.018636 0.003823 0.186243
    6 3.346653 -0.003644 -0.000028 0.008066 -0.023334 -0.025309
    7 4.579819 0.000000 0.000000 0.454960 -0.049378 0.058833
    8 -3.297148 -1.150500 2.858143 1.576967 -1.314300 1.377244
    9 6.038856 -0.000001 -0.000005 0.825943 1.125087 -0.613059
    10 17.594561 0.000001 -0.000003 0.000000 0.000000 -0.581488
    11 17.982981 0.000000 0.000000 -2.192656 -0.142918 0.104767
    12 2.813689 0.799023 -0.493425 2.411861 0.529184 1.109476
    13 2.065374 0.000002 0.000000 0.000000 0.000000 0.649378
    14 2.094708 0.000001 -0.000001 0.000000 0.000000 1.093020
    15 7.521994 -0.014968 -1.158106 -0.027860 -0.069746 0.911640
    16 3.200831 0.000000 0.000002 0.000000 0.000000 1.665632
    17 2.731236 0.000002 0.000000 0.000000 0.000000 1.605775
    18 7.599246 -0.144515 0.591978 -0.045786 -0.060676 0.993575
    19 3.840997 0.000000 0.000001 0.000000 0.000000 1.756866
    20 3.277480 -0.000002 0.000001 0.000000 0.000000 1.937387
    21 7.447637 -0.525788 2.367265 -0.140593 -0.120304 1.040167
    22 1.595201 -0.000001 0.000002 0.000000 0.000000 0.255811
    23 1.772451 -0.000002 -0.000001 0.000000 0.000000 1.067979
    24 2.572627 0.731521 -2.511554 -0.244396 0.018184 3.134541
    25 -3.277620 -1.041106 -2.920651 -0.537832 1.199016 2.447331
    26 6.038853 0.000001 0.000000 -1.155302 -0.614317 0.204773
    27 17.594557 -0.000001 0.000001 0.000000 0.000000 -0.388824
    28 17.982979 0.000000 0.000000 2.164431 0.762687 -0.985250
    29 2.813690 0.799022 0.493428 -2.853948 0.431188 1.731441
    30 2.065368 -0.000003 -0.000001 0.000000 0.000000 0.912348
    31 2.094713 -0.000001 0.000003 0.000000 0.000000 0.685149
    32 7.521999 -0.014967 1.158108 -0.175699 -0.043345 1.404093
    33 3.200828 0.000001 0.000001 0.000000 0.000000 1.350783
    34 2.731234 0.000000 -0.000005 0.000000 0.000000 0.924201
    35 7.599249 -0.144514 -0.591975 -0.160061 -0.087250 1.261723
    36 3.840996 0.000001 0.000001 0.000000 0.000000 1.649531
    37 3.277483 -0.000001 -0.000002 0.000000 0.000000 1.255814
    38 7.447633 -0.525791 -2.367259 0.127913 0.133733 0.940083
    39 1.595203 -0.000002 0.000000 0.000000 0.000000 0.756708
    40 1.772446 0.000001 -0.000001 0.000000 0.000000 1.255814
    41 2.963612 0.324628 1.962029 -2.408182 0.012915 -3.260935
    42 -4.636441 -0.248126 6.410219 2.826568 0.157186 3.216756
    43 22.311966 0.000001 0.000001 0.000000 0.000000 -0.592686
    44 22.311962 0.000000 0.000001 -0.053014 0.119368 0.356091
    45 5.131752 6.470465 0.000000 0.000000 0.000000 1.570796
    46 -5.609136 -0.302783 -6.410218 -3.011268 -0.004583 2.736437
    47 22.311956 0.000000 0.000001 0.000000 0.000000 -0.733778
    48 22.311954 -0.000002 0.000001 0.225762 -0.088522 0.256645
    49 5.131751 6.470465 -0.000001 0.000000 0.000000 1.570796
    50 1.732520 13.268858 0.716685 3.141592 -1.570796 0.000000
    51 -0.224368 0.272608 -0.034535 0.088087 0.053919 0.787602
    52 -2.889503 -5.367283 -3.743559 0.006730 -1.085849 1.573278
    53 -3.729202 -0.033220 -0.441369 0.036080 -0.247599 0.012604
    54 -4.351360 -0.009166 -0.735028 -3.114513 -0.336404 -0.003850
    55 -4.110751 -0.043507 0.624060 0.086577 0.291245 0.034518
    56 -4.694822 -0.098081 0.713708 0.087001 0.294709 0.060356
    57 -4.992779 -0.188288 0.830394 0.090087 0.333169 0.099189
    58 -5.441441 -0.196390 0.992739 0.042577 0.342541 0.077760
    59 -6.388982 -0.044008 1.122588 0.005461 0.347083 0.015710
    60 -5.765669 0.218034 1.238907 0.022523 0.486957 -0.099964
    61 -2.945482 0.310973 0.779647 0.379689 0.560783 -0.250012
    62 -3.497751 1.379609 1.121491 1.515247 0.472983 -0.710664
    63 -11.333005 -8.366100 2.650613 0.180566 -1.410968 -1.299970
    64 -1.323863 -23.800589 -3.328948 0.114593 -0.016529 0.138743
    65 -8.285005 -3.519562 -6.794696 1.512855 -1.375018 -2.926058
    66 1.150998 -16.795877 -1.608698 -0.180844 -0.002347 0.039658
    67 -9.193441 15.695537 -1.318199 1.085465 -1.376902 -2.928790
    68 0.617941 -25.337750 -0.667765 -0.176799 -0.020174 0.048942
    69 -11.390036 11.185547 -3.004191 -0.104811 -1.042763 -1.886233
    70 -0.965535 -11.039478 0.100613 -0.010283 0.000000 0.000000
    71 0.498805 -18.968962 -0.762897 0.042777 -0.002108 0.043612
    72 -12.015764 3.688816 6.569310 0.045107 -0.630426 -1.484677
    73 1.965973 -22.860263 3.116875 0.010811 0.116413 -0.020492
    74 49.389534 35.067638 12.791991 -1.037544 0.423055 2.039819
    75 4.004553 6.047382 1.789419 -0.260261 0.121942 2.111929
  time 26
    0 -0.020424 -31.299857 47.256235 0.024161 -0.033832 -2.357512
    1 0.623698 0.000000 0.000001 0.000000 -1.499275 -1.570720
    2 5.120138 -0.003106 0.363299 0.003903 -0.071417 -0.054798
    3 3.906364 -0.003293 -0.000001 0.000000 0.000000 -0.030404
    4 4.136117 -0.008532 -0.000688 0.076839 0.009971 -0.146100
    5 10.751874 -0.002619 0.000050 -0.018648 0.003823 0.186243
    6 3.346653 -0.003644 -0.000028 0.008042 -0.023490 -0.026244
    7 4.579819 0.000000 0.000000 0.454617 -0.050387 0.049136
    8 -3.297148 -1.150500 2.858143 1.463359 -1.297935 1.495205
    9 6.038856 -0.000001 -0.000005 0.898122 1.069279 -0.564155
    10 17.594561 0.000001 -0.000003 0.000000 0.000000 -0.620569
    11 17.982981 0.000000 0.000000 -2.234960 -0.142483 0.127418
    12 2.813689 0.799023 -0.493425 2.411861 0.529184 1.109476
    13 2.065374 0.000002 0.000000 0.000000 0.000000 0.649378
    14 2.094708 0.000001 -0.000001 0.000000 0.000000 1.093020
    15 7.521994 -0.014968 -1.158106 -0.027860 -0.069746 0.911640
    16 3.200831 0.000000 0.000002 0.000000 0.000000 1.665632
    17 2.731236 0.000002 0.000000 0.000000 0.000000 1.605775
    18 7.599246 -0.144515 0.591978 -0.045786 -0.060676 0.993575
    19 3.840997 0.000000 0.000001 0.000000 0.000000 1.756866
    20 3.277480 -0.000002 0.000001 0.000000 0.000000 1.937387
    21 7.447637 -0.525788 2.367265 -0.140593 -0.120304 1.040167
    22 1.595201 -0.000001 0.000002 0.000000 0.000000 0.255811
    23 1.772451 -0.000002 -0.000001 0.000000 0.000000 1.067979
    24 2.572627 0.731521 -2.511554 -0.244396 0.018184 3.134541
    25 -3.277620 -1.041106 -2.920651 -0.505454 1.202335 2.477976
    26 6.038853 0.000001 0.000000 -1.096547 -0.600618 0.202400
    27 17.594557 -0.000001 0.000001 0.000000 0.000000 -0.418981
    28 17.982979 0.000000 0.000000 2.144059 0.695583 -0.980057
    29 2.813690 0.799022 0.493428 -2.853948 0.431188 1.731441
    30 2.065368 -0.000003 -0.000001 0.000000 0.000000 0.912348
    31 2.094713 -0.000001 0.000003 0.000000 0.000000 0.685149
    32 7.521999 -0.014967 1.158108 -0.175699 -0.043345 1.404093
    33 3.200828 0.000001 0.000001 0.000000 0.000000 1.350783
    34 2.731234 0.000000 -0.000005 0.000000 0.000000 0.924201
    35 7.599249 -0.144514 -0.591975 -0.160061 -0.087250 1.261723
    36 3.840996 0.000001 0.000001 0.000000 0.000000 1.649531
    37 3.277483 -0.000001 -0.000002 0.000000 0.000000 1.255814
    38 7.447633 -0.525791 -2.367259 0.127913 0.133733 0.940083
    39 1.595203 -0.000002 0.000000 0.000000 0.000000 0.756708
    40 1.772446 0.000001 -0.000001 0.000000 0.000000 1.255814
    41 2.963612 0.324628 1.962029 -2.408182 0.012915 -3.260935
    42 -4.667691 -0.252033 6.410219 2.834765 0.127936 3.221340
    43 22.311966 0.000001 0.000001 0.000000 0.000000 -0.558631
    44 22.311962 0.000000 0.000001 -0.050207 0.098443 0.402480
    45 5.131752 6.470465 0.000000 0.000000 0.000000 1.570796
    46 -5.581791 -0.298876 -6.410218 -3.017644 0.007008 2.779252
    47 22.311956 0.000000 0.000001 0.000000 0.000000 -0.720421
    48 22.311954 -0.000002 0.000001 0.224507 -0.071607 0.274641
    49 5.131751 6.470465 -0.000001 0.000000 0.000000 1.570796
    50 1.732520 13.268858 0.716685 3.141592 -1.570796 0.000000
    51 -0.224368 0.272608 -0.034535 0.091634 0.043636 0.787054
    52 -2.932473 -5.379002 -3.692776 0.006670 -1.082325 1.553466
    53 -3.729202 -0.021500 -0.441369 0.015212 -0.247659 0.007115
    54 -4.351360 0.022085 -0.735028 -2.962370 -0.335613 -0.018771
    55 -4.106845 0.022901 0.627966 0.002933 0.293003 0.002435
    56 -4.690915 -0.078549 0.713708 0.074705 0.295979 0.051763
    57 -4.984966 -0.172662 0.830394 0.084898 0.334787 0.093244
    58 -5.425816 -0.184671 0.996646 0.040382 0.344171 0.073547
    59 -6.369450 -0.032289 1.122588 0.004816 0.348677 0.012556
    60 -5.750044 0.225846 1.238907 0.023499 0.488033 -0.103299
    61 -2.945482 0.314879 0.775741 0.386168 0.558656 -0.253035
    62 -3.501658 1.387422 1.101959 1.502214 0.463692 -0.711982
    63 -11.391600 -8.112186 2.967029 0.425205 -1.410309 -1.517110
    64 -1.312144 -23.820121 -3.184412 0.117447 -0.018998 0.133565
    65 -8.312350 -3.300805 -6.575939 1.588694 -1.374191 -2.924548
    66 1.150998 -16.803689 -1.679012 -0.192318 -0.002503 0.039466
    67 -9.287194 15.597878 -1.517424 1.107998 -1.376902 -2.928790
    68 0.625754 -25.322125 -0.863083 -0.165879 -0.019851 0.048978
    69 -11.331440 10.798816 -3.410453 -0.141027 -1.068710 -1.834644
    70 -1.031944 -10.941818 -0.114237 -0.041143 0.000000 0.000000
    71 0.490992 -19.090060 -0.383979 0.039711 -0.002108 0.043612
    72 -12.148580 3.934917 6.538059 0.039710 -0.649881 -1.441291
    73 2.048007 -22.746979 3.101249 0.041783 0.141521 -0.042244
    74 49.389534 35.067638 12.791991 -1.037544 0.423055 2.039819
    75 4.004553 6.047382 1.789419 -0.260261 0.121942 2.111929
  time 27
    0 -0.395009 -32.587075 47.549212 0.024161 -0.043804 -2.357751
    1 0.623698 0.000000 0.000001 0.000000 -1.504392 -1.570720
    2 5.124044 -0.003106 0.339861 0.003627 -0.066300 -0.054774
    3 3.906364 -0.003293 -0.000001 0.000000 0.000000 -0.030404
    4 4.136117 -0.008532 -0.000688 0.077002 0.010475 -0.135020
    5 10.751874 -0.002619 0.000050 -0.018636 0.003823 0.186243
    6 3.346653 -0.003644 -0.000028 0.008018 -0.023358 -0.027190
    7 4.579819 0.000000 0.000000 0.454126 -0.051885 0.039002
    8 -3.297148 -1.150500 2.858143 1.403219 -1.282506 1.558258
    9 6.038856 -0.000001 -0.000005 0.935603 1.027993 -0.544719
    10 17.594561 0.000001 -0.000003 0.000000 0.000000 -0.648451
    11 17.982981 0.000000 0.000000 -2.270727 -0.137198 0.142886
    12 2.813689 0.799023 -0.493425 2.411861 0.529184 1.109476
    13 2.065374 0.000002 0.000000 0.000000 0.000000 0.649378
    14 2.094708 0.000001 -0.000001 0.000000 0.000000 1.093020
    15 7.521994 -0.014968 -1.158106 -0.027860 -0.069746 0.911640
    16 3.200831 0.000000 0.000002 0.000000 0.000000 1.665632
    17 2.731236 0.000002 0.000000 0.000000 0.000000 1.605775
    18 7.599246 -0.144515 0.591978 -0.045786 -0.060676 0.993575
    19 3.840997 0.000000 0.000001 0.000000 0.000000 1.756866
    20 3.277480 -0.000002 0.000001 0.000000 0.000000 1.937387
    21 7.447637 -0.525788 2.367265 -0.140593 -0.120304 1.040167
    22 1.595201 -0.000001 0.000002 0.000000 0.000000 0.255811
    23 1.772451 -0.000002 -0.000001 0.000000 0.000000 1.067979
    24 2.572627 0.731521 -2.511554 -0.244396 0.018184 3.134541
    25 -3.277620 -1.041106 -2.920651 -0.466401 1.212195 2.514047
    26 6.038853 0.000001 0.000000 -1.037852 -0.591222 0.199518
    27 17.594557 -0.000001 0.000001 0.000000 0.000000 -0.453544
    28 17.982979 0.000000 0.000000 2.127167 0.623185 -0.967528
    29 2.813690 0.799022 0.493428 -2.853948 0.431188 1.731441
    30 2.065368 -0.000003 -0.000001 0.000000 0.000000 0.912348
    31 2.094713 -0.000001 0.000003 0.000000 0.000000 0.685149
    32 7.521999 -0.014967 1.158108 -0.175699 -0.043345 1.404093
    33 3.200828 0.000001 0.000001 0.000000 0.000000 1.350783
    34 2.731234 0.000000 -0.000005 0.000000 0.000000 0.924201
    35 7.599249 -0.144514 -0.591975 -0.160061 -0.087250 1.261723
    36 3.840996 0.000001 0.000001 0.000000 0.000000 1.649531
    37 3.277483 -0.000001 -0.000002 0.000000 0.000000 1.255814
    38 7.447633 -0.525791 -2.367259 0.127913 0.133733 0.940083
    39 1.595203 -0.000002 0.000000 0.000000 0.000000 0.756708
    40 1.772446 0.000001 -0.000001 0.000000 0.000000 1.255814
    41 2.963612 0.324628 1.962029 -2.408182 0.012915 -3.260935
    42 -4.698942 -0.252033 6.414125 2.843981 0.091080 3.222704
    43 22.311966 0.000001 0.000001 0.000000 0.000000 -0.512233
    44 22.311962 0.000000 0.000001 -0.047879 0.069830 0.445023
    45 5.131752 6.470465 0.000000 0.000000 0.000000 1.570796
    46 -5.546634 -0.298876 -6.414124 -3.023385 0.019903 2.828703
    47 22.311956 0.000000 0.000001 0.000000 0.000000 -0.697983
    48 22.311954 -0.000002 0.000001 0.222944 -0.053021 0.289913
    49 5.131751 6.470465 -0.000001 0.000000 0.000000 1.570796
    50 1.732520 13.268858 0.716685 3.141592 -1.570796 0.000000
    51 -0.224368 0.272608 -0.034535 0.095050 0.032970 0.786506
    52 -2.971537 -5.390721 -3.641993 0.006610 -1.078646 1.533280
    53 -3.729202 -0.013688 -0.441369 -0.005406 -0.247694 0.001518
    54 -4.351360 0.057242 -0.735028 -2.803949 -0.334283 -0.033596
    55 -4.106845 0.089309 0.620153 -0.086758 0.291300 -0.031649
    56 -4.687009 -0.059017 0.717614 0.061605 0.297370 0.042727
    57 -4.981060 -0.157037 0.834300 0.079181 0.336705 0.086880
    58 -5.414097 -0.169046 0.996646 0.037945 0.346053 0.068984
    59 -6.349918 -0.024476 1.126494 0.004171 0.350421 0.009350
    60 -5.738324 0.233659 1.242813 0.024590 0.488967 -0.105869
    61 -2.949388 0.314879 0.775741 0.391790 0.556051 -0.254169
    62 -3.509471 1.391329 1.086333 1.495409 0.456797 -0.711640
    63 -11.379881 -7.670766 3.486576 0.773053 -1.407792 -1.830348
    64 -0.933226 -23.589645 -2.922686 0.115349 -0.015223 0.088779
    65 -8.335788 -3.125019 -6.400153 1.655640 -1.373484 -2.923002
    66 1.150998 -16.795877 -1.753233 -0.196049 -0.002599 0.039334
    67 -9.400478 15.476781 -1.767431 1.131353 -1.376902 -2.928790
    68 0.629660 -25.306499 -1.093559 -0.146281 -0.019252 0.049062
    69 -11.276751 10.490213 -3.773746 -0.182469 -1.097406 -1.776023
    70 -1.071007 -10.879317 -0.258773 -0.050755 0.000000 0.000000
    71 0.479273 -19.203344 -0.110533 0.037857 -0.002108 0.043612
    72 -12.289210 4.325554 6.631811 0.024331 -0.697023 -1.405940
    73 2.130041 -22.629788 3.081717 0.072655 0.167144 -0.063768
    74 49.389534 35.067638 12.791991 -1.037544 0.423055 2.039819
    75 4.004553 6.047382 1.789419 -0.260261 0.121942 2.111929
  time 28
    0 -0.796882 -33.971721 47.904692 0.024173 -0.052864 -2.357943
    1 0.623698 0.000000 0.000001 0.000000 -1.509725 -1.570720
    2 5.124044 -0.003106 0.312517 0.003328 -0.060979 -0.054762
    3 3.906364 -0.003293 -0.000001 0.000000 0.000000 -0.030404
    4 4.136117 -0.008532 -0.000688 0.077247 0.011313 -0.124361
    5 10.751874 -0.002619 0.000050 -0.018636 0.003823 0.186243
    6 3.346653 -0.003644 -0.000028 0.007994 -0.022986 -0.028149
    7 4.579819 0.000000 0.000000 0.453513 -0.053441 0.029567
    8 -3.297148 -1.150500 2.858143 1.396357 -1.269171 1.566116
    9 6.038856 -0.000001 -0.000005 0.948406 1.004692 -0.543823
    10 17.594561 0.000001 -0.000003 0.000000 0.000000 -0.666914
    11 17.982981 0.000000 0.000000 -2.301096 -0.129739 0.152941
    12 2.813689 0.799023 -0.493425 2.411861 0.529184 1.109476
    13 2.065374 0.000002 0.000000 0.000000 0.000000 0.649378
    14 2.094708 0.000001 -0.000001 0.000000 0.000000 1.093020
    15 7.521994 -0.014968 -1.158106 -0.027860 -0.069746 0.911640
    16 3.200831 0.000000 0.000002 0.000000 0.000000 1.665632
    17 2.731236 0.000002 0.000000 0.000000 0.000000 1.605775
    18 7.599246 -0.144515 0.591978 -0.045786 -0.060676 0.993575
    19 3.840997 0.000000 0.000001 0.000000 0.000000 1.756866
    20 3.277480 -0.000002 0.000001 0.000000 0.000000 1.937387
    21 7.447637 -0.525788 2.367265 -0.140593 -0.120304 1.040167
    22 1.595201 -0.000001 0.000002 0.000000 0.000000 0.255811
    23 1.772451 -0.000002 -0.000001 0.000000 0.000000 1.067979
    24 2.572627 0.731521 -2.511554 -0.244396 0.018184 3.134541
    25 -3.277620 -1.041106 -2.920651 -0.421308 1.226482 2.555337
    26 6.038853 0.000001 0.000000 -0.981784 -0.586761 0.196382
    27 17.594557 -0.000001 0.000001 0.000000 0.000000 -0.488716
    28 17.982979 0.000000 0.000000 2.112748 0.549743 -0.951235
    29 2.813690 0.799022 0.493428 -2.853948 0.431188 1.731441
    30 2.065368 -0.000003 -0.000001 0.000000 0.000000 0.912348
    31 2.094713 -0.000001 0.000003 0.000000 0.000000 0.685149
    32 7.521999 -0.014967 1.158108 -0.175699 -0.043345 1.404093
    33 3.200828 0.000001 0.000001 0.000000 0.000000 1.350783
    34 2.731234 0.000000 -0.000005 0.000000 0.000000 0.924201
    35 7.599249 -0.144514 -0.591975 -0.160061 -0.087250 1.261723
    36 3.840996 0.000001 0.000001 0.000000 0.000000 1.649531
    37 3.277483 -0.000001 -0.000002 0.000000 0.000000 1.255814
    38 7.447633 -0.525791 -2.367259 0.127913 0.133733 0.940083
    39 1.595203 -0.000002 0.000000 0.000000 0.000000 0.756708
    40 1.772446 0.000001 -0.000001 0.000000 0.000000 1.255814
    41 2.963612 0.324628 1.962029 -2.408182 0.012915 -3.260935
    42 -4.734100 -0.252033 6.414125 2.852035 0.032939 3.171041
    43 22.311966 0.000001 0.000001 0.000000 0.000000 -0.550773
    44 22.311962 0.000000 0.000001 -0.048743 0.030801 0.467633
    45 5.131752 6.470465 0.000000 0.000000 0.000000 1.570796
    46 -5.515383 -0.294970 -6.414124 -3.027999 0.033511 2.886268
    47 22.311956 0.000000 0.000001 0.000000 0.000000 -0.660937
    48 22.311954 -0.000002 0.000001 0.221249 -0.033079 0.299544
    49 5.131751 6.470465 -0.000001 0.000000 0.000000 1.570796
    50 1.732520 13.268858 0.716685 3.141592 -1.570796 0.000000
    51 -0.224368 0.272608 -0.034535 0.097662 0.022807 0.785958
    52 -3.010601 -5.398534 -3.599023 0.006562 -1.075590 1.514155
    53 -3.729202 -0.001969 -0.441369 -0.024356 -0.247635 -0.003779
    54 -4.347454 0.084587 -0.731121 -2.656174 -0.332485 -0.047246
    55 -4.106845 0.151811 0.608434 -0.170495 0.286425 -0.063204
    56 -4.683102 -0.039485 0.717614 0.048986 0.298760 0.034098
    57 -4.973247 -0.141411 0.838206 0.073597 0.338814 0.080816
    58 -5.402378 -0.157327 1.000552 0.035525 0.348102 0.064638
    59 -6.338199 -0.012757 1.130401 0.003572 0.352106 0.006460
    60 -5.734418 0.237566 1.242813 0.025783 0.489569 -0.107525
    61 -2.957201 0.318785 0.775741 0.396935 0.553027 -0.253728
    62 -3.525096 1.395235 1.078520 1.493684 0.451889 -0.710029
    63 -11.321286 -7.069185 4.213160 1.174537 -1.385297 -2.190175
    64 -0.347271 -23.214634 -2.547674 0.105738 -0.005731 0.004216
    65 -8.347507 -3.046891 -6.322025 1.707605 -1.372945 -2.921647
    66 1.154904 -16.776345 -1.839173 -0.193975 -0.002623 0.039334
    67 -9.537201 15.324432 -2.076035 1.155403 -1.376902 -2.928790
    68 0.637473 -25.290874 -1.351379 -0.119066 -0.018437 0.049205
    69 -11.218156 10.208954 -4.148757 -0.230971 -1.128026 -1.708676
    70 -1.102258 -10.832440 -0.360338 -0.056280 0.000000 0.000000
    71 0.440210 -19.293191 -0.001155 0.037214 -0.002108 0.043612
    72 -12.445464 5.044326 7.108389 -0.004883 -0.801323 -1.373976
    73 2.219887 -22.512597 3.058279 0.103149 0.192504 -0.083902
    74 49.389534 35.067638 12.791991 -1.037544 0.423055 2.039819
    75 4.004553 6.047382 1.789419 -0.260261 0.121942 2.111929
  time 29
    0 -1.194791 -35.406919 48.271891 0.024185 -0.059911 -2.358135
    1 0.623698 0.000000 0.000001 0.000000 -1.515118 -1.570720
    2 5.124044 -0.003106 0.285172 0.003040 -0.055598 -0.054738
    3 3.906364 -0.003293 -0.000001 0.000000 0.000000 -0.030404
    4 4.136117 -0.008532 -0.000688 0.077559 0.013147 -0.112846
    5 10.751874 -0.002619 0.000050 -0.018636 0.003823 0.186243
    6 3.346653 -0.003644 -0.000028 0.007970 -0.022423 -0.029132
    7 4.579819 0.000000 0.000000 0.452631 -0.055848 0.019564
    8 -3.297148 -1.150500 2.858143 1.420852 -1.255647 1.541201
    9 6.038856 -0.000001 -0.000005 0.945716 0.992879 -0.553138
    10 17.594561 0.000001 -0.000003 0.000000 0.000000 -0.679987
    11 17.982981 0.000000 0.000000 -2.328805 -0.122453 0.160455
    12 2.813689 0.799023 -0.493425 2.411861 0.529184 1.109476
    13 2.065374 0.000002 0.000000 0.000000 0.000000 0.649378
    14 2.094708 0.000001 -0.000001 0.000000 0.000000 1.093020
    15 7.521994 -0.014968 -1.158106 -0.027860 -0.069746 0.911640
    16 3.200831 0.000000 0.000002 0.000000 0.000000 1.665632
    17 2.731236 0.000002 0.000000 0.000000 0.000000 1.605775
    18 7.599246 -0.144515 0.591978 -0.045786 -0.060676 0.993575
    19 3.840997 0.000000 0.000001 0.000000 0.000000 1.756866
    20 3.277480 -0.000002 0.000001 0.000000 0.000000 1.937387
    21 7.447637 -0.525788 2.367265 -0.140593 -0.120304 1.040167
    22 1.595201 -0.000001 0.000002 0.000000 0.000000 0.255811
    23 1.772451 -0.000002 -0.000001 0.000000 0.000000 1.067979
    24 2.572627 0.731521 -2.511554 -0.244396 0.018184 3.134541
    25 -3.277620 -1.041106 -2.920651 -0.371583 1.243139 2.601094
    26 6.038853 0.000001 0.000000 -0.928164 -0.586539 0.190999
    27 17.594557 -0.000001 0.000001 0.000000 0.000000 -0.520705
    28 17.982979 0.000000 0.000000 2.100517 0.479396 -0.934275
    29 2.813690 0.799022 0.493428 -2.853948 0.431188 1.731441
    30 2.065368 -0.000003 -0.000001 0.000000 0.000000 0.912348
    31 2.094713 -0.000001 0.000003 0.000000 0.000000 0.685149
    32 7.521999 -0.014967 1.158108 -0.175699 -0.043345 1.404093
    33 3.200828 0.000001 0.000001 0.000000 0.000000 1.350783
    34 2.731234 0.000000 -0.000005 0.000000 0.000000 0.924201
    35 7.599249 -0.144514 -0.591975 -0.160061 -0.087250 1.261723
    36 3.840996 0.000001 0.000001 0.000000 0.000000 1.649531
    37 3.277483 -0.000001 -0.000002 0.000000 0.000000 1.255814
    38 7.447633 -0.525791 -2.367259 0.127913 0.133733 0.940083
    39 1.595203 -0.000002 0.000000 0.000000 0.000000 0.756708
    40 1.772446 0.000001 -0.000001 0.000000 0.000000 1.255814
    41 2.963612 0.324628 1.962029 -2.408182 0.012915 -3.260935
    42 -4.769257 -0.255939 6.418031 2.867423 -0.039676 3.075155
    43 22.311966 0.000001 0.000001 0.000000 0.000000 -0.655017
    44 22.311962 0.000000 0.000001 -0.053878 -0.013354 0.460668
    45 5.131752 6.470465 0.000000 0.000000 0.000000 1.570796
    46 -5.480225 -0.294970 -6.418031 -3.031198 0.047590 2.947490
    47 22.311956 0.000000 0.000001 0.000000 0.000000 -0.613034
    48 22.311954 -0.000002 0.000001 0.219752 -0.012398 0.303887
    49 5.131751 6.470465 -0.000001 0.000000 0.000000 1.570796
    50 1.732520 13.268858 0.716685 3.141592 -1.570796 0.000000
    51 -0.224368 0.272608 -0.034535 0.098825 0.014022 0.785610
    52 -3.045758 -5.402440 -3.567772 0.006538 -1.073948 1.497593
    53 -3.729202 0.005844 -0.441369 -0.040138 -0.247383 -0.008273
    54 -4.347454 0.111931 -0.727215 -2.536789 -0.330688 -0.058811
    55 -4.102939 0.202594 0.592809 -0.235158 0.280300 -0.087617
    56 -4.679196 -0.019954 0.721520 0.038223 0.299922 0.026799
    57 -4.961528 -0.129692 0.842113 0.068755 0.340827 0.075723
    58 -5.390659 -0.145607 1.004459 0.033486 0.350068 0.061126
    59 -6.326480 -0.004944 1.134307 0.003158 0.353670 0.004305
    60 -5.738324 0.241472 1.246719 0.026950 0.489917 -0.108014
    61 -2.972827 0.318785 0.775741 0.401127 0.550119 -0.251461
    62 -3.536815 1.391329 1.070708 1.498380 0.449610 -0.707295
    63 -11.250971 -6.451979 5.002247 1.437362 -1.354089 -2.423194
    64 0.266029 -22.808372 -2.164850 0.093966 0.003317 -0.081378
    65 -8.343601 -3.031266 -6.306400 1.742025 -1.372621 -2.920808
    66 1.158810 -16.737281 -1.929020 -0.174272 -0.002491 0.039598
    67 -9.693456 15.144739 -2.435421 1.180005 -1.376902 -2.928790
    68 0.649192 -25.271342 -1.644357 -0.085319 -0.017418 0.049433
    69 -11.159560 9.958947 -4.527675 -0.289009 -1.159652 -1.630402
    70 -1.121790 -10.805096 -0.422840 -0.058257 0.000000 0.000000
    71 0.377708 -19.367412 -0.040218 0.041187 -0.002108 0.043612
    72 -12.629064 6.126391 8.053730 -0.059115 -0.959414 -1.328505
    73 2.333172 -22.407125 3.034841 0.132988 0.216724 -0.101544
    74 49.389534 35.067638 12.791991 -1.037544 0.423055 2.039819
    75 4.004553 6.047382 1.789419 -0.260261 0.121942 2.111929
  time 30
    0 -1.557486 -36.841886 48.596119 0.024197 -0.063866 -2.358231
    1 0.623698 0.000000 0.000001 0.000000 -1.520403 -1.570720
    2 5.127951 -0.003106 0.257827 0.002740 -0.050324 -0.054726
    3 3.906364 -0.003293 -0.000001 0.000000 0.000000 -0.030404
    4 4.136117 -0.008532 -0.000688 0.077940 0.016479 -0.099344
    5 10.751874 -0.002619 0.000050 -0.018636 0.003823 0.186243
    6 3.346653 -0.003644 -0.000028 0.007934 -0.021692 -0.030103
    7 4.579819 0.000000 0.000000 0.451478 -0.059709 0.007879
    8 -3.297148 -1.150500 2.858143 1.459261 -1.242655 1.501338
    9 6.038856 -0.000001 -0.000005 0.929851 0.988052 -0.571231
    10 17.594561 0.000001 -0.000003 0.000000 0.000000 -0.688563
    11 17.982981 0.000000 0.000000 -2.352371 -0.115668 0.166333
    12 2.813689 0.799023 -0.493425 2.411861 0.529184 1.109476
    13 2.065374 0.000002 0.000000 0.000000 0.000000 0.649378
    14 2.094708 0.000001 -0.000001 0.000000 0.000000 1.093020
    15 7.521994 -0.014968 -1.158106 -0.027860 -0.069746 0.911640
    16 3.200831 0.000000 0.000002 0.000000 0.000000 1.665632
    17 2.731236 0.000002 0.000000 0.000000 0.000000 1.605775
    18 7.599246 -0.144515 0.591978 -0.045786 -0.060676 0.993575
    19 3.840997 0.000000 0.000001 0.000000 0.000000 1.756866
    20 3.277480 -0.000002 0.000001 0.000000 0.000000 1.937387
    21 7.447637 -0.525788 2.367265 -0.140593 -0.120304 1.040167
    22 1.595201 -0.000001 0.000002 0.000000 0.000000 0.255811
    23 1.772451 -0.000002 -0.000001 0.000000 0.000000 1.067979
    24 2.572627 0.731521 -2.511554 -0.244396 0.018184 3.134541
    25 -3.277620 -1.041106 -2.920651 -0.319543 1.260231 2.649357
    26 6.038853 0.000001 0.000000 -0.876873 -0.589766 0.181125
    27 17.594557 -0.000001 0.000001 0.000000 0.000000 -0.545748
    28 17.982979 0.000000 0.000000 2.090778 0.416281 -0.919506
    29 2.813690 0.799022 0.493428 -2.853948 0.431188 1.731441
    30 2.065368 -0.000003 -0.000001 0.000000 0.000000 0.912348
    31 2.094713 -0.000001 0.000003 0.000000 0.000000 0.685149
    32 7.521999 -0.014967 1.158108 -0.175699 -0.043345 1.404093
    33 3.200828 0.000001 0.000001 0.000000 0.000000 1.350783
    34 2.731234 0.000000 -0.000005 0.000000 0.000000 0.924201
    35 7.599249 -0.144514 -0.591975 -0.160061 -0.087250 1.261723
    36 3.840996 0.000001 0.000001 0.000000 0.000000 1.649531
    37 3.277483 -0.000001 -0.000002 0.000000 0.000000 1.255814
    38 7.447633 -0.525791 -2.367259 0.127913 0.133733 0.940083
    39 1.595203 -0.000002 0.000000 0.000000 0.000000 0.756708
    40 1.772446 0.000001 -0.000001 0.000000 0.000000 1.255814
    41 2.963612 0.324628 1.962029 -2.408182 0.012915 -3.260935
    42 -4.804414 -0.255939 6.418031 2.891093 -0.102869 3.004682
    43 22.311966 0.000001 0.000001 0.000000 0.000000 -0.689932
    44 22.311962 0.000000 0.000001 -0.063718 -0.055701 0.441463
    45 5.131752 6.470465 0.000000 0.000000 0.000000 1.570796
    46 -5.445068 -0.291064 -6.418031 -3.033080 0.061957 3.007187
    47 22.311956 0.000000 0.000001 0.000000 0.000000 -0.559703
    48 22.311954 -0.000002 0.000001 0.218828 0.008530 0.304352
    49 5.131751 6.470465 -0.000001 0.000000 0.000000 1.570796
    50 1.732520 13.268858 0.716685 3.141592 -1.570796 0.000000
    51 -0.224368 0.272608 -0.034535 0.097878 0.007490 0.785361
    52 -3.073103 -5.398534 -3.552146 0.006538 -1.074403 1.485031
    53 -3.729202 0.009750 -0.441369 -0.052412 -0.247251 -0.011713
    54 -4.347454 0.127557 -0.727215 -2.458716 -0.329022 -0.067656
    55 -4.102939 0.229938 0.584996 -0.272188 0.275624 -0.102070
    56 -4.675290 -0.008234 0.721520 0.030757 0.300677 0.021766
    57 -4.957622 -0.121879 0.842113 0.065351 0.342325 0.072307
    58 -5.382846 -0.141701 1.008365 0.032051 0.351614 0.058869
    59 -6.322574 -0.004944 1.138213 0.002974 0.354993 0.003359
    60 -5.746137 0.241472 1.250626 0.027825 0.490297 -0.106846
    61 -2.984546 0.314879 0.775741 0.404081 0.548093 -0.247178
    62 -3.552441 1.383516 1.074614 1.511510 0.450779 -0.702900
    63 -11.204095 -5.959776 5.701487 1.530325 -1.346479 -2.517420
    64 0.723074 -22.484143 -1.883592 0.086915 0.007380 -0.129065
    65 -8.339694 -3.027360 -6.302493 1.761991 -1.372538 -2.920533
    66 1.166623 -16.686498 -2.026679 -0.131041 -0.002191 0.040089
    67 -9.877056 14.937702 -2.849496 1.205032 -1.376902 -2.928790
    68 0.657005 -25.247904 -1.972492 -0.046171 -0.016256 0.049733
    69 -11.097058 9.732377 -4.902686 -0.359515 -1.191193 -1.538743
    70 -1.125696 -10.797283 -0.442372 -0.057226 0.000000 0.000000
    71 0.319112 -19.437726 -0.161316 0.052351 -0.002108 0.043612
    72 -12.812663 7.356897 9.225641 -0.164793 -1.129017 -1.243775
    73 2.489427 -22.317278 3.011403 0.162022 0.238860 -0.115638
    74 49.389534 35.067638 12.791991 -1.037544 0.423055 2.039819
    75 4.004553 6.047382 1.789419 -0.260261 0.121942 2.111929
  time 31
    0 -1.857621 -38.225840 48.830502 0.024197 -0.064956 -2.358279
    1 0.623698 0.000000 0.000001 0.000000 -1.525413 -1.570720
    2 5.127951 -0.003106 0.230483 0.002477 -0.045315 -0.054714
    3 3.906364 -0.003293 -0.000001 0.000000 0.000000 -0.030404
    4 4.136117 -0.008532 -0.000688 0.078375 0.020625 -0.085163
    5 10.751874 -0.002619 0.000050 -0.018636 0.003823 0.186243
    6 3.346653 -0.003644 -0.000028 0.007910 -0.020841 -0.031097
    7 4.579819 0.000000 0.000000 0.450252 -0.064320 -0.004286
    8 -3.297148 -1.150500 2.858143 1.497766 -1.231131 1.460995
    9 6.038856 -0.000001 -0.000005 0.907307 0.985506 -0.592728
    10 17.594561 0.000001 -0.000003 0.000000 0.000000 -0.695498
    11 17.982981 0.000000 0.000000 -2.370311 -0.108947 0.172277
    12 2.813689 0.799023 -0.493425 2.411861 0.529184 1.109476
    13 2.065374 0.000002 0.000000 0.000000 0.000000 0.649378
    14 2.094708 0.000001 -0.000001 0.000000 0.000000 1.093020
    15 7.521994 -0.014968 -1.158106 -0.027860 -0.069746 0.911640
    16 3.200831 0.000000 0.000002 0.000000 0.000000 1.665632
    17 2.731236 0.000002 0.000000 0.000000 0.000000 1.605775
    18 7.599246 -0.144515 0.591978 -0.045786 -0.060676 0.993575
    19 3.840997 0.000000 0.000001 0.000000 0.000000 1.756866
    20 3.277480 -0.000002 0.000001 0.000000 0.000000 1.937387
    21 7.447637 -0.525788 2.367265 -0.140593 -0.120304 1.040167
    22 1.595201 -0.000001 0.000002 0.000000 0.000000 0.255811
    23 1.772451 -0.000002 -0.000001 0.000000 0.000000 1.067979
    24 2.572627 0.731521 -2.511554 -0.244396 0.018184 3.134541
    25 -3.277620 -1.041106 -2.920651 -0.269228 1.276058 2.696408
    26 6.038853 0.000001 0.000000 -0.830657 -0.596505 0.166969
    27 17.594557 -0.000001 0.000001 0.000000 0.000000 -0.560051
    28 17.982979 0.000000 0.000000 2.084272 0.364350 -0.909740
    29 2.813690 0.799022 0.493428 -2.853948 0.431188 1.731441
    30 2.065368 -0.000003 -0.000001 0.000000 0.000000 0.912348
    31 2.094713 -0.000001 0.000003 0.000000 0.000000 0.685149
    32 7.521999 -0.014967 1.158108 -0.175699 -0.043345 1.404093
    33 3.200828 0.000001 0.000001 0.000000 0.000000 1.350783
    34 2.731234 0.000000 -0.000005 0.000000 0.000000 0.924201
    35 7.599249 -0.144514 -0.591975 -0.160061 -0.087250 1.261723
    36 3.840996 0.000001 0.000001 0.000000 0.000000 1.649531
    37 3.277483 -0.000001 -0.000002 0.000000 0.000000 1.255814
    38 7.447633 -0.525791 -2.367259 0.127913 0.133719 0.940083
    39 1.595203 -0.000002 0.000000 0.000000 0.000000 0.756708
    40 1.772446 0.000001 -0.000001 0.000000 0.000000 1.255814
    41 2.963612 0.324628 1.962029 -2.408182 0.012915 -3.260935
    42 -4.835665 -0.259846 6.421938 2.914630 -0.152155 2.978431
    43 22.311966 0.000001 0.000001 0.000000 0.000000 -0.627601
    44 22.311962 0.000000 0.000001 -0.079342 -0.094694 0.425974
    45 5.131752 6.470465 0.000000 0.000000 0.000000 1.570796
    46 -5.413817 -0.291064 -6.421937 -3.034051 0.076657 3.060250
    47 22.311956 0.000000 0.000001 0.000000 0.000000 -0.509530
    48 22.311954 -0.000002 0.000001 0.218673 0.029239 0.304127
    49 5.131751 6.470465 -0.000001 0.000000 0.000000 1.570796
    50 1.732520 13.268858 0.716685 3.141592 -1.570796 0.000000
    51 -0.224368 0.272608 -0.034535 0.095098 0.003176 0.785311
    52 -3.088728 -5.386815 -3.552146 0.006586 -1.076836 1.476344
    53 -3.729202 0.013657 -0.441369 -0.061427 -0.247035 -0.014074
    54 -4.347454 0.143182 -0.727215 -2.418315 -0.327692 -0.073912
    55 -4.099032 0.245564 0.577183 -0.285400 0.273395 -0.107979
    56 -4.671383 -0.004328 0.721520 0.026598 0.300953 0.019009
    57 -4.953715 -0.117973 0.842113 0.063278 0.342937 0.070390
    58 -5.378940 -0.137795 1.008365 0.031291 0.352453 0.057855
    59 -6.314761 -0.001038 1.142120 0.002974 0.356076 0.003411
    60 -5.746137 0.233659 1.258439 0.028281 0.491088 -0.104424
    61 -2.996265 0.307066 0.775741 0.404938 0.547109 -0.241258
    62 -3.564160 1.371797 1.086333 1.531731 0.455307 -0.696553
    63 -11.176750 -5.651173 6.306974 1.519154 -1.365810 -2.533973
    64 0.922299 -22.281012 -1.766400 0.085300 0.007296 -0.140127
    65 -8.331882 -3.062517 -6.337651 1.769997 -1.372597 -2.920689
    66 1.174436 -16.616184 -2.136057 -0.074976 -0.001844 0.040616
    67 -10.080187 14.699413 -3.318260 1.230356 -1.376902 -2.928790
    68 0.668724 -25.220559 -2.331878 -0.002661 -0.014973 0.050128
    69 -11.034556 9.537059 -5.265979 -0.445517 -1.221377 -1.430820
    70 -1.121790 -10.805096 -0.422840 -0.053703 0.000000 0.000000
    71 0.256610 -19.500228 -0.364447 0.069607 -0.002108 0.043612
    72 -12.976731 8.520995 10.370207 -0.368268 -1.264947 -1.073923
    73 2.696464 -22.250870 2.995777 0.190073 0.257927 -0.125141
    74 49.389534 35.067638 12.791991 -1.037544 0.423055 2.039819
    75 4.004553 6.047382 1.789419 -0.260261 0.121942 2.111929
  time 32
    0 -2.060041 -39.511904 48.920348 0.024197 -0.064345 -2.358231
    1 0.623698 0.000000 0.000001 0.000000 -1.530914 -1.570720
    2 5.127951 -0.003106 0.203138 0.002165 -0.039826 -0.054702
    3 3.906364 -0.003293 -0.000001 0.000000 0.000000 -0.030404
    4 4.136117 -0.008532 -0.000688 0.078810 0.024904 -0.071629
    5 10.751874 -0.002619 0.000050 -0.018648 0.003823 0.186243
    6 3.346653 -0.003644 -0.000028 0.007874 -0.019906 -0.032092
    7 4.579819 0.000000 0.000000 0.449149 -0.068960 -0.015752
    8 -3.297148 -1.150500 2.858143 1.524929 -1.222730 1.432439
    9 6.038856 -0.000001 -0.000005 0.884484 0.981106 -0.612791
    10 17.594561 0.000001 -0.000003 0.000000 0.000000 -0.702949
    11 17.982981 0.000000 0.000000 -2.380878 -0.101618 0.179702
    12 2.813689 0.799023 -0.493425 2.411861 0.529184 1.109476
    13 2.065374 0.000002 0.000000 0.000000 0.000000 0.649378
    14 2.094708 0.000001 -0.000001 0.000000 0.000000 1.093020
    15 7.521994 -0.014968 -1.158106 -0.027860 -0.069746 0.911640
    16 3.200831 0.000000 0.000002 0.000000 0.000000 1.665632
    17 2.731236 0.000002 0.000000 0.000000 0.000000 1.605775
    18 7.599246 -0.144515 0.591978 -0.045786 -0.060676 0.993575
    19 3.840997 0.000000 0.000001 0.000000 0.000000 1.756866
    20 3.277480 -0.000002 0.000001 0.000000 0.000000 1.937387
    21 7.447637 -0.525788 2.367265 -0.140593 -0.120304 1.040167
    22 1.595201 -0.000001 0.000002 0.000000 0.000000 0.255811
    23 1.772451 -0.000002 -0.000001 0.000000 0.000000 1.067979
    24 2.572627 0.731521 -2.511554 -0.244396 0.018184 3.134541
    25 -3.277620 -1.041106 -2.920651 -0.226633 1.289119 2.736530
    26 6.038853 0.000001 0.000000 -0.792443 -0.606471 0.148534
    27 17.594557 -0.000001 0.000001 0.000000 0.000000 -0.559837
    28 17.982979 0.000000 0.000000 2.082028 0.327741 -0.907739
    29 2.813690 0.799022 0.493428 -2.853948 0.431188 1.731441
    30 2.065368 -0.000003 -0.000001 0.000000 0.000000 0.912348
    31 2.094713 -0.000001 0.000003 0.000000 0.000000 0.685149
    32 7.521999 -0.014967 1.158108 -0.175699 -0.043345 1.404093
    33 3.200828 0.000001 0.000001 0.000000 0.000000 1.350783
    34 2.731234 0.000000 -0.000005 0.000000 0.000000 0.924201
    35 7.599249 -0.144514 -0.591975 -0.160061 -0.087250 1.261723
    36 3.840996 0.000001 0.000001 0.000000 0.000000 1.649531
    37 3.277483 -0.000001 -0.000002 0.000000 0.000000 1.255814
    38 7.447633 -0.525791 -2.367259 0.127913 0.133733 0.940083
    39 1.595203 -0.000002 0.000000 0.000000 0.000000 0.756708
    40 1.772446 0.000001 -0.000001 0.000000 0.000000 1.255814
    41 2.963612 0.324628 1.962029 -2.408182 0.012915 -3.260935
    42 -4.870823 -0.259846 6.421938 2.937605 -0.197223 2.962769
    43 22.311966 0.000001 0.000001 0.000000 0.000000 -0.534338
    44 22.311962 0.000000 0.000001 -0.100941 -0.130976 0.393774
    45 5.131752 6.470465 0.000000 0.000000 0.000000 1.570796
    46 -5.378660 -0.291064 -6.421937 -3.034938 0.092025 3.100814
    47 22.311956 0.000000 0.000001 0.000000 0.000000 -0.474491
    48 22.311954 -0.000002 0.000001 0.219312 0.049359 0.308262
    49 5.131751 6.470465 -0.000001 0.000000 0.000000 1.570796
    50 1.732520 13.268858 0.716685 3.141592 -1.570796 0.000000
    51 -0.224368 0.272608 -0.034535 0.090783 -0.000276 0.785311
    52 -3.104354 -5.371189 -3.563866 0.006646 -1.080803 1.468844
    53 -3.729202 0.017563 -0.441369 -0.069811 -0.246904 -0.016063
    54 -4.347454 0.154901 -0.723308 -2.394747 -0.326181 -0.079329
    55 -4.102939 0.249470 0.577183 -0.286610 0.272362 -0.109693
    56 -4.675290 -0.000422 0.717614 0.023902 0.300234 0.017224
    57 -4.953715 -0.114067 0.842113 0.061864 0.342170 0.069107
    58 -5.371127 -0.137795 1.004459 0.030910 0.352309 0.057408
    59 -6.303042 -0.004944 1.142120 0.003112 0.357128 0.003937
    60 -5.738324 0.229753 1.262345 0.028269 0.492924 -0.101727
    61 -3.000171 0.303160 0.779647 0.404367 0.547239 -0.235086
    62 -3.575879 1.352265 1.094146 1.554061 0.460770 -0.687959
    63 -11.161125 -5.471480 6.908555 1.475766 -1.393507 -2.526258
    64 0.922299 -22.144289 -1.770307 0.084712 0.006373 -0.142955
    65 -8.316256 -3.160176 -6.435310 1.768511 -1.372753 -2.921132
    66 1.182248 -16.534150 -2.249342 -0.016756 -0.001532 0.040952
    67 -10.306756 14.433780 -3.841714 1.255865 -1.376902 -2.928790
    68 0.680443 -25.193214 -2.722515 0.044127 -0.013619 0.050620
    69 -10.975961 9.365179 -5.609739 -0.550131 -1.248717 -1.303836
    70 -1.102258 -10.832440 -0.360338 -0.048226 0.000000 0.000000
    71 0.198015 -19.558824 -0.645705 0.091782 -0.002108 0.043612
    72 -13.097828 9.407741 11.249140 -0.645893 -1.322392 -0.843357
    73 2.993348 -22.184462 2.702800 0.217722 0.267048 -0.117603
    74 49.389534 35.067638 12.791991 -1.037544 0.423055 2.039819
    75 4.004553 6.047382 1.789419 -0.260261 0.121942 2.111929
  time 33
    0 -2.164744 -40.700078 48.857846 0.024185 -0.062392 -2.358183
    1 0.623698 0.000000 0.000001 0.000000 -1.537565 -1.570720
    2 5.131857 -0.003106 0.167981 0.001806 -0.033186 -0.054690
    3 3.906364 -0.003293 -0.000001 0.000000 0.000000 -0.030404
    4 4.136117 -0.008532 -0.000688 0.079177 0.028667 -0.060033
    5 10.751874 -0.002619 0.000050 -0.018648 0.003823 0.186243
    6 3.346653 -0.003644 -0.000028 0.007838 -0.018936 -0.033087
    7 4.579819 0.000000 0.000000 0.448315 -0.072951 -0.025274
    8 -3.297148 -1.150500 2.858143 1.542275 -1.217670 1.413945
    9 6.038856 -0.000001 -0.000005 0.863610 0.974691 -0.629450
    10 17.594561 0.000001 -0.000003 0.000000 0.000000 -0.711712
    11 17.982981 0.000000 0.000000 -2.383158 -0.092180 0.189205
    12 2.813689 0.799023 -0.493425 2.411861 0.529184 1.109476
    13 2.065374 0.000002 0.000000 0.000000 0.000000 0.649378
    14 2.094708 0.000001 -0.000001 0.000000 0.000000 1.093020
    15 7.521994 -0.014968 -1.158106 -0.027860 -0.069746 0.911640
    16 3.200831 0.000000 0.000002 0.000000 0.000000 1.665632
    17 2.731236 0.000002 0.000000 0.000000 0.000000 1.605775
    18 7.599246 -0.144515 0.591978 -0.045786 -0.060676 0.993575
    19 3.840997 0.000000 0.000001 0.000000 0.000000 1.756866
    20 3.277480 -0.000002 0.000001 0.000000 0.000000 1.937387
    21 7.447637 -0.525788 2.367265 -0.140593 -0.120304 1.040167
    22 1.595201 -0.000001 0.000002 0.000000 0.000000 0.255811
    23 1.772451 -0.000002 -0.000001 0.000000 0.000000 1.067979
    24 2.572627 0.731521 -2.511554 -0.244396 0.018184 3.134541
    25 -3.277620 -1.041106 -2.920651 -0.194709 1.300422 2.766714
    26 6.038853 0.000001 0.000000 -0.765513 -0.621309 0.125521
    27 17.594557 -0.000001 0.000001 0.000000 0.000000 -0.542284
    28 17.982979 0.000000 0.000000 2.085889 0.309101 -0.914694
    29 2.813690 0.799022 0.493428 -2.853948 0.431188 1.731441
    30 2.065368 -0.000003 -0.000001 0.000000 0.000000 0.912348
    31 2.094713 -0.000001 0.000003 0.000000 0.000000 0.685149
    32 7.521999 -0.014967 1.158108 -0.175699 -0.043345 1.404093
    33 3.200828 0.000001 0.000001 0.000000 0.000000 1.350783
    34 2.731234 0.000000 -0.000005 0.000000 0.000000 0.924201
    35 7.599249 -0.144514 -0.591975 -0.160061 -0.087250 1.261723
    36 3.840996 0.000001 0.000001 0.000000 0.000000 1.649531
    37 3.277483 -0.000001 -0.000002 0.000000 0.000000 1.255814
    38 7.447633 -0.525791 -2.367259 0.127913 0.133733 0.940083
    39 1.595203 -0.000002 0.000000 0.000000 0.000000 0.756708
    40 1.772446 0.000001 -0.000001 0.000000 0.000000 1.255814
    41 2.963612 0.324628 1.962029 -2.408182 0.012915 -3.260935
    42 -4.913793 -0.263752 6.425844 2.955642 -0.236065 2.968335
    43 22.311966 0.000001 0.000001 0.000000 0.000000 -0.395107
    44 22.311962 0.000000 0.000001 -0.127556 -0.163257 0.336782
    45 5.131752 6.470465 0.000000 0.000000 0.000000 1.570796
    46 -5.335690 -0.287157 -6.425843 -3.036639 0.108546 3.126255
    47 22.311956 0.000000 0.000001 0.000000 0.000000 -0.460739
    48 22.311954 -0.000002 0.000001 0.220743 0.069123 0.319960
    49 5.131751 6.470465 -0.000001 0.000000 0.000000 1.570796
    50 1.732520 13.268858 0.716685 3.141592 -1.570796 0.000000
    51 -0.224368 0.272608 -0.034535 0.084695 -0.003595 0.785411
    52 -3.116073 -5.347751 -3.587304 0.006742 -1.086544 1.461032
    53 -3.729202 0.017563 -0.441369 -0.079115 -0.246760 -0.018065
    54 -4.351360 0.162714 -0.719402 -2.380643 -0.324432 -0.084950
    55 -4.106845 0.245564 0.577183 -0.279632 0.271583 -0.108434
    56 -4.683102 0.003485 0.717614 0.021757 0.298364 0.015822
    57 -4.961528 -0.114067 0.834300 0.060617 0.339437 0.067909
    58 -5.367220 -0.133888 1.000552 0.030772 0.350931 0.057179
    59 -6.279604 -0.004944 1.138213 0.003250 0.358512 0.004725
    60 -5.710980 0.221940 1.262345 0.027799 0.496565 -0.099030
    61 -2.996265 0.295347 0.779647 0.401985 0.548411 -0.228630
    62 -3.591504 1.328827 1.109771 1.578787 0.466555 -0.675655
    63 -11.157218 -5.389446 7.486698 1.388065 -1.427471 -2.480868
    64 0.773857 -22.070068 -1.875779 0.084943 0.004779 -0.139180
    65 -8.292818 -3.339869 -6.618909 1.759966 -1.372945 -2.921647
    66 1.193968 -16.432584 -2.366533 0.032912 -0.001304 0.040904
    67 -10.556764 14.140803 -4.415950 1.281403 -1.376902 -2.928790
    68 0.692162 -25.165870 -3.144403 0.093061 -0.012229 0.051195
    69 -10.917365 9.220643 -5.926155 -0.675007 -1.271540 -1.156436
    70 -1.071007 -10.879317 -0.258773 -0.041335 0.000000 0.000000
    71 0.135513 -19.613513 -1.008998 0.117742 -0.002108 0.043612
    72 -13.168143 10.013228 11.858534 -0.843071 -1.311485 -0.706599
    73 3.247262 -22.118053 2.038717 0.244817 0.259270 -0.096606
    74 49.389534 35.067638 12.791991 -1.037544 0.423055 2.039819
    75 4.004553 6.047382 1.789419 -0.260261 0.121942 2.111929
  time 34
    0 -2.195169 -41.829425 48.689872 0.024185 -0.059432 -2.358135
    1 0.623698 0.000000 0.000001 0.000000 -1.545116 -1.570720
    2 5.131857 -0.003106 0.128917 0.001398 -0.025636 -0.054678
    3 3.906364 -0.003293 -0.000001 0.000000 0.000000 -0.030404
    4 4.136117 -0.008532 -0.000688 0.079463 0.031891 -0.050537
    5 10.751874 -0.002619 0.000050 -0.018636 0.003823 0.186243
    6 3.346653 -0.003644 -0.000028 0.007814 -0.017953 -0.034082
    7 4.579819 0.000000 0.000000 0.447702 -0.076294 -0.032766
    8 -3.297148 -1.150500 2.858143 1.558763 -1.214453 1.396409
    9 6.038856 -0.000001 -0.000005 0.842271 0.968967 -0.644677
    10 17.594561 0.000001 -0.000003 0.000000 0.000000 -0.720756
    11 17.982981 0.000000 0.000000 -2.378597 -0.079957 0.199922
    12 2.813689 0.799023 -0.493425 2.411861 0.529184 1.109476
    13 2.065374 0.000002 0.000000 0.000000 0.000000 0.649378
    14 2.094708 0.000001 -0.000001 0.000000 0.000000 1.093020
    15 7.521994 -0.014968 -1.158106 -0.027860 -0.069746 0.911640
    16 3.200831 0.000000 0.000002 0.000000 0.000000 1.665632
    17 2.731236 0.000002 0.000000 0.000000 0.000000 1.605775
    18 7.599246 -0.144515 0.591978 -0.045786 -0.060676 0.993575
    19 3.840997 0.000000 0.000001 0.000000 0.000000 1.756866
    20 3.277480 -0.000002 0.000001 0.000000 0.000000 1.937387
    21 7.447637 -0.525788 2.367265 -0.140593 -0.120304 1.040167
    22 1.595201 -0.000001 0.000002 0.000000 0.000000 0.255811
    23 1.772451 -0.000002 -0.000001 0.000000 0.000000 1.067979
    24 2.572627 0.731521 -2.511554 -0.244396 0.018184 3.134541
    25 -3.277620 -1.041106 -2.920651 -0.170278 1.311902 2.789802
    26 6.038853 0.000001 0.000000 -0.748974 -0.641526 0.098101
    27 17.594557 -0.000001 0.000001 0.000000 0.000000 -0.509849
    28 17.982979 0.000000 0.000000 2.095876 0.305895 -0.928701
    29 2.813690 0.799022 0.493428 -2.853948 0.431188 1.731441
    30 2.065368 -0.000003 -0.000001 0.000000 0.000000 0.912348
    31 2.094713 -0.000001 0.000003 0.000000 0.000000 0.685149
    32 7.521999 -0.014967 1.158108 -0.175699 -0.043345 1.404093
    33 3.200828 0.000001 0.000001 0.000000 0.000000 1.350783
    34 2.731234 0.000000 -0.000005 0.000000 0.000000 0.924201
    35 7.599249 -0.144514 -0.591975 -0.160061 -0.087250 1.261723
    36 3.840996 0.000001 0.000001 0.000000 0.000000 1.649531
    37 3.277483 -0.000001 -0.000002 0.000000 0.000000 1.255814
    38 7.447633 -0.525791 -2.367259 0.127913 0.133733 0.940083
    39 1.595203 -0.000002 0.000000 0.000000 0.000000 0.756708
    40 1.772446 0.000001 -0.000001 0.000000 0.000000 1.255814
    41 2.963612 0.324628 1.962029 -2.408182 0.012915 -3.260935
    42 -4.960669 -0.267658 6.425844 2.948894 -0.257199 3.060638
    43 22.311966 0.000001 0.000001 0.000000 0.000000 -0.090234
    44 22.311962 0.000000 0.000001 -0.157388 -0.190653 0.195432
    45 5.131752 6.470465 0.000000 0.000000 0.000000 1.570796
    46 -5.288813 -0.283251 -6.425843 -3.039264 0.126220 3.141332
    47 22.311956 0.000000 0.000001 0.000000 0.000000 -0.461792
    48 22.311954 -0.000002 0.000001 0.222878 0.089010 0.337187
    49 5.131751 6.470465 -0.000001 0.000000 0.000000 1.570796
    50 1.732520 13.268858 0.716685 3.141592 -1.570796 0.000000
    51 -0.224368 0.272608 -0.034535 0.077265 -0.006831 0.785510
    52 -3.131698 -5.320406 -3.618555 0.006850 -1.093627 1.452908
    53 -3.729202 0.021470 -0.441369 -0.089378 -0.246484 -0.020054
    54 -4.351360 0.174433 -0.715496 -2.371998 -0.322394 -0.090690
    55 -4.114658 0.241658 0.577183 -0.268188 0.271076 -0.105534
    56 -4.694822 0.007391 0.709801 0.019959 0.295356 0.014635
    57 -4.969341 -0.110160 0.826487 0.059323 0.335135 0.066555
    58 -5.359408 -0.133888 0.992739 0.030703 0.348570 0.056889
    59 -6.240540 -0.008851 1.134307 0.003434 0.360196 0.005671
    60 -5.660197 0.214127 1.266251 0.026937 0.501852 -0.096120
    61 -2.984546 0.287535 0.783554 0.397602 0.550379 -0.221356
    62 -3.607130 1.297576 1.121491 1.607634 0.473158 -0.659298
    63 -11.161125 -5.389446 8.025777 1.219588 -1.464743 -2.359228
    64 0.531662 -22.034910 -2.043753 0.085761 0.002670 -0.130455
    65 -8.261567 -3.609409 -6.892355 1.743175 -1.373173 -2.922270
    66 1.205687 -16.319300 -2.495443 0.073840 -0.001137 0.040401
    67 -10.826303 13.820480 -5.048782 1.306869 -1.376902 -2.928790
    68 0.707788 -25.134619 -3.601448 0.143104 -0.010838 0.051854
    69 -10.862676 9.095639 -6.203507 -0.818771 -1.288140 -0.990061
    70 -1.031944 -10.941818 -0.114237 -0.033557 0.000000 0.000000
    71 0.076917 -19.664296 -1.454324 0.146350 -0.002108 0.043612
    72 -13.218926 10.481992 12.366361 -0.951877 -1.272315 -0.669467
    73 3.247262 -22.110241 1.296507 0.269720 0.234366 -0.085377
    74 49.389534 35.067638 12.791991 -1.037544 0.423055 2.039819
    75 4.004553 6.047382 1.789419 -0.260261 0.121942 2.111929
  time 35
    0 -2.170848 -42.919478 48.439865 0.024185 -0.055788 -2.358039
    1 0.623698 0.000000 0.000001 0.000000 -1.553289 -1.570720
    2 5.131857 -0.003106 0.085947 0.000943 -0.017475 -0.054666
    3 3.906364 -0.003293 -0.000001 0.000000 0.000000 -0.030404
    4 4.136117 -0.008532 -0.000688 0.079681 0.035043 -0.042155
    5 10.751874 -0.002619 0.000050 -0.018636 0.003823 0.186243
    6 3.346653 -0.003644 -0.000028 0.007778 -0.017018 -0.035064
    7 4.579819 0.000000 0.000000 0.447237 -0.079521 -0.039187
    8 -3.297148 -1.150500 2.858143 1.574775 -1.212611 1.379352
    9 6.038856 -0.000001 -0.000005 0.818985 0.964099 -0.660351
    10 17.594561 0.000001 -0.000003 0.000000 0.000000 -0.728722
    11 17.982981 0.000000 0.000000 -2.369095 -0.066212 0.210706
    12 2.813689 0.799023 -0.493425 2.411861 0.529184 1.109476
    13 2.065374 0.000002 0.000000 0.000000 0.000000 0.649378
    14 2.094708 0.000001 -0.000001 0.000000 0.000000 1.093020
    15 7.521994 -0.014968 -1.158106 -0.027860 -0.069746 0.911640
    16 3.200831 0.000000 0.000002 0.000000 0.000000 1.665632
    17 2.731236 0.000002 0.000000 0.000000 0.000000 1.605775
    18 7.599246 -0.144515 0.591978 -0.045786 -0.060676 0.993575
    19 3.840997 0.000000 0.000001 0.000000 0.000000 1.756866
    20 3.277480 -0.000002 0.000001 0.000000 0.000000 1.937387
    21 7.447637 -0.525788 2.367265 -0.140593 -0.120304 1.040167
    22 1.595201 -0.000001 0.000002 0.000000 0.000000 0.255811
    23 1.772451 -0.000002 -0.000001 0.000000 0.000000 1.067979
    24 2.572627 0.731521 -2.511554 -0.244396 0.018184 3.134541
    25 -3.277620 -1.041106 -2.920651 -0.151342 1.323580 2.807712
    26 6.038853 0.000001 0.000000 -0.738942 -0.665223 0.066654
    27 17.594557 -0.000001 0.000001 0.000000 0.000000 -0.466577
    28 17.982979 0.000000 0.000000 2.110161 0.314096 -0.947757
    29 2.813690 0.799022 0.493428 -2.853948 0.431188 1.731441
    30 2.065368 -0.000003 -0.000001 0.000000 0.000000 0.912348
    31 2.094713 -0.000001 0.000003 0.000000 0.000000 0.685149
    32 7.521999 -0.014967 1.158108 -0.175699 -0.043345 1.404093
    33 3.200828 0.000001 0.000001 0.000000 0.000000 1.350783
    34 2.731234 0.000000 -0.000005 0.000000 0.000000 0.924201
    35 7.599249 -0.144514 -0.591975 -0.160061 -0.087250 1.261723
    36 3.840996 0.000001 0.000001 0.000000 0.000000 1.649531
    37 3.277483 -0.000001 -0.000002 0.000000 0.000000 1.255814
    38 7.447633 -0.525791 -2.367259 0.127913 0.133719 0.940083
    39 1.595203 -0.000002 0.000000 0.000000 0.000000 0.756708
    40 1.772446 0.000001 -0.000001 0.000000 0.000000 1.255814
    41 2.963612 0.324628 1.962029 -2.408182 0.012915 -3.260935
    42 -5.015358 -0.267658 6.425844 2.964714 -0.294793 3.048686
    43 22.311966 0.000001 0.000001 0.000000 0.000000 -0.001672
    44 22.311962 0.000000 0.000001 -0.187939 -0.213201 0.159750
    45 5.131752 6.470465 0.000000 0.000000 0.000000 1.570796
    46 -5.234124 -0.283251 -6.425843 -3.042752 0.144683 3.149609
    47 22.311956 0.000000 0.000001 0.000000 0.000000 -0.472386
    48 22.311954 -0.000002 0.000001 0.225630 0.109034 0.357939
    49 5.131751 6.470465 -0.000001 0.000000 0.000000 1.570796
    50 1.732520 13.268858 0.716685 3.141592 -1.570796 0.000000
    51 -0.224368 0.272608 -0.034535 0.068899 -0.010043 0.785660
    52 -3.143417 -5.289155 -3.653712 0.006994 -1.101525 1.444408
    53 -3.729202 0.025376 -0.441369 -0.101205 -0.246304 -0.022175
    54 -4.355267 0.190059 -0.711589 -2.364628 -0.319973 -0.096791
    55 -4.122470 0.233845 0.577183 -0.254883 0.270478 -0.101879
    56 -4.706541 0.007391 0.705895 0.018341 0.291761 0.013556
    57 -4.984966 -0.106254 0.814768 0.057981 0.329897 0.065080
    58 -5.351595 -0.129982 0.981020 0.030720 0.345549 0.056611
    59 -6.193664 -0.008851 1.130401 0.003665 0.362061 0.006670
    60 -5.601601 0.206315 1.270158 0.025871 0.508232 -0.093104
    61 -2.968920 0.275815 0.787460 0.391885 0.552781 -0.213673
    62 -3.622755 1.258512 1.137116 1.639355 0.479965 -0.640403
    63 -11.168937 -5.440229 8.506260 0.859277 -1.499378 -2.048911
    64 0.242591 -22.034910 -2.250790 0.086978 0.000225 -0.118447
    65 -8.222503 -3.949263 -7.236116 1.717301 -1.373472 -2.923073
    66 1.221312 -16.190390 -2.628260 0.113287 -0.000945 0.039634
    67 -11.123187 13.472813 -5.732396 1.332123 -1.376902 -2.928790
    68 0.719507 -25.099462 -4.089744 0.193123 -0.009484 0.052585
    69 -10.815799 8.997980 -6.437889 -0.975738 -1.297075 -0.811064
    70 -0.977254 -11.023852 0.069362 -0.025431 0.000000 0.000000
    71 0.014415 -19.707266 -1.981684 0.176510 -0.002108 0.043612
    72 -13.238457 10.814034 12.768718 -1.001054 -1.216250 -0.700475
    73 2.915221 -22.188368 0.573828 0.292635 0.195787 -0.090170
    74 49.389534 35.067638 12.791991 -1.037544 0.423055 2.039819
    75 4.004553 6.047382 1.789419 -0.260261 0.121942 2.111929
  time 36
    0 -2.111313 -43.981956 48.142981 0.024173 -0.051797 -2.357943
    1 0.623698 0.000000 0.000001 0.000000 -1.561822 -1.570720
    2 5.131857 -0.003106 0.042977 0.000475 -0.008953 -0.054654
    3 3.906364 -0.003293 -0.000001 0.000000 0.000000 -0.030404
    4 4.136117 -0.008532 -0.000688 0.079885 0.038147 -0.034515
    5 10.751874 -0.002619 0.000050 -0.018636 0.003823 0.186243
    6 3.346653 -0.003644 -0.000028 0.007742 -0.016167 -0.036059
    7 4.579819 0.000000 0.000000 0.446844 -0.082734 -0.044974
    8 -3.297148 -1.150500 2.858143 1.590406 -1.211611 1.362582
    9 6.038856 -0.000001 -0.000005 0.794399 0.959883 -0.676563
    10 17.594561 0.000001 -0.000003 0.000000 0.000000 -0.735610
    11 17.982981 0.000000 0.000000 -2.356704 -0.052054 0.221114
    12 2.813689 0.799023 -0.493425 2.411861 0.529184 1.109476
    13 2.065374 0.000002 0.000000 0.000000 0.000000 0.649378
    14 2.094708 0.000001 -0.000001 0.000000 0.000000 1.093020
    15 7.521994 -0.014968 -1.158106 -0.027860 -0.069734 0.911640
    16 3.200831 0.000000 0.000002 0.000000 0.000000 1.665632
    17 2.731236 0.000002 0.000000 0.000000 0.000000 1.605775
    18 7.599246 -0.144515 0.591978 -0.045786 -0.060676 0.993575
    19 3.840997 0.000000 0.000001 0.000000 0.000000 1.756866
    20 3.277480 -0.000002 0.000001 0.000000 0.000000 1.937387
    21 7.447637 -0.525788 2.367265 -0.140593 -0.120304 1.040167
    22 1.595201 -0.000001 0.000002 0.000000 0.000000 0.255811
    23 1.772451 -0.000002 -0.000001 0.000000 0.000000 1.067979
    24 2.572627 0.731521 -2.511554 -0.244396 0.018184 3.134541
    25 -3.277620 -1.041106 -2.920651 -0.135630 1.335416 2.822575
    26 6.038853 0.000001 0.000000 -0.732374 -0.691008 0.032326
    27 17.594557 -0.000001 0.000001 0.000000 0.000000 -0.416540
    28 17.982979 0.000000 0.000000 2.126882 0.329605 -0.969815
    29 2.813690 0.799022 0.493428 -2.853948 0.431188 1.731441
    30 2.065368 -0.000003 -0.000001 0.000000 0.000000 0.912348
    31 2.094713 -0.000001 0.000003 0.000000 0.000000 0.685149
    32 7.521999 -0.014967 1.158108 -0.175699 -0.043345 1.404093
    33 3.200828 0.000001 0.000001 0.000000 0.000000 1.350783
    34 2.731234 0.000000 -0.000005 0.000000 0.000000 0.924201
    35 7.599249 -0.144514 -0.591975 -0.160061 -0.087250 1.261723
    36 3.840996 0.000001 0.000001 0.000000 0.000000 1.649531
    37 3.277483 -0.000001 -0.000002 0.000000 0.000000 1.255814
    38 7.447633 -0.525791 -2.367259 0.127913 0.133733 0.940083
    39 1.595203 -0.000002 0.000000 0.000000 0.000000 0.756708
    40 1.772446 0.000001 -0.000001 0.000000 0.000000 1.255814
    41 2.963612 0.324628 1.962029 -2.408182 0.012915 -3.260935
    42 -5.070047 -0.271565 6.425844 2.967626 -0.293544 3.045084
    43 22.311966 0.000001 0.000001 0.000000 0.000000 -0.001672
    44 22.311962 0.000000 0.000001 -0.173659 -0.225719 0.082306
    45 5.131752 6.470465 0.000000 0.000000 0.000000 1.570796
    46 -5.179435 -0.279344 -6.425843 -3.046742 0.163571 3.154955
    47 22.311956 0.000000 0.000001 0.000000 0.000000 -0.486533
    48 22.311954 -0.000002 0.000001 0.228866 0.129208 0.379814
    49 5.131751 6.470465 -0.000001 0.000000 0.000000 1.570796
    50 1.732520 13.268858 0.716685 3.141592 -1.570796 0.000000
    51 -0.224368 0.272608 -0.034535 0.060043 -0.013255 0.785859
    52 -3.159043 -5.253998 -3.688869 0.007138 -1.109962 1.435408
    53 -3.729202 0.029282 -0.441369 -0.114241 -0.245993 -0.024309
    54 -4.359173 0.205684 -0.707683 -2.355983 -0.317277 -0.103370
    55 -4.130283 0.226032 0.577183 -0.241857 0.269699 -0.098223
    56 -4.722166 0.011297 0.698082 0.016711 0.287938 0.012478
    57 -4.996685 -0.102348 0.803049 0.056590 0.324325 0.063558
    58 -5.339876 -0.129982 0.965395 0.030686 0.342290 0.056225
    59 -6.142881 -0.012757 1.122588 0.003895 0.363956 0.007721
    60 -5.539100 0.198502 1.274064 0.024768 0.515038 -0.090067
    61 -2.953295 0.268003 0.787460 0.385787 0.555255 -0.205926
    62 -3.642287 1.223355 1.148835 1.672132 0.486217 -0.620579
    63 -11.180656 -5.518357 8.912523 0.112898 -1.515198 -1.354124
    64 -0.030855 -22.046630 -2.465641 0.088342 -0.002399 -0.104784
    65 -8.179533 -4.355525 -7.646284 1.685338 -1.373844 -2.923948
    66 1.236938 -16.041947 -2.772796 0.151750 -0.000753 0.038687
    67 -11.439603 13.093896 -6.470700 1.357023 -1.376902 -2.928790
    68 0.735132 -25.064304 -4.609291 0.242057 -0.008202 0.053364
    69 -10.772829 8.915946 -6.617582 -1.135180 -1.297656 -0.629864
    70 -0.910846 -11.121511 0.292025 -0.017474 0.000000 0.000000
    71 -0.044180 -19.746330 -2.591077 0.207011 -0.002108 0.043612
    72 -13.234551 11.009352 13.061695 -1.026713 -1.150372 -0.761015
    73 2.325359 -22.321185 -0.230884 0.314845 0.149071 -0.100693
    74 49.389534 35.067638 12.791991 -1.037544 0.423055 2.039819
    75 4.004553 6.047382 1.789419 -0.260261 0.121942 2.111929
  time 37
    0 -2.040001 -45.036390 47.826565 0.024173 -0.047819 -2.357847
    1 0.623698 0.000000 0.000001 0.000000 -1.570451 -1.570720
    2 5.131857 -0.003106 0.000007 0.000008 -0.000337 -0.054654
    3 3.906364 -0.003293 -0.000001 0.000000 0.000000 -0.030404
    4 4.136117 -0.008532 -0.000688 0.080075 0.041215 -0.027248
    5 10.751874 -0.002619 0.000050 -0.018636 0.003823 0.186243
    6 3.346653 -0.003644 -0.000028 0.007706 -0.015436 -0.037042
    7 4.579819 0.000000 0.000000 0.446526 -0.086020 -0.050500
    8 -3.297148 -1.150500 2.858143 1.606036 -1.210831 1.346004
    9 6.038856 -0.000001 -0.000005 0.769350 0.955871 -0.692775
    10 17.594561 0.000001 -0.000003 0.000000 0.000000 -0.742171
    11 17.982981 0.000000 0.000000 -2.343287 -0.038353 0.231147
    12 2.813689 0.799023 -0.493425 2.411861 0.529184 1.109476
    13 2.065374 0.000002 0.000000 0.000000 0.000000 0.649378
    14 2.094708 0.000001 -0.000001 0.000000 0.000000 1.093020
    15 7.521994 -0.014968 -1.158106 -0.027860 -0.069746 0.911640
    16 3.200831 0.000000 0.000002 0.000000 0.000000 1.665632
    17 2.731236 0.000002 0.000000 0.000000 0.000000 1.605775
    18 7.599246 -0.144515 0.591978 -0.045786 -0.060676 0.993575
    19 3.840997 0.000000 0.000001 0.000000 0.000000 1.756866
    20 3.277480 -0.000002 0.000001 0.000000 0.000000 1.937387
    21 7.447637 -0.525788 2.367265 -0.140593 -0.120304 1.040167
    22 1.595201 -0.000001 0.000002 0.000000 0.000000 0.255811
    23 1.772451 -0.000002 -0.000001 0.000000 0.000000 1.067979
    24 2.572627 0.731521 -2.511554 -0.244396 0.018184 3.134541
    25 -3.277620 -1.041106 -2.920651 -0.120417 1.347292 2.837062
    26 6.038853 0.000001 0.000000 -0.726164 -0.717489 -0.003910
    27 17.594557 -0.000001 0.000001 0.000000 0.000000 -0.363781
    28 17.982979 0.000000 0.000000 2.144325 0.348356 -0.992920
    29 2.813690 0.799022 0.493428 -2.853948 0.431188 1.731441
    30 2.065368 -0.000003 -0.000001 0.000000 0.000000 0.912348
    31 2.094713 -0.000001 0.000003 0.000000 0.000000 0.685149
    32 7.521999 -0.014967 1.158108 -0.175699 -0.043345 1.404093
    33 3.200828 0.000001 0.000001 0.000000 0.000000 1.350783
    34 2.731234 0.000000 -0.000005 0.000000 0.000000 0.924201
    35 7.599249 -0.144514 -0.591975 -0.160061 -0.087250 1.261723
    36 3.840996 0.000001 0.000001 0.000000 0.000000 1.649531
    37 3.277483 -0.000001 -0.000002 0.000000 0.000000 1.255814
    38 7.447633 -0.525791 -2.367259 0.127913 0.133733 0.940083
    39 1.595203 -0.000002 0.000000 0.000000 0.000000 0.756708
    40 1.772446 0.000001 -0.000001 0.000000 0.000000 1.255814
    41 2.963612 0.324628 1.962029 -2.408182 0.012915 -3.260935
    42 -5.124737 -0.275471 6.425844 2.965685 -0.283063 3.051761
    43 22.311966 0.000001 0.000001 0.000000 0.000000 -0.001672
    44 22.311962 0.000000 0.000001 -0.149852 -0.234328 -0.013669
    45 5.131752 6.470465 0.000000 0.000000 0.000000 1.570796
    46 -5.128652 -0.275438 -6.425843 -3.050625 0.182519 3.161145
    47 22.311956 0.000000 0.000001 0.000000 0.000000 -0.498443
    48 22.311954 -0.000002 0.000001 0.232476 0.149465 0.400454
    49 5.131751 6.470465 -0.000001 0.000000 0.000000 1.570796
    50 1.732520 13.268858 0.716685 3.141592 -1.570796 0.000000
    51 -0.224368 0.272608 -0.034535 0.051126 -0.016539 0.786008
    52 -3.170762 -5.218841 -3.724027 0.007293 -1.118339 1.425909
    53 -3.733108 0.033189 -0.441369 -0.129051 -0.245765 -0.026610
    54 -4.363079 0.221310 -0.703777 -2.343244 -0.314137 -0.110537
    55 -4.138096 0.218219 0.577183 -0.230320 0.268720 -0.095012
    56 -4.737792 0.011297 0.694176 0.014973 0.284283 0.011303
    57 -5.008404 -0.102348 0.791330 0.055092 0.318919 0.061917
    58 -5.332063 -0.126076 0.949769 0.030599 0.339066 0.055766
    59 -6.096004 -0.012757 1.114775 0.004125 0.365821 0.008667
    60 -5.476598 0.190689 1.277970 0.023778 0.521829 -0.087136
    61 -2.933763 0.256284 0.791366 0.379880 0.557325 -0.198432
    62 -3.657913 1.184291 1.160554 1.704428 0.491505 -0.601146
    63 -11.192376 -5.600390 9.225032 -0.599784 -1.496478 -0.693043
    64 -0.245705 -22.066161 -2.664865 0.089664 -0.005048 -0.091122
    65 -8.124844 -4.832102 -8.130674 1.650271 -1.374239 -2.924823
    66 1.256469 -15.881786 -2.921238 0.189715 -0.000501 0.037656
    67 -11.775551 12.687633 -7.263693 1.381441 -1.376902 -2.928790
    68 0.750758 -25.025241 -5.163996 0.288846 -0.007003 0.054167
    69 -10.737672 8.857351 -6.734773 -1.285362 -1.290210 -0.458999
    70 -0.832719 -11.238703 0.557659 -0.010223 0.000000 0.000000
    71 -0.106682 -19.781487 -3.282505 0.236755 -0.002108 0.043612
    72 -13.199394 11.067948 13.257014 -1.050530 -1.080925 -0.826637
    73 1.477677 -22.520409 -1.109817 0.337155 0.097897 -0.115002
    74 49.389534 35.067638 12.791991 -1.037544 0.423055 2.039819
    75 4.004553 6.047382 1.789419 -0.260261 0.121942 2.111929
  time 38
    0 -1.976445 -46.090593 47.252328 0.024161 -0.041203 -2.357703
    1 0.623698 0.000000 0.000001 -3.141497 -1.554703 1.570706
    2 5.131857 -0.003106 -0.082027 -0.000879 0.016070 -0.054666
    3 3.906364 -0.003293 -0.000001 0.000000 0.000000 -0.030404
    4 4.136117 -0.008532 -0.000688 0.080551 0.047375 -0.012341
    5 10.751874 -0.002619 0.000050 -0.018636 0.003823 0.186243
    6 3.346653 -0.003644 -0.000028 0.007634 -0.014501 -0.038971
    7 4.579819 0.000000 0.000000 0.445962 -0.093152 -0.062468
    8 -3.297148 -1.150500 2.858143 1.636916 -1.207957 1.312944
    9 6.038856 -0.000001 -0.000005 0.739384 0.937804 -0.732901
    10 17.594561 0.000001 -0.000003 0.000000 0.000000 -0.758665
    11 17.982981 0.000000 0.000000 -2.347315 -0.016866 0.251919
    12 2.813689 0.799023 -0.493425 2.411861 0.529184 1.109476
    13 2.065374 0.000002 0.000000 0.000000 0.000000 0.649378
    14 2.094708 0.000001 -0.000001 0.000000 0.000000 1.093020
    15 7.521994 -0.014968 -1.158106 -0.027860 -0.069746 0.911640
    16 3.200831 0.000000 0.000002 0.000000 0.000000 1.665632
    17 2.731236 0.000002 0.000000 0.000000 0.000000 1.605775
    18 7.599246 -0.144515 0.591978 -0.045786 -0.060676 0.993575
    19 3.840997 0.000000 0.000001 0.000000 0.000000 1.756866
    20 3.277480 -0.000002 0.000001 0.000000 0.000000 1.937387
    21 7.447637 -0.525788 2.367265 -0.140593 -0.120304 1.040167
    22 1.595201 -0.000001 0.000002 0.000000 0.000000 0.255811
    23 1.772451 -0.000002 -0.000001 0.000000 0.000000 1.067979
    24 2.572627 0.731521 -2.511554 -0.244396 0.018184 3.134541
    25 -3.277620 -1.041106 -2.920651 -0.077777 1.370509 2.878310
    26 6.038853 0.000001 0.000000 -0.704131 -0.766623 -0.077271
    27 17.594557 -0.000001 0.000001 0.000000 0.000000 -0.266412
    28 17.982979 0.000000 0.000000 2.175407 0.378255 -1.035035
    29 2.813690 0.799022 0.493428 -2.853948 0.431188 1.731441
    30 2.065368 -0.000003 -0.000001 0.000000 0.000000 0.912348
    31 2.094713 -0.000001 0.000003 0.000000 0.000000 0.685149
    32 7.521999 -0.014967 1.158108 -0.175699 -0.043345 1.404093
    33 3.200828 0.000001 0.000001 0.000000 0.000000 1.350783
    34 2.731234 0.000000 -0.000005 0.000000 0.000000 0.924201
    35 7.599249 -0.144514 -0.591975 -0.160061 -0.087250 1.261723
    36 3.840996 0.000001 0.000001 0.000000 0.000000 1.649531
    37 3.277483 -0.000001 -0.000002 0.000000 0.000000 1.255814
    38 7.447633 -0.525791 -2.367259 0.127913 0.133733 0.940083
    39 1.595203 -0.000002 0.000000 0.000000 0.000000 0.756708
    40 1.772446 0.000001 -0.000001 0.000000 0.000000 1.255814
    41 2.963612 0.324628 1.962029 -2.408182 0.012915 -3.260935
    42 -5.175519 -0.279377 6.425844 3.026938 -0.281303 2.978559
    43 22.311966 0.000001 0.000001 0.000000 0.000000 -0.167206
    44 22.311962 0.000000 0.000001 -0.137324 -0.263310 -0.135294
    45 5.131752 6.470465 0.000000 0.000000 0.000000 1.570796
    46 -5.073963 -0.271532 -6.425843 -3.026009 0.247132 3.265206
    47 22.311956 0.000000 0.000001 0.000000 0.000000 -0.382305
    48 22.311954 -0.000002 0.000001 0.227809 0.224658 0.384429
    49 5.131751 6.470465 -0.000001 0.000000 0.000000 1.570796
    50 1.732520 13.268858 0.716685 3.141592 -1.570796 0.000000
    51 -0.224368 0.272608 -0.034535 0.034815 -0.023478 0.786257
    52 -3.186387 -5.187590 -3.786529 0.007581 -1.133452 1.405784
    53 -3.733108 0.037095 -0.441369 -0.162324 -0.245022 -0.031571
    54 -4.366986 0.236935 -0.688151 -2.301387 -0.306898 -0.126369
    55 -4.145909 0.214313 0.573277 -0.216178 0.266292 -0.091860
    56 -4.749511 0.015204 0.682457 0.011066 0.277979 0.008595
    57 -5.016217 -0.098441 0.767892 0.051809 0.309979 0.058417
    58 -5.320344 -0.126076 0.926331 0.030081 0.333853 0.054463
    59 -6.053034 -0.016663 1.103056 0.004494 0.369580 0.009981
    60 -5.421908 0.182876 1.281877 0.022383 0.533765 -0.081912
    61 -2.922044 0.248471 0.791366 0.369685 0.559336 -0.184797
    62 -3.673538 1.149134 1.176180 1.763559 0.498751 -0.565894
    63 -11.200188 -5.662892 9.498478 -1.116941 -1.424750 -0.272770
    64 -0.339458 -22.073974 -2.883622 0.091259 -0.012670 -0.034027
    65 -8.066249 -5.382900 -9.314304 1.582989 -1.375006 -2.926309
    66 1.276001 -15.706000 -3.241560 0.266129 0.000110 0.035727
    67 -12.138843 12.254026 -9.009840 1.428363 -1.376902 -2.928790
    68 0.770289 -24.986177 -6.367157 0.371503 -0.004990 0.055701
    69 -10.714234 8.822193 -6.746493 -1.525122 -1.256720 -0.181227
    70 -0.742872 -11.375425 1.210022 0.000000 0.000000 0.000000
    71 -0.169184 -19.808831 -4.903648 0.289431 -0.002108 0.043612
    72 -13.136892 10.989820 13.323422 -1.129221 -0.957515 -0.924874
    73 0.368268 -22.774323 -3.102065 0.383765 -0.003385 -0.146953
    74 49.389534 35.067638 12.791991 -1.037544 0.423055 2.039819
    75 4.004553 6.047382 1.789419 -0.260261 0.121942 2.111929
end
