// Created by Crowbar 0.74
version 1
nodes
  0 "Bip01" -1
  1 "Bip01 Pelvis" 0
  2 "Bip01 Spine" 1
  3 "Bip01 Spine1" 2
  4 "Bip01 Spine2" 3
  5 "Bip01 Neck" 4
  6 "Bip01 Neck1" 5
  7 "Bip01 Head" 6
  8 "Bip01 L Clavicle" 5
  9 "Bip01 L UpperArm" 8
  10 "Bip01 L Forearm" 9
  11 "Bip01 L Hand" 10
  12 "Bip01 L Finger0" 11
  13 "Bip01 L Finger01" 12
  14 "Bip01 L Finger02" 13
  15 "Bip01 L Finger1" 11
  16 "Bip01 L Finger11" 15
  17 "Bip01 L Finger12" 16
  18 "Bip01 L Finger2" 11
  19 "Bip01 L Finger21" 18
  20 "Bip01 L Finger22" 19
  21 "Bip01 L Finger3" 11
  22 "Bip01 L Finger31" 21
  23 "Bip01 L Finger32" 22
  24 "LSleeve" 9
  25 "Bip01 R Clavicle" 5
  26 "Bip01 R UpperArm" 25
  27 "Bip01 R Forearm" 26
  28 "Bip01 R Hand" 27
  29 "Bip01 R Finger0" 28
  30 "Bip01 R Finger01" 29
  31 "Bip01 R Finger02" 30
  32 "Bip01 R Finger1" 28
  33 "Bip01 R Finger11" 32
  34 "Bip01 R Finger12" 33
  35 "Bip01 R Finger2" 28
  36 "Bip01 R Finger21" 35
  37 "Bip01 R Finger22" 36
  38 "Bip01 R Finger3" 28
  39 "Bip01 R Finger31" 38
  40 "Bip01 R Finger32" 39
  41 "RSleave" 26
  42 "Bip01 L Thigh" 2
  43 "Bip01 L Calf" 42
  44 "Bip01 L Foot" 43
  45 "Bip01 L Toe0" 44
  46 "Bip01 R Thigh" 2
  47 "Bip01 R Calf" 46
  48 "Bip01 R Foot" 47
  49 "Bip01 R Toe0" 48
  50 "RTentacle Bone Base" 1
  51 "Text04" 50
  52 "Text14" 51
  53 "Text15" 52
  54 "Text16" 53
  55 "Text17" 54
  56 "Text18" 55
  57 "Text19" 56
  58 "Text20" 57
  59 "Text21" 58
  60 "Text22" 59
  61 "Text23" 60
  62 "Text24" 61
  63 "LBack Flapa" 1
  64 "LBack Flapb" 63
  65 "RBack Flapa" 1
  66 "RBack Flapb" 65
  67 "RFront Flapa" 1
  68 "RFront Flapb" 67
  69 "Flap3a Helper" 1
  70 "Flap3b Helper" 69
  71 "Flap3c Helper" 70
  72 "LFront Flapa" 1
  73 "LFront Flapb" 72
  74 "muzzle" 28
  75 "Object08" 28
end
skeleton
  time 0
    0 -2.757657 5.987196 47.545306 -0.070110 -0.045422 -2.249411
    1 0.623699 0.000001 0.000000 -3.141497 -1.554703 1.570706
    2 5.131857 -0.003106 -0.082027 -0.000879 0.016070 -0.054666
    3 3.906100 -0.003271 0.000004 -0.001406 0.051522 -0.112618
    4 4.135916 -0.008526 -0.000664 0.077723 0.050623 -0.036163
    5 10.751883 -0.002617 0.000053 -0.018648 0.003823 0.186243
    6 3.346632 -0.003643 -0.000026 0.007634 -0.014501 -0.038971
    7 4.579823 0.000001 -0.000001 0.438900 -0.139909 0.047825
    8 -3.297148 -1.150500 2.858143 0.358256 -1.157831 2.624032
    9 6.038858 -0.000001 -0.000004 1.061870 0.430116 -0.580367
    10 17.594549 0.000002 -0.000005 0.000000 0.000000 -0.895731
    11 17.982988 -0.000001 -0.000003 -2.280609 0.362682 -0.223680
    12 2.813693 0.799024 -0.493426 2.411861 0.529184 1.109476
    13 2.065372 0.000002 0.000001 0.000000 0.000000 0.649378
    14 2.094708 -0.000001 -0.000001 0.000000 0.000000 1.093020
    15 7.522001 -0.014964 -1.158106 -0.027860 -0.069746 0.911640
    16 3.200830 -0.000003 0.000001 0.000000 0.000000 1.665632
    17 2.731236 -0.000001 -0.000001 0.000000 0.000000 1.605775
    18 7.599252 -0.144512 0.591977 -0.045786 -0.060676 0.993575
    19 3.840993 -0.000001 0.000001 0.000000 0.000000 1.756866
    20 3.277483 -0.000001 0.000000 0.000000 0.000000 1.937387
    21 7.447639 -0.525788 2.367264 -0.140593 -0.120304 1.040167
    22 1.595202 -0.000004 0.000001 0.000000 0.000000 0.255811
    23 1.772444 0.000001 -0.000002 0.000000 0.000000 1.068011
    24 2.572627 0.731521 -2.511554 -0.244396 0.018184 3.134541
    25 -3.277620 -1.041106 -2.920651 -0.077777 1.370509 2.878310
    26 6.038855 0.000001 0.000005 -0.832867 -0.737991 0.019654
    27 17.594559 0.000001 -0.000001 0.000000 0.000000 -0.218190
    28 17.982981 0.000003 0.000000 2.051060 0.517272 -1.315925
    29 2.813690 0.799023 0.493428 -2.853948 0.431188 1.731441
    30 2.065371 0.000000 0.000000 0.000000 0.000000 0.912348
    31 2.094707 -0.000003 0.000001 0.000000 0.000000 0.685149
    32 7.522000 -0.014961 1.158106 -0.175699 -0.043345 1.404093
    33 3.200826 0.000001 0.000001 0.000000 0.000000 1.350783
    34 2.731234 -0.000003 -0.000001 0.000000 0.000000 0.924201
    35 7.599249 -0.144510 -0.591981 -0.160061 -0.087250 1.261723
    36 3.840996 0.000001 0.000002 0.000000 0.000000 1.649531
    37 3.277483 0.000000 -0.000004 0.000000 0.000000 1.255814
    38 7.447635 -0.525788 -2.367259 0.127913 0.133733 0.940103
    39 1.595202 0.000000 -0.000004 0.000000 0.000000 0.756708
    40 1.772447 -0.000002 0.000002 0.000000 0.000000 1.255814
    41 2.963612 0.324628 1.962029 -2.408182 0.012915 -3.260935
    42 -5.226302 -0.279377 6.425844 2.883914 -0.135090 3.543089
    43 22.311968 0.000000 0.000000 0.000000 0.000000 -0.109145
    44 22.311968 0.000001 0.000000 -0.123429 -0.132838 0.386290
    45 5.131751 6.470467 0.000002 0.000000 0.000000 1.570796
    46 -5.023180 -0.271532 -6.425843 -2.969598 -0.145930 2.973563
    47 22.311960 0.000001 -0.000001 0.000000 0.000000 -0.001681
    48 22.311968 0.000001 0.000001 0.205774 -0.115079 -0.251063
    49 5.131751 6.470464 -0.000001 0.000000 0.000000 1.570796
    50 1.732514 13.268860 0.716685 3.141592 -1.570796 0.000000
    51 -0.224366 0.272609 -0.034534 -0.029266 -0.092941 0.791337
    52 -3.491084 -4.894612 -3.876375 0.008540 -1.177950 1.210416
    53 -3.733108 0.130848 -0.417931 -0.452454 -0.231455 -0.082086
    54 -4.374799 0.557257 -0.469394 -1.639220 -0.203088 -0.258295
    55 -4.153721 0.280721 0.534213 -0.244555 0.247500 -0.122756
    56 -4.737792 0.069893 0.662925 -0.017373 0.272418 -0.013744
    57 -4.965434 -0.067190 0.756173 0.039165 0.310303 0.048662
    58 -5.203153 -0.098731 0.922425 0.021854 0.339473 0.044251
    59 -5.896780 0.057558 1.095243 -0.000342 0.370994 -0.021711
    60 -5.390658 0.362569 1.231094 0.059232 0.494998 -0.171283
    61 -3.031422 0.432070 0.678082 0.486879 0.446805 -0.313275
    62 -3.833699 1.442111 0.562880 1.108134 0.218514 -0.659396
    63 -11.204095 -5.674611 9.498478 -1.116941 -1.424750 -0.272770
    64 -0.269144 -22.062255 -2.883622 0.091259 -0.012670 -0.034027
    65 -8.003747 -6.000107 -9.314304 1.582989 -1.375006 -2.926309
    66 1.291627 -15.514588 -3.241560 0.266129 0.000110 0.035727
    67 -12.521675 11.793078 -9.009843 1.428364 -1.376902 -2.928790
    68 0.785919 -24.943205 -6.367158 0.371503 -0.004990 0.055701
    69 -10.702515 8.802661 -6.746493 -1.525122 -1.256720 -0.181227
    70 -0.641310 -11.527770 1.210022 0.000000 0.000000 0.000000
    71 -0.227785 -19.832262 -4.903650 0.289431 -0.002108 0.043612
    72 -13.047045 10.771064 13.323422 -1.129221 -0.957515 -0.924874
    73 -0.991148 -23.090739 -3.102065 0.383765 -0.003385 -0.146953
    74 49.389511 35.067635 12.791991 -1.037544 0.423055 2.039819
    75 4.004551 6.047380 1.789420 -0.260261 0.121942 2.111929
  time 1
    0 -1.551297 6.791074 47.361707 -0.063135 -0.057059 -2.249363
    1 0.623699 0.000001 0.000000 -3.141497 -1.554703 1.570706
    2 5.131857 -0.003106 -0.082027 -0.000879 0.016070 -0.054666
    3 3.906100 -0.003271 0.000004 -0.001480 0.042090 -0.100862
    4 4.135916 -0.008526 -0.000664 0.078770 0.045014 -0.017073
    5 10.751883 -0.002617 0.000053 -0.018648 0.003823 0.186243
    6 3.346632 -0.003643 -0.000026 0.007634 -0.014501 -0.038971
    7 4.579823 0.000001 -0.000001 0.441597 -0.127272 0.015720
    8 -3.297148 -1.150500 2.858143 0.358256 -1.157831 2.624032
    9 6.038858 -0.000001 -0.000004 1.046748 0.411500 -0.600968
    10 17.594549 0.000002 -0.000005 0.000000 0.000000 -0.869770
    11 17.982988 -0.000001 -0.000003 -2.288895 0.375710 -0.248187
    12 2.813693 0.799024 -0.493426 2.411861 0.529184 1.109476
    13 2.065372 0.000002 0.000001 0.000000 0.000000 0.649378
    14 2.094708 -0.000001 -0.000001 0.000000 0.000000 1.093020
    15 7.522001 -0.014964 -1.158106 -0.027860 -0.069734 0.911640
    16 3.200830 -0.000003 0.000001 0.000000 0.000000 1.665632
    17 2.731236 -0.000001 -0.000001 0.000000 0.000000 1.605775
    18 7.599252 -0.144512 0.591977 -0.045786 -0.060676 0.993575
    19 3.840993 -0.000001 0.000001 0.000000 0.000000 1.756866
    20 3.277483 -0.000001 0.000000 0.000000 0.000000 1.937387
    21 7.447639 -0.525788 2.367264 -0.140593 -0.120304 1.040167
    22 1.595202 -0.000004 0.000001 0.000000 0.000000 0.255811
    23 1.772444 0.000001 -0.000002 0.000000 0.000000 1.067979
    24 2.572627 0.731521 -2.511554 -0.244361 0.018184 3.134541
    25 -3.277620 -1.041106 -2.920651 -0.077777 1.370509 2.878310
    26 6.038855 0.000001 0.000005 -0.792323 -0.755961 -0.014420
    27 17.594559 0.000001 -0.000001 0.000000 0.000000 -0.213373
    28 17.982981 0.000003 0.000000 2.058136 0.508511 -1.301775
    29 2.813690 0.799023 0.493428 -2.853948 0.431188 1.731441
    30 2.065371 0.000000 0.000000 0.000000 0.000000 0.912348
    31 2.094707 -0.000003 0.000001 0.000000 0.000000 0.685149
    32 7.522000 -0.014961 1.158106 -0.175699 -0.043345 1.404093
    33 3.200826 0.000001 0.000001 0.000000 0.000000 1.350783
    34 2.731234 -0.000003 -0.000001 0.000000 0.000000 0.924201
    35 7.599249 -0.144510 -0.591981 -0.160061 -0.087250 1.261723
    36 3.840996 0.000001 0.000002 0.000000 0.000000 1.649531
    37 3.277483 0.000000 -0.000004 0.000000 0.000000 1.255852
    38 7.447635 -0.525788 -2.367259 0.127913 0.133733 0.940103
    39 1.595202 0.000000 -0.000004 0.000000 0.000000 0.756708
    40 1.772447 -0.000002 0.000002 0.000000 0.000000 1.255814
    41 2.963612 0.324628 1.962029 -2.408182 0.012915 -3.260935
    42 -5.226302 -0.279377 6.425844 2.900788 -0.149034 3.409510
    43 22.311968 0.000000 0.000000 0.000000 0.000000 -0.346735
    44 22.311968 0.000001 0.000000 -0.115437 -0.118955 0.478652
    45 5.131751 6.470467 0.000002 0.000000 0.000000 1.570796
    46 -5.023180 -0.271532 -6.425843 -2.960250 -0.118213 2.894498
    47 22.311960 0.000001 -0.000001 0.000000 0.000000 -0.119365
    48 22.311968 0.000001 0.000001 0.207557 -0.101150 -0.266784
    49 5.131751 6.470464 -0.000001 0.000000 0.000000 1.570796
    50 1.732514 13.268860 0.716685 3.141592 -1.570796 0.000000
    51 -0.224366 0.272609 -0.034534 -0.016083 -0.096272 0.790988
    52 -3.502803 -4.945395 -3.798248 0.008240 -1.164480 1.214416
    53 -3.733108 0.130848 -0.417931 -0.416566 -0.231767 -0.081140
    54 -4.370892 0.533819 -0.492833 -1.637309 -0.213263 -0.249654
    55 -4.149815 0.304159 0.518588 -0.272654 0.241737 -0.133566
    56 -4.733885 0.081612 0.659018 -0.024108 0.271950 -0.018862
    57 -4.949809 -0.055471 0.756173 0.036301 0.311273 0.044239
    58 -5.175808 -0.087012 0.922425 0.020644 0.341666 0.040629
    59 -5.857716 0.065370 1.099150 -0.000895 0.374332 -0.024234
    60 -5.355500 0.362569 1.235000 0.058217 0.499177 -0.172366
    61 -3.023609 0.428164 0.678082 0.483830 0.448672 -0.311102
    62 -3.837606 1.430392 0.574599 1.114172 0.223480 -0.653879
    63 -11.204095 -5.674611 9.498478 -1.116941 -1.424750 -0.272770
    64 -0.269144 -22.062255 -2.883622 0.091259 -0.012670 -0.034027
    65 -8.003747 -6.000107 -9.314304 1.582989 -1.375006 -2.926309
    66 1.291627 -15.514588 -3.241560 0.266129 0.000110 0.035727
    67 -12.521675 11.793078 -9.009843 1.428364 -1.376902 -2.928790
    68 0.785919 -24.943205 -6.367158 0.371503 -0.004990 0.055701
    69 -10.702515 8.802661 -6.746493 -1.525122 -1.256720 -0.181227
    70 -0.641310 -11.527770 1.210022 0.000000 0.000000 0.000000
    71 -0.227785 -19.832262 -4.903650 0.289431 -0.002108 0.043612
    72 -13.047045 10.771064 13.323422 -1.129221 -0.957515 -0.924874
    73 -0.991148 -23.090739 -3.102065 0.383765 -0.003385 -0.146953
    74 49.389511 35.067635 12.791991 -1.037544 0.423055 2.039819
    75 4.004551 6.047380 1.789420 -0.260261 0.121942 2.111929
  time 2
    0 -0.305873 7.567607 47.221077 -0.056064 -0.068911 -2.249363
    1 0.623699 0.000001 0.000000 3.141592 -1.554703 1.570706
    2 5.131857 -0.003106 -0.082027 -0.000879 0.016070 -0.054666
    3 3.906100 -0.003271 0.000004 -0.001702 0.032251 -0.089057
    4 4.135916 -0.008526 -0.000664 0.079694 0.039825 0.000935
    5 10.751883 -0.002617 0.000053 -0.018648 0.003823 0.186243
    6 3.346632 -0.003643 -0.000026 0.007634 -0.014501 -0.038971
    7 4.579823 0.000001 -0.000001 0.444049 -0.114535 -0.015293
    8 -3.297148 -1.150500 2.858143 0.358256 -1.157831 2.624032
    9 6.038858 -0.000001 -0.000004 1.027822 0.404371 -0.631152
    10 17.594549 0.000002 -0.000005 0.000000 0.000000 -0.819536
    11 17.982988 -0.000001 -0.000003 -2.299766 0.392238 -0.287566
    12 2.813693 0.799024 -0.493426 2.411861 0.529184 1.109476
    13 2.065372 0.000002 0.000001 0.000000 0.000000 0.649378
    14 2.094708 -0.000001 -0.000001 0.000000 0.000000 1.093020
    15 7.522001 -0.014964 -1.158106 -0.027860 -0.069734 0.911640
    16 3.200830 -0.000003 0.000001 0.000000 0.000000 1.665632
    17 2.731236 -0.000001 -0.000001 0.000000 0.000000 1.605775
    18 7.599252 -0.144512 0.591977 -0.045786 -0.060676 0.993575
    19 3.840993 -0.000001 0.000001 0.000000 0.000000 1.756866
    20 3.277483 -0.000001 0.000000 0.000000 0.000000 1.937387
    21 7.447639 -0.525788 2.367264 -0.140593 -0.120304 1.040167
    22 1.595202 -0.000004 0.000001 0.000000 0.000000 0.255811
    23 1.772444 0.000001 -0.000002 0.000000 0.000000 1.068011
    24 2.572627 0.731521 -2.511554 -0.244396 0.018184 3.134541
    25 -3.277620 -1.041106 -2.920651 -0.077777 1.370509 2.878310
    26 6.038855 0.000001 0.000005 -0.750884 -0.769882 -0.049978
    27 17.594559 0.000001 -0.000001 0.000000 0.000000 -0.211393
    28 17.982981 0.000003 0.000000 2.068541 0.500086 -1.280527
    29 2.813690 0.799023 0.493428 -2.853948 0.431188 1.731441
    30 2.065371 0.000000 0.000000 0.000000 0.000000 0.912348
    31 2.094707 -0.000003 0.000001 0.000000 0.000000 0.685149
    32 7.522000 -0.014961 1.158106 -0.175699 -0.043345 1.404093
    33 3.200826 0.000001 0.000001 0.000000 0.000000 1.350783
    34 2.731234 -0.000003 -0.000001 0.000000 0.000000 0.924201
    35 7.599249 -0.144510 -0.591981 -0.160061 -0.087250 1.261723
    36 3.840996 0.000001 0.000002 0.000000 0.000000 1.649531
    37 3.277483 0.000000 -0.000004 0.000000 0.000000 1.255814
    38 7.447635 -0.525788 -2.367259 0.127913 0.133733 0.940103
    39 1.595202 0.000000 -0.000004 0.000000 0.000000 0.756708
    40 1.772447 -0.000002 0.000002 0.000000 0.000000 1.255814
    41 2.963612 0.324628 1.962029 -2.408182 0.012915 -3.260935
    42 -5.226302 -0.279377 6.425844 2.908027 -0.145874 3.334162
    43 22.311968 0.000000 0.000000 0.000000 0.000000 -0.463753
    44 22.311968 0.000001 0.000000 -0.107877 -0.103119 0.510176
    45 5.131751 6.470467 0.000002 0.000000 0.000000 1.570796
    46 -5.023180 -0.271532 -6.425843 -2.950962 -0.080680 2.775829
    47 22.311960 0.000001 -0.000001 0.000000 0.000000 -0.343548
    48 22.311968 0.000001 0.000001 0.209428 -0.078140 -0.251095
    49 5.131751 6.470464 -0.000001 0.000000 0.000000 1.570796
    50 1.732514 13.268860 0.716685 3.141592 -1.570796 0.000000
    51 -0.224366 0.272609 -0.034534 -0.002685 -0.099712 0.790590
    52 -3.514522 -5.000084 -3.720120 0.007929 -1.150709 1.217979
    53 -3.733108 0.126942 -0.417931 -0.384620 -0.232091 -0.080289
    54 -4.370892 0.518194 -0.508458 -1.627300 -0.222095 -0.241816
    55 -4.145909 0.323691 0.502962 -0.302520 0.235376 -0.144652
    56 -4.726073 0.093331 0.659018 -0.031251 0.271998 -0.024135
    57 -4.938090 -0.047658 0.756173 0.033472 0.312855 0.040105
    58 -5.156276 -0.083106 0.922425 0.019434 0.343956 0.037334
    59 -5.830371 0.069277 1.103056 -0.001310 0.376979 -0.025969
    60 -5.328156 0.362569 1.238907 0.057012 0.503055 -0.171856
    61 -3.011890 0.424257 0.685894 0.483258 0.452940 -0.308016
    62 -3.837606 1.422580 0.590224 1.129027 0.230521 -0.651291
    63 -11.204095 -5.674611 9.498478 -1.116941 -1.424750 -0.272770
    64 -0.269144 -22.062255 -2.883622 0.091259 -0.012670 -0.034027
    65 -8.003747 -6.000107 -9.314304 1.582989 -1.375006 -2.926309
    66 1.291627 -15.514588 -3.241560 0.266129 0.000110 0.035727
    67 -12.521675 11.793078 -9.009843 1.428364 -1.376902 -2.928790
    68 0.785919 -24.943205 -6.367158 0.371503 -0.004990 0.055701
    69 -10.702515 8.802661 -6.746493 -1.525122 -1.256720 -0.181227
    70 -0.641310 -11.527770 1.210022 0.000000 0.000000 0.000000
    71 -0.227785 -19.832262 -4.903650 0.289431 -0.002108 0.043612
    72 -13.047045 10.771064 13.323422 -1.129221 -0.957515 -0.924874
    73 -0.991148 -23.090739 -3.102065 0.383765 -0.003385 -0.146953
    74 49.389511 35.067635 12.791991 -1.037544 0.423055 2.039819
    75 4.004551 6.047380 1.789420 -0.260261 0.121942 2.111929
  time 3
    0 0.962989 8.324609 47.244516 -0.049772 -0.079674 -2.249554
    1 0.623699 0.000001 0.000000 3.141592 -1.554703 1.570706
    2 5.131857 -0.003106 -0.082027 -0.000879 0.016070 -0.054666
    3 3.906100 -0.003271 0.000004 -0.002035 0.023130 -0.078930
    4 4.135916 -0.008526 -0.000664 0.080442 0.035774 0.016230
    5 10.751883 -0.002617 0.000053 -0.018636 0.003823 0.186243
    6 3.346632 -0.003643 -0.000026 0.007634 -0.014501 -0.038971
    7 4.579823 0.000001 -0.000001 0.445962 -0.103339 -0.041742
    8 -3.297148 -1.150500 2.858143 0.358256 -1.157831 2.624032
    9 6.038858 -0.000001 -0.000004 1.007225 0.415899 -0.669666
    10 17.594549 0.000002 -0.000005 0.000000 0.000000 -0.738000
    11 17.982988 -0.000001 -0.000003 -2.312917 0.411355 -0.345155
    12 2.813693 0.799024 -0.493426 2.411861 0.529184 1.109476
    13 2.065372 0.000002 0.000001 0.000000 0.000000 0.649378
    14 2.094708 -0.000001 -0.000001 0.000000 0.000000 1.093020
    15 7.522001 -0.014964 -1.158106 -0.027860 -0.069734 0.911640
    16 3.200830 -0.000003 0.000001 0.000000 0.000000 1.665632
    17 2.731236 -0.000001 -0.000001 0.000000 0.000000 1.605775
    18 7.599252 -0.144512 0.591977 -0.045786 -0.060676 0.993575
    19 3.840993 -0.000001 0.000001 0.000000 0.000000 1.756866
    20 3.277483 -0.000001 0.000000 0.000000 0.000000 1.937387
    21 7.447639 -0.525788 2.367264 -0.140593 -0.120304 1.040167
    22 1.595202 -0.000004 0.000001 0.000000 0.000000 0.255811
    23 1.772444 0.000001 -0.000002 0.000000 0.000000 1.067979
    24 2.572627 0.731521 -2.511554 -0.244396 0.018184 3.134541
    25 -3.277620 -1.041106 -2.920651 -0.077777 1.370509 2.878310
    26 6.038855 0.000001 0.000005 -0.714163 -0.779658 -0.081763
    27 17.594559 0.000001 -0.000001 0.000000 0.000000 -0.211146
    28 17.982981 0.000003 0.000000 2.081990 0.490282 -1.252658
    29 2.813690 0.799023 0.493428 -2.853948 0.431188 1.731441
    30 2.065371 0.000000 0.000000 0.000000 0.000000 0.912348
    31 2.094707 -0.000003 0.000001 0.000000 0.000000 0.685149
    32 7.522000 -0.014961 1.158106 -0.175699 -0.043345 1.404093
    33 3.200826 0.000001 0.000001 0.000000 0.000000 1.350783
    34 2.731234 -0.000003 -0.000001 0.000000 0.000000 0.924201
    35 7.599249 -0.144510 -0.591981 -0.160061 -0.087250 1.261723
    36 3.840996 0.000001 0.000002 0.000000 0.000000 1.649531
    37 3.277483 0.000000 -0.000004 0.000000 0.000000 1.255814
    38 7.447635 -0.525788 -2.367259 0.127913 0.133733 0.940083
    39 1.595202 0.000000 -0.000004 0.000000 0.000000 0.756708
    40 1.772447 -0.000002 0.000002 0.000000 0.000000 1.255814
    41 2.963612 0.324628 1.962029 -2.408182 0.012915 -3.260935
    42 -5.226302 -0.279377 6.425844 2.910424 -0.135392 3.284245
    43 22.311968 0.000000 0.000000 0.000000 0.000000 -0.523608
    44 22.311968 0.000001 0.000000 -0.101469 -0.085383 0.511917
    45 5.131751 6.470467 0.000002 0.000000 0.000000 1.570796
    46 -5.023180 -0.271532 -6.425843 -2.953994 -0.057620 2.736179
    47 22.311960 0.000001 -0.000001 0.000000 0.000000 -0.480709
    48 22.311968 0.000001 0.000001 0.209098 -0.061348 -0.206770
    49 5.131751 6.470464 -0.000001 0.000000 0.000000 1.570796
    50 1.732514 13.268860 0.716685 3.141592 -1.570796 0.000000
    51 -0.224366 0.272609 -0.034534 0.009372 -0.102912 0.790291
    52 -3.526242 -5.043054 -3.649806 0.007677 -1.138329 1.220854
    53 -3.733108 0.126942 -0.417931 -0.359494 -0.232234 -0.079737
    54 -4.370892 0.502568 -0.524084 -1.611285 -0.228974 -0.235536
    55 -4.145909 0.347129 0.491243 -0.332107 0.228979 -0.155414
    56 -4.722166 0.105050 0.655112 -0.038011 0.272214 -0.029001
    57 -4.930277 -0.035939 0.760079 0.030596 0.314413 0.036126
    58 -5.148464 -0.075293 0.926331 0.018241 0.345561 0.034292
    59 -5.822559 0.073183 1.103056 -0.001632 0.378513 -0.027072
    60 -5.312530 0.354757 1.242813 0.055287 0.507044 -0.169372
    61 -3.000171 0.416445 0.689801 0.484592 0.460132 -0.303702
    62 -3.825886 1.418673 0.613663 1.154615 0.240893 -0.650998
    63 -11.204095 -5.674611 9.498478 -1.116941 -1.424750 -0.272770
    64 -0.269144 -22.062255 -2.883622 0.091259 -0.012670 -0.034027
    65 -8.003747 -6.000107 -9.314304 1.582989 -1.375006 -2.926309
    66 1.291627 -15.514588 -3.241560 0.266129 0.000110 0.035727
    67 -12.521675 11.793078 -9.009843 1.428364 -1.376902 -2.928790
    68 0.785919 -24.943205 -6.367158 0.371503 -0.004990 0.055701
    69 -10.702515 8.802661 -6.746493 -1.525122 -1.256720 -0.181227
    70 -0.641310 -11.527770 1.210022 0.000000 0.000000 0.000000
    71 -0.227785 -19.832262 -4.903650 0.289431 -0.002108 0.043612
    72 -13.047045 10.771064 13.323422 -1.129221 -0.957515 -0.924874
    73 -0.991148 -23.090739 -3.102065 0.383765 -0.003385 -0.146953
    74 49.389511 35.067635 12.791991 -1.037544 0.423055 2.039819
    75 4.004551 6.047380 1.789420 -0.260261 0.121942 2.111929
  time 4
    0 2.247477 9.073797 47.435928 -0.045098 -0.088027 -2.249794
    1 0.623699 0.000001 0.000000 3.141592 -1.554703 1.570706
    2 5.131857 -0.003106 -0.082027 -0.000879 0.016070 -0.054666
    3 3.906100 -0.003271 0.000004 -0.002423 0.015868 -0.072194
    4 4.135916 -0.008526 -0.000664 0.081000 0.033617 0.027164
    5 10.751883 -0.002617 0.000053 -0.018648 0.003823 0.186243
    6 3.346632 -0.003643 -0.000026 0.007634 -0.014501 -0.038971
    7 4.579823 0.000001 -0.000001 0.447261 -0.095270 -0.060132
    8 -3.297148 -1.150500 2.858143 0.358256 -1.157831 2.624032
    9 6.038858 -0.000001 -0.000004 0.987279 0.443681 -0.711226
    10 17.594549 0.000002 -0.000005 0.000000 0.000000 -0.637345
    11 17.982988 -0.000001 -0.000003 -2.325688 0.429123 -0.411516
    12 2.813693 0.799024 -0.493426 2.411861 0.529184 1.109476
    13 2.065372 0.000002 0.000001 0.000000 0.000000 0.649378
    14 2.094708 -0.000001 -0.000001 0.000000 0.000000 1.093020
    15 7.522001 -0.014964 -1.158106 -0.027860 -0.069746 0.911640
    16 3.200830 -0.000003 0.000001 0.000000 0.000000 1.665632
    17 2.731236 -0.000001 -0.000001 0.000000 0.000000 1.605775
    18 7.599252 -0.144512 0.591977 -0.045786 -0.060676 0.993575
    19 3.840993 -0.000001 0.000001 0.000000 0.000000 1.756866
    20 3.277483 -0.000001 0.000000 0.000000 0.000000 1.937387
    21 7.447639 -0.525788 2.367264 -0.140593 -0.120304 1.040167
    22 1.595202 -0.000004 0.000001 0.000000 0.000000 0.255811
    23 1.772444 0.000001 -0.000002 0.000000 0.000000 1.067979
    24 2.572627 0.731521 -2.511554 -0.244396 0.018184 3.134541
    25 -3.277620 -1.041106 -2.920651 -0.077777 1.370509 2.878310
    26 6.038855 0.000001 0.000005 -0.687950 -0.785195 -0.104564
    27 17.594559 0.000001 -0.000001 0.000000 0.000000 -0.211888
    28 17.982981 0.000003 0.000000 2.095400 0.480775 -1.224454
    29 2.813690 0.799023 0.493428 -2.853948 0.431188 1.731441
    30 2.065371 0.000000 0.000000 0.000000 0.000000 0.912348
    31 2.094707 -0.000003 0.000001 0.000000 0.000000 0.685149
    32 7.522000 -0.014961 1.158106 -0.175699 -0.043345 1.404093
    33 3.200826 0.000001 0.000001 0.000000 0.000000 1.350783
    34 2.731234 -0.000003 -0.000001 0.000000 0.000000 0.924201
    35 7.599249 -0.144510 -0.591981 -0.160061 -0.087250 1.261723
    36 3.840996 0.000001 0.000002 0.000000 0.000000 1.649531
    37 3.277483 0.000000 -0.000004 0.000000 0.000000 1.255814
    38 7.447635 -0.525788 -2.367259 0.127913 0.133733 0.940083
    39 1.595202 0.000000 -0.000004 0.000000 0.000000 0.756708
    40 1.772447 -0.000002 0.000002 0.000000 0.000000 1.255814
    41 2.963612 0.324628 1.962029 -2.408182 0.012915 -3.260935
    42 -5.226302 -0.279377 6.425844 2.910436 -0.121297 3.249482
    43 22.311968 0.000000 0.000000 0.000000 0.000000 -0.545318
    44 22.311968 0.000001 0.000000 -0.096861 -0.066247 0.493803
    45 5.131751 6.470467 0.000002 0.000000 0.000000 1.570796
    46 -5.023180 -0.271532 -6.425843 -2.965894 -0.055147 2.785349
    47 22.311960 0.000001 -0.000001 0.000000 0.000000 -0.507556
    48 22.311968 0.000001 0.000001 0.214601 -0.064512 -0.101533
    49 5.131751 6.470464 -0.000001 0.000000 0.000000 1.570796
    50 1.732514 13.268860 0.716685 3.141592 -1.570796 0.000000
    51 -0.224366 0.272609 -0.034534 0.018576 -0.105548 0.790092
    52 -3.534054 -5.078211 -3.591210 0.007485 -1.128790 1.222416
    53 -3.733108 0.126942 -0.417931 -0.342292 -0.232438 -0.079390
    54 -4.370892 0.490849 -0.535803 -1.594997 -0.233589 -0.231282
    55 -4.142002 0.366661 0.479524 -0.355646 0.223706 -0.163827
    56 -4.718260 0.112863 0.659018 -0.043811 0.272538 -0.033160
    57 -4.934183 -0.028127 0.763985 0.027947 0.315588 0.032650
    58 -5.152370 -0.067480 0.930238 0.017187 0.346245 0.031818
    59 -5.826465 0.077090 1.106962 -0.001816 0.378964 -0.027440
    60 -5.308624 0.350850 1.246719 0.053409 0.510384 -0.165973
    61 -2.988452 0.404726 0.701520 0.486498 0.468568 -0.299042
    62 -3.814167 1.414767 0.637101 1.184324 0.252316 -0.652170
    63 -11.204095 -5.674611 9.498478 -1.116941 -1.424750 -0.272770
    64 -0.269144 -22.062255 -2.883622 0.091259 -0.012670 -0.034027
    65 -8.003747 -6.000107 -9.314304 1.582989 -1.375006 -2.926309
    66 1.291627 -15.514588 -3.241560 0.266129 0.000110 0.035727
    67 -12.521675 11.793078 -9.009843 1.428364 -1.376902 -2.928790
    68 0.785919 -24.943205 -6.367158 0.371503 -0.004990 0.055701
    69 -10.702515 8.802661 -6.746493 -1.525122 -1.256720 -0.181227
    70 -0.641310 -11.527770 1.210022 0.000000 0.000000 0.000000
    71 -0.227785 -19.832262 -4.903650 0.289431 -0.002108 0.043612
    72 -13.047045 10.771064 13.323422 -1.129221 -0.957515 -0.924874
    73 -0.991148 -23.090739 -3.102065 0.383765 -0.003385 -0.146953
    74 49.389511 35.067635 12.791991 -1.037544 0.423055 2.039819
    75 4.004551 6.047380 1.789420 -0.260261 0.121942 2.111929
  time 5
    0 3.528059 9.819080 47.693748 -0.042905 -0.092653 -2.250130
    1 0.623699 0.000001 0.000000 3.141592 -1.554703 1.570706
    2 5.131857 -0.003106 -0.082027 -0.000879 0.016070 -0.054666
    3 3.906100 -0.003271 0.000004 -0.002775 0.011565 -0.070564
    4 4.135916 -0.008526 -0.000664 0.081353 0.034072 0.032106
    5 10.751883 -0.002617 0.000053 -0.018636 0.003823 0.186243
    6 3.346632 -0.003643 -0.000026 0.007634 -0.014501 -0.038971
    7 4.579823 0.000001 -0.000001 0.447825 -0.091956 -0.066989
    8 -3.297148 -1.150500 2.858143 0.358256 -1.157831 2.624032
    9 6.038858 -0.000001 -0.000004 0.970301 0.483378 -0.748665
    10 17.594549 0.000002 -0.000005 0.000000 0.000000 -0.534862
    11 17.982988 -0.000001 -0.000003 -2.335153 0.442150 -0.474651
    12 2.813693 0.799024 -0.493426 2.411861 0.529184 1.109476
    13 2.065372 0.000002 0.000001 0.000000 0.000000 0.649378
    14 2.094708 -0.000001 -0.000001 0.000000 0.000000 1.093020
    15 7.522001 -0.014964 -1.158106 -0.027860 -0.069734 0.911640
    16 3.200830 -0.000003 0.000001 0.000000 0.000000 1.665632
    17 2.731236 -0.000001 -0.000001 0.000000 0.000000 1.605775
    18 7.599252 -0.144512 0.591977 -0.045786 -0.060676 0.993575
    19 3.840993 -0.000001 0.000001 0.000000 0.000000 1.756866
    20 3.277483 -0.000001 0.000000 0.000000 0.000000 1.937387
    21 7.447639 -0.525788 2.367264 -0.140593 -0.120304 1.040167
    22 1.595202 -0.000004 0.000001 0.000000 0.000000 0.255811
    23 1.772444 0.000001 -0.000002 0.000000 0.000000 1.067979
    24 2.572627 0.731521 -2.511554 -0.244396 0.018184 3.134541
    25 -3.277620 -1.041106 -2.920651 -0.077777 1.370509 2.878310
    26 6.038855 0.000001 0.000005 -0.677978 -0.786713 -0.113337
    27 17.594559 0.000001 -0.000001 0.000000 0.000000 -0.212878
    28 17.982981 0.000003 0.000000 2.105919 0.473431 -1.201968
    29 2.813690 0.799023 0.493428 -2.853948 0.431188 1.731441
    30 2.065371 0.000000 0.000000 0.000000 0.000000 0.912348
    31 2.094707 -0.000003 0.000001 0.000000 0.000000 0.685149
    32 7.522000 -0.014961 1.158106 -0.175699 -0.043345 1.404093
    33 3.200826 0.000001 0.000001 0.000000 0.000000 1.350783
    34 2.731234 -0.000003 -0.000001 0.000000 0.000000 0.924201
    35 7.599249 -0.144510 -0.591981 -0.160061 -0.087250 1.261723
    36 3.840996 0.000001 0.000002 0.000000 0.000000 1.649531
    37 3.277483 0.000000 -0.000004 0.000000 0.000000 1.255814
    38 7.447635 -0.525788 -2.367259 0.127913 0.133733 0.940083
    39 1.595202 0.000000 -0.000004 0.000000 0.000000 0.756708
    40 1.772447 -0.000002 0.000002 0.000000 0.000000 1.255814
    41 2.963612 0.324628 1.962029 -2.408182 0.012915 -3.260935
    42 -5.226302 -0.279377 6.425844 2.910496 -0.107277 3.218848
    43 22.311968 0.000000 0.000000 0.000000 0.000000 -0.550270
    44 22.311968 0.000001 0.000000 -0.094677 -0.046520 0.467191
    45 5.131751 6.470467 0.000002 0.000000 0.000000 1.570796
    46 -5.023180 -0.271532 -6.425843 -2.978310 -0.053357 2.835222
    47 22.311960 0.000001 -0.000001 0.000000 0.000000 -0.529632
    48 22.311968 0.000001 0.000001 0.215283 -0.058855 -0.011183
    49 5.131751 6.470464 -0.000001 0.000000 0.000000 1.570796
    50 1.732514 13.268860 0.716685 3.141592 -1.570796 0.000000
    51 -0.224366 0.272609 -0.034534 0.023382 -0.107286 0.790191
    52 -3.541867 -5.093837 -3.563866 0.007389 -1.123672 1.222291
    53 -3.733108 0.126942 -0.417931 -0.334329 -0.232486 -0.079426
    54 -4.370892 0.486943 -0.539709 -1.584077 -0.235818 -0.229568
    55 -4.142002 0.374474 0.471711 -0.368672 0.220788 -0.168645
    56 -4.722166 0.120676 0.659018 -0.047239 0.272801 -0.035628
    57 -4.938090 -0.028127 0.763985 0.026102 0.316007 0.030337
    58 -5.167996 -0.063574 0.930238 0.016374 0.345849 0.030031
    59 -5.842090 0.077090 1.106962 -0.001862 0.378272 -0.027283
    60 -5.312530 0.343038 1.250626 0.051735 0.512521 -0.162703
    61 -2.976733 0.396913 0.709333 0.488022 0.476193 -0.295168
    62 -3.798542 1.414767 0.660539 1.210583 0.262542 -0.654269
    63 -11.204095 -5.674611 9.498478 -1.116941 -1.424750 -0.272770
    64 -0.269144 -22.062255 -2.883622 0.091259 -0.012670 -0.034027
    65 -8.003747 -6.000107 -9.314304 1.582989 -1.375006 -2.926309
    66 1.291627 -15.514588 -3.241560 0.266129 0.000110 0.035727
    67 -12.521675 11.793078 -9.009843 1.428364 -1.376902 -2.928790
    68 0.785919 -24.943205 -6.367158 0.371503 -0.004990 0.055701
    69 -10.702515 8.802661 -6.746493 -1.525122 -1.256720 -0.181227
    70 -0.641310 -11.527770 1.210022 0.000000 0.000000 0.000000
    71 -0.227785 -19.832262 -4.903650 0.289431 -0.002108 0.043612
    72 -13.047045 10.771064 13.323422 -1.129221 -0.957515 -0.924874
    73 -0.991148 -23.090739 -3.102065 0.383765 -0.003385 -0.146953
    74 49.389511 35.067635 12.791991 -1.037544 0.423055 2.039819
    75 4.004551 6.047380 1.789420 -0.260261 0.121942 2.111929
  time 6
    0 4.796921 10.572175 47.994539 -0.043192 -0.093564 -2.250513
    1 0.623699 0.000001 0.000000 3.141497 -1.554703 1.570706
    2 5.131857 -0.003106 -0.082027 -0.000879 0.016070 -0.054666
    3 3.906100 -0.003271 0.000004 -0.003071 0.010283 -0.074807
    4 4.135916 -0.008526 -0.000664 0.081516 0.037716 0.029974
    5 10.751883 -0.002617 0.000053 -0.018648 0.003823 0.186243
    6 3.346632 -0.003643 -0.000026 0.007634 -0.014501 -0.038971
    7 4.579823 0.000001 -0.000001 0.447629 -0.093844 -0.060415
    8 -3.297148 -1.150500 2.858143 0.358256 -1.157831 2.624032
    9 6.038858 -0.000001 -0.000004 0.961673 0.521384 -0.768908
    10 17.594549 0.000002 -0.000005 0.000000 0.000000 -0.465041
    11 17.982988 -0.000001 -0.000003 -2.338611 0.447652 -0.514251
    12 2.813693 0.799024 -0.493426 2.411861 0.529184 1.109476
    13 2.065372 0.000002 0.000001 0.000000 0.000000 0.649378
    14 2.094708 -0.000001 -0.000001 0.000000 0.000000 1.093020
    15 7.522001 -0.014964 -1.158106 -0.027860 -0.069746 0.911640
    16 3.200830 -0.000003 0.000001 0.000000 0.000000 1.665632
    17 2.731236 -0.000001 -0.000001 0.000000 0.000000 1.605775
    18 7.599252 -0.144512 0.591977 -0.045786 -0.060676 0.993575
    19 3.840993 -0.000001 0.000001 0.000000 0.000000 1.756866
    20 3.277483 -0.000001 0.000000 0.000000 0.000000 1.937387
    21 7.447639 -0.525788 2.367264 -0.140593 -0.120304 1.040167
    22 1.595202 -0.000004 0.000001 0.000000 0.000000 0.255811
    23 1.772444 0.000001 -0.000002 0.000000 0.000000 1.067979
    24 2.572627 0.731521 -2.511554 -0.244396 0.018184 3.134541
    25 -3.277620 -1.041106 -2.920651 -0.077777 1.370509 2.878310
    26 6.038855 0.000001 0.000005 -0.687114 -0.785005 -0.105454
    27 17.594559 0.000001 -0.000001 0.000000 0.000000 -0.213373
    28 17.982981 0.000003 0.000000 2.110998 0.470299 -1.191106
    29 2.813690 0.799023 0.493428 -2.853948 0.431188 1.731441
    30 2.065371 0.000000 0.000000 0.000000 0.000000 0.912348
    31 2.094707 -0.000003 0.000001 0.000000 0.000000 0.685149
    32 7.522000 -0.014961 1.158106 -0.175699 -0.043345 1.404093
    33 3.200826 0.000001 0.000001 0.000000 0.000000 1.350783
    34 2.731234 -0.000003 -0.000001 0.000000 0.000000 0.924201
    35 7.599249 -0.144510 -0.591981 -0.160061 -0.087250 1.261723
    36 3.840996 0.000001 0.000002 0.000000 0.000000 1.649531
    37 3.277483 0.000000 -0.000004 0.000000 0.000000 1.255814
    38 7.447635 -0.525788 -2.367259 0.127913 0.133733 0.940083
    39 1.595202 0.000000 -0.000004 0.000000 0.000000 0.756708
    40 1.772447 -0.000002 0.000002 0.000000 0.000000 1.255814
    41 2.963612 0.324628 1.962029 -2.408182 0.012915 -3.260935
    42 -5.226302 -0.279377 6.425844 2.911359 -0.094279 3.190706
    43 22.311968 0.000000 0.000000 0.000000 0.000000 -0.542304
    44 22.311968 0.000001 0.000000 -0.094917 -0.026867 0.434134
    45 5.131751 6.470467 0.000002 0.000000 0.000000 1.570796
    46 -5.023180 -0.271532 -6.425843 -2.991062 -0.053115 2.885353
    47 22.311960 0.000001 -0.000001 0.000000 0.000000 -0.547036
    48 22.311968 0.000001 0.000001 0.213324 -0.046364 0.064648
    49 5.131751 6.470464 -0.000001 0.000000 0.000000 1.570796
    50 1.732514 13.268860 0.716685 3.141592 -1.570796 0.000000
    51 -0.224366 0.272609 -0.034534 0.023777 -0.108149 0.790590
    52 -3.545773 -5.093837 -3.556053 0.007377 -1.122989 1.220604
    53 -3.733108 0.126942 -0.417931 -0.334552 -0.232450 -0.079785
    54 -4.370892 0.490849 -0.539709 -1.580256 -0.235782 -0.230083
    55 -4.145909 0.378380 0.471711 -0.370440 0.220480 -0.169616
    56 -4.726073 0.120676 0.659018 -0.048329 0.272801 -0.036491
    57 -4.949809 -0.024220 0.763985 0.025095 0.315516 0.029151
    58 -5.183621 -0.059667 0.930238 0.015856 0.344471 0.028981
    59 -5.861622 0.077090 1.106962 -0.001954 0.376829 -0.027283
    60 -5.320343 0.339131 1.250626 0.050594 0.513012 -0.161152
    61 -2.972827 0.393007 0.713239 0.487641 0.480751 -0.293783
    62 -3.786823 1.414767 0.676164 1.223521 0.268531 -0.656271
    63 -11.204095 -5.674611 9.498478 -1.116941 -1.424750 -0.272770
    64 -0.269144 -22.062255 -2.883622 0.091259 -0.012670 -0.034027
    65 -8.003747 -6.000107 -9.314304 1.582989 -1.375006 -2.926309
    66 1.291627 -15.514588 -3.241560 0.266129 0.000110 0.035727
    67 -12.521675 11.793078 -9.009843 1.428364 -1.376902 -2.928790
    68 0.785919 -24.943205 -6.367158 0.371503 -0.004990 0.055701
    69 -10.702515 8.802661 -6.746493 -1.525122 -1.256720 -0.181227
    70 -0.641310 -11.527770 1.210022 0.000000 0.000000 0.000000
    71 -0.227785 -19.832262 -4.903650 0.289431 -0.002108 0.043612
    72 -13.047045 10.771064 13.323422 -1.129221 -0.957515 -0.924874
    73 -0.991148 -23.090739 -3.102065 0.383765 -0.003385 -0.146953
    74 49.389511 35.067635 12.791991 -1.037544 0.423055 2.039819
    75 4.004551 6.047380 1.789420 -0.260261 0.121942 2.111929
  time 7
    0 6.034532 11.336989 48.314861 -0.045146 -0.092018 -2.250945
    1 0.623699 0.000001 0.000000 -3.141497 -1.554703 1.570706
    2 5.131857 -0.003106 -0.082027 -0.000879 0.016070 -0.054666
    3 3.906100 -0.003271 0.000004 -0.003330 0.010954 -0.083556
    4 4.135916 -0.008526 -0.000664 0.081462 0.043995 0.021947
    5 10.751883 -0.002617 0.000053 -0.018636 0.003823 0.186243
    6 3.346632 -0.003643 -0.000026 0.007634 -0.014501 -0.038971
    7 4.579823 0.000001 -0.000001 0.446820 -0.099564 -0.043118
    8 -3.297148 -1.150500 2.858143 0.358256 -1.157831 2.624032
    9 6.038858 -0.000001 -0.000004 0.963899 0.549940 -0.768191
    10 17.594549 0.000002 -0.000005 0.000000 0.000000 -0.440065
    11 17.982988 -0.000001 -0.000003 -2.336749 0.446630 -0.525145
    12 2.813693 0.799024 -0.493426 2.411861 0.529184 1.109476
    13 2.065372 0.000002 0.000001 0.000000 0.000000 0.649378
    14 2.094708 -0.000001 -0.000001 0.000000 0.000000 1.093020
    15 7.522001 -0.014964 -1.158106 -0.027860 -0.069746 0.911640
    16 3.200830 -0.000003 0.000001 0.000000 0.000000 1.665632
    17 2.731236 -0.000001 -0.000001 0.000000 0.000000 1.605775
    18 7.599252 -0.144512 0.591977 -0.045786 -0.060676 0.993575
    19 3.840993 -0.000001 0.000001 0.000000 0.000000 1.756866
    20 3.277483 -0.000001 0.000000 0.000000 0.000000 1.937387
    21 7.447639 -0.525788 2.367264 -0.140593 -0.120304 1.040167
    22 1.595202 -0.000004 0.000001 0.000000 0.000000 0.255811
    23 1.772444 0.000001 -0.000002 0.000000 0.000000 1.067979
    24 2.572627 0.731521 -2.511554 -0.244396 0.018184 3.134541
    25 -3.277620 -1.041106 -2.920651 -0.077777 1.370509 2.878310
    26 6.038855 0.000001 0.000005 -0.711356 -0.781145 -0.084603
    27 17.594559 0.000001 -0.000001 0.000000 0.000000 -0.212928
    28 17.982981 0.000003 0.000000 2.111093 0.471231 -1.190963
    29 2.813690 0.799023 0.493428 -2.853948 0.431188 1.731441
    30 2.065371 0.000000 0.000000 0.000000 0.000000 0.912348
    31 2.094707 -0.000003 0.000001 0.000000 0.000000 0.685149
    32 7.522000 -0.014961 1.158106 -0.175699 -0.043345 1.404093
    33 3.200826 0.000001 0.000001 0.000000 0.000000 1.350783
    34 2.731234 -0.000003 -0.000001 0.000000 0.000000 0.924201
    35 7.599249 -0.144510 -0.591981 -0.160061 -0.087250 1.261723
    36 3.840996 0.000001 0.000002 0.000000 0.000000 1.649531
    37 3.277483 0.000000 -0.000004 0.000000 0.000000 1.255814
    38 7.447635 -0.525788 -2.367259 0.127913 0.133733 0.940083
    39 1.595202 0.000000 -0.000004 0.000000 0.000000 0.756708
    40 1.772447 -0.000002 0.000002 0.000000 0.000000 1.255814
    41 2.963612 0.324628 1.962029 -2.408182 0.012915 -3.260935
    42 -5.226302 -0.279377 6.425844 2.913132 -0.082265 3.165329
    43 22.311968 0.000000 0.000000 0.000000 0.000000 -0.523931
    44 22.311968 0.000001 0.000000 -0.097149 -0.007952 0.395853
    45 5.131751 6.470467 0.000002 0.000000 0.000000 1.570796
    46 -5.023180 -0.271532 -6.425843 -3.004149 -0.054510 2.936516
    47 22.311960 0.000001 -0.000001 0.000000 0.000000 -0.559703
    48 22.311968 0.000001 0.000001 0.210418 -0.029463 0.126585
    49 5.131751 6.470464 -0.000001 0.000000 0.000000 1.570796
    50 1.732514 13.268860 0.716685 3.141592 -1.570796 0.000000
    51 -0.224366 0.272609 -0.034534 0.021249 -0.108437 0.791187
    52 -3.549680 -5.082118 -3.567772 0.007425 -1.125218 1.217604
    53 -3.733108 0.126942 -0.417931 -0.340032 -0.232378 -0.080349
    54 -4.370892 0.494755 -0.535803 -1.580984 -0.234188 -0.232037
    55 -4.149815 0.374474 0.475618 -0.364857 0.221857 -0.168046
    56 -4.733885 0.120676 0.659018 -0.047910 0.272562 -0.036311
    57 -4.965434 -0.024220 0.763985 0.024747 0.314281 0.028815
    58 -5.207059 -0.059667 0.930238 0.015597 0.342457 0.028510
    59 -5.885060 0.080996 1.103056 -0.002000 0.374874 -0.027545
    60 -5.328156 0.343038 1.246719 0.049947 0.512173 -0.161577
    61 -2.968920 0.396913 0.713239 0.484973 0.482039 -0.295011
    62 -3.779010 1.418673 0.680071 1.222371 0.270401 -0.658029
    63 -11.204095 -5.674611 9.498478 -1.116941 -1.424750 -0.272770
    64 -0.269144 -22.062255 -2.883622 0.091259 -0.012670 -0.034027
    65 -8.003747 -6.000107 -9.314304 1.582989 -1.375006 -2.926309
    66 1.291627 -15.514588 -3.241560 0.266129 0.000110 0.035727
    67 -12.521675 11.793078 -9.009843 1.428364 -1.376902 -2.928790
    68 0.785919 -24.943205 -6.367158 0.371503 -0.004990 0.055701
    69 -10.702515 8.802661 -6.746493 -1.525122 -1.256720 -0.181227
    70 -0.641310 -11.527770 1.210022 0.000000 0.000000 0.000000
    71 -0.227785 -19.832262 -4.903650 0.289431 -0.002108 0.043612
    72 -13.047045 10.771064 13.323422 -1.129221 -0.957515 -0.924874
    73 -0.991148 -23.090739 -3.102065 0.383765 -0.003385 -0.146953
    74 49.389511 35.067635 12.791991 -1.037544 0.423055 2.039819
    75 4.004551 6.047380 1.789420 -0.260261 0.121942 2.111929
  time 8
    0 7.236986 12.129148 48.631277 -0.048394 -0.088602 -2.251424
    1 0.623699 0.000001 0.000000 3.141497 -1.554703 1.570706
    2 5.131857 -0.003106 -0.082027 -0.000879 0.016070 -0.054666
    3 3.906100 -0.003271 0.000004 -0.003607 0.013075 -0.095409
    4 4.135916 -0.008526 -0.000664 0.081203 0.052109 0.009818
    5 10.751883 -0.002617 0.000053 -0.018636 0.003823 0.186243
    6 3.346632 -0.003643 -0.000026 0.007634 -0.014501 -0.038971
    7 4.579823 0.000001 -0.000001 0.445349 -0.107979 -0.018329
    8 -3.297148 -1.150500 2.858143 0.358256 -1.157831 2.624032
    9 6.038858 -0.000001 -0.000004 0.972064 0.577640 -0.756906
    10 17.594549 0.000002 -0.000005 0.000000 0.000000 -0.433692
    11 17.982988 -0.000001 -0.000003 -2.332188 0.442302 -0.523620
    12 2.813693 0.799024 -0.493426 2.411861 0.529184 1.109476
    13 2.065372 0.000002 0.000001 0.000000 0.000000 0.649378
    14 2.094708 -0.000001 -0.000001 0.000000 0.000000 1.093020
    15 7.522001 -0.014964 -1.158106 -0.027860 -0.069746 0.911640
    16 3.200830 -0.000003 0.000001 0.000000 0.000000 1.665632
    17 2.731236 -0.000001 -0.000001 0.000000 0.000000 1.605775
    18 7.599252 -0.144512 0.591977 -0.045786 -0.060676 0.993575
    19 3.840993 -0.000001 0.000001 0.000000 0.000000 1.756866
    20 3.277483 -0.000001 0.000000 0.000000 0.000000 1.937387
    21 7.447639 -0.525788 2.367264 -0.140593 -0.120304 1.040167
    22 1.595202 -0.000004 0.000001 0.000000 0.000000 0.255811
    23 1.772444 0.000001 -0.000002 0.000000 0.000000 1.067979
    24 2.572627 0.731521 -2.511554 -0.244396 0.018184 3.134541
    25 -3.277620 -1.041106 -2.920651 -0.077777 1.370509 2.878310
    26 6.038855 0.000001 0.000005 -0.745391 -0.774849 -0.055318
    27 17.594559 0.000001 -0.000001 0.000000 0.000000 -0.211839
    28 17.982981 0.000003 0.000000 2.108868 0.474363 -1.195918
    29 2.813690 0.799023 0.493428 -2.853948 0.431188 1.731441
    30 2.065371 0.000000 0.000000 0.000000 0.000000 0.912348
    31 2.094707 -0.000003 0.000001 0.000000 0.000000 0.685149
    32 7.522000 -0.014961 1.158106 -0.175699 -0.043345 1.404093
    33 3.200826 0.000001 0.000001 0.000000 0.000000 1.350783
    34 2.731234 -0.000003 -0.000001 0.000000 0.000000 0.924201
    35 7.599249 -0.144510 -0.591981 -0.160061 -0.087250 1.261723
    36 3.840996 0.000001 0.000002 0.000000 0.000000 1.649531
    37 3.277483 0.000000 -0.000004 0.000000 0.000000 1.255814
    38 7.447635 -0.525788 -2.367259 0.127913 0.133733 0.940083
    39 1.595202 0.000000 -0.000004 0.000000 0.000000 0.756708
    40 1.772447 -0.000002 0.000002 0.000000 0.000000 1.255814
    41 2.963612 0.324628 1.962029 -2.408182 0.012915 -3.260935
    42 -5.226302 -0.279377 6.425844 2.915973 -0.071689 3.142099
    43 22.311968 0.000000 0.000000 0.000000 0.000000 -0.497987
    44 22.311968 0.000001 0.000000 -0.101061 0.009636 0.353778
    45 5.131751 6.470467 0.000002 0.000000 0.000000 1.570796
    46 -5.023180 -0.271532 -6.425843 -3.017464 -0.057833 2.988617
    47 22.311960 0.000001 -0.000001 0.000000 0.000000 -0.567731
    48 22.311968 0.000001 0.000001 0.207623 -0.010371 0.174981
    49 5.131751 6.470464 -0.000001 0.000000 0.000000 1.570796
    50 1.732514 13.268860 0.716685 3.141592 -1.570796 0.000000
    51 -0.224366 0.272609 -0.034534 0.016455 -0.108305 0.791984
    52 -3.553586 -5.062586 -3.591210 0.007509 -1.129688 1.213729
    53 -3.733108 0.130848 -0.417931 -0.350124 -0.232186 -0.081164
    54 -4.370892 0.502568 -0.527990 -1.584350 -0.231395 -0.235225
    55 -4.153721 0.366661 0.483430 -0.353692 0.224467 -0.164594
    56 -4.745604 0.120676 0.662925 -0.046208 0.272166 -0.035245
    57 -4.984966 -0.024220 0.763985 0.024711 0.312604 0.028923
    58 -5.226591 -0.059667 0.926331 0.015476 0.339833 0.028426
    59 -5.908499 0.080996 1.099150 -0.002046 0.372407 -0.027703
    60 -5.343781 0.343038 1.246719 0.049477 0.510558 -0.162724
    61 -2.965014 0.396913 0.713239 0.481734 0.482242 -0.297530
    62 -3.775104 1.422580 0.680071 1.215567 0.270459 -0.660226
    63 -11.204095 -5.674611 9.498478 -1.116941 -1.424750 -0.272770
    64 -0.269144 -22.062255 -2.883622 0.091259 -0.012670 -0.034027
    65 -8.003747 -6.000107 -9.314304 1.582989 -1.375006 -2.926309
    66 1.291627 -15.514588 -3.241560 0.266129 0.000110 0.035727
    67 -12.521675 11.793078 -9.009843 1.428364 -1.376902 -2.928790
    68 0.785919 -24.943205 -6.367158 0.371503 -0.004990 0.055701
    69 -10.702515 8.802661 -6.746493 -1.525122 -1.256720 -0.181227
    70 -0.641310 -11.527770 1.210022 0.000000 0.000000 0.000000
    71 -0.227785 -19.832262 -4.903650 0.289431 -0.002108 0.043612
    72 -13.047045 10.771064 13.323422 -1.129221 -0.957515 -0.924874
    73 -0.991148 -23.090739 -3.102065 0.383765 -0.003385 -0.146953
    74 49.389511 35.067635 12.791991 -1.037544 0.423055 2.039819
    75 4.004551 6.047380 1.789420 -0.260261 0.121942 2.111929
  time 9
    0 8.357406 12.870524 48.924254 -0.052540 -0.083856 -2.251903
    1 0.623699 0.000001 0.000000 -3.141497 -1.554703 1.570706
    2 5.131857 -0.003106 -0.082027 -0.000879 0.016070 -0.054666
    3 3.906100 -0.003271 0.000004 -0.003884 0.016143 -0.108939
    4 4.135916 -0.008526 -0.000664 0.080714 0.061217 -0.004637
    5 10.751883 -0.002617 0.000053 -0.018636 0.003823 0.186243
    6 3.346632 -0.003643 -0.000026 0.007634 -0.014501 -0.038971
    7 4.579823 0.000001 -0.000001 0.443240 -0.117978 0.010675
    8 -3.297148 -1.150500 2.858143 0.358256 -1.157831 2.624032
    9 6.038858 -0.000001 -0.000004 0.985238 0.601939 -0.737380
    10 17.594549 0.000002 -0.000005 0.000000 0.000000 -0.443813
    11 17.982988 -0.000001 -0.000003 -2.325802 0.435626 -0.511709
    12 2.813693 0.799024 -0.493426 2.411861 0.529184 1.109476
    13 2.065372 0.000002 0.000001 0.000000 0.000000 0.649378
    14 2.094708 -0.000001 -0.000001 0.000000 0.000000 1.093020
    15 7.522001 -0.014964 -1.158106 -0.027860 -0.069734 0.911640
    16 3.200830 -0.000003 0.000001 0.000000 0.000000 1.665632
    17 2.731236 -0.000001 -0.000001 0.000000 0.000000 1.605775
    18 7.599252 -0.144512 0.591977 -0.045786 -0.060676 0.993575
    19 3.840993 -0.000001 0.000001 0.000000 0.000000 1.756866
    20 3.277483 -0.000001 0.000000 0.000000 0.000000 1.937387
    21 7.447639 -0.525788 2.367264 -0.140593 -0.120304 1.040167
    22 1.595202 -0.000004 0.000001 0.000000 0.000000 0.255811
    23 1.772444 0.000001 -0.000002 0.000000 0.000000 1.067979
    24 2.572627 0.731521 -2.511554 -0.244396 0.018184 3.134541
    25 -3.277620 -1.041106 -2.920651 -0.077777 1.370509 2.878310
    26 6.038855 0.000001 0.000005 -0.784501 -0.766402 -0.021710
    27 17.594559 0.000001 -0.000001 0.000000 0.000000 -0.210502
    28 17.982981 0.000003 0.000000 2.104835 0.479060 -1.204683
    29 2.813690 0.799023 0.493428 -2.853948 0.431188 1.731441
    30 2.065371 0.000000 0.000000 0.000000 0.000000 0.912348
    31 2.094707 -0.000003 0.000001 0.000000 0.000000 0.685149
    32 7.522000 -0.014961 1.158106 -0.175699 -0.043345 1.404093
    33 3.200826 0.000001 0.000001 0.000000 0.000000 1.350783
    34 2.731234 -0.000003 -0.000001 0.000000 0.000000 0.924201
    35 7.599249 -0.144510 -0.591981 -0.160061 -0.087250 1.261723
    36 3.840996 0.000001 0.000002 0.000000 0.000000 1.649531
    37 3.277483 0.000000 -0.000004 0.000000 0.000000 1.255814
    38 7.447635 -0.525788 -2.367259 0.127913 0.133733 0.940083
    39 1.595202 0.000000 -0.000004 0.000000 0.000000 0.756708
    40 1.772447 -0.000002 0.000002 0.000000 0.000000 1.255814
    41 2.963612 0.324628 1.962029 -2.408182 0.012915 -3.260935
    42 -5.226302 -0.279377 6.425844 2.919424 -0.062134 3.122579
    43 22.311968 0.000000 0.000000 0.000000 0.000000 -0.466301
    44 22.311968 0.000001 0.000000 -0.105981 0.025749 0.310742
    45 5.131751 6.470467 0.000002 0.000000 0.000000 1.570796
    46 -5.023180 -0.271532 -6.425843 -3.031234 -0.062445 3.043344
    47 22.311960 0.000001 -0.000001 0.000000 0.000000 -0.571185
    48 22.311968 0.000001 0.000001 0.205223 0.010160 0.211951
    49 5.131751 6.470464 -0.000001 0.000000 0.000000 1.570796
    50 1.732514 13.268860 0.716685 3.141592 -1.570796 0.000000
    51 -0.224366 0.272609 -0.034534 0.010091 -0.107849 0.792831
    52 -3.557492 -5.039148 -3.626367 0.007629 -1.135717 1.208979
    53 -3.733108 0.130848 -0.417931 -0.363633 -0.231947 -0.082098
    54 -4.374799 0.510381 -0.520177 -1.588445 -0.227488 -0.239371
    55 -4.157628 0.358849 0.491243 -0.339178 0.227765 -0.159884
    56 -4.757324 0.116769 0.662925 -0.043739 0.271699 -0.033627
    57 -5.000592 -0.028127 0.763985 0.025107 0.310566 0.029582
    58 -5.253936 -0.059667 0.922425 0.015493 0.336957 0.028631
    59 -5.935843 0.080996 1.095243 -0.002093 0.369700 -0.027913
    60 -5.355500 0.346944 1.242813 0.049160 0.508485 -0.164296
    61 -2.965014 0.400819 0.709333 0.478399 0.481547 -0.300868
    62 -3.771197 1.426486 0.676164 1.204642 0.268998 -0.662619
    63 -11.204095 -5.674611 9.498478 -1.116941 -1.424750 -0.272770
    64 -0.269144 -22.062255 -2.883622 0.091259 -0.012670 -0.034027
    65 -8.003747 -6.000107 -9.314304 1.582989 -1.375006 -2.926309
    66 1.291627 -15.514588 -3.241560 0.266129 0.000110 0.035727
    67 -12.521675 11.793078 -9.009843 1.428364 -1.376902 -2.928790
    68 0.785919 -24.943205 -6.367158 0.371503 -0.004990 0.055701
    69 -10.702515 8.802661 -6.746493 -1.525122 -1.256720 -0.181227
    70 -0.641310 -11.527770 1.210022 0.000000 0.000000 0.000000
    71 -0.227785 -19.832262 -4.903650 0.289431 -0.002108 0.043612
    72 -13.047045 10.771064 13.323422 -1.129221 -0.957515 -0.924874
    73 -0.991148 -23.090739 -3.102065 0.383765 -0.003385 -0.146953
    74 49.389511 35.067635 12.791991 -1.037544 0.423055 2.039819
    75 4.004551 6.047380 1.789420 -0.260261 0.121942 2.111929
  time 10
    0 9.411418 13.557211 49.170356 -0.057202 -0.078355 -2.252431
    1 0.623699 0.000001 0.000000 -3.141497 -1.554703 1.570706
    2 5.131857 -0.003106 -0.082027 -0.000879 0.016070 -0.054666
    3 3.906100 -0.003271 0.000004 -0.004217 0.019679 -0.122769
    4 4.135916 -0.008526 -0.000664 0.080075 0.070469 -0.019657
    5 10.751883 -0.002617 0.000053 -0.018636 0.003823 0.186243
    6 3.346632 -0.003643 -0.000026 0.007634 -0.014501 -0.038971
    7 4.579823 0.000001 -0.000001 0.440617 -0.128454 0.040596
    8 -3.297148 -1.150500 2.858143 0.358256 -1.157831 2.624032
    9 6.038858 -0.000001 -0.000004 1.002123 0.620902 -0.712390
    10 17.594549 0.000002 -0.000005 0.000000 0.000000 -0.467056
    11 17.982988 -0.000001 -0.000003 -2.318390 0.427470 -0.492020
    12 2.813693 0.799024 -0.493426 2.411861 0.529184 1.109476
    13 2.065372 0.000002 0.000001 0.000000 0.000000 0.649378
    14 2.094708 -0.000001 -0.000001 0.000000 0.000000 1.093020
    15 7.522001 -0.014964 -1.158106 -0.027860 -0.069746 0.911640
    16 3.200830 -0.000003 0.000001 0.000000 0.000000 1.665632
    17 2.731236 -0.000001 -0.000001 0.000000 0.000000 1.605775
    18 7.599252 -0.144512 0.591977 -0.045786 -0.060676 0.993575
    19 3.840993 -0.000001 0.000001 0.000000 0.000000 1.756866
    20 3.277483 -0.000001 0.000000 0.000000 0.000000 1.937387
    21 7.447639 -0.525788 2.367264 -0.140593 -0.120304 1.040167
    22 1.595202 -0.000004 0.000001 0.000000 0.000000 0.255811
    23 1.772444 0.000001 -0.000002 0.000000 0.000000 1.067979
    24 2.572627 0.731521 -2.511554 -0.244396 0.018184 3.134541
    25 -3.277620 -1.041106 -2.920651 -0.077777 1.370509 2.878310
    26 6.038855 0.000001 0.000005 -0.824030 -0.756404 0.012237
    27 17.594559 0.000001 -0.000001 0.000000 0.000000 -0.209315
    28 17.982981 0.000003 0.000000 2.099604 0.484727 -1.216022
    29 2.813690 0.799023 0.493428 -2.853948 0.431188 1.731441
    30 2.065371 0.000000 0.000000 0.000000 0.000000 0.912348
    31 2.094707 -0.000003 0.000001 0.000000 0.000000 0.685149
    32 7.522000 -0.014961 1.158106 -0.175699 -0.043345 1.404093
    33 3.200826 0.000001 0.000001 0.000000 0.000000 1.350783
    34 2.731234 -0.000003 -0.000001 0.000000 0.000000 0.924201
    35 7.599249 -0.144510 -0.591981 -0.160061 -0.087250 1.261723
    36 3.840996 0.000001 0.000002 0.000000 0.000000 1.649531
    37 3.277483 0.000000 -0.000004 0.000000 0.000000 1.255814
    38 7.447635 -0.525788 -2.367259 0.127913 0.133733 0.940083
    39 1.595202 0.000000 -0.000004 0.000000 0.000000 0.756708
    40 1.772447 -0.000002 0.000002 0.000000 0.000000 1.255814
    41 2.963612 0.324628 1.962029 -2.408182 0.012915 -3.260935
    42 -5.226302 -0.279377 6.425844 2.923343 -0.053620 3.105134
    43 22.311968 0.000000 0.000000 0.000000 0.000000 -0.433611
    44 22.311968 0.000001 0.000000 -0.111477 0.040572 0.269109
    45 5.131751 6.470467 0.000002 0.000000 0.000000 1.570796
    46 -5.023180 -0.271532 -6.425843 -3.045508 -0.067785 3.100603
    47 22.311960 0.000001 -0.000001 0.000000 0.000000 -0.570067
    48 22.311968 0.000001 0.000001 0.203418 0.031266 0.237222
    49 5.131751 6.470464 -0.000001 0.000000 0.000000 1.570796
    50 1.732514 13.268860 0.716685 3.141592 -1.570796 0.000000
    51 -0.224366 0.272609 -0.034534 0.002816 -0.107214 0.793777
    52 -3.557492 -5.007897 -3.665431 0.007761 -1.142656 1.203917
    53 -3.733108 0.134754 -0.417931 -0.380020 -0.231659 -0.083189
    54 -4.374799 0.522100 -0.512365 -1.591266 -0.222611 -0.244105
    55 -4.161534 0.347129 0.499056 -0.323454 0.231208 -0.154647
    56 -4.765136 0.108957 0.662925 -0.040827 0.271135 -0.031661
    57 -5.020123 -0.028127 0.763985 0.025742 0.308481 0.030589
    58 -5.277374 -0.063574 0.918518 0.015648 0.334104 0.029186
    59 -5.959281 0.080996 1.091337 -0.002093 0.367054 -0.027966
    60 -5.371126 0.350850 1.238907 0.049059 0.506237 -0.166143
    61 -2.965014 0.408632 0.709333 0.475445 0.480100 -0.304584
    62 -3.767291 1.430392 0.668352 1.191320 0.266135 -0.664816
    63 -11.204095 -5.674611 9.498478 -1.116941 -1.424750 -0.272770
    64 -0.269144 -22.062255 -2.883622 0.091259 -0.012670 -0.034027
    65 -8.003747 -6.000107 -9.314304 1.582989 -1.375006 -2.926309
    66 1.291627 -15.514588 -3.241560 0.266129 0.000110 0.035727
    67 -12.521675 11.793078 -9.009843 1.428364 -1.376902 -2.928790
    68 0.785919 -24.943205 -6.367158 0.371503 -0.004990 0.055701
    69 -10.702515 8.802661 -6.746493 -1.525122 -1.256720 -0.181227
    70 -0.641310 -11.527770 1.210022 0.000000 0.000000 0.000000
    71 -0.227785 -19.832262 -4.903650 0.289431 -0.002108 0.043612
    72 -13.047045 10.771064 13.323422 -1.129221 -0.957515 -0.924874
    73 -0.991148 -23.090739 -3.102065 0.383765 -0.003385 -0.146953
    74 49.389511 35.067635 12.791991 -1.037544 0.423055 2.039819
    75 4.004551 6.047380 1.789420 -0.260261 0.121942 2.111929
  time 11
    0 10.438085 14.290775 49.346142 -0.061996 -0.072675 -2.253006
    1 0.623699 0.000001 0.000000 3.141497 -1.554703 1.570706
    2 5.131857 -0.003106 -0.082027 -0.000879 0.016070 -0.054666
    3 3.906100 -0.003271 0.000004 -0.004532 0.023154 -0.135461
    4 4.135916 -0.008526 -0.000664 0.079354 0.079038 -0.033433
    5 10.751883 -0.002617 0.000053 -0.018636 0.003823 0.186243
    6 3.346632 -0.003643 -0.000026 0.007634 -0.014501 -0.038971
    7 4.579823 0.000001 -0.000001 0.437797 -0.138295 0.068159
    8 -3.297148 -1.150500 2.858143 0.358256 -1.157831 2.624032
    9 6.038858 -0.000001 -0.000004 1.020400 0.632735 -0.685430
    10 17.594549 0.000002 -0.000005 0.000000 0.000000 -0.499717
    11 17.982988 -0.000001 -0.000003 -2.310827 0.418771 -0.467159
    12 2.813693 0.799024 -0.493426 2.411861 0.529184 1.109476
    13 2.065372 0.000002 0.000001 0.000000 0.000000 0.649378
    14 2.094708 -0.000001 -0.000001 0.000000 0.000000 1.093020
    15 7.522001 -0.014964 -1.158106 -0.027860 -0.069746 0.911640
    16 3.200830 -0.000003 0.000001 0.000000 0.000000 1.665632
    17 2.731236 -0.000001 -0.000001 0.000000 0.000000 1.605775
    18 7.599252 -0.144512 0.591977 -0.045786 -0.060676 0.993575
    19 3.840993 -0.000001 0.000001 0.000000 0.000000 1.756866
    20 3.277483 -0.000001 0.000000 0.000000 0.000000 1.937387
    21 7.447639 -0.525788 2.367264 -0.140593 -0.120304 1.040167
    22 1.595202 -0.000004 0.000001 0.000000 0.000000 0.255811
    23 1.772444 0.000001 -0.000002 0.000000 0.000000 1.067979
    24 2.572627 0.731521 -2.511554 -0.244396 0.018184 3.134541
    25 -3.277620 -1.041106 -2.920651 -0.077777 1.370509 2.878310
    26 6.038855 0.000001 0.000005 -0.859617 -0.745932 0.042836
    27 17.594559 0.000001 -0.000001 0.000000 0.000000 -0.208605
    28 17.982981 0.000003 0.000000 2.093707 0.490803 -1.228551
    29 2.813690 0.799023 0.493428 -2.853948 0.431188 1.731441
    30 2.065371 0.000000 0.000000 0.000000 0.000000 0.912348
    31 2.094707 -0.000003 0.000001 0.000000 0.000000 0.685149
    32 7.522000 -0.014961 1.158106 -0.175699 -0.043345 1.404093
    33 3.200826 0.000001 0.000001 0.000000 0.000000 1.350783
    34 2.731234 -0.000003 -0.000001 0.000000 0.000000 0.924201
    35 7.599249 -0.144510 -0.591981 -0.160061 -0.087250 1.261723
    36 3.840996 0.000001 0.000002 0.000000 0.000000 1.649531
    37 3.277483 0.000000 -0.000004 0.000000 0.000000 1.255814
    38 7.447635 -0.525788 -2.367259 0.127913 0.133733 0.940083
    39 1.595202 0.000000 -0.000004 0.000000 0.000000 0.756708
    40 1.772447 -0.000002 0.000002 0.000000 0.000000 1.255814
    41 2.963612 0.324628 1.962029 -2.408182 0.012915 -3.260935
    42 -5.226302 -0.279377 6.425844 2.928233 -0.047036 3.084396
    43 22.311968 0.000000 0.000000 0.000000 0.000000 -0.406626
    44 22.311968 0.000001 0.000000 -0.117741 0.054067 0.229633
    45 5.131751 6.470467 0.000002 0.000000 0.000000 1.570796
    46 -5.023180 -0.271532 -6.425843 -3.059710 -0.074141 3.157909
    47 22.311960 0.000001 -0.000001 0.000000 0.000000 -0.564375
    48 22.311968 0.000001 0.000001 0.202516 0.050674 0.250555
    49 5.131751 6.470464 -0.000001 0.000000 0.000000 1.570796
    50 1.732514 13.268860 0.716685 3.141592 -1.570796 0.000000
    51 -0.224366 0.272609 -0.034534 -0.004662 -0.106531 0.794723
    52 -3.561399 -4.976646 -3.704495 0.007917 -1.149822 1.198479
    53 -3.733108 0.134754 -0.417931 -0.397853 -0.231348 -0.084303
    54 -4.374799 0.533819 -0.500645 -1.591812 -0.217122 -0.249103
    55 -4.165440 0.335410 0.506868 -0.307637 0.234452 -0.149206
    56 -4.776855 0.105050 0.662925 -0.037939 0.270584 -0.029684
    57 -5.035749 -0.028127 0.760079 0.026557 0.306539 0.031823
    58 -5.296906 -0.063574 0.918518 0.015873 0.331563 0.029898
    59 -5.982720 0.080996 1.087430 -0.002093 0.364798 -0.027966
    60 -5.382845 0.354757 1.235000 0.049236 0.503989 -0.168118
    61 -2.968920 0.412538 0.705426 0.473063 0.477987 -0.308237
    62 -3.767291 1.438205 0.660539 1.176945 0.262045 -0.666622
    63 -11.204095 -5.674611 9.498478 -1.116941 -1.424750 -0.272770
    64 -0.269144 -22.062255 -2.883622 0.091259 -0.012670 -0.034027
    65 -8.003747 -6.000107 -9.314304 1.582989 -1.375006 -2.926309
    66 1.291627 -15.514588 -3.241560 0.266129 0.000110 0.035727
    67 -12.521675 11.793078 -9.009843 1.428364 -1.376902 -2.928790
    68 0.785919 -24.943205 -6.367158 0.371503 -0.004990 0.055701
    69 -10.702515 8.802661 -6.746493 -1.525122 -1.256720 -0.181227
    70 -0.641310 -11.527770 1.210022 0.000000 0.000000 0.000000
    71 -0.227785 -19.832262 -4.903650 0.289431 -0.002108 0.043612
    72 -13.047045 10.771064 13.323422 -1.129221 -0.957515 -0.924874
    73 -0.991148 -23.090739 -3.102065 0.383765 -0.003385 -0.146953
    74 49.389511 35.067635 12.791991 -1.037544 0.423055 2.039819
    75 4.004551 6.047380 1.789420 -0.260261 0.121942 2.111929
  time 12
    0 11.488191 15.184499 49.428176 -0.066538 -0.067377 -2.253629
    1 0.623699 0.000001 0.000000 -3.141592 -1.554703 1.570706
    2 5.131857 -0.003106 -0.082027 -0.000879 0.016070 -0.054666
    3 3.906100 -0.003271 0.000004 -0.004846 0.026066 -0.145612
    4 4.135916 -0.008526 -0.000664 0.078742 0.086085 -0.044206
    5 10.751883 -0.002617 0.000053 -0.018636 0.003823 0.186243
    6 3.346632 -0.003643 -0.000026 0.007634 -0.014501 -0.038971
    7 4.579823 0.000001 -0.000001 0.435223 -0.146465 0.090043
    8 -3.297148 -1.150500 2.858143 0.358256 -1.157831 2.624032
    9 6.038858 -0.000001 -0.000004 1.037377 0.635729 -0.660083
    10 17.594549 0.000002 -0.000005 0.000000 0.000000 -0.538798
    11 17.982988 -0.000001 -0.000003 -2.303757 0.410420 -0.439448
    12 2.813693 0.799024 -0.493426 2.411861 0.529184 1.109476
    13 2.065372 0.000002 0.000001 0.000000 0.000000 0.649378
    14 2.094708 -0.000001 -0.000001 0.000000 0.000000 1.093020
    15 7.522001 -0.014964 -1.158106 -0.027860 -0.069734 0.911640
    16 3.200830 -0.000003 0.000001 0.000000 0.000000 1.665632
    17 2.731236 -0.000001 -0.000001 0.000000 0.000000 1.605775
    18 7.599252 -0.144512 0.591977 -0.045786 -0.060676 0.993575
    19 3.840993 -0.000001 0.000001 0.000000 0.000000 1.756866
    20 3.277483 -0.000001 0.000000 0.000000 0.000000 1.937387
    21 7.447639 -0.525788 2.367264 -0.140593 -0.120304 1.040167
    22 1.595202 -0.000004 0.000001 0.000000 0.000000 0.255811
    23 1.772444 0.000001 -0.000002 0.000000 0.000000 1.067979
    24 2.572627 0.731521 -2.511554 -0.244361 0.018184 3.134541
    25 -3.277620 -1.041106 -2.920651 -0.077777 1.370509 2.878310
    26 6.038855 0.000001 0.000005 -0.887382 -0.736314 0.066824
    27 17.594559 0.000001 -0.000001 0.000000 0.000000 -0.208803
    28 17.982981 0.000003 0.000000 2.087772 0.496656 -1.241033
    29 2.813690 0.799023 0.493428 -2.853948 0.431188 1.731441
    30 2.065371 0.000000 0.000000 0.000000 0.000000 0.912348
    31 2.094707 -0.000003 0.000001 0.000000 0.000000 0.685149
    32 7.522000 -0.014961 1.158106 -0.175699 -0.043345 1.404093
    33 3.200826 0.000001 0.000001 0.000000 0.000000 1.350783
    34 2.731234 -0.000003 -0.000001 0.000000 0.000000 0.924201
    35 7.599249 -0.144510 -0.591981 -0.160061 -0.087250 1.261723
    36 3.840996 0.000001 0.000002 0.000000 0.000000 1.649531
    37 3.277483 0.000000 -0.000004 0.000000 0.000000 1.255814
    38 7.447635 -0.525788 -2.367259 0.127913 0.133719 0.940083
    39 1.595202 0.000000 -0.000004 0.000000 0.000000 0.756708
    40 1.772447 -0.000002 0.000002 0.000000 0.000000 1.255814
    41 2.963612 0.324628 1.962029 -2.408182 0.012915 -3.260935
    42 -5.226302 -0.279377 6.425844 2.934585 -0.043082 3.055526
    43 22.311968 0.000000 0.000000 0.000000 0.000000 -0.390944
    44 22.311968 0.000001 0.000000 -0.125109 0.066143 0.192288
    45 5.131751 6.470467 0.000002 0.000000 0.000000 1.570796
    46 -5.023180 -0.271532 -6.425843 -3.073360 -0.081818 3.213270
    47 22.311960 0.000001 -0.000001 0.000000 0.000000 -0.554209
    48 22.311968 0.000001 0.000001 0.202384 0.066315 0.255058
    49 5.131751 6.470464 -0.000001 0.000000 0.000000 1.570796
    50 1.732514 13.268860 0.716685 3.141592 -1.570796 0.000000
    51 -0.224366 0.272609 -0.034534 -0.011709 -0.105932 0.795619
    52 -3.561399 -4.949301 -3.739652 0.008060 -1.156510 1.193042
    53 -3.733108 0.138661 -0.417931 -0.415462 -0.230916 -0.085406
    54 -4.374799 0.545538 -0.488926 -1.589628 -0.211525 -0.253885
    55 -4.169347 0.327598 0.510775 -0.293774 0.237170 -0.144340
    56 -4.780762 0.101144 0.662925 -0.035158 0.270105 -0.027730
    57 -5.047468 -0.032033 0.760079 0.027360 0.304993 0.033046
    58 -5.308625 -0.067480 0.914612 0.016202 0.329766 0.030840
    59 -5.994439 0.080996 1.083524 -0.002046 0.363234 -0.027913
    60 -5.390658 0.358663 1.231094 0.049756 0.502042 -0.169966
    61 -2.968920 0.416445 0.701520 0.472110 0.475122 -0.311543
    62 -3.767291 1.442111 0.648820 1.162761 0.257049 -0.667794
    63 -11.204095 -5.674611 9.498478 -1.116941 -1.424750 -0.272770
    64 -0.269144 -22.062255 -2.883622 0.091259 -0.012670 -0.034027
    65 -8.003747 -6.000107 -9.314304 1.582989 -1.375006 -2.926309
    66 1.291627 -15.514588 -3.241560 0.266129 0.000110 0.035727
    67 -12.521675 11.793078 -9.009843 1.428364 -1.376902 -2.928790
    68 0.785919 -24.943205 -6.367158 0.371503 -0.004990 0.055701
    69 -10.702515 8.802661 -6.746493 -1.525122 -1.256720 -0.181227
    70 -0.641310 -11.527770 1.210022 0.000000 0.000000 0.000000
    71 -0.227785 -19.832262 -4.903650 0.289431 -0.002108 0.043612
    72 -13.047045 10.771064 13.323422 -1.129221 -0.957515 -0.924874
    73 -0.991148 -23.090739 -3.102065 0.383765 -0.003385 -0.146953
    74 49.389511 35.067635 12.791991 -1.037544 0.423055 2.039819
    75 4.004551 6.047380 1.789420 -0.260261 0.121942 2.111929
  time 13
    0 12.612518 16.336044 49.373487 -0.070433 -0.063015 -2.254156
    1 0.623699 0.000001 0.000000 3.141592 -1.554703 1.570706
    2 5.131857 -0.003106 -0.082027 -0.000879 0.016070 -0.054666
    3 3.906100 -0.003271 0.000004 -0.005050 0.027936 -0.151808
    4 4.135916 -0.008526 -0.000664 0.078402 0.090771 -0.050149
    5 10.751883 -0.002617 0.000053 -0.018636 0.003823 0.186243
    6 3.346632 -0.003643 -0.000026 0.007634 -0.014501 -0.038971
    7 4.579823 0.000001 -0.000001 0.433384 -0.151926 0.102841
    8 -3.297148 -1.150500 2.858143 0.358256 -1.157831 2.624032
    9 6.038858 -0.000001 -0.000004 1.050273 0.628030 -0.639661
    10 17.594549 0.000002 -0.000005 0.000000 0.000000 -0.581769
    11 17.982988 -0.000001 -0.000003 -2.297904 0.403395 -0.410853
    12 2.813693 0.799024 -0.493426 2.411861 0.529184 1.109476
    13 2.065372 0.000002 0.000001 0.000000 0.000000 0.649378
    14 2.094708 -0.000001 -0.000001 0.000000 0.000000 1.093020
    15 7.522001 -0.014964 -1.158106 -0.027860 -0.069734 0.911640
    16 3.200830 -0.000003 0.000001 0.000000 0.000000 1.665632
    17 2.731236 -0.000001 -0.000001 0.000000 0.000000 1.605775
    18 7.599252 -0.144512 0.591977 -0.045786 -0.060676 0.993575
    19 3.840993 -0.000001 0.000001 0.000000 0.000000 1.756866
    20 3.277483 -0.000001 0.000000 0.000000 0.000000 1.937387
    21 7.447639 -0.525788 2.367264 -0.140593 -0.120304 1.040167
    22 1.595202 -0.000004 0.000001 0.000000 0.000000 0.255811
    23 1.772444 0.000001 -0.000002 0.000000 0.000000 1.067979
    24 2.572627 0.731521 -2.511554 -0.244396 0.018184 3.134541
    25 -3.277620 -1.041106 -2.920651 -0.077777 1.370509 2.878310
    26 6.038855 0.000001 0.000005 -0.903564 -0.729132 0.081106
    27 17.594559 0.000001 -0.000001 0.000000 0.000000 -0.210255
    28 17.982981 0.000003 0.000000 2.082484 0.501801 -1.252086
    29 2.813690 0.799023 0.493428 -2.853948 0.431188 1.731441
    30 2.065371 0.000000 0.000000 0.000000 0.000000 0.912348
    31 2.094707 -0.000003 0.000001 0.000000 0.000000 0.685149
    32 7.522000 -0.014961 1.158106 -0.175699 -0.043345 1.404093
    33 3.200826 0.000001 0.000001 0.000000 0.000000 1.350783
    34 2.731234 -0.000003 -0.000001 0.000000 0.000000 0.924201
    35 7.599249 -0.144510 -0.591981 -0.160061 -0.087250 1.261723
    36 3.840996 0.000001 0.000002 0.000000 0.000000 1.649531
    37 3.277483 0.000000 -0.000004 0.000000 0.000000 1.255814
    38 7.447635 -0.525788 -2.367259 0.127913 0.133719 0.940083
    39 1.595202 0.000000 -0.000004 0.000000 0.000000 0.756708
    40 1.772447 -0.000002 0.000002 0.000000 0.000000 1.255814
    41 2.963612 0.324628 1.962029 -2.408182 0.012915 -3.260935
    42 -5.226302 -0.279377 6.425844 2.943022 -0.042646 3.011994
    43 22.311968 0.000000 0.000000 0.000000 0.000000 -0.395394
    44 22.311968 0.000001 0.000000 -0.133988 0.076633 0.158711
    45 5.131751 6.470467 0.000002 0.000000 0.000000 1.570796
    46 -5.023180 -0.271532 -6.425843 -3.086076 -0.091209 3.265863
    47 22.311960 0.000001 -0.000001 0.000000 0.000000 -0.539601
    48 22.311968 0.000001 0.000001 0.202780 0.075738 0.260186
    49 5.131751 6.470464 -0.000001 0.000000 0.000000 1.570796
    50 1.732514 13.268860 0.716685 3.141592 -1.570796 0.000000
    51 -0.224366 0.272609 -0.034534 -0.017617 -0.105548 0.796416
    52 -3.565305 -4.925863 -3.770903 0.008180 -1.162083 1.188105
    53 -3.733108 0.138661 -0.414024 -0.431139 -0.230557 -0.086413
    54 -4.378705 0.557257 -0.477207 -1.584714 -0.206168 -0.258019
    55 -4.169347 0.319785 0.518588 -0.283074 0.239127 -0.140553
    56 -4.784668 0.097238 0.662925 -0.032989 0.269793 -0.026184
    57 -5.051374 -0.035939 0.756173 0.028151 0.304130 0.034256
    58 -5.312531 -0.071386 0.910706 0.016530 0.328939 0.031769
    59 -5.994439 0.080996 1.083524 -0.001954 0.362572 -0.027756
    60 -5.394564 0.362569 1.231094 0.050682 0.500538 -0.171474
    61 -2.972827 0.420351 0.697614 0.472873 0.471881 -0.313936
    62 -3.771197 1.446018 0.637101 1.150207 0.251089 -0.668185
    63 -11.204095 -5.674611 9.498478 -1.116941 -1.424750 -0.272770
    64 -0.269144 -22.062255 -2.883622 0.091259 -0.012670 -0.034027
    65 -8.003747 -6.000107 -9.314304 1.582989 -1.375006 -2.926309
    66 1.291627 -15.514588 -3.241560 0.266129 0.000110 0.035727
    67 -12.521675 11.793078 -9.009843 1.428364 -1.376902 -2.928790
    68 0.785919 -24.943205 -6.367158 0.371503 -0.004990 0.055701
    69 -10.702515 8.802661 -6.746493 -1.525122 -1.256720 -0.181227
    70 -0.641310 -11.527770 1.210022 0.000000 0.000000 0.000000
    71 -0.227785 -19.832262 -4.903650 0.289431 -0.002108 0.043612
    72 -13.047045 10.771064 13.323422 -1.129221 -0.957515 -0.924874
    73 -0.991148 -23.090739 -3.102065 0.383765 -0.003385 -0.146953
    74 49.389511 35.067635 12.791991 -1.037544 0.423055 2.039819
    75 4.004551 6.047380 1.789420 -0.260261 0.121942 2.111929
  time 14
    0 13.729031 17.698533 49.166449 -0.070433 -0.063015 -2.254156
    1 0.623699 0.000001 0.000000 3.141592 -1.554703 1.570706
    2 5.131857 -0.003106 -0.082027 -0.000879 0.016070 -0.054666
    3 3.906100 -0.003271 0.000004 -0.005124 0.028751 -0.152935
    4 4.135916 -0.008526 -0.000664 0.078484 0.092449 -0.050101
    5 10.751883 -0.002617 0.000053 -0.018636 0.003823 0.186243
    6 3.346632 -0.003643 -0.000026 0.007634 -0.014501 -0.038971
    7 4.579823 0.000001 -0.000001 0.432697 -0.154231 0.104195
    8 -3.297148 -1.150500 2.858143 0.358256 -1.157831 2.624032
    9 6.038858 -0.000001 -0.000004 1.056118 0.609720 -0.627390
    10 17.594549 0.000002 -0.000005 0.000000 0.000000 -0.624927
    11 17.982988 -0.000001 -0.000003 -2.293837 0.398545 -0.383827
    12 2.813693 0.799024 -0.493426 2.411861 0.529184 1.109476
    13 2.065372 0.000002 0.000001 0.000000 0.000000 0.649378
    14 2.094708 -0.000001 -0.000001 0.000000 0.000000 1.093020
    15 7.522001 -0.014964 -1.158106 -0.027860 -0.069734 0.911640
    16 3.200830 -0.000003 0.000001 0.000000 0.000000 1.665632
    17 2.731236 -0.000001 -0.000001 0.000000 0.000000 1.605775
    18 7.599252 -0.144512 0.591977 -0.045786 -0.060676 0.993575
    19 3.840993 -0.000001 0.000001 0.000000 0.000000 1.756866
    20 3.277483 -0.000001 0.000000 0.000000 0.000000 1.937387
    21 7.447639 -0.525788 2.367264 -0.140593 -0.120304 1.040167
    22 1.595202 -0.000004 0.000001 0.000000 0.000000 0.255811
    23 1.772444 0.000001 -0.000002 0.000000 0.000000 1.067979
    24 2.572627 0.731521 -2.511554 -0.244396 0.018184 3.134541
    25 -3.277620 -1.041106 -2.920651 -0.077777 1.370509 2.878310
    26 6.038855 0.000001 0.000005 -0.905833 -0.725304 0.083649
    27 17.594559 0.000001 -0.000001 0.000000 0.000000 -0.213373
    28 17.982981 0.000003 0.000000 2.078509 0.505715 -1.260328
    29 2.813690 0.799023 0.493428 -2.853948 0.431188 1.731441
    30 2.065371 0.000000 0.000000 0.000000 0.000000 0.912348
    31 2.094707 -0.000003 0.000001 0.000000 0.000000 0.685149
    32 7.522000 -0.014961 1.158106 -0.175699 -0.043345 1.404093
    33 3.200826 0.000001 0.000001 0.000000 0.000000 1.350783
    34 2.731234 -0.000003 -0.000001 0.000000 0.000000 0.924201
    35 7.599249 -0.144510 -0.591981 -0.160061 -0.087250 1.261723
    36 3.840996 0.000001 0.000002 0.000000 0.000000 1.649531
    37 3.277483 0.000000 -0.000004 0.000000 0.000000 1.255814
    38 7.447635 -0.525788 -2.367259 0.127913 0.133733 0.940083
    39 1.595202 0.000000 -0.000004 0.000000 0.000000 0.756708
    40 1.772447 -0.000002 0.000002 0.000000 0.000000 1.255814
    41 2.963612 0.324628 1.962029 -2.408182 0.012915 -3.260935
    42 -5.226302 -0.279377 6.425844 2.951723 -0.042325 2.963133
    43 22.311968 0.000000 0.000000 0.000000 0.000000 -0.411829
    44 22.311968 0.000001 0.000000 -0.142940 0.084321 0.126563
    45 5.131751 6.470467 0.000002 0.000000 0.000000 1.570796
    46 -5.023180 -0.271532 -6.425843 -3.099139 -0.100190 3.321457
    47 22.311960 0.000001 -0.000001 0.000000 0.000000 -0.520552
    48 22.311968 0.000001 0.000001 0.205223 0.078422 0.271772
    49 5.131751 6.470464 -0.000001 0.000000 0.000000 1.570796
    50 1.732514 13.268860 0.716685 3.141592 -1.570796 0.000000
    51 -0.224366 0.272609 -0.034534 -0.017617 -0.105548 0.796416
    52 -3.565305 -4.925863 -3.770903 0.008180 -1.162071 1.188042
    53 -3.733108 0.138661 -0.414024 -0.431008 -0.230473 -0.086413
    54 -4.378705 0.557257 -0.477207 -1.584077 -0.206072 -0.257923
    55 -4.169347 0.319785 0.518588 -0.282888 0.239001 -0.140385
    56 -4.784668 0.097238 0.662925 -0.032617 0.269589 -0.025873
    57 -5.047468 -0.035939 0.756173 0.028558 0.304178 0.034747
    58 -5.304718 -0.071386 0.910706 0.016686 0.329334 0.032047
    59 -5.986626 0.080996 1.083524 -0.002000 0.362963 -0.028229
    60 -5.390658 0.366476 1.227188 0.051215 0.499367 -0.173386
    61 -2.980639 0.424257 0.693707 0.470110 0.468003 -0.315763
    62 -3.779010 1.442111 0.629288 1.137364 0.247350 -0.666671
    63 -11.204095 -5.674611 9.498478 -1.116941 -1.424750 -0.272770
    64 -0.269144 -22.062255 -2.883622 0.091259 -0.012670 -0.034027
    65 -8.003747 -6.000107 -9.314304 1.582989 -1.375006 -2.926309
    66 1.291627 -15.514588 -3.241560 0.266129 0.000110 0.035727
    67 -12.521675 11.793078 -9.009843 1.428364 -1.376902 -2.928790
    68 0.785919 -24.943205 -6.367158 0.371503 -0.004990 0.055701
    69 -10.702515 8.802661 -6.746493 -1.525122 -1.256720 -0.181227
    70 -0.641310 -11.527770 1.210022 0.000000 0.000000 0.000000
    71 -0.227785 -19.832262 -4.903650 0.289431 -0.002108 0.043612
    72 -13.047045 10.771064 13.323422 -1.129221 -0.957515 -0.924874
    73 -0.991148 -23.090739 -3.102065 0.383765 -0.003385 -0.146953
    74 49.389511 35.067635 12.791991 -1.037544 0.423055 2.039819
    75 4.004551 6.047380 1.789420 -0.260261 0.121942 2.111929
  time 15
    0 14.779137 19.166493 48.869565 -0.070433 -0.063015 -2.254156
    1 0.623699 0.000001 0.000000 3.141592 -1.554703 1.570706
    2 5.131857 -0.003106 -0.082027 -0.000879 0.016070 -0.054666
    3 3.906100 -0.003271 0.000004 -0.005031 0.029003 -0.149795
    4 4.135916 -0.008526 -0.000664 0.078933 0.091550 -0.045126
    5 10.751883 -0.002617 0.000053 -0.018636 0.003823 0.186243
    6 3.346632 -0.003643 -0.000026 0.007634 -0.014501 -0.038971
    7 4.579823 0.000001 -0.000001 0.432942 -0.154188 0.096049
    8 -3.297148 -1.150500 2.858143 0.358256 -1.157831 2.624032
    9 6.038858 -0.000001 -0.000004 1.056489 0.579534 -0.620135
    10 17.594549 0.000002 -0.000005 0.000000 0.000000 -0.674833
    11 17.982988 -0.000001 -0.000003 -2.290872 0.395544 -0.353928
    12 2.813693 0.799024 -0.493426 2.411861 0.529184 1.109476
    13 2.065372 0.000002 0.000001 0.000000 0.000000 0.649378
    14 2.094708 -0.000001 -0.000001 0.000000 0.000000 1.093020
    15 7.522001 -0.014964 -1.158106 -0.027860 -0.069734 0.911640
    16 3.200830 -0.000003 0.000001 0.000000 0.000000 1.665632
    17 2.731236 -0.000001 -0.000001 0.000000 0.000000 1.605775
    18 7.599252 -0.144512 0.591977 -0.045786 -0.060676 0.993575
    19 3.840993 -0.000001 0.000001 0.000000 0.000000 1.756866
    20 3.277483 -0.000001 0.000000 0.000000 0.000000 1.937387
    21 7.447639 -0.525788 2.367264 -0.140593 -0.120304 1.040167
    22 1.595202 -0.000004 0.000001 0.000000 0.000000 0.255811
    23 1.772444 0.000001 -0.000002 0.000000 0.000000 1.067979
    24 2.572627 0.731521 -2.511554 -0.244396 0.018184 3.134541
    25 -3.277620 -1.041106 -2.920651 -0.077777 1.370509 2.878310
    26 6.038855 0.000001 0.000005 -0.897294 -0.722963 0.077716
    27 17.594559 0.000001 -0.000001 0.000000 0.000000 -0.220450
    28 17.982981 0.000003 0.000000 2.075693 0.508959 -1.266092
    29 2.813690 0.799023 0.493428 -2.853948 0.431188 1.731441
    30 2.065371 0.000000 0.000000 0.000000 0.000000 0.912348
    31 2.094707 -0.000003 0.000001 0.000000 0.000000 0.685149
    32 7.522000 -0.014961 1.158106 -0.175699 -0.043345 1.404093
    33 3.200826 0.000001 0.000001 0.000000 0.000000 1.350783
    34 2.731234 -0.000003 -0.000001 0.000000 0.000000 0.924201
    35 7.599249 -0.144510 -0.591981 -0.160061 -0.087250 1.261723
    36 3.840996 0.000001 0.000002 0.000000 0.000000 1.649531
    37 3.277483 0.000000 -0.000004 0.000000 0.000000 1.255814
    38 7.447635 -0.525788 -2.367259 0.127913 0.133733 0.940083
    39 1.595202 0.000000 -0.000004 0.000000 0.000000 0.756708
    40 1.772447 -0.000002 0.000002 0.000000 0.000000 1.255814
    41 2.963612 0.324628 1.962029 -2.408182 0.012915 -3.260935
    42 -5.226302 -0.279377 6.425844 2.961754 -0.044538 2.910687
    43 22.311968 0.000000 0.000000 0.000000 0.000000 -0.432713
    44 22.311968 0.000001 0.000000 -0.152612 0.089040 0.094702
    45 5.131751 6.470467 0.000002 0.000000 0.000000 1.570796
    46 -5.023180 -0.271532 -6.425843 -3.111435 -0.111037 3.376302
    47 22.311960 0.000001 -0.000001 0.000000 0.000000 -0.497127
    48 22.311968 0.000001 0.000001 0.207293 0.077067 0.282381
    49 5.131751 6.470464 -0.000001 0.000000 0.000000 1.570796
    50 1.732514 13.268860 0.716685 3.141592 -1.570796 0.000000
    51 -0.224366 0.272609 -0.034534 -0.017617 -0.105548 0.796416
    52 -3.565305 -4.925863 -3.770903 0.008180 -1.162059 1.188042
    53 -3.733108 0.138661 -0.414024 -0.430863 -0.230449 -0.086413
    54 -4.378705 0.553351 -0.473301 -1.582531 -0.205700 -0.257792
    55 -4.165440 0.319785 0.514681 -0.283074 0.238765 -0.140349
    56 -4.776855 0.097238 0.662925 -0.032294 0.269709 -0.025597
    57 -5.035749 -0.035939 0.756173 0.029182 0.304921 0.035514
    58 -5.289093 -0.071386 0.910706 0.016979 0.330844 0.032711
    59 -5.967094 0.080996 1.083524 -0.001954 0.364377 -0.028386
    60 -5.386751 0.370382 1.227188 0.052382 0.498702 -0.174448
    61 -2.988452 0.428164 0.689801 0.470110 0.463388 -0.316204
    62 -3.790729 1.442111 0.617569 1.127493 0.242587 -0.664230
    63 -11.204095 -5.674611 9.498478 -1.116941 -1.424750 -0.272770
    64 -0.269144 -22.062255 -2.883622 0.091259 -0.012670 -0.034027
    65 -8.003747 -6.000107 -9.314304 1.582989 -1.375006 -2.926309
    66 1.291627 -15.514588 -3.241560 0.266129 0.000110 0.035727
    67 -12.521675 11.793078 -9.009843 1.428364 -1.376902 -2.928790
    68 0.785919 -24.943205 -6.367158 0.371503 -0.004990 0.055701
    69 -10.702515 8.802661 -6.746493 -1.525122 -1.256720 -0.181227
    70 -0.641310 -11.527770 1.210022 0.000000 0.000000 0.000000
    71 -0.227785 -19.832262 -4.903650 0.289431 -0.002108 0.043612
    72 -13.047045 10.771064 13.323422 -1.129221 -0.957515 -0.924874
    73 -0.991148 -23.090739 -3.102065 0.383765 -0.003385 -0.146953
    74 49.389511 35.067635 12.791991 -1.037544 0.423055 2.039819
    75 4.004551 6.047380 1.789420 -0.260261 0.121942 2.111929
  time 16
    0 15.856587 20.763364 48.525805 -0.070433 -0.063015 -2.254156
    1 0.623699 0.000001 0.000000 3.141592 -1.554703 1.570706
    2 5.131857 -0.003106 -0.082027 -0.000879 0.016070 -0.054666
    3 3.906100 -0.003271 0.000004 -0.004865 0.028859 -0.143814
    4 4.135916 -0.008526 -0.000664 0.079599 0.088938 -0.036873
    5 10.751883 -0.002617 0.000053 -0.018636 0.003823 0.186243
    6 3.346632 -0.003643 -0.000026 0.007634 -0.014501 -0.038971
    7 4.579823 0.000001 -0.000001 0.433776 -0.152545 0.081590
    8 -3.297148 -1.150500 2.858143 0.358256 -1.157831 2.624032
    9 6.038858 -0.000001 -0.000004 1.053335 0.539308 -0.614940
    10 17.594549 0.000002 -0.000005 0.000000 0.000000 -0.733548
    11 17.982988 -0.000001 -0.000003 -2.288439 0.393674 -0.319410
    12 2.813693 0.799024 -0.493426 2.411861 0.529184 1.109476
    13 2.065372 0.000002 0.000001 0.000000 0.000000 0.649378
    14 2.094708 -0.000001 -0.000001 0.000000 0.000000 1.093020
    15 7.522001 -0.014964 -1.158106 -0.027860 -0.069746 0.911640
    16 3.200830 -0.000003 0.000001 0.000000 0.000000 1.665632
    17 2.731236 -0.000001 -0.000001 0.000000 0.000000 1.605775
    18 7.599252 -0.144512 0.591977 -0.045786 -0.060676 0.993575
    19 3.840993 -0.000001 0.000001 0.000000 0.000000 1.756866
    20 3.277483 -0.000001 0.000000 0.000000 0.000000 1.937387
    21 7.447639 -0.525788 2.367264 -0.140593 -0.120304 1.040167
    22 1.595202 -0.000004 0.000001 0.000000 0.000000 0.255811
    23 1.772444 0.000001 -0.000002 0.000000 0.000000 1.067979
    24 2.572627 0.731521 -2.511554 -0.244396 0.018184 3.134541
    25 -3.277620 -1.041106 -2.920651 -0.077777 1.370509 2.878310
    26 6.038855 0.000001 0.000005 -0.882008 -0.720779 0.066951
    27 17.594559 0.000001 -0.000001 0.000000 0.000000 -0.231801
    28 17.982981 0.000003 0.000000 2.073525 0.512016 -1.270523
    29 2.813690 0.799023 0.493428 -2.853948 0.431188 1.731441
    30 2.065371 0.000000 0.000000 0.000000 0.000000 0.912348
    31 2.094707 -0.000003 0.000001 0.000000 0.000000 0.685149
    32 7.522000 -0.014961 1.158106 -0.175699 -0.043345 1.404093
    33 3.200826 0.000001 0.000001 0.000000 0.000000 1.350783
    34 2.731234 -0.000003 -0.000001 0.000000 0.000000 0.924201
    35 7.599249 -0.144510 -0.591981 -0.160061 -0.087250 1.261723
    36 3.840996 0.000001 0.000002 0.000000 0.000000 1.649531
    37 3.277483 0.000000 -0.000004 0.000000 0.000000 1.255814
    38 7.447635 -0.525788 -2.367259 0.127913 0.133733 0.940083
    39 1.595202 0.000000 -0.000004 0.000000 0.000000 0.756708
    40 1.772447 -0.000002 0.000002 0.000000 0.000000 1.255814
    41 2.963612 0.324628 1.962029 -2.408182 0.012915 -3.260935
    42 -5.226302 -0.279377 6.425844 2.972923 -0.046733 2.860552
    43 22.311968 0.000000 0.000000 0.000000 0.000000 -0.442618
    44 22.311968 0.000001 0.000000 -0.163292 0.091990 0.053952
    45 5.131751 6.470467 0.000002 0.000000 0.000000 1.570796
    46 -5.023180 -0.271532 -6.425843 -3.122976 -0.122415 3.427863
    47 22.311960 0.000001 -0.000001 0.000000 0.000000 -0.469326
    48 22.311968 0.000001 0.000001 0.208701 0.073012 0.290073
    49 5.131751 6.470464 -0.000001 0.000000 0.000000 1.570796
    50 1.732514 13.268860 0.716685 3.141592 -1.570796 0.000000
    51 -0.224366 0.272609 -0.034534 -0.017617 -0.105548 0.796416
    52 -3.565305 -4.925863 -3.770903 0.008180 -1.162059 1.188042
    53 -3.733108 0.138661 -0.414024 -0.430587 -0.230257 -0.086437
    54 -4.374799 0.553351 -0.473301 -1.580711 -0.205401 -0.257588
    55 -4.161534 0.315879 0.514681 -0.283167 0.238493 -0.140301
    56 -4.765136 0.097238 0.659018 -0.031838 0.270021 -0.025226
    57 -5.016217 -0.039846 0.756173 0.029925 0.306252 0.036449
    58 -5.261748 -0.075293 0.914612 0.017394 0.333253 0.033664
    59 -5.943656 0.077090 1.087430 -0.001816 0.366633 -0.028334
    60 -5.382845 0.370382 1.231094 0.054133 0.498085 -0.175233
    61 -3.000171 0.428164 0.685894 0.471539 0.457788 -0.315763
    62 -3.806355 1.438205 0.601943 1.118197 0.236715 -0.660763
    63 -11.204095 -5.674611 9.498478 -1.116941 -1.424750 -0.272770
    64 -0.269144 -22.062255 -2.883622 0.091259 -0.012670 -0.034027
    65 -8.003747 -6.000107 -9.314304 1.582989 -1.375006 -2.926309
    66 1.291627 -15.514588 -3.241560 0.266129 0.000110 0.035727
    67 -12.521675 11.793078 -9.009843 1.428364 -1.376902 -2.928790
    68 0.785919 -24.943205 -6.367158 0.371503 -0.004990 0.055701
    69 -10.702515 8.802661 -6.746493 -1.525122 -1.256720 -0.181227
    70 -0.641310 -11.527770 1.210022 0.000000 0.000000 0.000000
    71 -0.227785 -19.832262 -4.903650 0.289431 -0.002108 0.043612
    72 -13.047045 10.771064 13.323422 -1.129221 -0.957515 -0.924874
    73 -0.991148 -23.090739 -3.102065 0.383765 -0.003385 -0.146953
    74 49.389511 35.067635 12.791991 -1.037544 0.423055 2.039819
    75 4.004551 6.047380 1.789420 -0.260261 0.121942 2.111929
  time 17
    0 17.051228 22.524303 48.185951 -0.070433 -0.063015 -2.254156
    1 0.623699 0.000001 0.000000 3.141592 -1.554703 1.570706
    2 5.131857 -0.003106 -0.082027 -0.000879 0.016070 -0.054666
    3 3.906100 -0.003271 0.000004 -0.004643 0.028523 -0.136396
    4 4.135916 -0.008526 -0.000664 0.080347 0.085474 -0.027005
    5 10.751883 -0.002617 0.000053 -0.018636 0.003823 0.186243
    6 3.346632 -0.003643 -0.000026 0.007634 -0.014501 -0.038971
    7 4.579823 0.000001 -0.000001 0.434855 -0.150110 0.063965
    8 -3.297148 -1.150500 2.858143 0.358256 -1.157831 2.624032
    9 6.038858 -0.000001 -0.000004 1.047675 0.497513 -0.611985
    10 17.594549 0.000002 -0.000005 0.000000 0.000000 -0.789687
    11 17.982988 -0.000001 -0.000003 -2.286881 0.392717 -0.286638
    12 2.813693 0.799024 -0.493426 2.411861 0.529184 1.109476
    13 2.065372 0.000002 0.000001 0.000000 0.000000 0.649378
    14 2.094708 -0.000001 -0.000001 0.000000 0.000000 1.093020
    15 7.522001 -0.014964 -1.158106 -0.027860 -0.069746 0.911640
    16 3.200830 -0.000003 0.000001 0.000000 0.000000 1.665632
    17 2.731236 -0.000001 -0.000001 0.000000 0.000000 1.605775
    18 7.599252 -0.144512 0.591977 -0.045786 -0.060676 0.993575
    19 3.840993 -0.000001 0.000001 0.000000 0.000000 1.756866
    20 3.277483 -0.000001 0.000000 0.000000 0.000000 1.937387
    21 7.447639 -0.525788 2.367264 -0.140593 -0.120304 1.040167
    22 1.595202 -0.000004 0.000001 0.000000 0.000000 0.255811
    23 1.772444 0.000001 -0.000002 0.000000 0.000000 1.067979
    24 2.572627 0.731521 -2.511554 -0.244396 0.018184 3.134541
    25 -3.277620 -1.041106 -2.920651 -0.077777 1.370509 2.878310
    26 6.038855 0.000001 0.000005 -0.863438 -0.718786 0.053686
    27 17.594559 0.000001 -0.000001 0.000000 0.000000 -0.244933
    28 17.982981 0.000003 0.000000 2.072174 0.513992 -1.273238
    29 2.813690 0.799023 0.493428 -2.853948 0.431188 1.731441
    30 2.065371 0.000000 0.000000 0.000000 0.000000 0.912348
    31 2.094707 -0.000003 0.000001 0.000000 0.000000 0.685149
    32 7.522000 -0.014961 1.158106 -0.175699 -0.043345 1.404093
    33 3.200826 0.000001 0.000001 0.000000 0.000000 1.350783
    34 2.731234 -0.000003 -0.000001 0.000000 0.000000 0.924201
    35 7.599249 -0.144510 -0.591981 -0.160061 -0.087250 1.261723
    36 3.840996 0.000001 0.000002 0.000000 0.000000 1.649531
    37 3.277483 0.000000 -0.000004 0.000000 0.000000 1.255814
    38 7.447635 -0.525788 -2.367259 0.127913 0.133733 0.940083
    39 1.595202 0.000000 -0.000004 0.000000 0.000000 0.756708
    40 1.772447 -0.000002 0.000002 0.000000 0.000000 1.255814
    41 2.963612 0.324628 1.962029 -2.408182 0.012915 -3.260935
    42 -5.226302 -0.279377 6.425844 2.984920 -0.046468 2.819913
    43 22.311968 0.000000 0.000000 0.000000 0.000000 -0.424245
    44 22.311968 0.000001 0.000000 -0.175315 0.094239 -0.005561
    45 5.131751 6.470467 0.000002 0.000000 0.000000 1.570796
    46 -5.023180 -0.271532 -6.425843 -3.137430 -0.130592 3.493024
    47 22.311960 0.000001 -0.000001 0.000000 0.000000 -0.369408
    48 22.311968 0.000001 0.000001 0.211387 0.062069 0.285682
    49 5.131751 6.470464 -0.000001 0.000000 0.000000 1.570796
    50 1.732514 13.268860 0.716685 3.141592 -1.570796 0.000000
    51 -0.224366 0.272609 -0.034534 -0.017617 -0.105548 0.796416
    52 -3.565305 -4.925863 -3.770903 0.008180 -1.162071 1.188042
    53 -3.733108 0.138661 -0.414024 -0.430232 -0.230089 -0.086425
    54 -4.374799 0.553351 -0.473301 -1.579073 -0.205101 -0.257384
    55 -4.157628 0.315879 0.514681 -0.283167 0.238294 -0.140181
    56 -4.757324 0.097238 0.659018 -0.031455 0.270392 -0.024902
    57 -4.996685 -0.039846 0.756173 0.030800 0.307762 0.037564
    58 -5.230497 -0.079199 0.914612 0.017809 0.335986 0.034606
    59 -5.912405 0.077090 1.091337 -0.001678 0.369189 -0.028281
    60 -5.375032 0.374288 1.231094 0.056061 0.497610 -0.175658
    61 -3.011890 0.432070 0.681988 0.473635 0.452304 -0.314535
    62 -3.825886 1.434299 0.590224 1.110914 0.230960 -0.656955
    63 -11.204095 -5.674611 9.498478 -1.116941 -1.424750 -0.272770
    64 -0.269144 -22.062255 -2.883622 0.091259 -0.012670 -0.034027
    65 -8.003747 -6.000107 -9.314304 1.582989 -1.375006 -2.926309
    66 1.291627 -15.514588 -3.241560 0.266129 0.000110 0.035727
    67 -12.521675 11.793078 -9.009843 1.428364 -1.376902 -2.928790
    68 0.785919 -24.943205 -6.367158 0.371503 -0.004990 0.055701
    69 -10.702515 8.802661 -6.746493 -1.525122 -1.256720 -0.181227
    70 -0.641310 -11.527770 1.210022 0.000000 0.000000 0.000000
    71 -0.227785 -19.832262 -4.903650 0.289431 -0.002108 0.043612
    72 -13.047045 10.771064 13.323422 -1.129221 -0.957515 -0.924874
    73 -0.991148 -23.090739 -3.102065 0.383765 -0.003385 -0.146953
    74 49.389511 35.067635 12.791991 -1.037544 0.423055 2.039819
    75 4.004551 6.047380 1.789420 -0.260261 0.121942 2.111929
  time 18
    0 18.460720 24.468841 47.713280 -0.070433 -0.063015 -2.254156
    1 0.623699 0.000001 0.000000 3.141592 -1.554703 1.570706
    2 5.131857 -0.003106 -0.082027 -0.000879 0.016070 -0.054666
    3 3.906100 -0.003271 0.000004 -0.004236 0.028032 -0.122997
    4 4.135916 -0.008526 -0.000664 0.081639 0.079374 -0.008900
    5 10.751883 -0.002617 0.000053 -0.018636 0.003823 0.186243
    6 3.346632 -0.003643 -0.000026 0.007634 -0.014501 -0.038971
    7 4.579823 0.000001 -0.000001 0.436571 -0.145975 0.031904
    8 -3.297148 -1.150500 2.858143 0.358256 -1.157831 2.624032
    9 6.038858 -0.000001 -0.000004 1.035707 0.437550 -0.610552
    10 17.594549 0.000002 -0.000005 0.000000 0.000000 -0.861663
    11 17.982988 -0.000001 -0.000003 -2.287831 0.392717 -0.245756
    12 2.813693 0.799024 -0.493426 2.411861 0.529184 1.109476
    13 2.065372 0.000002 0.000001 0.000000 0.000000 0.649378
    14 2.094708 -0.000001 -0.000001 0.000000 0.000000 1.093020
    15 7.522001 -0.014964 -1.158106 -0.027860 -0.069734 0.911640
    16 3.200830 -0.000003 0.000001 0.000000 0.000000 1.665632
    17 2.731236 -0.000001 -0.000001 0.000000 0.000000 1.605775
    18 7.599252 -0.144512 0.591977 -0.045786 -0.060676 0.993575
    19 3.840993 -0.000001 0.000001 0.000000 0.000000 1.756866
    20 3.277483 -0.000001 0.000000 0.000000 0.000000 1.937387
    21 7.447639 -0.525788 2.367264 -0.140593 -0.120304 1.040167
    22 1.595202 -0.000004 0.000001 0.000000 0.000000 0.255811
    23 1.772444 0.000001 -0.000002 0.000000 0.000000 1.067979
    24 2.572627 0.731521 -2.511554 -0.244396 0.018184 3.134541
    25 -3.277620 -1.041106 -2.920651 -0.077777 1.370509 2.878310
    26 6.038855 0.000001 0.000005 -0.829165 -0.715654 0.029190
    27 17.594559 0.000001 -0.000001 0.000000 0.000000 -0.266412
    28 17.982981 0.000003 0.000000 2.072536 0.511643 -1.272571
    29 2.813690 0.799023 0.493428 -2.853948 0.431188 1.731441
    30 2.065371 0.000000 0.000000 0.000000 0.000000 0.912348
    31 2.094707 -0.000003 0.000001 0.000000 0.000000 0.685149
    32 7.522000 -0.014961 1.158106 -0.175699 -0.043345 1.404093
    33 3.200826 0.000001 0.000001 0.000000 0.000000 1.350783
    34 2.731234 -0.000003 -0.000001 0.000000 0.000000 0.924201
    35 7.599249 -0.144510 -0.591981 -0.160061 -0.087250 1.261723
    36 3.840996 0.000001 0.000002 0.000000 0.000000 1.649531
    37 3.277483 0.000000 -0.000004 0.000000 0.000000 1.255814
    38 7.447635 -0.525788 -2.367259 0.127913 0.133733 0.940083
    39 1.595202 0.000000 -0.000004 0.000000 0.000000 0.756708
    40 1.772447 -0.000002 0.000002 0.000000 0.000000 1.255814
    41 2.963612 0.324628 1.962029 -2.408182 0.012915 -3.260935
    42 -5.226302 -0.279377 6.425844 2.756590 0.055964 2.926204
    43 22.311968 0.000000 0.000000 0.000000 0.000000 -0.001887
    44 22.311968 0.000001 0.000000 0.017736 0.238667 -0.265027
    45 5.131751 6.470467 0.000002 0.000000 0.000000 1.570796
    46 -5.023180 -0.271532 -6.425843 -3.072222 -0.169733 3.616805
    47 22.311960 0.000001 -0.000001 0.000000 0.000000 -0.002043
    48 22.311968 0.000001 0.000001 0.210793 -0.032983 0.216133
    49 5.131751 6.470464 -0.000001 0.000000 0.000000 1.570796
    50 1.732514 13.268860 0.716685 3.141592 -1.570796 0.000000
    51 -0.224366 0.272609 -0.034534 -0.017617 -0.105548 0.796416
    52 -3.565305 -4.925863 -3.770903 0.008180 -1.162059 1.188042
    53 -3.733108 0.138661 -0.414024 -0.429786 -0.229897 -0.086425
    54 -4.374799 0.553351 -0.473301 -1.576798 -0.204682 -0.257061
    55 -4.153721 0.315879 0.510775 -0.283446 0.237931 -0.140146
    56 -4.741698 0.093331 0.659018 -0.030760 0.270932 -0.024327
    57 -4.965434 -0.043752 0.756173 0.031842 0.310087 0.038882
    58 -5.191434 -0.079199 0.918518 0.018397 0.340144 0.035994
    59 -5.869435 0.073183 1.099150 -0.001402 0.373340 -0.027703
    60 -5.363313 0.370382 1.235000 0.058800 0.497610 -0.175085
    61 -3.031422 0.432070 0.678082 0.477922 0.445387 -0.311417
    62 -3.849325 1.422580 0.574599 1.106409 0.224444 -0.650656
    63 -11.204095 -5.674611 9.498478 -1.116941 -1.424750 -0.272770
    64 -0.269144 -22.062255 -2.883622 0.091259 -0.012670 -0.034027
    65 -8.003747 -6.000107 -9.314304 1.582989 -1.375006 -2.926309
    66 1.291627 -15.514588 -3.241560 0.266129 0.000110 0.035727
    67 -12.521675 11.793078 -9.009843 1.428364 -1.376902 -2.928790
    68 0.785919 -24.943205 -6.367158 0.371503 -0.004990 0.055701
    69 -10.702515 8.802661 -6.746493 -1.525122 -1.256720 -0.181227
    70 -0.641310 -11.527770 1.210022 0.000000 0.000000 0.000000
    71 -0.227785 -19.832262 -4.903650 0.289431 -0.002108 0.043612
    72 -13.047045 10.771064 13.323422 -1.129221 -0.957515 -0.924874
    73 -0.991148 -23.090739 -3.102065 0.383765 -0.003385 -0.146953
    74 49.389511 35.067635 12.791991 -1.037544 0.423055 2.039819
    75 4.004551 6.047380 1.789420 -0.260261 0.121942 2.111929
  time 19
    0 19.499106 25.741483 47.467179 -0.063914 -0.070314 -2.253246
    1 0.623699 0.000001 0.000000 -3.141592 -1.554703 1.570706
    2 5.131857 -0.003106 -0.082027 -0.000879 0.016070 -0.054666
    3 3.906100 -0.003271 0.000004 -0.003866 0.023909 -0.110857
    4 4.135916 -0.008526 -0.000664 0.081870 0.068899 0.002276
    5 10.751883 -0.002617 0.000053 -0.018636 0.003823 0.186243
    6 3.346632 -0.003643 -0.000026 0.007634 -0.014501 -0.038971
    7 4.579823 0.000001 -0.000001 0.439832 -0.133410 0.007202
    8 -3.297148 -1.150500 2.858143 0.358256 -1.157831 2.624032
    9 6.038858 -0.000001 -0.000004 1.033295 0.413150 -0.613776
    10 17.594549 0.000002 -0.000005 0.000000 0.000000 -0.862179
    11 17.982988 -0.000001 -0.000003 -2.298246 0.397827 -0.254264
    12 2.813693 0.799024 -0.493426 2.411861 0.529184 1.109476
    13 2.065372 0.000002 0.000001 0.000000 0.000000 0.649378
    14 2.094708 -0.000001 -0.000001 0.000000 0.000000 1.093020
    15 7.522001 -0.014964 -1.158106 -0.027860 -0.069746 0.911640
    16 3.200830 -0.000003 0.000001 0.000000 0.000000 1.665632
    17 2.731236 -0.000001 -0.000001 0.000000 0.000000 1.605775
    18 7.599252 -0.144512 0.591977 -0.045786 -0.060676 0.993575
    19 3.840993 -0.000001 0.000001 0.000000 0.000000 1.756866
    20 3.277483 -0.000001 0.000000 0.000000 0.000000 1.937387
    21 7.447639 -0.525788 2.367264 -0.140593 -0.120304 1.040167
    22 1.595202 -0.000004 0.000001 0.000000 0.000000 0.255811
    23 1.772444 0.000001 -0.000002 0.000000 0.000000 1.067979
    24 2.572627 0.731521 -2.511554 -0.244361 0.018184 3.134541
    25 -3.277620 -1.041106 -2.920651 -0.077777 1.370509 2.878310
    26 6.038855 0.000001 0.000005 -0.798712 -0.729575 0.003253
    27 17.594559 0.000001 -0.000001 0.000000 0.000000 -0.266363
    28 17.982981 0.000003 0.000000 2.078052 0.497327 -1.261519
    29 2.813690 0.799023 0.493428 -2.853948 0.431188 1.731441
    30 2.065371 0.000000 0.000000 0.000000 0.000000 0.912348
    31 2.094707 -0.000003 0.000001 0.000000 0.000000 0.685149
    32 7.522000 -0.014961 1.158106 -0.175699 -0.043345 1.404093
    33 3.200826 0.000001 0.000001 0.000000 0.000000 1.350783
    34 2.731234 -0.000003 -0.000001 0.000000 0.000000 0.924201
    35 7.599249 -0.144510 -0.591981 -0.160061 -0.087250 1.261723
    36 3.840996 0.000001 0.000002 0.000000 0.000000 1.649531
    37 3.277483 0.000000 -0.000004 0.000000 0.000000 1.255814
    38 7.447635 -0.525788 -2.367259 0.127913 0.133733 0.940083
    39 1.595202 0.000000 -0.000004 0.000000 0.000000 0.756708
    40 1.772447 -0.000002 0.000002 0.000000 0.000000 1.255814
    41 2.963612 0.324628 1.962029 -2.408182 0.012915 -3.260935
    42 -5.226302 -0.279377 6.425844 2.763385 -0.028930 2.775562
    43 22.311968 0.000000 0.000000 0.000000 0.000000 -0.355024
    44 22.311968 0.000001 0.000000 0.040871 0.207603 0.023780
    45 5.131751 6.470467 0.000002 0.000000 0.000000 1.570796
    46 -5.023180 -0.271532 -6.425843 -3.069753 -0.165743 3.598141
    47 22.311960 0.000001 -0.000001 0.000000 0.000000 -0.003096
    48 22.311968 0.000001 0.000001 0.211827 -0.051350 0.256452
    49 5.131751 6.470464 -0.000001 0.000000 0.000000 1.570796
    50 1.732514 13.268860 0.716685 3.141592 -1.570796 0.000000
    51 -0.224366 0.272609 -0.034534 -0.007718 -0.106195 0.795071
    52 -3.561399 -4.964927 -3.720120 0.007977 -1.152771 1.196354
    53 -3.733108 0.134754 -0.414024 -0.403766 -0.230533 -0.084651
    54 -4.370892 0.537725 -0.488926 -1.583349 -0.213215 -0.249918
    55 -4.149815 0.331504 0.502962 -0.302799 0.234071 -0.146845
    56 -4.733885 0.101144 0.655112 -0.034775 0.271195 -0.027167
    57 -4.949809 -0.039846 0.756173 0.030428 0.311645 0.036677
    58 -5.171902 -0.075293 0.922425 0.017809 0.342505 0.034232
    59 -5.845997 0.077090 1.099150 -0.001678 0.375836 -0.028754
    60 -5.351594 0.370382 1.238907 0.058115 0.499620 -0.174448
    61 -3.035329 0.428164 0.678082 0.474492 0.446053 -0.308079
    62 -3.857137 1.414767 0.590224 1.114747 0.230171 -0.646360
    63 -11.204095 -5.674611 9.498478 -1.116941 -1.424750 -0.272770
    64 -0.269144 -22.062255 -2.883622 0.091259 -0.012670 -0.034027
    65 -8.003747 -6.000107 -9.314304 1.582989 -1.375006 -2.926309
    66 1.291627 -15.514588 -3.241560 0.266129 0.000110 0.035727
    67 -12.521675 11.793078 -9.009843 1.428364 -1.376902 -2.928790
    68 0.785919 -24.943205 -6.367158 0.371503 -0.004990 0.055701
    69 -10.702515 8.802661 -6.746493 -1.525122 -1.256720 -0.181227
    70 -0.641310 -11.527770 1.210022 0.000000 0.000000 0.000000
    71 -0.227785 -19.832262 -4.903650 0.289431 -0.002108 0.043612
    72 -13.047045 10.771064 13.323422 -1.129221 -0.957515 -0.924874
    73 -0.991148 -23.090739 -3.102065 0.383765 -0.003385 -0.146953
    74 49.389511 35.067635 12.791991 -1.037544 0.423055 2.039819
    75 4.004551 6.047380 1.789420 -0.260261 0.121942 2.111929
  time 20
    0 20.553118 27.033657 47.185920 -0.056399 -0.078990 -2.252287
    1 0.623699 0.000001 0.000000 -3.141497 -1.554703 1.570706
    2 5.131857 -0.003106 -0.082027 -0.000879 0.016070 -0.054666
    3 3.906100 -0.003271 0.000004 -0.003533 0.018936 -0.097086
    4 4.135916 -0.008526 -0.000664 0.082087 0.057011 0.016424
    5 10.751883 -0.002617 0.000053 -0.018636 0.003823 0.186243
    6 3.346632 -0.003643 -0.000026 0.007634 -0.014501 -0.038971
    7 4.579823 0.000001 -0.000001 0.443093 -0.118886 -0.022217
    8 -3.297148 -1.150500 2.858143 0.358256 -1.157831 2.624032
    9 6.038858 -0.000001 -0.000004 1.028657 0.382007 -0.618434
    10 17.594549 0.000002 -0.000005 0.000000 0.000000 -0.866349
    11 17.982988 -0.000001 -0.000003 -2.309192 0.403460 -0.261579
    12 2.813693 0.799024 -0.493426 2.411861 0.529184 1.109476
    13 2.065372 0.000002 0.000001 0.000000 0.000000 0.649378
    14 2.094708 -0.000001 -0.000001 0.000000 0.000000 1.093020
    15 7.522001 -0.014964 -1.158106 -0.027860 -0.069734 0.911640
    16 3.200830 -0.000003 0.000001 0.000000 0.000000 1.665632
    17 2.731236 -0.000001 -0.000001 0.000000 0.000000 1.605775
    18 7.599252 -0.144512 0.591977 -0.045786 -0.060676 0.993575
    19 3.840993 -0.000001 0.000001 0.000000 0.000000 1.756866
    20 3.277483 -0.000001 0.000000 0.000000 0.000000 1.937387
    21 7.447639 -0.525788 2.367264 -0.140593 -0.120304 1.040167
    22 1.595202 -0.000004 0.000001 0.000000 0.000000 0.255811
    23 1.772444 0.000001 -0.000002 0.000000 0.000000 1.067979
    24 2.572627 0.731521 -2.511554 -0.244396 0.018184 3.134541
    25 -3.277620 -1.041106 -2.920651 -0.077777 1.370509 2.878310
    26 6.038855 0.000001 0.000005 -0.761095 -0.744666 -0.028957
    27 17.594559 0.000001 -0.000001 0.000000 0.000000 -0.266330
    28 17.982981 0.000003 0.000000 2.083340 0.483012 -1.250657
    29 2.813690 0.799023 0.493428 -2.853948 0.431188 1.731441
    30 2.065371 0.000000 0.000000 0.000000 0.000000 0.912348
    31 2.094707 -0.000003 0.000001 0.000000 0.000000 0.685149
    32 7.522000 -0.014961 1.158106 -0.175699 -0.043345 1.404093
    33 3.200826 0.000001 0.000001 0.000000 0.000000 1.350783
    34 2.731234 -0.000003 -0.000001 0.000000 0.000000 0.924201
    35 7.599249 -0.144510 -0.591981 -0.160061 -0.087250 1.261723
    36 3.840996 0.000001 0.000002 0.000000 0.000000 1.649531
    37 3.277483 0.000000 -0.000004 0.000000 0.000000 1.255814
    38 7.447635 -0.525788 -2.367259 0.127913 0.133733 0.940083
    39 1.595202 0.000000 -0.000004 0.000000 0.000000 0.756708
    40 1.772447 -0.000002 0.000002 0.000000 0.000000 1.255814
    41 2.963612 0.324628 1.962029 -2.408182 0.012915 -3.260935
    42 -5.226302 -0.279377 6.425844 2.775154 -0.073656 2.721261
    43 22.311968 0.000000 0.000000 0.000000 0.000000 -0.500965
    44 22.311968 0.000001 0.000000 0.059734 0.174289 0.207413
    45 5.131751 6.470467 0.000002 0.000000 0.000000 1.570796
    46 -5.023180 -0.271532 -6.425843 -3.072821 -0.158233 3.586933
    47 22.311960 0.000001 -0.000001 0.000000 0.000000 -0.001681
    48 22.311968 0.000001 0.000001 0.217551 -0.067580 0.294560
    49 5.131751 6.470464 -0.000001 0.000000 0.000000 1.570796
    50 1.732514 13.268860 0.716685 3.141592 -1.570796 0.000000
    51 -0.224366 0.272609 -0.034534 0.003859 -0.107094 0.793528
    52 -3.557492 -5.011803 -3.661525 0.007749 -1.141757 1.205167
    53 -3.733108 0.130848 -0.417931 -0.375933 -0.231144 -0.082793
    54 -4.370892 0.518194 -0.508458 -1.584805 -0.222083 -0.241936
    55 -4.145909 0.347129 0.491243 -0.327083 0.228871 -0.155006
    56 -4.722166 0.108957 0.655112 -0.039676 0.271447 -0.030559
    57 -4.930277 -0.032033 0.756173 0.028798 0.313538 0.034196
    58 -5.140651 -0.071386 0.926331 0.017135 0.345573 0.032264
    59 -5.814746 0.080996 1.103056 -0.002000 0.378874 -0.030173
    60 -5.332062 0.370382 1.242813 0.057570 0.501773 -0.174150
    61 -3.035329 0.424257 0.681988 0.470777 0.446169 -0.304804
    62 -3.864950 1.403048 0.598037 1.121743 0.235283 -0.641526
    63 -11.204095 -5.674611 9.498478 -1.116941 -1.424750 -0.272770
    64 -0.269144 -22.062255 -2.883622 0.091259 -0.012670 -0.034027
    65 -8.003747 -6.000107 -9.314304 1.582989 -1.375006 -2.926309
    66 1.291627 -15.514588 -3.241560 0.266129 0.000110 0.035727
    67 -12.521675 11.793078 -9.009843 1.428364 -1.376902 -2.928790
    68 0.785919 -24.943205 -6.367158 0.371503 -0.004990 0.055701
    69 -10.702515 8.802661 -6.746493 -1.525122 -1.256720 -0.181227
    70 -0.641310 -11.527770 1.210022 0.000000 0.000000 0.000000
    71 -0.227785 -19.832262 -4.903650 0.289431 -0.002108 0.043612
    72 -13.047045 10.771064 13.323422 -1.129221 -0.957515 -0.924874
    73 -0.991148 -23.090739 -3.102065 0.383765 -0.003385 -0.146953
    74 49.389511 35.067635 12.791991 -1.037544 0.423055 2.039819
    75 4.004551 6.047380 1.789420 -0.260261 0.121942 2.111929
  time 21
    0 21.614943 28.337550 46.982789 -0.049377 -0.086984 -2.251376
    1 0.623699 0.000001 0.000000 -3.141497 -1.554703 1.570706
    2 5.131857 -0.003106 -0.082027 -0.000879 0.016070 -0.054666
    3 3.906100 -0.003271 0.000004 -0.003274 0.014393 -0.084131
    4 4.135916 -0.008526 -0.000664 0.082087 0.045841 0.029070
    5 10.751883 -0.002617 0.000053 -0.018636 0.003823 0.186243
    6 3.346632 -0.003643 -0.000026 0.007634 -0.014501 -0.038971
    7 4.579823 0.000001 -0.000001 0.445667 -0.105227 -0.049146
    8 -3.297148 -1.150500 2.858143 0.358256 -1.157831 2.624032
    9 6.038858 -0.000001 -0.000004 1.021791 0.355264 -0.627122
    10 17.594549 0.000002 -0.000005 0.000000 0.000000 -0.863725
    11 17.982988 -0.000001 -0.000003 -2.318771 0.410333 -0.272164
    12 2.813693 0.799024 -0.493426 2.411861 0.529184 1.109476
    13 2.065372 0.000002 0.000001 0.000000 0.000000 0.649378
    14 2.094708 -0.000001 -0.000001 0.000000 0.000000 1.093020
    15 7.522001 -0.014964 -1.158106 -0.027860 -0.069734 0.911640
    16 3.200830 -0.000003 0.000001 0.000000 0.000000 1.665632
    17 2.731236 -0.000001 -0.000001 0.000000 0.000000 1.605775
    18 7.599252 -0.144512 0.591977 -0.045786 -0.060676 0.993575
    19 3.840993 -0.000001 0.000001 0.000000 0.000000 1.756866
    20 3.277483 -0.000001 0.000000 0.000000 0.000000 1.937387
    21 7.447639 -0.525788 2.367264 -0.140593 -0.120304 1.040167
    22 1.595202 -0.000004 0.000001 0.000000 0.000000 0.255811
    23 1.772444 0.000001 -0.000002 0.000000 0.000000 1.067979
    24 2.572627 0.731521 -2.511554 -0.244396 0.018184 3.134541
    25 -3.277620 -1.041106 -2.920651 -0.077777 1.370509 2.878310
    26 6.038855 0.000001 0.000005 -0.725209 -0.757575 -0.059980
    27 17.594559 0.000001 -0.000001 0.000000 0.000000 -0.266313
    28 17.982981 0.000003 0.000000 2.088419 0.472499 -1.239938
    29 2.813690 0.799023 0.493428 -2.853948 0.431188 1.731441
    30 2.065371 0.000000 0.000000 0.000000 0.000000 0.912348
    31 2.094707 -0.000003 0.000001 0.000000 0.000000 0.685149
    32 7.522000 -0.014961 1.158106 -0.175699 -0.043345 1.404093
    33 3.200826 0.000001 0.000001 0.000000 0.000000 1.350783
    34 2.731234 -0.000003 -0.000001 0.000000 0.000000 0.924201
    35 7.599249 -0.144510 -0.591981 -0.160061 -0.087250 1.261723
    36 3.840996 0.000001 0.000002 0.000000 0.000000 1.649531
    37 3.277483 0.000000 -0.000004 0.000000 0.000000 1.255814
    38 7.447635 -0.525788 -2.367259 0.127913 0.133733 0.940083
    39 1.595202 0.000000 -0.000004 0.000000 0.000000 0.756708
    40 1.772447 -0.000002 0.000002 0.000000 0.000000 1.255814
    41 2.963612 0.324628 1.962029 -2.408182 0.012915 -3.260935
    42 -5.226302 -0.279377 6.425844 2.787390 -0.103758 2.697558
    43 22.311968 0.000000 0.000000 0.000000 0.000000 -0.610018
    44 22.311968 0.000001 0.000000 0.061414 0.146137 0.316018
    45 5.131751 6.470467 0.000002 0.000000 0.000000 1.570796
    46 -5.023180 -0.271532 -6.425843 -3.064156 -0.142183 3.457267
    47 22.311960 0.000001 -0.000001 0.000000 0.000000 -0.232213
    48 22.311968 0.000001 0.000001 0.229834 -0.077140 0.413098
    49 5.131751 6.470464 -0.000001 0.000000 0.000000 1.570796
    50 1.732514 13.268860 0.716685 3.141592 -1.570796 0.000000
    51 -0.224366 0.272609 -0.034534 0.014609 -0.107849 0.792034
    52 -3.549680 -5.058680 -3.602929 0.007545 -1.131534 1.213166
    53 -3.733108 0.130848 -0.417931 -0.352253 -0.231659 -0.081128
    54 -4.370892 0.502568 -0.524084 -1.581166 -0.229358 -0.234853
    55 -4.142002 0.362755 0.479524 -0.351273 0.223507 -0.162916
    56 -4.710447 0.116769 0.655112 -0.044362 0.271675 -0.033699
    57 -4.914652 -0.028127 0.760079 0.027408 0.315528 0.032087
    58 -5.117213 -0.063574 0.926331 0.016565 0.348474 0.030635
    59 -5.787401 0.084902 1.106962 -0.002277 0.381701 -0.031119
    60 -5.316437 0.370382 1.242813 0.057113 0.503799 -0.173640
    61 -3.035329 0.420351 0.681988 0.468585 0.446690 -0.301876
    62 -3.868857 1.395235 0.609756 1.129410 0.239695 -0.637815
    63 -11.204095 -5.674611 9.498478 -1.116941 -1.424750 -0.272770
    64 -0.269144 -22.062255 -2.883622 0.091259 -0.012670 -0.034027
    65 -8.003747 -6.000107 -9.314304 1.582989 -1.375006 -2.926309
    66 1.291627 -15.514588 -3.241560 0.266129 0.000110 0.035727
    67 -12.521675 11.793078 -9.009843 1.428364 -1.376902 -2.928790
    68 0.785919 -24.943205 -6.367158 0.371503 -0.004990 0.055701
    69 -10.702515 8.802661 -6.746493 -1.525122 -1.256720 -0.181227
    70 -0.641310 -11.527770 1.210022 0.000000 0.000000 0.000000
    71 -0.227785 -19.832262 -4.903650 0.289431 -0.002108 0.043612
    72 -13.047045 10.771064 13.323422 -1.129221 -0.957515 -0.924874
    73 -0.991148 -23.090739 -3.102065 0.383765 -0.003385 -0.146953
    74 49.389511 35.067635 12.791991 -1.037544 0.423055 2.039819
    75 4.004551 6.047380 1.789420 -0.260261 0.121942 2.111929
  time 22
    0 22.668955 29.633631 46.971070 -0.044379 -0.092233 -2.250657
    1 0.623699 0.000001 0.000000 -3.141497 -1.554703 1.570706
    2 5.131857 -0.003106 -0.082027 -0.000879 0.016070 -0.054666
    3 3.906100 -0.003271 0.000004 -0.003052 0.011517 -0.074471
    4 4.135916 -0.008526 -0.000664 0.081843 0.037500 0.035772
    5 10.751883 -0.002617 0.000053 -0.018636 0.003823 0.186243
    6 3.346632 -0.003643 -0.000026 0.007634 -0.014501 -0.038971
    7 4.579823 0.000001 -0.000001 0.447286 -0.095284 -0.066443
    8 -3.297148 -1.150500 2.858143 0.358256 -1.157831 2.624032
    9 6.038858 -0.000001 -0.000004 1.014740 0.347402 -0.640915
    10 17.594549 0.000002 -0.000005 0.000000 0.000000 -0.838983
    11 17.982988 -0.000001 -0.000003 -2.326715 0.419880 -0.294041
    12 2.813693 0.799024 -0.493426 2.411861 0.529184 1.109476
    13 2.065372 0.000002 0.000001 0.000000 0.000000 0.649378
    14 2.094708 -0.000001 -0.000001 0.000000 0.000000 1.093020
    15 7.522001 -0.014964 -1.158106 -0.027860 -0.069734 0.911640
    16 3.200830 -0.000003 0.000001 0.000000 0.000000 1.665632
    17 2.731236 -0.000001 -0.000001 0.000000 0.000000 1.605775
    18 7.599252 -0.144512 0.591977 -0.045786 -0.060676 0.993575
    19 3.840993 -0.000001 0.000001 0.000000 0.000000 1.756866
    20 3.277483 -0.000001 0.000000 0.000000 0.000000 1.937387
    21 7.447639 -0.525788 2.367264 -0.140593 -0.120304 1.040167
    22 1.595202 -0.000004 0.000001 0.000000 0.000000 0.255811
    23 1.772444 0.000001 -0.000002 0.000000 0.000000 1.067979
    24 2.572627 0.731521 -2.511554 -0.244396 0.018184 3.134541
    25 -3.277620 -1.041106 -2.920651 -0.077777 1.370509 2.878310
    26 6.038855 0.000001 0.000005 -0.701564 -0.766686 -0.080407
    27 17.594559 0.000001 -0.000001 0.000000 0.000000 -0.266280
    28 17.982981 0.000003 0.000000 2.094582 0.465826 -1.226741
    29 2.813690 0.799023 0.493428 -2.853948 0.431188 1.731441
    30 2.065371 0.000000 0.000000 0.000000 0.000000 0.912348
    31 2.094707 -0.000003 0.000001 0.000000 0.000000 0.685149
    32 7.522000 -0.014961 1.158106 -0.175699 -0.043345 1.404093
    33 3.200826 0.000001 0.000001 0.000000 0.000000 1.350783
    34 2.731234 -0.000003 -0.000001 0.000000 0.000000 0.924201
    35 7.599249 -0.144510 -0.591981 -0.160061 -0.087250 1.261723
    36 3.840996 0.000001 0.000002 0.000000 0.000000 1.649531
    37 3.277483 0.000000 -0.000004 0.000000 0.000000 1.255814
    38 7.447635 -0.525788 -2.367259 0.127913 0.133733 0.940083
    39 1.595202 0.000000 -0.000004 0.000000 0.000000 0.756708
    40 1.772447 -0.000002 0.000002 0.000000 0.000000 1.255814
    41 2.963612 0.324628 1.962029 -2.408182 0.012915 -3.260935
    42 -5.226302 -0.279377 6.425844 2.799602 -0.122224 2.701669
    43 22.311968 0.000000 0.000000 0.000000 0.000000 -0.684944
    44 22.311968 0.000001 0.000000 0.051527 0.122797 0.359106
    45 5.131751 6.470467 0.000002 0.000000 0.000000 1.570796
    46 -5.023180 -0.271532 -6.425843 -3.048121 -0.132215 3.354448
    47 22.311960 0.000001 -0.000001 0.000000 0.000000 -0.373948
    48 22.311968 0.000001 0.000001 0.229570 -0.081194 0.447904
    49 5.131751 6.470464 -0.000001 0.000000 0.000000 1.570796
    50 1.732514 13.268860 0.716685 3.141592 -1.570796 0.000000
    51 -0.224366 0.272609 -0.034534 0.021968 -0.108041 0.790888
    52 -3.545773 -5.086024 -3.567772 0.007413 -1.124655 1.219166
    53 -3.733108 0.126942 -0.417931 -0.336970 -0.232127 -0.079857
    54 -4.370892 0.490849 -0.535803 -1.578800 -0.234200 -0.229963
    55 -4.138096 0.374474 0.467805 -0.368393 0.219719 -0.168285
    56 -4.706541 0.120676 0.655112 -0.047574 0.271902 -0.035796
    57 -4.902932 -0.028127 0.760079 0.026269 0.316714 0.030481
    58 -5.105494 -0.063574 0.930238 0.016150 0.350056 0.029488
    59 -5.771776 0.084902 1.110869 -0.002415 0.383355 -0.031435
    60 -5.308624 0.366476 1.246719 0.056238 0.506126 -0.171856
    61 -3.031422 0.416445 0.685894 0.468204 0.449656 -0.298601
    62 -3.868857 1.387422 0.625382 1.143881 0.245713 -0.635862
    63 -11.204095 -5.674611 9.498478 -1.116941 -1.424750 -0.272770
    64 -0.269144 -22.062255 -2.883622 0.091259 -0.012670 -0.034027
    65 -8.003747 -6.000107 -9.314304 1.582989 -1.375006 -2.926309
    66 1.291627 -15.514588 -3.241560 0.266129 0.000110 0.035727
    67 -12.521675 11.793078 -9.009843 1.428364 -1.376902 -2.928790
    68 0.785919 -24.943205 -6.367158 0.371503 -0.004990 0.055701
    69 -10.702515 8.802661 -6.746493 -1.525122 -1.256720 -0.181227
    70 -0.641310 -11.527770 1.210022 0.000000 0.000000 0.000000
    71 -0.227785 -19.832262 -4.903650 0.289431 -0.002108 0.043612
    72 -13.047045 10.771064 13.323422 -1.129221 -0.957515 -0.924874
    73 -0.991148 -23.090739 -3.102065 0.383765 -0.003385 -0.146953
    74 49.389511 35.067635 12.791991 -1.037544 0.423055 2.039819
    75 4.004551 6.047380 1.789420 -0.260261 0.121942 2.111929
  time 23
    0 23.715154 30.914086 47.178107 -0.042905 -0.092653 -2.250130
    1 0.623699 0.000001 0.000000 3.141497 -1.554703 1.570706
    2 5.131857 -0.003106 -0.082027 -0.000879 0.016070 -0.054666
    3 3.906100 -0.003271 0.000004 -0.002775 0.011565 -0.070564
    4 4.135916 -0.008526 -0.000664 0.081353 0.034072 0.032106
    5 10.751883 -0.002617 0.000053 -0.018636 0.003823 0.186243
    6 3.346632 -0.003643 -0.000026 0.007634 -0.014501 -0.038971
    7 4.579823 0.000001 -0.000001 0.447825 -0.091956 -0.066989
    8 -3.297148 -1.150500 2.858143 0.358256 -1.157831 2.624032
    9 6.038858 -0.000001 -0.000004 1.011957 0.367363 -0.654529
    10 17.594549 0.000002 -0.000005 0.000000 0.000000 -0.790999
    11 17.982988 -0.000001 -0.000003 -2.332720 0.429667 -0.326459
    12 2.813693 0.799024 -0.493426 2.411861 0.529184 1.109476
    13 2.065372 0.000002 0.000001 0.000000 0.000000 0.649378
    14 2.094708 -0.000001 -0.000001 0.000000 0.000000 1.093020
    15 7.522001 -0.014964 -1.158106 -0.027860 -0.069746 0.911640
    16 3.200830 -0.000003 0.000001 0.000000 0.000000 1.665632
    17 2.731236 -0.000001 -0.000001 0.000000 0.000000 1.605775
    18 7.599252 -0.144512 0.591977 -0.045786 -0.060676 0.993575
    19 3.840993 -0.000001 0.000001 0.000000 0.000000 1.756866
    20 3.277483 -0.000001 0.000000 0.000000 0.000000 1.937387
    21 7.447639 -0.525788 2.367264 -0.140593 -0.120304 1.040167
    22 1.595202 -0.000004 0.000001 0.000000 0.000000 0.255811
    23 1.772444 0.000001 -0.000002 0.000000 0.000000 1.067979
    24 2.572627 0.731521 -2.511554 -0.244396 0.018184 3.134541
    25 -3.277620 -1.041106 -2.920651 -0.077777 1.370509 2.878310
    26 6.038855 0.000001 0.000005 -0.700967 -0.770483 -0.081000
    27 17.594559 0.000001 -0.000001 0.000000 0.000000 -0.266264
    28 17.982981 0.000003 0.000000 2.101449 0.460942 -1.211877
    29 2.813690 0.799023 0.493428 -2.853948 0.431188 1.731441
    30 2.065371 0.000000 0.000000 0.000000 0.000000 0.912348
    31 2.094707 -0.000003 0.000001 0.000000 0.000000 0.685149
    32 7.522000 -0.014961 1.158106 -0.175699 -0.043345 1.404093
    33 3.200826 0.000001 0.000001 0.000000 0.000000 1.350783
    34 2.731234 -0.000003 -0.000001 0.000000 0.000000 0.924201
    35 7.599249 -0.144510 -0.591981 -0.160061 -0.087250 1.261723
    36 3.840996 0.000001 0.000002 0.000000 0.000000 1.649531
    37 3.277483 0.000000 -0.000004 0.000000 0.000000 1.255814
    38 7.447635 -0.525788 -2.367259 0.127913 0.133733 0.940083
    39 1.595202 0.000000 -0.000004 0.000000 0.000000 0.756708
    40 1.772447 -0.000002 0.000002 0.000000 0.000000 1.255814
    41 2.963612 0.324628 1.962029 -2.408182 0.012915 -3.260935
    42 -5.226302 -0.279377 6.425844 2.811371 -0.137776 2.721207
    43 22.311968 0.000000 0.000000 0.000000 0.000000 -0.725529
    44 22.311968 0.000001 0.000000 0.041831 0.098258 0.380988
    45 5.131751 6.470467 0.000002 0.000000 0.000000 1.570796
    46 -5.023180 -0.271532 -6.425843 -3.037598 -0.128089 3.295571
    47 22.311960 0.000001 -0.000001 0.000000 0.000000 -0.416126
    48 22.311968 0.000001 0.000001 0.227303 -0.084207 0.431575
    49 5.131751 6.470464 -0.000001 0.000000 0.000000 1.570796
    50 1.732514 13.268860 0.716685 3.141592 -1.570796 0.000000
    51 -0.224366 0.272609 -0.034534 0.023382 -0.107286 0.790191
    52 -3.541867 -5.093837 -3.563866 0.007389 -1.123660 1.222291
    53 -3.733108 0.126942 -0.417931 -0.333369 -0.232414 -0.079210
    54 -4.370892 0.486943 -0.539709 -1.585169 -0.236009 -0.228513
    55 -4.138096 0.374474 0.467805 -0.370719 0.219683 -0.168849
    56 -4.710447 0.120676 0.655112 -0.048149 0.272082 -0.036180
    57 -4.910745 -0.024220 0.760079 0.025682 0.316499 0.029738
    58 -5.113306 -0.059667 0.930238 0.015942 0.349361 0.028993
    59 -5.783495 0.084902 1.110869 -0.002369 0.382964 -0.030594
    60 -5.308624 0.358663 1.250626 0.054792 0.508327 -0.168628
    61 -3.023609 0.408632 0.689801 0.469252 0.455560 -0.294759
    62 -3.857137 1.383516 0.644913 1.166595 0.254303 -0.636057
    63 -11.204095 -5.674611 9.498478 -1.116941 -1.424750 -0.272770
    64 -0.269144 -22.062255 -2.883622 0.091259 -0.012670 -0.034027
    65 -8.003747 -6.000107 -9.314304 1.582989 -1.375006 -2.926309
    66 1.291627 -15.514588 -3.241560 0.266129 0.000110 0.035727
    67 -12.521675 11.793078 -9.009843 1.428364 -1.376902 -2.928790
    68 0.785919 -24.943205 -6.367158 0.371503 -0.004990 0.055701
    69 -10.702515 8.802661 -6.746493 -1.525122 -1.256720 -0.181227
    70 -0.641310 -11.527770 1.210022 0.000000 0.000000 0.000000
    71 -0.227785 -19.832262 -4.903650 0.289431 -0.002108 0.043612
    72 -13.047045 10.771064 13.323422 -1.129221 -0.957515 -0.924874
    73 -0.991148 -23.090739 -3.102065 0.383765 -0.003385 -0.146953
    74 49.389511 35.067635 12.791991 -1.037544 0.423055 2.039819
    75 4.004551 6.047380 1.789420 -0.260261 0.121942 2.111929
  time 24
    0 24.741821 32.163290 47.510149 -0.044798 -0.088374 -2.249794
    1 0.623699 0.000001 0.000000 3.141497 -1.554703 1.570706
    2 5.131857 -0.003106 -0.082027 -0.000879 0.016070 -0.054666
    3 3.906100 -0.003271 0.000004 -0.002442 0.014382 -0.072063
    4 4.135916 -0.008526 -0.000664 0.080619 0.035450 0.017538
    5 10.751883 -0.002617 0.000053 -0.018648 0.003823 0.186243
    6 3.346632 -0.003643 -0.000026 0.007634 -0.014501 -0.038971
    7 4.579823 0.000001 -0.000001 0.447506 -0.094967 -0.050653
    8 -3.297148 -1.150500 2.858143 0.358256 -1.157831 2.624032
    9 6.038858 -0.000001 -0.000004 1.014647 0.407060 -0.662501
    10 17.594549 0.000002 -0.000005 0.000000 0.000000 -0.737016
    11 17.982988 -0.000001 -0.000003 -2.335571 0.435560 -0.358170
    12 2.813693 0.799024 -0.493426 2.411861 0.529184 1.109476
    13 2.065372 0.000002 0.000001 0.000000 0.000000 0.649378
    14 2.094708 -0.000001 -0.000001 0.000000 0.000000 1.093020
    15 7.522001 -0.014964 -1.158106 -0.027860 -0.069746 0.911640
    16 3.200830 -0.000003 0.000001 0.000000 0.000000 1.665632
    17 2.731236 -0.000001 -0.000001 0.000000 0.000000 1.605775
    18 7.599252 -0.144512 0.591977 -0.045786 -0.060676 0.993575
    19 3.840993 -0.000001 0.000001 0.000000 0.000000 1.756866
    20 3.277483 -0.000001 0.000000 0.000000 0.000000 1.937387
    21 7.447639 -0.525788 2.367264 -0.140593 -0.120304 1.040167
    22 1.595202 -0.000004 0.000001 0.000000 0.000000 0.255811
    23 1.772444 0.000001 -0.000002 0.000000 0.000000 1.068011
    24 2.572627 0.731521 -2.511554 -0.244396 0.018184 3.134541
    25 -3.277620 -1.041106 -2.920651 -0.077777 1.370509 2.878310
    26 6.038855 0.000001 0.000005 -0.723000 -0.768237 -0.062395
    27 17.594559 0.000001 -0.000001 0.000000 0.000000 -0.266280
    28 17.982981 0.000003 0.000000 2.106699 0.458817 -1.200491
    29 2.813690 0.799023 0.493428 -2.853948 0.431188 1.731441
    30 2.065371 0.000000 0.000000 0.000000 0.000000 0.912348
    31 2.094707 -0.000003 0.000001 0.000000 0.000000 0.685149
    32 7.522000 -0.014961 1.158106 -0.175699 -0.043345 1.404093
    33 3.200826 0.000001 0.000001 0.000000 0.000000 1.350783
    34 2.731234 -0.000003 -0.000001 0.000000 0.000000 0.924201
    35 7.599249 -0.144510 -0.591981 -0.160061 -0.087250 1.261723
    36 3.840996 0.000001 0.000002 0.000000 0.000000 1.649531
    37 3.277483 0.000000 -0.000004 0.000000 0.000000 1.255814
    38 7.447635 -0.525788 -2.367259 0.127913 0.133733 0.940083
    39 1.595202 0.000000 -0.000004 0.000000 0.000000 0.756708
    40 1.772447 -0.000002 0.000002 0.000000 0.000000 1.255814
    41 2.963612 0.324628 1.962029 -2.408182 0.012915 -3.260935
    42 -5.226302 -0.279377 6.425844 2.823080 -0.152704 2.748948
    43 22.311968 0.000000 0.000000 0.000000 0.000000 -0.745660
    44 22.311968 0.000001 0.000000 0.032375 0.072909 0.389226
    45 5.131751 6.470467 0.000002 0.000000 0.000000 1.570796
    46 -5.023180 -0.271532 -6.425843 -3.028849 -0.128559 3.255874
    47 22.311960 0.000001 -0.000001 0.000000 0.000000 -0.410698
    48 22.311968 0.000001 0.000001 0.223494 -0.086590 0.391448
    49 5.131751 6.470464 -0.000001 0.000000 0.000000 1.570796
    50 1.732514 13.268860 0.716685 3.141592 -1.570796 0.000000
    51 -0.224366 0.272609 -0.034534 0.019032 -0.105584 0.790042
    52 -3.534054 -5.078211 -3.591210 0.007485 -1.128334 1.222728
    53 -3.733108 0.126942 -0.417931 -0.340807 -0.232582 -0.079138
    54 -4.370892 0.490849 -0.535803 -1.600092 -0.234883 -0.230359
    55 -4.142002 0.366661 0.479524 -0.357972 0.223434 -0.164606
    56 -4.718260 0.116769 0.655112 -0.045597 0.272406 -0.034478
    57 -4.926371 -0.028127 0.760079 0.026030 0.315468 0.030313
    58 -5.144557 -0.063574 0.930238 0.016098 0.347024 0.029524
    59 -5.814746 0.080996 1.110869 -0.002046 0.380679 -0.028859
    60 -5.320343 0.350850 1.250626 0.053359 0.509197 -0.164784
    61 -3.019703 0.400819 0.697614 0.471348 0.462216 -0.291610
    62 -3.845418 1.387422 0.660539 1.189787 0.262396 -0.638889
    63 -11.204095 -5.674611 9.498478 -1.116941 -1.424750 -0.272770
    64 -0.269144 -22.062255 -2.883622 0.091259 -0.012670 -0.034027
    65 -8.003747 -6.000107 -9.314304 1.582989 -1.375006 -2.926309
    66 1.291627 -15.514588 -3.241560 0.266129 0.000110 0.035727
    67 -12.521675 11.793078 -9.009843 1.428364 -1.376902 -2.928790
    68 0.785919 -24.943205 -6.367158 0.371503 -0.004990 0.055701
    69 -10.702515 8.802661 -6.746493 -1.525122 -1.256720 -0.181227
    70 -0.641310 -11.527770 1.210022 0.000000 0.000000 0.000000
    71 -0.227785 -19.832262 -4.903650 0.289431 -0.002108 0.043612
    72 -13.047045 10.771064 13.323422 -1.129221 -0.957515 -0.924874
    73 -0.991148 -23.090739 -3.102065 0.383765 -0.003385 -0.146953
    74 49.389511 35.067635 12.791991 -1.037544 0.423055 2.039819
    75 4.004551 6.047380 1.789420 -0.260261 0.121942 2.111929
  time 25
    0 25.745050 33.373430 47.912505 -0.048574 -0.081411 -2.249506
    1 0.623699 0.000001 0.000000 3.141497 -1.554703 1.570706
    2 5.131857 -0.003106 -0.082027 -0.000879 0.016070 -0.054666
    3 3.906100 -0.003271 0.000004 -0.002072 0.018708 -0.076425
    4 4.135916 -0.008526 -0.000664 0.079626 0.039549 -0.003942
    5 10.751883 -0.002617 0.000053 -0.018636 0.003823 0.186243
    6 3.346632 -0.003643 -0.000026 0.007634 -0.014501 -0.038971
    7 4.579823 0.000001 -0.000001 0.446673 -0.101509 -0.024248
    8 -3.297148 -1.150500 2.858143 0.358256 -1.157831 2.624032
    9 6.038858 -0.000001 -0.000004 1.022719 0.446675 -0.660083
    10 17.594549 0.000002 -0.000005 0.000000 0.000000 -0.703699
    11 17.982988 -0.000001 -0.000003 -2.334772 0.434364 -0.374103
    12 2.813693 0.799024 -0.493426 2.411861 0.529184 1.109476
    13 2.065372 0.000002 0.000001 0.000000 0.000000 0.649378
    14 2.094708 -0.000001 -0.000001 0.000000 0.000000 1.093020
    15 7.522001 -0.014964 -1.158106 -0.027860 -0.069734 0.911640
    16 3.200830 -0.000003 0.000001 0.000000 0.000000 1.665632
    17 2.731236 -0.000001 -0.000001 0.000000 0.000000 1.605775
    18 7.599252 -0.144512 0.591977 -0.045786 -0.060676 0.993575
    19 3.840993 -0.000001 0.000001 0.000000 0.000000 1.756866
    20 3.277483 -0.000001 0.000000 0.000000 0.000000 1.937387
    21 7.447639 -0.525788 2.367264 -0.140593 -0.120304 1.040167
    22 1.595202 -0.000004 0.000001 0.000000 0.000000 0.255811
    23 1.772444 0.000001 -0.000002 0.000000 0.000000 1.067979
    24 2.572627 0.731521 -2.511554 -0.244396 0.018184 3.134541
    25 -3.277620 -1.041106 -2.920651 -0.077777 1.370509 2.878310
    26 6.038855 0.000001 0.000005 -0.757035 -0.760707 -0.034127
    27 17.594559 0.000001 -0.000001 0.000000 0.000000 -0.266412
    28 17.982981 0.000003 0.000000 2.108069 0.460532 -1.197585
    29 2.813690 0.799023 0.493428 -2.853948 0.431188 1.731441
    30 2.065371 0.000000 0.000000 0.000000 0.000000 0.912348
    31 2.094707 -0.000003 0.000001 0.000000 0.000000 0.685149
    32 7.522000 -0.014961 1.158106 -0.175699 -0.043345 1.404093
    33 3.200826 0.000001 0.000001 0.000000 0.000000 1.350783
    34 2.731234 -0.000003 -0.000001 0.000000 0.000000 0.924201
    35 7.599249 -0.144510 -0.591981 -0.160061 -0.087250 1.261723
    36 3.840996 0.000001 0.000002 0.000000 0.000000 1.649531
    37 3.277483 0.000000 -0.000004 0.000000 0.000000 1.255814
    38 7.447635 -0.525788 -2.367259 0.127913 0.133733 0.940103
    39 1.595202 0.000000 -0.000004 0.000000 0.000000 0.756708
    40 1.772447 -0.000002 0.000002 0.000000 0.000000 1.255814
    41 2.963612 0.324628 1.962029 -2.408182 0.012915 -3.260935
    42 -5.226302 -0.279377 6.425844 2.834226 -0.166440 2.784312
    43 22.311968 0.000000 0.000000 0.000000 0.000000 -0.750038
    44 22.311968 0.000001 0.000000 0.023135 0.046969 0.387121
    45 5.131751 6.470467 0.000002 0.000000 0.000000 1.570796
    46 -5.023180 -0.271532 -6.425843 -3.021898 -0.132382 3.231699
    47 22.311960 0.000001 -0.000001 0.000000 0.000000 -0.370822
    48 22.311968 0.000001 0.000001 0.219246 -0.088727 0.335040
    49 5.131751 6.470464 -0.000001 0.000000 0.000000 1.570796
    50 1.732514 13.268860 0.716685 3.141592 -1.570796 0.000000
    51 -0.224366 0.272609 -0.034534 0.011457 -0.103295 0.790141
    52 -3.526242 -5.050867 -3.638087 0.007629 -1.136208 1.221728
    53 -3.733108 0.126942 -0.417931 -0.355131 -0.232654 -0.079402
    54 -4.370892 0.498662 -0.527990 -1.616289 -0.231527 -0.234338
    55 -4.145909 0.351036 0.491243 -0.337596 0.228925 -0.157751
    56 -4.726073 0.108957 0.659018 -0.040983 0.273029 -0.031314
    57 -4.945902 -0.028127 0.763985 0.027480 0.314617 0.032387
    58 -5.175808 -0.067480 0.930238 0.016720 0.344591 0.031178
    59 -5.857716 0.077090 1.106962 -0.001632 0.377551 -0.026757
    60 -5.351594 0.346944 1.250626 0.052725 0.507852 -0.161811
    61 -3.015797 0.400819 0.701520 0.474111 0.466325 -0.290697
    62 -3.833699 1.395235 0.668352 1.202821 0.266194 -0.644162
    63 -11.204095 -5.674611 9.498478 -1.116941 -1.424750 -0.272770
    64 -0.269144 -22.062255 -2.883622 0.091259 -0.012670 -0.034027
    65 -8.003747 -6.000107 -9.314304 1.582989 -1.375006 -2.926309
    66 1.291627 -15.514588 -3.241560 0.266129 0.000110 0.035727
    67 -12.521675 11.793078 -9.009843 1.428364 -1.376902 -2.928790
    68 0.785919 -24.943205 -6.367158 0.371503 -0.004990 0.055701
    69 -10.702515 8.802661 -6.746493 -1.525122 -1.256720 -0.181227
    70 -0.641310 -11.527770 1.210022 0.000000 0.000000 0.000000
    71 -0.227785 -19.832262 -4.903650 0.289431 -0.002108 0.043612
    72 -13.047045 10.771064 13.323422 -1.129221 -0.957515 -0.924874
    73 -0.991148 -23.090739 -3.102065 0.383765 -0.003385 -0.146953
    74 49.389511 35.067635 12.791991 -1.037544 0.423055 2.039819
    75 4.004551 6.047380 1.789420 -0.260261 0.121942 2.111929
  time 26
    0 26.709216 34.532788 48.330486 -0.053691 -0.072567 -2.249315
    1 0.623699 0.000001 0.000000 -3.141592 -1.554703 1.570706
    2 5.131857 -0.003106 -0.082027 -0.000879 0.016070 -0.054666
    3 3.906100 -0.003271 0.000004 -0.001702 0.024137 -0.082909
    4 4.135916 -0.008526 -0.000664 0.078348 0.045529 -0.029929
    5 10.751883 -0.002617 0.000053 -0.018648 0.003823 0.186243
    6 3.346632 -0.003643 -0.000026 0.007634 -0.014501 -0.038971
    7 4.579823 0.000001 -0.000001 0.445324 -0.110543 0.009037
    8 -3.297148 -1.150500 2.858143 0.358256 -1.157831 2.624032
    9 6.038858 -0.000001 -0.000004 1.035615 0.480119 -0.647274
    10 17.594549 0.000002 -0.000005 0.000000 0.000000 -0.697232
    11 17.982988 -0.000001 -0.000003 -2.330819 0.425795 -0.371429
    12 2.813693 0.799024 -0.493426 2.411861 0.529184 1.109476
    13 2.065372 0.000002 0.000001 0.000000 0.000000 0.649378
    14 2.094708 -0.000001 -0.000001 0.000000 0.000000 1.093020
    15 7.522001 -0.014964 -1.158106 -0.027860 -0.069746 0.911640
    16 3.200830 -0.000003 0.000001 0.000000 0.000000 1.665632
    17 2.731236 -0.000001 -0.000001 0.000000 0.000000 1.605775
    18 7.599252 -0.144512 0.591977 -0.045786 -0.060676 0.993575
    19 3.840993 -0.000001 0.000001 0.000000 0.000000 1.756866
    20 3.277483 -0.000001 0.000000 0.000000 0.000000 1.937387
    21 7.447639 -0.525788 2.367264 -0.140593 -0.120304 1.040167
    22 1.595202 -0.000004 0.000001 0.000000 0.000000 0.255811
    23 1.772444 0.000001 -0.000002 0.000000 0.000000 1.067979
    24 2.572627 0.731521 -2.511554 -0.244396 0.018184 3.134541
    25 -3.277620 -1.041106 -2.920651 -0.077777 1.370509 2.878310
    26 6.038855 0.000001 0.000005 -0.797518 -0.747545 -0.001367
    27 17.594559 0.000001 -0.000001 0.000000 0.000000 -0.267023
    28 17.982981 0.000003 0.000000 2.105463 0.466049 -1.203397
    29 2.813690 0.799023 0.493428 -2.853948 0.431188 1.731441
    30 2.065371 0.000000 0.000000 0.000000 0.000000 0.912348
    31 2.094707 -0.000003 0.000001 0.000000 0.000000 0.685149
    32 7.522000 -0.014961 1.158106 -0.175699 -0.043345 1.404093
    33 3.200826 0.000001 0.000001 0.000000 0.000000 1.350783
    34 2.731234 -0.000003 -0.000001 0.000000 0.000000 0.924201
    35 7.599249 -0.144510 -0.591981 -0.160061 -0.087250 1.261723
    36 3.840996 0.000001 0.000002 0.000000 0.000000 1.649531
    37 3.277483 0.000000 -0.000004 0.000000 0.000000 1.255814
    38 7.447635 -0.525788 -2.367259 0.127913 0.133719 0.940083
    39 1.595202 0.000000 -0.000004 0.000000 0.000000 0.756708
    40 1.772447 -0.000002 0.000002 0.000000 0.000000 1.255814
    41 2.963612 0.324628 1.962029 -2.408182 0.012915 -3.260935
    42 -5.226302 -0.279377 6.425844 2.844664 -0.179249 2.825661
    43 22.311968 0.000000 0.000000 0.000000 0.000000 -0.743077
    44 22.311968 0.000001 0.000000 0.014160 0.020661 0.377948
    45 5.131751 6.470467 0.000002 0.000000 0.000000 1.570796
    46 -5.023180 -0.271532 -6.425843 -3.017129 -0.139315 3.222273
    47 22.311960 0.000001 -0.000001 0.000000 0.000000 -0.301140
    48 22.311968 0.000001 0.000001 0.215085 -0.090754 0.265410
    49 5.131751 6.470464 -0.000001 0.000000 0.000000 1.570796
    50 1.732514 13.268860 0.716685 3.141592 -1.570796 0.000000
    51 -0.224366 0.272609 -0.034534 0.001582 -0.100635 0.790341
    52 -3.518429 -5.015710 -3.696682 0.007845 -1.146431 1.219604
    53 -3.733108 0.126942 -0.417931 -0.375841 -0.232474 -0.080001
    54 -4.370892 0.514287 -0.520177 -1.629666 -0.226038 -0.240174
    55 -4.145909 0.335410 0.502962 -0.312196 0.235286 -0.148966
    56 -4.733885 0.101144 0.662925 -0.034895 0.274060 -0.027035
    57 -4.965434 -0.035939 0.767892 0.029937 0.314305 0.035874
    58 -5.210966 -0.075293 0.930238 0.017792 0.342493 0.034087
    59 -5.908499 0.069277 1.106962 -0.001079 0.373881 -0.024392
    60 -5.390658 0.343038 1.250626 0.053067 0.504148 -0.159920
    61 -3.023609 0.400819 0.705426 0.478113 0.467497 -0.292208
    62 -3.821980 1.410860 0.668352 1.204258 0.264821 -0.652072
    63 -11.204095 -5.674611 9.498478 -1.116941 -1.424750 -0.272770
    64 -0.269144 -22.062255 -2.883622 0.091259 -0.012670 -0.034027
    65 -8.003747 -6.000107 -9.314304 1.582989 -1.375006 -2.926309
    66 1.291627 -15.514588 -3.241560 0.266129 0.000110 0.035727
    67 -12.521675 11.793078 -9.009843 1.428364 -1.376902 -2.928790
    68 0.785919 -24.943205 -6.367158 0.371503 -0.004990 0.055701
    69 -10.702515 8.802661 -6.746493 -1.525122 -1.256720 -0.181227
    70 -0.641310 -11.527770 1.210022 0.000000 0.000000 0.000000
    71 -0.227785 -19.832262 -4.903650 0.289431 -0.002108 0.043612
    72 -13.047045 10.771064 13.323422 -1.129221 -0.957515 -0.924874
    73 -0.991148 -23.090739 -3.102065 0.383765 -0.003385 -0.146953
    74 49.389511 35.067635 12.791991 -1.037544 0.423055 2.039819
    75 4.004551 6.047380 1.789420 -0.260261 0.121942 2.111929
  time 27
    0 27.630411 35.653082 48.705498 -0.059587 -0.062655 -2.249267
    1 0.623699 0.000001 0.000000 3.141592 -1.554703 1.570706
    2 5.131857 -0.003106 -0.082027 -0.000879 0.016070 -0.054666
    3 3.906100 -0.003271 0.000004 -0.001387 0.030237 -0.090747
    4 4.135916 -0.008526 -0.000664 0.076812 0.052588 -0.058031
    5 10.751883 -0.002617 0.000053 -0.018636 0.003823 0.186243
    6 3.346632 -0.003643 -0.000026 0.007634 -0.014501 -0.038971
    7 4.579823 0.000001 -0.000001 0.443436 -0.121091 0.045925
    8 -3.297148 -1.150500 2.858143 0.358256 -1.157831 2.624032
    9 6.038858 -0.000001 -0.000004 1.051108 0.510569 -0.629450
    10 17.594549 0.000002 -0.000005 0.000000 0.000000 -0.703839
    11 17.982988 -0.000001 -0.000003 -2.325270 0.413225 -0.359518
    12 2.813693 0.799024 -0.493426 2.411861 0.529184 1.109476
    13 2.065372 0.000002 0.000001 0.000000 0.000000 0.649378
    14 2.094708 -0.000001 -0.000001 0.000000 0.000000 1.093020
    15 7.522001 -0.014964 -1.158106 -0.027860 -0.069734 0.911640
    16 3.200830 -0.000003 0.000001 0.000000 0.000000 1.665632
    17 2.731236 -0.000001 -0.000001 0.000000 0.000000 1.605775
    18 7.599252 -0.144512 0.591977 -0.045786 -0.060676 0.993575
    19 3.840993 -0.000001 0.000001 0.000000 0.000000 1.756866
    20 3.277483 -0.000001 0.000000 0.000000 0.000000 1.937387
    21 7.447639 -0.525788 2.367264 -0.140593 -0.120304 1.040167
    22 1.595202 -0.000004 0.000001 0.000000 0.000000 0.255811
    23 1.772444 0.000001 -0.000002 0.000000 0.000000 1.067979
    24 2.572627 0.731521 -2.511554 -0.244396 0.018184 3.134541
    25 -3.277620 -1.041106 -2.920651 -0.077777 1.370509 2.878310
    26 6.038855 0.000001 0.000005 -0.840271 -0.730081 0.032199
    27 17.594559 0.000001 -0.000001 0.000000 0.000000 -0.268178
    28 17.982981 0.000003 0.000000 2.100745 0.473953 -1.213688
    29 2.813690 0.799023 0.493428 -2.853948 0.431188 1.731441
    30 2.065371 0.000000 0.000000 0.000000 0.000000 0.912348
    31 2.094707 -0.000003 0.000001 0.000000 0.000000 0.685149
    32 7.522000 -0.014961 1.158106 -0.175699 -0.043345 1.404093
    33 3.200826 0.000001 0.000001 0.000000 0.000000 1.350783
    34 2.731234 -0.000003 -0.000001 0.000000 0.000000 0.924201
    35 7.599249 -0.144510 -0.591981 -0.160061 -0.087250 1.261723
    36 3.840996 0.000001 0.000002 0.000000 0.000000 1.649577
    37 3.277483 0.000000 -0.000004 0.000000 0.000000 1.255814
    38 7.447635 -0.525788 -2.367259 0.127913 0.133733 0.940083
    39 1.595202 0.000000 -0.000004 0.000000 0.000000 0.756708
    40 1.772447 -0.000002 0.000002 0.000000 0.000000 1.255814
    41 2.963612 0.324628 1.962029 -2.408182 0.012915 -3.260935
    42 -5.226302 -0.279377 6.425844 2.854468 -0.191660 2.871248
    43 22.311968 0.000000 0.000000 0.000000 0.000000 -0.728759
    44 22.311968 0.000001 0.000000 0.005544 -0.006201 0.364382
    45 5.131751 6.470467 0.000002 0.000000 0.000000 1.570796
    46 -5.023180 -0.271532 -6.425843 -3.015367 -0.149814 3.229964
    47 22.311960 0.000001 -0.000001 0.000000 0.000000 -0.198885
    48 22.311968 0.000001 0.000001 0.211277 -0.093219 0.181375
    49 5.131751 6.470464 -0.000001 0.000000 0.000000 1.570796
    50 1.732514 13.268860 0.716685 3.141592 -1.570796 0.000000
    51 -0.224366 0.272609 -0.034534 -0.009612 -0.097746 0.790689
    52 -3.506710 -4.972739 -3.763090 0.008084 -1.157912 1.216666
    53 -3.733108 0.130848 -0.417931 -0.401913 -0.232270 -0.080816
    54 -4.370892 0.529913 -0.500645 -1.638037 -0.218680 -0.247365
    55 -4.149815 0.315879 0.518588 -0.285028 0.241737 -0.139235
    56 -4.741698 0.089425 0.666831 -0.028087 0.275294 -0.022098
    57 -4.981060 -0.047658 0.771798 0.033029 0.314353 0.040368
    58 -5.242217 -0.087012 0.934144 0.019105 0.340600 0.037781
    59 -5.967094 0.061464 1.106962 -0.000481 0.369881 -0.021764
    60 -5.445347 0.343038 1.246719 0.053892 0.499193 -0.158370
    61 -3.031422 0.404726 0.705426 0.483163 0.467179 -0.295074
    62 -3.810261 1.430392 0.656633 1.200041 0.260467 -0.661837
    63 -11.204095 -5.674611 9.498478 -1.116941 -1.424750 -0.272770
    64 -0.269144 -22.062255 -2.883622 0.091259 -0.012670 -0.034027
    65 -8.003747 -6.000107 -9.314304 1.582989 -1.375006 -2.926309
    66 1.291627 -15.514588 -3.241560 0.266129 0.000110 0.035727
    67 -12.521675 11.793078 -9.009843 1.428364 -1.376902 -2.928790
    68 0.785919 -24.943205 -6.367158 0.371503 -0.004990 0.055701
    69 -10.702515 8.802661 -6.746493 -1.525122 -1.256720 -0.181227
    70 -0.641310 -11.527770 1.210022 0.000000 0.000000 0.000000
    71 -0.227785 -19.832262 -4.903650 0.289431 -0.002108 0.043612
    72 -13.047045 10.771064 13.323422 -1.129221 -0.957515 -0.924874
    73 -0.991148 -23.090739 -3.102065 0.383765 -0.003385 -0.146953
    74 49.389511 35.067635 12.791991 -1.037544 0.423055 2.039819
    75 4.004551 6.047380 1.789420 -0.260261 0.121942 2.111929
  time 28
    0 28.500824 36.749937 48.990663 -0.065759 -0.052445 -2.249315
    1 0.623699 0.000001 0.000000 3.141592 -1.554703 1.570706
    2 5.131857 -0.003106 -0.082027 -0.000879 0.016070 -0.054666
    3 3.906100 -0.003271 0.000004 -0.001147 0.036625 -0.099160
    4 4.135916 -0.008526 -0.000664 0.075098 0.059899 -0.085842
    5 10.751883 -0.002617 0.000053 -0.018648 0.003823 0.186243
    6 3.346632 -0.003643 -0.000026 0.007634 -0.014501 -0.038971
    7 4.579823 0.000001 -0.000001 0.441132 -0.132142 0.083228
    8 -3.297148 -1.150500 2.858143 0.358256 -1.157831 2.624032
    9 6.038858 -0.000001 -0.000004 1.067993 0.536477 -0.608491
    10 17.594549 0.000002 -0.000005 0.000000 0.000000 -0.720334
    11 17.982988 -0.000001 -0.000003 -2.318695 0.398306 -0.341155
    12 2.813693 0.799024 -0.493426 2.411861 0.529184 1.109476
    13 2.065372 0.000002 0.000001 0.000000 0.000000 0.649378
    14 2.094708 -0.000001 -0.000001 0.000000 0.000000 1.093020
    15 7.522001 -0.014964 -1.158106 -0.027860 -0.069746 0.911640
    16 3.200830 -0.000003 0.000001 0.000000 0.000000 1.665632
    17 2.731236 -0.000001 -0.000001 0.000000 0.000000 1.605775
    18 7.599252 -0.144512 0.591977 -0.045786 -0.060676 0.993575
    19 3.840993 -0.000001 0.000001 0.000000 0.000000 1.756866
    20 3.277483 -0.000001 0.000000 0.000000 0.000000 1.937387
    21 7.447639 -0.525788 2.367264 -0.140593 -0.120304 1.040167
    22 1.595202 -0.000004 0.000001 0.000000 0.000000 0.255811
    23 1.772444 0.000001 -0.000002 0.000000 0.000000 1.067979
    24 2.572627 0.731521 -2.511554 -0.244396 0.018184 3.134541
    25 -3.277620 -1.041106 -2.920651 -0.077777 1.370509 2.878310
    26 6.038855 0.000001 0.000005 -0.881351 -0.710465 0.063476
    27 17.594559 0.000001 -0.000001 0.000000 0.000000 -0.269349
    28 17.982981 0.000003 0.000000 2.094468 0.483347 -1.227122
    29 2.813690 0.799023 0.493428 -2.853948 0.431188 1.731441
    30 2.065371 0.000000 0.000000 0.000000 0.000000 0.912348
    31 2.094707 -0.000003 0.000001 0.000000 0.000000 0.685149
    32 7.522000 -0.014961 1.158106 -0.175699 -0.043345 1.404093
    33 3.200826 0.000001 0.000001 0.000000 0.000000 1.350783
    34 2.731234 -0.000003 -0.000001 0.000000 0.000000 0.924201
    35 7.599249 -0.144510 -0.591981 -0.160061 -0.087250 1.261723
    36 3.840996 0.000001 0.000002 0.000000 0.000000 1.649531
    37 3.277483 0.000000 -0.000004 0.000000 0.000000 1.255852
    38 7.447635 -0.525788 -2.367259 0.127913 0.133733 0.940103
    39 1.595202 0.000000 -0.000004 0.000000 0.000000 0.756708
    40 1.772447 -0.000002 0.000002 0.000000 0.000000 1.255814
    41 2.963612 0.324628 1.962029 -2.408182 0.012915 -3.260935
    42 -5.226302 -0.279377 6.425844 2.862390 -0.202142 2.926059
    43 22.311968 0.000000 0.000000 0.000000 0.000000 -0.699226
    44 22.311968 0.000001 0.000000 -0.002664 -0.033762 0.353259
    45 5.131751 6.470467 0.000002 0.000000 0.000000 1.570796
    46 -5.023180 -0.271532 -6.425843 -3.022594 -0.167533 3.286661
    47 22.311960 0.000001 -0.000001 0.000000 0.000000 -0.001681
    48 22.311968 0.000001 0.000001 0.208063 -0.096520 0.051475
    49 5.131751 6.470464 -0.000001 0.000000 0.000000 1.570796
    50 1.732514 13.268860 0.716685 3.141592 -1.570796 0.000000
    51 -0.224366 0.272609 -0.034534 -0.021201 -0.094858 0.791038
    52 -3.498897 -4.925863 -3.829499 0.008360 -1.169765 1.213229
    53 -3.733108 0.130848 -0.417931 -0.432006 -0.232007 -0.081751
    54 -4.370892 0.545538 -0.485020 -1.640130 -0.209811 -0.255287
    55 -4.149815 0.292440 0.530307 -0.258698 0.247645 -0.129383
    56 -4.745604 0.077706 0.670738 -0.021232 0.276481 -0.016944
    57 -4.996685 -0.059377 0.775704 0.036312 0.314581 0.045294
    58 -5.277374 -0.094825 0.938050 0.020453 0.338982 0.041752
    59 -6.025690 0.053651 1.106962 0.000072 0.365911 -0.019031
    60 -5.492223 0.343038 1.242813 0.055058 0.493700 -0.157329
    61 -3.043141 0.408632 0.701520 0.488594 0.465818 -0.298727
    62 -3.798542 1.449924 0.644913 1.191895 0.254040 -0.672237
    63 -11.204095 -5.674611 9.498478 -1.116941 -1.424750 -0.272770
    64 -0.269144 -22.062255 -2.883622 0.091259 -0.012670 -0.034027
    65 -8.003747 -6.000107 -9.314304 1.582989 -1.375006 -2.926309
    66 1.291627 -15.514588 -3.241560 0.266129 0.000110 0.035727
    67 -12.521675 11.793078 -9.009843 1.428364 -1.376902 -2.928790
    68 0.785919 -24.943205 -6.367158 0.371503 -0.004990 0.055701
    69 -10.702515 8.802661 -6.746493 -1.525122 -1.256720 -0.181227
    70 -0.641310 -11.527770 1.210022 0.000000 0.000000 0.000000
    71 -0.227785 -19.832262 -4.903650 0.289431 -0.002108 0.043612
    72 -13.047045 10.771064 13.323422 -1.129221 -0.957515 -0.924874
    73 -0.991148 -23.090739 -3.102065 0.383765 -0.003385 -0.146953
    74 49.389511 35.067635 12.791991 -1.037544 0.423055 2.039819
    75 4.004551 6.047380 1.789420 -0.260261 0.121942 2.111929
  time 29
    0 29.339985 37.831168 49.123479 -0.071644 -0.042749 -2.249411
    1 0.623699 0.000001 0.000000 3.141592 -1.554703 1.570706
    2 5.131857 -0.003106 -0.082027 -0.000879 0.016070 -0.054666
    3 3.906100 -0.003271 0.000004 -0.000980 0.042857 -0.107417
    4 4.135916 -0.008526 -0.000664 0.073358 0.066646 -0.110972
    5 10.751883 -0.002617 0.000053 -0.018648 0.003823 0.186243
    6 3.346632 -0.003643 -0.000026 0.007634 -0.014501 -0.038971
    7 4.579823 0.000001 -0.000001 0.438631 -0.142689 0.117649
    8 -3.297148 -1.150500 2.858143 0.358256 -1.157831 2.624032
    9 6.038858 -0.000001 -0.000004 1.084786 0.556437 -0.586726
    10 17.594549 0.000002 -0.000005 0.000000 0.000000 -0.743108
    11 17.982988 -0.000001 -0.000003 -2.311663 0.382778 -0.319189
    12 2.813693 0.799024 -0.493426 2.411861 0.529184 1.109476
    13 2.065372 0.000002 0.000001 0.000000 0.000000 0.649378
    14 2.094708 -0.000001 -0.000001 0.000000 0.000000 1.093020
    15 7.522001 -0.014964 -1.158106 -0.027860 -0.069746 0.911640
    16 3.200830 -0.000003 0.000001 0.000000 0.000000 1.665632
    17 2.731236 -0.000001 -0.000001 0.000000 0.000000 1.605775
    18 7.599252 -0.144512 0.591977 -0.045786 -0.060676 0.993575
    19 3.840993 -0.000001 0.000001 0.000000 0.000000 1.756866
    20 3.277483 -0.000001 0.000000 0.000000 0.000000 1.937387
    21 7.447639 -0.525788 2.367264 -0.140593 -0.120304 1.040167
    22 1.595202 -0.000004 0.000001 0.000000 0.000000 0.255811
    23 1.772444 0.000001 -0.000002 0.000000 0.000000 1.067979
    24 2.572627 0.731521 -2.511554 -0.244396 0.018184 3.134541
    25 -3.277620 -1.041106 -2.920651 -0.077777 1.370509 2.878310
    26 6.038855 0.000001 0.000005 -0.917655 -0.691135 0.090048
    27 17.594559 0.000001 -0.000001 0.000000 0.000000 -0.270091
    28 17.982981 0.000003 0.000000 2.087221 0.493338 -1.242415
    29 2.813690 0.799023 0.493428 -2.853948 0.431188 1.731441
    30 2.065371 0.000000 0.000000 0.000000 0.000000 0.912348
    31 2.094707 -0.000003 0.000001 0.000000 0.000000 0.685149
    32 7.522000 -0.014961 1.158106 -0.175699 -0.043345 1.404093
    33 3.200826 0.000001 0.000001 0.000000 0.000000 1.350783
    34 2.731234 -0.000003 -0.000001 0.000000 0.000000 0.924201
    35 7.599249 -0.144510 -0.591981 -0.160061 -0.087250 1.261723
    36 3.840996 0.000001 0.000002 0.000000 0.000000 1.649531
    37 3.277483 0.000000 -0.000004 0.000000 0.000000 1.255814
    38 7.447635 -0.525788 -2.367259 0.127913 0.133719 0.940083
    39 1.595202 0.000000 -0.000004 0.000000 0.000000 0.756708
    40 1.772447 -0.000002 0.000002 0.000000 0.000000 1.255814
    41 2.963612 0.324628 1.962029 -2.408182 0.012915 -3.260935
    42 -5.226302 -0.279377 6.425844 2.863013 -0.203655 3.014068
    43 22.311968 0.000000 0.000000 0.000000 0.000000 -0.613427
    44 22.311968 0.000001 0.000000 -0.010368 -0.062412 0.358300
    45 5.131751 6.470467 0.000002 0.000000 0.000000 1.570796
    46 -5.023180 -0.271532 -6.425843 -3.014947 -0.173784 3.245909
    47 22.311960 0.000001 -0.000001 0.000000 0.000000 -0.001681
    48 22.311968 0.000001 0.000001 0.205686 -0.100506 0.021364
    49 5.131751 6.470464 -0.000001 0.000000 0.000000 1.570796
    50 1.732514 13.268860 0.716685 3.141592 -1.570796 0.000000
    51 -0.224366 0.272609 -0.034534 -0.032239 -0.092126 0.791337
    52 -3.491084 -4.882893 -3.892001 0.008612 -1.181018 1.209666
    53 -3.733108 0.130848 -0.417931 -0.463939 -0.231731 -0.082698
    54 -4.370892 0.565070 -0.461582 -1.635944 -0.200032 -0.263173
    55 -4.149815 0.276815 0.542026 -0.235809 0.252537 -0.120491
    56 -4.749511 0.065987 0.674644 -0.014796 0.277511 -0.011911
    57 -5.008404 -0.071097 0.775704 0.039452 0.314845 0.050148
    58 -5.304718 -0.102637 0.941957 0.021663 0.337592 0.045603
    59 -6.072566 0.045839 1.106962 0.000579 0.362302 -0.016561
    60 -5.543006 0.343038 1.238907 0.056340 0.488350 -0.156713
    61 -3.054860 0.412538 0.701520 0.493929 0.463778 -0.302758
    62 -3.786823 1.469456 0.625382 1.181258 0.246385 -0.682051
    63 -11.204095 -5.674611 9.498478 -1.116941 -1.424750 -0.272770
    64 -0.269144 -22.062255 -2.883622 0.091259 -0.012670 -0.034027
    65 -8.003747 -6.000107 -9.314304 1.582989 -1.375006 -2.926309
    66 1.291627 -15.514588 -3.241560 0.266129 0.000110 0.035727
    67 -12.521675 11.793078 -9.009843 1.428364 -1.376902 -2.928790
    68 0.785919 -24.943205 -6.367158 0.371503 -0.004990 0.055701
    69 -10.702515 8.802661 -6.746493 -1.525122 -1.256720 -0.181227
    70 -0.641310 -11.527770 1.210022 0.000000 0.000000 0.000000
    71 -0.227785 -19.832262 -4.903650 0.289431 -0.002108 0.043612
    72 -13.047045 10.771064 13.323422 -1.129221 -0.957515 -0.924874
    73 -0.991148 -23.090739 -3.102065 0.383765 -0.003385 -0.146953
    74 49.389511 35.067635 12.791991 -1.037544 0.423055 2.039819
    75 4.004551 6.047380 1.789420 -0.260261 0.121942 2.111929
  time 30
    0 30.159615 38.888960 49.115667 -0.076725 -0.034372 -2.249554
    1 0.623699 0.000001 0.000000 -3.141497 -1.554703 1.570706
    2 5.131857 -0.003106 -0.082027 -0.000879 0.016070 -0.054666
    3 3.906100 -0.003271 0.000004 -0.000888 0.048538 -0.114716
    4 4.135916 -0.008526 -0.000664 0.071835 0.072051 -0.131015
    5 10.751883 -0.002617 0.000053 -0.018648 0.003823 0.186243
    6 3.346632 -0.003643 -0.000026 0.007634 -0.014501 -0.038971
    7 4.579823 0.000001 -0.000001 0.436252 -0.151753 0.145932
    8 -3.297148 -1.150500 2.858143 0.358256 -1.157831 2.624032
    9 6.038858 -0.000001 -0.000004 1.099444 0.569147 -0.566842
    10 17.594549 0.000002 -0.000005 0.000000 0.000000 -0.768974
    11 17.982988 -0.000001 -0.000003 -2.304669 0.368424 -0.296317
    12 2.813693 0.799024 -0.493426 2.411861 0.529184 1.109476
    13 2.065372 0.000002 0.000001 0.000000 0.000000 0.649378
    14 2.094708 -0.000001 -0.000001 0.000000 0.000000 1.093020
    15 7.522001 -0.014964 -1.158106 -0.027860 -0.069746 0.911640
    16 3.200830 -0.000003 0.000001 0.000000 0.000000 1.665632
    17 2.731236 -0.000001 -0.000001 0.000000 0.000000 1.605775
    18 7.599252 -0.144512 0.591977 -0.045786 -0.060676 0.993575
    19 3.840993 -0.000001 0.000001 0.000000 0.000000 1.756866
    20 3.277483 -0.000001 0.000000 0.000000 0.000000 1.937387
    21 7.447639 -0.525788 2.367264 -0.140593 -0.120304 1.040167
    22 1.595202 -0.000004 0.000001 0.000000 0.000000 0.255811
    23 1.772444 0.000001 -0.000002 0.000000 0.000000 1.067979
    24 2.572627 0.731521 -2.511554 -0.244361 0.018184 3.134541
    25 -3.277620 -1.041106 -2.920651 -0.077777 1.370509 2.878310
    26 6.038855 0.000001 0.000005 -0.946316 -0.674714 0.110306
    27 17.594559 0.000001 -0.000001 0.000000 0.000000 -0.269877
    28 17.982981 0.000003 0.000000 2.079669 0.503031 -1.258041
    29 2.813690 0.799023 0.493428 -2.853948 0.431188 1.731441
    30 2.065371 0.000000 0.000000 0.000000 0.000000 0.912348
    31 2.094707 -0.000003 0.000001 0.000000 0.000000 0.685149
    32 7.522000 -0.014961 1.158106 -0.175699 -0.043345 1.404093
    33 3.200826 0.000001 0.000001 0.000000 0.000000 1.350783
    34 2.731234 -0.000003 -0.000001 0.000000 0.000000 0.924201
    35 7.599249 -0.144510 -0.591981 -0.160061 -0.087250 1.261723
    36 3.840996 0.000001 0.000002 0.000000 0.000000 1.649531
    37 3.277483 0.000000 -0.000004 0.000000 0.000000 1.255814
    38 7.447635 -0.525788 -2.367259 0.127913 0.133719 0.940083
    39 1.595202 0.000000 -0.000004 0.000000 0.000000 0.756708
    40 1.772447 -0.000002 0.000002 0.000000 0.000000 1.255814
    41 2.963612 0.324628 1.962029 -2.408182 0.012915 -3.260935
    42 -5.226302 -0.279377 6.425844 2.869844 -0.214459 3.066987
    43 22.311968 0.000000 0.000000 0.000000 0.000000 -0.592255
    44 22.311968 0.000001 0.000000 -0.017447 -0.090085 0.347775
    45 5.131751 6.470467 0.000002 0.000000 0.000000 1.570796
    46 -5.023180 -0.271532 -6.425843 -3.007852 -0.179397 3.207150
    47 22.311960 0.000001 -0.000001 0.000000 0.000000 -0.001681
    48 22.311968 0.000001 0.000001 0.204233 -0.104889 -0.008010
    49 5.131751 6.470464 -0.000001 0.000000 0.000000 1.570796
    50 1.732514 13.268860 0.716685 3.141592 -1.570796 0.000000
    51 -0.224366 0.272609 -0.034534 -0.041778 -0.089753 0.791586
    52 -3.483271 -4.843829 -3.946690 0.008863 -1.190798 1.206417
    53 -3.733108 0.134754 -0.417931 -0.494335 -0.231407 -0.083524
    54 -4.370892 0.580695 -0.442050 -1.628119 -0.190576 -0.270172
    55 -4.149815 0.261189 0.549839 -0.217015 0.256252 -0.112857
    56 -4.753417 0.054267 0.678550 -0.009547 0.278278 -0.007668
    57 -5.016217 -0.078909 0.779611 0.042113 0.314989 0.054390
    58 -5.328157 -0.114356 0.941957 0.022718 0.336525 0.049031
    59 -6.111630 0.041932 1.103056 0.000947 0.359444 -0.014511
    60 -5.582070 0.343038 1.235000 0.057583 0.483822 -0.156586
    61 -3.066579 0.420351 0.697614 0.498503 0.461376 -0.306599
    62 -3.782916 1.488988 0.609756 1.169853 0.238585 -0.690010
    63 -11.204095 -5.674611 9.498478 -1.116941 -1.424750 -0.272770
    64 -0.269144 -22.062255 -2.883622 0.091259 -0.012670 -0.034027
    65 -8.003747 -6.000107 -9.314304 1.582989 -1.375006 -2.926309
    66 1.291627 -15.514588 -3.241560 0.266129 0.000110 0.035727
    67 -12.521675 11.793078 -9.009843 1.428364 -1.376902 -2.928790
    68 0.785919 -24.943205 -6.367158 0.371503 -0.004990 0.055701
    69 -10.702515 8.802661 -6.746493 -1.525122 -1.256720 -0.181227
    70 -0.641310 -11.527770 1.210022 0.000000 0.000000 0.000000
    71 -0.227785 -19.832262 -4.903650 0.289431 -0.002108 0.043612
    72 -13.047045 10.771064 13.323422 -1.129221 -0.957515 -0.924874
    73 -0.991148 -23.090739 -3.102065 0.383765 -0.003385 -0.146953
    74 49.389511 35.067635 12.791991 -1.037544 0.423055 2.039819
    75 4.004551 6.047380 1.789420 -0.260261 0.121942 2.111929
  time 31
    0 30.975338 39.927220 49.029726 -0.080465 -0.028080 -2.249650
    1 0.623699 0.000001 0.000000 -3.141497 -1.554703 1.570706
    2 5.131857 -0.003106 -0.082027 -0.000879 0.016070 -0.054666
    3 3.906100 -0.003271 0.000004 -0.000851 0.053248 -0.120324
    4 4.135916 -0.008526 -0.000664 0.070815 0.075335 -0.143548
    5 10.751883 -0.002617 0.000053 -0.018648 0.003823 0.186243
    6 3.346632 -0.003643 -0.000026 0.007634 -0.014501 -0.038971
    7 4.579823 0.000001 -0.000001 0.434438 -0.158366 0.164780
    8 -3.297148 -1.150500 2.858143 0.358256 -1.157831 2.624032
    9 6.038858 -0.000001 -0.000004 1.109928 0.573404 -0.551705
    10 17.594549 0.000002 -0.000005 0.000000 0.000000 -0.794701
    11 17.982988 -0.000001 -0.000003 -2.298094 0.357050 -0.275191
    12 2.813693 0.799024 -0.493426 2.411861 0.529184 1.109476
    13 2.065372 0.000002 0.000001 0.000000 0.000000 0.649378
    14 2.094708 -0.000001 -0.000001 0.000000 0.000000 1.093020
    15 7.522001 -0.014964 -1.158106 -0.027860 -0.069746 0.911640
    16 3.200830 -0.000003 0.000001 0.000000 0.000000 1.665632
    17 2.731236 -0.000001 -0.000001 0.000000 0.000000 1.605775
    18 7.599252 -0.144512 0.591977 -0.045786 -0.060676 0.993575
    19 3.840993 -0.000001 0.000001 0.000000 0.000000 1.756866
    20 3.277483 -0.000001 0.000000 0.000000 0.000000 1.937387
    21 7.447639 -0.525788 2.367264 -0.140593 -0.120304 1.040167
    22 1.595202 -0.000004 0.000001 0.000000 0.000000 0.255811
    23 1.772444 0.000001 -0.000002 0.000000 0.000000 1.067979
    24 2.572627 0.731521 -2.511554 -0.244396 0.018184 3.134541
    25 -3.277620 -1.041106 -2.920651 -0.077777 1.370509 2.878310
    26 6.038855 0.000001 0.000005 -0.964886 -0.663894 0.122893
    27 17.594559 0.000001 -0.000001 0.000000 0.000000 -0.268244
    28 17.982981 0.000003 0.000000 2.072536 0.511643 -1.272571
    29 2.813690 0.799023 0.493428 -2.853948 0.431188 1.731441
    30 2.065371 0.000000 0.000000 0.000000 0.000000 0.912348
    31 2.094707 -0.000003 0.000001 0.000000 0.000000 0.685149
    32 7.522000 -0.014961 1.158106 -0.175699 -0.043345 1.404093
    33 3.200826 0.000001 0.000001 0.000000 0.000000 1.350783
    34 2.731234 -0.000003 -0.000001 0.000000 0.000000 0.924201
    35 7.599249 -0.144510 -0.591981 -0.160061 -0.087250 1.261723
    36 3.840996 0.000001 0.000002 0.000000 0.000000 1.649531
    37 3.277483 0.000000 -0.000004 0.000000 0.000000 1.255814
    38 7.447635 -0.525788 -2.367259 0.127913 0.133733 0.940083
    39 1.595202 0.000000 -0.000004 0.000000 0.000000 0.756708
    40 1.772447 -0.000002 0.000002 0.000000 0.000000 1.255814
    41 2.963612 0.324628 1.962029 -2.408182 0.012915 -3.260935
    42 -5.226302 -0.279377 6.425844 2.875201 -0.222992 3.122652
    43 22.311968 0.000000 0.000000 0.000000 0.000000 -0.568248
    44 22.311968 0.000001 0.000000 -0.023855 -0.116633 0.334469
    45 5.131751 6.470467 0.000002 0.000000 0.000000 1.570796
    46 -5.023180 -0.271532 -6.425843 -3.001369 -0.183463 3.170853
    47 22.311960 0.000001 -0.000001 0.000000 0.000000 -0.001681
    48 22.311968 0.000001 0.000001 0.203682 -0.109258 -0.037080
    49 5.131751 6.470464 -0.000001 0.000000 0.000000 1.570796
    50 1.732514 13.268860 0.716685 3.141592 -1.570796 0.000000
    51 -0.224366 0.272609 -0.034534 -0.048873 -0.087919 0.791735
    52 -3.475459 -4.816485 -3.985753 0.009043 -1.198024 1.204104
    53 -3.733108 0.134754 -0.417931 -0.518633 -0.231192 -0.084124
    54 -4.370892 0.592415 -0.426424 -1.619838 -0.182882 -0.275325
    55 -4.153721 0.249470 0.557651 -0.203896 0.258699 -0.107356
    56 -4.753417 0.050361 0.678550 -0.005772 0.278626 -0.004540
    57 -5.020123 -0.086722 0.779611 0.044079 0.314941 0.057554
    58 -5.339876 -0.122169 0.941957 0.023478 0.335818 0.051614
    59 -6.135068 0.034120 1.103056 0.001131 0.357610 -0.013144
    60 -5.605508 0.343038 1.231094 0.058636 0.480688 -0.156968
    61 -3.070486 0.424257 0.693707 0.501647 0.458859 -0.309906
    62 -3.779010 1.500707 0.594131 1.158736 0.231573 -0.695039
    63 -11.204095 -5.674611 9.498478 -1.116941 -1.424750 -0.272770
    64 -0.269144 -22.062255 -2.883622 0.091259 -0.012670 -0.034027
    65 -8.003747 -6.000107 -9.314304 1.582989 -1.375006 -2.926309
    66 1.291627 -15.514588 -3.241560 0.266129 0.000110 0.035727
    67 -12.521675 11.793078 -9.009843 1.428364 -1.376902 -2.928790
    68 0.785919 -24.943205 -6.367158 0.371503 -0.004990 0.055701
    69 -10.702515 8.802661 -6.746493 -1.525122 -1.256720 -0.181227
    70 -0.641310 -11.527770 1.210022 0.000000 0.000000 0.000000
    71 -0.227785 -19.832262 -4.903650 0.289431 -0.002108 0.043612
    72 -13.047045 10.771064 13.323422 -1.129221 -0.957515 -0.924874
    73 -0.991148 -23.090739 -3.102065 0.383765 -0.003385 -0.146953
    74 49.389511 35.067635 12.791991 -1.037544 0.423055 2.039819
    75 4.004551 6.047380 1.789420 -0.260261 0.121942 2.111929
  time 32
    0 31.798875 40.942042 48.873472 -0.082814 -0.024041 -2.249698
    1 0.623699 0.000001 0.000000 -3.141592 -1.554703 1.570706
    2 5.131857 -0.003106 -0.082027 -0.000879 0.016070 -0.054666
    3 3.906100 -0.003271 0.000004 -0.000888 0.057610 -0.124783
    4 4.135916 -0.008526 -0.000664 0.070734 0.075551 -0.143435
    5 10.751883 -0.002617 0.000053 -0.018636 0.003823 0.186243
    6 3.346632 -0.003643 -0.000026 0.007634 -0.014501 -0.038971
    7 4.579823 0.000001 -0.000001 0.433310 -0.162516 0.169585
    8 -3.297148 -1.150500 2.858143 0.358256 -1.157831 2.624032
    9 6.038858 -0.000001 -0.000004 1.113360 0.562344 -0.542749
    10 17.594549 0.000002 -0.000005 0.000000 0.000000 -0.828018
    11 17.982988 -0.000001 -0.000003 -2.290378 0.348894 -0.250994
    12 2.813693 0.799024 -0.493426 2.411861 0.529184 1.109476
    13 2.065372 0.000002 0.000001 0.000000 0.000000 0.649378
    14 2.094708 -0.000001 -0.000001 0.000000 0.000000 1.093020
    15 7.522001 -0.014964 -1.158106 -0.027860 -0.069734 0.911640
    16 3.200830 -0.000003 0.000001 0.000000 0.000000 1.665632
    17 2.731236 -0.000001 -0.000001 0.000000 0.000000 1.605775
    18 7.599252 -0.144512 0.591977 -0.045786 -0.060676 0.993575
    19 3.840993 -0.000001 0.000001 0.000000 0.000000 1.756866
    20 3.277483 -0.000001 0.000000 0.000000 0.000000 1.937387
    21 7.447639 -0.525788 2.367264 -0.140593 -0.120304 1.040167
    22 1.595202 -0.000004 0.000001 0.000000 0.000000 0.255811
    23 1.772444 0.000001 -0.000002 0.000000 0.000000 1.067979
    24 2.572627 0.731521 -2.511554 -0.244396 0.018184 3.134541
    25 -3.277620 -1.041106 -2.920651 -0.077777 1.370509 2.878310
    26 6.038855 0.000001 0.000005 -0.969305 -0.661332 0.125648
    27 17.594559 0.000001 -0.000001 0.000000 0.000000 -0.263888
    28 17.982981 0.000003 0.000000 2.064622 0.520329 -1.288579
    29 2.813690 0.799023 0.493428 -2.853948 0.431188 1.731441
    30 2.065371 0.000000 0.000000 0.000000 0.000000 0.912348
    31 2.094707 -0.000003 0.000001 0.000000 0.000000 0.685149
    32 7.522000 -0.014961 1.158106 -0.175699 -0.043345 1.404093
    33 3.200826 0.000001 0.000001 0.000000 0.000000 1.350783
    34 2.731234 -0.000003 -0.000001 0.000000 0.000000 0.924201
    35 7.599249 -0.144510 -0.591981 -0.160061 -0.087250 1.261723
    36 3.840996 0.000001 0.000002 0.000000 0.000000 1.649531
    37 3.277483 0.000000 -0.000004 0.000000 0.000000 1.255814
    38 7.447635 -0.525788 -2.367259 0.127913 0.133733 0.940083
    39 1.595202 0.000000 -0.000004 0.000000 0.000000 0.756708
    40 1.772447 -0.000002 0.000002 0.000000 0.000000 1.255814
    41 2.963612 0.324628 1.962029 -2.408182 0.012915 -3.260935
    42 -5.226302 -0.279377 6.425844 2.879108 -0.229027 3.180027
    43 22.311968 0.000000 0.000000 0.000000 0.000000 -0.542017
    44 22.311968 0.000001 0.000000 -0.029711 -0.141226 0.317915
    45 5.131751 6.470467 0.000002 0.000000 0.000000 1.570796
    46 -5.023180 -0.271532 -6.425843 -2.995460 -0.185662 3.136877
    47 22.311960 0.000001 -0.000001 0.000000 0.000000 -0.001681
    48 22.311968 0.000001 0.000001 0.203859 -0.113298 -0.066181
    49 5.131751 6.470464 -0.000001 0.000000 0.000000 1.570796
    50 1.732514 13.268860 0.716685 3.141592 -1.570796 0.000000
    51 -0.224366 0.272609 -0.034534 -0.053379 -0.086697 0.791785
    52 -3.471552 -4.796953 -4.013098 0.009175 -1.202698 1.202729
    53 -3.733108 0.134754 -0.417931 -0.534678 -0.230976 -0.084435
    54 -4.370892 0.600227 -0.414705 -1.614652 -0.177956 -0.278321
    55 -4.153721 0.241658 0.557651 -0.195802 0.259732 -0.103784
    56 -4.753417 0.042548 0.678550 -0.003447 0.278290 -0.002575
    57 -5.020123 -0.090628 0.779611 0.045277 0.314413 0.059400
    58 -5.335969 -0.126076 0.941957 0.023997 0.335554 0.053159
    59 -6.127255 0.034120 1.103056 0.001224 0.357429 -0.012724
    60 -5.601601 0.346944 1.227188 0.059625 0.479438 -0.158497
    61 -3.074392 0.428164 0.689801 0.502695 0.455487 -0.312677
    62 -3.782916 1.500707 0.574599 1.145319 0.224591 -0.695381
    63 -11.204095 -5.674611 9.498478 -1.116941 -1.424750 -0.272770
    64 -0.269144 -22.062255 -2.883622 0.091259 -0.012670 -0.034027
    65 -8.003747 -6.000107 -9.314304 1.582989 -1.375006 -2.926309
    66 1.291627 -15.514588 -3.241560 0.266129 0.000110 0.035727
    67 -12.521675 11.793078 -9.009843 1.428364 -1.376902 -2.928790
    68 0.785919 -24.943205 -6.367158 0.371503 -0.004990 0.055701
    69 -10.702515 8.802661 -6.746493 -1.525122 -1.256720 -0.181227
    70 -0.641310 -11.527770 1.210022 0.000000 0.000000 0.000000
    71 -0.227785 -19.832262 -4.903650 0.289431 -0.002108 0.043612
    72 -13.047045 10.771064 13.323422 -1.129221 -0.957515 -0.924874
    73 -0.991148 -23.090739 -3.102065 0.383765 -0.003385 -0.146953
    74 49.389511 35.067635 12.791991 -1.037544 0.423055 2.039819
    75 4.004551 6.047380 1.789420 -0.260261 0.121942 2.111929
  time 33
    0 32.653662 41.933425 48.674247 -0.084048 -0.021920 -2.249698
    1 0.623699 0.000001 0.000000 3.141592 -1.554703 1.570706
    2 5.131857 -0.003106 -0.082027 -0.000879 0.016070 -0.054666
    3 3.906100 -0.003271 0.000004 -0.000999 0.061864 -0.128642
    4 4.135916 -0.008526 -0.000664 0.071604 0.073034 -0.130757
    5 10.751883 -0.002617 0.000053 -0.018636 0.003823 0.186243
    6 3.346632 -0.003643 -0.000026 0.007634 -0.014501 -0.038971
    7 4.579823 0.000001 -0.000001 0.432746 -0.164706 0.161024
    8 -3.297148 -1.150500 2.858143 0.358256 -1.157831 2.624032
    9 6.038858 -0.000001 -0.000004 1.109464 0.537006 -0.539703
    10 17.594549 0.000002 -0.000005 0.000000 0.000000 -0.868880
    11 17.982988 -0.000001 -0.000003 -2.281294 0.343109 -0.223327
    12 2.813693 0.799024 -0.493426 2.411861 0.529184 1.109476
    13 2.065372 0.000002 0.000001 0.000000 0.000000 0.649378
    14 2.094708 -0.000001 -0.000001 0.000000 0.000000 1.093020
    15 7.522001 -0.014964 -1.158106 -0.027860 -0.069734 0.911640
    16 3.200830 -0.000003 0.000001 0.000000 0.000000 1.665632
    17 2.731236 -0.000001 -0.000001 0.000000 0.000000 1.605775
    18 7.599252 -0.144512 0.591977 -0.045786 -0.060676 0.993575
    19 3.840993 -0.000001 0.000001 0.000000 0.000000 1.756866
    20 3.277483 -0.000001 0.000000 0.000000 0.000000 1.937387
    21 7.447639 -0.525788 2.367264 -0.140593 -0.120304 1.040167
    22 1.595202 -0.000004 0.000001 0.000000 0.000000 0.255811
    23 1.772444 0.000001 -0.000002 0.000000 0.000000 1.067979
    24 2.572627 0.731521 -2.511554 -0.244396 0.018184 3.134541
    25 -3.277620 -1.041106 -2.920651 -0.077777 1.370509 2.878310
    26 6.038855 0.000001 0.000005 -0.960169 -0.666141 0.118994
    27 17.594559 0.000001 -0.000001 0.000000 0.000000 -0.256910
    28 17.982981 0.000003 0.000000 2.055530 0.529314 -1.306778
    29 2.813690 0.799023 0.493428 -2.853948 0.431188 1.731441
    30 2.065371 0.000000 0.000000 0.000000 0.000000 0.912348
    31 2.094707 -0.000003 0.000001 0.000000 0.000000 0.685149
    32 7.522000 -0.014961 1.158106 -0.175699 -0.043345 1.404093
    33 3.200826 0.000001 0.000001 0.000000 0.000000 1.350783
    34 2.731234 -0.000003 -0.000001 0.000000 0.000000 0.924201
    35 7.599249 -0.144510 -0.591981 -0.160061 -0.087250 1.261723
    36 3.840996 0.000001 0.000002 0.000000 0.000000 1.649531
    37 3.277483 0.000000 -0.000004 0.000000 0.000000 1.255814
    38 7.447635 -0.525788 -2.367259 0.127913 0.133719 0.940083
    39 1.595202 0.000000 -0.000004 0.000000 0.000000 0.756708
    40 1.772447 -0.000002 0.000002 0.000000 0.000000 1.255814
    41 2.963612 0.324628 1.962029 -2.408182 0.012915 -3.260935
    42 -5.226302 -0.279377 6.425844 2.881781 -0.232584 3.237639
    43 22.311968 0.000000 0.000000 0.000000 0.000000 -0.514135
    44 22.311968 0.000001 0.000000 -0.035375 -0.163110 0.298476
    45 5.131751 6.470467 0.000002 0.000000 0.000000 1.570796
    46 -5.023180 -0.271532 -6.425843 -2.990031 -0.185936 3.104707
    47 22.311960 0.000001 -0.000001 0.000000 0.000000 -0.001681
    48 22.311968 0.000001 0.000001 0.204497 -0.116709 -0.095555
    49 5.131751 6.470464 -0.000001 0.000000 0.000000 1.570796
    50 1.732514 13.268860 0.716685 3.141592 -1.570796 0.000000
    51 -0.224366 0.272609 -0.034534 -0.055752 -0.086061 0.791785
    52 -3.467646 -4.789140 -4.028723 0.009247 -1.205095 1.201917
    53 -3.733108 0.134754 -0.417931 -0.542839 -0.230904 -0.084507
    54 -4.370892 0.604134 -0.410799 -1.612195 -0.175355 -0.279436
    55 -4.153721 0.237751 0.557651 -0.192173 0.259677 -0.101999
    56 -4.749511 0.042548 0.674644 -0.002608 0.277367 -0.001868
    57 -5.012311 -0.094535 0.775704 0.045936 0.313431 0.060251
    58 -5.316438 -0.126076 0.938050 0.024325 0.335734 0.053799
    59 -6.099911 0.034120 1.099150 0.001177 0.358692 -0.013092
    60 -5.578163 0.350850 1.227188 0.060678 0.479802 -0.161216
    61 -3.074392 0.432070 0.685894 0.502123 0.451103 -0.315228
    62 -3.790729 1.496801 0.558973 1.129027 0.217170 -0.691426
    63 -11.204095 -5.674611 9.498478 -1.116941 -1.424750 -0.272770
    64 -0.269144 -22.062255 -2.883622 0.091259 -0.012670 -0.034027
    65 -8.003747 -6.000107 -9.314304 1.582989 -1.375006 -2.926309
    66 1.291627 -15.514588 -3.241560 0.266129 0.000110 0.035727
    67 -12.521675 11.793078 -9.009843 1.428364 -1.376902 -2.928790
    68 0.785919 -24.943205 -6.367158 0.371503 -0.004990 0.055701
    69 -10.702515 8.802661 -6.746493 -1.525122 -1.256720 -0.181227
    70 -0.641310 -11.527770 1.210022 0.000000 0.000000 0.000000
    71 -0.227785 -19.832262 -4.903650 0.289431 -0.002108 0.043612
    72 -13.047045 10.771064 13.323422 -1.129221 -0.957515 -0.924874
    73 -0.991148 -23.090739 -3.102065 0.383765 -0.003385 -0.146953
    74 49.389511 35.067635 12.791991 -1.037544 0.423055 2.039819
    75 4.004551 6.047380 1.789420 -0.260261 0.121942 2.111929
  time 34
    0 33.543606 42.901371 48.443771 -0.084096 -0.021824 -2.249698
    1 0.623699 0.000001 0.000000 -3.141592 -1.554703 1.570706
    2 5.131857 -0.003106 -0.082027 -0.000879 0.016070 -0.054666
    3 3.906100 -0.003271 0.000004 -0.001184 0.065088 -0.131147
    4 4.135916 -0.008526 -0.000664 0.072977 0.068875 -0.110891
    5 10.751883 -0.002617 0.000053 -0.018636 0.003823 0.186243
    6 3.346632 -0.003643 -0.000026 0.007634 -0.014501 -0.038971
    7 4.579823 0.000001 -0.000001 0.432746 -0.164850 0.143682
    8 -3.297148 -1.150500 2.858143 0.358256 -1.157831 2.624032
    9 6.038858 -0.000001 -0.000004 1.100465 0.507208 -0.542122
    10 17.594549 0.000002 -0.000005 0.000000 0.000000 -0.904400
    11 17.982988 -0.000001 -0.000003 -2.273464 0.340108 -0.200455
    12 2.813693 0.799024 -0.493426 2.411861 0.529184 1.109476
    13 2.065372 0.000002 0.000001 0.000000 0.000000 0.649378
    14 2.094708 -0.000001 -0.000001 0.000000 0.000000 1.093020
    15 7.522001 -0.014964 -1.158106 -0.027860 -0.069734 0.911640
    16 3.200830 -0.000003 0.000001 0.000000 0.000000 1.665632
    17 2.731236 -0.000001 -0.000001 0.000000 0.000000 1.605775
    18 7.599252 -0.144512 0.591977 -0.045786 -0.060676 0.993575
    19 3.840993 -0.000001 0.000001 0.000000 0.000000 1.756866
    20 3.277483 -0.000001 0.000000 0.000000 0.000000 1.937387
    21 7.447639 -0.525788 2.367264 -0.140593 -0.120304 1.040167
    22 1.595202 -0.000004 0.000001 0.000000 0.000000 0.255811
    23 1.772444 0.000001 -0.000002 0.000000 0.000000 1.067979
    24 2.572627 0.731521 -2.511554 -0.244396 0.018184 3.134541
    25 -3.277620 -1.041106 -2.920651 -0.077777 1.370509 2.878310
    26 6.038855 0.000001 0.000005 -0.941599 -0.675664 0.105390
    27 17.594559 0.000001 -0.000001 0.000000 0.000000 -0.248843
    28 17.982981 0.000003 0.000000 2.047541 0.536136 -1.322547
    29 2.813690 0.799023 0.493428 -2.853948 0.431188 1.731441
    30 2.065371 0.000000 0.000000 0.000000 0.000000 0.912348
    31 2.094707 -0.000003 0.000001 0.000000 0.000000 0.685149
    32 7.522000 -0.014961 1.158106 -0.175699 -0.043345 1.404093
    33 3.200826 0.000001 0.000001 0.000000 0.000000 1.350783
    34 2.731234 -0.000003 -0.000001 0.000000 0.000000 0.924201
    35 7.599249 -0.144510 -0.591981 -0.160061 -0.087250 1.261723
    36 3.840996 0.000001 0.000002 0.000000 0.000000 1.649531
    37 3.277483 0.000000 -0.000004 0.000000 0.000000 1.255814
    38 7.447635 -0.525788 -2.367259 0.127913 0.133733 0.940083
    39 1.595202 0.000000 -0.000004 0.000000 0.000000 0.756708
    40 1.772447 -0.000002 0.000002 0.000000 0.000000 1.255814
    41 2.963612 0.324628 1.962029 -2.408182 0.012915 -3.260935
    42 -5.226302 -0.279377 6.425844 2.883363 -0.233398 3.294505
    43 22.311968 0.000000 0.000000 0.000000 0.000000 -0.485176
    44 22.311968 0.000001 0.000000 -0.041111 -0.181564 0.276931
    45 5.131751 6.470467 0.000002 0.000000 0.000000 1.570796
    46 -5.023180 -0.271532 -6.425843 -2.985034 -0.183978 3.074295
    47 22.311960 0.000001 -0.000001 0.000000 0.000000 -0.001681
    48 22.311968 0.000001 0.000001 0.205377 -0.119201 -0.125426
    49 5.131751 6.470464 -0.000001 0.000000 0.000000 1.570796
    50 1.732514 13.268860 0.716685 3.141592 -1.570796 0.000000
    51 -0.224366 0.272609 -0.034534 -0.055860 -0.086037 0.791785
    52 -3.467646 -4.785234 -4.028723 0.009247 -1.205215 1.201917
    53 -3.733108 0.134754 -0.417931 -0.542444 -0.230796 -0.084411
    54 -4.370892 0.604134 -0.410799 -1.613196 -0.175535 -0.278813
    55 -4.153721 0.237751 0.557651 -0.192545 0.258826 -0.101927
    56 -4.749511 0.042548 0.674644 -0.002824 0.276229 -0.002036
    57 -5.000592 -0.094535 0.771798 0.045996 0.312460 0.060071
    58 -5.292999 -0.126076 0.934144 0.024463 0.336273 0.053690
    59 -6.060847 0.034120 1.099150 0.001085 0.360708 -0.014038
    60 -5.543006 0.354757 1.223281 0.061477 0.481258 -0.164041
    61 -3.070486 0.435977 0.681988 0.500694 0.446993 -0.316991
    62 -3.802448 1.488988 0.547254 1.114172 0.211181 -0.685518
    63 -11.204095 -5.674611 9.498478 -1.116941 -1.424750 -0.272770
    64 -0.269144 -22.062255 -2.883622 0.091259 -0.012670 -0.034027
    65 -8.003747 -6.000107 -9.314304 1.582989 -1.375006 -2.926309
    66 1.291627 -15.514588 -3.241560 0.266129 0.000110 0.035727
    67 -12.521675 11.793078 -9.009843 1.428364 -1.376902 -2.928790
    68 0.785919 -24.943205 -6.367158 0.371503 -0.004990 0.055701
    69 -10.702515 8.802661 -6.746493 -1.525122 -1.256720 -0.181227
    70 -0.641310 -11.527770 1.210022 0.000000 0.000000 0.000000
    71 -0.227785 -19.832262 -4.903650 0.289431 -0.002108 0.043612
    72 -13.047045 10.771064 13.323422 -1.129221 -0.957515 -0.924874
    73 -0.991148 -23.090739 -3.102065 0.383765 -0.003385 -0.146953
    74 49.389511 35.067635 12.791991 -1.037544 0.423055 2.039819
    75 4.004551 6.047380 1.789420 -0.260261 0.121942 2.111929
  time 35
    0 34.488240 43.845878 48.197670 -0.082933 -0.023837 -2.249698
    1 0.623699 0.000001 0.000000 -3.141592 -1.554703 1.570706
    2 5.131857 -0.003106 -0.082027 -0.000879 0.016070 -0.054666
    3 3.906100 -0.003271 0.000004 -0.001332 0.066311 -0.131542
    4 4.135916 -0.008526 -0.000664 0.074405 0.064189 -0.089185
    5 10.751883 -0.002617 0.000053 -0.018636 0.003823 0.186243
    6 3.346632 -0.003643 -0.000026 0.007634 -0.014501 -0.038971
    7 4.579823 0.000001 -0.000001 0.433286 -0.162819 0.122170
    8 -3.297148 -1.150500 2.858143 0.358256 -1.157831 2.624032
    9 6.038858 -0.000001 -0.000004 1.089053 0.481769 -0.549556
    10 17.594549 0.000002 -0.000005 0.000000 0.000000 -0.923378
    11 17.982988 -0.000001 -0.000003 -2.269473 0.340456 -0.189715
    12 2.813693 0.799024 -0.493426 2.411861 0.529184 1.109476
    13 2.065372 0.000002 0.000001 0.000000 0.000000 0.649378
    14 2.094708 -0.000001 -0.000001 0.000000 0.000000 1.093020
    15 7.522001 -0.014964 -1.158106 -0.027860 -0.069734 0.911640
    16 3.200830 -0.000003 0.000001 0.000000 0.000000 1.665632
    17 2.731236 -0.000001 -0.000001 0.000000 0.000000 1.605775
    18 7.599252 -0.144512 0.591977 -0.045786 -0.060676 0.993575
    19 3.840993 -0.000001 0.000001 0.000000 0.000000 1.756866
    20 3.277483 -0.000001 0.000000 0.000000 0.000000 1.937387
    21 7.447639 -0.525788 2.367264 -0.140593 -0.120304 1.040167
    22 1.595202 -0.000004 0.000001 0.000000 0.000000 0.255811
    23 1.772444 0.000001 -0.000002 0.000000 0.000000 1.067979
    24 2.572627 0.731521 -2.511554 -0.244396 0.018184 3.134541
    25 -3.277620 -1.041106 -2.920651 -0.077777 1.370509 2.878310
    26 6.038855 0.000001 0.000005 -0.917715 -0.687117 0.087251
    27 17.594559 0.000001 -0.000001 0.000000 0.000000 -0.241237
    28 17.982981 0.000003 0.000000 2.043089 0.538596 -1.331312
    29 2.813690 0.799023 0.493428 -2.853948 0.431188 1.731441
    30 2.065371 0.000000 0.000000 0.000000 0.000000 0.912348
    31 2.094707 -0.000003 0.000001 0.000000 0.000000 0.685149
    32 7.522000 -0.014961 1.158106 -0.175699 -0.043345 1.404093
    33 3.200826 0.000001 0.000001 0.000000 0.000000 1.350783
    34 2.731234 -0.000003 -0.000001 0.000000 0.000000 0.924201
    35 7.599249 -0.144510 -0.591981 -0.160061 -0.087250 1.261723
    36 3.840996 0.000001 0.000002 0.000000 0.000000 1.649531
    37 3.277483 0.000000 -0.000004 0.000000 0.000000 1.255814
    38 7.447635 -0.525788 -2.367259 0.127913 0.133733 0.940083
    39 1.595202 0.000000 -0.000004 0.000000 0.000000 0.756708
    40 1.772447 -0.000002 0.000002 0.000000 0.000000 1.255814
    41 2.963612 0.324628 1.962029 -2.408182 0.012915 -3.260935
    42 -5.226302 -0.279377 6.425844 2.883986 -0.231279 3.349716
    43 22.311968 0.000000 0.000000 0.000000 0.000000 -0.455751
    44 22.311968 0.000001 0.000000 -0.047255 -0.196092 0.254659
    45 5.131751 6.470467 0.000002 0.000000 0.000000 1.570796
    46 -5.023180 -0.271532 -6.425843 -2.973948 -0.173359 3.008547
    47 22.311960 0.000001 -0.000001 0.000000 0.000000 -0.075608
    48 22.311968 0.000001 0.000001 0.206258 -0.120502 -0.119000
    49 5.131751 6.470464 -0.000001 0.000000 0.000000 1.570796
    50 1.732514 13.268860 0.716685 3.141592 -1.570796 0.000000
    51 -0.224366 0.272609 -0.034534 -0.053607 -0.086637 0.791785
    52 -3.471552 -4.796953 -4.013098 0.009187 -1.202890 1.202667
    53 -3.733108 0.134754 -0.417931 -0.533403 -0.230808 -0.084160
    54 -4.370892 0.596321 -0.414705 -1.617290 -0.178376 -0.276619
    55 -4.153721 0.241658 0.553745 -0.196825 0.257448 -0.103581
    56 -4.745604 0.046455 0.670738 -0.004166 0.275306 -0.003150
    57 -4.992779 -0.090628 0.767892 0.045529 0.311777 0.059064
    58 -5.265655 -0.126076 0.930238 0.024377 0.337004 0.052930
    59 -6.021783 0.038026 1.099150 0.000901 0.362903 -0.015142
    60 -5.511755 0.358663 1.223281 0.061832 0.483316 -0.166249
    61 -3.062673 0.439883 0.678082 0.499075 0.444635 -0.317526
    62 -3.814167 1.481175 0.539442 1.105547 0.208201 -0.679805
    63 -11.204095 -5.674611 9.498478 -1.116941 -1.424750 -0.272770
    64 -0.269144 -22.062255 -2.883622 0.091259 -0.012670 -0.034027
    65 -8.003747 -6.000107 -9.314304 1.582989 -1.375006 -2.926309
    66 1.291627 -15.514588 -3.241560 0.266129 0.000110 0.035727
    67 -12.521675 11.793078 -9.009843 1.428364 -1.376902 -2.928790
    68 0.785919 -24.943205 -6.367158 0.371503 -0.004990 0.055701
    69 -10.702515 8.802661 -6.746493 -1.525122 -1.256720 -0.181227
    70 -0.641310 -11.527770 1.210022 0.000000 0.000000 0.000000
    71 -0.227785 -19.832262 -4.903650 0.289431 -0.002108 0.043612
    72 -13.047045 10.771064 13.323422 -1.129221 -0.957515 -0.924874
    73 -0.991148 -23.090739 -3.102065 0.383765 -0.003385 -0.146953
    74 49.389511 35.067635 12.791991 -1.037544 0.423055 2.039819
    75 4.004551 6.047380 1.789420 -0.260261 0.121942 2.111929
  time 36
    0 35.499281 44.763041 47.955475 -0.080465 -0.028080 -2.249650
    1 0.623699 0.000001 0.000000 -3.141497 -1.554703 1.570706
    2 5.131857 -0.003106 -0.082027 -0.000879 0.016070 -0.054666
    3 3.906100 -0.003271 0.000004 -0.001406 0.064609 -0.129085
    4 4.135916 -0.008526 -0.000664 0.075574 0.060091 -0.070999
    5 10.751883 -0.002617 0.000053 -0.018648 0.003823 0.186243
    6 3.346632 -0.003643 -0.000026 0.007634 -0.014501 -0.038971
    7 4.579823 0.000001 -0.000001 0.434389 -0.158496 0.101072
    8 -3.297148 -1.150500 2.858143 0.358256 -1.157831 2.624032
    9 6.038858 -0.000001 -0.000004 1.080240 0.464904 -0.557617
    10 17.594549 0.000002 -0.000005 0.000000 0.000000 -0.923378
    11 17.982988 -0.000001 -0.000003 -2.270043 0.344414 -0.193008
    12 2.813693 0.799024 -0.493426 2.411861 0.529184 1.109476
    13 2.065372 0.000002 0.000001 0.000000 0.000000 0.649378
    14 2.094708 -0.000001 -0.000001 0.000000 0.000000 1.093020
    15 7.522001 -0.014964 -1.158106 -0.027860 -0.069746 0.911640
    16 3.200830 -0.000003 0.000001 0.000000 0.000000 1.665632
    17 2.731236 -0.000001 -0.000001 0.000000 0.000000 1.605775
    18 7.599252 -0.144512 0.591977 -0.045786 -0.060676 0.993575
    19 3.840993 -0.000001 0.000001 0.000000 0.000000 1.756866
    20 3.277483 -0.000001 0.000000 0.000000 0.000000 1.937387
    21 7.447639 -0.525788 2.367264 -0.140593 -0.120304 1.040167
    22 1.595202 -0.000004 0.000001 0.000000 0.000000 0.255811
    23 1.772444 0.000001 -0.000002 0.000000 0.000000 1.067979
    24 2.572627 0.731521 -2.511554 -0.244396 0.018184 3.134541
    25 -3.277620 -1.041106 -2.920651 -0.077777 1.370509 2.878310
    26 6.038855 0.000001 0.000005 -0.894249 -0.700626 0.069070
    27 17.594559 0.000001 -0.000001 0.000000 0.000000 -0.233615
    28 17.982981 0.000003 0.000000 2.042937 0.535018 -1.331741
    29 2.813690 0.799023 0.493428 -2.853948 0.431188 1.731441
    30 2.065371 0.000000 0.000000 0.000000 0.000000 0.912348
    31 2.094707 -0.000003 0.000001 0.000000 0.000000 0.685149
    32 7.522000 -0.014961 1.158106 -0.175699 -0.043345 1.404093
    33 3.200826 0.000001 0.000001 0.000000 0.000000 1.350783
    34 2.731234 -0.000003 -0.000001 0.000000 0.000000 0.924201
    35 7.599249 -0.144510 -0.591981 -0.160061 -0.087250 1.261723
    36 3.840996 0.000001 0.000002 0.000000 0.000000 1.649531
    37 3.277483 0.000000 -0.000004 0.000000 0.000000 1.255814
    38 7.447635 -0.525788 -2.367259 0.127913 0.133733 0.940083
    39 1.595202 0.000000 -0.000004 0.000000 0.000000 0.756708
    40 1.772447 -0.000002 0.000002 0.000000 0.000000 1.255814
    41 2.963612 0.324628 1.962029 -2.408182 0.012915 -3.260935
    42 -5.226302 -0.279377 6.425844 2.883015 -0.212397 3.409801
    43 22.311968 0.000000 0.000000 0.000000 0.000000 -0.378456
    44 22.311968 0.000001 0.000000 -0.067798 -0.193124 0.280778
    45 5.131751 6.470467 0.000002 0.000000 0.000000 1.570796
    46 -5.023180 -0.271532 -6.425843 -2.969130 -0.164727 2.975955
    47 22.311960 0.000001 -0.000001 0.000000 0.000000 -0.087123
    48 22.311968 0.000001 0.000001 0.206852 -0.120352 -0.144544
    49 5.131751 6.470464 -0.000001 0.000000 0.000000 1.570796
    50 1.732514 13.268860 0.716685 3.141592 -1.570796 0.000000
    51 -0.224366 0.272609 -0.034534 -0.048873 -0.087919 0.791735
    52 -3.475459 -4.816485 -3.985753 0.009043 -1.198024 1.204104
    53 -3.733108 0.134754 -0.417931 -0.515873 -0.230940 -0.083716
    54 -4.374799 0.588508 -0.426424 -1.623751 -0.183733 -0.272736
    55 -4.153721 0.249470 0.549839 -0.206129 0.255419 -0.107440
    56 -4.745604 0.050361 0.666831 -0.006827 0.274347 -0.005355
    57 -4.984966 -0.086722 0.763985 0.044162 0.311046 0.056739
    58 -5.250029 -0.118263 0.926331 0.023910 0.337448 0.051059
    59 -5.986626 0.041932 1.095243 0.000625 0.365069 -0.016613
    60 -5.476598 0.358663 1.227188 0.061388 0.486371 -0.167821
    61 -3.054860 0.435977 0.678082 0.496311 0.444505 -0.316833
    62 -3.821980 1.469456 0.539442 1.103630 0.209398 -0.673946
    63 -11.204095 -5.674611 9.498478 -1.116941 -1.424750 -0.272770
    64 -0.269144 -22.062255 -2.883622 0.091259 -0.012670 -0.034027
    65 -8.003747 -6.000107 -9.314304 1.582989 -1.375006 -2.926309
    66 1.291627 -15.514588 -3.241560 0.266129 0.000110 0.035727
    67 -12.521675 11.793078 -9.009843 1.428364 -1.376902 -2.928790
    68 0.785919 -24.943205 -6.367158 0.371503 -0.004990 0.055701
    69 -10.702515 8.802661 -6.746493 -1.525122 -1.256720 -0.181227
    70 -0.641310 -11.527770 1.210022 0.000000 0.000000 0.000000
    71 -0.227785 -19.832262 -4.903650 0.289431 -0.002108 0.043612
    72 -13.047045 10.771064 13.323422 -1.129221 -0.957515 -0.924874
    73 -0.991148 -23.090739 -3.102065 0.383765 -0.003385 -0.146953
    74 49.389511 35.067635 12.791991 -1.037544 0.423055 2.039819
    75 4.004551 6.047380 1.789420 -0.260261 0.121942 2.111929
  time 37
    0 36.588451 45.645046 47.732812 -0.076174 -0.035331 -2.249554
    1 0.623699 0.000001 0.000000 3.141497 -1.554703 1.570706
    2 5.131857 -0.003106 -0.082027 -0.000879 0.016070 -0.054666
    3 3.906100 -0.003271 0.000004 -0.001406 0.059408 -0.122602
    4 4.135916 -0.008526 -0.000664 0.076608 0.055884 -0.054687
    5 10.751883 -0.002617 0.000053 -0.018636 0.003823 0.186243
    6 3.346632 -0.003643 -0.000026 0.007634 -0.014501 -0.038971
    7 4.579823 0.000001 -0.000001 0.436326 -0.150830 0.077462
    8 -3.297148 -1.150500 2.858143 0.358256 -1.157831 2.624032
    9 6.038858 -0.000001 -0.000004 1.072818 0.449079 -0.566305
    10 17.594549 0.000002 -0.000005 0.000000 0.000000 -0.913303
    11 17.982988 -0.000001 -0.000003 -2.273996 0.351939 -0.205051
    12 2.813693 0.799024 -0.493426 2.411861 0.529184 1.109476
    13 2.065372 0.000002 0.000001 0.000000 0.000000 0.649378
    14 2.094708 -0.000001 -0.000001 0.000000 0.000000 1.093020
    15 7.522001 -0.014964 -1.158106 -0.027860 -0.069734 0.911640
    16 3.200830 -0.000003 0.000001 0.000000 0.000000 1.665632
    17 2.731236 -0.000001 -0.000001 0.000000 0.000000 1.605775
    18 7.599252 -0.144512 0.591977 -0.045786 -0.060676 0.993575
    19 3.840993 -0.000001 0.000001 0.000000 0.000000 1.756866
    20 3.277483 -0.000001 0.000000 0.000000 0.000000 1.937387
    21 7.447639 -0.525788 2.367264 -0.140593 -0.120304 1.040167
    22 1.595202 -0.000004 0.000001 0.000000 0.000000 0.255811
    23 1.772444 0.000001 -0.000002 0.000000 0.000000 1.067979
    24 2.572627 0.731521 -2.511554 -0.244361 0.018184 3.134541
    25 -3.277620 -1.041106 -2.920651 -0.077777 1.370509 2.878310
    26 6.038855 0.000001 0.000005 -0.867917 -0.718217 0.048346
    27 17.594559 0.000001 -0.000001 0.000000 0.000000 -0.225433
    28 17.982981 0.000003 0.000000 2.045809 0.527002 -1.326263
    29 2.813690 0.799023 0.493428 -2.853948 0.431188 1.731441
    30 2.065371 0.000000 0.000000 0.000000 0.000000 0.912348
    31 2.094707 -0.000003 0.000001 0.000000 0.000000 0.685149
    32 7.522000 -0.014961 1.158106 -0.175699 -0.043345 1.404093
    33 3.200826 0.000001 0.000001 0.000000 0.000000 1.350783
    34 2.731234 -0.000003 -0.000001 0.000000 0.000000 0.924239
    35 7.599249 -0.144510 -0.591981 -0.160061 -0.087250 1.261723
    36 3.840996 0.000001 0.000002 0.000000 0.000000 1.649531
    37 3.277483 0.000000 -0.000004 0.000000 0.000000 1.255814
    38 7.447635 -0.525788 -2.367259 0.127913 0.133719 0.940083
    39 1.595202 0.000000 -0.000004 0.000000 0.000000 0.756708
    40 1.772447 -0.000002 0.000002 0.000000 0.000000 1.255814
    41 2.963612 0.324628 1.962029 -2.408182 0.012915 -3.260935
    42 -5.226302 -0.279377 6.425844 2.882380 -0.174689 3.476200
    43 22.311968 0.000000 0.000000 0.000000 0.000000 -0.243783
    44 22.311968 0.000001 0.000000 -0.099837 -0.165543 0.346658
    45 5.131751 6.470467 0.000002 0.000000 0.000000 1.570796
    46 -5.023180 -0.271532 -6.425843 -2.971479 -0.159417 2.987093
    47 22.311960 0.000001 -0.000001 0.000000 0.000000 -0.016618
    48 22.311968 0.000001 0.000001 0.206786 -0.118503 -0.211641
    49 5.131751 6.470464 -0.000001 0.000000 0.000000 1.570796
    50 1.732514 13.268860 0.716685 3.141592 -1.570796 0.000000
    51 -0.224366 0.272609 -0.034534 -0.040700 -0.090040 0.791586
    52 -3.483271 -4.847736 -3.938877 0.008827 -1.189647 1.206729
    53 -3.733108 0.134754 -0.417931 -0.487790 -0.231144 -0.083009
    54 -4.374799 0.572883 -0.445956 -1.632941 -0.192505 -0.266492
    55 -4.153721 0.261189 0.542026 -0.221760 0.252139 -0.113743
    56 -4.741698 0.058174 0.662925 -0.011381 0.273269 -0.009047
    57 -4.977153 -0.075003 0.760079 0.041933 0.310303 0.053072
    58 -5.226591 -0.110450 0.922425 0.023012 0.338059 0.047944
    59 -5.943656 0.049745 1.095243 0.000210 0.367776 -0.018978
    60 -5.433628 0.362569 1.227188 0.060373 0.490487 -0.169605
    61 -3.043141 0.435977 0.678082 0.491643 0.445402 -0.315322
    62 -3.829793 1.457737 0.551161 1.104684 0.213430 -0.666671
    63 -11.204095 -5.674611 9.498478 -1.116941 -1.424750 -0.272770
    64 -0.269144 -22.062255 -2.883622 0.091259 -0.012670 -0.034027
    65 -8.003747 -6.000107 -9.314304 1.582989 -1.375006 -2.926309
    66 1.291627 -15.514588 -3.241560 0.266129 0.000110 0.035727
    67 -12.521675 11.793078 -9.009843 1.428364 -1.376902 -2.928790
    68 0.785919 -24.943205 -6.367158 0.371503 -0.004990 0.055701
    69 -10.702515 8.802661 -6.746493 -1.525122 -1.256720 -0.181227
    70 -0.641310 -11.527770 1.210022 0.000000 0.000000 0.000000
    71 -0.227785 -19.832262 -4.903650 0.289431 -0.002108 0.043612
    72 -13.047045 10.771064 13.323422 -1.129221 -0.957515 -0.924874
    73 -0.991148 -23.090739 -3.102065 0.383765 -0.003385 -0.146953
    74 49.389511 35.067635 12.791991 -1.037544 0.423055 2.039819
    75 4.004551 6.047380 1.789420 -0.260261 0.121942 2.111929
  time 38
    0 37.740122 46.480175 47.545306 -0.070110 -0.045422 -2.249411
    1 0.623699 0.000001 0.000000 -3.141497 -1.554703 1.570706
    2 5.131857 -0.003106 -0.082027 -0.000879 0.016070 -0.054666
    3 3.906100 -0.003271 0.000004 -0.001406 0.051522 -0.112618
    4 4.135916 -0.008526 -0.000664 0.077723 0.050623 -0.036163
    5 10.751883 -0.002617 0.000053 -0.018648 0.003823 0.186243
    6 3.346632 -0.003643 -0.000026 0.007634 -0.014501 -0.038971
    7 4.579823 0.000001 -0.000001 0.438900 -0.139909 0.047825
    8 -3.297148 -1.150500 2.858143 0.358256 -1.157831 2.624032
    9 6.038858 -0.000001 -0.000004 1.061870 0.430116 -0.580367
    10 17.594549 0.000002 -0.000005 0.000000 0.000000 -0.895731
    11 17.982988 -0.000001 -0.000003 -2.280609 0.362682 -0.223680
    12 2.813693 0.799024 -0.493426 2.411861 0.529184 1.109476
    13 2.065372 0.000002 0.000001 0.000000 0.000000 0.649378
    14 2.094708 -0.000001 -0.000001 0.000000 0.000000 1.093020
    15 7.522001 -0.014964 -1.158106 -0.027860 -0.069746 0.911640
    16 3.200830 -0.000003 0.000001 0.000000 0.000000 1.665632
    17 2.731236 -0.000001 -0.000001 0.000000 0.000000 1.605775
    18 7.599252 -0.144512 0.591977 -0.045786 -0.060676 0.993575
    19 3.840993 -0.000001 0.000001 0.000000 0.000000 1.756866
    20 3.277483 -0.000001 0.000000 0.000000 0.000000 1.937387
    21 7.447639 -0.525788 2.367264 -0.140593 -0.120304 1.040167
    22 1.595202 -0.000004 0.000001 0.000000 0.000000 0.255811
    23 1.772444 0.000001 -0.000002 0.000000 0.000000 1.068011
    24 2.572627 0.731521 -2.511554 -0.244396 0.018184 3.134541
    25 -3.277620 -1.041106 -2.920651 -0.077777 1.370509 2.878310
    26 6.038855 0.000001 0.000005 -0.832867 -0.737991 0.019654
    27 17.594559 0.000001 -0.000001 0.000000 0.000000 -0.218190
    28 17.982981 0.000003 0.000000 2.051060 0.517272 -1.315925
    29 2.813690 0.799023 0.493428 -2.853948 0.431188 1.731441
    30 2.065371 0.000000 0.000000 0.000000 0.000000 0.912348
    31 2.094707 -0.000003 0.000001 0.000000 0.000000 0.685149
    32 7.522000 -0.014961 1.158106 -0.175699 -0.043345 1.404093
    33 3.200826 0.000001 0.000001 0.000000 0.000000 1.350783
    34 2.731234 -0.000003 -0.000001 0.000000 0.000000 0.924201
    35 7.599249 -0.144510 -0.591981 -0.160061 -0.087250 1.261723
    36 3.840996 0.000001 0.000002 0.000000 0.000000 1.649531
    37 3.277483 0.000000 -0.000004 0.000000 0.000000 1.255814
    38 7.447635 -0.525788 -2.367259 0.127913 0.133733 0.940103
    39 1.595202 0.000000 -0.000004 0.000000 0.000000 0.756708
    40 1.772447 -0.000002 0.000002 0.000000 0.000000 1.255814
    41 2.963612 0.324628 1.962029 -2.408182 0.012915 -3.260935
    42 -5.226302 -0.279377 6.425844 2.883914 -0.135090 3.543089
    43 22.311968 0.000000 0.000000 0.000000 0.000000 -0.109145
    44 22.311968 0.000001 0.000000 -0.123429 -0.132838 0.386290
    45 5.131751 6.470467 0.000002 0.000000 0.000000 1.570796
    46 -5.023180 -0.271532 -6.425843 -2.969598 -0.145930 2.973563
    47 22.311960 0.000001 -0.000001 0.000000 0.000000 -0.001681
    48 22.311968 0.000001 0.000001 0.205774 -0.115079 -0.251063
    49 5.131751 6.470464 -0.000001 0.000000 0.000000 1.570796
    50 1.732514 13.268860 0.716685 3.141592 -1.570796 0.000000
    51 -0.224366 0.272609 -0.034534 -0.029266 -0.092941 0.791337
    52 -3.491084 -4.894612 -3.876375 0.008540 -1.177950 1.210416
    53 -3.733108 0.130848 -0.417931 -0.452454 -0.231455 -0.082086
    54 -4.374799 0.557257 -0.469394 -1.639220 -0.203088 -0.258295
    55 -4.153721 0.280721 0.534213 -0.244555 0.247500 -0.122756
    56 -4.737792 0.069893 0.662925 -0.017373 0.272418 -0.013744
    57 -4.965434 -0.067190 0.756173 0.039165 0.310303 0.048662
    58 -5.203153 -0.098731 0.922425 0.021854 0.339473 0.044251
    59 -5.896780 0.057558 1.095243 -0.000342 0.370994 -0.021711
    60 -5.390658 0.362569 1.231094 0.059232 0.494998 -0.171283
    61 -3.031422 0.432070 0.678082 0.486879 0.446805 -0.313275
    62 -3.833699 1.442111 0.562880 1.108134 0.218514 -0.659396
    63 -11.204095 -5.674611 9.498478 -1.116941 -1.424750 -0.272770
    64 -0.269144 -22.062255 -2.883622 0.091259 -0.012670 -0.034027
    65 -8.003747 -6.000107 -9.314304 1.582989 -1.375006 -2.926309
    66 1.291627 -15.514588 -3.241560 0.266129 0.000110 0.035727
    67 -12.521675 11.793078 -9.009843 1.428364 -1.376902 -2.928790
    68 0.785919 -24.943205 -6.367158 0.371503 -0.004990 0.055701
    69 -10.702515 8.802661 -6.746493 -1.525122 -1.256720 -0.181227
    70 -0.641310 -11.527770 1.210022 0.000000 0.000000 0.000000
    71 -0.227785 -19.832262 -4.903650 0.289431 -0.002108 0.043612
    72 -13.047045 10.771064 13.323422 -1.129221 -0.957515 -0.924874
    73 -0.991148 -23.090739 -3.102065 0.383765 -0.003385 -0.146953
    74 49.389511 35.067635 12.791991 -1.037544 0.423055 2.039819
    75 4.004551 6.047380 1.789420 -0.260261 0.121942 2.111929
end
