// Created by Crowbar 0.74
version 1
nodes
  0 "Bip01" -1
  1 "Bip01 Pelvis" 0
  2 "Bip01 Spine" 1
  3 "Bip01 Spine1" 2
  4 "Bip01 Spine2" 3
  5 "Bip01 Neck" 4
  6 "Bip01 Neck1" 5
  7 "Bip01 Head" 6
  8 "Bip01 L Clavicle" 5
  9 "Bip01 L UpperArm" 8
  10 "Bip01 L Forearm" 9
  11 "Bip01 L Hand" 10
  12 "Bip01 L Finger0" 11
  13 "Bip01 L Finger01" 12
  14 "Bip01 L Finger02" 13
  15 "Bip01 L Finger1" 11
  16 "Bip01 L Finger11" 15
  17 "Bip01 L Finger12" 16
  18 "Bip01 L Finger2" 11
  19 "Bip01 L Finger21" 18
  20 "Bip01 L Finger22" 19
  21 "Bip01 L Finger3" 11
  22 "Bip01 L Finger31" 21
  23 "Bip01 L Finger32" 22
  24 "LSleeve" 9
  25 "Bip01 R Clavicle" 5
  26 "Bip01 R UpperArm" 25
  27 "Bip01 R Forearm" 26
  28 "Bip01 R Hand" 27
  29 "Bip01 R Finger0" 28
  30 "Bip01 R Finger01" 29
  31 "Bip01 R Finger02" 30
  32 "Bip01 R Finger1" 28
  33 "Bip01 R Finger11" 32
  34 "Bip01 R Finger12" 33
  35 "Bip01 R Finger2" 28
  36 "Bip01 R Finger21" 35
  37 "Bip01 R Finger22" 36
  38 "Bip01 R Finger3" 28
  39 "Bip01 R Finger31" 38
  40 "Bip01 R Finger32" 39
  41 "RSleave" 26
  42 "Bip01 L Thigh" 2
  43 "Bip01 L Calf" 42
  44 "Bip01 L Foot" 43
  45 "Bip01 L Toe0" 44
  46 "Bip01 R Thigh" 2
  47 "Bip01 R Calf" 46
  48 "Bip01 R Foot" 47
  49 "Bip01 R Toe0" 48
  50 "RTentacle Bone Base" 1
  51 "Text04" 50
  52 "Text14" 51
  53 "Text15" 52
  54 "Text16" 53
  55 "Text17" 54
  56 "Text18" 55
  57 "Text19" 56
  58 "Text20" 57
  59 "Text21" 58
  60 "Text22" 59
  61 "Text23" 60
  62 "Text24" 61
  63 "LBack Flapa" 1
  64 "LBack Flapb" 63
  65 "RBack Flapa" 1
  66 "RBack Flapb" 65
  67 "RFront Flapa" 1
  68 "RFront Flapb" 67
  69 "Flap3a Helper" 1
  70 "Flap3b Helper" 69
  71 "Flap3c Helper" 70
  72 "LFront Flapa" 1
  73 "LFront Flapb" 72
  74 "muzzle" 28
  75 "Object08" 28
end
skeleton
  time 0
    0 -3.749875 3.268363 47.545306 -0.070110 -0.045422 -2.358854
    1 0.623699 -0.000001 0.000000 3.141592 -1.554703 1.570706
    2 5.131857 -0.003106 -0.082027 -0.000879 0.016070 -0.054666
    3 3.906099 -0.003273 0.000002 -0.001406 0.051522 -0.112618
    4 4.135915 -0.008528 -0.000663 0.077723 0.050623 -0.036163
    5 10.751878 -0.002616 0.000051 -0.018636 0.003823 0.186243
    6 3.346640 -0.003644 -0.000029 0.007634 -0.014501 -0.038971
    7 4.579825 0.000000 0.000001 0.438900 -0.139909 0.047825
    8 -3.297148 -1.150500 2.858143 0.358256 -1.157831 2.624032
    9 6.038857 0.000001 -0.000005 1.061870 0.430116 -0.580367
    10 17.594553 -0.000002 -0.000007 0.000000 0.000000 -0.895731
    11 17.982979 0.000001 -0.000001 -2.280609 0.362682 -0.223680
    12 2.813688 0.799025 -0.493427 2.411861 0.529184 1.109476
    13 2.065371 0.000001 0.000002 0.000000 0.000000 0.649378
    14 2.094707 0.000000 -0.000001 0.000000 0.000000 1.093020
    15 7.521996 -0.014963 -1.158104 -0.027860 -0.069746 0.911640
    16 3.200831 0.000000 0.000002 0.000000 0.000000 1.665632
    17 2.731236 -0.000003 -0.000001 0.000000 0.000000 1.605775
    18 7.599247 -0.144510 0.591978 -0.045786 -0.060676 0.993575
    19 3.840991 0.000000 0.000001 0.000000 0.000000 1.756866
    20 3.277479 -0.000003 0.000001 0.000000 0.000000 1.937387
    21 7.447633 -0.525787 2.367264 -0.140593 -0.120304 1.040167
    22 1.595204 -0.000002 0.000001 0.000000 0.000000 0.255811
    23 1.772443 -0.000001 0.000000 0.000000 0.000000 1.068011
    24 2.572627 0.731521 -2.511554 -0.244396 0.018184 3.134541
    25 -3.277620 -1.041106 -2.920651 -0.077777 1.370509 2.878310
    26 6.038855 0.000003 0.000005 -0.832867 -0.737991 0.019654
    27 17.594561 -0.000001 -0.000005 0.000000 0.000000 -0.218190
    28 17.982979 0.000004 0.000006 2.051060 0.517272 -1.315925
    29 2.813689 0.799025 0.493427 -2.853948 0.431188 1.731441
    30 2.065368 0.000000 0.000001 0.000000 0.000000 0.912348
    31 2.094710 -0.000004 -0.000001 0.000000 0.000000 0.685149
    32 7.521996 -0.014962 1.158106 -0.175699 -0.043345 1.404093
    33 3.200828 -0.000002 0.000002 0.000000 0.000000 1.350783
    34 2.731235 0.000002 0.000000 0.000000 0.000000 0.924201
    35 7.599245 -0.144511 -0.591981 -0.160061 -0.087250 1.261723
    36 3.840992 0.000000 0.000001 0.000000 0.000000 1.649531
    37 3.277482 -0.000005 -0.000003 0.000000 0.000000 1.255814
    38 7.447635 -0.525787 -2.367260 0.127913 0.133733 0.940083
    39 1.595200 0.000000 -0.000003 0.000000 0.000000 0.756708
    40 1.772449 -0.000001 0.000003 0.000000 0.000000 1.255814
    41 2.963612 0.324628 1.962029 -2.408182 0.012915 -3.260935
    42 -5.226302 -0.279377 6.425844 2.938444 0.037120 3.451132
    43 22.311970 0.000002 -0.000001 0.000000 0.000000 -0.240194
    44 22.311964 0.000001 -0.000003 -0.124677 0.062179 0.467035
    45 5.131752 6.470463 0.000000 0.000000 0.000000 1.570796
    46 -5.023180 -0.271532 -6.425843 -3.042057 -0.286488 2.989461
    47 22.311968 -0.000001 0.000000 0.000000 0.000000 -0.197964
    48 22.311966 -0.000001 0.000004 0.307299 -0.231620 -0.037833
    49 5.131752 6.470465 0.000000 0.000000 0.000000 1.570796
    50 1.732516 13.268858 0.716686 3.141592 -1.570796 0.000000
    51 -0.224368 0.272606 -0.034539 -0.029266 -0.092941 0.791337
    52 -3.491084 -4.894612 -3.876375 0.008540 -1.177914 1.210354
    53 -3.733108 0.130848 -0.417931 -0.452388 -0.231491 -0.082074
    54 -4.374799 0.557257 -0.469394 -1.639220 -0.203100 -0.258295
    55 -4.153721 0.280721 0.534213 -0.244462 0.247536 -0.122732
    56 -4.737792 0.069893 0.662925 -0.017361 0.272406 -0.013732
    57 -4.965434 -0.067190 0.756173 0.039153 0.310291 0.048650
    58 -5.203153 -0.098731 0.922425 0.021836 0.339473 0.044190
    59 -5.896780 0.057558 1.095243 -0.000342 0.371024 -0.021659
    60 -5.390658 0.362569 1.231094 0.059232 0.495030 -0.171283
    61 -3.031422 0.432070 0.678082 0.486879 0.446805 -0.313275
    62 -3.833699 1.442111 0.562880 1.108134 0.218455 -0.659396
    63 -11.204095 -5.674611 9.498478 -1.116941 -1.424750 -0.272770
    64 -0.269144 -22.062255 -2.883622 0.091259 -0.012670 -0.034027
    65 -8.003747 -6.000107 -9.314304 1.582989 -1.375006 -2.926309
    66 1.291627 -15.514588 -3.241560 0.266129 0.000110 0.035727
    67 -12.521673 11.793077 -9.009841 1.428364 -1.376902 -2.928790
    68 0.785919 -24.943203 -6.367156 0.371503 -0.004990 0.055701
    69 -10.702515 8.802661 -6.746493 -1.525122 -1.256720 -0.181227
    70 -0.641311 -11.527769 1.210022 0.000000 0.000000 0.000000
    71 -0.227785 -19.832260 -4.903652 0.289431 -0.002108 0.043612
    72 -13.047045 10.771064 13.323422 -1.129221 -0.957515 -0.924874
    73 -0.991148 -23.090739 -3.102065 0.383765 -0.003385 -0.146953
    74 49.389515 35.067635 12.791993 -1.037544 0.423055 2.039819
    75 4.004553 6.047380 1.789419 -0.260261 0.121942 2.111929
  time 1
    0 -3.566275 4.583614 47.361707 -0.063135 -0.057059 -2.358758
    1 0.623699 -0.000001 0.000000 3.141592 -1.554703 1.570706
    2 5.131857 -0.003106 -0.082027 -0.000879 0.016070 -0.054666
    3 3.906099 -0.003273 0.000002 -0.001480 0.042090 -0.100862
    4 4.135915 -0.008528 -0.000663 0.078770 0.045014 -0.017073
    5 10.751878 -0.002616 0.000051 -0.018636 0.003823 0.186243
    6 3.346640 -0.003644 -0.000029 0.007634 -0.014501 -0.038971
    7 4.579825 0.000000 0.000001 0.441597 -0.127272 0.015720
    8 -3.297148 -1.150500 2.858143 0.358256 -1.157831 2.624032
    9 6.038857 0.000001 -0.000005 1.046748 0.411500 -0.600968
    10 17.594553 -0.000002 -0.000007 0.000000 0.000000 -0.869770
    11 17.982979 0.000001 -0.000001 -2.288895 0.375710 -0.248187
    12 2.813688 0.799025 -0.493427 2.411861 0.529184 1.109476
    13 2.065371 0.000001 0.000002 0.000000 0.000000 0.649378
    14 2.094707 0.000000 -0.000001 0.000000 0.000000 1.093020
    15 7.521996 -0.014963 -1.158104 -0.027860 -0.069734 0.911640
    16 3.200831 0.000000 0.000002 0.000000 0.000000 1.665632
    17 2.731236 -0.000003 -0.000001 0.000000 0.000000 1.605775
    18 7.599247 -0.144510 0.591978 -0.045786 -0.060676 0.993575
    19 3.840991 0.000000 0.000001 0.000000 0.000000 1.756866
    20 3.277479 -0.000003 0.000001 0.000000 0.000000 1.937387
    21 7.447633 -0.525787 2.367264 -0.140593 -0.120304 1.040167
    22 1.595204 -0.000002 0.000001 0.000000 0.000000 0.255811
    23 1.772443 -0.000001 0.000000 0.000000 0.000000 1.067979
    24 2.572627 0.731521 -2.511554 -0.244396 0.018184 3.134541
    25 -3.277620 -1.041106 -2.920651 -0.077777 1.370509 2.878310
    26 6.038855 0.000003 0.000005 -0.792323 -0.755961 -0.014420
    27 17.594561 -0.000001 -0.000005 0.000000 0.000000 -0.213373
    28 17.982979 0.000004 0.000006 2.058136 0.508511 -1.301775
    29 2.813689 0.799025 0.493427 -2.853948 0.431188 1.731441
    30 2.065368 0.000000 0.000001 0.000000 0.000000 0.912348
    31 2.094710 -0.000004 -0.000001 0.000000 0.000000 0.685149
    32 7.521996 -0.014962 1.158106 -0.175699 -0.043345 1.404093
    33 3.200828 -0.000002 0.000002 0.000000 0.000000 1.350783
    34 2.731235 0.000002 0.000000 0.000000 0.000000 0.924201
    35 7.599245 -0.144511 -0.591981 -0.160061 -0.087250 1.261723
    36 3.840992 0.000000 0.000001 0.000000 0.000000 1.649531
    37 3.277482 -0.000005 -0.000003 0.000000 0.000000 1.255814
    38 7.447635 -0.525787 -2.367260 0.127913 0.133733 0.940083
    39 1.595200 0.000000 -0.000003 0.000000 0.000000 0.756708
    40 1.772449 -0.000001 0.000003 0.000000 0.000000 1.255814
    41 2.963612 0.324628 1.962029 -2.408182 0.012915 -3.260935
    42 -5.226302 -0.279377 6.425844 2.936706 0.010821 3.365797
    43 22.311970 0.000002 -0.000001 0.000000 0.000000 -0.394820
    44 22.311964 0.000001 -0.000003 -0.126765 0.049421 0.519869
    45 5.131752 6.470463 0.000000 0.000000 0.000000 1.570796
    46 -5.023180 -0.271532 -6.425843 -3.060081 -0.301371 3.016356
    47 22.311968 -0.000001 0.000000 0.000000 0.000000 -0.119563
    48 22.311966 -0.000001 0.000004 0.323721 -0.248686 -0.104177
    49 5.131752 6.470465 0.000000 0.000000 0.000000 1.570796
    50 1.732516 13.268858 0.716686 3.141592 -1.570796 0.000000
    51 -0.224368 0.272606 -0.034539 -0.016083 -0.096272 0.790988
    52 -3.502803 -4.945395 -3.798248 0.008240 -1.164492 1.214416
    53 -3.733108 0.130848 -0.417931 -0.416605 -0.231755 -0.081140
    54 -4.370892 0.533819 -0.492833 -1.637582 -0.213335 -0.249666
    55 -4.149815 0.300253 0.518588 -0.272188 0.241755 -0.133350
    56 -4.733885 0.081612 0.659018 -0.024204 0.271986 -0.018934
    57 -4.949809 -0.055471 0.756173 0.036265 0.311261 0.044215
    58 -5.175808 -0.087012 0.922425 0.020661 0.341678 0.040666
    59 -5.857716 0.065370 1.099150 -0.000895 0.374332 -0.024234
    60 -5.355500 0.362569 1.235000 0.058217 0.499177 -0.172366
    61 -3.023609 0.428164 0.678082 0.483735 0.448643 -0.311102
    62 -3.837606 1.430392 0.574599 1.114172 0.223510 -0.653879
    63 -11.204095 -5.674611 9.498478 -1.116941 -1.424750 -0.272770
    64 -0.269144 -22.062255 -2.883622 0.091259 -0.012670 -0.034027
    65 -8.003747 -6.000107 -9.314304 1.582989 -1.375006 -2.926309
    66 1.291627 -15.514588 -3.241560 0.266129 0.000110 0.035727
    67 -12.521673 11.793077 -9.009841 1.428364 -1.376902 -2.928790
    68 0.785919 -24.943203 -6.367156 0.371503 -0.004990 0.055701
    69 -10.702515 8.802661 -6.746493 -1.525122 -1.256720 -0.181227
    70 -0.641311 -11.527769 1.210022 0.000000 0.000000 0.000000
    71 -0.227785 -19.832260 -4.903652 0.289431 -0.002108 0.043612
    72 -13.047045 10.771064 13.323422 -1.129221 -0.957515 -0.924874
    73 -0.991148 -23.090739 -3.102065 0.383765 -0.003385 -0.146953
    74 49.389515 35.067635 12.791993 -1.037544 0.423055 2.039819
    75 4.004553 6.047380 1.789419 -0.260261 0.121942 2.111929
  time 2
    0 -3.242047 5.937929 47.221077 -0.056064 -0.068911 -2.358806
    1 0.623699 -0.000001 0.000000 -3.141497 -1.554703 1.570706
    2 5.131857 -0.003106 -0.082027 -0.000879 0.016070 -0.054666
    3 3.906099 -0.003273 0.000002 -0.001702 0.032251 -0.089057
    4 4.135915 -0.008528 -0.000663 0.079694 0.039825 0.000935
    5 10.751878 -0.002616 0.000051 -0.018648 0.003823 0.186243
    6 3.346640 -0.003644 -0.000029 0.007634 -0.014501 -0.038971
    7 4.579825 0.000000 0.000001 0.444049 -0.114535 -0.015293
    8 -3.297148 -1.150500 2.858143 0.358256 -1.157831 2.624032
    9 6.038857 0.000001 -0.000005 1.027822 0.404371 -0.631152
    10 17.594553 -0.000002 -0.000007 0.000000 0.000000 -0.819536
    11 17.982979 0.000001 -0.000001 -2.299766 0.392238 -0.287566
    12 2.813688 0.799025 -0.493427 2.411861 0.529184 1.109476
    13 2.065371 0.000001 0.000002 0.000000 0.000000 0.649378
    14 2.094707 0.000000 -0.000001 0.000000 0.000000 1.093020
    15 7.521996 -0.014963 -1.158104 -0.027860 -0.069746 0.911640
    16 3.200831 0.000000 0.000002 0.000000 0.000000 1.665632
    17 2.731236 -0.000003 -0.000001 0.000000 0.000000 1.605775
    18 7.599247 -0.144510 0.591978 -0.045786 -0.060676 0.993575
    19 3.840991 0.000000 0.000001 0.000000 0.000000 1.756866
    20 3.277479 -0.000003 0.000001 0.000000 0.000000 1.937387
    21 7.447633 -0.525787 2.367264 -0.140593 -0.120304 1.040167
    22 1.595204 -0.000002 0.000001 0.000000 0.000000 0.255811
    23 1.772443 -0.000001 0.000000 0.000000 0.000000 1.068011
    24 2.572627 0.731521 -2.511554 -0.244396 0.018184 3.134541
    25 -3.277620 -1.041106 -2.920651 -0.077777 1.370509 2.878310
    26 6.038855 0.000003 0.000005 -0.750884 -0.769882 -0.049978
    27 17.594561 -0.000001 -0.000005 0.000000 0.000000 -0.211393
    28 17.982979 0.000004 0.000006 2.068541 0.500086 -1.280527
    29 2.813689 0.799025 0.493427 -2.853948 0.431188 1.731441
    30 2.065368 0.000000 0.000001 0.000000 0.000000 0.912348
    31 2.094710 -0.000004 -0.000001 0.000000 0.000000 0.685149
    32 7.521996 -0.014962 1.158106 -0.175699 -0.043345 1.404093
    33 3.200828 -0.000002 0.000002 0.000000 0.000000 1.350783
    34 2.731235 0.000002 0.000000 0.000000 0.000000 0.924201
    35 7.599245 -0.144511 -0.591981 -0.160061 -0.087250 1.261723
    36 3.840992 0.000000 0.000001 0.000000 0.000000 1.649531
    37 3.277482 -0.000005 -0.000003 0.000000 0.000000 1.255814
    38 7.447635 -0.525787 -2.367260 0.127913 0.133733 0.940083
    39 1.595200 0.000000 -0.000003 0.000000 0.000000 0.756708
    40 1.772449 -0.000001 0.000003 0.000000 0.000000 1.255814
    41 2.963612 0.324628 1.962029 -2.408182 0.012915 -3.260935
    42 -5.226302 -0.279377 6.425844 2.936718 -0.009082 3.302982
    43 22.311970 0.000002 -0.000001 0.000000 0.000000 -0.496408
    44 22.311964 0.000001 -0.000003 -0.127580 0.038212 0.542869
    45 5.131752 6.470463 0.000000 0.000000 0.000000 1.570796
    46 -5.023180 -0.271532 -6.425843 -3.085620 -0.314266 3.061961
    47 22.311968 -0.000001 0.000000 0.000000 0.000000 -0.001681
    48 22.311966 -0.000001 0.000004 0.341200 -0.263026 -0.193597
    49 5.131752 6.470465 0.000000 0.000000 0.000000 1.570796
    50 1.732516 13.268858 0.716686 3.141592 -1.570796 0.000000
    51 -0.224368 0.272606 -0.034539 -0.002685 -0.099712 0.790590
    52 -3.514522 -5.000084 -3.720120 0.007929 -1.150757 1.218041
    53 -3.733108 0.126942 -0.417931 -0.384659 -0.231983 -0.080325
    54 -4.370892 0.518194 -0.508458 -1.627027 -0.222119 -0.241828
    55 -4.145909 0.327598 0.502962 -0.302892 0.235340 -0.144820
    56 -4.726073 0.093331 0.659018 -0.031155 0.271986 -0.024051
    57 -4.938090 -0.047658 0.756173 0.033472 0.312855 0.040105
    58 -5.156276 -0.083106 0.922425 0.019434 0.343980 0.037310
    59 -5.830371 0.069277 1.099150 -0.001310 0.376949 -0.025969
    60 -5.328156 0.362569 1.238907 0.057012 0.503055 -0.171856
    61 -3.011890 0.424257 0.685894 0.483258 0.452940 -0.308016
    62 -3.837606 1.422580 0.590224 1.129027 0.230521 -0.651291
    63 -11.204095 -5.674611 9.498478 -1.116941 -1.424750 -0.272770
    64 -0.269144 -22.062255 -2.883622 0.091259 -0.012670 -0.034027
    65 -8.003747 -6.000107 -9.314304 1.582989 -1.375006 -2.926309
    66 1.291627 -15.514588 -3.241560 0.266129 0.000110 0.035727
    67 -12.521673 11.793077 -9.009841 1.428364 -1.376902 -2.928790
    68 0.785919 -24.943203 -6.367156 0.371503 -0.004990 0.055701
    69 -10.702515 8.802661 -6.746493 -1.525122 -1.256720 -0.181227
    70 -0.641311 -11.527769 1.210022 0.000000 0.000000 0.000000
    71 -0.227785 -19.832260 -4.903652 0.289431 -0.002108 0.043612
    72 -13.047045 10.771064 13.323422 -1.129221 -0.957515 -0.924874
    73 -0.991148 -23.090739 -3.102065 0.383765 -0.003385 -0.146953
    74 49.389515 35.067635 12.791993 -1.037544 0.423055 2.039819
    75 4.004553 6.047380 1.789419 -0.260261 0.121942 2.111929
  time 3
    0 -2.824065 7.327401 47.244516 -0.049772 -0.079674 -2.358998
    1 0.623699 -0.000001 0.000000 3.141592 -1.554703 1.570706
    2 5.131857 -0.003106 -0.082027 -0.000879 0.016070 -0.054666
    3 3.906099 -0.003273 0.000002 -0.002035 0.023130 -0.078930
    4 4.135915 -0.008528 -0.000663 0.080442 0.035774 0.016230
    5 10.751878 -0.002616 0.000051 -0.018636 0.003823 0.186243
    6 3.346640 -0.003644 -0.000029 0.007634 -0.014501 -0.038971
    7 4.579825 0.000000 0.000001 0.445962 -0.103339 -0.041742
    8 -3.297148 -1.150500 2.858143 0.358256 -1.157831 2.624032
    9 6.038857 0.000001 -0.000005 1.007225 0.415899 -0.669666
    10 17.594553 -0.000002 -0.000007 0.000000 0.000000 -0.738000
    11 17.982979 0.000001 -0.000001 -2.312917 0.411355 -0.345155
    12 2.813688 0.799025 -0.493427 2.411861 0.529184 1.109476
    13 2.065371 0.000001 0.000002 0.000000 0.000000 0.649378
    14 2.094707 0.000000 -0.000001 0.000000 0.000000 1.093020
    15 7.521996 -0.014963 -1.158104 -0.027860 -0.069734 0.911640
    16 3.200831 0.000000 0.000002 0.000000 0.000000 1.665632
    17 2.731236 -0.000003 -0.000001 0.000000 0.000000 1.605775
    18 7.599247 -0.144510 0.591978 -0.045786 -0.060676 0.993575
    19 3.840991 0.000000 0.000001 0.000000 0.000000 1.756866
    20 3.277479 -0.000003 0.000001 0.000000 0.000000 1.937387
    21 7.447633 -0.525787 2.367264 -0.140593 -0.120304 1.040167
    22 1.595204 -0.000002 0.000001 0.000000 0.000000 0.255811
    23 1.772443 -0.000001 0.000000 0.000000 0.000000 1.067979
    24 2.572627 0.731521 -2.511554 -0.244396 0.018184 3.134541
    25 -3.277620 -1.041106 -2.920651 -0.077777 1.370509 2.878310
    26 6.038855 0.000003 0.000005 -0.714163 -0.779658 -0.081763
    27 17.594561 -0.000001 -0.000005 0.000000 0.000000 -0.211146
    28 17.982979 0.000004 0.000006 2.081990 0.490282 -1.252658
    29 2.813689 0.799025 0.493427 -2.853948 0.431188 1.731441
    30 2.065368 0.000000 0.000001 0.000000 0.000000 0.912348
    31 2.094710 -0.000004 -0.000001 0.000000 0.000000 0.685149
    32 7.521996 -0.014962 1.158106 -0.175699 -0.043345 1.404093
    33 3.200828 -0.000002 0.000002 0.000000 0.000000 1.350783
    34 2.731235 0.000002 0.000000 0.000000 0.000000 0.924201
    35 7.599245 -0.144511 -0.591981 -0.160061 -0.087250 1.261723
    36 3.840992 0.000000 0.000001 0.000000 0.000000 1.649531
    37 3.277482 -0.000005 -0.000003 0.000000 0.000000 1.255814
    38 7.447635 -0.525787 -2.367260 0.127913 0.133733 0.940083
    39 1.595200 0.000000 -0.000003 0.000000 0.000000 0.756708
    40 1.772449 -0.000001 0.000003 0.000000 0.000000 1.255814
    41 2.963612 0.324628 1.962029 -2.408182 0.012915 -3.260935
    42 -5.226302 -0.279377 6.425844 2.937101 -0.024824 3.257759
    43 22.311970 0.000002 -0.000001 0.000000 0.000000 -0.552495
    44 22.311964 0.000001 -0.000003 -0.127364 0.027980 0.539646
    45 5.131752 6.470463 0.000000 0.000000 0.000000 1.570796
    46 -5.023180 -0.271532 -6.425843 -3.073840 -0.305345 2.974220
    47 22.311968 -0.000001 0.000000 0.000000 0.000000 -0.157793
    48 22.311966 -0.000001 0.000004 0.361166 -0.281393 -0.155537
    49 5.131752 6.470465 0.000000 0.000000 0.000000 1.570796
    50 1.732516 13.268858 0.716686 3.141592 -1.570796 0.000000
    51 -0.224368 0.272606 -0.034539 0.009372 -0.102912 0.790291
    52 -3.526242 -5.043054 -3.649806 0.007677 -1.138317 1.220854
    53 -3.733108 0.126942 -0.417931 -0.359467 -0.232234 -0.079737
    54 -4.370892 0.502568 -0.524084 -1.611285 -0.228986 -0.235524
    55 -4.145909 0.347129 0.491243 -0.331921 0.228997 -0.155342
    56 -4.722166 0.105050 0.659018 -0.038130 0.272214 -0.029097
    57 -4.930277 -0.035939 0.760079 0.030596 0.314437 0.036126
    58 -5.148464 -0.075293 0.926331 0.018241 0.345538 0.034292
    59 -5.822559 0.073183 1.103056 -0.001632 0.378543 -0.027072
    60 -5.312530 0.354757 1.242813 0.055299 0.506997 -0.169414
    61 -3.000171 0.416445 0.693707 0.484497 0.460248 -0.303639
    62 -3.825886 1.418673 0.613663 1.154711 0.240834 -0.650998
    63 -11.204095 -5.674611 9.498478 -1.116941 -1.424750 -0.272770
    64 -0.269144 -22.062255 -2.883622 0.091259 -0.012670 -0.034027
    65 -8.003747 -6.000107 -9.314304 1.582989 -1.375006 -2.926309
    66 1.291627 -15.514588 -3.241560 0.266129 0.000110 0.035727
    67 -12.521673 11.793077 -9.009841 1.428364 -1.376902 -2.928790
    68 0.785919 -24.943203 -6.367156 0.371503 -0.004990 0.055701
    69 -10.702515 8.802661 -6.746493 -1.525122 -1.256720 -0.181227
    70 -0.641311 -11.527769 1.210022 0.000000 0.000000 0.000000
    71 -0.227785 -19.832260 -4.903652 0.289431 -0.002108 0.043612
    72 -13.047045 10.771064 13.323422 -1.129221 -0.957515 -0.924874
    73 -0.991148 -23.090739 -3.102065 0.383765 -0.003385 -0.146953
    74 49.389515 35.067635 12.791993 -1.037544 0.423055 2.039819
    75 4.004553 6.047380 1.789419 -0.260261 0.121942 2.111929
  time 4
    0 -2.355301 8.736405 47.435928 -0.045098 -0.088027 -2.359237
    1 0.623699 -0.000001 0.000000 3.141497 -1.554703 1.570706
    2 5.131857 -0.003106 -0.082027 -0.000879 0.016070 -0.054666
    3 3.906099 -0.003273 0.000002 -0.002423 0.015868 -0.072194
    4 4.135915 -0.008528 -0.000663 0.081000 0.033617 0.027164
    5 10.751878 -0.002616 0.000051 -0.018636 0.003823 0.186243
    6 3.346640 -0.003644 -0.000029 0.007634 -0.014501 -0.038971
    7 4.579825 0.000000 0.000001 0.447261 -0.095270 -0.060132
    8 -3.297148 -1.150500 2.858143 0.358256 -1.157831 2.624032
    9 6.038857 0.000001 -0.000005 0.987279 0.443681 -0.711226
    10 17.594553 -0.000002 -0.000007 0.000000 0.000000 -0.637345
    11 17.982979 0.000001 -0.000001 -2.325688 0.429123 -0.411516
    12 2.813688 0.799025 -0.493427 2.411861 0.529184 1.109476
    13 2.065371 0.000001 0.000002 0.000000 0.000000 0.649378
    14 2.094707 0.000000 -0.000001 0.000000 0.000000 1.093020
    15 7.521996 -0.014963 -1.158104 -0.027860 -0.069746 0.911640
    16 3.200831 0.000000 0.000002 0.000000 0.000000 1.665632
    17 2.731236 -0.000003 -0.000001 0.000000 0.000000 1.605775
    18 7.599247 -0.144510 0.591978 -0.045786 -0.060676 0.993575
    19 3.840991 0.000000 0.000001 0.000000 0.000000 1.756866
    20 3.277479 -0.000003 0.000001 0.000000 0.000000 1.937387
    21 7.447633 -0.525787 2.367264 -0.140593 -0.120304 1.040167
    22 1.595204 -0.000002 0.000001 0.000000 0.000000 0.255811
    23 1.772443 -0.000001 0.000000 0.000000 0.000000 1.067979
    24 2.572627 0.731521 -2.511554 -0.244396 0.018184 3.134541
    25 -3.277620 -1.041106 -2.920651 -0.077777 1.370509 2.878310
    26 6.038855 0.000003 0.000005 -0.687950 -0.785195 -0.104564
    27 17.594561 -0.000001 -0.000005 0.000000 0.000000 -0.211888
    28 17.982979 0.000004 0.000006 2.095400 0.480775 -1.224454
    29 2.813689 0.799025 0.493427 -2.853948 0.431188 1.731441
    30 2.065368 0.000000 0.000001 0.000000 0.000000 0.912348
    31 2.094710 -0.000004 -0.000001 0.000000 0.000000 0.685149
    32 7.521996 -0.014962 1.158106 -0.175699 -0.043345 1.404093
    33 3.200828 -0.000002 0.000002 0.000000 0.000000 1.350783
    34 2.731235 0.000002 0.000000 0.000000 0.000000 0.924201
    35 7.599245 -0.144511 -0.591981 -0.160061 -0.087250 1.261723
    36 3.840992 0.000000 0.000001 0.000000 0.000000 1.649531
    37 3.277482 -0.000005 -0.000003 0.000000 0.000000 1.255814
    38 7.447635 -0.525787 -2.367260 0.127913 0.133733 0.940083
    39 1.595200 0.000000 -0.000003 0.000000 0.000000 0.756708
    40 1.772449 -0.000001 0.000003 0.000000 0.000000 1.255814
    41 2.963612 0.324628 1.962029 -2.408182 0.012915 -3.260935
    42 -5.226302 -0.279377 6.425844 2.937365 -0.038749 3.224178
    43 22.311970 0.000002 -0.000001 0.000000 0.000000 -0.574779
    44 22.311964 0.000001 -0.000003 -0.126429 0.018301 0.517166
    45 5.131752 6.470463 0.000000 0.000000 0.000000 1.570796
    46 -5.023180 -0.271532 -6.425843 -3.052879 -0.273502 2.833323
    47 22.311968 -0.000001 0.000000 0.000000 0.000000 -0.453238
    48 22.311966 -0.000001 0.000004 0.380339 -0.304841 -0.044259
    49 5.131752 6.470465 0.000000 0.000000 0.000000 1.570796
    50 1.732516 13.268858 0.716686 3.141592 -1.570796 0.000000
    51 -0.224368 0.272606 -0.034539 0.018576 -0.105548 0.790092
    52 -3.534054 -5.078211 -3.591210 0.007485 -1.128730 1.222291
    53 -3.733108 0.126942 -0.417931 -0.342174 -0.232474 -0.079378
    54 -4.370892 0.490849 -0.535803 -1.594997 -0.233601 -0.231306
    55 -4.142002 0.366661 0.479524 -0.355646 0.223724 -0.163863
    56 -4.718260 0.112863 0.659018 -0.043799 0.272514 -0.033148
    57 -4.934183 -0.028127 0.763985 0.027959 0.315576 0.032674
    58 -5.152370 -0.067480 0.930238 0.017152 0.346233 0.031733
    59 -5.826465 0.077090 1.106962 -0.001816 0.378934 -0.027440
    60 -5.308624 0.350850 1.246719 0.053409 0.510384 -0.165973
    61 -2.988452 0.404726 0.701520 0.486498 0.468597 -0.299010
    62 -3.814167 1.414767 0.637101 1.184324 0.252316 -0.652170
    63 -11.204095 -5.674611 9.498478 -1.116941 -1.424750 -0.272770
    64 -0.269144 -22.062255 -2.883622 0.091259 -0.012670 -0.034027
    65 -8.003747 -6.000107 -9.314304 1.582989 -1.375006 -2.926309
    66 1.291627 -15.514588 -3.241560 0.266129 0.000110 0.035727
    67 -12.521673 11.793077 -9.009841 1.428364 -1.376902 -2.928790
    68 0.785919 -24.943203 -6.367156 0.371503 -0.004990 0.055701
    69 -10.702515 8.802661 -6.746493 -1.525122 -1.256720 -0.181227
    70 -0.641311 -11.527769 1.210022 0.000000 0.000000 0.000000
    71 -0.227785 -19.832260 -4.903652 0.289431 -0.002108 0.043612
    72 -13.047045 10.771064 13.323422 -1.129221 -0.957515 -0.924874
    73 -0.991148 -23.090739 -3.102065 0.383765 -0.003385 -0.146953
    74 49.389515 35.067635 12.791993 -1.037544 0.423055 2.039819
    75 4.004553 6.047380 1.789419 -0.260261 0.121942 2.111929
  time 5
    0 -1.874818 10.157129 47.693748 -0.042905 -0.092653 -2.359573
    1 0.623699 -0.000001 0.000000 -3.141497 -1.554703 1.570706
    2 5.131857 -0.003106 -0.082027 -0.000879 0.016070 -0.054666
    3 3.906099 -0.003273 0.000002 -0.002775 0.011565 -0.070564
    4 4.135915 -0.008528 -0.000663 0.081353 0.034072 0.032106
    5 10.751878 -0.002616 0.000051 -0.018636 0.003823 0.186243
    6 3.346640 -0.003644 -0.000029 0.007634 -0.014501 -0.038971
    7 4.579825 0.000000 0.000001 0.447825 -0.091956 -0.066989
    8 -3.297148 -1.150500 2.858143 0.358256 -1.157831 2.624032
    9 6.038857 0.000001 -0.000005 0.970301 0.483378 -0.748665
    10 17.594553 -0.000002 -0.000007 0.000000 0.000000 -0.534862
    11 17.982979 0.000001 -0.000001 -2.335153 0.442150 -0.474651
    12 2.813688 0.799025 -0.493427 2.411861 0.529184 1.109476
    13 2.065371 0.000001 0.000002 0.000000 0.000000 0.649378
    14 2.094707 0.000000 -0.000001 0.000000 0.000000 1.093020
    15 7.521996 -0.014963 -1.158104 -0.027860 -0.069734 0.911640
    16 3.200831 0.000000 0.000002 0.000000 0.000000 1.665632
    17 2.731236 -0.000003 -0.000001 0.000000 0.000000 1.605775
    18 7.599247 -0.144510 0.591978 -0.045786 -0.060676 0.993575
    19 3.840991 0.000000 0.000001 0.000000 0.000000 1.756866
    20 3.277479 -0.000003 0.000001 0.000000 0.000000 1.937387
    21 7.447633 -0.525787 2.367264 -0.140593 -0.120304 1.040167
    22 1.595204 -0.000002 0.000001 0.000000 0.000000 0.255811
    23 1.772443 -0.000001 0.000000 0.000000 0.000000 1.067979
    24 2.572627 0.731521 -2.511554 -0.244396 0.018184 3.134541
    25 -3.277620 -1.041106 -2.920651 -0.077777 1.370509 2.878310
    26 6.038855 0.000003 0.000005 -0.677978 -0.786713 -0.113337
    27 17.594561 -0.000001 -0.000005 0.000000 0.000000 -0.212878
    28 17.982979 0.000004 0.000006 2.105919 0.473431 -1.201968
    29 2.813689 0.799025 0.493427 -2.853948 0.431188 1.731441
    30 2.065368 0.000000 0.000001 0.000000 0.000000 0.912348
    31 2.094710 -0.000004 -0.000001 0.000000 0.000000 0.685149
    32 7.521996 -0.014962 1.158106 -0.175699 -0.043345 1.404093
    33 3.200828 -0.000002 0.000002 0.000000 0.000000 1.350783
    34 2.731235 0.000002 0.000000 0.000000 0.000000 0.924201
    35 7.599245 -0.144511 -0.591981 -0.160061 -0.087250 1.261723
    36 3.840992 0.000000 0.000001 0.000000 0.000000 1.649577
    37 3.277482 -0.000005 -0.000003 0.000000 0.000000 1.255814
    38 7.447635 -0.525787 -2.367260 0.127913 0.133733 0.940083
    39 1.595200 0.000000 -0.000003 0.000000 0.000000 0.756708
    40 1.772449 -0.000001 0.000003 0.000000 0.000000 1.255814
    41 2.963612 0.324628 1.962029 -2.408182 0.012915 -3.260935
    42 -5.226302 -0.279377 6.425844 2.937749 -0.053734 3.193671
    43 22.311970 0.000002 -0.000001 0.000000 0.000000 -0.581633
    44 22.311964 0.000001 -0.000003 -0.124941 0.008696 0.486162
    45 5.131752 6.470463 0.000000 0.000000 0.000000 1.570796
    46 -5.023180 -0.271532 -6.425843 -3.056869 -0.238138 2.770717
    47 22.311968 -0.000001 0.000000 0.000000 0.000000 -0.624780
    48 22.311966 -0.000001 0.000004 0.391852 -0.325508 0.037774
    49 5.131752 6.470465 0.000000 0.000000 0.000000 1.570796
    50 1.732516 13.268858 0.716686 3.141592 -1.570796 0.000000
    51 -0.224368 0.272606 -0.034539 0.023382 -0.107286 0.790191
    52 -3.541867 -5.093837 -3.563866 0.007389 -1.123624 1.222228
    53 -3.733108 0.126942 -0.417931 -0.334250 -0.232522 -0.079414
    54 -4.370892 0.486943 -0.539709 -1.584168 -0.235842 -0.229580
    55 -4.142002 0.374474 0.471711 -0.368672 0.220788 -0.168633
    56 -4.722166 0.120676 0.659018 -0.047215 0.272801 -0.035604
    57 -4.938090 -0.028127 0.763985 0.026102 0.315995 0.030325
    58 -5.167996 -0.063574 0.930238 0.016374 0.345861 0.030019
    59 -5.842090 0.077090 1.106962 -0.001862 0.378272 -0.027283
    60 -5.312530 0.343038 1.250626 0.051735 0.512521 -0.162703
    61 -2.976733 0.396913 0.709333 0.488117 0.476222 -0.295168
    62 -3.798542 1.414767 0.660539 1.210583 0.262483 -0.654269
    63 -11.204095 -5.674611 9.498478 -1.116941 -1.424750 -0.272770
    64 -0.269144 -22.062255 -2.883622 0.091259 -0.012670 -0.034027
    65 -8.003747 -6.000107 -9.314304 1.582989 -1.375006 -2.926309
    66 1.291627 -15.514588 -3.241560 0.266129 0.000110 0.035727
    67 -12.521673 11.793077 -9.009841 1.428364 -1.376902 -2.928790
    68 0.785919 -24.943203 -6.367156 0.371503 -0.004990 0.055701
    69 -10.702515 8.802661 -6.746493 -1.525122 -1.256720 -0.181227
    70 -0.641311 -11.527769 1.210022 0.000000 0.000000 0.000000
    71 -0.227785 -19.832260 -4.903652 0.289431 -0.002108 0.043612
    72 -13.047045 10.771064 13.323422 -1.129221 -0.957515 -0.924874
    73 -0.991148 -23.090739 -3.102065 0.383765 -0.003385 -0.146953
    74 49.389515 35.067635 12.791993 -1.037544 0.423055 2.039819
    75 4.004553 6.047380 1.789419 -0.260261 0.121942 2.111929
  time 6
    0 -1.425585 11.585665 47.994539 -0.043192 -0.093564 -2.359956
    1 0.623699 -0.000001 0.000000 3.141497 -1.554703 1.570706
    2 5.131857 -0.003106 -0.082027 -0.000879 0.016070 -0.054666
    3 3.906099 -0.003273 0.000002 -0.003071 0.010283 -0.074807
    4 4.135915 -0.008528 -0.000663 0.081516 0.037716 0.029974
    5 10.751878 -0.002616 0.000051 -0.018636 0.003823 0.186243
    6 3.346640 -0.003644 -0.000029 0.007634 -0.014501 -0.038971
    7 4.579825 0.000000 0.000001 0.447629 -0.093844 -0.060415
    8 -3.297148 -1.150500 2.858143 0.358256 -1.157831 2.624032
    9 6.038857 0.000001 -0.000005 0.961673 0.521384 -0.768908
    10 17.594553 -0.000002 -0.000007 0.000000 0.000000 -0.465041
    11 17.982979 0.000001 -0.000001 -2.338611 0.447652 -0.514251
    12 2.813688 0.799025 -0.493427 2.411861 0.529184 1.109476
    13 2.065371 0.000001 0.000002 0.000000 0.000000 0.649378
    14 2.094707 0.000000 -0.000001 0.000000 0.000000 1.093020
    15 7.521996 -0.014963 -1.158104 -0.027860 -0.069734 0.911640
    16 3.200831 0.000000 0.000002 0.000000 0.000000 1.665632
    17 2.731236 -0.000003 -0.000001 0.000000 0.000000 1.605775
    18 7.599247 -0.144510 0.591978 -0.045786 -0.060676 0.993575
    19 3.840991 0.000000 0.000001 0.000000 0.000000 1.756866
    20 3.277479 -0.000003 0.000001 0.000000 0.000000 1.937387
    21 7.447633 -0.525787 2.367264 -0.140593 -0.120304 1.040167
    22 1.595204 -0.000002 0.000001 0.000000 0.000000 0.255811
    23 1.772443 -0.000001 0.000000 0.000000 0.000000 1.067979
    24 2.572627 0.731521 -2.511554 -0.244396 0.018184 3.134541
    25 -3.277620 -1.041106 -2.920651 -0.077777 1.370509 2.878310
    26 6.038855 0.000003 0.000005 -0.687114 -0.785005 -0.105454
    27 17.594561 -0.000001 -0.000005 0.000000 0.000000 -0.213373
    28 17.982979 0.000004 0.000006 2.110998 0.470299 -1.191106
    29 2.813689 0.799025 0.493427 -2.853948 0.431188 1.731441
    30 2.065368 0.000000 0.000001 0.000000 0.000000 0.912348
    31 2.094710 -0.000004 -0.000001 0.000000 0.000000 0.685149
    32 7.521996 -0.014962 1.158106 -0.175699 -0.043345 1.404093
    33 3.200828 -0.000002 0.000002 0.000000 0.000000 1.350783
    34 2.731235 0.000002 0.000000 0.000000 0.000000 0.924201
    35 7.599245 -0.144511 -0.591981 -0.160061 -0.087250 1.261723
    36 3.840992 0.000000 0.000001 0.000000 0.000000 1.649531
    37 3.277482 -0.000005 -0.000003 0.000000 0.000000 1.255814
    38 7.447635 -0.525787 -2.367260 0.127913 0.133733 0.940083
    39 1.595200 0.000000 -0.000003 0.000000 0.000000 0.756708
    40 1.772449 -0.000001 0.000003 0.000000 0.000000 1.255814
    41 2.963612 0.324628 1.962029 -2.408182 0.012915 -3.260935
    42 -5.226302 -0.279377 6.425844 2.938336 -0.070478 3.165965
    43 22.311970 0.000002 -0.000001 0.000000 0.000000 -0.575712
    44 22.311964 0.000001 -0.000003 -0.123045 -0.001444 0.448973
    45 5.131752 6.470463 0.000000 0.000000 0.000000 1.570796
    46 -5.023180 -0.271532 -6.425843 -3.074343 -0.204550 2.767974
    47 22.311968 -0.000001 0.000000 0.000000 0.000000 -0.689166
    48 22.311966 -0.000001 0.000004 0.391126 -0.322413 0.107211
    49 5.131752 6.470465 0.000000 0.000000 0.000000 1.570796
    50 1.732516 13.268858 0.716686 3.141592 -1.570796 0.000000
    51 -0.224368 0.272606 -0.034539 0.023777 -0.108149 0.790590
    52 -3.545773 -5.093837 -3.556053 0.007377 -1.122977 1.220541
    53 -3.733108 0.126942 -0.417931 -0.334578 -0.232486 -0.079785
    54 -4.370892 0.490849 -0.539709 -1.580256 -0.235758 -0.230083
    55 -4.145909 0.378380 0.471711 -0.370440 0.220480 -0.169616
    56 -4.726073 0.120676 0.659018 -0.048341 0.272801 -0.036503
    57 -4.949809 -0.024220 0.763985 0.025095 0.315516 0.029151
    58 -5.183621 -0.059667 0.930238 0.015856 0.344507 0.028993
    59 -5.861622 0.077090 1.103056 -0.001908 0.376799 -0.027283
    60 -5.320343 0.339131 1.250626 0.050606 0.513012 -0.161174
    61 -2.972827 0.393007 0.713239 0.487546 0.480737 -0.293751
    62 -3.786823 1.414767 0.676164 1.223521 0.268531 -0.656271
    63 -11.204095 -5.674611 9.498478 -1.116941 -1.424750 -0.272770
    64 -0.269144 -22.062255 -2.883622 0.091259 -0.012670 -0.034027
    65 -8.003747 -6.000107 -9.314304 1.582989 -1.375006 -2.926309
    66 1.291627 -15.514588 -3.241560 0.266129 0.000110 0.035727
    67 -12.521673 11.793077 -9.009841 1.428364 -1.376902 -2.928790
    68 0.785919 -24.943203 -6.367156 0.371503 -0.004990 0.055701
    69 -10.702515 8.802661 -6.746493 -1.525122 -1.256720 -0.181227
    70 -0.641311 -11.527769 1.210022 0.000000 0.000000 0.000000
    71 -0.227785 -19.832260 -4.903652 0.289431 -0.002108 0.043612
    72 -13.047045 10.771064 13.323422 -1.129221 -0.957515 -0.924874
    73 -0.991148 -23.090739 -3.102065 0.383765 -0.003385 -0.146953
    74 49.389515 35.067635 12.791993 -1.037544 0.423055 2.039819
    75 4.004553 6.047380 1.789419 -0.260261 0.121942 2.111929
  time 7
    0 -1.050574 13.002482 48.314861 -0.045146 -0.092018 -2.360388
    1 0.623699 -0.000001 0.000000 -3.141592 -1.554703 1.570706
    2 5.131857 -0.003106 -0.082027 -0.000879 0.016070 -0.054666
    3 3.906099 -0.003273 0.000002 -0.003330 0.010954 -0.083556
    4 4.135915 -0.008528 -0.000663 0.081462 0.043995 0.021947
    5 10.751878 -0.002616 0.000051 -0.018636 0.003823 0.186243
    6 3.346640 -0.003644 -0.000029 0.007634 -0.014501 -0.038971
    7 4.579825 0.000000 0.000001 0.446820 -0.099564 -0.043118
    8 -3.297148 -1.150500 2.858143 0.358256 -1.157831 2.624032
    9 6.038857 0.000001 -0.000005 0.963899 0.549940 -0.768191
    10 17.594553 -0.000002 -0.000007 0.000000 0.000000 -0.440065
    11 17.982979 0.000001 -0.000001 -2.336749 0.446630 -0.525145
    12 2.813688 0.799025 -0.493427 2.411861 0.529184 1.109476
    13 2.065371 0.000001 0.000002 0.000000 0.000000 0.649378
    14 2.094707 0.000000 -0.000001 0.000000 0.000000 1.093020
    15 7.521996 -0.014963 -1.158104 -0.027860 -0.069746 0.911640
    16 3.200831 0.000000 0.000002 0.000000 0.000000 1.665632
    17 2.731236 -0.000003 -0.000001 0.000000 0.000000 1.605775
    18 7.599247 -0.144510 0.591978 -0.045786 -0.060676 0.993575
    19 3.840991 0.000000 0.000001 0.000000 0.000000 1.756866
    20 3.277479 -0.000003 0.000001 0.000000 0.000000 1.937387
    21 7.447633 -0.525787 2.367264 -0.140593 -0.120304 1.040167
    22 1.595204 -0.000002 0.000001 0.000000 0.000000 0.255811
    23 1.772443 -0.000001 0.000000 0.000000 0.000000 1.067979
    24 2.572627 0.731521 -2.511554 -0.244396 0.018184 3.134541
    25 -3.277620 -1.041106 -2.920651 -0.077777 1.370509 2.878310
    26 6.038855 0.000003 0.000005 -0.711356 -0.781145 -0.084603
    27 17.594561 -0.000001 -0.000005 0.000000 0.000000 -0.212928
    28 17.982979 0.000004 0.000006 2.111093 0.471231 -1.190963
    29 2.813689 0.799025 0.493427 -2.853948 0.431188 1.731441
    30 2.065368 0.000000 0.000001 0.000000 0.000000 0.912348
    31 2.094710 -0.000004 -0.000001 0.000000 0.000000 0.685149
    32 7.521996 -0.014962 1.158106 -0.175699 -0.043345 1.404093
    33 3.200828 -0.000002 0.000002 0.000000 0.000000 1.350783
    34 2.731235 0.000002 0.000000 0.000000 0.000000 0.924201
    35 7.599245 -0.144511 -0.591981 -0.160061 -0.087250 1.261723
    36 3.840992 0.000000 0.000001 0.000000 0.000000 1.649531
    37 3.277482 -0.000005 -0.000003 0.000000 0.000000 1.255814
    38 7.447635 -0.525787 -2.367260 0.127913 0.133733 0.940083
    39 1.595200 0.000000 -0.000003 0.000000 0.000000 0.756708
    40 1.772449 -0.000001 0.000003 0.000000 0.000000 1.255814
    41 2.963612 0.324628 1.962029 -2.408182 0.012915 -3.260935
    42 -5.226302 -0.279377 6.425844 2.939079 -0.088754 3.142553
    43 22.311970 0.000002 -0.000001 0.000000 0.000000 -0.558739
    44 22.311964 0.000001 -0.000003 -0.120717 -0.012782 0.407366
    45 5.131752 6.470463 0.000000 0.000000 0.000000 1.570796
    46 -5.023180 -0.271532 -6.425843 -3.096706 -0.171887 2.791586
    47 22.311968 -0.000001 0.000000 0.000000 0.000000 -0.700615
    48 22.311966 -0.000001 0.000004 0.382012 -0.287953 0.166648
    49 5.131752 6.470465 0.000000 0.000000 0.000000 1.570796
    50 1.732516 13.268858 0.716686 3.141592 -1.570796 0.000000
    51 -0.224368 0.272606 -0.034539 0.021249 -0.108437 0.791187
    52 -3.549680 -5.082118 -3.567772 0.007413 -1.125158 1.217541
    53 -3.733108 0.126942 -0.417931 -0.340005 -0.232438 -0.080349
    54 -4.370892 0.494755 -0.535803 -1.580893 -0.234176 -0.232061
    55 -4.149815 0.374474 0.475618 -0.364857 0.221839 -0.168082
    56 -4.733885 0.120676 0.659018 -0.047814 0.272514 -0.036240
    57 -4.965434 -0.024220 0.763985 0.024651 0.314293 0.028707
    58 -5.207059 -0.059667 0.930238 0.015597 0.342469 0.028510
    59 -5.885060 0.080996 1.103056 -0.002000 0.374904 -0.027440
    60 -5.328156 0.343038 1.246719 0.049959 0.512173 -0.161620
    61 -2.968920 0.396913 0.713239 0.484973 0.482039 -0.295011
    62 -3.779010 1.418673 0.680071 1.222371 0.270372 -0.658029
    63 -11.204095 -5.674611 9.498478 -1.116941 -1.424750 -0.272770
    64 -0.269144 -22.062255 -2.883622 0.091259 -0.012670 -0.034027
    65 -8.003747 -6.000107 -9.314304 1.582989 -1.375006 -2.926309
    66 1.291627 -15.514588 -3.241560 0.266129 0.000110 0.035727
    67 -12.521673 11.793077 -9.009841 1.428364 -1.376902 -2.928790
    68 0.785919 -24.943203 -6.367156 0.371503 -0.004990 0.055701
    69 -10.702515 8.802661 -6.746493 -1.525122 -1.256720 -0.181227
    70 -0.641311 -11.527769 1.210022 0.000000 0.000000 0.000000
    71 -0.227785 -19.832260 -4.903652 0.289431 -0.002108 0.043612
    72 -13.047045 10.771064 13.323422 -1.129221 -0.957515 -0.924874
    73 -0.991148 -23.090739 -3.102065 0.383765 -0.003385 -0.146953
    74 49.389515 35.067635 12.791993 -1.037544 0.423055 2.039819
    75 4.004553 6.047380 1.789419 -0.260261 0.121942 2.111929
  time 8
    0 -0.722439 14.419299 48.631277 -0.048394 -0.088602 -2.360819
    1 0.623699 -0.000001 0.000000 -3.141592 -1.554703 1.570706
    2 5.131857 -0.003106 -0.082027 -0.000879 0.016070 -0.054666
    3 3.906099 -0.003273 0.000002 -0.003607 0.013075 -0.095409
    4 4.135915 -0.008528 -0.000663 0.081203 0.052121 0.009818
    5 10.751878 -0.002616 0.000051 -0.018636 0.003823 0.186243
    6 3.346640 -0.003644 -0.000029 0.007634 -0.014501 -0.038971
    7 4.579825 0.000000 0.000001 0.445349 -0.107979 -0.018329
    8 -3.297148 -1.150500 2.858143 0.358256 -1.157831 2.624032
    9 6.038857 0.000001 -0.000005 0.972064 0.577640 -0.756906
    10 17.594553 -0.000002 -0.000007 0.000000 0.000000 -0.433692
    11 17.982979 0.000001 -0.000001 -2.332188 0.442302 -0.523620
    12 2.813688 0.799025 -0.493427 2.411861 0.529184 1.109476
    13 2.065371 0.000001 0.000002 0.000000 0.000000 0.649378
    14 2.094707 0.000000 -0.000001 0.000000 0.000000 1.093020
    15 7.521996 -0.014963 -1.158104 -0.027860 -0.069734 0.911640
    16 3.200831 0.000000 0.000002 0.000000 0.000000 1.665632
    17 2.731236 -0.000003 -0.000001 0.000000 0.000000 1.605775
    18 7.599247 -0.144510 0.591978 -0.045786 -0.060676 0.993575
    19 3.840991 0.000000 0.000001 0.000000 0.000000 1.756866
    20 3.277479 -0.000003 0.000001 0.000000 0.000000 1.937387
    21 7.447633 -0.525787 2.367264 -0.140593 -0.120304 1.040167
    22 1.595204 -0.000002 0.000001 0.000000 0.000000 0.255811
    23 1.772443 -0.000001 0.000000 0.000000 0.000000 1.067979
    24 2.572627 0.731521 -2.511554 -0.244396 0.018184 3.134541
    25 -3.277620 -1.041106 -2.920651 -0.077777 1.370509 2.878310
    26 6.038855 0.000003 0.000005 -0.745391 -0.774849 -0.055318
    27 17.594561 -0.000001 -0.000005 0.000000 0.000000 -0.211839
    28 17.982979 0.000004 0.000006 2.108868 0.474363 -1.195918
    29 2.813689 0.799025 0.493427 -2.853948 0.431188 1.731441
    30 2.065368 0.000000 0.000001 0.000000 0.000000 0.912348
    31 2.094710 -0.000004 -0.000001 0.000000 0.000000 0.685149
    32 7.521996 -0.014962 1.158106 -0.175699 -0.043345 1.404093
    33 3.200828 -0.000002 0.000002 0.000000 0.000000 1.350783
    34 2.731235 0.000002 0.000000 0.000000 0.000000 0.924201
    35 7.599245 -0.144511 -0.591981 -0.160061 -0.087250 1.261723
    36 3.840992 0.000000 0.000001 0.000000 0.000000 1.649531
    37 3.277482 -0.000005 -0.000003 0.000000 0.000000 1.255814
    38 7.447635 -0.525787 -2.367260 0.127913 0.133733 0.940083
    39 1.595200 0.000000 -0.000003 0.000000 0.000000 0.756708
    40 1.772449 -0.000001 0.000003 0.000000 0.000000 1.255814
    41 2.963612 0.324628 1.962029 -2.408182 0.012915 -3.260935
    42 -5.226302 -0.279377 6.425844 2.939618 -0.108110 3.122088
    43 22.311970 0.000002 -0.000001 0.000000 0.000000 -0.533871
    44 22.311964 0.000001 -0.000003 -0.117693 -0.024747 0.362588
    45 5.131752 6.470463 0.000000 0.000000 0.000000 1.570796
    46 -5.023180 -0.271532 -6.425843 -3.120759 -0.138087 2.827156
    47 22.311968 -0.000001 0.000000 0.000000 0.000000 -0.691798
    48 22.311966 -0.000001 0.000004 0.374330 -0.247467 0.228120
    49 5.131752 6.470465 0.000000 0.000000 0.000000 1.570796
    50 1.732516 13.268858 0.716686 3.141592 -1.570796 0.000000
    51 -0.224368 0.272606 -0.034539 0.016455 -0.108305 0.791984
    52 -3.553586 -5.062586 -3.591210 0.007509 -1.129676 1.213729
    53 -3.733108 0.130848 -0.417931 -0.350150 -0.232222 -0.081175
    54 -4.370892 0.502568 -0.527990 -1.584350 -0.231383 -0.235261
    55 -4.153721 0.366661 0.479524 -0.353692 0.224467 -0.164594
    56 -4.745604 0.120676 0.659018 -0.046196 0.272154 -0.035245
    57 -4.984966 -0.024220 0.763985 0.024699 0.312580 0.028911
    58 -5.226591 -0.059667 0.926331 0.015476 0.339869 0.028402
    59 -5.908499 0.080996 1.099150 -0.002046 0.372377 -0.027703
    60 -5.343781 0.343038 1.246719 0.049477 0.510511 -0.162766
    61 -2.965014 0.396913 0.713239 0.481734 0.482270 -0.297530
    62 -3.775104 1.422580 0.680071 1.215567 0.270488 -0.660226
    63 -11.204095 -5.674611 9.498478 -1.116941 -1.424750 -0.272770
    64 -0.269144 -22.062255 -2.883622 0.091259 -0.012670 -0.034027
    65 -8.003747 -6.000107 -9.314304 1.582989 -1.375006 -2.926309
    66 1.291627 -15.514588 -3.241560 0.266129 0.000110 0.035727
    67 -12.521673 11.793077 -9.009841 1.428364 -1.376902 -2.928790
    68 0.785919 -24.943203 -6.367156 0.371503 -0.004990 0.055701
    69 -10.702515 8.802661 -6.746493 -1.525122 -1.256720 -0.181227
    70 -0.641311 -11.527769 1.210022 0.000000 0.000000 0.000000
    71 -0.227785 -19.832260 -4.903652 0.289431 -0.002108 0.043612
    72 -13.047045 10.771064 13.323422 -1.129221 -0.957515 -0.924874
    73 -0.991148 -23.090739 -3.102065 0.383765 -0.003385 -0.146953
    74 49.389515 35.067635 12.791993 -1.037544 0.423055 2.039819
    75 4.004553 6.047380 1.789419 -0.260261 0.121942 2.111929
  time 9
    0 -0.398210 15.843928 48.924254 -0.052540 -0.083856 -2.361347
    1 0.623699 -0.000001 0.000000 3.141592 -1.554703 1.570706
    2 5.131857 -0.003106 -0.082027 -0.000879 0.016070 -0.054666
    3 3.906099 -0.003273 0.000002 -0.003903 0.016143 -0.108939
    4 4.135915 -0.008528 -0.000663 0.080714 0.061217 -0.004637
    5 10.751878 -0.002616 0.000051 -0.018636 0.003823 0.186243
    6 3.346640 -0.003644 -0.000029 0.007634 -0.014501 -0.038971
    7 4.579825 0.000000 0.000001 0.443240 -0.117978 0.010675
    8 -3.297148 -1.150500 2.858143 0.358256 -1.157831 2.624032
    9 6.038857 0.000001 -0.000005 0.985238 0.601939 -0.737380
    10 17.594553 -0.000002 -0.000007 0.000000 0.000000 -0.443813
    11 17.982979 0.000001 -0.000001 -2.325802 0.435626 -0.511709
    12 2.813688 0.799025 -0.493427 2.411861 0.529184 1.109476
    13 2.065371 0.000001 0.000002 0.000000 0.000000 0.649378
    14 2.094707 0.000000 -0.000001 0.000000 0.000000 1.093020
    15 7.521996 -0.014963 -1.158104 -0.027860 -0.069734 0.911640
    16 3.200831 0.000000 0.000002 0.000000 0.000000 1.665632
    17 2.731236 -0.000003 -0.000001 0.000000 0.000000 1.605775
    18 7.599247 -0.144510 0.591978 -0.045786 -0.060676 0.993575
    19 3.840991 0.000000 0.000001 0.000000 0.000000 1.756866
    20 3.277479 -0.000003 0.000001 0.000000 0.000000 1.937387
    21 7.447633 -0.525787 2.367264 -0.140593 -0.120304 1.040167
    22 1.595204 -0.000002 0.000001 0.000000 0.000000 0.255811
    23 1.772443 -0.000001 0.000000 0.000000 0.000000 1.067979
    24 2.572627 0.731521 -2.511554 -0.244396 0.018184 3.134541
    25 -3.277620 -1.041106 -2.920651 -0.077777 1.370509 2.878310
    26 6.038855 0.000003 0.000005 -0.784501 -0.766402 -0.021710
    27 17.594561 -0.000001 -0.000005 0.000000 0.000000 -0.210502
    28 17.982979 0.000004 0.000006 2.104835 0.479060 -1.204683
    29 2.813689 0.799025 0.493427 -2.853948 0.431188 1.731441
    30 2.065368 0.000000 0.000001 0.000000 0.000000 0.912348
    31 2.094710 -0.000004 -0.000001 0.000000 0.000000 0.685149
    32 7.521996 -0.014962 1.158106 -0.175699 -0.043345 1.404093
    33 3.200828 -0.000002 0.000002 0.000000 0.000000 1.350783
    34 2.731235 0.000002 0.000000 0.000000 0.000000 0.924201
    35 7.599245 -0.144511 -0.591981 -0.160061 -0.087250 1.261723
    36 3.840992 0.000000 0.000001 0.000000 0.000000 1.649531
    37 3.277482 -0.000005 -0.000003 0.000000 0.000000 1.255814
    38 7.447635 -0.525787 -2.367260 0.127913 0.133733 0.940083
    39 1.595200 0.000000 -0.000003 0.000000 0.000000 0.756708
    40 1.772449 -0.000001 0.000003 0.000000 0.000000 1.255814
    41 2.963612 0.324628 1.962029 -2.408182 0.012915 -3.260935
    42 -5.226302 -0.279377 6.425844 2.939654 -0.127976 3.102678
    43 22.311970 0.000002 -0.000001 0.000000 0.000000 -0.504374
    44 22.311964 0.000001 -0.000003 -0.113733 -0.036675 0.315576
    45 5.131752 6.470463 0.000000 0.000000 0.000000 1.570796
    46 -5.023180 -0.271532 -6.425843 -3.145951 -0.103012 2.873207
    47 22.311968 -0.000001 0.000000 0.000000 0.000000 -0.662187
    48 22.311966 -0.000001 0.000004 0.371314 -0.202064 0.286243
    49 5.131752 6.470465 0.000000 0.000000 0.000000 1.570796
    50 1.732516 13.268858 0.716686 3.141592 -1.570796 0.000000
    51 -0.224368 0.272606 -0.034539 0.010091 -0.107849 0.792831
    52 -3.557492 -5.039148 -3.626367 0.007629 -1.135717 1.209041
    53 -3.733108 0.130848 -0.417931 -0.363686 -0.231947 -0.082110
    54 -4.374799 0.510381 -0.520177 -1.588263 -0.227416 -0.239359
    55 -4.157628 0.358849 0.491243 -0.339457 0.227747 -0.160004
    56 -4.757324 0.116769 0.662925 -0.043739 0.271675 -0.033627
    57 -5.000592 -0.028127 0.763985 0.025083 0.310578 0.029570
    58 -5.253936 -0.059667 0.922425 0.015510 0.336957 0.028691
    59 -5.935843 0.080996 1.095243 -0.002139 0.369670 -0.027913
    60 -5.355500 0.346944 1.242813 0.049147 0.508485 -0.164274
    61 -2.965014 0.400819 0.709333 0.478399 0.481605 -0.300837
    62 -3.771197 1.426486 0.676164 1.204737 0.268969 -0.662619
    63 -11.204095 -5.674611 9.498478 -1.116941 -1.424750 -0.272770
    64 -0.269144 -22.062255 -2.883622 0.091259 -0.012670 -0.034027
    65 -8.003747 -6.000107 -9.314304 1.582989 -1.375006 -2.926309
    66 1.291627 -15.514588 -3.241560 0.266129 0.000110 0.035727
    67 -12.521673 11.793077 -9.009841 1.428364 -1.376902 -2.928790
    68 0.785919 -24.943203 -6.367156 0.371503 -0.004990 0.055701
    69 -10.702515 8.802661 -6.746493 -1.525122 -1.256720 -0.181227
    70 -0.641311 -11.527769 1.210022 0.000000 0.000000 0.000000
    71 -0.227785 -19.832260 -4.903652 0.289431 -0.002108 0.043612
    72 -13.047045 10.771064 13.323422 -1.129221 -0.957515 -0.924874
    73 -0.991148 -23.090739 -3.102065 0.383765 -0.003385 -0.146953
    74 49.389515 35.067635 12.791993 -1.037544 0.423055 2.039819
    75 4.004553 6.047380 1.789419 -0.260261 0.121942 2.111929
  time 10
    0 -0.097420 17.276371 49.170356 -0.057202 -0.078355 -2.361874
    1 0.623699 -0.000001 0.000000 3.141592 -1.554703 1.570706
    2 5.131857 -0.003106 -0.082027 -0.000879 0.016070 -0.054666
    3 3.906099 -0.003273 0.000002 -0.004217 0.019679 -0.122769
    4 4.135915 -0.008528 -0.000663 0.080075 0.070469 -0.019657
    5 10.751878 -0.002616 0.000051 -0.018636 0.003823 0.186243
    6 3.346640 -0.003644 -0.000029 0.007634 -0.014501 -0.038971
    7 4.579825 0.000000 0.000001 0.440617 -0.128454 0.040596
    8 -3.297148 -1.150500 2.858143 0.358256 -1.157831 2.624032
    9 6.038857 0.000001 -0.000005 1.002123 0.620902 -0.712390
    10 17.594553 -0.000002 -0.000007 0.000000 0.000000 -0.467056
    11 17.982979 0.000001 -0.000001 -2.318390 0.427470 -0.492020
    12 2.813688 0.799025 -0.493427 2.411861 0.529184 1.109476
    13 2.065371 0.000001 0.000002 0.000000 0.000000 0.649378
    14 2.094707 0.000000 -0.000001 0.000000 0.000000 1.093020
    15 7.521996 -0.014963 -1.158104 -0.027860 -0.069746 0.911640
    16 3.200831 0.000000 0.000002 0.000000 0.000000 1.665632
    17 2.731236 -0.000003 -0.000001 0.000000 0.000000 1.605775
    18 7.599247 -0.144510 0.591978 -0.045786 -0.060676 0.993575
    19 3.840991 0.000000 0.000001 0.000000 0.000000 1.756866
    20 3.277479 -0.000003 0.000001 0.000000 0.000000 1.937387
    21 7.447633 -0.525787 2.367264 -0.140593 -0.120304 1.040167
    22 1.595204 -0.000002 0.000001 0.000000 0.000000 0.255811
    23 1.772443 -0.000001 0.000000 0.000000 0.000000 1.067979
    24 2.572627 0.731521 -2.511554 -0.244361 0.018184 3.134541
    25 -3.277620 -1.041106 -2.920651 -0.077777 1.370509 2.878310
    26 6.038855 0.000003 0.000005 -0.824030 -0.756404 0.012237
    27 17.594561 -0.000001 -0.000005 0.000000 0.000000 -0.209315
    28 17.982979 0.000004 0.000006 2.099604 0.484727 -1.216022
    29 2.813689 0.799025 0.493427 -2.853948 0.431188 1.731441
    30 2.065368 0.000000 0.000001 0.000000 0.000000 0.912348
    31 2.094710 -0.000004 -0.000001 0.000000 0.000000 0.685149
    32 7.521996 -0.014962 1.158106 -0.175699 -0.043345 1.404093
    33 3.200828 -0.000002 0.000002 0.000000 0.000000 1.350783
    34 2.731235 0.000002 0.000000 0.000000 0.000000 0.924201
    35 7.599245 -0.144511 -0.591981 -0.160061 -0.087250 1.261723
    36 3.840992 0.000000 0.000001 0.000000 0.000000 1.649531
    37 3.277482 -0.000005 -0.000003 0.000000 0.000000 1.255814
    38 7.447635 -0.525787 -2.367260 0.127913 0.133733 0.940083
    39 1.595200 0.000000 -0.000003 0.000000 0.000000 0.756708
    40 1.772449 -0.000001 0.000003 0.000000 0.000000 1.255814
    41 2.963612 0.324628 1.962029 -2.408182 0.012915 -3.260935
    42 -5.226302 -0.279377 6.425844 2.939295 -0.148523 3.083923
    43 22.311970 0.000002 -0.000001 0.000000 0.000000 -0.472904
    44 22.311964 0.000001 -0.000003 -0.108813 -0.048843 0.267939
    45 5.131752 6.470463 0.000000 0.000000 0.000000 1.570796
    46 -5.023180 -0.271532 -6.425843 -3.171370 -0.067223 2.929505
    47 22.311968 -0.000001 0.000000 0.000000 0.000000 -0.611389
    48 22.311966 -0.000001 0.000004 0.375100 -0.154332 0.337620
    49 5.131752 6.470465 0.000000 0.000000 0.000000 1.570796
    50 1.732516 13.268858 0.716686 3.141592 -1.570796 0.000000
    51 -0.224368 0.272606 -0.034539 0.002816 -0.107214 0.793777
    52 -3.557492 -5.007897 -3.665431 0.007761 -1.142656 1.203854
    53 -3.733108 0.134754 -0.417931 -0.379902 -0.231647 -0.083153
    54 -4.374799 0.522100 -0.512365 -1.591357 -0.222623 -0.244081
    55 -4.161534 0.347129 0.499056 -0.323454 0.231244 -0.154659
    56 -4.765136 0.112863 0.662925 -0.040839 0.271111 -0.031673
    57 -5.020123 -0.028127 0.763985 0.025730 0.308481 0.030577
    58 -5.277374 -0.063574 0.918518 0.015666 0.334116 0.029234
    59 -5.959281 0.080996 1.091337 -0.002139 0.367024 -0.028018
    60 -5.371126 0.350850 1.238907 0.049059 0.506221 -0.166122
    61 -2.965014 0.408632 0.709333 0.475445 0.480129 -0.304584
    62 -3.767291 1.430392 0.668352 1.191320 0.266106 -0.664816
    63 -11.204095 -5.674611 9.498478 -1.116941 -1.424750 -0.272770
    64 -0.269144 -22.062255 -2.883622 0.091259 -0.012670 -0.034027
    65 -8.003747 -6.000107 -9.314304 1.582989 -1.375006 -2.926309
    66 1.291627 -15.514588 -3.241560 0.266129 0.000110 0.035727
    67 -12.521673 11.793077 -9.009841 1.428364 -1.376902 -2.928790
    68 0.785919 -24.943203 -6.367156 0.371503 -0.004990 0.055701
    69 -10.702515 8.802661 -6.746493 -1.525122 -1.256720 -0.181227
    70 -0.641311 -11.527769 1.210022 0.000000 0.000000 0.000000
    71 -0.227785 -19.832260 -4.903652 0.289431 -0.002108 0.043612
    72 -13.047045 10.771064 13.323422 -1.129221 -0.957515 -0.924874
    73 -0.991148 -23.090739 -3.102065 0.383765 -0.003385 -0.146953
    74 49.389515 35.067635 12.791993 -1.037544 0.423055 2.039819
    75 4.004553 6.047380 1.789419 -0.260261 0.121942 2.111929
  time 11
    0 0.156494 18.716626 49.346142 -0.061996 -0.072675 -2.362449
    1 0.623699 -0.000001 0.000000 -3.141497 -1.554703 1.570706
    2 5.131857 -0.003106 -0.082027 -0.000879 0.016070 -0.054666
    3 3.906099 -0.003273 0.000002 -0.004532 0.023154 -0.135461
    4 4.135915 -0.008528 -0.000663 0.079354 0.079038 -0.033433
    5 10.751878 -0.002616 0.000051 -0.018648 0.003823 0.186243
    6 3.346640 -0.003644 -0.000029 0.007634 -0.014501 -0.038971
    7 4.579825 0.000000 0.000001 0.437797 -0.138295 0.068159
    8 -3.297148 -1.150500 2.858143 0.358256 -1.157831 2.624032
    9 6.038857 0.000001 -0.000005 1.020400 0.632735 -0.685430
    10 17.594553 -0.000002 -0.000007 0.000000 0.000000 -0.499764
    11 17.982979 0.000001 -0.000001 -2.310827 0.418771 -0.467159
    12 2.813688 0.799025 -0.493427 2.411861 0.529184 1.109476
    13 2.065371 0.000001 0.000002 0.000000 0.000000 0.649378
    14 2.094707 0.000000 -0.000001 0.000000 0.000000 1.093020
    15 7.521996 -0.014963 -1.158104 -0.027860 -0.069746 0.911640
    16 3.200831 0.000000 0.000002 0.000000 0.000000 1.665632
    17 2.731236 -0.000003 -0.000001 0.000000 0.000000 1.605775
    18 7.599247 -0.144510 0.591978 -0.045786 -0.060676 0.993575
    19 3.840991 0.000000 0.000001 0.000000 0.000000 1.756866
    20 3.277479 -0.000003 0.000001 0.000000 0.000000 1.937387
    21 7.447633 -0.525787 2.367264 -0.140593 -0.120304 1.040167
    22 1.595204 -0.000002 0.000001 0.000000 0.000000 0.255811
    23 1.772443 -0.000001 0.000000 0.000000 0.000000 1.067979
    24 2.572627 0.731521 -2.511554 -0.244396 0.018184 3.134541
    25 -3.277620 -1.041106 -2.920651 -0.077777 1.370509 2.878310
    26 6.038855 0.000003 0.000005 -0.859617 -0.745932 0.042836
    27 17.594561 -0.000001 -0.000005 0.000000 0.000000 -0.208605
    28 17.982979 0.000004 0.000006 2.093707 0.490803 -1.228551
    29 2.813689 0.799025 0.493427 -2.853948 0.431188 1.731441
    30 2.065368 0.000000 0.000001 0.000000 0.000000 0.912348
    31 2.094710 -0.000004 -0.000001 0.000000 0.000000 0.685149
    32 7.521996 -0.014962 1.158106 -0.175699 -0.043345 1.404093
    33 3.200828 -0.000002 0.000002 0.000000 0.000000 1.350783
    34 2.731235 0.000002 0.000000 0.000000 0.000000 0.924201
    35 7.599245 -0.144511 -0.591981 -0.160061 -0.087250 1.261723
    36 3.840992 0.000000 0.000001 0.000000 0.000000 1.649531
    37 3.277482 -0.000005 -0.000003 0.000000 0.000000 1.255814
    38 7.447635 -0.525787 -2.367260 0.127913 0.133719 0.940083
    39 1.595200 0.000000 -0.000003 0.000000 0.000000 0.756708
    40 1.772449 -0.000001 0.000003 0.000000 0.000000 1.255814
    41 2.963612 0.324628 1.962029 -2.408182 0.012915 -3.260935
    42 -5.226302 -0.279377 6.425844 2.938779 -0.170054 3.064895
    43 22.311970 0.000002 -0.000001 0.000000 0.000000 -0.443012
    44 22.311964 0.000001 -0.000003 -0.102981 -0.061619 0.221524
    45 5.131752 6.470463 0.000000 0.000000 0.000000 1.570796
    46 -5.023180 -0.271532 -6.425843 -3.195975 -0.031086 2.996214
    47 22.311968 -0.000001 0.000000 0.000000 0.000000 -0.538811
    48 22.311966 -0.000001 0.000004 0.386547 -0.107012 0.379301
    49 5.131752 6.470465 0.000000 0.000000 0.000000 1.570796
    50 1.732516 13.268858 0.716686 3.141592 -1.570796 0.000000
    51 -0.224368 0.272606 -0.034539 -0.004662 -0.106531 0.794723
    52 -3.561399 -4.976646 -3.704495 0.007917 -1.149834 1.198479
    53 -3.733108 0.134754 -0.417931 -0.397826 -0.231336 -0.084291
    54 -4.374799 0.533819 -0.500645 -1.591903 -0.217134 -0.249103
    55 -4.165440 0.335410 0.506868 -0.307544 0.234452 -0.149134
    56 -4.776855 0.105050 0.662925 -0.038023 0.270620 -0.029756
    57 -5.035749 -0.028127 0.760079 0.026497 0.306515 0.031763
    58 -5.296906 -0.063574 0.918518 0.015908 0.331599 0.029959
    59 -5.982720 0.080996 1.087430 -0.002093 0.364798 -0.027913
    60 -5.382845 0.354757 1.235000 0.049236 0.504005 -0.168076
    61 -2.968920 0.412538 0.705426 0.473254 0.477973 -0.308331
    62 -3.767291 1.438205 0.660539 1.176849 0.262016 -0.666622
    63 -11.204095 -5.674611 9.498478 -1.116941 -1.424750 -0.272770
    64 -0.269144 -22.062255 -2.883622 0.091259 -0.012670 -0.034027
    65 -8.003747 -6.000107 -9.314304 1.582989 -1.375006 -2.926309
    66 1.291627 -15.514588 -3.241560 0.266129 0.000110 0.035727
    67 -12.521673 11.793077 -9.009841 1.428364 -1.376902 -2.928790
    68 0.785919 -24.943203 -6.367156 0.371503 -0.004990 0.055701
    69 -10.702515 8.802661 -6.746493 -1.525122 -1.256720 -0.181227
    70 -0.641311 -11.527769 1.210022 0.000000 0.000000 0.000000
    71 -0.227785 -19.832260 -4.903652 0.289431 -0.002108 0.043612
    72 -13.047045 10.771064 13.323422 -1.129221 -0.957515 -0.924874
    73 -0.991148 -23.090739 -3.102065 0.383765 -0.003385 -0.146953
    74 49.389515 35.067635 12.791993 -1.037544 0.423055 2.039819
    75 4.004553 6.047380 1.789419 -0.260261 0.121942 2.111929
  time 12
    0 0.351813 20.168600 49.428176 -0.066538 -0.067377 -2.363024
    1 0.623699 -0.000001 0.000000 -3.141497 -1.554703 1.570706
    2 5.131857 -0.003106 -0.082027 -0.000879 0.016070 -0.054666
    3 3.906099 -0.003273 0.000002 -0.004846 0.026066 -0.145612
    4 4.135915 -0.008528 -0.000663 0.078742 0.086085 -0.044206
    5 10.751878 -0.002616 0.000051 -0.018636 0.003823 0.186243
    6 3.346640 -0.003644 -0.000029 0.007634 -0.014501 -0.038971
    7 4.579825 0.000000 0.000001 0.435223 -0.146465 0.090043
    8 -3.297148 -1.150500 2.858143 0.358256 -1.157831 2.624032
    9 6.038857 0.000001 -0.000005 1.037377 0.635729 -0.660083
    10 17.594553 -0.000002 -0.000007 0.000000 0.000000 -0.538798
    11 17.982979 0.000001 -0.000001 -2.303757 0.410420 -0.439448
    12 2.813688 0.799025 -0.493427 2.411861 0.529184 1.109476
    13 2.065371 0.000001 0.000002 0.000000 0.000000 0.649378
    14 2.094707 0.000000 -0.000001 0.000000 0.000000 1.093020
    15 7.521996 -0.014963 -1.158104 -0.027860 -0.069734 0.911640
    16 3.200831 0.000000 0.000002 0.000000 0.000000 1.665632
    17 2.731236 -0.000003 -0.000001 0.000000 0.000000 1.605775
    18 7.599247 -0.144510 0.591978 -0.045786 -0.060676 0.993575
    19 3.840991 0.000000 0.000001 0.000000 0.000000 1.756866
    20 3.277479 -0.000003 0.000001 0.000000 0.000000 1.937387
    21 7.447633 -0.525787 2.367264 -0.140593 -0.120304 1.040167
    22 1.595204 -0.000002 0.000001 0.000000 0.000000 0.255811
    23 1.772443 -0.000001 0.000000 0.000000 0.000000 1.067979
    24 2.572627 0.731521 -2.511554 -0.244396 0.018184 3.134541
    25 -3.277620 -1.041106 -2.920651 -0.077777 1.370509 2.878310
    26 6.038855 0.000003 0.000005 -0.887382 -0.736314 0.066824
    27 17.594561 -0.000001 -0.000005 0.000000 0.000000 -0.208803
    28 17.982979 0.000004 0.000006 2.087772 0.496656 -1.241033
    29 2.813689 0.799025 0.493427 -2.853948 0.431188 1.731441
    30 2.065368 0.000000 0.000001 0.000000 0.000000 0.912348
    31 2.094710 -0.000004 -0.000001 0.000000 0.000000 0.685149
    32 7.521996 -0.014962 1.158106 -0.175699 -0.043345 1.404093
    33 3.200828 -0.000002 0.000002 0.000000 0.000000 1.350783
    34 2.731235 0.000002 0.000000 0.000000 0.000000 0.924201
    35 7.599245 -0.144511 -0.591981 -0.160061 -0.087250 1.261723
    36 3.840992 0.000000 0.000001 0.000000 0.000000 1.649531
    37 3.277482 -0.000005 -0.000003 0.000000 0.000000 1.255814
    38 7.447635 -0.525787 -2.367260 0.127913 0.133733 0.940083
    39 1.595200 0.000000 -0.000003 0.000000 0.000000 0.756708
    40 1.772449 -0.000001 0.000003 0.000000 0.000000 1.255814
    41 2.963612 0.324628 1.962029 -2.408182 0.012915 -3.260935
    42 -5.226302 -0.279377 6.425844 2.938564 -0.192985 3.044138
    43 22.311970 0.000002 -0.000001 0.000000 0.000000 -0.419042
    44 22.311964 0.000001 -0.000003 -0.096237 -0.075391 0.178592
    45 5.131752 6.470463 0.000000 0.000000 0.000000 1.570796
    46 -5.023180 -0.271532 -6.425843 -3.218566 0.005293 3.074107
    47 22.311968 -0.000001 0.000000 0.000000 0.000000 -0.442973
    48 22.311966 -0.000001 0.000004 0.405126 -0.062636 0.408194
    49 5.131752 6.470465 0.000000 0.000000 0.000000 1.570796
    50 1.732516 13.268858 0.716686 3.141592 -1.570796 0.000000
    51 -0.224368 0.272606 -0.034539 -0.011709 -0.105932 0.795619
    52 -3.561399 -4.949301 -3.739652 0.008060 -1.156534 1.193042
    53 -3.733108 0.138661 -0.417931 -0.415396 -0.230988 -0.085346
    54 -4.374799 0.545538 -0.488926 -1.589537 -0.211405 -0.253885
    55 -4.169347 0.327598 0.510775 -0.293960 0.237170 -0.144412
    56 -4.780762 0.101144 0.662925 -0.035242 0.270069 -0.027790
    57 -5.047468 -0.032033 0.760079 0.027360 0.305005 0.033058
    58 -5.308625 -0.067480 0.914612 0.016184 0.329742 0.030804
    59 -5.994439 0.080996 1.083524 -0.002046 0.363234 -0.027913
    60 -5.390658 0.358663 1.231094 0.049744 0.502011 -0.169924
    61 -2.968920 0.416445 0.701520 0.472206 0.475209 -0.311512
    62 -3.767291 1.442111 0.648820 1.162761 0.256991 -0.667794
    63 -11.204095 -5.674611 9.498478 -1.116941 -1.424750 -0.272770
    64 -0.269144 -22.062255 -2.883622 0.091259 -0.012670 -0.034027
    65 -8.003747 -6.000107 -9.314304 1.582989 -1.375006 -2.926309
    66 1.291627 -15.514588 -3.241560 0.266129 0.000110 0.035727
    67 -12.521673 11.793077 -9.009841 1.428364 -1.376902 -2.928790
    68 0.785919 -24.943203 -6.367156 0.371503 -0.004990 0.055701
    69 -10.702515 8.802661 -6.746493 -1.525122 -1.256720 -0.181227
    70 -0.641311 -11.527769 1.210022 0.000000 0.000000 0.000000
    71 -0.227785 -19.832260 -4.903652 0.289431 -0.002108 0.043612
    72 -13.047045 10.771064 13.323422 -1.129221 -0.957515 -0.924874
    73 -0.991148 -23.090739 -3.102065 0.383765 -0.003385 -0.146953
    74 49.389515 35.067635 12.791993 -1.037544 0.423055 2.039819
    75 4.004553 6.047380 1.789419 -0.260261 0.121942 2.111929
  time 13
    0 0.461191 21.628387 49.373487 -0.070433 -0.063015 -2.363600
    1 0.623699 -0.000001 0.000000 -3.141592 -1.554703 1.570706
    2 5.131857 -0.003106 -0.082027 -0.000879 0.016070 -0.054666
    3 3.906099 -0.003273 0.000002 -0.005050 0.027936 -0.151808
    4 4.135915 -0.008528 -0.000663 0.078402 0.090771 -0.050149
    5 10.751878 -0.002616 0.000051 -0.018648 0.003823 0.186243
    6 3.346640 -0.003644 -0.000029 0.007634 -0.014501 -0.038971
    7 4.579825 0.000000 0.000001 0.433384 -0.151926 0.102841
    8 -3.297148 -1.150500 2.858143 0.358256 -1.157831 2.624032
    9 6.038857 0.000001 -0.000005 1.050273 0.628030 -0.639661
    10 17.594553 -0.000002 -0.000007 0.000000 0.000000 -0.581769
    11 17.982979 0.000001 -0.000001 -2.297904 0.403395 -0.410853
    12 2.813688 0.799025 -0.493427 2.411861 0.529184 1.109476
    13 2.065371 0.000001 0.000002 0.000000 0.000000 0.649393
    14 2.094707 0.000000 -0.000001 0.000000 0.000000 1.093020
    15 7.521996 -0.014963 -1.158104 -0.027860 -0.069734 0.911640
    16 3.200831 0.000000 0.000002 0.000000 0.000000 1.665632
    17 2.731236 -0.000003 -0.000001 0.000000 0.000000 1.605775
    18 7.599247 -0.144510 0.591978 -0.045786 -0.060676 0.993575
    19 3.840991 0.000000 0.000001 0.000000 0.000000 1.756866
    20 3.277479 -0.000003 0.000001 0.000000 0.000000 1.937387
    21 7.447633 -0.525787 2.367264 -0.140593 -0.120304 1.040167
    22 1.595204 -0.000002 0.000001 0.000000 0.000000 0.255811
    23 1.772443 -0.000001 0.000000 0.000000 0.000000 1.068011
    24 2.572627 0.731521 -2.511554 -0.244396 0.018184 3.134541
    25 -3.277620 -1.041106 -2.920651 -0.077777 1.370509 2.878310
    26 6.038855 0.000003 0.000005 -0.903564 -0.729132 0.081106
    27 17.594561 -0.000001 -0.000005 0.000000 0.000000 -0.210255
    28 17.982979 0.000004 0.000006 2.082484 0.501801 -1.252086
    29 2.813689 0.799025 0.493427 -2.853948 0.431188 1.731441
    30 2.065368 0.000000 0.000001 0.000000 0.000000 0.912348
    31 2.094710 -0.000004 -0.000001 0.000000 0.000000 0.685149
    32 7.521996 -0.014962 1.158106 -0.175699 -0.043345 1.404093
    33 3.200828 -0.000002 0.000002 0.000000 0.000000 1.350783
    34 2.731235 0.000002 0.000000 0.000000 0.000000 0.924201
    35 7.599245 -0.144511 -0.591981 -0.160061 -0.087250 1.261723
    36 3.840992 0.000000 0.000001 0.000000 0.000000 1.649531
    37 3.277482 -0.000005 -0.000003 0.000000 0.000000 1.255814
    38 7.447635 -0.525787 -2.367260 0.127913 0.133733 0.940083
    39 1.595200 0.000000 -0.000003 0.000000 0.000000 0.756708
    40 1.772449 -0.000001 0.000003 0.000000 0.000000 1.255814
    41 2.963612 0.324628 1.962029 -2.408182 0.012915 -3.260935
    42 -5.226302 -0.279377 6.425844 2.940074 -0.218508 3.016706
    43 22.311970 0.000002 -0.000001 0.000000 0.000000 -0.412259
    44 22.311964 0.000001 -0.000003 -0.088558 -0.090601 0.144807
    45 5.131752 6.470463 0.000000 0.000000 0.000000 1.570796
    46 -5.023180 -0.271532 -6.425843 -3.237753 0.041961 3.162341
    47 22.311968 -0.000001 0.000000 0.000000 0.000000 -0.326374
    48 22.311966 -0.000001 0.000004 0.429341 -0.023026 0.423290
    49 5.131752 6.470465 0.000000 0.000000 0.000000 1.570796
    50 1.732516 13.268858 0.716686 3.141592 -1.570796 0.000000
    51 -0.224368 0.272606 -0.034539 -0.017617 -0.105548 0.796416
    52 -3.565305 -4.925863 -3.770903 0.008180 -1.162131 1.188042
    53 -3.733108 0.138661 -0.414024 -0.431047 -0.230449 -0.086413
    54 -4.378705 0.557257 -0.477207 -1.584987 -0.206288 -0.258031
    55 -4.169347 0.319785 0.518588 -0.282888 0.239145 -0.140445
    56 -4.784668 0.097238 0.662925 -0.032989 0.269781 -0.026196
    57 -5.051374 -0.035939 0.756173 0.028163 0.304154 0.034280
    58 -5.312531 -0.071386 0.910706 0.016513 0.328951 0.031733
    59 -5.994439 0.080996 1.083524 -0.001908 0.362542 -0.027703
    60 -5.394564 0.362569 1.231094 0.050657 0.500586 -0.171432
    61 -2.972827 0.420351 0.697614 0.472968 0.471838 -0.313999
    62 -3.771197 1.446018 0.637101 1.150207 0.251089 -0.668136
    63 -11.204095 -5.674611 9.498478 -1.116941 -1.424750 -0.272770
    64 -0.269144 -22.062255 -2.883622 0.091259 -0.012670 -0.034027
    65 -8.003747 -6.000107 -9.314304 1.582989 -1.375006 -2.926309
    66 1.291627 -15.514588 -3.241560 0.266129 0.000110 0.035727
    67 -12.521673 11.793077 -9.009841 1.428364 -1.376902 -2.928790
    68 0.785919 -24.943203 -6.367156 0.371503 -0.004990 0.055701
    69 -10.702515 8.802661 -6.746493 -1.525122 -1.256720 -0.181227
    70 -0.641311 -11.527769 1.210022 0.000000 0.000000 0.000000
    71 -0.227785 -19.832260 -4.903652 0.289431 -0.002108 0.043612
    72 -13.047045 10.771064 13.323422 -1.129221 -0.957515 -0.924874
    73 -0.991148 -23.090739 -3.102065 0.383765 -0.003385 -0.146953
    74 49.389515 35.067635 12.791993 -1.037544 0.423055 2.039819
    75 4.004553 6.047380 1.789419 -0.260261 0.121942 2.111929
  time 14
    0 0.480723 23.088174 49.166449 -0.070433 -0.063015 -2.363600
    1 0.623699 -0.000001 0.000000 -3.141592 -1.554703 1.570706
    2 5.131857 -0.003106 -0.082027 -0.000879 0.016070 -0.054666
    3 3.906099 -0.003273 0.000002 -0.005124 0.028751 -0.152935
    4 4.135915 -0.008528 -0.000663 0.078484 0.092449 -0.050101
    5 10.751878 -0.002616 0.000051 -0.018648 0.003823 0.186243
    6 3.346640 -0.003644 -0.000029 0.007634 -0.014501 -0.038971
    7 4.579825 0.000000 0.000001 0.432697 -0.154231 0.104195
    8 -3.297148 -1.150500 2.858143 0.358256 -1.157831 2.624032
    9 6.038857 0.000001 -0.000005 1.056118 0.609720 -0.627390
    10 17.594553 -0.000002 -0.000007 0.000000 0.000000 -0.624927
    11 17.982979 0.000001 -0.000001 -2.293837 0.398545 -0.383827
    12 2.813688 0.799025 -0.493427 2.411861 0.529184 1.109476
    13 2.065371 0.000001 0.000002 0.000000 0.000000 0.649378
    14 2.094707 0.000000 -0.000001 0.000000 0.000000 1.093020
    15 7.521996 -0.014963 -1.158104 -0.027860 -0.069746 0.911640
    16 3.200831 0.000000 0.000002 0.000000 0.000000 1.665632
    17 2.731236 -0.000003 -0.000001 0.000000 0.000000 1.605775
    18 7.599247 -0.144510 0.591978 -0.045786 -0.060676 0.993575
    19 3.840991 0.000000 0.000001 0.000000 0.000000 1.756866
    20 3.277479 -0.000003 0.000001 0.000000 0.000000 1.937387
    21 7.447633 -0.525787 2.367264 -0.140593 -0.120304 1.040167
    22 1.595204 -0.000002 0.000001 0.000000 0.000000 0.255811
    23 1.772443 -0.000001 0.000000 0.000000 0.000000 1.067979
    24 2.572627 0.731521 -2.511554 -0.244396 0.018184 3.134541
    25 -3.277620 -1.041106 -2.920651 -0.077777 1.370509 2.878310
    26 6.038855 0.000003 0.000005 -0.905833 -0.725304 0.083649
    27 17.594561 -0.000001 -0.000005 0.000000 0.000000 -0.213373
    28 17.982979 0.000004 0.000006 2.078509 0.505715 -1.260328
    29 2.813689 0.799025 0.493427 -2.853948 0.431188 1.731441
    30 2.065368 0.000000 0.000001 0.000000 0.000000 0.912348
    31 2.094710 -0.000004 -0.000001 0.000000 0.000000 0.685149
    32 7.521996 -0.014962 1.158106 -0.175699 -0.043345 1.404093
    33 3.200828 -0.000002 0.000002 0.000000 0.000000 1.350783
    34 2.731235 0.000002 0.000000 0.000000 0.000000 0.924201
    35 7.599245 -0.144511 -0.591981 -0.160061 -0.087250 1.261723
    36 3.840992 0.000000 0.000001 0.000000 0.000000 1.649531
    37 3.277482 -0.000005 -0.000003 0.000000 0.000000 1.255814
    38 7.447635 -0.525787 -2.367260 0.127913 0.133733 0.940083
    39 1.595200 0.000000 -0.000003 0.000000 0.000000 0.756708
    40 1.772449 -0.000001 0.000003 0.000000 0.000000 1.255814
    41 2.963612 0.324628 1.962029 -2.408182 0.012915 -3.260935
    42 -5.226302 -0.279377 6.425844 2.943214 -0.243047 2.987600
    43 22.311970 0.000002 -0.000001 0.000000 0.000000 -0.419688
    44 22.311964 0.000001 -0.000003 -0.079990 -0.107304 0.118715
    45 5.131752 6.470463 0.000000 0.000000 0.000000 1.570796
    46 -5.023180 -0.271532 -6.425843 -3.251391 0.082680 3.270130
    47 22.311968 -0.000001 0.000000 0.000000 0.000000 -0.177862
    48 22.311966 -0.000001 0.000004 0.457166 0.011078 0.416800
    49 5.131752 6.470465 0.000000 0.000000 0.000000 1.570796
    50 1.732516 13.268858 0.716686 3.141592 -1.570796 0.000000
    51 -0.224368 0.272606 -0.034539 -0.017617 -0.105548 0.796416
    52 -3.565305 -4.925863 -3.770903 0.008180 -1.162083 1.188042
    53 -3.733108 0.138661 -0.414024 -0.431021 -0.230425 -0.086437
    54 -4.378705 0.557257 -0.477207 -1.583804 -0.206048 -0.257947
    55 -4.169347 0.319785 0.518588 -0.282981 0.238928 -0.140421
    56 -4.784668 0.097238 0.662925 -0.032713 0.269661 -0.025945
    57 -5.047468 -0.035939 0.756173 0.028570 0.304142 0.034759
    58 -5.304718 -0.071386 0.910706 0.016668 0.329346 0.032023
    59 -5.986626 0.080996 1.083524 -0.002000 0.362963 -0.028176
    60 -5.390658 0.366476 1.227188 0.051228 0.499383 -0.173407
    61 -2.980639 0.424257 0.693707 0.470110 0.467931 -0.315731
    62 -3.779010 1.442111 0.629288 1.137460 0.247408 -0.666720
    63 -11.204095 -5.674611 9.498478 -1.116941 -1.424750 -0.272770
    64 -0.269144 -22.062255 -2.883622 0.091259 -0.012670 -0.034027
    65 -8.003747 -6.000107 -9.314304 1.582989 -1.375006 -2.926309
    66 1.291627 -15.514588 -3.241560 0.266129 0.000110 0.035727
    67 -12.521673 11.793077 -9.009841 1.428364 -1.376902 -2.928790
    68 0.785919 -24.943203 -6.367156 0.371503 -0.004990 0.055701
    69 -10.702515 8.802661 -6.746493 -1.525122 -1.256720 -0.181227
    70 -0.641311 -11.527769 1.210022 0.000000 0.000000 0.000000
    71 -0.227785 -19.832260 -4.903652 0.289431 -0.002108 0.043612
    72 -13.047045 10.771064 13.323422 -1.129221 -0.957515 -0.924874
    73 -0.991148 -23.090739 -3.102065 0.383765 -0.003385 -0.146953
    74 49.389515 35.067635 12.791993 -1.037544 0.423055 2.039819
    75 4.004553 6.047380 1.789419 -0.260261 0.121942 2.111929
  time 15
    0 0.418221 24.540148 48.869565 -0.070433 -0.063015 -2.363600
    1 0.623699 -0.000001 0.000000 -3.141592 -1.554703 1.570706
    2 5.131857 -0.003106 -0.082027 -0.000879 0.016070 -0.054666
    3 3.906099 -0.003273 0.000002 -0.005031 0.029003 -0.149795
    4 4.135915 -0.008528 -0.000663 0.078933 0.091550 -0.045126
    5 10.751878 -0.002616 0.000051 -0.018648 0.003823 0.186243
    6 3.346640 -0.003644 -0.000029 0.007634 -0.014501 -0.038971
    7 4.579825 0.000000 0.000001 0.432942 -0.154188 0.096049
    8 -3.297148 -1.150500 2.858143 0.358256 -1.157831 2.624032
    9 6.038857 0.000001 -0.000005 1.056489 0.579534 -0.620135
    10 17.594553 -0.000002 -0.000007 0.000000 0.000000 -0.674833
    11 17.982979 0.000001 -0.000001 -2.290872 0.395544 -0.353928
    12 2.813688 0.799025 -0.493427 2.411861 0.529184 1.109476
    13 2.065371 0.000001 0.000002 0.000000 0.000000 0.649378
    14 2.094707 0.000000 -0.000001 0.000000 0.000000 1.093020
    15 7.521996 -0.014963 -1.158104 -0.027860 -0.069746 0.911640
    16 3.200831 0.000000 0.000002 0.000000 0.000000 1.665632
    17 2.731236 -0.000003 -0.000001 0.000000 0.000000 1.605775
    18 7.599247 -0.144510 0.591978 -0.045786 -0.060676 0.993575
    19 3.840991 0.000000 0.000001 0.000000 0.000000 1.756866
    20 3.277479 -0.000003 0.000001 0.000000 0.000000 1.937387
    21 7.447633 -0.525787 2.367264 -0.140593 -0.120304 1.040167
    22 1.595204 -0.000002 0.000001 0.000000 0.000000 0.255811
    23 1.772443 -0.000001 0.000000 0.000000 0.000000 1.068011
    24 2.572627 0.731521 -2.511554 -0.244396 0.018184 3.134541
    25 -3.277620 -1.041106 -2.920651 -0.077777 1.370509 2.878310
    26 6.038855 0.000003 0.000005 -0.897294 -0.722963 0.077716
    27 17.594561 -0.000001 -0.000005 0.000000 0.000000 -0.220450
    28 17.982979 0.000004 0.000006 2.075693 0.508959 -1.266092
    29 2.813689 0.799025 0.493427 -2.853948 0.431188 1.731441
    30 2.065368 0.000000 0.000001 0.000000 0.000000 0.912348
    31 2.094710 -0.000004 -0.000001 0.000000 0.000000 0.685149
    32 7.521996 -0.014962 1.158106 -0.175699 -0.043345 1.404093
    33 3.200828 -0.000002 0.000002 0.000000 0.000000 1.350783
    34 2.731235 0.000002 0.000000 0.000000 0.000000 0.924201
    35 7.599245 -0.144511 -0.591981 -0.160061 -0.087250 1.261723
    36 3.840992 0.000000 0.000001 0.000000 0.000000 1.649531
    37 3.277482 -0.000005 -0.000003 0.000000 0.000000 1.255814
    38 7.447635 -0.525787 -2.367260 0.127913 0.133733 0.940083
    39 1.595200 0.000000 -0.000003 0.000000 0.000000 0.756708
    40 1.772449 -0.000001 0.000003 0.000000 0.000000 1.255814
    41 2.963612 0.324628 1.962029 -2.408182 0.012915 -3.260935
    42 -5.226302 -0.279377 6.425844 2.948043 -0.269743 2.954928
    43 22.311970 0.000002 -0.000001 0.000000 0.000000 -0.435512
    44 22.311964 0.000001 -0.000003 -0.070342 -0.125224 0.097275
    45 5.131752 6.470463 0.000000 0.000000 0.000000 1.570796
    46 -5.023180 -0.271532 -6.425843 -3.257503 0.122913 3.390464
    47 22.311968 -0.000001 0.000000 0.000000 0.000000 -0.001681
    48 22.311966 -0.000001 0.000004 0.486025 0.039826 0.387554
    49 5.131752 6.470465 0.000000 0.000000 0.000000 1.570796
    50 1.732516 13.268858 0.716686 3.141592 -1.570796 0.000000
    51 -0.224368 0.272606 -0.034539 -0.017617 -0.105548 0.796416
    52 -3.565305 -4.925863 -3.770903 0.008180 -1.162059 1.188042
    53 -3.733108 0.138661 -0.414024 -0.430784 -0.230425 -0.086401
    54 -4.378705 0.553351 -0.473301 -1.582531 -0.205724 -0.257780
    55 -4.165440 0.319785 0.514681 -0.283074 0.238765 -0.140385
    56 -4.776855 0.097238 0.662925 -0.032282 0.269721 -0.025585
    57 -5.035749 -0.035939 0.756173 0.029158 0.304921 0.035479
    58 -5.289093 -0.071386 0.910706 0.016979 0.330844 0.032699
    59 -5.967094 0.080996 1.083524 -0.001954 0.364407 -0.028386
    60 -5.386751 0.370382 1.227188 0.052382 0.498639 -0.174448
    61 -2.988452 0.428164 0.689801 0.470110 0.463431 -0.316204
    62 -3.790729 1.442111 0.617569 1.127493 0.242587 -0.664230
    63 -11.204095 -5.674611 9.498478 -1.116941 -1.424750 -0.272770
    64 -0.269144 -22.062255 -2.883622 0.091259 -0.012670 -0.034027
    65 -8.003747 -6.000107 -9.314304 1.582989 -1.375006 -2.926309
    66 1.291627 -15.514588 -3.241560 0.266129 0.000110 0.035727
    67 -12.521673 11.793077 -9.009841 1.428364 -1.376902 -2.928790
    68 0.785919 -24.943203 -6.367156 0.371503 -0.004990 0.055701
    69 -10.702515 8.802661 -6.746493 -1.525122 -1.256720 -0.181227
    70 -0.641311 -11.527769 1.210022 0.000000 0.000000 0.000000
    71 -0.227785 -19.832260 -4.903652 0.289431 -0.002108 0.043612
    72 -13.047045 10.771064 13.323422 -1.129221 -0.957515 -0.924874
    73 -0.991148 -23.090739 -3.102065 0.383765 -0.003385 -0.146953
    74 49.389515 35.067635 12.791993 -1.037544 0.423055 2.039819
    75 4.004553 6.047380 1.789419 -0.260261 0.121942 2.111929
  time 16
    0 0.297124 25.999935 48.525805 -0.070433 -0.063015 -2.363600
    1 0.623699 -0.000001 0.000000 -3.141592 -1.554703 1.570706
    2 5.131857 -0.003106 -0.082027 -0.000879 0.016070 -0.054666
    3 3.906099 -0.003273 0.000002 -0.004865 0.028859 -0.143814
    4 4.135915 -0.008528 -0.000663 0.079599 0.088938 -0.036873
    5 10.751878 -0.002616 0.000051 -0.018636 0.003823 0.186243
    6 3.346640 -0.003644 -0.000029 0.007634 -0.014501 -0.038971
    7 4.579825 0.000000 0.000001 0.433776 -0.152545 0.081590
    8 -3.297148 -1.150500 2.858143 0.358256 -1.157831 2.624032
    9 6.038857 0.000001 -0.000005 1.053335 0.539308 -0.614940
    10 17.594553 -0.000002 -0.000007 0.000000 0.000000 -0.733548
    11 17.982979 0.000001 -0.000001 -2.288439 0.393674 -0.319410
    12 2.813688 0.799025 -0.493427 2.411861 0.529184 1.109476
    13 2.065371 0.000001 0.000002 0.000000 0.000000 0.649378
    14 2.094707 0.000000 -0.000001 0.000000 0.000000 1.093020
    15 7.521996 -0.014963 -1.158104 -0.027860 -0.069746 0.911640
    16 3.200831 0.000000 0.000002 0.000000 0.000000 1.665632
    17 2.731236 -0.000003 -0.000001 0.000000 0.000000 1.605775
    18 7.599247 -0.144510 0.591978 -0.045786 -0.060676 0.993575
    19 3.840991 0.000000 0.000001 0.000000 0.000000 1.756866
    20 3.277479 -0.000003 0.000001 0.000000 0.000000 1.937387
    21 7.447633 -0.525787 2.367264 -0.140593 -0.120304 1.040167
    22 1.595204 -0.000002 0.000001 0.000000 0.000000 0.255811
    23 1.772443 -0.000001 0.000000 0.000000 0.000000 1.067979
    24 2.572627 0.731521 -2.511554 -0.244396 0.018184 3.134541
    25 -3.277620 -1.041106 -2.920651 -0.077777 1.370509 2.878310
    26 6.038855 0.000003 0.000005 -0.882008 -0.720779 0.066951
    27 17.594561 -0.000001 -0.000005 0.000000 0.000000 -0.231801
    28 17.982979 0.000004 0.000006 2.073525 0.512016 -1.270523
    29 2.813689 0.799025 0.493427 -2.853948 0.431188 1.731441
    30 2.065368 0.000000 0.000001 0.000000 0.000000 0.912348
    31 2.094710 -0.000004 -0.000001 0.000000 0.000000 0.685149
    32 7.521996 -0.014962 1.158106 -0.175699 -0.043345 1.404093
    33 3.200828 -0.000002 0.000002 0.000000 0.000000 1.350783
    34 2.731235 0.000002 0.000000 0.000000 0.000000 0.924201
    35 7.599245 -0.144511 -0.591981 -0.160061 -0.087250 1.261723
    36 3.840992 0.000000 0.000001 0.000000 0.000000 1.649531
    37 3.277482 -0.000005 -0.000003 0.000000 0.000000 1.255814
    38 7.447635 -0.525787 -2.367260 0.127913 0.133733 0.940083
    39 1.595200 0.000000 -0.000003 0.000000 0.000000 0.756708
    40 1.772449 -0.000001 0.000003 0.000000 0.000000 1.255814
    41 2.963612 0.324628 1.962029 -2.408182 0.012915 -3.260935
    42 -5.226302 -0.279377 6.425844 2.953233 -0.297404 2.923712
    43 22.311970 0.000002 -0.000001 0.000000 0.000000 -0.448682
    44 22.311964 0.000001 -0.000003 -0.059446 -0.144102 0.074301
    45 5.131752 6.470463 0.000000 0.000000 0.000000 1.570796
    46 -5.023180 -0.271532 -6.425843 -3.270687 0.149007 3.420196
    47 22.311968 -0.000001 0.000000 0.000000 0.000000 -0.001681
    48 22.311966 -0.000001 0.000004 0.513410 0.063809 0.433546
    49 5.131752 6.470465 0.000000 0.000000 0.000000 1.570796
    50 1.732516 13.268858 0.716686 3.141592 -1.570796 0.000000
    51 -0.224368 0.272606 -0.034539 -0.017617 -0.105548 0.796416
    52 -3.565305 -4.925863 -3.770903 0.008180 -1.162059 1.188042
    53 -3.733108 0.138661 -0.414024 -0.430456 -0.230281 -0.086389
    54 -4.374799 0.553351 -0.473301 -1.580802 -0.205389 -0.257600
    55 -4.161534 0.319785 0.514681 -0.283167 0.238493 -0.140313
    56 -4.765136 0.097238 0.659018 -0.031898 0.270021 -0.025274
    57 -5.016217 -0.039846 0.756173 0.029949 0.306228 0.036473
    58 -5.261748 -0.075293 0.914612 0.017360 0.333253 0.033592
    59 -5.943656 0.077090 1.087430 -0.001862 0.366633 -0.028386
    60 -5.382845 0.370382 1.231094 0.054133 0.498037 -0.175255
    61 -3.000171 0.428164 0.685894 0.471539 0.457846 -0.315731
    62 -3.806355 1.438205 0.601943 1.118197 0.236715 -0.660763
    63 -11.204095 -5.674611 9.498478 -1.116941 -1.424750 -0.272770
    64 -0.269144 -22.062255 -2.883622 0.091259 -0.012670 -0.034027
    65 -8.003747 -6.000107 -9.314304 1.582989 -1.375006 -2.926309
    66 1.291627 -15.514588 -3.241560 0.266129 0.000110 0.035727
    67 -12.521673 11.793077 -9.009841 1.428364 -1.376902 -2.928790
    68 0.785919 -24.943203 -6.367156 0.371503 -0.004990 0.055701
    69 -10.702515 8.802661 -6.746493 -1.525122 -1.256720 -0.181227
    70 -0.641311 -11.527769 1.210022 0.000000 0.000000 0.000000
    71 -0.227785 -19.832260 -4.903652 0.289431 -0.002108 0.043612
    72 -13.047045 10.771064 13.323422 -1.129221 -0.957515 -0.924874
    73 -0.991148 -23.090739 -3.102065 0.383765 -0.003385 -0.146953
    74 49.389515 35.067635 12.791993 -1.037544 0.423055 2.039819
    75 4.004553 6.047380 1.789419 -0.260261 0.121942 2.111929
  time 17
    0 0.129150 27.487067 48.185951 -0.070433 -0.063015 -2.363600
    1 0.623699 -0.000001 0.000000 -3.141592 -1.554703 1.570706
    2 5.131857 -0.003106 -0.082027 -0.000879 0.016070 -0.054666
    3 3.906099 -0.003273 0.000002 -0.004643 0.028523 -0.136396
    4 4.135915 -0.008528 -0.000663 0.080347 0.085474 -0.027005
    5 10.751878 -0.002616 0.000051 -0.018636 0.003823 0.186243
    6 3.346640 -0.003644 -0.000029 0.007634 -0.014501 -0.038971
    7 4.579825 0.000000 0.000001 0.434855 -0.150110 0.063965
    8 -3.297148 -1.150500 2.858143 0.358256 -1.157831 2.624032
    9 6.038857 0.000001 -0.000005 1.047675 0.497513 -0.611985
    10 17.594553 -0.000002 -0.000007 0.000000 0.000000 -0.789687
    11 17.982979 0.000001 -0.000001 -2.286881 0.392717 -0.286638
    12 2.813688 0.799025 -0.493427 2.411861 0.529184 1.109476
    13 2.065371 0.000001 0.000002 0.000000 0.000000 0.649378
    14 2.094707 0.000000 -0.000001 0.000000 0.000000 1.093020
    15 7.521996 -0.014963 -1.158104 -0.027860 -0.069746 0.911640
    16 3.200831 0.000000 0.000002 0.000000 0.000000 1.665632
    17 2.731236 -0.000003 -0.000001 0.000000 0.000000 1.605775
    18 7.599247 -0.144510 0.591978 -0.045786 -0.060676 0.993575
    19 3.840991 0.000000 0.000001 0.000000 0.000000 1.756866
    20 3.277479 -0.000003 0.000001 0.000000 0.000000 1.937387
    21 7.447633 -0.525787 2.367264 -0.140593 -0.120304 1.040167
    22 1.595204 -0.000002 0.000001 0.000000 0.000000 0.255811
    23 1.772443 -0.000001 0.000000 0.000000 0.000000 1.067979
    24 2.572627 0.731521 -2.511554 -0.244396 0.018184 3.134541
    25 -3.277620 -1.041106 -2.920651 -0.077777 1.370509 2.878310
    26 6.038855 0.000003 0.000005 -0.863438 -0.718786 0.053686
    27 17.594561 -0.000001 -0.000005 0.000000 0.000000 -0.244933
    28 17.982979 0.000004 0.000006 2.072174 0.513992 -1.273238
    29 2.813689 0.799025 0.493427 -2.853948 0.431188 1.731441
    30 2.065368 0.000000 0.000001 0.000000 0.000000 0.912348
    31 2.094710 -0.000004 -0.000001 0.000000 0.000000 0.685149
    32 7.521996 -0.014962 1.158106 -0.175699 -0.043345 1.404093
    33 3.200828 -0.000002 0.000002 0.000000 0.000000 1.350783
    34 2.731235 0.000002 0.000000 0.000000 0.000000 0.924201
    35 7.599245 -0.144511 -0.591981 -0.160061 -0.087250 1.261723
    36 3.840992 0.000000 0.000001 0.000000 0.000000 1.649531
    37 3.277482 -0.000005 -0.000003 0.000000 0.000000 1.255814
    38 7.447635 -0.525787 -2.367260 0.127913 0.133719 0.940083
    39 1.595200 0.000000 -0.000003 0.000000 0.000000 0.756708
    40 1.772449 -0.000001 0.000003 0.000000 0.000000 1.255814
    41 2.963612 0.324628 1.962029 -2.408182 0.012915 -3.260935
    42 -5.226302 -0.279377 6.425844 2.956900 -0.324800 2.898899
    43 22.311970 0.000002 -0.000001 0.000000 0.000000 -0.448754
    44 22.311964 0.000001 -0.000003 -0.047111 -0.163460 0.044207
    45 5.131752 6.470463 0.000000 0.000000 0.000000 1.570796
    46 -5.023180 -0.271532 -6.425843 -3.285008 0.157275 3.433491
    47 22.311968 -0.000001 0.000000 0.000000 0.000000 -0.001681
    48 22.311966 -0.000001 0.000004 0.528577 0.093050 0.408034
    49 5.131752 6.470465 0.000000 0.000000 0.000000 1.570796
    50 1.732516 13.268858 0.716686 3.141592 -1.570796 0.000000
    51 -0.224368 0.272606 -0.034539 -0.017617 -0.105548 0.796416
    52 -3.565305 -4.925863 -3.770903 0.008180 -1.162059 1.188042
    53 -3.733108 0.138661 -0.414024 -0.430443 -0.230137 -0.086461
    54 -4.374799 0.553351 -0.473301 -1.578800 -0.205029 -0.257396
    55 -4.157628 0.315879 0.514681 -0.283260 0.238294 -0.140217
    56 -4.757324 0.093331 0.659018 -0.031431 0.270356 -0.024878
    57 -4.996685 -0.039846 0.756173 0.030788 0.307762 0.037540
    58 -5.230497 -0.079199 0.914612 0.017809 0.335974 0.034618
    59 -5.912405 0.077090 1.091337 -0.001678 0.369219 -0.028281
    60 -5.375032 0.374288 1.231094 0.056061 0.497657 -0.175637
    61 -3.011890 0.432070 0.681988 0.473730 0.452246 -0.314598
    62 -3.825886 1.434299 0.590224 1.110818 0.230989 -0.656955
    63 -11.204095 -5.674611 9.498478 -1.116941 -1.424750 -0.272770
    64 -0.269144 -22.062255 -2.883622 0.091259 -0.012670 -0.034027
    65 -8.003747 -6.000107 -9.314304 1.582989 -1.375006 -2.926309
    66 1.291627 -15.514588 -3.241560 0.266129 0.000110 0.035727
    67 -12.521673 11.793077 -9.009841 1.428364 -1.376902 -2.928790
    68 0.785919 -24.943203 -6.367156 0.371503 -0.004990 0.055701
    69 -10.702515 8.802661 -6.746493 -1.525122 -1.256720 -0.181227
    70 -0.641311 -11.527769 1.210022 0.000000 0.000000 0.000000
    71 -0.227785 -19.832260 -4.903652 0.289431 -0.002108 0.043612
    72 -13.047045 10.771064 13.323422 -1.129221 -0.957515 -0.924874
    73 -0.991148 -23.090739 -3.102065 0.383765 -0.003385 -0.146953
    74 49.389515 35.067635 12.791993 -1.037544 0.423055 2.039819
    75 4.004553 6.047380 1.789419 -0.260261 0.121942 2.111929
  time 18
    0 -0.140390 29.013262 47.713280 -0.070433 -0.063015 -2.363600
    1 0.623699 -0.000001 0.000000 -3.141592 -1.554703 1.570706
    2 5.131857 -0.003106 -0.082027 -0.000879 0.016070 -0.054666
    3 3.906099 -0.003273 0.000002 -0.004236 0.028032 -0.122997
    4 4.135915 -0.008528 -0.000663 0.081639 0.079374 -0.008900
    5 10.751878 -0.002616 0.000051 -0.018648 0.003823 0.186243
    6 3.346640 -0.003644 -0.000029 0.007634 -0.014501 -0.038971
    7 4.579825 0.000000 0.000001 0.436571 -0.145975 0.031904
    8 -3.297148 -1.150500 2.858143 0.358256 -1.157831 2.624032
    9 6.038857 0.000001 -0.000005 1.035707 0.437550 -0.610552
    10 17.594553 -0.000002 -0.000007 0.000000 0.000000 -0.861663
    11 17.982979 0.000001 -0.000001 -2.287831 0.392717 -0.245756
    12 2.813688 0.799025 -0.493427 2.411861 0.529184 1.109476
    13 2.065371 0.000001 0.000002 0.000000 0.000000 0.649378
    14 2.094707 0.000000 -0.000001 0.000000 0.000000 1.093020
    15 7.521996 -0.014963 -1.158104 -0.027860 -0.069734 0.911640
    16 3.200831 0.000000 0.000002 0.000000 0.000000 1.665632
    17 2.731236 -0.000003 -0.000001 0.000000 0.000000 1.605775
    18 7.599247 -0.144510 0.591978 -0.045786 -0.060676 0.993575
    19 3.840991 0.000000 0.000001 0.000000 0.000000 1.756866
    20 3.277479 -0.000003 0.000001 0.000000 0.000000 1.937387
    21 7.447633 -0.525787 2.367264 -0.140593 -0.120304 1.040167
    22 1.595204 -0.000002 0.000001 0.000000 0.000000 0.255811
    23 1.772443 -0.000001 0.000000 0.000000 0.000000 1.068011
    24 2.572627 0.731521 -2.511554 -0.244396 0.018184 3.134541
    25 -3.277620 -1.041106 -2.920651 -0.077777 1.370509 2.878310
    26 6.038855 0.000003 0.000005 -0.829165 -0.715654 0.029190
    27 17.594561 -0.000001 -0.000005 0.000000 0.000000 -0.266412
    28 17.982979 0.000004 0.000006 2.072536 0.511643 -1.272571
    29 2.813689 0.799025 0.493427 -2.853948 0.431188 1.731441
    30 2.065368 0.000000 0.000001 0.000000 0.000000 0.912348
    31 2.094710 -0.000004 -0.000001 0.000000 0.000000 0.685149
    32 7.521996 -0.014962 1.158106 -0.175699 -0.043345 1.404093
    33 3.200828 -0.000002 0.000002 0.000000 0.000000 1.350783
    34 2.731235 0.000002 0.000000 0.000000 0.000000 0.924201
    35 7.599245 -0.144511 -0.591981 -0.160061 -0.087250 1.261723
    36 3.840992 0.000000 0.000001 0.000000 0.000000 1.649531
    37 3.277482 -0.000005 -0.000003 0.000000 0.000000 1.255814
    38 7.447635 -0.525787 -2.367260 0.127913 0.133733 0.940083
    39 1.595200 0.000000 -0.000003 0.000000 0.000000 0.756708
    40 1.772449 -0.000001 0.000003 0.000000 0.000000 1.255814
    41 2.963612 0.324628 1.962029 -2.408182 0.012915 -3.260935
    42 -5.226302 -0.279377 6.425844 3.053771 -0.355110 2.915290
    43 22.311970 0.000002 -0.000001 0.000000 0.000000 -0.269619
    44 22.311964 0.000001 -0.000003 -0.131108 -0.232190 -0.107201
    45 5.131752 6.470463 0.000000 0.000000 0.000000 1.570796
    46 -5.023180 -0.271532 -6.425843 -2.983919 0.153300 3.441205
    47 22.311968 -0.000001 0.000000 0.000000 0.000000 -0.001681
    48 22.311966 -0.000001 0.000004 0.196462 0.247339 0.150366
    49 5.131752 6.470465 0.000000 0.000000 0.000000 1.570796
    50 1.732516 13.268858 0.716686 3.141592 -1.570796 0.000000
    51 -0.224368 0.272606 -0.034539 -0.017617 -0.105548 0.796416
    52 -3.565305 -4.925863 -3.770903 0.008180 -1.162059 1.188042
    53 -3.733108 0.138661 -0.414024 -0.429786 -0.229897 -0.086425
    54 -4.374799 0.553351 -0.473301 -1.576798 -0.204682 -0.257061
    55 -4.153721 0.315879 0.510775 -0.283446 0.237931 -0.140146
    56 -4.741698 0.093331 0.659018 -0.030760 0.270932 -0.024327
    57 -4.965434 -0.043752 0.756173 0.031842 0.310087 0.038882
    58 -5.191434 -0.079199 0.918518 0.018397 0.340144 0.035994
    59 -5.869435 0.073183 1.099150 -0.001402 0.373340 -0.027703
    60 -5.363313 0.370382 1.235000 0.058800 0.497610 -0.175085
    61 -3.031422 0.432070 0.678082 0.477922 0.445387 -0.311417
    62 -3.849325 1.422580 0.574599 1.106409 0.224444 -0.650656
    63 -11.204095 -5.674611 9.498478 -1.116941 -1.424750 -0.272770
    64 -0.269144 -22.062255 -2.883622 0.091259 -0.012670 -0.034027
    65 -8.003747 -6.000107 -9.314304 1.582989 -1.375006 -2.926309
    66 1.291627 -15.514588 -3.241560 0.266129 0.000110 0.035727
    67 -12.521673 11.793077 -9.009841 1.428364 -1.376902 -2.928790
    68 0.785919 -24.943203 -6.367156 0.371503 -0.004990 0.055701
    69 -10.702515 8.802661 -6.746493 -1.525122 -1.256720 -0.181227
    70 -0.641311 -11.527769 1.210022 0.000000 0.000000 0.000000
    71 -0.227785 -19.832260 -4.903652 0.289431 -0.002108 0.043612
    72 -13.047045 10.771064 13.323422 -1.129221 -0.957515 -0.924874
    73 -0.991148 -23.090739 -3.102065 0.383765 -0.003385 -0.146953
    74 49.389515 35.067635 12.791993 -1.037544 0.423055 2.039819
    75 4.004553 6.047380 1.789419 -0.260261 0.121942 2.111929
  time 19
    0 -0.511495 30.195697 47.467179 -0.063914 -0.070314 -2.362641
    1 0.623699 -0.000001 0.000000 3.141592 -1.554703 1.570706
    2 5.131857 -0.003106 -0.082027 -0.000879 0.016070 -0.054666
    3 3.906099 -0.003273 0.000002 -0.003866 0.023909 -0.110857
    4 4.135915 -0.008528 -0.000663 0.081870 0.068899 0.002276
    5 10.751878 -0.002616 0.000051 -0.018636 0.003823 0.186243
    6 3.346640 -0.003644 -0.000029 0.007634 -0.014501 -0.038971
    7 4.579825 0.000000 0.000001 0.439832 -0.133410 0.007202
    8 -3.297148 -1.150500 2.858143 0.358256 -1.157831 2.624032
    9 6.038857 0.000001 -0.000005 1.033295 0.413150 -0.613776
    10 17.594553 -0.000002 -0.000007 0.000000 0.000000 -0.862179
    11 17.982979 0.000001 -0.000001 -2.298246 0.397827 -0.254264
    12 2.813688 0.799025 -0.493427 2.411861 0.529184 1.109476
    13 2.065371 0.000001 0.000002 0.000000 0.000000 0.649378
    14 2.094707 0.000000 -0.000001 0.000000 0.000000 1.093020
    15 7.521996 -0.014963 -1.158104 -0.027860 -0.069734 0.911640
    16 3.200831 0.000000 0.000002 0.000000 0.000000 1.665632
    17 2.731236 -0.000003 -0.000001 0.000000 0.000000 1.605775
    18 7.599247 -0.144510 0.591978 -0.045786 -0.060676 0.993575
    19 3.840991 0.000000 0.000001 0.000000 0.000000 1.756866
    20 3.277479 -0.000003 0.000001 0.000000 0.000000 1.937387
    21 7.447633 -0.525787 2.367264 -0.140593 -0.120304 1.040167
    22 1.595204 -0.000002 0.000001 0.000000 0.000000 0.255811
    23 1.772443 -0.000001 0.000000 0.000000 0.000000 1.067979
    24 2.572627 0.731521 -2.511554 -0.244396 0.018184 3.134541
    25 -3.277620 -1.041106 -2.920651 -0.077777 1.370509 2.878310
    26 6.038855 0.000003 0.000005 -0.798712 -0.729575 0.003253
    27 17.594561 -0.000001 -0.000005 0.000000 0.000000 -0.266363
    28 17.982979 0.000004 0.000006 2.078052 0.497327 -1.261519
    29 2.813689 0.799025 0.493427 -2.853948 0.431188 1.731441
    30 2.065368 0.000000 0.000001 0.000000 0.000000 0.912348
    31 2.094710 -0.000004 -0.000001 0.000000 0.000000 0.685149
    32 7.521996 -0.014962 1.158106 -0.175699 -0.043345 1.404093
    33 3.200828 -0.000002 0.000002 0.000000 0.000000 1.350783
    34 2.731235 0.000002 0.000000 0.000000 0.000000 0.924201
    35 7.599245 -0.144511 -0.591981 -0.160061 -0.087250 1.261723
    36 3.840992 0.000000 0.000001 0.000000 0.000000 1.649531
    37 3.277482 -0.000005 -0.000003 0.000000 0.000000 1.255814
    38 7.447635 -0.525787 -2.367260 0.127913 0.133733 0.940083
    39 1.595200 0.000000 -0.000003 0.000000 0.000000 0.756708
    40 1.772449 -0.000001 0.000003 0.000000 0.000000 1.255814
    41 2.963612 0.324628 1.962029 -2.408182 0.012915 -3.260935
    42 -5.226302 -0.279377 6.425844 3.063443 -0.369073 2.888967
    43 22.311970 0.000002 -0.000001 0.000000 0.000000 -0.321436
    44 22.311964 0.000001 -0.000003 -0.110421 -0.254276 -0.131967
    45 5.131752 6.470463 0.000000 0.000000 0.000000 1.570796
    46 -5.023180 -0.271532 -6.425843 -3.003550 0.155940 3.308327
    47 22.311968 -0.000001 0.000000 0.000000 0.000000 -0.260738
    48 22.311966 -0.000001 0.000004 0.194063 0.223288 0.272173
    49 5.131752 6.470465 0.000000 0.000000 0.000000 1.570796
    50 1.732516 13.268858 0.716686 3.141592 -1.570796 0.000000
    51 -0.224368 0.272606 -0.034539 -0.007718 -0.106195 0.795071
    52 -3.561399 -4.964927 -3.720120 0.007977 -1.152747 1.196354
    53 -3.733108 0.134754 -0.414024 -0.403766 -0.230545 -0.084663
    54 -4.370892 0.537725 -0.488926 -1.583349 -0.213239 -0.249918
    55 -4.149815 0.331504 0.502962 -0.302799 0.234071 -0.146845
    56 -4.733885 0.101144 0.655112 -0.034763 0.271183 -0.027167
    57 -4.949809 -0.039846 0.756173 0.030416 0.311609 0.036653
    58 -5.171902 -0.075293 0.922425 0.017809 0.342541 0.034232
    59 -5.845997 0.077090 1.099150 -0.001678 0.375806 -0.028807
    60 -5.351594 0.370382 1.238907 0.058103 0.499636 -0.174426
    61 -3.035329 0.428164 0.678082 0.474492 0.446053 -0.308079
    62 -3.857137 1.414767 0.590224 1.114747 0.230171 -0.646360
    63 -11.204095 -5.674611 9.498478 -1.116941 -1.424750 -0.272770
    64 -0.269144 -22.062255 -2.883622 0.091259 -0.012670 -0.034027
    65 -8.003747 -6.000107 -9.314304 1.582989 -1.375006 -2.926309
    66 1.291627 -15.514588 -3.241560 0.266129 0.000110 0.035727
    67 -12.521673 11.793077 -9.009841 1.428364 -1.376902 -2.928790
    68 0.785919 -24.943203 -6.367156 0.371503 -0.004990 0.055701
    69 -10.702515 8.802661 -6.746493 -1.525122 -1.256720 -0.181227
    70 -0.641311 -11.527769 1.210022 0.000000 0.000000 0.000000
    71 -0.227785 -19.832260 -4.903652 0.289431 -0.002108 0.043612
    72 -13.047045 10.771064 13.323422 -1.129221 -0.957515 -0.924874
    73 -0.991148 -23.090739 -3.102065 0.383765 -0.003385 -0.146953
    74 49.389515 35.067635 12.791993 -1.037544 0.423055 2.039819
    75 4.004553 6.047380 1.789419 -0.260261 0.121942 2.111929
  time 20
    0 -0.913851 31.374225 47.185920 -0.056399 -0.078990 -2.361682
    1 0.623699 -0.000001 0.000000 -3.141592 -1.554703 1.570706
    2 5.131857 -0.003106 -0.082027 -0.000879 0.016070 -0.054666
    3 3.906099 -0.003273 0.000002 -0.003533 0.018936 -0.097086
    4 4.135915 -0.008528 -0.000663 0.082087 0.057011 0.016424
    5 10.751878 -0.002616 0.000051 -0.018648 0.003823 0.186243
    6 3.346640 -0.003644 -0.000029 0.007634 -0.014501 -0.038971
    7 4.579825 0.000000 0.000001 0.443093 -0.118886 -0.022217
    8 -3.297148 -1.150500 2.858143 0.358256 -1.157831 2.624032
    9 6.038857 0.000001 -0.000005 1.028657 0.382007 -0.618434
    10 17.594553 -0.000002 -0.000007 0.000000 0.000000 -0.866349
    11 17.982979 0.000001 -0.000001 -2.309192 0.403460 -0.261579
    12 2.813688 0.799025 -0.493427 2.411861 0.529184 1.109476
    13 2.065371 0.000001 0.000002 0.000000 0.000000 0.649378
    14 2.094707 0.000000 -0.000001 0.000000 0.000000 1.093020
    15 7.521996 -0.014963 -1.158104 -0.027860 -0.069734 0.911640
    16 3.200831 0.000000 0.000002 0.000000 0.000000 1.665632
    17 2.731236 -0.000003 -0.000001 0.000000 0.000000 1.605775
    18 7.599247 -0.144510 0.591978 -0.045786 -0.060676 0.993575
    19 3.840991 0.000000 0.000001 0.000000 0.000000 1.756866
    20 3.277479 -0.000003 0.000001 0.000000 0.000000 1.937387
    21 7.447633 -0.525787 2.367264 -0.140593 -0.120304 1.040167
    22 1.595204 -0.000002 0.000001 0.000000 0.000000 0.255811
    23 1.772443 -0.000001 0.000000 0.000000 0.000000 1.067979
    24 2.572627 0.731521 -2.511554 -0.244396 0.018184 3.134541
    25 -3.277620 -1.041106 -2.920651 -0.077777 1.370509 2.878310
    26 6.038855 0.000003 0.000005 -0.761095 -0.744666 -0.028957
    27 17.594561 -0.000001 -0.000005 0.000000 0.000000 -0.266330
    28 17.982979 0.000004 0.000006 2.083340 0.483012 -1.250657
    29 2.813689 0.799025 0.493427 -2.853948 0.431188 1.731441
    30 2.065368 0.000000 0.000001 0.000000 0.000000 0.912348
    31 2.094710 -0.000004 -0.000001 0.000000 0.000000 0.685149
    32 7.521996 -0.014962 1.158106 -0.175699 -0.043345 1.404093
    33 3.200828 -0.000002 0.000002 0.000000 0.000000 1.350783
    34 2.731235 0.000002 0.000000 0.000000 0.000000 0.924201
    35 7.599245 -0.144511 -0.591981 -0.160061 -0.087250 1.261723
    36 3.840992 0.000000 0.000001 0.000000 0.000000 1.649531
    37 3.277482 -0.000005 -0.000003 0.000000 0.000000 1.255814
    38 7.447635 -0.525787 -2.367260 0.127913 0.133733 0.940083
    39 1.595200 0.000000 -0.000003 0.000000 0.000000 0.756708
    40 1.772449 -0.000001 0.000003 0.000000 0.000000 1.255814
    41 2.963612 0.324628 1.962029 -2.408182 0.012915 -3.260935
    42 -5.226302 -0.279377 6.425844 3.073426 -0.382922 2.864227
    43 22.311970 0.000002 -0.000001 0.000000 0.000000 -0.373253
    44 22.311964 0.000001 -0.000003 -0.086110 -0.276842 -0.158241
    45 5.131752 6.470463 0.000000 0.000000 0.000000 1.570796
    46 -5.023180 -0.271532 -6.425843 -3.014025 0.150479 3.226049
    47 22.311968 -0.000001 0.000000 0.000000 0.000000 -0.422443
    48 22.311966 -0.000001 0.000004 0.192390 0.198429 0.345969
    49 5.131752 6.470465 0.000000 0.000000 0.000000 1.570796
    50 1.732516 13.268858 0.716686 3.141592 -1.570796 0.000000
    51 -0.224368 0.272606 -0.034539 0.003859 -0.107094 0.793528
    52 -3.557492 -5.011803 -3.661525 0.007749 -1.141745 1.205167
    53 -3.733108 0.130848 -0.417931 -0.375933 -0.231156 -0.082793
    54 -4.370892 0.518194 -0.508458 -1.584714 -0.222083 -0.241924
    55 -4.145909 0.347129 0.491243 -0.327083 0.228889 -0.155042
    56 -4.722166 0.108957 0.655112 -0.039688 0.271411 -0.030559
    57 -4.930277 -0.032033 0.756173 0.028834 0.313550 0.034220
    58 -5.140651 -0.071386 0.926331 0.017135 0.345549 0.032240
    59 -5.814746 0.080996 1.103056 -0.002000 0.378904 -0.030121
    60 -5.332062 0.370382 1.242813 0.057557 0.501773 -0.174150
    61 -3.035329 0.424257 0.681988 0.470872 0.446169 -0.304804
    62 -3.864950 1.403048 0.598037 1.121743 0.235313 -0.641526
    63 -11.204095 -5.674611 9.498478 -1.116941 -1.424750 -0.272770
    64 -0.269144 -22.062255 -2.883622 0.091259 -0.012670 -0.034027
    65 -8.003747 -6.000107 -9.314304 1.582989 -1.375006 -2.926309
    66 1.291627 -15.514588 -3.241560 0.266129 0.000110 0.035727
    67 -12.521673 11.793077 -9.009841 1.428364 -1.376902 -2.928790
    68 0.785919 -24.943203 -6.367156 0.371503 -0.004990 0.055701
    69 -10.702515 8.802661 -6.746493 -1.525122 -1.256720 -0.181227
    70 -0.641311 -11.527769 1.210022 0.000000 0.000000 0.000000
    71 -0.227785 -19.832260 -4.903652 0.289431 -0.002108 0.043612
    72 -13.047045 10.771064 13.323422 -1.129221 -0.957515 -0.924874
    73 -0.991148 -23.090739 -3.102065 0.383765 -0.003385 -0.146953
    74 49.389515 35.067635 12.791993 -1.037544 0.423055 2.039819
    75 4.004553 6.047380 1.789419 -0.260261 0.121942 2.111929
  time 21
    0 -1.324020 32.548847 46.982789 -0.049377 -0.086984 -2.360819
    1 0.623699 -0.000001 0.000000 -3.141497 -1.554703 1.570706
    2 5.131857 -0.003106 -0.082027 -0.000879 0.016070 -0.054666
    3 3.906099 -0.003273 0.000002 -0.003274 0.014393 -0.084131
    4 4.135915 -0.008528 -0.000663 0.082087 0.045841 0.029070
    5 10.751878 -0.002616 0.000051 -0.018636 0.003823 0.186243
    6 3.346640 -0.003644 -0.000029 0.007634 -0.014501 -0.038971
    7 4.579825 0.000000 0.000001 0.445667 -0.105227 -0.049146
    8 -3.297148 -1.150500 2.858143 0.358256 -1.157831 2.624032
    9 6.038857 0.000001 -0.000005 1.021791 0.355264 -0.627122
    10 17.594553 -0.000002 -0.000007 0.000000 0.000000 -0.863725
    11 17.982979 0.000001 -0.000001 -2.318771 0.410333 -0.272164
    12 2.813688 0.799025 -0.493427 2.411861 0.529184 1.109476
    13 2.065371 0.000001 0.000002 0.000000 0.000000 0.649378
    14 2.094707 0.000000 -0.000001 0.000000 0.000000 1.093020
    15 7.521996 -0.014963 -1.158104 -0.027860 -0.069746 0.911640
    16 3.200831 0.000000 0.000002 0.000000 0.000000 1.665632
    17 2.731236 -0.000003 -0.000001 0.000000 0.000000 1.605775
    18 7.599247 -0.144510 0.591978 -0.045786 -0.060676 0.993575
    19 3.840991 0.000000 0.000001 0.000000 0.000000 1.756866
    20 3.277479 -0.000003 0.000001 0.000000 0.000000 1.937387
    21 7.447633 -0.525787 2.367264 -0.140593 -0.120304 1.040167
    22 1.595204 -0.000002 0.000001 0.000000 0.000000 0.255811
    23 1.772443 -0.000001 0.000000 0.000000 0.000000 1.067979
    24 2.572627 0.731521 -2.511554 -0.244396 0.018184 3.134541
    25 -3.277620 -1.041106 -2.920651 -0.077777 1.370509 2.878310
    26 6.038855 0.000003 0.000005 -0.725209 -0.757575 -0.059980
    27 17.594561 -0.000001 -0.000005 0.000000 0.000000 -0.266313
    28 17.982979 0.000004 0.000006 2.088419 0.472499 -1.239938
    29 2.813689 0.799025 0.493427 -2.853948 0.431188 1.731441
    30 2.065368 0.000000 0.000001 0.000000 0.000000 0.912348
    31 2.094710 -0.000004 -0.000001 0.000000 0.000000 0.685149
    32 7.521996 -0.014962 1.158106 -0.175699 -0.043345 1.404093
    33 3.200828 -0.000002 0.000002 0.000000 0.000000 1.350783
    34 2.731235 0.000002 0.000000 0.000000 0.000000 0.924201
    35 7.599245 -0.144511 -0.591981 -0.160061 -0.087250 1.261723
    36 3.840992 0.000000 0.000001 0.000000 0.000000 1.649531
    37 3.277482 -0.000005 -0.000003 0.000000 0.000000 1.255814
    38 7.447635 -0.525787 -2.367260 0.127913 0.133733 0.940083
    39 1.595200 0.000000 -0.000003 0.000000 0.000000 0.756708
    40 1.772449 -0.000001 0.000003 0.000000 0.000000 1.255814
    41 2.963612 0.324628 1.962029 -2.408182 0.012915 -3.260935
    42 -5.226302 -0.279377 6.425844 3.099385 -0.390434 2.800084
    43 22.311970 0.000002 -0.000001 0.000000 0.000000 -0.504626
    44 22.311964 0.000001 -0.000003 -0.068254 -0.287738 -0.163777
    45 5.131752 6.470463 0.000000 0.000000 0.000000 1.570796
    46 -5.023180 -0.271532 -6.425843 -3.018315 0.138888 3.175331
    47 22.311968 -0.000001 0.000000 0.000000 0.000000 -0.519367
    48 22.311966 -0.000001 0.000004 0.191377 0.172379 0.387281
    49 5.131752 6.470465 0.000000 0.000000 0.000000 1.570796
    50 1.732516 13.268858 0.716686 3.141592 -1.570796 0.000000
    51 -0.224368 0.272606 -0.034539 0.014609 -0.107849 0.792034
    52 -3.549680 -5.058680 -3.602929 0.007545 -1.131534 1.213166
    53 -3.733108 0.130848 -0.417931 -0.352292 -0.231695 -0.081116
    54 -4.370892 0.502568 -0.524084 -1.581166 -0.229322 -0.234841
    55 -4.142002 0.362755 0.479524 -0.351273 0.223507 -0.162928
    56 -4.710447 0.116769 0.655112 -0.044302 0.271675 -0.033651
    57 -4.914652 -0.028127 0.760079 0.027384 0.315540 0.032063
    58 -5.117213 -0.063574 0.926331 0.016565 0.348474 0.030647
    59 -5.787401 0.084902 1.106962 -0.002277 0.381701 -0.031172
    60 -5.316437 0.370382 1.242813 0.057113 0.503799 -0.173619
    61 -3.035329 0.420351 0.681988 0.468585 0.446661 -0.301907
    62 -3.868857 1.395235 0.609756 1.129410 0.239724 -0.637815
    63 -11.204095 -5.674611 9.498478 -1.116941 -1.424750 -0.272770
    64 -0.269144 -22.062255 -2.883622 0.091259 -0.012670 -0.034027
    65 -8.003747 -6.000107 -9.314304 1.582989 -1.375006 -2.926309
    66 1.291627 -15.514588 -3.241560 0.266129 0.000110 0.035727
    67 -12.521673 11.793077 -9.009841 1.428364 -1.376902 -2.928790
    68 0.785919 -24.943203 -6.367156 0.371503 -0.004990 0.055701
    69 -10.702515 8.802661 -6.746493 -1.525122 -1.256720 -0.181227
    70 -0.641311 -11.527769 1.210022 0.000000 0.000000 0.000000
    71 -0.227785 -19.832260 -4.903652 0.289431 -0.002108 0.043612
    72 -13.047045 10.771064 13.323422 -1.129221 -0.957515 -0.924874
    73 -0.991148 -23.090739 -3.102065 0.383765 -0.003385 -0.146953
    74 49.389515 35.067635 12.791993 -1.037544 0.423055 2.039819
    75 4.004553 6.047380 1.789419 -0.260261 0.121942 2.111929
  time 22
    0 -1.726376 33.727375 46.971070 -0.044379 -0.092233 -2.360100
    1 0.623699 -0.000001 0.000000 -3.141592 -1.554703 1.570706
    2 5.131857 -0.003106 -0.082027 -0.000879 0.016070 -0.054666
    3 3.906099 -0.003273 0.000002 -0.003052 0.011517 -0.074471
    4 4.135915 -0.008528 -0.000663 0.081843 0.037500 0.035772
    5 10.751878 -0.002616 0.000051 -0.018636 0.003823 0.186243
    6 3.346640 -0.003644 -0.000029 0.007634 -0.014501 -0.038971
    7 4.579825 0.000000 0.000001 0.447286 -0.095284 -0.066443
    8 -3.297148 -1.150500 2.858143 0.358256 -1.157831 2.624032
    9 6.038857 0.000001 -0.000005 1.014740 0.347402 -0.640915
    10 17.594553 -0.000002 -0.000007 0.000000 0.000000 -0.838983
    11 17.982979 0.000001 -0.000001 -2.326715 0.419880 -0.294041
    12 2.813688 0.799025 -0.493427 2.411861 0.529184 1.109476
    13 2.065371 0.000001 0.000002 0.000000 0.000000 0.649378
    14 2.094707 0.000000 -0.000001 0.000000 0.000000 1.093020
    15 7.521996 -0.014963 -1.158104 -0.027860 -0.069734 0.911640
    16 3.200831 0.000000 0.000002 0.000000 0.000000 1.665632
    17 2.731236 -0.000003 -0.000001 0.000000 0.000000 1.605775
    18 7.599247 -0.144510 0.591978 -0.045786 -0.060676 0.993575
    19 3.840991 0.000000 0.000001 0.000000 0.000000 1.756866
    20 3.277479 -0.000003 0.000001 0.000000 0.000000 1.937387
    21 7.447633 -0.525787 2.367264 -0.140593 -0.120304 1.040167
    22 1.595204 -0.000002 0.000001 0.000000 0.000000 0.255811
    23 1.772443 -0.000001 0.000000 0.000000 0.000000 1.067979
    24 2.572627 0.731521 -2.511554 -0.244396 0.018184 3.134541
    25 -3.277620 -1.041106 -2.920651 -0.077777 1.370509 2.878310
    26 6.038855 0.000003 0.000005 -0.701564 -0.766686 -0.080407
    27 17.594561 -0.000001 -0.000005 0.000000 0.000000 -0.266280
    28 17.982979 0.000004 0.000006 2.094582 0.465826 -1.226741
    29 2.813689 0.799025 0.493427 -2.853948 0.431188 1.731441
    30 2.065368 0.000000 0.000001 0.000000 0.000000 0.912348
    31 2.094710 -0.000004 -0.000001 0.000000 0.000000 0.685149
    32 7.521996 -0.014962 1.158106 -0.175699 -0.043345 1.404093
    33 3.200828 -0.000002 0.000002 0.000000 0.000000 1.350783
    34 2.731235 0.000002 0.000000 0.000000 0.000000 0.924201
    35 7.599245 -0.144511 -0.591981 -0.160061 -0.087250 1.261723
    36 3.840992 0.000000 0.000001 0.000000 0.000000 1.649577
    37 3.277482 -0.000005 -0.000003 0.000000 0.000000 1.255814
    38 7.447635 -0.525787 -2.367260 0.127913 0.133719 0.940083
    39 1.595200 0.000000 -0.000003 0.000000 0.000000 0.756708
    40 1.772449 -0.000001 0.000003 0.000000 0.000000 1.255814
    41 2.963612 0.324628 1.962029 -2.408182 0.012915 -3.260935
    42 -5.226302 -0.279377 6.425844 3.096005 -0.378609 2.813091
    43 22.311970 0.000002 -0.000001 0.000000 0.000000 -0.578045
    44 22.311964 0.000001 -0.000003 -0.060334 -0.291148 -0.042672
    45 5.131752 6.470463 0.000000 0.000000 0.000000 1.570796
    46 -5.023180 -0.271532 -6.425843 -3.018039 0.120971 3.146701
    47 22.311968 -0.000001 0.000000 0.000000 0.000000 -0.564737
    48 22.311966 -0.000001 0.000004 0.191003 0.145069 0.402025
    49 5.131752 6.470465 0.000000 0.000000 0.000000 1.570796
    50 1.732516 13.268858 0.716686 3.141592 -1.570796 0.000000
    51 -0.224368 0.272606 -0.034539 0.021968 -0.108041 0.790888
    52 -3.545773 -5.086024 -3.567772 0.007413 -1.124655 1.219166
    53 -3.733108 0.126942 -0.417931 -0.336930 -0.232127 -0.079857
    54 -4.370892 0.490849 -0.535803 -1.578891 -0.234212 -0.229963
    55 -4.138096 0.374474 0.467805 -0.368393 0.219737 -0.168261
    56 -4.706541 0.120676 0.655112 -0.047610 0.271902 -0.035832
    57 -4.902932 -0.028127 0.760079 0.026281 0.316714 0.030481
    58 -5.105494 -0.063574 0.930238 0.016150 0.350020 0.029500
    59 -5.771776 0.084902 1.110869 -0.002415 0.383385 -0.031382
    60 -5.308624 0.366476 1.246719 0.056251 0.506110 -0.171899
    61 -3.031422 0.416445 0.685894 0.468204 0.449656 -0.298601
    62 -3.868857 1.387422 0.625382 1.143881 0.245684 -0.635862
    63 -11.204095 -5.674611 9.498478 -1.116941 -1.424750 -0.272770
    64 -0.269144 -22.062255 -2.883622 0.091259 -0.012670 -0.034027
    65 -8.003747 -6.000107 -9.314304 1.582989 -1.375006 -2.926309
    66 1.291627 -15.514588 -3.241560 0.266129 0.000110 0.035727
    67 -12.521673 11.793077 -9.009841 1.428364 -1.376902 -2.928790
    68 0.785919 -24.943203 -6.367156 0.371503 -0.004990 0.055701
    69 -10.702515 8.802661 -6.746493 -1.525122 -1.256720 -0.181227
    70 -0.641311 -11.527769 1.210022 0.000000 0.000000 0.000000
    71 -0.227785 -19.832260 -4.903652 0.289431 -0.002108 0.043612
    72 -13.047045 10.771064 13.323422 -1.129221 -0.957515 -0.924874
    73 -0.991148 -23.090739 -3.102065 0.383765 -0.003385 -0.146953
    74 49.389515 35.067635 12.791993 -1.037544 0.423055 2.039819
    75 4.004553 6.047380 1.789419 -0.260261 0.121942 2.111929
  time 23
    0 -2.109200 34.909810 47.178107 -0.042905 -0.092653 -2.359573
    1 0.623699 -0.000001 0.000000 3.141497 -1.554703 1.570706
    2 5.131857 -0.003106 -0.082027 -0.000879 0.016070 -0.054666
    3 3.906099 -0.003273 0.000002 -0.002775 0.011565 -0.070564
    4 4.135915 -0.008528 -0.000663 0.081353 0.034072 0.032106
    5 10.751878 -0.002616 0.000051 -0.018636 0.003823 0.186243
    6 3.346640 -0.003644 -0.000029 0.007634 -0.014501 -0.038971
    7 4.579825 0.000000 0.000001 0.447825 -0.091956 -0.066989
    8 -3.297148 -1.150500 2.858143 0.358256 -1.157831 2.624032
    9 6.038857 0.000001 -0.000005 1.011957 0.367363 -0.654529
    10 17.594553 -0.000002 -0.000007 0.000000 0.000000 -0.790999
    11 17.982979 0.000001 -0.000001 -2.332720 0.429667 -0.326459
    12 2.813688 0.799025 -0.493427 2.411861 0.529184 1.109476
    13 2.065371 0.000001 0.000002 0.000000 0.000000 0.649378
    14 2.094707 0.000000 -0.000001 0.000000 0.000000 1.093020
    15 7.521996 -0.014963 -1.158104 -0.027860 -0.069734 0.911640
    16 3.200831 0.000000 0.000002 0.000000 0.000000 1.665632
    17 2.731236 -0.000003 -0.000001 0.000000 0.000000 1.605775
    18 7.599247 -0.144510 0.591978 -0.045786 -0.060676 0.993575
    19 3.840991 0.000000 0.000001 0.000000 0.000000 1.756866
    20 3.277479 -0.000003 0.000001 0.000000 0.000000 1.937387
    21 7.447633 -0.525787 2.367264 -0.140593 -0.120304 1.040167
    22 1.595204 -0.000002 0.000001 0.000000 0.000000 0.255811
    23 1.772443 -0.000001 0.000000 0.000000 0.000000 1.067979
    24 2.572627 0.731521 -2.511554 -0.244396 0.018184 3.134541
    25 -3.277620 -1.041106 -2.920651 -0.077777 1.370509 2.878310
    26 6.038855 0.000003 0.000005 -0.700967 -0.770483 -0.081000
    27 17.594561 -0.000001 -0.000005 0.000000 0.000000 -0.266264
    28 17.982979 0.000004 0.000006 2.101449 0.460942 -1.211877
    29 2.813689 0.799025 0.493427 -2.853948 0.431188 1.731441
    30 2.065368 0.000000 0.000001 0.000000 0.000000 0.912348
    31 2.094710 -0.000004 -0.000001 0.000000 0.000000 0.685149
    32 7.521996 -0.014962 1.158106 -0.175699 -0.043345 1.404093
    33 3.200828 -0.000002 0.000002 0.000000 0.000000 1.350783
    34 2.731235 0.000002 0.000000 0.000000 0.000000 0.924201
    35 7.599245 -0.144511 -0.591981 -0.160061 -0.087250 1.261723
    36 3.840992 0.000000 0.000001 0.000000 0.000000 1.649531
    37 3.277482 -0.000005 -0.000003 0.000000 0.000000 1.255814
    38 7.447635 -0.525787 -2.367260 0.127913 0.133733 0.940083
    39 1.595200 0.000000 -0.000003 0.000000 0.000000 0.756708
    40 1.772449 -0.000001 0.000003 0.000000 0.000000 1.255814
    41 2.963612 0.324628 1.962029 -2.408182 0.012915 -3.260935
    42 -5.226302 -0.279377 6.425844 3.088802 -0.355337 2.823205
    43 22.311970 0.000002 -0.000001 0.000000 0.000000 -0.664526
    44 22.311964 0.000001 -0.000003 -0.067414 -0.273302 0.082565
    45 5.131752 6.470463 0.000000 0.000000 0.000000 1.570796
    46 -5.023180 -0.271532 -6.425843 -3.014660 0.096212 3.134321
    47 22.311968 -0.000001 0.000000 0.000000 0.000000 -0.565230
    48 22.311966 -0.000001 0.000004 0.191333 0.117019 0.393179
    49 5.131752 6.470465 0.000000 0.000000 0.000000 1.570796
    50 1.732516 13.268858 0.716686 3.141592 -1.570796 0.000000
    51 -0.224368 0.272606 -0.034539 0.023382 -0.107286 0.790191
    52 -3.541867 -5.093837 -3.563866 0.007389 -1.123660 1.222291
    53 -3.733108 0.126942 -0.417931 -0.333422 -0.232414 -0.079222
    54 -4.370892 0.486943 -0.539709 -1.585260 -0.236033 -0.228501
    55 -4.138096 0.374474 0.467805 -0.370626 0.219719 -0.168813
    56 -4.710447 0.120676 0.655112 -0.048149 0.272058 -0.036180
    57 -4.910745 -0.024220 0.760079 0.025682 0.316511 0.029726
    58 -5.113306 -0.059667 0.930238 0.015960 0.349349 0.029029
    59 -5.783495 0.084902 1.110869 -0.002369 0.382964 -0.030541
    60 -5.308624 0.358663 1.250626 0.054792 0.508311 -0.168628
    61 -3.023609 0.408632 0.689801 0.469252 0.455603 -0.294759
    62 -3.857137 1.383516 0.644913 1.166595 0.254274 -0.636057
    63 -11.204095 -5.674611 9.498478 -1.116941 -1.424750 -0.272770
    64 -0.269144 -22.062255 -2.883622 0.091259 -0.012670 -0.034027
    65 -8.003747 -6.000107 -9.314304 1.582989 -1.375006 -2.926309
    66 1.291627 -15.514588 -3.241560 0.266129 0.000110 0.035727
    67 -12.521673 11.793077 -9.009841 1.428364 -1.376902 -2.928790
    68 0.785919 -24.943203 -6.367156 0.371503 -0.004990 0.055701
    69 -10.702515 8.802661 -6.746493 -1.525122 -1.256720 -0.181227
    70 -0.641311 -11.527769 1.210022 0.000000 0.000000 0.000000
    71 -0.227785 -19.832260 -4.903652 0.289431 -0.002108 0.043612
    72 -13.047045 10.771064 13.323422 -1.129221 -0.957515 -0.924874
    73 -0.991148 -23.090739 -3.102065 0.383765 -0.003385 -0.146953
    74 49.389515 35.067635 12.791993 -1.037544 0.423055 2.039819
    75 4.004553 6.047380 1.789419 -0.260261 0.121942 2.111929
  time 24
    0 -2.456867 36.096151 47.510149 -0.044798 -0.088374 -2.359189
    1 0.623699 -0.000001 0.000000 -3.141497 -1.554703 1.570706
    2 5.131857 -0.003106 -0.082027 -0.000879 0.016070 -0.054666
    3 3.906099 -0.003273 0.000002 -0.002442 0.014382 -0.072063
    4 4.135915 -0.008528 -0.000663 0.080619 0.035450 0.017538
    5 10.751878 -0.002616 0.000051 -0.018648 0.003823 0.186243
    6 3.346640 -0.003644 -0.000029 0.007634 -0.014501 -0.038971
    7 4.579825 0.000000 0.000001 0.447506 -0.094967 -0.050653
    8 -3.297148 -1.150500 2.858143 0.358256 -1.157831 2.624032
    9 6.038857 0.000001 -0.000005 1.014647 0.407060 -0.662501
    10 17.594553 -0.000002 -0.000007 0.000000 0.000000 -0.737016
    11 17.982979 0.000001 -0.000001 -2.335571 0.435560 -0.358170
    12 2.813688 0.799025 -0.493427 2.411861 0.529184 1.109476
    13 2.065371 0.000001 0.000002 0.000000 0.000000 0.649378
    14 2.094707 0.000000 -0.000001 0.000000 0.000000 1.093020
    15 7.521996 -0.014963 -1.158104 -0.027860 -0.069746 0.911640
    16 3.200831 0.000000 0.000002 0.000000 0.000000 1.665632
    17 2.731236 -0.000003 -0.000001 0.000000 0.000000 1.605775
    18 7.599247 -0.144510 0.591978 -0.045786 -0.060676 0.993575
    19 3.840991 0.000000 0.000001 0.000000 0.000000 1.756866
    20 3.277479 -0.000003 0.000001 0.000000 0.000000 1.937387
    21 7.447633 -0.525787 2.367264 -0.140593 -0.120304 1.040167
    22 1.595204 -0.000002 0.000001 0.000000 0.000000 0.255811
    23 1.772443 -0.000001 0.000000 0.000000 0.000000 1.067979
    24 2.572627 0.731521 -2.511554 -0.244396 0.018184 3.134541
    25 -3.277620 -1.041106 -2.920651 -0.077777 1.370509 2.878310
    26 6.038855 0.000003 0.000005 -0.723000 -0.768237 -0.062395
    27 17.594561 -0.000001 -0.000005 0.000000 0.000000 -0.266280
    28 17.982979 0.000004 0.000006 2.106699 0.458817 -1.200491
    29 2.813689 0.799025 0.493427 -2.853948 0.431188 1.731441
    30 2.065368 0.000000 0.000001 0.000000 0.000000 0.912348
    31 2.094710 -0.000004 -0.000001 0.000000 0.000000 0.685149
    32 7.521996 -0.014962 1.158106 -0.175699 -0.043345 1.404093
    33 3.200828 -0.000002 0.000002 0.000000 0.000000 1.350783
    34 2.731235 0.000002 0.000000 0.000000 0.000000 0.924201
    35 7.599245 -0.144511 -0.591981 -0.160061 -0.087250 1.261723
    36 3.840992 0.000000 0.000001 0.000000 0.000000 1.649531
    37 3.277482 -0.000005 -0.000003 0.000000 0.000000 1.255814
    38 7.447635 -0.525787 -2.367260 0.127913 0.133733 0.940083
    39 1.595200 0.000000 -0.000003 0.000000 0.000000 0.756708
    40 1.772449 -0.000001 0.000003 0.000000 0.000000 1.255814
    41 2.963612 0.324628 1.962029 -2.408182 0.012915 -3.260935
    42 -5.226302 -0.279377 6.425844 3.063479 -0.326995 2.889603
    43 22.311970 0.000002 -0.000001 0.000000 0.000000 -0.635675
    44 22.311964 0.000001 -0.000003 -0.085534 -0.248930 0.193457
    45 5.131752 6.470463 0.000000 0.000000 0.000000 1.570796
    46 -5.023180 -0.271532 -6.425843 -3.010405 0.066371 3.130523
    47 22.311968 -0.000001 0.000000 0.000000 0.000000 -0.536377
    48 22.311966 -0.000001 0.000004 0.192522 0.089106 0.368468
    49 5.131752 6.470465 0.000000 0.000000 0.000000 1.570796
    50 1.732516 13.268858 0.716686 3.141592 -1.570796 0.000000
    51 -0.224368 0.272606 -0.034539 0.019032 -0.105584 0.790042
    52 -3.534054 -5.078211 -3.591210 0.007485 -1.128346 1.222728
    53 -3.733108 0.126942 -0.417931 -0.340781 -0.232546 -0.079138
    54 -4.370892 0.490849 -0.535803 -1.600001 -0.234895 -0.230359
    55 -4.142002 0.366661 0.479524 -0.358065 0.223398 -0.164642
    56 -4.718260 0.116769 0.655112 -0.045645 0.272406 -0.034502
    57 -4.926371 -0.028127 0.760079 0.026030 0.315492 0.030313
    58 -5.144557 -0.063574 0.930238 0.016115 0.347036 0.029536
    59 -5.814746 0.080996 1.106962 -0.002046 0.380679 -0.028807
    60 -5.320343 0.350850 1.250626 0.053359 0.509213 -0.164784
    61 -3.019703 0.400819 0.697614 0.471348 0.462216 -0.291610
    62 -3.845418 1.387422 0.660539 1.189787 0.262396 -0.638889
    63 -11.204095 -5.674611 9.498478 -1.116941 -1.424750 -0.272770
    64 -0.269144 -22.062255 -2.883622 0.091259 -0.012670 -0.034027
    65 -8.003747 -6.000107 -9.314304 1.582989 -1.375006 -2.926309
    66 1.291627 -15.514588 -3.241560 0.266129 0.000110 0.035727
    67 -12.521673 11.793077 -9.009841 1.428364 -1.376902 -2.928790
    68 0.785919 -24.943203 -6.367156 0.371503 -0.004990 0.055701
    69 -10.702515 8.802661 -6.746493 -1.525122 -1.256720 -0.181227
    70 -0.641311 -11.527769 1.210022 0.000000 0.000000 0.000000
    71 -0.227785 -19.832260 -4.903652 0.289431 -0.002108 0.043612
    72 -13.047045 10.771064 13.323422 -1.129221 -0.957515 -0.924874
    73 -0.991148 -23.090739 -3.102065 0.383765 -0.003385 -0.146953
    74 49.389515 35.067635 12.791993 -1.037544 0.423055 2.039819
    75 4.004553 6.047380 1.789419 -0.260261 0.121942 2.111929
  time 25
    0 -2.745938 37.290305 47.912505 -0.048574 -0.081411 -2.358950
    1 0.623699 -0.000001 0.000000 3.141497 -1.554703 1.570706
    2 5.131857 -0.003106 -0.082027 -0.000879 0.016070 -0.054666
    3 3.906099 -0.003273 0.000002 -0.002072 0.018708 -0.076425
    4 4.135915 -0.008528 -0.000663 0.079626 0.039549 -0.003942
    5 10.751878 -0.002616 0.000051 -0.018648 0.003823 0.186243
    6 3.346640 -0.003644 -0.000029 0.007634 -0.014501 -0.038971
    7 4.579825 0.000000 0.000001 0.446673 -0.101509 -0.024248
    8 -3.297148 -1.150500 2.858143 0.358256 -1.157831 2.624032
    9 6.038857 0.000001 -0.000005 1.022719 0.446675 -0.660083
    10 17.594553 -0.000002 -0.000007 0.000000 0.000000 -0.703699
    11 17.982979 0.000001 -0.000001 -2.334772 0.434364 -0.374103
    12 2.813688 0.799025 -0.493427 2.411861 0.529184 1.109476
    13 2.065371 0.000001 0.000002 0.000000 0.000000 0.649378
    14 2.094707 0.000000 -0.000001 0.000000 0.000000 1.093020
    15 7.521996 -0.014963 -1.158104 -0.027860 -0.069746 0.911640
    16 3.200831 0.000000 0.000002 0.000000 0.000000 1.665632
    17 2.731236 -0.000003 -0.000001 0.000000 0.000000 1.605775
    18 7.599247 -0.144510 0.591978 -0.045786 -0.060676 0.993575
    19 3.840991 0.000000 0.000001 0.000000 0.000000 1.756866
    20 3.277479 -0.000003 0.000001 0.000000 0.000000 1.937387
    21 7.447633 -0.525787 2.367264 -0.140593 -0.120304 1.040167
    22 1.595204 -0.000002 0.000001 0.000000 0.000000 0.255811
    23 1.772443 -0.000001 0.000000 0.000000 0.000000 1.068011
    24 2.572627 0.731521 -2.511554 -0.244396 0.018184 3.134541
    25 -3.277620 -1.041106 -2.920651 -0.077777 1.370509 2.878310
    26 6.038855 0.000003 0.000005 -0.757035 -0.760707 -0.034127
    27 17.594561 -0.000001 -0.000005 0.000000 0.000000 -0.266412
    28 17.982979 0.000004 0.000006 2.108069 0.460532 -1.197585
    29 2.813689 0.799025 0.493427 -2.853948 0.431188 1.731441
    30 2.065368 0.000000 0.000001 0.000000 0.000000 0.912348
    31 2.094710 -0.000004 -0.000001 0.000000 0.000000 0.685149
    32 7.521996 -0.014962 1.158106 -0.175699 -0.043345 1.404093
    33 3.200828 -0.000002 0.000002 0.000000 0.000000 1.350783
    34 2.731235 0.000002 0.000000 0.000000 0.000000 0.924201
    35 7.599245 -0.144511 -0.591981 -0.160061 -0.087250 1.261723
    36 3.840992 0.000000 0.000001 0.000000 0.000000 1.649531
    37 3.277482 -0.000005 -0.000003 0.000000 0.000000 1.255814
    38 7.447635 -0.525787 -2.367260 0.127913 0.133733 0.940103
    39 1.595200 0.000000 -0.000003 0.000000 0.000000 0.756708
    40 1.772449 -0.000001 0.000003 0.000000 0.000000 1.255814
    41 2.963612 0.324628 1.962029 -2.408182 0.012915 -3.260935
    42 -5.226302 -0.279377 6.425844 3.050991 -0.298577 2.918418
    43 22.311970 0.000002 -0.000001 0.000000 0.000000 -0.652325
    44 22.311964 0.000001 -0.000003 -0.103917 -0.216132 0.267238
    45 5.131752 6.470463 0.000000 0.000000 0.000000 1.570796
    46 -5.023180 -0.271532 -6.425843 -3.006906 0.033860 3.133899
    47 22.311968 -0.000001 0.000000 0.000000 0.000000 -0.484986
    48 22.311966 -0.000001 0.000004 0.194767 0.061918 0.331210
    49 5.131752 6.470465 0.000000 0.000000 0.000000 1.570796
    50 1.732516 13.268858 0.716686 3.141592 -1.570796 0.000000
    51 -0.224368 0.272606 -0.034539 0.011457 -0.103295 0.790141
    52 -3.526242 -5.050867 -3.638087 0.007641 -1.136244 1.221728
    53 -3.733108 0.126942 -0.417931 -0.355197 -0.232594 -0.079426
    54 -4.370892 0.498662 -0.527990 -1.616289 -0.231563 -0.234362
    55 -4.145909 0.351036 0.491243 -0.337503 0.228907 -0.157703
    56 -4.726073 0.108957 0.659018 -0.041031 0.273053 -0.031350
    57 -4.945902 -0.028127 0.763985 0.027456 0.314617 0.032351
    58 -5.175808 -0.067480 0.930238 0.016720 0.344579 0.031214
    59 -5.857716 0.077090 1.106962 -0.001632 0.377581 -0.026757
    60 -5.351594 0.346944 1.250626 0.052737 0.507836 -0.161811
    61 -3.015797 0.400819 0.701520 0.474111 0.466267 -0.290728
    62 -3.833699 1.395235 0.672258 1.202725 0.266223 -0.644211
    63 -11.204095 -5.674611 9.498478 -1.116941 -1.424750 -0.272770
    64 -0.269144 -22.062255 -2.883622 0.091259 -0.012670 -0.034027
    65 -8.003747 -6.000107 -9.314304 1.582989 -1.375006 -2.926309
    66 1.291627 -15.514588 -3.241560 0.266129 0.000110 0.035727
    67 -12.521673 11.793077 -9.009841 1.428364 -1.376902 -2.928790
    68 0.785919 -24.943203 -6.367156 0.371503 -0.004990 0.055701
    69 -10.702515 8.802661 -6.746493 -1.525122 -1.256720 -0.181227
    70 -0.641311 -11.527769 1.210022 0.000000 0.000000 0.000000
    71 -0.227785 -19.832260 -4.903652 0.289431 -0.002108 0.043612
    72 -13.047045 10.771064 13.323422 -1.129221 -0.957515 -0.924874
    73 -0.991148 -23.090739 -3.102065 0.383765 -0.003385 -0.146953
    74 49.389515 35.067635 12.791993 -1.037544 0.423055 2.039819
    75 4.004553 6.047380 1.789419 -0.260261 0.121942 2.111929
  time 26
    0 -2.968601 38.496178 48.330486 -0.053691 -0.072567 -2.358758
    1 0.623699 -0.000001 0.000000 3.141497 -1.554703 1.570706
    2 5.131857 -0.003106 -0.082027 -0.000879 0.016070 -0.054666
    3 3.906099 -0.003273 0.000002 -0.001702 0.024137 -0.082909
    4 4.135915 -0.008528 -0.000663 0.078348 0.045529 -0.029929
    5 10.751878 -0.002616 0.000051 -0.018648 0.003823 0.186243
    6 3.346640 -0.003644 -0.000029 0.007634 -0.014501 -0.038971
    7 4.579825 0.000000 0.000001 0.445324 -0.110543 0.009037
    8 -3.297148 -1.150500 2.858143 0.358256 -1.157831 2.624032
    9 6.038857 0.000001 -0.000005 1.035615 0.480119 -0.647274
    10 17.594553 -0.000002 -0.000007 0.000000 0.000000 -0.697232
    11 17.982979 0.000001 -0.000001 -2.330819 0.425795 -0.371429
    12 2.813688 0.799025 -0.493427 2.411861 0.529184 1.109476
    13 2.065371 0.000001 0.000002 0.000000 0.000000 0.649378
    14 2.094707 0.000000 -0.000001 0.000000 0.000000 1.093020
    15 7.521996 -0.014963 -1.158104 -0.027860 -0.069746 0.911640
    16 3.200831 0.000000 0.000002 0.000000 0.000000 1.665632
    17 2.731236 -0.000003 -0.000001 0.000000 0.000000 1.605775
    18 7.599247 -0.144510 0.591978 -0.045786 -0.060676 0.993575
    19 3.840991 0.000000 0.000001 0.000000 0.000000 1.756866
    20 3.277479 -0.000003 0.000001 0.000000 0.000000 1.937387
    21 7.447633 -0.525787 2.367264 -0.140593 -0.120304 1.040167
    22 1.595204 -0.000002 0.000001 0.000000 0.000000 0.255811
    23 1.772443 -0.000001 0.000000 0.000000 0.000000 1.067979
    24 2.572627 0.731521 -2.511554 -0.244396 0.018184 3.134541
    25 -3.277620 -1.041106 -2.920651 -0.077777 1.370509 2.878310
    26 6.038855 0.000003 0.000005 -0.797518 -0.747545 -0.001367
    27 17.594561 -0.000001 -0.000005 0.000000 0.000000 -0.267023
    28 17.982979 0.000004 0.000006 2.105463 0.466049 -1.203397
    29 2.813689 0.799025 0.493427 -2.853948 0.431188 1.731441
    30 2.065368 0.000000 0.000001 0.000000 0.000000 0.912348
    31 2.094710 -0.000004 -0.000001 0.000000 0.000000 0.685149
    32 7.521996 -0.014962 1.158106 -0.175699 -0.043345 1.404093
    33 3.200828 -0.000002 0.000002 0.000000 0.000000 1.350783
    34 2.731235 0.000002 0.000000 0.000000 0.000000 0.924201
    35 7.599245 -0.144511 -0.591981 -0.160061 -0.087250 1.261723
    36 3.840992 0.000000 0.000001 0.000000 0.000000 1.649531
    37 3.277482 -0.000005 -0.000003 0.000000 0.000000 1.255814
    38 7.447635 -0.525787 -2.367260 0.127913 0.133733 0.940083
    39 1.595200 0.000000 -0.000003 0.000000 0.000000 0.756708
    40 1.772449 -0.000001 0.000003 0.000000 0.000000 1.255814
    41 2.963612 0.324628 1.962029 -2.408182 0.012915 -3.260935
    42 -5.226302 -0.279377 6.425844 3.041236 -0.269894 2.936592
    43 22.311970 0.000002 -0.000001 0.000000 0.000000 -0.678054
    44 22.311964 0.000001 -0.000003 -0.119997 -0.180938 0.325139
    45 5.131752 6.470463 0.000000 0.000000 0.000000 1.570796
    46 -5.023180 -0.271532 -6.425843 -3.005300 -0.000062 3.142809
    47 22.311968 -0.000001 0.000000 0.000000 0.000000 -0.415698
    48 22.311966 -0.000001 0.000004 0.198135 0.035895 0.283567
    49 5.131752 6.470465 0.000000 0.000000 0.000000 1.570796
    50 1.732516 13.268858 0.716686 3.141592 -1.570796 0.000000
    51 -0.224368 0.272606 -0.034539 0.001582 -0.100635 0.790341
    52 -3.518429 -5.015710 -3.696682 0.007845 -1.146407 1.219604
    53 -3.733108 0.126942 -0.417931 -0.375762 -0.232498 -0.079989
    54 -4.370892 0.514287 -0.520177 -1.629757 -0.226050 -0.240174
    55 -4.145909 0.335410 0.502962 -0.312196 0.235286 -0.148966
    56 -4.733885 0.101144 0.662925 -0.034895 0.274072 -0.027035
    57 -4.965434 -0.035939 0.767892 0.029985 0.314305 0.035934
    58 -5.210966 -0.075293 0.930238 0.017792 0.342493 0.034075
    59 -5.908499 0.069277 1.106962 -0.001079 0.373851 -0.024392
    60 -5.390658 0.343038 1.250626 0.053054 0.504195 -0.159899
    61 -3.023609 0.400819 0.705426 0.478113 0.467468 -0.292208
    62 -3.821980 1.410860 0.668352 1.204354 0.264821 -0.652072
    63 -11.204095 -5.674611 9.498478 -1.116941 -1.424750 -0.272770
    64 -0.269144 -22.062255 -2.883622 0.091259 -0.012670 -0.034027
    65 -8.003747 -6.000107 -9.314304 1.582989 -1.375006 -2.926309
    66 1.291627 -15.514588 -3.241560 0.266129 0.000110 0.035727
    67 -12.521673 11.793077 -9.009841 1.428364 -1.376902 -2.928790
    68 0.785919 -24.943203 -6.367156 0.371503 -0.004990 0.055701
    69 -10.702515 8.802661 -6.746493 -1.525122 -1.256720 -0.181227
    70 -0.641311 -11.527769 1.210022 0.000000 0.000000 0.000000
    71 -0.227785 -19.832260 -4.903652 0.289431 -0.002108 0.043612
    72 -13.047045 10.771064 13.323422 -1.129221 -0.957515 -0.924874
    73 -0.991148 -23.090739 -3.102065 0.383765 -0.003385 -0.146953
    74 49.389515 35.067635 12.791993 -1.037544 0.423055 2.039819
    75 4.004553 6.047380 1.789419 -0.260261 0.121942 2.111929
  time 27
    0 -3.140481 39.705957 48.705498 -0.059587 -0.062655 -2.358710
    1 0.623699 -0.000001 0.000000 3.141592 -1.554703 1.570706
    2 5.131857 -0.003106 -0.082027 -0.000879 0.016070 -0.054666
    3 3.906099 -0.003273 0.000002 -0.001387 0.030237 -0.090747
    4 4.135915 -0.008528 -0.000663 0.076812 0.052588 -0.058031
    5 10.751878 -0.002616 0.000051 -0.018636 0.003823 0.186243
    6 3.346640 -0.003644 -0.000029 0.007634 -0.014501 -0.038971
    7 4.579825 0.000000 0.000001 0.443436 -0.121091 0.045925
    8 -3.297148 -1.150500 2.858143 0.358256 -1.157831 2.624032
    9 6.038857 0.000001 -0.000005 1.051108 0.510589 -0.629450
    10 17.594553 -0.000002 -0.000007 0.000000 0.000000 -0.703839
    11 17.982979 0.000001 -0.000001 -2.325270 0.413225 -0.359518
    12 2.813688 0.799025 -0.493427 2.411861 0.529184 1.109476
    13 2.065371 0.000001 0.000002 0.000000 0.000000 0.649378
    14 2.094707 0.000000 -0.000001 0.000000 0.000000 1.093020
    15 7.521996 -0.014963 -1.158104 -0.027860 -0.069746 0.911640
    16 3.200831 0.000000 0.000002 0.000000 0.000000 1.665632
    17 2.731236 -0.000003 -0.000001 0.000000 0.000000 1.605775
    18 7.599247 -0.144510 0.591978 -0.045786 -0.060676 0.993575
    19 3.840991 0.000000 0.000001 0.000000 0.000000 1.756866
    20 3.277479 -0.000003 0.000001 0.000000 0.000000 1.937387
    21 7.447633 -0.525787 2.367264 -0.140593 -0.120304 1.040167
    22 1.595204 -0.000002 0.000001 0.000000 0.000000 0.255811
    23 1.772443 -0.000001 0.000000 0.000000 0.000000 1.067979
    24 2.572627 0.731521 -2.511554 -0.244396 0.018184 3.134541
    25 -3.277620 -1.041106 -2.920651 -0.077777 1.370509 2.878310
    26 6.038855 0.000003 0.000005 -0.840271 -0.730081 0.032199
    27 17.594561 -0.000001 -0.000005 0.000000 0.000000 -0.268178
    28 17.982979 0.000004 0.000006 2.100745 0.473953 -1.213688
    29 2.813689 0.799025 0.493427 -2.853948 0.431188 1.731441
    30 2.065368 0.000000 0.000001 0.000000 0.000000 0.912348
    31 2.094710 -0.000004 -0.000001 0.000000 0.000000 0.685149
    32 7.521996 -0.014962 1.158106 -0.175699 -0.043345 1.404093
    33 3.200828 -0.000002 0.000002 0.000000 0.000000 1.350783
    34 2.731235 0.000002 0.000000 0.000000 0.000000 0.924201
    35 7.599245 -0.144511 -0.591981 -0.160061 -0.087250 1.261723
    36 3.840992 0.000000 0.000001 0.000000 0.000000 1.649531
    37 3.277482 -0.000005 -0.000003 0.000000 0.000000 1.255814
    38 7.447635 -0.525787 -2.367260 0.127913 0.133733 0.940083
    39 1.595200 0.000000 -0.000003 0.000000 0.000000 0.756708
    40 1.772449 -0.000001 0.000003 0.000000 0.000000 1.255814
    41 2.963612 0.324628 1.962029 -2.408182 0.012915 -3.260935
    42 -5.226302 -0.279377 6.425844 3.024409 -0.237693 2.981706
    43 22.311970 0.000002 -0.000001 0.000000 0.000000 -0.653725
    44 22.311964 0.000001 -0.000003 -0.132764 -0.143402 0.389486
    45 5.131752 6.470463 0.000000 0.000000 0.000000 1.570796
    46 -5.023180 -0.271532 -6.425843 -3.006199 -0.034697 3.156620
    47 22.311968 -0.000001 0.000000 0.000000 0.000000 -0.333020
    48 22.311966 -0.000001 0.000004 0.202494 0.010955 0.228360
    49 5.131752 6.470465 0.000000 0.000000 0.000000 1.570796
    50 1.732516 13.268858 0.716686 3.141592 -1.570796 0.000000
    51 -0.224368 0.272606 -0.034539 -0.009612 -0.097746 0.790689
    52 -3.506710 -4.972739 -3.763090 0.008084 -1.157912 1.216666
    53 -3.733108 0.130848 -0.417931 -0.401926 -0.232270 -0.080828
    54 -4.370892 0.529913 -0.500645 -1.638037 -0.218668 -0.247389
    55 -4.149815 0.315879 0.518588 -0.285121 0.241701 -0.139259
    56 -4.741698 0.089425 0.666831 -0.028075 0.275294 -0.022086
    57 -4.981060 -0.047658 0.771798 0.033065 0.314365 0.040416
    58 -5.242217 -0.087012 0.934144 0.019088 0.340612 0.037720
    59 -5.967094 0.061464 1.106962 -0.000481 0.369851 -0.021764
    60 -5.445347 0.343038 1.246719 0.053879 0.499177 -0.158349
    61 -3.031422 0.404726 0.705426 0.483163 0.467193 -0.295105
    62 -3.810261 1.430392 0.656633 1.200041 0.260467 -0.661837
    63 -11.204095 -5.674611 9.498478 -1.116941 -1.424750 -0.272770
    64 -0.269144 -22.062255 -2.883622 0.091259 -0.012670 -0.034027
    65 -8.003747 -6.000107 -9.314304 1.582989 -1.375006 -2.926309
    66 1.291627 -15.514588 -3.241560 0.266129 0.000110 0.035727
    67 -12.521673 11.793077 -9.009841 1.428364 -1.376902 -2.928790
    68 0.785919 -24.943203 -6.367156 0.371503 -0.004990 0.055701
    69 -10.702515 8.802661 -6.746493 -1.525122 -1.256720 -0.181227
    70 -0.641311 -11.527769 1.210022 0.000000 0.000000 0.000000
    71 -0.227785 -19.832260 -4.903652 0.289431 -0.002108 0.043612
    72 -13.047045 10.771064 13.323422 -1.129221 -0.957515 -0.924874
    73 -0.991148 -23.090739 -3.102065 0.383765 -0.003385 -0.146953
    74 49.389515 35.067635 12.791993 -1.037544 0.423055 2.039819
    75 4.004553 6.047380 1.789419 -0.260261 0.121942 2.111929
  time 28
    0 -3.304549 40.911830 48.990663 -0.065759 -0.052445 -2.358710
    1 0.623699 -0.000001 0.000000 3.141497 -1.554703 1.570706
    2 5.131857 -0.003106 -0.082027 -0.000879 0.016070 -0.054666
    3 3.906099 -0.003273 0.000002 -0.001147 0.036625 -0.099160
    4 4.135915 -0.008528 -0.000663 0.075098 0.059899 -0.085842
    5 10.751878 -0.002616 0.000051 -0.018636 0.003823 0.186243
    6 3.346640 -0.003644 -0.000029 0.007634 -0.014501 -0.038971
    7 4.579825 0.000000 0.000001 0.441132 -0.132142 0.083228
    8 -3.297148 -1.150500 2.858143 0.358256 -1.157831 2.624032
    9 6.038857 0.000001 -0.000005 1.067993 0.536477 -0.608491
    10 17.594553 -0.000002 -0.000007 0.000000 0.000000 -0.720334
    11 17.982979 0.000001 -0.000001 -2.318695 0.398306 -0.341155
    12 2.813688 0.799025 -0.493427 2.411861 0.529184 1.109476
    13 2.065371 0.000001 0.000002 0.000000 0.000000 0.649378
    14 2.094707 0.000000 -0.000001 0.000000 0.000000 1.093020
    15 7.521996 -0.014963 -1.158104 -0.027860 -0.069746 0.911640
    16 3.200831 0.000000 0.000002 0.000000 0.000000 1.665632
    17 2.731236 -0.000003 -0.000001 0.000000 0.000000 1.605775
    18 7.599247 -0.144510 0.591978 -0.045786 -0.060676 0.993575
    19 3.840991 0.000000 0.000001 0.000000 0.000000 1.756866
    20 3.277479 -0.000003 0.000001 0.000000 0.000000 1.937387
    21 7.447633 -0.525787 2.367264 -0.140593 -0.120304 1.040167
    22 1.595204 -0.000002 0.000001 0.000000 0.000000 0.255811
    23 1.772443 -0.000001 0.000000 0.000000 0.000000 1.068011
    24 2.572627 0.731521 -2.511554 -0.244396 0.018184 3.134541
    25 -3.277620 -1.041106 -2.920651 -0.077777 1.370509 2.878310
    26 6.038855 0.000003 0.000005 -0.881351 -0.710465 0.063476
    27 17.594561 -0.000001 -0.000005 0.000000 0.000000 -0.269349
    28 17.982979 0.000004 0.000006 2.094468 0.483347 -1.227122
    29 2.813689 0.799025 0.493427 -2.853948 0.431188 1.731441
    30 2.065368 0.000000 0.000001 0.000000 0.000000 0.912348
    31 2.094710 -0.000004 -0.000001 0.000000 0.000000 0.685149
    32 7.521996 -0.014962 1.158106 -0.175699 -0.043345 1.404093
    33 3.200828 -0.000002 0.000002 0.000000 0.000000 1.350783
    34 2.731235 0.000002 0.000000 0.000000 0.000000 0.924201
    35 7.599245 -0.144511 -0.591981 -0.160061 -0.087250 1.261723
    36 3.840992 0.000000 0.000001 0.000000 0.000000 1.649531
    37 3.277482 -0.000005 -0.000003 0.000000 0.000000 1.255814
    38 7.447635 -0.525787 -2.367260 0.127913 0.133733 0.940083
    39 1.595200 0.000000 -0.000003 0.000000 0.000000 0.756708
    40 1.772449 -0.000001 0.000003 0.000000 0.000000 1.255814
    41 2.963612 0.324628 1.962029 -2.408182 0.012915 -3.260935
    42 -5.226302 -0.279377 6.425844 3.008482 -0.204847 3.027584
    43 22.311970 0.000002 -0.000001 0.000000 0.000000 -0.623905
    44 22.311964 0.000001 -0.000003 -0.141476 -0.105092 0.448921
    45 5.131752 6.470463 0.000000 0.000000 0.000000 1.570796
    46 -5.023180 -0.271532 -6.425843 -3.009794 -0.069256 3.173174
    47 22.311968 -0.000001 0.000000 0.000000 0.000000 -0.244485
    48 22.311966 -0.000001 0.000004 0.207689 -0.013274 0.170125
    49 5.131752 6.470465 0.000000 0.000000 0.000000 1.570796
    50 1.732516 13.268858 0.716686 3.141592 -1.570796 0.000000
    51 -0.224368 0.272606 -0.034539 -0.021201 -0.094858 0.791038
    52 -3.498897 -4.925863 -3.829499 0.008360 -1.169741 1.213166
    53 -3.733108 0.130848 -0.417931 -0.431967 -0.232019 -0.081739
    54 -4.370892 0.545538 -0.485020 -1.640039 -0.209787 -0.255287
    55 -4.149815 0.292440 0.530307 -0.258884 0.247608 -0.129455
    56 -4.745604 0.077706 0.670738 -0.021196 0.276493 -0.016908
    57 -4.996685 -0.059377 0.775704 0.036324 0.314593 0.045318
    58 -5.277374 -0.094825 0.938050 0.020436 0.338970 0.041704
    59 -6.025690 0.053651 1.106962 0.000072 0.365911 -0.019031
    60 -5.492223 0.343038 1.242813 0.055046 0.493716 -0.157329
    61 -3.043141 0.408632 0.701520 0.488594 0.465804 -0.298727
    62 -3.798542 1.449924 0.644913 1.191895 0.254040 -0.672237
    63 -11.204095 -5.674611 9.498478 -1.116941 -1.424750 -0.272770
    64 -0.269144 -22.062255 -2.883622 0.091259 -0.012670 -0.034027
    65 -8.003747 -6.000107 -9.314304 1.582989 -1.375006 -2.926309
    66 1.291627 -15.514588 -3.241560 0.266129 0.000110 0.035727
    67 -12.521673 11.793077 -9.009841 1.428364 -1.376902 -2.928790
    68 0.785919 -24.943203 -6.367156 0.371503 -0.004990 0.055701
    69 -10.702515 8.802661 -6.746493 -1.525122 -1.256720 -0.181227
    70 -0.641311 -11.527769 1.210022 0.000000 0.000000 0.000000
    71 -0.227785 -19.832260 -4.903652 0.289431 -0.002108 0.043612
    72 -13.047045 10.771064 13.323422 -1.129221 -0.957515 -0.924874
    73 -0.991148 -23.090739 -3.102065 0.383765 -0.003385 -0.146953
    74 49.389515 35.067635 12.791993 -1.037544 0.423055 2.039819
    75 4.004553 6.047380 1.789419 -0.260261 0.121942 2.111929
  time 29
    0 -3.449084 42.121610 49.123479 -0.071644 -0.042749 -2.358854
    1 0.623699 -0.000001 0.000000 -3.141497 -1.554703 1.570706
    2 5.131857 -0.003106 -0.082027 -0.000879 0.016070 -0.054666
    3 3.906099 -0.003273 0.000002 -0.000980 0.042857 -0.107417
    4 4.135915 -0.008528 -0.000663 0.073358 0.066646 -0.110972
    5 10.751878 -0.002616 0.000051 -0.018648 0.003823 0.186243
    6 3.346640 -0.003644 -0.000029 0.007634 -0.014501 -0.038971
    7 4.579825 0.000000 0.000001 0.438631 -0.142689 0.117649
    8 -3.297148 -1.150500 2.858143 0.358256 -1.157831 2.624032
    9 6.038857 0.000001 -0.000005 1.084786 0.556437 -0.586726
    10 17.594553 -0.000002 -0.000007 0.000000 0.000000 -0.743108
    11 17.982979 0.000001 -0.000001 -2.311663 0.382778 -0.319189
    12 2.813688 0.799025 -0.493427 2.411861 0.529184 1.109476
    13 2.065371 0.000001 0.000002 0.000000 0.000000 0.649378
    14 2.094707 0.000000 -0.000001 0.000000 0.000000 1.093020
    15 7.521996 -0.014963 -1.158104 -0.027860 -0.069746 0.911640
    16 3.200831 0.000000 0.000002 0.000000 0.000000 1.665632
    17 2.731236 -0.000003 -0.000001 0.000000 0.000000 1.605775
    18 7.599247 -0.144510 0.591978 -0.045786 -0.060676 0.993575
    19 3.840991 0.000000 0.000001 0.000000 0.000000 1.756866
    20 3.277479 -0.000003 0.000001 0.000000 0.000000 1.937387
    21 7.447633 -0.525787 2.367264 -0.140593 -0.120304 1.040167
    22 1.595204 -0.000002 0.000001 0.000000 0.000000 0.255811
    23 1.772443 -0.000001 0.000000 0.000000 0.000000 1.067979
    24 2.572627 0.731521 -2.511554 -0.244361 0.018184 3.134541
    25 -3.277620 -1.041106 -2.920651 -0.077777 1.370509 2.878310
    26 6.038855 0.000003 0.000005 -0.917655 -0.691135 0.090048
    27 17.594561 -0.000001 -0.000005 0.000000 0.000000 -0.270091
    28 17.982979 0.000004 0.000006 2.087221 0.493338 -1.242415
    29 2.813689 0.799025 0.493427 -2.853948 0.431188 1.731441
    30 2.065368 0.000000 0.000001 0.000000 0.000000 0.912348
    31 2.094710 -0.000004 -0.000001 0.000000 0.000000 0.685149
    32 7.521996 -0.014962 1.158106 -0.175699 -0.043345 1.404093
    33 3.200828 -0.000002 0.000002 0.000000 0.000000 1.350783
    34 2.731235 0.000002 0.000000 0.000000 0.000000 0.924201
    35 7.599245 -0.144511 -0.591981 -0.160061 -0.087250 1.261723
    36 3.840992 0.000000 0.000001 0.000000 0.000000 1.649531
    37 3.277482 -0.000005 -0.000003 0.000000 0.000000 1.255814
    38 7.447635 -0.525787 -2.367260 0.127913 0.133719 0.940083
    39 1.595200 0.000000 -0.000003 0.000000 0.000000 0.756708
    40 1.772449 -0.000001 0.000003 0.000000 0.000000 1.255814
    41 2.963612 0.324628 1.962029 -2.408182 0.012915 -3.260935
    42 -5.226302 -0.279377 6.425844 2.994016 -0.171851 3.071516
    43 22.311970 0.000002 -0.000001 0.000000 0.000000 -0.595700
    44 22.311964 0.000001 -0.000003 -0.145868 -0.067187 0.506511
    45 5.131752 6.470463 0.000000 0.000000 0.000000 1.570796
    46 -5.023180 -0.271532 -6.425843 -3.015127 -0.101707 3.181803
    47 22.311968 -0.000001 0.000000 0.000000 0.000000 -0.173223
    48 22.311966 -0.000001 0.000004 0.213632 -0.036914 0.120255
    49 5.131752 6.470465 0.000000 0.000000 0.000000 1.570796
    50 1.732516 13.268858 0.716686 3.141592 -1.570796 0.000000
    51 -0.224368 0.272606 -0.034539 -0.032239 -0.092126 0.791337
    52 -3.491084 -4.882893 -3.892001 0.008612 -1.181006 1.209604
    53 -3.733108 0.130848 -0.417931 -0.463860 -0.231707 -0.082698
    54 -4.370892 0.565070 -0.461582 -1.635944 -0.200068 -0.263185
    55 -4.149815 0.276815 0.542026 -0.235809 0.252537 -0.120479
    56 -4.749511 0.065987 0.674644 -0.014856 0.277523 -0.011959
    57 -5.008404 -0.071097 0.775704 0.039440 0.314833 0.050136
    58 -5.304718 -0.102637 0.941957 0.021663 0.337592 0.045591
    59 -6.072566 0.045839 1.106962 0.000579 0.362272 -0.016613
    60 -5.543006 0.343038 1.238907 0.056314 0.488381 -0.156671
    61 -3.054860 0.412538 0.701520 0.493929 0.463778 -0.302758
    62 -3.786823 1.469456 0.625382 1.181162 0.246356 -0.682003
    63 -11.204095 -5.674611 9.498478 -1.116941 -1.424750 -0.272770
    64 -0.269144 -22.062255 -2.883622 0.091259 -0.012670 -0.034027
    65 -8.003747 -6.000107 -9.314304 1.582989 -1.375006 -2.926309
    66 1.291627 -15.514588 -3.241560 0.266129 0.000110 0.035727
    67 -12.521673 11.793077 -9.009841 1.428364 -1.376902 -2.928790
    68 0.785919 -24.943203 -6.367156 0.371503 -0.004990 0.055701
    69 -10.702515 8.802661 -6.746493 -1.525122 -1.256720 -0.181227
    70 -0.641311 -11.527769 1.210022 0.000000 0.000000 0.000000
    71 -0.227785 -19.832260 -4.903652 0.289431 -0.002108 0.043612
    72 -13.047045 10.771064 13.323422 -1.129221 -0.957515 -0.924874
    73 -0.991148 -23.090739 -3.102065 0.383765 -0.003385 -0.146953
    74 49.389515 35.067635 12.791993 -1.037544 0.423055 2.039819
    75 4.004553 6.047380 1.789419 -0.260261 0.121942 2.111929
  time 30
    0 -3.581901 43.327483 49.115667 -0.076725 -0.034372 -2.358950
    1 0.623699 -0.000001 0.000000 -3.141592 -1.554703 1.570706
    2 5.131857 -0.003106 -0.082027 -0.000879 0.016070 -0.054666
    3 3.906099 -0.003273 0.000002 -0.000888 0.048538 -0.114716
    4 4.135915 -0.008528 -0.000663 0.071835 0.072051 -0.131015
    5 10.751878 -0.002616 0.000051 -0.018636 0.003823 0.186243
    6 3.346640 -0.003644 -0.000029 0.007634 -0.014501 -0.038971
    7 4.579825 0.000000 0.000001 0.436252 -0.151753 0.145932
    8 -3.297148 -1.150500 2.858143 0.358256 -1.157831 2.624032
    9 6.038857 0.000001 -0.000005 1.099444 0.569147 -0.566842
    10 17.594553 -0.000002 -0.000007 0.000000 0.000000 -0.768974
    11 17.982979 0.000001 -0.000001 -2.304669 0.368424 -0.296317
    12 2.813688 0.799025 -0.493427 2.411861 0.529184 1.109476
    13 2.065371 0.000001 0.000002 0.000000 0.000000 0.649378
    14 2.094707 0.000000 -0.000001 0.000000 0.000000 1.093020
    15 7.521996 -0.014963 -1.158104 -0.027860 -0.069746 0.911640
    16 3.200831 0.000000 0.000002 0.000000 0.000000 1.665632
    17 2.731236 -0.000003 -0.000001 0.000000 0.000000 1.605775
    18 7.599247 -0.144510 0.591978 -0.045786 -0.060676 0.993575
    19 3.840991 0.000000 0.000001 0.000000 0.000000 1.756866
    20 3.277479 -0.000003 0.000001 0.000000 0.000000 1.937387
    21 7.447633 -0.525787 2.367264 -0.140593 -0.120304 1.040167
    22 1.595204 -0.000002 0.000001 0.000000 0.000000 0.255811
    23 1.772443 -0.000001 0.000000 0.000000 0.000000 1.067979
    24 2.572627 0.731521 -2.511554 -0.244396 0.018184 3.134541
    25 -3.277620 -1.041106 -2.920651 -0.077777 1.370509 2.878310
    26 6.038855 0.000003 0.000005 -0.946316 -0.674714 0.110306
    27 17.594561 -0.000001 -0.000005 0.000000 0.000000 -0.269877
    28 17.982979 0.000004 0.000006 2.079669 0.503031 -1.258041
    29 2.813689 0.799025 0.493427 -2.853948 0.431188 1.731441
    30 2.065368 0.000000 0.000001 0.000000 0.000000 0.912348
    31 2.094710 -0.000004 -0.000001 0.000000 0.000000 0.685149
    32 7.521996 -0.014962 1.158106 -0.175699 -0.043345 1.404093
    33 3.200828 -0.000002 0.000002 0.000000 0.000000 1.350783
    34 2.731235 0.000002 0.000000 0.000000 0.000000 0.924201
    35 7.599245 -0.144511 -0.591981 -0.160061 -0.087250 1.261723
    36 3.840992 0.000000 0.000001 0.000000 0.000000 1.649531
    37 3.277482 -0.000005 -0.000003 0.000000 0.000000 1.255814
    38 7.447635 -0.525787 -2.367260 0.127913 0.133719 0.940083
    39 1.595200 0.000000 -0.000003 0.000000 0.000000 0.756708
    40 1.772449 -0.000001 0.000003 0.000000 0.000000 1.255814
    41 2.963612 0.324628 1.962029 -2.408182 0.012915 -3.260935
    42 -5.226302 -0.279377 6.425844 2.980630 -0.138363 3.115103
    43 22.311970 0.000002 -0.000001 0.000000 0.000000 -0.567782
    44 22.311964 0.000001 -0.000003 -0.145988 -0.030555 0.560931
    45 5.131752 6.470463 0.000000 0.000000 0.000000 1.570796
    46 -5.023180 -0.271532 -6.425843 -3.019765 -0.130319 3.171392
    47 22.311968 -0.000001 0.000000 0.000000 0.000000 -0.142494
    48 22.311966 -0.000001 0.000004 0.220346 -0.060198 0.090192
    49 5.131752 6.470465 0.000000 0.000000 0.000000 1.570796
    50 1.732516 13.268858 0.716686 3.141592 -1.570796 0.000000
    51 -0.224368 0.272606 -0.034539 -0.041778 -0.089753 0.791586
    52 -3.483271 -4.843829 -3.946690 0.008863 -1.190762 1.206417
    53 -3.733108 0.134754 -0.417931 -0.494282 -0.231371 -0.083560
    54 -4.370892 0.580695 -0.442050 -1.628119 -0.190648 -0.270184
    55 -4.149815 0.261189 0.549839 -0.217015 0.256252 -0.112845
    56 -4.753417 0.054267 0.678550 -0.009583 0.278278 -0.007704
    57 -5.016217 -0.078909 0.779611 0.042113 0.314977 0.054378
    58 -5.328157 -0.114356 0.941957 0.022735 0.336525 0.049079
    59 -6.111630 0.041932 1.103056 0.000947 0.359444 -0.014563
    60 -5.582070 0.343038 1.235000 0.057595 0.483807 -0.156607
    61 -3.066579 0.420351 0.697614 0.498503 0.461362 -0.306631
    62 -3.782916 1.488988 0.609756 1.169757 0.238585 -0.690010
    63 -11.204095 -5.674611 9.498478 -1.116941 -1.424750 -0.272770
    64 -0.269144 -22.062255 -2.883622 0.091259 -0.012670 -0.034027
    65 -8.003747 -6.000107 -9.314304 1.582989 -1.375006 -2.926309
    66 1.291627 -15.514588 -3.241560 0.266129 0.000110 0.035727
    67 -12.521673 11.793077 -9.009841 1.428364 -1.376902 -2.928790
    68 0.785919 -24.943203 -6.367156 0.371503 -0.004990 0.055701
    69 -10.702515 8.802661 -6.746493 -1.525122 -1.256720 -0.181227
    70 -0.641311 -11.527769 1.210022 0.000000 0.000000 0.000000
    71 -0.227785 -19.832260 -4.903652 0.289431 -0.002108 0.043612
    72 -13.047045 10.771064 13.323422 -1.129221 -0.957515 -0.924874
    73 -0.991148 -23.090739 -3.102065 0.383765 -0.003385 -0.146953
    74 49.389515 35.067635 12.791993 -1.037544 0.423055 2.039819
    75 4.004553 6.047380 1.789419 -0.260261 0.121942 2.111929
  time 31
    0 -3.691279 44.541168 49.029726 -0.080465 -0.028080 -2.359093
    1 0.623699 -0.000001 0.000000 3.141592 -1.554703 1.570706
    2 5.131857 -0.003106 -0.082027 -0.000879 0.016070 -0.054666
    3 3.906099 -0.003273 0.000002 -0.000851 0.053248 -0.120324
    4 4.135915 -0.008528 -0.000663 0.070815 0.075335 -0.143548
    5 10.751878 -0.002616 0.000051 -0.018648 0.003823 0.186243
    6 3.346640 -0.003644 -0.000029 0.007634 -0.014501 -0.038971
    7 4.579825 0.000000 0.000001 0.434438 -0.158366 0.164780
    8 -3.297148 -1.150500 2.858143 0.358256 -1.157831 2.624032
    9 6.038857 0.000001 -0.000005 1.109928 0.573404 -0.551705
    10 17.594553 -0.000002 -0.000007 0.000000 0.000000 -0.794701
    11 17.982979 0.000001 -0.000001 -2.298094 0.357050 -0.275191
    12 2.813688 0.799025 -0.493427 2.411861 0.529184 1.109476
    13 2.065371 0.000001 0.000002 0.000000 0.000000 0.649378
    14 2.094707 0.000000 -0.000001 0.000000 0.000000 1.093020
    15 7.521996 -0.014963 -1.158104 -0.027860 -0.069746 0.911640
    16 3.200831 0.000000 0.000002 0.000000 0.000000 1.665632
    17 2.731236 -0.000003 -0.000001 0.000000 0.000000 1.605775
    18 7.599247 -0.144510 0.591978 -0.045786 -0.060676 0.993575
    19 3.840991 0.000000 0.000001 0.000000 0.000000 1.756866
    20 3.277479 -0.000003 0.000001 0.000000 0.000000 1.937387
    21 7.447633 -0.525787 2.367264 -0.140593 -0.120304 1.040167
    22 1.595204 -0.000002 0.000001 0.000000 0.000000 0.255811
    23 1.772443 -0.000001 0.000000 0.000000 0.000000 1.067979
    24 2.572627 0.731521 -2.511554 -0.244361 0.018184 3.134541
    25 -3.277620 -1.041106 -2.920651 -0.077777 1.370509 2.878310
    26 6.038855 0.000003 0.000005 -0.964886 -0.663894 0.122893
    27 17.594561 -0.000001 -0.000005 0.000000 0.000000 -0.268244
    28 17.982979 0.000004 0.000006 2.072536 0.511643 -1.272571
    29 2.813689 0.799025 0.493427 -2.853948 0.431188 1.731441
    30 2.065368 0.000000 0.000001 0.000000 0.000000 0.912348
    31 2.094710 -0.000004 -0.000001 0.000000 0.000000 0.685149
    32 7.521996 -0.014962 1.158106 -0.175699 -0.043345 1.404093
    33 3.200828 -0.000002 0.000002 0.000000 0.000000 1.350783
    34 2.731235 0.000002 0.000000 0.000000 0.000000 0.924201
    35 7.599245 -0.144511 -0.591981 -0.160061 -0.087250 1.261723
    36 3.840992 0.000000 0.000001 0.000000 0.000000 1.649531
    37 3.277482 -0.000005 -0.000003 0.000000 0.000000 1.255852
    38 7.447635 -0.525787 -2.367260 0.127913 0.133733 0.940083
    39 1.595200 0.000000 -0.000003 0.000000 0.000000 0.756708
    40 1.772449 -0.000001 0.000003 0.000000 0.000000 1.255814
    41 2.963612 0.324628 1.962029 -2.408182 0.012915 -3.260935
    42 -5.226302 -0.279377 6.425844 2.967794 -0.103436 3.163491
    43 22.311970 0.000002 -0.000001 0.000000 0.000000 -0.530929
    44 22.311964 0.000001 -0.000003 -0.142196 0.003958 0.606774
    45 5.131752 6.470463 0.000000 0.000000 0.000000 1.570796
    46 -5.023180 -0.271532 -6.425843 -3.022617 -0.155351 3.146373
    47 22.311968 -0.000001 0.000000 0.000000 0.000000 -0.144271
    48 22.311966 -0.000001 0.000004 0.227809 -0.083166 0.075641
    49 5.131752 6.470465 0.000000 0.000000 0.000000 1.570796
    50 1.732516 13.268858 0.716686 3.141592 -1.570796 0.000000
    51 -0.224368 0.272606 -0.034539 -0.048873 -0.087919 0.791735
    52 -3.475459 -4.816485 -3.985753 0.009043 -1.198036 1.204042
    53 -3.733108 0.134754 -0.417931 -0.518527 -0.231120 -0.084136
    54 -4.370892 0.592415 -0.426424 -1.620111 -0.183026 -0.275349
    55 -4.153721 0.249470 0.557651 -0.203710 0.258681 -0.107248
    56 -4.753417 0.050361 0.678550 -0.005784 0.278638 -0.004552
    57 -5.020123 -0.086722 0.779611 0.044079 0.314929 0.057554
    58 -5.339876 -0.122169 0.941957 0.023478 0.335818 0.051638
    59 -6.135068 0.034120 1.103056 0.001131 0.357640 -0.013197
    60 -5.605508 0.343038 1.231094 0.058636 0.480688 -0.156947
    61 -3.070486 0.424257 0.693707 0.501647 0.458859 -0.309906
    62 -3.779010 1.500707 0.594131 1.158736 0.231602 -0.695039
    63 -11.204095 -5.674611 9.498478 -1.116941 -1.424750 -0.272770
    64 -0.269144 -22.062255 -2.883622 0.091259 -0.012670 -0.034027
    65 -8.003747 -6.000107 -9.314304 1.582989 -1.375006 -2.926309
    66 1.291627 -15.514588 -3.241560 0.266129 0.000110 0.035727
    67 -12.521673 11.793077 -9.009841 1.428364 -1.376902 -2.928790
    68 0.785919 -24.943203 -6.367156 0.371503 -0.004990 0.055701
    69 -10.702515 8.802661 -6.746493 -1.525122 -1.256720 -0.181227
    70 -0.641311 -11.527769 1.210022 0.000000 0.000000 0.000000
    71 -0.227785 -19.832260 -4.903652 0.289431 -0.002108 0.043612
    72 -13.047045 10.771064 13.323422 -1.129221 -0.957515 -0.924874
    73 -0.991148 -23.090739 -3.102065 0.383765 -0.003385 -0.146953
    74 49.389515 35.067635 12.791993 -1.037544 0.423055 2.039819
    75 4.004553 6.047380 1.789419 -0.260261 0.121942 2.111929
  time 32
    0 -3.781126 45.758760 48.873472 -0.082814 -0.024041 -2.359141
    1 0.623699 -0.000001 0.000000 3.141592 -1.554703 1.570706
    2 5.131857 -0.003106 -0.082027 -0.000879 0.016070 -0.054666
    3 3.906099 -0.003273 0.000002 -0.000888 0.057610 -0.124783
    4 4.135915 -0.008528 -0.000663 0.070734 0.075551 -0.143435
    5 10.751878 -0.002616 0.000051 -0.018648 0.003823 0.186243
    6 3.346640 -0.003644 -0.000029 0.007634 -0.014501 -0.038971
    7 4.579825 0.000000 0.000001 0.433310 -0.162516 0.169585
    8 -3.297148 -1.150500 2.858143 0.358256 -1.157831 2.624032
    9 6.038857 0.000001 -0.000005 1.113360 0.562344 -0.542749
    10 17.594553 -0.000002 -0.000007 0.000000 0.000000 -0.828018
    11 17.982979 0.000001 -0.000001 -2.290378 0.348894 -0.250994
    12 2.813688 0.799025 -0.493427 2.411861 0.529184 1.109476
    13 2.065371 0.000001 0.000002 0.000000 0.000000 0.649378
    14 2.094707 0.000000 -0.000001 0.000000 0.000000 1.093020
    15 7.521996 -0.014963 -1.158104 -0.027860 -0.069734 0.911640
    16 3.200831 0.000000 0.000002 0.000000 0.000000 1.665632
    17 2.731236 -0.000003 -0.000001 0.000000 0.000000 1.605775
    18 7.599247 -0.144510 0.591978 -0.045786 -0.060676 0.993575
    19 3.840991 0.000000 0.000001 0.000000 0.000000 1.756866
    20 3.277479 -0.000003 0.000001 0.000000 0.000000 1.937387
    21 7.447633 -0.525787 2.367264 -0.140593 -0.120304 1.040167
    22 1.595204 -0.000002 0.000001 0.000000 0.000000 0.255811
    23 1.772443 -0.000001 0.000000 0.000000 0.000000 1.068011
    24 2.572627 0.731521 -2.511554 -0.244396 0.018184 3.134541
    25 -3.277620 -1.041106 -2.920651 -0.077777 1.370509 2.878310
    26 6.038855 0.000003 0.000005 -0.969305 -0.661332 0.125648
    27 17.594561 -0.000001 -0.000005 0.000000 0.000000 -0.263888
    28 17.982979 0.000004 0.000006 2.064622 0.520329 -1.288579
    29 2.813689 0.799025 0.493427 -2.853948 0.431188 1.731441
    30 2.065368 0.000000 0.000001 0.000000 0.000000 0.912348
    31 2.094710 -0.000004 -0.000001 0.000000 0.000000 0.685149
    32 7.521996 -0.014962 1.158106 -0.175699 -0.043345 1.404093
    33 3.200828 -0.000002 0.000002 0.000000 0.000000 1.350783
    34 2.731235 0.000002 0.000000 0.000000 0.000000 0.924201
    35 7.599245 -0.144511 -0.591981 -0.160061 -0.087250 1.261723
    36 3.840992 0.000000 0.000001 0.000000 0.000000 1.649531
    37 3.277482 -0.000005 -0.000003 0.000000 0.000000 1.255814
    38 7.447635 -0.525787 -2.367260 0.127913 0.133733 0.940083
    39 1.595200 0.000000 -0.000003 0.000000 0.000000 0.756708
    40 1.772449 -0.000001 0.000003 0.000000 0.000000 1.255814
    41 2.963612 0.324628 1.962029 -2.408182 0.012915 -3.260935
    42 -5.226302 -0.279377 6.425844 2.956157 -0.066940 3.218193
    43 22.311970 0.000002 -0.000001 0.000000 0.000000 -0.481911
    44 22.311964 0.000001 -0.000003 -0.135212 0.035557 0.641468
    45 5.131752 6.470463 0.000000 0.000000 0.000000 1.570796
    46 -5.023180 -0.271532 -6.425843 -3.023420 -0.177516 3.111600
    47 22.311968 -0.000001 0.000000 0.000000 0.000000 -0.168584
    48 22.311966 -0.000001 0.000004 0.236086 -0.105847 0.071475
    49 5.131752 6.470465 0.000000 0.000000 0.000000 1.570796
    50 1.732516 13.268858 0.716686 3.141592 -1.570796 0.000000
    51 -0.224368 0.272606 -0.034539 -0.053379 -0.086697 0.791785
    52 -3.471552 -4.796953 -4.013098 0.009175 -1.202675 1.202729
    53 -3.733108 0.134754 -0.417931 -0.534638 -0.230976 -0.084447
    54 -4.370892 0.600227 -0.414705 -1.614561 -0.177956 -0.278333
    55 -4.153721 0.241658 0.557651 -0.195802 0.259732 -0.103796
    56 -4.753417 0.046455 0.678550 -0.003543 0.278302 -0.002671
    57 -5.020123 -0.090628 0.779611 0.045277 0.314401 0.059412
    58 -5.335969 -0.126076 0.941957 0.023997 0.335542 0.053159
    59 -6.127255 0.034120 1.103056 0.001224 0.357429 -0.012724
    60 -5.601601 0.346944 1.227188 0.059625 0.479438 -0.158497
    61 -3.074392 0.428164 0.689801 0.502695 0.455516 -0.312708
    62 -3.782916 1.500707 0.574599 1.145319 0.224532 -0.695332
    63 -11.204095 -5.674611 9.498478 -1.116941 -1.424750 -0.272770
    64 -0.269144 -22.062255 -2.883622 0.091259 -0.012670 -0.034027
    65 -8.003747 -6.000107 -9.314304 1.582989 -1.375006 -2.926309
    66 1.291627 -15.514588 -3.241560 0.266129 0.000110 0.035727
    67 -12.521673 11.793077 -9.009841 1.428364 -1.376902 -2.928790
    68 0.785919 -24.943203 -6.367156 0.371503 -0.004990 0.055701
    69 -10.702515 8.802661 -6.746493 -1.525122 -1.256720 -0.181227
    70 -0.641311 -11.527769 1.210022 0.000000 0.000000 0.000000
    71 -0.227785 -19.832260 -4.903652 0.289431 -0.002108 0.043612
    72 -13.047045 10.771064 13.323422 -1.129221 -0.957515 -0.924874
    73 -0.991148 -23.090739 -3.102065 0.383765 -0.003385 -0.146953
    74 49.389515 35.067635 12.791993 -1.037544 0.423055 2.039819
    75 4.004553 6.047380 1.789419 -0.260261 0.121942 2.111929
  time 33
    0 -3.847534 46.980259 48.674247 -0.084048 -0.021920 -2.359141
    1 0.623699 -0.000001 0.000000 3.141592 -1.554703 1.570706
    2 5.131857 -0.003106 -0.082027 -0.000879 0.016070 -0.054666
    3 3.906099 -0.003273 0.000002 -0.000999 0.061864 -0.128642
    4 4.135915 -0.008528 -0.000663 0.071604 0.073034 -0.130757
    5 10.751878 -0.002616 0.000051 -0.018648 0.003823 0.186243
    6 3.346640 -0.003644 -0.000029 0.007634 -0.014501 -0.038971
    7 4.579825 0.000000 0.000001 0.432746 -0.164706 0.161024
    8 -3.297148 -1.150500 2.858143 0.358256 -1.157831 2.624032
    9 6.038857 0.000001 -0.000005 1.109464 0.537006 -0.539703
    10 17.594553 -0.000002 -0.000007 0.000000 0.000000 -0.868880
    11 17.982979 0.000001 -0.000001 -2.281294 0.343109 -0.223327
    12 2.813688 0.799025 -0.493427 2.411861 0.529184 1.109476
    13 2.065371 0.000001 0.000002 0.000000 0.000000 0.649378
    14 2.094707 0.000000 -0.000001 0.000000 0.000000 1.093020
    15 7.521996 -0.014963 -1.158104 -0.027860 -0.069734 0.911640
    16 3.200831 0.000000 0.000002 0.000000 0.000000 1.665632
    17 2.731236 -0.000003 -0.000001 0.000000 0.000000 1.605775
    18 7.599247 -0.144510 0.591978 -0.045786 -0.060676 0.993575
    19 3.840991 0.000000 0.000001 0.000000 0.000000 1.756866
    20 3.277479 -0.000003 0.000001 0.000000 0.000000 1.937387
    21 7.447633 -0.525787 2.367264 -0.140593 -0.120304 1.040167
    22 1.595204 -0.000002 0.000001 0.000000 0.000000 0.255811
    23 1.772443 -0.000001 0.000000 0.000000 0.000000 1.067979
    24 2.572627 0.731521 -2.511554 -0.244396 0.018184 3.134541
    25 -3.277620 -1.041106 -2.920651 -0.077777 1.370509 2.878310
    26 6.038855 0.000003 0.000005 -0.960169 -0.666141 0.118994
    27 17.594561 -0.000001 -0.000005 0.000000 0.000000 -0.256910
    28 17.982979 0.000004 0.000006 2.055530 0.529314 -1.306778
    29 2.813689 0.799025 0.493427 -2.853948 0.431188 1.731441
    30 2.065368 0.000000 0.000001 0.000000 0.000000 0.912348
    31 2.094710 -0.000004 -0.000001 0.000000 0.000000 0.685149
    32 7.521996 -0.014962 1.158106 -0.175699 -0.043345 1.404093
    33 3.200828 -0.000002 0.000002 0.000000 0.000000 1.350783
    34 2.731235 0.000002 0.000000 0.000000 0.000000 0.924201
    35 7.599245 -0.144511 -0.591981 -0.160061 -0.087250 1.261723
    36 3.840992 0.000000 0.000001 0.000000 0.000000 1.649531
    37 3.277482 -0.000005 -0.000003 0.000000 0.000000 1.255814
    38 7.447635 -0.525787 -2.367260 0.127913 0.133719 0.940083
    39 1.595200 0.000000 -0.000003 0.000000 0.000000 0.756708
    40 1.772449 -0.000001 0.000003 0.000000 0.000000 1.255814
    41 2.963612 0.324628 1.962029 -2.408182 0.012915 -3.260935
    42 -5.226302 -0.279377 6.425844 2.946617 -0.029024 3.280953
    43 22.311970 0.000002 -0.000001 0.000000 0.000000 -0.416135
    44 22.311964 0.000001 -0.000003 -0.125973 0.063764 0.661661
    45 5.131752 6.470463 0.000000 0.000000 0.000000 1.570796
    46 -5.023180 -0.271532 -6.425843 -3.023157 -0.198103 3.074764
    47 22.311968 -0.000001 0.000000 0.000000 0.000000 -0.199050
    48 22.311966 -0.000001 0.000004 0.245222 -0.128213 0.069327
    49 5.131752 6.470465 0.000000 0.000000 0.000000 1.570796
    50 1.732516 13.268858 0.716686 3.141592 -1.570796 0.000000
    51 -0.224368 0.272606 -0.034539 -0.055752 -0.086061 0.791785
    52 -3.467646 -4.789140 -4.028723 0.009247 -1.205107 1.202042
    53 -3.733108 0.134754 -0.417931 -0.542878 -0.230856 -0.084531
    54 -4.370892 0.604134 -0.410799 -1.612195 -0.175403 -0.279424
    55 -4.153721 0.237751 0.557651 -0.192173 0.259659 -0.101999
    56 -4.749511 0.042548 0.674644 -0.002572 0.277367 -0.001844
    57 -5.012311 -0.094535 0.775704 0.045924 0.313431 0.060251
    58 -5.316438 -0.126076 0.938050 0.024342 0.335758 0.053811
    59 -6.099911 0.034120 1.099150 0.001177 0.358662 -0.013092
    60 -5.578163 0.350850 1.227188 0.060665 0.479770 -0.161195
    61 -3.074392 0.432070 0.685894 0.502123 0.451103 -0.315259
    62 -3.790729 1.496801 0.558973 1.128931 0.217170 -0.691426
    63 -11.204095 -5.674611 9.498478 -1.116941 -1.424750 -0.272770
    64 -0.269144 -22.062255 -2.883622 0.091259 -0.012670 -0.034027
    65 -8.003747 -6.000107 -9.314304 1.582989 -1.375006 -2.926309
    66 1.291627 -15.514588 -3.241560 0.266129 0.000110 0.035727
    67 -12.521673 11.793077 -9.009841 1.428364 -1.376902 -2.928790
    68 0.785919 -24.943203 -6.367156 0.371503 -0.004990 0.055701
    69 -10.702515 8.802661 -6.746493 -1.525122 -1.256720 -0.181227
    70 -0.641311 -11.527769 1.210022 0.000000 0.000000 0.000000
    71 -0.227785 -19.832260 -4.903652 0.289431 -0.002108 0.043612
    72 -13.047045 10.771064 13.323422 -1.129221 -0.957515 -0.924874
    73 -0.991148 -23.090739 -3.102065 0.383765 -0.003385 -0.146953
    74 49.389515 35.067635 12.791993 -1.037544 0.423055 2.039819
    75 4.004553 6.047380 1.789419 -0.260261 0.121942 2.111929
  time 34
    0 -3.886598 48.209570 48.443771 -0.084096 -0.021824 -2.359141
    1 0.623699 -0.000001 0.000000 3.141592 -1.554703 1.570706
    2 5.131857 -0.003106 -0.082027 -0.000879 0.016070 -0.054666
    3 3.906099 -0.003273 0.000002 -0.001184 0.065088 -0.131147
    4 4.135915 -0.008528 -0.000663 0.072977 0.068875 -0.110891
    5 10.751878 -0.002616 0.000051 -0.018636 0.003823 0.186243
    6 3.346640 -0.003644 -0.000029 0.007634 -0.014501 -0.038971
    7 4.579825 0.000000 0.000001 0.432746 -0.164850 0.143682
    8 -3.297148 -1.150500 2.858143 0.358256 -1.157831 2.624032
    9 6.038857 0.000001 -0.000005 1.100465 0.507208 -0.542122
    10 17.594553 -0.000002 -0.000007 0.000000 0.000000 -0.904400
    11 17.982979 0.000001 -0.000001 -2.273464 0.340108 -0.200455
    12 2.813688 0.799025 -0.493427 2.411861 0.529184 1.109476
    13 2.065371 0.000001 0.000002 0.000000 0.000000 0.649378
    14 2.094707 0.000000 -0.000001 0.000000 0.000000 1.093020
    15 7.521996 -0.014963 -1.158104 -0.027860 -0.069734 0.911640
    16 3.200831 0.000000 0.000002 0.000000 0.000000 1.665632
    17 2.731236 -0.000003 -0.000001 0.000000 0.000000 1.605775
    18 7.599247 -0.144510 0.591978 -0.045786 -0.060676 0.993575
    19 3.840991 0.000000 0.000001 0.000000 0.000000 1.756866
    20 3.277479 -0.000003 0.000001 0.000000 0.000000 1.937387
    21 7.447633 -0.525787 2.367264 -0.140593 -0.120304 1.040167
    22 1.595204 -0.000002 0.000001 0.000000 0.000000 0.255811
    23 1.772443 -0.000001 0.000000 0.000000 0.000000 1.067979
    24 2.572627 0.731521 -2.511554 -0.244396 0.018184 3.134541
    25 -3.277620 -1.041106 -2.920651 -0.077777 1.370509 2.878310
    26 6.038855 0.000003 0.000005 -0.941599 -0.675664 0.105390
    27 17.594561 -0.000001 -0.000005 0.000000 0.000000 -0.248843
    28 17.982979 0.000004 0.000006 2.047541 0.536136 -1.322547
    29 2.813689 0.799025 0.493427 -2.853948 0.431188 1.731441
    30 2.065368 0.000000 0.000001 0.000000 0.000000 0.912348
    31 2.094710 -0.000004 -0.000001 0.000000 0.000000 0.685149
    32 7.521996 -0.014962 1.158106 -0.175699 -0.043345 1.404093
    33 3.200828 -0.000002 0.000002 0.000000 0.000000 1.350783
    34 2.731235 0.000002 0.000000 0.000000 0.000000 0.924201
    35 7.599245 -0.144511 -0.591981 -0.160061 -0.087250 1.261723
    36 3.840992 0.000000 0.000001 0.000000 0.000000 1.649531
    37 3.277482 -0.000005 -0.000003 0.000000 0.000000 1.255814
    38 7.447635 -0.525787 -2.367260 0.127913 0.133733 0.940083
    39 1.595200 0.000000 -0.000003 0.000000 0.000000 0.756708
    40 1.772449 -0.000001 0.000003 0.000000 0.000000 1.255814
    41 2.963612 0.324628 1.962029 -2.408182 0.012915 -3.260935
    42 -5.226302 -0.279377 6.425844 2.940301 0.010992 3.356610
    43 22.311970 0.000002 -0.000001 0.000000 0.000000 -0.323697
    44 22.311964 0.000001 -0.000003 -0.115437 0.088155 0.661141
    45 5.131752 6.470463 0.000000 0.000000 0.000000 1.570796
    46 -5.023180 -0.271532 -6.425843 -3.022809 -0.217582 3.040624
    47 22.311968 -0.000001 0.000000 0.000000 0.000000 -0.226291
    48 22.311966 -0.000001 0.000004 0.255304 -0.150223 0.064407
    49 5.131752 6.470465 0.000000 0.000000 0.000000 1.570796
    50 1.732516 13.268858 0.716686 3.141592 -1.570796 0.000000
    51 -0.224368 0.272606 -0.034539 -0.055860 -0.086037 0.791785
    52 -3.467646 -4.785234 -4.028723 0.009247 -1.205227 1.201917
    53 -3.733108 0.134754 -0.417931 -0.542457 -0.230796 -0.084411
    54 -4.370892 0.604134 -0.410799 -1.613196 -0.175535 -0.278813
    55 -4.153721 0.237751 0.557651 -0.192452 0.258862 -0.101903
    56 -4.749511 0.042548 0.674644 -0.002872 0.276217 -0.002071
    57 -5.000592 -0.094535 0.771798 0.045960 0.312424 0.060023
    58 -5.292999 -0.126076 0.934144 0.024463 0.336273 0.053702
    59 -6.060847 0.034120 1.099150 0.001085 0.360738 -0.013933
    60 -5.543006 0.354757 1.223281 0.061502 0.481242 -0.164126
    61 -3.070486 0.435977 0.681988 0.500599 0.446979 -0.316959
    62 -3.802448 1.488988 0.547254 1.114268 0.211210 -0.685518
    63 -11.204095 -5.674611 9.498478 -1.116941 -1.424750 -0.272770
    64 -0.269144 -22.062255 -2.883622 0.091259 -0.012670 -0.034027
    65 -8.003747 -6.000107 -9.314304 1.582989 -1.375006 -2.926309
    66 1.291627 -15.514588 -3.241560 0.266129 0.000110 0.035727
    67 -12.521673 11.793077 -9.009841 1.428364 -1.376902 -2.928790
    68 0.785919 -24.943203 -6.367156 0.371503 -0.004990 0.055701
    69 -10.702515 8.802661 -6.746493 -1.525122 -1.256720 -0.181227
    70 -0.641311 -11.527769 1.210022 0.000000 0.000000 0.000000
    71 -0.227785 -19.832260 -4.903652 0.289431 -0.002108 0.043612
    72 -13.047045 10.771064 13.323422 -1.129221 -0.957515 -0.924874
    73 -0.991148 -23.090739 -3.102065 0.383765 -0.003385 -0.146953
    74 49.389515 35.067635 12.791993 -1.037544 0.423055 2.039819
    75 4.004553 6.047380 1.789419 -0.260261 0.121942 2.111929
  time 35
    0 -3.898317 49.450600 48.197670 -0.082933 -0.023837 -2.359141
    1 0.623699 -0.000001 0.000000 -3.141497 -1.554703 1.570706
    2 5.131857 -0.003106 -0.082027 -0.000879 0.016070 -0.054666
    3 3.906099 -0.003273 0.000002 -0.001332 0.066311 -0.131542
    4 4.135915 -0.008528 -0.000663 0.074405 0.064189 -0.089185
    5 10.751878 -0.002616 0.000051 -0.018648 0.003823 0.186243
    6 3.346640 -0.003644 -0.000029 0.007634 -0.014501 -0.038971
    7 4.579825 0.000000 0.000001 0.433286 -0.162819 0.122170
    8 -3.297148 -1.150500 2.858143 0.358256 -1.157831 2.624032
    9 6.038857 0.000001 -0.000005 1.089053 0.481769 -0.549556
    10 17.594553 -0.000002 -0.000007 0.000000 0.000000 -0.923378
    11 17.982979 0.000001 -0.000001 -2.269473 0.340456 -0.189715
    12 2.813688 0.799025 -0.493427 2.411861 0.529184 1.109476
    13 2.065371 0.000001 0.000002 0.000000 0.000000 0.649378
    14 2.094707 0.000000 -0.000001 0.000000 0.000000 1.093020
    15 7.521996 -0.014963 -1.158104 -0.027860 -0.069734 0.911640
    16 3.200831 0.000000 0.000002 0.000000 0.000000 1.665632
    17 2.731236 -0.000003 -0.000001 0.000000 0.000000 1.605775
    18 7.599247 -0.144510 0.591978 -0.045786 -0.060676 0.993575
    19 3.840991 0.000000 0.000001 0.000000 0.000000 1.756866
    20 3.277479 -0.000003 0.000001 0.000000 0.000000 1.937387
    21 7.447633 -0.525787 2.367264 -0.140593 -0.120304 1.040167
    22 1.595204 -0.000002 0.000001 0.000000 0.000000 0.255811
    23 1.772443 -0.000001 0.000000 0.000000 0.000000 1.067979
    24 2.572627 0.731521 -2.511554 -0.244361 0.018184 3.134541
    25 -3.277620 -1.041106 -2.920651 -0.077777 1.370509 2.878310
    26 6.038855 0.000003 0.000005 -0.917715 -0.687117 0.087251
    27 17.594561 -0.000001 -0.000005 0.000000 0.000000 -0.241237
    28 17.982979 0.000004 0.000006 2.043089 0.538596 -1.331312
    29 2.813689 0.799025 0.493427 -2.853948 0.431188 1.731441
    30 2.065368 0.000000 0.000001 0.000000 0.000000 0.912348
    31 2.094710 -0.000004 -0.000001 0.000000 0.000000 0.685149
    32 7.521996 -0.014962 1.158106 -0.175699 -0.043345 1.404093
    33 3.200828 -0.000002 0.000002 0.000000 0.000000 1.350783
    34 2.731235 0.000002 0.000000 0.000000 0.000000 0.924201
    35 7.599245 -0.144511 -0.591981 -0.160061 -0.087250 1.261723
    36 3.840992 0.000000 0.000001 0.000000 0.000000 1.649531
    37 3.277482 -0.000005 -0.000003 0.000000 0.000000 1.255814
    38 7.447635 -0.525787 -2.367260 0.127913 0.133733 0.940083
    39 1.595200 0.000000 -0.000003 0.000000 0.000000 0.756708
    40 1.772449 -0.000001 0.000003 0.000000 0.000000 1.255814
    41 2.963612 0.324628 1.962029 -2.408182 0.012915 -3.260935
    42 -5.226302 -0.279377 6.425844 2.939450 0.040545 3.435269
    43 22.311970 0.000002 -0.000001 0.000000 0.000000 -0.212851
    44 22.311964 0.000001 -0.000003 -0.112053 0.095769 0.600355
    45 5.131752 6.470463 0.000000 0.000000 0.000000 1.570796
    46 -5.023180 -0.271532 -6.425843 -3.023289 -0.236166 3.011971
    47 22.311968 -0.000001 0.000000 0.000000 0.000000 -0.244946
    48 22.311966 -0.000001 0.000004 0.266442 -0.171754 0.053895
    49 5.131752 6.470465 0.000000 0.000000 0.000000 1.570796
    50 1.732516 13.268858 0.716686 3.141592 -1.570796 0.000000
    51 -0.224368 0.272606 -0.034539 -0.053607 -0.086637 0.791785
    52 -3.471552 -4.796953 -4.013098 0.009187 -1.202890 1.202667
    53 -3.733108 0.134754 -0.417931 -0.533416 -0.230844 -0.084136
    54 -4.370892 0.596321 -0.414705 -1.617108 -0.178280 -0.276595
    55 -4.153721 0.241658 0.553745 -0.197011 0.257466 -0.103664
    56 -4.745604 0.046455 0.670738 -0.004130 0.275294 -0.003114
    57 -4.992779 -0.090628 0.767892 0.045481 0.311801 0.059004
    58 -5.265655 -0.126076 0.930238 0.024394 0.337004 0.052942
    59 -6.021783 0.038026 1.099150 0.000901 0.362903 -0.015142
    60 -5.511755 0.358663 1.223281 0.061832 0.483300 -0.166249
    61 -3.062673 0.439883 0.678082 0.499075 0.444649 -0.317526
    62 -3.814167 1.481175 0.539442 1.105547 0.208230 -0.679854
    63 -11.204095 -5.674611 9.498478 -1.116941 -1.424750 -0.272770
    64 -0.269144 -22.062255 -2.883622 0.091259 -0.012670 -0.034027
    65 -8.003747 -6.000107 -9.314304 1.582989 -1.375006 -2.926309
    66 1.291627 -15.514588 -3.241560 0.266129 0.000110 0.035727
    67 -12.521673 11.793077 -9.009841 1.428364 -1.376902 -2.928790
    68 0.785919 -24.943203 -6.367156 0.371503 -0.004990 0.055701
    69 -10.702515 8.802661 -6.746493 -1.525122 -1.256720 -0.181227
    70 -0.641311 -11.527769 1.210022 0.000000 0.000000 0.000000
    71 -0.227785 -19.832260 -4.903652 0.289431 -0.002108 0.043612
    72 -13.047045 10.771064 13.323422 -1.129221 -0.957515 -0.924874
    73 -0.991148 -23.090739 -3.102065 0.383765 -0.003385 -0.146953
    74 49.389515 35.067635 12.791993 -1.037544 0.423055 2.039819
    75 4.004553 6.047380 1.789419 -0.260261 0.121942 2.111929
  time 36
    0 -3.882691 50.703350 47.955475 -0.080465 -0.028080 -2.359093
    1 0.623699 -0.000001 0.000000 3.141592 -1.554703 1.570706
    2 5.131857 -0.003106 -0.082027 -0.000879 0.016070 -0.054666
    3 3.906099 -0.003273 0.000002 -0.001406 0.064609 -0.129085
    4 4.135915 -0.008528 -0.000663 0.075574 0.060091 -0.070999
    5 10.751878 -0.002616 0.000051 -0.018648 0.003823 0.186243
    6 3.346640 -0.003644 -0.000029 0.007634 -0.014501 -0.038971
    7 4.579825 0.000000 0.000001 0.434389 -0.158496 0.101072
    8 -3.297148 -1.150500 2.858143 0.358256 -1.157831 2.624032
    9 6.038857 0.000001 -0.000005 1.080240 0.464904 -0.557617
    10 17.594553 -0.000002 -0.000007 0.000000 0.000000 -0.923378
    11 17.982979 0.000001 -0.000001 -2.270043 0.344414 -0.193008
    12 2.813688 0.799025 -0.493427 2.411861 0.529184 1.109476
    13 2.065371 0.000001 0.000002 0.000000 0.000000 0.649378
    14 2.094707 0.000000 -0.000001 0.000000 0.000000 1.093020
    15 7.521996 -0.014963 -1.158104 -0.027860 -0.069746 0.911640
    16 3.200831 0.000000 0.000002 0.000000 0.000000 1.665632
    17 2.731236 -0.000003 -0.000001 0.000000 0.000000 1.605775
    18 7.599247 -0.144510 0.591978 -0.045786 -0.060676 0.993575
    19 3.840991 0.000000 0.000001 0.000000 0.000000 1.756866
    20 3.277479 -0.000003 0.000001 0.000000 0.000000 1.937387
    21 7.447633 -0.525787 2.367264 -0.140593 -0.120304 1.040167
    22 1.595204 -0.000002 0.000001 0.000000 0.000000 0.255811
    23 1.772443 -0.000001 0.000000 0.000000 0.000000 1.067979
    24 2.572627 0.731521 -2.511554 -0.244396 0.018184 3.134541
    25 -3.277620 -1.041106 -2.920651 -0.077777 1.370509 2.878310
    26 6.038855 0.000003 0.000005 -0.894249 -0.700626 0.069070
    27 17.594561 -0.000001 -0.000005 0.000000 0.000000 -0.233615
    28 17.982979 0.000004 0.000006 2.042937 0.535018 -1.331741
    29 2.813689 0.799025 0.493427 -2.853948 0.431188 1.731441
    30 2.065368 0.000000 0.000001 0.000000 0.000000 0.912348
    31 2.094710 -0.000004 -0.000001 0.000000 0.000000 0.685149
    32 7.521996 -0.014962 1.158106 -0.175699 -0.043345 1.404093
    33 3.200828 -0.000002 0.000002 0.000000 0.000000 1.350783
    34 2.731235 0.000002 0.000000 0.000000 0.000000 0.924201
    35 7.599245 -0.144511 -0.591981 -0.160061 -0.087250 1.261723
    36 3.840992 0.000000 0.000001 0.000000 0.000000 1.649531
    37 3.277482 -0.000005 -0.000003 0.000000 0.000000 1.255814
    38 7.447635 -0.525787 -2.367260 0.127913 0.133733 0.940083
    39 1.595200 0.000000 -0.000003 0.000000 0.000000 0.756708
    40 1.772449 -0.000001 0.000003 0.000000 0.000000 1.255814
    41 2.963612 0.324628 1.962029 -2.408182 0.012915 -3.260935
    42 -5.226302 -0.279377 6.425844 2.943094 0.060316 3.527026
    43 22.311970 0.000002 -0.000001 0.000000 0.000000 -0.062352
    44 22.311964 0.000001 -0.000003 -0.117333 0.085832 0.463111
    45 5.131752 6.470463 0.000000 0.000000 0.000000 1.570796
    46 -5.023180 -0.271532 -6.425843 -3.025602 -0.253992 2.991290
    47 22.311968 -0.000001 0.000000 0.000000 0.000000 -0.250605
    48 22.311966 -0.000001 0.000004 0.278726 -0.192449 0.035001
    49 5.131752 6.470465 0.000000 0.000000 0.000000 1.570796
    50 1.732516 13.268858 0.716686 3.141592 -1.570796 0.000000
    51 -0.224368 0.272606 -0.034539 -0.048873 -0.087919 0.791735
    52 -3.475459 -4.816485 -3.985753 0.009043 -1.198024 1.204042
    53 -3.733108 0.134754 -0.417931 -0.515820 -0.230916 -0.083716
    54 -4.374799 0.588508 -0.426424 -1.623842 -0.183793 -0.272736
    55 -4.153721 0.249470 0.549839 -0.206036 0.255419 -0.107380
    56 -4.745604 0.050361 0.666831 -0.006839 0.274347 -0.005355
    57 -4.984966 -0.086722 0.763985 0.044186 0.311046 0.056763
    58 -5.250029 -0.118263 0.926331 0.023893 0.337472 0.051035
    59 -5.986626 0.041932 1.095243 0.000625 0.365069 -0.016613
    60 -5.476598 0.358663 1.227188 0.061388 0.486355 -0.167800
    61 -3.054860 0.435977 0.678082 0.496311 0.444519 -0.316865
    62 -3.821980 1.469456 0.539442 1.103630 0.209369 -0.673946
    63 -11.204095 -5.674611 9.498478 -1.116941 -1.424750 -0.272770
    64 -0.269144 -22.062255 -2.883622 0.091259 -0.012670 -0.034027
    65 -8.003747 -6.000107 -9.314304 1.582989 -1.375006 -2.926309
    66 1.291627 -15.514588 -3.241560 0.266129 0.000110 0.035727
    67 -12.521673 11.793077 -9.009841 1.428364 -1.376902 -2.928790
    68 0.785919 -24.943203 -6.367156 0.371503 -0.004990 0.055701
    69 -10.702515 8.802661 -6.746493 -1.525122 -1.256720 -0.181227
    70 -0.641311 -11.527769 1.210022 0.000000 0.000000 0.000000
    71 -0.227785 -19.832260 -4.903652 0.289431 -0.002108 0.043612
    72 -13.047045 10.771064 13.323422 -1.129221 -0.957515 -0.924874
    73 -0.991148 -23.090739 -3.102065 0.383765 -0.003385 -0.146953
    74 49.389515 35.067635 12.791993 -1.037544 0.423055 2.039819
    75 4.004553 6.047380 1.789419 -0.260261 0.121942 2.111929
  time 37
    0 -3.831909 51.967818 47.732812 -0.076174 -0.035331 -2.358950
    1 0.623699 -0.000001 0.000000 -3.141497 -1.554703 1.570706
    2 5.131857 -0.003106 -0.082027 -0.000879 0.016070 -0.054666
    3 3.906099 -0.003273 0.000002 -0.001406 0.059408 -0.122602
    4 4.135915 -0.008528 -0.000663 0.076608 0.055884 -0.054687
    5 10.751878 -0.002616 0.000051 -0.018636 0.003823 0.186243
    6 3.346640 -0.003644 -0.000029 0.007634 -0.014501 -0.038971
    7 4.579825 0.000000 0.000001 0.436326 -0.150830 0.077462
    8 -3.297148 -1.150500 2.858143 0.358256 -1.157831 2.624032
    9 6.038857 0.000001 -0.000005 1.072818 0.449079 -0.566305
    10 17.594553 -0.000002 -0.000007 0.000000 0.000000 -0.913303
    11 17.982979 0.000001 -0.000001 -2.273996 0.351939 -0.205051
    12 2.813688 0.799025 -0.493427 2.411861 0.529184 1.109476
    13 2.065371 0.000001 0.000002 0.000000 0.000000 0.649378
    14 2.094707 0.000000 -0.000001 0.000000 0.000000 1.093020
    15 7.521996 -0.014963 -1.158104 -0.027860 -0.069734 0.911640
    16 3.200831 0.000000 0.000002 0.000000 0.000000 1.665632
    17 2.731236 -0.000003 -0.000001 0.000000 0.000000 1.605775
    18 7.599247 -0.144510 0.591978 -0.045786 -0.060676 0.993575
    19 3.840991 0.000000 0.000001 0.000000 0.000000 1.756866
    20 3.277479 -0.000003 0.000001 0.000000 0.000000 1.937387
    21 7.447633 -0.525787 2.367264 -0.140593 -0.120304 1.040167
    22 1.595204 -0.000002 0.000001 0.000000 0.000000 0.255811
    23 1.772443 -0.000001 0.000000 0.000000 0.000000 1.067979
    24 2.572627 0.731521 -2.511554 -0.244396 0.018184 3.134541
    25 -3.277620 -1.041106 -2.920651 -0.077777 1.370509 2.878310
    26 6.038855 0.000003 0.000005 -0.867917 -0.718217 0.048346
    27 17.594561 -0.000001 -0.000005 0.000000 0.000000 -0.225433
    28 17.982979 0.000004 0.000006 2.045809 0.527002 -1.326263
    29 2.813689 0.799025 0.493427 -2.853948 0.431188 1.731441
    30 2.065368 0.000000 0.000001 0.000000 0.000000 0.912348
    31 2.094710 -0.000004 -0.000001 0.000000 0.000000 0.685149
    32 7.521996 -0.014962 1.158106 -0.175699 -0.043345 1.404093
    33 3.200828 -0.000002 0.000002 0.000000 0.000000 1.350783
    34 2.731235 0.000002 0.000000 0.000000 0.000000 0.924201
    35 7.599245 -0.144511 -0.591981 -0.160061 -0.087250 1.261723
    36 3.840992 0.000000 0.000001 0.000000 0.000000 1.649531
    37 3.277482 -0.000005 -0.000003 0.000000 0.000000 1.255814
    38 7.447635 -0.525787 -2.367260 0.127913 0.133733 0.940083
    39 1.595200 0.000000 -0.000003 0.000000 0.000000 0.756708
    40 1.772449 -0.000001 0.000003 0.000000 0.000000 1.255814
    41 2.963612 0.324628 1.962029 -2.408182 0.012915 -3.260935
    42 -5.226302 -0.279377 6.425844 2.945599 0.072973 3.576779
    43 22.311970 0.000002 -0.000001 0.000000 0.000000 -0.001672
    44 22.311964 0.000001 -0.000003 -0.121509 0.075877 0.369891
    45 5.131752 6.470463 0.000000 0.000000 0.000000 1.570796
    46 -5.023180 -0.271532 -6.425843 -3.031103 -0.270665 2.981840
    47 22.311968 -0.000001 0.000000 0.000000 0.000000 -0.238596
    48 22.311966 -0.000001 0.000004 0.292308 -0.212678 0.006733
    49 5.131752 6.470465 0.000000 0.000000 0.000000 1.570796
    50 1.732516 13.268858 0.716686 3.141592 -1.570796 0.000000
    51 -0.224368 0.272606 -0.034539 -0.040700 -0.090040 0.791586
    52 -3.483271 -4.847736 -3.938877 0.008827 -1.189647 1.206729
    53 -3.733108 0.134754 -0.417931 -0.487896 -0.231204 -0.082997
    54 -4.374799 0.572883 -0.445956 -1.632850 -0.192421 -0.266492
    55 -4.153721 0.261189 0.542026 -0.221760 0.252121 -0.113743
    56 -4.741698 0.058174 0.666831 -0.011393 0.273293 -0.009047
    57 -4.977153 -0.075003 0.760079 0.041921 0.310303 0.053048
    58 -5.226591 -0.110450 0.922425 0.023029 0.338071 0.047968
    59 -5.943656 0.049745 1.095243 0.000210 0.367776 -0.018978
    60 -5.433628 0.362569 1.227188 0.060373 0.490471 -0.169605
    61 -3.043141 0.435977 0.678082 0.491547 0.445416 -0.315322
    62 -3.829793 1.457737 0.551161 1.104684 0.213430 -0.666671
    63 -11.204095 -5.674611 9.498478 -1.116941 -1.424750 -0.272770
    64 -0.269144 -22.062255 -2.883622 0.091259 -0.012670 -0.034027
    65 -8.003747 -6.000107 -9.314304 1.582989 -1.375006 -2.926309
    66 1.291627 -15.514588 -3.241560 0.266129 0.000110 0.035727
    67 -12.521673 11.793077 -9.009841 1.428364 -1.376902 -2.928790
    68 0.785919 -24.943203 -6.367156 0.371503 -0.004990 0.055701
    69 -10.702515 8.802661 -6.746493 -1.525122 -1.256720 -0.181227
    70 -0.641311 -11.527769 1.210022 0.000000 0.000000 0.000000
    71 -0.227785 -19.832260 -4.903652 0.289431 -0.002108 0.043612
    72 -13.047045 10.771064 13.323422 -1.129221 -0.957515 -0.924874
    73 -0.991148 -23.090739 -3.102065 0.383765 -0.003385 -0.146953
    74 49.389515 35.067635 12.791993 -1.037544 0.423055 2.039819
    75 4.004553 6.047380 1.789419 -0.260261 0.121942 2.111929
  time 38
    0 -3.749875 53.247912 47.545306 -0.070110 -0.045422 -2.358854
    1 0.623699 -0.000001 0.000000 3.141592 -1.554703 1.570706
    2 5.131857 -0.003106 -0.082027 -0.000879 0.016070 -0.054666
    3 3.906099 -0.003273 0.000002 -0.001406 0.051522 -0.112618
    4 4.135915 -0.008528 -0.000663 0.077723 0.050623 -0.036163
    5 10.751878 -0.002616 0.000051 -0.018636 0.003823 0.186243
    6 3.346640 -0.003644 -0.000029 0.007634 -0.014501 -0.038971
    7 4.579825 0.000000 0.000001 0.438900 -0.139909 0.047825
    8 -3.297148 -1.150500 2.858143 0.358256 -1.157831 2.624032
    9 6.038857 0.000001 -0.000005 1.061870 0.430116 -0.580367
    10 17.594553 -0.000002 -0.000007 0.000000 0.000000 -0.895731
    11 17.982979 0.000001 -0.000001 -2.280609 0.362682 -0.223680
    12 2.813688 0.799025 -0.493427 2.411861 0.529184 1.109476
    13 2.065371 0.000001 0.000002 0.000000 0.000000 0.649378
    14 2.094707 0.000000 -0.000001 0.000000 0.000000 1.093020
    15 7.521996 -0.014963 -1.158104 -0.027860 -0.069746 0.911640
    16 3.200831 0.000000 0.000002 0.000000 0.000000 1.665632
    17 2.731236 -0.000003 -0.000001 0.000000 0.000000 1.605775
    18 7.599247 -0.144510 0.591978 -0.045786 -0.060676 0.993575
    19 3.840991 0.000000 0.000001 0.000000 0.000000 1.756866
    20 3.277479 -0.000003 0.000001 0.000000 0.000000 1.937387
    21 7.447633 -0.525787 2.367264 -0.140593 -0.120304 1.040167
    22 1.595204 -0.000002 0.000001 0.000000 0.000000 0.255811
    23 1.772443 -0.000001 0.000000 0.000000 0.000000 1.068011
    24 2.572627 0.731521 -2.511554 -0.244396 0.018184 3.134541
    25 -3.277620 -1.041106 -2.920651 -0.077777 1.370509 2.878310
    26 6.038855 0.000003 0.000005 -0.832867 -0.737991 0.019654
    27 17.594561 -0.000001 -0.000005 0.000000 0.000000 -0.218190
    28 17.982979 0.000004 0.000006 2.051060 0.517272 -1.315925
    29 2.813689 0.799025 0.493427 -2.853948 0.431188 1.731441
    30 2.065368 0.000000 0.000001 0.000000 0.000000 0.912348
    31 2.094710 -0.000004 -0.000001 0.000000 0.000000 0.685149
    32 7.521996 -0.014962 1.158106 -0.175699 -0.043345 1.404093
    33 3.200828 -0.000002 0.000002 0.000000 0.000000 1.350783
    34 2.731235 0.000002 0.000000 0.000000 0.000000 0.924201
    35 7.599245 -0.144511 -0.591981 -0.160061 -0.087250 1.261723
    36 3.840992 0.000000 0.000001 0.000000 0.000000 1.649531
    37 3.277482 -0.000005 -0.000003 0.000000 0.000000 1.255814
    38 7.447635 -0.525787 -2.367260 0.127913 0.133733 0.940083
    39 1.595200 0.000000 -0.000003 0.000000 0.000000 0.756708
    40 1.772449 -0.000001 0.000003 0.000000 0.000000 1.255814
    41 2.963612 0.324628 1.962029 -2.408182 0.012915 -3.260935
    42 -5.226302 -0.279377 6.425844 2.938444 0.037120 3.451132
    43 22.311970 0.000002 -0.000001 0.000000 0.000000 -0.240194
    44 22.311964 0.000001 -0.000003 -0.124677 0.062179 0.467035
    45 5.131752 6.470463 0.000000 0.000000 0.000000 1.570796
    46 -5.023180 -0.271532 -6.425843 -3.042057 -0.286488 2.989461
    47 22.311968 -0.000001 0.000000 0.000000 0.000000 -0.197964
    48 22.311966 -0.000001 0.000004 0.307299 -0.231620 -0.037833
    49 5.131752 6.470465 0.000000 0.000000 0.000000 1.570796
    50 1.732516 13.268858 0.716686 3.141592 -1.570796 0.000000
    51 -0.224368 0.272606 -0.034539 -0.029266 -0.092941 0.791337
    52 -3.491084 -4.894612 -3.876375 0.008540 -1.177914 1.210354
    53 -3.733108 0.130848 -0.417931 -0.452388 -0.231491 -0.082074
    54 -4.374799 0.557257 -0.469394 -1.639220 -0.203100 -0.258295
    55 -4.153721 0.280721 0.534213 -0.244462 0.247536 -0.122732
    56 -4.737792 0.069893 0.662925 -0.017361 0.272406 -0.013732
    57 -4.965434 -0.067190 0.756173 0.039153 0.310291 0.048650
    58 -5.203153 -0.098731 0.922425 0.021836 0.339473 0.044190
    59 -5.896780 0.057558 1.095243 -0.000342 0.371024 -0.021659
    60 -5.390658 0.362569 1.231094 0.059232 0.495030 -0.171283
    61 -3.031422 0.432070 0.678082 0.486879 0.446805 -0.313275
    62 -3.833699 1.442111 0.562880 1.108134 0.218455 -0.659396
    63 -11.204095 -5.674611 9.498478 -1.116941 -1.424750 -0.272770
    64 -0.269144 -22.062255 -2.883622 0.091259 -0.012670 -0.034027
    65 -8.003747 -6.000107 -9.314304 1.582989 -1.375006 -2.926309
    66 1.291627 -15.514588 -3.241560 0.266129 0.000110 0.035727
    67 -12.521673 11.793077 -9.009841 1.428364 -1.376902 -2.928790
    68 0.785919 -24.943203 -6.367156 0.371503 -0.004990 0.055701
    69 -10.702515 8.802661 -6.746493 -1.525122 -1.256720 -0.181227
    70 -0.641311 -11.527769 1.210022 0.000000 0.000000 0.000000
    71 -0.227785 -19.832260 -4.903652 0.289431 -0.002108 0.043612
    72 -13.047045 10.771064 13.323422 -1.129221 -0.957515 -0.924874
    73 -0.991148 -23.090739 -3.102065 0.383765 -0.003385 -0.146953
    74 49.389515 35.067635 12.791993 -1.037544 0.423055 2.039819
    75 4.004553 6.047380 1.789419 -0.260261 0.121942 2.111929
end
