// Created by Crowbar 0.74
version 1
nodes
  0 "ValveBiped.Bip01" -1
  1 "ValveBiped.Bip01_Pelvis" 0
  2 "ValveBiped.Bip01_Spine" 1
  3 "ValveBiped.Bip01_Spine1" 2
  4 "ValveBiped.Bip01_Spine2" 3
  5 "ValveBiped.Bip01_Neck" 4
  6 "ValveBiped.Bip01_Neck1" 5
  7 "ValveBiped.Bip01_L_Clavicle" 5
  8 "ValveBiped.Bip01_L_UpperArm" 7
  9 "ValveBiped.Bip01_L_Forearm" 8
  10 "ValveBiped.Bip01_L_Hand" 9
  11 "ValveBiped.Bip01_L_Finger0" 10
  12 "ValveBiped.Bip01_L_Finger01" 11
  13 "ValveBiped.Bip01_L_Finger02" 12
  14 "ValveBiped.Bip01_L_Finger1" 10
  15 "ValveBiped.Bip01_L_Finger11" 14
  16 "ValveBiped.Bip01_L_Finger12" 15
  17 "ValveBiped.Bip01_L_Finger2" 10
  18 "ValveBiped.Bip01_L_Finger21" 17
  19 "ValveBiped.Bip01_L_Finger22" 18
  20 "ValveBiped.Bip01_L_Finger3" 10
  21 "ValveBiped.Bip01_L_Finger31" 20
  22 "ValveBiped.Bip01_L_Finger32" 21
  23 "LSleeve" 8
  24 "ValveBiped.Bip01_R_Clavicle" 5
  25 "ValveBiped.Bip01_R_UpperArm" 24
  26 "ValveBiped.Bip01_R_Forearm" 25
  27 "ValveBiped.Bip01_R_Hand" 26
  28 "ValveBiped.Bip01_R_Finger0" 27
  29 "ValveBiped.Bip01_R_Finger01" 28
  30 "ValveBiped.Bip01_R_Finger02" 29
  31 "ValveBiped.Bip01_R_Finger1" 27
  32 "ValveBiped.Bip01_R_Finger11" 31
  33 "ValveBiped.Bip01_R_Finger12" 32
  34 "ValveBiped.Bip01_R_Finger2" 27
  35 "ValveBiped.Bip01_R_Finger21" 34
  36 "ValveBiped.Bip01_R_Finger22" 35
  37 "ValveBiped.Bip01_R_Finger3" 27
  38 "ValveBiped.Bip01_R_Finger31" 37
  39 "ValveBiped.Bip01_R_Finger32" 38
  40 "muzzle" 27
  41 "RSleave" 25
  42 "ValveBiped.Bip01_L_Thigh" 2
  43 "ValveBiped.Bip01_L_Calf" 42
  44 "ValveBiped.Bip01_L_Foot" 43
  45 "ValveBiped.Bip01_L_Toe0" 44
  46 "ValveBiped.Bip01_R_Thigh" 2
  47 "ValveBiped.Bip01_R_Calf" 46
  48 "ValveBiped.Bip01_R_Foot" 47
  49 "ValveBiped.Bip01_R_Toe0" 48
  50 "LBack_Flapa" 1
  51 "LBack_Flapb" 50
  52 "RBack_Flapa" 1
  53 "RBack_Flapb" 52
  54 "RFront_Flapa" 1
  55 "RFront_Flapb" 54
  56 "Flap3a_Helper" 1
  57 "Flap3b_Helper" 56
  58 "Flap3c_Helper" 57
  59 "LFront_Flapa" 1
  60 "LFront_Flapb" 59
  61 "Bip01" -1
  62 "Bip01 Pelvis" 61
  63 "Bip01 Spine" 62
  64 "Bip01 Spine1" 63
  65 "Bip01 Spine2" 64
  66 "Bip01 Neck" 65
  67 "Bip01 R Clavicle" 66
  68 "Bip01 R UpperArm" 67
  69 "Bip01 R Forearm" 68
  70 "Bip01 R Hand" 69
  71 "Object08" 70
  72 "ValveBiped.Bip01_Head" 6
end
skeleton
  time 0
    0 0.515880 5.334832 48.435958 0.024532 -0.180704 -2.361105
    1 0.623699 0.000000 0.000003 0.000000 -1.570460 -1.570704
    2 5.131858 -0.003107 0.000009 -0.000004 -0.000001 0.034787
    3 3.906668 -0.003288 0.000000 0.000000 0.000000 0.059025
    4 4.137684 -0.008414 -0.000663 0.077587 -0.013207 0.167639
    5 10.751468 -0.002664 0.000000 0.000000 0.000000 0.030000
    6 3.346881 -0.002666 0.000000 0.000000 0.000000 0.030000
    7 -3.078379 -1.591918 2.889395 0.685906 -1.066135 2.489205
    8 6.038856 0.000000 -0.000001 0.433207 0.652009 -0.726353
    9 17.594566 -0.000004 0.000002 0.000000 0.000000 -0.259701
    10 17.982992 0.000000 -0.000006 -1.684411 -0.202704 -0.011358
    11 2.813692 0.799020 -0.493428 2.411840 0.529196 1.109475
    12 2.065373 0.000001 -0.000001 0.000000 0.000000 0.649361
    13 2.094713 -0.000003 -0.000001 0.000000 0.000000 1.092984
    14 7.522001 -0.014966 -1.158110 -0.027860 -0.069746 0.911619
    15 3.200830 0.000001 0.000003 0.000000 0.000000 1.665586
    16 2.731238 0.000000 -0.000001 0.000000 0.000000 1.605716
    17 7.599252 -0.144514 0.591978 -0.045774 -0.060676 0.993546
    18 3.840996 -0.000001 0.000000 0.000000 0.000000 1.756866
    19 3.277485 0.000001 -0.000001 0.000000 0.000000 1.937328
    20 7.447638 -0.525788 2.367265 -0.140593 -0.120304 1.040144
    21 1.595202 -0.000001 -0.000001 0.000000 0.000000 0.255799
    22 1.772448 -0.000002 0.000002 0.000000 0.000000 1.067978
    23 2.053078 1.133877 -2.827966 -0.588950 -0.379171 3.344775
    24 -3.078383 -1.591902 -2.889401 0.017994 1.370765 3.128431
    25 6.038852 0.000004 -0.000008 -0.617253 -0.719577 -0.414749
    26 17.594563 0.000003 -0.000002 0.000000 0.000000 -0.379008
    27 17.982986 -0.000004 0.000005 2.570877 0.311402 -0.504777
    28 2.813690 0.799022 0.493427 -2.853948 0.431148 1.731425
    29 2.065372 -0.000003 0.000001 0.000000 0.000000 0.912325
    30 2.094710 -0.000001 -0.000001 0.000000 0.000000 0.685125
    31 7.521998 -0.014968 1.158108 -0.175699 -0.043345 1.404057
    32 3.200824 0.000000 0.000003 0.000000 0.000000 1.350746
    33 2.731232 0.000000 -0.000003 0.000000 0.000000 0.924163
    34 7.599246 -0.144515 -0.591977 -0.160049 -0.087250 1.261686
    35 3.840997 0.000002 -0.000002 0.000000 0.000000 1.649531
    36 3.277479 0.000002 0.000001 0.000000 0.000000 1.255776
    37 7.447637 -0.525794 -2.367262 0.127913 0.133747 0.940063
    38 1.595204 0.000002 0.000001 0.000000 0.000000 0.756708
    39 1.772446 0.000000 0.000001 0.000000 0.000000 1.255814
    40 49.389511 35.067627 12.791978 -1.037544 0.423055 2.039819
    41 2.475312 0.465257 2.532361 -2.558621 0.195848 -3.108527
    42 -5.128644 0.181574 6.425846 2.982775 -0.127200 3.026774
    43 22.311974 -0.000001 0.000001 0.000000 0.000000 -0.389545
    44 22.311966 0.000001 0.000001 -0.138910 -0.104078 0.106605
    45 5.131754 6.470465 0.000002 0.000000 0.000000 1.570796
    46 -5.128649 0.181606 -6.425846 -3.012455 0.108598 3.020107
    47 22.311972 -0.000001 0.000001 0.000000 0.000000 -0.519038
    48 22.311968 0.000001 0.000000 0.186028 0.045839 0.242916
    49 5.131752 6.470467 0.000000 0.000000 0.000000 1.570796
    50 -18.161344 -8.534073 8.935962 -1.403768 -1.443818 -0.147685
    51 -0.280860 -13.472143 -3.813339 0.187422 -0.000086 -0.028347
    52 -17.429821 -9.355678 -9.915888 1.497122 -1.420332 -2.998350
    53 1.729139 -12.405115 -3.280624 0.260189 -0.007273 0.087560
    54 -20.385197 9.933641 -9.947371 1.497111 -1.420333 -2.998337
    55 2.051581 -16.235904 -2.249843 0.260208 -0.007255 0.087544
    56 -16.444878 11.611340 -5.859749 -1.346982 -1.521032 -0.153187
    57 3.979926 -9.269882 -0.567375 0.000000 0.000000 0.000000
    58 0.885534 -17.554847 2.545800 -0.157749 -0.002108 0.043612
    59 -19.957416 10.884345 9.522525 -1.403593 -1.443850 -0.147838
    60 -0.381754 -15.961615 -2.445794 0.187455 -0.000065 -0.028354
    61 2.828451 -0.071583 49.705528 0.000000 0.000000 -3.141591
    62 0.623697 0.000000 0.000000 -0.000086 -1.570451 -1.570709
    63 5.131855 -0.003106 0.000007 -0.000004 -0.000001 0.034787
    64 3.906619 -0.003290 0.000000 0.000000 0.000000 0.046513
    65 4.136856 -0.008541 0.000000 0.000000 0.000000 0.069769
    66 10.751477 -0.002665 0.000000 0.000000 0.000000 0.030000
    67 -3.078401 -1.591902 -2.889401 0.017994 1.370765 3.128431
    68 6.038855 0.000001 -0.000012 0.184657 -0.830690 -0.408307
    69 17.594568 -0.000002 0.000013 0.000000 0.000000 -0.210123
    70 17.982992 0.000000 -0.000002 2.379876 -0.004797 0.044742
    71 -1.921409 22.735390 2.453505 0.853607 0.775636 4.014187
    72 3.353216 0.000000 0.000000 0.438214 -0.046120 -0.239069
  time 1
    0 0.515880 5.299675 48.447677 0.024520 -0.177576 -2.361009
    1 0.623699 0.000000 0.000003 0.000000 -1.570460 -1.570704
    2 5.131858 -0.003107 0.000009 -0.000004 -0.000001 0.034787
    3 3.906668 -0.003288 0.000000 0.000000 -0.000312 0.056580
    4 4.137684 -0.008414 -0.000663 0.077682 -0.012692 0.160888
    5 10.751468 -0.002664 0.000000 0.000000 0.000000 0.032685
    6 3.346881 -0.002666 0.000000 0.000000 0.000000 0.030000
    7 -3.082286 -1.584105 2.889395 0.700392 -1.075692 2.469944
    8 6.038856 0.000000 -0.000001 0.430795 0.666347 -0.721696
    9 17.594566 -0.000004 0.000002 0.000000 0.000000 -0.266121
    10 17.982992 0.000000 -0.000006 -1.683496 -0.203247 -0.009413
    11 2.813692 0.799020 -0.493428 2.411840 0.529196 1.109475
    12 2.065373 0.000001 -0.000001 0.000000 0.000000 0.649361
    13 2.094713 -0.000003 -0.000001 0.000000 0.000000 1.092984
    14 7.522001 -0.014966 -1.158110 -0.027860 -0.069746 0.911619
    15 3.200830 0.000001 0.000003 0.000000 0.000000 1.665586
    16 2.731238 0.000000 -0.000001 0.000000 0.000000 1.605716
    17 7.599252 -0.144514 0.591978 -0.045774 -0.060676 0.993546
    18 3.840996 -0.000001 0.000000 0.000000 0.000000 1.756866
    19 3.277485 0.000001 -0.000001 0.000000 0.000000 1.937328
    20 7.447638 -0.525788 2.367265 -0.140593 -0.120304 1.040144
    21 1.595202 -0.000001 -0.000001 0.000000 0.000000 0.255799
    22 1.772448 -0.000002 0.000002 0.000000 0.000000 1.067978
    23 2.053078 1.133877 -2.827966 -0.588950 -0.379171 3.344775
    24 -3.078383 -1.584089 -2.889401 0.017994 1.370765 3.125801
    25 6.038852 0.000004 -0.000008 -0.629493 -0.722646 -0.409917
    26 17.594563 0.000003 -0.000002 0.000000 0.000000 -0.378975
    27 17.982986 -0.000004 0.000005 2.575861 0.312446 -0.503919
    28 2.813690 0.799022 0.493427 -2.853948 0.431148 1.731425
    29 2.065372 -0.000003 0.000001 0.000000 0.000000 0.912325
    30 2.094710 -0.000001 -0.000001 0.000000 0.000000 0.685125
    31 7.521998 -0.014968 1.158108 -0.175699 -0.043345 1.404057
    32 3.200824 0.000000 0.000003 0.000000 0.000000 1.350746
    33 2.731232 0.000000 -0.000003 0.000000 0.000000 0.924163
    34 7.599246 -0.144515 -0.591977 -0.160049 -0.087250 1.261686
    35 3.840997 0.000002 -0.000002 0.000000 0.000000 1.649531
    36 3.277479 0.000002 0.000001 0.000000 0.000000 1.255776
    37 7.447637 -0.525794 -2.367262 0.127901 0.133747 0.940063
    38 1.595204 0.000002 0.000001 0.000000 0.000000 0.756708
    39 1.772446 0.000000 0.000001 0.000000 0.000000 1.255814
    40 49.389511 35.067627 12.791978 -1.037544 0.423055 2.039819
    41 2.475312 0.465257 2.532361 -2.558621 0.195848 -3.108527
    42 -5.128644 0.181574 6.425846 2.982883 -0.126538 3.024262
    43 22.311974 -0.000001 0.000001 0.000000 0.000000 -0.389545
    44 22.311966 0.000001 0.000001 -0.139246 -0.103617 0.106838
    45 5.131754 6.470465 0.000002 0.000000 0.000000 1.570796
    46 -5.128649 0.181606 -6.425846 -3.012694 0.109059 3.018419
    47 22.311972 -0.000001 0.000001 0.000000 0.000000 -0.517393
    48 22.311968 0.000001 0.000000 0.186226 0.046537 0.242662
    49 5.131752 6.470467 0.000000 0.000000 0.000000 1.570796
    50 -18.161344 -8.534073 8.935962 -1.403768 -1.443818 -0.147610
    51 -0.280860 -13.468237 -3.813339 0.187422 -0.000086 -0.028347
    52 -17.429821 -9.355678 -9.915888 1.497122 -1.420332 -2.998350
    53 1.729139 -12.405115 -3.280624 0.260189 -0.007273 0.087560
    54 -20.381291 9.933641 -9.947371 1.497111 -1.420333 -2.998337
    55 2.051581 -16.235904 -2.249843 0.260208 -0.007255 0.087544
    56 -16.444878 11.611340 -5.855842 -1.346982 -1.521032 -0.153103
    57 3.979926 -9.269882 -0.563468 0.000000 0.000000 0.000000
    58 0.885534 -17.554847 2.545800 -0.157749 -0.002108 0.043612
    59 -19.957416 10.884345 9.522525 -1.403593 -1.443850 -0.147838
    60 -0.381754 -15.961615 -2.445794 0.187455 -0.000065 -0.028354
    61 2.828451 -0.071583 49.705528 0.000000 0.000000 -3.141591
    62 0.623697 0.000000 0.000000 -0.000086 -1.570451 -1.570709
    63 5.131855 -0.003106 0.000007 -0.000004 -0.000001 0.034787
    64 3.906619 -0.003290 0.000000 0.000000 0.000000 0.046513
    65 4.136856 -0.008541 0.000000 0.000000 0.000000 0.069769
    66 10.751477 -0.002665 0.000000 0.000000 0.000000 0.030000
    67 -3.078401 -1.591902 -2.889401 0.017994 1.370765 3.128431
    68 6.038855 0.000001 -0.000012 0.184657 -0.830690 -0.408307
    69 17.594568 -0.000002 0.000013 0.000000 0.000000 -0.210123
    70 17.982992 0.000000 -0.000002 2.379876 -0.004797 0.044742
    71 -1.952660 22.739297 2.383190 0.853607 0.771910 4.013037
    72 3.353216 0.000000 0.000000 0.438287 -0.044564 -0.234789
  time 2
    0 0.515880 5.260611 48.455490 0.024508 -0.174352 -2.360962
    1 0.623699 0.000000 0.000003 0.000000 -1.570460 -1.570704
    2 5.131858 -0.003107 0.000009 -0.000004 -0.000001 0.034787
    3 3.906668 -0.003288 0.000000 0.000000 -0.000623 0.054063
    4 4.137684 -0.008414 -0.000663 0.077750 -0.012140 0.153959
    5 10.751468 -0.002664 0.000000 0.000000 -0.000036 0.035813
    6 3.346881 -0.002666 0.000000 0.000000 0.000000 0.030000
    7 -3.082286 -1.580198 2.889395 0.716022 -1.085374 2.449246
    8 6.038856 0.000000 -0.000001 0.428197 0.681317 -0.717397
    9 17.594566 -0.000004 0.000002 0.000000 0.000000 -0.271931
    10 17.982992 0.000000 -0.000006 -1.682548 -0.203682 -0.007911
    11 2.813692 0.799020 -0.493428 2.411840 0.529196 1.109475
    12 2.065373 0.000001 -0.000001 0.000000 0.000000 0.649361
    13 2.094713 -0.000003 -0.000001 0.000000 0.000000 1.092984
    14 7.522001 -0.014966 -1.158110 -0.027860 -0.069734 0.911619
    15 3.200830 0.000001 0.000003 0.000000 0.000000 1.665586
    16 2.731238 0.000000 -0.000001 0.000000 0.000000 1.605716
    17 7.599252 -0.144514 0.591978 -0.045786 -0.060676 0.993546
    18 3.840996 -0.000001 0.000000 0.000000 0.000000 1.756866
    19 3.277485 0.000001 -0.000001 0.000000 0.000000 1.937328
    20 7.447638 -0.525788 2.367265 -0.140593 -0.120304 1.040144
    21 1.595202 -0.000001 -0.000001 0.000000 0.000000 0.255799
    22 1.772448 -0.000002 0.000002 0.000000 0.000000 1.067978
    23 2.053078 1.133877 -2.827966 -0.588950 -0.379171 3.344775
    24 -3.086196 -1.576276 -2.889401 0.017994 1.370725 3.122670
    25 6.038852 0.000004 -0.000008 -0.641376 -0.725968 -0.404747
    26 17.594563 0.000003 -0.000002 0.000000 0.000000 -0.379041
    27 17.982986 -0.000004 0.000005 2.580274 0.312856 -0.503109
    28 2.813690 0.799022 0.493427 -2.853948 0.431148 1.731425
    29 2.065372 -0.000003 0.000001 0.000000 0.000000 0.912325
    30 2.094710 -0.000001 -0.000001 0.000000 0.000000 0.685149
    31 7.521998 -0.014968 1.158108 -0.175699 -0.043345 1.404057
    32 3.200824 0.000000 0.000003 0.000000 0.000000 1.350746
    33 2.731232 0.000000 -0.000003 0.000000 0.000000 0.924163
    34 7.599246 -0.144515 -0.591977 -0.160049 -0.087250 1.261686
    35 3.840997 0.000002 -0.000002 0.000000 0.000000 1.649531
    36 3.277479 0.000002 0.000001 0.000000 0.000000 1.255776
    37 7.447637 -0.525794 -2.367262 0.127901 0.133747 0.940063
    38 1.595204 0.000002 0.000001 0.000000 0.000000 0.756708
    39 1.772446 0.000000 0.000001 0.000000 0.000000 1.255814
    40 49.389511 35.067627 12.791978 -1.037544 0.423055 2.039819
    41 2.475312 0.465257 2.532361 -2.558621 0.195848 -3.108527
    42 -5.128644 0.181574 6.425846 2.982907 -0.125705 3.022518
    43 22.311974 -0.000001 0.000001 0.000000 0.000000 -0.388002
    44 22.311966 0.000001 0.000001 -0.139605 -0.103082 0.107384
    45 5.131754 6.470465 0.000002 0.000000 0.000000 1.570796
    46 -5.128649 0.181606 -6.425846 -3.012958 0.109508 3.016684
    47 22.311972 -0.000001 0.000001 0.000000 0.000000 -0.515682
    48 22.311968 0.000001 0.000000 0.186424 0.047263 0.242357
    49 5.131752 6.470467 0.000000 0.000000 0.000000 1.570796
    50 -18.161344 -8.530167 8.935962 -1.403768 -1.443818 -0.147610
    51 -0.280860 -13.472143 -3.813339 0.187422 -0.000086 -0.028347
    52 -17.429821 -9.355678 -9.915888 1.497122 -1.420332 -2.998350
    53 1.725232 -12.405115 -3.280624 0.260189 -0.007273 0.087560
    54 -20.381291 9.933641 -9.943464 1.497111 -1.420333 -2.998349
    55 2.051581 -16.235904 -2.249843 0.260208 -0.007267 0.087544
    56 -16.444878 11.611340 -5.855842 -1.346982 -1.521032 -0.153103
    57 3.976019 -9.269882 -0.563468 0.000000 0.000000 0.000000
    58 0.885534 -17.554847 2.545800 -0.157749 -0.002108 0.043612
    59 -19.957416 10.884345 9.522525 -1.403593 -1.443850 -0.147838
    60 -0.381754 -15.961615 -2.445794 0.187455 -0.000065 -0.028354
    61 2.828451 -0.071583 49.705528 0.000000 0.000000 -3.141591
    62 0.623697 0.000000 0.000000 -0.000086 -1.570451 -1.570709
    63 5.131855 -0.003106 0.000007 -0.000004 -0.000001 0.034787
    64 3.906619 -0.003290 0.000000 0.000000 0.000000 0.046513
    65 4.136856 -0.008541 0.000000 0.000000 0.000000 0.069769
    66 10.751477 -0.002665 0.000000 0.000000 0.000000 0.030000
    67 -3.078401 -1.591902 -2.889401 0.017994 1.370765 3.128431
    68 6.038855 0.000001 -0.000012 0.184657 -0.830690 -0.408307
    69 17.594568 -0.000002 0.000013 0.000000 0.000000 -0.210123
    70 17.982992 0.000000 -0.000002 2.379876 -0.004797 0.044742
    71 -1.980005 22.743203 2.312876 0.853607 0.768060 4.011695
    72 3.353216 0.000000 0.000000 0.438361 -0.042922 -0.230857
  time 3
    0 0.515880 5.217641 48.463303 0.024497 -0.171044 -2.360866
    1 0.623699 0.000000 0.000003 0.000000 -1.570460 -1.570704
    2 5.131858 -0.003107 0.000009 -0.000004 -0.000001 0.034787
    3 3.906668 -0.003288 0.000000 0.000000 -0.000959 0.051499
    4 4.137684 -0.008414 -0.000663 0.077845 -0.011589 0.146853
    5 10.751468 -0.002664 0.000000 0.000000 -0.000084 0.039276
    6 3.346881 -0.002666 0.000000 0.000000 0.000000 0.030000
    7 -3.086192 -1.568479 2.889395 0.732701 -1.095211 2.426919
    8 6.038856 0.000000 -0.000001 0.425507 0.696816 -0.713366
    9 17.594566 -0.000004 0.000002 0.000000 0.000000 -0.277226
    10 17.982992 0.000000 -0.000006 -1.681565 -0.204008 -0.006828
    11 2.813692 0.799020 -0.493428 2.411840 0.529196 1.109475
    12 2.065373 0.000001 -0.000001 0.000000 0.000000 0.649361
    13 2.094713 -0.000003 -0.000001 0.000000 0.000000 1.092984
    14 7.522001 -0.014966 -1.158110 -0.027860 -0.069746 0.911619
    15 3.200830 0.000001 0.000003 0.000000 0.000000 1.665586
    16 2.731238 0.000000 -0.000001 0.000000 0.000000 1.605716
    17 7.599252 -0.144514 0.591978 -0.045774 -0.060676 0.993546
    18 3.840996 -0.000001 0.000000 0.000000 0.000000 1.756866
    19 3.277485 0.000001 -0.000001 0.000000 0.000000 1.937328
    20 7.447638 -0.525788 2.367265 -0.140593 -0.120304 1.040144
    21 1.595202 -0.000001 -0.000001 0.000000 0.000000 0.255799
    22 1.772448 -0.000002 0.000002 0.000000 0.000000 1.067978
    23 2.053078 1.133877 -2.827966 -0.588950 -0.379171 3.344775
    24 -3.086196 -1.564557 -2.889401 0.017994 1.370706 3.119246
    25 6.038852 0.000004 -0.000008 -0.652960 -0.729448 -0.399280
    26 17.594563 0.000003 -0.000002 0.000000 0.000000 -0.379173
    27 17.982986 -0.000004 0.000005 2.584288 0.312744 -0.502395
    28 2.813690 0.799022 0.493427 -2.853948 0.431148 1.731425
    29 2.065372 -0.000003 0.000001 0.000000 0.000000 0.912325
    30 2.094710 -0.000001 -0.000001 0.000000 0.000000 0.685125
    31 7.521998 -0.014968 1.158108 -0.175699 -0.043345 1.404057
    32 3.200824 0.000000 0.000003 0.000000 0.000000 1.350746
    33 2.731232 0.000000 -0.000003 0.000000 0.000000 0.924163
    34 7.599246 -0.144515 -0.591977 -0.160049 -0.087250 1.261686
    35 3.840997 0.000002 -0.000002 0.000000 0.000000 1.649531
    36 3.277479 0.000002 0.000001 0.000000 0.000000 1.255776
    37 7.447637 -0.525794 -2.367262 0.127913 0.133747 0.940063
    38 1.595204 0.000002 0.000001 0.000000 0.000000 0.756708
    39 1.772446 0.000000 0.000001 0.000000 0.000000 1.255814
    40 49.389511 35.067627 12.791978 -1.037544 0.423055 2.039819
    41 2.475312 0.465257 2.532361 -2.558621 0.195848 -3.108527
    42 -5.128644 0.181574 6.425846 2.982967 -0.124948 3.020297
    43 22.311974 -0.000001 0.000001 0.000000 0.000000 -0.387140
    44 22.311966 0.000001 0.000001 -0.139965 -0.102603 0.107800
    45 5.131754 6.470465 0.000002 0.000000 0.000000 1.570796
    46 -5.128649 0.181606 -6.425846 -3.013198 0.109969 3.014902
    47 22.311972 -0.000001 0.000001 0.000000 0.000000 -0.513972
    48 22.311968 0.000001 0.000000 0.186666 0.048017 0.242053
    49 5.131752 6.470467 0.000000 0.000000 0.000000 1.570796
    50 -18.161344 -8.534073 8.935962 -1.403768 -1.443818 -0.147685
    51 -0.280860 -13.468237 -3.813339 0.187422 -0.000086 -0.028347
    52 -17.429821 -9.355678 -9.915888 1.497122 -1.420332 -2.998350
    53 1.729139 -12.405115 -3.280624 0.260189 -0.007273 0.087560
    54 -20.381291 9.933641 -9.947371 1.497111 -1.420333 -2.998337
    55 2.051581 -16.235904 -2.249843 0.260208 -0.007255 0.087544
    56 -16.444878 11.611340 -5.859749 -1.346982 -1.521032 -0.153187
    57 3.976019 -9.269882 -0.567375 0.000000 0.000000 0.000000
    58 0.885534 -17.554847 2.545800 -0.157749 -0.002108 0.043612
    59 -19.957416 10.884345 9.518618 -1.403593 -1.443850 -0.147838
    60 -0.381754 -15.961615 -2.445794 0.187455 -0.000065 -0.028354
    61 2.828451 -0.071583 49.705528 0.000000 0.000000 -3.141591
    62 0.623697 0.000000 0.000000 -0.000086 -1.570451 -1.570709
    63 5.131855 -0.003106 0.000007 -0.000004 -0.000001 0.034787
    64 3.906619 -0.003290 0.000000 0.000000 0.000000 0.046513
    65 4.136856 -0.008541 0.000000 0.000000 0.000000 0.069769
    66 10.751477 -0.002665 0.000000 0.000000 0.000000 0.030000
    67 -3.078401 -1.591902 -2.889401 0.017994 1.370765 3.128431
    68 6.038855 0.000001 -0.000012 0.184657 -0.830690 -0.408307
    69 17.594568 -0.000002 0.000013 0.000000 0.000000 -0.210123
    70 17.982992 0.000000 -0.000002 2.379876 -0.004797 0.044742
    71 -2.011256 22.747109 2.238655 0.853690 0.764045 4.010258
    72 3.349310 0.000000 0.000000 0.438434 -0.041178 -0.227144
  time 4
    0 0.515880 5.174671 48.475022 0.024485 -0.167676 -2.360770
    1 0.623699 0.000000 0.000003 0.000000 -1.570460 -1.570704
    2 5.131858 -0.003107 0.000009 -0.000004 -0.000001 0.034787
    3 3.906668 -0.003288 0.000000 0.000037 -0.001282 0.048874
    4 4.137684 -0.008414 -0.000663 0.077927 -0.011038 0.139602
    5 10.751468 -0.002664 0.000000 0.000000 -0.000144 0.043015
    6 3.346881 -0.002666 0.000000 0.000000 0.000000 0.030000
    7 -3.094005 -1.556760 2.889395 0.750428 -1.105049 2.403346
    8 6.038856 0.000000 -0.000001 0.422631 0.712764 -0.709784
    9 17.594566 -0.000004 0.000002 0.000000 0.000000 -0.282053
    10 17.982992 0.000000 -0.000006 -1.680582 -0.204269 -0.006099
    11 2.813692 0.799020 -0.493428 2.411840 0.529196 1.109475
    12 2.065373 0.000001 -0.000001 0.000000 0.000000 0.649361
    13 2.094713 -0.000003 -0.000001 0.000000 0.000000 1.092984
    14 7.522001 -0.014966 -1.158110 -0.027860 -0.069746 0.911619
    15 3.200830 0.000001 0.000003 0.000000 0.000000 1.665586
    16 2.731238 0.000000 -0.000001 0.000000 0.000000 1.605716
    17 7.599252 -0.144514 0.591978 -0.045774 -0.060676 0.993546
    18 3.840996 -0.000001 0.000000 0.000000 0.000000 1.756866
    19 3.277485 0.000001 -0.000001 0.000000 0.000000 1.937328
    20 7.447638 -0.525788 2.367265 -0.140593 -0.120304 1.040144
    21 1.595202 -0.000001 -0.000001 0.000000 0.000000 0.255811
    22 1.772448 -0.000002 0.000002 0.000000 0.000000 1.067978
    23 2.053078 1.133877 -2.827966 -0.588950 -0.379171 3.344775
    24 -3.094009 -1.556744 -2.889401 0.017994 1.370627 3.115531
    25 6.038852 0.000004 -0.000008 -0.664484 -0.733023 -0.393516
    26 17.594563 0.000003 -0.000002 0.000000 0.000000 -0.379404
    27 17.982986 -0.000004 0.000005 2.587959 0.312260 -0.501680
    28 2.813690 0.799022 0.493427 -2.853948 0.431148 1.731425
    29 2.065372 -0.000003 0.000001 0.000000 0.000000 0.912325
    30 2.094710 -0.000001 -0.000001 0.000000 0.000000 0.685149
    31 7.521998 -0.014968 1.158108 -0.175699 -0.043345 1.404057
    32 3.200824 0.000000 0.000003 0.000000 0.000000 1.350746
    33 2.731232 0.000000 -0.000003 0.000000 0.000000 0.924163
    34 7.599246 -0.144515 -0.591977 -0.160049 -0.087250 1.261686
    35 3.840997 0.000002 -0.000002 0.000000 0.000000 1.649531
    36 3.277479 0.000002 0.000001 0.000000 0.000000 1.255776
    37 7.447637 -0.525794 -2.367262 0.127913 0.133747 0.940063
    38 1.595204 0.000002 0.000001 0.000000 0.000000 0.756708
    39 1.772446 0.000000 0.000001 0.000000 0.000000 1.255814
    40 49.389511 35.067627 12.791978 -1.037544 0.423055 2.039819
    41 2.475312 0.465257 2.532361 -2.558621 0.195848 -3.108527
    42 -5.128644 0.181574 6.425846 2.983038 -0.124192 3.018051
    43 22.311974 -0.000001 0.000001 0.000000 0.000000 -0.386243
    44 22.311966 0.000001 0.000001 -0.140325 -0.102105 0.107800
    45 5.131754 6.470465 0.000002 0.000000 0.000000 1.570796
    46 -5.128649 0.181606 -6.425846 -3.013461 0.110418 3.013073
    47 22.311972 -0.000001 0.000001 0.000000 0.000000 -0.512096
    48 22.311968 0.000001 0.000000 0.186908 0.048743 0.241722
    49 5.131752 6.470467 0.000000 0.000000 0.000000 1.570796
    50 -18.165250 -8.534073 8.935962 -1.403768 -1.443818 -0.147685
    51 -0.280860 -13.472143 -3.813339 0.187422 -0.000086 -0.028347
    52 -17.429821 -9.359584 -9.915888 1.497122 -1.420332 -2.998350
    53 1.729139 -12.405115 -3.280624 0.260189 -0.007273 0.087560
    54 -20.385197 9.933641 -9.943464 1.497111 -1.420333 -2.998337
    55 2.051581 -16.235904 -2.249843 0.260208 -0.007255 0.087544
    56 -16.448785 11.611340 -5.855842 -1.346982 -1.521032 -0.153187
    57 3.976019 -9.269882 -0.567375 0.000000 0.000000 0.000000
    58 0.885534 -17.554847 2.545800 -0.157749 -0.002108 0.043612
    59 -19.961323 10.884345 9.518618 -1.403593 -1.443850 -0.147838
    60 -0.381754 -15.961615 -2.445794 0.187455 -0.000065 -0.028354
    61 2.828451 -0.071583 49.705528 0.000000 0.000000 -3.141591
    62 0.623697 0.000000 0.000000 -0.000086 -1.570451 -1.570709
    63 5.131855 -0.003106 0.000007 -0.000004 -0.000001 0.034787
    64 3.906619 -0.003290 0.000000 0.000000 0.000000 0.046513
    65 4.136856 -0.008541 0.000000 0.000000 0.000000 0.069769
    66 10.751477 -0.002665 0.000000 0.000000 0.000000 0.030000
    67 -3.078401 -1.591902 -2.889401 0.017994 1.370765 3.128431
    68 6.038855 0.000001 -0.000012 0.184657 -0.830690 -0.408307
    69 17.594568 -0.000002 0.000013 0.000000 0.000000 -0.210123
    70 17.982992 0.000000 -0.000002 2.379876 -0.004797 0.044742
    71 -2.038600 22.754922 2.160527 0.853939 0.759905 4.008820
    72 3.349310 0.000000 0.000000 0.438484 -0.039377 -0.223585
  time 5
    0 0.515880 5.135607 48.486741 0.024473 -0.164273 -2.360674
    1 0.623699 0.000000 0.000003 0.000000 -1.570460 -1.570704
    2 5.131858 -0.003107 0.000009 -0.000004 -0.000001 0.034787
    3 3.906668 -0.003288 0.000000 0.000037 -0.001642 0.046213
    4 4.137684 -0.008414 -0.000663 0.077995 -0.010463 0.132238
    5 10.751468 -0.002664 0.000000 0.000012 -0.000204 0.046934
    6 3.346881 -0.002666 0.000000 0.000000 0.000000 0.030000
    7 -3.101818 -1.545041 2.889395 0.769203 -1.114856 2.378431
    8 6.038856 0.000000 -0.000001 0.419662 0.729037 -0.706470
    9 17.594566 -0.000004 0.000002 0.000000 0.000000 -0.286224
    10 17.982992 0.000000 -0.000006 -1.679600 -0.204465 -0.005723
    11 2.813692 0.799020 -0.493428 2.411861 0.529196 1.109475
    12 2.065373 0.000001 -0.000001 0.000000 0.000000 0.649361
    13 2.094713 -0.000003 -0.000001 0.000000 0.000000 1.092984
    14 7.522001 -0.014966 -1.158110 -0.027860 -0.069746 0.911619
    15 3.200830 0.000001 0.000003 0.000000 0.000000 1.665586
    16 2.731238 0.000000 -0.000001 0.000000 0.000000 1.605716
    17 7.599252 -0.144514 0.591978 -0.045774 -0.060676 0.993546
    18 3.840996 -0.000001 0.000000 0.000000 0.000000 1.756866
    19 3.277485 0.000001 -0.000001 0.000000 0.000000 1.937328
    20 7.447638 -0.525788 2.367265 -0.140593 -0.120304 1.040144
    21 1.595202 -0.000001 -0.000001 0.000000 0.000000 0.255799
    22 1.772448 -0.000002 0.000002 0.000000 0.000000 1.067978
    23 2.053078 1.133877 -2.827966 -0.588950 -0.379171 3.344775
    24 -3.097915 -1.545025 -2.889401 0.018085 1.370567 3.111606
    25 6.038852 0.000004 -0.000008 -0.676008 -0.736630 -0.387456
    26 17.594563 0.000003 -0.000002 0.000000 0.000000 -0.379701
    27 17.982986 -0.000004 0.000005 2.591478 0.311514 -0.501013
    28 2.813690 0.799022 0.493427 -2.853948 0.431148 1.731425
    29 2.065372 -0.000003 0.000001 0.000000 0.000000 0.912325
    30 2.094710 -0.000001 -0.000001 0.000000 0.000000 0.685125
    31 7.521998 -0.014968 1.158108 -0.175699 -0.043345 1.404057
    32 3.200824 0.000000 0.000003 0.000000 0.000000 1.350746
    33 2.731232 0.000000 -0.000003 0.000000 0.000000 0.924163
    34 7.599246 -0.144515 -0.591977 -0.160049 -0.087250 1.261686
    35 3.840997 0.000002 -0.000002 0.000000 0.000000 1.649531
    36 3.277479 0.000002 0.000001 0.000000 0.000000 1.255776
    37 7.447637 -0.525794 -2.367262 0.127913 0.133747 0.940063
    38 1.595204 0.000002 0.000001 0.000000 0.000000 0.756708
    39 1.772446 0.000000 0.000001 0.000000 0.000000 1.255814
    40 49.389511 35.067627 12.791978 -1.037544 0.423055 2.039819
    41 2.475312 0.465257 2.532361 -2.558621 0.195848 -3.108527
    42 -5.128644 0.181574 6.425846 2.983110 -0.123416 3.015791
    43 22.311974 -0.000001 0.000001 0.000000 0.000000 -0.385310
    44 22.311966 0.000001 0.000001 -0.140709 -0.101589 0.108164
    45 5.131754 6.470465 0.000002 0.000000 0.000000 1.570796
    46 -5.128649 0.181606 -6.425846 -3.013725 0.110892 3.011244
    47 22.311972 -0.000001 0.000001 0.000000 0.000000 -0.510254
    48 22.311968 0.000001 0.000000 0.187150 0.049510 0.241354
    49 5.131752 6.470467 0.000000 0.000000 0.000000 1.570796
    50 -18.161344 -8.534073 8.935962 -1.403768 -1.443818 -0.147685
    51 -0.280860 -13.472143 -3.813339 0.187422 -0.000086 -0.028347
    52 -17.429821 -9.355678 -9.915888 1.497122 -1.420332 -2.998350
    53 1.729139 -12.405115 -3.280624 0.260189 -0.007273 0.087560
    54 -20.381291 9.933641 -9.943464 1.497111 -1.420333 -2.998337
    55 2.051581 -16.235904 -2.249843 0.260208 -0.007255 0.087544
    56 -16.444878 11.611340 -5.855842 -1.346982 -1.521032 -0.153187
    57 3.976019 -9.269882 -0.567375 0.000000 0.000000 0.000000
    58 0.885534 -17.554847 2.545800 -0.157749 -0.002108 0.043612
    59 -19.957416 10.884345 9.518618 -1.403593 -1.443850 -0.147838
    60 -0.381754 -15.961615 -2.445794 0.187455 -0.000065 -0.028354
    61 2.828451 -0.071583 49.705528 0.000000 0.000000 -3.141591
    62 0.623697 0.000000 0.000000 -0.000086 -1.570451 -1.570709
    63 5.131855 -0.003106 0.000007 -0.000004 -0.000001 0.034787
    64 3.906619 -0.003290 0.000000 0.000000 0.000000 0.046513
    65 4.136856 -0.008541 0.000000 0.000000 0.000000 0.069769
    66 10.751477 -0.002665 0.000000 0.000000 0.000000 0.030000
    67 -3.078401 -1.591902 -2.889401 0.017994 1.370765 3.128431
    68 6.038855 0.000001 -0.000012 0.184657 -0.830690 -0.408307
    69 17.594568 -0.000002 0.000013 0.000000 0.000000 -0.210123
    70 17.982992 0.000000 -0.000002 2.379876 -0.004797 0.044742
    71 -2.069851 22.758828 2.086306 0.854022 0.755724 4.007287
    72 3.353216 0.000000 0.000000 0.438582 -0.037533 -0.220112
  time 6
    0 0.515880 5.092637 48.498460 0.024461 -0.160785 -2.360626
    1 0.623699 0.000000 0.000003 0.000000 -1.570460 -1.570704
    2 5.131858 -0.003107 0.000009 -0.000004 -0.000001 0.034787
    3 3.906668 -0.003288 0.000000 0.000074 -0.001977 0.043517
    4 4.137684 -0.008414 -0.000663 0.078090 -0.009863 0.124760
    5 10.751468 -0.002664 0.000000 0.000012 -0.000276 0.050949
    6 3.346881 -0.002666 0.000000 0.000000 0.000000 0.030000
    7 -3.105724 -1.533322 2.889395 0.788836 -1.124475 2.352558
    8 6.038856 0.000000 -0.000001 0.416694 0.745576 -0.703604
    9 17.594566 -0.000004 0.000002 0.000000 0.000000 -0.289879
    10 17.982992 0.000000 -0.000006 -1.678651 -0.204617 -0.005612
    11 2.813692 0.799020 -0.493428 2.411840 0.529196 1.109475
    12 2.065373 0.000001 -0.000001 0.000000 0.000000 0.649361
    13 2.094713 -0.000003 -0.000001 0.000000 0.000000 1.092984
    14 7.522001 -0.014966 -1.158110 -0.027860 -0.069746 0.911619
    15 3.200830 0.000001 0.000003 0.000000 0.000000 1.665586
    16 2.731238 0.000000 -0.000001 0.000000 0.000000 1.605716
    17 7.599252 -0.144514 0.591978 -0.045786 -0.060676 0.993546
    18 3.840996 -0.000001 0.000000 0.000000 0.000000 1.756866
    19 3.277485 0.000001 -0.000001 0.000000 0.000000 1.937328
    20 7.447638 -0.525788 2.367265 -0.140593 -0.120304 1.040144
    21 1.595202 -0.000001 -0.000001 0.000000 0.000000 0.255799
    22 1.772448 -0.000002 0.000002 0.000000 0.000000 1.067978
    23 2.053078 1.133877 -2.824059 -0.588950 -0.379171 3.344775
    24 -3.105728 -1.533306 -2.889401 0.018085 1.370488 3.107640
    25 6.038852 0.000004 -0.000008 -0.687592 -0.740205 -0.381183
    26 17.594563 0.000003 -0.000002 0.000000 0.000000 -0.380031
    27 17.982986 -0.000004 0.000005 2.594921 0.310731 -0.500346
    28 2.813690 0.799022 0.493427 -2.853948 0.431148 1.731425
    29 2.065372 -0.000003 0.000001 0.000000 0.000000 0.912325
    30 2.094710 -0.000001 -0.000001 0.000000 0.000000 0.685125
    31 7.521998 -0.014968 1.158108 -0.175699 -0.043345 1.404057
    32 3.200824 0.000000 0.000003 0.000000 0.000000 1.350746
    33 2.731232 0.000000 -0.000003 0.000000 0.000000 0.924163
    34 7.599246 -0.144515 -0.591977 -0.160049 -0.087250 1.261686
    35 3.840997 0.000002 -0.000002 0.000000 0.000000 1.649531
    36 3.277479 0.000002 0.000001 0.000000 0.000000 1.255776
    37 7.447637 -0.525794 -2.367262 0.127901 0.133747 0.940063
    38 1.595204 0.000002 0.000001 0.000000 0.000000 0.756708
    39 1.772446 0.000000 0.000001 0.000000 0.000000 1.255814
    40 49.389511 35.067627 12.791978 -1.037544 0.423055 2.039819
    41 2.475312 0.461350 2.532361 -2.558621 0.195848 -3.108527
    42 -5.128644 0.181574 6.425846 2.983182 -0.122602 3.013504
    43 22.311974 -0.000001 0.000001 0.000000 0.000000 -0.384342
    44 22.311966 0.000001 0.000001 -0.141069 -0.101036 0.108840
    45 5.131754 6.470465 0.000002 0.000000 0.000000 1.570796
    46 -5.128649 0.181606 -6.425846 -3.013977 0.111366 3.009392
    47 22.311972 -0.000001 0.000001 0.000000 0.000000 -0.508346
    48 22.311968 0.000001 0.000000 0.187415 0.050277 0.240986
    49 5.131752 6.470467 0.000000 0.000000 0.000000 1.570796
    50 -18.161344 -8.534073 8.935962 -1.403768 -1.443818 -0.147685
    51 -0.280860 -13.472143 -3.813339 0.187422 -0.000086 -0.028347
    52 -17.429821 -9.355678 -9.915888 1.497122 -1.420332 -2.998350
    53 1.729139 -12.405115 -3.280624 0.260189 -0.007273 0.087560
    54 -20.381291 9.933641 -9.943464 1.497111 -1.420333 -2.998337
    55 2.051581 -16.239810 -2.249843 0.260208 -0.007255 0.087544
    56 -16.444878 11.611340 -5.859749 -1.346982 -1.521032 -0.153187
    57 3.979926 -9.269882 -0.567375 0.000000 0.000000 0.000000
    58 0.885534 -17.554847 2.545800 -0.157749 -0.002108 0.043612
    59 -19.957416 10.884345 9.518618 -1.403593 -1.443850 -0.147838
    60 -0.381754 -15.961615 -2.445794 0.187455 -0.000065 -0.028354
    61 2.828451 -0.071583 49.705528 0.000000 0.000000 -3.141591
    62 0.623697 0.000000 0.000000 -0.000086 -1.570451 -1.570709
    63 5.131855 -0.003106 0.000007 -0.000004 -0.000001 0.034787
    64 3.906619 -0.003290 0.000000 0.000000 0.000000 0.046513
    65 4.136856 -0.008541 0.000000 0.000000 0.000000 0.069769
    66 10.751477 -0.002665 0.000000 0.000000 0.000000 0.030000
    67 -3.078401 -1.591902 -2.889401 0.017994 1.370765 3.128431
    68 6.038855 0.000001 -0.000012 0.184657 -0.830690 -0.408307
    69 17.594568 -0.000002 0.000013 0.000000 0.000000 -0.210123
    70 17.982992 0.000000 -0.000002 2.379876 -0.004797 0.044742
    71 -2.101102 22.762735 2.012085 0.854187 0.751584 4.005754
    72 3.353216 0.000000 0.000000 0.438631 -0.035645 -0.216617
  time 7
    0 0.515880 5.057480 48.510179 0.024449 -0.157298 -2.360530
    1 0.623699 0.000000 0.000003 0.000000 -1.570460 -1.570704
    2 5.131858 -0.003107 0.000009 -0.000004 -0.000001 0.034787
    3 3.906668 -0.003288 0.000000 0.000074 -0.002337 0.040772
    4 4.137684 -0.008414 -0.000663 0.078158 -0.009264 0.117202
    5 10.751468 -0.002664 0.000000 0.000000 -0.000348 0.055000
    6 3.346881 -0.002666 0.000000 0.000000 0.000000 0.030000
    7 -3.109630 -1.521603 2.889395 0.809422 -1.133907 2.325918
    8 6.038856 0.000000 -0.000001 0.413632 0.762256 -0.701006
    9 17.594566 -0.000004 0.000002 0.000000 0.000000 -0.293159
    10 17.982992 0.000000 -0.000006 -1.677702 -0.204770 -0.005723
    11 2.813692 0.799020 -0.493428 2.411840 0.529196 1.109475
    12 2.065373 0.000001 -0.000001 0.000000 0.000000 0.649361
    13 2.094713 -0.000003 -0.000001 0.000000 0.000000 1.092984
    14 7.522001 -0.014966 -1.158110 -0.027860 -0.069746 0.911619
    15 3.200830 0.000001 0.000003 0.000000 0.000000 1.665586
    16 2.731238 0.000000 -0.000001 0.000000 0.000000 1.605716
    17 7.599252 -0.144514 0.591978 -0.045774 -0.060688 0.993546
    18 3.840996 -0.000001 0.000000 0.000000 0.000000 1.756866
    19 3.277485 0.000001 -0.000001 0.000000 0.000000 1.937328
    20 7.447638 -0.525788 2.367265 -0.140593 -0.120304 1.040144
    21 1.595202 -0.000001 -0.000001 0.000000 0.000000 0.255799
    22 1.772448 -0.000002 0.000002 0.000000 0.000000 1.067978
    23 2.053078 1.133877 -2.827966 -0.588950 -0.379171 3.344775
    24 -3.113541 -1.521587 -2.889401 0.018130 1.370429 3.103674
    25 6.038852 0.000004 -0.000008 -0.699354 -0.743780 -0.374826
    26 17.594563 0.000003 -0.000002 0.000000 0.000000 -0.380394
    27 17.982986 -0.000004 0.000005 2.598421 0.309986 -0.499679
    28 2.813690 0.799022 0.493427 -2.853948 0.431148 1.731425
    29 2.065372 -0.000003 0.000001 0.000000 0.000000 0.912325
    30 2.094710 -0.000001 -0.000001 0.000000 0.000000 0.685149
    31 7.521998 -0.014968 1.158108 -0.175699 -0.043345 1.404057
    32 3.200824 0.000000 0.000003 0.000000 0.000000 1.350746
    33 2.731232 0.000000 -0.000003 0.000000 0.000000 0.924163
    34 7.599246 -0.144515 -0.591977 -0.160049 -0.087250 1.261686
    35 3.840997 0.000002 -0.000002 0.000000 0.000000 1.649531
    36 3.277479 0.000002 0.000001 0.000000 0.000000 1.255776
    37 7.447637 -0.525794 -2.367262 0.127913 0.133747 0.940063
    38 1.595204 0.000002 0.000001 0.000000 0.000000 0.756708
    39 1.772446 0.000000 0.000001 0.000000 0.000000 1.255814
    40 49.389511 35.067627 12.791978 -1.037544 0.423055 2.039819
    41 2.475312 0.465257 2.532361 -2.558621 0.195848 -3.108527
    42 -5.128644 0.181574 6.425846 2.983266 -0.121808 3.011204
    43 22.311974 -0.000001 0.000001 0.000000 0.000000 -0.383301
    44 22.311966 0.000001 0.000001 -0.141453 -0.100538 0.109125
    45 5.131754 6.470465 0.000002 0.000000 0.000000 1.570796
    46 -5.128649 0.181606 -6.425846 -3.014240 0.111827 3.007516
    47 22.311972 -0.000001 0.000001 0.000000 0.000000 -0.506339
    48 22.311968 0.000001 0.000000 0.187657 0.051044 0.240579
    49 5.131752 6.470467 0.000000 0.000000 0.000000 1.570796
    50 -18.161344 -8.534073 8.935962 -1.403768 -1.443818 -0.147685
    51 -0.280860 -13.468237 -3.813339 0.187422 -0.000086 -0.028347
    52 -17.429821 -9.355678 -9.915888 1.497122 -1.420332 -2.998338
    53 1.729139 -12.405115 -3.280624 0.260189 -0.007273 0.087560
    54 -20.381291 9.933641 -9.947371 1.497111 -1.420333 -2.998337
    55 2.051581 -16.235904 -2.249843 0.260208 -0.007255 0.087544
    56 -16.448785 11.611340 -5.859749 -1.346982 -1.521032 -0.153187
    57 3.979926 -9.269882 -0.567375 0.000000 0.000000 0.000000
    58 0.885534 -17.554847 2.545800 -0.157749 -0.002108 0.043612
    59 -19.957416 10.884345 9.518618 -1.403593 -1.443850 -0.147838
    60 -0.381754 -15.961615 -2.445794 0.187455 -0.000065 -0.028354
    61 2.828451 -0.071583 49.705528 0.000000 0.000000 -3.141591
    62 0.623697 0.000000 0.000000 -0.000086 -1.570451 -1.570709
    63 5.131855 -0.003106 0.000007 -0.000004 -0.000001 0.034787
    64 3.906619 -0.003290 0.000000 0.000000 0.000000 0.046513
    65 4.136856 -0.008541 0.000000 0.000000 0.000000 0.069769
    66 10.751477 -0.002665 0.000000 0.000000 0.000000 0.030000
    67 -3.078401 -1.591902 -2.889401 0.017994 1.370765 3.128431
    68 6.038855 0.000001 -0.000012 0.184657 -0.830690 -0.408307
    69 17.594568 -0.000002 0.000013 0.000000 0.000000 -0.210123
    70 17.982992 0.000000 -0.000002 2.379876 -0.004797 0.044742
    71 -2.128447 22.762735 1.933958 0.854436 0.747362 4.004316
    72 3.353216 0.000000 0.000000 0.438680 -0.033758 -0.213057
  time 8
    0 0.515880 5.014510 48.525805 0.024437 -0.153750 -2.360434
    1 0.623699 0.000000 0.000003 0.000000 -1.570460 -1.570704
    2 5.131858 -0.003107 0.000009 -0.000004 -0.000001 0.034787
    3 3.906668 -0.003288 0.000000 0.000092 -0.002697 0.038028
    4 4.137684 -0.008414 -0.000663 0.078226 -0.008689 0.109579
    5 10.751468 -0.002664 0.000000 0.000024 -0.000395 0.058967
    6 3.346881 -0.002666 0.000000 0.000000 0.000000 0.030000
    7 -3.117443 -1.505977 2.889395 0.830675 -1.143089 2.298416
    8 6.038856 0.000000 -0.000001 0.410571 0.778978 -0.698857
    9 17.594566 -0.000004 0.000002 0.000000 0.000000 -0.295924
    10 17.982992 0.000000 -0.000006 -1.676787 -0.204857 -0.006010
    11 2.813692 0.799020 -0.493428 2.411840 0.529196 1.109475
    12 2.065373 0.000001 -0.000001 0.000000 0.000000 0.649361
    13 2.094713 -0.000003 -0.000001 0.000000 0.000000 1.092984
    14 7.522001 -0.014966 -1.158110 -0.027860 -0.069746 0.911619
    15 3.200830 0.000001 0.000003 0.000000 0.000000 1.665586
    16 2.731238 0.000000 -0.000001 0.000000 0.000000 1.605716
    17 7.599252 -0.144514 0.591978 -0.045774 -0.060676 0.993546
    18 3.840996 -0.000001 0.000000 0.000000 0.000000 1.756866
    19 3.277485 0.000001 -0.000001 0.000000 0.000000 1.937328
    20 7.447638 -0.525788 2.367265 -0.140593 -0.120304 1.040144
    21 1.595202 -0.000001 -0.000001 0.000000 0.000000 0.255799
    22 1.772448 -0.000002 0.000002 0.000000 0.000000 1.067978
    23 2.053078 1.133877 -2.827966 -0.588950 -0.379171 3.344775
    24 -3.121353 -1.505962 -2.889401 0.018176 1.370350 3.099749
    25 6.038852 0.000004 -0.000008 -0.711476 -0.747292 -0.368342
    26 17.594563 0.000003 -0.000002 0.000000 0.000000 -0.380790
    27 17.982986 -0.000004 0.000005 2.602092 0.309427 -0.499012
    28 2.813690 0.799022 0.493427 -2.853948 0.431148 1.731425
    29 2.065372 -0.000003 0.000001 0.000000 0.000000 0.912325
    30 2.094710 -0.000001 -0.000001 0.000000 0.000000 0.685125
    31 7.521998 -0.014968 1.158108 -0.175699 -0.043345 1.404057
    32 3.200824 0.000000 0.000003 0.000000 0.000000 1.350746
    33 2.731232 0.000000 -0.000003 0.000000 0.000000 0.924163
    34 7.599246 -0.144515 -0.591977 -0.160049 -0.087250 1.261686
    35 3.840997 0.000002 -0.000002 0.000000 0.000000 1.649531
    36 3.277479 0.000002 0.000001 0.000000 0.000000 1.255776
    37 7.447637 -0.525794 -2.367262 0.127901 0.133747 0.940063
    38 1.595204 0.000002 0.000001 0.000000 0.000000 0.756708
    39 1.772446 0.000000 0.000001 0.000000 0.000000 1.255814
    40 49.389511 35.067627 12.791978 -1.037544 0.423055 2.039819
    41 2.475312 0.465257 2.532361 -2.558621 0.195848 -3.108527
    42 -5.128644 0.181574 6.425846 2.983350 -0.120975 3.008892
    43 22.311974 -0.000001 0.000001 0.000000 0.000000 -0.382188
    44 22.311966 0.000001 0.000001 -0.141837 -0.099985 0.109437
    45 5.131754 6.470465 0.000002 0.000000 0.000000 1.570796
    46 -5.128649 0.181606 -6.425846 -3.014516 0.112288 3.005710
    47 22.311972 -0.000001 0.000001 0.000000 0.000000 -0.504365
    48 22.311968 0.000001 0.000000 0.187921 0.051811 0.240160
    49 5.131752 6.470467 0.000000 0.000000 0.000000 1.570796
    50 -18.161344 -8.534073 8.935962 -1.403768 -1.443818 -0.147685
    51 -0.280860 -13.472143 -3.813339 0.187422 -0.000086 -0.028347
    52 -17.429821 -9.355678 -9.915888 1.497122 -1.420332 -2.998350
    53 1.729139 -12.405115 -3.280624 0.260189 -0.007273 0.087560
    54 -20.381291 9.933641 -9.943464 1.497111 -1.420333 -2.998337
    55 2.051581 -16.235904 -2.249843 0.260208 -0.007255 0.087544
    56 -16.444878 11.611340 -5.855842 -1.346982 -1.521032 -0.153187
    57 3.976019 -9.269882 -0.567375 0.000000 0.000000 0.000000
    58 0.885534 -17.554847 2.545800 -0.157749 -0.002108 0.043612
    59 -19.957416 10.884345 9.518618 -1.403593 -1.443850 -0.147838
    60 -0.385660 -15.961615 -2.445794 0.187455 -0.000065 -0.028354
    61 2.828451 -0.071583 49.705528 0.000000 0.000000 -3.141591
    62 0.623697 0.000000 0.000000 -0.000086 -1.570451 -1.570709
    63 5.131855 -0.003106 0.000007 -0.000004 -0.000001 0.034787
    64 3.906619 -0.003290 0.000000 0.000000 0.000000 0.046513
    65 4.136856 -0.008541 0.000000 0.000000 0.000000 0.069769
    66 10.751477 -0.002665 0.000000 0.000000 0.000000 0.030000
    67 -3.078401 -1.591902 -2.889401 0.017994 1.370765 3.128431
    68 6.038855 0.000001 -0.000012 0.184657 -0.830690 -0.408307
    69 17.594568 -0.000002 0.000013 0.000000 0.000000 -0.210123
    70 17.982992 0.000000 -0.000002 2.379876 -0.004797 0.044742
    71 -2.159698 22.770548 1.855830 0.854519 0.743181 4.002783
    72 3.353216 0.000000 0.000000 0.438729 -0.031870 -0.209388
  time 9
    0 0.515880 4.967633 48.537524 0.024413 -0.150203 -2.360338
    1 0.623699 0.000000 0.000003 0.000000 -1.570460 -1.570704
    2 5.131858 -0.003107 0.000009 -0.000004 -0.000001 0.034787
    3 3.906668 -0.003288 0.000000 0.000111 -0.003032 0.035247
    4 4.137684 -0.008414 -0.000663 0.078294 -0.008090 0.101940
    5 10.751468 -0.002664 0.000000 0.000024 -0.000455 0.062790
    6 3.346881 -0.002666 0.000000 0.000000 0.000000 0.030000
    7 -3.121349 -1.494258 2.889395 0.852595 -1.151896 2.270627
    8 6.038856 0.000000 -0.000001 0.407509 0.795638 -0.696886
    9 17.594566 -0.000004 0.000002 0.000000 0.000000 -0.298267
    10 17.982992 0.000000 -0.000006 -1.675873 -0.204987 -0.006408
    11 2.813692 0.799020 -0.493428 2.411840 0.529196 1.109475
    12 2.065373 0.000001 -0.000001 0.000000 0.000000 0.649361
    13 2.094713 -0.000003 -0.000001 0.000000 0.000000 1.092984
    14 7.522001 -0.014966 -1.158110 -0.027860 -0.069746 0.911619
    15 3.200830 0.000001 0.000003 0.000000 0.000000 1.665586
    16 2.731238 0.000000 -0.000001 0.000000 0.000000 1.605716
    17 7.599252 -0.144514 0.591978 -0.045774 -0.060676 0.993546
    18 3.840996 -0.000001 0.000000 0.000000 0.000000 1.756866
    19 3.277485 0.000001 -0.000001 0.000000 0.000000 1.937328
    20 7.447638 -0.525788 2.367265 -0.140593 -0.120304 1.040144
    21 1.595202 -0.000001 -0.000001 0.000000 0.000000 0.255799
    22 1.772448 -0.000002 0.000002 0.000000 0.000000 1.067978
    23 2.049172 1.133877 -2.827966 -0.588950 -0.379171 3.344775
    24 -3.125260 -1.490336 -2.889401 0.018176 1.370330 3.095908
    25 6.038852 0.000004 -0.000008 -0.724015 -0.750677 -0.361815
    26 17.594563 0.000003 -0.000002 0.000000 0.000000 -0.381153
    27 17.982986 -0.000004 0.000005 2.606011 0.309203 -0.498298
    28 2.813690 0.799022 0.493427 -2.853948 0.431148 1.731425
    29 2.065372 -0.000003 0.000001 0.000000 0.000000 0.912325
    30 2.094710 -0.000001 -0.000001 0.000000 0.000000 0.685149
    31 7.521998 -0.014968 1.158108 -0.175699 -0.043345 1.404057
    32 3.200824 0.000000 0.000003 0.000000 0.000000 1.350746
    33 2.731232 0.000000 -0.000003 0.000000 0.000000 0.924163
    34 7.599246 -0.144515 -0.591977 -0.160049 -0.087250 1.261686
    35 3.840997 0.000002 -0.000002 0.000000 0.000000 1.649531
    36 3.277479 0.000002 0.000001 0.000000 0.000000 1.255776
    37 7.447637 -0.525794 -2.367262 0.127913 0.133747 0.940063
    38 1.595204 0.000002 0.000001 0.000000 0.000000 0.756708
    39 1.772446 0.000000 0.000001 0.000000 0.000000 1.255814
    40 49.389511 35.067627 12.791978 -1.037544 0.423055 2.039819
    41 2.475312 0.465257 2.532361 -2.558621 0.195848 -3.108527
    42 -5.128644 0.181574 6.425846 2.983410 -0.120180 3.006658
    43 22.311974 -0.000001 0.000001 0.000000 0.000000 -0.381076
    44 22.311966 0.000001 0.000001 -0.142221 -0.099432 0.110243
    45 5.131754 6.470465 0.000002 0.000000 0.000000 1.570796
    46 -5.128649 0.181606 -6.425846 -3.014768 0.112775 3.003834
    47 22.311972 -0.000001 0.000001 0.000000 0.000000 -0.502292
    48 22.311968 0.000001 0.000000 0.188163 0.052578 0.239754
    49 5.131752 6.470467 0.000000 0.000000 0.000000 1.570796
    50 -18.161344 -8.534073 8.935962 -1.403768 -1.443818 -0.147610
    51 -0.280860 -13.472143 -3.813339 0.187422 -0.000086 -0.028347
    52 -17.429821 -9.359584 -9.919794 1.497122 -1.420332 -2.998350
    53 1.725232 -12.405115 -3.280624 0.260189 -0.007273 0.087560
    54 -20.381291 9.933641 -9.943464 1.497111 -1.420333 -2.998337
    55 2.051581 -16.235904 -2.249843 0.260208 -0.007255 0.087544
    56 -16.444878 11.611340 -5.859749 -1.346982 -1.521032 -0.153187
    57 3.976019 -9.269882 -0.563468 0.000000 0.000000 0.000000
    58 0.885534 -17.554847 2.545800 -0.157749 -0.002108 0.043612
    59 -19.957416 10.884345 9.522525 -1.403593 -1.443850 -0.147838
    60 -0.381754 -15.961615 -2.445794 0.187455 -0.000065 -0.028354
    61 2.828451 -0.071583 49.705528 0.000000 0.000000 -3.141591
    62 0.623697 0.000000 0.000000 -0.000086 -1.570451 -1.570709
    63 5.131855 -0.003106 0.000007 -0.000004 -0.000001 0.034787
    64 3.906619 -0.003290 0.000000 0.000000 0.000000 0.046513
    65 4.136856 -0.008541 0.000000 0.000000 0.000000 0.069769
    66 10.751477 -0.002665 0.000000 0.000000 0.000000 0.030000
    67 -3.078401 -1.591902 -2.889401 0.017994 1.370765 3.128431
    68 6.038855 0.000001 -0.000012 0.184657 -0.830690 -0.408307
    69 17.594568 -0.000002 0.000013 0.000000 0.000000 -0.210123
    70 17.982992 0.000000 -0.000002 2.379876 -0.004797 0.044742
    71 -2.190949 22.778360 1.789422 0.854768 0.739165 4.001441
    72 3.353216 0.000000 0.000000 0.438827 -0.029997 -0.205413
  time 10
    0 0.515880 4.932476 48.549243 0.024401 -0.146631 -2.360242
    1 0.623699 0.000000 0.000003 0.000000 -1.570460 -1.570704
    2 5.131858 -0.003107 0.000009 -0.000004 -0.000001 0.034787
    3 3.906668 -0.003288 0.000000 0.000148 -0.003404 0.032467
    4 4.137684 -0.008414 -0.000663 0.078334 -0.007466 0.094269
    5 10.751468 -0.002664 0.000000 0.000024 -0.000503 0.066349
    6 3.346881 -0.002666 0.000000 0.000000 0.000000 0.030000
    7 -3.129162 -1.486446 2.889395 0.874897 -1.160266 2.242742
    8 6.038856 0.000000 -0.000001 0.404633 0.812136 -0.695274
    9 17.594566 -0.000004 0.000002 0.000000 0.000000 -0.300328
    10 17.982992 0.000000 -0.000006 -1.675026 -0.205183 -0.006850
    11 2.813692 0.799020 -0.493428 2.411861 0.529196 1.109475
    12 2.065373 0.000001 -0.000001 0.000000 0.000000 0.649361
    13 2.094713 -0.000003 -0.000001 0.000000 0.000000 1.092984
    14 7.522001 -0.014966 -1.158110 -0.027860 -0.069746 0.911619
    15 3.200830 0.000001 0.000003 0.000000 0.000000 1.665586
    16 2.731238 0.000000 -0.000001 0.000000 0.000000 1.605716
    17 7.599252 -0.144514 0.591978 -0.045774 -0.060676 0.993546
    18 3.840996 -0.000001 0.000000 0.000000 0.000000 1.756866
    19 3.277485 0.000001 -0.000001 0.000000 0.000000 1.937328
    20 7.447638 -0.525788 2.367265 -0.140593 -0.120304 1.040144
    21 1.595202 -0.000001 -0.000001 0.000000 0.000000 0.255799
    22 1.772448 -0.000002 0.000002 0.000000 0.000000 1.067978
    23 2.053078 1.133877 -2.824059 -0.588950 -0.379171 3.344775
    24 -3.133072 -1.482523 -2.889401 0.018221 1.370251 3.092360
    25 6.038852 0.000004 -0.000008 -0.737091 -0.753904 -0.355246
    26 17.594563 0.000003 -0.000002 0.000000 0.000000 -0.381532
    27 17.982986 -0.000004 0.000005 2.610367 0.309464 -0.497488
    28 2.813690 0.799022 0.493427 -2.853948 0.431148 1.731425
    29 2.065372 -0.000003 0.000001 0.000000 0.000000 0.912325
    30 2.094710 -0.000001 -0.000001 0.000000 0.000000 0.685125
    31 7.521998 -0.014968 1.158108 -0.175699 -0.043345 1.404057
    32 3.200824 0.000000 0.000003 0.000000 0.000000 1.350746
    33 2.731232 0.000000 -0.000003 0.000000 0.000000 0.924163
    34 7.599246 -0.144515 -0.591977 -0.160049 -0.087250 1.261686
    35 3.840997 0.000002 -0.000002 0.000000 0.000000 1.649531
    36 3.277479 0.000002 0.000001 0.000000 0.000000 1.255776
    37 7.447637 -0.525794 -2.367262 0.127901 0.133747 0.940063
    38 1.595204 0.000002 0.000001 0.000000 0.000000 0.756708
    39 1.772446 0.000000 0.000001 0.000000 0.000000 1.255814
    40 49.389511 35.067627 12.791978 -1.037544 0.423055 2.039819
    41 2.475312 0.465257 2.532361 -2.558621 0.195848 -3.108527
    42 -5.128644 0.181574 6.425846 2.983494 -0.119329 3.004358
    43 22.311974 -0.000001 0.000001 0.000000 0.000000 -0.379964
    44 22.311966 0.000001 0.000001 -0.142629 -0.098879 0.110399
    45 5.131754 6.470465 0.000002 0.000000 0.000000 1.570796
    46 -5.128649 0.181606 -6.425846 -3.015031 0.113249 3.001982
    47 22.311972 -0.000001 0.000001 0.000000 0.000000 -0.500186
    48 22.311968 0.000001 0.000000 0.188427 0.053345 0.239297
    49 5.131752 6.470467 0.000000 0.000000 0.000000 1.570796
    50 -18.165250 -8.534073 8.935962 -1.403768 -1.443818 -0.147685
    51 -0.280860 -13.472143 -3.813339 0.187422 -0.000086 -0.028347
    52 -17.429821 -9.355678 -9.915888 1.497122 -1.420332 -2.998350
    53 1.729139 -12.405115 -3.280624 0.260189 -0.007273 0.087560
    54 -20.385197 9.933641 -9.943464 1.497111 -1.420333 -2.998337
    55 2.051581 -16.235904 -2.249843 0.260208 -0.007255 0.087544
    56 -16.448785 11.611340 -5.855842 -1.346982 -1.521032 -0.153103
    57 3.976019 -9.269882 -0.567375 0.000000 0.000000 0.000000
    58 0.885534 -17.554847 2.545800 -0.157749 -0.002108 0.043612
    59 -19.961323 10.884345 9.518618 -1.403593 -1.443850 -0.147838
    60 -0.381754 -15.961615 -2.445794 0.187455 -0.000065 -0.028354
    61 2.828451 -0.071583 49.705528 0.000000 0.000000 -3.141591
    62 0.623697 0.000000 0.000000 -0.000086 -1.570451 -1.570709
    63 5.131855 -0.003106 0.000007 -0.000004 -0.000001 0.034787
    64 3.906619 -0.003290 0.000000 0.000000 0.000000 0.046513
    65 4.136856 -0.008541 0.000000 0.000000 0.000000 0.069769
    66 10.751477 -0.002665 0.000000 0.000000 0.000000 0.030000
    67 -3.078401 -1.591902 -2.889401 0.017994 1.370765 3.128431
    68 6.038855 0.000001 -0.000012 0.184657 -0.830690 -0.408307
    69 17.594568 -0.000002 0.000013 0.000000 0.000000 -0.210123
    70 17.982992 0.000000 -0.000002 2.379876 -0.004797 0.044742
    71 -2.218293 22.778360 1.715201 0.854851 0.735233 4.000100
    72 3.353216 0.000000 0.000000 0.438876 -0.028182 -0.201154
  time 11
    0 0.515880 4.885600 48.560962 0.024389 -0.143084 -2.360147
    1 0.623699 0.000000 0.000003 0.000000 -1.570460 -1.570704
    2 5.131858 -0.003107 0.000009 -0.000004 -0.000001 0.034787
    3 3.906668 -0.003288 0.000000 0.000148 -0.003751 0.029711
    4 4.137684 -0.008414 -0.000663 0.078389 -0.006867 0.086614
    5 10.751468 -0.002664 0.000000 0.000012 -0.000527 0.069609
    6 3.346881 -0.002666 0.000000 0.000000 0.000000 0.030000
    7 -3.133069 -1.474726 2.889395 0.897484 -1.168230 2.214760
    8 6.038856 0.000000 -0.000001 0.401850 0.828368 -0.693841
    9 17.594566 -0.000004 0.000002 0.000000 0.000000 -0.302156
    10 17.982992 0.000000 -0.000006 -1.674212 -0.205422 -0.007292
    11 2.813692 0.799020 -0.493428 2.411861 0.529196 1.109475
    12 2.065373 0.000001 -0.000001 0.000000 0.000000 0.649361
    13 2.094713 -0.000003 -0.000001 0.000000 0.000000 1.092984
    14 7.522001 -0.014966 -1.158110 -0.027860 -0.069746 0.911619
    15 3.200830 0.000001 0.000003 0.000000 0.000000 1.665586
    16 2.731238 0.000000 -0.000001 0.000000 0.000000 1.605716
    17 7.599252 -0.144514 0.591978 -0.045774 -0.060676 0.993546
    18 3.840996 -0.000001 0.000000 0.000000 0.000000 1.756866
    19 3.277485 0.000001 -0.000001 0.000000 0.000000 1.937328
    20 7.447638 -0.525788 2.367265 -0.140593 -0.120304 1.040144
    21 1.595202 -0.000001 -0.000001 0.000000 0.000000 0.255799
    22 1.772448 -0.000002 0.000002 0.000000 0.000000 1.067978
    23 2.053078 1.133877 -2.827966 -0.588950 -0.379171 3.344775
    24 -3.133072 -1.470804 -2.889401 0.018221 1.370231 3.089103
    25 6.038852 0.000004 -0.000008 -0.750884 -0.756910 -0.348762
    26 17.594563 0.000003 -0.000002 0.000000 0.000000 -0.381878
    27 17.982986 -0.000004 0.000005 2.615237 0.310359 -0.496630
    28 2.813690 0.799022 0.493427 -2.853948 0.431148 1.731425
    29 2.065372 -0.000003 0.000001 0.000000 0.000000 0.912325
    30 2.094710 -0.000001 -0.000001 0.000000 0.000000 0.685125
    31 7.521998 -0.014968 1.158108 -0.175699 -0.043345 1.404057
    32 3.200824 0.000000 0.000003 0.000000 0.000000 1.350746
    33 2.731232 0.000000 -0.000003 0.000000 0.000000 0.924163
    34 7.599246 -0.144515 -0.591977 -0.160049 -0.087250 1.261686
    35 3.840997 0.000002 -0.000002 0.000000 0.000000 1.649531
    36 3.277479 0.000002 0.000001 0.000000 0.000000 1.255776
    37 7.447637 -0.525794 -2.367262 0.127901 0.133747 0.940063
    38 1.595204 0.000002 0.000001 0.000000 0.000000 0.756708
    39 1.772446 0.000000 0.000001 0.000000 0.000000 1.255814
    40 49.389511 35.067627 12.791978 -1.037544 0.423055 2.039819
    41 2.475312 0.465257 2.532361 -2.558621 0.195848 -3.108527
    42 -5.128644 0.181574 6.425846 2.983578 -0.118516 3.002072
    43 22.311974 -0.000001 0.000001 0.000000 0.000000 -0.378815
    44 22.311966 0.000001 0.000001 -0.143013 -0.098381 0.110321
    45 5.131754 6.470465 0.000002 0.000000 0.000000 1.570796
    46 -5.128649 0.181606 -6.425846 -3.015295 0.113710 3.000177
    47 22.311972 -0.000001 0.000001 0.000000 0.000000 -0.498114
    48 22.311968 0.000001 0.000000 0.188691 0.054139 0.238852
    49 5.131752 6.470467 0.000000 0.000000 0.000000 1.570796
    50 -18.161344 -8.534073 8.935962 -1.403768 -1.443818 -0.147685
    51 -0.280860 -13.472143 -3.813339 0.187422 -0.000086 -0.028347
    52 -17.429821 -9.355678 -9.915888 1.497122 -1.420332 -2.998350
    53 1.729139 -12.405115 -3.280624 0.260189 -0.007273 0.087560
    54 -20.381291 9.933641 -9.943464 1.497111 -1.420333 -2.998337
    55 2.051581 -16.235904 -2.249843 0.260208 -0.007255 0.087544
    56 -16.444878 11.611340 -5.859749 -1.346982 -1.521032 -0.153187
    57 3.976019 -9.269882 -0.563468 0.000000 0.000000 0.000000
    58 0.885534 -17.554847 2.545800 -0.157749 -0.002108 0.043612
    59 -19.957416 10.884345 9.518618 -1.403593 -1.443850 -0.147838
    60 -0.385660 -15.965522 -2.445794 0.187455 -0.000065 -0.028354
    61 2.828451 -0.071583 49.705528 0.000000 0.000000 -3.141591
    62 0.623697 0.000000 0.000000 -0.000086 -1.570451 -1.570709
    63 5.131855 -0.003106 0.000007 -0.000004 -0.000001 0.034787
    64 3.906619 -0.003290 0.000000 0.000000 0.000000 0.046513
    65 4.136856 -0.008541 0.000000 0.000000 0.000000 0.069769
    66 10.751477 -0.002665 0.000000 0.000000 0.000000 0.030000
    67 -3.078401 -1.591902 -2.889401 0.017994 1.370765 3.128431
    68 6.038855 0.000001 -0.000012 0.184657 -0.830690 -0.408307
    69 17.594568 -0.000002 0.000013 0.000000 0.000000 -0.210123
    70 17.982992 0.000000 -0.000002 2.379876 -0.004797 0.044742
    71 -2.249544 22.786173 1.648793 0.854934 0.731466 3.998950
    72 3.353216 0.000000 0.000000 0.438925 -0.026410 -0.196481
  time 12
    0 0.515880 4.846536 48.576588 0.024377 -0.139549 -2.360099
    1 0.623699 0.000000 0.000003 0.000000 -1.570460 -1.570704
    2 5.131858 -0.003107 0.000009 -0.000004 -0.000001 0.034787
    3 3.906668 -0.003288 0.000000 0.000185 -0.004111 0.026930
    4 4.137684 -0.008414 -0.000663 0.078457 -0.006280 0.078975
    5 10.751468 -0.002664 0.000000 0.000012 -0.000539 0.072473
    6 3.346881 -0.002666 0.000000 0.000000 0.000000 0.030000
    7 -3.136975 -1.466914 2.889395 0.920072 -1.175632 2.187450
    8 6.038856 0.000000 -0.000001 0.399252 0.844194 -0.692587
    9 17.594566 -0.000004 0.000002 0.000000 0.000000 -0.303655
    10 17.982992 0.000000 -0.000006 -1.673467 -0.205748 -0.007645
    11 2.813692 0.799020 -0.493428 2.411861 0.529196 1.109475
    12 2.065373 0.000001 -0.000001 0.000000 0.000000 0.649361
    13 2.094713 -0.000003 -0.000001 0.000000 0.000000 1.092984
    14 7.522001 -0.014966 -1.158110 -0.027860 -0.069746 0.911619
    15 3.200830 0.000001 0.000003 0.000000 0.000000 1.665586
    16 2.731238 0.000000 -0.000001 0.000000 0.000000 1.605716
    17 7.599252 -0.144514 0.591978 -0.045774 -0.060676 0.993546
    18 3.840996 -0.000001 0.000000 0.000000 0.000000 1.756866
    19 3.277485 0.000001 -0.000001 0.000000 0.000000 1.937328
    20 7.447638 -0.525788 2.367265 -0.140593 -0.120304 1.040144
    21 1.595202 -0.000001 -0.000001 0.000000 0.000000 0.255799
    22 1.772448 -0.000002 0.000002 0.000000 0.000000 1.067978
    23 2.053078 1.133877 -2.827966 -0.588950 -0.379171 3.344775
    24 -3.140885 -1.462992 -2.889401 0.018266 1.370231 3.086264
    25 6.038852 0.000004 -0.000008 -0.765275 -0.759694 -0.342320
    26 17.594563 0.000003 -0.000002 0.000000 0.000000 -0.382192
    27 17.982986 -0.000004 0.000005 2.620715 0.312036 -0.495678
    28 2.813690 0.799022 0.493427 -2.853982 0.431148 1.731425
    29 2.065372 -0.000003 0.000001 0.000000 0.000000 0.912325
    30 2.094710 -0.000001 -0.000001 0.000000 0.000000 0.685149
    31 7.521998 -0.014968 1.158108 -0.175699 -0.043345 1.404057
    32 3.200824 0.000000 0.000003 0.000000 0.000000 1.350746
    33 2.731232 0.000000 -0.000003 0.000000 0.000000 0.924163
    34 7.599246 -0.144515 -0.591977 -0.160049 -0.087250 1.261686
    35 3.840997 0.000002 -0.000002 0.000000 0.000000 1.649485
    36 3.277479 0.000002 0.000001 0.000000 0.000000 1.255776
    37 7.447637 -0.525794 -2.367262 0.127889 0.133733 0.940063
    38 1.595204 0.000002 0.000001 0.000000 0.000000 0.756708
    39 1.772446 0.000000 0.000001 0.000000 0.000000 1.255814
    40 49.389511 35.067627 12.791978 -1.037544 0.423055 2.039819
    41 2.475312 0.465257 2.532361 -2.558621 0.195848 -3.108527
    42 -5.128644 0.181574 6.425846 2.983638 -0.117664 2.999825
    43 22.311974 -0.000001 0.000001 0.000000 0.000000 -0.377631
    44 22.311966 0.000001 0.000001 -0.143397 -0.097865 0.110243
    45 5.131754 6.470465 0.000002 0.000000 0.000000 1.570796
    46 -5.128649 0.181606 -6.425846 -3.015547 0.114184 2.998371
    47 22.311972 -0.000001 0.000001 0.000000 0.000000 -0.495942
    48 22.311968 0.000001 0.000000 0.188978 0.054920 0.238382
    49 5.131752 6.470467 0.000000 0.000000 0.000000 1.570796
    50 -18.161344 -8.534073 8.935962 -1.403768 -1.443818 -0.147685
    51 -0.280860 -13.468237 -3.813339 0.187422 -0.000086 -0.028347
    52 -17.429821 -9.355678 -9.915888 1.497122 -1.420332 -2.998350
    53 1.725232 -12.405115 -3.280624 0.260189 -0.007273 0.087560
    54 -20.381291 9.933641 -9.943464 1.497111 -1.420333 -2.998337
    55 2.051581 -16.235904 -2.249843 0.260208 -0.007255 0.087544
    56 -16.444878 11.611340 -5.859749 -1.346982 -1.521032 -0.153187
    57 3.976019 -9.269882 -0.563468 0.000000 0.000000 0.000000
    58 0.885534 -17.550941 2.545800 -0.157749 -0.002108 0.043612
    59 -19.957416 10.884345 9.518618 -1.403593 -1.443850 -0.147838
    60 -0.381754 -15.961615 -2.445794 0.187455 -0.000065 -0.028354
    61 2.828451 -0.071583 49.705528 0.000000 0.000000 -3.141591
    62 0.623697 0.000000 0.000000 -0.000086 -1.570451 -1.570709
    63 5.131855 -0.003106 0.000007 -0.000004 -0.000001 0.034787
    64 3.906619 -0.003290 0.000000 0.000000 0.000000 0.046513
    65 4.136856 -0.008541 0.000000 0.000000 0.000000 0.069769
    66 10.751477 -0.002665 0.000000 0.000000 0.000000 0.030000
    67 -3.078401 -1.591902 -2.889401 0.017994 1.370765 3.128431
    68 6.038855 0.000001 -0.000012 0.184657 -0.830690 -0.408307
    69 17.594568 -0.000002 0.000013 0.000000 0.000000 -0.210123
    70 17.982992 0.000000 -0.000002 2.379876 -0.004797 0.044742
    71 -2.276889 22.790079 1.582385 0.854934 0.727947 3.997800
    72 3.353216 0.000000 0.000000 0.438925 -0.024724 -0.191305
  time 13
    0 0.515880 4.803566 48.584400 0.024365 -0.136013 -2.360003
    1 0.623699 0.000000 0.000003 0.000000 -1.570460 -1.570704
    2 5.131858 -0.003107 0.000009 -0.000004 -0.000001 0.034787
    3 3.906668 -0.003288 0.000000 0.000222 -0.004458 0.024198
    4 4.137684 -0.008414 -0.000663 0.078498 -0.005681 0.071384
    5 10.751468 -0.002664 0.000000 0.000024 -0.000527 0.074846
    6 3.346881 -0.002666 0.000000 0.000000 0.000000 0.030000
    7 -3.140881 -1.459101 2.889395 0.942469 -1.182534 2.160906
    8 6.038856 0.000000 -0.000001 0.396840 0.859571 -0.691423
    9 17.594566 -0.000004 0.000002 0.000000 0.000000 -0.305061
    10 17.982992 0.000000 -0.000006 -1.672755 -0.206205 -0.007844
    11 2.813692 0.799020 -0.493428 2.411840 0.529196 1.109475
    12 2.065373 0.000001 -0.000001 0.000000 0.000000 0.649361
    13 2.094713 -0.000003 -0.000001 0.000000 0.000000 1.092984
    14 7.522001 -0.014966 -1.158110 -0.027860 -0.069746 0.911619
    15 3.200830 0.000001 0.000003 0.000000 0.000000 1.665586
    16 2.731238 0.000000 -0.000001 0.000000 0.000000 1.605716
    17 7.599252 -0.144514 0.591978 -0.045774 -0.060688 0.993546
    18 3.840996 -0.000001 0.000000 0.000000 0.000000 1.756866
    19 3.277485 0.000001 -0.000001 0.000000 0.000000 1.937328
    20 7.447638 -0.525788 2.367265 -0.140593 -0.120304 1.040144
    21 1.595202 -0.000001 -0.000001 0.000000 0.000000 0.255799
    22 1.772448 -0.000002 0.000002 0.000000 0.000000 1.067978
    23 2.053078 1.133877 -2.827966 -0.588950 -0.379171 3.344775
    24 -3.140885 -1.459085 -2.889401 0.018221 1.370231 3.083884
    25 6.038852 0.000004 -0.000008 -0.780501 -0.762225 -0.336175
    26 17.594563 0.000003 -0.000002 0.000000 0.000000 -0.382456
    27 17.982986 -0.000004 0.000005 2.626954 0.314571 -0.494582
    28 2.813690 0.799022 0.493427 -2.853948 0.431148 1.731425
    29 2.065372 -0.000003 0.000001 0.000000 0.000000 0.912325
    30 2.094710 -0.000001 -0.000001 0.000000 0.000000 0.685149
    31 7.521998 -0.014968 1.158108 -0.175699 -0.043345 1.404057
    32 3.200824 0.000000 0.000003 0.000000 0.000000 1.350746
    33 2.731232 0.000000 -0.000003 0.000000 0.000000 0.924163
    34 7.599246 -0.144515 -0.591977 -0.160049 -0.087250 1.261686
    35 3.840997 0.000002 -0.000002 0.000000 0.000000 1.649531
    36 3.277479 0.000002 0.000001 0.000000 0.000000 1.255776
    37 7.447637 -0.525794 -2.367262 0.127901 0.133747 0.940063
    38 1.595204 0.000002 0.000001 0.000000 0.000000 0.756708
    39 1.772446 0.000000 0.000001 0.000000 0.000000 1.255814
    40 49.389511 35.067627 12.791978 -1.037544 0.423055 2.039819
    41 2.475312 0.465257 2.532361 -2.558621 0.195848 -3.108527
    42 -5.128644 0.181574 6.425846 2.983710 -0.116832 2.997618
    43 22.311974 -0.000001 0.000001 0.000000 0.000000 -0.376483
    44 22.311966 0.000001 0.000001 -0.143781 -0.097312 0.110841
    45 5.131754 6.470465 0.000002 0.000000 0.000000 1.570796
    46 -5.128649 0.181606 -6.425846 -3.015798 0.114658 2.996613
    47 22.311972 -0.000001 0.000001 0.000000 0.000000 -0.493804
    48 22.311968 0.000001 0.000000 0.189242 0.055714 0.237925
    49 5.131752 6.470467 0.000000 0.000000 0.000000 1.570796
    50 -18.161344 -8.534073 8.935962 -1.403768 -1.443818 -0.147685
    51 -0.280860 -13.472143 -3.813339 0.187422 -0.000086 -0.028347
    52 -17.429821 -9.355678 -9.915888 1.497122 -1.420332 -2.998350
    53 1.725232 -12.405115 -3.280624 0.260189 -0.007273 0.087560
    54 -20.381291 9.933641 -9.943464 1.497111 -1.420333 -2.998337
    55 2.051581 -16.235904 -2.249843 0.260208 -0.007255 0.087544
    56 -16.444878 11.611340 -5.859749 -1.346982 -1.521032 -0.153187
    57 3.976019 -9.269882 -0.563468 0.000000 0.000000 0.000000
    58 0.885534 -17.554847 2.545800 -0.157749 -0.002108 0.043612
    59 -19.957416 10.884345 9.518618 -1.403593 -1.443850 -0.147838
    60 -0.381754 -15.961615 -2.445794 0.187455 -0.000065 -0.028354
    61 2.828451 -0.071583 49.705528 0.000000 0.000000 -3.141591
    62 0.623697 0.000000 0.000000 -0.000086 -1.570451 -1.570709
    63 5.131855 -0.003106 0.000007 -0.000004 -0.000001 0.034787
    64 3.906619 -0.003290 0.000000 0.000000 0.000000 0.046513
    65 4.136856 -0.008541 0.000000 0.000000 0.000000 0.069769
    66 10.751477 -0.002665 0.000000 0.000000 0.000000 0.030000
    67 -3.078401 -1.591902 -2.889401 0.017994 1.370765 3.128431
    68 6.038855 0.000001 -0.000012 0.184657 -0.830690 -0.408307
    69 17.594568 -0.000002 0.000013 0.000000 0.000000 -0.210123
    70 17.982992 0.000000 -0.000002 2.379876 -0.004797 0.044742
    71 -2.308140 22.793986 1.519883 0.854934 0.724635 3.996937
    72 3.353216 0.000000 0.000000 0.438974 -0.023124 -0.185582
  time 14
    0 0.515880 4.760596 48.596119 0.024353 -0.132550 -2.359907
    1 0.623699 0.000000 0.000003 0.000000 -1.570460 -1.570704
    2 5.131858 -0.003107 0.000009 -0.000004 -0.000001 0.034787
    3 3.906668 -0.003288 0.000000 0.000222 -0.004818 0.021465
    4 4.137684 -0.008414 -0.000663 0.078525 -0.005081 0.063923
    5 10.751468 -0.002664 0.000000 0.000024 -0.000491 0.076656
    6 3.346881 -0.002666 0.000000 0.000000 0.000000 0.030000
    7 -3.144788 -1.451288 2.889395 0.964389 -1.188843 2.135417
    8 6.038856 0.000000 -0.000001 0.394892 0.874378 -0.690259
    9 17.594566 -0.000004 0.000002 0.000000 0.000000 -0.306373
    10 17.982992 0.000000 -0.000006 -1.672112 -0.206836 -0.007844
    11 2.813692 0.799020 -0.493428 2.411840 0.529196 1.109475
    12 2.065373 0.000001 -0.000001 0.000000 0.000000 0.649361
    13 2.094713 -0.000003 -0.000001 0.000000 0.000000 1.092984
    14 7.522001 -0.014966 -1.158110 -0.027860 -0.069746 0.911619
    15 3.200830 0.000001 0.000003 0.000000 0.000000 1.665586
    16 2.731238 0.000000 -0.000001 0.000000 0.000000 1.605716
    17 7.599252 -0.144514 0.591978 -0.045774 -0.060676 0.993546
    18 3.840996 -0.000001 0.000000 0.000000 0.000000 1.756866
    19 3.277485 0.000001 -0.000001 0.000000 0.000000 1.937328
    20 7.447638 -0.525788 2.367265 -0.140593 -0.120304 1.040144
    21 1.595202 -0.000001 -0.000001 0.000000 0.000000 0.255799
    22 1.772448 -0.000002 0.000002 0.000000 0.000000 1.067978
    23 2.053078 1.133877 -2.827966 -0.588950 -0.379171 3.344775
    24 -3.144791 -1.451272 -2.889401 0.018266 1.370271 3.082131
    25 6.038852 0.000004 -0.000008 -0.796682 -0.764503 -0.330199
    26 17.594563 0.000003 -0.000002 0.000000 0.000000 -0.382621
    27 17.982986 -0.000004 0.000005 2.634088 0.318187 -0.493343
    28 2.813690 0.799022 0.493427 -2.853948 0.431148 1.731425
    29 2.065372 -0.000003 0.000001 0.000000 0.000000 0.912325
    30 2.094710 -0.000001 -0.000001 0.000000 0.000000 0.685149
    31 7.521998 -0.014968 1.158108 -0.175699 -0.043345 1.404057
    32 3.200824 0.000000 0.000003 0.000000 0.000000 1.350746
    33 2.731232 0.000000 -0.000003 0.000000 0.000000 0.924163
    34 7.599246 -0.144515 -0.591977 -0.160049 -0.087250 1.261686
    35 3.840997 0.000002 -0.000002 0.000000 0.000000 1.649531
    36 3.277479 0.000002 0.000001 0.000000 0.000000 1.255776
    37 7.447637 -0.525794 -2.367262 0.127913 0.133747 0.940063
    38 1.595204 0.000002 0.000001 0.000000 0.000000 0.756708
    39 1.772446 0.000000 0.000001 0.000000 0.000000 1.255814
    40 49.389511 35.067627 12.791978 -1.037544 0.423055 2.039819
    41 2.475312 0.465257 2.532361 -2.558621 0.195848 -3.108527
    42 -5.128644 0.181574 6.425846 2.983793 -0.115980 2.995450
    43 22.311974 -0.000001 0.000001 0.000000 0.000000 -0.375299
    44 22.311966 0.000001 0.000001 -0.144141 -0.096814 0.110763
    45 5.131754 6.470465 0.000002 0.000000 0.000000 1.570796
    46 -5.128649 0.181606 -6.425846 -3.016062 0.115119 2.994901
    47 22.311972 -0.000001 0.000001 0.000000 0.000000 -0.491599
    48 22.311968 0.000001 0.000000 0.189506 0.056495 0.237443
    49 5.131752 6.470467 0.000000 0.000000 0.000000 1.570796
    50 -18.165250 -8.534073 8.935962 -1.403768 -1.443818 -0.147685
    51 -0.280860 -13.472143 -3.813339 0.187422 -0.000086 -0.028347
    52 -17.429821 -9.355678 -9.915888 1.497122 -1.420332 -2.998350
    53 1.729139 -12.405115 -3.280624 0.260189 -0.007273 0.087560
    54 -20.381291 9.933641 -9.943464 1.497111 -1.420333 -2.998337
    55 2.051581 -16.235904 -2.249843 0.260208 -0.007255 0.087544
    56 -16.444878 11.611340 -5.855842 -1.346982 -1.521032 -0.153187
    57 3.976019 -9.269882 -0.563468 0.000000 0.000000 0.000000
    58 0.885534 -17.554847 2.545800 -0.157749 -0.002108 0.043612
    59 -19.957416 10.884345 9.518618 -1.403593 -1.443850 -0.147838
    60 -0.385660 -15.961615 -2.445794 0.187455 -0.000065 -0.028354
    61 2.828451 -0.071583 49.705528 0.000000 0.000000 -3.141591
    62 0.623697 0.000000 0.000000 -0.000086 -1.570451 -1.570709
    63 5.131855 -0.003106 0.000007 -0.000004 -0.000001 0.034787
    64 3.906619 -0.003290 0.000000 0.000000 0.000000 0.046513
    65 4.136856 -0.008541 0.000000 0.000000 0.000000 0.069769
    66 10.751477 -0.002665 0.000000 0.000000 0.000000 0.030000
    67 -3.078401 -1.591902 -2.889401 0.017994 1.370765 3.128431
    68 6.038855 0.000001 -0.000012 0.184657 -0.830690 -0.408307
    69 17.594568 -0.000002 0.000013 0.000000 0.000000 -0.210123
    70 17.982992 0.000000 -0.000002 2.379876 -0.004797 0.044742
    71 -2.331578 22.801798 1.461287 0.854851 0.721655 3.996266
    72 3.349310 0.000000 0.000000 0.439047 -0.021640 -0.179227
  time 15
    0 0.515880 4.717626 48.607839 0.024341 -0.129098 -2.359811
    1 0.623699 0.000000 0.000003 0.000000 -1.570460 -1.570704
    2 5.131858 -0.003107 0.000009 -0.000004 -0.000001 0.034787
    3 3.906668 -0.003288 0.000000 0.000259 -0.005153 0.018793
    4 4.137684 -0.008414 -0.000663 0.078566 -0.004494 0.056510
    5 10.751468 -0.002664 0.000000 0.000012 -0.000419 0.077807
    6 3.346881 -0.002666 0.000000 0.000000 0.000000 0.030000
    7 -3.144788 -1.447382 2.889395 0.985452 -1.194527 2.111556
    8 6.038856 0.000000 -0.000001 0.393315 0.888513 -0.689094
    9 17.594566 -0.000004 0.000002 0.000000 0.000000 -0.307685
    10 17.982992 0.000000 -0.000006 -1.671536 -0.207575 -0.007535
    11 2.813692 0.799020 -0.493428 2.411840 0.529196 1.109475
    12 2.065373 0.000001 -0.000001 0.000000 0.000000 0.649361
    13 2.094713 -0.000003 -0.000001 0.000000 0.000000 1.092984
    14 7.522001 -0.014966 -1.158110 -0.027860 -0.069734 0.911619
    15 3.200830 0.000001 0.000003 0.000000 0.000000 1.665586
    16 2.731238 0.000000 -0.000001 0.000000 0.000000 1.605716
    17 7.599252 -0.144514 0.591978 -0.045774 -0.060676 0.993546
    18 3.840996 -0.000001 0.000000 0.000000 0.000000 1.756866
    19 3.277485 0.000001 -0.000001 0.000000 0.000000 1.937328
    20 7.447638 -0.525788 2.367265 -0.140593 -0.120304 1.040144
    21 1.595202 -0.000001 -0.000001 0.000000 0.000000 0.255799
    22 1.772448 -0.000002 0.000002 0.000000 0.000000 1.067978
    23 2.053078 1.133877 -2.827966 -0.588950 -0.379171 3.344775
    24 -3.144791 -1.447366 -2.889401 0.018221 1.370330 3.080879
    25 6.038852 0.000004 -0.000008 -0.813879 -0.766402 -0.324520
    26 17.594563 0.000003 -0.000002 0.000000 0.000000 -0.382720
    27 17.982986 -0.000004 0.000005 2.642229 0.322996 -0.491914
    28 2.813690 0.799022 0.493427 -2.853948 0.431148 1.731425
    29 2.065372 -0.000003 0.000001 0.000000 0.000000 0.912325
    30 2.094710 -0.000001 -0.000001 0.000000 0.000000 0.685149
    31 7.521998 -0.014968 1.158108 -0.175699 -0.043345 1.404057
    32 3.200824 0.000000 0.000003 0.000000 0.000000 1.350746
    33 2.731232 0.000000 -0.000003 0.000000 0.000000 0.924163
    34 7.599246 -0.144515 -0.591977 -0.160049 -0.087250 1.261686
    35 3.840997 0.000002 -0.000002 0.000000 0.000000 1.649531
    36 3.277479 0.000002 0.000001 0.000000 0.000000 1.255776
    37 7.447637 -0.525794 -2.367262 0.127889 0.133733 0.940063
    38 1.595204 0.000002 0.000001 0.000000 0.000000 0.756708
    39 1.772446 0.000000 0.000001 0.000000 0.000000 1.255814
    40 49.389511 35.067627 12.791978 -1.037544 0.423055 2.039819
    41 2.475312 0.465257 2.532361 -2.558621 0.195848 -3.108527
    42 -5.128644 0.181574 6.425846 2.983853 -0.115167 2.993296
    43 22.311974 -0.000001 0.000001 0.000000 0.000000 -0.374079
    44 22.311966 0.000001 0.000001 -0.144525 -0.096224 0.111308
    45 5.131754 6.470465 0.000002 0.000000 0.000000 1.570796
    46 -5.128649 0.181606 -6.425846 -3.016302 0.115606 2.993213
    47 22.311972 -0.000001 0.000001 0.000000 0.000000 -0.489461
    48 22.311968 0.000001 0.000000 0.189770 0.057262 0.236947
    49 5.131752 6.470467 0.000000 0.000000 0.000000 1.570796
    50 -18.161344 -8.534073 8.935962 -1.403768 -1.443818 -0.147685
    51 -0.280860 -13.472143 -3.813339 0.187422 -0.000086 -0.028347
    52 -17.429821 -9.355678 -9.915888 1.497122 -1.420332 -2.998350
    53 1.729139 -12.405115 -3.280624 0.260189 -0.007273 0.087560
    54 -20.381291 9.933641 -9.943464 1.497111 -1.420333 -2.998337
    55 2.051581 -16.235904 -2.249843 0.260208 -0.007255 0.087544
    56 -16.444878 11.611340 -5.855842 -1.346982 -1.521032 -0.153187
    57 3.976019 -9.269882 -0.567375 0.000000 0.000000 0.000000
    58 0.885534 -17.550941 2.545800 -0.157749 -0.002108 0.043612
    59 -19.957416 10.884345 9.518618 -1.403593 -1.443850 -0.147838
    60 -0.381754 -15.961615 -2.445794 0.187455 -0.000065 -0.028354
    61 2.828451 -0.071583 49.705528 0.000000 0.000000 -3.141591
    62 0.623697 0.000000 0.000000 -0.000086 -1.570451 -1.570709
    63 5.131855 -0.003106 0.000007 -0.000004 -0.000001 0.034787
    64 3.906619 -0.003290 0.000000 0.000000 0.000000 0.046513
    65 4.136856 -0.008541 0.000000 0.000000 0.000000 0.069769
    66 10.751477 -0.002665 0.000000 0.000000 0.000000 0.030000
    67 -3.078401 -1.591902 -2.889401 0.017994 1.370765 3.128431
    68 6.038855 0.000001 -0.000012 0.184657 -0.830690 -0.408307
    69 17.594568 -0.000002 0.000013 0.000000 0.000000 -0.210123
    70 17.982992 0.000000 -0.000002 2.379876 -0.004797 0.044742
    71 -2.362829 22.813518 1.410504 0.854519 0.719005 3.995691
    72 3.353216 0.000000 0.000000 0.439096 -0.020286 -0.172129
  time 16
    0 0.515880 4.670749 48.619558 0.024341 -0.125706 -2.359715
    1 0.623699 0.000000 0.000003 0.000000 -1.570460 -1.570704
    2 5.131858 -0.003107 0.000009 -0.000004 -0.000001 0.034787
    3 3.906668 -0.003288 0.000000 0.000296 -0.005501 0.016144
    4 4.137684 -0.008414 -0.000663 0.078593 -0.003931 0.049210
    5 10.751468 -0.002664 0.000000 0.000012 -0.000324 0.078226
    6 3.346881 -0.002666 0.000000 0.000000 0.000000 0.030000
    7 -3.144788 -1.447382 2.889395 1.005466 -1.199649 2.089516
    8 6.038856 0.000000 -0.000001 0.392202 0.901873 -0.687661
    9 17.594566 -0.000004 0.000002 0.000000 0.000000 -0.309044
    10 17.982992 0.000000 -0.000006 -1.670993 -0.208576 -0.006850
    11 2.813692 0.799020 -0.493428 2.411840 0.529196 1.109475
    12 2.065373 0.000001 -0.000001 0.000000 0.000000 0.649361
    13 2.094713 -0.000003 -0.000001 0.000000 0.000000 1.092984
    14 7.522001 -0.014966 -1.158110 -0.027860 -0.069746 0.911619
    15 3.200830 0.000001 0.000003 0.000000 0.000000 1.665586
    16 2.731238 0.000000 -0.000001 0.000000 0.000000 1.605716
    17 7.599252 -0.144514 0.591978 -0.045774 -0.060688 0.993546
    18 3.840996 -0.000001 0.000000 0.000000 0.000000 1.756866
    19 3.277485 0.000001 -0.000001 0.000000 0.000000 1.937328
    20 7.447638 -0.525788 2.367265 -0.140593 -0.120304 1.040144
    21 1.595202 -0.000001 -0.000001 0.000000 0.000000 0.255799
    22 1.772448 -0.000002 0.000002 0.000000 0.000000 1.067978
    23 2.053078 1.133877 -2.827966 -0.588950 -0.379171 3.344775
    24 -3.148698 -1.447366 -2.889401 0.018176 1.370449 3.080461
    25 6.038852 0.000004 -0.000008 -0.832091 -0.767983 -0.319350
    26 17.594563 0.000003 -0.000002 0.000000 0.000000 -0.382687
    27 17.982986 -0.000004 0.000005 2.651531 0.329110 -0.490247
    28 2.813690 0.799022 0.493427 -2.853948 0.431189 1.731425
    29 2.065372 -0.000003 0.000001 0.000000 0.000000 0.912325
    30 2.094710 -0.000001 -0.000001 0.000000 0.000000 0.685149
    31 7.521998 -0.014968 1.158108 -0.175699 -0.043345 1.404057
    32 3.200824 0.000000 0.000003 0.000000 0.000000 1.350746
    33 2.731232 0.000000 -0.000003 0.000000 0.000000 0.924163
    34 7.599246 -0.144515 -0.591977 -0.160049 -0.087250 1.261686
    35 3.840997 0.000002 -0.000002 0.000000 0.000000 1.649531
    36 3.277479 0.000002 0.000001 0.000000 0.000000 1.255776
    37 7.447637 -0.525794 -2.367262 0.127901 0.133747 0.940063
    38 1.595204 0.000002 0.000001 0.000000 0.000000 0.756708
    39 1.772446 0.000000 0.000001 0.000000 0.000000 1.255814
    40 49.389511 35.067627 12.791978 -1.037544 0.423055 2.039819
    41 2.475312 0.465257 2.532361 -2.558621 0.195848 -3.108527
    42 -5.128644 0.181574 6.425846 2.983937 -0.114315 2.991248
    43 22.311974 -0.000001 0.000001 0.000000 0.000000 -0.372823
    44 22.311966 0.000001 0.000001 -0.144909 -0.095671 0.111568
    45 5.131754 6.470465 0.000002 0.000000 0.000000 1.570796
    46 -5.128649 0.181606 -6.425846 -3.016541 0.116080 2.991618
    47 22.311972 -0.000001 0.000001 0.000000 0.000000 -0.487256
    48 22.311968 0.000001 0.000000 0.190012 0.058029 0.236465
    49 5.131752 6.470467 0.000000 0.000000 0.000000 1.570796
    50 -18.161344 -8.534073 8.935962 -1.403768 -1.443818 -0.147685
    51 -0.280860 -13.468237 -3.813339 0.187422 -0.000086 -0.028347
    52 -17.429821 -9.355678 -9.915888 1.497122 -1.420332 -2.998338
    53 1.729139 -12.405115 -3.280624 0.260189 -0.007273 0.087560
    54 -20.381291 9.933641 -9.943464 1.497111 -1.420333 -2.998337
    55 2.051581 -16.235904 -2.245937 0.260208 -0.007255 0.087544
    56 -16.444878 11.611340 -5.855842 -1.346982 -1.521032 -0.153187
    57 3.976019 -9.269882 -0.563468 0.000000 0.000000 0.000000
    58 0.885534 -17.550941 2.545800 -0.157749 -0.002108 0.043612
    59 -19.957416 10.884345 9.518618 -1.403593 -1.443850 -0.147838
    60 -0.381754 -15.961615 -2.445794 0.187455 -0.000065 -0.028354
    61 2.828451 -0.071583 49.705528 0.000000 0.000000 -3.141591
    62 0.623697 0.000000 0.000000 -0.000086 -1.570451 -1.570709
    63 5.131855 -0.003106 0.000007 -0.000004 -0.000001 0.034787
    64 3.906619 -0.003290 0.000000 0.000000 0.000000 0.046513
    65 4.136856 -0.008541 0.000000 0.000000 0.000000 0.069769
    66 10.751477 -0.002665 0.000000 0.000000 0.000000 0.030000
    67 -3.078401 -1.591902 -2.889401 0.017994 1.370765 3.128431
    68 6.038855 0.000001 -0.000012 0.184657 -0.830690 -0.408307
    69 17.594568 -0.000002 0.000013 0.000000 0.000000 -0.210123
    70 17.982992 0.000000 -0.000002 2.379876 -0.004797 0.044742
    71 -2.382361 22.817424 1.363628 0.854270 0.716646 3.995500
    72 3.353216 0.000000 0.000000 0.439121 -0.019090 -0.164244
  time 17
    0 0.515880 4.635592 48.631277 0.024329 -0.122399 -2.359667
    1 0.623699 0.000000 0.000003 0.000000 -1.570460 -1.570704
    2 5.131858 -0.003107 0.000009 -0.000004 -0.000001 0.034787
    3 3.906668 -0.003288 0.000000 0.000296 -0.005825 0.013543
    4 4.137684 -0.008414 -0.000663 0.078634 -0.003368 0.042055
    5 10.751468 -0.002664 0.000000 0.000000 -0.000180 0.077819
    6 3.346881 -0.002666 0.000000 0.000000 0.000000 0.030000
    7 -3.144788 -1.447382 2.889395 1.023955 -1.204084 2.070159
    8 6.038856 0.000000 -0.000001 0.391738 0.914338 -0.685959
    9 17.594566 -0.000004 0.000002 0.000000 0.000000 -0.310638
    10 17.982992 0.000000 -0.000006 -1.670587 -0.209772 -0.005745
    11 2.813692 0.799020 -0.493428 2.411861 0.529196 1.109475
    12 2.065373 0.000001 -0.000001 0.000000 0.000000 0.649361
    13 2.094713 -0.000003 -0.000001 0.000000 0.000000 1.092984
    14 7.522001 -0.014966 -1.158110 -0.027860 -0.069746 0.911619
    15 3.200830 0.000001 0.000003 0.000000 0.000000 1.665586
    16 2.731238 0.000000 -0.000001 0.000000 0.000000 1.605716
    17 7.599252 -0.144514 0.591978 -0.045774 -0.060688 0.993546
    18 3.840996 -0.000001 0.000000 0.000000 0.000000 1.756866
    19 3.277485 0.000001 -0.000001 0.000000 0.000000 1.937328
    20 7.447638 -0.525788 2.367265 -0.140593 -0.120304 1.040144
    21 1.595202 -0.000001 -0.000001 0.000000 0.000000 0.255799
    22 1.772448 -0.000002 0.000002 0.000000 0.000000 1.067978
    23 2.053078 1.133877 -2.827966 -0.588950 -0.379171 3.344775
    24 -3.144791 -1.447366 -2.889401 0.018085 1.370587 3.080753
    25 6.038852 0.000004 -0.000008 -0.851616 -0.769217 -0.314518
    26 17.594563 0.000003 -0.000002 0.000000 0.000000 -0.382522
    27 17.982986 -0.000004 0.000005 2.662050 0.336715 -0.488294
    28 2.813690 0.799022 0.493427 -2.853948 0.431148 1.731425
    29 2.065372 -0.000003 0.000001 0.000000 0.000000 0.912325
    30 2.094710 -0.000001 -0.000001 0.000000 0.000000 0.685125
    31 7.521998 -0.014968 1.158108 -0.175699 -0.043345 1.404057
    32 3.200824 0.000000 0.000003 0.000000 0.000000 1.350746
    33 2.731232 0.000000 -0.000003 0.000000 0.000000 0.924163
    34 7.599246 -0.144515 -0.591977 -0.160049 -0.087250 1.261686
    35 3.840997 0.000002 -0.000002 0.000000 0.000000 1.649531
    36 3.277479 0.000002 0.000001 0.000000 0.000000 1.255776
    37 7.447637 -0.525794 -2.367262 0.127901 0.133747 0.940063
    38 1.595204 0.000002 0.000001 0.000000 0.000000 0.756708
    39 1.772446 0.000000 0.000001 0.000000 0.000000 1.255814
    40 49.389511 35.067627 12.791978 -1.037544 0.423055 2.039819
    41 2.475312 0.465257 2.532361 -2.558621 0.195848 -3.108527
    42 -5.128644 0.181574 6.425846 2.983985 -0.113502 2.989225
    43 22.311974 -0.000001 0.000001 0.000000 0.000000 -0.371603
    44 22.311966 0.000001 0.000001 -0.145269 -0.095118 0.111802
    45 5.131754 6.470465 0.000002 0.000000 0.000000 1.570796
    46 -5.128649 0.181606 -6.425846 -3.016793 0.116554 2.990047
    47 22.311972 -0.000001 0.000001 0.000000 0.000000 -0.485052
    48 22.311968 0.000001 0.000000 0.190276 0.058809 0.235969
    49 5.131752 6.470467 0.000000 0.000000 0.000000 1.570796
    50 -18.161344 -8.534073 8.935962 -1.403768 -1.443818 -0.147685
    51 -0.280860 -13.472143 -3.813339 0.187422 -0.000086 -0.028347
    52 -17.429821 -9.355678 -9.915888 1.497122 -1.420332 -2.998338
    53 1.729139 -12.405115 -3.280624 0.260189 -0.007273 0.087560
    54 -20.381291 9.933641 -9.943464 1.497111 -1.420333 -2.998337
    55 2.051581 -16.235904 -2.249843 0.260208 -0.007255 0.087544
    56 -16.444878 11.611340 -5.859749 -1.346982 -1.521032 -0.153187
    57 3.976019 -9.269882 -0.563468 0.000000 0.000000 0.000000
    58 0.885534 -17.554847 2.545800 -0.157749 -0.002108 0.043612
    59 -19.957416 10.884345 9.518618 -1.403593 -1.443850 -0.147838
    60 -0.381754 -15.961615 -2.445794 0.187455 -0.000065 -0.028354
    61 2.828451 -0.071583 49.705528 0.000000 0.000000 -3.141591
    62 0.623697 0.000000 0.000000 -0.000086 -1.570451 -1.570709
    63 5.131855 -0.003106 0.000007 -0.000004 -0.000001 0.034787
    64 3.906619 -0.003290 0.000000 0.000000 0.000000 0.046513
    65 4.136856 -0.008541 0.000000 0.000000 0.000000 0.069769
    66 10.751477 -0.002665 0.000000 0.000000 0.000000 0.030000
    67 -3.078401 -1.591902 -2.889401 0.017994 1.370765 3.128431
    68 6.038855 0.000001 -0.000012 0.184657 -0.830690 -0.408307
    69 17.594568 -0.000002 0.000013 0.000000 0.000000 -0.210123
    70 17.982992 0.000000 -0.000002 2.379876 -0.004797 0.044742
    71 -2.409705 22.821330 1.324564 0.853773 0.714741 3.995500
    72 3.353216 0.000000 0.000000 0.439146 -0.018053 -0.155486
  time 18
    0 0.515880 4.588715 48.646902 0.024317 -0.119151 -2.359571
    1 0.623699 0.000000 0.000003 0.000000 -1.570460 -1.570704
    2 5.131858 -0.003107 0.000009 -0.000004 -0.000001 0.034787
    3 3.906668 -0.003288 0.000000 0.000333 -0.006148 0.011027
    4 4.137684 -0.008414 -0.000663 0.078661 -0.002804 0.035062
    5 10.751468 -0.002664 0.000000 0.000000 0.000000 0.076500
    6 3.346881 -0.002666 0.000000 0.000000 0.000000 0.030000
    7 -3.144788 -1.451288 2.889395 1.041015 -1.207988 2.053198
    8 6.038856 0.000000 -0.000001 0.391738 0.925947 -0.684168
    9 17.594566 -0.000004 0.000002 0.000000 0.000000 -0.312278
    10 17.982992 0.000000 -0.000006 -1.670248 -0.211294 -0.004066
    11 2.813692 0.799020 -0.493428 2.411840 0.529196 1.109475
    12 2.065373 0.000001 -0.000001 0.000000 0.000000 0.649361
    13 2.094713 -0.000003 -0.000001 0.000000 0.000000 1.092984
    14 7.522001 -0.014966 -1.158110 -0.027860 -0.069746 0.911619
    15 3.200830 0.000001 0.000003 0.000000 0.000000 1.665586
    16 2.731238 0.000000 -0.000001 0.000000 0.000000 1.605716
    17 7.599252 -0.144514 0.591978 -0.045774 -0.060676 0.993546
    18 3.840996 -0.000001 0.000000 0.000000 0.000000 1.756866
    19 3.277485 0.000001 -0.000001 0.000000 0.000000 1.937328
    20 7.447638 -0.525788 2.367265 -0.140593 -0.120304 1.040144
    21 1.595202 -0.000001 -0.000001 0.000000 0.000000 0.255799
    22 1.772448 -0.000002 0.000002 0.000000 0.000000 1.067978
    23 2.049172 1.133877 -2.827966 -0.588950 -0.379171 3.344775
    24 -3.144791 -1.451272 -2.889401 0.017994 1.370765 3.081964
    25 6.038852 0.000004 -0.000008 -0.872932 -0.770008 -0.310577
    26 17.594563 0.000003 -0.000002 0.000000 0.000000 -0.382159
    27 17.982986 -0.000004 0.000005 2.674662 0.346482 -0.485769
    28 2.813690 0.799022 0.493427 -2.853948 0.431148 1.731425
    29 2.065372 -0.000003 0.000001 0.000000 0.000000 0.912325
    30 2.094710 -0.000001 -0.000001 0.000000 0.000000 0.685149
    31 7.521998 -0.014968 1.158108 -0.175699 -0.043345 1.404057
    32 3.200824 0.000000 0.000003 0.000000 0.000000 1.350746
    33 2.731232 0.000000 -0.000003 0.000000 0.000000 0.924163
    34 7.599246 -0.144515 -0.591977 -0.160049 -0.087250 1.261686
    35 3.840997 0.000002 -0.000002 0.000000 0.000000 1.649531
    36 3.277479 0.000002 0.000001 0.000000 0.000000 1.255776
    37 7.447637 -0.525794 -2.367262 0.127901 0.133747 0.940063
    38 1.595204 0.000002 0.000001 0.000000 0.000000 0.756708
    39 1.772446 0.000000 0.000001 0.000000 0.000000 1.255814
    40 49.389511 35.067627 12.791978 -1.037544 0.423055 2.039819
    41 2.475312 0.465257 2.532361 -2.558621 0.195848 -3.108527
    42 -5.128644 0.181574 6.425846 2.984045 -0.112650 2.987283
    43 22.311974 -0.000001 0.000001 0.000000 0.000000 -0.370418
    44 22.311966 0.000001 0.000001 -0.145629 -0.094583 0.112036
    45 5.131754 6.470465 0.000002 0.000000 0.000000 1.570796
    46 -5.128649 0.181606 -6.425846 -3.017021 0.117016 2.988547
    47 22.311972 -0.000001 0.000001 0.000000 0.000000 -0.482914
    48 22.311968 0.000001 0.000000 0.190540 0.059576 0.235487
    49 5.131752 6.470467 0.000000 0.000000 0.000000 1.570796
    50 -18.161344 -8.534073 8.935962 -1.403768 -1.443818 -0.147685
    51 -0.280860 -13.472143 -3.813339 0.187422 -0.000086 -0.028347
    52 -17.429821 -9.355678 -9.915888 1.497122 -1.420332 -2.998350
    53 1.729139 -12.405115 -3.280624 0.260189 -0.007273 0.087560
    54 -20.381291 9.933641 -9.943464 1.497111 -1.420333 -2.998337
    55 2.051581 -16.235904 -2.249843 0.260208 -0.007255 0.087544
    56 -16.444878 11.611340 -5.855842 -1.346982 -1.521032 -0.153187
    57 3.976019 -9.269882 -0.563468 0.000000 0.000000 0.000000
    58 0.885534 -17.554847 2.545800 -0.157749 -0.002108 0.043612
    59 -19.957416 10.884345 9.518618 -1.403593 -1.443850 -0.147838
    60 -0.385660 -15.961615 -2.445794 0.187455 -0.000065 -0.028354
    61 2.828451 -0.071583 49.705528 0.000000 0.000000 -3.141591
    62 0.623697 0.000000 0.000000 -0.000086 -1.570451 -1.570709
    63 5.131855 -0.003106 0.000007 -0.000004 -0.000001 0.034787
    64 3.906619 -0.003290 0.000000 0.000000 0.000000 0.046513
    65 4.136856 -0.008541 0.000000 0.000000 0.000000 0.069769
    66 10.751477 -0.002665 0.000000 0.000000 0.000000 0.030000
    67 -3.078401 -1.591902 -2.889401 0.017994 1.370765 3.128431
    68 6.038855 0.000001 -0.000012 0.184657 -0.830690 -0.408307
    69 17.594568 -0.000002 0.000013 0.000000 0.000000 -0.210123
    70 17.982992 0.000000 -0.000002 2.379876 -0.004797 0.044742
    71 -2.433144 22.836956 1.289407 0.853192 0.713293 3.995883
    72 3.353216 0.000000 0.000000 0.439195 -0.017188 -0.145767
  time 19
    0 0.515880 4.549652 48.658621 0.024305 -0.115987 -2.359523
    1 0.623699 0.000000 0.000003 0.000000 -1.570460 -1.570704
    2 5.131858 -0.003107 0.000009 -0.000004 -0.000001 0.034787
    3 3.906668 -0.003288 0.000000 0.000351 -0.006472 0.008558
    4 4.137684 -0.008414 -0.000663 0.078661 -0.002277 0.028263
    5 10.751468 -0.002664 0.000000 -0.000012 0.000240 0.073995
    6 3.346881 -0.002666 0.000000 0.000000 0.000000 0.030000
    7 -3.144788 -1.459101 2.889395 1.056740 -1.211454 2.038824
    8 6.038856 0.000000 -0.000001 0.392109 0.936762 -0.682108
    9 17.594566 -0.000004 0.000002 0.000000 0.000000 -0.314011
    10 17.982992 0.000000 -0.000006 -1.669977 -0.213164 -0.001767
    11 2.813692 0.799020 -0.493428 2.411840 0.529196 1.109475
    12 2.065373 0.000001 -0.000001 0.000000 0.000000 0.649361
    13 2.094713 -0.000003 -0.000001 0.000000 0.000000 1.092984
    14 7.522001 -0.014966 -1.158110 -0.027860 -0.069746 0.911619
    15 3.200830 0.000001 0.000003 0.000000 0.000000 1.665586
    16 2.731238 0.000000 -0.000001 0.000000 0.000000 1.605716
    17 7.599252 -0.144514 0.591978 -0.045774 -0.060676 0.993546
    18 3.840996 -0.000001 0.000000 0.000000 0.000000 1.756866
    19 3.277485 0.000001 -0.000001 0.000000 0.000000 1.937328
    20 7.447638 -0.525788 2.367265 -0.140593 -0.120304 1.040144
    21 1.595202 -0.000001 -0.000001 0.000000 0.000000 0.255799
    22 1.772448 -0.000002 0.000002 0.000000 0.000000 1.067978
    23 2.053078 1.133877 -2.827966 -0.588950 -0.379171 3.344775
    24 -3.140885 -1.459085 -2.889401 0.017903 1.370982 3.084302
    25 6.038852 0.000004 -0.000008 -0.896637 -0.770261 -0.307483
    26 17.594563 0.000003 -0.000002 0.000000 0.000000 -0.381647
    27 17.982986 -0.000004 0.000005 2.689880 0.358784 -0.482434
    28 2.813690 0.799022 0.493427 -2.853948 0.431148 1.731425
    29 2.065372 -0.000003 0.000001 0.000000 0.000000 0.912325
    30 2.094710 -0.000001 -0.000001 0.000000 0.000000 0.685125
    31 7.521998 -0.014968 1.158108 -0.175699 -0.043345 1.404057
    32 3.200824 0.000000 0.000003 0.000000 0.000000 1.350746
    33 2.731232 0.000000 -0.000003 0.000000 0.000000 0.924163
    34 7.599246 -0.144515 -0.591977 -0.160049 -0.087250 1.261686
    35 3.840997 0.000002 -0.000002 0.000000 0.000000 1.649531
    36 3.277479 0.000002 0.000001 0.000000 0.000000 1.255776
    37 7.447637 -0.525794 -2.367262 0.127901 0.133747 0.940063
    38 1.595204 0.000002 0.000001 0.000000 0.000000 0.756708
    39 1.772446 0.000000 0.000001 0.000000 0.000000 1.255814
    40 49.389511 35.067627 12.791978 -1.037544 0.423055 2.039819
    41 2.475312 0.465257 2.532361 -2.558621 0.195848 -3.108527
    42 -5.128644 0.181574 6.425846 2.984117 -0.111856 2.985393
    43 22.311974 -0.000001 0.000001 0.000000 0.000000 -0.369234
    44 22.311966 0.000001 0.000001 -0.145965 -0.094067 0.112296
    45 5.131754 6.470465 0.000002 0.000000 0.000000 1.570796
    46 -5.128649 0.181606 -6.425846 -3.017236 0.117490 2.987140
    47 22.311972 -0.000001 0.000001 0.000000 0.000000 -0.480709
    48 22.311968 0.000001 0.000000 0.190805 0.060343 0.234991
    49 5.131752 6.470467 0.000000 0.000000 0.000000 1.570796
    50 -18.165250 -8.534073 8.935962 -1.403768 -1.443818 -0.147685
    51 -0.280860 -13.472143 -3.813339 0.187422 -0.000086 -0.028347
    52 -17.429821 -9.355678 -9.915888 1.497122 -1.420332 -2.998350
    53 1.729139 -12.405115 -3.280624 0.260189 -0.007273 0.087560
    54 -20.385197 9.933641 -9.947371 1.497111 -1.420333 -2.998337
    55 2.051581 -16.235904 -2.245937 0.260208 -0.007255 0.087544
    56 -16.444878 11.611340 -5.859749 -1.346982 -1.521032 -0.153187
    57 3.976019 -9.269882 -0.567375 0.000000 0.000000 0.000000
    58 0.885534 -17.554847 2.545800 -0.157749 -0.002108 0.043612
    59 -19.961323 10.884345 9.518618 -1.403593 -1.443850 -0.147838
    60 -0.381754 -15.961615 -2.445794 0.187455 -0.000065 -0.028354
    61 2.828451 -0.071583 49.705528 0.000000 0.000000 -3.141591
    62 0.623697 0.000000 0.000000 -0.000086 -1.570451 -1.570709
    63 5.131855 -0.003106 0.000007 -0.000004 -0.000001 0.034787
    64 3.906619 -0.003290 0.000000 0.000000 0.000000 0.046513
    65 4.136856 -0.008541 0.000000 0.000000 0.000000 0.069769
    66 10.751477 -0.002665 0.000000 0.000000 0.000000 0.030000
    67 -3.078401 -1.591902 -2.889401 0.017994 1.370765 3.128431
    68 6.038855 0.000001 -0.000012 0.184657 -0.830690 -0.408307
    69 17.594568 -0.000002 0.000013 0.000000 0.000000 -0.210123
    70 17.982992 0.000000 -0.000002 2.379876 -0.004797 0.044742
    71 -2.456582 22.844769 1.262062 0.852280 0.712299 3.996554
    72 3.349310 0.000000 0.000000 0.439244 -0.016612 -0.134673
  time 20
    0 0.515880 4.510588 48.670340 0.024293 -0.112931 -2.359428
    1 0.623699 0.000000 0.000003 0.000000 -1.570460 -1.570704
    2 5.131858 -0.003107 0.000009 -0.000004 -0.000001 0.034787
    3 3.906668 -0.003288 0.000000 0.000407 -0.006771 0.006173
    4 4.137684 -0.008414 -0.000663 0.078688 -0.001762 0.021658
    5 10.751468 -0.002664 0.000000 -0.000024 0.000539 0.070196
    6 3.346881 -0.002666 0.000000 0.000000 0.000000 0.030000
    7 -3.140881 -1.474726 2.889395 1.071036 -1.214452 2.027229
    8 6.038856 0.000000 -0.000001 0.392851 0.946824 -0.680048
    9 17.594566 -0.000004 0.000002 0.000000 0.000000 -0.315933
    10 17.982992 0.000000 -0.000006 -1.669807 -0.215339 0.001083
    11 2.813692 0.799020 -0.493428 2.411840 0.529196 1.109475
    12 2.065373 0.000001 -0.000001 0.000000 0.000000 0.649361
    13 2.094713 -0.000003 -0.000001 0.000000 0.000000 1.092984
    14 7.522001 -0.014966 -1.158110 -0.027860 -0.069746 0.911619
    15 3.200830 0.000001 0.000003 0.000000 0.000000 1.665586
    16 2.731238 0.000000 -0.000001 0.000000 0.000000 1.605716
    17 7.599252 -0.144514 0.591978 -0.045774 -0.060676 0.993546
    18 3.840996 -0.000001 0.000000 0.000000 0.000000 1.756866
    19 3.277485 0.000001 -0.000001 0.000000 0.000000 1.937328
    20 7.447638 -0.525788 2.367265 -0.140593 -0.120304 1.040144
    21 1.595202 -0.000001 -0.000001 0.000000 0.000000 0.255799
    22 1.772448 -0.000002 0.000002 0.000000 0.000000 1.067978
    23 2.049172 1.133877 -2.827966 -0.588950 -0.379171 3.344775
    24 -3.133072 -1.470804 -2.889401 0.017767 1.371298 3.087934
    25 6.038852 0.000004 -0.000008 -0.922193 -0.770198 -0.305279
    26 17.594563 0.000003 -0.000002 0.000000 0.000000 -0.381021
    27 17.982986 -0.000004 0.000005 2.707304 0.373211 -0.478242
    28 2.813690 0.799022 0.493427 -2.853948 0.431148 1.731425
    29 2.065372 -0.000003 0.000001 0.000000 0.000000 0.912325
    30 2.094710 -0.000001 -0.000001 0.000000 0.000000 0.685125
    31 7.521998 -0.014968 1.158108 -0.175699 -0.043345 1.404057
    32 3.200824 0.000000 0.000003 0.000000 0.000000 1.350746
    33 2.731232 0.000000 -0.000003 0.000000 0.000000 0.924163
    34 7.599246 -0.144515 -0.591977 -0.160049 -0.087250 1.261686
    35 3.840997 0.000002 -0.000002 0.000000 0.000000 1.649531
    36 3.277479 0.000002 0.000001 0.000000 0.000000 1.255776
    37 7.447637 -0.525794 -2.367262 0.127913 0.133747 0.940063
    38 1.595204 0.000002 0.000001 0.000000 0.000000 0.756708
    39 1.772446 0.000000 0.000001 0.000000 0.000000 1.255814
    40 49.389511 35.067627 12.791978 -1.037544 0.423055 2.039819
    41 2.475312 0.465257 2.532361 -2.558621 0.195848 -3.108527
    42 -5.128644 0.181574 6.425846 2.984165 -0.111023 2.983608
    43 22.311974 -0.000001 0.000001 0.000000 0.000000 -0.368122
    44 22.311966 0.000001 0.000001 -0.146325 -0.093514 0.112556
    45 5.131754 6.470465 0.000002 0.000000 0.000000 1.570796
    46 -5.128649 0.181606 -6.425846 -3.017452 0.117951 2.985803
    47 22.311972 -0.000001 0.000001 0.000000 0.000000 -0.478571
    48 22.311968 0.000001 0.000000 0.191047 0.061097 0.234509
    49 5.131752 6.470467 0.000000 0.000000 0.000000 1.570796
    50 -18.161344 -8.534073 8.935962 -1.403768 -1.443818 -0.147685
    51 -0.280860 -13.472143 -3.813339 0.187422 -0.000086 -0.028347
    52 -17.429821 -9.355678 -9.915888 1.497122 -1.420332 -2.998350
    53 1.729139 -12.405115 -3.280624 0.260189 -0.007273 0.087560
    54 -20.381291 9.933641 -9.947371 1.497111 -1.420333 -2.998337
    55 2.051581 -16.235904 -2.249843 0.260208 -0.007255 0.087544
    56 -16.444878 11.611340 -5.859749 -1.346982 -1.521032 -0.153187
    57 3.979926 -9.269882 -0.567375 0.000000 0.000000 0.000000
    58 0.885534 -17.554847 2.545800 -0.157749 -0.002108 0.043612
    59 -19.957416 10.884345 9.518618 -1.403593 -1.443850 -0.147838
    60 -0.381754 -15.961615 -2.445794 0.187455 -0.000065 -0.028354
    61 2.828451 -0.071583 49.705528 0.000000 0.000000 -3.141591
    62 0.623697 0.000000 0.000000 -0.000086 -1.570451 -1.570709
    63 5.131855 -0.003106 0.000007 -0.000004 -0.000001 0.034787
    64 3.906619 -0.003290 0.000000 0.000000 0.000000 0.046513
    65 4.136856 -0.008541 0.000000 0.000000 0.000000 0.069769
    66 10.751477 -0.002665 0.000000 0.000000 0.000000 0.030000
    67 -3.078401 -1.591902 -2.889401 0.017994 1.370765 3.128431
    68 6.038855 0.000001 -0.000012 0.184657 -0.830690 -0.408307
    69 17.594568 -0.000002 0.000013 0.000000 0.000000 -0.210123
    70 17.982992 0.000000 -0.000002 2.379876 -0.004797 0.044742
    71 -2.480020 22.856488 1.242530 0.851368 0.711719 3.997608
    72 3.353216 0.000000 0.000000 0.439244 -0.016338 -0.122071
  time 21
    0 0.515880 4.463712 48.682060 0.024293 -0.109959 -2.359332
    1 0.623699 0.000000 0.000003 0.000000 -1.570460 -1.570704
    2 5.131858 -0.003107 0.000009 -0.000004 -0.000001 0.034787
    3 3.906668 -0.003288 0.000000 0.000407 -0.007083 0.003860
    4 4.137684 -0.008414 -0.000663 0.078702 -0.001246 0.015279
    5 10.751468 -0.002664 0.000000 -0.000048 0.000923 0.065247
    6 3.346881 -0.002666 0.000000 0.000000 0.000000 0.030000
    7 -3.129162 -1.490352 2.889395 1.083998 -1.217107 2.018222
    8 6.038856 0.000000 -0.000001 0.393964 0.956111 -0.677719
    9 17.594566 -0.000004 0.000002 0.000000 0.000000 -0.317995
    10 17.982992 0.000000 -0.000006 -1.669740 -0.217753 0.004442
    11 2.813692 0.799020 -0.493428 2.411840 0.529196 1.109475
    12 2.065373 0.000001 -0.000001 0.000000 0.000000 0.649361
    13 2.094713 -0.000003 -0.000001 0.000000 0.000000 1.092984
    14 7.522001 -0.014966 -1.158110 -0.027860 -0.069746 0.911619
    15 3.200830 0.000001 0.000003 0.000000 0.000000 1.665586
    16 2.731238 0.000000 -0.000001 0.000000 0.000000 1.605716
    17 7.599252 -0.144514 0.591978 -0.045774 -0.060688 0.993546
    18 3.840996 -0.000001 0.000000 0.000000 0.000000 1.756866
    19 3.277485 0.000001 -0.000001 0.000000 0.000000 1.937328
    20 7.447638 -0.525788 2.367265 -0.140593 -0.120304 1.040144
    21 1.595202 -0.000001 -0.000001 0.000000 0.000000 0.255799
    22 1.772448 -0.000002 0.000002 0.000000 0.000000 1.067978
    23 2.049172 1.133877 -2.824059 -0.588950 -0.379171 3.344775
    24 -3.125260 -1.486430 -2.889401 0.017494 1.371654 3.092694
    25 6.038852 0.000004 -0.000008 -0.949302 -0.769755 -0.303923
    26 17.594563 0.000003 -0.000002 0.000000 0.000000 -0.380229
    27 17.982986 -0.000004 0.000005 2.726630 0.389353 -0.473240
    28 2.813690 0.799022 0.493427 -2.853948 0.431148 1.731425
    29 2.065372 -0.000003 0.000001 0.000000 0.000000 0.912325
    30 2.094710 -0.000001 -0.000001 0.000000 0.000000 0.685149
    31 7.521998 -0.014968 1.158108 -0.175699 -0.043345 1.404057
    32 3.200824 0.000000 0.000003 0.000000 0.000000 1.350746
    33 2.731232 0.000000 -0.000003 0.000000 0.000000 0.924163
    34 7.599246 -0.144515 -0.591977 -0.160049 -0.087250 1.261686
    35 3.840997 0.000002 -0.000002 0.000000 0.000000 1.649531
    36 3.277479 0.000002 0.000001 0.000000 0.000000 1.255776
    37 7.447637 -0.525794 -2.367262 0.127889 0.133747 0.940063
    38 1.595204 0.000002 0.000001 0.000000 0.000000 0.756708
    39 1.772446 0.000000 0.000001 0.000000 0.000000 1.255814
    40 49.389511 35.067627 12.791978 -1.037544 0.423055 2.039819
    41 2.475312 0.465257 2.532361 -2.558621 0.195848 -3.108527
    42 -5.128644 0.181574 6.425846 2.984201 -0.110247 2.981890
    43 22.311974 -0.000001 0.000001 0.000000 0.000000 -0.366974
    44 22.311966 0.000001 0.000001 -0.146637 -0.092979 0.112790
    45 5.131754 6.470465 0.000002 0.000000 0.000000 1.570796
    46 -5.128649 0.181606 -6.425846 -3.017680 0.118412 2.984537
    47 22.311972 -0.000001 0.000001 0.000000 0.000000 -0.476432
    48 22.311968 0.000001 0.000000 0.191289 0.061864 0.234026
    49 5.131752 6.470467 0.000000 0.000000 0.000000 1.570796
    50 -18.161344 -8.534073 8.935962 -1.403768 -1.443818 -0.147610
    51 -0.280860 -13.472143 -3.813339 0.187422 -0.000086 -0.028347
    52 -17.429821 -9.359584 -9.915888 1.497122 -1.420332 -2.998350
    53 1.729139 -12.405115 -3.280624 0.260189 -0.007273 0.087560
    54 -20.385197 9.933641 -9.943464 1.497111 -1.420333 -2.998349
    55 2.051581 -16.235904 -2.249843 0.260208 -0.007255 0.087544
    56 -16.444878 11.611340 -5.855842 -1.346982 -1.521032 -0.153103
    57 3.976019 -9.269882 -0.563468 0.000000 0.000000 0.000000
    58 0.885534 -17.554847 2.545800 -0.157749 -0.002108 0.043612
    59 -19.961323 10.884345 9.522525 -1.403593 -1.443850 -0.147838
    60 -0.381754 -15.961615 -2.445794 0.187455 -0.000065 -0.028354
    61 2.828451 -0.071583 49.705528 0.000000 0.000000 -3.141591
    62 0.623697 0.000000 0.000000 -0.000086 -1.570451 -1.570709
    63 5.131855 -0.003106 0.000007 -0.000004 -0.000001 0.034787
    64 3.906619 -0.003290 0.000000 0.000000 0.000000 0.046513
    65 4.136856 -0.008541 0.000000 0.000000 0.000000 0.069769
    66 10.751477 -0.002665 0.000000 0.000000 0.000000 0.030000
    67 -3.078401 -1.591902 -2.889401 0.017994 1.370765 3.128431
    68 6.038855 0.000001 -0.000012 0.184657 -0.830690 -0.408307
    69 17.594568 -0.000002 0.000013 0.000000 0.000000 -0.210123
    70 17.982992 0.000000 -0.000002 2.379876 -0.004797 0.044742
    71 -2.503458 22.872113 1.226905 0.850290 0.711430 3.998950
    72 3.353216 0.000000 0.000000 0.439293 -0.016338 -0.108180
  time 22
    0 0.515880 4.428554 48.693779 0.024281 -0.107106 -2.359284
    1 0.623699 0.000000 0.000003 0.000000 -1.570460 -1.570704
    2 5.131858 -0.003107 0.000009 -0.000004 -0.000001 0.034787
    3 3.906668 -0.003288 0.000000 0.000444 -0.007359 0.001631
    4 4.137684 -0.008414 -0.000663 0.078702 -0.000779 0.009142
    5 10.751468 -0.002664 0.000000 -0.000072 0.001330 0.059290
    6 3.346881 -0.002666 0.000000 0.000000 0.000000 0.030000
    7 -3.125256 -1.505977 2.889395 1.095625 -1.219418 2.011514
    8 6.038856 0.000000 -0.000001 0.395449 0.964666 -0.675212
    9 17.594566 -0.000004 0.000002 0.000000 0.000000 -0.320291
    10 17.982992 0.000000 -0.000006 -1.669706 -0.220407 0.008243
    11 2.813692 0.799020 -0.493428 2.411840 0.529196 1.109475
    12 2.065373 0.000001 -0.000001 0.000000 0.000000 0.649361
    13 2.094713 -0.000003 -0.000001 0.000000 0.000000 1.092984
    14 7.522001 -0.014966 -1.158110 -0.027860 -0.069734 0.911619
    15 3.200830 0.000001 0.000003 0.000000 0.000000 1.665586
    16 2.731238 0.000000 -0.000001 0.000000 0.000000 1.605716
    17 7.599252 -0.144514 0.591978 -0.045774 -0.060676 0.993546
    18 3.840996 -0.000001 0.000000 0.000000 0.000000 1.756866
    19 3.277485 0.000001 -0.000001 0.000000 0.000000 1.937328
    20 7.447638 -0.525788 2.367265 -0.140593 -0.120304 1.040144
    21 1.595202 -0.000001 -0.000001 0.000000 0.000000 0.255799
    22 1.772448 -0.000002 0.000002 0.000000 0.000000 1.067978
    23 2.049172 1.133877 -2.827966 -0.588950 -0.379171 3.344775
    24 -3.113541 -1.505962 -2.893308 0.017358 1.372089 3.098455
    25 6.038852 0.000004 -0.000008 -0.977306 -0.769154 -0.303245
    26 17.594563 0.000003 -0.000002 0.000000 0.000000 -0.379371
    27 17.982986 -0.000004 0.000005 2.747517 0.406799 -0.467428
    28 2.813690 0.799022 0.493427 -2.853948 0.431148 1.731425
    29 2.065372 -0.000003 0.000001 0.000000 0.000000 0.912325
    30 2.094710 -0.000001 -0.000001 0.000000 0.000000 0.685125
    31 7.521998 -0.014968 1.158108 -0.175699 -0.043345 1.404057
    32 3.200824 0.000000 0.000003 0.000000 0.000000 1.350746
    33 2.731232 0.000000 -0.000003 0.000000 0.000000 0.924163
    34 7.599246 -0.144515 -0.591977 -0.160049 -0.087250 1.261686
    35 3.840997 0.000002 -0.000002 0.000000 0.000000 1.649531
    36 3.277479 0.000002 0.000001 0.000000 0.000000 1.255776
    37 7.447637 -0.525794 -2.367262 0.127913 0.133747 0.940063
    38 1.595204 0.000002 0.000001 0.000000 0.000000 0.756708
    39 1.772446 0.000000 0.000001 0.000000 0.000000 1.255814
    40 49.389511 35.067627 12.791978 -1.037544 0.423055 2.039819
    41 2.475312 0.465257 2.532361 -2.558621 0.195848 -3.108527
    42 -5.128644 0.181574 6.425846 2.984237 -0.109453 2.980278
    43 22.311974 -0.000001 0.000001 0.000000 0.000000 -0.365825
    44 22.311966 0.000001 0.000001 -0.146949 -0.092463 0.113050
    45 5.131754 6.470465 0.000002 0.000000 0.000000 1.570796
    46 -5.128649 0.181606 -6.425846 -3.017860 0.118873 2.983412
    47 22.311972 -0.000001 0.000001 0.000000 0.000000 -0.474360
    48 22.311968 0.000001 0.000000 0.191509 0.062590 0.233556
    49 5.131752 6.470467 0.000000 0.000000 0.000000 1.570796
    50 -18.161344 -8.534073 8.935962 -1.403676 -1.443818 -0.147685
    51 -0.280860 -13.472143 -3.813339 0.187422 -0.000086 -0.028347
    52 -17.429821 -9.355678 -9.915888 1.497122 -1.420332 -2.998350
    53 1.729139 -12.405115 -3.280624 0.260189 -0.007273 0.087560
    54 -20.381291 9.933641 -9.943464 1.497111 -1.420333 -2.998337
    55 2.051581 -16.235904 -2.249843 0.260208 -0.007255 0.087544
    56 -16.444878 11.611340 -5.855842 -1.346982 -1.521032 -0.153187
    57 3.976019 -9.269882 -0.567375 0.000000 0.000000 0.000000
    58 0.885534 -17.554847 2.545800 -0.157749 -0.002108 0.043612
    59 -19.957416 10.884345 9.518618 -1.403593 -1.443850 -0.147838
    60 -0.385660 -15.961615 -2.445794 0.187455 -0.000065 -0.028354
    61 2.828451 -0.071583 49.705528 0.000000 0.000000 -3.141591
    62 0.623697 0.000000 0.000000 -0.000086 -1.570451 -1.570709
    63 5.131855 -0.003106 0.000007 -0.000004 -0.000001 0.034787
    64 3.906619 -0.003290 0.000000 0.000000 0.000000 0.046513
    65 4.136856 -0.008541 0.000000 0.000000 0.000000 0.069769
    66 10.751477 -0.002665 0.000000 0.000000 0.000000 0.030000
    67 -3.078401 -1.591902 -2.889401 0.017994 1.370765 3.128431
    68 6.038855 0.000001 -0.000012 0.184657 -0.830690 -0.408307
    69 17.594568 -0.000002 0.000013 0.000000 0.000000 -0.210123
    70 17.982992 0.000000 -0.000002 2.379876 -0.004797 0.044742
    71 -2.530803 22.879926 1.219092 0.848963 0.711430 4.000483
    72 3.353216 0.000000 0.000000 0.439342 -0.016569 -0.093329
  time 23
    0 0.515880 4.381678 48.701591 0.024281 -0.104398 -2.359236
    1 0.623699 0.000000 0.000003 0.000000 -1.570460 -1.570704
    2 5.131858 -0.003107 0.000009 -0.000004 -0.000001 0.034787
    3 3.906668 -0.003288 0.000000 0.000481 -0.007622 -0.000503
    4 4.137684 -0.008414 -0.000663 0.078702 -0.000312 0.003279
    5 10.751468 -0.002664 0.000000 -0.000108 0.001798 0.052519
    6 3.346881 -0.002666 0.000000 0.000000 0.000000 0.030000
    7 -3.117443 -1.529416 2.889395 1.106013 -1.221386 2.007010
    8 6.038856 0.000000 -0.000001 0.397304 0.972487 -0.672525
    9 17.594566 -0.000004 0.000002 0.000000 0.000000 -0.322774
    10 17.982992 0.000000 -0.000006 -1.669774 -0.223212 0.012397
    11 2.813692 0.799020 -0.493428 2.411840 0.529196 1.109475
    12 2.065373 0.000001 -0.000001 0.000000 0.000000 0.649361
    13 2.094713 -0.000003 -0.000001 0.000000 0.000000 1.092984
    14 7.522001 -0.014966 -1.158110 -0.027860 -0.069746 0.911619
    15 3.200830 0.000001 0.000003 0.000000 0.000000 1.665586
    16 2.731238 0.000000 -0.000001 0.000000 0.000000 1.605716
    17 7.599252 -0.144514 0.591978 -0.045774 -0.060688 0.993546
    18 3.840996 -0.000001 0.000000 0.000000 0.000000 1.756866
    19 3.277485 0.000001 -0.000001 0.000000 0.000000 1.937328
    20 7.447638 -0.525788 2.367265 -0.140593 -0.120304 1.040144
    21 1.595202 -0.000001 -0.000001 0.000000 0.000000 0.255799
    22 1.772448 -0.000002 0.000002 0.000000 0.000000 1.067978
    23 2.053078 1.133877 -2.827966 -0.588950 -0.379171 3.344775
    24 -3.105728 -1.529400 -2.893308 0.017131 1.372543 3.105010
    25 6.038852 0.000004 -0.000008 -1.005848 -0.768363 -0.303160
    26 17.594563 0.000003 -0.000002 0.000000 0.000000 -0.378430
    27 17.982986 -0.000004 0.000005 2.769582 0.425140 -0.460758
    28 2.813690 0.799022 0.493427 -2.853948 0.431148 1.731425
    29 2.065372 -0.000003 0.000001 0.000000 0.000000 0.912325
    30 2.094710 -0.000001 -0.000001 0.000000 0.000000 0.685125
    31 7.521998 -0.014968 1.158108 -0.175699 -0.043345 1.404057
    32 3.200824 0.000000 0.000003 0.000000 0.000000 1.350746
    33 2.731232 0.000000 -0.000003 0.000000 0.000000 0.924163
    34 7.599246 -0.144515 -0.591977 -0.160049 -0.087250 1.261686
    35 3.840997 0.000002 -0.000002 0.000000 0.000000 1.649531
    36 3.277479 0.000002 0.000001 0.000000 0.000000 1.255776
    37 7.447637 -0.525794 -2.367262 0.127913 0.133747 0.940063
    38 1.595204 0.000002 0.000001 0.000000 0.000000 0.756708
    39 1.772446 0.000000 0.000001 0.000000 0.000000 1.255814
    40 49.389511 35.067627 12.791978 -1.037544 0.423055 2.039819
    41 2.475312 0.465257 2.532361 -2.558621 0.195848 -3.108527
    42 -5.128644 0.181574 6.425846 2.984273 -0.108658 2.978771
    43 22.311974 -0.000001 0.000001 0.000000 0.000000 -0.364785
    44 22.311966 0.000001 0.000001 -0.147261 -0.091947 0.113283
    45 5.131754 6.470465 0.000002 0.000000 0.000000 1.570796
    46 -5.128649 0.181606 -6.425846 -3.018051 0.119347 2.982356
    47 22.311972 -0.000001 0.000001 0.000000 0.000000 -0.472287
    48 22.311968 0.000001 0.000000 0.191707 0.063343 0.233099
    49 5.131752 6.470467 0.000000 0.000000 0.000000 1.570796
    50 -18.161344 -8.534073 8.935962 -1.403768 -1.443818 -0.147685
    51 -0.280860 -13.472143 -3.813339 0.187422 -0.000086 -0.028347
    52 -17.429821 -9.355678 -9.915888 1.497122 -1.420332 -2.998350
    53 1.729139 -12.405115 -3.280624 0.260189 -0.007273 0.087560
    54 -20.381291 9.933641 -9.947371 1.497111 -1.420333 -2.998337
    55 2.051581 -16.235904 -2.249843 0.260208 -0.007255 0.087544
    56 -16.444878 11.611340 -5.855842 -1.346982 -1.521032 -0.153187
    57 3.979926 -9.269882 -0.567375 0.000000 0.000000 0.000000
    58 0.885534 -17.554847 2.545800 -0.157749 -0.002108 0.043612
    59 -19.957416 10.884345 9.522525 -1.403593 -1.443850 -0.147838
    60 -0.381754 -15.961615 -2.445794 0.187455 -0.000065 -0.028354
    61 2.828451 -0.071583 49.705528 0.000000 0.000000 -3.141591
    62 0.623697 0.000000 0.000000 -0.000086 -1.570451 -1.570709
    63 5.131855 -0.003106 0.000007 -0.000004 -0.000001 0.034787
    64 3.906619 -0.003290 0.000000 0.000000 0.000000 0.046513
    65 4.136856 -0.008541 0.000000 0.000000 0.000000 0.069769
    66 10.751477 -0.002665 0.000000 0.000000 0.000000 0.030000
    67 -3.078401 -1.591902 -2.889401 0.017994 1.370765 3.128431
    68 6.038855 0.000001 -0.000012 0.184657 -0.830690 -0.408307
    69 17.594568 -0.000002 0.000013 0.000000 0.000000 -0.210123
    70 17.982992 0.000000 -0.000002 2.379876 -0.004797 0.044742
    71 -2.550335 22.895551 1.207373 0.847636 0.711802 4.002208
    72 3.353216 0.000000 0.000000 0.439342 -0.017001 -0.077691
  time 24
    0 0.515880 4.342614 48.709404 0.024269 -0.101797 -2.359140
    1 0.623699 0.000000 0.000003 0.000000 -1.570460 -1.570704
    2 5.131858 -0.003107 0.000009 -0.000004 -0.000001 0.034787
    3 3.906668 -0.003288 0.000000 0.000481 -0.007898 -0.002516
    4 4.137684 -0.008414 -0.000663 0.078702 0.000108 -0.002277
    5 10.751468 -0.002664 0.000000 -0.000156 0.002277 0.045089
    6 3.346881 -0.002666 0.000000 0.000000 0.000000 0.030000
    7 -3.101818 -1.552854 2.889395 1.115163 -1.223072 2.004710
    8 6.038856 0.000000 -0.000001 0.399531 0.979595 -0.669569
    9 17.594566 -0.000004 0.000002 0.000000 0.000000 -0.325633
    10 17.982992 0.000000 -0.000006 -1.669841 -0.226148 0.016861
    11 2.813692 0.799020 -0.493428 2.411840 0.529196 1.109475
    12 2.065373 0.000001 -0.000001 0.000000 0.000000 0.649361
    13 2.094713 -0.000003 -0.000001 0.000000 0.000000 1.092984
    14 7.522001 -0.014966 -1.158110 -0.027860 -0.069746 0.911619
    15 3.200830 0.000001 0.000003 0.000000 0.000000 1.665586
    16 2.731238 0.000000 -0.000001 0.000000 0.000000 1.605716
    17 7.599252 -0.144514 0.591978 -0.045774 -0.060688 0.993546
    18 3.840996 -0.000001 0.000000 0.000000 0.000000 1.756866
    19 3.277485 0.000001 -0.000001 0.000000 0.000000 1.937328
    20 7.447638 -0.525788 2.367265 -0.140593 -0.120304 1.040144
    21 1.595202 -0.000001 -0.000001 0.000000 0.000000 0.255799
    22 1.772448 -0.000002 0.000002 0.000000 0.000000 1.067978
    23 2.053078 1.133877 -2.827966 -0.588950 -0.379171 3.344775
    24 -3.094009 -1.548932 -2.893308 0.016904 1.373037 3.112232
    25 6.038852 0.000004 -0.000008 -1.034568 -0.767572 -0.303499
    26 17.594563 0.000003 -0.000002 0.000000 0.000000 -0.377441
    27 17.982986 -0.000004 0.000005 2.792485 0.444041 -0.453374
    28 2.813690 0.799022 0.493427 -2.853948 0.431148 1.731425
    29 2.065372 -0.000003 0.000001 0.000000 0.000000 0.912325
    30 2.094710 -0.000001 -0.000001 0.000000 0.000000 0.685125
    31 7.521998 -0.014968 1.158108 -0.175699 -0.043345 1.404057
    32 3.200824 0.000000 0.000003 0.000000 0.000000 1.350746
    33 2.731232 0.000000 -0.000003 0.000000 0.000000 0.924163
    34 7.599246 -0.144515 -0.591977 -0.160049 -0.087250 1.261686
    35 3.840997 0.000002 -0.000002 0.000000 0.000000 1.649531
    36 3.277479 0.000002 0.000001 0.000000 0.000000 1.255776
    37 7.447637 -0.525794 -2.367262 0.127913 0.133747 0.940063
    38 1.595204 0.000002 0.000001 0.000000 0.000000 0.756708
    39 1.772446 0.000000 0.000001 0.000000 0.000000 1.255814
    40 49.389511 35.067627 12.791978 -1.037544 0.423055 2.039819
    41 2.475312 0.465257 2.532361 -2.558621 0.195848 -3.108527
    42 -5.128644 0.181574 6.425846 2.984273 -0.107901 2.977370
    43 22.311974 -0.000001 0.000001 0.000000 0.000000 -0.363744
    44 22.311966 0.000001 0.000001 -0.147549 -0.091394 0.113881
    45 5.131754 6.470465 0.000002 0.000000 0.000000 1.570796
    46 -5.128649 0.181606 -6.425846 -3.018231 0.119796 2.981418
    47 22.311972 -0.000001 0.000001 0.000000 0.000000 -0.470280
    48 22.311968 0.000001 0.000000 0.191927 0.064069 0.232655
    49 5.131752 6.470467 0.000000 0.000000 0.000000 1.570796
    50 -18.161344 -8.534073 8.935962 -1.403768 -1.443818 -0.147685
    51 -0.280860 -13.472143 -3.813339 0.187422 -0.000086 -0.028347
    52 -17.429821 -9.359584 -9.915888 1.497122 -1.420332 -2.998350
    53 1.729139 -12.405115 -3.280624 0.260189 -0.007273 0.087560
    54 -20.381291 9.933641 -9.943464 1.497111 -1.420333 -2.998337
    55 2.051581 -16.235904 -2.249843 0.260208 -0.007255 0.087544
    56 -16.448785 11.611340 -5.855842 -1.346982 -1.521032 -0.153187
    57 3.979926 -9.269882 -0.567375 0.000000 0.000000 0.000000
    58 0.885534 -17.554847 2.545800 -0.157749 -0.002108 0.043612
    59 -19.957416 10.884345 9.522525 -1.403593 -1.443850 -0.147838
    60 -0.381754 -15.961615 -2.445794 0.187455 -0.000065 -0.028354
    61 2.828451 -0.071583 49.705528 0.000000 0.000000 -3.141591
    62 0.623697 0.000000 0.000000 -0.000086 -1.570451 -1.570709
    63 5.131855 -0.003106 0.000007 -0.000004 -0.000001 0.034787
    64 3.906619 -0.003290 0.000000 0.000000 0.000000 0.046513
    65 4.136856 -0.008541 0.000000 0.000000 0.000000 0.069769
    66 10.751477 -0.002665 0.000000 0.000000 0.000000 0.030000
    67 -3.078401 -1.591902 -2.889401 0.017994 1.370765 3.128431
    68 6.038855 0.000001 -0.000012 0.184657 -0.830690 -0.408307
    69 17.594568 -0.000002 0.000013 0.000000 0.000000 -0.210123
    70 17.982992 0.000000 -0.000002 2.379876 -0.004797 0.044742
    71 -2.573773 22.915083 1.207373 0.846226 0.712382 4.004029
    72 3.353216 0.000000 0.000000 0.439342 -0.017577 -0.061639
  time 25
    0 0.515880 4.307457 48.721123 0.024269 -0.099364 -2.359092
    1 0.623699 0.000000 0.000003 0.000000 -1.570460 -1.570704
    2 5.131858 -0.003107 0.000009 -0.000004 -0.000001 0.034787
    3 3.906668 -0.003288 0.000000 0.000518 -0.008138 -0.004422
    4 4.137684 -0.008414 -0.000663 0.078702 0.000515 -0.007541
    5 10.751468 -0.002664 0.000000 -0.000204 0.002804 0.037143
    6 3.346881 -0.002666 0.000000 0.000000 0.000000 0.030000
    7 -3.090099 -1.576292 2.885489 1.123073 -1.224540 2.003944
    8 6.038856 0.000000 -0.000001 0.402128 0.986031 -0.666345
    9 17.594566 -0.000004 0.000002 0.000000 0.000000 -0.328679
    10 17.982992 0.000000 -0.000006 -1.670011 -0.229149 0.021546
    11 2.813692 0.799020 -0.493428 2.411840 0.529196 1.109475
    12 2.065373 0.000001 -0.000001 0.000000 0.000000 0.649361
    13 2.094713 -0.000003 -0.000001 0.000000 0.000000 1.092984
    14 7.522001 -0.014966 -1.158110 -0.027860 -0.069746 0.911619
    15 3.200830 0.000001 0.000003 0.000000 0.000000 1.665586
    16 2.731238 0.000000 -0.000001 0.000000 0.000000 1.605716
    17 7.599252 -0.144514 0.591978 -0.045774 -0.060676 0.993546
    18 3.840996 -0.000001 0.000000 0.000000 0.000000 1.756866
    19 3.277485 0.000001 -0.000001 0.000000 0.000000 1.937328
    20 7.447638 -0.525788 2.367265 -0.140593 -0.120304 1.040144
    21 1.595202 -0.000001 -0.000001 0.000000 0.000000 0.255799
    22 1.772448 -0.000002 0.000002 0.000000 0.000000 1.067978
    23 2.053078 1.133877 -2.827966 -0.588950 -0.379171 3.344775
    24 -3.078383 -1.576276 -2.897214 0.016723 1.373571 3.120039
    25 6.038852 0.000004 -0.000008 -1.062931 -0.766686 -0.304389
    26 17.594563 0.000003 -0.000002 0.000000 0.000000 -0.376385
    27 17.982986 -0.000004 0.000005 2.815825 0.463053 -0.445323
    28 2.813690 0.799022 0.493427 -2.853948 0.431148 1.731425
    29 2.065372 -0.000003 0.000001 0.000000 0.000000 0.912325
    30 2.094710 -0.000001 -0.000001 0.000000 0.000000 0.685149
    31 7.521998 -0.014968 1.158108 -0.175699 -0.043345 1.404057
    32 3.200824 0.000000 0.000003 0.000000 0.000000 1.350746
    33 2.731232 0.000000 -0.000003 0.000000 0.000000 0.924163
    34 7.599246 -0.144515 -0.591977 -0.160049 -0.087250 1.261686
    35 3.840997 0.000002 -0.000002 0.000000 0.000000 1.649485
    36 3.277479 0.000002 0.000001 0.000000 0.000000 1.255776
    37 7.447637 -0.525794 -2.367262 0.127889 0.133747 0.940063
    38 1.595204 0.000002 0.000001 0.000000 0.000000 0.756708
    39 1.772446 0.000000 0.000001 0.000000 0.000000 1.255814
    40 49.389511 35.067627 12.791978 -1.037544 0.423055 2.039819
    41 2.475312 0.465257 2.532361 -2.558621 0.195848 -3.108527
    42 -5.128644 0.181574 6.425846 2.984309 -0.107164 2.976049
    43 22.311974 -0.000001 0.000001 0.000000 0.000000 -0.362703
    44 22.311966 0.000001 0.000001 -0.147813 -0.090933 0.113803
    45 5.131754 6.470465 0.000002 0.000000 0.000000 1.570796
    46 -5.128649 0.181606 -6.425846 -3.018423 0.120257 2.980574
    47 22.311972 -0.000001 0.000001 0.000000 0.000000 -0.468306
    48 22.311968 0.000001 0.000000 0.192125 0.064781 0.232210
    49 5.131752 6.470467 0.000000 0.000000 0.000000 1.570796
    50 -18.161344 -8.534073 8.935962 -1.403768 -1.443818 -0.147685
    51 -0.280860 -13.468237 -3.813339 0.187422 -0.000086 -0.028347
    52 -17.429821 -9.355678 -9.915888 1.497122 -1.420332 -2.998350
    53 1.729139 -12.405115 -3.280624 0.260189 -0.007273 0.087560
    54 -20.381291 9.933641 -9.943464 1.497111 -1.420333 -2.998337
    55 2.051581 -16.235904 -2.249843 0.260208 -0.007255 0.087544
    56 -16.444878 11.611340 -5.855842 -1.346982 -1.521032 -0.153187
    57 3.976019 -9.269882 -0.567375 0.000000 0.000000 0.000000
    58 0.885534 -17.550941 2.545800 -0.157749 -0.002108 0.043612
    59 -19.957416 10.884345 9.518618 -1.403593 -1.443850 -0.147838
    60 -0.381754 -15.961615 -2.445794 0.187455 -0.000065 -0.028354
    61 2.828451 -0.071583 49.705528 0.000000 0.000000 -3.141591
    62 0.623697 0.000000 0.000000 -0.000086 -1.570451 -1.570709
    63 5.131855 -0.003106 0.000007 -0.000004 -0.000001 0.034787
    64 3.906619 -0.003290 0.000000 0.000000 0.000000 0.046513
    65 4.136856 -0.008541 0.000000 0.000000 0.000000 0.069769
    66 10.751477 -0.002665 0.000000 0.000000 0.000000 0.030000
    67 -3.078401 -1.591902 -2.889401 0.017994 1.370765 3.128431
    68 6.038855 0.000001 -0.000012 0.184657 -0.830690 -0.408307
    69 17.594568 -0.000002 0.000013 0.000000 0.000000 -0.210123
    70 17.982992 0.000000 -0.000002 2.379876 -0.004797 0.044742
    71 -2.597211 22.922896 1.207373 0.844817 0.713086 4.005945
    72 3.353216 0.000000 0.000000 0.439342 -0.018269 -0.045324
  time 26
    0 0.515880 4.264487 48.728936 0.024257 -0.097075 -2.359044
    1 0.623699 0.000000 0.000003 0.000000 -1.570460 -1.570704
    2 5.131858 -0.003107 0.000009 -0.000004 -0.000001 0.034787
    3 3.906668 -0.003288 0.000000 0.000555 -0.008353 -0.006183
    4 4.137684 -0.008414 -0.000663 0.078702 0.000911 -0.012451
    5 10.751468 -0.002664 0.000000 -0.000252 0.003344 0.028849
    6 3.346881 -0.002666 0.000000 0.000000 0.000000 0.030000
    7 -3.086192 -1.595824 2.885489 1.129935 -1.225727 2.004902
    8 6.038856 0.000000 -0.000001 0.405004 0.991795 -0.662852
    9 17.594566 -0.000004 0.000002 0.000000 0.000000 -0.332006
    10 17.982992 0.000000 -0.000006 -1.670146 -0.232216 0.026385
    11 2.813692 0.799020 -0.493428 2.411840 0.529196 1.109475
    12 2.065373 0.000001 -0.000001 0.000000 0.000000 0.649361
    13 2.094713 -0.000003 -0.000001 0.000000 0.000000 1.092984
    14 7.522001 -0.014966 -1.158110 -0.027860 -0.069746 0.911619
    15 3.200830 0.000001 0.000003 0.000000 0.000000 1.665586
    16 2.731238 0.000000 -0.000001 0.000000 0.000000 1.605716
    17 7.599252 -0.144514 0.591978 -0.045774 -0.060676 0.993546
    18 3.840996 -0.000001 0.000000 0.000000 0.000000 1.756866
    19 3.277485 0.000001 -0.000001 0.000000 0.000000 1.937328
    20 7.447638 -0.525788 2.367265 -0.140593 -0.120304 1.040144
    21 1.595202 -0.000001 -0.000001 0.000000 0.000000 0.255799
    22 1.772448 -0.000002 0.000002 0.000000 0.000000 1.067978
    23 2.049172 1.133877 -2.827966 -0.588950 -0.379171 3.344775
    24 -3.074477 -1.591902 -2.897214 0.016495 1.374085 3.128097
    25 6.038852 0.000004 -0.000008 -1.090756 -0.765895 -0.305449
    26 17.594563 0.000003 -0.000002 0.000000 0.000000 -0.375312
    27 17.982986 -0.000004 0.000005 2.839203 0.481767 -0.436748
    28 2.813690 0.799022 0.493427 -2.853948 0.431148 1.731425
    29 2.065372 -0.000003 0.000001 0.000000 0.000000 0.912325
    30 2.094710 -0.000001 -0.000001 0.000000 0.000000 0.685149
    31 7.521998 -0.014968 1.158108 -0.175699 -0.043345 1.404057
    32 3.200824 0.000000 0.000003 0.000000 0.000000 1.350746
    33 2.731232 0.000000 -0.000003 0.000000 0.000000 0.924163
    34 7.599246 -0.144515 -0.591977 -0.160049 -0.087250 1.261686
    35 3.840997 0.000002 -0.000002 0.000000 0.000000 1.649531
    36 3.277479 0.000002 0.000001 0.000000 0.000000 1.255776
    37 7.447637 -0.525794 -2.367262 0.127913 0.133747 0.940063
    38 1.595204 0.000002 0.000001 0.000000 0.000000 0.756708
    39 1.772446 0.000000 0.000001 0.000000 0.000000 1.255814
    40 49.389511 35.067627 12.791978 -1.037544 0.423055 2.039819
    41 2.475312 0.465257 2.532361 -2.558621 0.195848 -3.108527
    42 -5.128644 0.181574 6.425846 2.984309 -0.106445 2.974872
    43 22.311974 -0.000001 0.000001 0.000000 0.000000 -0.361770
    44 22.311966 0.000001 0.000001 -0.148077 -0.090435 0.114115
    45 5.131754 6.470465 0.000002 0.000000 0.000000 1.570796
    46 -5.128649 0.181606 -6.425846 -3.018579 0.120705 2.979847
    47 22.311972 -0.000001 0.000001 0.000000 0.000000 -0.466398
    48 22.311968 0.000001 0.000000 0.192346 0.065466 0.231804
    49 5.131752 6.470467 0.000000 0.000000 0.000000 1.570796
    50 -18.161344 -8.534073 8.935962 -1.403768 -1.443818 -0.147685
    51 -0.280860 -13.472143 -3.813339 0.187422 -0.000086 -0.028347
    52 -17.429821 -9.355678 -9.915888 1.497122 -1.420332 -2.998350
    53 1.729139 -12.405115 -3.280624 0.260189 -0.007273 0.087560
    54 -20.381291 9.933641 -9.943464 1.497111 -1.420333 -2.998337
    55 2.051581 -16.235904 -2.249843 0.260208 -0.007255 0.087544
    56 -16.444878 11.611340 -5.855842 -1.346982 -1.521032 -0.153187
    57 3.976019 -9.269882 -0.567375 0.000000 0.000000 0.000000
    58 0.885534 -17.550941 2.545800 -0.157749 -0.002108 0.043612
    59 -19.957416 10.884345 9.518618 -1.403593 -1.443850 -0.147838
    60 -0.381754 -15.961615 -2.445794 0.187455 -0.000065 -0.028354
    61 2.828451 -0.071583 49.705528 0.000000 0.000000 -3.141591
    62 0.623697 0.000000 0.000000 -0.000086 -1.570451 -1.570709
    63 5.131855 -0.003106 0.000007 -0.000004 -0.000001 0.034787
    64 3.906619 -0.003290 0.000000 0.000000 0.000000 0.046513
    65 4.136856 -0.008541 0.000000 0.000000 0.000000 0.069769
    66 10.751477 -0.002665 0.000000 0.000000 0.000000 0.030000
    67 -3.078401 -1.591902 -2.889401 0.017994 1.370765 3.128431
    68 6.038855 0.000001 -0.000012 0.184657 -0.830690 -0.408307
    69 17.594568 -0.000002 0.000013 0.000000 0.000000 -0.210123
    70 17.982992 0.000000 -0.000002 2.379876 -0.004797 0.044742
    71 -2.608930 22.942428 1.207373 0.843490 0.713955 4.007958
    72 3.353216 0.000000 0.000000 0.439342 -0.019032 -0.029075
  time 27
    0 0.515880 4.229329 48.736749 0.024257 -0.094978 -2.358996
    1 0.623699 0.000000 0.000003 0.000000 -1.570460 -1.570704
    2 5.131858 -0.003107 0.000009 -0.000004 -0.000001 0.034787
    3 3.906668 -0.003288 0.000000 0.000555 -0.008581 -0.007837
    4 4.137684 -0.008414 -0.000663 0.078702 0.001258 -0.017005
    5 10.751468 -0.002664 0.000000 -0.000312 0.003871 0.020364
    6 3.346881 -0.002666 0.000000 0.000000 0.000000 0.030000
    7 -3.074473 -1.619262 2.881582 1.135749 -1.226789 2.007010
    8 6.038856 0.000000 -0.000001 0.408158 0.996907 -0.659090
    9 17.594566 -0.000004 0.000002 0.000000 0.000000 -0.335567
    10 17.982992 0.000000 -0.000006 -1.670350 -0.235195 0.031291
    11 2.813692 0.799020 -0.493428 2.411861 0.529196 1.109475
    12 2.065373 0.000001 -0.000001 0.000000 0.000000 0.649361
    13 2.094713 -0.000003 -0.000001 0.000000 0.000000 1.092984
    14 7.522001 -0.014966 -1.158110 -0.027860 -0.069746 0.911619
    15 3.200830 0.000001 0.000003 0.000000 0.000000 1.665586
    16 2.731238 0.000000 -0.000001 0.000000 0.000000 1.605716
    17 7.599252 -0.144514 0.591978 -0.045774 -0.060676 0.993546
    18 3.840996 -0.000001 0.000000 0.000000 0.000000 1.756866
    19 3.277485 0.000001 -0.000001 0.000000 0.000000 1.937328
    20 7.447638 -0.525788 2.367265 -0.140593 -0.120304 1.040144
    21 1.595202 -0.000001 -0.000001 0.000000 0.000000 0.255799
    22 1.772448 -0.000002 0.000002 0.000000 0.000000 1.067978
    23 2.053078 1.133877 -2.827966 -0.588950 -0.379171 3.344775
    24 -3.054945 -1.619246 -2.901120 0.016359 1.374618 3.136363
    25 6.038852 0.000004 -0.000008 -1.117327 -0.765104 -0.306678
    26 17.594563 0.000003 -0.000002 0.000000 0.000000 -0.374224
    27 17.982986 -0.000004 0.000005 2.862163 0.499884 -0.427935
    28 2.813690 0.799022 0.493427 -2.853948 0.431189 1.731425
    29 2.065372 -0.000003 0.000001 0.000000 0.000000 0.912325
    30 2.094710 -0.000001 -0.000001 0.000000 0.000000 0.685149
    31 7.521998 -0.014968 1.158108 -0.175699 -0.043345 1.404057
    32 3.200824 0.000000 0.000003 0.000000 0.000000 1.350746
    33 2.731232 0.000000 -0.000003 0.000000 0.000000 0.924163
    34 7.599246 -0.144515 -0.591977 -0.160061 -0.087250 1.261686
    35 3.840997 0.000002 -0.000002 0.000000 0.000000 1.649531
    36 3.277479 0.000002 0.000001 0.000000 0.000000 1.255776
    37 7.447637 -0.525794 -2.367262 0.127889 0.133733 0.940063
    38 1.595204 0.000002 0.000001 0.000000 0.000000 0.756708
    39 1.772446 0.000000 0.000001 0.000000 0.000000 1.255814
    40 49.389511 35.067627 12.791978 -1.037544 0.423055 2.039819
    41 2.475312 0.465257 2.532361 -2.558621 0.195848 -3.108527
    42 -5.128644 0.181574 6.425846 2.984309 -0.105726 2.973841
    43 22.311974 -0.000001 0.000001 0.000000 0.000000 -0.360909
    44 22.311966 0.000001 0.000001 -0.148293 -0.089919 0.114427
    45 5.131754 6.470465 0.000002 0.000000 0.000000 1.570796
    46 -5.128649 0.181606 -6.425846 -3.018711 0.121141 2.979261
    47 22.311972 -0.000001 0.000001 0.000000 0.000000 -0.464489
    48 22.311968 0.000001 0.000000 0.192522 0.066151 0.231410
    49 5.131752 6.470467 0.000000 0.000000 0.000000 1.570796
    50 -18.161344 -8.534073 8.935962 -1.403768 -1.443818 -0.147685
    51 -0.280860 -13.472143 -3.813339 0.187422 -0.000086 -0.028347
    52 -17.429821 -9.355678 -9.915888 1.497122 -1.420332 -2.998338
    53 1.729139 -12.405115 -3.280624 0.260189 -0.007273 0.087560
    54 -20.381291 9.933641 -9.947371 1.497111 -1.420333 -2.998337
    55 2.051581 -16.235904 -2.249843 0.260208 -0.007255 0.087544
    56 -16.444878 11.611340 -5.859749 -1.346982 -1.521032 -0.153187
    57 3.976019 -9.269882 -0.567375 0.000000 0.000000 0.000000
    58 0.885534 -17.550941 2.545800 -0.157749 -0.002108 0.043612
    59 -19.957416 10.884345 9.518618 -1.403593 -1.443850 -0.147838
    60 -0.381754 -15.961615 -2.445794 0.187455 -0.000065 -0.028354
    61 2.828451 -0.071583 49.705528 0.000000 0.000000 -3.141591
    62 0.623697 0.000000 0.000000 -0.000086 -1.570451 -1.570709
    63 5.131855 -0.003106 0.000007 -0.000004 -0.000001 0.034787
    64 3.906619 -0.003290 0.000000 0.000000 0.000000 0.046513
    65 4.136856 -0.008541 0.000000 0.000000 0.000000 0.069769
    66 10.751477 -0.002665 0.000000 0.000000 0.000000 0.030000
    67 -3.078401 -1.591902 -2.889401 0.017994 1.370765 3.128431
    68 6.038855 0.000001 -0.000012 0.184657 -0.830690 -0.408307
    69 17.594568 -0.000002 0.000013 0.000000 0.000000 -0.210123
    70 17.982992 0.000000 -0.000002 2.379876 -0.004797 0.044742
    71 -2.624556 22.958053 1.215186 0.841997 0.714907 4.009874
    72 3.353216 0.000000 0.000000 0.439293 -0.019825 -0.013109
  time 28
    0 0.515880 4.190266 48.744561 0.024245 -0.093024 -2.358948
    1 0.623699 0.000000 0.000003 0.000000 -1.570460 -1.570704
    2 5.131858 -0.003107 0.000009 -0.000004 -0.000001 0.034787
    3 3.906668 -0.003288 0.000000 0.000592 -0.008773 -0.009347
    4 4.137684 -0.008414 -0.000663 0.078688 0.001606 -0.021188
    5 10.751468 -0.002664 0.000000 -0.000372 0.004398 0.011855
    6 3.346881 -0.002666 0.000000 0.000000 0.000000 0.030000
    7 -3.066660 -1.646607 2.881582 1.140609 -1.227632 2.010268
    8 6.038856 0.000000 -0.000001 0.411591 1.001408 -0.655239
    9 17.594566 -0.000004 0.000002 0.000000 0.000000 -0.339410
    10 17.982992 0.000000 -0.000006 -1.670519 -0.238153 0.036196
    11 2.813692 0.799020 -0.493428 2.411840 0.529196 1.109475
    12 2.065373 0.000001 -0.000001 0.000000 0.000000 0.649361
    13 2.094713 -0.000003 -0.000001 0.000000 0.000000 1.092984
    14 7.522001 -0.014966 -1.158110 -0.027860 -0.069746 0.911619
    15 3.200830 0.000001 0.000003 0.000000 0.000000 1.665586
    16 2.731238 0.000000 -0.000001 0.000000 0.000000 1.605716
    17 7.599252 -0.144514 0.591978 -0.045774 -0.060676 0.993546
    18 3.840996 -0.000001 0.000000 0.000000 0.000000 1.756866
    19 3.277485 0.000001 -0.000001 0.000000 0.000000 1.937328
    20 7.447638 -0.525788 2.367265 -0.140593 -0.120304 1.040144
    21 1.595202 -0.000001 -0.000001 0.000000 0.000000 0.255799
    22 1.772448 -0.000002 0.000002 0.000000 0.000000 1.067978
    23 2.053078 1.133877 -2.827966 -0.588950 -0.379171 3.344775
    24 -3.039320 -1.642685 -2.901120 0.016223 1.375152 3.144755
    25 6.038852 0.000004 -0.000008 -1.142345 -0.764472 -0.307949
    26 17.594563 0.000003 -0.000002 0.000000 0.000000 -0.373168
    27 17.982986 -0.000004 0.000005 2.884229 0.516995 -0.419026
    28 2.813690 0.799022 0.493427 -2.853948 0.431148 1.731425
    29 2.065372 -0.000003 0.000001 0.000000 0.000000 0.912325
    30 2.094710 -0.000001 -0.000001 0.000000 0.000000 0.685149
    31 7.521998 -0.014968 1.158108 -0.175699 -0.043345 1.404057
    32 3.200824 0.000000 0.000003 0.000000 0.000000 1.350746
    33 2.731232 0.000000 -0.000003 0.000000 0.000000 0.924163
    34 7.599246 -0.144515 -0.591977 -0.160049 -0.087250 1.261686
    35 3.840997 0.000002 -0.000002 0.000000 0.000000 1.649531
    36 3.277479 0.000002 0.000001 0.000000 0.000000 1.255776
    37 7.447637 -0.525794 -2.367262 0.127889 0.133747 0.940063
    38 1.595204 0.000002 0.000001 0.000000 0.000000 0.756708
    39 1.772446 0.000000 0.000001 0.000000 0.000000 1.255814
    40 49.389511 35.067627 12.791978 -1.037544 0.423055 2.039819
    41 2.475312 0.465257 2.532361 -2.558621 0.195848 -3.108527
    42 -5.128644 0.181574 6.425846 2.984273 -0.105045 2.972903
    43 22.311974 -0.000001 0.000001 0.000000 0.000000 -0.360120
    44 22.311966 0.000001 0.000001 -0.148509 -0.089458 0.114739
    45 5.131754 6.470465 0.000002 0.000000 0.000000 1.570796
    46 -5.128649 0.181606 -6.425846 -3.018854 0.121590 2.978839
    47 22.311972 -0.000001 0.000001 0.000000 0.000000 -0.462746
    48 22.311968 0.000001 0.000000 0.192676 0.066835 0.231042
    49 5.131752 6.470467 0.000000 0.000000 0.000000 1.570796
    50 -18.161344 -8.534073 8.935962 -1.403768 -1.443818 -0.147685
    51 -0.280860 -13.468237 -3.813339 0.187422 -0.000086 -0.028347
    52 -17.429821 -9.355678 -9.915888 1.497122 -1.420332 -2.998350
    53 1.725232 -12.405115 -3.280624 0.260189 -0.007273 0.087560
    54 -20.381291 9.933641 -9.943464 1.497111 -1.420333 -2.998337
    55 2.051581 -16.235904 -2.249843 0.260208 -0.007255 0.087544
    56 -16.444878 11.611340 -5.859749 -1.346982 -1.521032 -0.153187
    57 3.976019 -9.269882 -0.567375 0.000000 0.000000 0.000000
    58 0.885534 -17.550941 2.545800 -0.157749 -0.002108 0.043612
    59 -19.957416 10.884345 9.518618 -1.403593 -1.443850 -0.147838
    60 -0.381754 -15.961615 -2.445794 0.187455 -0.000065 -0.028354
    61 2.828451 -0.071583 49.705528 0.000000 0.000000 -3.141591
    62 0.623697 0.000000 0.000000 -0.000086 -1.570451 -1.570709
    63 5.131855 -0.003106 0.000007 -0.000004 -0.000001 0.034787
    64 3.906619 -0.003290 0.000000 0.000000 0.000000 0.046513
    65 4.136856 -0.008541 0.000000 0.000000 0.000000 0.069769
    66 10.751477 -0.002665 0.000000 0.000000 0.000000 0.030000
    67 -3.078401 -1.591902 -2.889401 0.017994 1.370765 3.128431
    68 6.038855 0.000001 -0.000012 0.184657 -0.830690 -0.408307
    69 17.594568 -0.000002 0.000013 0.000000 0.000000 -0.210123
    70 17.982992 0.000000 -0.000002 2.379876 -0.004797 0.044742
    71 -2.644088 22.969772 1.219092 0.840753 0.715901 4.011791
    72 3.353216 0.000000 0.000000 0.439244 -0.020603 0.002244
  time 29
    0 0.515880 4.159015 48.752374 0.024245 -0.091287 -2.358900
    1 0.623699 0.000000 0.000003 0.000000 -1.570460 -1.570704
    2 5.131858 -0.003107 0.000009 -0.000004 -0.000001 0.034787
    3 3.906668 -0.003288 0.000000 0.000592 -0.008941 -0.010713
    4 4.137684 -0.008414 -0.000663 0.078674 0.001906 -0.024951
    5 10.751468 -0.002664 0.000000 -0.000419 0.004938 0.003478
    6 3.346881 -0.002666 0.000000 0.000000 0.000000 0.030000
    7 -3.054941 -1.673951 2.877676 1.144517 -1.228319 2.014101
    8 6.038856 0.000000 -0.000001 0.415302 1.005298 -0.651029
    9 17.594566 -0.000004 0.000002 0.000000 0.000000 -0.343580
    10 17.982992 0.000000 -0.000006 -1.670655 -0.240980 0.041014
    11 2.813692 0.799020 -0.493428 2.411861 0.529184 1.109475
    12 2.065373 0.000001 -0.000001 0.000000 0.000000 0.649361
    13 2.094713 -0.000003 -0.000001 0.000000 0.000000 1.092984
    14 7.522001 -0.014966 -1.158110 -0.027860 -0.069746 0.911619
    15 3.200830 0.000001 0.000003 0.000000 0.000000 1.665586
    16 2.731238 0.000000 -0.000001 0.000000 0.000000 1.605716
    17 7.599252 -0.144514 0.591978 -0.045774 -0.060688 0.993546
    18 3.840996 -0.000001 0.000000 0.000000 0.000000 1.756866
    19 3.277485 0.000001 -0.000001 0.000000 0.000000 1.937328
    20 7.447638 -0.525788 2.367265 -0.140593 -0.120304 1.040144
    21 1.595202 -0.000001 -0.000001 0.000000 0.000000 0.255799
    22 1.772448 -0.000002 0.000002 0.000000 0.000000 1.067978
    23 2.049172 1.133877 -2.827966 -0.588950 -0.379171 3.344775
    24 -3.023694 -1.670029 -2.905027 0.016132 1.375705 3.153021
    25 6.038852 0.000004 -0.000008 -1.165394 -0.763902 -0.309136
    26 17.594563 0.000003 -0.000002 0.000000 0.000000 -0.372145
    27 17.982986 -0.000004 0.000005 2.904906 0.532802 -0.410403
    28 2.813690 0.799022 0.493427 -2.853948 0.431148 1.731425
    29 2.065372 -0.000003 0.000001 0.000000 0.000000 0.912325
    30 2.094710 -0.000001 -0.000001 0.000000 0.000000 0.685149
    31 7.521998 -0.014968 1.158108 -0.175699 -0.043345 1.404057
    32 3.200824 0.000000 0.000003 0.000000 0.000000 1.350746
    33 2.731232 0.000000 -0.000003 0.000000 0.000000 0.924163
    34 7.599246 -0.144515 -0.591977 -0.160049 -0.087250 1.261686
    35 3.840997 0.000002 -0.000002 0.000000 0.000000 1.649531
    36 3.277479 0.000002 0.000001 0.000000 0.000000 1.255776
    37 7.447637 -0.525794 -2.367262 0.127913 0.133747 0.940063
    38 1.595204 0.000002 0.000001 0.000000 0.000000 0.756708
    39 1.772446 0.000000 0.000001 0.000000 0.000000 1.255814
    40 49.389511 35.067627 12.791978 -1.037544 0.423055 2.039819
    41 2.475312 0.465257 2.532361 -2.558621 0.195848 -3.108527
    42 -5.128644 0.181574 6.425846 2.984261 -0.104344 2.972150
    43 22.311974 -0.000001 0.000001 0.000000 0.000000 -0.359330
    44 22.311966 0.000001 0.000001 -0.148725 -0.088960 0.115077
    45 5.131754 6.470465 0.000002 0.000000 0.000000 1.570796
    46 -5.128649 0.181606 -6.425846 -3.018974 0.122025 2.978487
    47 22.311972 -0.000001 0.000001 0.000000 0.000000 -0.461035
    48 22.311968 0.000001 0.000000 0.192830 0.067506 0.230699
    49 5.131752 6.470467 0.000000 0.000000 0.000000 1.570796
    50 -18.161344 -8.534073 8.935962 -1.403768 -1.443818 -0.147685
    51 -0.280860 -13.472143 -3.813339 0.187422 -0.000086 -0.028347
    52 -17.429821 -9.355678 -9.915888 1.497122 -1.420332 -2.998350
    53 1.729139 -12.405115 -3.280624 0.260189 -0.007273 0.087560
    54 -20.381291 9.933641 -9.943464 1.497111 -1.420333 -2.998337
    55 2.051581 -16.235904 -2.249843 0.260208 -0.007255 0.087544
    56 -16.444878 11.611340 -5.859749 -1.346982 -1.521032 -0.153187
    57 3.976019 -9.269882 -0.567375 0.000000 0.000000 0.000000
    58 0.885534 -17.554847 2.545800 -0.157749 -0.002108 0.043612
    59 -19.957416 10.884345 9.518618 -1.403593 -1.443850 -0.147838
    60 -0.381754 -15.961615 -2.445794 0.187455 -0.000065 -0.028354
    61 2.828451 -0.071583 49.705528 0.000000 0.000000 -3.141591
    62 0.623697 0.000000 0.000000 -0.000086 -1.570451 -1.570709
    63 5.131855 -0.003106 0.000007 -0.000004 -0.000001 0.034787
    64 3.906619 -0.003290 0.000000 0.000000 0.000000 0.046513
    65 4.136856 -0.008541 0.000000 0.000000 0.000000 0.069769
    66 10.751477 -0.002665 0.000000 0.000000 0.000000 0.030000
    67 -3.078401 -1.591902 -2.889401 0.017994 1.370765 3.128431
    68 6.038855 0.000001 -0.000012 0.184657 -0.830690 -0.408307
    69 17.594568 -0.000002 0.000013 0.000000 0.000000 -0.210123
    70 17.982992 0.000000 -0.000002 2.379876 -0.004797 0.044742
    71 -2.655807 22.977585 1.226905 0.839426 0.716894 4.013612
    72 3.353216 0.000000 0.000000 0.439244 -0.021338 0.016768
  time 30
    0 0.515880 4.116045 48.760187 0.024245 -0.089693 -2.358852
    1 0.623699 0.000000 0.000003 0.000000 -1.570460 -1.570704
    2 5.131858 -0.003107 0.000009 -0.000004 -0.000001 0.034787
    3 3.906668 -0.003288 0.000000 0.000629 -0.009096 -0.011972
    4 4.137684 -0.008414 -0.000663 0.078661 0.002157 -0.028424
    5 10.751468 -0.002664 0.000000 -0.000491 0.005453 -0.004612
    6 3.346881 -0.002666 0.000000 0.000000 0.000000 0.030000
    7 -3.043222 -1.697389 2.877676 1.147757 -1.228850 2.018605
    8 6.038856 0.000000 -0.000001 0.419291 1.008699 -0.646640
    9 17.594566 -0.000004 0.000002 0.000000 0.000000 -0.347891
    10 17.982992 0.000000 -0.000006 -1.670756 -0.243655 0.045654
    11 2.813692 0.799020 -0.493428 2.411840 0.529196 1.109475
    12 2.065373 0.000001 -0.000001 0.000000 0.000000 0.649361
    13 2.094713 -0.000003 -0.000001 0.000000 0.000000 1.092984
    14 7.522001 -0.014966 -1.158110 -0.027860 -0.069746 0.911619
    15 3.200830 0.000001 0.000003 0.000000 0.000000 1.665586
    16 2.731238 0.000000 -0.000001 0.000000 0.000000 1.605716
    17 7.599252 -0.144514 0.591978 -0.045786 -0.060676 0.993546
    18 3.840996 -0.000001 0.000000 0.000000 0.000000 1.756866
    19 3.277485 0.000001 -0.000001 0.000000 0.000000 1.937328
    20 7.447638 -0.525788 2.367265 -0.140593 -0.120304 1.040144
    21 1.595202 -0.000001 -0.000001 0.000000 0.000000 0.255799
    22 1.772448 -0.000002 0.000002 0.000000 0.000000 1.067978
    23 2.053078 1.133877 -2.827966 -0.588950 -0.379171 3.344775
    24 -3.011975 -1.693467 -2.905027 0.015996 1.376199 3.161037
    25 6.038852 0.000004 -0.000008 -1.186352 -0.763459 -0.310026
    26 17.594563 0.000003 -0.000002 0.000000 0.000000 -0.371188
    27 17.982986 -0.000004 0.000005 2.923643 0.546968 -0.402352
    28 2.813690 0.799022 0.493427 -2.853948 0.431148 1.731425
    29 2.065372 -0.000003 0.000001 0.000000 0.000000 0.912325
    30 2.094710 -0.000001 -0.000001 0.000000 0.000000 0.685125
    31 7.521998 -0.014968 1.158108 -0.175699 -0.043345 1.404057
    32 3.200824 0.000000 0.000003 0.000000 0.000000 1.350746
    33 2.731232 0.000000 -0.000003 0.000000 0.000000 0.924163
    34 7.599246 -0.144515 -0.591977 -0.160049 -0.087250 1.261686
    35 3.840997 0.000002 -0.000002 0.000000 0.000000 1.649531
    36 3.277479 0.000002 0.000001 0.000000 0.000000 1.255776
    37 7.447637 -0.525794 -2.367262 0.127913 0.133747 0.940063
    38 1.595204 0.000002 0.000001 0.000000 0.000000 0.756708
    39 1.772446 0.000000 0.000001 0.000000 0.000000 1.255814
    40 49.389511 35.067627 12.791978 -1.037544 0.423055 2.039819
    41 2.475312 0.465257 2.532361 -2.558621 0.195848 -3.108527
    42 -5.128644 0.181574 6.425846 2.984225 -0.103720 2.971449
    43 22.311974 -0.000001 0.000001 0.000000 0.000000 -0.358684
    44 22.311966 0.000001 0.000001 -0.148893 -0.088518 0.115441
    45 5.131754 6.470465 0.000002 0.000000 0.000000 1.570796
    46 -5.128649 0.181606 -6.425846 -3.019094 0.122461 2.978276
    47 22.311972 -0.000001 0.000001 0.000000 0.000000 -0.459390
    48 22.311968 0.000001 0.000000 0.192962 0.068164 0.230394
    49 5.131752 6.470467 0.000000 0.000000 0.000000 1.570796
    50 -18.161344 -8.534073 8.935962 -1.403768 -1.443818 -0.147610
    51 -0.280860 -13.468237 -3.813339 0.187422 -0.000086 -0.028347
    52 -17.429821 -9.355678 -9.915888 1.497122 -1.420332 -2.998350
    53 1.729139 -12.405115 -3.280624 0.260189 -0.007273 0.087560
    54 -20.381291 9.933641 -9.943464 1.497111 -1.420333 -2.998349
    55 2.051581 -16.235904 -2.249843 0.260208 -0.007255 0.087544
    56 -16.444878 11.611340 -5.855842 -1.346982 -1.521032 -0.153103
    57 3.976019 -9.269882 -0.567375 0.000000 0.000000 0.000000
    58 0.885534 -17.554847 2.545800 -0.157749 -0.002108 0.043612
    59 -19.957416 10.884345 9.522525 -1.403593 -1.443850 -0.147838
    60 -0.381754 -15.961615 -2.445794 0.187455 -0.000065 -0.028354
    61 2.828451 -0.071583 49.705528 0.000000 0.000000 -3.141591
    62 0.623697 0.000000 0.000000 -0.000086 -1.570451 -1.570709
    63 5.131855 -0.003106 0.000007 -0.000004 -0.000001 0.034787
    64 3.906619 -0.003290 0.000000 0.000000 0.000000 0.046513
    65 4.136856 -0.008541 0.000000 0.000000 0.000000 0.069769
    66 10.751477 -0.002665 0.000000 0.000000 0.000000 0.030000
    67 -3.078401 -1.591902 -2.889401 0.017994 1.370765 3.128431
    68 6.038855 0.000001 -0.000012 0.184657 -0.830690 -0.408307
    69 17.594568 -0.000002 0.000013 0.000000 0.000000 -0.210123
    70 17.982992 0.000000 -0.000002 2.379876 -0.004797 0.044742
    71 -2.671432 22.989304 1.230811 0.838266 0.717846 4.015241
    72 3.353216 0.000000 0.000000 0.439195 -0.021972 0.030375
  time 31
    0 0.515880 4.084794 48.768000 0.024233 -0.088207 -2.358804
    1 0.623699 0.000000 0.000003 0.000000 -1.570796 -1.570704
    2 5.131858 -0.003107 0.000009 -0.000004 -0.000001 0.034787
    3 3.906668 -0.003288 0.000000 0.000629 -0.009240 -0.013110
    4 4.137684 -0.008414 -0.000663 0.078661 0.002433 -0.031654
    5 10.751468 -0.002664 0.000000 -0.000563 0.005920 -0.012246
    6 3.346881 -0.002666 0.000000 0.000000 0.000000 0.030000
    7 -3.031503 -1.720828 2.877676 1.150330 -1.229256 2.023396
    8 6.038856 0.000000 -0.000001 0.423559 1.011673 -0.641893
    9 17.594566 -0.000004 0.000002 0.000000 0.000000 -0.352437
    10 17.982992 0.000000 -0.000006 -1.670858 -0.246135 0.049963
    11 2.813692 0.799020 -0.493428 2.411861 0.529196 1.109475
    12 2.065373 0.000001 -0.000001 0.000000 0.000000 0.649361
    13 2.094713 -0.000003 -0.000001 0.000000 0.000000 1.092984
    14 7.522001 -0.014966 -1.158110 -0.027860 -0.069746 0.911619
    15 3.200830 0.000001 0.000003 0.000000 0.000000 1.665586
    16 2.731238 0.000000 -0.000001 0.000000 0.000000 1.605716
    17 7.599252 -0.144514 0.591978 -0.045774 -0.060676 0.993546
    18 3.840996 -0.000001 0.000000 0.000000 0.000000 1.756866
    19 3.277485 0.000001 -0.000001 0.000000 0.000000 1.937328
    20 7.447638 -0.525788 2.367265 -0.140593 -0.120304 1.040144
    21 1.595202 -0.000001 -0.000001 0.000000 0.000000 0.255799
    22 1.772448 -0.000002 0.000002 0.000000 0.000000 1.067978
    23 2.053078 1.133877 -2.827966 -0.588950 -0.379171 3.344775
    24 -2.992443 -1.716906 -2.905027 0.015951 1.376693 3.168594
    25 6.038852 0.000004 -0.000008 -1.204564 -0.763174 -0.310365
    26 17.594563 0.000003 -0.000002 0.000000 0.000000 -0.370380
    27 17.982986 -0.000004 0.000005 2.939906 0.559158 -0.395254
    28 2.813690 0.799022 0.493427 -2.853948 0.431148 1.731425
    29 2.065372 -0.000003 0.000001 0.000000 0.000000 0.912325
    30 2.094710 -0.000001 -0.000001 0.000000 0.000000 0.685149
    31 7.521998 -0.014968 1.158108 -0.175699 -0.043345 1.404057
    32 3.200824 0.000000 0.000003 0.000000 0.000000 1.350746
    33 2.731232 0.000000 -0.000003 0.000000 0.000000 0.924163
    34 7.599246 -0.144515 -0.591977 -0.160049 -0.087250 1.261686
    35 3.840997 0.000002 -0.000002 0.000000 0.000000 1.649531
    36 3.277479 0.000002 0.000001 0.000000 0.000000 1.255776
    37 7.447637 -0.525794 -2.367262 0.127913 0.133747 0.940063
    38 1.595204 0.000002 0.000001 0.000000 0.000000 0.756708
    39 1.772446 0.000000 0.000001 0.000000 0.000000 1.255814
    40 49.389511 35.067627 12.791978 -1.037544 0.423055 2.039819
    41 2.475312 0.465257 2.532361 -2.558621 0.195848 -3.108527
    42 -5.128644 0.181574 6.425846 2.984189 -0.103115 2.970828
    43 22.311974 -0.000001 0.000001 0.000000 0.000000 -0.358146
    44 22.311966 0.000001 0.000001 -0.149061 -0.088057 0.115804
    45 5.131754 6.470465 0.000002 0.000000 0.000000 1.570796
    46 -5.128649 0.181606 -6.425846 -3.019202 0.122896 2.978112
    47 22.311972 -0.000001 0.000001 0.000000 0.000000 -0.457844
    48 22.311968 0.000001 0.000000 0.193094 0.068794 0.230102
    49 5.131752 6.470467 0.000000 0.000000 0.000000 1.570796
    50 -18.161344 -8.534073 8.935962 -1.403768 -1.443818 -0.147685
    51 -0.280860 -13.472143 -3.813339 0.187422 -0.000086 -0.028347
    52 -17.429821 -9.355678 -9.915888 1.497122 -1.420332 -2.998338
    53 1.729139 -12.405115 -3.280624 0.260189 -0.007273 0.087560
    54 -20.381291 9.933641 -9.947371 1.497111 -1.420333 -2.998337
    55 2.051581 -16.235904 -2.249843 0.260208 -0.007255 0.087544
    56 -16.444878 11.611340 -5.859749 -1.346982 -1.521032 -0.153187
    57 3.976019 -9.269882 -0.567375 0.000000 0.000000 0.000000
    58 0.885534 -17.554847 2.545800 -0.157749 -0.002108 0.043612
    59 -19.957416 10.884345 9.518618 -1.403593 -1.443850 -0.147838
    60 -0.381754 -15.961615 -2.445794 0.187455 -0.000065 -0.028354
    61 2.828451 -0.071583 49.705528 0.000000 0.000000 -3.141591
    62 0.623697 0.000000 0.000000 -0.000086 -1.570451 -1.570709
    63 5.131855 -0.003106 0.000007 -0.000004 -0.000001 0.034787
    64 3.906619 -0.003290 0.000000 0.000000 0.000000 0.046513
    65 4.136856 -0.008541 0.000000 0.000000 0.000000 0.069769
    66 10.751477 -0.002665 0.000000 0.000000 0.000000 0.030000
    67 -3.078401 -1.591902 -2.889401 0.017994 1.370765 3.128431
    68 6.038855 0.000001 -0.000012 0.184657 -0.830690 -0.408307
    69 17.594568 -0.000002 0.000013 0.000000 0.000000 -0.210123
    70 17.982992 0.000000 -0.000002 2.379876 -0.004797 0.044742
    71 -2.687058 22.989304 1.246437 0.837436 0.718922 4.016774
    72 3.349310 0.000000 0.000000 0.439146 -0.022447 0.042846
  time 32
    0 0.515880 4.053543 48.779719 0.024233 -0.086840 -2.358804
    1 0.623699 0.000000 0.000003 0.000000 -1.570796 -1.570704
    2 5.131858 -0.003107 0.000009 -0.000004 -0.000001 0.034787
    3 3.906668 -0.003288 0.000000 0.000629 -0.009384 -0.014165
    4 4.137684 -0.008414 -0.000663 0.078661 0.002661 -0.034641
    5 10.751468 -0.002664 0.000000 -0.000623 0.006376 -0.019269
    6 3.346881 -0.002666 0.000000 0.000000 0.000000 0.030000
    7 -3.015877 -1.740360 2.873770 1.152236 -1.229631 2.028284
    8 6.038856 0.000000 -0.000001 0.428197 1.014300 -0.636788
    9 17.594566 -0.000004 0.000002 0.000000 0.000000 -0.357169
    10 17.982992 0.000000 -0.000006 -1.670790 -0.248309 0.053919
    11 2.813692 0.799020 -0.493428 2.411840 0.529196 1.109475
    12 2.065373 0.000001 -0.000001 0.000000 0.000000 0.649361
    13 2.094713 -0.000003 -0.000001 0.000000 0.000000 1.092984
    14 7.522001 -0.014966 -1.158110 -0.027860 -0.069746 0.911619
    15 3.200830 0.000001 0.000003 0.000000 0.000000 1.665586
    16 2.731238 0.000000 -0.000001 0.000000 0.000000 1.605716
    17 7.599252 -0.144514 0.591978 -0.045774 -0.060676 0.993546
    18 3.840996 -0.000001 0.000000 0.000000 0.000000 1.756866
    19 3.277485 0.000001 -0.000001 0.000000 0.000000 1.937328
    20 7.447638 -0.525788 2.367265 -0.140593 -0.120304 1.040144
    21 1.595202 -0.000001 -0.000001 0.000000 0.000000 0.255799
    22 1.772448 -0.000002 0.000002 0.000000 0.000000 1.067978
    23 2.053078 1.133877 -2.827966 -0.588950 -0.379171 3.344775
    24 -2.980724 -1.736437 -2.908933 0.015860 1.377147 3.175566
    25 6.038852 0.000004 -0.000008 -1.220029 -0.763016 -0.310026
    26 17.594563 0.000003 -0.000002 0.000000 0.000000 -0.369720
    27 17.982986 -0.000004 0.000005 2.953089 0.569149 -0.389490
    28 2.813690 0.799022 0.493427 -2.853948 0.431148 1.731425
    29 2.065372 -0.000003 0.000001 0.000000 0.000000 0.912325
    30 2.094710 -0.000001 -0.000001 0.000000 0.000000 0.685125
    31 7.521998 -0.014968 1.158108 -0.175699 -0.043345 1.404057
    32 3.200824 0.000000 0.000003 0.000000 0.000000 1.350746
    33 2.731232 0.000000 -0.000003 0.000000 0.000000 0.924163
    34 7.599246 -0.144515 -0.591977 -0.160049 -0.087250 1.261686
    35 3.840997 0.000002 -0.000002 0.000000 0.000000 1.649531
    36 3.277479 0.000002 0.000001 0.000000 0.000000 1.255776
    37 7.447637 -0.525794 -2.367262 0.127913 0.133747 0.940063
    38 1.595204 0.000002 0.000001 0.000000 0.000000 0.756708
    39 1.772446 0.000000 0.000001 0.000000 0.000000 1.255814
    40 49.389511 35.067627 12.791978 -1.037544 0.423055 2.039819
    41 2.475312 0.461350 2.532361 -2.558621 0.195848 -3.108527
    42 -5.128644 0.181574 6.425846 2.984129 -0.102490 2.970286
    43 22.311974 -0.000001 0.000001 0.000000 0.000000 -0.357644
    44 22.311966 0.000001 0.000001 -0.149205 -0.087596 0.116194
    45 5.131754 6.470465 0.000002 0.000000 0.000000 1.570796
    46 -5.128649 0.181606 -6.425846 -3.019298 0.123319 2.978019
    47 22.311972 -0.000001 0.000001 0.000000 0.000000 -0.456363
    48 22.311968 0.000001 0.000000 0.193182 0.069397 0.229848
    49 5.131752 6.470467 0.000000 0.000000 0.000000 1.570796
    50 -18.161344 -8.530167 8.935962 -1.403768 -1.443818 -0.147610
    51 -0.280860 -13.472143 -3.813339 0.187422 -0.000086 -0.028347
    52 -17.429821 -9.355678 -9.915888 1.497122 -1.420332 -2.998350
    53 1.729139 -12.405115 -3.280624 0.260189 -0.007273 0.087560
    54 -20.381291 9.933641 -9.943464 1.497111 -1.420333 -2.998337
    55 2.051581 -16.239810 -2.245937 0.260208 -0.007255 0.087544
    56 -16.444878 11.611340 -5.855842 -1.346982 -1.521032 -0.153103
    57 3.976019 -9.269882 -0.567375 0.000000 0.000000 0.000000
    58 0.885534 -17.554847 2.545800 -0.157749 -0.002108 0.043612
    59 -19.957416 10.884345 9.518618 -1.403593 -1.443850 -0.147838
    60 -0.381754 -15.961615 -2.445794 0.187455 -0.000065 -0.028354
    61 2.828451 -0.071583 49.705528 0.000000 0.000000 -3.141591
    62 0.623697 0.000000 0.000000 -0.000086 -1.570451 -1.570709
    63 5.131855 -0.003106 0.000007 -0.000004 -0.000001 0.034787
    64 3.906619 -0.003290 0.000000 0.000000 0.000000 0.046513
    65 4.136856 -0.008541 0.000000 0.000000 0.000000 0.069769
    66 10.751477 -0.002665 0.000000 0.000000 0.000000 0.030000
    67 -3.078401 -1.591902 -2.889401 0.017994 1.370765 3.128431
    68 6.038855 0.000001 -0.000012 0.184657 -0.830690 -0.408307
    69 17.594568 -0.000002 0.000013 0.000000 0.000000 -0.210123
    70 17.982992 0.000000 -0.000002 2.379876 -0.004797 0.044742
    71 -2.694870 22.993211 1.254250 0.836524 0.719626 4.017924
    72 3.353216 0.000000 0.000000 0.439121 -0.022735 0.054050
  time 33
    0 0.515880 4.022292 48.783625 0.024233 -0.085618 -2.358756
    1 0.623699 0.000000 0.000003 0.000000 -1.570796 -1.570704
    2 5.131858 -0.003107 0.000009 -0.000004 -0.000001 0.034787
    3 3.906668 -0.003288 0.000000 0.000666 -0.009504 -0.015112
    4 4.137684 -0.008414 -0.000663 0.078661 0.002864 -0.037387
    5 10.751468 -0.002664 0.000000 -0.000683 0.006771 -0.025513
    6 3.346881 -0.002666 0.000000 0.000000 0.000000 0.030000
    7 -3.008065 -1.759891 2.873770 1.153666 -1.229818 2.032787
    8 6.038856 0.000000 -0.000001 0.433207 1.016581 -0.631414
    9 17.594566 -0.000004 0.000002 0.000000 0.000000 -0.362137
    10 17.982992 0.000000 -0.000006 -1.670688 -0.250180 0.057410
    11 2.813692 0.799020 -0.493428 2.411840 0.529196 1.109475
    12 2.065373 0.000001 -0.000001 0.000000 0.000000 0.649361
    13 2.094713 -0.000003 -0.000001 0.000000 0.000000 1.092984
    14 7.522001 -0.014966 -1.158110 -0.027860 -0.069746 0.911619
    15 3.200830 0.000001 0.000003 0.000000 0.000000 1.665586
    16 2.731238 0.000000 -0.000001 0.000000 0.000000 1.605716
    17 7.599252 -0.144514 0.591978 -0.045774 -0.060688 0.993546
    18 3.840996 -0.000001 0.000000 0.000000 0.000000 1.756866
    19 3.277485 0.000001 -0.000001 0.000000 0.000000 1.937328
    20 7.447638 -0.525788 2.367265 -0.140593 -0.120304 1.040144
    21 1.595202 -0.000001 -0.000001 0.000000 0.000000 0.255799
    22 1.772448 -0.000002 0.000002 0.000000 0.000000 1.067978
    23 2.049172 1.133877 -2.827966 -0.588950 -0.379171 3.344775
    24 -2.969005 -1.755969 -2.908933 0.015905 1.377542 3.181787
    25 6.038852 0.000004 -0.000008 -1.232030 -0.763016 -0.308839
    26 17.594563 0.000003 -0.000002 0.000000 0.000000 -0.369225
    27 17.982986 -0.000004 0.000005 2.962600 0.576567 -0.385440
    28 2.813690 0.799022 0.493427 -2.853948 0.431148 1.731425
    29 2.065372 -0.000003 0.000001 0.000000 0.000000 0.912325
    30 2.094710 -0.000001 -0.000001 0.000000 0.000000 0.685125
    31 7.521998 -0.014968 1.158108 -0.175699 -0.043345 1.404057
    32 3.200824 0.000000 0.000003 0.000000 0.000000 1.350746
    33 2.731232 0.000000 -0.000003 0.000000 0.000000 0.924163
    34 7.599246 -0.144515 -0.591977 -0.160049 -0.087250 1.261686
    35 3.840997 0.000002 -0.000002 0.000000 0.000000 1.649531
    36 3.277479 0.000002 0.000001 0.000000 0.000000 1.255776
    37 7.447637 -0.525794 -2.367262 0.127913 0.133747 0.940063
    38 1.595204 0.000002 0.000001 0.000000 0.000000 0.756708
    39 1.772446 0.000000 0.000001 0.000000 0.000000 1.255814
    40 49.389511 35.067627 12.791978 -1.037544 0.423055 2.039819
    41 2.475312 0.465257 2.532361 -2.558621 0.195848 -3.108527
    42 -5.128644 0.181574 6.425846 2.984081 -0.101942 2.969797
    43 22.311974 -0.000001 0.000001 0.000000 0.000000 -0.357249
    44 22.311966 0.000001 0.000001 -0.149349 -0.087172 0.116662
    45 5.131754 6.470465 0.000002 0.000000 0.000000 1.570796
    46 -5.128649 0.181606 -6.425846 -3.019382 0.123742 2.977995
    47 22.311972 -0.000001 0.000001 0.000000 0.000000 -0.455014
    48 22.311968 0.000001 0.000000 0.193292 0.069986 0.229632
    49 5.131752 6.470467 0.000000 0.000000 0.000000 1.570796
    50 -18.161344 -8.534073 8.935962 -1.403768 -1.443818 -0.147685
    51 -0.280860 -13.468237 -3.813339 0.187422 -0.000086 -0.028347
    52 -17.429821 -9.355678 -9.915888 1.497122 -1.420332 -2.998350
    53 1.729139 -12.405115 -3.280624 0.260189 -0.007273 0.087560
    54 -20.381291 9.933641 -9.943464 1.497111 -1.420333 -2.998337
    55 2.051581 -16.235904 -2.249843 0.260208 -0.007255 0.087544
    56 -16.444878 11.611340 -5.855842 -1.346982 -1.521032 -0.153103
    57 3.976019 -9.269882 -0.563468 0.000000 0.000000 0.000000
    58 0.885534 -17.554847 2.545800 -0.157749 -0.002108 0.043612
    59 -19.957416 10.884345 9.518618 -1.403593 -1.443850 -0.147838
    60 -0.381754 -15.961615 -2.445794 0.187455 -0.000065 -0.028354
    61 2.828451 -0.071583 49.705528 0.000000 0.000000 -3.141591
    62 0.623697 0.000000 0.000000 -0.000086 -1.570451 -1.570709
    63 5.131855 -0.003106 0.000007 -0.000004 -0.000001 0.034787
    64 3.906619 -0.003290 0.000000 0.000000 0.000000 0.046513
    65 4.136856 -0.008541 0.000000 0.000000 0.000000 0.069769
    66 10.751477 -0.002665 0.000000 0.000000 0.000000 0.030000
    67 -3.078401 -1.591902 -2.889401 0.017994 1.370765 3.128431
    68 6.038855 0.000001 -0.000012 0.184657 -0.830690 -0.408307
    69 17.594568 -0.000002 0.000013 0.000000 0.000000 -0.210123
    70 17.982992 0.000000 -0.000002 2.379876 -0.004797 0.044742
    71 -2.698777 22.993211 1.254250 0.835778 0.720123 4.018787
    72 3.353216 0.000000 0.000000 0.439072 -0.022807 0.063659
  time 34
    0 0.515880 3.987135 48.787531 0.024233 -0.084491 -2.358708
    1 0.623699 0.000000 0.000003 0.000000 -1.570460 -1.570704
    2 5.131858 -0.003107 0.000009 -0.000004 -0.000001 0.034787
    3 3.906668 -0.003288 0.000000 0.000666 -0.009612 -0.015963
    4 4.137684 -0.008414 -0.000663 0.078634 0.003068 -0.039890
    5 10.751468 -0.002664 0.000000 -0.000743 0.007131 -0.030822
    6 3.346881 -0.002666 0.000000 0.000000 0.000000 0.030000
    7 -3.000252 -1.775517 2.873770 1.155382 -1.230099 2.036141
    8 6.038856 0.000000 -0.000001 0.438031 1.018700 -0.626130
    9 17.594566 -0.000004 0.000002 0.000000 0.000000 -0.367151
    10 17.982992 0.000000 -0.000006 -1.670451 -0.251811 0.060658
    11 2.813692 0.799020 -0.493428 2.411840 0.529196 1.109475
    12 2.065373 0.000001 -0.000001 0.000000 0.000000 0.649361
    13 2.094713 -0.000003 -0.000001 0.000000 0.000000 1.092984
    14 7.522001 -0.014966 -1.158110 -0.027860 -0.069746 0.911619
    15 3.200830 0.000001 0.000003 0.000000 0.000000 1.665586
    16 2.731238 0.000000 -0.000001 0.000000 0.000000 1.605716
    17 7.599252 -0.144514 0.591978 -0.045774 -0.060676 0.993546
    18 3.840996 -0.000001 0.000000 0.000000 0.000000 1.756866
    19 3.277485 0.000001 -0.000001 0.000000 0.000000 1.937328
    20 7.447638 -0.525788 2.367265 -0.140593 -0.120304 1.040144
    21 1.595202 -0.000001 -0.000001 0.000000 0.000000 0.255811
    22 1.772448 -0.000002 0.000002 0.000000 0.000000 1.067978
    23 2.053078 1.133877 -2.827966 -0.588950 -0.379171 3.344775
    24 -2.957286 -1.771595 -2.908933 0.015814 1.377918 3.187089
    25 6.038852 0.000004 -0.000008 -1.241883 -0.763016 -0.307271
    26 17.594563 0.000003 -0.000002 0.000000 0.000000 -0.369010
    27 17.982986 -0.000004 0.000005 2.969695 0.582308 -0.382534
    28 2.813690 0.799022 0.493427 -2.853948 0.431189 1.731425
    29 2.065372 -0.000003 0.000001 0.000000 0.000000 0.912325
    30 2.094710 -0.000001 -0.000001 0.000000 0.000000 0.685149
    31 7.521998 -0.014968 1.158108 -0.175699 -0.043345 1.404057
    32 3.200824 0.000000 0.000003 0.000000 0.000000 1.350746
    33 2.731232 0.000000 -0.000003 0.000000 0.000000 0.924163
    34 7.599246 -0.144515 -0.591977 -0.160061 -0.087250 1.261686
    35 3.840997 0.000002 -0.000002 0.000000 0.000000 1.649531
    36 3.277479 0.000002 0.000001 0.000000 0.000000 1.255776
    37 7.447637 -0.525794 -2.367262 0.127889 0.133733 0.940063
    38 1.595204 0.000002 0.000001 0.000000 0.000000 0.756708
    39 1.772446 0.000000 0.000001 0.000000 0.000000 1.255814
    40 49.389511 35.067627 12.791978 -1.037544 0.423055 2.039819
    41 2.475312 0.465257 2.532361 -2.558621 0.195848 -3.108527
    42 -5.128644 0.181574 6.425846 2.984033 -0.101393 2.969348
    43 22.311974 -0.000001 0.000001 0.000000 0.000000 -0.356962
    44 22.311966 0.000001 0.000001 -0.149469 -0.086785 0.117130
    45 5.131754 6.470465 0.000002 0.000000 0.000000 1.570796
    46 -5.128649 0.181606 -6.425846 -3.019466 0.124152 2.977995
    47 22.311972 -0.000001 0.000001 0.000000 0.000000 -0.453830
    48 22.311968 0.000001 0.000000 0.193402 0.070574 0.229454
    49 5.131752 6.470467 0.000000 0.000000 0.000000 1.570796
    50 -18.161344 -8.534073 8.935962 -1.403768 -1.443818 -0.147685
    51 -0.280860 -13.472143 -3.813339 0.187422 -0.000086 -0.028347
    52 -17.429821 -9.359584 -9.915888 1.497122 -1.420332 -2.998350
    53 1.729139 -12.405115 -3.280624 0.260189 -0.007273 0.087560
    54 -20.385197 9.933641 -9.943464 1.497111 -1.420333 -2.998337
    55 2.051581 -16.235904 -2.249843 0.260208 -0.007255 0.087544
    56 -16.444878 11.611340 -5.855842 -1.346982 -1.521032 -0.153187
    57 3.976019 -9.269882 -0.567375 0.000000 0.000000 0.000000
    58 0.885534 -17.554847 2.545800 -0.157749 -0.002108 0.043612
    59 -19.961323 10.884345 9.518618 -1.403593 -1.443850 -0.147838
    60 -0.381754 -15.965522 -2.445794 0.187455 -0.000065 -0.028354
    61 2.828451 -0.071583 49.705528 0.000000 0.000000 -3.141591
    62 0.623697 0.000000 0.000000 -0.000086 -1.570451 -1.570709
    63 5.131855 -0.003106 0.000007 -0.000004 -0.000001 0.034787
    64 3.906619 -0.003290 0.000000 0.000000 0.000000 0.046513
    65 4.136856 -0.008541 0.000000 0.000000 0.000000 0.069769
    66 10.751477 -0.002665 0.000000 0.000000 0.000000 0.030000
    67 -3.078401 -1.591902 -2.889401 0.017994 1.370765 3.128431
    68 6.038855 0.000001 -0.000012 0.184657 -0.830690 -0.408307
    69 17.594568 -0.000002 0.000013 0.000000 0.000000 -0.210123
    70 17.982992 0.000000 -0.000002 2.379876 -0.004797 0.044742
    71 -2.702683 22.997117 1.246437 0.834948 0.720164 4.019362
    72 3.353216 0.000000 0.000000 0.439072 -0.022591 0.071478
  time 35
    0 0.515880 3.955884 48.795344 0.024233 -0.083509 -2.358708
    1 0.623699 0.000000 0.000003 0.000000 -1.570460 -1.570704
    2 5.131858 -0.003107 0.000009 -0.000004 -0.000001 0.034787
    3 3.906668 -0.003288 0.000000 0.000666 -0.009708 -0.016706
    4 4.137684 -0.008414 -0.000663 0.078634 0.003260 -0.042135
    5 10.751468 -0.002664 0.000000 -0.000803 0.007406 -0.035028
    6 3.346881 -0.002666 0.000000 0.000000 0.000000 0.030000
    7 -2.992439 -1.787236 2.869863 1.157859 -1.230505 2.037770
    8 6.038856 0.000000 -0.000001 0.442299 1.020798 -0.621293
    9 17.594566 -0.000004 0.000002 0.000000 0.000000 -0.372118
    10 17.982992 0.000000 -0.000006 -1.670214 -0.253246 0.063730
    11 2.813692 0.799020 -0.493428 2.411861 0.529196 1.109475
    12 2.065373 0.000001 -0.000001 0.000000 0.000000 0.649361
    13 2.094713 -0.000003 -0.000001 0.000000 0.000000 1.092984
    14 7.522001 -0.014966 -1.158110 -0.027860 -0.069734 0.911619
    15 3.200830 0.000001 0.000003 0.000000 0.000000 1.665586
    16 2.731238 0.000000 -0.000001 0.000000 0.000000 1.605716
    17 7.599252 -0.144514 0.591978 -0.045774 -0.060676 0.993546
    18 3.840996 -0.000001 0.000000 0.000000 0.000000 1.756866
    19 3.277485 0.000001 -0.000001 0.000000 0.000000 1.937328
    20 7.447638 -0.525788 2.367265 -0.140593 -0.120304 1.040144
    21 1.595202 -0.000001 -0.000001 0.000000 0.000000 0.255799
    22 1.772448 -0.000002 0.000002 0.000000 0.000000 1.067978
    23 2.053078 1.133877 -2.827966 -0.588950 -0.379171 3.344775
    24 -2.953379 -1.783314 -2.908933 0.015814 1.378195 3.191222
    25 6.038852 0.000004 -0.000008 -1.250720 -0.762890 -0.305703
    26 17.594563 0.000003 -0.000002 0.000000 0.000000 -0.369093
    27 17.982986 -0.000004 0.000005 2.976048 0.587378 -0.379867
    28 2.813690 0.799022 0.493427 -2.853948 0.431148 1.731425
    29 2.065372 -0.000003 0.000001 0.000000 0.000000 0.912325
    30 2.094710 -0.000001 -0.000001 0.000000 0.000000 0.685149
    31 7.521998 -0.014968 1.158108 -0.175699 -0.043345 1.404057
    32 3.200824 0.000000 0.000003 0.000000 0.000000 1.350746
    33 2.731232 0.000000 -0.000003 0.000000 0.000000 0.924163
    34 7.599246 -0.144515 -0.591977 -0.160049 -0.087250 1.261686
    35 3.840997 0.000002 -0.000002 0.000000 0.000000 1.649531
    36 3.277479 0.000002 0.000001 0.000000 0.000000 1.255776
    37 7.447637 -0.525794 -2.367262 0.127889 0.133747 0.940063
    38 1.595204 0.000002 0.000001 0.000000 0.000000 0.756708
    39 1.772446 0.000000 0.000001 0.000000 0.000000 1.255814
    40 49.389511 35.067627 12.791978 -1.037544 0.423055 2.039819
    41 2.475312 0.465257 2.532361 -2.558621 0.195848 -3.108527
    42 -5.128644 0.181574 6.425846 2.983985 -0.100863 2.968938
    43 22.311974 -0.000001 0.000001 0.000000 0.000000 -0.356747
    44 22.311966 0.000001 0.000001 -0.149589 -0.086379 0.117624
    45 5.131754 6.470465 0.000002 0.000000 0.000000 1.570796
    46 -5.128649 0.181606 -6.425846 -3.019549 0.124549 2.978042
    47 22.311972 -0.000001 0.000001 0.000000 0.000000 -0.452678
    48 22.311968 0.000001 0.000000 0.193490 0.071122 0.229327
    49 5.131752 6.470467 0.000000 0.000000 0.000000 1.570796
    50 -18.161344 -8.534073 8.935962 -1.403768 -1.443818 -0.147685
    51 -0.280860 -13.472143 -3.813339 0.187422 -0.000086 -0.028347
    52 -17.429821 -9.355678 -9.915888 1.497122 -1.420332 -2.998350
    53 1.729139 -12.405115 -3.280624 0.260189 -0.007273 0.087560
    54 -20.381291 9.933641 -9.943464 1.497111 -1.420333 -2.998337
    55 2.051581 -16.235904 -2.245937 0.260208 -0.007255 0.087544
    56 -16.448785 11.611340 -5.855842 -1.346982 -1.521032 -0.153187
    57 3.976019 -9.269882 -0.567375 0.000000 0.000000 0.000000
    58 0.885534 -17.554847 2.545800 -0.157749 -0.002108 0.043612
    59 -19.961323 10.884345 9.518618 -1.403593 -1.443850 -0.147838
    60 -0.381754 -15.961615 -2.445794 0.187455 -0.000065 -0.028354
    61 2.828451 -0.071583 49.705528 0.000000 0.000000 -3.141591
    62 0.623697 0.000000 0.000000 -0.000086 -1.570451 -1.570709
    63 5.131855 -0.003106 0.000007 -0.000004 -0.000001 0.034787
    64 3.906619 -0.003290 0.000000 0.000000 0.000000 0.046513
    65 4.136856 -0.008541 0.000000 0.000000 0.000000 0.069769
    66 10.751477 -0.002665 0.000000 0.000000 0.000000 0.030000
    67 -3.078401 -1.591902 -2.889401 0.017994 1.370765 3.128431
    68 6.038855 0.000001 -0.000012 0.184657 -0.830690 -0.408307
    69 17.594568 -0.000002 0.000013 0.000000 0.000000 -0.210123
    70 17.982992 0.000000 -0.000002 2.379876 -0.004797 0.044742
    71 -2.710496 22.993211 1.254250 0.834285 0.720413 4.019841
    72 3.353216 0.000000 0.000000 0.439072 -0.021828 0.076764
  time 36
    0 0.515880 3.924633 48.799251 0.024221 -0.082658 -2.358708
    1 0.623699 0.000000 0.000003 0.000000 -1.570460 -1.570704
    2 5.131858 -0.003107 0.000009 -0.000004 -0.000001 0.034787
    3 3.906668 -0.003288 0.000000 0.000703 -0.009779 -0.017353
    4 4.137684 -0.008414 -0.000663 0.078634 0.003416 -0.044121
    5 10.751468 -0.002664 0.000000 -0.000839 0.007634 -0.038180
    6 3.346881 -0.002666 0.000000 0.000000 0.000000 0.030000
    7 -2.984627 -1.798955 2.869863 1.161195 -1.231005 2.037291
    8 6.038856 0.000000 -0.000001 0.446102 1.022855 -0.616994
    9 17.594566 -0.000004 0.000002 0.000000 0.000000 -0.377085
    10 17.982992 0.000000 -0.000006 -1.669841 -0.254508 0.066779
    11 2.813692 0.799020 -0.493428 2.411840 0.529196 1.109475
    12 2.065373 0.000001 -0.000001 0.000000 0.000000 0.649361
    13 2.094713 -0.000003 -0.000001 0.000000 0.000000 1.092984
    14 7.522001 -0.014966 -1.158110 -0.027860 -0.069746 0.911619
    15 3.200830 0.000001 0.000003 0.000000 0.000000 1.665586
    16 2.731238 0.000000 -0.000001 0.000000 0.000000 1.605716
    17 7.599252 -0.144514 0.591978 -0.045786 -0.060676 0.993546
    18 3.840996 -0.000001 0.000000 0.000000 0.000000 1.756866
    19 3.277485 0.000001 -0.000001 0.000000 0.000000 1.937328
    20 7.447638 -0.525788 2.367265 -0.140593 -0.120304 1.040144
    21 1.595202 -0.000001 -0.000001 0.000000 0.000000 0.255799
    22 1.772448 -0.000002 0.000002 0.000000 0.000000 1.067978
    23 2.049172 1.133877 -2.827966 -0.588950 -0.379171 3.344775
    24 -2.941660 -1.795033 -2.912839 0.015814 1.378432 3.194437
    25 6.038852 0.000004 -0.000008 -1.258542 -0.762637 -0.304262
    26 17.594563 0.000003 -0.000002 0.000000 0.000000 -0.369423
    27 17.982986 -0.000004 0.000005 2.981679 0.591851 -0.377485
    28 2.813690 0.799022 0.493427 -2.853948 0.431148 1.731425
    29 2.065372 -0.000003 0.000001 0.000000 0.000000 0.912325
    30 2.094710 -0.000001 -0.000001 0.000000 0.000000 0.685149
    31 7.521998 -0.014968 1.158108 -0.175699 -0.043345 1.404057
    32 3.200824 0.000000 0.000003 0.000000 0.000000 1.350746
    33 2.731232 0.000000 -0.000003 0.000000 0.000000 0.924163
    34 7.599246 -0.144515 -0.591977 -0.160049 -0.087250 1.261686
    35 3.840997 0.000002 -0.000002 0.000000 0.000000 1.649531
    36 3.277479 0.000002 0.000001 0.000000 0.000000 1.255776
    37 7.447637 -0.525794 -2.367262 0.127913 0.133747 0.940063
    38 1.595204 0.000002 0.000001 0.000000 0.000000 0.756708
    39 1.772446 0.000000 0.000001 0.000000 0.000000 1.255814
    40 49.389511 35.067627 12.791978 -1.037544 0.423055 2.039819
    41 2.475312 0.465257 2.532361 -2.558621 0.195848 -3.108527
    42 -5.128644 0.181574 6.425846 2.983937 -0.100371 2.968634
    43 22.311974 -0.000001 0.000001 0.000000 0.000000 -0.356675
    44 22.311966 0.000001 0.000001 -0.149685 -0.085992 0.118117
    45 5.131754 6.470465 0.000002 0.000000 0.000000 1.570796
    46 -5.128649 0.181606 -6.425846 -3.019621 0.124933 2.978159
    47 22.311972 -0.000001 0.000001 0.000000 0.000000 -0.451658
    48 22.311968 0.000001 0.000000 0.193556 0.071684 0.229238
    49 5.131752 6.470467 0.000000 0.000000 0.000000 1.570796
    50 -18.161344 -8.534073 8.935962 -1.403768 -1.443818 -0.147610
    51 -0.280860 -13.472143 -3.813339 0.187422 -0.000086 -0.028347
    52 -17.429821 -9.355678 -9.915888 1.497122 -1.420332 -2.998350
    53 1.729139 -12.405115 -3.280624 0.260189 -0.007273 0.087560
    54 -20.381291 9.933641 -9.943464 1.497111 -1.420333 -2.998337
    55 2.051581 -16.235904 -2.249843 0.260208 -0.007255 0.087544
    56 -16.444878 11.611340 -5.855842 -1.346982 -1.521032 -0.153103
    57 3.976019 -9.269882 -0.567375 0.000000 0.000000 0.000000
    58 0.885534 -17.554847 2.545800 -0.157749 -0.002108 0.043612
    59 -19.957416 10.884345 9.518618 -1.403593 -1.443850 -0.147838
    60 -0.381754 -15.961615 -2.445794 0.187455 -0.000065 -0.028354
    61 2.828451 -0.071583 49.705528 0.000000 0.000000 -3.141591
    62 0.623697 0.000000 0.000000 -0.000086 -1.570451 -1.570709
    63 5.131855 -0.003106 0.000007 -0.000004 -0.000001 0.034787
    64 3.906619 -0.003290 0.000000 0.000000 0.000000 0.046513
    65 4.136856 -0.008541 0.000000 0.000000 0.000000 0.069769
    66 10.751477 -0.002665 0.000000 0.000000 0.000000 0.030000
    67 -3.078401 -1.591902 -2.889401 0.017994 1.370765 3.128431
    68 6.038855 0.000001 -0.000012 0.184657 -0.830690 -0.408307
    69 17.594568 -0.000002 0.000013 0.000000 0.000000 -0.210123
    70 17.982992 0.000000 -0.000002 2.379876 -0.004797 0.044742
    71 -2.718309 22.993211 1.258156 0.833622 0.720496 4.020224
    72 3.353216 0.000000 0.000000 0.439121 -0.020387 0.079275
  time 37
    0 0.515880 3.893382 48.799251 0.024221 -0.081927 -2.358660
    1 0.623699 0.000000 0.000003 0.000000 -1.570460 -1.570704
    2 5.131858 -0.003107 0.000009 -0.000004 -0.000001 0.034787
    3 3.906668 -0.003288 0.000000 0.000703 -0.009851 -0.017880
    4 4.137684 -0.008414 -0.000663 0.078634 0.003535 -0.045817
    5 10.751468 -0.002664 0.000000 -0.000863 0.007814 -0.040433
    6 3.346881 -0.002666 0.000000 0.000000 0.000000 0.030000
    7 -2.988533 -1.806768 2.869863 1.165103 -1.231598 2.035375
    8 6.038856 0.000000 -0.000001 0.449628 1.024810 -0.612785
    9 17.594566 -0.000004 0.000002 0.000000 0.000000 -0.382240
    10 17.982992 0.000000 -0.000006 -1.669469 -0.255660 0.069829
    11 2.813692 0.799020 -0.493428 2.411840 0.529196 1.109475
    12 2.065373 0.000001 -0.000001 0.000000 0.000000 0.649361
    13 2.094713 -0.000003 -0.000001 0.000000 0.000000 1.092984
    14 7.522001 -0.014966 -1.158110 -0.027860 -0.069746 0.911619
    15 3.200830 0.000001 0.000003 0.000000 0.000000 1.665586
    16 2.731238 0.000000 -0.000001 0.000000 0.000000 1.605716
    17 7.599252 -0.144514 0.591978 -0.045774 -0.060676 0.993546
    18 3.840996 -0.000001 0.000000 0.000000 0.000000 1.756866
    19 3.277485 0.000001 -0.000001 0.000000 0.000000 1.937328
    20 7.447638 -0.525788 2.367265 -0.140593 -0.120304 1.040144
    21 1.595202 -0.000001 -0.000001 0.000000 0.000000 0.255799
    22 1.772448 -0.000002 0.000002 0.000000 0.000000 1.067978
    23 2.053078 1.133877 -2.827966 -0.588950 -0.379171 3.344775
    24 -2.937754 -1.798939 -2.912839 0.015814 1.378590 3.196650
    25 6.038852 0.000004 -0.000008 -1.265408 -0.762130 -0.302779
    26 17.594563 0.000003 -0.000002 0.000000 0.000000 -0.370149
    27 17.982986 -0.000004 0.000005 2.986606 0.595766 -0.375341
    28 2.813690 0.799022 0.493427 -2.853948 0.431148 1.731425
    29 2.065372 -0.000003 0.000001 0.000000 0.000000 0.912325
    30 2.094710 -0.000001 -0.000001 0.000000 0.000000 0.685149
    31 7.521998 -0.014968 1.158108 -0.175699 -0.043345 1.404057
    32 3.200824 0.000000 0.000003 0.000000 0.000000 1.350746
    33 2.731232 0.000000 -0.000003 0.000000 0.000000 0.924163
    34 7.599246 -0.144515 -0.591977 -0.160049 -0.087250 1.261686
    35 3.840997 0.000002 -0.000002 0.000000 0.000000 1.649531
    36 3.277479 0.000002 0.000001 0.000000 0.000000 1.255776
    37 7.447637 -0.525794 -2.367262 0.127901 0.133747 0.940063
    38 1.595204 0.000002 0.000001 0.000000 0.000000 0.756708
    39 1.772446 0.000000 0.000001 0.000000 0.000000 1.255814
    40 49.389511 35.067627 12.791978 -1.037544 0.423055 2.039819
    41 2.475312 0.461350 2.532361 -2.558621 0.195848 -3.108527
    42 -5.128644 0.181574 6.425846 2.983889 -0.099917 2.968290
    43 22.311974 -0.000001 0.000001 0.000000 0.000000 -0.356854
    44 22.311966 0.000001 0.000001 -0.149757 -0.085605 0.118793
    45 5.131754 6.470465 0.000002 0.000000 0.000000 1.570796
    46 -5.128649 0.181606 -6.425846 -3.019693 0.125343 2.978300
    47 22.311972 -0.000001 0.000001 0.000000 0.000000 -0.450935
    48 22.311968 0.000001 0.000000 0.193644 0.072204 0.229264
    49 5.131752 6.470467 0.000000 0.000000 0.000000 1.570796
    50 -18.161344 -8.534073 8.935962 -1.403768 -1.443818 -0.147685
    51 -0.280860 -13.472143 -3.813339 0.187422 -0.000086 -0.028347
    52 -17.429821 -9.355678 -9.915888 1.497122 -1.420332 -2.998350
    53 1.729139 -12.405115 -3.280624 0.260189 -0.007273 0.087560
    54 -20.381291 9.933641 -9.943464 1.497111 -1.420333 -2.998337
    55 2.051581 -16.235904 -2.245937 0.260208 -0.007255 0.087544
    56 -16.444878 11.611340 -5.855842 -1.346982 -1.521032 -0.153187
    57 3.976019 -9.269882 -0.567375 0.000000 0.000000 0.000000
    58 0.885534 -17.554847 2.545800 -0.157749 -0.002108 0.043612
    59 -19.957416 10.884345 9.518618 -1.403593 -1.443850 -0.147838
    60 -0.381754 -15.961615 -2.445794 0.187455 -0.000065 -0.028354
    61 2.828451 -0.071583 49.705528 0.000000 0.000000 -3.141591
    62 0.623697 0.000000 0.000000 -0.000086 -1.570451 -1.570709
    63 5.131855 -0.003106 0.000007 -0.000004 -0.000001 0.034787
    64 3.906619 -0.003290 0.000000 0.000000 0.000000 0.046513
    65 4.136856 -0.008541 0.000000 0.000000 0.000000 0.069769
    66 10.751477 -0.002665 0.000000 0.000000 0.000000 0.030000
    67 -3.078401 -1.591902 -2.889401 0.017994 1.370765 3.128431
    68 6.038855 0.000001 -0.000012 0.184657 -0.830690 -0.408307
    69 17.594568 -0.000002 0.000013 0.000000 0.000000 -0.210123
    70 17.982992 0.000000 -0.000002 2.379876 -0.004797 0.044742
    71 -2.726121 22.997117 1.254250 0.832958 0.720496 4.020512
    72 3.353216 0.000000 0.000000 0.439146 -0.018427 0.079494
  time 38
    0 0.515880 3.869944 48.799251 0.024221 -0.081315 -2.358660
    1 0.623699 0.000000 0.000003 0.000000 -1.570460 -1.570704
    2 5.131858 -0.003107 0.000009 -0.000004 -0.000001 0.034787
    3 3.906668 -0.003288 0.000000 0.000703 -0.009911 -0.018336
    4 4.137684 -0.008414 -0.000663 0.078606 0.003643 -0.047238
    5 10.751468 -0.002664 0.000000 -0.000887 0.007934 -0.041932
    6 3.346881 -0.002666 0.000000 0.000000 0.000000 0.030000
    7 -2.984627 -1.810674 2.869863 1.169487 -1.232286 2.032117
    8 6.038856 0.000000 -0.000001 0.452968 1.026623 -0.608754
    9 17.594566 -0.000004 0.000002 0.000000 0.000000 -0.387769
    10 17.982992 0.000000 -0.000006 -1.669028 -0.256704 0.072989
    11 2.813692 0.799020 -0.493428 2.411861 0.529196 1.109475
    12 2.065373 0.000001 -0.000001 0.000000 0.000000 0.649361
    13 2.094713 -0.000003 -0.000001 0.000000 0.000000 1.092984
    14 7.522001 -0.014966 -1.158110 -0.027860 -0.069746 0.911619
    15 3.200830 0.000001 0.000003 0.000000 0.000000 1.665586
    16 2.731238 0.000000 -0.000001 0.000000 0.000000 1.605716
    17 7.599252 -0.144514 0.591978 -0.045774 -0.060676 0.993546
    18 3.840996 -0.000001 0.000000 0.000000 0.000000 1.756866
    19 3.277485 0.000001 -0.000001 0.000000 0.000000 1.937328
    20 7.447638 -0.525788 2.367265 -0.140593 -0.120304 1.040144
    21 1.595202 -0.000001 -0.000001 0.000000 0.000000 0.255799
    22 1.772448 -0.000002 0.000002 0.000000 0.000000 1.067978
    23 2.053078 1.133877 -2.827966 -0.588950 -0.379171 3.344775
    24 -2.937754 -1.802846 -2.912839 0.015814 1.378708 3.198153
    25 6.038852 0.000004 -0.000008 -1.271559 -0.761339 -0.301253
    26 17.594563 0.000003 -0.000002 0.000000 0.000000 -0.371336
    27 17.982986 -0.000004 0.000005 2.990829 0.599158 -0.373388
    28 2.813690 0.799022 0.493427 -2.853948 0.431148 1.731425
    29 2.065372 -0.000003 0.000001 0.000000 0.000000 0.912325
    30 2.094710 -0.000001 -0.000001 0.000000 0.000000 0.685149
    31 7.521998 -0.014968 1.158108 -0.175699 -0.043345 1.404057
    32 3.200824 0.000000 0.000003 0.000000 0.000000 1.350746
    33 2.731232 0.000000 -0.000003 0.000000 0.000000 0.924163
    34 7.599246 -0.144515 -0.591977 -0.160049 -0.087250 1.261686
    35 3.840997 0.000002 -0.000002 0.000000 0.000000 1.649531
    36 3.277479 0.000002 0.000001 0.000000 0.000000 1.255776
    37 7.447637 -0.525794 -2.367262 0.127901 0.133747 0.940063
    38 1.595204 0.000002 0.000001 0.000000 0.000000 0.756708
    39 1.772446 0.000000 0.000001 0.000000 0.000000 1.255814
    40 49.389511 35.067627 12.791978 -1.037544 0.423055 2.039819
    41 2.475312 0.465257 2.532361 -2.558621 0.195848 -3.108527
    42 -5.128644 0.181574 6.425846 2.983853 -0.099520 2.967867
    43 22.311974 -0.000001 0.000001 0.000000 0.000000 -0.357464
    44 22.311966 0.000001 0.000001 -0.149829 -0.085199 0.119651
    45 5.131754 6.470465 0.000002 0.000000 0.000000 1.570796
    46 -5.128649 0.181606 -6.425846 -3.019789 0.125792 2.978370
    47 22.311972 -0.000001 0.000001 0.000000 0.000000 -0.450474
    48 22.311968 0.000001 0.000000 0.193688 0.072766 0.229442
    49 5.131752 6.470467 0.000000 0.000000 0.000000 1.570796
    50 -18.161344 -8.534073 8.935962 -1.403768 -1.443818 -0.147685
    51 -0.280860 -13.472143 -3.813339 0.187422 -0.000086 -0.028347
    52 -17.429821 -9.355678 -9.915888 1.497122 -1.420332 -2.998350
    53 1.729139 -12.405115 -3.280624 0.260189 -0.007273 0.087560
    54 -20.385197 9.933641 -9.943464 1.497111 -1.420333 -2.998337
    55 2.051581 -16.235904 -2.249843 0.260208 -0.007255 0.087544
    56 -16.448785 11.611340 -5.859749 -1.346982 -1.521032 -0.153187
    57 3.976019 -9.269882 -0.567375 0.000000 0.000000 0.000000
    58 0.885534 -17.554847 2.545800 -0.157749 -0.002108 0.043612
    59 -19.957416 10.884345 9.518618 -1.403593 -1.443850 -0.147838
    60 -0.381754 -15.961615 -2.445794 0.187455 -0.000065 -0.028354
    61 2.828451 -0.071583 49.705528 0.000000 0.000000 -3.141591
    62 0.623697 0.000000 0.000000 -0.000086 -1.570451 -1.570709
    63 5.131855 -0.003106 0.000007 -0.000004 -0.000001 0.034787
    64 3.906619 -0.003290 0.000000 0.000000 0.000000 0.046513
    65 4.136856 -0.008541 0.000000 0.000000 0.000000 0.069769
    66 10.751477 -0.002665 0.000000 0.000000 0.000000 0.030000
    67 -3.078401 -1.591902 -2.889401 0.017994 1.370765 3.128431
    68 6.038855 0.000001 -0.000012 0.184657 -0.830690 -0.408307
    69 17.594568 -0.000002 0.000013 0.000000 0.000000 -0.210123
    70 17.982992 0.000000 -0.000002 2.379876 -0.004797 0.044742
    71 -2.733934 22.993211 1.258156 0.832295 0.720413 4.020703
    72 3.353216 0.000000 0.000000 0.439244 -0.016151 0.077899
  time 39
    0 0.515880 3.838693 48.799251 0.024221 -0.080848 -2.358660
    1 0.623699 0.000000 0.000003 0.000000 -1.570460 -1.570704
    2 5.131858 -0.003107 0.000009 -0.000004 -0.000001 0.034787
    3 3.906668 -0.003288 0.000000 0.000703 -0.009947 -0.018659
    4 4.137684 -0.008414 -0.000663 0.078620 0.003739 -0.048369
    5 10.751468 -0.002664 0.000000 -0.000899 0.008018 -0.042806
    6 3.346881 -0.002666 0.000000 0.000000 0.000000 0.030000
    7 -2.980720 -1.810674 2.869863 1.174347 -1.233035 2.027804
    8 6.038856 0.000000 -0.000001 0.456029 1.028232 -0.604813
    9 17.594566 -0.000004 0.000002 0.000000 0.000000 -0.393580
    10 17.982992 0.000000 -0.000006 -1.668554 -0.257639 0.076259
    11 2.813692 0.799020 -0.493428 2.411861 0.529196 1.109475
    12 2.065373 0.000001 -0.000001 0.000000 0.000000 0.649361
    13 2.094713 -0.000003 -0.000001 0.000000 0.000000 1.092984
    14 7.522001 -0.014966 -1.158110 -0.027860 -0.069746 0.911619
    15 3.200830 0.000001 0.000003 0.000000 0.000000 1.665586
    16 2.731238 0.000000 -0.000001 0.000000 0.000000 1.605716
    17 7.599252 -0.144514 0.591978 -0.045774 -0.060676 0.993546
    18 3.840996 -0.000001 0.000000 0.000000 0.000000 1.756866
    19 3.277485 0.000001 -0.000001 0.000000 0.000000 1.937328
    20 7.447638 -0.525788 2.367265 -0.140593 -0.120304 1.040144
    21 1.595202 -0.000001 -0.000001 0.000000 0.000000 0.255799
    22 1.772448 -0.000002 0.000002 0.000000 0.000000 1.067978
    23 2.053078 1.133877 -2.824059 -0.588950 -0.379171 3.344775
    24 -2.933848 -1.806752 -2.912839 0.015814 1.378787 3.198988
    25 6.038852 0.000004 -0.000008 -1.276753 -0.760295 -0.299812
    26 17.594563 0.000003 -0.000002 0.000000 0.000000 -0.372970
    27 17.982986 -0.000004 0.000005 2.994367 0.602103 -0.371673
    28 2.813690 0.799022 0.493427 -2.853948 0.431148 1.731425
    29 2.065372 -0.000003 0.000001 0.000000 0.000000 0.912325
    30 2.094710 -0.000001 -0.000001 0.000000 0.000000 0.685149
    31 7.521998 -0.014968 1.158108 -0.175699 -0.043345 1.404057
    32 3.200824 0.000000 0.000003 0.000000 0.000000 1.350746
    33 2.731232 0.000000 -0.000003 0.000000 0.000000 0.924163
    34 7.599246 -0.144515 -0.591977 -0.160049 -0.087250 1.261686
    35 3.840997 0.000002 -0.000002 0.000000 0.000000 1.649531
    36 3.277479 0.000002 0.000001 0.000000 0.000000 1.255776
    37 7.447637 -0.525794 -2.367262 0.127889 0.133747 0.940063
    38 1.595204 0.000002 0.000001 0.000000 0.000000 0.756708
    39 1.772446 0.000000 0.000001 0.000000 0.000000 1.255814
    40 49.389511 35.067627 12.791978 -1.037544 0.423055 2.039819
    41 2.475312 0.465257 2.532361 -2.558621 0.195848 -3.108527
    42 -5.128644 0.181574 6.425846 2.983805 -0.099123 2.967431
    43 22.311974 -0.000001 0.000001 0.000000 0.000000 -0.358469
    44 22.311966 0.000001 0.000001 -0.149877 -0.084812 0.121054
    45 5.131754 6.470465 0.000002 0.000000 0.000000 1.570796
    46 -5.128649 0.181606 -6.425846 -3.019885 0.126266 2.978487
    47 22.311972 -0.000001 0.000001 0.000000 0.000000 -0.450277
    48 22.311968 0.000001 0.000000 0.193732 0.073314 0.229759
    49 5.131752 6.470467 0.000000 0.000000 0.000000 1.570796
    50 -18.161344 -8.530167 8.935962 -1.403768 -1.443818 -0.147685
    51 -0.280860 -13.472143 -3.813339 0.187422 -0.000086 -0.028347
    52 -17.429821 -9.355678 -9.915888 1.497122 -1.420332 -2.998350
    53 1.729139 -12.405115 -3.280624 0.260189 -0.007273 0.087560
    54 -20.381291 9.933641 -9.943464 1.497111 -1.420333 -2.998337
    55 2.051581 -16.235904 -2.249843 0.260208 -0.007255 0.087544
    56 -16.444878 11.607434 -5.855842 -1.346982 -1.521032 -0.153187
    57 3.976019 -9.269882 -0.567375 0.000000 0.000000 0.000000
    58 0.885534 -17.554847 2.545800 -0.157749 -0.002108 0.043612
    59 -19.957416 10.884345 9.518618 -1.403593 -1.443850 -0.147838
    60 -0.381754 -15.961615 -2.445794 0.187455 -0.000065 -0.028354
    61 2.828451 -0.071583 49.705528 0.000000 0.000000 -3.141591
    62 0.623697 0.000000 0.000000 -0.000086 -1.570451 -1.570709
    63 5.131855 -0.003106 0.000007 -0.000004 -0.000001 0.034787
    64 3.906619 -0.003290 0.000000 0.000000 0.000000 0.046513
    65 4.136856 -0.008541 0.000000 0.000000 0.000000 0.069769
    66 10.751477 -0.002665 0.000000 0.000000 0.000000 0.030000
    67 -3.078401 -1.591902 -2.889401 0.017994 1.370765 3.128431
    68 6.038855 0.000001 -0.000012 0.184657 -0.830690 -0.408307
    69 17.594568 -0.000002 0.000013 0.000000 0.000000 -0.210123
    70 17.982992 0.000000 -0.000002 2.379876 -0.004797 0.044742
    71 -2.741747 22.993211 1.258156 0.831631 0.720206 4.020799
    72 3.349310 0.000000 0.000000 0.439293 -0.013716 0.075082
  time 40
    0 0.515880 3.807442 48.799251 0.024221 -0.080524 -2.358613
    1 0.623699 0.000000 0.000003 0.000000 -1.570460 -1.570704
    2 5.131858 -0.003107 0.000009 -0.000004 -0.000001 0.034787
    3 3.906668 -0.003288 0.000000 0.000703 -0.009983 -0.018899
    4 4.137684 -0.008414 -0.000663 0.078606 0.003799 -0.049209
    5 10.751468 -0.002664 0.000000 -0.000911 0.008066 -0.043238
    6 3.346881 -0.002666 0.000000 0.000000 0.000000 0.030000
    7 -2.980720 -1.814581 2.869863 1.179589 -1.233753 2.022726
    8 6.038856 0.000000 -0.000001 0.458905 1.029657 -0.601052
    9 17.594566 -0.000004 0.000002 0.000000 0.000000 -0.399625
    10 17.982992 0.000000 -0.000006 -1.668046 -0.258488 0.079552
    11 2.813692 0.799020 -0.493428 2.411840 0.529196 1.109475
    12 2.065373 0.000001 -0.000001 0.000000 0.000000 0.649361
    13 2.094713 -0.000003 -0.000001 0.000000 0.000000 1.092984
    14 7.522001 -0.014966 -1.158110 -0.027860 -0.069746 0.911619
    15 3.200830 0.000001 0.000003 0.000000 0.000000 1.665586
    16 2.731238 0.000000 -0.000001 0.000000 0.000000 1.605716
    17 7.599252 -0.144514 0.591978 -0.045774 -0.060676 0.993546
    18 3.840996 -0.000001 0.000000 0.000000 0.000000 1.756866
    19 3.277485 0.000001 -0.000001 0.000000 0.000000 1.937328
    20 7.447638 -0.525788 2.367265 -0.140593 -0.120304 1.040144
    21 1.595202 -0.000001 -0.000001 0.000000 0.000000 0.255799
    22 1.772448 -0.000002 0.000002 0.000000 0.000000 1.067978
    23 2.053078 1.133877 -2.827966 -0.588950 -0.379171 3.344775
    24 -2.933848 -1.806752 -2.908933 0.015814 1.378847 3.199447
    25 6.038852 0.000004 -0.000008 -1.281172 -0.758998 -0.298498
    26 17.594563 0.000003 -0.000002 0.000000 0.000000 -0.374933
    27 17.982986 -0.000004 0.000005 2.997258 0.604564 -0.370148
    28 2.813690 0.799022 0.493427 -2.853948 0.431148 1.731425
    29 2.065372 -0.000003 0.000001 0.000000 0.000000 0.912325
    30 2.094710 -0.000001 -0.000001 0.000000 0.000000 0.685125
    31 7.521998 -0.014968 1.158108 -0.175699 -0.043345 1.404057
    32 3.200824 0.000000 0.000003 0.000000 0.000000 1.350746
    33 2.731232 0.000000 -0.000003 0.000000 0.000000 0.924163
    34 7.599246 -0.144515 -0.591977 -0.160049 -0.087250 1.261686
    35 3.840997 0.000002 -0.000002 0.000000 0.000000 1.649531
    36 3.277479 0.000002 0.000001 0.000000 0.000000 1.255776
    37 7.447637 -0.525794 -2.367262 0.127913 0.133747 0.940063
    38 1.595204 0.000002 0.000001 0.000000 0.000000 0.756708
    39 1.772446 0.000000 0.000001 0.000000 0.000000 1.255814
    40 49.389511 35.067627 12.791978 -1.037544 0.423055 2.039819
    41 2.475312 0.465257 2.532361 -2.558621 0.195848 -3.108527
    42 -5.128644 0.181574 6.425846 2.983757 -0.098744 2.966942
    43 22.311974 -0.000001 0.000001 0.000000 0.000000 -0.359761
    44 22.311966 0.000001 0.000001 -0.149901 -0.084462 0.121886
    45 5.131754 6.470465 0.000002 0.000000 0.000000 1.570796
    46 -5.128649 0.181606 -6.425846 -3.019993 0.126740 2.978581
    47 22.311972 -0.000001 0.000001 0.000000 0.000000 -0.450375
    48 22.311968 0.000001 0.000000 0.193776 0.073862 0.230229
    49 5.131752 6.470467 0.000000 0.000000 0.000000 1.570796
    50 -18.161344 -8.534073 8.935962 -1.403768 -1.443818 -0.147685
    51 -0.280860 -13.472143 -3.813339 0.187422 -0.000086 -0.028347
    52 -17.429821 -9.355678 -9.915888 1.497122 -1.420332 -2.998350
    53 1.729139 -12.405115 -3.280624 0.260189 -0.007273 0.087560
    54 -20.381291 9.933641 -9.947371 1.497111 -1.420333 -2.998337
    55 2.051581 -16.235904 -2.249843 0.260208 -0.007255 0.087544
    56 -16.444878 11.611340 -5.859749 -1.346982 -1.521032 -0.153187
    57 3.979926 -9.269882 -0.567375 0.000000 0.000000 0.000000
    58 0.885534 -17.550941 2.545800 -0.157749 -0.002108 0.043612
    59 -19.957416 10.884345 9.518618 -1.403593 -1.443850 -0.147838
    60 -0.381754 -15.961615 -2.445794 0.187455 -0.000065 -0.028354
    61 2.828451 -0.071583 49.705528 0.000000 0.000000 -3.141591
    62 0.623697 0.000000 0.000000 -0.000086 -1.570451 -1.570709
    63 5.131855 -0.003106 0.000007 -0.000004 -0.000001 0.034787
    64 3.906619 -0.003290 0.000000 0.000000 0.000000 0.046513
    65 4.136856 -0.008541 0.000000 0.000000 0.000000 0.069769
    66 10.751477 -0.002665 0.000000 0.000000 0.000000 0.030000
    67 -3.078401 -1.591902 -2.889401 0.017994 1.370765 3.128431
    68 6.038855 0.000001 -0.000012 0.184657 -0.830690 -0.408307
    69 17.594568 -0.000002 0.000013 0.000000 0.000000 -0.210123
    70 17.982992 0.000000 -0.000002 2.379876 -0.004797 0.044742
    71 -2.749560 22.993211 1.262062 0.831051 0.719916 4.020895
    72 3.349310 0.000000 0.000000 0.439342 -0.011310 0.071435
  time 41
    0 0.515880 3.776191 48.795344 0.024221 -0.080345 -2.358613
    1 0.623699 0.000000 0.000003 0.000000 -1.570460 -1.570704
    2 5.131858 -0.003107 0.000009 -0.000004 -0.000001 0.034787
    3 3.906668 -0.003288 0.000000 0.000703 -0.009995 -0.019019
    4 4.137684 -0.008414 -0.000663 0.078606 0.003835 -0.049726
    5 10.751468 -0.002664 0.000000 -0.000911 0.008090 -0.043358
    6 3.346881 -0.002666 0.000000 0.000000 0.000000 0.030000
    7 -2.976814 -1.814581 2.869863 1.185022 -1.234534 2.017168
    8 6.038856 0.000000 -0.000001 0.461503 1.030859 -0.597559
    9 17.594566 -0.000004 0.000002 0.000000 0.000000 -0.405810
    10 17.982992 0.000000 -0.000006 -1.667470 -0.259270 0.082866
    11 2.813692 0.799020 -0.493428 2.411861 0.529196 1.109475
    12 2.065373 0.000001 -0.000001 0.000000 0.000000 0.649361
    13 2.094713 -0.000003 -0.000001 0.000000 0.000000 1.092984
    14 7.522001 -0.014966 -1.158110 -0.027860 -0.069734 0.911619
    15 3.200830 0.000001 0.000003 0.000000 0.000000 1.665586
    16 2.731238 0.000000 -0.000001 0.000000 0.000000 1.605716
    17 7.599252 -0.144514 0.591978 -0.045774 -0.060676 0.993546
    18 3.840996 -0.000001 0.000000 0.000000 0.000000 1.756866
    19 3.277485 0.000001 -0.000001 0.000000 0.000000 1.937328
    20 7.447638 -0.525788 2.367265 -0.140593 -0.120304 1.040144
    21 1.595202 -0.000001 -0.000001 0.000000 0.000000 0.255799
    22 1.772448 -0.000002 0.000002 0.000000 0.000000 1.067978
    23 2.049172 1.133877 -2.824059 -0.588950 -0.379171 3.344775
    24 -2.933848 -1.806752 -2.912839 0.015814 1.378866 3.199530
    25 6.038852 0.000004 -0.000008 -1.284695 -0.757574 -0.297227
    26 17.594563 0.000003 -0.000002 0.000000 0.000000 -0.377177
    27 17.982986 -0.000004 0.000005 2.999541 0.606651 -0.368862
    28 2.813690 0.799022 0.493427 -2.853948 0.431148 1.731425
    29 2.065372 -0.000003 0.000001 0.000000 0.000000 0.912325
    30 2.094710 -0.000001 -0.000001 0.000000 0.000000 0.685125
    31 7.521998 -0.014968 1.158108 -0.175699 -0.043345 1.404057
    32 3.200824 0.000000 0.000003 0.000000 0.000000 1.350746
    33 2.731232 0.000000 -0.000003 0.000000 0.000000 0.924163
    34 7.599246 -0.144515 -0.591977 -0.160049 -0.087250 1.261686
    35 3.840997 0.000002 -0.000002 0.000000 0.000000 1.649485
    36 3.277479 0.000002 0.000001 0.000000 0.000000 1.255776
    37 7.447637 -0.525794 -2.367262 0.127901 0.133747 0.940063
    38 1.595204 0.000002 0.000001 0.000000 0.000000 0.756708
    39 1.772446 0.000000 0.000001 0.000000 0.000000 1.255814
    40 49.389511 35.067627 12.791978 -1.037544 0.423055 2.039819
    41 2.475312 0.465257 2.532361 -2.558621 0.195848 -3.108527
    42 -5.128644 0.181574 6.425846 2.983734 -0.098423 2.966414
    43 22.311974 -0.000001 0.000001 0.000000 0.000000 -0.361340
    44 22.311966 0.000001 0.000001 -0.149925 -0.084093 0.123211
    45 5.131754 6.470465 0.000002 0.000000 0.000000 1.570796
    46 -5.128649 0.181606 -6.425846 -3.020101 0.127227 2.978675
    47 22.311972 -0.000001 0.000001 0.000000 0.000000 -0.450704
    48 22.311968 0.000001 0.000000 0.193798 0.074396 0.230800
    49 5.131752 6.470467 0.000000 0.000000 0.000000 1.570796
    50 -18.161344 -8.534073 8.935962 -1.403768 -1.443818 -0.147685
    51 -0.280860 -13.472143 -3.813339 0.187422 -0.000086 -0.028347
    52 -17.429821 -9.355678 -9.915888 1.497122 -1.420332 -2.998350
    53 1.729139 -12.405115 -3.280624 0.260189 -0.007273 0.087560
    54 -20.385197 9.933641 -9.943464 1.497111 -1.420333 -2.998337
    55 2.051581 -16.235904 -2.249843 0.260208 -0.007255 0.087544
    56 -16.448785 11.611340 -5.859749 -1.346982 -1.521032 -0.153187
    57 3.976019 -9.269882 -0.567375 0.000000 0.000000 0.000000
    58 0.885534 -17.554847 2.545800 -0.157749 -0.002108 0.043612
    59 -19.961323 10.884345 9.518618 -1.403593 -1.443850 -0.147838
    60 -0.381754 -15.961615 -2.445794 0.187455 -0.000065 -0.028354
    61 2.828451 -0.071583 49.705528 0.000000 0.000000 -3.141591
    62 0.623697 0.000000 0.000000 -0.000086 -1.570451 -1.570709
    63 5.131855 -0.003106 0.000007 -0.000004 -0.000001 0.034787
    64 3.906619 -0.003290 0.000000 0.000000 0.000000 0.046513
    65 4.136856 -0.008541 0.000000 0.000000 0.000000 0.069769
    66 10.751477 -0.002665 0.000000 0.000000 0.000000 0.030000
    67 -3.078401 -1.591902 -2.889401 0.017994 1.370765 3.128431
    68 6.038855 0.000001 -0.000012 0.184657 -0.830690 -0.408307
    69 17.594568 -0.000002 0.000013 0.000000 0.000000 -0.210123
    70 17.982992 0.000000 -0.000002 2.379876 -0.004797 0.044742
    71 -2.761279 22.989304 1.262062 0.830387 0.719626 4.020799
    72 3.349310 0.000000 0.000000 0.439391 -0.009120 0.067547
  time 42
    0 0.515880 3.752752 48.791438 0.024221 -0.080297 -2.358613
    1 0.623699 0.000000 0.000003 0.000000 -1.570460 -1.570704
    2 5.131858 -0.003107 0.000009 -0.000004 -0.000001 0.034787
    3 3.906668 -0.003288 0.000000 0.000703 -0.009995 -0.019043
    4 4.137684 -0.008414 -0.000663 0.078593 0.003859 -0.049935
    5 10.751468 -0.002664 0.000000 -0.000911 0.008102 -0.043322
    6 3.346881 -0.002666 0.000000 0.000000 0.000000 0.030000
    7 -2.980720 -1.814581 2.869863 1.190549 -1.235346 2.011227
    8 6.038856 0.000000 -0.000001 0.463822 1.031837 -0.594334
    9 17.594566 -0.000004 0.000002 0.000000 0.000000 -0.411996
    10 17.982992 0.000000 -0.000006 -1.666894 -0.259966 0.086115
    11 2.813692 0.799020 -0.493428 2.411840 0.529196 1.109475
    12 2.065373 0.000001 -0.000001 0.000000 0.000000 0.649361
    13 2.094713 -0.000003 -0.000001 0.000000 0.000000 1.092984
    14 7.522001 -0.014966 -1.158110 -0.027860 -0.069746 0.911619
    15 3.200830 0.000001 0.000003 0.000000 0.000000 1.665586
    16 2.731238 0.000000 -0.000001 0.000000 0.000000 1.605716
    17 7.599252 -0.144514 0.591978 -0.045774 -0.060676 0.993546
    18 3.840996 -0.000001 0.000000 0.000000 0.000000 1.756866
    19 3.277485 0.000001 -0.000001 0.000000 0.000000 1.937328
    20 7.447638 -0.525788 2.367265 -0.140593 -0.120304 1.040144
    21 1.595202 -0.000001 -0.000001 0.000000 0.000000 0.255799
    22 1.772448 -0.000002 0.000002 0.000000 0.000000 1.067978
    23 2.049172 1.133877 -2.827966 -0.588950 -0.379171 3.344775
    24 -2.929941 -1.806752 -2.908933 0.015814 1.378906 3.199489
    25 6.038852 0.000004 -0.000008 -1.287382 -0.755929 -0.296040
    26 17.594563 0.000003 -0.000002 0.000000 0.000000 -0.379635
    27 17.982986 -0.000004 0.000005 3.001234 0.608329 -0.367766
    28 2.813690 0.799022 0.493427 -2.853948 0.431148 1.731425
    29 2.065372 -0.000003 0.000001 0.000000 0.000000 0.912325
    30 2.094710 -0.000001 -0.000001 0.000000 0.000000 0.685149
    31 7.521998 -0.014968 1.158108 -0.175699 -0.043345 1.404057
    32 3.200824 0.000000 0.000003 0.000000 0.000000 1.350746
    33 2.731232 0.000000 -0.000003 0.000000 0.000000 0.924163
    34 7.599246 -0.144515 -0.591977 -0.160049 -0.087250 1.261686
    35 3.840997 0.000002 -0.000002 0.000000 0.000000 1.649531
    36 3.277479 0.000002 0.000001 0.000000 0.000000 1.255776
    37 7.447637 -0.525794 -2.367262 0.127913 0.133747 0.940063
    38 1.595204 0.000002 0.000001 0.000000 0.000000 0.756708
    39 1.772446 0.000000 0.000001 0.000000 0.000000 1.255814
    40 49.389511 35.067627 12.791978 -1.037544 0.423055 2.039819
    41 2.475312 0.465257 2.532361 -2.558621 0.195848 -3.108527
    42 -5.128644 0.181574 6.425846 2.983710 -0.098177 2.965925
    43 22.311974 -0.000001 0.000001 0.000000 0.000000 -0.363170
    44 22.311966 0.000001 0.000001 -0.149949 -0.083743 0.124614
    45 5.131754 6.470465 0.000002 0.000000 0.000000 1.570796
    46 -5.128649 0.181606 -6.425846 -3.020197 0.127714 2.978792
    47 22.311972 -0.000001 0.000001 0.000000 0.000000 -0.451296
    48 22.311968 0.000001 0.000000 0.193820 0.074930 0.231474
    49 5.131752 6.470467 0.000000 0.000000 0.000000 1.570796
    50 -18.161344 -8.534073 8.935962 -1.403768 -1.443818 -0.147685
    51 -0.280860 -13.472143 -3.813339 0.187422 -0.000086 -0.028347
    52 -17.429821 -9.355678 -9.915888 1.497122 -1.420332 -2.998338
    53 1.729139 -12.405115 -3.280624 0.260189 -0.007273 0.087560
    54 -20.381291 9.933641 -9.947371 1.497111 -1.420333 -2.998337
    55 2.051581 -16.235904 -2.249843 0.260208 -0.007255 0.087544
    56 -16.444878 11.611340 -5.859749 -1.346982 -1.521032 -0.153187
    57 3.976019 -9.269882 -0.567375 0.000000 0.000000 0.000000
    58 0.885534 -17.554847 2.545800 -0.157749 -0.002108 0.043612
    59 -19.957416 10.884345 9.518618 -1.403593 -1.443850 -0.147838
    60 -0.381754 -15.961615 -2.445794 0.187455 -0.000065 -0.028354
    61 2.828451 -0.071583 49.705528 0.000000 0.000000 -3.141591
    62 0.623697 0.000000 0.000000 -0.000086 -1.570451 -1.570709
    63 5.131855 -0.003106 0.000007 -0.000004 -0.000001 0.034787
    64 3.906619 -0.003290 0.000000 0.000000 0.000000 0.046513
    65 4.136856 -0.008541 0.000000 0.000000 0.000000 0.069769
    66 10.751477 -0.002665 0.000000 0.000000 0.000000 0.030000
    67 -3.078401 -1.591902 -2.889401 0.017994 1.370765 3.128431
    68 6.038855 0.000001 -0.000012 0.184657 -0.830690 -0.408307
    69 17.594568 -0.000002 0.000013 0.000000 0.000000 -0.210123
    70 17.982992 0.000000 -0.000002 2.379876 -0.004797 0.044742
    71 -2.769091 22.989304 1.265969 0.829807 0.719336 4.020799
    72 3.353216 0.000000 0.000000 0.439391 -0.007290 0.063856
  time 43
    0 0.515880 3.725408 48.783625 0.024221 -0.080381 -2.358613
    1 0.623699 0.000000 0.000003 0.000000 -1.570460 -1.570704
    2 5.131858 -0.003107 0.000009 -0.000004 -0.000001 0.034787
    3 3.906668 -0.003288 0.000000 0.000703 -0.009983 -0.018959
    4 4.137684 -0.008414 -0.000663 0.078593 0.003847 -0.049822
    5 10.751468 -0.002664 0.000000 -0.000911 0.008102 -0.043274
    6 3.346881 -0.002666 0.000000 0.000000 0.000000 0.030000
    7 -2.976814 -1.814581 2.869863 1.196077 -1.236127 2.005285
    8 6.038856 0.000000 -0.000001 0.465770 1.032549 -0.591379
    9 17.594566 -0.000004 0.000002 0.000000 0.000000 -0.418322
    10 17.982992 0.000000 -0.000006 -1.666284 -0.260597 0.089297
    11 2.813692 0.799020 -0.493428 2.411840 0.529196 1.109475
    12 2.065373 0.000001 -0.000001 0.000000 0.000000 0.649361
    13 2.094713 -0.000003 -0.000001 0.000000 0.000000 1.092984
    14 7.522001 -0.014966 -1.158110 -0.027860 -0.069734 0.911619
    15 3.200830 0.000001 0.000003 0.000000 0.000000 1.665586
    16 2.731238 0.000000 -0.000001 0.000000 0.000000 1.605716
    17 7.599252 -0.144514 0.591978 -0.045786 -0.060676 0.993546
    18 3.840996 -0.000001 0.000000 0.000000 0.000000 1.756866
    19 3.277485 0.000001 -0.000001 0.000000 0.000000 1.937328
    20 7.447638 -0.525788 2.367265 -0.140593 -0.120304 1.040144
    21 1.595202 -0.000001 -0.000001 0.000000 0.000000 0.255799
    22 1.772448 -0.000002 0.000002 0.000000 0.000000 1.067978
    23 2.053078 1.133877 -2.827966 -0.588950 -0.379171 3.344775
    24 -2.929941 -1.806752 -2.912839 0.015814 1.378906 3.199489
    25 6.038852 0.000004 -0.000008 -1.289352 -0.754158 -0.295108
    26 17.594563 0.000003 -0.000002 0.000000 0.000000 -0.382258
    27 17.982986 -0.000004 0.000005 3.002375 0.609671 -0.366909
    28 2.813690 0.799022 0.493427 -2.853948 0.431148 1.731425
    29 2.065372 -0.000003 0.000001 0.000000 0.000000 0.912325
    30 2.094710 -0.000001 -0.000001 0.000000 0.000000 0.685125
    31 7.521998 -0.014968 1.158108 -0.175699 -0.043345 1.404057
    32 3.200824 0.000000 0.000003 0.000000 0.000000 1.350746
    33 2.731232 0.000000 -0.000003 0.000000 0.000000 0.924163
    34 7.599246 -0.144515 -0.591977 -0.160049 -0.087250 1.261686
    35 3.840997 0.000002 -0.000002 0.000000 0.000000 1.649531
    36 3.277479 0.000002 0.000001 0.000000 0.000000 1.255776
    37 7.447637 -0.525794 -2.367262 0.127901 0.133747 0.940063
    38 1.595204 0.000002 0.000001 0.000000 0.000000 0.756708
    39 1.772446 0.000000 0.000001 0.000000 0.000000 1.255814
    40 49.389511 35.067627 12.791978 -1.037544 0.423055 2.039819
    41 2.475312 0.465257 2.532361 -2.558621 0.195848 -3.108527
    42 -5.128644 0.181574 6.425846 2.983674 -0.097931 2.965449
    43 22.311974 -0.000001 0.000001 0.000000 0.000000 -0.365143
    44 22.311966 0.000001 0.000001 -0.149925 -0.083411 0.126148
    45 5.131754 6.470465 0.000002 0.000000 0.000000 1.570796
    46 -5.128649 0.181606 -6.425846 -3.020304 0.128200 2.978886
    47 22.311972 -0.000001 0.000001 0.000000 0.000000 -0.452086
    48 22.311968 0.000001 0.000000 0.193820 0.075423 0.232248
    49 5.131752 6.470467 0.000000 0.000000 0.000000 1.570796
    50 -18.165250 -8.534073 8.935962 -1.403768 -1.443818 -0.147685
    51 -0.280860 -13.468237 -3.813339 0.187422 -0.000086 -0.028347
    52 -17.429821 -9.355678 -9.915888 1.497122 -1.420332 -2.998350
    53 1.729139 -12.405115 -3.280624 0.260189 -0.007273 0.087560
    54 -20.381291 9.933641 -9.943464 1.497111 -1.420333 -2.998337
    55 2.051581 -16.235904 -2.249843 0.260208 -0.007255 0.087544
    56 -16.444878 11.611340 -5.855842 -1.346982 -1.521032 -0.153103
    57 3.976019 -9.269882 -0.567375 0.000000 0.000000 0.000000
    58 0.885534 -17.554847 2.545800 -0.157749 -0.002108 0.043612
    59 -19.961323 10.884345 9.518618 -1.403593 -1.443850 -0.147838
    60 -0.381754 -15.961615 -2.445794 0.187455 -0.000065 -0.028354
    61 2.828451 -0.071583 49.705528 0.000000 0.000000 -3.141591
    62 0.623697 0.000000 0.000000 -0.000086 -1.570451 -1.570709
    63 5.131855 -0.003106 0.000007 -0.000004 -0.000001 0.034787
    64 3.906619 -0.003290 0.000000 0.000000 0.000000 0.046513
    65 4.136856 -0.008541 0.000000 0.000000 0.000000 0.069769
    66 10.751477 -0.002665 0.000000 0.000000 0.000000 0.030000
    67 -3.078401 -1.591902 -2.889401 0.017994 1.370765 3.128431
    68 6.038855 0.000001 -0.000012 0.184657 -0.830690 -0.408307
    69 17.594568 -0.000002 0.000013 0.000000 0.000000 -0.210123
    70 17.982992 0.000000 -0.000002 2.379876 -0.004797 0.044742
    71 -2.772998 22.985398 1.265969 0.829227 0.719047 4.020608
    72 3.353216 0.000000 0.000000 0.439440 -0.006051 0.060908
  time 44
    0 0.515880 3.701970 48.775812 0.024221 -0.080608 -2.358660
    1 0.623699 0.000000 0.000003 0.000000 -1.570460 -1.570704
    2 5.131858 -0.003107 0.000009 -0.000004 -0.000001 0.034787
    3 3.906668 -0.003288 0.000000 0.000703 -0.009959 -0.018743
    4 4.137684 -0.008414 -0.000663 0.078620 0.003811 -0.049386
    5 10.751468 -0.002664 0.000000 -0.000911 0.008102 -0.043226
    6 3.346881 -0.002666 0.000000 0.000000 0.000000 0.030000
    7 -2.976814 -1.814581 2.869863 1.201414 -1.236814 1.999440
    8 6.038856 0.000000 -0.000001 0.467347 1.032997 -0.588781
    9 17.594566 -0.000004 0.000002 0.000000 0.000000 -0.424413
    10 17.982992 0.000000 -0.000006 -1.665674 -0.261163 0.092346
    11 2.813692 0.799020 -0.493428 2.411840 0.529196 1.109475
    12 2.065373 0.000001 -0.000001 0.000000 0.000000 0.649361
    13 2.094713 -0.000003 -0.000001 0.000000 0.000000 1.092984
    14 7.522001 -0.014966 -1.158110 -0.027860 -0.069746 0.911619
    15 3.200830 0.000001 0.000003 0.000000 0.000000 1.665586
    16 2.731238 0.000000 -0.000001 0.000000 0.000000 1.605716
    17 7.599252 -0.144514 0.591978 -0.045774 -0.060676 0.993546
    18 3.840996 -0.000001 0.000000 0.000000 0.000000 1.756866
    19 3.277485 0.000001 -0.000001 0.000000 0.000000 1.937328
    20 7.447638 -0.525788 2.367265 -0.140593 -0.120304 1.040144
    21 1.595202 -0.000001 -0.000001 0.000000 0.000000 0.255799
    22 1.772448 -0.000002 0.000002 0.000000 0.000000 1.067978
    23 2.053078 1.133877 -2.827966 -0.588950 -0.379171 3.344775
    24 -2.933848 -1.806752 -2.912839 0.015769 1.378906 3.199447
    25 6.038852 0.000004 -0.000008 -1.290367 -0.752259 -0.294345
    26 17.594563 0.000003 -0.000002 0.000000 0.000000 -0.384963
    27 17.982986 -0.000004 0.000005 3.003003 0.610677 -0.366242
    28 2.813690 0.799022 0.493427 -2.853948 0.431148 1.731425
    29 2.065372 -0.000003 0.000001 0.000000 0.000000 0.912325
    30 2.094710 -0.000001 -0.000001 0.000000 0.000000 0.685125
    31 7.521998 -0.014968 1.158108 -0.175699 -0.043345 1.404057
    32 3.200824 0.000000 0.000003 0.000000 0.000000 1.350746
    33 2.731232 0.000000 -0.000003 0.000000 0.000000 0.924163
    34 7.599246 -0.144515 -0.591977 -0.160049 -0.087250 1.261686
    35 3.840997 0.000002 -0.000002 0.000000 0.000000 1.649531
    36 3.277479 0.000002 0.000001 0.000000 0.000000 1.255776
    37 7.447637 -0.525794 -2.367262 0.127901 0.133747 0.940063
    38 1.595204 0.000002 0.000001 0.000000 0.000000 0.756708
    39 1.772446 0.000000 0.000001 0.000000 0.000000 1.255814
    40 49.389511 35.067627 12.791978 -1.037544 0.423055 2.039819
    41 2.475312 0.465257 2.532361 -2.558621 0.195848 -3.108527
    42 -5.128644 0.181574 6.425846 2.983626 -0.097722 2.965000
    43 22.311974 -0.000001 0.000001 0.000000 0.000000 -0.367332
    44 22.311966 0.000001 0.000001 -0.149901 -0.083079 0.127707
    45 5.131754 6.470465 0.000002 0.000000 0.000000 1.570796
    46 -5.128649 0.181606 -6.425846 -3.020400 0.128687 2.979050
    47 22.311972 -0.000001 0.000001 0.000000 0.000000 -0.453073
    48 22.311968 0.000001 0.000000 0.193798 0.075889 0.233086
    49 5.131752 6.470467 0.000000 0.000000 0.000000 1.570796
    50 -18.161344 -8.534073 8.935962 -1.403768 -1.443818 -0.147685
    51 -0.280860 -13.472143 -3.813339 0.187422 -0.000086 -0.028347
    52 -17.429821 -9.355678 -9.915888 1.497122 -1.420332 -2.998350
    53 1.729139 -12.405115 -3.280624 0.260189 -0.007273 0.087560
    54 -20.381291 9.933641 -9.943464 1.497111 -1.420333 -2.998337
    55 2.051581 -16.235904 -2.249843 0.260208 -0.007255 0.087544
    56 -16.444878 11.611340 -5.855842 -1.346982 -1.521032 -0.153187
    57 3.976019 -9.269882 -0.567375 0.000000 0.000000 0.000000
    58 0.885534 -17.554847 2.545800 -0.157749 -0.002108 0.043612
    59 -19.957416 10.884345 9.518618 -1.403593 -1.443850 -0.147838
    60 -0.385660 -15.961615 -2.445794 0.187455 -0.000065 -0.028354
    61 2.828451 -0.071583 49.705528 0.000000 0.000000 -3.141591
    62 0.623697 0.000000 0.000000 -0.000086 -1.570451 -1.570709
    63 5.131855 -0.003106 0.000007 -0.000004 -0.000001 0.034787
    64 3.906619 -0.003290 0.000000 0.000000 0.000000 0.046513
    65 4.136856 -0.008541 0.000000 0.000000 0.000000 0.069769
    66 10.751477 -0.002665 0.000000 0.000000 0.000000 0.030000
    67 -3.078401 -1.591902 -2.889401 0.017994 1.370765 3.128431
    68 6.038855 0.000001 -0.000012 0.184657 -0.830690 -0.408307
    69 17.594568 -0.000002 0.000013 0.000000 0.000000 -0.210123
    70 17.982992 0.000000 -0.000002 2.379876 -0.004797 0.044742
    71 -2.776904 22.981491 1.265969 0.828563 0.718757 4.020416
    72 3.353216 0.000000 0.000000 0.439440 -0.005143 0.058199
  time 45
    0 0.515880 3.674625 48.764093 0.024221 -0.081004 -2.358660
    1 0.623699 0.000000 0.000003 0.000000 -1.570460 -1.570704
    2 5.131858 -0.003107 0.000009 -0.000004 -0.000001 0.034787
    3 3.906668 -0.003288 0.000000 0.000703 -0.009923 -0.018443
    4 4.137684 -0.008414 -0.000663 0.078620 0.003751 -0.048595
    5 10.751468 -0.002664 0.000000 -0.000911 0.008090 -0.043058
    6 3.346881 -0.002666 0.000000 0.000000 0.000000 0.030000
    7 -2.980720 -1.814581 2.869863 1.206656 -1.237501 1.993786
    8 6.038856 0.000000 -0.000001 0.468553 1.033140 -0.586542
    9 17.594566 -0.000004 0.000002 0.000000 0.000000 -0.430458
    10 17.982992 0.000000 -0.000006 -1.665030 -0.261706 0.095263
    11 2.813692 0.799020 -0.493428 2.411840 0.529196 1.109475
    12 2.065373 0.000001 -0.000001 0.000000 0.000000 0.649361
    13 2.094713 -0.000003 -0.000001 0.000000 0.000000 1.092984
    14 7.522001 -0.014966 -1.158110 -0.027860 -0.069746 0.911619
    15 3.200830 0.000001 0.000003 0.000000 0.000000 1.665586
    16 2.731238 0.000000 -0.000001 0.000000 0.000000 1.605716
    17 7.599252 -0.144514 0.591978 -0.045774 -0.060676 0.993546
    18 3.840996 -0.000001 0.000000 0.000000 0.000000 1.756866
    19 3.277485 0.000001 -0.000001 0.000000 0.000000 1.937328
    20 7.447638 -0.525788 2.367265 -0.140593 -0.120304 1.040144
    21 1.595202 -0.000001 -0.000001 0.000000 0.000000 0.255799
    22 1.772448 -0.000002 0.000002 0.000000 0.000000 1.067978
    23 2.053078 1.133877 -2.827966 -0.588950 -0.379171 3.344775
    24 -2.937754 -1.802846 -2.908933 0.015814 1.378866 3.199280
    25 6.038852 0.000004 -0.000008 -1.290726 -0.750329 -0.293794
    26 17.594563 0.000003 -0.000002 0.000000 0.000000 -0.387752
    27 17.982986 -0.000004 0.000005 3.003174 0.611423 -0.365813
    28 2.813690 0.799022 0.493427 -2.853948 0.431148 1.731425
    29 2.065372 -0.000003 0.000001 0.000000 0.000000 0.912325
    30 2.094710 -0.000001 -0.000001 0.000000 0.000000 0.685125
    31 7.521998 -0.014968 1.158108 -0.175699 -0.043345 1.404057
    32 3.200824 0.000000 0.000003 0.000000 0.000000 1.350746
    33 2.731232 0.000000 -0.000003 0.000000 0.000000 0.924163
    34 7.599246 -0.144515 -0.591977 -0.160049 -0.087250 1.261686
    35 3.840997 0.000002 -0.000002 0.000000 0.000000 1.649531
    36 3.277479 0.000002 0.000001 0.000000 0.000000 1.255776
    37 7.447637 -0.525794 -2.367262 0.127913 0.133747 0.940063
    38 1.595204 0.000002 0.000001 0.000000 0.000000 0.756708
    39 1.772446 0.000000 0.000001 0.000000 0.000000 1.255814
    40 49.389511 35.067627 12.791978 -1.037544 0.423055 2.039819
    41 2.475312 0.465257 2.532361 -2.558621 0.195848 -3.108527
    42 -5.128644 0.181574 6.425846 2.983590 -0.097571 2.964616
    43 22.311974 -0.000001 0.000001 0.000000 0.000000 -0.369701
    44 22.311966 0.000001 0.000001 -0.149853 -0.082784 0.129240
    45 5.131754 6.470465 0.000002 0.000000 0.000000 1.570796
    46 -5.128649 0.181606 -6.425846 -3.020508 0.129136 2.979214
    47 22.311972 -0.000001 0.000001 0.000000 0.000000 -0.454225
    48 22.311968 0.000001 0.000000 0.193776 0.076341 0.233975
    49 5.131752 6.470467 0.000000 0.000000 0.000000 1.570796
    50 -18.165250 -8.534073 8.935962 -1.403768 -1.443818 -0.147685
    51 -0.280860 -13.468237 -3.813339 0.187422 -0.000086 -0.028347
    52 -17.429821 -9.355678 -9.915888 1.497122 -1.420332 -2.998350
    53 1.729139 -12.405115 -3.280624 0.260189 -0.007273 0.087560
    54 -20.385197 9.933641 -9.943464 1.497111 -1.420333 -2.998337
    55 2.051581 -16.235904 -2.249843 0.260208 -0.007255 0.087544
    56 -16.448785 11.611340 -5.855842 -1.346982 -1.521032 -0.153187
    57 3.976019 -9.269882 -0.567375 0.000000 0.000000 0.000000
    58 0.885534 -17.554847 2.545800 -0.157749 -0.002108 0.043612
    59 -19.957416 10.884345 9.518618 -1.403593 -1.443850 -0.147838
    60 -0.381754 -15.961615 -2.445794 0.187455 -0.000065 -0.028354
    61 2.828451 -0.071583 49.705528 0.000000 0.000000 -3.141591
    62 0.623697 0.000000 0.000000 -0.000086 -1.570451 -1.570709
    63 5.131855 -0.003106 0.000007 -0.000004 -0.000001 0.034787
    64 3.906619 -0.003290 0.000000 0.000000 0.000000 0.046513
    65 4.136856 -0.008541 0.000000 0.000000 0.000000 0.069769
    66 10.751477 -0.002665 0.000000 0.000000 0.000000 0.030000
    67 -3.078401 -1.591902 -2.889401 0.017994 1.370765 3.128431
    68 6.038855 0.000001 -0.000012 0.184657 -0.830690 -0.408307
    69 17.594568 -0.000002 0.000013 0.000000 0.000000 -0.210123
    70 17.982992 0.000000 -0.000002 2.379876 -0.004797 0.044742
    71 -2.784717 22.981491 1.265969 0.828066 0.718426 4.020320
    72 3.353216 0.000000 0.000000 0.439489 -0.004293 0.055032
  time 46
    0 0.515880 3.659000 48.756281 0.024221 -0.081519 -2.358660
    1 0.623699 0.000000 0.000003 0.000000 -1.570460 -1.570704
    2 5.131858 -0.003107 0.000009 -0.000004 -0.000001 0.034787
    3 3.906668 -0.003288 0.000000 0.000703 -0.009875 -0.018024
    4 4.137684 -0.008414 -0.000663 0.078620 0.003667 -0.047465
    5 10.751468 -0.002664 0.000000 -0.000911 0.008078 -0.042794
    6 3.346881 -0.002666 0.000000 0.000000 0.000000 0.030000
    7 -2.980720 -1.810674 2.869863 1.211612 -1.238188 1.988324
    8 6.038856 0.000000 -0.000001 0.469388 1.032977 -0.584751
    9 17.594566 -0.000004 0.000002 0.000000 0.000000 -0.436363
    10 17.982992 0.000000 -0.000006 -1.664420 -0.262206 0.098003
    11 2.813692 0.799020 -0.493428 2.411840 0.529196 1.109475
    12 2.065373 0.000001 -0.000001 0.000000 0.000000 0.649361
    13 2.094713 -0.000003 -0.000001 0.000000 0.000000 1.092984
    14 7.522001 -0.014966 -1.158110 -0.027860 -0.069746 0.911619
    15 3.200830 0.000001 0.000003 0.000000 0.000000 1.665586
    16 2.731238 0.000000 -0.000001 0.000000 0.000000 1.605716
    17 7.599252 -0.144514 0.591978 -0.045774 -0.060676 0.993546
    18 3.840996 -0.000001 0.000000 0.000000 0.000000 1.756866
    19 3.277485 0.000001 -0.000001 0.000000 0.000000 1.937328
    20 7.447638 -0.525788 2.367265 -0.140593 -0.120304 1.040144
    21 1.595202 -0.000001 -0.000001 0.000000 0.000000 0.255799
    22 1.772448 -0.000002 0.000002 0.000000 0.000000 1.067978
    23 2.053078 1.133877 -2.827966 -0.588950 -0.379171 3.344775
    24 -2.933848 -1.806752 -2.912839 0.015814 1.378866 3.198988
    25 6.038852 0.000004 -0.000008 -1.290248 -0.748336 -0.293540
    26 17.594563 0.000003 -0.000002 0.000000 0.000000 -0.390507
    27 17.982986 -0.000004 0.000005 3.002832 0.611870 -0.365575
    28 2.813690 0.799022 0.493427 -2.853948 0.431148 1.731425
    29 2.065372 -0.000003 0.000001 0.000000 0.000000 0.912325
    30 2.094710 -0.000001 -0.000001 0.000000 0.000000 0.685125
    31 7.521998 -0.014968 1.158108 -0.175699 -0.043345 1.404057
    32 3.200824 0.000000 0.000003 0.000000 0.000000 1.350746
    33 2.731232 0.000000 -0.000003 0.000000 0.000000 0.924163
    34 7.599246 -0.144515 -0.591977 -0.160049 -0.087250 1.261686
    35 3.840997 0.000002 -0.000002 0.000000 0.000000 1.649531
    36 3.277479 0.000002 0.000001 0.000000 0.000000 1.255776
    37 7.447637 -0.525794 -2.367262 0.127901 0.133747 0.940063
    38 1.595204 0.000002 0.000001 0.000000 0.000000 0.756685
    39 1.772446 0.000000 0.000001 0.000000 0.000000 1.255814
    40 49.389511 35.067627 12.791978 -1.037544 0.423055 2.039819
    41 2.475312 0.465257 2.532361 -2.558621 0.195848 -3.108527
    42 -5.128644 0.181574 6.425846 2.983554 -0.097477 2.964286
    43 22.311974 -0.000001 0.000001 0.000000 0.000000 -0.372033
    44 22.311966 0.000001 0.000001 -0.149805 -0.082489 0.131137
    45 5.131754 6.470465 0.000002 0.000000 0.000000 1.570796
    46 -5.128649 0.181606 -6.425846 -3.020592 0.129584 2.979425
    47 22.311972 -0.000001 0.000001 0.000000 0.000000 -0.455573
    48 22.311968 0.000001 0.000000 0.193732 0.076738 0.234903
    49 5.131752 6.470467 0.000000 0.000000 0.000000 1.570796
    50 -18.161344 -8.534073 8.935962 -1.403768 -1.443818 -0.147610
    51 -0.280860 -13.472143 -3.813339 0.187422 -0.000086 -0.028347
    52 -17.429821 -9.355678 -9.915888 1.497122 -1.420332 -2.998350
    53 1.729139 -12.405115 -3.280624 0.260189 -0.007273 0.087560
    54 -20.381291 9.933641 -9.943464 1.497111 -1.420333 -2.998337
    55 2.051581 -16.235904 -2.245937 0.260208 -0.007255 0.087544
    56 -16.444878 11.611340 -5.855842 -1.346982 -1.521032 -0.153103
    57 3.976019 -9.269882 -0.563468 0.000000 0.000000 0.000000
    58 0.885534 -17.554847 2.545800 -0.157749 -0.002108 0.043612
    59 -19.957416 10.884345 9.518618 -1.403593 -1.443850 -0.147838
    60 -0.381754 -15.961615 -2.445794 0.187455 -0.000065 -0.028354
    61 2.828451 -0.071583 49.705528 0.000000 0.000000 -3.141591
    62 0.623697 0.000000 0.000000 -0.000086 -1.570451 -1.570709
    63 5.131855 -0.003106 0.000007 -0.000004 -0.000001 0.034787
    64 3.906619 -0.003290 0.000000 0.000000 0.000000 0.046513
    65 4.136856 -0.008541 0.000000 0.000000 0.000000 0.069769
    66 10.751477 -0.002665 0.000000 0.000000 0.000000 0.030000
    67 -3.078401 -1.591902 -2.889401 0.017994 1.370765 3.128431
    68 6.038855 0.000001 -0.000012 0.184657 -0.830690 -0.408307
    69 17.594568 -0.000002 0.000013 0.000000 0.000000 -0.210123
    70 17.982992 0.000000 -0.000002 2.379876 -0.004797 0.044742
    71 -2.788623 22.973679 1.269875 0.827485 0.718136 4.020128
    72 3.349310 0.000000 0.000000 0.439489 -0.003486 0.051363
  time 47
    0 0.515880 3.639468 48.748468 0.024221 -0.082190 -2.358660
    1 0.623699 0.000000 0.000003 0.000000 -1.570460 -1.570704
    2 5.131858 -0.003107 0.000009 -0.000004 -0.000001 0.034787
    3 3.906668 -0.003288 0.000000 0.000703 -0.009803 -0.017521
    4 4.137684 -0.008414 -0.000663 0.078634 0.003547 -0.045979
    5 10.751468 -0.002664 0.000000 -0.000899 0.008066 -0.042447
    6 3.346881 -0.002666 0.000000 0.000000 0.000000 0.030000
    7 -2.984627 -1.810674 2.869863 1.216091 -1.238750 1.983245
    8 6.038856 0.000000 -0.000001 0.469759 1.032468 -0.583318
    9 17.594566 -0.000004 0.000002 0.000000 0.000000 -0.441986
    10 17.982992 0.000000 -0.000006 -1.663776 -0.262707 0.100522
    11 2.813692 0.799020 -0.493428 2.411861 0.529184 1.109475
    12 2.065373 0.000001 -0.000001 0.000000 0.000000 0.649361
    13 2.094713 -0.000003 -0.000001 0.000000 0.000000 1.092984
    14 7.522001 -0.014966 -1.158110 -0.027860 -0.069746 0.911619
    15 3.200830 0.000001 0.000003 0.000000 0.000000 1.665586
    16 2.731238 0.000000 -0.000001 0.000000 0.000000 1.605716
    17 7.599252 -0.144514 0.591978 -0.045774 -0.060688 0.993546
    18 3.840996 -0.000001 0.000000 0.000000 0.000000 1.756866
    19 3.277485 0.000001 -0.000001 0.000000 0.000000 1.937328
    20 7.447638 -0.525788 2.367265 -0.140593 -0.120304 1.040144
    21 1.595202 -0.000001 -0.000001 0.000000 0.000000 0.255799
    22 1.772448 -0.000002 0.000002 0.000000 0.000000 1.067978
    23 2.053078 1.133877 -2.827966 -0.588950 -0.379171 3.344775
    24 -2.937754 -1.806752 -2.908933 0.015814 1.378847 3.198612
    25 6.038852 0.000004 -0.000008 -1.288934 -0.746311 -0.293540
    26 17.594563 0.000003 -0.000002 0.000000 0.000000 -0.393163
    27 17.982986 -0.000004 0.000005 3.002109 0.612094 -0.365527
    28 2.813690 0.799022 0.493427 -2.853948 0.431148 1.731425
    29 2.065372 -0.000003 0.000001 0.000000 0.000000 0.912325
    30 2.094710 -0.000001 -0.000001 0.000000 0.000000 0.685149
    31 7.521998 -0.014968 1.158108 -0.175699 -0.043345 1.404057
    32 3.200824 0.000000 0.000003 0.000000 0.000000 1.350746
    33 2.731232 0.000000 -0.000003 0.000000 0.000000 0.924163
    34 7.599246 -0.144515 -0.591977 -0.160049 -0.087250 1.261686
    35 3.840997 0.000002 -0.000002 0.000000 0.000000 1.649531
    36 3.277479 0.000002 0.000001 0.000000 0.000000 1.255776
    37 7.447637 -0.525794 -2.367262 0.127913 0.133747 0.940063
    38 1.595204 0.000002 0.000001 0.000000 0.000000 0.756708
    39 1.772446 0.000000 0.000001 0.000000 0.000000 1.255814
    40 49.389511 35.067627 12.791978 -1.037544 0.423055 2.039819
    41 2.475312 0.461350 2.532361 -2.558621 0.195848 -3.108527
    42 -5.128644 0.181574 6.425846 2.983542 -0.097420 2.964035
    43 22.311974 -0.000001 0.000001 0.000000 0.000000 -0.374473
    44 22.311966 0.000001 0.000001 -0.149733 -0.082305 0.132385
    45 5.131754 6.470465 0.000002 0.000000 0.000000 1.570796
    46 -5.128649 0.181606 -6.425846 -3.020688 0.129994 2.979636
    47 22.311972 -0.000001 0.000001 0.000000 0.000000 -0.456988
    48 22.311968 0.000001 0.000000 0.193688 0.077067 0.235880
    49 5.131752 6.470467 0.000000 0.000000 0.000000 1.570796
    50 -18.161344 -8.534073 8.935962 -1.403768 -1.443818 -0.147610
    51 -0.280860 -13.472143 -3.813339 0.187422 -0.000086 -0.028347
    52 -17.429821 -9.359584 -9.915888 1.497122 -1.420332 -2.998350
    53 1.729139 -12.405115 -3.280624 0.260189 -0.007273 0.087560
    54 -20.381291 9.933641 -9.943464 1.497111 -1.420333 -2.998349
    55 2.051581 -16.235904 -2.249843 0.260208 -0.007255 0.087544
    56 -16.448785 11.611340 -5.855842 -1.346982 -1.521032 -0.153103
    57 3.976019 -9.269882 -0.563468 0.000000 0.000000 0.000000
    58 0.885534 -17.554847 2.545800 -0.157749 -0.002108 0.043612
    59 -19.957416 10.884345 9.518618 -1.403593 -1.443850 -0.147838
    60 -0.381754 -15.961615 -2.445794 0.187455 -0.000065 -0.028354
    61 2.828451 -0.071583 49.705528 0.000000 0.000000 -3.141591
    62 0.623697 0.000000 0.000000 -0.000086 -1.570451 -1.570709
    63 5.131855 -0.003106 0.000007 -0.000004 -0.000001 0.034787
    64 3.906619 -0.003290 0.000000 0.000000 0.000000 0.046513
    65 4.136856 -0.008541 0.000000 0.000000 0.000000 0.069769
    66 10.751477 -0.002665 0.000000 0.000000 0.000000 0.030000
    67 -3.078401 -1.591902 -2.889401 0.017994 1.370765 3.128431
    68 6.038855 0.000001 -0.000012 0.184657 -0.830690 -0.408307
    69 17.594568 -0.000002 0.000013 0.000000 0.000000 -0.210123
    70 17.982992 0.000000 -0.000002 2.379876 -0.004797 0.044742
    71 -2.796436 22.969772 1.273781 0.827070 0.717929 4.020033
    72 3.349310 0.000000 0.000000 0.439538 -0.002751 0.047235
  time 48
    0 0.515880 3.619936 48.740655 0.024221 -0.083017 -2.358708
    1 0.623699 0.000000 0.000003 0.000000 -1.570460 -1.570704
    2 5.131858 -0.003107 0.000009 -0.000004 -0.000001 0.034787
    3 3.906668 -0.003288 0.000000 0.000666 -0.009720 -0.016874
    4 4.137684 -0.008414 -0.000663 0.078634 0.003416 -0.044138
    5 10.751468 -0.002664 0.000000 -0.000899 0.008042 -0.041979
    6 3.346881 -0.002666 0.000000 0.000000 0.000000 0.030000
    7 -2.980720 -1.810674 2.869863 1.220189 -1.239250 1.978454
    8 6.038856 0.000000 -0.000001 0.469759 1.031572 -0.582332
    9 17.594566 -0.000004 0.000002 0.000000 0.000000 -0.447328
    10 17.982992 0.000000 -0.000006 -1.663133 -0.263163 0.102821
    11 2.813692 0.799020 -0.493428 2.411840 0.529196 1.109475
    12 2.065373 0.000001 -0.000001 0.000000 0.000000 0.649361
    13 2.094713 -0.000003 -0.000001 0.000000 0.000000 1.092984
    14 7.522001 -0.014966 -1.158110 -0.027860 -0.069746 0.911619
    15 3.200830 0.000001 0.000003 0.000000 0.000000 1.665586
    16 2.731238 0.000000 -0.000001 0.000000 0.000000 1.605716
    17 7.599252 -0.144514 0.591978 -0.045774 -0.060688 0.993546
    18 3.840996 -0.000001 0.000000 0.000000 0.000000 1.756866
    19 3.277485 0.000001 -0.000001 0.000000 0.000000 1.937328
    20 7.447638 -0.525788 2.367265 -0.140593 -0.120304 1.040144
    21 1.595202 -0.000001 -0.000001 0.000000 0.000000 0.255799
    22 1.772448 -0.000002 0.000002 0.000000 0.000000 1.067978
    23 2.053078 1.133877 -2.827966 -0.588950 -0.379171 3.344775
    24 -2.933848 -1.798939 -2.908933 0.015814 1.378847 3.198153
    25 6.038852 0.000004 -0.000008 -1.286964 -0.744287 -0.293879
    26 17.594563 0.000003 -0.000002 0.000000 0.000000 -0.395753
    27 17.982986 -0.000004 0.000005 3.001006 0.612131 -0.365670
    28 2.813690 0.799022 0.493427 -2.853948 0.431148 1.731425
    29 2.065372 -0.000003 0.000001 0.000000 0.000000 0.912325
    30 2.094710 -0.000001 -0.000001 0.000000 0.000000 0.685149
    31 7.521998 -0.014968 1.158108 -0.175699 -0.043345 1.404057
    32 3.200824 0.000000 0.000003 0.000000 0.000000 1.350746
    33 2.731232 0.000000 -0.000003 0.000000 0.000000 0.924163
    34 7.599246 -0.144515 -0.591977 -0.160049 -0.087250 1.261686
    35 3.840997 0.000002 -0.000002 0.000000 0.000000 1.649531
    36 3.277479 0.000002 0.000001 0.000000 0.000000 1.255776
    37 7.447637 -0.525794 -2.367262 0.127913 0.133747 0.940063
    38 1.595204 0.000002 0.000001 0.000000 0.000000 0.756708
    39 1.772446 0.000000 0.000001 0.000000 0.000000 1.255814
    40 49.389511 35.067627 12.791978 -1.037544 0.423055 2.039819
    41 2.475312 0.461350 2.532361 -2.558621 0.195848 -3.108527
    42 -5.128644 0.181574 6.425846 2.983506 -0.097420 2.963889
    43 22.311974 -0.000001 0.000001 0.000000 0.000000 -0.376949
    44 22.311966 0.000001 0.000001 -0.149637 -0.082139 0.133840
    45 5.131754 6.470465 0.000002 0.000000 0.000000 1.570796
    46 -5.128649 0.181606 -6.425846 -3.020760 0.130353 2.979941
    47 22.311972 -0.000001 0.000001 0.000000 0.000000 -0.458567
    48 22.311968 0.000001 0.000000 0.193622 0.077368 0.236858
    49 5.131752 6.470467 0.000000 0.000000 0.000000 1.570796
    50 -18.161344 -8.534073 8.935962 -1.403768 -1.443818 -0.147685
    51 -0.280860 -13.472143 -3.813339 0.187422 -0.000086 -0.028347
    52 -17.429821 -9.355678 -9.915888 1.497122 -1.420332 -2.998338
    53 1.729139 -12.405115 -3.280624 0.260189 -0.007273 0.087560
    54 -20.381291 9.933641 -9.943464 1.497111 -1.420333 -2.998337
    55 2.051581 -16.235904 -2.249843 0.260208 -0.007255 0.087544
    56 -16.444878 11.611340 -5.859749 -1.346982 -1.521032 -0.153187
    57 3.976019 -9.269882 -0.567375 0.000000 0.000000 0.000000
    58 0.885534 -17.554847 2.545800 -0.157749 -0.002108 0.043612
    59 -19.957416 10.884345 9.518618 -1.403593 -1.443850 -0.147838
    60 -0.381754 -15.961615 -2.445794 0.187455 -0.000065 -0.028354
    61 2.828451 -0.071583 49.705528 0.000000 0.000000 -3.141591
    62 0.623697 0.000000 0.000000 -0.000086 -1.570451 -1.570709
    63 5.131855 -0.003106 0.000007 -0.000004 -0.000001 0.034787
    64 3.906619 -0.003290 0.000000 0.000000 0.000000 0.046513
    65 4.136856 -0.008541 0.000000 0.000000 0.000000 0.069769
    66 10.751477 -0.002665 0.000000 0.000000 0.000000 0.030000
    67 -3.078401 -1.591902 -2.889401 0.017994 1.370765 3.128431
    68 6.038855 0.000001 -0.000012 0.184657 -0.830690 -0.408307
    69 17.594568 -0.000002 0.000013 0.000000 0.000000 -0.210123
    70 17.982992 0.000000 -0.000002 2.379876 -0.004797 0.044742
    71 -2.804249 22.969772 1.277688 0.826490 0.717763 4.019841
    72 3.353216 0.000000 0.000000 0.439538 -0.002103 0.042671
  time 49
    0 0.515880 3.608217 48.728936 0.024233 -0.084012 -2.358708
    1 0.623699 0.000000 0.000003 0.000000 -1.570460 -1.570704
    2 5.131858 -0.003107 0.000009 -0.000004 -0.000001 0.034787
    3 3.906668 -0.003288 0.000000 0.000666 -0.009636 -0.016130
    4 4.137684 -0.008414 -0.000663 0.078634 0.003236 -0.041909
    5 10.751468 -0.002664 0.000000 -0.000899 0.008018 -0.041428
    6 3.346881 -0.002666 0.000000 0.000000 0.000000 0.030000
    7 -2.980720 -1.806768 2.869863 1.223620 -1.239687 1.974334
    8 6.038856 0.000000 -0.000001 0.469295 1.030289 -0.581795
    9 17.594566 -0.000004 0.000002 0.000000 0.000000 -0.452342
    10 17.982992 0.000000 -0.000006 -1.662523 -0.263664 0.104831
    11 2.813692 0.799020 -0.493428 2.411840 0.529196 1.109475
    12 2.065373 0.000001 -0.000001 0.000000 0.000000 0.649361
    13 2.094713 -0.000003 -0.000001 0.000000 0.000000 1.092984
    14 7.522001 -0.014966 -1.158110 -0.027860 -0.069746 0.911619
    15 3.200830 0.000001 0.000003 0.000000 0.000000 1.665586
    16 2.731238 0.000000 -0.000001 0.000000 0.000000 1.605716
    17 7.599252 -0.144514 0.591978 -0.045786 -0.060688 0.993546
    18 3.840996 -0.000001 0.000000 0.000000 0.000000 1.756866
    19 3.277485 0.000001 -0.000001 0.000000 0.000000 1.937328
    20 7.447638 -0.525788 2.367265 -0.140593 -0.120304 1.040144
    21 1.595202 -0.000001 -0.000001 0.000000 0.000000 0.255799
    22 1.772448 -0.000002 0.000002 0.000000 0.000000 1.067978
    23 2.049172 1.133877 -2.827966 -0.588950 -0.379171 3.344775
    24 -2.937754 -1.802846 -2.908933 0.015769 1.378807 3.197652
    25 6.038852 0.000004 -0.000008 -1.284157 -0.742293 -0.294472
    26 17.594563 0.000003 -0.000002 0.000000 0.000000 -0.398145
    27 17.982986 -0.000004 0.000005 2.999560 0.611945 -0.365956
    28 2.813690 0.799022 0.493427 -2.853948 0.431148 1.731425
    29 2.065372 -0.000003 0.000001 0.000000 0.000000 0.912325
    30 2.094710 -0.000001 -0.000001 0.000000 0.000000 0.685125
    31 7.521998 -0.014968 1.158108 -0.175699 -0.043345 1.404057
    32 3.200824 0.000000 0.000003 0.000000 0.000000 1.350746
    33 2.731232 0.000000 -0.000003 0.000000 0.000000 0.924163
    34 7.599246 -0.144515 -0.591977 -0.160049 -0.087250 1.261686
    35 3.840997 0.000002 -0.000002 0.000000 0.000000 1.649531
    36 3.277479 0.000002 0.000001 0.000000 0.000000 1.255776
    37 7.447637 -0.525794 -2.367262 0.127901 0.133747 0.940063
    38 1.595204 0.000002 0.000001 0.000000 0.000000 0.756708
    39 1.772446 0.000000 0.000001 0.000000 0.000000 1.255814
    40 49.389511 35.067627 12.791978 -1.037544 0.423055 2.039819
    41 2.475312 0.465257 2.532361 -2.558621 0.195848 -3.108527
    42 -5.128644 0.181574 6.425846 2.983470 -0.097477 2.963836
    43 22.311974 -0.000001 0.000001 0.000000 0.000000 -0.379389
    44 22.311966 0.000001 0.000001 -0.149541 -0.081973 0.135270
    45 5.131754 6.470465 0.000002 0.000000 0.000000 1.570796
    46 -5.128649 0.181606 -6.425846 -3.020820 0.130673 2.980270
    47 22.311972 -0.000001 0.000001 0.000000 0.000000 -0.460212
    48 22.311968 0.000001 0.000000 0.193556 0.077601 0.237836
    49 5.131752 6.470467 0.000000 0.000000 0.000000 1.570796
    50 -18.161344 -8.534073 8.935962 -1.403768 -1.443818 -0.147685
    51 -0.280860 -13.472143 -3.813339 0.187422 -0.000086 -0.028347
    52 -17.429821 -9.355678 -9.915888 1.497122 -1.420332 -2.998350
    53 1.729139 -12.405115 -3.280624 0.260189 -0.007273 0.087560
    54 -20.381291 9.933641 -9.943464 1.497111 -1.420333 -2.998337
    55 2.051581 -16.235904 -2.245937 0.260208 -0.007255 0.087544
    56 -16.444878 11.611340 -5.855842 -1.346982 -1.521032 -0.153187
    57 3.976019 -9.269882 -0.567375 0.000000 0.000000 0.000000
    58 0.885534 -17.554847 2.545800 -0.157749 -0.002108 0.043612
    59 -19.957416 10.884345 9.518618 -1.403593 -1.443850 -0.147838
    60 -0.381754 -15.961615 -2.445794 0.187455 -0.000065 -0.028354
    61 2.828451 -0.071583 49.705528 0.000000 0.000000 -3.141591
    62 0.623697 0.000000 0.000000 -0.000086 -1.570451 -1.570709
    63 5.131855 -0.003106 0.000007 -0.000004 -0.000001 0.034787
    64 3.906619 -0.003290 0.000000 0.000000 0.000000 0.046513
    65 4.136856 -0.008541 0.000000 0.000000 0.000000 0.069769
    66 10.751477 -0.002665 0.000000 0.000000 0.000000 0.030000
    67 -3.078401 -1.591902 -2.889401 0.017994 1.370765 3.128431
    68 6.038855 0.000001 -0.000012 0.184657 -0.830690 -0.408307
    69 17.594568 -0.000002 0.000013 0.000000 0.000000 -0.210123
    70 17.982992 0.000000 -0.000002 2.379876 -0.004797 0.044742
    71 -2.804249 22.961960 1.281594 0.826075 0.717681 4.019745
    72 3.349310 0.000000 0.000000 0.439587 -0.001512 0.037626
  time 50
    0 0.515880 3.604310 48.721123 0.024233 -0.085151 -2.358756
    1 0.623699 0.000000 0.000003 0.000000 -1.570796 -1.570704
    2 5.131858 -0.003107 0.000009 -0.000004 -0.000001 0.034787
    3 3.906668 -0.003288 0.000000 0.000666 -0.009528 -0.015292
    4 4.137684 -0.008414 -0.000663 0.078634 0.003020 -0.039309
    5 10.751468 -0.002664 0.000000 -0.000887 0.007982 -0.040769
    6 3.346881 -0.002666 0.000000 0.000000 0.000000 0.030000
    7 -2.984627 -1.806768 2.865957 1.226480 -1.240031 1.970692
    8 6.038856 0.000000 -0.000001 0.468461 1.028578 -0.581795
    9 17.594566 -0.000004 0.000002 0.000000 0.000000 -0.456934
    10 17.982992 0.000000 -0.000006 -1.661913 -0.264099 0.106555
    11 2.813692 0.799020 -0.493428 2.411840 0.529196 1.109475
    12 2.065373 0.000001 -0.000001 0.000000 0.000000 0.649361
    13 2.094713 -0.000003 -0.000001 0.000000 0.000000 1.092984
    14 7.522001 -0.014966 -1.158110 -0.027860 -0.069746 0.911619
    15 3.200830 0.000001 0.000003 0.000000 0.000000 1.665586
    16 2.731238 0.000000 -0.000001 0.000000 0.000000 1.605716
    17 7.599252 -0.144514 0.591978 -0.045786 -0.060688 0.993546
    18 3.840996 -0.000001 0.000000 0.000000 0.000000 1.756866
    19 3.277485 0.000001 -0.000001 0.000000 0.000000 1.937328
    20 7.447638 -0.525788 2.367265 -0.140593 -0.120304 1.040144
    21 1.595202 -0.000001 -0.000001 0.000000 0.000000 0.255799
    22 1.772448 -0.000002 0.000002 0.000000 0.000000 1.067978
    23 2.053078 1.133877 -2.827966 -0.588950 -0.379171 3.344775
    24 -2.937754 -1.798939 -2.908933 0.015769 1.378787 3.196984
    25 6.038852 0.000004 -0.000008 -1.280635 -0.740332 -0.295574
    26 17.594563 0.000003 -0.000002 0.000000 0.000000 -0.400356
    27 17.982986 -0.000004 0.000005 2.997829 0.611646 -0.366385
    28 2.813690 0.799022 0.493427 -2.853948 0.431148 1.731425
    29 2.065372 -0.000003 0.000001 0.000000 0.000000 0.912325
    30 2.094710 -0.000001 -0.000001 0.000000 0.000000 0.685125
    31 7.521998 -0.014968 1.158108 -0.175699 -0.043345 1.404057
    32 3.200824 0.000000 0.000003 0.000000 0.000000 1.350746
    33 2.731232 0.000000 -0.000003 0.000000 0.000000 0.924163
    34 7.599246 -0.144515 -0.591977 -0.160049 -0.087250 1.261686
    35 3.840997 0.000002 -0.000002 0.000000 0.000000 1.649531
    36 3.277479 0.000002 0.000001 0.000000 0.000000 1.255776
    37 7.447637 -0.525794 -2.367262 0.127901 0.133747 0.940063
    38 1.595204 0.000002 0.000001 0.000000 0.000000 0.756708
    39 1.772446 0.000000 0.000001 0.000000 0.000000 1.255814
    40 49.389511 35.067627 12.791978 -1.037544 0.423055 2.039819
    41 2.475312 0.465257 2.532361 -2.558621 0.195848 -3.108527
    42 -5.128644 0.181574 6.425846 2.983434 -0.097552 2.963916
    43 22.311974 -0.000001 0.000001 0.000000 0.000000 -0.381794
    44 22.311966 0.000001 0.000001 -0.149421 -0.081899 0.136595
    45 5.131754 6.470465 0.000002 0.000000 0.000000 1.570796
    46 -5.128649 0.181606 -6.425846 -3.020868 0.130942 2.980692
    47 22.311972 -0.000001 0.000001 0.000000 0.000000 -0.461923
    48 22.311968 0.000001 0.000000 0.193468 0.077751 0.238801
    49 5.131752 6.470467 0.000000 0.000000 0.000000 1.570796
    50 -18.161344 -8.534073 8.935962 -1.403768 -1.443818 -0.147685
    51 -0.280860 -13.472143 -3.813339 0.187422 -0.000086 -0.028347
    52 -17.429821 -9.355678 -9.915888 1.497122 -1.420332 -2.998350
    53 1.729139 -12.405115 -3.280624 0.260189 -0.007273 0.087560
    54 -20.385197 9.933641 -9.943464 1.497111 -1.420333 -2.998337
    55 2.051581 -16.235904 -2.245937 0.260208 -0.007255 0.087544
    56 -16.448785 11.611340 -5.855842 -1.346982 -1.521032 -0.153187
    57 3.976019 -9.269882 -0.567375 0.000000 0.000000 0.000000
    58 0.885534 -17.554847 2.545800 -0.157749 -0.002108 0.043612
    59 -19.961323 10.884345 9.518618 -1.403593 -1.443850 -0.147838
    60 -0.381754 -15.965522 -2.445794 0.187455 -0.000065 -0.028354
    61 2.828451 -0.071583 49.705528 0.000000 0.000000 -3.141591
    62 0.623697 0.000000 0.000000 -0.000086 -1.570451 -1.570709
    63 5.131855 -0.003106 0.000007 -0.000004 -0.000001 0.034787
    64 3.906619 -0.003290 0.000000 0.000000 0.000000 0.046513
    65 4.136856 -0.008541 0.000000 0.000000 0.000000 0.069769
    66 10.751477 -0.002665 0.000000 0.000000 0.000000 0.030000
    67 -3.078401 -1.591902 -2.889401 0.017994 1.370765 3.128431
    68 6.038855 0.000001 -0.000012 0.184657 -0.830690 -0.408307
    69 17.594568 -0.000002 0.000013 0.000000 0.000000 -0.210123
    70 17.982992 0.000000 -0.000002 2.379876 -0.004797 0.044742
    71 -2.808155 22.954147 1.293313 0.825909 0.717970 4.019745
    72 3.353216 0.000000 0.000000 0.439636 -0.001008 0.032166
  time 51
    0 0.515880 3.596498 48.709404 0.024233 -0.086445 -2.358756
    1 0.623699 0.000000 0.000003 0.000000 -1.570796 -1.570704
    2 5.131858 -0.003107 0.000009 -0.000004 -0.000001 0.034787
    3 3.906668 -0.003288 0.000000 0.000666 -0.009408 -0.014321
    4 4.137684 -0.008414 -0.000663 0.078661 0.002780 -0.036321
    5 10.751468 -0.002664 0.000000 -0.000875 0.007934 -0.040038
    6 3.346881 -0.002666 0.000000 0.000000 0.000000 0.030000
    7 -2.988533 -1.802861 2.869863 1.228481 -1.240312 1.967817
    8 6.038856 0.000000 -0.000001 0.467162 1.026419 -0.582153
    9 17.594566 -0.000004 0.000002 0.000000 0.000000 -0.461198
    10 17.982992 0.000000 -0.000006 -1.661337 -0.264620 0.107991
    11 2.813692 0.799020 -0.493428 2.411840 0.529196 1.109475
    12 2.065373 0.000001 -0.000001 0.000000 0.000000 0.649361
    13 2.094713 -0.000003 -0.000001 0.000000 0.000000 1.092984
    14 7.522001 -0.014966 -1.158110 -0.027860 -0.069746 0.911619
    15 3.200830 0.000001 0.000003 0.000000 0.000000 1.665586
    16 2.731238 0.000000 -0.000001 0.000000 0.000000 1.605716
    17 7.599252 -0.144514 0.591978 -0.045774 -0.060676 0.993546
    18 3.840996 -0.000001 0.000000 0.000000 0.000000 1.756866
    19 3.277485 0.000001 -0.000001 0.000000 0.000000 1.937328
    20 7.447638 -0.525788 2.367265 -0.140593 -0.120304 1.040144
    21 1.595202 -0.000001 -0.000001 0.000000 0.000000 0.255799
    22 1.772448 -0.000002 0.000002 0.000000 0.000000 1.067978
    23 2.053078 1.133877 -2.827966 -0.588950 -0.379171 3.344775
    24 -2.937754 -1.798939 -2.912839 0.015814 1.378708 3.196232
    25 6.038852 0.000004 -0.000008 -1.276335 -0.738433 -0.296930
    26 17.594563 0.000003 -0.000002 0.000000 0.000000 -0.402319
    27 17.982986 -0.000004 0.000005 2.995793 0.611236 -0.367004
    28 2.813690 0.799022 0.493427 -2.853948 0.431148 1.731425
    29 2.065372 -0.000003 0.000001 0.000000 0.000000 0.912325
    30 2.094710 -0.000001 -0.000001 0.000000 0.000000 0.685125
    31 7.521998 -0.014968 1.158108 -0.175699 -0.043345 1.404057
    32 3.200824 0.000000 0.000003 0.000000 0.000000 1.350746
    33 2.731232 0.000000 -0.000003 0.000000 0.000000 0.924163
    34 7.599246 -0.144515 -0.591977 -0.160049 -0.087250 1.261686
    35 3.840997 0.000002 -0.000002 0.000000 0.000000 1.649531
    36 3.277479 0.000002 0.000001 0.000000 0.000000 1.255776
    37 7.447637 -0.525794 -2.367262 0.127913 0.133747 0.940063
    38 1.595204 0.000002 0.000001 0.000000 0.000000 0.756708
    39 1.772446 0.000000 0.000001 0.000000 0.000000 1.255814
    40 49.389511 35.067627 12.791978 -1.037544 0.423055 2.039819
    41 2.475312 0.465257 2.532361 -2.558621 0.195848 -3.108527
    42 -5.128644 0.181574 6.425846 2.983398 -0.097722 2.964140
    43 22.311974 -0.000001 0.000001 0.000000 0.000000 -0.384054
    44 22.311966 0.000001 0.000001 -0.149277 -0.081844 0.137764
    45 5.131754 6.470465 0.000002 0.000000 0.000000 1.570796
    46 -5.128649 0.181606 -6.425846 -3.020880 0.131147 2.981161
    47 22.311972 -0.000001 0.000001 0.000000 0.000000 -0.463766
    48 22.311968 0.000001 0.000000 0.193358 0.077861 0.239754
    49 5.131752 6.470467 0.000000 0.000000 0.000000 1.570796
    50 -18.161344 -8.534073 8.935962 -1.403768 -1.443818 -0.147685
    51 -0.280860 -13.472143 -3.813339 0.187422 -0.000086 -0.028347
    52 -17.429821 -9.355678 -9.915888 1.497122 -1.420332 -2.998338
    53 1.729139 -12.405115 -3.280624 0.260189 -0.007273 0.087560
    54 -20.381291 9.933641 -9.943464 1.497111 -1.420333 -2.998337
    55 2.051581 -16.235904 -2.249843 0.260208 -0.007255 0.087544
    56 -16.444878 11.611340 -5.855842 -1.346982 -1.521032 -0.153187
    57 3.976019 -9.269882 -0.567375 0.000000 0.000000 0.000000
    58 0.885534 -17.550941 2.545800 -0.157749 -0.002108 0.043612
    59 -19.957416 10.884345 9.518618 -1.403593 -1.443850 -0.147838
    60 -0.381754 -15.961615 -2.445794 0.187455 -0.000065 -0.028354
    61 2.828451 -0.071583 49.705528 0.000000 0.000000 -3.141591
    62 0.623697 0.000000 0.000000 -0.000086 -1.570451 -1.570709
    63 5.131855 -0.003106 0.000007 -0.000004 -0.000001 0.034787
    64 3.906619 -0.003290 0.000000 0.000000 0.000000 0.046513
    65 4.136856 -0.008541 0.000000 0.000000 0.000000 0.069769
    66 10.751477 -0.002665 0.000000 0.000000 0.000000 0.030000
    67 -3.078401 -1.591902 -2.889401 0.017994 1.370765 3.128431
    68 6.038855 0.000001 -0.000012 0.184657 -0.830690 -0.408307
    69 17.594568 -0.000002 0.000013 0.000000 0.000000 -0.210123
    70 17.982992 0.000000 -0.000002 2.379876 -0.004797 0.044742
    71 -2.808155 22.950240 1.297220 0.825578 0.718012 4.019841
    72 3.353216 0.000000 0.000000 0.439636 -0.000590 0.026269
  time 52
    0 0.515880 3.596498 48.701591 0.024233 -0.087895 -2.358804
    1 0.623699 0.000000 0.000003 0.000000 -1.570460 -1.570704
    2 5.131858 -0.003107 0.000009 -0.000004 -0.000001 0.034787
    3 3.906668 -0.003288 0.000000 0.000629 -0.009252 -0.013230
    4 4.137684 -0.008414 -0.000663 0.078661 0.002529 -0.032946
    5 10.751468 -0.002664 0.000000 -0.000875 0.007886 -0.039187
    6 3.346881 -0.002666 0.000000 0.000000 0.000000 0.030000
    7 -2.988533 -1.802861 2.869863 1.229720 -1.240468 1.965709
    8 6.038856 0.000000 -0.000001 0.465399 1.023751 -0.583049
    9 17.594566 -0.000004 0.000002 0.000000 0.000000 -0.464994
    10 17.982992 0.000000 -0.000006 -1.660795 -0.265121 0.109052
    11 2.813692 0.799020 -0.493428 2.411861 0.529196 1.109475
    12 2.065373 0.000001 -0.000001 0.000000 0.000000 0.649361
    13 2.094713 -0.000003 -0.000001 0.000000 0.000000 1.092984
    14 7.522001 -0.014966 -1.158110 -0.027860 -0.069746 0.911619
    15 3.200830 0.000001 0.000003 0.000000 0.000000 1.665586
    16 2.731238 0.000000 -0.000001 0.000000 0.000000 1.605716
    17 7.599252 -0.144514 0.591978 -0.045774 -0.060676 0.993546
    18 3.840996 -0.000001 0.000000 0.000000 0.000000 1.756866
    19 3.277485 0.000001 -0.000001 0.000000 0.000000 1.937328
    20 7.447638 -0.525788 2.367265 -0.140593 -0.120304 1.040144
    21 1.595202 -0.000001 -0.000001 0.000000 0.000000 0.255799
    22 1.772448 -0.000002 0.000002 0.000000 0.000000 1.067978
    23 2.053078 1.133877 -2.827966 -0.588950 -0.379171 3.344775
    24 -2.941660 -1.795033 -2.912839 0.015814 1.378669 3.195355
    25 6.038852 0.000004 -0.000008 -1.271379 -0.736630 -0.298795
    26 17.594563 0.000003 -0.000002 0.000000 0.000000 -0.403969
    27 17.982986 -0.000004 0.000005 2.993549 0.610752 -0.367719
    28 2.813690 0.799022 0.493427 -2.853948 0.431148 1.731425
    29 2.065372 -0.000003 0.000001 0.000000 0.000000 0.912325
    30 2.094710 -0.000001 -0.000001 0.000000 0.000000 0.685125
    31 7.521998 -0.014968 1.158108 -0.175699 -0.043345 1.404057
    32 3.200824 0.000000 0.000003 0.000000 0.000000 1.350746
    33 2.731232 0.000000 -0.000003 0.000000 0.000000 0.924163
    34 7.599246 -0.144515 -0.591977 -0.160049 -0.087250 1.261686
    35 3.840997 0.000002 -0.000002 0.000000 0.000000 1.649531
    36 3.277479 0.000002 0.000001 0.000000 0.000000 1.255776
    37 7.447637 -0.525794 -2.367262 0.127913 0.133747 0.940063
    38 1.595204 0.000002 0.000001 0.000000 0.000000 0.756708
    39 1.772446 0.000000 0.000001 0.000000 0.000000 1.255814
    40 49.389511 35.067627 12.791978 -1.037544 0.423055 2.039819
    41 2.475312 0.465257 2.532361 -2.558621 0.195848 -3.108527
    42 -5.128644 0.181574 6.425846 2.983362 -0.097950 2.964510
    43 22.311974 -0.000001 0.000001 0.000000 0.000000 -0.386207
    44 22.311966 0.000001 0.000001 -0.149133 -0.081881 0.138830
    45 5.131754 6.470465 0.000002 0.000000 0.000000 1.570796
    46 -5.128649 0.181606 -6.425846 -3.020880 0.131301 2.981723
    47 22.311972 -0.000001 0.000001 0.000000 0.000000 -0.465542
    48 22.311968 0.000001 0.000000 0.193226 0.077861 0.240643
    49 5.131752 6.470467 0.000000 0.000000 0.000000 1.570796
    50 -18.161344 -8.534073 8.935962 -1.403768 -1.443818 -0.147685
    51 -0.280860 -13.472143 -3.813339 0.187422 -0.000086 -0.028347
    52 -17.429821 -9.355678 -9.915888 1.497122 -1.420332 -2.998350
    53 1.729139 -12.405115 -3.280624 0.260189 -0.007273 0.087560
    54 -20.381291 9.933641 -9.943464 1.497111 -1.420333 -2.998337
    55 2.051581 -16.235904 -2.249843 0.260208 -0.007255 0.087544
    56 -16.444878 11.611340 -5.859749 -1.346982 -1.521032 -0.153187
    57 3.976019 -9.269882 -0.563468 0.000000 0.000000 0.000000
    58 0.885534 -17.554847 2.545800 -0.157749 -0.002108 0.043612
    59 -19.957416 10.884345 9.518618 -1.403593 -1.443850 -0.147838
    60 -0.381754 -15.961615 -2.445794 0.187455 -0.000065 -0.028354
    61 2.828451 -0.071583 49.705528 0.000000 0.000000 -3.141591
    62 0.623697 0.000000 0.000000 -0.000086 -1.570451 -1.570709
    63 5.131855 -0.003106 0.000007 -0.000004 -0.000001 0.034787
    64 3.906619 -0.003290 0.000000 0.000000 0.000000 0.046513
    65 4.136856 -0.008541 0.000000 0.000000 0.000000 0.069769
    66 10.751477 -0.002665 0.000000 0.000000 0.000000 0.030000
    67 -3.078401 -1.591902 -2.889401 0.017994 1.370765 3.128431
    68 6.038855 0.000001 -0.000012 0.184657 -0.830690 -0.408307
    69 17.594568 -0.000002 0.000013 0.000000 0.000000 -0.210123
    70 17.982992 0.000000 -0.000002 2.379876 -0.004797 0.044742
    71 -2.800342 22.946334 1.297220 0.824831 0.718012 4.019745
    72 3.349310 0.000000 0.000000 0.439685 -0.000273 0.019979
  time 53
    0 0.515880 3.608217 48.693779 0.024245 -0.089513 -2.358852
    1 0.623699 0.000000 0.000003 0.000000 -1.570460 -1.570704
    2 5.131858 -0.003107 0.000009 -0.000004 -0.000001 0.034787
    3 3.906668 -0.003288 0.000000 0.000629 -0.009096 -0.012044
    4 4.137684 -0.008414 -0.000663 0.078661 0.002217 -0.029150
    5 10.751468 -0.002664 0.000000 -0.000863 0.007814 -0.038252
    6 3.346881 -0.002666 0.000000 0.000000 0.000000 0.030000
    7 -2.988533 -1.798955 2.869863 1.230006 -1.240468 1.964559
    8 6.038856 0.000000 -0.000001 0.463265 1.020594 -0.584392
    9 17.594566 -0.000004 0.000002 0.000000 0.000000 -0.468227
    10 17.982992 0.000000 -0.000006 -1.660320 -0.265643 0.109781
    11 2.813692 0.799020 -0.493428 2.411840 0.529196 1.109475
    12 2.065373 0.000001 -0.000001 0.000000 0.000000 0.649361
    13 2.094713 -0.000003 -0.000001 0.000000 0.000000 1.092984
    14 7.522001 -0.014966 -1.158110 -0.027860 -0.069746 0.911619
    15 3.200830 0.000001 0.000003 0.000000 0.000000 1.665586
    16 2.731238 0.000000 -0.000001 0.000000 0.000000 1.605716
    17 7.599252 -0.144514 0.591978 -0.045774 -0.060676 0.993546
    18 3.840996 -0.000001 0.000000 0.000000 0.000000 1.756866
    19 3.277485 0.000001 -0.000001 0.000000 0.000000 1.937328
    20 7.447638 -0.525788 2.367265 -0.140593 -0.120304 1.040144
    21 1.595202 -0.000001 -0.000001 0.000000 0.000000 0.255799
    22 1.772448 -0.000002 0.000002 0.000000 0.000000 1.067978
    23 2.053078 1.133877 -2.827966 -0.588950 -0.379171 3.344775
    24 -2.941660 -1.795033 -2.912839 0.015814 1.378590 3.194437
    25 6.038852 0.000004 -0.000008 -1.265767 -0.734953 -0.301168
    26 17.594563 0.000003 -0.000002 0.000000 0.000000 -0.405305
    27 17.982986 -0.000004 0.000005 2.991095 0.610193 -0.368529
    28 2.813690 0.799022 0.493427 -2.853948 0.431148 1.731425
    29 2.065372 -0.000003 0.000001 0.000000 0.000000 0.912325
    30 2.094710 -0.000001 -0.000001 0.000000 0.000000 0.685149
    31 7.521998 -0.014968 1.158108 -0.175699 -0.043345 1.404057
    32 3.200824 0.000000 0.000003 0.000000 0.000000 1.350746
    33 2.731232 0.000000 -0.000003 0.000000 0.000000 0.924163
    34 7.599246 -0.144515 -0.591977 -0.160049 -0.087250 1.261686
    35 3.840997 0.000002 -0.000002 0.000000 0.000000 1.649531
    36 3.277479 0.000002 0.000001 0.000000 0.000000 1.255776
    37 7.447637 -0.525794 -2.367262 0.127913 0.133747 0.940063
    38 1.595204 0.000002 0.000001 0.000000 0.000000 0.756708
    39 1.772446 0.000000 0.000001 0.000000 0.000000 1.255814
    40 49.389511 35.067627 12.791978 -1.037544 0.423055 2.039819
    41 2.475312 0.465257 2.532361 -2.558621 0.195848 -3.108527
    42 -5.128644 0.181574 6.425846 2.983314 -0.098233 2.965026
    43 22.311974 -0.000001 0.000001 0.000000 0.000000 -0.388217
    44 22.311966 0.000001 0.000001 -0.148965 -0.081936 0.139688
    45 5.131754 6.470465 0.000002 0.000000 0.000000 1.570796
    46 -5.128649 0.181606 -6.425846 -3.020880 0.131378 2.982286
    47 22.311972 -0.000001 0.000001 0.000000 0.000000 -0.467418
    48 22.311968 0.000001 0.000000 0.193094 0.077779 0.241481
    49 5.131752 6.470467 0.000000 0.000000 0.000000 1.570796
    50 -18.161344 -8.534073 8.935962 -1.403768 -1.443818 -0.147610
    51 -0.280860 -13.472143 -3.813339 0.187422 -0.000086 -0.028347
    52 -17.429821 -9.359584 -9.915888 1.497122 -1.420332 -2.998350
    53 1.725232 -12.405115 -3.280624 0.260189 -0.007273 0.087560
    54 -20.381291 9.933641 -9.943464 1.497111 -1.420333 -2.998337
    55 2.051581 -16.235904 -2.249843 0.260208 -0.007255 0.087544
    56 -16.444878 11.611340 -5.855842 -1.346982 -1.521032 -0.153103
    57 3.976019 -9.269882 -0.567375 0.000000 0.000000 0.000000
    58 0.885534 -17.554847 2.545800 -0.157749 -0.002108 0.043612
    59 -19.957416 10.884345 9.518618 -1.403593 -1.443850 -0.147838
    60 -0.381754 -15.961615 -2.445794 0.187455 -0.000065 -0.028354
    61 2.828451 -0.071583 49.705528 0.000000 0.000000 -3.141591
    62 0.623697 0.000000 0.000000 -0.000086 -1.570451 -1.570709
    63 5.131855 -0.003106 0.000007 -0.000004 -0.000001 0.034787
    64 3.906619 -0.003290 0.000000 0.000000 0.000000 0.046513
    65 4.136856 -0.008541 0.000000 0.000000 0.000000 0.069769
    66 10.751477 -0.002665 0.000000 0.000000 0.000000 0.030000
    67 -3.078401 -1.591902 -2.889401 0.017994 1.370765 3.128431
    68 6.038855 0.000001 -0.000012 0.184657 -0.830690 -0.408307
    69 17.594568 -0.000002 0.000013 0.000000 0.000000 -0.210123
    70 17.982992 0.000000 -0.000002 2.379876 -0.004797 0.044742
    71 -2.800342 22.934615 1.308939 0.824583 0.718426 4.019937
    72 3.349310 0.000000 0.000000 0.439758 -0.000100 0.013274
  time 54
    0 0.515880 3.616030 48.682060 0.024245 -0.091287 -2.358900
    1 0.623699 0.000000 0.000003 0.000000 -1.570460 -1.570704
    2 5.131858 -0.003107 0.000009 -0.000004 -0.000001 0.034787
    3 3.906668 -0.003288 0.000000 0.000592 -0.008941 -0.010713
    4 4.137684 -0.008414 -0.000663 0.078674 0.001906 -0.024951
    5 10.751468 -0.002664 0.000000 -0.000851 0.007718 -0.037246
    6 3.346881 -0.002666 0.000000 0.000000 0.000000 0.030000
    7 -2.988533 -1.795049 2.869863 1.229148 -1.240374 1.964368
    8 6.038856 0.000000 -0.000001 0.460760 1.016887 -0.586273
    9 17.594566 -0.000004 0.000002 0.000000 0.000000 -0.470898
    10 17.982992 0.000000 -0.000006 -1.659812 -0.266252 0.110091
    11 2.813692 0.799020 -0.493428 2.411840 0.529196 1.109475
    12 2.065373 0.000001 -0.000001 0.000000 0.000000 0.649361
    13 2.094713 -0.000003 -0.000001 0.000000 0.000000 1.092984
    14 7.522001 -0.014966 -1.158110 -0.027860 -0.069746 0.911619
    15 3.200830 0.000001 0.000003 0.000000 0.000000 1.665586
    16 2.731238 0.000000 -0.000001 0.000000 0.000000 1.605716
    17 7.599252 -0.144514 0.591978 -0.045774 -0.060676 0.993546
    18 3.840996 -0.000001 0.000000 0.000000 0.000000 1.756866
    19 3.277485 0.000001 -0.000001 0.000000 0.000000 1.937328
    20 7.447638 -0.525788 2.367265 -0.140593 -0.120304 1.040144
    21 1.595202 -0.000001 -0.000001 0.000000 0.000000 0.255799
    22 1.772448 -0.000002 0.000002 0.000000 0.000000 1.067978
    23 2.053078 1.133877 -2.827966 -0.588950 -0.379171 3.344775
    24 -2.945567 -1.791127 -2.912839 0.015814 1.378530 3.193435
    25 6.038852 0.000004 -0.000008 -1.259378 -0.733371 -0.303923
    26 17.594563 0.000003 -0.000002 0.000000 0.000000 -0.406229
    27 17.982986 -0.000004 0.000005 2.988470 0.609633 -0.369434
    28 2.813690 0.799022 0.493427 -2.853948 0.431148 1.731425
    29 2.065372 -0.000003 0.000001 0.000000 0.000000 0.912325
    30 2.094710 -0.000001 -0.000001 0.000000 0.000000 0.685125
    31 7.521998 -0.014968 1.158108 -0.175699 -0.043345 1.404057
    32 3.200824 0.000000 0.000003 0.000000 0.000000 1.350746
    33 2.731232 0.000000 -0.000003 0.000000 0.000000 0.924163
    34 7.599246 -0.144515 -0.591977 -0.160049 -0.087250 1.261686
    35 3.840997 0.000002 -0.000002 0.000000 0.000000 1.649531
    36 3.277479 0.000002 0.000001 0.000000 0.000000 1.255776
    37 7.447637 -0.525794 -2.367262 0.127901 0.133747 0.940063
    38 1.595204 0.000002 0.000001 0.000000 0.000000 0.756708
    39 1.772446 0.000000 0.000001 0.000000 0.000000 1.255814
    40 49.389511 35.067627 12.791978 -1.037544 0.423055 2.039819
    41 2.475312 0.465257 2.532361 -2.558621 0.195848 -3.108527
    42 -5.128644 0.181574 6.425846 2.983266 -0.098612 2.965740
    43 22.311974 -0.000001 0.000001 0.000000 0.000000 -0.390047
    44 22.311966 0.000001 0.000001 -0.148773 -0.082102 0.140363
    45 5.131754 6.470465 0.000002 0.000000 0.000000 1.570796
    46 -5.128649 0.181606 -6.425846 -3.020832 0.131352 2.983036
    47 22.311972 -0.000001 0.000001 0.000000 0.000000 -0.469227
    48 22.311968 0.000001 0.000000 0.192962 0.077601 0.242243
    49 5.131752 6.470467 0.000000 0.000000 0.000000 1.570796
    50 -18.165250 -8.534073 8.935962 -1.403768 -1.443818 -0.147685
    51 -0.280860 -13.472143 -3.813339 0.187422 -0.000086 -0.028347
    52 -17.429821 -9.355678 -9.915888 1.497122 -1.420332 -2.998350
    53 1.729139 -12.405115 -3.280624 0.260189 -0.007273 0.087560
    54 -20.381291 9.933641 -9.947371 1.497111 -1.420333 -2.998337
    55 2.051581 -16.235904 -2.245937 0.260208 -0.007255 0.087544
    56 -16.444878 11.611340 -5.859749 -1.346982 -1.521032 -0.153187
    57 3.976019 -9.269882 -0.567375 0.000000 0.000000 0.000000
    58 0.885534 -17.554847 2.545800 -0.157749 -0.002108 0.043612
    59 -19.957416 10.884345 9.518618 -1.403593 -1.443850 -0.147838
    60 -0.381754 -15.961615 -2.445794 0.187455 -0.000065 -0.028354
    61 2.828451 -0.071583 49.705528 0.000000 0.000000 -3.141591
    62 0.623697 0.000000 0.000000 -0.000086 -1.570451 -1.570709
    63 5.131855 -0.003106 0.000007 -0.000004 -0.000001 0.034787
    64 3.906619 -0.003290 0.000000 0.000000 0.000000 0.046513
    65 4.136856 -0.008541 0.000000 0.000000 0.000000 0.069769
    66 10.751477 -0.002665 0.000000 0.000000 0.000000 0.030000
    67 -3.078401 -1.591902 -2.889401 0.017994 1.370765 3.128431
    68 6.038855 0.000001 -0.000012 0.184657 -0.830690 -0.408307
    69 17.594568 -0.000002 0.000013 0.000000 0.000000 -0.210123
    70 17.982992 0.000000 -0.000002 2.379876 -0.004797 0.044742
    71 -2.792530 22.930709 1.312845 0.824334 0.718964 4.020224
    72 3.353216 0.000000 0.000000 0.439808 -0.000028 0.006198
  time 55
    0 0.515880 3.627749 48.674247 0.024245 -0.093336 -2.358948
    1 0.623699 0.000000 0.000003 0.000000 -1.570460 -1.570704
    2 5.131858 -0.003107 0.000009 -0.000004 -0.000001 0.034787
    3 3.906668 -0.003288 0.000000 0.000592 -0.008749 -0.009203
    4 4.137684 -0.008414 -0.000663 0.078674 0.001498 -0.020074
    5 10.751468 -0.002664 0.000000 -0.000827 0.007634 -0.036131
    6 3.346881 -0.002666 0.000000 0.000000 0.000000 0.030000
    7 -2.992439 -1.791142 2.869863 1.227242 -1.240125 1.965230
    8 6.038856 0.000000 -0.000001 0.457513 1.012427 -0.588871
    9 17.594566 -0.000004 0.000002 0.000000 0.000000 -0.473101
    10 17.982992 0.000000 -0.000006 -1.659405 -0.266882 0.110024
    11 2.813692 0.799020 -0.493428 2.411861 0.529196 1.109475
    12 2.065373 0.000001 -0.000001 0.000000 0.000000 0.649361
    13 2.094713 -0.000003 -0.000001 0.000000 0.000000 1.092984
    14 7.522001 -0.014966 -1.158110 -0.027860 -0.069734 0.911619
    15 3.200830 0.000001 0.000003 0.000000 0.000000 1.665586
    16 2.731238 0.000000 -0.000001 0.000000 0.000000 1.605716
    17 7.599252 -0.144514 0.591978 -0.045774 -0.060676 0.993546
    18 3.840996 -0.000001 0.000000 0.000000 0.000000 1.756866
    19 3.277485 0.000001 -0.000001 0.000000 0.000000 1.937328
    20 7.447638 -0.525788 2.367265 -0.140593 -0.120304 1.040144
    21 1.595202 -0.000001 -0.000001 0.000000 0.000000 0.255799
    22 1.772448 -0.000002 0.000002 0.000000 0.000000 1.067978
    23 2.049172 1.133877 -2.827966 -0.588950 -0.379171 3.344775
    24 -2.949473 -1.787220 -2.912839 0.015814 1.378432 3.192308
    25 6.038852 0.000004 -0.000008 -1.251974 -0.731884 -0.307483
    26 17.594563 0.000003 -0.000002 0.000000 0.000000 -0.406691
    27 17.982986 -0.000004 0.000005 2.985655 0.609037 -0.370482
    28 2.813690 0.799022 0.493427 -2.853948 0.431148 1.731425
    29 2.065372 -0.000003 0.000001 0.000000 0.000000 0.912325
    30 2.094710 -0.000001 -0.000001 0.000000 0.000000 0.685149
    31 7.521998 -0.014968 1.158108 -0.175699 -0.043345 1.404057
    32 3.200824 0.000000 0.000003 0.000000 0.000000 1.350746
    33 2.731232 0.000000 -0.000003 0.000000 0.000000 0.924163
    34 7.599246 -0.144515 -0.591977 -0.160049 -0.087250 1.261686
    35 3.840997 0.000002 -0.000002 0.000000 0.000000 1.649485
    36 3.277479 0.000002 0.000001 0.000000 0.000000 1.255776
    37 7.447637 -0.525794 -2.367262 0.127901 0.133747 0.940063
    38 1.595204 0.000002 0.000001 0.000000 0.000000 0.756708
    39 1.772446 0.000000 0.000001 0.000000 0.000000 1.255814
    40 49.389511 35.067627 12.791978 -1.037544 0.423055 2.039819
    41 2.475312 0.465257 2.532361 -2.558621 0.195848 -3.108527
    42 -5.128644 0.181574 6.425846 2.983230 -0.099028 2.966744
    43 22.311974 -0.000001 0.000001 0.000000 0.000000 -0.391662
    44 22.311966 0.000001 0.000001 -0.148557 -0.082305 0.140883
    45 5.131754 6.470465 0.000002 0.000000 0.000000 1.570796
    46 -5.128649 0.181606 -6.425846 -3.020760 0.131263 2.983904
    47 22.311972 -0.000001 0.000001 0.000000 0.000000 -0.471070
    48 22.311968 0.000001 0.000000 0.192808 0.077327 0.242916
    49 5.131752 6.470467 0.000000 0.000000 0.000000 1.570796
    50 -18.161344 -8.534073 8.935962 -1.403768 -1.443818 -0.147685
    51 -0.280860 -13.472143 -3.813339 0.187422 -0.000086 -0.028347
    52 -17.429821 -9.355678 -9.915888 1.497122 -1.420332 -2.998350
    53 1.729139 -12.405115 -3.280624 0.260189 -0.007273 0.087560
    54 -20.381291 9.933641 -9.943464 1.497111 -1.420333 -2.998337
    55 2.051581 -16.235904 -2.249843 0.260208 -0.007255 0.087544
    56 -16.444878 11.611340 -5.859749 -1.346982 -1.521032 -0.153187
    57 3.976019 -9.269882 -0.567375 0.000000 0.000000 0.000000
    58 0.885534 -17.554847 2.545800 -0.157749 -0.002108 0.043612
    59 -19.957416 10.884345 9.518618 -1.403593 -1.443850 -0.147838
    60 -0.381754 -15.961615 -2.445794 0.187455 -0.000065 -0.028354
    61 2.828451 -0.071583 49.705528 0.000000 0.000000 -3.141591
    62 0.623697 0.000000 0.000000 -0.000086 -1.570451 -1.570709
    63 5.131855 -0.003106 0.000007 -0.000004 -0.000001 0.034787
    64 3.906619 -0.003290 0.000000 0.000000 0.000000 0.046513
    65 4.136856 -0.008541 0.000000 0.000000 0.000000 0.069769
    66 10.751477 -0.002665 0.000000 0.000000 0.000000 0.030000
    67 -3.078401 -1.591902 -2.889401 0.017994 1.370765 3.128431
    68 6.038855 0.000001 -0.000012 0.184657 -0.830690 -0.408307
    69 17.594568 -0.000002 0.000013 0.000000 0.000000 -0.210123
    70 17.982992 0.000000 -0.000002 2.379876 -0.004797 0.044742
    71 -2.788623 22.918990 1.324564 0.824085 0.719668 4.020512
    72 3.353216 0.000000 0.000000 0.439857 -0.000100 -0.001621
  time 56
    0 0.515880 3.651187 48.662528 0.024257 -0.095769 -2.358996
    1 0.623699 0.000000 0.000003 0.000000 -1.570796 -1.570704
    2 5.131858 -0.003107 0.000009 -0.000004 -0.000001 0.034787
    3 3.906668 -0.003288 0.000000 0.000555 -0.008509 -0.007442
    4 4.137684 -0.008414 -0.000663 0.078702 0.001055 -0.014276
    5 10.751468 -0.002664 0.000000 -0.000803 0.007526 -0.034933
    6 3.346881 -0.002666 0.000000 0.000000 0.000000 0.030000
    7 -2.992439 -1.787236 2.869863 1.224097 -1.239781 1.967434
    8 6.038856 0.000000 -0.000001 0.453524 1.007029 -0.592274
    9 17.594566 -0.000004 0.000002 0.000000 0.000000 -0.474647
    10 17.982992 0.000000 -0.000006 -1.659033 -0.267622 0.109538
    11 2.813692 0.799020 -0.493428 2.411840 0.529196 1.109475
    12 2.065373 0.000001 -0.000001 0.000000 0.000000 0.649361
    13 2.094713 -0.000003 -0.000001 0.000000 0.000000 1.092984
    14 7.522001 -0.014966 -1.158110 -0.027860 -0.069746 0.911619
    15 3.200830 0.000001 0.000003 0.000000 0.000000 1.665586
    16 2.731238 0.000000 -0.000001 0.000000 0.000000 1.605716
    17 7.599252 -0.144514 0.591978 -0.045774 -0.060676 0.993546
    18 3.840996 -0.000001 0.000000 0.000000 0.000000 1.756866
    19 3.277485 0.000001 -0.000001 0.000000 0.000000 1.937328
    20 7.447638 -0.525788 2.367265 -0.140593 -0.120304 1.040144
    21 1.595202 -0.000001 -0.000001 0.000000 0.000000 0.255799
    22 1.772448 -0.000002 0.000002 0.000000 0.000000 1.067978
    23 2.049172 1.133877 -2.827966 -0.588950 -0.379171 3.344775
    24 -2.949473 -1.783314 -2.912839 0.015814 1.378333 3.191139
    25 6.038852 0.000004 -0.000008 -1.243435 -0.730492 -0.312060
    26 17.594563 0.000003 -0.000002 0.000000 0.000000 -0.406592
    27 17.982986 -0.000004 0.000005 2.982687 0.608478 -0.371673
    28 2.813690 0.799022 0.493427 -2.853948 0.431148 1.731425
    29 2.065372 -0.000003 0.000001 0.000000 0.000000 0.912325
    30 2.094710 -0.000001 -0.000001 0.000000 0.000000 0.685149
    31 7.521998 -0.014968 1.158108 -0.175699 -0.043345 1.404057
    32 3.200824 0.000000 0.000003 0.000000 0.000000 1.350746
    33 2.731232 0.000000 -0.000003 0.000000 0.000000 0.924163
    34 7.599246 -0.144515 -0.591977 -0.160049 -0.087250 1.261686
    35 3.840997 0.000002 -0.000002 0.000000 0.000000 1.649531
    36 3.277479 0.000002 0.000001 0.000000 0.000000 1.255776
    37 7.447637 -0.525794 -2.367262 0.127913 0.133747 0.940063
    38 1.595204 0.000002 0.000001 0.000000 0.000000 0.756708
    39 1.772446 0.000000 0.000001 0.000000 0.000000 1.255814
    40 49.389511 35.067627 12.791978 -1.037544 0.423055 2.039819
    41 2.475312 0.465257 2.532361 -2.558621 0.195848 -3.108527
    42 -5.128644 0.181574 6.425846 2.983146 -0.099539 2.968119
    43 22.311974 -0.000001 0.000001 0.000000 0.000000 -0.392990
    44 22.311966 0.000001 0.000001 -0.148317 -0.082563 0.141117
    45 5.131754 6.470465 0.000002 0.000000 0.000000 1.570796
    46 -5.128649 0.181606 -6.425846 -3.020628 0.131083 2.985123
    47 22.311972 -0.000001 0.000001 0.000000 0.000000 -0.472813
    48 22.311968 0.000001 0.000000 0.192588 0.076957 0.243500
    49 5.131752 6.470467 0.000000 0.000000 0.000000 1.570796
    50 -18.165250 -8.534073 8.935962 -1.403768 -1.443818 -0.147685
    51 -0.280860 -13.472143 -3.813339 0.187422 -0.000086 -0.028347
    52 -17.429821 -9.359584 -9.919794 1.497122 -1.420332 -2.998350
    53 1.729139 -12.405115 -3.280624 0.260189 -0.007273 0.087560
    54 -20.385197 9.933641 -9.947371 1.497111 -1.420333 -2.998337
    55 2.051581 -16.235904 -2.249843 0.260208 -0.007255 0.087544
    56 -16.444878 11.611340 -5.855842 -1.346982 -1.521032 -0.153103
    57 3.976019 -9.269882 -0.567375 0.000000 0.000000 0.000000
    58 0.885534 -17.554847 2.545800 -0.157749 -0.002108 0.043612
    59 -19.961323 10.884345 9.522525 -1.403593 -1.443850 -0.147838
    60 -0.381754 -15.961615 -2.445794 0.187455 -0.000065 -0.028354
    61 2.828451 -0.071583 49.705528 0.000000 0.000000 -3.141591
    62 0.623697 0.000000 0.000000 -0.000086 -1.570451 -1.570709
    63 5.131855 -0.003106 0.000007 -0.000004 -0.000001 0.034787
    64 3.906619 -0.003290 0.000000 0.000000 0.000000 0.046513
    65 4.136856 -0.008541 0.000000 0.000000 0.000000 0.069769
    66 10.751477 -0.002665 0.000000 0.000000 0.000000 0.030000
    67 -3.078401 -1.591902 -2.889401 0.017994 1.370765 3.128431
    68 6.038855 0.000001 -0.000012 0.184657 -0.830690 -0.408307
    69 17.594568 -0.000002 0.000013 0.000000 0.000000 -0.210123
    70 17.982992 0.000000 -0.000002 2.379876 -0.004797 0.044742
    71 -2.776904 22.911177 1.340190 0.824251 0.720744 4.021087
    72 3.349310 0.000000 0.000000 0.439955 -0.000345 -0.010445
  time 57
    0 0.515880 3.682438 48.654715 0.024257 -0.098525 -2.359092
    1 0.623699 0.000000 0.000003 0.000000 -1.570460 -1.570704
    2 5.131858 -0.003107 0.000009 -0.000004 -0.000001 0.034787
    3 3.906668 -0.003288 0.000000 0.000518 -0.008257 -0.005404
    4 4.137684 -0.008414 -0.000663 0.078702 0.000527 -0.007638
    5 10.751468 -0.002664 0.000000 -0.000791 0.007406 -0.033626
    6 3.346881 -0.002666 0.000000 0.000000 0.000000 0.030000
    7 -2.992439 -1.783330 2.869863 1.219713 -1.239188 1.970788
    8 6.038856 0.000000 -0.000001 0.448886 1.000736 -0.596484
    9 17.594566 -0.000004 0.000002 0.000000 0.000000 -0.475725
    10 17.982992 0.000000 -0.000006 -1.658728 -0.268426 0.108610
    11 2.813692 0.799020 -0.493428 2.411840 0.529196 1.109475
    12 2.065373 0.000001 -0.000001 0.000000 0.000000 0.649361
    13 2.094713 -0.000003 -0.000001 0.000000 0.000000 1.093020
    14 7.522001 -0.014966 -1.158110 -0.027860 -0.069734 0.911619
    15 3.200830 0.000001 0.000003 0.000000 0.000000 1.665586
    16 2.731238 0.000000 -0.000001 0.000000 0.000000 1.605716
    17 7.599252 -0.144514 0.591978 -0.045786 -0.060676 0.993546
    18 3.840996 -0.000001 0.000000 0.000000 0.000000 1.756866
    19 3.277485 0.000001 -0.000001 0.000000 0.000000 1.937328
    20 7.447638 -0.525788 2.367265 -0.140593 -0.120304 1.040144
    21 1.595202 -0.000001 -0.000001 0.000000 0.000000 0.255799
    22 1.772448 -0.000002 0.000002 0.000000 0.000000 1.067978
    23 2.053078 1.133877 -2.827966 -0.588950 -0.379171 3.344775
    24 -2.949473 -1.779408 -2.908933 0.015814 1.378195 3.189886
    25 6.038852 0.000004 -0.000008 -1.233643 -0.729100 -0.317485
    26 17.594563 0.000003 -0.000002 0.000000 0.000000 -0.405932
    27 17.982986 -0.000004 0.000005 2.979530 0.607993 -0.373007
    28 2.813690 0.799022 0.493427 -2.853948 0.431148 1.731425
    29 2.065372 -0.000003 0.000001 0.000000 0.000000 0.912325
    30 2.094710 -0.000001 -0.000001 0.000000 0.000000 0.685125
    31 7.521998 -0.014968 1.158108 -0.175699 -0.043345 1.404057
    32 3.200824 0.000000 0.000003 0.000000 0.000000 1.350746
    33 2.731232 0.000000 -0.000003 0.000000 0.000000 0.924163
    34 7.599246 -0.144515 -0.591977 -0.160049 -0.087250 1.261686
    35 3.840997 0.000002 -0.000002 0.000000 0.000000 1.649531
    36 3.277479 0.000002 0.000001 0.000000 0.000000 1.255776
    37 7.447637 -0.525794 -2.367262 0.127913 0.133747 0.940063
    38 1.595204 0.000002 0.000001 0.000000 0.000000 0.756708
    39 1.772446 0.000000 0.000001 0.000000 0.000000 1.255814
    40 49.389511 35.067627 12.791978 -1.037544 0.423055 2.039819
    41 2.475312 0.465257 2.532361 -2.558621 0.195848 -3.108527
    42 -5.128644 0.181574 6.425846 2.983062 -0.100106 2.969903
    43 22.311974 -0.000001 0.000001 0.000000 0.000000 -0.394030
    44 22.311966 0.000001 0.000001 -0.148029 -0.082950 0.141091
    45 5.131754 6.470465 0.000002 0.000000 0.000000 1.570796
    46 -5.128649 0.181606 -6.425846 -3.020448 0.130814 2.986600
    47 22.311972 -0.000001 0.000001 0.000000 0.000000 -0.474524
    48 22.311968 0.000001 0.000000 0.192368 0.076436 0.243958
    49 5.131752 6.470467 0.000000 0.000000 0.000000 1.570796
    50 -18.161344 -8.530167 8.935962 -1.403768 -1.443818 -0.147610
    51 -0.280860 -13.472143 -3.813339 0.187422 -0.000086 -0.028347
    52 -17.429821 -9.355678 -9.915888 1.497122 -1.420332 -2.998350
    53 1.729139 -12.405115 -3.280624 0.260189 -0.007273 0.087560
    54 -20.381291 9.933641 -9.943464 1.497111 -1.420333 -2.998349
    55 2.051581 -16.235904 -2.249843 0.260208 -0.007267 0.087544
    56 -16.444878 11.611340 -5.855842 -1.346982 -1.521032 -0.153103
    57 3.976019 -9.269882 -0.563468 0.000000 0.000000 0.000000
    58 0.885534 -17.554847 2.545800 -0.157749 -0.002108 0.043612
    59 -19.957416 10.884345 9.518618 -1.403593 -1.443850 -0.147838
    60 -0.381754 -15.961615 -2.445794 0.187455 -0.000065 -0.028354
    61 2.828451 -0.071583 49.705528 0.000000 0.000000 -3.141591
    62 0.623697 0.000000 0.000000 -0.000086 -1.570451 -1.570709
    63 5.131855 -0.003106 0.000007 -0.000004 -0.000001 0.034787
    64 3.906619 -0.003290 0.000000 0.000000 0.000000 0.046513
    65 4.136856 -0.008541 0.000000 0.000000 0.000000 0.069769
    66 10.751477 -0.002665 0.000000 0.000000 0.000000 0.030000
    67 -3.078401 -1.591902 -2.889401 0.017994 1.370765 3.128431
    68 6.038855 0.000001 -0.000012 0.184657 -0.830690 -0.408307
    69 17.594568 -0.000002 0.000013 0.000000 0.000000 -0.210123
    70 17.982992 0.000000 -0.000002 2.379876 -0.004797 0.044742
    71 -2.769091 22.899458 1.348002 0.823836 0.721613 4.021566
    72 3.349310 0.000000 0.000000 0.440004 -0.000734 -0.020098
  time 58
    0 0.515880 3.713689 48.646902 0.024269 -0.101605 -2.359140
    1 0.623699 0.000000 0.000003 0.000000 -1.570460 -1.570704
    2 5.131858 -0.003107 0.000009 -0.000004 -0.000001 0.034787
    3 3.906668 -0.003288 0.000000 0.000518 -0.007982 -0.003163
    4 4.137684 -0.008414 -0.000663 0.078702 -0.000036 -0.000258
    5 10.751468 -0.002664 0.000000 -0.000767 0.007287 -0.032272
    6 3.346881 -0.002666 0.000000 0.000000 0.000000 0.030000
    7 -2.996346 -1.779423 2.873770 1.213899 -1.238469 1.975675
    8 6.038856 0.000000 -0.000001 0.443598 0.993505 -0.601320
    9 17.594566 -0.000004 0.000002 0.000000 0.000000 -0.476147
    10 17.982992 0.000000 -0.000006 -1.658457 -0.269296 0.107262
    11 2.813692 0.799020 -0.493428 2.411840 0.529196 1.109475
    12 2.065373 0.000001 -0.000001 0.000000 0.000000 0.649361
    13 2.094713 -0.000003 -0.000001 0.000000 0.000000 1.092984
    14 7.522001 -0.014966 -1.158110 -0.027860 -0.069734 0.911619
    15 3.200830 0.000001 0.000003 0.000000 0.000000 1.665586
    16 2.731238 0.000000 -0.000001 0.000000 0.000000 1.605716
    17 7.599252 -0.144514 0.591978 -0.045774 -0.060676 0.993546
    18 3.840996 -0.000001 0.000000 0.000000 0.000000 1.756866
    19 3.277485 0.000001 -0.000001 0.000000 0.000000 1.937328
    20 7.447638 -0.525788 2.367265 -0.140593 -0.120304 1.040144
    21 1.595202 -0.000001 -0.000001 0.000000 0.000000 0.255799
    22 1.772448 -0.000002 0.000002 0.000000 0.000000 1.067978
    23 2.053078 1.133877 -2.827966 -0.588950 -0.379171 3.344775
    24 -2.953379 -1.775501 -2.908933 0.015814 1.378056 3.188508
    25 6.038852 0.000004 -0.000008 -1.222895 -0.727803 -0.323842
    26 17.594563 0.000003 -0.000002 0.000000 0.000000 -0.404843
    27 17.982986 -0.000004 0.000005 2.976315 0.607546 -0.374341
    28 2.813690 0.799022 0.493427 -2.853948 0.431148 1.731425
    29 2.065372 -0.000003 0.000001 0.000000 0.000000 0.912325
    30 2.094710 -0.000001 -0.000001 0.000000 0.000000 0.685125
    31 7.521998 -0.014968 1.158108 -0.175699 -0.043345 1.404057
    32 3.200824 0.000000 0.000003 0.000000 0.000000 1.350746
    33 2.731232 0.000000 -0.000003 0.000000 0.000000 0.924163
    34 7.599246 -0.144515 -0.591977 -0.160049 -0.087250 1.261686
    35 3.840997 0.000002 -0.000002 0.000000 0.000000 1.649531
    36 3.277479 0.000002 0.000001 0.000000 0.000000 1.255776
    37 7.447637 -0.525794 -2.367262 0.127901 0.133747 0.940063
    38 1.595204 0.000002 0.000001 0.000000 0.000000 0.756685
    39 1.772446 0.000000 0.000001 0.000000 0.000000 1.255814
    40 49.389511 35.067627 12.791978 -1.037544 0.423055 2.039819
    41 2.475312 0.465257 2.532361 -2.558621 0.195848 -3.108527
    42 -5.128644 0.181574 6.425846 2.982967 -0.100788 2.972004
    43 22.311974 -0.000001 0.000001 0.000000 0.000000 -0.394891
    44 22.311966 0.000001 0.000001 -0.147693 -0.083411 0.140467
    45 5.131754 6.470465 0.000002 0.000000 0.000000 1.570796
    46 -5.128649 0.181606 -6.425846 -3.020233 0.130430 2.988242
    47 22.311972 -0.000001 0.000001 0.000000 0.000000 -0.476334
    48 22.311968 0.000001 0.000000 0.192081 0.075806 0.244326
    49 5.131752 6.470467 0.000000 0.000000 0.000000 1.570796
    50 -18.161344 -8.534073 8.935962 -1.403768 -1.443818 -0.147685
    51 -0.280860 -13.472143 -3.813339 0.187422 -0.000086 -0.028347
    52 -17.429821 -9.355678 -9.915888 1.497122 -1.420332 -2.998350
    53 1.729139 -12.405115 -3.280624 0.260189 -0.007273 0.087560
    54 -20.381291 9.933641 -9.943464 1.497111 -1.420333 -2.998337
    55 2.051581 -16.235904 -2.249843 0.260208 -0.007255 0.087544
    56 -16.444878 11.611340 -5.859749 -1.346982 -1.521032 -0.153187
    57 3.976019 -9.269882 -0.567375 0.000000 0.000000 0.000000
    58 0.885534 -17.554847 2.545800 -0.157749 -0.002108 0.043612
    59 -19.957416 10.884345 9.518618 -1.403593 -1.443850 -0.147838
    60 -0.381754 -15.961615 -2.445794 0.187455 -0.000065 -0.028354
    61 2.828451 -0.071583 49.705528 0.000000 0.000000 -3.141591
    62 0.623697 0.000000 0.000000 -0.000086 -1.570451 -1.570709
    63 5.131855 -0.003106 0.000007 -0.000004 -0.000001 0.034787
    64 3.906619 -0.003290 0.000000 0.000000 0.000000 0.046513
    65 4.136856 -0.008541 0.000000 0.000000 0.000000 0.069769
    66 10.751477 -0.002665 0.000000 0.000000 0.000000 0.030000
    67 -3.078401 -1.591902 -2.889401 0.017994 1.370765 3.128431
    68 6.038855 0.000001 -0.000012 0.184657 -0.830690 -0.408307
    69 17.594568 -0.000002 0.000013 0.000000 0.000000 -0.210123
    70 17.982992 0.000000 -0.000002 2.379876 -0.004797 0.044742
    71 -2.757372 22.891645 1.359722 0.823753 0.722938 4.022332
    72 3.353216 0.000000 0.000000 0.440102 -0.001339 -0.030516
  time 59
    0 0.515880 3.756659 48.631277 0.024281 -0.104961 -2.359236
    1 0.623699 0.000000 0.000003 0.000000 -1.570460 -1.570704
    2 5.131858 -0.003107 0.000009 -0.000004 -0.000001 0.034787
    3 3.906668 -0.003288 0.000000 0.000481 -0.007646 -0.000706
    4 4.137684 -0.008414 -0.000663 0.078702 -0.000659 0.007817
    5 10.751468 -0.002664 0.000000 -0.000743 0.007131 -0.030822
    6 3.346881 -0.002666 0.000000 0.000000 0.000000 0.030000
    7 -3.000252 -1.775517 2.873770 1.206656 -1.237501 1.981808
    8 6.038856 0.000000 -0.000001 0.437938 0.985338 -0.606605
    9 17.594566 -0.000004 0.000002 0.000000 0.000000 -0.475959
    10 17.982992 0.000000 -0.000006 -1.658253 -0.270231 0.105494
    11 2.813692 0.799020 -0.493428 2.411861 0.529196 1.109475
    12 2.065373 0.000001 -0.000001 0.000000 0.000000 0.649361
    13 2.094713 -0.000003 -0.000001 0.000000 0.000000 1.092984
    14 7.522001 -0.014966 -1.158110 -0.027860 -0.069746 0.911619
    15 3.200830 0.000001 0.000003 0.000000 0.000000 1.665586
    16 2.731238 0.000000 -0.000001 0.000000 0.000000 1.605716
    17 7.599252 -0.144514 0.591978 -0.045774 -0.060676 0.993546
    18 3.840996 -0.000001 0.000000 0.000000 0.000000 1.756866
    19 3.277485 0.000001 -0.000001 0.000000 0.000000 1.937328
    20 7.447638 -0.525788 2.367265 -0.140593 -0.120304 1.040144
    21 1.595202 -0.000001 -0.000001 0.000000 0.000000 0.255799
    22 1.772448 -0.000002 0.000002 0.000000 0.000000 1.067978
    23 2.053078 1.133877 -2.827966 -0.588950 -0.379171 3.344775
    24 -2.957286 -1.771595 -2.908933 0.015814 1.377918 3.187089
    25 6.038852 0.000004 -0.000008 -1.211191 -0.726443 -0.330962
    26 17.594563 0.000003 -0.000002 0.000000 0.000000 -0.403474
    27 17.982986 -0.000004 0.000005 2.973081 0.607248 -0.375579
    28 2.813690 0.799022 0.493427 -2.853948 0.431148 1.731425
    29 2.065372 -0.000003 0.000001 0.000000 0.000000 0.912325
    30 2.094710 -0.000001 -0.000001 0.000000 0.000000 0.685125
    31 7.521998 -0.014968 1.158108 -0.175699 -0.043345 1.404057
    32 3.200824 0.000000 0.000003 0.000000 0.000000 1.350746
    33 2.731232 0.000000 -0.000003 0.000000 0.000000 0.924163
    34 7.599246 -0.144515 -0.591977 -0.160049 -0.087250 1.261686
    35 3.840997 0.000002 -0.000002 0.000000 0.000000 1.649531
    36 3.277479 0.000002 0.000001 0.000000 0.000000 1.255776
    37 7.447637 -0.525794 -2.367262 0.127913 0.133747 0.940063
    38 1.595204 0.000002 0.000001 0.000000 0.000000 0.756708
    39 1.772446 0.000000 0.000001 0.000000 0.000000 1.255814
    40 49.389511 35.067627 12.791978 -1.037544 0.423055 2.039819
    41 2.475312 0.461350 2.532361 -2.558621 0.195848 -3.108527
    42 -5.128644 0.181574 6.425846 2.982871 -0.101563 2.974278
    43 22.311974 -0.000001 0.000001 0.000000 0.000000 -0.395717
    44 22.311966 0.000001 0.000001 -0.147357 -0.083927 0.140363
    45 5.131754 6.470465 0.000002 0.000000 0.000000 1.570796
    46 -5.128649 0.181606 -6.425846 -3.020005 0.129943 2.990000
    47 22.311972 -0.000001 0.000001 0.000000 0.000000 -0.478176
    48 22.311968 0.000001 0.000000 0.191795 0.075067 0.244682
    49 5.131752 6.470467 0.000000 0.000000 0.000000 1.570796
    50 -18.161344 -8.534073 8.935962 -1.403768 -1.443818 -0.147685
    51 -0.280860 -13.468237 -3.813339 0.187422 -0.000086 -0.028347
    52 -17.429821 -9.355678 -9.915888 1.497122 -1.420332 -2.998338
    53 1.729139 -12.405115 -3.280624 0.260189 -0.007273 0.087560
    54 -20.381291 9.933641 -9.947371 1.497111 -1.420333 -2.998337
    55 2.051581 -16.235904 -2.245937 0.260208 -0.007255 0.087544
    56 -16.444878 11.611340 -5.859749 -1.346982 -1.521032 -0.153187
    57 3.976019 -9.269882 -0.567375 0.000000 0.000000 0.000000
    58 0.885534 -17.554847 2.545800 -0.157749 -0.002108 0.043612
    59 -19.957416 10.884345 9.518618 -1.403593 -1.443850 -0.147838
    60 -0.381754 -15.961615 -2.445794 0.187455 -0.000065 -0.028354
    61 2.828451 -0.071583 49.705528 0.000000 0.000000 -3.141591
    62 0.623697 0.000000 0.000000 -0.000086 -1.570451 -1.570709
    63 5.131855 -0.003106 0.000007 -0.000004 -0.000001 0.034787
    64 3.906619 -0.003290 0.000000 0.000000 0.000000 0.046513
    65 4.136856 -0.008541 0.000000 0.000000 0.000000 0.069769
    66 10.751477 -0.002665 0.000000 0.000000 0.000000 0.030000
    67 -3.078401 -1.591902 -2.889401 0.017994 1.370765 3.128431
    68 6.038855 0.000001 -0.000012 0.184657 -0.830690 -0.408307
    69 17.594568 -0.000002 0.000013 0.000000 0.000000 -0.210123
    70 17.982992 0.000000 -0.000002 2.379876 -0.004797 0.044742
    71 -2.737840 22.879926 1.371441 0.823753 0.724387 4.023291
    72 3.353216 0.000000 0.000000 0.440200 -0.002103 -0.041589
  time 60
    0 0.515880 3.807442 48.623464 0.024281 -0.108568 -2.359332
    1 0.623699 0.000000 0.000003 0.000000 -1.570460 -1.570704
    2 5.131858 -0.003107 0.000009 -0.000004 -0.000001 0.034787
    3 3.906668 -0.003288 0.000000 0.000444 -0.007323 0.001906
    4 4.137684 -0.008414 -0.000663 0.078702 -0.001342 0.016506
    5 10.751468 -0.002664 0.000000 -0.000719 0.006951 -0.029288
    6 3.346881 -0.002666 0.000000 0.000000 0.000000 0.030000
    7 -3.000252 -1.771610 2.873770 1.197983 -1.236314 1.989666
    8 6.038856 0.000000 -0.000001 0.432094 0.976234 -0.612247
    9 17.594566 -0.000004 0.000002 0.000000 0.000000 -0.475350
    10 17.982992 0.000000 -0.000006 -1.658152 -0.271254 0.103373
    11 2.813692 0.799020 -0.493428 2.411840 0.529196 1.109475
    12 2.065373 0.000001 -0.000001 0.000000 0.000000 0.649361
    13 2.094713 -0.000003 -0.000001 0.000000 0.000000 1.092984
    14 7.522001 -0.014966 -1.158110 -0.027860 -0.069746 0.911619
    15 3.200830 0.000001 0.000003 0.000000 0.000000 1.665586
    16 2.731238 0.000000 -0.000001 0.000000 0.000000 1.605716
    17 7.599252 -0.144514 0.591978 -0.045774 -0.060688 0.993546
    18 3.840996 -0.000001 0.000000 0.000000 0.000000 1.756866
    19 3.277485 0.000001 -0.000001 0.000000 0.000000 1.937328
    20 7.447638 -0.525788 2.367265 -0.140593 -0.120304 1.040144
    21 1.595202 -0.000001 -0.000001 0.000000 0.000000 0.255799
    22 1.772448 -0.000002 0.000002 0.000000 0.000000 1.067978
    23 2.053078 1.133877 -2.827966 -0.588950 -0.379171 3.344775
    24 -2.961192 -1.767688 -2.908933 0.015860 1.377760 3.185586
    25 6.038852 0.000004 -0.000008 -1.198772 -0.724987 -0.338887
    26 17.594563 0.000003 -0.000002 0.000000 0.000000 -0.401824
    27 17.982986 -0.000004 0.000005 2.969828 0.607098 -0.376675
    28 2.813690 0.799022 0.493427 -2.853948 0.431148 1.731425
    29 2.065372 -0.000003 0.000001 0.000000 0.000000 0.912325
    30 2.094710 -0.000001 -0.000001 0.000000 0.000000 0.685125
    31 7.521998 -0.014968 1.158108 -0.175699 -0.043345 1.404057
    32 3.200824 0.000000 0.000003 0.000000 0.000000 1.350746
    33 2.731232 0.000000 -0.000003 0.000000 0.000000 0.924163
    34 7.599246 -0.144515 -0.591977 -0.160049 -0.087250 1.261686
    35 3.840997 0.000002 -0.000002 0.000000 0.000000 1.649531
    36 3.277479 0.000002 0.000001 0.000000 0.000000 1.255776
    37 7.447637 -0.525794 -2.367262 0.127901 0.133747 0.940063
    38 1.595204 0.000002 0.000001 0.000000 0.000000 0.756708
    39 1.772446 0.000000 0.000001 0.000000 0.000000 1.255814
    40 49.389511 35.067627 12.791978 -1.037544 0.423055 2.039819
    41 2.475312 0.465257 2.532361 -2.558621 0.195848 -3.108527
    42 -5.128644 0.181574 6.425846 2.982787 -0.102452 2.976762
    43 22.311974 -0.000001 0.000001 0.000000 0.000000 -0.396363
    44 22.311966 0.000001 0.000001 -0.146973 -0.084554 0.139739
    45 5.131754 6.470465 0.000002 0.000000 0.000000 1.570796
    46 -5.128649 0.181606 -6.425846 -3.019717 0.129354 2.991829
    47 22.311972 -0.000001 0.000001 0.000000 0.000000 -0.480216
    48 22.311968 0.000001 0.000000 0.191487 0.074177 0.244999
    49 5.131752 6.470467 0.000000 0.000000 0.000000 1.570796
    50 -18.161344 -8.534073 8.935962 -1.403768 -1.443818 -0.147610
    51 -0.280860 -13.472143 -3.813339 0.187422 -0.000086 -0.028347
    52 -17.429821 -9.359584 -9.915888 1.497122 -1.420332 -2.998350
    53 1.729139 -12.405115 -3.280624 0.260189 -0.007273 0.087560
    54 -20.381291 9.933641 -9.943464 1.497111 -1.420333 -2.998337
    55 2.051581 -16.235904 -2.249843 0.260208 -0.007255 0.087544
    56 -16.444878 11.611340 -5.855842 -1.346982 -1.521032 -0.153103
    57 3.976019 -9.269882 -0.563468 0.000000 0.000000 0.000000
    58 0.885534 -17.554847 2.545800 -0.157749 -0.002108 0.043612
    59 -19.957416 10.884345 9.518618 -1.403593 -1.443850 -0.147838
    60 -0.381754 -15.965522 -2.445794 0.187455 -0.000065 -0.028354
    61 2.828451 -0.071583 49.705528 0.000000 0.000000 -3.141591
    62 0.623697 0.000000 0.000000 -0.000086 -1.570451 -1.570709
    63 5.131855 -0.003106 0.000007 -0.000004 -0.000001 0.034787
    64 3.906619 -0.003290 0.000000 0.000000 0.000000 0.046513
    65 4.136856 -0.008541 0.000000 0.000000 0.000000 0.069769
    66 10.751477 -0.002665 0.000000 0.000000 0.000000 0.030000
    67 -3.078401 -1.591902 -2.889401 0.017994 1.370765 3.128431
    68 6.038855 0.000001 -0.000012 0.184657 -0.830690 -0.408307
    69 17.594568 -0.000002 0.000013 0.000000 0.000000 -0.210123
    70 17.982992 0.000000 -0.000002 2.379876 -0.004797 0.044742
    71 -2.718309 22.864300 1.390972 0.823836 0.726208 4.024345
    72 3.349310 0.000000 0.000000 0.440298 -0.003025 -0.053252
  time 61
    0 0.515880 3.862131 48.611745 0.024293 -0.112391 -2.359428
    1 0.623699 0.000000 0.000003 0.000000 -1.570460 -1.570704
    2 5.131858 -0.003107 0.000009 -0.000004 -0.000001 0.034787
    3 3.906668 -0.003288 0.000000 0.000407 -0.006951 0.004711
    4 4.137684 -0.008414 -0.000663 0.078661 -0.002073 0.025712
    5 10.751468 -0.002664 0.000000 -0.000695 0.006771 -0.027670
    6 3.346881 -0.002666 0.000000 0.000000 0.000000 0.030000
    7 -3.004158 -1.767704 2.873770 1.187690 -1.234909 1.999057
    8 6.038856 0.000000 -0.000001 0.426249 0.966275 -0.617979
    9 17.594566 -0.000004 0.000002 0.000000 0.000000 -0.474272
    10 17.982992 0.000000 -0.000006 -1.658118 -0.272341 0.100876
    11 2.813692 0.799020 -0.493428 2.411840 0.529196 1.109475
    12 2.065373 0.000001 -0.000001 0.000000 0.000000 0.649361
    13 2.094713 -0.000003 -0.000001 0.000000 0.000000 1.092984
    14 7.522001 -0.014966 -1.158110 -0.027860 -0.069746 0.911619
    15 3.200830 0.000001 0.000003 0.000000 0.000000 1.665586
    16 2.731238 0.000000 -0.000001 0.000000 0.000000 1.605716
    17 7.599252 -0.144514 0.591978 -0.045774 -0.060676 0.993546
    18 3.840996 -0.000001 0.000000 0.000000 0.000000 1.756866
    19 3.277485 0.000001 -0.000001 0.000000 0.000000 1.937328
    20 7.447638 -0.525788 2.367265 -0.140593 -0.120304 1.040144
    21 1.595202 -0.000001 -0.000001 0.000000 0.000000 0.255799
    22 1.772448 -0.000002 0.000002 0.000000 0.000000 1.067978
    23 2.053078 1.133877 -2.827966 -0.588950 -0.379171 3.344775
    24 -2.965099 -1.763782 -2.908933 0.015905 1.377542 3.184000
    25 6.038852 0.000004 -0.000008 -1.185755 -0.723500 -0.347406
    26 17.594563 0.000003 -0.000002 0.000000 0.000000 -0.399861
    27 17.982986 -0.000004 0.000005 2.966652 0.607136 -0.377628
    28 2.813690 0.799022 0.493427 -2.853948 0.431148 1.731425
    29 2.065372 -0.000003 0.000001 0.000000 0.000000 0.912325
    30 2.094710 -0.000001 -0.000001 0.000000 0.000000 0.685125
    31 7.521998 -0.014968 1.158108 -0.175699 -0.043345 1.404057
    32 3.200824 0.000000 0.000003 0.000000 0.000000 1.350746
    33 2.731232 0.000000 -0.000003 0.000000 0.000000 0.924163
    34 7.599246 -0.144515 -0.591977 -0.160049 -0.087250 1.261686
    35 3.840997 0.000002 -0.000002 0.000000 0.000000 1.649531
    36 3.277479 0.000002 0.000001 0.000000 0.000000 1.255776
    37 7.447637 -0.525794 -2.367262 0.127913 0.133747 0.940063
    38 1.595204 0.000002 0.000001 0.000000 0.000000 0.756708
    39 1.772446 0.000000 0.000001 0.000000 0.000000 1.255814
    40 49.389511 35.067627 12.791978 -1.037544 0.423055 2.039819
    41 2.475312 0.465257 2.532361 -2.558621 0.195848 -3.108527
    42 -5.128644 0.181574 6.425846 2.982703 -0.103436 2.979406
    43 22.311974 -0.000001 0.000001 0.000000 0.000000 -0.396901
    44 22.311966 0.000001 0.000001 -0.146589 -0.085236 0.138960
    45 5.131754 6.470465 0.000002 0.000000 0.000000 1.570796
    46 -5.128649 0.181606 -6.425846 -3.019418 0.128687 2.993729
    47 22.311972 -0.000001 0.000001 0.000000 0.000000 -0.482321
    48 22.311968 0.000001 0.000000 0.191179 0.073177 0.245278
    49 5.131752 6.470467 0.000000 0.000000 0.000000 1.570796
    50 -18.165250 -8.530167 8.935962 -1.403768 -1.443818 -0.147610
    51 -0.280860 -13.472143 -3.813339 0.187422 -0.000086 -0.028347
    52 -17.429821 -9.355678 -9.915888 1.497122 -1.420332 -2.998350
    53 1.729139 -12.405115 -3.280624 0.260189 -0.007273 0.087560
    54 -20.385197 9.933641 -9.943464 1.497111 -1.420333 -2.998337
    55 2.051581 -16.235904 -2.249843 0.260208 -0.007255 0.087544
    56 -16.444878 11.611340 -5.855842 -1.346982 -1.521032 -0.153187
    57 3.976019 -9.269882 -0.567375 0.000000 0.000000 0.000000
    58 0.885534 -17.554847 2.545800 -0.157749 -0.002108 0.043612
    59 -19.961323 10.884345 9.522525 -1.403593 -1.443850 -0.147838
    60 -0.381754 -15.961615 -2.445794 0.187455 -0.000065 -0.028354
    61 2.828451 -0.071583 49.705528 0.000000 0.000000 -3.141591
    62 0.623697 0.000000 0.000000 -0.000086 -1.570451 -1.570709
    63 5.131855 -0.003106 0.000007 -0.000004 -0.000001 0.034787
    64 3.906619 -0.003290 0.000000 0.000000 0.000000 0.046513
    65 4.136856 -0.008541 0.000000 0.000000 0.000000 0.069769
    66 10.751477 -0.002665 0.000000 0.000000 0.000000 0.030000
    67 -3.078401 -1.591902 -2.889401 0.017994 1.370765 3.128431
    68 6.038855 0.000001 -0.000012 0.184657 -0.830690 -0.408307
    69 17.594568 -0.000002 0.000013 0.000000 0.000000 -0.210123
    70 17.982992 0.000000 -0.000002 2.379876 -0.004797 0.044742
    71 -2.694870 22.852581 1.406598 0.824002 0.728195 4.025495
    72 3.349310 0.000000 0.000000 0.440396 -0.004105 -0.065373
  time 62
    0 0.515880 3.916820 48.600026 0.024305 -0.116406 -2.359523
    1 0.623699 0.000000 0.000003 0.000000 -1.570460 -1.570704
    2 5.131858 -0.003107 0.000009 -0.000004 -0.000001 0.034787
    3 3.906668 -0.003288 0.000000 0.000370 -0.006592 0.007623
    4 4.137684 -0.008414 -0.000663 0.078661 -0.002828 0.035369
    5 10.751468 -0.002664 0.000000 -0.000671 0.006592 -0.025956
    6 3.346881 -0.002666 0.000000 0.000000 0.000000 0.030000
    7 -3.004158 -1.759891 2.873770 1.175777 -1.233160 2.010077
    8 6.038856 0.000000 -0.000001 0.420497 0.955439 -0.623891
    9 17.594566 -0.000004 0.000002 0.000000 0.000000 -0.472820
    10 17.982992 0.000000 -0.000006 -1.658152 -0.273537 0.098048
    11 2.813692 0.799020 -0.493428 2.411861 0.529196 1.109475
    12 2.065373 0.000001 -0.000001 0.000000 0.000000 0.649361
    13 2.094713 -0.000003 -0.000001 0.000000 0.000000 1.092984
    14 7.522001 -0.014966 -1.158110 -0.027860 -0.069746 0.911619
    15 3.200830 0.000001 0.000003 0.000000 0.000000 1.665586
    16 2.731238 0.000000 -0.000001 0.000000 0.000000 1.605716
    17 7.599252 -0.144514 0.591978 -0.045774 -0.060676 0.993546
    18 3.840996 -0.000001 0.000000 0.000000 0.000000 1.756866
    19 3.277485 0.000001 -0.000001 0.000000 0.000000 1.937328
    20 7.447638 -0.525788 2.367265 -0.140593 -0.120304 1.040144
    21 1.595202 -0.000001 -0.000001 0.000000 0.000000 0.255799
    22 1.772448 -0.000002 0.000002 0.000000 0.000000 1.067978
    23 2.049172 1.133877 -2.827966 -0.588950 -0.379171 3.344775
    24 -2.969005 -1.755969 -2.908933 0.015905 1.377365 3.182330
    25 6.038852 0.000004 -0.000008 -1.172320 -0.721855 -0.356475
    26 17.594563 0.000003 -0.000002 0.000000 0.000000 -0.397650
    27 17.982986 -0.000004 0.000005 2.963551 0.607471 -0.378485
    28 2.813690 0.799022 0.493427 -2.853948 0.431148 1.731425
    29 2.065372 -0.000003 0.000001 0.000000 0.000000 0.912325
    30 2.094710 -0.000001 -0.000001 0.000000 0.000000 0.685149
    31 7.521998 -0.014968 1.158108 -0.175699 -0.043345 1.404057
    32 3.200824 0.000000 0.000003 0.000000 0.000000 1.350746
    33 2.731232 0.000000 -0.000003 0.000000 0.000000 0.924163
    34 7.599246 -0.144515 -0.591977 -0.160049 -0.087250 1.261686
    35 3.840997 0.000002 -0.000002 0.000000 0.000000 1.649531
    36 3.277479 0.000002 0.000001 0.000000 0.000000 1.255776
    37 7.447637 -0.525794 -2.367262 0.127901 0.133747 0.940063
    38 1.595204 0.000002 0.000001 0.000000 0.000000 0.756708
    39 1.772446 0.000000 0.000001 0.000000 0.000000 1.255814
    40 49.389511 35.067627 12.791978 -1.037544 0.423055 2.039819
    41 2.475312 0.465257 2.532361 -2.558621 0.195848 -3.108527
    42 -5.128644 0.181574 6.425846 2.982631 -0.104515 2.982181
    43 22.311974 -0.000001 0.000001 0.000000 0.000000 -0.397368
    44 22.311966 0.000001 0.000001 -0.146157 -0.086029 0.137998
    45 5.131754 6.470465 0.000002 0.000000 0.000000 1.570796
    46 -5.128649 0.181606 -6.425846 -3.019094 0.127944 2.995698
    47 22.311972 -0.000001 0.000001 0.000000 0.000000 -0.484526
    48 22.311968 0.000001 0.000000 0.190849 0.072067 0.245520
    49 5.131752 6.470467 0.000000 0.000000 0.000000 1.570796
    50 -18.165250 -8.534073 8.935962 -1.403768 -1.443818 -0.147610
    51 -0.280860 -13.472143 -3.813339 0.187422 -0.000086 -0.028347
    52 -17.429821 -9.355678 -9.915888 1.497122 -1.420332 -2.998350
    53 1.729139 -12.405115 -3.280624 0.260189 -0.007273 0.087560
    54 -20.385197 9.933641 -9.943464 1.497111 -1.420333 -2.998337
    55 2.051581 -16.235904 -2.245937 0.260208 -0.007255 0.087544
    56 -16.448785 11.611340 -5.855842 -1.346982 -1.521032 -0.153187
    57 3.976019 -9.269882 -0.563468 0.000000 0.000000 0.000000
    58 0.885534 -17.554847 2.545800 -0.157749 -0.002108 0.043612
    59 -19.961323 10.884345 9.518618 -1.403593 -1.443850 -0.147838
    60 -0.381754 -15.961615 -2.445794 0.187455 -0.000065 -0.028354
    61 2.828451 -0.071583 49.705528 0.000000 0.000000 -3.141591
    62 0.623697 0.000000 0.000000 -0.000086 -1.570451 -1.570709
    63 5.131855 -0.003106 0.000007 -0.000004 -0.000001 0.034787
    64 3.906619 -0.003290 0.000000 0.000000 0.000000 0.046513
    65 4.136856 -0.008541 0.000000 0.000000 0.000000 0.069769
    66 10.751477 -0.002665 0.000000 0.000000 0.000000 0.030000
    67 -3.078401 -1.591902 -2.889401 0.017994 1.370765 3.128431
    68 6.038855 0.000001 -0.000012 0.184657 -0.830690 -0.408307
    69 17.594568 -0.000002 0.000013 0.000000 0.000000 -0.210123
    70 17.982992 0.000000 -0.000002 2.379876 -0.004797 0.044742
    71 -2.667526 22.844769 1.426130 0.824168 0.730514 4.027028
    72 3.353216 0.000000 0.000000 0.440469 -0.005287 -0.077975
  time 63
    0 0.515880 3.987135 48.592213 0.024317 -0.120601 -2.359619
    1 0.623699 0.000000 0.000003 0.000000 -1.570460 -1.570704
    2 5.131858 -0.003107 0.000009 -0.000004 -0.000001 0.034787
    3 3.906668 -0.003288 0.000000 0.000333 -0.006196 0.010667
    4 4.137684 -0.008414 -0.000663 0.078606 -0.003619 0.045415
    5 10.751468 -0.002664 0.000000 -0.000647 0.006400 -0.024182
    6 3.346881 -0.002666 0.000000 0.000000 0.000000 0.030000
    7 -3.011971 -1.755985 2.873770 1.162148 -1.231130 2.022726
    8 6.038856 0.000000 -0.000001 0.414931 0.943769 -0.629802
    9 17.594566 -0.000004 0.000002 0.000000 0.000000 -0.470852
    10 17.982992 0.000000 -0.000006 -1.658287 -0.274886 0.094932
    11 2.813692 0.799020 -0.493428 2.411861 0.529196 1.109475
    12 2.065373 0.000001 -0.000001 0.000000 0.000000 0.649361
    13 2.094713 -0.000003 -0.000001 0.000000 0.000000 1.092984
    14 7.522001 -0.014966 -1.158110 -0.027860 -0.069734 0.911619
    15 3.200830 0.000001 0.000003 0.000000 0.000000 1.665586
    16 2.731238 0.000000 -0.000001 0.000000 0.000000 1.605716
    17 7.599252 -0.144514 0.591978 -0.045774 -0.060688 0.993546
    18 3.840996 -0.000001 0.000000 0.000000 0.000000 1.756866
    19 3.277485 0.000001 -0.000001 0.000000 0.000000 1.937328
    20 7.447638 -0.525788 2.367265 -0.140593 -0.120304 1.040144
    21 1.595202 -0.000001 -0.000001 0.000000 0.000000 0.255799
    22 1.772448 -0.000002 0.000002 0.000000 0.000000 1.067978
    23 2.049172 1.133877 -2.827966 -0.588950 -0.379171 3.344775
    24 -2.972911 -1.752063 -2.908933 0.015996 1.377187 3.180534
    25 6.038852 0.000004 -0.000008 -1.158527 -0.720242 -0.366053
    26 17.594563 0.000003 -0.000002 0.000000 0.000000 -0.395126
    27 17.982986 -0.000004 0.000005 2.960545 0.608105 -0.379152
    28 2.813690 0.799022 0.493427 -2.853948 0.431148 1.731425
    29 2.065372 -0.000003 0.000001 0.000000 0.000000 0.912325
    30 2.094710 -0.000001 -0.000001 0.000000 0.000000 0.685149
    31 7.521998 -0.014968 1.158108 -0.175699 -0.043345 1.404057
    32 3.200824 0.000000 0.000003 0.000000 0.000000 1.350746
    33 2.731232 0.000000 -0.000003 0.000000 0.000000 0.924163
    34 7.599246 -0.144515 -0.591977 -0.160049 -0.087250 1.261686
    35 3.840997 0.000002 -0.000002 0.000000 0.000000 1.649531
    36 3.277479 0.000002 0.000001 0.000000 0.000000 1.255776
    37 7.447637 -0.525794 -2.367262 0.127889 0.133747 0.940063
    38 1.595204 0.000002 0.000001 0.000000 0.000000 0.756708
    39 1.772446 0.000000 0.000001 0.000000 0.000000 1.255814
    40 49.389511 35.067627 12.791978 -1.037544 0.423055 2.039819
    41 2.475312 0.465257 2.532361 -2.558621 0.195848 -3.108527
    42 -5.128644 0.181574 6.425846 2.982547 -0.105650 2.985102
    43 22.311974 -0.000001 0.000001 0.000000 0.000000 -0.397726
    44 22.311966 0.000001 0.000001 -0.145725 -0.086840 0.136959
    45 5.131754 6.470465 0.000002 0.000000 0.000000 1.570796
    46 -5.128649 0.181606 -6.425846 -3.018758 0.127124 2.997715
    47 22.311972 -0.000001 0.000001 0.000000 0.000000 -0.486730
    48 22.311968 0.000001 0.000000 0.190474 0.070876 0.245710
    49 5.131752 6.470467 0.000000 0.000000 0.000000 1.570796
    50 -18.165250 -8.534073 8.935962 -1.403768 -1.443818 -0.147685
    51 -0.280860 -13.472143 -3.813339 0.187422 -0.000086 -0.028347
    52 -17.429821 -9.359584 -9.915888 1.497122 -1.420332 -2.998350
    53 1.729139 -12.405115 -3.280624 0.260189 -0.007273 0.087560
    54 -20.385197 9.933641 -9.943464 1.497111 -1.420333 -2.998337
    55 2.051581 -16.235904 -2.249843 0.260208 -0.007255 0.087544
    56 -16.444878 11.611340 -5.855842 -1.346982 -1.521032 -0.153187
    57 3.976019 -9.269882 -0.567375 0.000000 0.000000 0.000000
    58 0.885534 -17.554847 2.545800 -0.157749 -0.002108 0.043612
    59 -19.961323 10.884345 9.522525 -1.403593 -1.443850 -0.147838
    60 -0.381754 -15.961615 -2.445794 0.187455 -0.000065 -0.028354
    61 2.828451 -0.071583 49.705528 0.000000 0.000000 -3.141591
    62 0.623697 0.000000 0.000000 -0.000086 -1.570451 -1.570709
    63 5.131855 -0.003106 0.000007 -0.000004 -0.000001 0.034787
    64 3.906619 -0.003290 0.000000 0.000000 0.000000 0.046513
    65 4.136856 -0.008541 0.000000 0.000000 0.000000 0.069769
    66 10.751477 -0.002665 0.000000 0.000000 0.000000 0.030000
    67 -3.078401 -1.591902 -2.889401 0.017994 1.370765 3.128431
    68 6.038855 0.000001 -0.000012 0.184657 -0.830690 -0.408307
    69 17.594568 -0.000002 0.000013 0.000000 0.000000 -0.210123
    70 17.982992 0.000000 -0.000002 2.379876 -0.004797 0.044742
    71 -2.647994 22.825237 1.449568 0.824417 0.733121 4.028657
    72 3.353216 0.000000 0.000000 0.440568 -0.006612 -0.090926
  time 64
    0 0.515880 4.053543 48.580494 0.024329 -0.124891 -2.359715
    1 0.623699 0.000000 0.000003 0.000000 -1.570460 -1.570704
    2 5.131858 -0.003107 0.000009 -0.000004 -0.000001 0.034787
    3 3.906668 -0.003288 0.000000 0.000296 -0.005801 0.013807
    4 4.137684 -0.008414 -0.000663 0.078566 -0.004434 0.055751
    5 10.751468 -0.002664 0.000000 -0.000611 0.006172 -0.022361
    6 3.346881 -0.002666 0.000000 0.000000 0.000000 0.030000
    7 -3.011971 -1.752079 2.873770 1.146899 -1.228725 2.037099
    8 6.038856 0.000000 -0.000001 0.407880 0.932343 -0.638042
    9 17.594566 -0.000004 0.000002 0.000000 0.000000 -0.465275
    10 17.982992 0.000000 -0.000006 -1.658694 -0.277735 0.089319
    11 2.813692 0.799020 -0.493428 2.411840 0.529196 1.109475
    12 2.065373 0.000001 -0.000001 0.000000 0.000000 0.649361
    13 2.094713 -0.000003 -0.000001 0.000000 0.000000 1.092984
    14 7.522001 -0.014966 -1.158110 -0.027860 -0.069734 0.911619
    15 3.200830 0.000001 0.000003 0.000000 0.000000 1.665586
    16 2.731238 0.000000 -0.000001 0.000000 0.000000 1.605716
    17 7.599252 -0.144514 0.591978 -0.045774 -0.060688 0.993546
    18 3.840996 -0.000001 0.000000 0.000000 0.000000 1.756866
    19 3.277485 0.000001 -0.000001 0.000000 0.000000 1.937328
    20 7.447638 -0.525788 2.367265 -0.140593 -0.120304 1.040144
    21 1.595202 -0.000001 -0.000001 0.000000 0.000000 0.255799
    22 1.772448 -0.000002 0.000002 0.000000 0.000000 1.067978
    23 2.049172 1.133877 -2.824059 -0.588950 -0.379171 3.344775
    24 -2.972911 -1.744250 -2.908933 0.016041 1.376950 3.178781
    25 6.038852 0.000004 -0.000008 -1.144913 -0.719134 -0.376394
    26 17.594563 0.000003 -0.000002 0.000000 0.000000 -0.390672
    27 17.982986 -0.000004 0.000005 2.957654 0.610528 -0.380010
    28 2.813690 0.799022 0.493427 -2.853948 0.431148 1.731425
    29 2.065372 -0.000003 0.000001 0.000000 0.000000 0.912325
    30 2.094710 -0.000001 -0.000001 0.000000 0.000000 0.685125
    31 7.521998 -0.014968 1.158108 -0.175699 -0.043345 1.404057
    32 3.200824 0.000000 0.000003 0.000000 0.000000 1.350746
    33 2.731232 0.000000 -0.000003 0.000000 0.000000 0.924163
    34 7.599246 -0.144515 -0.591977 -0.160049 -0.087250 1.261686
    35 3.840997 0.000002 -0.000002 0.000000 0.000000 1.649531
    36 3.277479 0.000002 0.000001 0.000000 0.000000 1.255776
    37 7.447637 -0.525794 -2.367262 0.127901 0.133747 0.940063
    38 1.595204 0.000002 0.000001 0.000000 0.000000 0.756708
    39 1.772446 0.000000 0.000001 0.000000 0.000000 1.255814
    40 49.389511 35.067627 12.791978 -1.037544 0.423055 2.039819
    41 2.475312 0.465257 2.532361 -2.558621 0.195848 -3.108527
    42 -5.128644 0.181574 6.425846 2.982499 -0.106842 2.988115
    43 22.311974 -0.000001 0.000001 0.000000 0.000000 -0.398013
    44 22.311966 0.000001 0.000001 -0.145269 -0.087725 0.135711
    45 5.131754 6.470465 0.000002 0.000000 0.000000 1.570796
    46 -5.128649 0.181606 -6.425846 -3.018399 0.126240 2.999801
    47 22.311972 -0.000001 0.000001 0.000000 0.000000 -0.489000
    48 22.311968 0.000001 0.000000 0.190122 0.069616 0.245875
    49 5.131752 6.470467 0.000000 0.000000 0.000000 1.570796
    50 -18.161344 -8.530167 8.935962 -1.403768 -1.443818 -0.147685
    51 -0.280860 -13.468237 -3.813339 0.187422 -0.000086 -0.028347
    52 -17.429821 -9.355678 -9.915888 1.497122 -1.420332 -2.998350
    53 1.729139 -12.405115 -3.280624 0.260189 -0.007273 0.087560
    54 -20.381291 9.933641 -9.943464 1.497111 -1.420333 -2.998337
    55 2.051581 -16.235904 -2.249843 0.260208 -0.007255 0.087544
    56 -16.444878 11.607434 -5.855842 -1.346982 -1.521032 -0.153103
    57 3.976019 -9.269882 -0.567375 0.000000 0.000000 0.000000
    58 0.885534 -17.554847 2.545800 -0.157749 -0.002108 0.043612
    59 -19.957416 10.884345 9.518618 -1.403593 -1.443850 -0.147838
    60 -0.381754 -15.961615 -2.445794 0.187455 -0.000065 -0.028354
    61 2.828451 -0.071583 49.705528 0.000000 0.000000 -3.141591
    62 0.623697 0.000000 0.000000 -0.000086 -1.570451 -1.570709
    63 5.131855 -0.003106 0.000007 -0.000004 -0.000001 0.034787
    64 3.906619 -0.003290 0.000000 0.000000 0.000000 0.046513
    65 4.136856 -0.008541 0.000000 0.000000 0.000000 0.069769
    66 10.751477 -0.002665 0.000000 0.000000 0.000000 0.030000
    67 -3.078401 -1.591902 -2.889401 0.017994 1.370765 3.128431
    68 6.038855 0.000001 -0.000012 0.184657 -0.830690 -0.408307
    69 17.594568 -0.000002 0.000013 0.000000 0.000000 -0.210123
    70 17.982992 0.000000 -0.000002 2.379876 -0.004797 0.044742
    71 -2.605024 22.805705 1.476913 0.824997 0.737013 4.031436
    72 3.353216 0.000000 0.000000 0.440617 -0.008024 -0.104162
  time 65
    0 0.515880 4.127764 48.572681 0.024341 -0.129302 -2.359811
    1 0.623699 0.000000 0.000003 0.000000 -1.570460 -1.570704
    2 5.131858 -0.003107 0.000009 -0.000004 -0.000001 0.034787
    3 3.906668 -0.003288 0.000000 0.000296 -0.005381 0.017031
    4 4.137684 -0.008414 -0.000663 0.078525 -0.005273 0.066329
    5 10.751468 -0.002664 0.000000 -0.000587 0.005956 -0.020443
    6 3.346881 -0.002666 0.000000 0.000000 0.000000 0.030000
    7 -3.011971 -1.744266 2.877676 1.130030 -1.225914 2.053294
    8 6.038856 0.000000 -0.000001 0.397768 0.921955 -0.650671
    9 17.594566 -0.000004 0.000002 0.000000 0.000000 -0.453513
    10 17.982992 0.000000 -0.000006 -1.659304 -0.282998 0.079486
    11 2.813692 0.799020 -0.493428 2.411840 0.529196 1.109475
    12 2.065373 0.000001 -0.000001 0.000000 0.000000 0.649361
    13 2.094713 -0.000003 -0.000001 0.000000 0.000000 1.092984
    14 7.522001 -0.014966 -1.158110 -0.027860 -0.069734 0.911619
    15 3.200830 0.000001 0.000003 0.000000 0.000000 1.665586
    16 2.731238 0.000000 -0.000001 0.000000 0.000000 1.605716
    17 7.599252 -0.144514 0.591978 -0.045774 -0.060676 0.993546
    18 3.840996 -0.000001 0.000000 0.000000 0.000000 1.756866
    19 3.277485 0.000001 -0.000001 0.000000 0.000000 1.937328
    20 7.447638 -0.525788 2.367265 -0.140593 -0.120304 1.040144
    21 1.595202 -0.000001 -0.000001 0.000000 0.000000 0.255799
    22 1.772448 -0.000002 0.000002 0.000000 0.000000 1.067978
    23 2.053078 1.133877 -2.827966 -0.588950 -0.379171 3.344775
    24 -2.976818 -1.740344 -2.905027 0.016041 1.376713 3.176902
    25 6.038852 0.000004 -0.000008 -1.131538 -0.719071 -0.387498
    26 17.594563 0.000003 -0.000002 0.000000 0.000000 -0.382885
    27 17.982986 -0.000004 0.000005 2.954687 0.615710 -0.381391
    28 2.813690 0.799022 0.493427 -2.853948 0.431148 1.731425
    29 2.065372 -0.000003 0.000001 0.000000 0.000000 0.912325
    30 2.094710 -0.000001 -0.000001 0.000000 0.000000 0.685125
    31 7.521998 -0.014968 1.158108 -0.175699 -0.043345 1.404057
    32 3.200824 0.000000 0.000003 0.000000 0.000000 1.350746
    33 2.731232 0.000000 -0.000003 0.000000 0.000000 0.924163
    34 7.599246 -0.144515 -0.591977 -0.160049 -0.087250 1.261686
    35 3.840997 0.000002 -0.000002 0.000000 0.000000 1.649531
    36 3.277479 0.000002 0.000001 0.000000 0.000000 1.255776
    37 7.447637 -0.525794 -2.367262 0.127913 0.133747 0.940063
    38 1.595204 0.000002 0.000001 0.000000 0.000000 0.756708
    39 1.772446 0.000000 0.000001 0.000000 0.000000 1.255814
    40 49.389511 35.067627 12.791978 -1.037544 0.423055 2.039819
    41 2.475312 0.465257 2.532361 -2.558621 0.195848 -3.108527
    42 -5.128644 0.181574 6.425846 2.982415 -0.108072 2.991208
    43 22.311974 -0.000001 0.000001 0.000000 0.000000 -0.398229
    44 22.311966 0.000001 0.000001 -0.144813 -0.088665 0.134412
    45 5.131754 6.470465 0.000002 0.000000 0.000000 1.570796
    46 -5.128649 0.181606 -6.425846 -3.018015 0.125305 3.001888
    47 22.311972 -0.000001 0.000001 0.000000 0.000000 -0.491303
    48 22.311968 0.000001 0.000000 0.189792 0.068260 0.245977
    49 5.131752 6.470467 0.000000 0.000000 0.000000 1.570796
    50 -18.161344 -8.534073 8.935962 -1.403768 -1.443818 -0.147685
    51 -0.280860 -13.468237 -3.813339 0.187422 -0.000086 -0.028347
    52 -17.429821 -9.355678 -9.915888 1.497122 -1.420332 -2.998350
    53 1.729139 -12.405115 -3.280624 0.260189 -0.007273 0.087560
    54 -20.381291 9.933641 -9.943464 1.497111 -1.420333 -2.998337
    55 2.051581 -16.235904 -2.249843 0.260208 -0.007255 0.087544
    56 -16.444878 11.611340 -5.859749 -1.346982 -1.521032 -0.153187
    57 3.979926 -9.269882 -0.567375 0.000000 0.000000 0.000000
    58 0.885534 -17.550941 2.545800 -0.157749 -0.002108 0.043612
    59 -19.957416 10.884345 9.518618 -1.403593 -1.443850 -0.147838
    60 -0.381754 -15.961615 -2.445794 0.187455 -0.000065 -0.028354
    61 2.828451 -0.071583 49.705528 0.000000 0.000000 -3.141591
    62 0.623697 0.000000 0.000000 -0.000086 -1.570451 -1.570709
    63 5.131855 -0.003106 0.000007 -0.000004 -0.000001 0.034787
    64 3.906619 -0.003290 0.000000 0.000000 0.000000 0.046513
    65 4.136856 -0.008541 0.000000 0.000000 0.000000 0.069769
    66 10.751477 -0.002665 0.000000 0.000000 0.000000 0.030000
    67 -3.078401 -1.591902 -2.889401 0.017994 1.370765 3.128431
    68 6.038855 0.000001 -0.000012 0.184657 -0.830690 -0.408307
    69 17.594568 -0.000002 0.000013 0.000000 0.000000 -0.210123
    70 17.982992 0.000000 -0.000002 2.379876 -0.004797 0.044742
    71 -2.546428 22.786173 1.508164 0.826075 0.743057 4.036036
    72 3.349310 0.000000 0.000000 0.440715 -0.009523 -0.117572
  time 66
    0 0.515880 4.201985 48.560962 0.024365 -0.133748 -2.359955
    1 0.623699 0.000000 0.000003 0.000000 -1.570460 -1.570704
    2 5.131858 -0.003107 0.000009 -0.000004 -0.000001 0.034787
    3 3.906668 -0.003288 0.000000 0.000259 -0.004974 0.020291
    4 4.137684 -0.008414 -0.000663 0.078457 -0.006112 0.076988
    5 10.751468 -0.002664 0.000000 -0.000563 0.005741 -0.018490
    6 3.346881 -0.002666 0.000000 0.000000 0.000000 0.030000
    7 -3.015877 -1.740360 2.877676 1.111446 -1.222635 2.071022
    8 6.038856 0.000000 -0.000001 0.385336 0.912342 -0.666972
    9 17.594566 -0.000004 0.000002 0.000000 0.000000 -0.436082
    10 17.982992 0.000000 -0.000006 -1.660117 -0.290175 0.065984
    11 2.813692 0.799020 -0.493428 2.411840 0.529196 1.109475
    12 2.065373 0.000001 -0.000001 0.000000 0.000000 0.649361
    13 2.094713 -0.000003 -0.000001 0.000000 0.000000 1.092984
    14 7.522001 -0.014966 -1.158110 -0.027860 -0.069746 0.911619
    15 3.200830 0.000001 0.000003 0.000000 0.000000 1.665586
    16 2.731238 0.000000 -0.000001 0.000000 0.000000 1.605716
    17 7.599252 -0.144514 0.591978 -0.045786 -0.060676 0.993546
    18 3.840996 -0.000001 0.000000 0.000000 0.000000 1.756866
    19 3.277485 0.000001 -0.000001 0.000000 0.000000 1.937328
    20 7.447638 -0.525788 2.367265 -0.140593 -0.120304 1.040144
    21 1.595202 -0.000001 -0.000001 0.000000 0.000000 0.255799
    22 1.772448 -0.000002 0.000002 0.000000 0.000000 1.067978
    23 2.053078 1.133877 -2.827966 -0.588950 -0.379183 3.344775
    24 -2.984630 -1.732531 -2.901120 0.016087 1.376515 3.175023
    25 6.038852 0.000004 -0.000008 -1.118163 -0.720020 -0.399195
    26 17.594563 0.000003 -0.000002 0.000000 0.000000 -0.372310
    27 17.982986 -0.000004 0.000005 2.951434 0.622942 -0.383392
    28 2.813690 0.799022 0.493427 -2.853948 0.431148 1.731425
    29 2.065372 -0.000003 0.000001 0.000000 0.000000 0.912325
    30 2.094710 -0.000001 -0.000001 0.000000 0.000000 0.685125
    31 7.521998 -0.014968 1.158108 -0.175699 -0.043345 1.404057
    32 3.200824 0.000000 0.000003 0.000000 0.000000 1.350746
    33 2.731232 0.000000 -0.000003 0.000000 0.000000 0.924163
    34 7.599246 -0.144515 -0.591977 -0.160049 -0.087250 1.261686
    35 3.840997 0.000002 -0.000002 0.000000 0.000000 1.649531
    36 3.277479 0.000002 0.000001 0.000000 0.000000 1.255776
    37 7.447637 -0.525794 -2.367262 0.127913 0.133747 0.940063
    38 1.595204 0.000002 0.000001 0.000000 0.000000 0.756708
    39 1.772446 0.000000 0.000001 0.000000 0.000000 1.255814
    40 49.389511 35.067627 12.791978 -1.037544 0.423055 2.039819
    41 2.475312 0.465257 2.532361 -2.558621 0.195848 -3.108527
    42 -5.128644 0.181574 6.425846 2.982355 -0.109339 2.994380
    43 22.311974 -0.000001 0.000001 0.000000 0.000000 -0.398300
    44 22.311966 0.000001 0.000001 -0.144333 -0.089624 0.133294
    45 5.131754 6.470465 0.000002 0.000000 0.000000 1.570796
    46 -5.128649 0.181606 -6.425846 -3.017632 0.124306 3.003975
    47 22.311972 -0.000001 0.000001 0.000000 0.000000 -0.493606
    48 22.311968 0.000001 0.000000 0.189440 0.066863 0.246066
    49 5.131752 6.470467 0.000000 0.000000 0.000000 1.570796
    50 -18.161344 -8.534073 8.935962 -1.403768 -1.443818 -0.147685
    51 -0.280860 -13.472143 -3.813339 0.187422 -0.000086 -0.028347
    52 -17.429821 -9.355678 -9.915888 1.497122 -1.420332 -2.998350
    53 1.729139 -12.405115 -3.280624 0.260189 -0.007273 0.087560
    54 -20.381291 9.933641 -9.943464 1.497111 -1.420333 -2.998337
    55 2.051581 -16.235904 -2.249843 0.260208 -0.007255 0.087544
    56 -16.444878 11.611340 -5.855842 -1.346982 -1.521032 -0.153187
    57 3.976019 -9.269882 -0.567375 0.000000 0.000000 0.000000
    58 0.885534 -17.550941 2.545800 -0.157749 -0.002108 0.043612
    59 -19.957416 10.884345 9.518618 -1.403593 -1.443850 -0.147838
    60 -0.381754 -15.961615 -2.445794 0.187455 -0.000065 -0.028354
    61 2.828451 -0.071583 49.705528 0.000000 0.000000 -3.141591
    62 0.623697 0.000000 0.000000 -0.000086 -1.570451 -1.570709
    63 5.131855 -0.003106 0.000007 -0.000004 -0.000001 0.034787
    64 3.906619 -0.003290 0.000000 0.000000 0.000000 0.046513
    65 4.136856 -0.008541 0.000000 0.000000 0.000000 0.069769
    66 10.751477 -0.002665 0.000000 0.000000 0.000000 0.030000
    67 -3.078401 -1.591902 -2.889401 0.017994 1.370765 3.128431
    68 6.038855 0.000001 -0.000012 0.184657 -0.830690 -0.408307
    69 17.594568 -0.000002 0.000013 0.000000 0.000000 -0.210123
    70 17.982992 0.000000 -0.000002 2.379876 -0.004797 0.044742
    71 -2.460488 22.754922 1.551134 0.827485 0.750839 4.041882
    72 3.349310 0.000000 0.000000 0.440764 -0.011108 -0.131025
  time 67
    0 0.515880 4.284019 48.549243 0.024377 -0.138242 -2.360051
    1 0.623699 0.000000 0.000003 0.000000 -1.570460 -1.570704
    2 5.131858 -0.003107 0.000009 -0.000004 -0.000001 0.034787
    3 3.906668 -0.003288 0.000000 0.000222 -0.004530 0.023574
    4 4.137684 -0.008414 -0.000663 0.078389 -0.006963 0.087793
    5 10.751468 -0.002664 0.000000 -0.000527 0.005501 -0.016452
    6 3.346881 -0.002666 0.000000 0.000000 0.000000 0.030000
    7 -3.023690 -1.732547 2.877676 1.083426 -1.217388 2.099003
    8 6.038856 0.000000 -0.000001 0.377173 0.899470 -0.680406
    9 17.594566 -0.000004 0.000002 0.000000 0.000000 -0.418415
    10 17.982992 0.000000 -0.000006 -1.661337 -0.298374 0.052151
    11 2.813692 0.799020 -0.493428 2.411840 0.529196 1.109475
    12 2.065373 0.000001 -0.000001 0.000000 0.000000 0.649361
    13 2.094713 -0.000003 -0.000001 0.000000 0.000000 1.092984
    14 7.522001 -0.014966 -1.158110 -0.027860 -0.069746 0.911619
    15 3.200830 0.000001 0.000003 0.000000 0.000000 1.665586
    16 2.731238 0.000000 -0.000001 0.000000 0.000000 1.605716
    17 7.599252 -0.144514 0.591978 -0.045774 -0.060676 0.993546
    18 3.840996 -0.000001 0.000000 0.000000 0.000000 1.756866
    19 3.277485 0.000001 -0.000001 0.000000 0.000000 1.937328
    20 7.447638 -0.525788 2.367265 -0.140593 -0.120304 1.040144
    21 1.595202 -0.000001 -0.000001 0.000000 0.000000 0.255799
    22 1.772448 -0.000002 0.000002 0.000000 0.000000 1.067978
    23 2.053078 1.133877 -2.827966 -0.588950 -0.379171 3.344775
    24 -2.988537 -1.728625 -2.905027 0.016132 1.376278 3.173019
    25 6.038852 0.000004 -0.000008 -1.104728 -0.721665 -0.411401
    26 17.594563 0.000003 -0.000002 0.000000 0.000000 -0.359343
    27 17.982986 -0.000004 0.000005 2.947725 0.631553 -0.386155
    28 2.813690 0.799022 0.493427 -2.853948 0.431148 1.731425
    29 2.065372 -0.000003 0.000001 0.000000 0.000000 0.912325
    30 2.094710 -0.000001 -0.000001 0.000000 0.000000 0.685149
    31 7.521998 -0.014968 1.158108 -0.175699 -0.043345 1.404057
    32 3.200824 0.000000 0.000003 0.000000 0.000000 1.350746
    33 2.731232 0.000000 -0.000003 0.000000 0.000000 0.924163
    34 7.599246 -0.144515 -0.591977 -0.160049 -0.087250 1.261686
    35 3.840997 0.000002 -0.000002 0.000000 0.000000 1.649531
    36 3.277479 0.000002 0.000001 0.000000 0.000000 1.255776
    37 7.447637 -0.525794 -2.367262 0.127913 0.133733 0.940063
    38 1.595204 0.000002 0.000001 0.000000 0.000000 0.756708
    39 1.772446 0.000000 0.000001 0.000000 0.000000 1.255814
    40 49.389511 35.067627 12.791978 -1.037544 0.423055 2.039819
    41 2.475312 0.465257 2.532361 -2.558621 0.195848 -3.108527
    42 -5.128644 0.181574 6.425846 2.982307 -0.110683 2.997552
    43 22.311974 -0.000001 0.000001 0.000000 0.000000 -0.398300
    44 22.311966 0.000001 0.000001 -0.143853 -0.090638 0.131423
    45 5.131754 6.470465 0.000002 0.000000 0.000000 1.570796
    46 -5.128649 0.181606 -6.425846 -3.017212 0.123281 3.006085
    47 22.311972 -0.000001 0.000001 0.000000 0.000000 -0.495909
    48 22.311968 0.000001 0.000000 0.189088 0.065425 0.246091
    49 5.131752 6.470467 0.000000 0.000000 0.000000 1.570796
    50 -18.165250 -8.534073 8.935962 -1.403768 -1.443818 -0.147685
    51 -0.280860 -13.472143 -3.813339 0.187422 -0.000086 -0.028347
    52 -17.429821 -9.355678 -9.915888 1.497122 -1.420332 -2.998350
    53 1.729139 -12.405115 -3.280624 0.260189 -0.007273 0.087560
    54 -20.385197 9.933641 -9.947371 1.497111 -1.420333 -2.998337
    55 2.051581 -16.235904 -2.249843 0.260208 -0.007255 0.087544
    56 -16.448785 11.611340 -5.859749 -1.346982 -1.521032 -0.153187
    57 3.976019 -9.269882 -0.563468 0.000000 0.000000 0.000000
    58 0.885534 -17.554847 2.545800 -0.157749 -0.002108 0.043612
    59 -19.961323 10.884345 9.518618 -1.403593 -1.443850 -0.147838
    60 -0.381754 -15.961615 -2.445794 0.187455 -0.000065 -0.028354
    61 2.828451 -0.071583 49.705528 0.000000 0.000000 -3.141591
    62 0.623697 0.000000 0.000000 -0.000086 -1.570451 -1.570709
    63 5.131855 -0.003106 0.000007 -0.000004 -0.000001 0.034787
    64 3.906619 -0.003290 0.000000 0.000000 0.000000 0.046513
    65 4.136856 -0.008541 0.000000 0.000000 0.000000 0.069769
    66 10.751477 -0.002665 0.000000 0.000000 0.000000 0.030000
    67 -3.078401 -1.591902 -2.889401 0.017994 1.370765 3.128431
    68 6.038855 0.000001 -0.000012 0.184657 -0.830690 -0.408307
    69 17.594568 -0.000002 0.000013 0.000000 0.000000 -0.210123
    70 17.982992 0.000000 -0.000002 2.379876 -0.004797 0.044742
    71 -2.366735 22.723671 1.601916 0.829475 0.759905 4.048974
    72 3.349310 0.000000 0.000000 0.440813 -0.012750 -0.144544
  time 68
    0 0.515880 4.358240 48.537524 0.024389 -0.142748 -2.360147
    1 0.623699 0.000000 0.000003 0.000000 -1.570460 -1.570704
    2 5.131858 -0.003107 0.000009 -0.000004 -0.000001 0.034787
    3 3.906668 -0.003288 0.000000 0.000185 -0.004123 0.026858
    4 4.137684 -0.008414 -0.000663 0.078321 -0.007814 0.098565
    5 10.751468 -0.002664 0.000000 -0.000503 0.005237 -0.014403
    6 3.346881 -0.002666 0.000000 0.000000 0.000000 0.030000
    7 -3.019784 -1.724734 2.877676 1.041110 -1.208581 2.142125
    8 6.038856 0.000000 -0.000001 0.378379 0.880284 -0.685422
    9 17.594566 -0.000004 0.000002 0.000000 0.000000 -0.405295
    10 17.982992 0.000000 -0.000006 -1.663099 -0.306747 0.040969
    11 2.813692 0.799020 -0.493428 2.411840 0.529196 1.109475
    12 2.065373 0.000001 -0.000001 0.000000 0.000000 0.649361
    13 2.094713 -0.000003 -0.000001 0.000000 0.000000 1.092984
    14 7.522001 -0.014966 -1.158110 -0.027860 -0.069734 0.911619
    15 3.200830 0.000001 0.000003 0.000000 0.000000 1.665586
    16 2.731238 0.000000 -0.000001 0.000000 0.000000 1.605716
    17 7.599252 -0.144514 0.591978 -0.045774 -0.060676 0.993546
    18 3.840996 -0.000001 0.000000 0.000000 0.000000 1.756866
    19 3.277485 0.000001 -0.000001 0.000000 0.000000 1.937328
    20 7.447638 -0.525788 2.367265 -0.140593 -0.120304 1.040144
    21 1.595202 -0.000001 -0.000001 0.000000 0.000000 0.255799
    22 1.772448 -0.000002 0.000002 0.000000 0.000000 1.067978
    23 2.053078 1.133877 -2.827966 -0.588950 -0.379171 3.344775
    24 -2.992443 -1.724718 -2.905027 0.016223 1.376021 3.171015
    25 6.038852 0.000004 -0.000008 -1.090696 -0.724007 -0.423988
    26 17.594563 0.000003 -0.000002 0.000000 0.000000 -0.344446
    27 17.982986 -0.000004 0.000005 2.943330 0.640910 -0.389823
    28 2.813690 0.799022 0.493427 -2.853948 0.431148 1.731425
    29 2.065372 -0.000003 0.000001 0.000000 0.000000 0.912325
    30 2.094710 -0.000001 -0.000001 0.000000 0.000000 0.685125
    31 7.521998 -0.014968 1.158108 -0.175699 -0.043345 1.404057
    32 3.200824 0.000000 0.000003 0.000000 0.000000 1.350746
    33 2.731232 0.000000 -0.000003 0.000000 0.000000 0.924163
    34 7.599246 -0.144515 -0.591977 -0.160061 -0.087250 1.261686
    35 3.840997 0.000002 -0.000002 0.000000 0.000000 1.649531
    36 3.277479 0.000002 0.000001 0.000000 0.000000 1.255776
    37 7.447637 -0.525794 -2.367262 0.127901 0.133747 0.940063
    38 1.595204 0.000002 0.000001 0.000000 0.000000 0.756708
    39 1.772446 0.000000 0.000001 0.000000 0.000000 1.255814
    40 49.389511 35.067627 12.791978 -1.037544 0.423055 2.039819
    41 2.475312 0.465257 2.532361 -2.558621 0.195848 -3.108527
    42 -5.128644 0.181574 6.425846 2.982271 -0.111988 3.000777
    43 22.311974 -0.000001 0.000001 0.000000 0.000000 -0.398229
    44 22.311966 0.000001 0.000001 -0.143373 -0.091689 0.129812
    45 5.131754 6.470465 0.000002 0.000000 0.000000 1.570796
    46 -5.128649 0.181606 -6.425846 -3.016793 0.122217 3.008149
    47 22.311972 -0.000001 0.000001 0.000000 0.000000 -0.498146
    48 22.311968 0.000001 0.000000 0.188713 0.063932 0.246091
    49 5.131752 6.470467 0.000000 0.000000 0.000000 1.570796
    50 -18.165250 -8.534073 8.935962 -1.403768 -1.443818 -0.147685
    51 -0.280860 -13.472143 -3.813339 0.187422 -0.000086 -0.028347
    52 -17.429821 -9.355678 -9.915888 1.497122 -1.420332 -2.998350
    53 1.725232 -12.405115 -3.280624 0.260189 -0.007273 0.087560
    54 -20.385197 9.933641 -9.947371 1.497111 -1.420333 -2.998337
    55 2.051581 -16.235904 -2.249843 0.260208 -0.007255 0.087544
    56 -16.448785 11.611340 -5.859749 -1.346982 -1.521032 -0.153187
    57 3.979926 -9.269882 -0.567375 0.000000 0.000000 0.000000
    58 0.885534 -17.554847 2.545800 -0.157749 -0.002108 0.043612
    59 -19.961323 10.884345 9.518618 -1.403678 -1.443850 -0.147838
    60 -0.381754 -15.961615 -2.445794 0.187455 -0.000065 -0.028354
    61 2.828451 -0.071583 49.705528 0.000000 0.000000 -3.141591
    62 0.623697 0.000000 0.000000 -0.000086 -1.570451 -1.570709
    63 5.131855 -0.003106 0.000007 -0.000004 -0.000001 0.034787
    64 3.906619 -0.003290 0.000000 0.000000 0.000000 0.046513
    65 4.136856 -0.008541 0.000000 0.000000 0.000000 0.069769
    66 10.751477 -0.002665 0.000000 0.000000 0.000000 0.030000
    67 -3.078401 -1.591902 -2.889401 0.017994 1.370765 3.128431
    68 6.038855 0.000001 -0.000012 0.184657 -0.830690 -0.408307
    69 17.594568 -0.000002 0.000013 0.000000 0.000000 -0.210123
    70 17.982992 0.000000 -0.000002 2.379876 -0.004797 0.044742
    71 -2.265170 22.688514 1.660512 0.831797 0.769882 4.056736
    72 3.353216 0.000000 0.000000 0.440862 -0.014451 -0.157932
  time 69
    0 0.515880 4.444180 48.529711 0.024413 -0.147243 -2.360290
    1 0.623699 0.000000 0.000003 0.000000 -1.570460 -1.570704
    2 5.131858 -0.003107 0.000009 -0.000004 -0.000001 0.034787
    3 3.906668 -0.003288 0.000000 0.000148 -0.003691 0.030142
    4 4.137684 -0.008414 -0.000663 0.078226 -0.008653 0.109256
    5 10.751468 -0.002664 0.000000 -0.000467 0.005010 -0.012282
    6 3.346881 -0.002666 0.000000 0.000000 0.000000 0.030000
    7 -3.023690 -1.720828 2.877676 0.989073 -1.196057 2.195787
    8 6.038856 0.000000 -0.000001 0.387192 0.855782 -0.683810
    9 17.594566 -0.000004 0.000002 0.000000 0.000000 -0.396391
    10 17.982992 0.000000 -0.000006 -1.665267 -0.314815 0.032263
    11 2.813692 0.799020 -0.493428 2.411840 0.529196 1.109475
    12 2.065373 0.000001 -0.000001 0.000000 0.000000 0.649361
    13 2.094713 -0.000003 -0.000001 0.000000 0.000000 1.092984
    14 7.522001 -0.014966 -1.158110 -0.027860 -0.069734 0.911619
    15 3.200830 0.000001 0.000003 0.000000 0.000000 1.665586
    16 2.731238 0.000000 -0.000001 0.000000 0.000000 1.605716
    17 7.599252 -0.144514 0.591978 -0.045786 -0.060676 0.993546
    18 3.840996 -0.000001 0.000000 0.000000 0.000000 1.756866
    19 3.277485 0.000001 -0.000001 0.000000 0.000000 1.937328
    20 7.447638 -0.525788 2.367265 -0.140593 -0.120304 1.040144
    21 1.595202 -0.000001 -0.000001 0.000000 0.000000 0.255799
    22 1.772448 -0.000002 0.000002 0.000000 0.000000 1.067978
    23 2.053078 1.133877 -2.827966 -0.588950 -0.379171 3.344775
    24 -2.996349 -1.712999 -2.905027 0.016268 1.375784 3.168970
    25 6.038852 0.000004 -0.000008 -1.075888 -0.726791 -0.436744
    26 17.594563 0.000003 -0.000002 0.000000 0.000000 -0.328130
    27 17.982986 -0.000004 0.000005 2.938004 0.650230 -0.394444
    28 2.813690 0.799022 0.493427 -2.853948 0.431148 1.731425
    29 2.065372 -0.000003 0.000001 0.000000 0.000000 0.912325
    30 2.094710 -0.000001 -0.000001 0.000000 0.000000 0.685125
    31 7.521998 -0.014968 1.158108 -0.175699 -0.043345 1.404057
    32 3.200824 0.000000 0.000003 0.000000 0.000000 1.350746
    33 2.731232 0.000000 -0.000003 0.000000 0.000000 0.924163
    34 7.599246 -0.144515 -0.591977 -0.160049 -0.087250 1.261686
    35 3.840997 0.000002 -0.000002 0.000000 0.000000 1.649531
    36 3.277479 0.000002 0.000001 0.000000 0.000000 1.255776
    37 7.447637 -0.525794 -2.367262 0.127913 0.133747 0.940063
    38 1.595204 0.000002 0.000001 0.000000 0.000000 0.756708
    39 1.772446 0.000000 0.000001 0.000000 0.000000 1.255814
    40 49.389511 35.067627 12.791978 -1.037544 0.423055 2.039819
    41 2.475312 0.465257 2.532361 -2.558621 0.195848 -3.108527
    42 -5.128644 0.181574 6.425846 2.982223 -0.113331 3.004001
    43 22.311974 -0.000001 0.000001 0.000000 0.000000 -0.398013
    44 22.311966 0.000001 0.000001 -0.142893 -0.092666 0.128487
    45 5.131754 6.470465 0.000002 0.000000 0.000000 1.570796
    46 -5.128649 0.181606 -6.425846 -3.016386 0.121128 3.010236
    47 22.311972 -0.000001 0.000001 0.000000 0.000000 -0.500384
    48 22.311968 0.000001 0.000000 0.188361 0.062439 0.246040
    49 5.131752 6.470467 0.000000 0.000000 0.000000 1.570796
    50 -18.165250 -8.534073 8.935962 -1.403768 -1.443818 -0.147685
    51 -0.280860 -13.472143 -3.813339 0.187422 -0.000086 -0.028347
    52 -17.429821 -9.355678 -9.915888 1.497122 -1.420332 -2.998350
    53 1.729139 -12.405115 -3.280624 0.260189 -0.007273 0.087560
    54 -20.385197 9.933641 -9.943464 1.497111 -1.420333 -2.998337
    55 2.051581 -16.235904 -2.249843 0.260208 -0.007255 0.087544
    56 -16.444878 11.611340 -5.855842 -1.346982 -1.521032 -0.153187
    57 3.979926 -9.269882 -0.567375 0.000000 0.000000 0.000000
    58 0.885534 -17.554847 2.545800 -0.157749 -0.002108 0.043612
    59 -19.961323 10.884345 9.522525 -1.403593 -1.443850 -0.147838
    60 -0.381754 -15.961615 -2.445794 0.187455 -0.000065 -0.028354
    61 2.828451 -0.071583 49.705528 0.000000 0.000000 -3.141591
    62 0.623697 0.000000 0.000000 -0.000086 -1.570451 -1.570709
    63 5.131855 -0.003106 0.000007 -0.000004 -0.000001 0.034787
    64 3.906619 -0.003290 0.000000 0.000000 0.000000 0.046513
    65 4.136856 -0.008541 0.000000 0.000000 0.000000 0.069769
    66 10.751477 -0.002665 0.000000 0.000000 0.000000 0.030000
    67 -3.078401 -1.591902 -2.889401 0.017994 1.370765 3.128431
    68 6.038855 0.000001 -0.000012 0.184657 -0.830690 -0.408307
    69 17.594568 -0.000002 0.000013 0.000000 0.000000 -0.210123
    70 17.982992 0.000000 -0.000002 2.379876 -0.004797 0.044742
    71 -2.155791 22.645544 1.723014 0.834534 0.780479 4.064882
    72 3.353216 0.000000 0.000000 0.440862 -0.016223 -0.171190
  time 70
    0 0.515880 4.526214 48.514086 0.024425 -0.151653 -2.360386
    1 0.623699 0.000000 0.000003 0.000000 -1.570460 -1.570704
    2 5.131858 -0.003107 0.000009 -0.000004 -0.000001 0.034787
    3 3.906668 -0.003288 0.000000 0.000148 -0.003284 0.033402
    4 4.137684 -0.008414 -0.000663 0.078117 -0.009480 0.119802
    5 10.751468 -0.002664 0.000000 -0.000443 0.004746 -0.010112
    6 3.346881 -0.002666 0.000000 0.000000 0.000000 0.030000
    7 -3.031503 -1.713015 2.881582 0.932080 -1.179973 2.255295
    8 6.038856 0.000000 -0.000001 0.401757 0.826881 -0.677361
    9 17.594566 -0.000004 0.000002 0.000000 0.000000 -0.391096
    10 17.982992 0.000000 -0.000006 -1.667808 -0.322210 0.025832
    11 2.813692 0.799020 -0.493428 2.411840 0.529196 1.109475
    12 2.065373 0.000001 -0.000001 0.000000 0.000000 0.649361
    13 2.094713 -0.000003 -0.000001 0.000000 0.000000 1.092984
    14 7.522001 -0.014966 -1.158110 -0.027860 -0.069746 0.911619
    15 3.200830 0.000001 0.000003 0.000000 0.000000 1.665586
    16 2.731238 0.000000 -0.000001 0.000000 0.000000 1.605716
    17 7.599252 -0.144514 0.591978 -0.045786 -0.060676 0.993546
    18 3.840996 -0.000001 0.000000 0.000000 0.000000 1.756866
    19 3.277485 0.000001 -0.000001 0.000000 0.000000 1.937328
    20 7.447638 -0.525788 2.367265 -0.140593 -0.120304 1.040144
    21 1.595202 -0.000001 -0.000001 0.000000 0.000000 0.255799
    22 1.772448 -0.000002 0.000002 0.000000 0.000000 1.067978
    23 2.053078 1.133877 -2.827966 -0.588950 -0.379171 3.344775
    24 -3.004162 -1.709093 -2.901120 0.016359 1.375527 3.166882
    25 6.038852 0.000004 -0.000008 -1.060184 -0.729860 -0.449459
    26 17.594563 0.000003 -0.000002 0.000000 0.000000 -0.310890
    27 17.982986 -0.000004 0.000005 2.931499 0.658916 -0.400209
    28 2.813690 0.799022 0.493427 -2.853948 0.431148 1.731425
    29 2.065372 -0.000003 0.000001 0.000000 0.000000 0.912325
    30 2.094710 -0.000001 -0.000001 0.000000 0.000000 0.685125
    31 7.521998 -0.014968 1.158108 -0.175699 -0.043345 1.404057
    32 3.200824 0.000000 0.000003 0.000000 0.000000 1.350746
    33 2.731232 0.000000 -0.000003 0.000000 0.000000 0.924163
    34 7.599246 -0.144515 -0.591977 -0.160049 -0.087250 1.261686
    35 3.840997 0.000002 -0.000002 0.000000 0.000000 1.649531
    36 3.277479 0.000002 0.000001 0.000000 0.000000 1.255776
    37 7.447637 -0.525794 -2.367262 0.127901 0.133747 0.940063
    38 1.595204 0.000002 0.000001 0.000000 0.000000 0.756708
    39 1.772446 0.000000 0.000001 0.000000 0.000000 1.255814
    40 49.389511 35.067627 12.791978 -1.037544 0.423055 2.039819
    41 2.475312 0.465257 2.532361 -2.558621 0.195848 -3.108527
    42 -5.128644 0.181574 6.425846 2.982176 -0.114694 3.007147
    43 22.311974 -0.000001 0.000001 0.000000 0.000000 -0.397762
    44 22.311966 0.000001 0.000001 -0.142413 -0.093772 0.126408
    45 5.131754 6.470465 0.000002 0.000000 0.000000 1.570796
    46 -5.128649 0.181606 -6.425846 -3.015954 0.120039 3.012252
    47 22.311972 -0.000001 0.000001 0.000000 0.000000 -0.502522
    48 22.311968 0.000001 0.000000 0.188053 0.060919 0.245964
    49 5.131752 6.470467 0.000000 0.000000 0.000000 1.570796
    50 -18.165250 -8.534073 8.935962 -1.403768 -1.443818 -0.147685
    51 -0.280860 -13.472143 -3.813339 0.187422 -0.000086 -0.028347
    52 -17.429821 -9.355678 -9.915888 1.497122 -1.420332 -2.998350
    53 1.729139 -12.405115 -3.280624 0.260189 -0.007273 0.087560
    54 -20.381291 9.933641 -9.943464 1.497111 -1.420333 -2.998337
    55 2.051581 -16.235904 -2.249843 0.260208 -0.007255 0.087544
    56 -16.444878 11.611340 -5.855842 -1.346982 -1.521032 -0.153103
    57 3.976019 -9.269882 -0.567375 0.000000 0.000000 0.000000
    58 0.885534 -17.554847 2.545800 -0.157749 -0.002108 0.043612
    59 -19.957416 10.884345 9.518618 -1.403593 -1.443850 -0.147838
    60 -0.381754 -15.961615 -2.445794 0.187455 -0.000065 -0.028354
    61 2.828451 -0.071583 49.705528 0.000000 0.000000 -3.141591
    62 0.623697 0.000000 0.000000 -0.000086 -1.570451 -1.570709
    63 5.131855 -0.003106 0.000007 -0.000004 -0.000001 0.034787
    64 3.906619 -0.003290 0.000000 0.000000 0.000000 0.046513
    65 4.136856 -0.008541 0.000000 0.000000 0.000000 0.069769
    66 10.751477 -0.002665 0.000000 0.000000 0.000000 0.030000
    67 -3.078401 -1.591902 -2.889401 0.017994 1.370765 3.128431
    68 6.038855 0.000001 -0.000012 0.184657 -0.830690 -0.408307
    69 17.594568 -0.000002 0.000013 0.000000 0.000000 -0.210123
    70 17.982992 0.000000 -0.000002 2.379876 -0.004797 0.044742
    71 -2.042507 22.606480 1.785516 0.837602 0.791118 4.073123
    72 3.353216 0.000000 0.000000 0.440862 -0.018024 -0.184163
  time 71
    0 0.515880 4.604341 48.502367 0.024437 -0.155991 -2.360482
    1 0.623699 0.000000 0.000003 0.000000 -1.570796 -1.570704
    2 5.131858 -0.003107 0.000009 -0.000004 -0.000001 0.034787
    3 3.906668 -0.003288 0.000000 0.000111 -0.002864 0.036578
    4 4.137684 -0.008414 -0.000663 0.078022 -0.010295 0.130106
    5 10.751468 -0.002664 0.000000 -0.000407 0.004470 -0.007907
    6 3.346881 -0.002666 0.000000 0.000000 0.000000 0.030000
    7 -3.031503 -1.705202 2.881582 0.874039 -1.160579 2.316144
    8 6.038856 0.000000 -0.000001 0.419941 0.794477 -0.668046
    9 17.594566 -0.000004 0.000002 0.000000 0.000000 -0.388612
    10 17.982992 0.000000 -0.000006 -1.670688 -0.328451 0.021413
    11 2.813692 0.799020 -0.493428 2.411840 0.529196 1.109475
    12 2.065373 0.000001 -0.000001 0.000000 0.000000 0.649361
    13 2.094713 -0.000003 -0.000001 0.000000 0.000000 1.092984
    14 7.522001 -0.014966 -1.158110 -0.027860 -0.069746 0.911619
    15 3.200830 0.000001 0.000003 0.000000 0.000000 1.665586
    16 2.731238 0.000000 -0.000001 0.000000 0.000000 1.605716
    17 7.599252 -0.144514 0.591978 -0.045774 -0.060676 0.993546
    18 3.840996 -0.000001 0.000000 0.000000 0.000000 1.756866
    19 3.277485 0.000001 -0.000001 0.000000 0.000000 1.937328
    20 7.447638 -0.525788 2.367265 -0.140593 -0.120304 1.040144
    21 1.595202 -0.000001 -0.000001 0.000000 0.000000 0.255799
    22 1.772448 -0.000002 0.000002 0.000000 0.000000 1.067978
    23 2.049172 1.133877 -2.827966 -0.588950 -0.379171 3.344775
    24 -3.008069 -1.701280 -2.901120 0.016450 1.375231 3.164753
    25 6.038852 0.000004 -0.000008 -1.043107 -0.732960 -0.461919
    26 17.594563 0.000003 -0.000002 0.000000 0.000000 -0.293386
    27 17.982986 -0.000004 0.000005 2.923509 0.666223 -0.407164
    28 2.813690 0.799022 0.493427 -2.853948 0.431148 1.731425
    29 2.065372 -0.000003 0.000001 0.000000 0.000000 0.912325
    30 2.094710 -0.000001 -0.000001 0.000000 0.000000 0.685125
    31 7.521998 -0.014968 1.158108 -0.175699 -0.043345 1.404057
    32 3.200824 0.000000 0.000003 0.000000 0.000000 1.350746
    33 2.731232 0.000000 -0.000003 0.000000 0.000000 0.924163
    34 7.599246 -0.144515 -0.591977 -0.160049 -0.087250 1.261686
    35 3.840997 0.000002 -0.000002 0.000000 0.000000 1.649531
    36 3.277479 0.000002 0.000001 0.000000 0.000000 1.255776
    37 7.447637 -0.525794 -2.367262 0.127913 0.133733 0.940063
    38 1.595204 0.000002 0.000001 0.000000 0.000000 0.756708
    39 1.772446 0.000000 0.000001 0.000000 0.000000 1.255814
    40 49.389511 35.067627 12.791978 -1.037544 0.423055 2.039819
    41 2.475312 0.465257 2.532361 -2.558621 0.195848 -3.108527
    42 -5.128644 0.181574 6.425846 2.982140 -0.116018 3.010293
    43 22.311974 -0.000001 0.000001 0.000000 0.000000 -0.397403
    44 22.311966 0.000001 0.000001 -0.141933 -0.094786 0.124588
    45 5.131754 6.470465 0.000002 0.000000 0.000000 1.570796
    46 -5.128649 0.181606 -6.425846 -3.015535 0.118937 3.014245
    47 22.311972 -0.000001 0.000001 0.000000 0.000000 -0.504628
    48 22.311968 0.000001 0.000000 0.187723 0.059385 0.245850
    49 5.131752 6.470467 0.000000 0.000000 0.000000 1.570796
    50 -18.161344 -8.534073 8.935962 -1.403768 -1.443818 -0.147685
    51 -0.280860 -13.472143 -3.813339 0.187422 -0.000086 -0.028347
    52 -17.429821 -9.355678 -9.915888 1.497122 -1.420332 -2.998350
    53 1.729139 -12.405115 -3.280624 0.260189 -0.007273 0.087560
    54 -20.381291 9.933641 -9.947371 1.497111 -1.420333 -2.998337
    55 2.051581 -16.239810 -2.249843 0.260208 -0.007255 0.087544
    56 -16.444878 11.611340 -5.859749 -1.346982 -1.521032 -0.153018
    57 3.976019 -9.269882 -0.563468 0.000000 0.000000 0.000000
    58 0.885534 -17.554847 2.545800 -0.157749 -0.002108 0.043612
    59 -19.957416 10.884345 9.518618 -1.403593 -1.443850 -0.147838
    60 -0.381754 -15.965522 -2.445794 0.187455 -0.000065 -0.028354
    61 2.828451 -0.071583 49.705528 0.000000 0.000000 -3.141591
    62 0.623697 0.000000 0.000000 -0.000086 -1.570451 -1.570709
    63 5.131855 -0.003106 0.000007 -0.000004 -0.000001 0.034787
    64 3.906619 -0.003290 0.000000 0.000000 0.000000 0.046513
    65 4.136856 -0.008541 0.000000 0.000000 0.000000 0.069769
    66 10.751477 -0.002665 0.000000 0.000000 0.000000 0.030000
    67 -3.078401 -1.591902 -2.889401 0.017994 1.370765 3.128431
    68 6.038855 0.000001 -0.000012 0.184657 -0.830690 -0.408307
    69 17.594568 -0.000002 0.000013 0.000000 0.000000 -0.210123
    70 17.982992 0.000000 -0.000002 2.379876 -0.004797 0.044742
    71 -1.929222 22.563510 1.855830 0.841168 0.801798 4.081173
    72 3.353216 0.000000 0.000000 0.440862 -0.019839 -0.196786
  time 72
    0 0.515880 4.686375 48.494554 0.024461 -0.160210 -2.360578
    1 0.623699 0.000000 0.000003 0.000000 -1.570460 -1.570704
    2 5.131858 -0.003107 0.000009 -0.000004 -0.000001 0.034787
    3 3.906668 -0.003288 0.000000 0.000074 -0.002481 0.039694
    4 4.137684 -0.008414 -0.000663 0.077927 -0.011074 0.140103
    5 10.751468 -0.002664 0.000000 -0.000384 0.004219 -0.005678
    6 3.346881 -0.002666 0.000000 0.000000 0.000000 0.030000
    7 -3.039316 -1.701296 2.881582 0.818190 -1.138373 2.375269
    8 6.038856 0.000000 -0.000001 0.440165 0.759547 -0.657209
    9 17.594566 -0.000004 0.000002 0.000000 0.000000 -0.388519
    10 17.982992 0.000000 -0.000006 -1.673772 -0.333171 0.018761
    11 2.813692 0.799020 -0.493428 2.411840 0.529196 1.109475
    12 2.065373 0.000001 -0.000001 0.000000 0.000000 0.649361
    13 2.094713 -0.000003 -0.000001 0.000000 0.000000 1.092984
    14 7.522001 -0.014966 -1.158110 -0.027860 -0.069734 0.911619
    15 3.200830 0.000001 0.000003 0.000000 0.000000 1.665586
    16 2.731238 0.000000 -0.000001 0.000000 0.000000 1.605716
    17 7.599252 -0.144514 0.591978 -0.045774 -0.060676 0.993546
    18 3.840996 -0.000001 0.000000 0.000000 0.000000 1.756866
    19 3.277485 0.000001 -0.000001 0.000000 0.000000 1.937328
    20 7.447638 -0.525788 2.367265 -0.140593 -0.120304 1.040144
    21 1.595202 -0.000001 -0.000001 0.000000 0.000000 0.255799
    22 1.772448 -0.000002 0.000002 0.000000 0.000000 1.067978
    23 2.053078 1.133877 -2.827966 -0.588950 -0.379171 3.344775
    24 -3.008069 -1.697374 -2.901120 0.016495 1.374974 3.162582
    25 6.038852 0.000004 -0.000008 -1.024597 -0.735902 -0.473828
    26 17.594563 0.000003 -0.000002 0.000000 0.000000 -0.276476
    27 17.982986 -0.000004 0.000005 2.913770 0.671516 -0.415310
    28 2.813690 0.799022 0.493427 -2.853948 0.431148 1.731425
    29 2.065372 -0.000003 0.000001 0.000000 0.000000 0.912325
    30 2.094710 -0.000001 -0.000001 0.000000 0.000000 0.685149
    31 7.521998 -0.014968 1.158108 -0.175699 -0.043345 1.404057
    32 3.200824 0.000000 0.000003 0.000000 0.000000 1.350746
    33 2.731232 0.000000 -0.000003 0.000000 0.000000 0.924163
    34 7.599246 -0.144515 -0.591977 -0.160049 -0.087250 1.261686
    35 3.840997 0.000002 -0.000002 0.000000 0.000000 1.649531
    36 3.277479 0.000002 0.000001 0.000000 0.000000 1.255776
    37 7.447637 -0.525794 -2.367262 0.127889 0.133747 0.940063
    38 1.595204 0.000002 0.000001 0.000000 0.000000 0.756708
    39 1.772446 0.000000 0.000001 0.000000 0.000000 1.255814
    40 49.389511 35.067627 12.791978 -1.037544 0.423055 2.039819
    41 2.475312 0.465257 2.532361 -2.558621 0.195848 -3.108527
    42 -5.128644 0.181574 6.425846 2.982104 -0.117342 3.013359
    43 22.311974 -0.000001 0.000001 0.000000 0.000000 -0.397045
    44 22.311966 0.000001 0.000001 -0.141477 -0.095837 0.122795
    45 5.131754 6.470465 0.000002 0.000000 0.000000 1.570796
    46 -5.128649 0.181606 -6.425846 -3.015115 0.117823 3.016168
    47 22.311972 -0.000001 0.000001 0.000000 0.000000 -0.506635
    48 22.311968 0.000001 0.000000 0.187415 0.057878 0.245710
    49 5.131752 6.470467 0.000000 0.000000 0.000000 1.570796
    50 -18.165250 -8.534073 8.935962 -1.403768 -1.443818 -0.147685
    51 -0.280860 -13.472143 -3.813339 0.187422 -0.000086 -0.028347
    52 -17.429821 -9.355678 -9.915888 1.497122 -1.420332 -2.998350
    53 1.729139 -12.405115 -3.280624 0.260189 -0.007273 0.087560
    54 -20.385197 9.933641 -9.947371 1.497111 -1.420333 -2.998337
    55 2.051581 -16.235904 -2.249843 0.260208 -0.007255 0.087544
    56 -16.444878 11.611340 -5.859749 -1.346982 -1.521032 -0.153187
    57 3.976019 -9.269882 -0.563468 0.000000 0.000000 0.000000
    58 0.885534 -17.554847 2.545800 -0.157749 -0.002108 0.043612
    59 -19.961323 10.884345 9.518618 -1.403593 -1.443850 -0.147838
    60 -0.381754 -15.961615 -2.445794 0.187455 -0.000065 -0.028354
    61 2.828451 -0.071583 49.705528 0.000000 0.000000 -3.141591
    62 0.623697 0.000000 0.000000 -0.000086 -1.570451 -1.570709
    63 5.131855 -0.003106 0.000007 -0.000004 -0.000001 0.034787
    64 3.906619 -0.003290 0.000000 0.000000 0.000000 0.046513
    65 4.136856 -0.008541 0.000000 0.000000 0.000000 0.069769
    66 10.751477 -0.002665 0.000000 0.000000 0.000000 0.030000
    67 -3.078401 -1.591902 -2.889401 0.017994 1.370765 3.128431
    68 6.038855 0.000001 -0.000012 0.184657 -0.830690 -0.408307
    69 17.594568 -0.000002 0.000013 0.000000 0.000000 -0.210123
    70 17.982992 0.000000 -0.000002 2.379876 -0.004797 0.044742
    71 -1.815937 22.520540 1.922239 0.844153 0.811361 4.088073
    72 3.353216 0.000000 0.000000 0.440813 -0.021684 -0.208973
  time 73
    0 0.515880 4.772315 48.482835 0.024473 -0.164285 -2.360674
    1 0.623699 0.000000 0.000003 0.000000 -1.570460 -1.570704
    2 5.131858 -0.003107 0.000009 -0.000004 -0.000001 0.034787
    3 3.906668 -0.003288 0.000000 0.000055 -0.002085 0.042690
    4 4.137684 -0.008414 -0.000663 0.077818 -0.011817 0.149712
    5 10.751468 -0.002664 0.000000 -0.000360 0.003955 -0.003413
    6 3.346881 -0.002666 0.000000 0.000000 0.000000 0.030000
    7 -3.039316 -1.693483 2.881582 0.766630 -1.114106 2.430177
    8 6.038856 0.000000 -0.000001 0.461132 0.723070 -0.646192
    9 17.594566 -0.000004 0.000002 0.000000 0.000000 -0.390065
    10 17.982992 0.000000 -0.000006 -1.676957 -0.335976 0.017656
    11 2.813692 0.799020 -0.493428 2.411840 0.529196 1.109475
    12 2.065373 0.000001 -0.000001 0.000000 0.000000 0.649361
    13 2.094713 -0.000003 -0.000001 0.000000 0.000000 1.092984
    14 7.522001 -0.014966 -1.158110 -0.027860 -0.069734 0.911619
    15 3.200830 0.000001 0.000003 0.000000 0.000000 1.665586
    16 2.731238 0.000000 -0.000001 0.000000 0.000000 1.605716
    17 7.599252 -0.144514 0.591978 -0.045774 -0.060676 0.993546
    18 3.840996 -0.000001 0.000000 0.000000 0.000000 1.756866
    19 3.277485 0.000001 -0.000001 0.000000 0.000000 1.937328
    20 7.447638 -0.525788 2.367265 -0.140593 -0.120304 1.040144
    21 1.595202 -0.000001 -0.000001 0.000000 0.000000 0.255799
    22 1.772448 -0.000002 0.000002 0.000000 0.000000 1.067978
    23 2.053078 1.133877 -2.827966 -0.588950 -0.379171 3.344775
    24 -3.015881 -1.685655 -2.901120 0.016586 1.374717 3.160411
    25 6.038852 0.000004 -0.000008 -1.004415 -0.738180 -0.484762
    26 17.594563 0.000003 -0.000002 0.000000 0.000000 -0.261150
    27 17.982986 -0.000004 0.000005 2.901976 0.674014 -0.424552
    28 2.813690 0.799022 0.493427 -2.853948 0.431148 1.731425
    29 2.065372 -0.000003 0.000001 0.000000 0.000000 0.912325
    30 2.094710 -0.000001 -0.000001 0.000000 0.000000 0.685149
    31 7.521998 -0.014968 1.158108 -0.175699 -0.043345 1.404057
    32 3.200824 0.000000 0.000003 0.000000 0.000000 1.350746
    33 2.731232 0.000000 -0.000003 0.000000 0.000000 0.924163
    34 7.599246 -0.144515 -0.591977 -0.160049 -0.087250 1.261686
    35 3.840997 0.000002 -0.000002 0.000000 0.000000 1.649531
    36 3.277479 0.000002 0.000001 0.000000 0.000000 1.255776
    37 7.447637 -0.525794 -2.367262 0.127913 0.133747 0.940063
    38 1.595204 0.000002 0.000001 0.000000 0.000000 0.756708
    39 1.772446 0.000000 0.000001 0.000000 0.000000 1.255814
    40 49.389511 35.067627 12.791978 -1.037544 0.423055 2.039819
    41 2.475312 0.465257 2.532361 -2.558621 0.195848 -3.108527
    42 -5.128644 0.181574 6.425846 2.982092 -0.118667 3.016319
    43 22.311974 -0.000001 0.000001 0.000000 0.000000 -0.396506
    44 22.311966 0.000001 0.000001 -0.141021 -0.096851 0.121002
    45 5.131754 6.470465 0.000002 0.000000 0.000000 1.570796
    46 -5.128649 0.181606 -6.425846 -3.014696 0.116734 3.017997
    47 22.311972 -0.000001 0.000001 0.000000 0.000000 -0.508510
    48 22.311968 0.000001 0.000000 0.187084 0.056371 0.245532
    49 5.131752 6.470467 0.000000 0.000000 0.000000 1.570796
    50 -18.165250 -8.534073 8.935962 -1.403768 -1.443818 -0.147685
    51 -0.280860 -13.472143 -3.813339 0.187422 -0.000086 -0.028347
    52 -17.429821 -9.355678 -9.915888 1.497122 -1.420332 -2.998350
    53 1.729139 -12.405115 -3.280624 0.260189 -0.007273 0.087560
    54 -20.385197 9.933641 -9.943464 1.497111 -1.420333 -2.998337
    55 2.051581 -16.235904 -2.249843 0.260208 -0.007255 0.087544
    56 -16.448785 11.611340 -5.855842 -1.346982 -1.521032 -0.153187
    57 3.976019 -9.269882 -0.567375 0.000000 0.000000 0.000000
    58 0.885534 -17.554847 2.545800 -0.157749 -0.002108 0.043612
    59 -19.961323 10.884345 9.518618 -1.403593 -1.443850 -0.147838
    60 -0.381754 -15.961615 -2.445794 0.187455 -0.000065 -0.028354
    61 2.828451 -0.071583 49.705528 0.000000 0.000000 -3.141591
    62 0.623697 0.000000 0.000000 -0.000086 -1.570451 -1.570709
    63 5.131855 -0.003106 0.000007 -0.000004 -0.000001 0.034787
    64 3.906619 -0.003290 0.000000 0.000000 0.000000 0.046513
    65 4.136856 -0.008541 0.000000 0.000000 0.000000 0.069769
    66 10.751477 -0.002665 0.000000 0.000000 0.000000 0.030000
    67 -3.078401 -1.591902 -2.889401 0.017994 1.370765 3.128431
    68 6.038855 0.000001 -0.000012 0.184657 -0.830690 -0.408307
    69 17.594568 -0.000002 0.000013 0.000000 0.000000 -0.210123
    70 17.982992 0.000000 -0.000002 2.379876 -0.004797 0.044742
    71 -1.706559 22.477570 1.996460 0.847470 0.820096 4.094015
    72 3.353216 0.000000 0.000000 0.440764 -0.023528 -0.220614
  time 74
    0 0.515880 4.846536 48.475022 0.024485 -0.168180 -2.360770
    1 0.623699 0.000000 0.000003 0.000000 -1.570460 -1.570704
    2 5.131858 -0.003107 0.000009 -0.000004 -0.000001 0.034787
    3 3.906668 -0.003288 0.000000 0.000037 -0.001726 0.045566
    4 4.137684 -0.008414 -0.000663 0.077709 -0.012536 0.158853
    5 10.751468 -0.002664 0.000000 -0.000336 0.003667 -0.001148
    6 3.346881 -0.002666 0.000000 0.000000 0.000000 0.030000
    7 -3.039316 -1.685670 2.881582 0.720597 -1.088684 2.479527
    8 6.038856 0.000000 -0.000001 0.481541 0.686103 -0.635803
    9 17.594566 -0.000004 0.000002 0.000000 0.000000 -0.392877
    10 17.982992 0.000000 -0.000006 -1.680108 -0.336498 0.017988
    11 2.813692 0.799020 -0.493428 2.411840 0.529196 1.109475
    12 2.065373 0.000001 -0.000001 0.000000 0.000000 0.649361
    13 2.094713 -0.000003 -0.000001 0.000000 0.000000 1.092984
    14 7.522001 -0.014966 -1.158110 -0.027860 -0.069746 0.911619
    15 3.200830 0.000001 0.000003 0.000000 0.000000 1.665586
    16 2.731238 0.000000 -0.000001 0.000000 0.000000 1.605716
    17 7.599252 -0.144514 0.591978 -0.045774 -0.060676 0.993546
    18 3.840996 -0.000001 0.000000 0.000000 0.000000 1.756866
    19 3.277485 0.000001 -0.000001 0.000000 0.000000 1.937328
    20 7.447638 -0.525788 2.367265 -0.140593 -0.120304 1.040144
    21 1.595202 -0.000001 -0.000001 0.000000 0.000000 0.255799
    22 1.772448 -0.000002 0.000002 0.000000 0.000000 1.067978
    23 2.053078 1.133877 -2.827966 -0.588950 -0.379171 3.344775
    24 -3.019788 -1.681748 -2.897214 0.016632 1.374420 3.158198
    25 6.038852 0.000004 -0.000008 -0.982561 -0.739478 -0.494340
    26 17.594563 0.000003 -0.000002 0.000000 0.000000 -0.248645
    27 17.982986 -0.000004 0.000005 2.887881 0.673008 -0.434509
    28 2.813690 0.799022 0.493427 -2.853948 0.431148 1.731425
    29 2.065372 -0.000003 0.000001 0.000000 0.000000 0.912325
    30 2.094710 -0.000001 -0.000001 0.000000 0.000000 0.685149
    31 7.521998 -0.014968 1.158108 -0.175699 -0.043345 1.404057
    32 3.200824 0.000000 0.000003 0.000000 0.000000 1.350746
    33 2.731232 0.000000 -0.000003 0.000000 0.000000 0.924163
    34 7.599246 -0.144515 -0.591977 -0.160049 -0.087250 1.261686
    35 3.840997 0.000002 -0.000002 0.000000 0.000000 1.649531
    36 3.277479 0.000002 0.000001 0.000000 0.000000 1.255776
    37 7.447637 -0.525794 -2.367262 0.127889 0.133747 0.940063
    38 1.595204 0.000002 0.000001 0.000000 0.000000 0.756708
    39 1.772446 0.000000 0.000001 0.000000 0.000000 1.255814
    40 49.389511 35.067627 12.791978 -1.037544 0.423055 2.039819
    41 2.475312 0.461350 2.532361 -2.558621 0.195848 -3.108527
    42 -5.128644 0.181574 6.425846 2.982056 -0.119916 3.019174
    43 22.311974 -0.000001 0.000001 0.000000 0.000000 -0.395968
    44 22.311966 0.000001 0.000001 -0.140589 -0.097865 0.119209
    45 5.131754 6.470465 0.000002 0.000000 0.000000 1.570796
    46 -5.128649 0.181606 -6.425846 -3.014312 0.115658 3.019709
    47 22.311972 -0.000001 0.000001 0.000000 0.000000 -0.510320
    48 22.311968 0.000001 0.000000 0.186798 0.054920 0.245342
    49 5.131752 6.470467 0.000000 0.000000 0.000000 1.570796
    50 -18.161344 -8.534073 8.935962 -1.403768 -1.443818 -0.147685
    51 -0.280860 -13.472143 -3.813339 0.187422 -0.000086 -0.028347
    52 -17.429821 -9.359584 -9.915888 1.497122 -1.420332 -2.998350
    53 1.729139 -12.405115 -3.280624 0.260189 -0.007273 0.087560
    54 -20.381291 9.933641 -9.943464 1.497111 -1.420333 -2.998337
    55 2.051581 -16.235904 -2.249843 0.260208 -0.007255 0.087544
    56 -16.444878 11.611340 -5.859749 -1.346982 -1.521032 -0.153187
    57 3.976019 -9.269882 -0.567375 0.000000 0.000000 0.000000
    58 0.885534 -17.550941 2.545800 -0.157749 -0.002108 0.043612
    59 -19.957416 10.884345 9.518618 -1.403593 -1.443850 -0.147838
    60 -0.381754 -15.961615 -2.445794 0.187455 -0.000065 -0.028354
    61 2.828451 -0.071583 49.705528 0.000000 0.000000 -3.141591
    62 0.623697 0.000000 0.000000 -0.000086 -1.570451 -1.570709
    63 5.131855 -0.003106 0.000007 -0.000004 -0.000001 0.034787
    64 3.906619 -0.003290 0.000000 0.000000 0.000000 0.046513
    65 4.136856 -0.008541 0.000000 0.000000 0.000000 0.069769
    66 10.751477 -0.002665 0.000000 0.000000 0.000000 0.030000
    67 -3.078401 -1.591902 -2.889401 0.017994 1.370765 3.128431
    68 6.038855 0.000001 -0.000012 0.184657 -0.830690 -0.408307
    69 17.594568 -0.000002 0.000013 0.000000 0.000000 -0.210123
    70 17.982992 0.000000 -0.000002 2.379876 -0.004797 0.044742
    71 -1.608900 22.434600 2.062868 0.850622 0.827506 4.098327
    72 3.353216 0.000000 0.000000 0.440666 -0.025358 -0.231731
  time 75
    0 0.515880 4.920757 48.463303 0.024497 -0.171847 -2.360866
    1 0.623699 0.000000 0.000003 0.000000 -1.570460 -1.570704
    2 5.131858 -0.003107 0.000009 -0.000004 -0.000001 0.034787
    3 3.906668 -0.003288 0.000000 0.000037 -0.001366 0.048287
    4 4.137684 -0.008414 -0.000663 0.077587 -0.013195 0.167461
    5 10.751468 -0.002664 0.000000 -0.000300 0.003404 0.001165
    6 3.346881 -0.002666 0.000000 0.000000 0.000000 0.030000
    7 -3.043222 -1.677858 2.885489 0.680759 -1.063199 2.522649
    8 6.038856 0.000000 -0.000001 0.500838 0.649646 -0.626488
    9 17.594566 -0.000004 0.000002 0.000000 0.000000 -0.396672
    10 17.982992 0.000000 -0.000006 -1.683191 -0.334388 0.019734
    11 2.813692 0.799020 -0.493428 2.411840 0.529196 1.109475
    12 2.065373 0.000001 -0.000001 0.000000 0.000000 0.649361
    13 2.094713 -0.000003 -0.000001 0.000000 0.000000 1.092984
    14 7.522001 -0.014966 -1.158110 -0.027860 -0.069746 0.911619
    15 3.200830 0.000001 0.000003 0.000000 0.000000 1.665586
    16 2.731238 0.000000 -0.000001 0.000000 0.000000 1.605716
    17 7.599252 -0.144514 0.591978 -0.045774 -0.060676 0.993546
    18 3.840996 -0.000001 0.000000 0.000000 0.000000 1.756866
    19 3.277485 0.000001 -0.000001 0.000000 0.000000 1.937328
    20 7.447638 -0.525788 2.367265 -0.140593 -0.120304 1.040144
    21 1.595202 -0.000001 -0.000001 0.000000 0.000000 0.255799
    22 1.772448 -0.000002 0.000002 0.000000 0.000000 1.067978
    23 2.053078 1.133877 -2.827966 -0.588950 -0.379171 3.344775
    24 -3.027600 -1.677842 -2.897214 0.016768 1.374144 3.155944
    25 6.038852 0.000004 -0.000008 -0.959035 -0.739224 -0.501757
    26 17.594563 0.000003 -0.000002 0.000000 0.000000 -0.240396
    27 17.982986 -0.000004 0.000005 2.871275 0.667751 -0.444799
    28 2.813690 0.799022 0.493427 -2.853948 0.431148 1.731425
    29 2.065372 -0.000003 0.000001 0.000000 0.000000 0.912325
    30 2.094710 -0.000001 -0.000001 0.000000 0.000000 0.685149
    31 7.521998 -0.014968 1.158108 -0.175699 -0.043345 1.404057
    32 3.200824 0.000000 0.000003 0.000000 0.000000 1.350746
    33 2.731232 0.000000 -0.000003 0.000000 0.000000 0.924163
    34 7.599246 -0.144515 -0.591977 -0.160049 -0.087250 1.261686
    35 3.840997 0.000002 -0.000002 0.000000 0.000000 1.649531
    36 3.277479 0.000002 0.000001 0.000000 0.000000 1.255776
    37 7.447637 -0.525794 -2.367262 0.127901 0.133747 0.940063
    38 1.595204 0.000002 0.000001 0.000000 0.000000 0.756708
    39 1.772446 0.000000 0.000001 0.000000 0.000000 1.255814
    40 49.389511 35.067627 12.791978 -1.037544 0.423055 2.039819
    41 2.475312 0.465257 2.532361 -2.558621 0.195848 -3.108527
    42 -5.128644 0.181574 6.425846 2.982056 -0.121126 3.021883
    43 22.311974 -0.000001 0.000001 0.000000 0.000000 -0.395394
    44 22.311966 0.000001 0.000001 -0.140181 -0.098805 0.117416
    45 5.131754 6.470465 0.000002 0.000000 0.000000 1.570796
    46 -5.128649 0.181606 -6.425846 -3.013917 0.114594 3.021350
    47 22.311972 -0.000001 0.000001 0.000000 0.000000 -0.512030
    48 22.311968 0.000001 0.000000 0.186578 0.053481 0.245113
    49 5.131752 6.470467 0.000000 0.000000 0.000000 1.570796
    50 -18.161344 -8.534073 8.935962 -1.403768 -1.443818 -0.147685
    51 -0.280860 -13.472143 -3.813339 0.187422 -0.000086 -0.028347
    52 -17.429821 -9.355678 -9.915888 1.497122 -1.420332 -2.998350
    53 1.729139 -12.405115 -3.280624 0.260189 -0.007273 0.087560
    54 -20.381291 9.933641 -9.947371 1.497111 -1.420333 -2.998337
    55 2.051581 -16.235904 -2.249843 0.260208 -0.007255 0.087544
    56 -16.444878 11.611340 -5.859749 -1.346982 -1.521032 -0.153187
    57 3.979926 -9.269882 -0.567375 0.000000 0.000000 0.000000
    58 0.885534 -17.554847 2.545800 -0.157749 -0.002108 0.043612
    59 -19.957416 10.884345 9.522525 -1.403593 -1.443850 -0.147838
    60 -0.381754 -15.961615 -2.445794 0.187455 -0.000065 -0.028354
    61 2.828451 -0.071583 49.705528 0.000000 0.000000 -3.141591
    62 0.623697 0.000000 0.000000 -0.000086 -1.570451 -1.570709
    63 5.131855 -0.003106 0.000007 -0.000004 -0.000001 0.034787
    64 3.906619 -0.003290 0.000000 0.000000 0.000000 0.046513
    65 4.136856 -0.008541 0.000000 0.000000 0.000000 0.069769
    66 10.751477 -0.002665 0.000000 0.000000 0.000000 0.030000
    67 -3.078401 -1.591902 -2.889401 0.017994 1.370765 3.128431
    68 6.038855 0.000001 -0.000012 0.184657 -0.830690 -0.408307
    69 17.594568 -0.000002 0.000013 0.000000 0.000000 -0.210123
    70 17.982992 0.000000 -0.000002 2.379876 -0.004797 0.044742
    71 -1.522960 22.395536 2.133183 0.853358 0.833136 4.100435
    72 3.353216 0.000000 0.000000 0.440617 -0.027173 -0.242127
  time 76
    0 0.515880 4.994978 48.455490 0.024508 -0.175311 -2.360962
    1 0.623699 0.000000 0.000003 0.000000 -1.570460 -1.570704
    2 5.131858 -0.003107 0.000009 -0.000004 -0.000001 0.034787
    3 3.906668 -0.003288 0.000000 0.000037 -0.001043 0.050839
    4 4.137684 -0.008414 -0.000663 0.077478 -0.013818 0.175455
    5 10.751468 -0.002664 0.000000 -0.000276 0.003116 0.003478
    6 3.346881 -0.002666 0.000000 0.000000 0.000000 0.030000
    7 -3.047128 -1.670045 2.885489 0.647307 -1.038714 2.558871
    8 6.038856 0.000000 -0.000001 0.518187 0.614798 -0.618606
    9 17.594566 -0.000004 0.000002 0.000000 0.000000 -0.401358
    10 17.982992 0.000000 -0.000006 -1.686004 -0.329278 0.022938
    11 2.813692 0.799020 -0.493428 2.411840 0.529196 1.109475
    12 2.065373 0.000001 -0.000001 0.000000 0.000000 0.649361
    13 2.094713 -0.000003 -0.000001 0.000000 0.000000 1.092984
    14 7.522001 -0.014966 -1.158110 -0.027860 -0.069746 0.911619
    15 3.200830 0.000001 0.000003 0.000000 0.000000 1.665586
    16 2.731238 0.000000 -0.000001 0.000000 0.000000 1.605716
    17 7.599252 -0.144514 0.591978 -0.045786 -0.060676 0.993546
    18 3.840996 -0.000001 0.000000 0.000000 0.000000 1.756866
    19 3.277485 0.000001 -0.000001 0.000000 0.000000 1.937328
    20 7.447638 -0.525788 2.367265 -0.140593 -0.120304 1.040144
    21 1.595202 -0.000001 -0.000001 0.000000 0.000000 0.255799
    22 1.772448 -0.000002 0.000002 0.000000 0.000000 1.067978
    23 2.053078 1.133877 -2.827966 -0.588950 -0.379171 3.344775
    24 -3.027600 -1.670029 -2.897214 0.016813 1.373867 3.153731
    25 6.038852 0.000004 -0.000008 -0.933897 -0.737041 -0.506334
    26 17.594563 0.000003 -0.000002 0.000000 0.000000 -0.237839
    27 17.982986 -0.000004 0.000005 2.852081 0.657462 -0.454708
    28 2.813690 0.799022 0.493427 -2.853948 0.431148 1.731425
    29 2.065372 -0.000003 0.000001 0.000000 0.000000 0.912325
    30 2.094710 -0.000001 -0.000001 0.000000 0.000000 0.685125
    31 7.521998 -0.014968 1.158108 -0.175699 -0.043345 1.404057
    32 3.200824 0.000000 0.000003 0.000000 0.000000 1.350746
    33 2.731232 0.000000 -0.000003 0.000000 0.000000 0.924163
    34 7.599246 -0.144515 -0.591977 -0.160049 -0.087250 1.261686
    35 3.840997 0.000002 -0.000002 0.000000 0.000000 1.649531
    36 3.277479 0.000002 0.000001 0.000000 0.000000 1.255776
    37 7.447637 -0.525794 -2.367262 0.127901 0.133747 0.940063
    38 1.595204 0.000002 0.000001 0.000000 0.000000 0.756708
    39 1.772446 0.000000 0.000001 0.000000 0.000000 1.255814
    40 49.389511 35.067627 12.791978 -1.037544 0.423055 2.039819
    41 2.475312 0.465257 2.532361 -2.558621 0.195848 -3.108527
    42 -5.128644 0.181574 6.425846 2.982044 -0.122281 3.024408
    43 22.311974 -0.000001 0.000001 0.000000 0.000000 -0.394784
    44 22.311966 0.000001 0.000001 -0.139773 -0.099764 0.115648
    45 5.131754 6.470465 0.000002 0.000000 0.000000 1.570796
    46 -5.128649 0.181606 -6.425846 -3.013557 0.113595 3.022804
    47 22.311972 -0.000001 0.000001 0.000000 0.000000 -0.513610
    48 22.311968 0.000001 0.000000 0.186314 0.052126 0.244872
    49 5.131752 6.470467 0.000000 0.000000 0.000000 1.570796
    50 -18.161344 -8.534073 8.935962 -1.403768 -1.443818 -0.147610
    51 -0.280860 -13.472143 -3.813339 0.187422 -0.000086 -0.028347
    52 -17.429821 -9.359584 -9.915888 1.497122 -1.420332 -2.998350
    53 1.729139 -12.405115 -3.280624 0.260189 -0.007273 0.087560
    54 -20.381291 9.933641 -9.943464 1.497111 -1.420333 -2.998349
    55 2.051581 -16.235904 -2.249843 0.260208 -0.007267 0.087544
    56 -16.444878 11.611340 -5.855842 -1.346982 -1.521032 -0.153103
    57 3.976019 -9.269882 -0.563468 0.000000 0.000000 0.000000
    58 0.885534 -17.554847 2.545800 -0.157749 -0.002108 0.043612
    59 -19.957416 10.884345 9.522525 -1.403593 -1.443850 -0.147838
    60 -0.381754 -15.961615 -2.445794 0.187455 -0.000065 -0.028354
    61 2.828451 -0.071583 49.705528 0.000000 0.000000 -3.141591
    62 0.623697 0.000000 0.000000 -0.000086 -1.570451 -1.570709
    63 5.131855 -0.003106 0.000007 -0.000004 -0.000001 0.034787
    64 3.906619 -0.003290 0.000000 0.000000 0.000000 0.046513
    65 4.136856 -0.008541 0.000000 0.000000 0.000000 0.069769
    66 10.751477 -0.002665 0.000000 0.000000 0.000000 0.030000
    67 -3.078401 -1.591902 -2.889401 0.017994 1.370765 3.128431
    68 6.038855 0.000001 -0.000012 0.184657 -0.830690 -0.408307
    69 17.594568 -0.000002 0.000013 0.000000 0.000000 -0.210123
    70 17.982992 0.000000 -0.000002 2.379876 -0.004797 0.044742
    71 -1.452645 22.360379 2.203497 0.855680 0.836613 4.100052
    72 3.353216 0.000000 0.000000 0.440519 -0.028960 -0.251737
  time 77
    0 0.515880 5.069199 48.451584 0.024520 -0.178475 -2.361057
    1 0.623699 0.000000 0.000003 0.000000 -1.570460 -1.570704
    2 5.131858 -0.003107 0.000009 -0.000004 -0.000001 0.034787
    3 3.906668 -0.003288 0.000000 0.000000 -0.000731 0.053224
    4 4.137684 -0.008414 -0.000663 0.077383 -0.014382 0.182755
    5 10.751468 -0.002664 0.000000 -0.000252 0.002840 0.005815
    6 3.346881 -0.002666 0.000000 0.000000 0.000000 0.030000
    7 -3.051035 -1.666139 2.881582 0.620145 -1.016321 2.588481
    8 6.038856 0.000000 -0.000001 0.532195 0.583473 -0.613859
    9 17.594566 -0.000004 0.000002 0.000000 0.000000 -0.404592
    10 17.982992 0.000000 -0.000006 -1.688342 -0.319034 0.027048
    11 2.813692 0.799020 -0.493428 2.411840 0.529196 1.109475
    12 2.065373 0.000001 -0.000001 0.000000 0.000000 0.649361
    13 2.094713 -0.000003 -0.000001 0.000000 0.000000 1.092984
    14 7.522001 -0.014966 -1.158110 -0.027860 -0.069746 0.911619
    15 3.200830 0.000001 0.000003 0.000000 0.000000 1.665586
    16 2.731238 0.000000 -0.000001 0.000000 0.000000 1.605716
    17 7.599252 -0.144514 0.591978 -0.045774 -0.060676 0.993546
    18 3.840996 -0.000001 0.000000 0.000000 0.000000 1.756866
    19 3.277485 0.000001 -0.000001 0.000000 0.000000 1.937328
    20 7.447638 -0.525788 2.367265 -0.140593 -0.120304 1.040144
    21 1.595202 -0.000001 -0.000001 0.000000 0.000000 0.255799
    22 1.772448 -0.000002 0.000002 0.000000 0.000000 1.067978
    23 2.049172 1.133877 -2.827966 -0.588950 -0.379196 3.344775
    24 -3.031507 -1.662216 -2.897214 0.016904 1.373591 3.151477
    25 6.038852 0.000004 -0.000008 -0.903623 -0.731884 -0.505444
    26 17.594563 0.000003 -0.000002 0.000000 0.000000 -0.244339
    27 17.982986 -0.000004 0.000005 2.825926 0.636810 -0.465331
    28 2.813690 0.799022 0.493427 -2.853948 0.431148 1.731425
    29 2.065372 -0.000003 0.000001 0.000000 0.000000 0.912325
    30 2.094710 -0.000001 -0.000001 0.000000 0.000000 0.685125
    31 7.521998 -0.014968 1.158108 -0.175699 -0.043345 1.404057
    32 3.200824 0.000000 0.000003 0.000000 0.000000 1.350746
    33 2.731232 0.000000 -0.000003 0.000000 0.000000 0.924163
    34 7.599246 -0.144515 -0.591977 -0.160049 -0.087250 1.261686
    35 3.840997 0.000002 -0.000002 0.000000 0.000000 1.649531
    36 3.277479 0.000002 0.000001 0.000000 0.000000 1.255776
    37 7.447637 -0.525794 -2.367262 0.127889 0.133747 0.940063
    38 1.595204 0.000002 0.000001 0.000000 0.000000 0.756708
    39 1.772446 0.000000 0.000001 0.000000 0.000000 1.255814
    40 49.389511 35.067627 12.791978 -1.037544 0.423055 2.039819
    41 2.475312 0.465257 2.532361 -2.558621 0.195848 -3.108527
    42 -5.128644 0.181574 6.425846 2.982020 -0.123378 3.026760
    43 22.311974 -0.000001 0.000001 0.000000 0.000000 -0.394066
    44 22.311966 0.000001 0.000001 -0.139414 -0.100612 0.113959
    45 5.131754 6.470465 0.000002 0.000000 0.000000 1.570796
    46 -5.128649 0.181606 -6.425846 -3.013198 0.112621 3.024140
    47 22.311972 -0.000001 0.000001 0.000000 0.000000 -0.515057
    48 22.311968 0.000001 0.000000 0.186116 0.050811 0.244618
    49 5.131752 6.470467 0.000000 0.000000 0.000000 1.570796
    50 -18.161344 -8.534073 8.935962 -1.403768 -1.443818 -0.147685
    51 -0.280860 -13.472143 -3.813339 0.187422 -0.000086 -0.028347
    52 -17.429821 -9.355678 -9.915888 1.497122 -1.420332 -2.998350
    53 1.729139 -12.405115 -3.280624 0.260189 -0.007273 0.087560
    54 -20.381291 9.933641 -9.947371 1.497111 -1.420333 -2.998337
    55 2.051581 -16.235904 -2.249843 0.260208 -0.007255 0.087544
    56 -16.444878 11.611340 -5.859749 -1.346982 -1.521032 -0.153187
    57 3.979926 -9.269882 -0.567375 0.000000 0.000000 0.000000
    58 0.885534 -17.554847 2.545800 -0.157749 -0.002108 0.043612
    59 -19.957416 10.884345 9.518618 -1.403593 -1.443850 -0.147838
    60 -0.381754 -15.961615 -2.445794 0.187455 -0.000065 -0.028354
    61 2.828451 -0.071583 49.705528 0.000000 0.000000 -3.141591
    62 0.623697 0.000000 0.000000 -0.000086 -1.570451 -1.570709
    63 5.131855 -0.003106 0.000007 -0.000004 -0.000001 0.034787
    64 3.906619 -0.003290 0.000000 0.000000 0.000000 0.046513
    65 4.136856 -0.008541 0.000000 0.000000 0.000000 0.069769
    66 10.751477 -0.002665 0.000000 0.000000 0.000000 0.030000
    67 -3.078401 -1.591902 -2.889401 0.017994 1.370765 3.128431
    68 6.038855 0.000001 -0.000012 0.184657 -0.830690 -0.408307
    69 17.594568 -0.000002 0.000013 0.000000 0.000000 -0.210123
    70 17.982992 0.000000 -0.000002 2.379876 -0.004797 0.044742
    71 -1.394049 22.317409 2.277718 0.857422 0.836861 4.094877
    72 3.353216 0.000000 0.000000 0.440396 -0.030718 -0.260473
  time 78
    0 0.515880 5.131701 48.443771 0.024532 -0.181351 -2.361105
    1 0.623699 0.000000 0.000003 0.000000 -1.570460 -1.570704
    2 5.131858 -0.003107 0.000009 -0.000004 -0.000001 0.034787
    3 3.906668 -0.003288 0.000000 0.000000 -0.000443 0.055406
    4 4.137684 -0.008414 -0.000663 0.077274 -0.014897 0.189296
    5 10.751468 -0.002664 0.000000 -0.000216 0.002577 0.008152
    6 3.346881 -0.002666 0.000000 0.000000 0.000000 0.030000
    7 -3.051035 -1.658326 2.885489 0.599082 -0.997270 2.611000
    8 6.038856 0.000000 -0.000001 0.541843 0.557892 -0.613680
    9 17.594566 -0.000004 0.000002 0.000000 0.000000 -0.403280
    10 17.982992 0.000000 -0.000006 -1.690002 -0.302984 0.030827
    11 2.813692 0.799020 -0.493428 2.411840 0.529196 1.109475
    12 2.065373 0.000001 -0.000001 0.000000 0.000000 0.649361
    13 2.094713 -0.000003 -0.000001 0.000000 0.000000 1.092984
    14 7.522001 -0.014966 -1.158110 -0.027860 -0.069734 0.911619
    15 3.200830 0.000001 0.000003 0.000000 0.000000 1.665586
    16 2.731238 0.000000 -0.000001 0.000000 0.000000 1.605716
    17 7.599252 -0.144514 0.591978 -0.045774 -0.060676 0.993546
    18 3.840996 -0.000001 0.000000 0.000000 0.000000 1.756866
    19 3.277485 0.000001 -0.000001 0.000000 0.000000 1.937328
    20 7.447638 -0.525788 2.367265 -0.140593 -0.120304 1.040144
    21 1.595202 -0.000001 -0.000001 0.000000 0.000000 0.255799
    22 1.772448 -0.000002 0.000002 0.000000 0.000000 1.067978
    23 2.053078 1.133877 -2.827966 -0.588950 -0.379171 3.344775
    24 -3.039320 -1.650497 -2.897214 0.016995 1.373334 3.149264
    25 6.038852 0.000004 -0.000008 -0.866006 -0.724196 -0.497900
    26 17.594563 0.000003 -0.000002 0.000000 0.000000 -0.259995
    27 17.982986 -0.000004 0.000005 2.791306 0.603072 -0.476622
    28 2.813690 0.799022 0.493427 -2.853948 0.431148 1.731425
    29 2.065372 -0.000003 0.000001 0.000000 0.000000 0.912325
    30 2.094710 -0.000001 -0.000001 0.000000 0.000000 0.685149
    31 7.521998 -0.014968 1.158108 -0.175699 -0.043345 1.404057
    32 3.200824 0.000000 0.000003 0.000000 0.000000 1.350746
    33 2.731232 0.000000 -0.000003 0.000000 0.000000 0.924163
    34 7.599246 -0.144515 -0.591977 -0.160049 -0.087250 1.261686
    35 3.840997 0.000002 -0.000002 0.000000 0.000000 1.649531
    36 3.277479 0.000002 0.000001 0.000000 0.000000 1.255776
    37 7.447637 -0.525794 -2.367262 0.127913 0.133747 0.940063
    38 1.595204 0.000002 0.000001 0.000000 0.000000 0.756708
    39 1.772446 0.000000 0.000001 0.000000 0.000000 1.255814
    40 49.389511 35.067627 12.791978 -1.037544 0.423055 2.039819
    41 2.475312 0.465257 2.532361 -2.558621 0.195848 -3.108527
    42 -5.128644 0.181574 6.425846 2.982044 -0.124400 3.028835
    43 22.311974 -0.000001 0.000001 0.000000 0.000000 -0.393420
    44 22.311966 0.000001 0.000001 -0.139078 -0.101460 0.112374
    45 5.131754 6.470465 0.000002 0.000000 0.000000 1.570796
    46 -5.128649 0.181606 -6.425846 -3.012886 0.111699 3.025336
    47 22.311972 -0.000001 0.000001 0.000000 0.000000 -0.516373
    48 22.311968 0.000001 0.000000 0.185918 0.049592 0.244364
    49 5.131752 6.470467 0.000000 0.000000 0.000000 1.570796
    50 -18.161344 -8.534073 8.935962 -1.403768 -1.443818 -0.147685
    51 -0.280860 -13.472143 -3.813339 0.187422 -0.000086 -0.028347
    52 -17.429821 -9.355678 -9.915888 1.497122 -1.420332 -2.998350
    53 1.725232 -12.405115 -3.280624 0.260189 -0.007273 0.087560
    54 -20.381291 9.933641 -9.947371 1.497111 -1.420333 -2.998349
    55 2.051581 -16.235904 -2.249843 0.260208 -0.007267 0.087544
    56 -16.444878 11.611340 -5.855842 -1.346982 -1.521032 -0.153187
    57 3.976019 -9.269882 -0.563468 0.000000 0.000000 0.000000
    58 0.885534 -17.554847 2.545800 -0.157749 -0.002108 0.043612
    59 -19.957416 10.884345 9.522525 -1.403593 -1.443850 -0.147751
    60 -0.381754 -15.961615 -2.441887 0.187455 -0.000065 -0.028354
    61 2.828451 -0.071583 49.705528 0.000000 0.000000 -3.141591
    62 0.623697 0.000000 0.000000 -0.000086 -1.570451 -1.570709
    63 5.131855 -0.003106 0.000007 -0.000004 -0.000001 0.034787
    64 3.906619 -0.003290 0.000000 0.000000 0.000000 0.046513
    65 4.136856 -0.008541 0.000000 0.000000 0.000000 0.069769
    66 10.751477 -0.002665 0.000000 0.000000 0.000000 0.030000
    67 -3.078401 -1.591902 -2.889401 0.017994 1.370765 3.128431
    68 6.038855 0.000001 -0.000012 0.184657 -0.830690 -0.408307
    69 17.594568 -0.000002 0.000013 0.000000 0.000000 -0.210123
    70 17.982992 0.000000 -0.000002 2.379876 -0.004797 0.044742
    71 -1.343267 22.262720 2.363658 0.858831 0.833508 4.084336
    72 3.349310 0.000000 0.000000 0.440249 -0.032418 -0.268270
  time 79
    0 0.515880 5.194203 48.439865 0.024544 -0.183892 -2.361201
    1 0.623699 0.000000 0.000003 0.000000 -1.570796 -1.570704
    2 5.131858 -0.003107 0.000009 -0.000004 -0.000001 0.034787
    3 3.906668 -0.003288 0.000000 0.000000 -0.000216 0.057335
    4 4.137684 -0.008414 -0.000663 0.077206 -0.015328 0.194981
    5 10.751468 -0.002664 0.000000 -0.000192 0.002289 0.010489
    6 3.346881 -0.002666 0.000000 0.000000 0.000000 0.030000
    7 -3.058848 -1.650513 2.885489 0.584119 -0.982529 2.626715
    8 6.038856 0.000000 -0.000001 0.546760 0.539439 -0.618159
    9 17.594566 -0.000004 0.000002 0.000000 0.000000 -0.396954
    10 17.982992 0.000000 -0.000006 -1.690917 -0.283041 0.033235
    11 2.813692 0.799020 -0.493428 2.411840 0.529196 1.109475
    12 2.065373 0.000001 -0.000001 0.000000 0.000000 0.649361
    13 2.094713 -0.000003 -0.000001 0.000000 0.000000 1.092984
    14 7.522001 -0.014966 -1.158110 -0.027860 -0.069734 0.911619
    15 3.200830 0.000001 0.000003 0.000000 0.000000 1.665586
    16 2.731238 0.000000 -0.000001 0.000000 0.000000 1.605716
    17 7.599252 -0.144514 0.591978 -0.045774 -0.060688 0.993546
    18 3.840996 -0.000001 0.000000 0.000000 0.000000 1.756866
    19 3.277485 0.000001 -0.000001 0.000000 0.000000 1.937328
    20 7.447638 -0.525788 2.367265 -0.140593 -0.120304 1.040144
    21 1.595202 -0.000001 -0.000001 0.000000 0.000000 0.255799
    22 1.772448 -0.000002 0.000002 0.000000 0.000000 1.067978
    23 2.053078 1.133877 -2.827966 -0.588950 -0.379171 3.344775
    24 -3.047132 -1.646591 -2.889401 0.017131 1.373037 3.147010
    25 6.038852 0.000004 -0.000008 -0.823373 -0.715970 -0.485525
    26 17.594563 0.000003 -0.000002 0.000000 0.000000 -0.281046
    27 17.982986 -0.000004 0.000005 2.752215 0.559531 -0.486722
    28 2.813690 0.799022 0.493427 -2.853948 0.431148 1.731425
    29 2.065372 -0.000003 0.000001 0.000000 0.000000 0.912325
    30 2.094710 -0.000001 -0.000001 0.000000 0.000000 0.685149
    31 7.521998 -0.014968 1.158108 -0.175699 -0.043345 1.404057
    32 3.200824 0.000000 0.000003 0.000000 0.000000 1.350746
    33 2.731232 0.000000 -0.000003 0.000000 0.000000 0.924163
    34 7.599246 -0.144515 -0.591977 -0.160049 -0.087250 1.261686
    35 3.840997 0.000002 -0.000002 0.000000 0.000000 1.649531
    36 3.277479 0.000002 0.000001 0.000000 0.000000 1.255776
    37 7.447637 -0.525794 -2.367262 0.127901 0.133747 0.940063
    38 1.595204 0.000002 0.000001 0.000000 0.000000 0.756708
    39 1.772446 0.000000 0.000001 0.000000 0.000000 1.255814
    40 49.389511 35.067627 12.791978 -1.037544 0.423055 2.039819
    41 2.475312 0.465257 2.532361 -2.558621 0.195848 -3.108527
    42 -5.128644 0.181574 6.425846 2.982044 -0.125346 3.030725
    43 22.311974 -0.000001 0.000001 0.000000 0.000000 -0.392738
    44 22.311966 0.000001 0.000001 -0.138766 -0.102179 0.111152
    45 5.131754 6.470465 0.000002 0.000000 0.000000 1.570796
    46 -5.128649 0.181606 -6.425846 -3.012574 0.110840 3.026274
    47 22.311972 -0.000001 0.000001 0.000000 0.000000 -0.517591
    48 22.311968 0.000001 0.000000 0.185742 0.048469 0.244110
    49 5.131752 6.470467 0.000000 0.000000 0.000000 1.570796
    50 -18.161344 -8.534073 8.935962 -1.403768 -1.443818 -0.147685
    51 -0.280860 -13.472143 -3.813339 0.187422 -0.000086 -0.028347
    52 -17.429821 -9.355678 -9.915888 1.497122 -1.420332 -2.998350
    53 1.729139 -12.405115 -3.280624 0.260189 -0.007273 0.087560
    54 -20.381291 9.933641 -9.943464 1.497111 -1.420333 -2.998337
    55 2.051581 -16.235904 -2.249843 0.260208 -0.007255 0.087544
    56 -16.448785 11.611340 -5.855842 -1.346982 -1.521032 -0.153187
    57 3.976019 -9.269882 -0.563468 0.000000 0.000000 0.000000
    58 0.885534 -17.554847 2.545800 -0.157749 -0.002108 0.043612
    59 -19.957416 10.884345 9.518618 -1.403593 -1.443850 -0.147838
    60 -0.381754 -15.961615 -2.445794 0.187455 -0.000065 -0.028354
    61 2.828451 -0.071583 49.705528 0.000000 0.000000 -3.141591
    62 0.623697 0.000000 0.000000 -0.000086 -1.570451 -1.570709
    63 5.131855 -0.003106 0.000007 -0.000004 -0.000001 0.034787
    64 3.906619 -0.003290 0.000000 0.000000 0.000000 0.046513
    65 4.136856 -0.008541 0.000000 0.000000 0.000000 0.069769
    66 10.751477 -0.002665 0.000000 0.000000 0.000000 0.030000
    67 -3.078401 -1.591902 -2.889401 0.017994 1.370765 3.128431
    68 6.038855 0.000001 -0.000012 0.184657 -0.830690 -0.408307
    69 17.594568 -0.000002 0.000013 0.000000 0.000000 -0.210123
    70 17.982992 0.000000 -0.000002 2.379876 -0.004797 0.044742
    71 -1.308109 22.200218 2.457411 0.860158 0.827837 4.069769
    72 3.353216 0.000000 0.000000 0.440102 -0.034046 -0.275018
  time 80
    0 0.515880 5.248892 48.432052 0.024556 -0.186073 -2.361249
    1 0.623699 0.000000 0.000003 0.000000 -1.570460 -1.570704
    2 5.131858 -0.003107 0.000009 -0.000004 -0.000001 0.034787
    3 3.906668 -0.003288 0.000000 0.000000 0.000000 0.059025
    4 4.137684 -0.008414 -0.000663 0.077111 -0.015712 0.199745
    5 10.751468 -0.002664 0.000000 -0.000156 0.001942 0.013425
    6 3.346881 -0.002666 0.000000 0.000000 0.000000 0.030000
    7 -3.058848 -1.642700 2.885489 0.575256 -0.973378 2.634573
    8 6.038856 0.000000 -0.000001 0.546389 0.529419 -0.627384
    9 17.594566 -0.000004 0.000002 0.000000 0.000000 -0.384629
    10 17.982992 0.000000 -0.000006 -1.691120 -0.261184 0.033279
    11 2.813692 0.799020 -0.493428 2.411840 0.529196 1.109475
    12 2.065373 0.000001 -0.000001 0.000000 0.000000 0.649361
    13 2.094713 -0.000003 -0.000001 0.000000 0.000000 1.092984
    14 7.522001 -0.014966 -1.158110 -0.027860 -0.069746 0.911619
    15 3.200830 0.000001 0.000003 0.000000 0.000000 1.665586
    16 2.731238 0.000000 -0.000001 0.000000 0.000000 1.605716
    17 7.599252 -0.144514 0.591978 -0.045774 -0.060676 0.993546
    18 3.840996 -0.000001 0.000000 0.000000 0.000000 1.756866
    19 3.277485 0.000001 -0.000001 0.000000 0.000000 1.937328
    20 7.447638 -0.525788 2.367265 -0.140593 -0.120304 1.040144
    21 1.595202 -0.000001 -0.000001 0.000000 0.000000 0.255799
    22 1.772448 -0.000002 0.000002 0.000000 0.000000 1.067978
    23 2.049172 1.133877 -2.827966 -0.588950 -0.379171 3.344775
    24 -3.047132 -1.634872 -2.889401 0.017267 1.372701 3.144212
    25 6.038852 0.000004 -0.000008 -0.778232 -0.708567 -0.470140
    26 17.594563 0.000003 -0.000002 0.000000 0.000000 -0.304258
    27 17.982986 -0.000004 0.000005 2.711983 0.509651 -0.494296
    28 2.813690 0.799022 0.493427 -2.853948 0.431148 1.731425
    29 2.065372 -0.000003 0.000001 0.000000 0.000000 0.912325
    30 2.094710 -0.000001 -0.000001 0.000000 0.000000 0.685125
    31 7.521998 -0.014968 1.158108 -0.175699 -0.043345 1.404057
    32 3.200824 0.000000 0.000003 0.000000 0.000000 1.350746
    33 2.731232 0.000000 -0.000003 0.000000 0.000000 0.924163
    34 7.599246 -0.144515 -0.591977 -0.160049 -0.087250 1.261686
    35 3.840997 0.000002 -0.000002 0.000000 0.000000 1.649531
    36 3.277479 0.000002 0.000001 0.000000 0.000000 1.255776
    37 7.447637 -0.525794 -2.367262 0.127913 0.133747 0.940063
    38 1.595204 0.000002 0.000001 0.000000 0.000000 0.756708
    39 1.772446 0.000000 0.000001 0.000000 0.000000 1.255814
    40 49.389511 35.067627 12.791978 -1.037544 0.423055 2.039819
    41 2.475312 0.461350 2.532361 -2.558621 0.195848 -3.108527
    42 -5.128644 0.181574 6.425846 2.982056 -0.126159 3.032311
    43 22.311974 -0.000001 0.000001 0.000000 0.000000 -0.392093
    44 22.311966 0.000001 0.000001 -0.138502 -0.102935 0.109411
    45 5.131754 6.470465 0.000002 0.000000 0.000000 1.570796
    46 -5.128649 0.181606 -6.425846 -3.012335 0.110059 3.027048
    47 22.311972 -0.000001 0.000001 0.000000 0.000000 -0.518610
    48 22.311968 0.000001 0.000000 0.185587 0.047428 0.243869
    49 5.131752 6.470467 0.000000 0.000000 0.000000 1.570796
    50 -18.161344 -8.534073 8.935962 -1.403768 -1.443818 -0.147685
    51 -0.280860 -13.472143 -3.813339 0.187422 -0.000086 -0.028347
    52 -17.429821 -9.355678 -9.915888 1.497122 -1.420332 -2.998350
    53 1.729139 -12.405115 -3.280624 0.260189 -0.007273 0.087560
    54 -20.381291 9.933641 -9.943464 1.497111 -1.420333 -2.998337
    55 2.051581 -16.235904 -2.249843 0.260208 -0.007255 0.087544
    56 -16.444878 11.611340 -5.855842 -1.346982 -1.521032 -0.153103
    57 3.976019 -9.269882 -0.567375 0.000000 0.000000 0.000000
    58 0.885534 -17.554847 2.545800 -0.157749 -0.002108 0.043612
    59 -19.957416 10.884345 9.518618 -1.403635 -1.443850 -0.147838
    60 -0.381754 -15.961615 -2.445794 0.187455 -0.000065 -0.028354
    61 2.828451 -0.071583 49.705528 0.000000 0.000000 -3.141591
    62 0.623697 0.000000 0.000000 -0.000086 -1.570451 -1.570709
    63 5.131855 -0.003106 0.000007 -0.000004 -0.000001 0.034787
    64 3.906619 -0.003290 0.000000 0.000000 0.000000 0.046513
    65 4.136856 -0.008541 0.000000 0.000000 0.000000 0.069769
    66 10.751477 -0.002665 0.000000 0.000000 0.000000 0.030000
    67 -3.078401 -1.591902 -2.889401 0.017994 1.370765 3.128431
    68 6.038855 0.000001 -0.000012 0.184657 -0.830690 -0.408307
    69 17.594568 -0.000002 0.000013 0.000000 0.000000 -0.210123
    70 17.982992 0.000000 -0.000002 2.379876 -0.004797 0.044742
    71 -1.276858 22.141622 2.551164 0.860987 0.819847 4.052711
    72 3.353216 0.000000 0.000000 0.439857 -0.036034 -0.280216
  time 81
    0 0.515880 5.299675 48.428146 0.024568 -0.187823 -2.361297
    1 0.623699 0.000000 0.000003 0.000000 -1.570460 -1.570704
    2 5.131858 -0.003107 0.000009 -0.000004 -0.000001 0.034787
    3 3.906668 -0.003288 0.000000 0.000000 0.000168 0.060403
    4 4.137684 -0.008414 -0.000663 0.077070 -0.015975 0.203411
    5 10.751468 -0.002664 0.000000 -0.000120 0.001498 0.017200
    6 3.346881 -0.002666 0.000000 0.000000 0.000000 0.030000
    7 -3.066660 -1.630981 2.885489 0.570776 -0.968537 2.636490
    8 6.038856 0.000000 -0.000001 0.542493 0.525793 -0.639386
    9 17.594566 -0.000004 0.000002 0.000000 0.000000 -0.368556
    10 17.982992 0.000000 -0.000006 -1.690680 -0.238958 0.031556
    11 2.813692 0.799020 -0.493428 2.411861 0.529196 1.109475
    12 2.065373 0.000001 -0.000001 0.000000 0.000000 0.649361
    13 2.094713 -0.000003 -0.000001 0.000000 0.000000 1.092984
    14 7.522001 -0.014966 -1.158110 -0.027860 -0.069746 0.911619
    15 3.200830 0.000001 0.000003 0.000000 0.000000 1.665586
    16 2.731238 0.000000 -0.000001 0.000000 0.000000 1.605716
    17 7.599252 -0.144514 0.591978 -0.045774 -0.060676 0.993546
    18 3.840996 -0.000001 0.000000 0.000000 0.000000 1.756866
    19 3.277485 0.000001 -0.000001 0.000000 0.000000 1.937328
    20 7.447638 -0.525788 2.367265 -0.140593 -0.120304 1.040144
    21 1.595202 -0.000001 -0.000001 0.000000 0.000000 0.255799
    22 1.772448 -0.000002 0.000002 0.000000 0.000000 1.067978
    23 2.049172 1.133877 -2.827966 -0.588950 -0.379171 3.344775
    24 -3.054945 -1.623153 -2.893308 0.017404 1.372247 3.140538
    25 6.038852 0.000004 -0.000008 -0.733091 -0.702967 -0.453358
    26 17.594563 0.000003 -0.000002 0.000000 0.000000 -0.327239
    27 17.982986 -0.000004 0.000005 2.673197 0.457275 -0.498679
    28 2.813690 0.799022 0.493427 -2.853948 0.431148 1.731425
    29 2.065372 -0.000003 0.000001 0.000000 0.000000 0.912325
    30 2.094710 -0.000001 -0.000001 0.000000 0.000000 0.685125
    31 7.521998 -0.014968 1.158108 -0.175699 -0.043345 1.404057
    32 3.200824 0.000000 0.000003 0.000000 0.000000 1.350746
    33 2.731232 0.000000 -0.000003 0.000000 0.000000 0.924163
    34 7.599246 -0.144515 -0.591977 -0.160049 -0.087250 1.261686
    35 3.840997 0.000002 -0.000002 0.000000 0.000000 1.649531
    36 3.277479 0.000002 0.000001 0.000000 0.000000 1.255776
    37 7.447637 -0.525794 -2.367262 0.127913 0.133747 0.940063
    38 1.595204 0.000002 0.000001 0.000000 0.000000 0.756708
    39 1.772446 0.000000 0.000001 0.000000 0.000000 1.255814
    40 49.389511 35.067627 12.791978 -1.037544 0.423055 2.039819
    41 2.475312 0.465257 2.532361 -2.558621 0.195848 -3.108527
    42 -5.128644 0.181574 6.425846 2.982092 -0.126935 3.033567
    43 22.311974 -0.000001 0.000001 0.000000 0.000000 -0.391447
    44 22.311966 0.000001 0.000001 -0.138286 -0.103543 0.108138
    45 5.131754 6.470465 0.000002 0.000000 0.000000 1.570796
    46 -5.128649 0.181606 -6.425846 -3.012095 0.109341 3.027587
    47 22.311972 -0.000001 0.000001 0.000000 0.000000 -0.519499
    48 22.311968 0.000001 0.000000 0.185477 0.046496 0.243615
    49 5.131752 6.470467 0.000000 0.000000 0.000000 1.570796
    50 -18.165250 -8.534073 8.935962 -1.403768 -1.443818 -0.147685
    51 -0.280860 -13.472143 -3.813339 0.187422 -0.000086 -0.028347
    52 -17.429821 -9.355678 -9.915888 1.497122 -1.420332 -2.998350
    53 1.729139 -12.405115 -3.280624 0.260189 -0.007273 0.087560
    54 -20.385197 9.933641 -9.947371 1.497111 -1.420333 -2.998337
    55 2.051581 -16.235904 -2.249843 0.260208 -0.007255 0.087544
    56 -16.448785 11.611340 -5.859749 -1.346982 -1.521032 -0.153187
    57 3.979926 -9.269882 -0.567375 0.000000 0.000000 0.000000
    58 0.885534 -17.554847 2.545800 -0.157749 -0.002108 0.043612
    59 -19.961323 10.884345 9.518618 -1.403593 -1.443850 -0.147838
    60 -0.381754 -15.961615 -2.445794 0.187455 -0.000065 -0.028354
    61 2.828451 -0.071583 49.705528 0.000000 0.000000 -3.141591
    62 0.623697 0.000000 0.000000 -0.000086 -1.570451 -1.570709
    63 5.131855 -0.003106 0.000007 -0.000004 -0.000001 0.034787
    64 3.906619 -0.003290 0.000000 0.000000 0.000000 0.046513
    65 4.136856 -0.008541 0.000000 0.000000 0.000000 0.069769
    66 10.751477 -0.002665 0.000000 0.000000 0.000000 0.030000
    67 -3.078401 -1.591902 -2.889401 0.017994 1.370765 3.128431
    68 6.038855 0.000001 -0.000012 0.184657 -0.830690 -0.408307
    69 17.594568 -0.000002 0.000013 0.000000 0.000000 -0.210123
    70 17.982992 0.000000 -0.000002 2.379876 -0.004797 0.044742
    71 -1.253420 22.086933 2.641011 0.861900 0.811195 4.034982
    72 3.349310 0.000000 0.000000 0.439538 -0.038556 -0.283361
  time 82
    0 0.515880 5.342645 48.424239 0.024568 -0.189141 -2.361297
    1 0.623699 0.000000 0.000003 0.000000 -1.570460 -1.570704
    2 5.131858 -0.003107 0.000009 -0.000004 -0.000001 0.034787
    3 3.906668 -0.003288 0.000000 0.000000 0.000312 0.061518
    4 4.137684 -0.008414 -0.000663 0.077016 -0.016167 0.205930
    5 10.751468 -0.002664 0.000000 -0.000072 0.001031 0.021275
    6 3.346881 -0.002666 0.000000 0.000000 0.000000 0.030000
    7 -3.070567 -1.615356 2.889395 0.568489 -0.965914 2.635340
    8 6.038856 0.000000 -0.000001 0.537576 0.525284 -0.651298
    9 17.594566 -0.000004 0.000002 0.000000 0.000000 -0.352015
    10 17.982992 0.000000 -0.000006 -1.690036 -0.217666 0.029434
    11 2.813692 0.799020 -0.493428 2.411840 0.529196 1.109475
    12 2.065373 0.000001 -0.000001 0.000000 0.000000 0.649361
    13 2.094713 -0.000003 -0.000001 0.000000 0.000000 1.092984
    14 7.522001 -0.014966 -1.158110 -0.027860 -0.069746 0.911619
    15 3.200830 0.000001 0.000003 0.000000 0.000000 1.665586
    16 2.731238 0.000000 -0.000001 0.000000 0.000000 1.605716
    17 7.599252 -0.144514 0.591978 -0.045786 -0.060676 0.993546
    18 3.840996 -0.000001 0.000000 0.000000 0.000000 1.756866
    19 3.277485 0.000001 -0.000001 0.000000 0.000000 1.937328
    20 7.447638 -0.525788 2.367265 -0.140593 -0.120304 1.040144
    21 1.595202 -0.000001 -0.000001 0.000000 0.000000 0.255799
    22 1.772448 -0.000002 0.000002 0.000000 0.000000 1.067978
    23 2.053078 1.133877 -2.827966 -0.588950 -0.379171 3.344775
    24 -3.062758 -1.611434 -2.889401 0.017585 1.371773 3.136656
    25 6.038852 0.000004 -0.000008 -0.690517 -0.699455 -0.436744
    26 17.594563 0.000003 -0.000002 0.000000 0.000000 -0.348224
    27 17.982986 -0.000004 0.000005 2.637854 0.406240 -0.500061
    28 2.813690 0.799022 0.493427 -2.853948 0.431148 1.731425
    29 2.065372 -0.000003 0.000001 0.000000 0.000000 0.912325
    30 2.094710 -0.000001 -0.000001 0.000000 0.000000 0.685125
    31 7.521998 -0.014968 1.158108 -0.175699 -0.043345 1.404057
    32 3.200824 0.000000 0.000003 0.000000 0.000000 1.350746
    33 2.731232 0.000000 -0.000003 0.000000 0.000000 0.924163
    34 7.599246 -0.144515 -0.591977 -0.160049 -0.087250 1.261686
    35 3.840997 0.000002 -0.000002 0.000000 0.000000 1.649531
    36 3.277479 0.000002 0.000001 0.000000 0.000000 1.255776
    37 7.447637 -0.525794 -2.367262 0.127901 0.133747 0.940063
    38 1.595204 0.000002 0.000001 0.000000 0.000000 0.756708
    39 1.772446 0.000000 0.000001 0.000000 0.000000 1.255814
    40 49.389511 35.067627 12.791978 -1.037544 0.423055 2.039819
    41 2.475312 0.465257 2.532361 -2.558621 0.195848 -3.108527
    42 -5.128644 0.181574 6.425846 2.982116 -0.127559 3.034479
    43 22.311974 -0.000001 0.000001 0.000000 0.000000 -0.390801
    44 22.311966 0.000001 0.000001 -0.138118 -0.104078 0.106942
    45 5.131754 6.470465 0.000002 0.000000 0.000000 1.570796
    46 -5.128649 0.181606 -6.425846 -3.011915 0.108726 3.027892
    47 22.311972 -0.000001 0.000001 0.000000 0.000000 -0.520190
    48 22.311968 0.000001 0.000000 0.185389 0.045688 0.243348
    49 5.131752 6.470467 0.000000 0.000000 0.000000 1.570796
    50 -18.161344 -8.534073 8.935962 -1.403768 -1.443818 -0.147685
    51 -0.280860 -13.472143 -3.813339 0.187422 -0.000086 -0.028347
    52 -17.429821 -9.355678 -9.915888 1.497122 -1.420332 -2.998350
    53 1.729139 -12.405115 -3.280624 0.260189 -0.007273 0.087560
    54 -20.381291 9.933641 -9.947371 1.497111 -1.420333 -2.998337
    55 2.051581 -16.235904 -2.249843 0.260208 -0.007255 0.087544
    56 -16.444878 11.611340 -5.859749 -1.346982 -1.521032 -0.153187
    57 3.976019 -9.269882 -0.567375 0.000000 0.000000 0.000000
    58 0.885534 -17.554847 2.545800 -0.157749 -0.002108 0.043612
    59 -19.957416 10.884345 9.518618 -1.403593 -1.443850 -0.147838
    60 -0.381754 -15.961615 -2.445794 0.187455 -0.000065 -0.028354
    61 2.828451 -0.071583 49.705528 0.000000 0.000000 -3.141591
    62 0.623697 0.000000 0.000000 -0.000086 -1.570451 -1.570709
    63 5.131855 -0.003106 0.000007 -0.000004 -0.000001 0.034787
    64 3.906619 -0.003290 0.000000 0.000000 0.000000 0.046513
    65 4.136856 -0.008541 0.000000 0.000000 0.000000 0.069769
    66 10.751477 -0.002665 0.000000 0.000000 0.000000 0.030000
    67 -3.078401 -1.591902 -2.889401 0.017994 1.370765 3.128431
    68 6.038855 0.000001 -0.000012 0.184657 -0.830690 -0.408307
    69 17.594568 -0.000002 0.000013 0.000000 0.000000 -0.210123
    70 17.982992 0.000000 -0.000002 2.379876 -0.004797 0.044742
    71 -1.245607 22.040056 2.719138 0.862895 0.802337 4.017828
    72 3.353216 0.000000 0.000000 0.439146 -0.041265 -0.284759
  time 83
    0 0.515880 5.373896 48.420333 0.024568 -0.190052 -2.361345
    1 0.623699 0.000000 0.000003 0.000000 -1.570460 -1.570704
    2 5.131858 -0.003107 0.000009 -0.000004 -0.000001 0.034787
    3 3.906668 -0.003288 0.000000 0.000000 0.000407 0.062333
    4 4.137684 -0.008414 -0.000663 0.077002 -0.016287 0.207384
    5 10.751468 -0.002664 0.000000 -0.000024 0.000563 0.025122
    6 3.346881 -0.002666 0.000000 0.000000 0.000000 0.030000
    7 -3.074473 -1.599730 2.889395 0.568013 -0.965289 2.632273
    8 6.038856 0.000000 -0.000001 0.532010 0.527260 -0.662672
    9 17.594566 -0.000004 0.000002 0.000000 0.000000 -0.336036
    10 17.982992 0.000000 -0.000006 -1.689189 -0.199072 0.026893
    11 2.813692 0.799020 -0.493428 2.411840 0.529196 1.109475
    12 2.065373 0.000001 -0.000001 0.000000 0.000000 0.649361
    13 2.094713 -0.000003 -0.000001 0.000000 0.000000 1.092984
    14 7.522001 -0.014966 -1.158110 -0.027860 -0.069734 0.911619
    15 3.200830 0.000001 0.000003 0.000000 0.000000 1.665586
    16 2.731238 0.000000 -0.000001 0.000000 0.000000 1.605716
    17 7.599252 -0.144514 0.591978 -0.045774 -0.060676 0.993546
    18 3.840996 -0.000001 0.000000 0.000000 0.000000 1.756866
    19 3.277485 0.000001 -0.000001 0.000000 0.000000 1.937328
    20 7.447638 -0.525788 2.367265 -0.140593 -0.120304 1.040144
    21 1.595202 -0.000001 -0.000001 0.000000 0.000000 0.255799
    22 1.772448 -0.000002 0.000002 0.000000 0.000000 1.067978
    23 2.053078 1.133877 -2.827966 -0.588950 -0.379171 3.344775
    24 -3.074477 -1.599715 -2.889401 0.017767 1.371338 3.133065
    25 6.038852 0.000004 -0.000008 -0.653258 -0.697810 -0.421869
    26 17.594563 0.000003 -0.000002 0.000000 0.000000 -0.365975
    27 17.982986 -0.000004 0.000005 2.607495 0.360611 -0.499155
    28 2.813690 0.799022 0.493427 -2.853948 0.431148 1.731425
    29 2.065372 -0.000003 0.000001 0.000000 0.000000 0.912325
    30 2.094710 -0.000001 -0.000001 0.000000 0.000000 0.685125
    31 7.521998 -0.014968 1.158108 -0.175699 -0.043345 1.404057
    32 3.200824 0.000000 0.000003 0.000000 0.000000 1.350746
    33 2.731232 0.000000 -0.000003 0.000000 0.000000 0.924163
    34 7.599246 -0.144515 -0.591977 -0.160049 -0.087250 1.261686
    35 3.840997 0.000002 -0.000002 0.000000 0.000000 1.649531
    36 3.277479 0.000002 0.000001 0.000000 0.000000 1.255776
    37 7.447637 -0.525794 -2.367262 0.127913 0.133747 0.940063
    38 1.595204 0.000002 0.000001 0.000000 0.000000 0.756708
    39 1.772446 0.000000 0.000001 0.000000 0.000000 1.255814
    40 49.389511 35.067627 12.791978 -1.037544 0.423055 2.039819
    41 2.475312 0.465257 2.532361 -2.558621 0.195848 -3.108527
    42 -5.128644 0.181574 6.425846 2.982152 -0.128089 3.035113
    43 22.311974 -0.000001 0.000001 0.000000 0.000000 -0.390191
    44 22.311966 0.000001 0.000001 -0.137998 -0.104520 0.106007
    45 5.131754 6.470465 0.000002 0.000000 0.000000 1.570796
    46 -5.128649 0.181606 -6.425846 -3.011771 0.108227 3.027939
    47 22.311972 -0.000001 0.000001 0.000000 0.000000 -0.520683
    48 22.311968 0.000001 0.000000 0.185345 0.045045 0.243145
    49 5.131752 6.470467 0.000000 0.000000 0.000000 1.570796
    50 -18.161344 -8.534073 8.935962 -1.403768 -1.443818 -0.147685
    51 -0.280860 -13.468237 -3.813339 0.187422 -0.000086 -0.028347
    52 -17.429821 -9.355678 -9.915888 1.497122 -1.420332 -2.998350
    53 1.725232 -12.405115 -3.280624 0.260189 -0.007273 0.087560
    54 -20.381291 9.933641 -9.947371 1.497111 -1.420333 -2.998349
    55 2.051581 -16.235904 -2.245937 0.260208 -0.007267 0.087544
    56 -16.444878 11.611340 -5.855842 -1.346982 -1.521032 -0.153103
    57 3.976019 -9.269882 -0.563468 0.000000 0.000000 0.000000
    58 0.885534 -17.554847 2.545800 -0.157749 -0.002108 0.043612
    59 -19.957416 10.884345 9.518618 -1.403593 -1.443850 -0.147838
    60 -0.381754 -15.961615 -2.441887 0.187455 -0.000065 -0.028354
    61 2.828451 -0.071583 49.705528 0.000000 0.000000 -3.141591
    62 0.623697 0.000000 0.000000 -0.000086 -1.570451 -1.570709
    63 5.131855 -0.003106 0.000007 -0.000004 -0.000001 0.034787
    64 3.906619 -0.003290 0.000000 0.000000 0.000000 0.046513
    65 4.136856 -0.008541 0.000000 0.000000 0.000000 0.069769
    66 10.751477 -0.002665 0.000000 0.000000 0.000000 0.030000
    67 -3.078401 -1.591902 -2.889401 0.017994 1.370765 3.128431
    68 6.038855 0.000001 -0.000012 0.184657 -0.830690 -0.408307
    69 17.594568 -0.000002 0.000013 0.000000 0.000000 -0.210123
    70 17.982992 0.000000 -0.000002 2.379876 -0.004797 0.044742
    71 -1.241701 22.000993 2.785546 0.863807 0.794264 4.002879
    72 3.353216 0.000000 0.000000 0.438729 -0.043786 -0.284934
  time 84
    0 0.515880 5.405147 48.420333 0.024580 -0.190603 -2.361345
    1 0.623699 0.000000 0.000003 0.000000 -1.570460 -1.570704
    2 5.131858 -0.003107 0.000009 -0.000004 -0.000001 0.034787
    3 3.906668 -0.003288 0.000000 0.000000 0.000479 0.062896
    4 4.137684 -0.008414 -0.000663 0.077002 -0.016335 0.207868
    5 10.751468 -0.002664 0.000000 0.000000 0.000204 0.028202
    6 3.346881 -0.002666 0.000000 0.000000 0.000000 0.030000
    7 -3.078379 -1.591918 2.889395 0.569156 -0.966476 2.627961
    8 6.038856 0.000000 -0.000001 0.526165 0.531089 -0.672704
    9 17.594566 -0.000004 0.000002 0.000000 0.000000 -0.321556
    10 17.982992 0.000000 -0.000006 -1.688477 -0.184674 0.023888
    11 2.813692 0.799020 -0.493428 2.411840 0.529196 1.109475
    12 2.065373 0.000001 -0.000001 0.000000 0.000000 0.649361
    13 2.094713 -0.000003 -0.000001 0.000000 0.000000 1.092984
    14 7.522001 -0.014966 -1.158110 -0.027860 -0.069746 0.911619
    15 3.200830 0.000001 0.000003 0.000000 0.000000 1.665586
    16 2.731238 0.000000 -0.000001 0.000000 0.000000 1.605716
    17 7.599252 -0.144514 0.591978 -0.045774 -0.060676 0.993546
    18 3.840996 -0.000001 0.000000 0.000000 0.000000 1.756866
    19 3.277485 0.000001 -0.000001 0.000000 0.000000 1.937328
    20 7.447638 -0.525788 2.367265 -0.140593 -0.120304 1.040144
    21 1.595202 -0.000001 -0.000001 0.000000 0.000000 0.255799
    22 1.772448 -0.000002 0.000002 0.000000 0.000000 1.067978
    23 2.053078 1.133877 -2.827966 -0.588950 -0.379171 3.344775
    24 -3.078383 -1.591902 -2.889401 0.017903 1.370963 3.130101
    25 6.038852 0.000004 -0.000008 -0.623642 -0.697557 -0.410299
    26 17.594563 0.000003 -0.000002 0.000000 0.000000 -0.379338
    27 17.982986 -0.000004 0.000005 2.583774 0.324301 -0.497202
    28 2.813690 0.799022 0.493427 -2.853948 0.431148 1.731425
    29 2.065372 -0.000003 0.000001 0.000000 0.000000 0.912325
    30 2.094710 -0.000001 -0.000001 0.000000 0.000000 0.685149
    31 7.521998 -0.014968 1.158108 -0.175699 -0.043345 1.404057
    32 3.200824 0.000000 0.000003 0.000000 0.000000 1.350746
    33 2.731232 0.000000 -0.000003 0.000000 0.000000 0.924163
    34 7.599246 -0.144515 -0.591977 -0.160049 -0.087250 1.261686
    35 3.840997 0.000002 -0.000002 0.000000 0.000000 1.649531
    36 3.277479 0.000002 0.000001 0.000000 0.000000 1.255776
    37 7.447637 -0.525794 -2.367262 0.127901 0.133747 0.940063
    38 1.595204 0.000002 0.000001 0.000000 0.000000 0.756708
    39 1.772446 0.000000 0.000001 0.000000 0.000000 1.255814
    40 49.389511 35.067627 12.791978 -1.037544 0.423055 2.039819
    41 2.475312 0.465257 2.532361 -2.558621 0.195848 -3.108527
    42 -5.128644 0.181574 6.425846 2.982199 -0.128467 3.035457
    43 22.311974 -0.000001 0.000001 0.000000 0.000000 -0.389688
    44 22.311966 0.000001 0.000001 -0.137902 -0.104852 0.105253
    45 5.131754 6.470465 0.000002 0.000000 0.000000 1.570796
    46 -5.128649 0.181606 -6.425846 -3.011676 0.107830 3.027892
    47 22.311972 -0.000001 0.000001 0.000000 0.000000 -0.521111
    48 22.311968 0.000001 0.000000 0.185301 0.044552 0.242954
    49 5.131752 6.470467 0.000000 0.000000 0.000000 1.570796
    50 -18.165250 -8.534073 8.935962 -1.403768 -1.443818 -0.147610
    51 -0.280860 -13.472143 -3.813339 0.187422 -0.000086 -0.028347
    52 -17.429821 -9.355678 -9.915888 1.497122 -1.420332 -2.998350
    53 1.729139 -12.405115 -3.280624 0.260189 -0.007273 0.087560
    54 -20.385197 9.933641 -9.943464 1.497111 -1.420333 -2.998337
    55 2.051581 -16.235904 -2.249843 0.260208 -0.007255 0.087544
    56 -16.448785 11.611340 -5.855842 -1.346982 -1.521032 -0.153187
    57 3.976019 -9.269882 -0.567375 0.000000 0.000000 0.000000
    58 0.885534 -17.554847 2.545800 -0.157749 -0.002108 0.043612
    59 -19.961323 10.884345 9.518618 -1.403593 -1.443850 -0.147838
    60 -0.381754 -15.961615 -2.445794 0.187455 -0.000065 -0.028354
    61 2.828451 -0.071583 49.705528 0.000000 0.000000 -3.141591
    62 0.623697 0.000000 0.000000 -0.000086 -1.570451 -1.570709
    63 5.131855 -0.003106 0.000007 -0.000004 -0.000001 0.034787
    64 3.906619 -0.003290 0.000000 0.000000 0.000000 0.046513
    65 4.136856 -0.008541 0.000000 0.000000 0.000000 0.069769
    66 10.751477 -0.002665 0.000000 0.000000 0.000000 0.030000
    67 -3.078401 -1.591902 -2.889401 0.017994 1.370765 3.128431
    68 6.038855 0.000001 -0.000012 0.184657 -0.830690 -0.408307
    69 17.594568 -0.000002 0.000013 0.000000 0.000000 -0.210123
    70 17.982992 0.000000 -0.000002 2.379876 -0.004797 0.044742
    71 -1.245607 21.977555 2.836329 0.864470 0.787765 3.991475
    72 3.353216 0.000000 0.000000 0.438434 -0.045818 -0.284257
  time 85
    0 0.515880 5.420772 48.420333 0.024580 -0.190819 -2.361345
    1 0.623699 0.000000 0.000003 0.000000 -1.570460 -1.570704
    2 5.131858 -0.003107 0.000009 -0.000004 -0.000001 0.034787
    3 3.906668 -0.003288 0.000000 0.000000 0.000527 0.063231
    4 4.137684 -0.008414 -0.000663 0.077002 -0.016299 0.207513
    5 10.751468 -0.002664 0.000000 0.000000 0.000000 0.030000
    6 3.346881 -0.002666 0.000000 0.000000 0.000000 0.030000
    7 -3.078379 -1.591918 2.889395 0.571634 -0.969131 2.623266
    8 6.038856 0.000000 -0.000001 0.520228 0.536119 -0.680854
    9 17.594566 -0.000004 0.000002 0.000000 0.000000 -0.309560
    10 17.982992 0.000000 -0.000006 -1.687935 -0.176193 0.020374
    11 2.813692 0.799020 -0.493428 2.411840 0.529196 1.109475
    12 2.065373 0.000001 -0.000001 0.000000 0.000000 0.649361
    13 2.094713 -0.000003 -0.000001 0.000000 0.000000 1.093020
    14 7.522001 -0.014966 -1.158110 -0.027860 -0.069746 0.911619
    15 3.200830 0.000001 0.000003 0.000000 0.000000 1.665586
    16 2.731238 0.000000 -0.000001 0.000000 0.000000 1.605716
    17 7.599252 -0.144514 0.591978 -0.045774 -0.060676 0.993546
    18 3.840996 -0.000001 0.000000 0.000000 0.000000 1.756866
    19 3.277485 0.000001 -0.000001 0.000000 0.000000 1.937328
    20 7.447638 -0.525788 2.367265 -0.140593 -0.120304 1.040144
    21 1.595202 -0.000001 -0.000001 0.000000 0.000000 0.255811
    22 1.772448 -0.000002 0.000002 0.000000 0.000000 1.067978
    23 2.053078 1.133877 -2.827966 -0.588950 -0.379171 3.344775
    24 -3.078383 -1.591902 -2.889401 0.017994 1.370765 3.128431
    25 6.038852 0.000004 -0.000008 -0.604236 -0.698253 -0.403433
    26 17.594563 0.000003 -0.000002 0.000000 0.000000 -0.387323
    27 17.982986 -0.000004 0.000005 2.568347 0.301113 -0.495630
    28 2.813690 0.799022 0.493427 -2.853948 0.431148 1.731425
    29 2.065372 -0.000003 0.000001 0.000000 0.000000 0.912325
    30 2.094710 -0.000001 -0.000001 0.000000 0.000000 0.685125
    31 7.521998 -0.014968 1.158108 -0.175699 -0.043345 1.404057
    32 3.200824 0.000000 0.000003 0.000000 0.000000 1.350746
    33 2.731232 0.000000 -0.000003 0.000000 0.000000 0.924163
    34 7.599246 -0.144515 -0.591977 -0.160049 -0.087250 1.261686
    35 3.840997 0.000002 -0.000002 0.000000 0.000000 1.649531
    36 3.277479 0.000002 0.000001 0.000000 0.000000 1.255776
    37 7.447637 -0.525794 -2.367262 0.127913 0.133747 0.940063
    38 1.595204 0.000002 0.000001 0.000000 0.000000 0.756708
    39 1.772446 0.000000 0.000001 0.000000 0.000000 1.255814
    40 49.389511 35.067627 12.791978 -1.037544 0.423055 2.039819
    41 2.475312 0.465257 2.532361 -2.558621 0.195848 -3.108527
    42 -5.128644 0.181574 6.425846 2.982235 -0.128713 3.035549
    43 22.311974 -0.000001 0.000001 0.000000 0.000000 -0.389329
    44 22.311966 0.000001 0.000001 -0.137854 -0.105110 0.104707
    45 5.131754 6.470465 0.000002 0.000000 0.000000 1.570796
    46 -5.128649 0.181606 -6.425846 -3.011616 0.107535 3.027704
    47 22.311972 -0.000001 0.000001 0.000000 0.000000 -0.521308
    48 22.311968 0.000001 0.000000 0.185301 0.044195 0.242827
    49 5.131752 6.470467 0.000000 0.000000 0.000000 1.570796
    50 -18.165250 -8.534073 8.935962 -1.403768 -1.443818 -0.147685
    51 -0.280860 -13.472143 -3.813339 0.187422 -0.000086 -0.028347
    52 -17.429821 -9.355678 -9.915888 1.497122 -1.420332 -2.998350
    53 1.729139 -12.405115 -3.280624 0.260189 -0.007273 0.087560
    54 -20.385197 9.933641 -9.947371 1.497111 -1.420333 -2.998337
    55 2.051581 -16.235904 -2.249843 0.260208 -0.007255 0.087544
    56 -16.444878 11.611340 -5.859749 -1.346982 -1.521032 -0.153187
    57 3.976019 -9.269882 -0.567375 0.000000 0.000000 0.000000
    58 0.885534 -17.554847 2.545800 -0.157749 -0.002108 0.043612
    59 -19.957416 10.884345 9.518618 -1.403593 -1.443850 -0.147838
    60 -0.381754 -15.961615 -2.445794 0.187455 -0.000065 -0.028354
    61 2.828451 -0.071583 49.705528 0.000000 0.000000 -3.141591
    62 0.623697 0.000000 0.000000 -0.000086 -1.570451 -1.570709
    63 5.131855 -0.003106 0.000007 -0.000004 -0.000001 0.034787
    64 3.906619 -0.003290 0.000000 0.000000 0.000000 0.046513
    65 4.136856 -0.008541 0.000000 0.000000 0.000000 0.069769
    66 10.751477 -0.002665 0.000000 0.000000 0.000000 0.030000
    67 -3.078401 -1.591902 -2.889401 0.017994 1.370765 3.128431
    68 6.038855 0.000001 -0.000012 0.184657 -0.830690 -0.408307
    69 17.594568 -0.000002 0.000013 0.000000 0.000000 -0.210123
    70 17.982992 0.000000 -0.000002 2.379876 -0.004797 0.044742
    71 -1.265139 21.977555 2.859767 0.864885 0.783584 3.984958
    72 3.353216 0.000000 0.000000 0.438214 -0.046985 -0.283209
  time 86
    0 0.515880 5.436398 48.420333 0.024580 -0.190747 -2.361345
    1 0.623699 0.000000 0.000003 0.000000 -1.570460 -1.570704
    2 5.131858 -0.003107 0.000009 -0.000004 -0.000001 0.034787
    3 3.906668 -0.003288 0.000000 0.000000 0.000539 0.063375
    4 4.137684 -0.008414 -0.000663 0.077002 -0.016203 0.206383
    5 10.751468 -0.002664 0.000000 0.000000 -0.000096 0.030839
    6 3.346881 -0.002666 0.000000 0.000000 0.000000 0.030000
    7 -3.078379 -1.591918 2.889395 0.575446 -0.973097 2.617804
    8 6.038856 0.000000 -0.000001 0.514383 0.542189 -0.687393
    9 17.594566 -0.000004 0.000002 0.000000 0.000000 -0.299860
    10 17.982992 0.000000 -0.000006 -1.687630 -0.172126 0.016640
    11 2.813692 0.799020 -0.493428 2.411861 0.529196 1.109475
    12 2.065373 0.000001 -0.000001 0.000000 0.000000 0.649361
    13 2.094713 -0.000003 -0.000001 0.000000 0.000000 1.092984
    14 7.522001 -0.014966 -1.158110 -0.027860 -0.069746 0.911619
    15 3.200830 0.000001 0.000003 0.000000 0.000000 1.665586
    16 2.731238 0.000000 -0.000001 0.000000 0.000000 1.605716
    17 7.599252 -0.144514 0.591978 -0.045774 -0.060688 0.993546
    18 3.840996 -0.000001 0.000000 0.000000 0.000000 1.756866
    19 3.277485 0.000001 -0.000001 0.000000 0.000000 1.937328
    20 7.447638 -0.525788 2.367265 -0.140593 -0.120304 1.040144
    21 1.595202 -0.000001 -0.000001 0.000000 0.000000 0.255799
    22 1.772448 -0.000002 0.000002 0.000000 0.000000 1.067978
    23 2.049172 1.133877 -2.827966 -0.588950 -0.379171 3.344775
    24 -3.078383 -1.591902 -2.889401 0.017994 1.370666 3.127680
    25 6.038852 0.000004 -0.000008 -0.592772 -0.699360 -0.400000
    26 17.594563 0.000003 -0.000002 0.000000 0.000000 -0.391414
    27 17.982986 -0.000004 0.000005 2.559217 0.287991 -0.494820
    28 2.813690 0.799022 0.493427 -2.853948 0.431148 1.731425
    29 2.065372 -0.000003 0.000001 0.000000 0.000000 0.912325
    30 2.094710 -0.000001 -0.000001 0.000000 0.000000 0.685149
    31 7.521998 -0.014968 1.158108 -0.175699 -0.043345 1.404057
    32 3.200824 0.000000 0.000003 0.000000 0.000000 1.350746
    33 2.731232 0.000000 -0.000003 0.000000 0.000000 0.924163
    34 7.599246 -0.144515 -0.591977 -0.160049 -0.087250 1.261686
    35 3.840997 0.000002 -0.000002 0.000000 0.000000 1.649531
    36 3.277479 0.000002 0.000001 0.000000 0.000000 1.255776
    37 7.447637 -0.525794 -2.367262 0.127913 0.133747 0.940063
    38 1.595204 0.000002 0.000001 0.000000 0.000000 0.756708
    39 1.772446 0.000000 0.000001 0.000000 0.000000 1.255814
    40 49.389511 35.067627 12.791978 -1.037544 0.423055 2.039819
    41 2.475312 0.465257 2.532361 -2.558621 0.195848 -3.108527
    42 -5.128644 0.181574 6.425846 2.982283 -0.128884 3.035430
    43 22.311974 -0.000001 0.000001 0.000000 0.000000 -0.389042
    44 22.311966 0.000001 0.000001 -0.137854 -0.105239 0.104370
    45 5.131754 6.470465 0.000002 0.000000 0.000000 1.570796
    46 -5.128649 0.181606 -6.425846 -3.011592 0.107355 3.027399
    47 22.311972 -0.000001 0.000001 0.000000 0.000000 -0.521440
    48 22.311968 0.000001 0.000000 0.185301 0.043990 0.242713
    49 5.131752 6.470467 0.000000 0.000000 0.000000 1.570796
    50 -18.161344 -8.534073 8.935962 -1.403768 -1.443818 -0.147685
    51 -0.280860 -13.472143 -3.813339 0.187422 -0.000086 -0.028347
    52 -17.429821 -9.355678 -9.915888 1.497122 -1.420332 -2.998350
    53 1.729139 -12.405115 -3.280624 0.260189 -0.007273 0.087560
    54 -20.381291 9.933641 -9.947371 1.497111 -1.420333 -2.998337
    55 2.051581 -16.235904 -2.249843 0.260208 -0.007255 0.087544
    56 -16.448785 11.611340 -5.855842 -1.346982 -1.521032 -0.153187
    57 3.976019 -9.269882 -0.567375 0.000000 0.000000 0.000000
    58 0.885534 -17.554847 2.545800 -0.157749 -0.002108 0.043612
    59 -19.957416 10.884345 9.518618 -1.403593 -1.443850 -0.147838
    60 -0.381754 -15.961615 -2.445794 0.187455 -0.000065 -0.028354
    61 2.828451 -0.071583 49.705528 0.000000 0.000000 -3.141591
    62 0.623697 0.000000 0.000000 -0.000086 -1.570451 -1.570709
    63 5.131855 -0.003106 0.000007 -0.000004 -0.000001 0.034787
    64 3.906619 -0.003290 0.000000 0.000000 0.000000 0.046513
    65 4.136856 -0.008541 0.000000 0.000000 0.000000 0.069769
    66 10.751477 -0.002665 0.000000 0.000000 0.000000 0.030000
    67 -3.078401 -1.591902 -2.889401 0.017994 1.370765 3.128431
    68 6.038855 0.000001 -0.000012 0.184657 -0.830690 -0.408307
    69 17.594568 -0.000002 0.000013 0.000000 0.000000 -0.210123
    70 17.982992 0.000000 -0.000002 2.379876 -0.004797 0.044742
    71 -1.288577 21.993180 2.867580 0.864885 0.781224 3.982083
    72 3.349310 0.000000 0.000000 0.438116 -0.047532 -0.281811
  time 87
    0 0.515880 5.436398 48.420333 0.024580 -0.190423 -2.361345
    1 0.623699 0.000000 0.000003 0.000000 -1.570460 -1.570704
    2 5.131858 -0.003107 0.000009 -0.000004 -0.000001 0.034787
    3 3.906668 -0.003288 0.000000 0.000000 0.000539 0.063351
    4 4.137684 -0.008414 -0.000663 0.077043 -0.016071 0.204590
    5 10.751468 -0.002664 0.000000 0.000000 -0.000168 0.031414
    6 3.346881 -0.002666 0.000000 0.000000 0.000000 0.030000
    7 -3.078379 -1.591918 2.889395 0.580498 -0.978344 2.611192
    8 6.038856 0.000000 -0.000001 0.508074 0.549460 -0.693214
    9 17.594566 -0.000004 0.000002 0.000000 0.000000 -0.291566
    10 17.982992 0.000000 -0.000006 -1.687325 -0.169886 0.013126
    11 2.813692 0.799020 -0.493428 2.411861 0.529196 1.109475
    12 2.065373 0.000001 -0.000001 0.000000 0.000000 0.649361
    13 2.094713 -0.000003 -0.000001 0.000000 0.000000 1.092984
    14 7.522001 -0.014966 -1.158110 -0.027860 -0.069746 0.911619
    15 3.200830 0.000001 0.000003 0.000000 0.000000 1.665586
    16 2.731238 0.000000 -0.000001 0.000000 0.000000 1.605716
    17 7.599252 -0.144514 0.591978 -0.045774 -0.060676 0.993546
    18 3.840996 -0.000001 0.000000 0.000000 0.000000 1.756866
    19 3.277485 0.000001 -0.000001 0.000000 0.000000 1.937328
    20 7.447638 -0.525788 2.367265 -0.140593 -0.120304 1.040144
    21 1.595202 -0.000001 -0.000001 0.000000 0.000000 0.255799
    22 1.772448 -0.000002 0.000002 0.000000 0.000000 1.067978
    23 2.053078 1.133877 -2.827966 -0.588950 -0.379183 3.344775
    24 -3.078383 -1.587995 -2.889401 0.017994 1.370627 3.127095
    25 6.038852 0.000004 -0.000008 -0.585308 -0.700658 -0.397712
    26 17.594563 0.000003 -0.000002 0.000000 0.000000 -0.394120
    27 17.982986 -0.000004 0.000005 2.552882 0.279007 -0.494391
    28 2.813690 0.799022 0.493427 -2.853948 0.431189 1.731425
    29 2.065372 -0.000003 0.000001 0.000000 0.000000 0.912325
    30 2.094710 -0.000001 -0.000001 0.000000 0.000000 0.685149
    31 7.521998 -0.014968 1.158108 -0.175699 -0.043345 1.404057
    32 3.200824 0.000000 0.000003 0.000000 0.000000 1.350746
    33 2.731232 0.000000 -0.000003 0.000000 0.000000 0.924163
    34 7.599246 -0.144515 -0.591977 -0.160049 -0.087250 1.261686
    35 3.840997 0.000002 -0.000002 0.000000 0.000000 1.649531
    36 3.277479 0.000002 0.000001 0.000000 0.000000 1.255776
    37 7.447637 -0.525794 -2.367262 0.127913 0.133747 0.940063
    38 1.595204 0.000002 0.000001 0.000000 0.000000 0.756708
    39 1.772446 0.000000 0.000001 0.000000 0.000000 1.255814
    40 49.389511 35.067627 12.791978 -1.037544 0.423055 2.039819
    41 2.475312 0.465257 2.532361 -2.558621 0.195848 -3.108527
    42 -5.128644 0.181574 6.425846 2.982319 -0.128940 3.035087
    43 22.311974 -0.000001 0.000001 0.000000 0.000000 -0.388899
    44 22.311966 0.000001 0.000001 -0.137878 -0.105313 0.104188
    45 5.131754 6.470465 0.000002 0.000000 0.000000 1.570796
    46 -5.128649 0.181606 -6.425846 -3.011592 0.107266 3.026954
    47 22.311972 -0.000001 0.000001 0.000000 0.000000 -0.521473
    48 22.311968 0.000001 0.000000 0.185345 0.043867 0.242650
    49 5.131752 6.470467 0.000000 0.000000 0.000000 1.570796
    50 -18.161344 -8.534073 8.935962 -1.403768 -1.443818 -0.147685
    51 -0.280860 -13.472143 -3.813339 0.187422 -0.000086 -0.028347
    52 -17.429821 -9.355678 -9.915888 1.497122 -1.420332 -2.998338
    53 1.725232 -12.405115 -3.280624 0.260189 -0.007273 0.087560
    54 -20.385197 9.933641 -9.943464 1.497111 -1.420333 -2.998337
    55 2.051581 -16.235904 -2.249843 0.260208 -0.007255 0.087544
    56 -16.444878 11.611340 -5.855842 -1.346982 -1.521032 -0.153187
    57 3.976019 -9.269882 -0.567375 0.000000 0.000000 0.000000
    58 0.885534 -17.554847 2.545800 -0.157749 -0.002108 0.043612
    59 -19.957416 10.884345 9.518618 -1.403593 -1.443850 -0.147838
    60 -0.381754 -15.961615 -2.445794 0.187455 -0.000065 -0.028354
    61 2.828451 -0.071583 49.705528 0.000000 0.000000 -3.141591
    62 0.623697 0.000000 0.000000 -0.000086 -1.570451 -1.570709
    63 5.131855 -0.003106 0.000007 -0.000004 -0.000001 0.034787
    64 3.906619 -0.003290 0.000000 0.000000 0.000000 0.046513
    65 4.136856 -0.008541 0.000000 0.000000 0.000000 0.069769
    66 10.751477 -0.002665 0.000000 0.000000 0.000000 0.030000
    67 -3.078401 -1.591902 -2.889401 0.017994 1.370765 3.128431
    68 6.038855 0.000001 -0.000012 0.184657 -0.830690 -0.408307
    69 17.594568 -0.000002 0.000013 0.000000 0.000000 -0.210123
    70 17.982992 0.000000 -0.000002 2.379876 -0.004797 0.044742
    71 -1.323735 22.028337 2.863674 0.864636 0.779403 3.980742
    72 3.349310 0.000000 0.000000 0.438067 -0.047878 -0.279670
  time 88
    0 0.515880 5.436398 48.420333 0.024568 -0.189896 -2.361345
    1 0.623699 0.000000 0.000003 0.000000 -1.570460 -1.570704
    2 5.131858 -0.003107 0.000009 -0.000004 -0.000001 0.034787
    3 3.906668 -0.003288 0.000000 0.000000 0.000515 0.063184
    4 4.137684 -0.008414 -0.000663 0.077070 -0.015904 0.202232
    5 10.751468 -0.002664 0.000000 0.000000 -0.000204 0.031798
    6 3.346881 -0.002666 0.000000 0.000000 0.000000 0.030000
    7 -3.078379 -1.591918 2.889395 0.586597 -0.984559 2.603430
    8 6.038856 0.000000 -0.000001 0.501487 0.557709 -0.698230
    9 17.594566 -0.000004 0.000002 0.000000 0.000000 -0.284490
    10 17.982992 0.000000 -0.000006 -1.687020 -0.169233 0.009834
    11 2.813692 0.799020 -0.493428 2.411861 0.529196 1.109475
    12 2.065373 0.000001 -0.000001 0.000000 0.000000 0.649361
    13 2.094713 -0.000003 -0.000001 0.000000 0.000000 1.092984
    14 7.522001 -0.014966 -1.158110 -0.027860 -0.069746 0.911619
    15 3.200830 0.000001 0.000003 0.000000 0.000000 1.665586
    16 2.731238 0.000000 -0.000001 0.000000 0.000000 1.605716
    17 7.599252 -0.144514 0.591978 -0.045774 -0.060688 0.993546
    18 3.840996 -0.000001 0.000000 0.000000 0.000000 1.756866
    19 3.277485 0.000001 -0.000001 0.000000 0.000000 1.937328
    20 7.447638 -0.525788 2.367265 -0.140593 -0.120304 1.040144
    21 1.595202 -0.000001 -0.000001 0.000000 0.000000 0.255799
    22 1.772448 -0.000002 0.000002 0.000000 0.000000 1.067978
    23 2.049172 1.133877 -2.824059 -0.588950 -0.379171 3.344775
    24 -3.078383 -1.587995 -2.889401 0.018085 1.370567 3.126761
    25 6.038852 0.000004 -0.000008 -0.581068 -0.702081 -0.396440
    26 17.594563 0.000003 -0.000002 0.000000 0.000000 -0.395588
    27 17.982986 -0.000004 0.000005 2.549002 0.273639 -0.494296
    28 2.813690 0.799022 0.493427 -2.853948 0.431148 1.731425
    29 2.065372 -0.000003 0.000001 0.000000 0.000000 0.912325
    30 2.094710 -0.000001 -0.000001 0.000000 0.000000 0.685149
    31 7.521998 -0.014968 1.158108 -0.175699 -0.043345 1.404057
    32 3.200824 0.000000 0.000003 0.000000 0.000000 1.350746
    33 2.731232 0.000000 -0.000003 0.000000 0.000000 0.924163
    34 7.599246 -0.144515 -0.591977 -0.160049 -0.087250 1.261686
    35 3.840997 0.000002 -0.000002 0.000000 0.000000 1.649531
    36 3.277479 0.000002 0.000001 0.000000 0.000000 1.255776
    37 7.447637 -0.525794 -2.367262 0.127913 0.133747 0.940063
    38 1.595204 0.000002 0.000001 0.000000 0.000000 0.756708
    39 1.772446 0.000000 0.000001 0.000000 0.000000 1.255814
    40 49.389511 35.067627 12.791978 -1.037544 0.423055 2.039819
    41 2.475312 0.461350 2.532361 -2.558621 0.195848 -3.108527
    42 -5.128644 0.181574 6.425846 2.982367 -0.128921 3.034611
    43 22.311974 -0.000001 0.000001 0.000000 0.000000 -0.388755
    44 22.311966 0.000001 0.000001 -0.137926 -0.105350 0.104136
    45 5.131754 6.470465 0.000002 0.000000 0.000000 1.570796
    46 -5.128649 0.181606 -6.425846 -3.011616 0.107253 3.026485
    47 22.311972 -0.000001 0.000001 0.000000 0.000000 -0.521341
    48 22.311968 0.000001 0.000000 0.185367 0.043867 0.242611
    49 5.131752 6.470467 0.000000 0.000000 0.000000 1.570796
    50 -18.161344 -8.534073 8.935962 -1.403768 -1.443818 -0.147685
    51 -0.280860 -13.472143 -3.813339 0.187422 -0.000086 -0.028347
    52 -17.429821 -9.355678 -9.915888 1.497122 -1.420332 -2.998350
    53 1.729139 -12.405115 -3.280624 0.260189 -0.007273 0.087560
    54 -20.381291 9.933641 -9.943464 1.497111 -1.420333 -2.998337
    55 2.051581 -16.235904 -2.249843 0.260208 -0.007255 0.087544
    56 -16.444878 11.611340 -5.855842 -1.346982 -1.521032 -0.153187
    57 3.976019 -9.269882 -0.567375 0.000000 0.000000 0.000000
    58 0.885534 -17.554847 2.545800 -0.157749 -0.002108 0.043612
    59 -19.957416 10.884345 9.518618 -1.403593 -1.443850 -0.147838
    60 -0.381754 -15.961615 -2.445794 0.187455 -0.000065 -0.028354
    61 2.828451 -0.071583 49.705528 0.000000 0.000000 -3.141591
    62 0.623697 0.000000 0.000000 -0.000086 -1.570451 -1.570709
    63 5.131855 -0.003106 0.000007 -0.000004 -0.000001 0.034787
    64 3.906619 -0.003290 0.000000 0.000000 0.000000 0.046513
    65 4.136856 -0.008541 0.000000 0.000000 0.000000 0.069769
    66 10.751477 -0.002665 0.000000 0.000000 0.000000 0.030000
    67 -3.078401 -1.591902 -2.889401 0.017994 1.370765 3.128431
    68 6.038855 0.000001 -0.000012 0.184657 -0.830690 -0.408307
    69 17.594568 -0.000002 0.000013 0.000000 0.000000 -0.210123
    70 17.982992 0.000000 -0.000002 2.379876 -0.004797 0.044742
    71 -1.358892 22.067401 2.848048 0.864221 0.778078 3.980742
    72 3.353216 0.000000 0.000000 0.438018 -0.048065 -0.276919
  time 89
    0 0.515880 5.436398 48.420333 0.024568 -0.189189 -2.361297
    1 0.623699 0.000000 0.000003 0.000000 -1.570460 -1.570704
    2 5.131858 -0.003107 0.000009 -0.000004 -0.000001 0.034787
    3 3.906668 -0.003288 0.000000 0.000000 0.000479 0.062896
    4 4.137684 -0.008414 -0.000663 0.077138 -0.015688 0.199422
    5 10.751468 -0.002664 0.000000 0.000012 -0.000228 0.031977
    6 3.346881 -0.002666 0.000000 0.000000 0.000000 0.030000
    7 -3.078379 -1.591918 2.889395 0.593840 -0.991586 2.594710
    8 6.038856 0.000000 -0.000001 0.494715 0.566711 -0.702619
    9 17.594566 -0.000004 0.000002 0.000000 0.000000 -0.278585
    10 17.982992 0.000000 -0.000006 -1.686715 -0.169994 0.006762
    11 2.813692 0.799020 -0.493428 2.411840 0.529196 1.109475
    12 2.065373 0.000001 -0.000001 0.000000 0.000000 0.649361
    13 2.094713 -0.000003 -0.000001 0.000000 0.000000 1.092984
    14 7.522001 -0.014966 -1.158110 -0.027860 -0.069746 0.911619
    15 3.200830 0.000001 0.000003 0.000000 0.000000 1.665586
    16 2.731238 0.000000 -0.000001 0.000000 0.000000 1.605716
    17 7.599252 -0.144514 0.591978 -0.045774 -0.060676 0.993546
    18 3.840996 -0.000001 0.000000 0.000000 0.000000 1.756866
    19 3.277485 0.000001 -0.000001 0.000000 0.000000 1.937328
    20 7.447638 -0.525788 2.367265 -0.140593 -0.120304 1.040144
    21 1.595202 -0.000001 -0.000001 0.000000 0.000000 0.255799
    22 1.772448 -0.000002 0.000002 0.000000 0.000000 1.067978
    23 2.049172 1.133877 -2.827966 -0.588950 -0.379171 3.344775
    24 -3.078383 -1.587995 -2.889401 0.018085 1.370567 3.126552
    25 6.038852 0.000004 -0.000008 -0.579755 -0.703568 -0.395974
    26 17.594563 0.000003 -0.000002 0.000000 0.000000 -0.396017
    27 17.982986 -0.000004 0.000005 2.547214 0.271365 -0.494630
    28 2.813690 0.799022 0.493427 -2.853948 0.431148 1.731425
    29 2.065372 -0.000003 0.000001 0.000000 0.000000 0.912325
    30 2.094710 -0.000001 -0.000001 0.000000 0.000000 0.685125
    31 7.521998 -0.014968 1.158108 -0.175699 -0.043345 1.404057
    32 3.200824 0.000000 0.000003 0.000000 0.000000 1.350746
    33 2.731232 0.000000 -0.000003 0.000000 0.000000 0.924163
    34 7.599246 -0.144515 -0.591977 -0.160049 -0.087250 1.261686
    35 3.840997 0.000002 -0.000002 0.000000 0.000000 1.649531
    36 3.277479 0.000002 0.000001 0.000000 0.000000 1.255776
    37 7.447637 -0.525794 -2.367262 0.127901 0.133747 0.940063
    38 1.595204 0.000002 0.000001 0.000000 0.000000 0.756708
    39 1.772446 0.000000 0.000001 0.000000 0.000000 1.255814
    40 49.389511 35.067627 12.791978 -1.037544 0.423055 2.039819
    41 2.475312 0.465257 2.532361 -2.558621 0.195848 -3.108527
    42 -5.128644 0.181574 6.425846 2.982415 -0.128865 3.033977
    43 22.311974 -0.000001 0.000001 0.000000 0.000000 -0.388719
    44 22.311966 0.000001 0.000001 -0.137998 -0.105276 0.104188
    45 5.131754 6.470465 0.000002 0.000000 0.000000 1.570796
    46 -5.128649 0.181606 -6.425846 -3.011676 0.107279 3.025875
    47 22.311972 -0.000001 0.000001 0.000000 0.000000 -0.521210
    48 22.311968 0.000001 0.000000 0.185411 0.043949 0.242599
    49 5.131752 6.470467 0.000000 0.000000 0.000000 1.570796
    50 -18.161344 -8.534073 8.935962 -1.403768 -1.443818 -0.147685
    51 -0.280860 -13.468237 -3.813339 0.187422 -0.000086 -0.028347
    52 -17.429821 -9.355678 -9.915888 1.497122 -1.420332 -2.998350
    53 1.729139 -12.405115 -3.280624 0.260189 -0.007273 0.087560
    54 -20.381291 9.933641 -9.943464 1.497111 -1.420333 -2.998337
    55 2.051581 -16.235904 -2.249843 0.260208 -0.007255 0.087544
    56 -16.444878 11.611340 -5.855842 -1.346982 -1.521032 -0.153187
    57 3.976019 -9.269882 -0.563468 0.000000 0.000000 0.000000
    58 0.885534 -17.550941 2.545800 -0.157749 -0.002108 0.043612
    59 -19.957416 10.884345 9.518618 -1.403593 -1.443850 -0.147838
    60 -0.381754 -15.961615 -2.445794 0.187455 -0.000065 -0.028354
    61 2.828451 -0.071583 49.705528 0.000000 0.000000 -3.141591
    62 0.623697 0.000000 0.000000 -0.000086 -1.570451 -1.570709
    63 5.131855 -0.003106 0.000007 -0.000004 -0.000001 0.034787
    64 3.906619 -0.003290 0.000000 0.000000 0.000000 0.046513
    65 4.136856 -0.008541 0.000000 0.000000 0.000000 0.069769
    66 10.751477 -0.002665 0.000000 0.000000 0.000000 0.030000
    67 -3.078401 -1.591902 -2.889401 0.017994 1.370765 3.128431
    68 6.038855 0.000001 -0.000012 0.184657 -0.830690 -0.408307
    69 17.594568 -0.000002 0.000013 0.000000 0.000000 -0.210123
    70 17.982992 0.000000 -0.000002 2.379876 -0.004797 0.044742
    71 -1.401862 22.114277 2.828516 0.863558 0.777085 3.981796
    72 3.353216 0.000000 0.000000 0.438018 -0.048109 -0.273752
  time 90
    0 0.515880 5.428585 48.424239 0.024568 -0.188338 -2.361297
    1 0.623699 0.000000 0.000003 0.000000 -1.570460 -1.570704
    2 5.131858 -0.003107 0.000009 -0.000004 -0.000001 0.034787
    3 3.906668 -0.003288 0.000000 0.000000 0.000431 0.062500
    4 4.137684 -0.008414 -0.000663 0.077179 -0.015424 0.196240
    5 10.751468 -0.002664 0.000000 0.000012 -0.000228 0.032001
    6 3.346881 -0.002666 0.000000 0.000000 0.000000 0.030000
    7 -3.078379 -1.591918 2.889395 0.601941 -0.999300 2.584935
    8 6.038856 0.000000 -0.000001 0.487850 0.576243 -0.706470
    9 17.594566 -0.000004 0.000002 0.000000 0.000000 -0.273806
    10 17.982992 0.000000 -0.000006 -1.686478 -0.171865 0.003934
    11 2.813692 0.799020 -0.493428 2.411840 0.529196 1.109475
    12 2.065373 0.000001 -0.000001 0.000000 0.000000 0.649361
    13 2.094713 -0.000003 -0.000001 0.000000 0.000000 1.092984
    14 7.522001 -0.014966 -1.158110 -0.027860 -0.069746 0.911619
    15 3.200830 0.000001 0.000003 0.000000 0.000000 1.665586
    16 2.731238 0.000000 -0.000001 0.000000 0.000000 1.605716
    17 7.599252 -0.144514 0.591978 -0.045774 -0.060676 0.993546
    18 3.840996 -0.000001 0.000000 0.000000 0.000000 1.756866
    19 3.277485 0.000001 -0.000001 0.000000 0.000000 1.937328
    20 7.447638 -0.525788 2.367265 -0.140593 -0.120304 1.040144
    21 1.595202 -0.000001 -0.000001 0.000000 0.000000 0.255799
    22 1.772448 -0.000002 0.000002 0.000000 0.000000 1.067978
    23 2.053078 1.133877 -2.827966 -0.588950 -0.379171 3.344775
    24 -3.078383 -1.587995 -2.889401 0.018039 1.370548 3.126552
    25 6.038852 0.000004 -0.000008 -0.580829 -0.705214 -0.396313
    26 17.594563 0.000003 -0.000002 0.000000 0.000000 -0.395555
    27 17.982986 -0.000004 0.000005 2.547195 0.271738 -0.495249
    28 2.813690 0.799022 0.493427 -2.853948 0.431148 1.731425
    29 2.065372 -0.000003 0.000001 0.000000 0.000000 0.912325
    30 2.094710 -0.000001 -0.000001 0.000000 0.000000 0.685149
    31 7.521998 -0.014968 1.158108 -0.175699 -0.043345 1.404057
    32 3.200824 0.000000 0.000003 0.000000 0.000000 1.350746
    33 2.731232 0.000000 -0.000003 0.000000 0.000000 0.924163
    34 7.599246 -0.144515 -0.591977 -0.160049 -0.087250 1.261686
    35 3.840997 0.000002 -0.000002 0.000000 0.000000 1.649531
    36 3.277479 0.000002 0.000001 0.000000 0.000000 1.255776
    37 7.447637 -0.525794 -2.367262 0.127901 0.133747 0.940063
    38 1.595204 0.000002 0.000001 0.000000 0.000000 0.756708
    39 1.772446 0.000000 0.000001 0.000000 0.000000 1.255814
    40 49.389511 35.067627 12.791978 -1.037544 0.423055 2.039819
    41 2.475312 0.465257 2.532361 -2.558621 0.195848 -3.108527
    42 -5.128644 0.181574 6.425846 2.982451 -0.128713 3.033276
    43 22.311974 -0.000001 0.000001 0.000000 0.000000 -0.388719
    44 22.311966 0.000001 0.000001 -0.138094 -0.105184 0.104344
    45 5.131754 6.470465 0.000002 0.000000 0.000000 1.570796
    46 -5.128649 0.181606 -6.425846 -3.011747 0.107368 3.025289
    47 22.311972 -0.000001 0.000001 0.000000 0.000000 -0.521012
    48 22.311968 0.000001 0.000000 0.185477 0.044100 0.242599
    49 5.131752 6.470467 0.000000 0.000000 0.000000 1.570796
    50 -18.161344 -8.534073 8.935962 -1.403768 -1.443818 -0.147685
    51 -0.280860 -13.472143 -3.813339 0.187422 -0.000086 -0.028347
    52 -17.429821 -9.359584 -9.915888 1.497122 -1.420332 -2.998350
    53 1.729139 -12.405115 -3.280624 0.260189 -0.007273 0.087560
    54 -20.381291 9.933641 -9.943464 1.497111 -1.420333 -2.998337
    55 2.051581 -16.235904 -2.249843 0.260208 -0.007255 0.087544
    56 -16.444878 11.611340 -5.859749 -1.346982 -1.521032 -0.153103
    57 3.979926 -9.269882 -0.563468 0.000000 0.000000 0.000000
    58 0.885534 -17.554847 2.545800 -0.157749 -0.002108 0.043612
    59 -19.957416 10.884345 9.522525 -1.403593 -1.443850 -0.147838
    60 -0.381754 -15.961615 -2.445794 0.187455 -0.000065 -0.028354
    61 2.828451 -0.071583 49.705528 0.000000 0.000000 -3.141591
    62 0.623697 0.000000 0.000000 -0.000086 -1.570451 -1.570709
    63 5.131855 -0.003106 0.000007 -0.000004 -0.000001 0.034787
    64 3.906619 -0.003290 0.000000 0.000000 0.000000 0.046513
    65 4.136856 -0.008541 0.000000 0.000000 0.000000 0.069769
    66 10.751477 -0.002665 0.000000 0.000000 0.000000 0.030000
    67 -3.078401 -1.591902 -2.889401 0.017994 1.370765 3.128431
    68 6.038855 0.000001 -0.000012 0.184657 -0.830690 -0.408307
    69 17.594568 -0.000002 0.000013 0.000000 0.000000 -0.210123
    70 17.982992 0.000000 -0.000002 2.379876 -0.004797 0.044742
    71 -1.448739 22.165060 2.797265 0.862729 0.776422 3.983617
    72 3.353216 0.000000 0.000000 0.438018 -0.048051 -0.270170
  time 91
    0 0.515880 5.416866 48.424239 0.024556 -0.187379 -2.361249
    1 0.623699 0.000000 0.000003 0.000000 -1.570460 -1.570704
    2 5.131858 -0.003107 0.000009 -0.000004 -0.000001 0.034787
    3 3.906668 -0.003288 0.000000 0.000000 0.000384 0.062057
    4 4.137684 -0.008414 -0.000663 0.077219 -0.015161 0.192800
    5 10.751468 -0.002664 0.000000 0.000012 -0.000216 0.031906
    6 3.346881 -0.002666 0.000000 0.000000 0.000000 0.030000
    7 -3.078379 -1.591918 2.889395 0.610710 -1.007420 2.574586
    8 6.038856 0.000000 -0.000001 0.480799 0.586141 -0.709873
    9 17.594566 -0.000004 0.000002 0.000000 0.000000 -0.269916
    10 17.982992 0.000000 -0.000006 -1.686207 -0.174670 0.001304
    11 2.813692 0.799020 -0.493428 2.411840 0.529196 1.109475
    12 2.065373 0.000001 -0.000001 0.000000 0.000000 0.649361
    13 2.094713 -0.000003 -0.000001 0.000000 0.000000 1.092984
    14 7.522001 -0.014966 -1.158110 -0.027860 -0.069746 0.911619
    15 3.200830 0.000001 0.000003 0.000000 0.000000 1.665586
    16 2.731238 0.000000 -0.000001 0.000000 0.000000 1.605716
    17 7.599252 -0.144514 0.591978 -0.045774 -0.060676 0.993546
    18 3.840996 -0.000001 0.000000 0.000000 0.000000 1.756866
    19 3.277485 0.000001 -0.000001 0.000000 0.000000 1.937328
    20 7.447638 -0.525788 2.367265 -0.140593 -0.120304 1.040144
    21 1.595202 -0.000001 -0.000001 0.000000 0.000000 0.255799
    22 1.772448 -0.000002 0.000002 0.000000 0.000000 1.067978
    23 2.053078 1.133877 -2.827966 -0.588950 -0.379171 3.344775
    24 -3.078383 -1.587995 -2.889401 0.018085 1.370567 3.126678
    25 6.038852 0.000004 -0.000008 -0.583875 -0.706827 -0.397288
    26 17.594563 0.000003 -0.000002 0.000000 0.000000 -0.394416
    27 17.982986 -0.000004 0.000005 2.548583 0.274235 -0.496154
    28 2.813690 0.799022 0.493427 -2.853948 0.431148 1.731425
    29 2.065372 -0.000003 0.000001 0.000000 0.000000 0.912325
    30 2.094710 -0.000001 -0.000001 0.000000 0.000000 0.685125
    31 7.521998 -0.014968 1.158108 -0.175699 -0.043345 1.404057
    32 3.200824 0.000000 0.000003 0.000000 0.000000 1.350746
    33 2.731232 0.000000 -0.000003 0.000000 0.000000 0.924163
    34 7.599246 -0.144515 -0.591977 -0.160049 -0.087250 1.261686
    35 3.840997 0.000002 -0.000002 0.000000 0.000000 1.649531
    36 3.277479 0.000002 0.000001 0.000000 0.000000 1.255776
    37 7.447637 -0.525794 -2.367262 0.127901 0.133747 0.940063
    38 1.595204 0.000002 0.000001 0.000000 0.000000 0.756708
    39 1.772446 0.000000 0.000001 0.000000 0.000000 1.255814
    40 49.389511 35.067627 12.791978 -1.037544 0.423055 2.039819
    41 2.475312 0.461350 2.532361 -2.558621 0.195848 -3.108527
    42 -5.128644 0.181574 6.425846 2.982499 -0.128543 3.032470
    43 22.311974 -0.000001 0.000001 0.000000 0.000000 -0.388755
    44 22.311966 0.000001 0.000001 -0.138190 -0.105055 0.104551
    45 5.131754 6.470465 0.000002 0.000000 0.000000 1.570796
    46 -5.128649 0.181606 -6.425846 -3.011831 0.107509 3.024609
    47 22.311972 -0.000001 0.000001 0.000000 0.000000 -0.520782
    48 22.311968 0.000001 0.000000 0.185543 0.044278 0.242637
    49 5.131752 6.470467 0.000000 0.000000 0.000000 1.570796
    50 -18.165250 -8.534073 8.935962 -1.403768 -1.443818 -0.147685
    51 -0.280860 -13.472143 -3.813339 0.187422 -0.000086 -0.028347
    52 -17.429821 -9.355678 -9.915888 1.497122 -1.420332 -2.998350
    53 1.729139 -12.405115 -3.280624 0.260189 -0.007273 0.087560
    54 -20.385197 9.933641 -9.947371 1.497111 -1.420333 -2.998337
    55 2.051581 -16.235904 -2.249843 0.260208 -0.007255 0.087544
    56 -16.444878 11.611340 -5.859749 -1.346982 -1.521032 -0.153187
    57 3.976019 -9.269882 -0.567375 0.000000 0.000000 0.000000
    58 0.885534 -17.554847 2.545800 -0.157749 -0.002108 0.043612
    59 -19.957416 10.884345 9.518618 -1.403593 -1.443850 -0.147838
    60 -0.381754 -15.961615 -2.445794 0.187455 -0.000065 -0.028354
    61 2.828451 -0.071583 49.705528 0.000000 0.000000 -3.141591
    62 0.623697 0.000000 0.000000 -0.000086 -1.570451 -1.570709
    63 5.131855 -0.003106 0.000007 -0.000004 -0.000001 0.034787
    64 3.906619 -0.003290 0.000000 0.000000 0.000000 0.046513
    65 4.136856 -0.008541 0.000000 0.000000 0.000000 0.069769
    66 10.751477 -0.002665 0.000000 0.000000 0.000000 0.030000
    67 -3.078401 -1.591902 -2.889401 0.017994 1.370765 3.128431
    68 6.038855 0.000001 -0.000012 0.184657 -0.830690 -0.408307
    69 17.594568 -0.000002 0.000013 0.000000 0.000000 -0.210123
    70 17.982992 0.000000 -0.000002 2.379876 -0.004797 0.044742
    71 -1.495615 22.223656 2.766014 0.861900 0.776091 3.986396
    72 3.353216 0.000000 0.000000 0.438018 -0.047892 -0.266282
  time 92
    0 0.515880 5.405147 48.428146 0.024556 -0.186372 -2.361249
    1 0.623699 0.000000 0.000003 0.000000 -1.570460 -1.570704
    2 5.131858 -0.003107 0.000009 -0.000004 -0.000001 0.034787
    3 3.906668 -0.003288 0.000000 0.000000 0.000324 0.061554
    4 4.137684 -0.008414 -0.000663 0.077274 -0.014885 0.189199
    5 10.751468 -0.002664 0.000000 0.000012 -0.000192 0.031702
    6 3.346881 -0.002666 0.000000 0.000000 0.000000 0.030000
    7 -3.078379 -1.591918 2.889395 0.620145 -1.015790 2.563566
    8 6.038856 0.000000 -0.000001 0.473841 0.596141 -0.712829
    9 17.594566 -0.000004 0.000002 0.000000 0.000000 -0.266870
    10 17.982992 0.000000 -0.000006 -1.685936 -0.178150 -0.001105
    11 2.813692 0.799020 -0.493428 2.411840 0.529196 1.109475
    12 2.065373 0.000001 -0.000001 0.000000 0.000000 0.649361
    13 2.094713 -0.000003 -0.000001 0.000000 0.000000 1.092984
    14 7.522001 -0.014966 -1.158110 -0.027860 -0.069734 0.911619
    15 3.200830 0.000001 0.000003 0.000000 0.000000 1.665586
    16 2.731238 0.000000 -0.000001 0.000000 0.000000 1.605716
    17 7.599252 -0.144514 0.591978 -0.045774 -0.060676 0.993546
    18 3.840996 -0.000001 0.000000 0.000000 0.000000 1.756866
    19 3.277485 0.000001 -0.000001 0.000000 0.000000 1.937328
    20 7.447638 -0.525788 2.367265 -0.140593 -0.120304 1.040144
    21 1.595202 -0.000001 -0.000001 0.000000 0.000000 0.255799
    22 1.772448 -0.000002 0.000002 0.000000 0.000000 1.067978
    23 2.053078 1.133877 -2.827966 -0.588950 -0.379171 3.344775
    24 -3.078383 -1.587995 -2.889401 0.017994 1.370567 3.126886
    25 6.038852 0.000004 -0.000008 -0.588234 -0.708472 -0.398771
    26 17.594563 0.000003 -0.000002 0.000000 0.000000 -0.392701
    27 17.982986 -0.000004 0.000005 2.551094 0.278373 -0.497250
    28 2.813690 0.799022 0.493427 -2.853948 0.431148 1.731425
    29 2.065372 -0.000003 0.000001 0.000000 0.000000 0.912325
    30 2.094710 -0.000001 -0.000001 0.000000 0.000000 0.685125
    31 7.521998 -0.014968 1.158108 -0.175699 -0.043345 1.404057
    32 3.200824 0.000000 0.000003 0.000000 0.000000 1.350746
    33 2.731232 0.000000 -0.000003 0.000000 0.000000 0.924163
    34 7.599246 -0.144515 -0.591977 -0.160049 -0.087250 1.261686
    35 3.840997 0.000002 -0.000002 0.000000 0.000000 1.649531
    36 3.277479 0.000002 0.000001 0.000000 0.000000 1.255776
    37 7.447637 -0.525794 -2.367262 0.127913 0.133747 0.940063
    38 1.595204 0.000002 0.000001 0.000000 0.000000 0.756708
    39 1.772446 0.000000 0.000001 0.000000 0.000000 1.255814
    40 49.389511 35.067627 12.791978 -1.037544 0.423055 2.039819
    41 2.475312 0.465257 2.532361 -2.558621 0.195848 -3.108527
    42 -5.128644 0.181574 6.425846 2.982547 -0.128354 3.031611
    43 22.311974 -0.000001 0.000001 0.000000 0.000000 -0.388827
    44 22.311966 0.000001 0.000001 -0.138310 -0.104926 0.104837
    45 5.131754 6.470465 0.000002 0.000000 0.000000 1.570796
    46 -5.128649 0.181606 -6.425846 -3.011927 0.107676 3.023929
    47 22.311972 -0.000001 0.000001 0.000000 0.000000 -0.520519
    48 22.311968 0.000001 0.000000 0.185609 0.044510 0.242662
    49 5.131752 6.470467 0.000000 0.000000 0.000000 1.570796
    50 -18.165250 -8.534073 8.935962 -1.403768 -1.443818 -0.147685
    51 -0.280860 -13.472143 -3.813339 0.187422 -0.000086 -0.028347
    52 -17.429821 -9.355678 -9.915888 1.497122 -1.420332 -2.998350
    53 1.729139 -12.405115 -3.280624 0.260189 -0.007273 0.087560
    54 -20.381291 9.933641 -9.947371 1.497111 -1.420333 -2.998337
    55 2.051581 -16.235904 -2.249843 0.260208 -0.007255 0.087544
    56 -16.448785 11.611340 -5.859749 -1.346982 -1.521032 -0.153187
    57 3.976019 -9.269882 -0.567375 0.000000 0.000000 0.000000
    58 0.885534 -17.554847 2.545800 -0.157749 -0.002108 0.043612
    59 -19.961323 10.884345 9.518618 -1.403593 -1.443850 -0.147838
    60 -0.381754 -15.965522 -2.445794 0.187455 -0.000065 -0.028354
    61 2.828451 -0.071583 49.705528 0.000000 0.000000 -3.141591
    62 0.623697 0.000000 0.000000 -0.000086 -1.570451 -1.570709
    63 5.131855 -0.003106 0.000007 -0.000004 -0.000001 0.034787
    64 3.906619 -0.003290 0.000000 0.000000 0.000000 0.046513
    65 4.136856 -0.008541 0.000000 0.000000 0.000000 0.069769
    66 10.751477 -0.002665 0.000000 0.000000 0.000000 0.030000
    67 -3.078401 -1.591902 -2.889401 0.017994 1.370765 3.128431
    68 6.038855 0.000001 -0.000012 0.184657 -0.830690 -0.408307
    69 17.594568 -0.000002 0.000013 0.000000 0.000000 -0.210123
    70 17.982992 0.000000 -0.000002 2.379876 -0.004797 0.044742
    71 -1.550304 22.286158 2.726951 0.860904 0.775926 3.989654
    72 3.353216 0.000000 0.000000 0.438018 -0.047662 -0.262286
  time 93
    0 0.515880 5.389521 48.428146 0.024556 -0.185342 -2.361201
    1 0.623699 0.000000 0.000003 0.000000 -1.570460 -1.570704
    2 5.131858 -0.003107 0.000009 -0.000004 -0.000001 0.034787
    3 3.906668 -0.003288 0.000000 0.000000 0.000252 0.061026
    4 4.137684 -0.008414 -0.000663 0.077342 -0.014597 0.185517
    5 10.751468 -0.002664 0.000000 0.000012 -0.000168 0.031414
    6 3.346881 -0.002666 0.000000 0.000000 0.000000 0.030000
    7 -3.078379 -1.591918 2.889395 0.630057 -1.024223 2.552259
    8 6.038856 0.000000 -0.000001 0.467069 0.606081 -0.715426
    9 17.594566 -0.000004 0.000002 0.000000 0.000000 -0.264527
    10 17.982992 0.000000 -0.000006 -1.685665 -0.182108 -0.003292
    11 2.813692 0.799020 -0.493428 2.411840 0.529196 1.109475
    12 2.065373 0.000001 -0.000001 0.000000 0.000000 0.649361
    13 2.094713 -0.000003 -0.000001 0.000000 0.000000 1.092984
    14 7.522001 -0.014966 -1.158110 -0.027860 -0.069746 0.911619
    15 3.200830 0.000001 0.000003 0.000000 0.000000 1.665586
    16 2.731238 0.000000 -0.000001 0.000000 0.000000 1.605716
    17 7.599252 -0.144514 0.591978 -0.045786 -0.060676 0.993546
    18 3.840996 -0.000001 0.000000 0.000000 0.000000 1.756866
    19 3.277485 0.000001 -0.000001 0.000000 0.000000 1.937328
    20 7.447638 -0.525788 2.367265 -0.140593 -0.120304 1.040144
    21 1.595202 -0.000001 -0.000001 0.000000 0.000000 0.255799
    22 1.772448 -0.000002 0.000002 0.000000 0.000000 1.067978
    23 2.053078 1.133877 -2.827966 -0.588950 -0.379171 3.344775
    24 -3.078383 -1.587995 -2.889401 0.017994 1.370627 3.127137
    25 6.038852 0.000004 -0.000008 -0.593428 -0.710212 -0.400678
    26 17.594563 0.000003 -0.000002 0.000000 0.000000 -0.390573
    27 17.982986 -0.000004 0.000005 2.554309 0.283630 -0.498488
    28 2.813690 0.799022 0.493427 -2.853948 0.431189 1.731425
    29 2.065372 -0.000003 0.000001 0.000000 0.000000 0.912325
    30 2.094710 -0.000001 -0.000001 0.000000 0.000000 0.685125
    31 7.521998 -0.014968 1.158108 -0.175699 -0.043345 1.404057
    32 3.200824 0.000000 0.000003 0.000000 0.000000 1.350746
    33 2.731232 0.000000 -0.000003 0.000000 0.000000 0.924163
    34 7.599246 -0.144515 -0.591977 -0.160049 -0.087250 1.261686
    35 3.840997 0.000002 -0.000002 0.000000 0.000000 1.649531
    36 3.277479 0.000002 0.000001 0.000000 0.000000 1.255776
    37 7.447637 -0.525794 -2.367262 0.127901 0.133747 0.940063
    38 1.595204 0.000002 0.000001 0.000000 0.000000 0.756708
    39 1.772446 0.000000 0.000001 0.000000 0.000000 1.255814
    40 49.389511 35.067627 12.791978 -1.037544 0.423055 2.039819
    41 2.475312 0.461350 2.532361 -2.558621 0.195848 -3.108527
    42 -5.128644 0.181574 6.425846 2.982583 -0.128127 3.030765
    43 22.311974 -0.000001 0.000001 0.000000 0.000000 -0.388971
    44 22.311966 0.000001 0.000001 -0.138406 -0.104723 0.105513
    45 5.131754 6.470465 0.000002 0.000000 0.000000 1.570796
    46 -5.128649 0.181606 -6.425846 -3.012023 0.107842 3.023249
    47 22.311972 -0.000001 0.000001 0.000000 0.000000 -0.520223
    48 22.311968 0.000001 0.000000 0.185698 0.044771 0.242700
    49 5.131752 6.470467 0.000000 0.000000 0.000000 1.570796
    50 -18.161344 -8.534073 8.935962 -1.403768 -1.443818 -0.147685
    51 -0.280860 -13.472143 -3.813339 0.187422 -0.000086 -0.028347
    52 -17.429821 -9.355678 -9.915888 1.497122 -1.420332 -2.998350
    53 1.729139 -12.405115 -3.280624 0.260189 -0.007273 0.087560
    54 -20.381291 9.933641 -9.943464 1.497111 -1.420333 -2.998337
    55 2.051581 -16.235904 -2.249843 0.260208 -0.007255 0.087544
    56 -16.444878 11.611340 -5.855842 -1.346982 -1.521032 -0.153103
    57 3.976019 -9.269882 -0.567375 0.000000 0.000000 0.000000
    58 0.885534 -17.554847 2.545800 -0.157749 -0.002108 0.043612
    59 -19.957416 10.884345 9.518618 -1.403593 -1.443850 -0.147838
    60 -0.381754 -15.961615 -2.445794 0.187455 -0.000065 -0.028354
    61 2.828451 -0.071583 49.705528 0.000000 0.000000 -3.141591
    62 0.623697 0.000000 0.000000 -0.000086 -1.570451 -1.570709
    63 5.131855 -0.003106 0.000007 -0.000004 -0.000001 0.034787
    64 3.906619 -0.003290 0.000000 0.000000 0.000000 0.046513
    65 4.136856 -0.008541 0.000000 0.000000 0.000000 0.069769
    66 10.751477 -0.002665 0.000000 0.000000 0.000000 0.030000
    67 -3.078401 -1.591902 -2.889401 0.017994 1.370765 3.128431
    68 6.038855 0.000001 -0.000012 0.184657 -0.830690 -0.408307
    69 17.594568 -0.000002 0.000013 0.000000 0.000000 -0.210123
    70 17.982992 0.000000 -0.000002 2.379876 -0.004797 0.044742
    71 -1.604993 22.356472 2.687887 0.859826 0.775967 3.993296
    72 3.349310 0.000000 0.000000 0.438067 -0.047388 -0.258245
  time 94
    0 0.515880 5.381708 48.432052 0.024544 -0.184311 -2.361201
    1 0.623699 0.000000 0.000003 0.000000 -1.570460 -1.570704
    2 5.131858 -0.003107 0.000009 -0.000004 -0.000001 0.034787
    3 3.906668 -0.003288 0.000000 0.000000 0.000192 0.060535
    4 4.137684 -0.008414 -0.000663 0.077383 -0.014322 0.181883
    5 10.751468 -0.002664 0.000000 0.000000 -0.000132 0.031115
    6 3.346881 -0.002666 0.000000 0.000000 0.000000 0.030000
    7 -3.078379 -1.591918 2.889395 0.640254 -1.032530 2.540664
    8 6.038856 0.000000 -0.000001 0.460389 0.615735 -0.717755
    9 17.594566 -0.000004 0.000002 0.000000 0.000000 -0.262840
    10 17.982992 0.000000 -0.000006 -1.685428 -0.186284 -0.005281
    11 2.813692 0.799020 -0.493428 2.411840 0.529196 1.109475
    12 2.065373 0.000001 -0.000001 0.000000 0.000000 0.649361
    13 2.094713 -0.000003 -0.000001 0.000000 0.000000 1.093020
    14 7.522001 -0.014966 -1.158110 -0.027860 -0.069746 0.911619
    15 3.200830 0.000001 0.000003 0.000000 0.000000 1.665586
    16 2.731238 0.000000 -0.000001 0.000000 0.000000 1.605716
    17 7.599252 -0.144514 0.591978 -0.045786 -0.060676 0.993546
    18 3.840996 -0.000001 0.000000 0.000000 0.000000 1.756866
    19 3.277485 0.000001 -0.000001 0.000000 0.000000 1.937328
    20 7.447638 -0.525788 2.367265 -0.140593 -0.120304 1.040144
    21 1.595202 -0.000001 -0.000001 0.000000 0.000000 0.255799
    22 1.772448 -0.000002 0.000002 0.000000 0.000000 1.067978
    23 2.053078 1.133877 -2.827966 -0.588950 -0.379171 3.344775
    24 -3.078383 -1.591902 -2.889401 0.017994 1.370646 3.127429
    25 6.038852 0.000004 -0.000008 -0.599161 -0.711889 -0.402967
    26 17.594563 0.000003 -0.000002 0.000000 0.000000 -0.388230
    27 17.982986 -0.000004 0.000005 2.557942 0.289520 -0.499775
    28 2.813690 0.799022 0.493427 -2.853948 0.431148 1.731425
    29 2.065372 -0.000003 0.000001 0.000000 0.000000 0.912325
    30 2.094710 -0.000001 -0.000001 0.000000 0.000000 0.685125
    31 7.521998 -0.014968 1.158108 -0.175699 -0.043345 1.404057
    32 3.200824 0.000000 0.000003 0.000000 0.000000 1.350746
    33 2.731232 0.000000 -0.000003 0.000000 0.000000 0.924163
    34 7.599246 -0.144515 -0.591977 -0.160049 -0.087250 1.261686
    35 3.840997 0.000002 -0.000002 0.000000 0.000000 1.649531
    36 3.277479 0.000002 0.000001 0.000000 0.000000 1.255776
    37 7.447637 -0.525794 -2.367262 0.127913 0.133733 0.940063
    38 1.595204 0.000002 0.000001 0.000000 0.000000 0.756708
    39 1.772446 0.000000 0.000001 0.000000 0.000000 1.255814
    40 49.389511 35.067627 12.791978 -1.037544 0.423055 2.039819
    41 2.475312 0.465257 2.532361 -2.558621 0.195848 -3.108527
    42 -5.128644 0.181574 6.425846 2.982631 -0.127919 3.029893
    43 22.311974 -0.000001 0.000001 0.000000 0.000000 -0.389078
    44 22.311966 0.000001 0.000001 -0.138526 -0.104594 0.105487
    45 5.131754 6.470465 0.000002 0.000000 0.000000 1.570796
    46 -5.128649 0.181606 -6.425846 -3.012119 0.108022 3.022593
    47 22.311972 -0.000001 0.000001 0.000000 0.000000 -0.519894
    48 22.311968 0.000001 0.000000 0.185764 0.045031 0.242764
    49 5.131752 6.470467 0.000000 0.000000 0.000000 1.570796
    50 -18.161344 -8.534073 8.935962 -1.403768 -1.443818 -0.147610
    51 -0.280860 -13.472143 -3.813339 0.187422 -0.000086 -0.028347
    52 -17.429821 -9.355678 -9.915888 1.497122 -1.420332 -2.998350
    53 1.729139 -12.405115 -3.280624 0.260189 -0.007273 0.087560
    54 -20.381291 9.933641 -9.943464 1.497111 -1.420333 -2.998337
    55 2.051581 -16.235904 -2.249843 0.260208 -0.007255 0.087544
    56 -16.444878 11.611340 -5.855842 -1.346982 -1.521032 -0.153187
    57 3.976019 -9.269882 -0.563468 0.000000 0.000000 0.000000
    58 0.885534 -17.554847 2.545800 -0.157749 -0.002108 0.043612
    59 -19.957416 10.884345 9.518618 -1.403593 -1.443850 -0.147838
    60 -0.381754 -15.961615 -2.445794 0.187455 -0.000065 -0.028354
    61 2.828451 -0.071583 49.705528 0.000000 0.000000 -3.141591
    62 0.623697 0.000000 0.000000 -0.000086 -1.570451 -1.570709
    63 5.131855 -0.003106 0.000007 -0.000004 -0.000001 0.034787
    64 3.906619 -0.003290 0.000000 0.000000 0.000000 0.046513
    65 4.136856 -0.008541 0.000000 0.000000 0.000000 0.069769
    66 10.751477 -0.002665 0.000000 0.000000 0.000000 0.030000
    67 -3.078401 -1.591902 -2.889401 0.017994 1.370765 3.128431
    68 6.038855 0.000001 -0.000012 0.184657 -0.830690 -0.408307
    69 17.594568 -0.000002 0.000013 0.000000 0.000000 -0.210123
    70 17.982992 0.000000 -0.000002 2.379876 -0.004797 0.044742
    71 -1.659683 22.415068 2.644917 0.858665 0.776091 3.997225
    72 3.349310 0.000000 0.000000 0.438067 -0.047100 -0.254248
  time 95
    0 0.515880 5.366083 48.432052 0.024544 -0.183328 -2.361153
    1 0.623699 0.000000 0.000003 0.000000 -1.570460 -1.570704
    2 5.131858 -0.003107 0.000009 -0.000004 -0.000001 0.034787
    3 3.906668 -0.003288 0.000000 0.000000 0.000132 0.060056
    4 4.137684 -0.008414 -0.000663 0.077451 -0.014046 0.178362
    5 10.751468 -0.002664 0.000000 0.000000 -0.000084 0.030791
    6 3.346881 -0.002666 0.000000 0.000000 0.000000 0.030000
    7 -3.078379 -1.591918 2.889395 0.650357 -1.040525 2.529261
    8 6.038856 0.000000 -0.000001 0.453988 0.624900 -0.719905
    9 17.594566 -0.000004 0.000002 0.000000 0.000000 -0.261482
    10 17.982992 0.000000 -0.000006 -1.685224 -0.190459 -0.007027
    11 2.813692 0.799020 -0.493428 2.411840 0.529196 1.109475
    12 2.065373 0.000001 -0.000001 0.000000 0.000000 0.649361
    13 2.094713 -0.000003 -0.000001 0.000000 0.000000 1.092984
    14 7.522001 -0.014966 -1.158110 -0.027860 -0.069746 0.911619
    15 3.200830 0.000001 0.000003 0.000000 0.000000 1.665586
    16 2.731238 0.000000 -0.000001 0.000000 0.000000 1.605716
    17 7.599252 -0.144514 0.591978 -0.045774 -0.060688 0.993546
    18 3.840996 -0.000001 0.000000 0.000000 0.000000 1.756866
    19 3.277485 0.000001 -0.000001 0.000000 0.000000 1.937328
    20 7.447638 -0.525788 2.367265 -0.140593 -0.120304 1.040144
    21 1.595202 -0.000001 -0.000001 0.000000 0.000000 0.255799
    22 1.772448 -0.000002 0.000002 0.000000 0.000000 1.067978
    23 2.053078 1.133877 -2.827966 -0.588950 -0.379171 3.344775
    24 -3.078383 -1.591902 -2.889401 0.017994 1.370706 3.127721
    25 6.038852 0.000004 -0.000008 -0.604893 -0.713629 -0.405425
    26 17.594563 0.000003 -0.000002 0.000000 0.000000 -0.385838
    27 17.982986 -0.000004 0.000005 2.561689 0.295596 -0.501013
    28 2.813690 0.799022 0.493427 -2.853948 0.431148 1.731425
    29 2.065372 -0.000003 0.000001 0.000000 0.000000 0.912325
    30 2.094710 -0.000001 -0.000001 0.000000 0.000000 0.685125
    31 7.521998 -0.014968 1.158108 -0.175699 -0.043345 1.404057
    32 3.200824 0.000000 0.000003 0.000000 0.000000 1.350746
    33 2.731232 0.000000 -0.000003 0.000000 0.000000 0.924163
    34 7.599246 -0.144515 -0.591977 -0.160049 -0.087250 1.261686
    35 3.840997 0.000002 -0.000002 0.000000 0.000000 1.649531
    36 3.277479 0.000002 0.000001 0.000000 0.000000 1.255776
    37 7.447637 -0.525794 -2.367262 0.127913 0.133747 0.940063
    38 1.595204 0.000002 0.000001 0.000000 0.000000 0.756708
    39 1.772446 0.000000 0.000001 0.000000 0.000000 1.255814
    40 49.389511 35.067627 12.791978 -1.037544 0.423055 2.039819
    41 2.475312 0.465257 2.532361 -2.558621 0.195848 -3.108527
    42 -5.128644 0.181574 6.425846 2.982667 -0.127692 3.029073
    43 22.311974 -0.000001 0.000001 0.000000 0.000000 -0.389222
    44 22.311966 0.000001 0.000001 -0.138622 -0.104428 0.105851
    45 5.131754 6.470465 0.000002 0.000000 0.000000 1.570796
    46 -5.128649 0.181606 -6.425846 -3.012215 0.108201 3.021960
    47 22.311972 -0.000001 0.000001 0.000000 0.000000 -0.519630
    48 22.311968 0.000001 0.000000 0.185830 0.045264 0.242815
    49 5.131752 6.470467 0.000000 0.000000 0.000000 1.570796
    50 -18.161344 -8.534073 8.935962 -1.403768 -1.443818 -0.147610
    51 -0.280860 -13.472143 -3.813339 0.187422 -0.000086 -0.028347
    52 -17.429821 -9.355678 -9.915888 1.497122 -1.420332 -2.998350
    53 1.729139 -12.405115 -3.280624 0.260189 -0.007273 0.087560
    54 -20.385197 9.933641 -9.943464 1.497111 -1.420333 -2.998349
    55 2.051581 -16.235904 -2.249843 0.260208 -0.007255 0.087544
    56 -16.448785 11.611340 -5.855842 -1.346982 -1.521032 -0.153103
    57 3.976019 -9.269882 -0.567375 0.000000 0.000000 0.000000
    58 0.885534 -17.554847 2.545800 -0.157749 -0.002108 0.043612
    59 -19.957416 10.884345 9.522525 -1.403593 -1.443850 -0.147838
    60 -0.381754 -15.965522 -2.445794 0.187455 -0.000065 -0.028354
    61 2.828451 -0.071583 49.705528 0.000000 0.000000 -3.141591
    62 0.623697 0.000000 0.000000 -0.000086 -1.570451 -1.570709
    63 5.131855 -0.003106 0.000007 -0.000004 -0.000001 0.034787
    64 3.906619 -0.003290 0.000000 0.000000 0.000000 0.046513
    65 4.136856 -0.008541 0.000000 0.000000 0.000000 0.069769
    66 10.751477 -0.002665 0.000000 0.000000 0.000000 0.030000
    67 -3.078401 -1.591902 -2.889401 0.017994 1.370765 3.128431
    68 6.038855 0.000001 -0.000012 0.184657 -0.830690 -0.408307
    69 17.594568 -0.000002 0.000013 0.000000 0.000000 -0.210123
    70 17.982992 0.000000 -0.000002 2.379876 -0.004797 0.044742
    71 -1.714372 22.489289 2.598041 0.857587 0.776133 4.001250
    72 3.349310 0.000000 0.000000 0.438116 -0.046812 -0.250426
  time 96
    0 0.515880 5.354364 48.432052 0.024544 -0.182441 -2.361153
    1 0.623699 0.000000 0.000003 0.000000 -1.570460 -1.570704
    2 5.131858 -0.003107 0.000009 -0.000004 -0.000001 0.034787
    3 3.906668 -0.003288 0.000000 0.000000 0.000072 0.059636
    4 4.137684 -0.008414 -0.000663 0.077478 -0.013782 0.175084
    5 10.751468 -0.002664 0.000000 0.000000 -0.000048 0.030479
    6 3.346881 -0.002666 0.000000 0.000000 0.000000 0.030000
    7 -3.078379 -1.591918 2.889395 0.660364 -1.048052 2.517953
    8 6.038856 0.000000 -0.000001 0.447958 0.633332 -0.721786
    9 17.594566 -0.000004 0.000002 0.000000 0.000000 -0.260685
    10 17.982992 0.000000 -0.000006 -1.684987 -0.194418 -0.008551
    11 2.813692 0.799020 -0.493428 2.411840 0.529184 1.109475
    12 2.065373 0.000001 -0.000001 0.000000 0.000000 0.649361
    13 2.094713 -0.000003 -0.000001 0.000000 0.000000 1.092984
    14 7.522001 -0.014966 -1.158110 -0.027860 -0.069734 0.911619
    15 3.200830 0.000001 0.000003 0.000000 0.000000 1.665586
    16 2.731238 0.000000 -0.000001 0.000000 0.000000 1.605716
    17 7.599252 -0.144514 0.591978 -0.045774 -0.060688 0.993546
    18 3.840996 -0.000001 0.000000 0.000000 0.000000 1.756866
    19 3.277485 0.000001 -0.000001 0.000000 0.000000 1.937328
    20 7.447638 -0.525788 2.367265 -0.140593 -0.120304 1.040144
    21 1.595202 -0.000001 -0.000001 0.000000 0.000000 0.255799
    22 1.772448 -0.000002 0.000002 0.000000 0.000000 1.067978
    23 2.049172 1.133877 -2.827966 -0.588950 -0.379171 3.344775
    24 -3.078383 -1.591902 -2.889401 0.017994 1.370725 3.128014
    25 6.038852 0.000004 -0.000008 -0.609908 -0.715274 -0.407968
    26 17.594563 0.000003 -0.000002 0.000000 0.000000 -0.383512
    27 17.982986 -0.000004 0.000005 2.565170 0.301300 -0.502204
    28 2.813690 0.799022 0.493427 -2.853948 0.431148 1.731425
    29 2.065372 -0.000003 0.000001 0.000000 0.000000 0.912325
    30 2.094710 -0.000001 -0.000001 0.000000 0.000000 0.685125
    31 7.521998 -0.014968 1.158108 -0.175699 -0.043345 1.404057
    32 3.200824 0.000000 0.000003 0.000000 0.000000 1.350746
    33 2.731232 0.000000 -0.000003 0.000000 0.000000 0.924163
    34 7.599246 -0.144515 -0.591977 -0.160049 -0.087250 1.261686
    35 3.840997 0.000002 -0.000002 0.000000 0.000000 1.649531
    36 3.277479 0.000002 0.000001 0.000000 0.000000 1.255776
    37 7.447637 -0.525794 -2.367262 0.127913 0.133747 0.940063
    38 1.595204 0.000002 0.000001 0.000000 0.000000 0.756708
    39 1.772446 0.000000 0.000001 0.000000 0.000000 1.255814
    40 49.389511 35.067627 12.791978 -1.037544 0.423055 2.039819
    41 2.475312 0.465257 2.532361 -2.558621 0.195848 -3.108527
    42 -5.128644 0.181574 6.425846 2.982703 -0.127502 3.028320
    43 22.311974 -0.000001 0.000001 0.000000 0.000000 -0.389294
    44 22.311966 0.000001 0.000001 -0.138718 -0.104299 0.106137
    45 5.131754 6.470465 0.000002 0.000000 0.000000 1.570796
    46 -5.128649 0.181606 -6.425846 -3.012299 0.108355 3.021397
    47 22.311972 -0.000001 0.000001 0.000000 0.000000 -0.519400
    48 22.311968 0.000001 0.000000 0.185896 0.045483 0.242840
    49 5.131752 6.470467 0.000000 0.000000 0.000000 1.570796
    50 -18.165250 -8.534073 8.935962 -1.403768 -1.443818 -0.147685
    51 -0.280860 -13.472143 -3.813339 0.187422 -0.000086 -0.028347
    52 -17.429821 -9.355678 -9.915888 1.497122 -1.420332 -2.998350
    53 1.729139 -12.405115 -3.280624 0.260189 -0.007273 0.087560
    54 -20.385197 9.933641 -9.947371 1.497111 -1.420333 -2.998337
    55 2.051581 -16.235904 -2.249843 0.260208 -0.007255 0.087544
    56 -16.448785 11.611340 -5.859749 -1.346982 -1.521032 -0.153187
    57 3.976019 -9.269882 -0.567375 0.000000 0.000000 0.000000
    58 0.885534 -17.554847 2.545800 -0.157749 -0.002108 0.043612
    59 -19.961323 10.884345 9.518618 -1.403593 -1.443850 -0.147838
    60 -0.381754 -15.961615 -2.445794 0.187455 -0.000065 -0.028354
    61 2.828451 -0.071583 49.705528 0.000000 0.000000 -3.141591
    62 0.623697 0.000000 0.000000 -0.000086 -1.570451 -1.570709
    63 5.131855 -0.003106 0.000007 -0.000004 -0.000001 0.034787
    64 3.906619 -0.003290 0.000000 0.000000 0.000000 0.046513
    65 4.136856 -0.008541 0.000000 0.000000 0.000000 0.069769
    66 10.751477 -0.002665 0.000000 0.000000 0.000000 0.030000
    67 -3.078401 -1.591902 -2.889401 0.017994 1.370765 3.128431
    68 6.038855 0.000001 -0.000012 0.184657 -0.830690 -0.408307
    69 17.594568 -0.000002 0.000013 0.000000 0.000000 -0.210123
    70 17.982992 0.000000 -0.000002 2.379876 -0.004797 0.044742
    71 -1.769061 22.555697 2.558977 0.856509 0.776257 4.005083
    72 3.349310 0.000000 0.000000 0.438165 -0.046538 -0.246910
  time 97
    0 0.515880 5.342645 48.435958 0.024532 -0.181686 -2.361105
    1 0.623699 0.000000 0.000003 0.000000 -1.570796 -1.570704
    2 5.131858 -0.003107 0.000009 -0.000004 -0.000001 0.034787
    3 3.906668 -0.003288 0.000000 0.000000 0.000036 0.059325
    4 4.137684 -0.008414 -0.000663 0.077519 -0.013567 0.172144
    5 10.751468 -0.002664 0.000000 0.000000 -0.000024 0.030228
    6 3.346881 -0.002666 0.000000 0.000000 0.000000 0.030000
    7 -3.078379 -1.591918 2.889395 0.669799 -1.054923 2.507316
    8 6.038856 0.000000 -0.000001 0.442484 0.640807 -0.723487
    9 17.594566 -0.000004 0.000002 0.000000 0.000000 -0.260123
    10 17.982992 0.000000 -0.000006 -1.684750 -0.197941 -0.009789
    11 2.813692 0.799020 -0.493428 2.411840 0.529196 1.109475
    12 2.065373 0.000001 -0.000001 0.000000 0.000000 0.649361
    13 2.094713 -0.000003 -0.000001 0.000000 0.000000 1.092984
    14 7.522001 -0.014966 -1.158110 -0.027860 -0.069746 0.911619
    15 3.200830 0.000001 0.000003 0.000000 0.000000 1.665586
    16 2.731238 0.000000 -0.000001 0.000000 0.000000 1.605716
    17 7.599252 -0.144514 0.591978 -0.045786 -0.060676 0.993546
    18 3.840996 -0.000001 0.000000 0.000000 0.000000 1.756866
    19 3.277485 0.000001 -0.000001 0.000000 0.000000 1.937328
    20 7.447638 -0.525788 2.367265 -0.140593 -0.120304 1.040144
    21 1.595202 -0.000001 -0.000001 0.000000 0.000000 0.255799
    22 1.772448 -0.000002 0.000002 0.000000 0.000000 1.067978
    23 2.049172 1.133877 -2.827966 -0.588950 -0.379171 3.344775
    24 -3.078383 -1.591902 -2.889401 0.017994 1.370745 3.128222
    25 6.038852 0.000004 -0.000008 -0.614028 -0.716793 -0.410299
    26 17.594563 0.000003 -0.000002 0.000000 0.000000 -0.381482
    27 17.982986 -0.000004 0.000005 2.568081 0.306146 -0.503252
    28 2.813690 0.799022 0.493427 -2.853948 0.431148 1.731425
    29 2.065372 -0.000003 0.000001 0.000000 0.000000 0.912325
    30 2.094710 -0.000001 -0.000001 0.000000 0.000000 0.685125
    31 7.521998 -0.014968 1.158108 -0.175699 -0.043345 1.404057
    32 3.200824 0.000000 0.000003 0.000000 0.000000 1.350746
    33 2.731232 0.000000 -0.000003 0.000000 0.000000 0.924163
    34 7.599246 -0.144515 -0.591977 -0.160049 -0.087250 1.261686
    35 3.840997 0.000002 -0.000002 0.000000 0.000000 1.649531
    36 3.277479 0.000002 0.000001 0.000000 0.000000 1.255776
    37 7.447637 -0.525794 -2.367262 0.127913 0.133747 0.940063
    38 1.595204 0.000002 0.000001 0.000000 0.000000 0.756708
    39 1.772446 0.000000 0.000001 0.000000 0.000000 1.255814
    40 49.389511 35.067627 12.791978 -1.037544 0.423055 2.039819
    41 2.475312 0.465257 2.532361 -2.558621 0.195848 -3.108527
    42 -5.128644 0.181574 6.425846 2.982727 -0.127332 3.027685
    43 22.311974 -0.000001 0.000001 0.000000 0.000000 -0.389401
    44 22.311966 0.000001 0.000001 -0.138814 -0.104170 0.106371
    45 5.131754 6.470465 0.000002 0.000000 0.000000 1.570796
    46 -5.128649 0.181606 -6.425846 -3.012359 0.108496 3.020858
    47 22.311972 -0.000001 0.000001 0.000000 0.000000 -0.519203
    48 22.311968 0.000001 0.000000 0.185940 0.045661 0.242891
    49 5.131752 6.470467 0.000000 0.000000 0.000000 1.570796
    50 -18.161344 -8.534073 8.935962 -1.403768 -1.443818 -0.147610
    51 -0.280860 -13.472143 -3.813339 0.187422 -0.000086 -0.028347
    52 -17.429821 -9.355678 -9.915888 1.497122 -1.420332 -2.998350
    53 1.725232 -12.405115 -3.280624 0.260189 -0.007273 0.087560
    54 -20.385197 9.933641 -9.947371 1.497111 -1.420333 -2.998337
    55 2.051581 -16.235904 -2.249843 0.260208 -0.007255 0.087544
    56 -16.444878 11.611340 -5.859749 -1.346982 -1.521032 -0.153103
    57 3.979926 -9.269882 -0.563468 0.000000 0.000000 0.000000
    58 0.885534 -17.554847 2.545800 -0.157749 -0.002108 0.043612
    59 -19.961323 10.884345 9.522525 -1.403593 -1.443850 -0.147838
    60 -0.381754 -15.961615 -2.445794 0.187455 -0.000065 -0.028354
    61 2.828451 -0.071583 49.705528 0.000000 0.000000 -3.141591
    62 0.623697 0.000000 0.000000 -0.000086 -1.570451 -1.570709
    63 5.131855 -0.003106 0.000007 -0.000004 -0.000001 0.034787
    64 3.906619 -0.003290 0.000000 0.000000 0.000000 0.046513
    65 4.136856 -0.008541 0.000000 0.000000 0.000000 0.069769
    66 10.751477 -0.002665 0.000000 0.000000 0.000000 0.030000
    67 -3.078401 -1.591902 -2.889401 0.017994 1.370765 3.128431
    68 6.038855 0.000001 -0.000012 0.184657 -0.830690 -0.408307
    69 17.594568 -0.000002 0.000013 0.000000 0.000000 -0.210123
    70 17.982992 0.000000 -0.000002 2.379876 -0.004797 0.044742
    71 -1.823750 22.614293 2.527726 0.855763 0.776505 4.008724
    72 3.353216 0.000000 0.000000 0.438165 -0.046322 -0.243765
  time 98
    0 0.515880 5.334832 48.435958 0.024532 -0.180704 -2.361105
    1 0.623699 0.000000 0.000003 0.000000 -1.570460 -1.570704
    2 5.131858 -0.003107 0.000009 -0.000004 -0.000001 0.034787
    3 3.906668 -0.003288 0.000000 0.000000 0.000000 0.059025
    4 4.137684 -0.008414 -0.000663 0.077587 -0.013207 0.167639
    5 10.751468 -0.002664 0.000000 0.000000 0.000000 0.030000
    6 3.346881 -0.002666 0.000000 0.000000 0.000000 0.030000
    7 -3.078379 -1.591918 2.889395 0.685906 -1.066135 2.489205
    8 6.038856 0.000000 -0.000001 0.433207 0.652009 -0.726353
    9 17.594566 -0.000004 0.000002 0.000000 0.000000 -0.259701
    10 17.982992 0.000000 -0.000006 -1.684411 -0.202704 -0.011358
    11 2.813692 0.799020 -0.493428 2.411840 0.529196 1.109475
    12 2.065373 0.000001 -0.000001 0.000000 0.000000 0.649361
    13 2.094713 -0.000003 -0.000001 0.000000 0.000000 1.092984
    14 7.522001 -0.014966 -1.158110 -0.027860 -0.069746 0.911619
    15 3.200830 0.000001 0.000003 0.000000 0.000000 1.665586
    16 2.731238 0.000000 -0.000001 0.000000 0.000000 1.605716
    17 7.599252 -0.144514 0.591978 -0.045774 -0.060676 0.993546
    18 3.840996 -0.000001 0.000000 0.000000 0.000000 1.756866
    19 3.277485 0.000001 -0.000001 0.000000 0.000000 1.937328
    20 7.447638 -0.525788 2.367265 -0.140593 -0.120304 1.040144
    21 1.595202 -0.000001 -0.000001 0.000000 0.000000 0.255799
    22 1.772448 -0.000002 0.000002 0.000000 0.000000 1.067978
    23 2.053078 1.133877 -2.827966 -0.588950 -0.379171 3.344775
    24 -3.078383 -1.591902 -2.889401 0.017994 1.370765 3.128431
    25 6.038852 0.000004 -0.000008 -0.617253 -0.719577 -0.414749
    26 17.594563 0.000003 -0.000002 0.000000 0.000000 -0.379008
    27 17.982986 -0.000004 0.000005 2.570877 0.311402 -0.504777
    28 2.813690 0.799022 0.493427 -2.853948 0.431148 1.731425
    29 2.065372 -0.000003 0.000001 0.000000 0.000000 0.912325
    30 2.094710 -0.000001 -0.000001 0.000000 0.000000 0.685125
    31 7.521998 -0.014968 1.158108 -0.175699 -0.043345 1.404057
    32 3.200824 0.000000 0.000003 0.000000 0.000000 1.350746
    33 2.731232 0.000000 -0.000003 0.000000 0.000000 0.924163
    34 7.599246 -0.144515 -0.591977 -0.160049 -0.087250 1.261686
    35 3.840997 0.000002 -0.000002 0.000000 0.000000 1.649531
    36 3.277479 0.000002 0.000001 0.000000 0.000000 1.255776
    37 7.447637 -0.525794 -2.367262 0.127913 0.133747 0.940063
    38 1.595204 0.000002 0.000001 0.000000 0.000000 0.756708
    39 1.772446 0.000000 0.000001 0.000000 0.000000 1.255814
    40 49.389511 35.067627 12.791978 -1.037544 0.423055 2.039819
    41 2.475312 0.465257 2.532361 -2.558621 0.195848 -3.108527
    42 -5.128644 0.181574 6.425846 2.982775 -0.127200 3.026774
    43 22.311974 -0.000001 0.000001 0.000000 0.000000 -0.389545
    44 22.311966 0.000001 0.000001 -0.138910 -0.104078 0.106605
    45 5.131754 6.470465 0.000002 0.000000 0.000000 1.570796
    46 -5.128649 0.181606 -6.425846 -3.012455 0.108598 3.020107
    47 22.311972 -0.000001 0.000001 0.000000 0.000000 -0.519038
    48 22.311968 0.000001 0.000000 0.186028 0.045839 0.242916
    49 5.131752 6.470467 0.000000 0.000000 0.000000 1.570796
    50 -18.161344 -8.534073 8.935962 -1.403768 -1.443818 -0.147685
    51 -0.280860 -13.472143 -3.813339 0.187422 -0.000086 -0.028347
    52 -17.429821 -9.355678 -9.915888 1.497122 -1.420332 -2.998350
    53 1.729139 -12.405115 -3.280624 0.260189 -0.007273 0.087560
    54 -20.385197 9.933641 -9.947371 1.497111 -1.420333 -2.998337
    55 2.051581 -16.235904 -2.249843 0.260208 -0.007255 0.087544
    56 -16.444878 11.611340 -5.859749 -1.346982 -1.521032 -0.153187
    57 3.979926 -9.269882 -0.567375 0.000000 0.000000 0.000000
    58 0.885534 -17.554847 2.545800 -0.157749 -0.002108 0.043612
    59 -19.957416 10.884345 9.522525 -1.403593 -1.443850 -0.147838
    60 -0.381754 -15.961615 -2.445794 0.187455 -0.000065 -0.028354
    61 2.828451 -0.071583 49.705528 0.000000 0.000000 -3.141591
    62 0.623697 0.000000 0.000000 -0.000086 -1.570451 -1.570709
    63 5.131855 -0.003106 0.000007 -0.000004 -0.000001 0.034787
    64 3.906619 -0.003290 0.000000 0.000000 0.000000 0.046513
    65 4.136856 -0.008541 0.000000 0.000000 0.000000 0.069769
    66 10.751477 -0.002665 0.000000 0.000000 0.000000 0.030000
    67 -3.078401 -1.591902 -2.889401 0.017994 1.370765 3.128431
    68 6.038855 0.000001 -0.000012 0.184657 -0.830690 -0.408307
    69 17.594568 -0.000002 0.000013 0.000000 0.000000 -0.210123
    70 17.982992 0.000000 -0.000002 2.379876 -0.004797 0.044742
    71 -1.921409 22.735390 2.453505 0.853607 0.775636 4.014187
    72 3.353216 0.000000 0.000000 0.438214 -0.046120 -0.239069
end
