// Created by Crowbar 0.74
version 1
nodes
  0 "Bip01" -1
  1 "Bip01 Pelvis" 0
  2 "Bip01 Spine" 1
  3 "Bip01 Neck" 2
  4 "Bip01 R Clavicle" 3
  5 "Bip01 R UpperArm" 4
  6 "Bip01 R Forearm" 5
  7 "Bip01 R Hand" 6
  8 "Bip01 R Finger0" 7
  9 "Bip01 R Finger01" 8
  10 "Bip01 R Finger02" 9
  11 "Bip01 R Finger1" 7
  12 "Bip01 R Finger11" 11
  13 "Bip01 R Finger12" 12
  14 "Bip01 R Finger2" 7
  15 "Bip01 R Finger21" 14
  16 "Bip01 R Finger22" 15
  17 "Bip01 R Finger3" 7
  18 "Bip01 R Finger31" 17
  19 "Bip01 R Finger32" 18
  20 "Bip01 R Finger4" 7
  21 "Bip01 R Finger41" 20
  22 "Bip01 R Finger42" 21
  23 "Dummy14" 7
end
skeleton
  time 0
    0 0.134087 2.725324 -24.816700 0.000000 0.000000 -1.570795
    1 0.000000 0.000000 0.000000 -0.000086 -1.570451 -1.570709
    2 4.443617 -0.009642 0.000006 -0.000004 -0.000001 0.000796
    3 12.111411 -0.011446 0.000000 0.000000 0.000000 0.000000
    4 0.000010 0.011449 -1.352403 -0.000014 1.370796 3.140783
    5 6.078084 0.000000 0.000002 0.894356 -0.582210 -1.016244
    6 13.446754 0.000003 0.000002 0.000000 0.000000 -1.428897
    7 15.996999 -0.000003 -0.000002 1.469645 -0.107442 0.268047
    8 1.885324 0.833279 2.177877 1.155813 -0.579400 0.719240
    9 1.506963 -0.000002 -0.000001 0.000000 0.000000 -0.139626
    10 0.798349 -0.000002 0.000000 0.000000 0.000000 -0.148345
    11 3.950301 -0.539875 2.108871 -0.044172 -0.150800 0.291243
    12 1.545796 0.000001 0.000001 0.000000 0.000000 0.427615
    13 1.667398 0.000001 0.000001 0.000000 0.000000 0.314161
    14 3.899457 -0.475374 1.170890 0.000796 0.000000 0.000000
    15 1.528214 -0.000001 0.000001 0.000000 0.000000 0.244353
    16 1.528213 0.000002 -0.000002 0.000000 0.000000 0.479965
    17 3.899459 -0.431802 -0.168228 0.000796 0.000000 0.000000
    18 1.506960 0.000001 0.000000 0.000000 0.000000 0.270536
    19 1.506961 0.000001 0.000002 0.000000 0.000000 -0.034901
    20 3.915632 -0.278018 -1.402609 0.000796 0.000000 0.000000
    21 1.333079 -0.000001 0.000001 0.000000 0.000000 0.087283
    22 1.159206 0.000001 0.000001 0.000000 0.000000 0.218166
    23 7.048948 4.318974 -1.101198 1.587526 -0.821333 3.144905
  time 1
    0 0.134087 2.725324 -24.816700 0.000000 0.000000 -1.570795
    1 0.000000 0.000000 0.000000 -0.000086 -1.570451 -1.570709
    2 4.443617 -0.009642 0.000006 -0.000004 -0.000001 0.000796
    3 12.111411 -0.011446 0.000000 0.000000 0.000000 0.000000
    4 0.000010 0.011449 -1.352403 -0.000014 1.370796 3.140783
    5 6.078084 0.000000 0.000002 0.893643 -0.583529 -1.015266
    6 13.446754 0.000003 0.000002 0.000000 0.000000 -1.430097
    7 15.996999 -0.000003 -0.000002 1.469645 -0.107442 0.268047
    8 1.885324 0.833279 2.177877 1.155813 -0.579400 0.719240
    9 1.506963 -0.000002 -0.000001 0.000000 0.000000 -0.139626
    10 0.798349 -0.000002 0.000000 0.000000 0.000000 -0.148345
    11 3.950301 -0.539875 2.108871 -0.044172 -0.150800 0.291243
    12 1.545796 0.000001 0.000001 0.000000 0.000000 0.427615
    13 1.667398 0.000001 0.000001 0.000000 0.000000 0.314161
    14 3.899457 -0.475374 1.170890 0.000796 0.000000 0.000000
    15 1.528214 -0.000001 0.000001 0.000000 0.000000 0.244353
    16 1.528213 0.000002 -0.000002 0.000000 0.000000 0.479965
    17 3.899459 -0.431802 -0.168228 0.000796 0.000000 0.000000
    18 1.506960 0.000001 0.000000 0.000000 0.000000 0.270536
    19 1.506961 0.000001 0.000002 0.000000 0.000000 -0.034901
    20 3.915632 -0.278018 -1.402609 0.000796 0.000000 0.000000
    21 1.333079 -0.000001 0.000001 0.000000 0.000000 0.087283
    22 1.159206 0.000001 0.000001 0.000000 0.000000 0.218166
    23 7.048948 4.318974 -1.101198 1.587526 -0.821333 3.144905
  time 2
    0 0.134087 2.725324 -24.816700 0.000000 0.000000 -1.570795
    1 0.000000 0.000000 0.000000 -0.000086 -1.570451 -1.570709
    2 4.443617 -0.009642 0.000006 -0.000004 -0.000001 0.000796
    3 12.111411 -0.011446 0.000000 0.000000 0.000000 0.000000
    4 0.000010 0.011449 -1.352403 -0.000014 1.370796 3.140783
    5 6.078084 0.000000 0.000002 0.892844 -0.584905 -1.014210
    6 13.446754 0.000003 0.000002 0.000000 0.000000 -1.431411
    7 15.996999 -0.000003 -0.000002 1.469645 -0.107442 0.268047
    8 1.885324 0.833279 2.177877 1.155813 -0.579400 0.719240
    9 1.506963 -0.000002 -0.000001 0.000000 0.000000 -0.139626
    10 0.798349 -0.000002 0.000000 0.000000 0.000000 -0.148345
    11 3.950301 -0.539875 2.108871 -0.044172 -0.150800 0.291243
    12 1.545796 0.000001 0.000001 0.000000 0.000000 0.427615
    13 1.667398 0.000001 0.000001 0.000000 0.000000 0.314161
    14 3.899457 -0.475374 1.170890 0.000796 0.000000 0.000000
    15 1.528214 -0.000001 0.000001 0.000000 0.000000 0.244353
    16 1.528213 0.000002 -0.000002 0.000000 0.000000 0.479965
    17 3.899459 -0.431802 -0.168228 0.000796 0.000000 0.000000
    18 1.506960 0.000001 0.000000 0.000000 0.000000 0.270536
    19 1.506961 0.000001 0.000002 0.000000 0.000000 -0.034901
    20 3.915632 -0.278018 -1.402609 0.000796 0.000000 0.000000
    21 1.333079 -0.000001 0.000001 0.000000 0.000000 0.087283
    22 1.159206 0.000001 0.000001 0.000000 0.000000 0.218166
    23 7.048948 4.318974 -1.101198 1.587526 -0.821333 3.144905
  time 3
    0 0.134087 2.725324 -24.816700 0.000000 0.000000 -1.570795
    1 0.000000 0.000000 0.000000 -0.000086 -1.570451 -1.570709
    2 4.443617 -0.009642 0.000006 -0.000004 -0.000001 0.000796
    3 12.111411 -0.011446 0.000000 0.000000 0.000000 0.000000
    4 0.000010 0.011449 -1.352403 -0.000014 1.370796 3.140783
    5 6.078084 0.000000 0.000002 0.892046 -0.586338 -1.013154
    6 13.446754 0.000003 0.000002 0.000000 0.000000 -1.432725
    7 15.996999 -0.000003 -0.000002 1.469645 -0.107442 0.268047
    8 1.885324 0.833279 2.177877 1.155813 -0.579400 0.719240
    9 1.506963 -0.000002 -0.000001 0.000000 0.000000 -0.139626
    10 0.798349 -0.000002 0.000000 0.000000 0.000000 -0.148345
    11 3.950301 -0.539875 2.108871 -0.044172 -0.150800 0.291243
    12 1.545796 0.000001 0.000001 0.000000 0.000000 0.427615
    13 1.667398 0.000001 0.000001 0.000000 0.000000 0.314161
    14 3.899457 -0.475374 1.170890 0.000796 0.000000 0.000000
    15 1.528214 -0.000001 0.000001 0.000000 0.000000 0.244353
    16 1.528213 0.000002 -0.000002 0.000000 0.000000 0.479965
    17 3.899459 -0.431802 -0.168228 0.000796 0.000000 0.000000
    18 1.506960 0.000001 0.000000 0.000000 0.000000 0.270536
    19 1.506961 0.000001 0.000002 0.000000 0.000000 -0.034901
    20 3.915632 -0.278018 -1.402609 0.000796 0.000000 0.000000
    21 1.333079 -0.000001 0.000001 0.000000 0.000000 0.087283
    22 1.159206 0.000001 0.000001 0.000000 0.000000 0.218166
    23 7.048948 4.318974 -1.101198 1.587526 -0.821333 3.144905
  time 4
    0 0.134087 2.725324 -24.816700 0.000000 0.000000 -1.570795
    1 0.000000 0.000000 0.000000 -0.000086 -1.570451 -1.570709
    2 4.443617 -0.009642 0.000006 -0.000004 -0.000001 0.000796
    3 12.111411 -0.011446 0.000000 0.000000 0.000000 0.000000
    4 0.000010 0.011449 -1.352403 -0.000014 1.370796 3.140783
    5 6.078084 0.000000 0.000002 0.891218 -0.587828 -1.012020
    6 13.446754 0.000003 0.000002 0.000000 0.000000 -1.434096
    7 15.996999 -0.000003 -0.000002 1.469645 -0.107442 0.268047
    8 1.885324 0.833279 2.177877 1.155813 -0.579400 0.719240
    9 1.506963 -0.000002 -0.000001 0.000000 0.000000 -0.139626
    10 0.798349 -0.000002 0.000000 0.000000 0.000000 -0.148345
    11 3.950301 -0.539875 2.108871 -0.044172 -0.150800 0.291243
    12 1.545796 0.000001 0.000001 0.000000 0.000000 0.427615
    13 1.667398 0.000001 0.000001 0.000000 0.000000 0.314161
    14 3.899457 -0.475374 1.170890 0.000796 0.000000 0.000000
    15 1.528214 -0.000001 0.000001 0.000000 0.000000 0.244353
    16 1.528213 0.000002 -0.000002 0.000000 0.000000 0.479965
    17 3.899459 -0.431802 -0.168228 0.000796 0.000000 0.000000
    18 1.506960 0.000001 0.000000 0.000000 0.000000 0.270536
    19 1.506961 0.000001 0.000002 0.000000 0.000000 -0.034901
    20 3.915632 -0.278018 -1.402609 0.000796 0.000000 0.000000
    21 1.333079 -0.000001 0.000001 0.000000 0.000000 0.087283
    22 1.159206 0.000001 0.000001 0.000000 0.000000 0.218166
    23 7.048948 4.318974 -1.101198 1.587526 -0.821333 3.144905
  time 5
    0 0.134087 2.725324 -24.816700 0.000000 0.000000 -1.570795
    1 0.000000 0.000000 0.000000 -0.000086 -1.570451 -1.570709
    2 4.443617 -0.009642 0.000006 -0.000004 -0.000001 0.000796
    3 12.111411 -0.011446 0.000000 0.000000 0.000000 0.000000
    4 0.000010 0.011449 -1.352403 -0.000014 1.370796 3.140783
    5 6.078084 0.000000 0.000002 0.890363 -0.589319 -1.010925
    6 13.446754 0.000003 0.000002 0.000000 0.000000 -1.435524
    7 15.996999 -0.000003 -0.000002 1.469645 -0.107442 0.268047
    8 1.885324 0.833279 2.177877 1.155813 -0.579400 0.719240
    9 1.506963 -0.000002 -0.000001 0.000000 0.000000 -0.139626
    10 0.798349 -0.000002 0.000000 0.000000 0.000000 -0.148345
    11 3.950301 -0.539875 2.108871 -0.044172 -0.150800 0.291243
    12 1.545796 0.000001 0.000001 0.000000 0.000000 0.427615
    13 1.667398 0.000001 0.000001 0.000000 0.000000 0.314161
    14 3.899457 -0.475374 1.170890 0.000796 0.000000 0.000000
    15 1.528214 -0.000001 0.000001 0.000000 0.000000 0.244353
    16 1.528213 0.000002 -0.000002 0.000000 0.000000 0.479965
    17 3.899459 -0.431802 -0.168228 0.000796 0.000000 0.000000
    18 1.506960 0.000001 0.000000 0.000000 0.000000 0.270536
    19 1.506961 0.000001 0.000002 0.000000 0.000000 -0.034901
    20 3.915632 -0.278018 -1.402609 0.000796 0.000000 0.000000
    21 1.333079 -0.000001 0.000001 0.000000 0.000000 0.087283
    22 1.159206 0.000001 0.000001 0.000000 0.000000 0.218166
    23 7.048948 4.318974 -1.101198 1.587526 -0.821333 3.144905
  time 6
    0 0.134087 2.725324 -24.816700 0.000000 0.000000 -1.570795
    1 0.000000 0.000000 0.000000 -0.000086 -1.570451 -1.570709
    2 4.443617 -0.009642 0.000006 -0.000004 -0.000001 0.000796
    3 12.111411 -0.011446 0.000000 0.000000 0.000000 0.000000
    4 0.000010 0.011449 -1.352403 -0.000014 1.370796 3.140783
    5 6.078084 0.000000 0.000002 0.889507 -0.590866 -1.009752
    6 13.446754 0.000003 0.000002 0.000000 0.000000 -1.436953
    7 15.996999 -0.000003 -0.000002 1.469645 -0.107442 0.268047
    8 1.885324 0.833279 2.177877 1.155813 -0.579400 0.719240
    9 1.506963 -0.000002 -0.000001 0.000000 0.000000 -0.139626
    10 0.798349 -0.000002 0.000000 0.000000 0.000000 -0.148345
    11 3.950301 -0.539875 2.108871 -0.044172 -0.150800 0.291243
    12 1.545796 0.000001 0.000001 0.000000 0.000000 0.427615
    13 1.667398 0.000001 0.000001 0.000000 0.000000 0.314161
    14 3.899457 -0.475374 1.170890 0.000796 0.000000 0.000000
    15 1.528214 -0.000001 0.000001 0.000000 0.000000 0.244353
    16 1.528213 0.000002 -0.000002 0.000000 0.000000 0.479965
    17 3.899459 -0.431802 -0.168228 0.000796 0.000000 0.000000
    18 1.506960 0.000001 0.000000 0.000000 0.000000 0.270536
    19 1.506961 0.000001 0.000002 0.000000 0.000000 -0.034901
    20 3.915632 -0.278018 -1.402609 0.000796 0.000000 0.000000
    21 1.333079 -0.000001 0.000001 0.000000 0.000000 0.087283
    22 1.159206 0.000001 0.000001 0.000000 0.000000 0.218166
    23 7.048948 4.318974 -1.101198 1.587526 -0.821333 3.144905
  time 7
    0 0.134087 2.725324 -24.816700 0.000000 0.000000 -1.570795
    1 0.000000 0.000000 0.000000 -0.000086 -1.570451 -1.570709
    2 4.443617 -0.009642 0.000006 -0.000004 -0.000001 0.000796
    3 12.111411 -0.011446 0.000000 0.000000 0.000000 0.000000
    4 0.000010 0.011449 -1.352403 -0.000014 1.370796 3.140783
    5 6.078084 0.000000 0.000002 0.888594 -0.592443 -1.008578
    6 13.446754 0.000003 0.000002 0.000000 0.000000 -1.438438
    7 15.996999 -0.000003 -0.000002 1.469645 -0.107442 0.268047
    8 1.885324 0.833279 2.177877 1.155813 -0.579400 0.719240
    9 1.506963 -0.000002 -0.000001 0.000000 0.000000 -0.139626
    10 0.798349 -0.000002 0.000000 0.000000 0.000000 -0.148345
    11 3.950301 -0.539875 2.108871 -0.044172 -0.150800 0.291243
    12 1.545796 0.000001 0.000001 0.000000 0.000000 0.427615
    13 1.667398 0.000001 0.000001 0.000000 0.000000 0.314161
    14 3.899457 -0.475374 1.170890 0.000796 0.000000 0.000000
    15 1.528214 -0.000001 0.000001 0.000000 0.000000 0.244353
    16 1.528213 0.000002 -0.000002 0.000000 0.000000 0.479965
    17 3.899459 -0.431802 -0.168228 0.000796 0.000000 0.000000
    18 1.506960 0.000001 0.000000 0.000000 0.000000 0.270536
    19 1.506961 0.000001 0.000002 0.000000 0.000000 -0.034901
    20 3.915632 -0.278018 -1.402609 0.000796 0.000000 0.000000
    21 1.333079 -0.000001 0.000001 0.000000 0.000000 0.087283
    22 1.159206 0.000001 0.000001 0.000000 0.000000 0.218166
    23 7.048948 4.318974 -1.101198 1.587526 -0.821333 3.144905
  time 8
    0 0.134087 2.725324 -24.816700 0.000000 0.000000 -1.570795
    1 0.000000 0.000000 0.000000 -0.000086 -1.570451 -1.570709
    2 4.443617 -0.009642 0.000006 -0.000004 -0.000001 0.000796
    3 12.111411 -0.011446 0.000000 0.000000 0.000000 0.000000
    4 0.000010 0.011449 -1.352403 -0.000014 1.370796 3.140783
    5 6.078084 0.000000 0.000002 0.887681 -0.594048 -1.007405
    6 13.446754 0.000003 0.000002 0.000000 0.000000 -1.439924
    7 15.996999 -0.000003 -0.000002 1.469645 -0.107442 0.268047
    8 1.885324 0.833279 2.177877 1.155813 -0.579400 0.719240
    9 1.506963 -0.000002 -0.000001 0.000000 0.000000 -0.139626
    10 0.798349 -0.000002 0.000000 0.000000 0.000000 -0.148345
    11 3.950301 -0.539875 2.108871 -0.044172 -0.150800 0.291243
    12 1.545796 0.000001 0.000001 0.000000 0.000000 0.427615
    13 1.667398 0.000001 0.000001 0.000000 0.000000 0.314161
    14 3.899457 -0.475374 1.170890 0.000796 0.000000 0.000000
    15 1.528214 -0.000001 0.000001 0.000000 0.000000 0.244353
    16 1.528213 0.000002 -0.000002 0.000000 0.000000 0.479965
    17 3.899459 -0.431802 -0.168228 0.000796 0.000000 0.000000
    18 1.506960 0.000001 0.000000 0.000000 0.000000 0.270536
    19 1.506961 0.000001 0.000002 0.000000 0.000000 -0.034901
    20 3.915632 -0.278018 -1.402609 0.000796 0.000000 0.000000
    21 1.333079 -0.000001 0.000001 0.000000 0.000000 0.087283
    22 1.159206 0.000001 0.000001 0.000000 0.000000 0.218166
    23 7.048948 4.318974 -1.101198 1.587526 -0.821333 3.144905
  time 9
    0 0.134087 2.725324 -24.816700 0.000000 0.000000 -1.570795
    1 0.000000 0.000000 0.000000 -0.000086 -1.570451 -1.570709
    2 4.443617 -0.009642 0.000006 -0.000004 -0.000001 0.000796
    3 12.111411 -0.011446 0.000000 0.000000 0.000000 0.000000
    4 0.000010 0.011449 -1.352403 -0.000014 1.370796 3.140783
    5 6.078084 0.000000 0.000002 0.886740 -0.595653 -1.006192
    6 13.446754 0.000003 0.000002 0.000000 0.000000 -1.441409
    7 15.996999 -0.000003 -0.000002 1.469645 -0.107442 0.268047
    8 1.885324 0.833279 2.177877 1.155813 -0.579400 0.719240
    9 1.506963 -0.000002 -0.000001 0.000000 0.000000 -0.139626
    10 0.798349 -0.000002 0.000000 0.000000 0.000000 -0.148345
    11 3.950301 -0.539875 2.108871 -0.044172 -0.150800 0.291243
    12 1.545796 0.000001 0.000001 0.000000 0.000000 0.427615
    13 1.667398 0.000001 0.000001 0.000000 0.000000 0.314161
    14 3.899457 -0.475374 1.170890 0.000796 0.000000 0.000000
    15 1.528214 -0.000001 0.000001 0.000000 0.000000 0.244353
    16 1.528213 0.000002 -0.000002 0.000000 0.000000 0.479965
    17 3.899459 -0.431802 -0.168228 0.000796 0.000000 0.000000
    18 1.506960 0.000001 0.000000 0.000000 0.000000 0.270536
    19 1.506961 0.000001 0.000002 0.000000 0.000000 -0.034901
    20 3.915632 -0.278018 -1.402609 0.000796 0.000000 0.000000
    21 1.333079 -0.000001 0.000001 0.000000 0.000000 0.087283
    22 1.159206 0.000001 0.000001 0.000000 0.000000 0.218166
    23 7.048948 4.318974 -1.101198 1.587526 -0.821333 3.144905
  time 10
    0 0.134087 2.725324 -24.816700 0.000000 0.000000 -1.570795
    1 0.000000 0.000000 0.000000 -0.000086 -1.570451 -1.570709
    2 4.443617 -0.009642 0.000006 -0.000004 -0.000001 0.000796
    3 12.111411 -0.011446 0.000000 0.000000 0.000000 0.000000
    4 0.000010 0.011449 -1.352403 -0.000014 1.370796 3.140783
    5 6.078084 0.000000 0.000002 0.885799 -0.597287 -1.004980
    6 13.446754 0.000003 0.000002 0.000000 0.000000 -1.442952
    7 15.996999 -0.000003 -0.000002 1.469645 -0.107442 0.268047
    8 1.885324 0.833279 2.177877 1.155813 -0.579400 0.719240
    9 1.506963 -0.000002 -0.000001 0.000000 0.000000 -0.139626
    10 0.798349 -0.000002 0.000000 0.000000 0.000000 -0.148345
    11 3.950301 -0.539875 2.108871 -0.044172 -0.150800 0.291243
    12 1.545796 0.000001 0.000001 0.000000 0.000000 0.427615
    13 1.667398 0.000001 0.000001 0.000000 0.000000 0.314161
    14 3.899457 -0.475374 1.170890 0.000796 0.000000 0.000000
    15 1.528214 -0.000001 0.000001 0.000000 0.000000 0.244353
    16 1.528213 0.000002 -0.000002 0.000000 0.000000 0.479965
    17 3.899459 -0.431802 -0.168228 0.000796 0.000000 0.000000
    18 1.506960 0.000001 0.000000 0.000000 0.000000 0.270536
    19 1.506961 0.000001 0.000002 0.000000 0.000000 -0.034901
    20 3.915632 -0.278018 -1.402609 0.000796 0.000000 0.000000
    21 1.333079 -0.000001 0.000001 0.000000 0.000000 0.087283
    22 1.159206 0.000001 0.000001 0.000000 0.000000 0.218166
    23 7.048948 4.318974 -1.101198 1.587526 -0.821333 3.144905
  time 11
    0 0.134087 2.725324 -24.816700 0.000000 0.000000 -1.570795
    1 0.000000 0.000000 0.000000 -0.000086 -1.570451 -1.570709
    2 4.443617 -0.009642 0.000006 -0.000004 -0.000001 0.000796
    3 12.111411 -0.011446 0.000000 0.000000 0.000000 0.000000
    4 0.000010 0.011449 -1.352403 -0.000014 1.370796 3.140783
    5 6.078084 0.000000 0.000002 0.884858 -0.598949 -1.003728
    6 13.446754 0.000003 0.000002 0.000000 0.000000 -1.444494
    7 15.996999 -0.000003 -0.000002 1.469645 -0.107442 0.268047
    8 1.885324 0.833279 2.177877 1.155813 -0.579400 0.719240
    9 1.506963 -0.000002 -0.000001 0.000000 0.000000 -0.139626
    10 0.798349 -0.000002 0.000000 0.000000 0.000000 -0.148345
    11 3.950301 -0.539875 2.108871 -0.044172 -0.150800 0.291243
    12 1.545796 0.000001 0.000001 0.000000 0.000000 0.427615
    13 1.667398 0.000001 0.000001 0.000000 0.000000 0.314161
    14 3.899457 -0.475374 1.170890 0.000796 0.000000 0.000000
    15 1.528214 -0.000001 0.000001 0.000000 0.000000 0.244353
    16 1.528213 0.000002 -0.000002 0.000000 0.000000 0.479965
    17 3.899459 -0.431802 -0.168228 0.000796 0.000000 0.000000
    18 1.506960 0.000001 0.000000 0.000000 0.000000 0.270536
    19 1.506961 0.000001 0.000002 0.000000 0.000000 -0.034901
    20 3.915632 -0.278018 -1.402609 0.000796 0.000000 0.000000
    21 1.333079 -0.000001 0.000001 0.000000 0.000000 0.087283
    22 1.159206 0.000001 0.000001 0.000000 0.000000 0.218166
    23 7.048948 4.318974 -1.101198 1.587526 -0.821333 3.144905
  time 12
    0 0.134087 2.725324 -24.816700 0.000000 0.000000 -1.570795
    1 0.000000 0.000000 0.000000 -0.000086 -1.570451 -1.570709
    2 4.443617 -0.009642 0.000006 -0.000004 -0.000001 0.000796
    3 12.111411 -0.011446 0.000000 0.000000 0.000000 0.000000
    4 0.000010 0.011449 -1.352403 -0.000014 1.370796 3.140783
    5 6.078084 0.000000 0.000002 0.883888 -0.600612 -1.002516
    6 13.446754 0.000003 0.000002 0.000000 0.000000 -1.446094
    7 15.996999 -0.000003 -0.000002 1.469645 -0.107442 0.268047
    8 1.885324 0.833279 2.177877 1.155813 -0.579400 0.719240
    9 1.506963 -0.000002 -0.000001 0.000000 0.000000 -0.139626
    10 0.798349 -0.000002 0.000000 0.000000 0.000000 -0.148345
    11 3.950301 -0.539875 2.108871 -0.044172 -0.150800 0.291243
    12 1.545796 0.000001 0.000001 0.000000 0.000000 0.427615
    13 1.667398 0.000001 0.000001 0.000000 0.000000 0.314161
    14 3.899457 -0.475374 1.170890 0.000796 0.000000 0.000000
    15 1.528214 -0.000001 0.000001 0.000000 0.000000 0.244353
    16 1.528213 0.000002 -0.000002 0.000000 0.000000 0.479965
    17 3.899459 -0.431802 -0.168228 0.000796 0.000000 0.000000
    18 1.506960 0.000001 0.000000 0.000000 0.000000 0.270536
    19 1.506961 0.000001 0.000002 0.000000 0.000000 -0.034901
    20 3.915632 -0.278018 -1.402609 0.000796 0.000000 0.000000
    21 1.333079 -0.000001 0.000001 0.000000 0.000000 0.087283
    22 1.159206 0.000001 0.000001 0.000000 0.000000 0.218166
    23 7.048948 4.318974 -1.101198 1.587526 -0.821333 3.144905
  time 13
    0 0.134087 2.725324 -24.816700 0.000000 0.000000 -1.570795
    1 0.000000 0.000000 0.000000 -0.000086 -1.570451 -1.570709
    2 4.443617 -0.009642 0.000006 -0.000004 -0.000001 0.000796
    3 12.111411 -0.011446 0.000000 0.000000 0.000000 0.000000
    4 0.000010 0.011449 -1.352403 -0.000014 1.370796 3.140783
    5 6.078084 0.000000 0.000002 0.882889 -0.602274 -1.001264
    6 13.446754 0.000003 0.000002 0.000000 0.000000 -1.447636
    7 15.996999 -0.000003 -0.000002 1.469645 -0.107442 0.268047
    8 1.885324 0.833279 2.177877 1.155813 -0.579400 0.719240
    9 1.506963 -0.000002 -0.000001 0.000000 0.000000 -0.139626
    10 0.798349 -0.000002 0.000000 0.000000 0.000000 -0.148345
    11 3.950301 -0.539875 2.108871 -0.044172 -0.150800 0.291243
    12 1.545796 0.000001 0.000001 0.000000 0.000000 0.427615
    13 1.667398 0.000001 0.000001 0.000000 0.000000 0.314161
    14 3.899457 -0.475374 1.170890 0.000796 0.000000 0.000000
    15 1.528214 -0.000001 0.000001 0.000000 0.000000 0.244353
    16 1.528213 0.000002 -0.000002 0.000000 0.000000 0.479965
    17 3.899459 -0.431802 -0.168228 0.000796 0.000000 0.000000
    18 1.506960 0.000001 0.000000 0.000000 0.000000 0.270536
    19 1.506961 0.000001 0.000002 0.000000 0.000000 -0.034901
    20 3.915632 -0.278018 -1.402609 0.000796 0.000000 0.000000
    21 1.333079 -0.000001 0.000001 0.000000 0.000000 0.087283
    22 1.159206 0.000001 0.000001 0.000000 0.000000 0.218166
    23 7.048948 4.318974 -1.101198 1.587526 -0.821333 3.144905
  time 14
    0 0.134087 2.725324 -24.816700 0.000000 0.000000 -1.570795
    1 0.000000 0.000000 0.000000 -0.000086 -1.570451 -1.570709
    2 4.443617 -0.009642 0.000006 -0.000004 -0.000001 0.000796
    3 12.111411 -0.011446 0.000000 0.000000 0.000000 0.000000
    4 0.000010 0.011449 -1.352403 -0.000014 1.370796 3.140783
    5 6.078084 0.000000 0.000002 0.881920 -0.603936 -1.000013
    6 13.446754 0.000003 0.000002 0.000000 0.000000 -1.449179
    7 15.996999 -0.000003 -0.000002 1.469645 -0.107442 0.268047
    8 1.885324 0.833279 2.177877 1.155813 -0.579400 0.719240
    9 1.506963 -0.000002 -0.000001 0.000000 0.000000 -0.139626
    10 0.798349 -0.000002 0.000000 0.000000 0.000000 -0.148345
    11 3.950301 -0.539875 2.108871 -0.044172 -0.150800 0.291243
    12 1.545796 0.000001 0.000001 0.000000 0.000000 0.427615
    13 1.667398 0.000001 0.000001 0.000000 0.000000 0.314161
    14 3.899457 -0.475374 1.170890 0.000796 0.000000 0.000000
    15 1.528214 -0.000001 0.000001 0.000000 0.000000 0.244353
    16 1.528213 0.000002 -0.000002 0.000000 0.000000 0.479965
    17 3.899459 -0.431802 -0.168228 0.000796 0.000000 0.000000
    18 1.506960 0.000001 0.000000 0.000000 0.000000 0.270536
    19 1.506961 0.000001 0.000002 0.000000 0.000000 -0.034901
    20 3.915632 -0.278018 -1.402609 0.000796 0.000000 0.000000
    21 1.333079 -0.000001 0.000001 0.000000 0.000000 0.087283
    22 1.159206 0.000001 0.000001 0.000000 0.000000 0.218166
    23 7.048948 4.318974 -1.101198 1.587526 -0.821333 3.144905
  time 15
    0 0.134087 2.725324 -24.816700 0.000000 0.000000 -1.570795
    1 0.000000 0.000000 0.000000 -0.000086 -1.570451 -1.570709
    2 4.443617 -0.009642 0.000006 -0.000004 -0.000001 0.000796
    3 12.111411 -0.011446 0.000000 0.000000 0.000000 0.000000
    4 0.000010 0.011449 -1.352403 -0.000014 1.370796 3.140783
    5 6.078084 0.000000 0.000002 0.880950 -0.605599 -0.998722
    6 13.446754 0.000003 0.000002 0.000000 0.000000 -1.450779
    7 15.996999 -0.000003 -0.000002 1.469645 -0.107442 0.268047
    8 1.885324 0.833279 2.177877 1.155813 -0.579400 0.719240
    9 1.506963 -0.000002 -0.000001 0.000000 0.000000 -0.139626
    10 0.798349 -0.000002 0.000000 0.000000 0.000000 -0.148345
    11 3.950301 -0.539875 2.108871 -0.044172 -0.150800 0.291243
    12 1.545796 0.000001 0.000001 0.000000 0.000000 0.427615
    13 1.667398 0.000001 0.000001 0.000000 0.000000 0.314161
    14 3.899457 -0.475374 1.170890 0.000796 0.000000 0.000000
    15 1.528214 -0.000001 0.000001 0.000000 0.000000 0.244353
    16 1.528213 0.000002 -0.000002 0.000000 0.000000 0.479965
    17 3.899459 -0.431802 -0.168228 0.000796 0.000000 0.000000
    18 1.506960 0.000001 0.000000 0.000000 0.000000 0.270536
    19 1.506961 0.000001 0.000002 0.000000 0.000000 -0.034901
    20 3.915632 -0.278018 -1.402609 0.000796 0.000000 0.000000
    21 1.333079 -0.000001 0.000001 0.000000 0.000000 0.087283
    22 1.159206 0.000001 0.000001 0.000000 0.000000 0.218166
    23 7.048948 4.318974 -1.101198 1.587526 -0.821333 3.144905
  time 16
    0 0.134087 2.725324 -24.816700 0.000000 0.000000 -1.570795
    1 0.000000 0.000000 0.000000 -0.000086 -1.570451 -1.570709
    2 4.443617 -0.009642 0.000006 -0.000004 -0.000001 0.000796
    3 12.111411 -0.011446 0.000000 0.000000 0.000000 0.000000
    4 0.000010 0.011449 -1.352403 -0.000014 1.370796 3.140783
    5 6.078084 0.000000 0.000002 0.879951 -0.607261 -0.997470
    6 13.446754 0.000003 0.000002 0.000000 0.000000 -1.452321
    7 15.996999 -0.000003 -0.000002 1.469645 -0.107442 0.268047
    8 1.885324 0.833279 2.177877 1.155813 -0.579400 0.719240
    9 1.506963 -0.000002 -0.000001 0.000000 0.000000 -0.139626
    10 0.798349 -0.000002 0.000000 0.000000 0.000000 -0.148345
    11 3.950301 -0.539875 2.108871 -0.044172 -0.150800 0.291243
    12 1.545796 0.000001 0.000001 0.000000 0.000000 0.427615
    13 1.667398 0.000001 0.000001 0.000000 0.000000 0.314161
    14 3.899457 -0.475374 1.170890 0.000796 0.000000 0.000000
    15 1.528214 -0.000001 0.000001 0.000000 0.000000 0.244353
    16 1.528213 0.000002 -0.000002 0.000000 0.000000 0.479965
    17 3.899459 -0.431802 -0.168228 0.000796 0.000000 0.000000
    18 1.506960 0.000001 0.000000 0.000000 0.000000 0.270536
    19 1.506961 0.000001 0.000002 0.000000 0.000000 -0.034901
    20 3.915632 -0.278018 -1.402609 0.000796 0.000000 0.000000
    21 1.333079 -0.000001 0.000001 0.000000 0.000000 0.087283
    22 1.159206 0.000001 0.000001 0.000000 0.000000 0.218166
    23 7.048948 4.318974 -1.101198 1.587526 -0.821333 3.144905
  time 17
    0 0.134087 2.725324 -24.816700 0.000000 0.000000 -1.570795
    1 0.000000 0.000000 0.000000 -0.000086 -1.570451 -1.570709
    2 4.443617 -0.009642 0.000006 -0.000004 -0.000001 0.000796
    3 12.111411 -0.011446 0.000000 0.000000 0.000000 0.000000
    4 0.000010 0.011449 -1.352403 -0.000014 1.370796 3.140783
    5 6.078084 0.000000 0.000002 0.878982 -0.608924 -0.996219
    6 13.446754 0.000003 0.000002 0.000000 0.000000 -1.453864
    7 15.996999 -0.000003 -0.000002 1.469645 -0.107442 0.268047
    8 1.885324 0.833279 2.177877 1.155813 -0.579400 0.719240
    9 1.506963 -0.000002 -0.000001 0.000000 0.000000 -0.139626
    10 0.798349 -0.000002 0.000000 0.000000 0.000000 -0.148345
    11 3.950301 -0.539875 2.108871 -0.044172 -0.150800 0.291243
    12 1.545796 0.000001 0.000001 0.000000 0.000000 0.427615
    13 1.667398 0.000001 0.000001 0.000000 0.000000 0.314161
    14 3.899457 -0.475374 1.170890 0.000796 0.000000 0.000000
    15 1.528214 -0.000001 0.000001 0.000000 0.000000 0.244353
    16 1.528213 0.000002 -0.000002 0.000000 0.000000 0.479965
    17 3.899459 -0.431802 -0.168228 0.000796 0.000000 0.000000
    18 1.506960 0.000001 0.000000 0.000000 0.000000 0.270536
    19 1.506961 0.000001 0.000002 0.000000 0.000000 -0.034901
    20 3.915632 -0.278018 -1.402609 0.000796 0.000000 0.000000
    21 1.333079 -0.000001 0.000001 0.000000 0.000000 0.087283
    22 1.159206 0.000001 0.000001 0.000000 0.000000 0.218166
    23 7.048948 4.318974 -1.101198 1.587526 -0.821333 3.144905
  time 18
    0 0.134087 2.725324 -24.816700 0.000000 0.000000 -1.570795
    1 0.000000 0.000000 0.000000 -0.000086 -1.570451 -1.570709
    2 4.443617 -0.009642 0.000006 -0.000004 -0.000001 0.000796
    3 12.111411 -0.011446 0.000000 0.000000 0.000000 0.000000
    4 0.000010 0.011449 -1.352403 -0.000014 1.370796 3.140783
    5 6.078084 0.000000 0.000002 0.877983 -0.610557 -0.994967
    6 13.446754 0.000003 0.000002 0.000000 0.000000 -1.455406
    7 15.996999 -0.000003 -0.000002 1.469645 -0.107442 0.268047
    8 1.885324 0.833279 2.177877 1.155813 -0.579400 0.719240
    9 1.506963 -0.000002 -0.000001 0.000000 0.000000 -0.139626
    10 0.798349 -0.000002 0.000000 0.000000 0.000000 -0.148345
    11 3.950301 -0.539875 2.108871 -0.044172 -0.150800 0.291243
    12 1.545796 0.000001 0.000001 0.000000 0.000000 0.427615
    13 1.667398 0.000001 0.000001 0.000000 0.000000 0.314161
    14 3.899457 -0.475374 1.170890 0.000796 0.000000 0.000000
    15 1.528214 -0.000001 0.000001 0.000000 0.000000 0.244353
    16 1.528213 0.000002 -0.000002 0.000000 0.000000 0.479965
    17 3.899459 -0.431802 -0.168228 0.000796 0.000000 0.000000
    18 1.506960 0.000001 0.000000 0.000000 0.000000 0.270536
    19 1.506961 0.000001 0.000002 0.000000 0.000000 -0.034901
    20 3.915632 -0.278018 -1.402609 0.000796 0.000000 0.000000
    21 1.333079 -0.000001 0.000001 0.000000 0.000000 0.087283
    22 1.159206 0.000001 0.000001 0.000000 0.000000 0.218166
    23 7.048948 4.318974 -1.101198 1.587526 -0.821333 3.144905
  time 19
    0 0.134087 2.725324 -24.816700 0.000000 0.000000 -1.570795
    1 0.000000 0.000000 0.000000 -0.000086 -1.570451 -1.570709
    2 4.443617 -0.009642 0.000006 -0.000004 -0.000001 0.000796
    3 12.111411 -0.011446 0.000000 0.000000 0.000000 0.000000
    4 0.000010 0.011449 -1.352403 -0.000014 1.370796 3.140783
    5 6.078084 0.000000 0.000002 0.877013 -0.612163 -0.993716
    6 13.446754 0.000003 0.000002 0.000000 0.000000 -1.456949
    7 15.996999 -0.000003 -0.000002 1.469645 -0.107442 0.268047
    8 1.885324 0.833279 2.177877 1.155813 -0.579400 0.719240
    9 1.506963 -0.000002 -0.000001 0.000000 0.000000 -0.139626
    10 0.798349 -0.000002 0.000000 0.000000 0.000000 -0.148345
    11 3.950301 -0.539875 2.108871 -0.044172 -0.150800 0.291243
    12 1.545796 0.000001 0.000001 0.000000 0.000000 0.427615
    13 1.667398 0.000001 0.000001 0.000000 0.000000 0.314161
    14 3.899457 -0.475374 1.170890 0.000796 0.000000 0.000000
    15 1.528214 -0.000001 0.000001 0.000000 0.000000 0.244353
    16 1.528213 0.000002 -0.000002 0.000000 0.000000 0.479965
    17 3.899459 -0.431802 -0.168228 0.000796 0.000000 0.000000
    18 1.506960 0.000001 0.000000 0.000000 0.000000 0.270536
    19 1.506961 0.000001 0.000002 0.000000 0.000000 -0.034901
    20 3.915632 -0.278018 -1.402609 0.000796 0.000000 0.000000
    21 1.333079 -0.000001 0.000001 0.000000 0.000000 0.087283
    22 1.159206 0.000001 0.000001 0.000000 0.000000 0.218166
    23 7.048948 4.318974 -1.101198 1.587526 -0.821333 3.144905
  time 20
    0 0.134087 2.725324 -24.816700 0.000000 0.000000 -1.570795
    1 0.000000 0.000000 0.000000 -0.000086 -1.570451 -1.570709
    2 4.443617 -0.009642 0.000006 -0.000004 -0.000001 0.000796
    3 12.111411 -0.011446 0.000000 0.000000 0.000000 0.000000
    4 0.000010 0.011449 -1.352403 -0.000014 1.370796 3.140783
    5 6.078084 0.000000 0.000002 0.876044 -0.613768 -0.992503
    6 13.446754 0.000003 0.000002 0.000000 0.000000 -1.458434
    7 15.996999 -0.000003 -0.000002 1.469645 -0.107442 0.268047
    8 1.885324 0.833279 2.177877 1.155813 -0.579400 0.719240
    9 1.506963 -0.000002 -0.000001 0.000000 0.000000 -0.139626
    10 0.798349 -0.000002 0.000000 0.000000 0.000000 -0.148345
    11 3.950301 -0.539875 2.108871 -0.044172 -0.150800 0.291243
    12 1.545796 0.000001 0.000001 0.000000 0.000000 0.427615
    13 1.667398 0.000001 0.000001 0.000000 0.000000 0.314161
    14 3.899457 -0.475374 1.170890 0.000796 0.000000 0.000000
    15 1.528214 -0.000001 0.000001 0.000000 0.000000 0.244353
    16 1.528213 0.000002 -0.000002 0.000000 0.000000 0.479965
    17 3.899459 -0.431802 -0.168228 0.000796 0.000000 0.000000
    18 1.506960 0.000001 0.000000 0.000000 0.000000 0.270536
    19 1.506961 0.000001 0.000002 0.000000 0.000000 -0.034901
    20 3.915632 -0.278018 -1.402609 0.000796 0.000000 0.000000
    21 1.333079 -0.000001 0.000001 0.000000 0.000000 0.087283
    22 1.159206 0.000001 0.000001 0.000000 0.000000 0.218166
    23 7.048948 4.318974 -1.101198 1.587526 -0.821333 3.144905
  time 21
    0 0.134087 2.725324 -24.816700 0.000000 0.000000 -1.570795
    1 0.000000 0.000000 0.000000 -0.000086 -1.570451 -1.570709
    2 4.443617 -0.009642 0.000006 -0.000004 -0.000001 0.000796
    3 12.111411 -0.011446 0.000000 0.000000 0.000000 0.000000
    4 0.000010 0.011449 -1.352403 -0.000014 1.370796 3.140783
    5 6.078084 0.000000 0.000002 0.875102 -0.615315 -0.991291
    6 13.446754 0.000003 0.000002 0.000000 0.000000 -1.459920
    7 15.996999 -0.000003 -0.000002 1.469645 -0.107442 0.268047
    8 1.885324 0.833279 2.177877 1.155813 -0.579400 0.719240
    9 1.506963 -0.000002 -0.000001 0.000000 0.000000 -0.139626
    10 0.798349 -0.000002 0.000000 0.000000 0.000000 -0.148345
    11 3.950301 -0.539875 2.108871 -0.044172 -0.150800 0.291243
    12 1.545796 0.000001 0.000001 0.000000 0.000000 0.427615
    13 1.667398 0.000001 0.000001 0.000000 0.000000 0.314161
    14 3.899457 -0.475374 1.170890 0.000796 0.000000 0.000000
    15 1.528214 -0.000001 0.000001 0.000000 0.000000 0.244353
    16 1.528213 0.000002 -0.000002 0.000000 0.000000 0.479965
    17 3.899459 -0.431802 -0.168228 0.000796 0.000000 0.000000
    18 1.506960 0.000001 0.000000 0.000000 0.000000 0.270536
    19 1.506961 0.000001 0.000002 0.000000 0.000000 -0.034901
    20 3.915632 -0.278018 -1.402609 0.000796 0.000000 0.000000
    21 1.333079 -0.000001 0.000001 0.000000 0.000000 0.087283
    22 1.159206 0.000001 0.000001 0.000000 0.000000 0.218166
    23 7.048948 4.318974 -1.101198 1.587526 -0.821333 3.144905
  time 22
    0 0.134087 2.725324 -24.816700 0.000000 0.000000 -1.570795
    1 0.000000 0.000000 0.000000 -0.000086 -1.570451 -1.570709
    2 4.443617 -0.009642 0.000006 -0.000004 -0.000001 0.000796
    3 12.111411 -0.011446 0.000000 0.000000 0.000000 0.000000
    4 0.000010 0.011449 -1.352403 -0.000014 1.370796 3.140783
    5 6.078084 0.000000 0.000002 0.874161 -0.616863 -0.990078
    6 13.446754 0.000003 0.000002 0.000000 0.000000 -1.461348
    7 15.996999 -0.000003 -0.000002 1.469645 -0.107442 0.268047
    8 1.885324 0.833279 2.177877 1.155813 -0.579400 0.719240
    9 1.506963 -0.000002 -0.000001 0.000000 0.000000 -0.139626
    10 0.798349 -0.000002 0.000000 0.000000 0.000000 -0.148345
    11 3.950301 -0.539875 2.108871 -0.044172 -0.150800 0.291243
    12 1.545796 0.000001 0.000001 0.000000 0.000000 0.427615
    13 1.667398 0.000001 0.000001 0.000000 0.000000 0.314161
    14 3.899457 -0.475374 1.170890 0.000796 0.000000 0.000000
    15 1.528214 -0.000001 0.000001 0.000000 0.000000 0.244353
    16 1.528213 0.000002 -0.000002 0.000000 0.000000 0.479965
    17 3.899459 -0.431802 -0.168228 0.000796 0.000000 0.000000
    18 1.506960 0.000001 0.000000 0.000000 0.000000 0.270536
    19 1.506961 0.000001 0.000002 0.000000 0.000000 -0.034901
    20 3.915632 -0.278018 -1.402609 0.000796 0.000000 0.000000
    21 1.333079 -0.000001 0.000001 0.000000 0.000000 0.087283
    22 1.159206 0.000001 0.000001 0.000000 0.000000 0.218166
    23 7.048948 4.318974 -1.101198 1.587526 -0.821333 3.144905
  time 23
    0 0.134087 2.725324 -24.816700 0.000000 0.000000 -1.570795
    1 0.000000 0.000000 0.000000 -0.000086 -1.570451 -1.570709
    2 4.443617 -0.009642 0.000006 -0.000004 -0.000001 0.000796
    3 12.111411 -0.011446 0.000000 0.000000 0.000000 0.000000
    4 0.000010 0.011449 -1.352403 -0.000014 1.370796 3.140783
    5 6.078084 0.000000 0.000002 0.873248 -0.618354 -0.988866
    6 13.446754 0.000003 0.000002 0.000000 0.000000 -1.462776
    7 15.996999 -0.000003 -0.000002 1.469645 -0.107442 0.268047
    8 1.885324 0.833279 2.177877 1.155813 -0.579400 0.719240
    9 1.506963 -0.000002 -0.000001 0.000000 0.000000 -0.139626
    10 0.798349 -0.000002 0.000000 0.000000 0.000000 -0.148345
    11 3.950301 -0.539875 2.108871 -0.044172 -0.150800 0.291243
    12 1.545796 0.000001 0.000001 0.000000 0.000000 0.427615
    13 1.667398 0.000001 0.000001 0.000000 0.000000 0.314161
    14 3.899457 -0.475374 1.170890 0.000796 0.000000 0.000000
    15 1.528214 -0.000001 0.000001 0.000000 0.000000 0.244353
    16 1.528213 0.000002 -0.000002 0.000000 0.000000 0.479965
    17 3.899459 -0.431802 -0.168228 0.000796 0.000000 0.000000
    18 1.506960 0.000001 0.000000 0.000000 0.000000 0.270536
    19 1.506961 0.000001 0.000002 0.000000 0.000000 -0.034901
    20 3.915632 -0.278018 -1.402609 0.000796 0.000000 0.000000
    21 1.333079 -0.000001 0.000001 0.000000 0.000000 0.087283
    22 1.159206 0.000001 0.000001 0.000000 0.000000 0.218166
    23 7.048948 4.318974 -1.101198 1.587526 -0.821333 3.144905
  time 24
    0 0.134087 2.725324 -24.816700 0.000000 0.000000 -1.570795
    1 0.000000 0.000000 0.000000 -0.000086 -1.570451 -1.570709
    2 4.443617 -0.009642 0.000006 -0.000004 -0.000001 0.000796
    3 12.111411 -0.011446 0.000000 0.000000 0.000000 0.000000
    4 0.000010 0.011449 -1.352403 -0.000014 1.370796 3.140783
    5 6.078084 0.000000 0.000002 0.872364 -0.619844 -0.987732
    6 13.446754 0.000003 0.000002 0.000000 0.000000 -1.464148
    7 15.996999 -0.000003 -0.000002 1.469645 -0.107442 0.268047
    8 1.885324 0.833279 2.177877 1.155813 -0.579400 0.719240
    9 1.506963 -0.000002 -0.000001 0.000000 0.000000 -0.139626
    10 0.798349 -0.000002 0.000000 0.000000 0.000000 -0.148345
    11 3.950301 -0.539875 2.108871 -0.044172 -0.150800 0.291243
    12 1.545796 0.000001 0.000001 0.000000 0.000000 0.427615
    13 1.667398 0.000001 0.000001 0.000000 0.000000 0.314161
    14 3.899457 -0.475374 1.170890 0.000796 0.000000 0.000000
    15 1.528214 -0.000001 0.000001 0.000000 0.000000 0.244353
    16 1.528213 0.000002 -0.000002 0.000000 0.000000 0.479965
    17 3.899459 -0.431802 -0.168228 0.000796 0.000000 0.000000
    18 1.506960 0.000001 0.000000 0.000000 0.000000 0.270536
    19 1.506961 0.000001 0.000002 0.000000 0.000000 -0.034901
    20 3.915632 -0.278018 -1.402609 0.000796 0.000000 0.000000
    21 1.333079 -0.000001 0.000001 0.000000 0.000000 0.087283
    22 1.159206 0.000001 0.000001 0.000000 0.000000 0.218166
    23 7.048948 4.318974 -1.101198 1.587526 -0.821333 3.144905
  time 25
    0 0.134087 2.725324 -24.816700 0.000000 0.000000 -1.570795
    1 0.000000 0.000000 0.000000 -0.000086 -1.570451 -1.570709
    2 4.443617 -0.009642 0.000006 -0.000004 -0.000001 0.000796
    3 12.111411 -0.011446 0.000000 0.000000 0.000000 0.000000
    4 0.000010 0.011449 -1.352403 -0.000014 1.370796 3.140783
    5 6.078084 0.000000 0.000002 0.871480 -0.621249 -0.986558
    6 13.446754 0.000003 0.000002 0.000000 0.000000 -1.465519
    7 15.996999 -0.000003 -0.000002 1.469645 -0.107442 0.268047
    8 1.885324 0.833279 2.177877 1.155813 -0.579400 0.719240
    9 1.506963 -0.000002 -0.000001 0.000000 0.000000 -0.139626
    10 0.798349 -0.000002 0.000000 0.000000 0.000000 -0.148345
    11 3.950301 -0.539875 2.108871 -0.044172 -0.150800 0.291243
    12 1.545796 0.000001 0.000001 0.000000 0.000000 0.427615
    13 1.667398 0.000001 0.000001 0.000000 0.000000 0.314161
    14 3.899457 -0.475374 1.170890 0.000796 0.000000 0.000000
    15 1.528214 -0.000001 0.000001 0.000000 0.000000 0.244353
    16 1.528213 0.000002 -0.000002 0.000000 0.000000 0.479965
    17 3.899459 -0.431802 -0.168228 0.000796 0.000000 0.000000
    18 1.506960 0.000001 0.000000 0.000000 0.000000 0.270536
    19 1.506961 0.000001 0.000002 0.000000 0.000000 -0.034901
    20 3.915632 -0.278018 -1.402609 0.000796 0.000000 0.000000
    21 1.333079 -0.000001 0.000001 0.000000 0.000000 0.087283
    22 1.159206 0.000001 0.000001 0.000000 0.000000 0.218166
    23 7.048948 4.318974 -1.101198 1.587526 -0.821333 3.144905
  time 26
    0 0.134087 2.725324 -24.816700 0.000000 0.000000 -1.570795
    1 0.000000 0.000000 0.000000 -0.000086 -1.570451 -1.570709
    2 4.443617 -0.009642 0.000006 -0.000004 -0.000001 0.000796
    3 12.111411 -0.011446 0.000000 0.000000 0.000000 0.000000
    4 0.000010 0.011449 -1.352403 -0.000014 1.370796 3.140783
    5 6.078084 0.000000 0.000002 0.870624 -0.622624 -0.985463
    6 13.446754 0.000003 0.000002 0.000000 0.000000 -1.466833
    7 15.996999 -0.000003 -0.000002 1.469645 -0.107442 0.268047
    8 1.885324 0.833279 2.177877 1.155813 -0.579400 0.719240
    9 1.506963 -0.000002 -0.000001 0.000000 0.000000 -0.139626
    10 0.798349 -0.000002 0.000000 0.000000 0.000000 -0.148345
    11 3.950301 -0.539875 2.108871 -0.044172 -0.150800 0.291243
    12 1.545796 0.000001 0.000001 0.000000 0.000000 0.427615
    13 1.667398 0.000001 0.000001 0.000000 0.000000 0.314161
    14 3.899457 -0.475374 1.170890 0.000796 0.000000 0.000000
    15 1.528214 -0.000001 0.000001 0.000000 0.000000 0.244353
    16 1.528213 0.000002 -0.000002 0.000000 0.000000 0.479965
    17 3.899459 -0.431802 -0.168228 0.000796 0.000000 0.000000
    18 1.506960 0.000001 0.000000 0.000000 0.000000 0.270536
    19 1.506961 0.000001 0.000002 0.000000 0.000000 -0.034901
    20 3.915632 -0.278018 -1.402609 0.000796 0.000000 0.000000
    21 1.333079 -0.000001 0.000001 0.000000 0.000000 0.087283
    22 1.159206 0.000001 0.000001 0.000000 0.000000 0.218166
    23 7.048948 4.318974 -1.101198 1.587526 -0.821333 3.144905
  time 27
    0 0.134087 2.725324 -24.816700 0.000000 0.000000 -1.570795
    1 0.000000 0.000000 0.000000 -0.000086 -1.570451 -1.570709
    2 4.443617 -0.009642 0.000006 -0.000004 -0.000001 0.000796
    3 12.111411 -0.011446 0.000000 0.000000 0.000000 0.000000
    4 0.000010 0.011449 -1.352403 -0.000014 1.370796 3.140783
    5 6.078084 0.000000 0.000002 0.869797 -0.623971 -0.984368
    6 13.446754 0.000003 0.000002 0.000000 0.000000 -1.468090
    7 15.996999 -0.000003 -0.000002 1.469645 -0.107442 0.268047
    8 1.885324 0.833279 2.177877 1.155813 -0.579400 0.719240
    9 1.506963 -0.000002 -0.000001 0.000000 0.000000 -0.139626
    10 0.798349 -0.000002 0.000000 0.000000 0.000000 -0.148345
    11 3.950301 -0.539875 2.108871 -0.044172 -0.150800 0.291243
    12 1.545796 0.000001 0.000001 0.000000 0.000000 0.427615
    13 1.667398 0.000001 0.000001 0.000000 0.000000 0.314161
    14 3.899457 -0.475374 1.170890 0.000796 0.000000 0.000000
    15 1.528214 -0.000001 0.000001 0.000000 0.000000 0.244353
    16 1.528213 0.000002 -0.000002 0.000000 0.000000 0.479965
    17 3.899459 -0.431802 -0.168228 0.000796 0.000000 0.000000
    18 1.506960 0.000001 0.000000 0.000000 0.000000 0.270536
    19 1.506961 0.000001 0.000002 0.000000 0.000000 -0.034901
    20 3.915632 -0.278018 -1.402609 0.000796 0.000000 0.000000
    21 1.333079 -0.000001 0.000001 0.000000 0.000000 0.087283
    22 1.159206 0.000001 0.000001 0.000000 0.000000 0.218166
    23 7.048948 4.318974 -1.101198 1.587526 -0.821333 3.144905
  time 28
    0 0.134087 2.725324 -24.816700 0.000000 0.000000 -1.570795
    1 0.000000 0.000000 0.000000 -0.000086 -1.570451 -1.570709
    2 4.443617 -0.009642 0.000006 -0.000004 -0.000001 0.000796
    3 12.111411 -0.011446 0.000000 0.000000 0.000000 0.000000
    4 0.000010 0.011449 -1.352403 -0.000014 1.370796 3.140783
    5 6.078084 0.000000 0.000002 0.868998 -0.625261 -0.983312
    6 13.446754 0.000003 0.000002 0.000000 0.000000 -1.469289
    7 15.996999 -0.000003 -0.000002 1.469645 -0.107442 0.268047
    8 1.885324 0.833279 2.177877 1.155813 -0.579400 0.719240
    9 1.506963 -0.000002 -0.000001 0.000000 0.000000 -0.139626
    10 0.798349 -0.000002 0.000000 0.000000 0.000000 -0.148345
    11 3.950301 -0.539875 2.108871 -0.044172 -0.150800 0.291243
    12 1.545796 0.000001 0.000001 0.000000 0.000000 0.427615
    13 1.667398 0.000001 0.000001 0.000000 0.000000 0.314161
    14 3.899457 -0.475374 1.170890 0.000796 0.000000 0.000000
    15 1.528214 -0.000001 0.000001 0.000000 0.000000 0.244353
    16 1.528213 0.000002 -0.000002 0.000000 0.000000 0.479965
    17 3.899459 -0.431802 -0.168228 0.000796 0.000000 0.000000
    18 1.506960 0.000001 0.000000 0.000000 0.000000 0.270536
    19 1.506961 0.000001 0.000002 0.000000 0.000000 -0.034901
    20 3.915632 -0.278018 -1.402609 0.000796 0.000000 0.000000
    21 1.333079 -0.000001 0.000001 0.000000 0.000000 0.087283
    22 1.159206 0.000001 0.000001 0.000000 0.000000 0.218166
    23 7.048948 4.318974 -1.101198 1.587526 -0.821333 3.144905
  time 29
    0 0.134087 2.725324 -24.816700 0.000000 0.000000 -1.570795
    1 0.000000 0.000000 0.000000 -0.000086 -1.570451 -1.570709
    2 4.443617 -0.009642 0.000006 -0.000004 -0.000001 0.000796
    3 12.111411 -0.011446 0.000000 0.000000 0.000000 0.000000
    4 0.000010 0.011449 -1.352403 -0.000014 1.370796 3.140783
    5 6.078084 0.000000 0.000002 0.868257 -0.626465 -0.982295
    6 13.446754 0.000003 0.000002 0.000000 0.000000 -1.470432
    7 15.996999 -0.000003 -0.000002 1.469645 -0.107442 0.268047
    8 1.885324 0.833279 2.177877 1.155813 -0.579400 0.719240
    9 1.506963 -0.000002 -0.000001 0.000000 0.000000 -0.139626
    10 0.798349 -0.000002 0.000000 0.000000 0.000000 -0.148345
    11 3.950301 -0.539875 2.108871 -0.044172 -0.150800 0.291243
    12 1.545796 0.000001 0.000001 0.000000 0.000000 0.427615
    13 1.667398 0.000001 0.000001 0.000000 0.000000 0.314161
    14 3.899457 -0.475374 1.170890 0.000796 0.000000 0.000000
    15 1.528214 -0.000001 0.000001 0.000000 0.000000 0.244353
    16 1.528213 0.000002 -0.000002 0.000000 0.000000 0.479965
    17 3.899459 -0.431802 -0.168228 0.000796 0.000000 0.000000
    18 1.506960 0.000001 0.000000 0.000000 0.000000 0.270536
    19 1.506961 0.000001 0.000002 0.000000 0.000000 -0.034901
    20 3.915632 -0.278018 -1.402609 0.000796 0.000000 0.000000
    21 1.333079 -0.000001 0.000001 0.000000 0.000000 0.087283
    22 1.159206 0.000001 0.000001 0.000000 0.000000 0.218166
    23 7.048948 4.318974 -1.101198 1.587526 -0.821333 3.144905
  time 30
    0 0.134087 2.725324 -24.816700 0.000000 0.000000 -1.570795
    1 0.000000 0.000000 0.000000 -0.000086 -1.570451 -1.570709
    2 4.443617 -0.009642 0.000006 -0.000004 -0.000001 0.000796
    3 12.111411 -0.011446 0.000000 0.000000 0.000000 0.000000
    4 0.000010 0.011449 -1.352403 -0.000014 1.370796 3.140783
    5 6.078084 0.000000 0.000002 0.867515 -0.627640 -0.981317
    6 13.446754 0.000003 0.000002 0.000000 0.000000 -1.471518
    7 15.996999 -0.000003 -0.000002 1.469645 -0.107442 0.268047
    8 1.885324 0.833279 2.177877 1.155813 -0.579400 0.719240
    9 1.506963 -0.000002 -0.000001 0.000000 0.000000 -0.139626
    10 0.798349 -0.000002 0.000000 0.000000 0.000000 -0.148345
    11 3.950301 -0.539875 2.108871 -0.044172 -0.150800 0.291243
    12 1.545796 0.000001 0.000001 0.000000 0.000000 0.427615
    13 1.667398 0.000001 0.000001 0.000000 0.000000 0.314161
    14 3.899457 -0.475374 1.170890 0.000796 0.000000 0.000000
    15 1.528214 -0.000001 0.000001 0.000000 0.000000 0.244353
    16 1.528213 0.000002 -0.000002 0.000000 0.000000 0.479965
    17 3.899459 -0.431802 -0.168228 0.000796 0.000000 0.000000
    18 1.506960 0.000001 0.000000 0.000000 0.000000 0.270536
    19 1.506961 0.000001 0.000002 0.000000 0.000000 -0.034901
    20 3.915632 -0.278018 -1.402609 0.000796 0.000000 0.000000
    21 1.333079 -0.000001 0.000001 0.000000 0.000000 0.087283
    22 1.159206 0.000001 0.000001 0.000000 0.000000 0.218166
    23 7.048948 4.318974 -1.101198 1.587526 -0.821366 3.144905
  time 31
    0 0.134087 2.725324 -24.816700 0.000000 0.000000 -1.570795
    1 0.000000 0.000000 0.000000 -0.000086 -1.570451 -1.570709
    2 4.443617 -0.009642 0.000006 -0.000004 -0.000001 0.000796
    3 12.111411 -0.011446 0.000000 0.000000 0.000000 0.000000
    4 0.000010 0.011449 -1.352403 -0.000014 1.370796 3.140783
    5 6.078084 0.000000 0.000002 0.866830 -0.628729 -0.980379
    6 13.446754 0.000003 0.000002 0.000000 0.000000 -1.472546
    7 15.996999 -0.000003 -0.000002 1.469645 -0.107442 0.268047
    8 1.885324 0.833279 2.177877 1.155813 -0.579400 0.719240
    9 1.506963 -0.000002 -0.000001 0.000000 0.000000 -0.139626
    10 0.798349 -0.000002 0.000000 0.000000 0.000000 -0.148345
    11 3.950301 -0.539875 2.108871 -0.044172 -0.150800 0.291243
    12 1.545796 0.000001 0.000001 0.000000 0.000000 0.427615
    13 1.667398 0.000001 0.000001 0.000000 0.000000 0.314161
    14 3.899457 -0.475374 1.170890 0.000796 0.000000 0.000000
    15 1.528214 -0.000001 0.000001 0.000000 0.000000 0.244353
    16 1.528213 0.000002 -0.000002 0.000000 0.000000 0.479965
    17 3.899459 -0.431802 -0.168228 0.000796 0.000000 0.000000
    18 1.506960 0.000001 0.000000 0.000000 0.000000 0.270536
    19 1.506961 0.000001 0.000002 0.000000 0.000000 -0.034901
    20 3.915632 -0.278018 -1.402609 0.000796 0.000000 0.000000
    21 1.333079 -0.000001 0.000001 0.000000 0.000000 0.087283
    22 1.159206 0.000001 0.000001 0.000000 0.000000 0.218166
    23 7.048948 4.318974 -1.101198 1.587526 -0.821333 3.144905
  time 32
    0 0.134087 2.725324 -24.816700 0.000000 0.000000 -1.570795
    1 0.000000 0.000000 0.000000 -0.000086 -1.570451 -1.570709
    2 4.443617 -0.009642 0.000006 -0.000004 -0.000001 0.000796
    3 12.111411 -0.011446 0.000000 0.000000 0.000000 0.000000
    4 0.000010 0.011449 -1.352403 -0.000014 1.370796 3.140783
    5 6.078084 0.000000 0.000002 0.866203 -0.629761 -0.979479
    6 13.446754 0.000003 0.000002 0.000000 0.000000 -1.473517
    7 15.996999 -0.000003 -0.000002 1.469645 -0.107442 0.268047
    8 1.885324 0.833279 2.177877 1.155813 -0.579400 0.719240
    9 1.506963 -0.000002 -0.000001 0.000000 0.000000 -0.139626
    10 0.798349 -0.000002 0.000000 0.000000 0.000000 -0.148345
    11 3.950301 -0.539875 2.108871 -0.044172 -0.150800 0.291243
    12 1.545796 0.000001 0.000001 0.000000 0.000000 0.427615
    13 1.667398 0.000001 0.000001 0.000000 0.000000 0.314161
    14 3.899457 -0.475374 1.170890 0.000796 0.000000 0.000000
    15 1.528214 -0.000001 0.000001 0.000000 0.000000 0.244353
    16 1.528213 0.000002 -0.000002 0.000000 0.000000 0.479965
    17 3.899459 -0.431802 -0.168228 0.000796 0.000000 0.000000
    18 1.506960 0.000001 0.000000 0.000000 0.000000 0.270536
    19 1.506961 0.000001 0.000002 0.000000 0.000000 -0.034901
    20 3.915632 -0.278018 -1.402609 0.000796 0.000000 0.000000
    21 1.333079 -0.000001 0.000001 0.000000 0.000000 0.087283
    22 1.159206 0.000001 0.000001 0.000000 0.000000 0.218166
    23 7.048948 4.318974 -1.101198 1.587526 -0.821333 3.144905
  time 33
    0 0.134087 2.725324 -24.816700 0.000000 0.000000 -1.570795
    1 0.000000 0.000000 0.000000 -0.000086 -1.570451 -1.570709
    2 4.443617 -0.009642 0.000006 -0.000004 -0.000001 0.000796
    3 12.111411 -0.011446 0.000000 0.000000 0.000000 0.000000
    4 0.000010 0.011449 -1.352403 -0.000014 1.370796 3.140783
    5 6.078084 0.000000 0.000002 0.865604 -0.630707 -0.978619
    6 13.446754 0.000003 0.000002 0.000000 0.000000 -1.474431
    7 15.996999 -0.000003 -0.000002 1.469645 -0.107442 0.268047
    8 1.885324 0.833279 2.177877 1.155813 -0.579400 0.719240
    9 1.506963 -0.000002 -0.000001 0.000000 0.000000 -0.139626
    10 0.798349 -0.000002 0.000000 0.000000 0.000000 -0.148345
    11 3.950301 -0.539875 2.108871 -0.044172 -0.150800 0.291243
    12 1.545796 0.000001 0.000001 0.000000 0.000000 0.427615
    13 1.667398 0.000001 0.000001 0.000000 0.000000 0.314161
    14 3.899457 -0.475374 1.170890 0.000796 0.000000 0.000000
    15 1.528214 -0.000001 0.000001 0.000000 0.000000 0.244353
    16 1.528213 0.000002 -0.000002 0.000000 0.000000 0.479965
    17 3.899459 -0.431802 -0.168228 0.000796 0.000000 0.000000
    18 1.506960 0.000001 0.000000 0.000000 0.000000 0.270536
    19 1.506961 0.000001 0.000002 0.000000 0.000000 -0.034901
    20 3.915632 -0.278018 -1.402609 0.000796 0.000000 0.000000
    21 1.333079 -0.000001 0.000001 0.000000 0.000000 0.087283
    22 1.159206 0.000001 0.000001 0.000000 0.000000 0.218166
    23 7.048948 4.318974 -1.101198 1.587526 -0.821333 3.144905
  time 34
    0 0.134087 2.725324 -24.816700 0.000000 0.000000 -1.570795
    1 0.000000 0.000000 0.000000 -0.000086 -1.570451 -1.570709
    2 4.443617 -0.009642 0.000006 -0.000004 -0.000001 0.000796
    3 12.111411 -0.011446 0.000000 0.000000 0.000000 0.000000
    4 0.000010 0.011449 -1.352403 -0.000014 1.370796 3.140783
    5 6.078084 0.000000 0.000002 0.865033 -0.631596 -0.977836
    6 13.446754 0.000003 0.000002 0.000000 0.000000 -1.475288
    7 15.996999 -0.000003 -0.000002 1.469645 -0.107442 0.268047
    8 1.885324 0.833279 2.177877 1.155813 -0.579400 0.719240
    9 1.506963 -0.000002 -0.000001 0.000000 0.000000 -0.139626
    10 0.798349 -0.000002 0.000000 0.000000 0.000000 -0.148345
    11 3.950301 -0.539875 2.108871 -0.044172 -0.150800 0.291243
    12 1.545796 0.000001 0.000001 0.000000 0.000000 0.427615
    13 1.667398 0.000001 0.000001 0.000000 0.000000 0.314161
    14 3.899457 -0.475374 1.170890 0.000796 0.000000 0.000000
    15 1.528214 -0.000001 0.000001 0.000000 0.000000 0.244353
    16 1.528213 0.000002 -0.000002 0.000000 0.000000 0.479965
    17 3.899459 -0.431802 -0.168228 0.000796 0.000000 0.000000
    18 1.506960 0.000001 0.000000 0.000000 0.000000 0.270536
    19 1.506961 0.000001 0.000002 0.000000 0.000000 -0.034901
    20 3.915632 -0.278018 -1.402609 0.000796 0.000000 0.000000
    21 1.333079 -0.000001 0.000001 0.000000 0.000000 0.087283
    22 1.159206 0.000001 0.000001 0.000000 0.000000 0.218166
    23 7.048948 4.318974 -1.101198 1.587526 -0.821333 3.144905
  time 35
    0 0.134087 2.725324 -24.816700 0.000000 0.000000 -1.570795
    1 0.000000 0.000000 0.000000 -0.000086 -1.570451 -1.570709
    2 4.443617 -0.009642 0.000006 -0.000004 -0.000001 0.000796
    3 12.111411 -0.011446 0.000000 0.000000 0.000000 0.000000
    4 0.000010 0.011449 -1.352403 -0.000014 1.370796 3.140783
    5 6.078084 0.000000 0.000002 0.864548 -0.632398 -0.977093
    6 13.446754 0.000003 0.000002 0.000000 0.000000 -1.476031
    7 15.996999 -0.000003 -0.000002 1.469645 -0.107442 0.268047
    8 1.885324 0.833279 2.177877 1.155813 -0.579400 0.719240
    9 1.506963 -0.000002 -0.000001 0.000000 0.000000 -0.139626
    10 0.798349 -0.000002 0.000000 0.000000 0.000000 -0.148345
    11 3.950301 -0.539875 2.108871 -0.044172 -0.150800 0.291243
    12 1.545796 0.000001 0.000001 0.000000 0.000000 0.427615
    13 1.667398 0.000001 0.000001 0.000000 0.000000 0.314161
    14 3.899457 -0.475374 1.170890 0.000796 0.000000 0.000000
    15 1.528214 -0.000001 0.000001 0.000000 0.000000 0.244353
    16 1.528213 0.000002 -0.000002 0.000000 0.000000 0.479965
    17 3.899459 -0.431802 -0.168228 0.000796 0.000000 0.000000
    18 1.506960 0.000001 0.000000 0.000000 0.000000 0.270536
    19 1.506961 0.000001 0.000002 0.000000 0.000000 -0.034901
    20 3.915632 -0.278018 -1.402609 0.000796 0.000000 0.000000
    21 1.333079 -0.000001 0.000001 0.000000 0.000000 0.087283
    22 1.159206 0.000001 0.000001 0.000000 0.000000 0.218166
    23 7.048948 4.318974 -1.101198 1.587526 -0.821333 3.144905
  time 36
    0 0.134087 2.725324 -24.816700 0.000000 0.000000 -1.570795
    1 0.000000 0.000000 0.000000 -0.000086 -1.570451 -1.570709
    2 4.443617 -0.009642 0.000006 -0.000004 -0.000001 0.000796
    3 12.111411 -0.011446 0.000000 0.000000 0.000000 0.000000
    4 0.000010 0.011449 -1.352403 -0.000014 1.370796 3.140783
    5 6.078084 0.000000 0.000002 0.864092 -0.633115 -0.976389
    6 13.446754 0.000003 0.000002 0.000000 0.000000 -1.476717
    7 15.996999 -0.000003 -0.000002 1.469645 -0.107442 0.268047
    8 1.885324 0.833279 2.177877 1.155813 -0.579400 0.719240
    9 1.506963 -0.000002 -0.000001 0.000000 0.000000 -0.139626
    10 0.798349 -0.000002 0.000000 0.000000 0.000000 -0.148345
    11 3.950301 -0.539875 2.108871 -0.044172 -0.150800 0.291243
    12 1.545796 0.000001 0.000001 0.000000 0.000000 0.427615
    13 1.667398 0.000001 0.000001 0.000000 0.000000 0.314161
    14 3.899457 -0.475374 1.170890 0.000796 0.000000 0.000000
    15 1.528214 -0.000001 0.000001 0.000000 0.000000 0.244353
    16 1.528213 0.000002 -0.000002 0.000000 0.000000 0.479965
    17 3.899459 -0.431802 -0.168228 0.000796 0.000000 0.000000
    18 1.506960 0.000001 0.000000 0.000000 0.000000 0.270536
    19 1.506961 0.000001 0.000002 0.000000 0.000000 -0.034901
    20 3.915632 -0.278018 -1.402609 0.000796 0.000000 0.000000
    21 1.333079 -0.000001 0.000001 0.000000 0.000000 0.087283
    22 1.159206 0.000001 0.000001 0.000000 0.000000 0.218166
    23 7.048948 4.318974 -1.101198 1.587526 -0.821333 3.144905
  time 37
    0 0.134087 2.725324 -24.816700 0.000000 0.000000 -1.570795
    1 0.000000 0.000000 0.000000 -0.000086 -1.570451 -1.570709
    2 4.443617 -0.009642 0.000006 -0.000004 -0.000001 0.000796
    3 12.111411 -0.011446 0.000000 0.000000 0.000000 0.000000
    4 0.000010 0.011449 -1.352403 -0.000014 1.370796 3.140783
    5 6.078084 0.000000 0.000002 0.863693 -0.633745 -0.975763
    6 13.446754 0.000003 0.000002 0.000000 0.000000 -1.477345
    7 15.996999 -0.000003 -0.000002 1.469645 -0.107442 0.268047
    8 1.885324 0.833279 2.177877 1.155813 -0.579400 0.719240
    9 1.506963 -0.000002 -0.000001 0.000000 0.000000 -0.139626
    10 0.798349 -0.000002 0.000000 0.000000 0.000000 -0.148345
    11 3.950301 -0.539875 2.108871 -0.044172 -0.150800 0.291243
    12 1.545796 0.000001 0.000001 0.000000 0.000000 0.427615
    13 1.667398 0.000001 0.000001 0.000000 0.000000 0.314161
    14 3.899457 -0.475374 1.170890 0.000796 0.000000 0.000000
    15 1.528214 -0.000001 0.000001 0.000000 0.000000 0.244353
    16 1.528213 0.000002 -0.000002 0.000000 0.000000 0.479965
    17 3.899459 -0.431802 -0.168228 0.000796 0.000000 0.000000
    18 1.506960 0.000001 0.000000 0.000000 0.000000 0.270536
    19 1.506961 0.000001 0.000002 0.000000 0.000000 -0.034901
    20 3.915632 -0.278018 -1.402609 0.000796 0.000000 0.000000
    21 1.333079 -0.000001 0.000001 0.000000 0.000000 0.087283
    22 1.159206 0.000001 0.000001 0.000000 0.000000 0.218166
    23 7.048948 4.318974 -1.101198 1.587526 -0.821333 3.144905
  time 38
    0 0.134087 2.725324 -24.816700 0.000000 0.000000 -1.570795
    1 0.000000 0.000000 0.000000 -0.000086 -1.570451 -1.570709
    2 4.443617 -0.009642 0.000006 -0.000004 -0.000001 0.000796
    3 12.111411 -0.011446 0.000000 0.000000 0.000000 0.000000
    4 0.000010 0.011449 -1.352403 -0.000014 1.370796 3.140783
    5 6.078084 0.000000 0.000002 0.863350 -0.634290 -0.975177
    6 13.446754 0.000003 0.000002 0.000000 0.000000 -1.477859
    7 15.996999 -0.000003 -0.000002 1.469645 -0.107442 0.268047
    8 1.885324 0.833279 2.177877 1.155813 -0.579400 0.719240
    9 1.506963 -0.000002 -0.000001 0.000000 0.000000 -0.139626
    10 0.798349 -0.000002 0.000000 0.000000 0.000000 -0.148345
    11 3.950301 -0.539875 2.108871 -0.044172 -0.150800 0.291243
    12 1.545796 0.000001 0.000001 0.000000 0.000000 0.427615
    13 1.667398 0.000001 0.000001 0.000000 0.000000 0.314161
    14 3.899457 -0.475374 1.170890 0.000796 0.000000 0.000000
    15 1.528214 -0.000001 0.000001 0.000000 0.000000 0.244353
    16 1.528213 0.000002 -0.000002 0.000000 0.000000 0.479965
    17 3.899459 -0.431802 -0.168228 0.000796 0.000000 0.000000
    18 1.506960 0.000001 0.000000 0.000000 0.000000 0.270536
    19 1.506961 0.000001 0.000002 0.000000 0.000000 -0.034901
    20 3.915632 -0.278018 -1.402609 0.000796 0.000000 0.000000
    21 1.333079 -0.000001 0.000001 0.000000 0.000000 0.087283
    22 1.159206 0.000001 0.000001 0.000000 0.000000 0.218166
    23 7.048948 4.318974 -1.101198 1.587526 -0.821333 3.144905
  time 39
    0 0.134087 2.725324 -24.816700 0.000000 0.000000 -1.570795
    1 0.000000 0.000000 0.000000 -0.000086 -1.570451 -1.570709
    2 4.443617 -0.009642 0.000006 -0.000004 -0.000001 0.000796
    3 12.111411 -0.011446 0.000000 0.000000 0.000000 0.000000
    4 0.000010 0.011449 -1.352403 -0.000014 1.370796 3.140783
    5 6.078084 0.000000 0.000002 0.863094 -0.634720 -0.974668
    6 13.446754 0.000003 0.000002 0.000000 0.000000 -1.478259
    7 15.996999 -0.000003 -0.000002 1.469645 -0.107442 0.268047
    8 1.885324 0.833279 2.177877 1.155813 -0.579400 0.719240
    9 1.506963 -0.000002 -0.000001 0.000000 0.000000 -0.139626
    10 0.798349 -0.000002 0.000000 0.000000 0.000000 -0.148345
    11 3.950301 -0.539875 2.108871 -0.044172 -0.150800 0.291243
    12 1.545796 0.000001 0.000001 0.000000 0.000000 0.427615
    13 1.667398 0.000001 0.000001 0.000000 0.000000 0.314161
    14 3.899457 -0.475374 1.170890 0.000796 0.000000 0.000000
    15 1.528214 -0.000001 0.000001 0.000000 0.000000 0.244353
    16 1.528213 0.000002 -0.000002 0.000000 0.000000 0.479965
    17 3.899459 -0.431802 -0.168228 0.000796 0.000000 0.000000
    18 1.506960 0.000001 0.000000 0.000000 0.000000 0.270536
    19 1.506961 0.000001 0.000002 0.000000 0.000000 -0.034901
    20 3.915632 -0.278018 -1.402609 0.000796 0.000000 0.000000
    21 1.333079 -0.000001 0.000001 0.000000 0.000000 0.087283
    22 1.159206 0.000001 0.000001 0.000000 0.000000 0.218166
    23 7.048948 4.318974 -1.101198 1.587526 -0.821333 3.144905
  time 40
    0 0.134087 2.725324 -24.816700 0.000000 0.000000 -1.570795
    1 0.000000 0.000000 0.000000 -0.000086 -1.570451 -1.570709
    2 4.443617 -0.009642 0.000006 -0.000004 -0.000001 0.000796
    3 12.111411 -0.011446 0.000000 0.000000 0.000000 0.000000
    4 0.000010 0.011449 -1.352403 -0.000014 1.370796 3.140783
    5 6.078084 0.000000 0.000002 0.862866 -0.635064 -0.974238
    6 13.446754 0.000003 0.000002 0.000000 0.000000 -1.478602
    7 15.996999 -0.000003 -0.000002 1.469645 -0.107442 0.268047
    8 1.885324 0.833279 2.177877 1.155813 -0.579400 0.719240
    9 1.506963 -0.000002 -0.000001 0.000000 0.000000 -0.139626
    10 0.798349 -0.000002 0.000000 0.000000 0.000000 -0.148345
    11 3.950301 -0.539875 2.108871 -0.044172 -0.150800 0.291243
    12 1.545796 0.000001 0.000001 0.000000 0.000000 0.427615
    13 1.667398 0.000001 0.000001 0.000000 0.000000 0.314161
    14 3.899457 -0.475374 1.170890 0.000796 0.000000 0.000000
    15 1.528214 -0.000001 0.000001 0.000000 0.000000 0.244353
    16 1.528213 0.000002 -0.000002 0.000000 0.000000 0.479965
    17 3.899459 -0.431802 -0.168228 0.000796 0.000000 0.000000
    18 1.506960 0.000001 0.000000 0.000000 0.000000 0.270536
    19 1.506961 0.000001 0.000002 0.000000 0.000000 -0.034901
    20 3.915632 -0.278018 -1.402609 0.000796 0.000000 0.000000
    21 1.333079 -0.000001 0.000001 0.000000 0.000000 0.087283
    22 1.159206 0.000001 0.000001 0.000000 0.000000 0.218166
    23 7.048948 4.318974 -1.101198 1.587526 -0.821333 3.144905
  time 41
    0 0.134087 2.725324 -24.816700 0.000000 0.000000 -1.570795
    1 0.000000 0.000000 0.000000 -0.000086 -1.570451 -1.570709
    2 4.443617 -0.009642 0.000006 -0.000004 -0.000001 0.000796
    3 12.111411 -0.011446 0.000000 0.000000 0.000000 0.000000
    4 0.000010 0.011449 -1.352403 -0.000014 1.370796 3.140783
    5 6.078084 0.000000 0.000002 0.862723 -0.635322 -0.973847
    6 13.446754 0.000003 0.000002 0.000000 0.000000 -1.478830
    7 15.996999 -0.000003 -0.000002 1.469645 -0.107442 0.268047
    8 1.885324 0.833279 2.177877 1.155813 -0.579400 0.719240
    9 1.506963 -0.000002 -0.000001 0.000000 0.000000 -0.139626
    10 0.798349 -0.000002 0.000000 0.000000 0.000000 -0.148345
    11 3.950301 -0.539875 2.108871 -0.044172 -0.150800 0.291243
    12 1.545796 0.000001 0.000001 0.000000 0.000000 0.427615
    13 1.667398 0.000001 0.000001 0.000000 0.000000 0.314161
    14 3.899457 -0.475374 1.170890 0.000796 0.000000 0.000000
    15 1.528214 -0.000001 0.000001 0.000000 0.000000 0.244353
    16 1.528213 0.000002 -0.000002 0.000000 0.000000 0.479965
    17 3.899459 -0.431802 -0.168228 0.000796 0.000000 0.000000
    18 1.506960 0.000001 0.000000 0.000000 0.000000 0.270536
    19 1.506961 0.000001 0.000002 0.000000 0.000000 -0.034901
    20 3.915632 -0.278018 -1.402609 0.000796 0.000000 0.000000
    21 1.333079 -0.000001 0.000001 0.000000 0.000000 0.087283
    22 1.159206 0.000001 0.000001 0.000000 0.000000 0.218166
    23 7.048948 4.318974 -1.101198 1.587526 -0.821333 3.144905
  time 42
    0 0.134087 2.725324 -24.816700 0.000000 0.000000 -1.570795
    1 0.000000 0.000000 0.000000 -0.000086 -1.570451 -1.570709
    2 4.443617 -0.009642 0.000006 -0.000004 -0.000001 0.000796
    3 12.111411 -0.011446 0.000000 0.000000 0.000000 0.000000
    4 0.000010 0.011449 -1.352403 -0.000014 1.370796 3.140783
    5 6.078084 0.000000 0.000002 0.862666 -0.635436 -0.973573
    6 13.446754 0.000003 0.000002 0.000000 0.000000 -1.478945
    7 15.996999 -0.000003 -0.000002 1.469645 -0.107442 0.268047
    8 1.885324 0.833279 2.177877 1.155813 -0.579400 0.719240
    9 1.506963 -0.000002 -0.000001 0.000000 0.000000 -0.139626
    10 0.798349 -0.000002 0.000000 0.000000 0.000000 -0.148345
    11 3.950301 -0.539875 2.108871 -0.044172 -0.150800 0.291243
    12 1.545796 0.000001 0.000001 0.000000 0.000000 0.427615
    13 1.667398 0.000001 0.000001 0.000000 0.000000 0.314161
    14 3.899457 -0.475374 1.170890 0.000796 0.000000 0.000000
    15 1.528214 -0.000001 0.000001 0.000000 0.000000 0.244353
    16 1.528213 0.000002 -0.000002 0.000000 0.000000 0.479965
    17 3.899459 -0.431802 -0.168228 0.000796 0.000000 0.000000
    18 1.506960 0.000001 0.000000 0.000000 0.000000 0.270536
    19 1.506961 0.000001 0.000002 0.000000 0.000000 -0.034901
    20 3.915632 -0.278018 -1.402609 0.000796 0.000000 0.000000
    21 1.333079 -0.000001 0.000001 0.000000 0.000000 0.087283
    22 1.159206 0.000001 0.000001 0.000000 0.000000 0.218166
    23 7.048948 4.318974 -1.101198 1.587526 -0.821333 3.144905
  time 43
    0 0.134087 2.725324 -24.816700 0.000000 0.000000 -1.570795
    1 0.000000 0.000000 0.000000 -0.000086 -1.570451 -1.570709
    2 4.443617 -0.009642 0.000006 -0.000004 -0.000001 0.000796
    3 12.111411 -0.011446 0.000000 0.000000 0.000000 0.000000
    4 0.000010 0.011449 -1.352403 -0.000014 1.370796 3.140783
    5 6.078084 0.000000 0.000002 0.862637 -0.635494 -0.973338
    6 13.446754 0.000003 0.000002 0.000000 0.000000 -1.478945
    7 15.996999 -0.000003 -0.000002 1.469645 -0.107442 0.268047
    8 1.885324 0.833279 2.177877 1.155813 -0.579400 0.719240
    9 1.506963 -0.000002 -0.000001 0.000000 0.000000 -0.139626
    10 0.798349 -0.000002 0.000000 0.000000 0.000000 -0.148345
    11 3.950301 -0.539875 2.108871 -0.044172 -0.150800 0.291243
    12 1.545796 0.000001 0.000001 0.000000 0.000000 0.427615
    13 1.667398 0.000001 0.000001 0.000000 0.000000 0.314161
    14 3.899457 -0.475374 1.170890 0.000796 0.000000 0.000000
    15 1.528214 -0.000001 0.000001 0.000000 0.000000 0.244353
    16 1.528213 0.000002 -0.000002 0.000000 0.000000 0.479965
    17 3.899459 -0.431802 -0.168228 0.000796 0.000000 0.000000
    18 1.506960 0.000001 0.000000 0.000000 0.000000 0.270536
    19 1.506961 0.000001 0.000002 0.000000 0.000000 -0.034901
    20 3.915632 -0.278018 -1.402609 0.000796 0.000000 0.000000
    21 1.333079 -0.000001 0.000001 0.000000 0.000000 0.087283
    22 1.159206 0.000001 0.000001 0.000000 0.000000 0.218166
    23 7.048948 4.318974 -1.101198 1.587526 -0.821333 3.144905
  time 44
    0 0.134087 2.725324 -24.816700 0.000000 0.000000 -1.570795
    1 0.000000 0.000000 0.000000 -0.000086 -1.570451 -1.570709
    2 4.443617 -0.009642 0.000006 -0.000004 -0.000001 0.000796
    3 12.111411 -0.011446 0.000000 0.000000 0.000000 0.000000
    4 0.000010 0.011449 -1.352403 -0.000014 1.370796 3.140783
    5 6.078084 0.000000 0.000002 0.862694 -0.635408 -0.973143
    6 13.446754 0.000003 0.000002 0.000000 0.000000 -1.478888
    7 15.996999 -0.000003 -0.000002 1.469645 -0.107442 0.268047
    8 1.885324 0.833279 2.177877 1.155813 -0.579400 0.719240
    9 1.506963 -0.000002 -0.000001 0.000000 0.000000 -0.139626
    10 0.798349 -0.000002 0.000000 0.000000 0.000000 -0.148345
    11 3.950301 -0.539875 2.108871 -0.044172 -0.150800 0.291243
    12 1.545796 0.000001 0.000001 0.000000 0.000000 0.427615
    13 1.667398 0.000001 0.000001 0.000000 0.000000 0.314161
    14 3.899457 -0.475374 1.170890 0.000796 0.000000 0.000000
    15 1.528214 -0.000001 0.000001 0.000000 0.000000 0.244353
    16 1.528213 0.000002 -0.000002 0.000000 0.000000 0.479965
    17 3.899459 -0.431802 -0.168228 0.000796 0.000000 0.000000
    18 1.506960 0.000001 0.000000 0.000000 0.000000 0.270536
    19 1.506961 0.000001 0.000002 0.000000 0.000000 -0.034901
    20 3.915632 -0.278018 -1.402609 0.000796 0.000000 0.000000
    21 1.333079 -0.000001 0.000001 0.000000 0.000000 0.087283
    22 1.159206 0.000001 0.000001 0.000000 0.000000 0.218166
    23 7.048948 4.318974 -1.101198 1.587526 -0.821333 3.144905
  time 45
    0 0.134087 2.725324 -24.816700 0.000000 0.000000 -1.570795
    1 0.000000 0.000000 0.000000 -0.000086 -1.570451 -1.570709
    2 4.443617 -0.009642 0.000006 -0.000004 -0.000001 0.000796
    3 12.111411 -0.011446 0.000000 0.000000 0.000000 0.000000
    4 0.000010 0.011449 -1.352403 -0.000014 1.370796 3.140783
    5 6.078084 0.000000 0.000002 0.862809 -0.635264 -0.973026
    6 13.446754 0.000003 0.000002 0.000000 0.000000 -1.478773
    7 15.996999 -0.000003 -0.000002 1.469645 -0.107442 0.268047
    8 1.885324 0.833279 2.177877 1.155813 -0.579400 0.719240
    9 1.506963 -0.000002 -0.000001 0.000000 0.000000 -0.139626
    10 0.798349 -0.000002 0.000000 0.000000 0.000000 -0.148345
    11 3.950301 -0.539875 2.108871 -0.044172 -0.150800 0.291243
    12 1.545796 0.000001 0.000001 0.000000 0.000000 0.427615
    13 1.667398 0.000001 0.000001 0.000000 0.000000 0.314161
    14 3.899457 -0.475374 1.170890 0.000796 0.000000 0.000000
    15 1.528214 -0.000001 0.000001 0.000000 0.000000 0.244353
    16 1.528213 0.000002 -0.000002 0.000000 0.000000 0.479965
    17 3.899459 -0.431802 -0.168228 0.000796 0.000000 0.000000
    18 1.506960 0.000001 0.000000 0.000000 0.000000 0.270536
    19 1.506961 0.000001 0.000002 0.000000 0.000000 -0.034901
    20 3.915632 -0.278018 -1.402609 0.000796 0.000000 0.000000
    21 1.333079 -0.000001 0.000001 0.000000 0.000000 0.087283
    22 1.159206 0.000001 0.000001 0.000000 0.000000 0.218166
    23 7.048948 4.318974 -1.101198 1.587526 -0.821333 3.144905
  time 46
    0 0.134087 2.725324 -24.816700 0.000000 0.000000 -1.570795
    1 0.000000 0.000000 0.000000 -0.000086 -1.570451 -1.570709
    2 4.443617 -0.009642 0.000006 -0.000004 -0.000001 0.000796
    3 12.111411 -0.011446 0.000000 0.000000 0.000000 0.000000
    4 0.000010 0.011449 -1.352403 -0.000014 1.370796 3.140783
    5 6.078084 0.000000 0.000002 0.862980 -0.635006 -0.972986
    6 13.446754 0.000003 0.000002 0.000000 0.000000 -1.478545
    7 15.996999 -0.000003 -0.000002 1.469645 -0.107442 0.268047
    8 1.885324 0.833279 2.177877 1.155813 -0.579400 0.719240
    9 1.506963 -0.000002 -0.000001 0.000000 0.000000 -0.139626
    10 0.798349 -0.000002 0.000000 0.000000 0.000000 -0.148345
    11 3.950301 -0.539875 2.108871 -0.044172 -0.150800 0.291243
    12 1.545796 0.000001 0.000001 0.000000 0.000000 0.427615
    13 1.667398 0.000001 0.000001 0.000000 0.000000 0.314161
    14 3.899457 -0.475374 1.170890 0.000796 0.000000 0.000000
    15 1.528214 -0.000001 0.000001 0.000000 0.000000 0.244353
    16 1.528213 0.000002 -0.000002 0.000000 0.000000 0.479965
    17 3.899459 -0.431802 -0.168228 0.000796 0.000000 0.000000
    18 1.506960 0.000001 0.000000 0.000000 0.000000 0.270536
    19 1.506961 0.000001 0.000002 0.000000 0.000000 -0.034901
    20 3.915632 -0.278018 -1.402609 0.000796 0.000000 0.000000
    21 1.333079 -0.000001 0.000001 0.000000 0.000000 0.087283
    22 1.159206 0.000001 0.000001 0.000000 0.000000 0.218166
    23 7.048948 4.318974 -1.101198 1.587526 -0.821333 3.144905
  time 47
    0 0.134087 2.725324 -24.816700 0.000000 0.000000 -1.570795
    1 0.000000 0.000000 0.000000 -0.000086 -1.570451 -1.570709
    2 4.443617 -0.009642 0.000006 -0.000004 -0.000001 0.000796
    3 12.111411 -0.011446 0.000000 0.000000 0.000000 0.000000
    4 0.000010 0.011449 -1.352403 -0.000014 1.370796 3.140783
    5 6.078084 0.000000 0.000002 0.863208 -0.634691 -0.972986
    6 13.446754 0.000003 0.000002 0.000000 0.000000 -1.478202
    7 15.996999 -0.000003 -0.000002 1.469645 -0.107442 0.268047
    8 1.885324 0.833279 2.177877 1.155813 -0.579400 0.719240
    9 1.506963 -0.000002 -0.000001 0.000000 0.000000 -0.139626
    10 0.798349 -0.000002 0.000000 0.000000 0.000000 -0.148345
    11 3.950301 -0.539875 2.108871 -0.044172 -0.150800 0.291243
    12 1.545796 0.000001 0.000001 0.000000 0.000000 0.427615
    13 1.667398 0.000001 0.000001 0.000000 0.000000 0.314161
    14 3.899457 -0.475374 1.170890 0.000796 0.000000 0.000000
    15 1.528214 -0.000001 0.000001 0.000000 0.000000 0.244353
    16 1.528213 0.000002 -0.000002 0.000000 0.000000 0.479965
    17 3.899459 -0.431802 -0.168228 0.000796 0.000000 0.000000
    18 1.506960 0.000001 0.000000 0.000000 0.000000 0.270536
    19 1.506961 0.000001 0.000002 0.000000 0.000000 -0.034901
    20 3.915632 -0.278018 -1.402609 0.000796 0.000000 0.000000
    21 1.333079 -0.000001 0.000001 0.000000 0.000000 0.087283
    22 1.159206 0.000001 0.000001 0.000000 0.000000 0.218166
    23 7.048948 4.318974 -1.101198 1.587597 -0.821333 3.144905
  time 48
    0 0.134087 2.725324 -24.816700 0.000000 0.000000 -1.570795
    1 0.000000 0.000000 0.000000 -0.000086 -1.570451 -1.570709
    2 4.443617 -0.009642 0.000006 -0.000004 -0.000001 0.000796
    3 12.111411 -0.011446 0.000000 0.000000 0.000000 0.000000
    4 0.000010 0.011449 -1.352403 -0.000014 1.370796 3.140783
    5 6.078084 0.000000 0.000002 0.863493 -0.634261 -0.973065
    6 13.446754 0.000003 0.000002 0.000000 0.000000 -1.477802
    7 15.996999 -0.000003 -0.000002 1.469645 -0.107442 0.268047
    8 1.885324 0.833279 2.177877 1.155813 -0.579400 0.719240
    9 1.506963 -0.000002 -0.000001 0.000000 0.000000 -0.139626
    10 0.798349 -0.000002 0.000000 0.000000 0.000000 -0.148345
    11 3.950301 -0.539875 2.108871 -0.044172 -0.150800 0.291243
    12 1.545796 0.000001 0.000001 0.000000 0.000000 0.427615
    13 1.667398 0.000001 0.000001 0.000000 0.000000 0.314161
    14 3.899457 -0.475374 1.170890 0.000796 0.000000 0.000000
    15 1.528214 -0.000001 0.000001 0.000000 0.000000 0.244353
    16 1.528213 0.000002 -0.000002 0.000000 0.000000 0.479965
    17 3.899459 -0.431802 -0.168228 0.000796 0.000000 0.000000
    18 1.506960 0.000001 0.000000 0.000000 0.000000 0.270536
    19 1.506961 0.000001 0.000002 0.000000 0.000000 -0.034901
    20 3.915632 -0.278018 -1.402609 0.000796 0.000000 0.000000
    21 1.333079 -0.000001 0.000001 0.000000 0.000000 0.087283
    22 1.159206 0.000001 0.000001 0.000000 0.000000 0.218166
    23 7.048948 4.318974 -1.101198 1.587526 -0.821333 3.144905
  time 49
    0 0.134087 2.725324 -24.816700 0.000000 0.000000 -1.570795
    1 0.000000 0.000000 0.000000 -0.000086 -1.570451 -1.570709
    2 4.443617 -0.009642 0.000006 -0.000004 -0.000001 0.000796
    3 12.111411 -0.011446 0.000000 0.000000 0.000000 0.000000
    4 0.000010 0.011449 -1.352403 -0.000014 1.370796 3.140783
    5 6.078084 0.000000 0.000002 0.863835 -0.633774 -0.973182
    6 13.446754 0.000003 0.000002 0.000000 0.000000 -1.477345
    7 15.996999 -0.000003 -0.000002 1.469645 -0.107442 0.268047
    8 1.885324 0.833279 2.177877 1.155813 -0.579400 0.719240
    9 1.506963 -0.000002 -0.000001 0.000000 0.000000 -0.139626
    10 0.798349 -0.000002 0.000000 0.000000 0.000000 -0.148345
    11 3.950301 -0.539875 2.108871 -0.044172 -0.150800 0.291243
    12 1.545796 0.000001 0.000001 0.000000 0.000000 0.427615
    13 1.667398 0.000001 0.000001 0.000000 0.000000 0.314161
    14 3.899457 -0.475374 1.170890 0.000796 0.000000 0.000000
    15 1.528214 -0.000001 0.000001 0.000000 0.000000 0.244353
    16 1.528213 0.000002 -0.000002 0.000000 0.000000 0.479965
    17 3.899459 -0.431802 -0.168228 0.000796 0.000000 0.000000
    18 1.506960 0.000001 0.000000 0.000000 0.000000 0.270536
    19 1.506961 0.000001 0.000002 0.000000 0.000000 -0.034901
    20 3.915632 -0.278018 -1.402609 0.000796 0.000000 0.000000
    21 1.333079 -0.000001 0.000001 0.000000 0.000000 0.087283
    22 1.159206 0.000001 0.000001 0.000000 0.000000 0.218166
    23 7.048948 4.318974 -1.101198 1.587526 -0.821333 3.144905
  time 50
    0 0.134087 2.725324 -24.816700 0.000000 0.000000 -1.570795
    1 0.000000 0.000000 0.000000 -0.000086 -1.570451 -1.570709
    2 4.443617 -0.009642 0.000006 -0.000004 -0.000001 0.000796
    3 12.111411 -0.011446 0.000000 0.000000 0.000000 0.000000
    4 0.000010 0.011449 -1.352403 -0.000014 1.370796 3.140783
    5 6.078084 0.000000 0.000002 0.864235 -0.633201 -0.973338
    6 13.446754 0.000003 0.000002 0.000000 0.000000 -1.476774
    7 15.996999 -0.000003 -0.000002 1.469645 -0.107442 0.268047
    8 1.885324 0.833279 2.177877 1.155813 -0.579400 0.719240
    9 1.506963 -0.000002 -0.000001 0.000000 0.000000 -0.139626
    10 0.798349 -0.000002 0.000000 0.000000 0.000000 -0.148345
    11 3.950301 -0.539875 2.108871 -0.044172 -0.150800 0.291243
    12 1.545796 0.000001 0.000001 0.000000 0.000000 0.427615
    13 1.667398 0.000001 0.000001 0.000000 0.000000 0.314161
    14 3.899457 -0.475374 1.170890 0.000796 0.000000 0.000000
    15 1.528214 -0.000001 0.000001 0.000000 0.000000 0.244353
    16 1.528213 0.000002 -0.000002 0.000000 0.000000 0.479965
    17 3.899459 -0.431802 -0.168228 0.000796 0.000000 0.000000
    18 1.506960 0.000001 0.000000 0.000000 0.000000 0.270536
    19 1.506961 0.000001 0.000002 0.000000 0.000000 -0.034901
    20 3.915632 -0.278018 -1.402609 0.000796 0.000000 0.000000
    21 1.333079 -0.000001 0.000001 0.000000 0.000000 0.087283
    22 1.159206 0.000001 0.000001 0.000000 0.000000 0.218166
    23 7.048948 4.318974 -1.101198 1.587526 -0.821333 3.144905
  time 51
    0 0.134087 2.725324 -24.816700 0.000000 0.000000 -1.570795
    1 0.000000 0.000000 0.000000 -0.000086 -1.570451 -1.570709
    2 4.443617 -0.009642 0.000006 -0.000004 -0.000001 0.000796
    3 12.111411 -0.011446 0.000000 0.000000 0.000000 0.000000
    4 0.000010 0.011449 -1.352403 -0.000014 1.370796 3.140783
    5 6.078084 0.000000 0.000002 0.864663 -0.632542 -0.973534
    6 13.446754 0.000003 0.000002 0.000000 0.000000 -1.476202
    7 15.996999 -0.000003 -0.000002 1.469645 -0.107442 0.268047
    8 1.885324 0.833279 2.177877 1.155813 -0.579400 0.719240
    9 1.506963 -0.000002 -0.000001 0.000000 0.000000 -0.139626
    10 0.798349 -0.000002 0.000000 0.000000 0.000000 -0.148345
    11 3.950301 -0.539875 2.108871 -0.044172 -0.150800 0.291243
    12 1.545796 0.000001 0.000001 0.000000 0.000000 0.427615
    13 1.667398 0.000001 0.000001 0.000000 0.000000 0.314161
    14 3.899457 -0.475374 1.170890 0.000796 0.000000 0.000000
    15 1.528214 -0.000001 0.000001 0.000000 0.000000 0.244353
    16 1.528213 0.000002 -0.000002 0.000000 0.000000 0.479965
    17 3.899459 -0.431802 -0.168228 0.000796 0.000000 0.000000
    18 1.506960 0.000001 0.000000 0.000000 0.000000 0.270536
    19 1.506961 0.000001 0.000002 0.000000 0.000000 -0.034901
    20 3.915632 -0.278018 -1.402609 0.000796 0.000000 0.000000
    21 1.333079 -0.000001 0.000001 0.000000 0.000000 0.087283
    22 1.159206 0.000001 0.000001 0.000000 0.000000 0.218166
    23 7.048948 4.318974 -1.101198 1.587526 -0.821333 3.144905
  time 52
    0 0.134087 2.725324 -24.816700 0.000000 0.000000 -1.570795
    1 0.000000 0.000000 0.000000 -0.000086 -1.570451 -1.570709
    2 4.443617 -0.009642 0.000006 -0.000004 -0.000001 0.000796
    3 12.111411 -0.011446 0.000000 0.000000 0.000000 0.000000
    4 0.000010 0.011449 -1.352403 -0.000014 1.370796 3.140783
    5 6.078084 0.000000 0.000002 0.865119 -0.631854 -0.973769
    6 13.446754 0.000003 0.000002 0.000000 0.000000 -1.475517
    7 15.996999 -0.000003 -0.000002 1.469645 -0.107442 0.268047
    8 1.885324 0.833279 2.177877 1.155813 -0.579400 0.719240
    9 1.506963 -0.000002 -0.000001 0.000000 0.000000 -0.139626
    10 0.798349 -0.000002 0.000000 0.000000 0.000000 -0.148345
    11 3.950301 -0.539875 2.108871 -0.044172 -0.150800 0.291243
    12 1.545796 0.000001 0.000001 0.000000 0.000000 0.427615
    13 1.667398 0.000001 0.000001 0.000000 0.000000 0.314161
    14 3.899457 -0.475374 1.170890 0.000796 0.000000 0.000000
    15 1.528214 -0.000001 0.000001 0.000000 0.000000 0.244353
    16 1.528213 0.000002 -0.000002 0.000000 0.000000 0.479965
    17 3.899459 -0.431802 -0.168228 0.000796 0.000000 0.000000
    18 1.506960 0.000001 0.000000 0.000000 0.000000 0.270536
    19 1.506961 0.000001 0.000002 0.000000 0.000000 -0.034901
    20 3.915632 -0.278018 -1.402609 0.000796 0.000000 0.000000
    21 1.333079 -0.000001 0.000001 0.000000 0.000000 0.087283
    22 1.159206 0.000001 0.000001 0.000000 0.000000 0.218166
    23 7.048948 4.318974 -1.101198 1.587526 -0.821333 3.144905
  time 53
    0 0.134087 2.725324 -24.816700 0.000000 0.000000 -1.570795
    1 0.000000 0.000000 0.000000 -0.000086 -1.570451 -1.570709
    2 4.443617 -0.009642 0.000006 -0.000004 -0.000001 0.000796
    3 12.111411 -0.011446 0.000000 0.000000 0.000000 0.000000
    4 0.000010 0.011449 -1.352403 -0.000014 1.370796 3.140783
    5 6.078084 0.000000 0.000002 0.865632 -0.631080 -0.974082
    6 13.446754 0.000003 0.000002 0.000000 0.000000 -1.474774
    7 15.996999 -0.000003 -0.000002 1.469645 -0.107442 0.268047
    8 1.885324 0.833279 2.177877 1.155813 -0.579400 0.719240
    9 1.506963 -0.000002 -0.000001 0.000000 0.000000 -0.139626
    10 0.798349 -0.000002 0.000000 0.000000 0.000000 -0.148345
    11 3.950301 -0.539875 2.108871 -0.044172 -0.150800 0.291243
    12 1.545796 0.000001 0.000001 0.000000 0.000000 0.427615
    13 1.667398 0.000001 0.000001 0.000000 0.000000 0.314161
    14 3.899457 -0.475374 1.170890 0.000796 0.000000 0.000000
    15 1.528214 -0.000001 0.000001 0.000000 0.000000 0.244353
    16 1.528213 0.000002 -0.000002 0.000000 0.000000 0.479965
    17 3.899459 -0.431802 -0.168228 0.000796 0.000000 0.000000
    18 1.506960 0.000001 0.000000 0.000000 0.000000 0.270536
    19 1.506961 0.000001 0.000002 0.000000 0.000000 -0.034901
    20 3.915632 -0.278018 -1.402609 0.000796 0.000000 0.000000
    21 1.333079 -0.000001 0.000001 0.000000 0.000000 0.087283
    22 1.159206 0.000001 0.000001 0.000000 0.000000 0.218166
    23 7.048948 4.318974 -1.101198 1.587526 -0.821333 3.144905
  time 54
    0 0.134087 2.725324 -24.816700 0.000000 0.000000 -1.570795
    1 0.000000 0.000000 0.000000 -0.000086 -1.570451 -1.570709
    2 4.443617 -0.009642 0.000006 -0.000004 -0.000001 0.000796
    3 12.111411 -0.011446 0.000000 0.000000 0.000000 0.000000
    4 0.000010 0.011449 -1.352403 -0.000014 1.370796 3.140783
    5 6.078084 0.000000 0.000002 0.866203 -0.630249 -0.974394
    6 13.446754 0.000003 0.000002 0.000000 0.000000 -1.473974
    7 15.996999 -0.000003 -0.000002 1.469645 -0.107442 0.268047
    8 1.885324 0.833279 2.177877 1.155813 -0.579400 0.719240
    9 1.506963 -0.000002 -0.000001 0.000000 0.000000 -0.139626
    10 0.798349 -0.000002 0.000000 0.000000 0.000000 -0.148345
    11 3.950301 -0.539875 2.108871 -0.044172 -0.150800 0.291243
    12 1.545796 0.000001 0.000001 0.000000 0.000000 0.427615
    13 1.667398 0.000001 0.000001 0.000000 0.000000 0.314161
    14 3.899457 -0.475374 1.170890 0.000796 0.000000 0.000000
    15 1.528214 -0.000001 0.000001 0.000000 0.000000 0.244353
    16 1.528213 0.000002 -0.000002 0.000000 0.000000 0.479965
    17 3.899459 -0.431802 -0.168228 0.000796 0.000000 0.000000
    18 1.506960 0.000001 0.000000 0.000000 0.000000 0.270536
    19 1.506961 0.000001 0.000002 0.000000 0.000000 -0.034901
    20 3.915632 -0.278018 -1.402609 0.000796 0.000000 0.000000
    21 1.333079 -0.000001 0.000001 0.000000 0.000000 0.087283
    22 1.159206 0.000001 0.000001 0.000000 0.000000 0.218166
    23 7.048948 4.318974 -1.101198 1.587526 -0.821333 3.144905
  time 55
    0 0.134087 2.725324 -24.816700 0.000000 0.000000 -1.570795
    1 0.000000 0.000000 0.000000 -0.000086 -1.570451 -1.570709
    2 4.443617 -0.009642 0.000006 -0.000004 -0.000001 0.000796
    3 12.111411 -0.011446 0.000000 0.000000 0.000000 0.000000
    4 0.000010 0.011449 -1.352403 -0.000014 1.370796 3.140783
    5 6.078084 0.000000 0.000002 0.866773 -0.629360 -0.974786
    6 13.446754 0.000003 0.000002 0.000000 0.000000 -1.473174
    7 15.996999 -0.000003 -0.000002 1.469645 -0.107442 0.268047
    8 1.885324 0.833279 2.177877 1.155813 -0.579400 0.719240
    9 1.506963 -0.000002 -0.000001 0.000000 0.000000 -0.139626
    10 0.798349 -0.000002 0.000000 0.000000 0.000000 -0.148345
    11 3.950301 -0.539875 2.108871 -0.044172 -0.150800 0.291243
    12 1.545796 0.000001 0.000001 0.000000 0.000000 0.427615
    13 1.667398 0.000001 0.000001 0.000000 0.000000 0.314161
    14 3.899457 -0.475374 1.170890 0.000796 0.000000 0.000000
    15 1.528214 -0.000001 0.000001 0.000000 0.000000 0.244353
    16 1.528213 0.000002 -0.000002 0.000000 0.000000 0.479965
    17 3.899459 -0.431802 -0.168228 0.000796 0.000000 0.000000
    18 1.506960 0.000001 0.000000 0.000000 0.000000 0.270536
    19 1.506961 0.000001 0.000002 0.000000 0.000000 -0.034901
    20 3.915632 -0.278018 -1.402609 0.000796 0.000000 0.000000
    21 1.333079 -0.000001 0.000001 0.000000 0.000000 0.087283
    22 1.159206 0.000001 0.000001 0.000000 0.000000 0.218166
    23 7.048948 4.318974 -1.101198 1.587526 -0.821333 3.144905
  time 56
    0 0.134087 2.725324 -24.816700 0.000000 0.000000 -1.570795
    1 0.000000 0.000000 0.000000 -0.000086 -1.570451 -1.570709
    2 4.443617 -0.009642 0.000006 -0.000004 -0.000001 0.000796
    3 12.111411 -0.011446 0.000000 0.000000 0.000000 0.000000
    4 0.000010 0.011449 -1.352403 -0.000014 1.370796 3.140783
    5 6.078084 0.000000 0.000002 0.867401 -0.628414 -0.975177
    6 13.446754 0.000003 0.000002 0.000000 0.000000 -1.472260
    7 15.996999 -0.000003 -0.000002 1.469645 -0.107442 0.268047
    8 1.885324 0.833279 2.177877 1.155813 -0.579400 0.719240
    9 1.506963 -0.000002 -0.000001 0.000000 0.000000 -0.139626
    10 0.798349 -0.000002 0.000000 0.000000 0.000000 -0.148345
    11 3.950301 -0.539875 2.108871 -0.044172 -0.150800 0.291243
    12 1.545796 0.000001 0.000001 0.000000 0.000000 0.427615
    13 1.667398 0.000001 0.000001 0.000000 0.000000 0.314161
    14 3.899457 -0.475374 1.170890 0.000796 0.000000 0.000000
    15 1.528214 -0.000001 0.000001 0.000000 0.000000 0.244353
    16 1.528213 0.000002 -0.000002 0.000000 0.000000 0.479965
    17 3.899459 -0.431802 -0.168228 0.000796 0.000000 0.000000
    18 1.506960 0.000001 0.000000 0.000000 0.000000 0.270536
    19 1.506961 0.000001 0.000002 0.000000 0.000000 -0.034901
    20 3.915632 -0.278018 -1.402609 0.000796 0.000000 0.000000
    21 1.333079 -0.000001 0.000001 0.000000 0.000000 0.087283
    22 1.159206 0.000001 0.000001 0.000000 0.000000 0.218166
    23 7.048948 4.318974 -1.101198 1.587526 -0.821333 3.144905
  time 57
    0 0.134087 2.725324 -24.816700 0.000000 0.000000 -1.570795
    1 0.000000 0.000000 0.000000 -0.000086 -1.570451 -1.570709
    2 4.443617 -0.009642 0.000006 -0.000004 -0.000001 0.000796
    3 12.111411 -0.011446 0.000000 0.000000 0.000000 0.000000
    4 0.000010 0.011449 -1.352403 -0.000014 1.370796 3.140783
    5 6.078084 0.000000 0.000002 0.868057 -0.627411 -0.975607
    6 13.446754 0.000003 0.000002 0.000000 0.000000 -1.471346
    7 15.996999 -0.000003 -0.000002 1.469645 -0.107442 0.268047
    8 1.885324 0.833279 2.177877 1.155813 -0.579400 0.719240
    9 1.506963 -0.000002 -0.000001 0.000000 0.000000 -0.139626
    10 0.798349 -0.000002 0.000000 0.000000 0.000000 -0.148345
    11 3.950301 -0.539875 2.108871 -0.044172 -0.150800 0.291243
    12 1.545796 0.000001 0.000001 0.000000 0.000000 0.427615
    13 1.667398 0.000001 0.000001 0.000000 0.000000 0.314161
    14 3.899457 -0.475374 1.170890 0.000796 0.000000 0.000000
    15 1.528214 -0.000001 0.000001 0.000000 0.000000 0.244353
    16 1.528213 0.000002 -0.000002 0.000000 0.000000 0.479965
    17 3.899459 -0.431802 -0.168228 0.000796 0.000000 0.000000
    18 1.506960 0.000001 0.000000 0.000000 0.000000 0.270536
    19 1.506961 0.000001 0.000002 0.000000 0.000000 -0.034901
    20 3.915632 -0.278018 -1.402609 0.000796 0.000000 0.000000
    21 1.333079 -0.000001 0.000001 0.000000 0.000000 0.087283
    22 1.159206 0.000001 0.000001 0.000000 0.000000 0.218166
    23 7.048948 4.318974 -1.101198 1.587526 -0.821333 3.144905
  time 58
    0 0.134087 2.725324 -24.816700 0.000000 0.000000 -1.570795
    1 0.000000 0.000000 0.000000 -0.000086 -1.570451 -1.570709
    2 4.443617 -0.009642 0.000006 -0.000004 -0.000001 0.000796
    3 12.111411 -0.011446 0.000000 0.000000 0.000000 0.000000
    4 0.000010 0.011449 -1.352403 -0.000014 1.370796 3.140783
    5 6.078084 0.000000 0.000002 0.868742 -0.626379 -0.976076
    6 13.446754 0.000003 0.000002 0.000000 0.000000 -1.470318
    7 15.996999 -0.000003 -0.000002 1.469645 -0.107442 0.268047
    8 1.885324 0.833279 2.177877 1.155813 -0.579400 0.719240
    9 1.506963 -0.000002 -0.000001 0.000000 0.000000 -0.139626
    10 0.798349 -0.000002 0.000000 0.000000 0.000000 -0.148345
    11 3.950301 -0.539875 2.108871 -0.044172 -0.150800 0.291243
    12 1.545796 0.000001 0.000001 0.000000 0.000000 0.427615
    13 1.667398 0.000001 0.000001 0.000000 0.000000 0.314161
    14 3.899457 -0.475374 1.170890 0.000796 0.000000 0.000000
    15 1.528214 -0.000001 0.000001 0.000000 0.000000 0.244353
    16 1.528213 0.000002 -0.000002 0.000000 0.000000 0.479965
    17 3.899459 -0.431802 -0.168228 0.000796 0.000000 0.000000
    18 1.506960 0.000001 0.000000 0.000000 0.000000 0.270536
    19 1.506961 0.000001 0.000002 0.000000 0.000000 -0.034901
    20 3.915632 -0.278018 -1.402609 0.000796 0.000000 0.000000
    21 1.333079 -0.000001 0.000001 0.000000 0.000000 0.087283
    22 1.159206 0.000001 0.000001 0.000000 0.000000 0.218166
    23 7.048948 4.318974 -1.101198 1.587526 -0.821333 3.144905
  time 59
    0 0.134087 2.725324 -24.816700 0.000000 0.000000 -1.570795
    1 0.000000 0.000000 0.000000 -0.000086 -1.570451 -1.570709
    2 4.443617 -0.009642 0.000006 -0.000004 -0.000001 0.000796
    3 12.111411 -0.011446 0.000000 0.000000 0.000000 0.000000
    4 0.000010 0.011449 -1.352403 -0.000014 1.370796 3.140783
    5 6.078084 0.000000 0.000002 0.869426 -0.625319 -0.976546
    6 13.446754 0.000003 0.000002 0.000000 0.000000 -1.469347
    7 15.996999 -0.000003 -0.000002 1.469645 -0.107442 0.268047
    8 1.885324 0.833279 2.177877 1.155813 -0.579400 0.719240
    9 1.506963 -0.000002 -0.000001 0.000000 0.000000 -0.139626
    10 0.798349 -0.000002 0.000000 0.000000 0.000000 -0.148345
    11 3.950301 -0.539875 2.108871 -0.044172 -0.150800 0.291243
    12 1.545796 0.000001 0.000001 0.000000 0.000000 0.427615
    13 1.667398 0.000001 0.000001 0.000000 0.000000 0.314161
    14 3.899457 -0.475374 1.170890 0.000796 0.000000 0.000000
    15 1.528214 -0.000001 0.000001 0.000000 0.000000 0.244353
    16 1.528213 0.000002 -0.000002 0.000000 0.000000 0.479965
    17 3.899459 -0.431802 -0.168228 0.000796 0.000000 0.000000
    18 1.506960 0.000001 0.000000 0.000000 0.000000 0.270536
    19 1.506961 0.000001 0.000002 0.000000 0.000000 -0.034901
    20 3.915632 -0.278018 -1.402609 0.000796 0.000000 0.000000
    21 1.333079 -0.000001 0.000001 0.000000 0.000000 0.087283
    22 1.159206 0.000001 0.000001 0.000000 0.000000 0.218166
    23 7.048948 4.318974 -1.101198 1.587526 -0.821333 3.144905
  time 60
    0 0.134087 2.725324 -24.816700 0.000000 0.000000 -1.570795
    1 0.000000 0.000000 0.000000 -0.000086 -1.570451 -1.570709
    2 4.443617 -0.009642 0.000006 -0.000004 -0.000001 0.000796
    3 12.111411 -0.011446 0.000000 0.000000 0.000000 0.000000
    4 0.000010 0.011449 -1.352403 -0.000014 1.370796 3.140783
    5 6.078084 0.000000 0.000002 0.870168 -0.624201 -0.977093
    6 13.446754 0.000003 0.000002 0.000000 0.000000 -1.468261
    7 15.996999 -0.000003 -0.000002 1.469645 -0.107442 0.268047
    8 1.885324 0.833279 2.177877 1.155813 -0.579400 0.719240
    9 1.506963 -0.000002 -0.000001 0.000000 0.000000 -0.139626
    10 0.798349 -0.000002 0.000000 0.000000 0.000000 -0.148345
    11 3.950301 -0.539875 2.108871 -0.044172 -0.150800 0.291243
    12 1.545796 0.000001 0.000001 0.000000 0.000000 0.427615
    13 1.667398 0.000001 0.000001 0.000000 0.000000 0.314161
    14 3.899457 -0.475374 1.170890 0.000796 0.000000 0.000000
    15 1.528214 -0.000001 0.000001 0.000000 0.000000 0.244353
    16 1.528213 0.000002 -0.000002 0.000000 0.000000 0.479965
    17 3.899459 -0.431802 -0.168228 0.000796 0.000000 0.000000
    18 1.506960 0.000001 0.000000 0.000000 0.000000 0.270536
    19 1.506961 0.000001 0.000002 0.000000 0.000000 -0.034901
    20 3.915632 -0.278018 -1.402609 0.000796 0.000000 0.000000
    21 1.333079 -0.000001 0.000001 0.000000 0.000000 0.087283
    22 1.159206 0.000001 0.000001 0.000000 0.000000 0.218166
    23 7.048948 4.318974 -1.101198 1.587526 -0.821333 3.144905
  time 61
    0 0.134087 2.725324 -24.816700 0.000000 0.000000 -1.570795
    1 0.000000 0.000000 0.000000 -0.000086 -1.570451 -1.570709
    2 4.443617 -0.009642 0.000006 -0.000004 -0.000001 0.000796
    3 12.111411 -0.011446 0.000000 0.000000 0.000000 0.000000
    4 0.000010 0.011449 -1.352403 -0.000014 1.370796 3.140783
    5 6.078084 0.000000 0.000002 0.870909 -0.623054 -0.977602
    6 13.446754 0.000003 0.000002 0.000000 0.000000 -1.467176
    7 15.996999 -0.000003 -0.000002 1.469645 -0.107442 0.268047
    8 1.885324 0.833279 2.177877 1.155813 -0.579400 0.719240
    9 1.506963 -0.000002 -0.000001 0.000000 0.000000 -0.139626
    10 0.798349 -0.000002 0.000000 0.000000 0.000000 -0.148345
    11 3.950301 -0.539875 2.108871 -0.044172 -0.150800 0.291243
    12 1.545796 0.000001 0.000001 0.000000 0.000000 0.427615
    13 1.667398 0.000001 0.000001 0.000000 0.000000 0.314161
    14 3.899457 -0.475374 1.170890 0.000796 0.000000 0.000000
    15 1.528214 -0.000001 0.000001 0.000000 0.000000 0.244353
    16 1.528213 0.000002 -0.000002 0.000000 0.000000 0.479965
    17 3.899459 -0.431802 -0.168228 0.000796 0.000000 0.000000
    18 1.506960 0.000001 0.000000 0.000000 0.000000 0.270536
    19 1.506961 0.000001 0.000002 0.000000 0.000000 -0.034901
    20 3.915632 -0.278018 -1.402609 0.000796 0.000000 0.000000
    21 1.333079 -0.000001 0.000001 0.000000 0.000000 0.087283
    22 1.159206 0.000001 0.000001 0.000000 0.000000 0.218166
    23 7.048948 4.318974 -1.101198 1.587526 -0.821333 3.144905
  time 62
    0 0.134087 2.725324 -24.816700 0.000000 0.000000 -1.570795
    1 0.000000 0.000000 0.000000 -0.000086 -1.570451 -1.570709
    2 4.443617 -0.009642 0.000006 -0.000004 -0.000001 0.000796
    3 12.111411 -0.011446 0.000000 0.000000 0.000000 0.000000
    4 0.000010 0.011449 -1.352403 -0.000014 1.370796 3.140783
    5 6.078084 0.000000 0.000002 0.871679 -0.621879 -0.978188
    6 13.446754 0.000003 0.000002 0.000000 0.000000 -1.466090
    7 15.996999 -0.000003 -0.000002 1.469645 -0.107442 0.268047
    8 1.885324 0.833279 2.177877 1.155813 -0.579400 0.719240
    9 1.506963 -0.000002 -0.000001 0.000000 0.000000 -0.139626
    10 0.798349 -0.000002 0.000000 0.000000 0.000000 -0.148345
    11 3.950301 -0.539875 2.108871 -0.044172 -0.150800 0.291243
    12 1.545796 0.000001 0.000001 0.000000 0.000000 0.427615
    13 1.667398 0.000001 0.000001 0.000000 0.000000 0.314161
    14 3.899457 -0.475374 1.170890 0.000796 0.000000 0.000000
    15 1.528214 -0.000001 0.000001 0.000000 0.000000 0.244353
    16 1.528213 0.000002 -0.000002 0.000000 0.000000 0.479965
    17 3.899459 -0.431802 -0.168228 0.000796 0.000000 0.000000
    18 1.506960 0.000001 0.000000 0.000000 0.000000 0.270536
    19 1.506961 0.000001 0.000002 0.000000 0.000000 -0.034901
    20 3.915632 -0.278018 -1.402609 0.000796 0.000000 0.000000
    21 1.333079 -0.000001 0.000001 0.000000 0.000000 0.087283
    22 1.159206 0.000001 0.000001 0.000000 0.000000 0.218166
    23 7.048948 4.318974 -1.101198 1.587526 -0.821333 3.144905
  time 63
    0 0.134087 2.725324 -24.816700 0.000000 0.000000 -1.570795
    1 0.000000 0.000000 0.000000 -0.000086 -1.570451 -1.570709
    2 4.443617 -0.009642 0.000006 -0.000004 -0.000001 0.000796
    3 12.111411 -0.011446 0.000000 0.000000 0.000000 0.000000
    4 0.000010 0.011449 -1.352403 -0.000014 1.370796 3.140783
    5 6.078084 0.000000 0.000002 0.872450 -0.620675 -0.978736
    6 13.446754 0.000003 0.000002 0.000000 0.000000 -1.464947
    7 15.996999 -0.000003 -0.000002 1.469645 -0.107442 0.268047
    8 1.885324 0.833279 2.177877 1.155813 -0.579400 0.719240
    9 1.506963 -0.000002 -0.000001 0.000000 0.000000 -0.139626
    10 0.798349 -0.000002 0.000000 0.000000 0.000000 -0.148345
    11 3.950301 -0.539875 2.108871 -0.044172 -0.150800 0.291243
    12 1.545796 0.000001 0.000001 0.000000 0.000000 0.427615
    13 1.667398 0.000001 0.000001 0.000000 0.000000 0.314161
    14 3.899457 -0.475374 1.170890 0.000796 0.000000 0.000000
    15 1.528214 -0.000001 0.000001 0.000000 0.000000 0.244353
    16 1.528213 0.000002 -0.000002 0.000000 0.000000 0.479965
    17 3.899459 -0.431802 -0.168228 0.000796 0.000000 0.000000
    18 1.506960 0.000001 0.000000 0.000000 0.000000 0.270536
    19 1.506961 0.000001 0.000002 0.000000 0.000000 -0.034901
    20 3.915632 -0.278018 -1.402609 0.000796 0.000000 0.000000
    21 1.333079 -0.000001 0.000001 0.000000 0.000000 0.087283
    22 1.159206 0.000001 0.000001 0.000000 0.000000 0.218166
    23 7.048948 4.318974 -1.101198 1.587526 -0.821333 3.144905
  time 64
    0 0.134087 2.725324 -24.816700 0.000000 0.000000 -1.570795
    1 0.000000 0.000000 0.000000 -0.000086 -1.570451 -1.570709
    2 4.443617 -0.009642 0.000006 -0.000004 -0.000001 0.000796
    3 12.111411 -0.011446 0.000000 0.000000 0.000000 0.000000
    4 0.000010 0.011449 -1.352403 -0.000014 1.370796 3.140783
    5 6.078084 0.000000 0.000002 0.873248 -0.619443 -0.979323
    6 13.446754 0.000003 0.000002 0.000000 0.000000 -1.463805
    7 15.996999 -0.000003 -0.000002 1.469645 -0.107442 0.268047
    8 1.885324 0.833279 2.177877 1.155813 -0.579400 0.719240
    9 1.506963 -0.000002 -0.000001 0.000000 0.000000 -0.139626
    10 0.798349 -0.000002 0.000000 0.000000 0.000000 -0.148345
    11 3.950301 -0.539875 2.108871 -0.044172 -0.150800 0.291243
    12 1.545796 0.000001 0.000001 0.000000 0.000000 0.427615
    13 1.667398 0.000001 0.000001 0.000000 0.000000 0.314161
    14 3.899457 -0.475374 1.170890 0.000796 0.000000 0.000000
    15 1.528214 -0.000001 0.000001 0.000000 0.000000 0.244353
    16 1.528213 0.000002 -0.000002 0.000000 0.000000 0.479965
    17 3.899459 -0.431802 -0.168228 0.000796 0.000000 0.000000
    18 1.506960 0.000001 0.000000 0.000000 0.000000 0.270536
    19 1.506961 0.000001 0.000002 0.000000 0.000000 -0.034901
    20 3.915632 -0.278018 -1.402609 0.000796 0.000000 0.000000
    21 1.333079 -0.000001 0.000001 0.000000 0.000000 0.087283
    22 1.159206 0.000001 0.000001 0.000000 0.000000 0.218166
    23 7.048948 4.318974 -1.101198 1.587526 -0.821333 3.144905
  time 65
    0 0.134087 2.725324 -24.816700 0.000000 0.000000 -1.570795
    1 0.000000 0.000000 0.000000 -0.000086 -1.570451 -1.570709
    2 4.443617 -0.009642 0.000006 -0.000004 -0.000001 0.000796
    3 12.111411 -0.011446 0.000000 0.000000 0.000000 0.000000
    4 0.000010 0.011449 -1.352403 -0.000014 1.370796 3.140783
    5 6.078084 0.000000 0.000002 0.874018 -0.618210 -0.979909
    6 13.446754 0.000003 0.000002 0.000000 0.000000 -1.462605
    7 15.996999 -0.000003 -0.000002 1.469645 -0.107442 0.268047
    8 1.885324 0.833279 2.177877 1.155813 -0.579400 0.719240
    9 1.506963 -0.000002 -0.000001 0.000000 0.000000 -0.139626
    10 0.798349 -0.000002 0.000000 0.000000 0.000000 -0.148345
    11 3.950301 -0.539875 2.108871 -0.044172 -0.150800 0.291243
    12 1.545796 0.000001 0.000001 0.000000 0.000000 0.427615
    13 1.667398 0.000001 0.000001 0.000000 0.000000 0.314161
    14 3.899457 -0.475374 1.170890 0.000796 0.000000 0.000000
    15 1.528214 -0.000001 0.000001 0.000000 0.000000 0.244353
    16 1.528213 0.000002 -0.000002 0.000000 0.000000 0.479965
    17 3.899459 -0.431802 -0.168228 0.000796 0.000000 0.000000
    18 1.506960 0.000001 0.000000 0.000000 0.000000 0.270536
    19 1.506961 0.000001 0.000002 0.000000 0.000000 -0.034901
    20 3.915632 -0.278018 -1.402609 0.000796 0.000000 0.000000
    21 1.333079 -0.000001 0.000001 0.000000 0.000000 0.087283
    22 1.159206 0.000001 0.000001 0.000000 0.000000 0.218166
    23 7.048948 4.318974 -1.101198 1.587526 -0.821333 3.144905
  time 66
    0 0.134087 2.725324 -24.816700 0.000000 0.000000 -1.570795
    1 0.000000 0.000000 0.000000 -0.000086 -1.570451 -1.570709
    2 4.443617 -0.009642 0.000006 -0.000004 -0.000001 0.000796
    3 12.111411 -0.011446 0.000000 0.000000 0.000000 0.000000
    4 0.000010 0.011449 -1.352403 -0.000014 1.370796 3.140783
    5 6.078084 0.000000 0.000002 0.874846 -0.616949 -0.980535
    6 13.446754 0.000003 0.000002 0.000000 0.000000 -1.461405
    7 15.996999 -0.000003 -0.000002 1.469645 -0.107442 0.268047
    8 1.885324 0.833279 2.177877 1.155813 -0.579400 0.719240
    9 1.506963 -0.000002 -0.000001 0.000000 0.000000 -0.139626
    10 0.798349 -0.000002 0.000000 0.000000 0.000000 -0.148345
    11 3.950301 -0.539875 2.108871 -0.044172 -0.150800 0.291243
    12 1.545796 0.000001 0.000001 0.000000 0.000000 0.427615
    13 1.667398 0.000001 0.000001 0.000000 0.000000 0.314161
    14 3.899457 -0.475374 1.170890 0.000796 0.000000 0.000000
    15 1.528214 -0.000001 0.000001 0.000000 0.000000 0.244353
    16 1.528213 0.000002 -0.000002 0.000000 0.000000 0.479965
    17 3.899459 -0.431802 -0.168228 0.000796 0.000000 0.000000
    18 1.506960 0.000001 0.000000 0.000000 0.000000 0.270536
    19 1.506961 0.000001 0.000002 0.000000 0.000000 -0.034901
    20 3.915632 -0.278018 -1.402609 0.000796 0.000000 0.000000
    21 1.333079 -0.000001 0.000001 0.000000 0.000000 0.087283
    22 1.159206 0.000001 0.000001 0.000000 0.000000 0.218166
    23 7.048948 4.318974 -1.101198 1.587526 -0.821333 3.144905
  time 67
    0 0.134087 2.725324 -24.816700 0.000000 0.000000 -1.570795
    1 0.000000 0.000000 0.000000 -0.000086 -1.570451 -1.570709
    2 4.443617 -0.009642 0.000006 -0.000004 -0.000001 0.000796
    3 12.111411 -0.011446 0.000000 0.000000 0.000000 0.000000
    4 0.000010 0.011449 -1.352403 -0.000014 1.370796 3.140783
    5 6.078084 0.000000 0.000002 0.875644 -0.615688 -0.981161
    6 13.446754 0.000003 0.000002 0.000000 0.000000 -1.460205
    7 15.996999 -0.000003 -0.000002 1.469645 -0.107442 0.268047
    8 1.885324 0.833279 2.177877 1.155813 -0.579400 0.719240
    9 1.506963 -0.000002 -0.000001 0.000000 0.000000 -0.139626
    10 0.798349 -0.000002 0.000000 0.000000 0.000000 -0.148345
    11 3.950301 -0.539875 2.108871 -0.044172 -0.150800 0.291243
    12 1.545796 0.000001 0.000001 0.000000 0.000000 0.427615
    13 1.667398 0.000001 0.000001 0.000000 0.000000 0.314161
    14 3.899457 -0.475374 1.170890 0.000796 0.000000 0.000000
    15 1.528214 -0.000001 0.000001 0.000000 0.000000 0.244353
    16 1.528213 0.000002 -0.000002 0.000000 0.000000 0.479965
    17 3.899459 -0.431802 -0.168228 0.000796 0.000000 0.000000
    18 1.506960 0.000001 0.000000 0.000000 0.000000 0.270536
    19 1.506961 0.000001 0.000002 0.000000 0.000000 -0.034901
    20 3.915632 -0.278018 -1.402609 0.000796 0.000000 0.000000
    21 1.333079 -0.000001 0.000001 0.000000 0.000000 0.087283
    22 1.159206 0.000001 0.000001 0.000000 0.000000 0.218166
    23 7.048948 4.318974 -1.101198 1.587526 -0.821333 3.144905
  time 68
    0 0.134087 2.725324 -24.816700 0.000000 0.000000 -1.570795
    1 0.000000 0.000000 0.000000 -0.000086 -1.570451 -1.570709
    2 4.443617 -0.009642 0.000006 -0.000004 -0.000001 0.000796
    3 12.111411 -0.011446 0.000000 0.000000 0.000000 0.000000
    4 0.000010 0.011449 -1.352403 -0.000014 1.370796 3.140783
    5 6.078084 0.000000 0.000002 0.876443 -0.614427 -0.981787
    6 13.446754 0.000003 0.000002 0.000000 0.000000 -1.459006
    7 15.996999 -0.000003 -0.000002 1.469645 -0.107442 0.268047
    8 1.885324 0.833279 2.177877 1.155813 -0.579400 0.719240
    9 1.506963 -0.000002 -0.000001 0.000000 0.000000 -0.139626
    10 0.798349 -0.000002 0.000000 0.000000 0.000000 -0.148345
    11 3.950301 -0.539875 2.108871 -0.044172 -0.150800 0.291243
    12 1.545796 0.000001 0.000001 0.000000 0.000000 0.427615
    13 1.667398 0.000001 0.000001 0.000000 0.000000 0.314161
    14 3.899457 -0.475374 1.170890 0.000796 0.000000 0.000000
    15 1.528214 -0.000001 0.000001 0.000000 0.000000 0.244353
    16 1.528213 0.000002 -0.000002 0.000000 0.000000 0.479965
    17 3.899459 -0.431802 -0.168228 0.000796 0.000000 0.000000
    18 1.506960 0.000001 0.000000 0.000000 0.000000 0.270536
    19 1.506961 0.000001 0.000002 0.000000 0.000000 -0.034901
    20 3.915632 -0.278018 -1.402609 0.000796 0.000000 0.000000
    21 1.333079 -0.000001 0.000001 0.000000 0.000000 0.087283
    22 1.159206 0.000001 0.000001 0.000000 0.000000 0.218166
    23 7.048948 4.318974 -1.101198 1.587526 -0.821333 3.144905
  time 69
    0 0.134087 2.725324 -24.816700 0.000000 0.000000 -1.570795
    1 0.000000 0.000000 0.000000 -0.000086 -1.570451 -1.570709
    2 4.443617 -0.009642 0.000006 -0.000004 -0.000001 0.000796
    3 12.111411 -0.011446 0.000000 0.000000 0.000000 0.000000
    4 0.000010 0.011449 -1.352403 -0.000014 1.370796 3.140783
    5 6.078084 0.000000 0.000002 0.877270 -0.613137 -0.982412
    6 13.446754 0.000003 0.000002 0.000000 0.000000 -1.457806
    7 15.996999 -0.000003 -0.000002 1.469645 -0.107442 0.268047
    8 1.885324 0.833279 2.177877 1.155813 -0.579400 0.719240
    9 1.506963 -0.000002 -0.000001 0.000000 0.000000 -0.139626
    10 0.798349 -0.000002 0.000000 0.000000 0.000000 -0.148345
    11 3.950301 -0.539875 2.108871 -0.044172 -0.150800 0.291243
    12 1.545796 0.000001 0.000001 0.000000 0.000000 0.427615
    13 1.667398 0.000001 0.000001 0.000000 0.000000 0.314161
    14 3.899457 -0.475374 1.170890 0.000796 0.000000 0.000000
    15 1.528214 -0.000001 0.000001 0.000000 0.000000 0.244353
    16 1.528213 0.000002 -0.000002 0.000000 0.000000 0.479965
    17 3.899459 -0.431802 -0.168228 0.000796 0.000000 0.000000
    18 1.506960 0.000001 0.000000 0.000000 0.000000 0.270536
    19 1.506961 0.000001 0.000002 0.000000 0.000000 -0.034901
    20 3.915632 -0.278018 -1.402609 0.000796 0.000000 0.000000
    21 1.333079 -0.000001 0.000001 0.000000 0.000000 0.087283
    22 1.159206 0.000001 0.000001 0.000000 0.000000 0.218166
    23 7.048948 4.318974 -1.101198 1.587526 -0.821333 3.144905
  time 70
    0 0.134087 2.725324 -24.816700 0.000000 0.000000 -1.570795
    1 0.000000 0.000000 0.000000 -0.000086 -1.570451 -1.570709
    2 4.443617 -0.009642 0.000006 -0.000004 -0.000001 0.000796
    3 12.111411 -0.011446 0.000000 0.000000 0.000000 0.000000
    4 0.000010 0.011449 -1.352403 -0.000014 1.370796 3.140783
    5 6.078084 0.000000 0.000002 0.878069 -0.611876 -0.983038
    6 13.446754 0.000003 0.000002 0.000000 0.000000 -1.456606
    7 15.996999 -0.000003 -0.000002 1.469645 -0.107442 0.268047
    8 1.885324 0.833279 2.177877 1.155813 -0.579400 0.719240
    9 1.506963 -0.000002 -0.000001 0.000000 0.000000 -0.139626
    10 0.798349 -0.000002 0.000000 0.000000 0.000000 -0.148345
    11 3.950301 -0.539875 2.108871 -0.044172 -0.150800 0.291243
    12 1.545796 0.000001 0.000001 0.000000 0.000000 0.427615
    13 1.667398 0.000001 0.000001 0.000000 0.000000 0.314161
    14 3.899457 -0.475374 1.170890 0.000796 0.000000 0.000000
    15 1.528214 -0.000001 0.000001 0.000000 0.000000 0.244353
    16 1.528213 0.000002 -0.000002 0.000000 0.000000 0.479965
    17 3.899459 -0.431802 -0.168228 0.000796 0.000000 0.000000
    18 1.506960 0.000001 0.000000 0.000000 0.000000 0.270536
    19 1.506961 0.000001 0.000002 0.000000 0.000000 -0.034901
    20 3.915632 -0.278018 -1.402609 0.000796 0.000000 0.000000
    21 1.333079 -0.000001 0.000001 0.000000 0.000000 0.087283
    22 1.159206 0.000001 0.000001 0.000000 0.000000 0.218166
    23 7.048948 4.318974 -1.101198 1.587526 -0.821333 3.144905
  time 71
    0 0.134087 2.725324 -24.816700 0.000000 0.000000 -1.570795
    1 0.000000 0.000000 0.000000 -0.000086 -1.570451 -1.570709
    2 4.443617 -0.009642 0.000006 -0.000004 -0.000001 0.000796
    3 12.111411 -0.011446 0.000000 0.000000 0.000000 0.000000
    4 0.000010 0.011449 -1.352403 -0.000014 1.370796 3.140783
    5 6.078084 0.000000 0.000002 0.878868 -0.610615 -0.983625
    6 13.446754 0.000003 0.000002 0.000000 0.000000 -1.455406
    7 15.996999 -0.000003 -0.000002 1.469645 -0.107442 0.268047
    8 1.885324 0.833279 2.177877 1.155813 -0.579400 0.719240
    9 1.506963 -0.000002 -0.000001 0.000000 0.000000 -0.139626
    10 0.798349 -0.000002 0.000000 0.000000 0.000000 -0.148345
    11 3.950301 -0.539875 2.108871 -0.044172 -0.150800 0.291243
    12 1.545796 0.000001 0.000001 0.000000 0.000000 0.427615
    13 1.667398 0.000001 0.000001 0.000000 0.000000 0.314161
    14 3.899457 -0.475374 1.170890 0.000796 0.000000 0.000000
    15 1.528214 -0.000001 0.000001 0.000000 0.000000 0.244353
    16 1.528213 0.000002 -0.000002 0.000000 0.000000 0.479965
    17 3.899459 -0.431802 -0.168228 0.000796 0.000000 0.000000
    18 1.506960 0.000001 0.000000 0.000000 0.000000 0.270536
    19 1.506961 0.000001 0.000002 0.000000 0.000000 -0.034901
    20 3.915632 -0.278018 -1.402609 0.000796 0.000000 0.000000
    21 1.333079 -0.000001 0.000001 0.000000 0.000000 0.087283
    22 1.159206 0.000001 0.000001 0.000000 0.000000 0.218166
    23 7.048948 4.318974 -1.101198 1.587526 -0.821333 3.144905
  time 72
    0 0.134087 2.725324 -24.816700 0.000000 0.000000 -1.570795
    1 0.000000 0.000000 0.000000 -0.000086 -1.570451 -1.570709
    2 4.443617 -0.009642 0.000006 -0.000004 -0.000001 0.000796
    3 12.111411 -0.011446 0.000000 0.000000 0.000000 0.000000
    4 0.000010 0.011449 -1.352403 -0.000014 1.370796 3.140783
    5 6.078084 0.000000 0.000002 0.879666 -0.609354 -0.984251
    6 13.446754 0.000003 0.000002 0.000000 0.000000 -1.454207
    7 15.996999 -0.000003 -0.000002 1.469645 -0.107442 0.268047
    8 1.885324 0.833279 2.177877 1.155813 -0.579400 0.719240
    9 1.506963 -0.000002 -0.000001 0.000000 0.000000 -0.139626
    10 0.798349 -0.000002 0.000000 0.000000 0.000000 -0.148345
    11 3.950301 -0.539875 2.108871 -0.044172 -0.150800 0.291243
    12 1.545796 0.000001 0.000001 0.000000 0.000000 0.427615
    13 1.667398 0.000001 0.000001 0.000000 0.000000 0.314161
    14 3.899457 -0.475374 1.170890 0.000796 0.000000 0.000000
    15 1.528214 -0.000001 0.000001 0.000000 0.000000 0.244353
    16 1.528213 0.000002 -0.000002 0.000000 0.000000 0.479965
    17 3.899459 -0.431802 -0.168228 0.000796 0.000000 0.000000
    18 1.506960 0.000001 0.000000 0.000000 0.000000 0.270536
    19 1.506961 0.000001 0.000002 0.000000 0.000000 -0.034901
    20 3.915632 -0.278018 -1.402609 0.000796 0.000000 0.000000
    21 1.333079 -0.000001 0.000001 0.000000 0.000000 0.087283
    22 1.159206 0.000001 0.000001 0.000000 0.000000 0.218166
    23 7.048948 4.318974 -1.101198 1.587526 -0.821333 3.144905
  time 73
    0 0.134087 2.725324 -24.816700 0.000000 0.000000 -1.570795
    1 0.000000 0.000000 0.000000 -0.000086 -1.570451 -1.570709
    2 4.443617 -0.009642 0.000006 -0.000004 -0.000001 0.000796
    3 12.111411 -0.011446 0.000000 0.000000 0.000000 0.000000
    4 0.000010 0.011449 -1.352403 -0.000014 1.370796 3.140783
    5 6.078084 0.000000 0.000002 0.880436 -0.608092 -0.984876
    6 13.446754 0.000003 0.000002 0.000000 0.000000 -1.453007
    7 15.996999 -0.000003 -0.000002 1.469645 -0.107442 0.268047
    8 1.885324 0.833279 2.177877 1.155813 -0.579400 0.719240
    9 1.506963 -0.000002 -0.000001 0.000000 0.000000 -0.139626
    10 0.798349 -0.000002 0.000000 0.000000 0.000000 -0.148345
    11 3.950301 -0.539875 2.108871 -0.044172 -0.150800 0.291243
    12 1.545796 0.000001 0.000001 0.000000 0.000000 0.427615
    13 1.667398 0.000001 0.000001 0.000000 0.000000 0.314161
    14 3.899457 -0.475374 1.170890 0.000796 0.000000 0.000000
    15 1.528214 -0.000001 0.000001 0.000000 0.000000 0.244353
    16 1.528213 0.000002 -0.000002 0.000000 0.000000 0.479965
    17 3.899459 -0.431802 -0.168228 0.000796 0.000000 0.000000
    18 1.506960 0.000001 0.000000 0.000000 0.000000 0.270536
    19 1.506961 0.000001 0.000002 0.000000 0.000000 -0.034901
    20 3.915632 -0.278018 -1.402609 0.000796 0.000000 0.000000
    21 1.333079 -0.000001 0.000001 0.000000 0.000000 0.087283
    22 1.159206 0.000001 0.000001 0.000000 0.000000 0.218166
    23 7.048948 4.318974 -1.101198 1.587526 -0.821333 3.144905
  time 74
    0 0.134087 2.725324 -24.816700 0.000000 0.000000 -1.570795
    1 0.000000 0.000000 0.000000 -0.000086 -1.570451 -1.570709
    2 4.443617 -0.009642 0.000006 -0.000004 -0.000001 0.000796
    3 12.111411 -0.011446 0.000000 0.000000 0.000000 0.000000
    4 0.000010 0.011449 -1.352403 -0.000014 1.370796 3.140783
    5 6.078084 0.000000 0.000002 0.881207 -0.606889 -0.985463
    6 13.446754 0.000003 0.000002 0.000000 0.000000 -1.451864
    7 15.996999 -0.000003 -0.000002 1.469645 -0.107442 0.268047
    8 1.885324 0.833279 2.177877 1.155813 -0.579400 0.719240
    9 1.506963 -0.000002 -0.000001 0.000000 0.000000 -0.139626
    10 0.798349 -0.000002 0.000000 0.000000 0.000000 -0.148345
    11 3.950301 -0.539875 2.108871 -0.044172 -0.150800 0.291243
    12 1.545796 0.000001 0.000001 0.000000 0.000000 0.427615
    13 1.667398 0.000001 0.000001 0.000000 0.000000 0.314161
    14 3.899457 -0.475374 1.170890 0.000796 0.000000 0.000000
    15 1.528214 -0.000001 0.000001 0.000000 0.000000 0.244353
    16 1.528213 0.000002 -0.000002 0.000000 0.000000 0.479965
    17 3.899459 -0.431802 -0.168228 0.000796 0.000000 0.000000
    18 1.506960 0.000001 0.000000 0.000000 0.000000 0.270536
    19 1.506961 0.000001 0.000002 0.000000 0.000000 -0.034901
    20 3.915632 -0.278018 -1.402609 0.000796 0.000000 0.000000
    21 1.333079 -0.000001 0.000001 0.000000 0.000000 0.087283
    22 1.159206 0.000001 0.000001 0.000000 0.000000 0.218166
    23 7.048948 4.318974 -1.101198 1.587526 -0.821333 3.144905
  time 75
    0 0.134087 2.725324 -24.816700 0.000000 0.000000 -1.570795
    1 0.000000 0.000000 0.000000 -0.000086 -1.570451 -1.570709
    2 4.443617 -0.009642 0.000006 -0.000004 -0.000001 0.000796
    3 12.111411 -0.011446 0.000000 0.000000 0.000000 0.000000
    4 0.000010 0.011449 -1.352403 -0.000014 1.370796 3.140783
    5 6.078084 0.000000 0.000002 0.881977 -0.605685 -0.986089
    6 13.446754 0.000003 0.000002 0.000000 0.000000 -1.450664
    7 15.996999 -0.000003 -0.000002 1.469645 -0.107442 0.268047
    8 1.885324 0.833279 2.177877 1.155813 -0.579400 0.719240
    9 1.506963 -0.000002 -0.000001 0.000000 0.000000 -0.139626
    10 0.798349 -0.000002 0.000000 0.000000 0.000000 -0.148345
    11 3.950301 -0.539875 2.108871 -0.044172 -0.150800 0.291243
    12 1.545796 0.000001 0.000001 0.000000 0.000000 0.427615
    13 1.667398 0.000001 0.000001 0.000000 0.000000 0.314161
    14 3.899457 -0.475374 1.170890 0.000796 0.000000 0.000000
    15 1.528214 -0.000001 0.000001 0.000000 0.000000 0.244353
    16 1.528213 0.000002 -0.000002 0.000000 0.000000 0.479965
    17 3.899459 -0.431802 -0.168228 0.000796 0.000000 0.000000
    18 1.506960 0.000001 0.000000 0.000000 0.000000 0.270536
    19 1.506961 0.000001 0.000002 0.000000 0.000000 -0.034901
    20 3.915632 -0.278018 -1.402609 0.000796 0.000000 0.000000
    21 1.333079 -0.000001 0.000001 0.000000 0.000000 0.087283
    22 1.159206 0.000001 0.000001 0.000000 0.000000 0.218166
    23 7.048948 4.318974 -1.101198 1.587526 -0.821333 3.144905
  time 76
    0 0.134087 2.725324 -24.816700 0.000000 0.000000 -1.570795
    1 0.000000 0.000000 0.000000 -0.000086 -1.570451 -1.570709
    2 4.443617 -0.009642 0.000006 -0.000004 -0.000001 0.000796
    3 12.111411 -0.011446 0.000000 0.000000 0.000000 0.000000
    4 0.000010 0.011449 -1.352403 -0.000014 1.370796 3.140783
    5 6.078084 0.000000 0.000002 0.882718 -0.604481 -0.986637
    6 13.446754 0.000003 0.000002 0.000000 0.000000 -1.449579
    7 15.996999 -0.000003 -0.000002 1.469645 -0.107442 0.268047
    8 1.885324 0.833279 2.177877 1.155813 -0.579400 0.719240
    9 1.506963 -0.000002 -0.000001 0.000000 0.000000 -0.139626
    10 0.798349 -0.000002 0.000000 0.000000 0.000000 -0.148345
    11 3.950301 -0.539875 2.108871 -0.044172 -0.150800 0.291243
    12 1.545796 0.000001 0.000001 0.000000 0.000000 0.427615
    13 1.667398 0.000001 0.000001 0.000000 0.000000 0.314161
    14 3.899457 -0.475374 1.170890 0.000796 0.000000 0.000000
    15 1.528214 -0.000001 0.000001 0.000000 0.000000 0.244353
    16 1.528213 0.000002 -0.000002 0.000000 0.000000 0.479965
    17 3.899459 -0.431802 -0.168228 0.000796 0.000000 0.000000
    18 1.506960 0.000001 0.000000 0.000000 0.000000 0.270536
    19 1.506961 0.000001 0.000002 0.000000 0.000000 -0.034901
    20 3.915632 -0.278018 -1.402609 0.000796 0.000000 0.000000
    21 1.333079 -0.000001 0.000001 0.000000 0.000000 0.087283
    22 1.159206 0.000001 0.000001 0.000000 0.000000 0.218166
    23 7.048948 4.318974 -1.101198 1.587526 -0.821333 3.144905
  time 77
    0 0.134087 2.725324 -24.816700 0.000000 0.000000 -1.570795
    1 0.000000 0.000000 0.000000 -0.000086 -1.570451 -1.570709
    2 4.443617 -0.009642 0.000006 -0.000004 -0.000001 0.000796
    3 12.111411 -0.011446 0.000000 0.000000 0.000000 0.000000
    4 0.000010 0.011449 -1.352403 -0.000014 1.370796 3.140783
    5 6.078084 0.000000 0.000002 0.883431 -0.603335 -0.987223
    6 13.446754 0.000003 0.000002 0.000000 0.000000 -1.448436
    7 15.996999 -0.000003 -0.000002 1.469645 -0.107442 0.268047
    8 1.885324 0.833279 2.177877 1.155813 -0.579400 0.719240
    9 1.506963 -0.000002 -0.000001 0.000000 0.000000 -0.139626
    10 0.798349 -0.000002 0.000000 0.000000 0.000000 -0.148345
    11 3.950301 -0.539875 2.108871 -0.044172 -0.150800 0.291243
    12 1.545796 0.000001 0.000001 0.000000 0.000000 0.427615
    13 1.667398 0.000001 0.000001 0.000000 0.000000 0.314161
    14 3.899457 -0.475374 1.170890 0.000796 0.000000 0.000000
    15 1.528214 -0.000001 0.000001 0.000000 0.000000 0.244353
    16 1.528213 0.000002 -0.000002 0.000000 0.000000 0.479965
    17 3.899459 -0.431802 -0.168228 0.000796 0.000000 0.000000
    18 1.506960 0.000001 0.000000 0.000000 0.000000 0.270536
    19 1.506961 0.000001 0.000002 0.000000 0.000000 -0.034901
    20 3.915632 -0.278018 -1.402609 0.000796 0.000000 0.000000
    21 1.333079 -0.000001 0.000001 0.000000 0.000000 0.087283
    22 1.159206 0.000001 0.000001 0.000000 0.000000 0.218166
    23 7.048948 4.318974 -1.101198 1.587526 -0.821333 3.144905
  time 78
    0 0.134087 2.725324 -24.816700 0.000000 0.000000 -1.570795
    1 0.000000 0.000000 0.000000 -0.000086 -1.570451 -1.570709
    2 4.443617 -0.009642 0.000006 -0.000004 -0.000001 0.000796
    3 12.111411 -0.011446 0.000000 0.000000 0.000000 0.000000
    4 0.000010 0.011449 -1.352403 -0.000014 1.370796 3.140783
    5 6.078084 0.000000 0.000002 0.884116 -0.602217 -0.987771
    6 13.446754 0.000003 0.000002 0.000000 0.000000 -1.447408
    7 15.996999 -0.000003 -0.000002 1.469645 -0.107442 0.268047
    8 1.885324 0.833279 2.177877 1.155813 -0.579400 0.719240
    9 1.506963 -0.000002 -0.000001 0.000000 0.000000 -0.139626
    10 0.798349 -0.000002 0.000000 0.000000 0.000000 -0.148345
    11 3.950301 -0.539875 2.108871 -0.044172 -0.150800 0.291243
    12 1.545796 0.000001 0.000001 0.000000 0.000000 0.427615
    13 1.667398 0.000001 0.000001 0.000000 0.000000 0.314161
    14 3.899457 -0.475374 1.170890 0.000796 0.000000 0.000000
    15 1.528214 -0.000001 0.000001 0.000000 0.000000 0.244353
    16 1.528213 0.000002 -0.000002 0.000000 0.000000 0.479965
    17 3.899459 -0.431802 -0.168228 0.000796 0.000000 0.000000
    18 1.506960 0.000001 0.000000 0.000000 0.000000 0.270536
    19 1.506961 0.000001 0.000002 0.000000 0.000000 -0.034901
    20 3.915632 -0.278018 -1.402609 0.000796 0.000000 0.000000
    21 1.333079 -0.000001 0.000001 0.000000 0.000000 0.087283
    22 1.159206 0.000001 0.000001 0.000000 0.000000 0.218166
    23 7.048948 4.318974 -1.101198 1.587526 -0.821333 3.144905
  time 79
    0 0.134087 2.725324 -24.816700 0.000000 0.000000 -1.570795
    1 0.000000 0.000000 0.000000 -0.000086 -1.570451 -1.570709
    2 4.443617 -0.009642 0.000006 -0.000004 -0.000001 0.000796
    3 12.111411 -0.011446 0.000000 0.000000 0.000000 0.000000
    4 0.000010 0.011449 -1.352403 -0.000014 1.370796 3.140783
    5 6.078084 0.000000 0.000002 0.884801 -0.601128 -0.988279
    6 13.446754 0.000003 0.000002 0.000000 0.000000 -1.446379
    7 15.996999 -0.000003 -0.000002 1.469645 -0.107442 0.268047
    8 1.885324 0.833279 2.177877 1.155813 -0.579400 0.719240
    9 1.506963 -0.000002 -0.000001 0.000000 0.000000 -0.139626
    10 0.798349 -0.000002 0.000000 0.000000 0.000000 -0.148345
    11 3.950301 -0.539875 2.108871 -0.044172 -0.150800 0.291243
    12 1.545796 0.000001 0.000001 0.000000 0.000000 0.427615
    13 1.667398 0.000001 0.000001 0.000000 0.000000 0.314161
    14 3.899457 -0.475374 1.170890 0.000796 0.000000 0.000000
    15 1.528214 -0.000001 0.000001 0.000000 0.000000 0.244353
    16 1.528213 0.000002 -0.000002 0.000000 0.000000 0.479965
    17 3.899459 -0.431802 -0.168228 0.000796 0.000000 0.000000
    18 1.506960 0.000001 0.000000 0.000000 0.000000 0.270536
    19 1.506961 0.000001 0.000002 0.000000 0.000000 -0.034901
    20 3.915632 -0.278018 -1.402609 0.000796 0.000000 0.000000
    21 1.333079 -0.000001 0.000001 0.000000 0.000000 0.087283
    22 1.159206 0.000001 0.000001 0.000000 0.000000 0.218166
    23 7.048948 4.318974 -1.101198 1.587526 -0.821333 3.144905
  time 80
    0 0.134087 2.725324 -24.816700 0.000000 0.000000 -1.570795
    1 0.000000 0.000000 0.000000 -0.000086 -1.570451 -1.570709
    2 4.443617 -0.009642 0.000006 -0.000004 -0.000001 0.000796
    3 12.111411 -0.011446 0.000000 0.000000 0.000000 0.000000
    4 0.000010 0.011449 -1.352403 -0.000014 1.370796 3.140783
    5 6.078084 0.000000 0.000002 0.885457 -0.600096 -0.988788
    6 13.446754 0.000003 0.000002 0.000000 0.000000 -1.445351
    7 15.996999 -0.000003 -0.000002 1.469645 -0.107442 0.268047
    8 1.885324 0.833279 2.177877 1.155813 -0.579400 0.719240
    9 1.506963 -0.000002 -0.000001 0.000000 0.000000 -0.139626
    10 0.798349 -0.000002 0.000000 0.000000 0.000000 -0.148345
    11 3.950301 -0.539875 2.108871 -0.044172 -0.150800 0.291243
    12 1.545796 0.000001 0.000001 0.000000 0.000000 0.427615
    13 1.667398 0.000001 0.000001 0.000000 0.000000 0.314161
    14 3.899457 -0.475374 1.170890 0.000796 0.000000 0.000000
    15 1.528214 -0.000001 0.000001 0.000000 0.000000 0.244353
    16 1.528213 0.000002 -0.000002 0.000000 0.000000 0.479965
    17 3.899459 -0.431802 -0.168228 0.000796 0.000000 0.000000
    18 1.506960 0.000001 0.000000 0.000000 0.000000 0.270536
    19 1.506961 0.000001 0.000002 0.000000 0.000000 -0.034901
    20 3.915632 -0.278018 -1.402609 0.000796 0.000000 0.000000
    21 1.333079 -0.000001 0.000001 0.000000 0.000000 0.087283
    22 1.159206 0.000001 0.000001 0.000000 0.000000 0.218166
    23 7.048948 4.318974 -1.101198 1.587526 -0.821333 3.144905
  time 81
    0 0.134087 2.725324 -24.816700 0.000000 0.000000 -1.570795
    1 0.000000 0.000000 0.000000 -0.000086 -1.570451 -1.570709
    2 4.443617 -0.009642 0.000006 -0.000004 -0.000001 0.000796
    3 12.111411 -0.011446 0.000000 0.000000 0.000000 0.000000
    4 0.000010 0.011449 -1.352403 -0.000014 1.370796 3.140783
    5 6.078084 0.000000 0.000002 0.886056 -0.599093 -0.989296
    6 13.446754 0.000003 0.000002 0.000000 0.000000 -1.444380
    7 15.996999 -0.000003 -0.000002 1.469645 -0.107442 0.268047
    8 1.885324 0.833279 2.177877 1.155813 -0.579400 0.719240
    9 1.506963 -0.000002 -0.000001 0.000000 0.000000 -0.139626
    10 0.798349 -0.000002 0.000000 0.000000 0.000000 -0.148345
    11 3.950301 -0.539875 2.108871 -0.044172 -0.150800 0.291243
    12 1.545796 0.000001 0.000001 0.000000 0.000000 0.427615
    13 1.667398 0.000001 0.000001 0.000000 0.000000 0.314161
    14 3.899457 -0.475374 1.170890 0.000796 0.000000 0.000000
    15 1.528214 -0.000001 0.000001 0.000000 0.000000 0.244353
    16 1.528213 0.000002 -0.000002 0.000000 0.000000 0.479965
    17 3.899459 -0.431802 -0.168228 0.000796 0.000000 0.000000
    18 1.506960 0.000001 0.000000 0.000000 0.000000 0.270536
    19 1.506961 0.000001 0.000002 0.000000 0.000000 -0.034901
    20 3.915632 -0.278018 -1.402609 0.000796 0.000000 0.000000
    21 1.333079 -0.000001 0.000001 0.000000 0.000000 0.087283
    22 1.159206 0.000001 0.000001 0.000000 0.000000 0.218166
    23 7.048948 4.318974 -1.101198 1.587597 -0.821333 3.144905
  time 82
    0 0.134087 2.725324 -24.816700 0.000000 0.000000 -1.570795
    1 0.000000 0.000000 0.000000 -0.000086 -1.570451 -1.570709
    2 4.443617 -0.009642 0.000006 -0.000004 -0.000001 0.000796
    3 12.111411 -0.011446 0.000000 0.000000 0.000000 0.000000
    4 0.000010 0.011449 -1.352403 -0.000014 1.370796 3.140783
    5 6.078084 0.000000 0.000002 0.886655 -0.598147 -0.989765
    6 13.446754 0.000003 0.000002 0.000000 0.000000 -1.443466
    7 15.996999 -0.000003 -0.000002 1.469645 -0.107442 0.268047
    8 1.885324 0.833279 2.177877 1.155813 -0.579400 0.719240
    9 1.506963 -0.000002 -0.000001 0.000000 0.000000 -0.139626
    10 0.798349 -0.000002 0.000000 0.000000 0.000000 -0.148345
    11 3.950301 -0.539875 2.108871 -0.044172 -0.150800 0.291243
    12 1.545796 0.000001 0.000001 0.000000 0.000000 0.427615
    13 1.667398 0.000001 0.000001 0.000000 0.000000 0.314161
    14 3.899457 -0.475374 1.170890 0.000796 0.000000 0.000000
    15 1.528214 -0.000001 0.000001 0.000000 0.000000 0.244353
    16 1.528213 0.000002 -0.000002 0.000000 0.000000 0.479965
    17 3.899459 -0.431802 -0.168228 0.000796 0.000000 0.000000
    18 1.506960 0.000001 0.000000 0.000000 0.000000 0.270536
    19 1.506961 0.000001 0.000002 0.000000 0.000000 -0.034901
    20 3.915632 -0.278018 -1.402609 0.000796 0.000000 0.000000
    21 1.333079 -0.000001 0.000001 0.000000 0.000000 0.087283
    22 1.159206 0.000001 0.000001 0.000000 0.000000 0.218166
    23 7.048948 4.318974 -1.101198 1.587526 -0.821333 3.144905
  time 83
    0 0.134087 2.725324 -24.816700 0.000000 0.000000 -1.570795
    1 0.000000 0.000000 0.000000 -0.000086 -1.570451 -1.570709
    2 4.443617 -0.009642 0.000006 -0.000004 -0.000001 0.000796
    3 12.111411 -0.011446 0.000000 0.000000 0.000000 0.000000
    4 0.000010 0.011449 -1.352403 -0.000014 1.370796 3.140783
    5 6.078084 0.000000 0.000002 0.887254 -0.597086 -0.990509
    6 13.446754 0.000003 0.000002 0.000000 0.000000 -1.442380
    7 15.996999 -0.000003 -0.000002 1.469645 -0.107442 0.268047
    8 1.885324 0.833279 2.177877 1.155813 -0.579400 0.719240
    9 1.506963 -0.000002 -0.000001 0.000000 0.000000 -0.139626
    10 0.798349 -0.000002 0.000000 0.000000 0.000000 -0.148345
    11 3.950301 -0.539875 2.108871 -0.044172 -0.150800 0.291243
    12 1.545796 0.000001 0.000001 0.000000 0.000000 0.427615
    13 1.667398 0.000001 0.000001 0.000000 0.000000 0.314161
    14 3.899457 -0.475374 1.170890 0.000796 0.000000 0.000000
    15 1.528214 -0.000001 0.000001 0.000000 0.000000 0.244353
    16 1.528213 0.000002 -0.000002 0.000000 0.000000 0.479965
    17 3.899459 -0.431802 -0.168228 0.000796 0.000000 0.000000
    18 1.506960 0.000001 0.000000 0.000000 0.000000 0.270536
    19 1.506961 0.000001 0.000002 0.000000 0.000000 -0.034901
    20 3.915632 -0.278018 -1.402609 0.000796 0.000000 0.000000
    21 1.333079 -0.000001 0.000001 0.000000 0.000000 0.087283
    22 1.159206 0.000001 0.000001 0.000000 0.000000 0.218166
    23 7.048948 4.318974 -1.101198 1.587526 -0.821333 3.144905
  time 84
    0 0.134087 2.725324 -24.816700 0.000000 0.000000 -1.570795
    1 0.000000 0.000000 0.000000 -0.000086 -1.570451 -1.570709
    2 4.443617 -0.009642 0.000006 -0.000004 -0.000001 0.000796
    3 12.111411 -0.011446 0.000000 0.000000 0.000000 0.000000
    4 0.000010 0.011449 -1.352403 -0.000014 1.370796 3.140783
    5 6.078084 0.000000 0.000002 0.887938 -0.595911 -0.991721
    6 13.446754 0.000003 0.000002 0.000000 0.000000 -1.441009
    7 15.996999 -0.000003 -0.000002 1.469645 -0.107442 0.268047
    8 1.885324 0.833279 2.177877 1.155813 -0.579400 0.719240
    9 1.506963 -0.000002 -0.000001 0.000000 0.000000 -0.139626
    10 0.798349 -0.000002 0.000000 0.000000 0.000000 -0.148345
    11 3.950301 -0.539875 2.108871 -0.044172 -0.150800 0.291243
    12 1.545796 0.000001 0.000001 0.000000 0.000000 0.427615
    13 1.667398 0.000001 0.000001 0.000000 0.000000 0.314161
    14 3.899457 -0.475374 1.170890 0.000796 0.000000 0.000000
    15 1.528214 -0.000001 0.000001 0.000000 0.000000 0.244353
    16 1.528213 0.000002 -0.000002 0.000000 0.000000 0.479965
    17 3.899459 -0.431802 -0.168228 0.000796 0.000000 0.000000
    18 1.506960 0.000001 0.000000 0.000000 0.000000 0.270536
    19 1.506961 0.000001 0.000002 0.000000 0.000000 -0.034901
    20 3.915632 -0.278018 -1.402609 0.000796 0.000000 0.000000
    21 1.333079 -0.000001 0.000001 0.000000 0.000000 0.087283
    22 1.159206 0.000001 0.000001 0.000000 0.000000 0.218166
    23 7.048948 4.318974 -1.101198 1.587526 -0.821333 3.144905
  time 85
    0 0.134087 2.725324 -24.816700 0.000000 0.000000 -1.570795
    1 0.000000 0.000000 0.000000 -0.000086 -1.570451 -1.570709
    2 4.443617 -0.009642 0.000006 -0.000004 -0.000001 0.000796
    3 12.111411 -0.011446 0.000000 0.000000 0.000000 0.000000
    4 0.000010 0.011449 -1.352403 -0.000014 1.370796 3.140783
    5 6.078084 0.000000 0.000002 0.888566 -0.594736 -0.993207
    6 13.446754 0.000003 0.000002 0.000000 0.000000 -1.439638
    7 15.996999 -0.000003 -0.000002 1.469645 -0.107442 0.268047
    8 1.885324 0.833279 2.177877 1.155813 -0.579400 0.719240
    9 1.506963 -0.000002 -0.000001 0.000000 0.000000 -0.139626
    10 0.798349 -0.000002 0.000000 0.000000 0.000000 -0.148345
    11 3.950301 -0.539875 2.108871 -0.044172 -0.150800 0.291243
    12 1.545796 0.000001 0.000001 0.000000 0.000000 0.427615
    13 1.667398 0.000001 0.000001 0.000000 0.000000 0.314161
    14 3.899457 -0.475374 1.170890 0.000796 0.000000 0.000000
    15 1.528214 -0.000001 0.000001 0.000000 0.000000 0.244353
    16 1.528213 0.000002 -0.000002 0.000000 0.000000 0.479965
    17 3.899459 -0.431802 -0.168228 0.000796 0.000000 0.000000
    18 1.506960 0.000001 0.000000 0.000000 0.000000 0.270536
    19 1.506961 0.000001 0.000002 0.000000 0.000000 -0.034901
    20 3.915632 -0.278018 -1.402609 0.000796 0.000000 0.000000
    21 1.333079 -0.000001 0.000001 0.000000 0.000000 0.087283
    22 1.159206 0.000001 0.000001 0.000000 0.000000 0.218166
    23 7.048948 4.318974 -1.101198 1.587597 -0.821333 3.144905
  time 86
    0 0.134087 2.725324 -24.816700 0.000000 0.000000 -1.570795
    1 0.000000 0.000000 0.000000 -0.000086 -1.570451 -1.570709
    2 4.443617 -0.009642 0.000006 -0.000004 -0.000001 0.000796
    3 12.111411 -0.011446 0.000000 0.000000 0.000000 0.000000
    4 0.000010 0.011449 -1.352403 -0.000014 1.370796 3.140783
    5 6.078084 0.000000 0.000002 0.889079 -0.593733 -0.994733
    6 13.446754 0.000003 0.000002 0.000000 0.000000 -1.438552
    7 15.996999 -0.000003 -0.000002 1.469645 -0.107442 0.268047
    8 1.885324 0.833279 2.177877 1.155813 -0.579400 0.719240
    9 1.506963 -0.000002 -0.000001 0.000000 0.000000 -0.139626
    10 0.798349 -0.000002 0.000000 0.000000 0.000000 -0.148345
    11 3.950301 -0.539875 2.108871 -0.044172 -0.150800 0.291243
    12 1.545796 0.000001 0.000001 0.000000 0.000000 0.427615
    13 1.667398 0.000001 0.000001 0.000000 0.000000 0.314161
    14 3.899457 -0.475374 1.170890 0.000796 0.000000 0.000000
    15 1.528214 -0.000001 0.000001 0.000000 0.000000 0.244353
    16 1.528213 0.000002 -0.000002 0.000000 0.000000 0.479965
    17 3.899459 -0.431802 -0.168228 0.000796 0.000000 0.000000
    18 1.506960 0.000001 0.000000 0.000000 0.000000 0.270536
    19 1.506961 0.000001 0.000002 0.000000 0.000000 -0.034901
    20 3.915632 -0.278018 -1.402609 0.000796 0.000000 0.000000
    21 1.333079 -0.000001 0.000001 0.000000 0.000000 0.087283
    22 1.159206 0.000001 0.000001 0.000000 0.000000 0.218166
    23 7.048948 4.318974 -1.101198 1.587526 -0.821333 3.144905
  time 87
    0 0.134087 2.725324 -24.816700 0.000000 0.000000 -1.570795
    1 0.000000 0.000000 0.000000 -0.000086 -1.570451 -1.570709
    2 4.443617 -0.009642 0.000006 -0.000004 -0.000001 0.000796
    3 12.111411 -0.011446 0.000000 0.000000 0.000000 0.000000
    4 0.000010 0.011449 -1.352403 -0.000014 1.370796 3.140783
    5 6.078084 0.000000 0.000002 0.889507 -0.592873 -0.996219
    6 13.446754 0.000003 0.000002 0.000000 0.000000 -1.437753
    7 15.996999 -0.000003 -0.000002 1.469645 -0.107442 0.268047
    8 1.885324 0.833279 2.177877 1.155813 -0.579400 0.719240
    9 1.506963 -0.000002 -0.000001 0.000000 0.000000 -0.139626
    10 0.798349 -0.000002 0.000000 0.000000 0.000000 -0.148345
    11 3.950301 -0.539875 2.108871 -0.044172 -0.150800 0.291243
    12 1.545796 0.000001 0.000001 0.000000 0.000000 0.427615
    13 1.667398 0.000001 0.000001 0.000000 0.000000 0.314161
    14 3.899457 -0.475374 1.170890 0.000796 0.000000 0.000000
    15 1.528214 -0.000001 0.000001 0.000000 0.000000 0.244353
    16 1.528213 0.000002 -0.000002 0.000000 0.000000 0.479965
    17 3.899459 -0.431802 -0.168228 0.000796 0.000000 0.000000
    18 1.506960 0.000001 0.000000 0.000000 0.000000 0.270536
    19 1.506961 0.000001 0.000002 0.000000 0.000000 -0.034901
    20 3.915632 -0.278018 -1.402609 0.000796 0.000000 0.000000
    21 1.333079 -0.000001 0.000001 0.000000 0.000000 0.087283
    22 1.159206 0.000001 0.000001 0.000000 0.000000 0.218166
    23 7.048948 4.318974 -1.101198 1.587526 -0.821333 3.144905
  time 88
    0 0.134087 2.725324 -24.816700 0.000000 0.000000 -1.570795
    1 0.000000 0.000000 0.000000 -0.000086 -1.570451 -1.570709
    2 4.443617 -0.009642 0.000006 -0.000004 -0.000001 0.000796
    3 12.111411 -0.011446 0.000000 0.000000 0.000000 0.000000
    4 0.000010 0.011449 -1.352403 -0.000014 1.370796 3.140783
    5 6.078084 0.000000 0.000002 0.889935 -0.592013 -0.997705
    6 13.446754 0.000003 0.000002 0.000000 0.000000 -1.437010
    7 15.996999 -0.000003 -0.000002 1.469645 -0.107442 0.268047
    8 1.885324 0.833279 2.177877 1.155813 -0.579400 0.719240
    9 1.506963 -0.000002 -0.000001 0.000000 0.000000 -0.139626
    10 0.798349 -0.000002 0.000000 0.000000 0.000000 -0.148345
    11 3.950301 -0.539875 2.108871 -0.044172 -0.150800 0.291243
    12 1.545796 0.000001 0.000001 0.000000 0.000000 0.427615
    13 1.667398 0.000001 0.000001 0.000000 0.000000 0.314161
    14 3.899457 -0.475374 1.170890 0.000796 0.000000 0.000000
    15 1.528214 -0.000001 0.000001 0.000000 0.000000 0.244353
    16 1.528213 0.000002 -0.000002 0.000000 0.000000 0.479965
    17 3.899459 -0.431802 -0.168228 0.000796 0.000000 0.000000
    18 1.506960 0.000001 0.000000 0.000000 0.000000 0.270536
    19 1.506961 0.000001 0.000002 0.000000 0.000000 -0.034901
    20 3.915632 -0.278018 -1.402609 0.000796 0.000000 0.000000
    21 1.333079 -0.000001 0.000001 0.000000 0.000000 0.087283
    22 1.159206 0.000001 0.000001 0.000000 0.000000 0.218166
    23 7.048948 4.318974 -1.101198 1.587526 -0.821333 3.144905
  time 89
    0 0.134087 2.725324 -24.816700 0.000000 0.000000 -1.570795
    1 0.000000 0.000000 0.000000 -0.000086 -1.570451 -1.570709
    2 4.443617 -0.009642 0.000006 -0.000004 -0.000001 0.000796
    3 12.111411 -0.011446 0.000000 0.000000 0.000000 0.000000
    4 0.000010 0.011449 -1.352403 -0.000014 1.370796 3.140783
    5 6.078084 0.000000 0.000002 0.890334 -0.591153 -0.999231
    6 13.446754 0.000003 0.000002 0.000000 0.000000 -1.436267
    7 15.996999 -0.000003 -0.000002 1.469645 -0.107442 0.268047
    8 1.885324 0.833279 2.177877 1.155813 -0.579400 0.719240
    9 1.506963 -0.000002 -0.000001 0.000000 0.000000 -0.139626
    10 0.798349 -0.000002 0.000000 0.000000 0.000000 -0.148345
    11 3.950301 -0.539875 2.108871 -0.044172 -0.150800 0.291243
    12 1.545796 0.000001 0.000001 0.000000 0.000000 0.427615
    13 1.667398 0.000001 0.000001 0.000000 0.000000 0.314161
    14 3.899457 -0.475374 1.170890 0.000796 0.000000 0.000000
    15 1.528214 -0.000001 0.000001 0.000000 0.000000 0.244353
    16 1.528213 0.000002 -0.000002 0.000000 0.000000 0.479965
    17 3.899459 -0.431802 -0.168228 0.000796 0.000000 0.000000
    18 1.506960 0.000001 0.000000 0.000000 0.000000 0.270536
    19 1.506961 0.000001 0.000002 0.000000 0.000000 -0.034901
    20 3.915632 -0.278018 -1.402609 0.000796 0.000000 0.000000
    21 1.333079 -0.000001 0.000001 0.000000 0.000000 0.087283
    22 1.159206 0.000001 0.000001 0.000000 0.000000 0.218166
    23 7.048948 4.318974 -1.101198 1.587526 -0.821333 3.144905
  time 90
    0 0.134087 2.725324 -24.816700 0.000000 0.000000 -1.570795
    1 0.000000 0.000000 0.000000 -0.000086 -1.570451 -1.570709
    2 4.443617 -0.009642 0.000006 -0.000004 -0.000001 0.000796
    3 12.111411 -0.011446 0.000000 0.000000 0.000000 0.000000
    4 0.000010 0.011449 -1.352403 -0.000014 1.370796 3.140783
    5 6.078084 0.000000 0.000002 0.890734 -0.590322 -1.000756
    6 13.446754 0.000003 0.000002 0.000000 0.000000 -1.435582
    7 15.996999 -0.000003 -0.000002 1.469645 -0.107442 0.268047
    8 1.885324 0.833279 2.177877 1.155813 -0.579400 0.719240
    9 1.506963 -0.000002 -0.000001 0.000000 0.000000 -0.139626
    10 0.798349 -0.000002 0.000000 0.000000 0.000000 -0.148345
    11 3.950301 -0.539875 2.108871 -0.044172 -0.150800 0.291243
    12 1.545796 0.000001 0.000001 0.000000 0.000000 0.427615
    13 1.667398 0.000001 0.000001 0.000000 0.000000 0.314161
    14 3.899457 -0.475374 1.170890 0.000796 0.000000 0.000000
    15 1.528214 -0.000001 0.000001 0.000000 0.000000 0.244353
    16 1.528213 0.000002 -0.000002 0.000000 0.000000 0.479965
    17 3.899459 -0.431802 -0.168228 0.000796 0.000000 0.000000
    18 1.506960 0.000001 0.000000 0.000000 0.000000 0.270536
    19 1.506961 0.000001 0.000002 0.000000 0.000000 -0.034901
    20 3.915632 -0.278018 -1.402609 0.000796 0.000000 0.000000
    21 1.333079 -0.000001 0.000001 0.000000 0.000000 0.087283
    22 1.159206 0.000001 0.000001 0.000000 0.000000 0.218166
    23 7.048948 4.318974 -1.101198 1.587526 -0.821333 3.144905
  time 91
    0 0.134087 2.725324 -24.816700 0.000000 0.000000 -1.570795
    1 0.000000 0.000000 0.000000 -0.000086 -1.570451 -1.570709
    2 4.443617 -0.009642 0.000006 -0.000004 -0.000001 0.000796
    3 12.111411 -0.011446 0.000000 0.000000 0.000000 0.000000
    4 0.000010 0.011449 -1.352403 -0.000014 1.370796 3.140783
    5 6.078084 0.000000 0.000002 0.891104 -0.589491 -1.002281
    6 13.446754 0.000003 0.000002 0.000000 0.000000 -1.434839
    7 15.996999 -0.000003 -0.000002 1.469645 -0.107442 0.268047
    8 1.885324 0.833279 2.177877 1.155813 -0.579400 0.719240
    9 1.506963 -0.000002 -0.000001 0.000000 0.000000 -0.139626
    10 0.798349 -0.000002 0.000000 0.000000 0.000000 -0.148345
    11 3.950301 -0.539875 2.108871 -0.044172 -0.150800 0.291243
    12 1.545796 0.000001 0.000001 0.000000 0.000000 0.427615
    13 1.667398 0.000001 0.000001 0.000000 0.000000 0.314161
    14 3.899457 -0.475374 1.170890 0.000796 0.000000 0.000000
    15 1.528214 -0.000001 0.000001 0.000000 0.000000 0.244353
    16 1.528213 0.000002 -0.000002 0.000000 0.000000 0.479965
    17 3.899459 -0.431802 -0.168228 0.000796 0.000000 0.000000
    18 1.506960 0.000001 0.000000 0.000000 0.000000 0.270536
    19 1.506961 0.000001 0.000002 0.000000 0.000000 -0.034901
    20 3.915632 -0.278018 -1.402609 0.000796 0.000000 0.000000
    21 1.333079 -0.000001 0.000001 0.000000 0.000000 0.087283
    22 1.159206 0.000001 0.000001 0.000000 0.000000 0.218166
    23 7.048948 4.318974 -1.101198 1.587526 -0.821333 3.144905
  time 92
    0 0.134087 2.725324 -24.816700 0.000000 0.000000 -1.570795
    1 0.000000 0.000000 0.000000 -0.000086 -1.570451 -1.570709
    2 4.443617 -0.009642 0.000006 -0.000004 -0.000001 0.000796
    3 12.111411 -0.011446 0.000000 0.000000 0.000000 0.000000
    4 0.000010 0.011449 -1.352403 -0.000014 1.370796 3.140783
    5 6.078084 0.000000 0.000002 0.891475 -0.588688 -1.003846
    6 13.446754 0.000003 0.000002 0.000000 0.000000 -1.434210
    7 15.996999 -0.000003 -0.000002 1.469645 -0.107442 0.268047
    8 1.885324 0.833279 2.177877 1.155813 -0.579400 0.719240
    9 1.506963 -0.000002 -0.000001 0.000000 0.000000 -0.139626
    10 0.798349 -0.000002 0.000000 0.000000 0.000000 -0.148345
    11 3.950301 -0.539875 2.108871 -0.044172 -0.150800 0.291243
    12 1.545796 0.000001 0.000001 0.000000 0.000000 0.427615
    13 1.667398 0.000001 0.000001 0.000000 0.000000 0.314161
    14 3.899457 -0.475374 1.170890 0.000796 0.000000 0.000000
    15 1.528214 -0.000001 0.000001 0.000000 0.000000 0.244353
    16 1.528213 0.000002 -0.000002 0.000000 0.000000 0.479965
    17 3.899459 -0.431802 -0.168228 0.000796 0.000000 0.000000
    18 1.506960 0.000001 0.000000 0.000000 0.000000 0.270536
    19 1.506961 0.000001 0.000002 0.000000 0.000000 -0.034901
    20 3.915632 -0.278018 -1.402609 0.000796 0.000000 0.000000
    21 1.333079 -0.000001 0.000001 0.000000 0.000000 0.087283
    22 1.159206 0.000001 0.000001 0.000000 0.000000 0.218166
    23 7.048948 4.318974 -1.101198 1.587526 -0.821333 3.144905
  time 93
    0 0.134087 2.725324 -24.816700 0.000000 0.000000 -1.570795
    1 0.000000 0.000000 0.000000 -0.000086 -1.570451 -1.570709
    2 4.443617 -0.009642 0.000006 -0.000004 -0.000001 0.000796
    3 12.111411 -0.011446 0.000000 0.000000 0.000000 0.000000
    4 0.000010 0.011449 -1.352403 -0.000014 1.370796 3.140783
    5 6.078084 0.000000 0.000002 0.891846 -0.587886 -1.005410
    6 13.446754 0.000003 0.000002 0.000000 0.000000 -1.433525
    7 15.996999 -0.000003 -0.000002 1.469645 -0.107442 0.268047
    8 1.885324 0.833279 2.177877 1.155813 -0.579400 0.719240
    9 1.506963 -0.000002 -0.000001 0.000000 0.000000 -0.139626
    10 0.798349 -0.000002 0.000000 0.000000 0.000000 -0.148345
    11 3.950301 -0.539875 2.108871 -0.044172 -0.150800 0.291243
    12 1.545796 0.000001 0.000001 0.000000 0.000000 0.427615
    13 1.667398 0.000001 0.000001 0.000000 0.000000 0.314161
    14 3.899457 -0.475374 1.170890 0.000796 0.000000 0.000000
    15 1.528214 -0.000001 0.000001 0.000000 0.000000 0.244353
    16 1.528213 0.000002 -0.000002 0.000000 0.000000 0.479965
    17 3.899459 -0.431802 -0.168228 0.000796 0.000000 0.000000
    18 1.506960 0.000001 0.000000 0.000000 0.000000 0.270536
    19 1.506961 0.000001 0.000002 0.000000 0.000000 -0.034901
    20 3.915632 -0.278018 -1.402609 0.000796 0.000000 0.000000
    21 1.333079 -0.000001 0.000001 0.000000 0.000000 0.087283
    22 1.159206 0.000001 0.000001 0.000000 0.000000 0.218166
    23 7.048948 4.318974 -1.101198 1.587526 -0.821333 3.144905
  time 94
    0 0.134087 2.725324 -24.816700 0.000000 0.000000 -1.570795
    1 0.000000 0.000000 0.000000 -0.000086 -1.570451 -1.570709
    2 4.443617 -0.009642 0.000006 -0.000004 -0.000001 0.000796
    3 12.111411 -0.011446 0.000000 0.000000 0.000000 0.000000
    4 0.000010 0.011449 -1.352403 -0.000014 1.370796 3.140783
    5 6.078084 0.000000 0.000002 0.892217 -0.587054 -1.006936
    6 13.446754 0.000003 0.000002 0.000000 0.000000 -1.432839
    7 15.996999 -0.000003 -0.000002 1.469645 -0.107442 0.268047
    8 1.885324 0.833279 2.177877 1.155813 -0.579400 0.719240
    9 1.506963 -0.000002 -0.000001 0.000000 0.000000 -0.139626
    10 0.798349 -0.000002 0.000000 0.000000 0.000000 -0.148345
    11 3.950301 -0.539875 2.108871 -0.044172 -0.150800 0.291243
    12 1.545796 0.000001 0.000001 0.000000 0.000000 0.427615
    13 1.667398 0.000001 0.000001 0.000000 0.000000 0.314161
    14 3.899457 -0.475374 1.170890 0.000796 0.000000 0.000000
    15 1.528214 -0.000001 0.000001 0.000000 0.000000 0.244353
    16 1.528213 0.000002 -0.000002 0.000000 0.000000 0.479965
    17 3.899459 -0.431802 -0.168228 0.000796 0.000000 0.000000
    18 1.506960 0.000001 0.000000 0.000000 0.000000 0.270536
    19 1.506961 0.000001 0.000002 0.000000 0.000000 -0.034901
    20 3.915632 -0.278018 -1.402609 0.000796 0.000000 0.000000
    21 1.333079 -0.000001 0.000001 0.000000 0.000000 0.087283
    22 1.159206 0.000001 0.000001 0.000000 0.000000 0.218166
    23 7.048948 4.318974 -1.101198 1.587526 -0.821333 3.144905
  time 95
    0 0.134087 2.725324 -24.816700 0.000000 0.000000 -1.570795
    1 0.000000 0.000000 0.000000 -0.000086 -1.570451 -1.570709
    2 4.443617 -0.009642 0.000006 -0.000004 -0.000001 0.000796
    3 12.111411 -0.011446 0.000000 0.000000 0.000000 0.000000
    4 0.000010 0.011449 -1.352403 -0.000014 1.370796 3.140783
    5 6.078084 0.000000 0.000002 0.892559 -0.586252 -1.008500
    6 13.446754 0.000003 0.000002 0.000000 0.000000 -1.432211
    7 15.996999 -0.000003 -0.000002 1.469645 -0.107442 0.268047
    8 1.885324 0.833279 2.177877 1.155813 -0.579400 0.719240
    9 1.506963 -0.000002 -0.000001 0.000000 0.000000 -0.139626
    10 0.798349 -0.000002 0.000000 0.000000 0.000000 -0.148345
    11 3.950301 -0.539875 2.108871 -0.044172 -0.150800 0.291243
    12 1.545796 0.000001 0.000001 0.000000 0.000000 0.427615
    13 1.667398 0.000001 0.000001 0.000000 0.000000 0.314161
    14 3.899457 -0.475374 1.170890 0.000796 0.000000 0.000000
    15 1.528214 -0.000001 0.000001 0.000000 0.000000 0.244353
    16 1.528213 0.000002 -0.000002 0.000000 0.000000 0.479965
    17 3.899459 -0.431802 -0.168228 0.000796 0.000000 0.000000
    18 1.506960 0.000001 0.000000 0.000000 0.000000 0.270536
    19 1.506961 0.000001 0.000002 0.000000 0.000000 -0.034901
    20 3.915632 -0.278018 -1.402609 0.000796 0.000000 0.000000
    21 1.333079 -0.000001 0.000001 0.000000 0.000000 0.087283
    22 1.159206 0.000001 0.000001 0.000000 0.000000 0.218166
    23 7.048948 4.318974 -1.101198 1.587526 -0.821333 3.144905
  time 96
    0 0.134087 2.725324 -24.816700 0.000000 0.000000 -1.570795
    1 0.000000 0.000000 0.000000 -0.000086 -1.570451 -1.570709
    2 4.443617 -0.009642 0.000006 -0.000004 -0.000001 0.000796
    3 12.111411 -0.011446 0.000000 0.000000 0.000000 0.000000
    4 0.000010 0.011449 -1.352403 -0.000014 1.370796 3.140783
    5 6.078084 0.000000 0.000002 0.892930 -0.585449 -1.010065
    6 13.446754 0.000003 0.000002 0.000000 0.000000 -1.431525
    7 15.996999 -0.000003 -0.000002 1.469645 -0.107442 0.268047
    8 1.885324 0.833279 2.177877 1.155813 -0.579400 0.719240
    9 1.506963 -0.000002 -0.000001 0.000000 0.000000 -0.139626
    10 0.798349 -0.000002 0.000000 0.000000 0.000000 -0.148345
    11 3.950301 -0.539875 2.108871 -0.044172 -0.150800 0.291243
    12 1.545796 0.000001 0.000001 0.000000 0.000000 0.427615
    13 1.667398 0.000001 0.000001 0.000000 0.000000 0.314161
    14 3.899457 -0.475374 1.170890 0.000796 0.000000 0.000000
    15 1.528214 -0.000001 0.000001 0.000000 0.000000 0.244353
    16 1.528213 0.000002 -0.000002 0.000000 0.000000 0.479965
    17 3.899459 -0.431802 -0.168228 0.000796 0.000000 0.000000
    18 1.506960 0.000001 0.000000 0.000000 0.000000 0.270536
    19 1.506961 0.000001 0.000002 0.000000 0.000000 -0.034901
    20 3.915632 -0.278018 -1.402609 0.000796 0.000000 0.000000
    21 1.333079 -0.000001 0.000001 0.000000 0.000000 0.087283
    22 1.159206 0.000001 0.000001 0.000000 0.000000 0.218166
    23 7.048948 4.318974 -1.101198 1.587526 -0.821333 3.144905
  time 97
    0 0.134087 2.725324 -24.816700 0.000000 0.000000 -1.570795
    1 0.000000 0.000000 0.000000 -0.000086 -1.570451 -1.570709
    2 4.443617 -0.009642 0.000006 -0.000004 -0.000001 0.000796
    3 12.111411 -0.011446 0.000000 0.000000 0.000000 0.000000
    4 0.000010 0.011449 -1.352403 -0.000014 1.370796 3.140783
    5 6.078084 0.000000 0.000002 0.893301 -0.584647 -1.011629
    6 13.446754 0.000003 0.000002 0.000000 0.000000 -1.430897
    7 15.996999 -0.000003 -0.000002 1.469645 -0.107442 0.268047
    8 1.885324 0.833279 2.177877 1.155813 -0.579400 0.719240
    9 1.506963 -0.000002 -0.000001 0.000000 0.000000 -0.139626
    10 0.798349 -0.000002 0.000000 0.000000 0.000000 -0.148345
    11 3.950301 -0.539875 2.108871 -0.044172 -0.150800 0.291243
    12 1.545796 0.000001 0.000001 0.000000 0.000000 0.427615
    13 1.667398 0.000001 0.000001 0.000000 0.000000 0.314161
    14 3.899457 -0.475374 1.170890 0.000796 0.000000 0.000000
    15 1.528214 -0.000001 0.000001 0.000000 0.000000 0.244353
    16 1.528213 0.000002 -0.000002 0.000000 0.000000 0.479965
    17 3.899459 -0.431802 -0.168228 0.000796 0.000000 0.000000
    18 1.506960 0.000001 0.000000 0.000000 0.000000 0.270536
    19 1.506961 0.000001 0.000002 0.000000 0.000000 -0.034901
    20 3.915632 -0.278018 -1.402609 0.000796 0.000000 0.000000
    21 1.333079 -0.000001 0.000001 0.000000 0.000000 0.087283
    22 1.159206 0.000001 0.000001 0.000000 0.000000 0.218166
    23 7.048948 4.318974 -1.101198 1.587526 -0.821333 3.144905
  time 98
    0 0.134087 2.725324 -24.816700 0.000000 0.000000 -1.570795
    1 0.000000 0.000000 0.000000 -0.000086 -1.570451 -1.570709
    2 4.443617 -0.009642 0.000006 -0.000004 -0.000001 0.000796
    3 12.111411 -0.011446 0.000000 0.000000 0.000000 0.000000
    4 0.000010 0.011449 -1.352403 -0.000014 1.370796 3.140783
    5 6.078084 0.000000 0.000002 0.893643 -0.583844 -1.013193
    6 13.446754 0.000003 0.000002 0.000000 0.000000 -1.430211
    7 15.996999 -0.000003 -0.000002 1.469645 -0.107442 0.268047
    8 1.885324 0.833279 2.177877 1.155813 -0.579400 0.719240
    9 1.506963 -0.000002 -0.000001 0.000000 0.000000 -0.139626
    10 0.798349 -0.000002 0.000000 0.000000 0.000000 -0.148345
    11 3.950301 -0.539875 2.108871 -0.044172 -0.150800 0.291243
    12 1.545796 0.000001 0.000001 0.000000 0.000000 0.427615
    13 1.667398 0.000001 0.000001 0.000000 0.000000 0.314161
    14 3.899457 -0.475374 1.170890 0.000796 0.000000 0.000000
    15 1.528214 -0.000001 0.000001 0.000000 0.000000 0.244353
    16 1.528213 0.000002 -0.000002 0.000000 0.000000 0.479965
    17 3.899459 -0.431802 -0.168228 0.000796 0.000000 0.000000
    18 1.506960 0.000001 0.000000 0.000000 0.000000 0.270536
    19 1.506961 0.000001 0.000002 0.000000 0.000000 -0.034901
    20 3.915632 -0.278018 -1.402609 0.000796 0.000000 0.000000
    21 1.333079 -0.000001 0.000001 0.000000 0.000000 0.087283
    22 1.159206 0.000001 0.000001 0.000000 0.000000 0.218166
    23 7.048948 4.318974 -1.101198 1.587526 -0.821333 3.144905
  time 99
    0 0.134087 2.725324 -24.816700 0.000000 0.000000 -1.570795
    1 0.000000 0.000000 0.000000 -0.000086 -1.570451 -1.570709
    2 4.443617 -0.009642 0.000006 -0.000004 -0.000001 0.000796
    3 12.111411 -0.011446 0.000000 0.000000 0.000000 0.000000
    4 0.000010 0.011449 -1.352403 -0.000014 1.370796 3.140783
    5 6.078084 0.000000 0.000002 0.894014 -0.583013 -1.014719
    6 13.446754 0.000003 0.000002 0.000000 0.000000 -1.429583
    7 15.996999 -0.000003 -0.000002 1.469645 -0.107442 0.268047
    8 1.885324 0.833279 2.177877 1.155813 -0.579400 0.719240
    9 1.506963 -0.000002 -0.000001 0.000000 0.000000 -0.139626
    10 0.798349 -0.000002 0.000000 0.000000 0.000000 -0.148345
    11 3.950301 -0.539875 2.108871 -0.044172 -0.150800 0.291243
    12 1.545796 0.000001 0.000001 0.000000 0.000000 0.427615
    13 1.667398 0.000001 0.000001 0.000000 0.000000 0.314161
    14 3.899457 -0.475374 1.170890 0.000796 0.000000 0.000000
    15 1.528214 -0.000001 0.000001 0.000000 0.000000 0.244353
    16 1.528213 0.000002 -0.000002 0.000000 0.000000 0.479965
    17 3.899459 -0.431802 -0.168228 0.000796 0.000000 0.000000
    18 1.506960 0.000001 0.000000 0.000000 0.000000 0.270536
    19 1.506961 0.000001 0.000002 0.000000 0.000000 -0.034901
    20 3.915632 -0.278018 -1.402609 0.000796 0.000000 0.000000
    21 1.333079 -0.000001 0.000001 0.000000 0.000000 0.087283
    22 1.159206 0.000001 0.000001 0.000000 0.000000 0.218166
    23 7.048948 4.318974 -1.101198 1.587526 -0.821333 3.144905
  time 100
    0 0.134087 2.725324 -24.816700 0.000000 0.000000 -1.570795
    1 0.000000 0.000000 0.000000 -0.000086 -1.570451 -1.570709
    2 4.443617 -0.009642 0.000006 -0.000004 -0.000001 0.000796
    3 12.111411 -0.011446 0.000000 0.000000 0.000000 0.000000
    4 0.000010 0.011449 -1.352403 -0.000014 1.370796 3.140783
    5 6.078084 0.000000 0.000002 0.894356 -0.582210 -1.016244
    6 13.446754 0.000003 0.000002 0.000000 0.000000 -1.428897
    7 15.996999 -0.000003 -0.000002 1.469645 -0.107442 0.268047
    8 1.885324 0.833279 2.177877 1.155813 -0.579400 0.719240
    9 1.506963 -0.000002 -0.000001 0.000000 0.000000 -0.139626
    10 0.798349 -0.000002 0.000000 0.000000 0.000000 -0.148345
    11 3.950301 -0.539875 2.108871 -0.044172 -0.150800 0.291243
    12 1.545796 0.000001 0.000001 0.000000 0.000000 0.427615
    13 1.667398 0.000001 0.000001 0.000000 0.000000 0.314161
    14 3.899457 -0.475374 1.170890 0.000796 0.000000 0.000000
    15 1.528214 -0.000001 0.000001 0.000000 0.000000 0.244353
    16 1.528213 0.000002 -0.000002 0.000000 0.000000 0.479965
    17 3.899459 -0.431802 -0.168228 0.000796 0.000000 0.000000
    18 1.506960 0.000001 0.000000 0.000000 0.000000 0.270536
    19 1.506961 0.000001 0.000002 0.000000 0.000000 -0.034901
    20 3.915632 -0.278018 -1.402609 0.000796 0.000000 0.000000
    21 1.333079 -0.000001 0.000001 0.000000 0.000000 0.087283
    22 1.159206 0.000001 0.000001 0.000000 0.000000 0.218166
    23 7.048948 4.318974 -1.101198 1.587526 -0.821333 3.144905
end
