// Created by Crowbar 0.74
version 1
nodes
  0 "Bip01" -1
  1 "Bip01 Pelvis" 0
  2 "Bip01 Spine" 1
  3 "Bip01 Neck" 2
  4 "Bip01 L Clavicle" 3
  5 "Bip01 L UpperArm" 4
  6 "Bip01 L Forearm" 5
  7 "Bip01 L Hand" 6
  8 "Bip01 L Finger0" 7
  9 "Bip01 L Finger01" 8
  10 "Bip01 L Finger02" 9
  11 "Bip01 L Finger1" 7
  12 "Bip01 L Finger11" 11
  13 "Bip01 L Finger12" 12
  14 "Bip01 L Finger2" 7
  15 "Bip01 L Finger21" 14
  16 "Bip01 L Finger22" 15
  17 "Bip01 L Finger3" 7
  18 "Bip01 L Finger31" 17
  19 "Bip01 L Finger32" 18
  20 "Bip01 L Finger4" 7
  21 "Bip01 L Finger41" 20
  22 "Bip01 L Finger42" 21
  23 "Dummy17" 7
  24 "Bip01 R Clavicle" 3
  25 "Bip01 R UpperArm" 24
  26 "Bip01 R Forearm" 25
  27 "Bip01 R Hand" 26
  28 "Bip01 R Finger0" 27
  29 "Bip01 R Finger01" 28
  30 "Bip01 R Finger02" 29
  31 "Bip01 R Finger1" 27
  32 "Bip01 R Finger11" 31
  33 "Bip01 R Finger12" 32
  34 "Bip01 R Finger2" 27
  35 "Bip01 R Finger21" 34
  36 "Bip01 R Finger22" 35
  37 "Bip01 R Finger3" 27
  38 "Bip01 R Finger31" 37
  39 "Bip01 R Finger32" 38
  40 "Bip01 R Finger4" 27
  41 "Bip01 R Finger41" 40
  42 "Bip01 R Finger42" 41
  43 "Dummy14" 27
  44 "Dummy15" 43
  45 "Dummy16" 43
end
skeleton
  time 0
    0 0.928525 1.014336 -19.461068 0.000000 0.000000 -1.570792
    1 0.000000 0.000000 0.000002 -0.000086 -1.570451 -1.570709
    2 4.443615 -0.009642 0.000006 -0.000004 -0.000001 0.000796
    3 12.111412 -0.011446 0.000000 0.000000 0.000000 0.000000
    4 0.000010 0.011442 1.352402 -0.000014 -1.370796 3.140810
    5 6.078090 0.000001 -0.000005 -0.531509 1.219836 -0.541120
    6 13.446754 -0.000001 0.000001 0.000000 0.000000 -0.648458
    7 15.997000 0.000001 -0.000001 -1.683447 0.000000 0.000000
    8 1.885325 0.833276 -2.177876 -1.598016 0.698132 -0.000668
    9 1.506960 -0.000006 0.000000 0.000000 0.000000 -0.139626
    10 0.798348 0.000003 0.000000 0.000000 0.000000 -0.113446
    11 3.950302 -0.539875 -2.108871 -0.000806 0.157080 -0.000126
    12 1.545797 -0.000002 -0.000001 0.000000 0.000000 0.471239
    13 1.667398 0.000001 0.000007 0.000000 0.000000 0.436332
    14 3.899452 -0.475378 -1.170893 -0.000796 0.000000 0.000000
    15 1.528218 0.000003 0.000001 0.000000 0.000000 0.331613
    16 1.528216 -0.000001 -0.000003 0.000000 0.000000 0.479966
    17 3.899459 -0.431804 0.168223 -0.000796 0.000000 0.000000
    18 1.506968 0.000002 -0.000001 0.000000 0.000000 0.427606
    19 1.506962 -0.000001 0.000001 0.000000 0.000000 0.340339
    20 3.915634 -0.278020 1.402608 -0.000796 0.000000 0.000000
    21 1.333080 0.000000 -0.000001 0.000000 0.000000 0.637045
    22 1.159204 0.000000 -0.000002 0.000000 0.000000 0.218166
    23 18.209354 8.207681 -0.352298 -1.582244 0.018583 -3.126150
    24 0.000009 0.011450 -1.352403 -0.000014 1.370796 3.140783
    25 6.078084 0.000001 0.000003 1.123052 -0.816961 -1.217258
    26 13.446750 -0.000005 0.000000 0.000000 0.000000 -1.154684
    27 15.997000 -0.000002 0.000000 1.669604 -0.001556 0.263226
    28 1.885324 0.833275 2.177876 1.172048 -0.644537 0.438889
    29 1.506966 -0.000005 0.000000 0.000000 0.000000 -0.436329
    30 0.798348 -0.000001 -0.000001 0.000000 0.000000 -0.507867
    31 3.950306 -0.539875 2.108876 0.012323 0.110212 -0.171410
    32 1.545797 -0.000001 -0.000008 0.000000 0.000000 0.513113
    33 1.667400 -0.000002 0.000008 0.000000 0.000000 0.785377
    34 3.899460 -0.475376 1.170891 -0.037591 0.101270 -0.055752
    35 1.528215 -0.000001 0.000000 0.000000 0.000000 1.575956
    36 1.528217 -0.000001 0.000001 0.000000 0.000000 1.352577
    37 3.899459 -0.431805 -0.168223 0.093293 -0.006316 0.182573
    38 1.506962 0.000000 0.000002 0.000000 0.000000 1.708639
    39 1.506964 0.000001 -0.000001 0.000000 0.000000 1.310683
    40 3.915634 -0.278019 -1.402605 0.217310 -0.078619 0.205835
    41 1.333083 0.000001 0.000003 0.000000 0.000000 1.464281
    42 1.159202 0.000000 -0.000004 0.000000 0.000000 1.370013
    43 3.495615 0.351176 1.563391 1.582244 -0.018583 -3.126153
    44 -2.156468 1.809614 0.001208 0.000000 0.000000 0.000000
    45 -6.613107 1.564316 -0.031845 0.000000 0.000000 0.000000
  time 1
    0 0.928525 1.014336 -19.461068 0.000000 0.000000 -1.570792
    1 0.000000 0.000000 0.000002 -0.000086 -1.570451 -1.570709
    2 4.443615 -0.009642 0.000006 -0.000004 -0.000001 0.000796
    3 12.111412 -0.011446 0.000000 0.000000 0.000000 0.000000
    4 0.000010 0.011442 1.352402 -0.000014 -1.370796 3.140810
    5 6.078090 0.000001 -0.000005 -0.531509 1.219836 -0.541120
    6 13.446754 -0.000001 0.000001 0.000000 0.000000 -0.648458
    7 15.997000 0.000001 -0.000001 -1.683447 0.000000 0.000000
    8 1.885325 0.833276 -2.177876 -1.598016 0.698132 -0.000668
    9 1.506960 -0.000006 0.000000 0.000000 0.000000 -0.139626
    10 0.798348 0.000003 0.000000 0.000000 0.000000 -0.113446
    11 3.950302 -0.539875 -2.108871 -0.000806 0.157080 -0.000126
    12 1.545797 -0.000002 -0.000001 0.000000 0.000000 0.471239
    13 1.667398 0.000001 0.000007 0.000000 0.000000 0.436332
    14 3.899452 -0.475378 -1.170893 -0.000796 0.000000 0.000000
    15 1.528218 0.000003 0.000001 0.000000 0.000000 0.331613
    16 1.528216 -0.000001 -0.000003 0.000000 0.000000 0.479966
    17 3.899459 -0.431804 0.168223 -0.000796 0.000000 0.000000
    18 1.506968 0.000002 -0.000001 0.000000 0.000000 0.427606
    19 1.506962 -0.000001 0.000001 0.000000 0.000000 0.340339
    20 3.915634 -0.278020 1.402608 -0.000796 0.000000 0.000000
    21 1.333080 0.000000 -0.000001 0.000000 0.000000 0.637045
    22 1.159204 0.000000 -0.000002 0.000000 0.000000 0.218166
    23 18.209354 8.207681 -0.352298 -1.582244 0.018583 -3.126150
    24 0.000009 0.011450 -1.352403 -0.000014 1.370796 3.140783
    25 6.078084 0.000001 0.000003 1.123038 -0.817027 -1.217216
    26 13.446750 -0.000005 0.000000 0.000000 0.000000 -1.154732
    27 15.997000 -0.000002 0.000000 1.670730 -0.001556 0.263250
    28 1.885324 0.833275 2.177876 1.172048 -0.644525 0.438889
    29 1.506966 -0.000005 0.000000 0.000000 0.000000 -0.436329
    30 0.798348 -0.000001 -0.000001 0.000000 0.000000 -0.507879
    31 3.950306 -0.539875 2.108876 0.012323 0.110212 -0.171410
    32 1.545797 -0.000001 -0.000008 0.000000 0.000000 0.513113
    33 1.667400 -0.000002 0.000008 0.000000 0.000000 0.785377
    34 3.899460 -0.475376 1.170891 -0.037591 0.101270 -0.055752
    35 1.528215 -0.000001 0.000000 0.000000 0.000000 1.575956
    36 1.528217 -0.000001 0.000001 0.000000 0.000000 1.352577
    37 3.899459 -0.431805 -0.168223 0.093305 -0.006316 0.182573
    38 1.506962 0.000000 0.000002 0.000000 0.000000 1.708639
    39 1.506964 0.000001 -0.000001 0.000000 0.000000 1.310683
    40 3.915634 -0.278019 -1.402605 0.217310 -0.078619 0.205835
    41 1.333083 0.000001 0.000003 0.000000 0.000000 1.464281
    42 1.159202 0.000000 -0.000004 0.000000 0.000000 1.370013
    43 3.495615 0.351176 1.563391 1.582244 -0.018583 -3.126153
    44 -2.156468 1.809614 0.001208 0.000000 0.000000 0.000000
    45 -6.613107 1.564316 -0.031845 0.000000 0.000000 0.000000
  time 2
    0 0.928525 1.014336 -19.461068 0.000000 0.000000 -1.570792
    1 0.000000 0.000000 0.000002 -0.000086 -1.570451 -1.570709
    2 4.443615 -0.009642 0.000006 -0.000004 -0.000001 0.000796
    3 12.111412 -0.011446 0.000000 0.000000 0.000000 0.000000
    4 0.000010 0.011442 1.352402 -0.000014 -1.370796 3.140810
    5 6.078090 0.000001 -0.000005 -0.531509 1.219836 -0.541120
    6 13.446754 -0.000001 0.000001 0.000000 0.000000 -0.648458
    7 15.997000 0.000001 -0.000001 -1.683447 0.000000 0.000000
    8 1.885325 0.833276 -2.177876 -1.598016 0.698132 -0.000668
    9 1.506960 -0.000006 0.000000 0.000000 0.000000 -0.139626
    10 0.798348 0.000003 0.000000 0.000000 0.000000 -0.113446
    11 3.950302 -0.539875 -2.108871 -0.000806 0.157080 -0.000126
    12 1.545797 -0.000002 -0.000001 0.000000 0.000000 0.471239
    13 1.667398 0.000001 0.000007 0.000000 0.000000 0.436332
    14 3.899452 -0.475378 -1.170893 -0.000796 0.000000 0.000000
    15 1.528218 0.000003 0.000001 0.000000 0.000000 0.331613
    16 1.528216 -0.000001 -0.000003 0.000000 0.000000 0.479966
    17 3.899459 -0.431804 0.168223 -0.000796 0.000000 0.000000
    18 1.506968 0.000002 -0.000001 0.000000 0.000000 0.427606
    19 1.506962 -0.000001 0.000001 0.000000 0.000000 0.340339
    20 3.915634 -0.278020 1.402608 -0.000796 0.000000 0.000000
    21 1.333080 0.000000 -0.000001 0.000000 0.000000 0.637045
    22 1.159204 0.000000 -0.000002 0.000000 0.000000 0.218166
    23 18.209354 8.207681 -0.352298 -1.582244 0.018583 -3.126150
    24 0.000009 0.011450 -1.352403 -0.000014 1.370796 3.140783
    25 6.078084 0.000001 0.000003 1.122996 -0.817093 -1.217195
    26 13.446750 -0.000005 0.000000 0.000000 0.000000 -1.154780
    27 15.997000 -0.000002 0.000000 1.672025 -0.001556 0.263274
    28 1.885324 0.833275 2.177876 1.172048 -0.644537 0.438889
    29 1.506966 -0.000005 0.000000 0.000000 0.000000 -0.436329
    30 0.798348 -0.000001 -0.000001 0.000000 0.000000 -0.507867
    31 3.950306 -0.539875 2.108876 0.012323 0.110212 -0.171410
    32 1.545797 -0.000001 -0.000008 0.000000 0.000000 0.513113
    33 1.667400 -0.000002 0.000008 0.000000 0.000000 0.785377
    34 3.899460 -0.475376 1.170891 -0.037591 0.101270 -0.055752
    35 1.528215 -0.000001 0.000000 0.000000 0.000000 1.575956
    36 1.528217 -0.000001 0.000001 0.000000 0.000000 1.352577
    37 3.899459 -0.431805 -0.168223 0.093305 -0.006316 0.182573
    38 1.506962 0.000000 0.000002 0.000000 0.000000 1.708639
    39 1.506964 0.000001 -0.000001 0.000000 0.000000 1.310683
    40 3.915634 -0.278019 -1.402605 0.217310 -0.078619 0.205835
    41 1.333083 0.000001 0.000003 0.000000 0.000000 1.464281
    42 1.159202 0.000000 -0.000004 0.000000 0.000000 1.370013
    43 3.495615 0.351176 1.563391 1.582244 -0.018583 -3.126153
    44 -2.156468 1.809614 0.001208 0.000000 0.000000 0.000000
    45 -6.613107 1.564316 -0.031845 0.000000 0.000000 0.000000
  time 3
    0 0.928525 1.014336 -19.461068 0.000000 0.000000 -1.570792
    1 0.000000 0.000000 0.000002 -0.000086 -1.570451 -1.570709
    2 4.443615 -0.009642 0.000006 -0.000004 -0.000001 0.000796
    3 12.111412 -0.011446 0.000000 0.000000 0.000000 0.000000
    4 0.000010 0.011442 1.352402 -0.000014 -1.370796 3.140810
    5 6.078090 0.000001 -0.000005 -0.531509 1.219836 -0.541120
    6 13.446754 -0.000001 0.000001 0.000000 0.000000 -0.648458
    7 15.997000 0.000001 -0.000001 -1.683447 0.000000 0.000000
    8 1.885325 0.833276 -2.177876 -1.598016 0.698132 -0.000668
    9 1.506960 -0.000006 0.000000 0.000000 0.000000 -0.139626
    10 0.798348 0.000003 0.000000 0.000000 0.000000 -0.113446
    11 3.950302 -0.539875 -2.108871 -0.000806 0.157080 -0.000126
    12 1.545797 -0.000002 -0.000001 0.000000 0.000000 0.471239
    13 1.667398 0.000001 0.000007 0.000000 0.000000 0.436332
    14 3.899452 -0.475378 -1.170893 -0.000796 0.000000 0.000000
    15 1.528218 0.000003 0.000001 0.000000 0.000000 0.331613
    16 1.528216 -0.000001 -0.000003 0.000000 0.000000 0.479966
    17 3.899459 -0.431804 0.168223 -0.000796 0.000000 0.000000
    18 1.506968 0.000002 -0.000001 0.000000 0.000000 0.427606
    19 1.506962 -0.000001 0.000001 0.000000 0.000000 0.340339
    20 3.915634 -0.278020 1.402608 -0.000796 0.000000 0.000000
    21 1.333080 0.000000 -0.000001 0.000000 0.000000 0.637045
    22 1.159204 0.000000 -0.000002 0.000000 0.000000 0.218166
    23 18.209354 8.207681 -0.352298 -1.582244 0.018583 -3.126150
    24 0.000009 0.011450 -1.352403 -0.000014 1.370796 3.140783
    25 6.078084 0.000001 0.000003 1.122969 -0.817126 -1.217153
    26 13.446750 -0.000005 0.000000 0.000000 0.000000 -1.154780
    27 15.997000 -0.000002 0.000000 1.673403 -0.001556 0.263321
    28 1.885324 0.833275 2.177876 1.172048 -0.644537 0.438889
    29 1.506966 -0.000005 0.000000 0.000000 0.000000 -0.436329
    30 0.798348 -0.000001 -0.000001 0.000000 0.000000 -0.507879
    31 3.950306 -0.539875 2.108876 0.012323 0.110212 -0.171410
    32 1.545797 -0.000001 -0.000008 0.000000 0.000000 0.513113
    33 1.667400 -0.000002 0.000008 0.000000 0.000000 0.785377
    34 3.899460 -0.475376 1.170891 -0.037591 0.101270 -0.055752
    35 1.528215 -0.000001 0.000000 0.000000 0.000000 1.575956
    36 1.528217 -0.000001 0.000001 0.000000 0.000000 1.352577
    37 3.899459 -0.431805 -0.168223 0.093305 -0.006316 0.182573
    38 1.506962 0.000000 0.000002 0.000000 0.000000 1.708639
    39 1.506964 0.000001 -0.000001 0.000000 0.000000 1.310683
    40 3.915634 -0.278019 -1.402605 0.217310 -0.078619 0.205835
    41 1.333083 0.000001 0.000003 0.000000 0.000000 1.464281
    42 1.159202 0.000000 -0.000004 0.000000 0.000000 1.370013
    43 3.495615 0.355083 1.563391 1.582244 -0.018583 -3.126153
    44 -2.156468 1.809614 0.001208 0.000000 0.000000 0.000000
    45 -6.613107 1.564316 -0.031845 0.000000 0.000000 0.000000
  time 4
    0 0.928525 1.014336 -19.461068 0.000000 0.000000 -1.570792
    1 0.000000 0.000000 0.000002 -0.000086 -1.570451 -1.570709
    2 4.443615 -0.009642 0.000006 -0.000004 -0.000001 0.000796
    3 12.111412 -0.011446 0.000000 0.000000 0.000000 0.000000
    4 0.000010 0.011442 1.352402 -0.000014 -1.370796 3.140810
    5 6.078090 0.000001 -0.000005 -0.531509 1.219836 -0.541120
    6 13.446754 -0.000001 0.000001 0.000000 0.000000 -0.648458
    7 15.997000 0.000001 -0.000001 -1.683447 0.000000 0.000000
    8 1.885325 0.833276 -2.177876 -1.598016 0.698132 -0.000668
    9 1.506960 -0.000006 0.000000 0.000000 0.000000 -0.139626
    10 0.798348 0.000003 0.000000 0.000000 0.000000 -0.113446
    11 3.950302 -0.539875 -2.108871 -0.000806 0.157080 -0.000126
    12 1.545797 -0.000002 -0.000001 0.000000 0.000000 0.471239
    13 1.667398 0.000001 0.000007 0.000000 0.000000 0.436332
    14 3.899452 -0.475378 -1.170893 -0.000796 0.000000 0.000000
    15 1.528218 0.000003 0.000001 0.000000 0.000000 0.331613
    16 1.528216 -0.000001 -0.000003 0.000000 0.000000 0.479966
    17 3.899459 -0.431804 0.168223 -0.000796 0.000000 0.000000
    18 1.506968 0.000002 -0.000001 0.000000 0.000000 0.427606
    19 1.506962 -0.000001 0.000001 0.000000 0.000000 0.340339
    20 3.915634 -0.278020 1.402608 -0.000796 0.000000 0.000000
    21 1.333080 0.000000 -0.000001 0.000000 0.000000 0.637045
    22 1.159204 0.000000 -0.000002 0.000000 0.000000 0.218166
    23 18.209354 8.207681 -0.352298 -1.582244 0.018583 -3.126150
    24 0.000009 0.011450 -1.352403 -0.000014 1.370796 3.140783
    25 6.078084 0.000001 0.000003 1.122927 -0.817192 -1.217110
    26 13.446750 -0.000005 0.000000 0.000000 0.000000 -1.154876
    27 15.997000 -0.000002 0.000000 1.674781 -0.001556 0.263345
    28 1.885324 0.833275 2.177876 1.172048 -0.644537 0.438889
    29 1.506966 -0.000005 0.000000 0.000000 0.000000 -0.436329
    30 0.798348 -0.000001 -0.000001 0.000000 0.000000 -0.507867
    31 3.950306 -0.539875 2.108876 0.012323 0.110212 -0.171410
    32 1.545797 -0.000001 -0.000008 0.000000 0.000000 0.513113
    33 1.667400 -0.000002 0.000008 0.000000 0.000000 0.785377
    34 3.899460 -0.475376 1.170891 -0.037591 0.101270 -0.055752
    35 1.528215 -0.000001 0.000000 0.000000 0.000000 1.575956
    36 1.528217 -0.000001 0.000001 0.000000 0.000000 1.352604
    37 3.899459 -0.431805 -0.168223 0.093293 -0.006316 0.182573
    38 1.506962 0.000000 0.000002 0.000000 0.000000 1.708639
    39 1.506964 0.000001 -0.000001 0.000000 0.000000 1.310683
    40 3.915634 -0.278019 -1.402605 0.217310 -0.078619 0.205835
    41 1.333083 0.000001 0.000003 0.000000 0.000000 1.464281
    42 1.159202 0.000000 -0.000004 0.000000 0.000000 1.370013
    43 3.495615 0.355083 1.563391 1.582244 -0.018583 -3.126153
    44 -2.156468 1.809614 0.001208 0.000000 0.000000 0.000000
    45 -6.613107 1.564316 -0.031845 0.000000 0.000000 0.000000
  time 5
    0 0.928525 1.014336 -19.461068 0.000000 0.000000 -1.570792
    1 0.000000 0.000000 0.000002 -0.000086 -1.570451 -1.570709
    2 4.443615 -0.009642 0.000006 -0.000004 -0.000001 0.000796
    3 12.111412 -0.011446 0.000000 0.000000 0.000000 0.000000
    4 0.000010 0.011442 1.352402 -0.000014 -1.370796 3.140810
    5 6.078090 0.000001 -0.000005 -0.531509 1.219836 -0.541120
    6 13.446754 -0.000001 0.000001 0.000000 0.000000 -0.648458
    7 15.997000 0.000001 -0.000001 -1.683447 0.000000 0.000000
    8 1.885325 0.833276 -2.177876 -1.598016 0.698132 -0.000668
    9 1.506960 -0.000006 0.000000 0.000000 0.000000 -0.139626
    10 0.798348 0.000003 0.000000 0.000000 0.000000 -0.113446
    11 3.950302 -0.539875 -2.108871 -0.000806 0.157080 -0.000126
    12 1.545797 -0.000002 -0.000001 0.000000 0.000000 0.471239
    13 1.667398 0.000001 0.000007 0.000000 0.000000 0.436332
    14 3.899452 -0.475378 -1.170893 -0.000796 0.000000 0.000000
    15 1.528218 0.000003 0.000001 0.000000 0.000000 0.331613
    16 1.528216 -0.000001 -0.000003 0.000000 0.000000 0.479966
    17 3.899459 -0.431804 0.168223 -0.000796 0.000000 0.000000
    18 1.506968 0.000002 -0.000001 0.000000 0.000000 0.427606
    19 1.506962 -0.000001 0.000001 0.000000 0.000000 0.340339
    20 3.915634 -0.278020 1.402608 -0.000796 0.000000 0.000000
    21 1.333080 0.000000 -0.000001 0.000000 0.000000 0.637045
    22 1.159204 0.000000 -0.000002 0.000000 0.000000 0.218166
    23 18.209354 8.207681 -0.352298 -1.582244 0.018583 -3.126150
    24 0.000009 0.011450 -1.352403 -0.000014 1.370796 3.140783
    25 6.078084 0.000001 0.000003 1.122900 -0.817257 -1.217068
    26 13.446750 -0.000005 0.000000 0.000000 0.000000 -1.154924
    27 15.997000 -0.000002 0.000000 1.676135 -0.001579 0.263393
    28 1.885324 0.833275 2.177876 1.172048 -0.644525 0.438889
    29 1.506966 -0.000005 0.000000 0.000000 0.000000 -0.436329
    30 0.798348 -0.000001 -0.000001 0.000000 0.000000 -0.507867
    31 3.950306 -0.539875 2.108876 0.012323 0.110212 -0.171410
    32 1.545797 -0.000001 -0.000008 0.000000 0.000000 0.513113
    33 1.667400 -0.000002 0.000008 0.000000 0.000000 0.785377
    34 3.899460 -0.475376 1.170891 -0.037591 0.101270 -0.055752
    35 1.528215 -0.000001 0.000000 0.000000 0.000000 1.575956
    36 1.528217 -0.000001 0.000001 0.000000 0.000000 1.352577
    37 3.899459 -0.431805 -0.168223 0.093293 -0.006316 0.182573
    38 1.506962 0.000000 0.000002 0.000000 0.000000 1.708639
    39 1.506964 0.000001 -0.000001 0.000000 0.000000 1.310683
    40 3.915634 -0.278019 -1.402605 0.217310 -0.078619 0.205835
    41 1.333083 0.000001 0.000003 0.000000 0.000000 1.464281
    42 1.159202 0.000000 -0.000004 0.000000 0.000000 1.370013
    43 3.495615 0.351176 1.563391 1.582244 -0.018583 -3.126153
    44 -2.156468 1.809614 0.001208 0.000000 0.000000 0.000000
    45 -6.613107 1.564316 -0.031845 0.000000 0.000000 0.000000
  time 6
    0 0.928525 1.014336 -19.461068 0.000000 0.000000 -1.570792
    1 0.000000 0.000000 0.000002 -0.000086 -1.570451 -1.570709
    2 4.443615 -0.009642 0.000006 -0.000004 -0.000001 0.000796
    3 12.111412 -0.011446 0.000000 0.000000 0.000000 0.000000
    4 0.000010 0.011442 1.352402 -0.000014 -1.370796 3.140810
    5 6.078090 0.000001 -0.000005 -0.531509 1.219836 -0.541120
    6 13.446754 -0.000001 0.000001 0.000000 0.000000 -0.648458
    7 15.997000 0.000001 -0.000001 -1.683447 0.000000 0.000000
    8 1.885325 0.833276 -2.177876 -1.598016 0.698132 -0.000668
    9 1.506960 -0.000006 0.000000 0.000000 0.000000 -0.139626
    10 0.798348 0.000003 0.000000 0.000000 0.000000 -0.113446
    11 3.950302 -0.539875 -2.108871 -0.000806 0.157080 -0.000126
    12 1.545797 -0.000002 -0.000001 0.000000 0.000000 0.471239
    13 1.667398 0.000001 0.000007 0.000000 0.000000 0.436332
    14 3.899452 -0.475378 -1.170893 -0.000796 0.000000 0.000000
    15 1.528218 0.000003 0.000001 0.000000 0.000000 0.331613
    16 1.528216 -0.000001 -0.000003 0.000000 0.000000 0.479966
    17 3.899459 -0.431804 0.168223 -0.000796 0.000000 0.000000
    18 1.506968 0.000002 -0.000001 0.000000 0.000000 0.427606
    19 1.506962 -0.000001 0.000001 0.000000 0.000000 0.340339
    20 3.915634 -0.278020 1.402608 -0.000796 0.000000 0.000000
    21 1.333080 0.000000 -0.000001 0.000000 0.000000 0.637045
    22 1.159204 0.000000 -0.000002 0.000000 0.000000 0.218166
    23 18.209354 8.207681 -0.352298 -1.582244 0.018583 -3.126150
    24 0.000009 0.011450 -1.352403 -0.000014 1.370796 3.140783
    25 6.078084 0.000001 0.000003 1.122886 -0.817323 -1.217026
    26 13.446750 -0.000005 0.000000 0.000000 0.000000 -1.154972
    27 15.997000 -0.000002 0.000000 1.677394 -0.001579 0.263417
    28 1.885324 0.833275 2.177876 1.172048 -0.644525 0.438889
    29 1.506966 -0.000005 0.000000 0.000000 0.000000 -0.436329
    30 0.798348 -0.000001 -0.000001 0.000000 0.000000 -0.507867
    31 3.950306 -0.539875 2.108876 0.012323 0.110212 -0.171410
    32 1.545797 -0.000001 -0.000008 0.000000 0.000000 0.513113
    33 1.667400 -0.000002 0.000008 0.000000 0.000000 0.785377
    34 3.899460 -0.475376 1.170891 -0.037591 0.101270 -0.055752
    35 1.528215 -0.000001 0.000000 0.000000 0.000000 1.575956
    36 1.528217 -0.000001 0.000001 0.000000 0.000000 1.352577
    37 3.899459 -0.431805 -0.168223 0.093293 -0.006316 0.182573
    38 1.506962 0.000000 0.000002 0.000000 0.000000 1.708639
    39 1.506964 0.000001 -0.000001 0.000000 0.000000 1.310683
    40 3.915634 -0.278019 -1.402605 0.217310 -0.078619 0.205835
    41 1.333083 0.000001 0.000003 0.000000 0.000000 1.464281
    42 1.159202 0.000000 -0.000004 0.000000 0.000000 1.370013
    43 3.495615 0.351176 1.563391 1.582244 -0.018583 -3.126153
    44 -2.156468 1.809614 0.001208 0.000000 0.000000 0.000000
    45 -6.613107 1.564316 -0.031845 0.000000 0.000000 0.000000
  time 7
    0 0.928525 1.014336 -19.461068 0.000000 0.000000 -1.570792
    1 0.000000 0.000000 0.000002 -0.000086 -1.570451 -1.570709
    2 4.443615 -0.009642 0.000006 -0.000004 -0.000001 0.000796
    3 12.111412 -0.011446 0.000000 0.000000 0.000000 0.000000
    4 0.000010 0.011442 1.352402 -0.000014 -1.370796 3.140810
    5 6.078090 0.000001 -0.000005 -0.531509 1.219836 -0.541120
    6 13.446754 -0.000001 0.000001 0.000000 0.000000 -0.648458
    7 15.997000 0.000001 -0.000001 -1.683447 0.000000 0.000000
    8 1.885325 0.833276 -2.177876 -1.598016 0.698132 -0.000668
    9 1.506960 -0.000006 0.000000 0.000000 0.000000 -0.139626
    10 0.798348 0.000003 0.000000 0.000000 0.000000 -0.113446
    11 3.950302 -0.539875 -2.108871 -0.000806 0.157080 -0.000126
    12 1.545797 -0.000002 -0.000001 0.000000 0.000000 0.471239
    13 1.667398 0.000001 0.000007 0.000000 0.000000 0.436332
    14 3.899452 -0.475378 -1.170893 -0.000796 0.000000 0.000000
    15 1.528218 0.000003 0.000001 0.000000 0.000000 0.331613
    16 1.528216 -0.000001 -0.000003 0.000000 0.000000 0.479966
    17 3.899459 -0.431804 0.168223 -0.000796 0.000000 0.000000
    18 1.506968 0.000002 -0.000001 0.000000 0.000000 0.427606
    19 1.506962 -0.000001 0.000001 0.000000 0.000000 0.340339
    20 3.915634 -0.278020 1.402608 -0.000796 0.000000 0.000000
    21 1.333080 0.000000 -0.000001 0.000000 0.000000 0.637045
    22 1.159204 0.000000 -0.000002 0.000000 0.000000 0.218166
    23 18.209354 8.207681 -0.352298 -1.582244 0.018583 -3.126150
    24 0.000009 0.011450 -1.352403 -0.000014 1.370796 3.140783
    25 6.078084 0.000001 0.000003 1.122844 -0.817356 -1.217005
    26 13.446750 -0.000005 0.000000 0.000000 0.000000 -1.155068
    27 15.997000 -0.000002 0.000000 1.678460 -0.001579 0.263417
    28 1.885324 0.833275 2.177876 1.172048 -0.644525 0.438889
    29 1.506966 -0.000005 0.000000 0.000000 0.000000 -0.436329
    30 0.798348 -0.000001 -0.000001 0.000000 0.000000 -0.507867
    31 3.950306 -0.539875 2.108876 0.012323 0.110212 -0.171410
    32 1.545797 -0.000001 -0.000008 0.000000 0.000000 0.513113
    33 1.667400 -0.000002 0.000008 0.000000 0.000000 0.785377
    34 3.899460 -0.475376 1.170891 -0.037591 0.101270 -0.055752
    35 1.528215 -0.000001 0.000000 0.000000 0.000000 1.575956
    36 1.528217 -0.000001 0.000001 0.000000 0.000000 1.352604
    37 3.899459 -0.431805 -0.168223 0.093293 -0.006316 0.182573
    38 1.506962 0.000000 0.000002 0.000000 0.000000 1.708639
    39 1.506964 0.000001 -0.000001 0.000000 0.000000 1.310683
    40 3.915634 -0.278019 -1.402605 0.217310 -0.078619 0.205835
    41 1.333083 0.000001 0.000003 0.000000 0.000000 1.464281
    42 1.159202 0.000000 -0.000004 0.000000 0.000000 1.370013
    43 3.495615 0.351176 1.563391 1.582244 -0.018583 -3.126153
    44 -2.156468 1.809614 0.001208 0.000000 0.000000 0.000000
    45 -6.613107 1.564316 -0.031845 0.000000 0.000000 0.000000
  time 8
    0 0.928525 1.014336 -19.461068 0.000000 0.000000 -1.570792
    1 0.000000 0.000000 0.000002 -0.000086 -1.570451 -1.570709
    2 4.443615 -0.009642 0.000006 -0.000004 -0.000001 0.000796
    3 12.111412 -0.011446 0.000000 0.000000 0.000000 0.000000
    4 0.000010 0.011442 1.352402 -0.000014 -1.370796 3.140810
    5 6.078090 0.000001 -0.000005 -0.531509 1.219836 -0.541120
    6 13.446754 -0.000001 0.000001 0.000000 0.000000 -0.648458
    7 15.997000 0.000001 -0.000001 -1.683447 0.000000 0.000000
    8 1.885325 0.833276 -2.177876 -1.598016 0.698132 -0.000668
    9 1.506960 -0.000006 0.000000 0.000000 0.000000 -0.139626
    10 0.798348 0.000003 0.000000 0.000000 0.000000 -0.113446
    11 3.950302 -0.539875 -2.108871 -0.000806 0.157080 -0.000126
    12 1.545797 -0.000002 -0.000001 0.000000 0.000000 0.471239
    13 1.667398 0.000001 0.000007 0.000000 0.000000 0.436332
    14 3.899452 -0.475378 -1.170893 -0.000796 0.000000 0.000000
    15 1.528218 0.000003 0.000001 0.000000 0.000000 0.331613
    16 1.528216 -0.000001 -0.000003 0.000000 0.000000 0.479966
    17 3.899459 -0.431804 0.168223 -0.000796 0.000000 0.000000
    18 1.506968 0.000002 -0.000001 0.000000 0.000000 0.427606
    19 1.506962 -0.000001 0.000001 0.000000 0.000000 0.340339
    20 3.915634 -0.278020 1.402608 -0.000796 0.000000 0.000000
    21 1.333080 0.000000 -0.000001 0.000000 0.000000 0.637045
    22 1.159204 0.000000 -0.000002 0.000000 0.000000 0.218166
    23 18.209354 8.207681 -0.352298 -1.582244 0.018583 -3.126150
    24 0.000009 0.011450 -1.352403 -0.000014 1.370796 3.140783
    25 6.078084 0.000001 0.000003 1.122830 -0.817422 -1.216963
    26 13.446750 -0.000005 0.000000 0.000000 0.000000 -1.155116
    27 15.997000 -0.000002 0.000000 1.679299 -0.001579 0.263393
    28 1.885324 0.833275 2.177876 1.172048 -0.644525 0.438889
    29 1.506966 -0.000005 0.000000 0.000000 0.000000 -0.436329
    30 0.798348 -0.000001 -0.000001 0.000000 0.000000 -0.507867
    31 3.950306 -0.539875 2.108876 0.012323 0.110212 -0.171410
    32 1.545797 -0.000001 -0.000008 0.000000 0.000000 0.513113
    33 1.667400 -0.000002 0.000008 0.000000 0.000000 0.785377
    34 3.899460 -0.475376 1.170891 -0.037591 0.101270 -0.055752
    35 1.528215 -0.000001 0.000000 0.000000 0.000000 1.575956
    36 1.528217 -0.000001 0.000001 0.000000 0.000000 1.352577
    37 3.899459 -0.431805 -0.168223 0.093305 -0.006316 0.182573
    38 1.506962 0.000000 0.000002 0.000000 0.000000 1.708639
    39 1.506964 0.000001 -0.000001 0.000000 0.000000 1.310683
    40 3.915634 -0.278019 -1.402605 0.217310 -0.078619 0.205835
    41 1.333083 0.000001 0.000003 0.000000 0.000000 1.464281
    42 1.159202 0.000000 -0.000004 0.000000 0.000000 1.370013
    43 3.495615 0.351176 1.563391 1.582244 -0.018583 -3.126153
    44 -2.156468 1.809614 0.001208 0.000000 0.000000 0.000000
    45 -6.613107 1.564316 -0.031845 0.000000 0.000000 0.000000
  time 9
    0 0.928525 1.014336 -19.461068 0.000000 0.000000 -1.570792
    1 0.000000 0.000000 0.000002 -0.000086 -1.570451 -1.570709
    2 4.443615 -0.009642 0.000006 -0.000004 -0.000001 0.000796
    3 12.111412 -0.011446 0.000000 0.000000 0.000000 0.000000
    4 0.000010 0.011442 1.352402 -0.000014 -1.370796 3.140810
    5 6.078090 0.000001 -0.000005 -0.531509 1.219836 -0.541120
    6 13.446754 -0.000001 0.000001 0.000000 0.000000 -0.648458
    7 15.997000 0.000001 -0.000001 -1.683447 0.000000 0.000000
    8 1.885325 0.833276 -2.177876 -1.598016 0.698132 -0.000668
    9 1.506960 -0.000006 0.000000 0.000000 0.000000 -0.139626
    10 0.798348 0.000003 0.000000 0.000000 0.000000 -0.113446
    11 3.950302 -0.539875 -2.108871 -0.000806 0.157080 -0.000126
    12 1.545797 -0.000002 -0.000001 0.000000 0.000000 0.471239
    13 1.667398 0.000001 0.000007 0.000000 0.000000 0.436332
    14 3.899452 -0.475378 -1.170893 -0.000796 0.000000 0.000000
    15 1.528218 0.000003 0.000001 0.000000 0.000000 0.331613
    16 1.528216 -0.000001 -0.000003 0.000000 0.000000 0.479966
    17 3.899459 -0.431804 0.168223 -0.000796 0.000000 0.000000
    18 1.506968 0.000002 -0.000001 0.000000 0.000000 0.427606
    19 1.506962 -0.000001 0.000001 0.000000 0.000000 0.340339
    20 3.915634 -0.278020 1.402608 -0.000796 0.000000 0.000000
    21 1.333080 0.000000 -0.000001 0.000000 0.000000 0.637045
    22 1.159204 0.000000 -0.000002 0.000000 0.000000 0.218166
    23 18.209354 8.207681 -0.352298 -1.582244 0.018583 -3.126150
    24 0.000009 0.011450 -1.352403 -0.000014 1.370796 3.140783
    25 6.078084 0.000001 0.000003 1.122817 -0.817455 -1.216942
    26 13.446750 -0.000005 0.000000 0.000000 0.000000 -1.155164
    27 15.997000 -0.000002 0.000000 1.679863 -0.001556 0.263345
    28 1.885324 0.833275 2.177876 1.172048 -0.644537 0.438889
    29 1.506966 -0.000005 0.000000 0.000000 0.000000 -0.436329
    30 0.798348 -0.000001 -0.000001 0.000000 0.000000 -0.507867
    31 3.950306 -0.539875 2.108876 0.012323 0.110212 -0.171410
    32 1.545797 -0.000001 -0.000008 0.000000 0.000000 0.513113
    33 1.667400 -0.000002 0.000008 0.000000 0.000000 0.785377
    34 3.899460 -0.475376 1.170891 -0.037591 0.101270 -0.055752
    35 1.528215 -0.000001 0.000000 0.000000 0.000000 1.575956
    36 1.528217 -0.000001 0.000001 0.000000 0.000000 1.352604
    37 3.899459 -0.431805 -0.168223 0.093293 -0.006316 0.182573
    38 1.506962 0.000000 0.000002 0.000000 0.000000 1.708600
    39 1.506964 0.000001 -0.000001 0.000000 0.000000 1.310683
    40 3.915634 -0.278019 -1.402605 0.217310 -0.078619 0.205835
    41 1.333083 0.000001 0.000003 0.000000 0.000000 1.464281
    42 1.159202 0.000000 -0.000004 0.000000 0.000000 1.370013
    43 3.495615 0.351176 1.563391 1.582244 -0.018583 -3.126153
    44 -2.156468 1.809614 0.001208 0.000000 0.000000 0.000000
    45 -6.613107 1.564316 -0.031845 0.000000 0.000000 0.000000
  time 10
    0 0.928525 1.014336 -19.461068 0.000000 0.000000 -1.570792
    1 0.000000 0.000000 0.000002 -0.000086 -1.570451 -1.570709
    2 4.443615 -0.009642 0.000006 -0.000004 -0.000001 0.000796
    3 12.111412 -0.011446 0.000000 0.000000 0.000000 0.000000
    4 0.000010 0.011442 1.352402 -0.000014 -1.370796 3.140810
    5 6.078090 0.000001 -0.000005 -0.531509 1.219836 -0.541120
    6 13.446754 -0.000001 0.000001 0.000000 0.000000 -0.648458
    7 15.997000 0.000001 -0.000001 -1.683447 0.000000 0.000000
    8 1.885325 0.833276 -2.177876 -1.598016 0.698132 -0.000668
    9 1.506960 -0.000006 0.000000 0.000000 0.000000 -0.139626
    10 0.798348 0.000003 0.000000 0.000000 0.000000 -0.113446
    11 3.950302 -0.539875 -2.108871 -0.000806 0.157080 -0.000126
    12 1.545797 -0.000002 -0.000001 0.000000 0.000000 0.471239
    13 1.667398 0.000001 0.000007 0.000000 0.000000 0.436332
    14 3.899452 -0.475378 -1.170893 -0.000796 0.000000 0.000000
    15 1.528218 0.000003 0.000001 0.000000 0.000000 0.331613
    16 1.528216 -0.000001 -0.000003 0.000000 0.000000 0.479966
    17 3.899459 -0.431804 0.168223 -0.000796 0.000000 0.000000
    18 1.506968 0.000002 -0.000001 0.000000 0.000000 0.427606
    19 1.506962 -0.000001 0.000001 0.000000 0.000000 0.340339
    20 3.915634 -0.278020 1.402608 -0.000796 0.000000 0.000000
    21 1.333080 0.000000 -0.000001 0.000000 0.000000 0.637045
    22 1.159204 0.000000 -0.000002 0.000000 0.000000 0.218166
    23 18.209354 8.207681 -0.352298 -1.582244 0.018583 -3.126150
    24 0.000009 0.011450 -1.352403 -0.000014 1.370796 3.140783
    25 6.078084 0.000001 0.000003 1.122775 -0.817520 -1.216900
    26 13.446750 -0.000005 0.000000 0.000000 0.000000 -1.155261
    27 15.997000 -0.000002 0.000000 1.680066 -0.001556 0.263226
    28 1.885324 0.833275 2.177876 1.172048 -0.644537 0.438889
    29 1.506966 -0.000005 0.000000 0.000000 0.000000 -0.436329
    30 0.798348 -0.000001 -0.000001 0.000000 0.000000 -0.507867
    31 3.950306 -0.539875 2.108876 0.012323 0.110212 -0.171410
    32 1.545797 -0.000001 -0.000008 0.000000 0.000000 0.513113
    33 1.667400 -0.000002 0.000008 0.000000 0.000000 0.785377
    34 3.899460 -0.475376 1.170891 -0.037591 0.101270 -0.055752
    35 1.528215 -0.000001 0.000000 0.000000 0.000000 1.575956
    36 1.528217 -0.000001 0.000001 0.000000 0.000000 1.352577
    37 3.899459 -0.431805 -0.168223 0.093293 -0.006316 0.182573
    38 1.506962 0.000000 0.000002 0.000000 0.000000 1.708639
    39 1.506964 0.000001 -0.000001 0.000000 0.000000 1.310683
    40 3.915634 -0.278019 -1.402605 0.217310 -0.078619 0.205835
    41 1.333083 0.000001 0.000003 0.000000 0.000000 1.464281
    42 1.159202 0.000000 -0.000004 0.000000 0.000000 1.370013
    43 3.495615 0.351176 1.563391 1.582244 -0.018583 -3.126153
    44 -2.156468 1.809614 0.001208 0.000000 0.000000 0.000000
    45 -6.613107 1.564316 -0.031845 0.000000 0.000000 0.000000
  time 11
    0 0.928525 1.014336 -19.461068 0.000000 0.000000 -1.570792
    1 0.000000 0.000000 0.000002 -0.000086 -1.570451 -1.570709
    2 4.443615 -0.009642 0.000006 -0.000004 -0.000001 0.000796
    3 12.111412 -0.011446 0.000000 0.000000 0.000000 0.000000
    4 0.000010 0.011442 1.352402 -0.000014 -1.370796 3.140810
    5 6.078090 0.000001 -0.000005 -0.531509 1.219836 -0.541120
    6 13.446754 -0.000001 0.000001 0.000000 0.000000 -0.648458
    7 15.997000 0.000001 -0.000001 -1.683447 0.000000 0.000000
    8 1.885325 0.833276 -2.177876 -1.598016 0.698132 -0.000668
    9 1.506960 -0.000006 0.000000 0.000000 0.000000 -0.139626
    10 0.798348 0.000003 0.000000 0.000000 0.000000 -0.113446
    11 3.950302 -0.539875 -2.108871 -0.000806 0.157080 -0.000126
    12 1.545797 -0.000002 -0.000001 0.000000 0.000000 0.471239
    13 1.667398 0.000001 0.000007 0.000000 0.000000 0.436332
    14 3.899452 -0.475378 -1.170893 -0.000796 0.000000 0.000000
    15 1.528218 0.000003 0.000001 0.000000 0.000000 0.331613
    16 1.528216 -0.000001 -0.000003 0.000000 0.000000 0.479966
    17 3.899459 -0.431804 0.168223 -0.000796 0.000000 0.000000
    18 1.506968 0.000002 -0.000001 0.000000 0.000000 0.427606
    19 1.506962 -0.000001 0.000001 0.000000 0.000000 0.340339
    20 3.915634 -0.278020 1.402608 -0.000796 0.000000 0.000000
    21 1.333080 0.000000 -0.000001 0.000000 0.000000 0.637045
    22 1.159204 0.000000 -0.000002 0.000000 0.000000 0.218166
    23 18.209354 8.207681 -0.352298 -1.582244 0.018583 -3.126150
    24 0.000009 0.011450 -1.352403 -0.000014 1.370796 3.140783
    25 6.078084 0.000001 0.000003 1.122761 -0.817553 -1.216879
    26 13.446750 -0.000005 0.000000 0.000000 0.000000 -1.155309
    27 15.997000 -0.000002 0.000000 1.680042 -0.001556 0.263083
    28 1.885324 0.833275 2.177876 1.172048 -0.644525 0.438889
    29 1.506966 -0.000005 0.000000 0.000000 0.000000 -0.436329
    30 0.798348 -0.000001 -0.000001 0.000000 0.000000 -0.507867
    31 3.950306 -0.539875 2.108876 0.012323 0.110212 -0.171410
    32 1.545797 -0.000001 -0.000008 0.000000 0.000000 0.513113
    33 1.667400 -0.000002 0.000008 0.000000 0.000000 0.785377
    34 3.899460 -0.475376 1.170891 -0.037591 0.101270 -0.055752
    35 1.528215 -0.000001 0.000000 0.000000 0.000000 1.575956
    36 1.528217 -0.000001 0.000001 0.000000 0.000000 1.352577
    37 3.899459 -0.431805 -0.168223 0.093293 -0.006316 0.182573
    38 1.506962 0.000000 0.000002 0.000000 0.000000 1.708600
    39 1.506964 0.000001 -0.000001 0.000000 0.000000 1.310683
    40 3.915634 -0.278019 -1.402605 0.217310 -0.078619 0.205835
    41 1.333083 0.000001 0.000003 0.000000 0.000000 1.464281
    42 1.159202 0.000000 -0.000004 0.000000 0.000000 1.370013
    43 3.495615 0.351176 1.563391 1.582244 -0.018583 -3.126153
    44 -2.156468 1.809614 0.001208 0.000000 0.000000 0.000000
    45 -6.613107 1.564316 -0.031845 0.000000 0.000000 0.000000
  time 12
    0 0.928525 1.014336 -19.461068 0.000000 0.000000 -1.570792
    1 0.000000 0.000000 0.000002 -0.000086 -1.570451 -1.570709
    2 4.443615 -0.009642 0.000006 -0.000004 -0.000001 0.000796
    3 12.111412 -0.011446 0.000000 0.000000 0.000000 0.000000
    4 0.000010 0.011442 1.352402 -0.000014 -1.370796 3.140810
    5 6.078090 0.000001 -0.000005 -0.531509 1.219836 -0.541120
    6 13.446754 -0.000001 0.000001 0.000000 0.000000 -0.648458
    7 15.997000 0.000001 -0.000001 -1.683447 0.000000 0.000000
    8 1.885325 0.833276 -2.177876 -1.598016 0.698132 -0.000668
    9 1.506960 -0.000006 0.000000 0.000000 0.000000 -0.139626
    10 0.798348 0.000003 0.000000 0.000000 0.000000 -0.113446
    11 3.950302 -0.539875 -2.108871 -0.000806 0.157080 -0.000126
    12 1.545797 -0.000002 -0.000001 0.000000 0.000000 0.471239
    13 1.667398 0.000001 0.000007 0.000000 0.000000 0.436332
    14 3.899452 -0.475378 -1.170893 -0.000796 0.000000 0.000000
    15 1.528218 0.000003 0.000001 0.000000 0.000000 0.331613
    16 1.528216 -0.000001 -0.000003 0.000000 0.000000 0.479966
    17 3.899459 -0.431804 0.168223 -0.000796 0.000000 0.000000
    18 1.506968 0.000002 -0.000001 0.000000 0.000000 0.427606
    19 1.506962 -0.000001 0.000001 0.000000 0.000000 0.340339
    20 3.915634 -0.278020 1.402608 -0.000796 0.000000 0.000000
    21 1.333080 0.000000 -0.000001 0.000000 0.000000 0.637045
    22 1.159204 0.000000 -0.000002 0.000000 0.000000 0.218166
    23 18.209354 8.207681 -0.352298 -1.582244 0.018583 -3.126150
    24 0.000009 0.011450 -1.352403 -0.000014 1.370796 3.140783
    25 6.078084 0.000001 0.000003 1.122748 -0.817619 -1.216837
    26 13.446750 -0.000005 0.000000 0.000000 0.000000 -1.155357
    27 15.997000 -0.000002 0.000000 1.680006 -0.001556 0.262940
    28 1.885324 0.833275 2.177876 1.172048 -0.644525 0.438889
    29 1.506966 -0.000005 0.000000 0.000000 0.000000 -0.436329
    30 0.798348 -0.000001 -0.000001 0.000000 0.000000 -0.507879
    31 3.950306 -0.539875 2.108876 0.012323 0.110212 -0.171410
    32 1.545797 -0.000001 -0.000008 0.000000 0.000000 0.513113
    33 1.667400 -0.000002 0.000008 0.000000 0.000000 0.785377
    34 3.899460 -0.475376 1.170891 -0.037591 0.101270 -0.055752
    35 1.528215 -0.000001 0.000000 0.000000 0.000000 1.575956
    36 1.528217 -0.000001 0.000001 0.000000 0.000000 1.352577
    37 3.899459 -0.431805 -0.168223 0.093293 -0.006316 0.182573
    38 1.506962 0.000000 0.000002 0.000000 0.000000 1.708639
    39 1.506964 0.000001 -0.000001 0.000000 0.000000 1.310683
    40 3.915634 -0.278019 -1.402605 0.217310 -0.078619 0.205835
    41 1.333083 0.000001 0.000003 0.000000 0.000000 1.464281
    42 1.159202 0.000000 -0.000004 0.000000 0.000000 1.370013
    43 3.495615 0.351176 1.563391 1.582244 -0.018583 -3.126153
    44 -2.156468 1.809614 0.001208 0.000000 0.000000 0.000000
    45 -6.613107 1.564316 -0.031845 0.000000 0.000000 0.000000
  time 13
    0 0.928525 1.014336 -19.461068 0.000000 0.000000 -1.570792
    1 0.000000 0.000000 0.000002 -0.000086 -1.570451 -1.570709
    2 4.443615 -0.009642 0.000006 -0.000004 -0.000001 0.000796
    3 12.111412 -0.011446 0.000000 0.000000 0.000000 0.000000
    4 0.000010 0.011442 1.352402 -0.000014 -1.370796 3.140810
    5 6.078090 0.000001 -0.000005 -0.531509 1.219836 -0.541120
    6 13.446754 -0.000001 0.000001 0.000000 0.000000 -0.648458
    7 15.997000 0.000001 -0.000001 -1.683447 0.000000 0.000000
    8 1.885325 0.833276 -2.177876 -1.598016 0.698132 -0.000668
    9 1.506960 -0.000006 0.000000 0.000000 0.000000 -0.139626
    10 0.798348 0.000003 0.000000 0.000000 0.000000 -0.113446
    11 3.950302 -0.539875 -2.108871 -0.000806 0.157080 -0.000126
    12 1.545797 -0.000002 -0.000001 0.000000 0.000000 0.471239
    13 1.667398 0.000001 0.000007 0.000000 0.000000 0.436332
    14 3.899452 -0.475378 -1.170893 -0.000796 0.000000 0.000000
    15 1.528218 0.000003 0.000001 0.000000 0.000000 0.331613
    16 1.528216 -0.000001 -0.000003 0.000000 0.000000 0.479966
    17 3.899459 -0.431804 0.168223 -0.000796 0.000000 0.000000
    18 1.506968 0.000002 -0.000001 0.000000 0.000000 0.427606
    19 1.506962 -0.000001 0.000001 0.000000 0.000000 0.340339
    20 3.915634 -0.278020 1.402608 -0.000796 0.000000 0.000000
    21 1.333080 0.000000 -0.000001 0.000000 0.000000 0.637045
    22 1.159204 0.000000 -0.000002 0.000000 0.000000 0.218166
    23 18.209354 8.207681 -0.352298 -1.582244 0.018583 -3.126150
    24 0.000009 0.011450 -1.352403 -0.000014 1.370796 3.140783
    25 6.078084 0.000001 0.000003 1.122706 -0.817652 -1.216816
    26 13.446750 -0.000005 0.000000 0.000000 0.000000 -1.155405
    27 15.997000 -0.000002 0.000000 1.679935 -0.001533 0.262773
    28 1.885324 0.833275 2.177876 1.172048 -0.644525 0.438889
    29 1.506966 -0.000005 0.000000 0.000000 0.000000 -0.436329
    30 0.798348 -0.000001 -0.000001 0.000000 0.000000 -0.507867
    31 3.950306 -0.539875 2.108876 0.012323 0.110212 -0.171410
    32 1.545797 -0.000001 -0.000008 0.000000 0.000000 0.513113
    33 1.667400 -0.000002 0.000008 0.000000 0.000000 0.785377
    34 3.899460 -0.475376 1.170891 -0.037591 0.101270 -0.055752
    35 1.528215 -0.000001 0.000000 0.000000 0.000000 1.575956
    36 1.528217 -0.000001 0.000001 0.000000 0.000000 1.352577
    37 3.899459 -0.431805 -0.168223 0.093293 -0.006316 0.182573
    38 1.506962 0.000000 0.000002 0.000000 0.000000 1.708639
    39 1.506964 0.000001 -0.000001 0.000000 0.000000 1.310683
    40 3.915634 -0.278019 -1.402605 0.217310 -0.078619 0.205835
    41 1.333083 0.000001 0.000003 0.000000 0.000000 1.464281
    42 1.159202 0.000000 -0.000004 0.000000 0.000000 1.370013
    43 3.495615 0.351176 1.563391 1.582244 -0.018583 -3.126153
    44 -2.156468 1.809614 0.001208 0.000000 0.000000 0.000000
    45 -6.613107 1.564316 -0.031845 0.000000 0.000000 0.000000
  time 14
    0 0.928525 1.014336 -19.461068 0.000000 0.000000 -1.570792
    1 0.000000 0.000000 0.000002 -0.000086 -1.570451 -1.570709
    2 4.443615 -0.009642 0.000006 -0.000004 -0.000001 0.000796
    3 12.111412 -0.011446 0.000000 0.000000 0.000000 0.000000
    4 0.000010 0.011442 1.352402 -0.000014 -1.370796 3.140810
    5 6.078090 0.000001 -0.000005 -0.531509 1.219836 -0.541120
    6 13.446754 -0.000001 0.000001 0.000000 0.000000 -0.648458
    7 15.997000 0.000001 -0.000001 -1.683447 0.000000 0.000000
    8 1.885325 0.833276 -2.177876 -1.598016 0.698132 -0.000668
    9 1.506960 -0.000006 0.000000 0.000000 0.000000 -0.139626
    10 0.798348 0.000003 0.000000 0.000000 0.000000 -0.113446
    11 3.950302 -0.539875 -2.108871 -0.000806 0.157080 -0.000126
    12 1.545797 -0.000002 -0.000001 0.000000 0.000000 0.471239
    13 1.667398 0.000001 0.000007 0.000000 0.000000 0.436332
    14 3.899452 -0.475378 -1.170893 -0.000796 0.000000 0.000000
    15 1.528218 0.000003 0.000001 0.000000 0.000000 0.331613
    16 1.528216 -0.000001 -0.000003 0.000000 0.000000 0.479966
    17 3.899459 -0.431804 0.168223 -0.000796 0.000000 0.000000
    18 1.506968 0.000002 -0.000001 0.000000 0.000000 0.427606
    19 1.506962 -0.000001 0.000001 0.000000 0.000000 0.340339
    20 3.915634 -0.278020 1.402608 -0.000796 0.000000 0.000000
    21 1.333080 0.000000 -0.000001 0.000000 0.000000 0.637045
    22 1.159204 0.000000 -0.000002 0.000000 0.000000 0.218166
    23 18.209354 8.207681 -0.352298 -1.582244 0.018583 -3.126150
    24 0.000009 0.011450 -1.352403 -0.000014 1.370796 3.140783
    25 6.078084 0.000001 0.000003 1.122679 -0.817717 -1.216774
    26 13.446750 -0.000005 0.000000 0.000000 0.000000 -1.155453
    27 15.997000 -0.000002 0.000000 1.679851 -0.001510 0.262606
    28 1.885324 0.833275 2.177876 1.172048 -0.644537 0.438889
    29 1.506966 -0.000005 0.000000 0.000000 0.000000 -0.436329
    30 0.798348 -0.000001 -0.000001 0.000000 0.000000 -0.507867
    31 3.950306 -0.539875 2.108876 0.012323 0.110212 -0.171410
    32 1.545797 -0.000001 -0.000008 0.000000 0.000000 0.513113
    33 1.667400 -0.000002 0.000008 0.000000 0.000000 0.785377
    34 3.899460 -0.475376 1.170891 -0.037591 0.101270 -0.055752
    35 1.528215 -0.000001 0.000000 0.000000 0.000000 1.575956
    36 1.528217 -0.000001 0.000001 0.000000 0.000000 1.352577
    37 3.899459 -0.431805 -0.168223 0.093293 -0.006316 0.182573
    38 1.506962 0.000000 0.000002 0.000000 0.000000 1.708639
    39 1.506964 0.000001 -0.000001 0.000000 0.000000 1.310683
    40 3.915634 -0.278019 -1.402605 0.217310 -0.078619 0.205835
    41 1.333083 0.000001 0.000003 0.000000 0.000000 1.464281
    42 1.159202 0.000000 -0.000004 0.000000 0.000000 1.370013
    43 3.495615 0.351176 1.563391 1.582244 -0.018583 -3.126153
    44 -2.156468 1.809614 0.001208 0.000000 0.000000 0.000000
    45 -6.613107 1.564316 -0.031845 0.000000 0.000000 0.000000
  time 15
    0 0.928525 1.014336 -19.461068 0.000000 0.000000 -1.570792
    1 0.000000 0.000000 0.000002 -0.000086 -1.570451 -1.570709
    2 4.443615 -0.009642 0.000006 -0.000004 -0.000001 0.000796
    3 12.111412 -0.011446 0.000000 0.000000 0.000000 0.000000
    4 0.000010 0.011442 1.352402 -0.000014 -1.370796 3.140810
    5 6.078090 0.000001 -0.000005 -0.531509 1.219836 -0.541120
    6 13.446754 -0.000001 0.000001 0.000000 0.000000 -0.648458
    7 15.997000 0.000001 -0.000001 -1.683447 0.000000 0.000000
    8 1.885325 0.833276 -2.177876 -1.598016 0.698132 -0.000668
    9 1.506960 -0.000006 0.000000 0.000000 0.000000 -0.139626
    10 0.798348 0.000003 0.000000 0.000000 0.000000 -0.113446
    11 3.950302 -0.539875 -2.108871 -0.000806 0.157080 -0.000126
    12 1.545797 -0.000002 -0.000001 0.000000 0.000000 0.471239
    13 1.667398 0.000001 0.000007 0.000000 0.000000 0.436332
    14 3.899452 -0.475378 -1.170893 -0.000796 0.000000 0.000000
    15 1.528218 0.000003 0.000001 0.000000 0.000000 0.331613
    16 1.528216 -0.000001 -0.000003 0.000000 0.000000 0.479966
    17 3.899459 -0.431804 0.168223 -0.000796 0.000000 0.000000
    18 1.506968 0.000002 -0.000001 0.000000 0.000000 0.427606
    19 1.506962 -0.000001 0.000001 0.000000 0.000000 0.340339
    20 3.915634 -0.278020 1.402608 -0.000796 0.000000 0.000000
    21 1.333080 0.000000 -0.000001 0.000000 0.000000 0.637045
    22 1.159204 0.000000 -0.000002 0.000000 0.000000 0.218166
    23 18.209354 8.207681 -0.352298 -1.582244 0.018583 -3.126150
    24 0.000009 0.011450 -1.352403 -0.000014 1.370796 3.140783
    25 6.078084 0.000001 0.000003 1.122665 -0.817783 -1.216732
    26 13.446750 -0.000005 0.000000 0.000000 0.000000 -1.155453
    27 15.997000 -0.000002 0.000000 1.679731 -0.001463 0.262440
    28 1.885324 0.833275 2.177876 1.172048 -0.644525 0.438889
    29 1.506966 -0.000005 0.000000 0.000000 0.000000 -0.436329
    30 0.798348 -0.000001 -0.000001 0.000000 0.000000 -0.507867
    31 3.950306 -0.539875 2.108876 0.012323 0.110212 -0.171410
    32 1.545797 -0.000001 -0.000008 0.000000 0.000000 0.513113
    33 1.667400 -0.000002 0.000008 0.000000 0.000000 0.785377
    34 3.899460 -0.475376 1.170891 -0.037591 0.101270 -0.055752
    35 1.528215 -0.000001 0.000000 0.000000 0.000000 1.575956
    36 1.528217 -0.000001 0.000001 0.000000 0.000000 1.352604
    37 3.899459 -0.431805 -0.168223 0.093293 -0.006316 0.182573
    38 1.506962 0.000000 0.000002 0.000000 0.000000 1.708639
    39 1.506964 0.000001 -0.000001 0.000000 0.000000 1.310683
    40 3.915634 -0.278019 -1.402605 0.217310 -0.078619 0.205835
    41 1.333083 0.000001 0.000003 0.000000 0.000000 1.464281
    42 1.159202 0.000000 -0.000004 0.000000 0.000000 1.370013
    43 3.495615 0.351176 1.563391 1.582244 -0.018583 -3.126153
    44 -2.156468 1.809614 0.001208 0.000000 0.000000 0.000000
    45 -6.613107 1.564316 -0.031845 0.000000 0.000000 0.000000
  time 16
    0 0.928525 1.014336 -19.461068 0.000000 0.000000 -1.570792
    1 0.000000 0.000000 0.000002 -0.000086 -1.570451 -1.570709
    2 4.443615 -0.009642 0.000006 -0.000004 -0.000001 0.000796
    3 12.111412 -0.011446 0.000000 0.000000 0.000000 0.000000
    4 0.000010 0.011442 1.352402 -0.000014 -1.370796 3.140810
    5 6.078090 0.000001 -0.000005 -0.531509 1.219836 -0.541120
    6 13.446754 -0.000001 0.000001 0.000000 0.000000 -0.648458
    7 15.997000 0.000001 -0.000001 -1.683447 0.000000 0.000000
    8 1.885325 0.833276 -2.177876 -1.598016 0.698132 -0.000668
    9 1.506960 -0.000006 0.000000 0.000000 0.000000 -0.139626
    10 0.798348 0.000003 0.000000 0.000000 0.000000 -0.113446
    11 3.950302 -0.539875 -2.108871 -0.000806 0.157080 -0.000126
    12 1.545797 -0.000002 -0.000001 0.000000 0.000000 0.471239
    13 1.667398 0.000001 0.000007 0.000000 0.000000 0.436332
    14 3.899452 -0.475378 -1.170893 -0.000796 0.000000 0.000000
    15 1.528218 0.000003 0.000001 0.000000 0.000000 0.331613
    16 1.528216 -0.000001 -0.000003 0.000000 0.000000 0.479966
    17 3.899459 -0.431804 0.168223 -0.000796 0.000000 0.000000
    18 1.506968 0.000002 -0.000001 0.000000 0.000000 0.427606
    19 1.506962 -0.000001 0.000001 0.000000 0.000000 0.340339
    20 3.915634 -0.278020 1.402608 -0.000796 0.000000 0.000000
    21 1.333080 0.000000 -0.000001 0.000000 0.000000 0.637045
    22 1.159204 0.000000 -0.000002 0.000000 0.000000 0.218166
    23 18.209354 8.207681 -0.352298 -1.582244 0.018583 -3.126150
    24 0.000009 0.011450 -1.352403 -0.000014 1.370796 3.140783
    25 6.078084 0.000001 0.000003 1.122623 -0.817816 -1.216690
    26 13.446750 -0.000005 0.000000 0.000000 0.000000 -1.155549
    27 15.997000 -0.000002 0.000000 1.679587 -0.001440 0.262249
    28 1.885324 0.833275 2.177876 1.172048 -0.644537 0.438889
    29 1.506966 -0.000005 0.000000 0.000000 0.000000 -0.436329
    30 0.798348 -0.000001 -0.000001 0.000000 0.000000 -0.507867
    31 3.950306 -0.539875 2.108876 0.012323 0.110212 -0.171410
    32 1.545797 -0.000001 -0.000008 0.000000 0.000000 0.513113
    33 1.667400 -0.000002 0.000008 0.000000 0.000000 0.785377
    34 3.899460 -0.475376 1.170891 -0.037591 0.101270 -0.055752
    35 1.528215 -0.000001 0.000000 0.000000 0.000000 1.575956
    36 1.528217 -0.000001 0.000001 0.000000 0.000000 1.352577
    37 3.899459 -0.431805 -0.168223 0.093293 -0.006316 0.182573
    38 1.506962 0.000000 0.000002 0.000000 0.000000 1.708639
    39 1.506964 0.000001 -0.000001 0.000000 0.000000 1.310683
    40 3.915634 -0.278019 -1.402605 0.217310 -0.078619 0.205835
    41 1.333083 0.000001 0.000003 0.000000 0.000000 1.464281
    42 1.159202 0.000000 -0.000004 0.000000 0.000000 1.370013
    43 3.495615 0.351176 1.563391 1.582244 -0.018583 -3.126153
    44 -2.156468 1.809614 0.001208 0.000000 0.000000 0.000000
    45 -6.613107 1.564316 -0.031845 0.000000 0.000000 0.000000
  time 17
    0 0.928525 1.014336 -19.461068 0.000000 0.000000 -1.570792
    1 0.000000 0.000000 0.000002 -0.000086 -1.570451 -1.570709
    2 4.443615 -0.009642 0.000006 -0.000004 -0.000001 0.000796
    3 12.111412 -0.011446 0.000000 0.000000 0.000000 0.000000
    4 0.000010 0.011442 1.352402 -0.000014 -1.370796 3.140810
    5 6.078090 0.000001 -0.000005 -0.531509 1.219836 -0.541120
    6 13.446754 -0.000001 0.000001 0.000000 0.000000 -0.648458
    7 15.997000 0.000001 -0.000001 -1.683447 0.000000 0.000000
    8 1.885325 0.833276 -2.177876 -1.598016 0.698132 -0.000668
    9 1.506960 -0.000006 0.000000 0.000000 0.000000 -0.139626
    10 0.798348 0.000003 0.000000 0.000000 0.000000 -0.113446
    11 3.950302 -0.539875 -2.108871 -0.000806 0.157080 -0.000126
    12 1.545797 -0.000002 -0.000001 0.000000 0.000000 0.471239
    13 1.667398 0.000001 0.000007 0.000000 0.000000 0.436332
    14 3.899452 -0.475378 -1.170893 -0.000796 0.000000 0.000000
    15 1.528218 0.000003 0.000001 0.000000 0.000000 0.331613
    16 1.528216 -0.000001 -0.000003 0.000000 0.000000 0.479966
    17 3.899459 -0.431804 0.168223 -0.000796 0.000000 0.000000
    18 1.506968 0.000002 -0.000001 0.000000 0.000000 0.427606
    19 1.506962 -0.000001 0.000001 0.000000 0.000000 0.340339
    20 3.915634 -0.278020 1.402608 -0.000796 0.000000 0.000000
    21 1.333080 0.000000 -0.000001 0.000000 0.000000 0.637045
    22 1.159204 0.000000 -0.000002 0.000000 0.000000 0.218166
    23 18.209354 8.207681 -0.352298 -1.582244 0.018583 -3.126150
    24 0.000009 0.011450 -1.352403 -0.000014 1.370796 3.140783
    25 6.078084 0.000001 0.000003 1.122596 -0.817882 -1.216648
    26 13.446750 -0.000005 0.000000 0.000000 0.000000 -1.155597
    27 15.997000 -0.000002 0.000000 1.679419 -0.001440 0.262058
    28 1.885324 0.833275 2.177876 1.172048 -0.644537 0.438889
    29 1.506966 -0.000005 0.000000 0.000000 0.000000 -0.436329
    30 0.798348 -0.000001 -0.000001 0.000000 0.000000 -0.507867
    31 3.950306 -0.539875 2.108876 0.012323 0.110212 -0.171410
    32 1.545797 -0.000001 -0.000008 0.000000 0.000000 0.513113
    33 1.667400 -0.000002 0.000008 0.000000 0.000000 0.785377
    34 3.899460 -0.475376 1.170891 -0.037591 0.101270 -0.055752
    35 1.528215 -0.000001 0.000000 0.000000 0.000000 1.575956
    36 1.528217 -0.000001 0.000001 0.000000 0.000000 1.352577
    37 3.899459 -0.431805 -0.168223 0.093293 -0.006316 0.182573
    38 1.506962 0.000000 0.000002 0.000000 0.000000 1.708639
    39 1.506964 0.000001 -0.000001 0.000000 0.000000 1.310683
    40 3.915634 -0.278019 -1.402605 0.217310 -0.078619 0.205835
    41 1.333083 0.000001 0.000003 0.000000 0.000000 1.464281
    42 1.159202 0.000000 -0.000004 0.000000 0.000000 1.370013
    43 3.495615 0.351176 1.563391 1.582244 -0.018583 -3.126153
    44 -2.156468 1.809614 0.001208 0.000000 0.000000 0.000000
    45 -6.613107 1.564316 -0.031845 0.000000 0.000000 0.000000
  time 18
    0 0.928525 1.014336 -19.461068 0.000000 0.000000 -1.570792
    1 0.000000 0.000000 0.000002 -0.000086 -1.570451 -1.570709
    2 4.443615 -0.009642 0.000006 -0.000004 -0.000001 0.000796
    3 12.111412 -0.011446 0.000000 0.000000 0.000000 0.000000
    4 0.000010 0.011442 1.352402 -0.000014 -1.370796 3.140810
    5 6.078090 0.000001 -0.000005 -0.531509 1.219836 -0.541120
    6 13.446754 -0.000001 0.000001 0.000000 0.000000 -0.648458
    7 15.997000 0.000001 -0.000001 -1.683447 0.000000 0.000000
    8 1.885325 0.833276 -2.177876 -1.598016 0.698132 -0.000668
    9 1.506960 -0.000006 0.000000 0.000000 0.000000 -0.139626
    10 0.798348 0.000003 0.000000 0.000000 0.000000 -0.113446
    11 3.950302 -0.539875 -2.108871 -0.000806 0.157080 -0.000126
    12 1.545797 -0.000002 -0.000001 0.000000 0.000000 0.471239
    13 1.667398 0.000001 0.000007 0.000000 0.000000 0.436332
    14 3.899452 -0.475378 -1.170893 -0.000796 0.000000 0.000000
    15 1.528218 0.000003 0.000001 0.000000 0.000000 0.331613
    16 1.528216 -0.000001 -0.000003 0.000000 0.000000 0.479966
    17 3.899459 -0.431804 0.168223 -0.000796 0.000000 0.000000
    18 1.506968 0.000002 -0.000001 0.000000 0.000000 0.427606
    19 1.506962 -0.000001 0.000001 0.000000 0.000000 0.340339
    20 3.915634 -0.278020 1.402608 -0.000796 0.000000 0.000000
    21 1.333080 0.000000 -0.000001 0.000000 0.000000 0.637045
    22 1.159204 0.000000 -0.000002 0.000000 0.000000 0.218166
    23 18.209354 8.207681 -0.352298 -1.582244 0.018583 -3.126150
    24 0.000009 0.011450 -1.352403 -0.000014 1.370796 3.140783
    25 6.078084 0.000001 0.000003 1.122554 -0.817948 -1.216606
    26 13.446750 -0.000005 0.000000 0.000000 0.000000 -1.155645
    27 15.997000 -0.000002 0.000000 1.679251 -0.001440 0.261868
    28 1.885324 0.833275 2.177876 1.172048 -0.644525 0.438889
    29 1.506966 -0.000005 0.000000 0.000000 0.000000 -0.436329
    30 0.798348 -0.000001 -0.000001 0.000000 0.000000 -0.507867
    31 3.950306 -0.539875 2.108876 0.012323 0.110212 -0.171410
    32 1.545797 -0.000001 -0.000008 0.000000 0.000000 0.513113
    33 1.667400 -0.000002 0.000008 0.000000 0.000000 0.785377
    34 3.899460 -0.475376 1.170891 -0.037591 0.101270 -0.055752
    35 1.528215 -0.000001 0.000000 0.000000 0.000000 1.575956
    36 1.528217 -0.000001 0.000001 0.000000 0.000000 1.352604
    37 3.899459 -0.431805 -0.168223 0.093293 -0.006316 0.182573
    38 1.506962 0.000000 0.000002 0.000000 0.000000 1.708639
    39 1.506964 0.000001 -0.000001 0.000000 0.000000 1.310683
    40 3.915634 -0.278019 -1.402605 0.217310 -0.078619 0.205835
    41 1.333083 0.000001 0.000003 0.000000 0.000000 1.464281
    42 1.159202 0.000000 -0.000004 0.000000 0.000000 1.370013
    43 3.495615 0.351176 1.563391 1.582244 -0.018583 -3.126153
    44 -2.156468 1.809614 0.001208 0.000000 0.000000 0.000000
    45 -6.617014 1.564316 -0.031845 0.000000 0.000000 0.000000
  time 19
    0 0.928525 1.014336 -19.461068 0.000000 0.000000 -1.570792
    1 0.000000 0.000000 0.000002 -0.000086 -1.570451 -1.570709
    2 4.443615 -0.009642 0.000006 -0.000004 -0.000001 0.000796
    3 12.111412 -0.011446 0.000000 0.000000 0.000000 0.000000
    4 0.000010 0.011442 1.352402 -0.000014 -1.370796 3.140810
    5 6.078090 0.000001 -0.000005 -0.531509 1.219836 -0.541120
    6 13.446754 -0.000001 0.000001 0.000000 0.000000 -0.648458
    7 15.997000 0.000001 -0.000001 -1.683447 0.000000 0.000000
    8 1.885325 0.833276 -2.177876 -1.598016 0.698132 -0.000668
    9 1.506960 -0.000006 0.000000 0.000000 0.000000 -0.139626
    10 0.798348 0.000003 0.000000 0.000000 0.000000 -0.113446
    11 3.950302 -0.539875 -2.108871 -0.000806 0.157080 -0.000126
    12 1.545797 -0.000002 -0.000001 0.000000 0.000000 0.471239
    13 1.667398 0.000001 0.000007 0.000000 0.000000 0.436332
    14 3.899452 -0.475378 -1.170893 -0.000796 0.000000 0.000000
    15 1.528218 0.000003 0.000001 0.000000 0.000000 0.331613
    16 1.528216 -0.000001 -0.000003 0.000000 0.000000 0.479966
    17 3.899459 -0.431804 0.168223 -0.000796 0.000000 0.000000
    18 1.506968 0.000002 -0.000001 0.000000 0.000000 0.427606
    19 1.506962 -0.000001 0.000001 0.000000 0.000000 0.340339
    20 3.915634 -0.278020 1.402608 -0.000796 0.000000 0.000000
    21 1.333080 0.000000 -0.000001 0.000000 0.000000 0.637045
    22 1.159204 0.000000 -0.000002 0.000000 0.000000 0.218166
    23 18.209354 8.207681 -0.352298 -1.582244 0.018583 -3.126150
    24 0.000009 0.011450 -1.352403 -0.000014 1.370796 3.140783
    25 6.078084 0.000001 0.000003 1.122527 -0.818013 -1.216564
    26 13.446750 -0.000005 0.000000 0.000000 0.000000 -1.155741
    27 15.997000 -0.000002 0.000000 1.679048 -0.001417 0.261677
    28 1.885324 0.833275 2.177876 1.172048 -0.644525 0.438889
    29 1.506966 -0.000005 0.000000 0.000000 0.000000 -0.436329
    30 0.798348 -0.000001 -0.000001 0.000000 0.000000 -0.507879
    31 3.950306 -0.539875 2.108876 0.012323 0.110212 -0.171410
    32 1.545797 -0.000001 -0.000008 0.000000 0.000000 0.513113
    33 1.667400 -0.000002 0.000008 0.000000 0.000000 0.785377
    34 3.899460 -0.475376 1.170891 -0.037591 0.101270 -0.055752
    35 1.528215 -0.000001 0.000000 0.000000 0.000000 1.575956
    36 1.528217 -0.000001 0.000001 0.000000 0.000000 1.352577
    37 3.899459 -0.431805 -0.168223 0.093293 -0.006316 0.182573
    38 1.506962 0.000000 0.000002 0.000000 0.000000 1.708639
    39 1.506964 0.000001 -0.000001 0.000000 0.000000 1.310683
    40 3.915634 -0.278019 -1.402605 0.217310 -0.078619 0.205835
    41 1.333083 0.000001 0.000003 0.000000 0.000000 1.464281
    42 1.159202 0.000000 -0.000004 0.000000 0.000000 1.370013
    43 3.495615 0.351176 1.563391 1.582244 -0.018583 -3.126153
    44 -2.156468 1.809614 0.001208 0.000000 0.000000 0.000000
    45 -6.613107 1.564316 -0.031845 0.000000 0.000000 0.000000
  time 20
    0 0.928525 1.014336 -19.461068 0.000000 0.000000 -1.570792
    1 0.000000 0.000000 0.000002 -0.000086 -1.570451 -1.570709
    2 4.443615 -0.009642 0.000006 -0.000004 -0.000001 0.000796
    3 12.111412 -0.011446 0.000000 0.000000 0.000000 0.000000
    4 0.000010 0.011442 1.352402 -0.000014 -1.370796 3.140810
    5 6.078090 0.000001 -0.000005 -0.531509 1.219836 -0.541120
    6 13.446754 -0.000001 0.000001 0.000000 0.000000 -0.648458
    7 15.997000 0.000001 -0.000001 -1.683447 0.000000 0.000000
    8 1.885325 0.833276 -2.177876 -1.598016 0.698132 -0.000668
    9 1.506960 -0.000006 0.000000 0.000000 0.000000 -0.139626
    10 0.798348 0.000003 0.000000 0.000000 0.000000 -0.113446
    11 3.950302 -0.539875 -2.108871 -0.000806 0.157080 -0.000126
    12 1.545797 -0.000002 -0.000001 0.000000 0.000000 0.471239
    13 1.667398 0.000001 0.000007 0.000000 0.000000 0.436332
    14 3.899452 -0.475378 -1.170893 -0.000796 0.000000 0.000000
    15 1.528218 0.000003 0.000001 0.000000 0.000000 0.331613
    16 1.528216 -0.000001 -0.000003 0.000000 0.000000 0.479966
    17 3.899459 -0.431804 0.168223 -0.000796 0.000000 0.000000
    18 1.506968 0.000002 -0.000001 0.000000 0.000000 0.427606
    19 1.506962 -0.000001 0.000001 0.000000 0.000000 0.340339
    20 3.915634 -0.278020 1.402608 -0.000796 0.000000 0.000000
    21 1.333080 0.000000 -0.000001 0.000000 0.000000 0.637045
    22 1.159204 0.000000 -0.000002 0.000000 0.000000 0.218166
    23 18.209354 8.207681 -0.352298 -1.582244 0.018583 -3.126150
    24 0.000009 0.011450 -1.352403 -0.000014 1.370796 3.140783
    25 6.078084 0.000001 0.000003 1.122513 -0.818079 -1.216522
    26 13.446750 -0.000005 0.000000 0.000000 0.000000 -1.155789
    27 15.997000 -0.000002 0.000000 1.678832 -0.001370 0.261463
    28 1.885324 0.833275 2.177876 1.172048 -0.644537 0.438889
    29 1.506966 -0.000005 0.000000 0.000000 0.000000 -0.436329
    30 0.798348 -0.000001 -0.000001 0.000000 0.000000 -0.507867
    31 3.950306 -0.539875 2.108876 0.012323 0.110212 -0.171410
    32 1.545797 -0.000001 -0.000008 0.000000 0.000000 0.513113
    33 1.667400 -0.000002 0.000008 0.000000 0.000000 0.785377
    34 3.899460 -0.475376 1.170891 -0.037591 0.101270 -0.055752
    35 1.528215 -0.000001 0.000000 0.000000 0.000000 1.575956
    36 1.528217 -0.000001 0.000001 0.000000 0.000000 1.352577
    37 3.899459 -0.431805 -0.168223 0.093293 -0.006316 0.182573
    38 1.506962 0.000000 0.000002 0.000000 0.000000 1.708600
    39 1.506964 0.000001 -0.000001 0.000000 0.000000 1.310683
    40 3.915634 -0.278019 -1.402605 0.217310 -0.078619 0.205835
    41 1.333083 0.000001 0.000003 0.000000 0.000000 1.464281
    42 1.159202 0.000000 -0.000004 0.000000 0.000000 1.370013
    43 3.495615 0.351176 1.563391 1.582244 -0.018583 -3.126153
    44 -2.156468 1.809614 0.001208 0.000000 0.000000 0.000000
    45 -6.613107 1.564316 -0.031845 0.000000 0.000000 0.000000
  time 21
    0 0.928525 1.014336 -19.461068 0.000000 0.000000 -1.570792
    1 0.000000 0.000000 0.000002 -0.000086 -1.570451 -1.570709
    2 4.443615 -0.009642 0.000006 -0.000004 -0.000001 0.000796
    3 12.111412 -0.011446 0.000000 0.000000 0.000000 0.000000
    4 0.000010 0.011442 1.352402 -0.000014 -1.370796 3.140810
    5 6.078090 0.000001 -0.000005 -0.531509 1.219836 -0.541120
    6 13.446754 -0.000001 0.000001 0.000000 0.000000 -0.648458
    7 15.997000 0.000001 -0.000001 -1.683447 0.000000 0.000000
    8 1.885325 0.833276 -2.177876 -1.598016 0.698132 -0.000668
    9 1.506960 -0.000006 0.000000 0.000000 0.000000 -0.139626
    10 0.798348 0.000003 0.000000 0.000000 0.000000 -0.113446
    11 3.950302 -0.539875 -2.108871 -0.000806 0.157080 -0.000126
    12 1.545797 -0.000002 -0.000001 0.000000 0.000000 0.471239
    13 1.667398 0.000001 0.000007 0.000000 0.000000 0.436332
    14 3.899452 -0.475378 -1.170893 -0.000796 0.000000 0.000000
    15 1.528218 0.000003 0.000001 0.000000 0.000000 0.331613
    16 1.528216 -0.000001 -0.000003 0.000000 0.000000 0.479966
    17 3.899459 -0.431804 0.168223 -0.000796 0.000000 0.000000
    18 1.506968 0.000002 -0.000001 0.000000 0.000000 0.427606
    19 1.506962 -0.000001 0.000001 0.000000 0.000000 0.340339
    20 3.915634 -0.278020 1.402608 -0.000796 0.000000 0.000000
    21 1.333080 0.000000 -0.000001 0.000000 0.000000 0.637045
    22 1.159204 0.000000 -0.000002 0.000000 0.000000 0.218166
    23 18.209354 8.207681 -0.352298 -1.582244 0.018583 -3.126150
    24 0.000009 0.011450 -1.352403 -0.000014 1.370796 3.140783
    25 6.078084 0.000001 0.000003 1.122458 -0.818145 -1.216480
    26 13.446750 -0.000005 0.000000 0.000000 0.000000 -1.155934
    27 15.997000 -0.000002 0.000000 1.678580 -0.001347 0.261248
    28 1.885324 0.833275 2.177876 1.172048 -0.644525 0.438889
    29 1.506966 -0.000005 0.000000 0.000000 0.000000 -0.436329
    30 0.798348 -0.000001 -0.000001 0.000000 0.000000 -0.507867
    31 3.950306 -0.539875 2.108876 0.012323 0.110212 -0.171410
    32 1.545797 -0.000001 -0.000008 0.000000 0.000000 0.513113
    33 1.667400 -0.000002 0.000008 0.000000 0.000000 0.785377
    34 3.899460 -0.475376 1.170891 -0.037591 0.101270 -0.055752
    35 1.528215 -0.000001 0.000000 0.000000 0.000000 1.575956
    36 1.528217 -0.000001 0.000001 0.000000 0.000000 1.352604
    37 3.899459 -0.431805 -0.168223 0.093293 -0.006316 0.182573
    38 1.506962 0.000000 0.000002 0.000000 0.000000 1.708639
    39 1.506964 0.000001 -0.000001 0.000000 0.000000 1.310683
    40 3.915634 -0.278019 -1.402605 0.217310 -0.078619 0.205835
    41 1.333083 0.000001 0.000003 0.000000 0.000000 1.464281
    42 1.159202 0.000000 -0.000004 0.000000 0.000000 1.370013
    43 3.495615 0.351176 1.563391 1.582244 -0.018583 -3.126153
    44 -2.156468 1.809614 0.001208 0.000000 0.000000 0.000000
    45 -6.613107 1.564316 -0.031845 0.000000 0.000000 0.000000
  time 22
    0 0.928525 1.014336 -19.461068 0.000000 0.000000 -1.570792
    1 0.000000 0.000000 0.000002 -0.000086 -1.570451 -1.570709
    2 4.443615 -0.009642 0.000006 -0.000004 -0.000001 0.000796
    3 12.111412 -0.011446 0.000000 0.000000 0.000000 0.000000
    4 0.000010 0.011442 1.352402 -0.000014 -1.370796 3.140810
    5 6.078090 0.000001 -0.000005 -0.531509 1.219836 -0.541120
    6 13.446754 -0.000001 0.000001 0.000000 0.000000 -0.648458
    7 15.997000 0.000001 -0.000001 -1.683447 0.000000 0.000000
    8 1.885325 0.833276 -2.177876 -1.598016 0.698132 -0.000668
    9 1.506960 -0.000006 0.000000 0.000000 0.000000 -0.139626
    10 0.798348 0.000003 0.000000 0.000000 0.000000 -0.113446
    11 3.950302 -0.539875 -2.108871 -0.000806 0.157080 -0.000126
    12 1.545797 -0.000002 -0.000001 0.000000 0.000000 0.471239
    13 1.667398 0.000001 0.000007 0.000000 0.000000 0.436332
    14 3.899452 -0.475378 -1.170893 -0.000796 0.000000 0.000000
    15 1.528218 0.000003 0.000001 0.000000 0.000000 0.331613
    16 1.528216 -0.000001 -0.000003 0.000000 0.000000 0.479966
    17 3.899459 -0.431804 0.168223 -0.000796 0.000000 0.000000
    18 1.506968 0.000002 -0.000001 0.000000 0.000000 0.427606
    19 1.506962 -0.000001 0.000001 0.000000 0.000000 0.340339
    20 3.915634 -0.278020 1.402608 -0.000796 0.000000 0.000000
    21 1.333080 0.000000 -0.000001 0.000000 0.000000 0.637045
    22 1.159204 0.000000 -0.000002 0.000000 0.000000 0.218166
    23 18.209354 8.207681 -0.352298 -1.582244 0.018583 -3.126150
    24 0.000009 0.011450 -1.352403 -0.000014 1.370796 3.140783
    25 6.078084 0.000001 0.000003 1.122444 -0.818211 -1.216438
    26 13.446750 -0.000005 0.000000 0.000000 0.000000 -1.156030
    27 15.997000 -0.000002 0.000000 1.678341 -0.001347 0.261034
    28 1.885324 0.833275 2.177876 1.172048 -0.644525 0.438889
    29 1.506966 -0.000005 0.000000 0.000000 0.000000 -0.436329
    30 0.798348 -0.000001 -0.000001 0.000000 0.000000 -0.507867
    31 3.950306 -0.539875 2.108876 0.012323 0.110212 -0.171410
    32 1.545797 -0.000001 -0.000008 0.000000 0.000000 0.513113
    33 1.667400 -0.000002 0.000008 0.000000 0.000000 0.785377
    34 3.899460 -0.475376 1.170891 -0.037591 0.101270 -0.055752
    35 1.528215 -0.000001 0.000000 0.000000 0.000000 1.575956
    36 1.528217 -0.000001 0.000001 0.000000 0.000000 1.352577
    37 3.899459 -0.431805 -0.168223 0.093293 -0.006316 0.182573
    38 1.506962 0.000000 0.000002 0.000000 0.000000 1.708639
    39 1.506964 0.000001 -0.000001 0.000000 0.000000 1.310683
    40 3.915634 -0.278019 -1.402605 0.217310 -0.078619 0.205835
    41 1.333083 0.000001 0.000003 0.000000 0.000000 1.464281
    42 1.159202 0.000000 -0.000004 0.000000 0.000000 1.370013
    43 3.495615 0.351176 1.563391 1.582244 -0.018583 -3.126153
    44 -2.156468 1.809614 0.001208 0.000000 0.000000 0.000000
    45 -6.613107 1.564316 -0.031845 0.000000 0.000000 0.000000
  time 23
    0 0.928525 1.014336 -19.461068 0.000000 0.000000 -1.570792
    1 0.000000 0.000000 0.000002 -0.000086 -1.570451 -1.570709
    2 4.443615 -0.009642 0.000006 -0.000004 -0.000001 0.000796
    3 12.111412 -0.011446 0.000000 0.000000 0.000000 0.000000
    4 0.000010 0.011442 1.352402 -0.000014 -1.370796 3.140810
    5 6.078090 0.000001 -0.000005 -0.531509 1.219836 -0.541120
    6 13.446754 -0.000001 0.000001 0.000000 0.000000 -0.648458
    7 15.997000 0.000001 -0.000001 -1.683447 0.000000 0.000000
    8 1.885325 0.833276 -2.177876 -1.598016 0.698132 -0.000668
    9 1.506960 -0.000006 0.000000 0.000000 0.000000 -0.139626
    10 0.798348 0.000003 0.000000 0.000000 0.000000 -0.113446
    11 3.950302 -0.539875 -2.108871 -0.000806 0.157080 -0.000126
    12 1.545797 -0.000002 -0.000001 0.000000 0.000000 0.471239
    13 1.667398 0.000001 0.000007 0.000000 0.000000 0.436332
    14 3.899452 -0.475378 -1.170893 -0.000796 0.000000 0.000000
    15 1.528218 0.000003 0.000001 0.000000 0.000000 0.331613
    16 1.528216 -0.000001 -0.000003 0.000000 0.000000 0.479966
    17 3.899459 -0.431804 0.168223 -0.000796 0.000000 0.000000
    18 1.506968 0.000002 -0.000001 0.000000 0.000000 0.427606
    19 1.506962 -0.000001 0.000001 0.000000 0.000000 0.340339
    20 3.915634 -0.278020 1.402608 -0.000796 0.000000 0.000000
    21 1.333080 0.000000 -0.000001 0.000000 0.000000 0.637045
    22 1.159204 0.000000 -0.000002 0.000000 0.000000 0.218166
    23 18.209354 8.207681 -0.352298 -1.582244 0.018583 -3.126150
    24 0.000009 0.011450 -1.352403 -0.000014 1.370796 3.140783
    25 6.078084 0.000001 0.000003 1.122388 -0.818276 -1.216396
    26 13.446750 -0.000005 0.000000 0.000000 0.000000 -1.156078
    27 15.997000 -0.000002 0.000000 1.678065 -0.001324 0.260819
    28 1.885324 0.833275 2.177876 1.172048 -0.644537 0.438889
    29 1.506966 -0.000005 0.000000 0.000000 0.000000 -0.436329
    30 0.798348 -0.000001 -0.000001 0.000000 0.000000 -0.507867
    31 3.950306 -0.539875 2.108876 0.012323 0.110212 -0.171410
    32 1.545797 -0.000001 -0.000008 0.000000 0.000000 0.513113
    33 1.667400 -0.000002 0.000008 0.000000 0.000000 0.785377
    34 3.899460 -0.475376 1.170891 -0.037591 0.101270 -0.055752
    35 1.528215 -0.000001 0.000000 0.000000 0.000000 1.575956
    36 1.528217 -0.000001 0.000001 0.000000 0.000000 1.352577
    37 3.899459 -0.431805 -0.168223 0.093293 -0.006316 0.182573
    38 1.506962 0.000000 0.000002 0.000000 0.000000 1.708639
    39 1.506964 0.000001 -0.000001 0.000000 0.000000 1.310683
    40 3.915634 -0.278019 -1.402605 0.217310 -0.078619 0.205835
    41 1.333083 0.000001 0.000003 0.000000 0.000000 1.464281
    42 1.159202 0.000000 -0.000004 0.000000 0.000000 1.370013
    43 3.495615 0.351176 1.563391 1.582244 -0.018583 -3.126153
    44 -2.156468 1.809614 0.001208 0.000000 0.000000 0.000000
    45 -6.613107 1.564316 -0.031845 0.000000 0.000000 0.000000
  time 24
    0 0.928525 1.014336 -19.461068 0.000000 0.000000 -1.570792
    1 0.000000 0.000000 0.000002 -0.000086 -1.570451 -1.570709
    2 4.443615 -0.009642 0.000006 -0.000004 -0.000001 0.000796
    3 12.111412 -0.011446 0.000000 0.000000 0.000000 0.000000
    4 0.000010 0.011442 1.352402 -0.000014 -1.370796 3.140810
    5 6.078090 0.000001 -0.000005 -0.531509 1.219836 -0.541120
    6 13.446754 -0.000001 0.000001 0.000000 0.000000 -0.648458
    7 15.997000 0.000001 -0.000001 -1.683447 0.000000 0.000000
    8 1.885325 0.833276 -2.177876 -1.598016 0.698132 -0.000668
    9 1.506960 -0.000006 0.000000 0.000000 0.000000 -0.139626
    10 0.798348 0.000003 0.000000 0.000000 0.000000 -0.113446
    11 3.950302 -0.539875 -2.108871 -0.000806 0.157080 -0.000126
    12 1.545797 -0.000002 -0.000001 0.000000 0.000000 0.471239
    13 1.667398 0.000001 0.000007 0.000000 0.000000 0.436332
    14 3.899452 -0.475378 -1.170893 -0.000796 0.000000 0.000000
    15 1.528218 0.000003 0.000001 0.000000 0.000000 0.331613
    16 1.528216 -0.000001 -0.000003 0.000000 0.000000 0.479966
    17 3.899459 -0.431804 0.168223 -0.000796 0.000000 0.000000
    18 1.506968 0.000002 -0.000001 0.000000 0.000000 0.427606
    19 1.506962 -0.000001 0.000001 0.000000 0.000000 0.340339
    20 3.915634 -0.278020 1.402608 -0.000796 0.000000 0.000000
    21 1.333080 0.000000 -0.000001 0.000000 0.000000 0.637045
    22 1.159204 0.000000 -0.000002 0.000000 0.000000 0.218166
    23 18.209354 8.207681 -0.352298 -1.582244 0.018583 -3.126150
    24 0.000009 0.011450 -1.352403 -0.000014 1.370796 3.140783
    25 6.078084 0.000001 0.000003 1.122375 -0.818342 -1.216354
    26 13.446750 -0.000005 0.000000 0.000000 0.000000 -1.156126
    27 15.997000 -0.000002 0.000000 1.677789 -0.001301 0.260605
    28 1.885324 0.833275 2.177876 1.172048 -0.644537 0.438889
    29 1.506966 -0.000005 0.000000 0.000000 0.000000 -0.436329
    30 0.798348 -0.000001 -0.000001 0.000000 0.000000 -0.507879
    31 3.950306 -0.539875 2.108876 0.012323 0.110212 -0.171410
    32 1.545797 -0.000001 -0.000008 0.000000 0.000000 0.513125
    33 1.667400 -0.000002 0.000008 0.000000 0.000000 0.785377
    34 3.899460 -0.475376 1.170891 -0.037591 0.101270 -0.055752
    35 1.528215 -0.000001 0.000000 0.000000 0.000000 1.575956
    36 1.528217 -0.000001 0.000001 0.000000 0.000000 1.352577
    37 3.899459 -0.431805 -0.168223 0.093293 -0.006316 0.182573
    38 1.506962 0.000000 0.000002 0.000000 0.000000 1.708600
    39 1.506964 0.000001 -0.000001 0.000000 0.000000 1.310683
    40 3.915634 -0.278019 -1.402605 0.217310 -0.078619 0.205835
    41 1.333083 0.000001 0.000003 0.000000 0.000000 1.464281
    42 1.159202 0.000000 -0.000004 0.000000 0.000000 1.370013
    43 3.495615 0.351176 1.563391 1.582244 -0.018583 -3.126153
    44 -2.156468 1.809614 0.001208 0.000000 0.000000 0.000000
    45 -6.613107 1.564316 -0.031845 0.000000 0.000000 0.000000
  time 25
    0 0.928525 1.014336 -19.461068 0.000000 0.000000 -1.570792
    1 0.000000 0.000000 0.000002 -0.000086 -1.570451 -1.570709
    2 4.443615 -0.009642 0.000006 -0.000004 -0.000001 0.000796
    3 12.111412 -0.011446 0.000000 0.000000 0.000000 0.000000
    4 0.000010 0.011442 1.352402 -0.000014 -1.370796 3.140810
    5 6.078090 0.000001 -0.000005 -0.531509 1.219836 -0.541120
    6 13.446754 -0.000001 0.000001 0.000000 0.000000 -0.648458
    7 15.997000 0.000001 -0.000001 -1.683447 0.000000 0.000000
    8 1.885325 0.833276 -2.177876 -1.598016 0.698132 -0.000668
    9 1.506960 -0.000006 0.000000 0.000000 0.000000 -0.139626
    10 0.798348 0.000003 0.000000 0.000000 0.000000 -0.113446
    11 3.950302 -0.539875 -2.108871 -0.000806 0.157080 -0.000126
    12 1.545797 -0.000002 -0.000001 0.000000 0.000000 0.471239
    13 1.667398 0.000001 0.000007 0.000000 0.000000 0.436332
    14 3.899452 -0.475378 -1.170893 -0.000796 0.000000 0.000000
    15 1.528218 0.000003 0.000001 0.000000 0.000000 0.331613
    16 1.528216 -0.000001 -0.000003 0.000000 0.000000 0.479966
    17 3.899459 -0.431804 0.168223 -0.000796 0.000000 0.000000
    18 1.506968 0.000002 -0.000001 0.000000 0.000000 0.427606
    19 1.506962 -0.000001 0.000001 0.000000 0.000000 0.340339
    20 3.915634 -0.278020 1.402608 -0.000796 0.000000 0.000000
    21 1.333080 0.000000 -0.000001 0.000000 0.000000 0.637045
    22 1.159204 0.000000 -0.000002 0.000000 0.000000 0.218166
    23 18.209354 8.207681 -0.352298 -1.582244 0.018583 -3.126150
    24 0.000009 0.011450 -1.352403 -0.000014 1.370796 3.140783
    25 6.078084 0.000001 0.000003 1.122333 -0.818408 -1.216312
    26 13.446750 -0.000005 0.000000 0.000000 0.000000 -1.156174
    27 15.997000 -0.000002 0.000000 1.677514 -0.001254 0.260366
    28 1.885324 0.833275 2.177876 1.172048 -0.644537 0.438889
    29 1.506966 -0.000005 0.000000 0.000000 0.000000 -0.436329
    30 0.798348 -0.000001 -0.000001 0.000000 0.000000 -0.507879
    31 3.950306 -0.539875 2.108876 0.012323 0.110212 -0.171410
    32 1.545797 -0.000001 -0.000008 0.000000 0.000000 0.513113
    33 1.667400 -0.000002 0.000008 0.000000 0.000000 0.785377
    34 3.899460 -0.475376 1.170891 -0.037591 0.101270 -0.055752
    35 1.528215 -0.000001 0.000000 0.000000 0.000000 1.575956
    36 1.528217 -0.000001 0.000001 0.000000 0.000000 1.352577
    37 3.899459 -0.431805 -0.168223 0.093293 -0.006316 0.182573
    38 1.506962 0.000000 0.000002 0.000000 0.000000 1.708639
    39 1.506964 0.000001 -0.000001 0.000000 0.000000 1.310683
    40 3.915634 -0.278019 -1.402605 0.217310 -0.078619 0.205835
    41 1.333083 0.000001 0.000003 0.000000 0.000000 1.464281
    42 1.159202 0.000000 -0.000004 0.000000 0.000000 1.370013
    43 3.495615 0.355083 1.563391 1.582244 -0.018583 -3.126153
    44 -2.156468 1.809614 0.001208 0.000000 0.000000 0.000000
    45 -6.613107 1.564316 -0.031845 0.000000 0.000000 0.000000
  time 26
    0 0.928525 1.014336 -19.461068 0.000000 0.000000 -1.570792
    1 0.000000 0.000000 0.000002 -0.000086 -1.570451 -1.570709
    2 4.443615 -0.009642 0.000006 -0.000004 -0.000001 0.000796
    3 12.111412 -0.011446 0.000000 0.000000 0.000000 0.000000
    4 0.000010 0.011442 1.352402 -0.000014 -1.370796 3.140810
    5 6.078090 0.000001 -0.000005 -0.531509 1.219836 -0.541120
    6 13.446754 -0.000001 0.000001 0.000000 0.000000 -0.648458
    7 15.997000 0.000001 -0.000001 -1.683447 0.000000 0.000000
    8 1.885325 0.833276 -2.177876 -1.598016 0.698132 -0.000668
    9 1.506960 -0.000006 0.000000 0.000000 0.000000 -0.139626
    10 0.798348 0.000003 0.000000 0.000000 0.000000 -0.113446
    11 3.950302 -0.539875 -2.108871 -0.000806 0.157080 -0.000126
    12 1.545797 -0.000002 -0.000001 0.000000 0.000000 0.471239
    13 1.667398 0.000001 0.000007 0.000000 0.000000 0.436332
    14 3.899452 -0.475378 -1.170893 -0.000796 0.000000 0.000000
    15 1.528218 0.000003 0.000001 0.000000 0.000000 0.331613
    16 1.528216 -0.000001 -0.000003 0.000000 0.000000 0.479966
    17 3.899459 -0.431804 0.168223 -0.000796 0.000000 0.000000
    18 1.506968 0.000002 -0.000001 0.000000 0.000000 0.427606
    19 1.506962 -0.000001 0.000001 0.000000 0.000000 0.340339
    20 3.915634 -0.278020 1.402608 -0.000796 0.000000 0.000000
    21 1.333080 0.000000 -0.000001 0.000000 0.000000 0.637045
    22 1.159204 0.000000 -0.000002 0.000000 0.000000 0.218166
    23 18.209354 8.207681 -0.352298 -1.582244 0.018583 -3.126150
    24 0.000009 0.011450 -1.352403 -0.000014 1.370796 3.140783
    25 6.078084 0.000001 0.000003 1.122306 -0.818474 -1.216270
    26 13.446750 -0.000005 0.000000 0.000000 0.000000 -1.156270
    27 15.997000 -0.000002 0.000000 1.677190 -0.001231 0.260152
    28 1.885324 0.833275 2.177876 1.172048 -0.644537 0.438889
    29 1.506966 -0.000005 0.000000 0.000000 0.000000 -0.436329
    30 0.798348 -0.000001 -0.000001 0.000000 0.000000 -0.507879
    31 3.950306 -0.539875 2.108876 0.012323 0.110212 -0.171410
    32 1.545797 -0.000001 -0.000008 0.000000 0.000000 0.513113
    33 1.667400 -0.000002 0.000008 0.000000 0.000000 0.785377
    34 3.899460 -0.475376 1.170891 -0.037591 0.101270 -0.055752
    35 1.528215 -0.000001 0.000000 0.000000 0.000000 1.575956
    36 1.528217 -0.000001 0.000001 0.000000 0.000000 1.352577
    37 3.899459 -0.431805 -0.168223 0.093293 -0.006316 0.182573
    38 1.506962 0.000000 0.000002 0.000000 0.000000 1.708639
    39 1.506964 0.000001 -0.000001 0.000000 0.000000 1.310683
    40 3.915634 -0.278019 -1.402605 0.217310 -0.078619 0.205835
    41 1.333083 0.000001 0.000003 0.000000 0.000000 1.464281
    42 1.159202 0.000000 -0.000004 0.000000 0.000000 1.370013
    43 3.495615 0.351176 1.563391 1.582244 -0.018583 -3.126153
    44 -2.156468 1.809614 0.001208 0.000000 0.000000 0.000000
    45 -6.613107 1.564316 -0.031845 0.000000 0.000000 0.000000
  time 27
    0 0.928525 1.014336 -19.461068 0.000000 0.000000 -1.570792
    1 0.000000 0.000000 0.000002 -0.000086 -1.570451 -1.570709
    2 4.443615 -0.009642 0.000006 -0.000004 -0.000001 0.000796
    3 12.111412 -0.011446 0.000000 0.000000 0.000000 0.000000
    4 0.000010 0.011442 1.352402 -0.000014 -1.370796 3.140810
    5 6.078090 0.000001 -0.000005 -0.531509 1.219836 -0.541120
    6 13.446754 -0.000001 0.000001 0.000000 0.000000 -0.648458
    7 15.997000 0.000001 -0.000001 -1.683447 0.000000 0.000000
    8 1.885325 0.833276 -2.177876 -1.598016 0.698132 -0.000668
    9 1.506960 -0.000006 0.000000 0.000000 0.000000 -0.139626
    10 0.798348 0.000003 0.000000 0.000000 0.000000 -0.113446
    11 3.950302 -0.539875 -2.108871 -0.000806 0.157080 -0.000126
    12 1.545797 -0.000002 -0.000001 0.000000 0.000000 0.471239
    13 1.667398 0.000001 0.000007 0.000000 0.000000 0.436332
    14 3.899452 -0.475378 -1.170893 -0.000796 0.000000 0.000000
    15 1.528218 0.000003 0.000001 0.000000 0.000000 0.331613
    16 1.528216 -0.000001 -0.000003 0.000000 0.000000 0.479966
    17 3.899459 -0.431804 0.168223 -0.000796 0.000000 0.000000
    18 1.506968 0.000002 -0.000001 0.000000 0.000000 0.427606
    19 1.506962 -0.000001 0.000001 0.000000 0.000000 0.340339
    20 3.915634 -0.278020 1.402608 -0.000796 0.000000 0.000000
    21 1.333080 0.000000 -0.000001 0.000000 0.000000 0.637045
    22 1.159204 0.000000 -0.000002 0.000000 0.000000 0.218166
    23 18.209354 8.207681 -0.352298 -1.582244 0.018583 -3.126150
    24 0.000009 0.011450 -1.352403 -0.000014 1.370796 3.140783
    25 6.078084 0.000001 0.000003 1.122264 -0.818539 -1.216228
    26 13.446750 -0.000005 0.000000 0.000000 0.000000 -1.156318
    27 15.997000 -0.000002 0.000000 1.676890 -0.001231 0.259937
    28 1.885324 0.833275 2.177876 1.172048 -0.644537 0.438889
    29 1.506966 -0.000005 0.000000 0.000000 0.000000 -0.436329
    30 0.798348 -0.000001 -0.000001 0.000000 0.000000 -0.507867
    31 3.950306 -0.539875 2.108876 0.012323 0.110212 -0.171410
    32 1.545797 -0.000001 -0.000008 0.000000 0.000000 0.513113
    33 1.667400 -0.000002 0.000008 0.000000 0.000000 0.785377
    34 3.899460 -0.475376 1.170891 -0.037591 0.101270 -0.055752
    35 1.528215 -0.000001 0.000000 0.000000 0.000000 1.575956
    36 1.528217 -0.000001 0.000001 0.000000 0.000000 1.352577
    37 3.899459 -0.431805 -0.168223 0.093293 -0.006316 0.182573
    38 1.506962 0.000000 0.000002 0.000000 0.000000 1.708639
    39 1.506964 0.000001 -0.000001 0.000000 0.000000 1.310683
    40 3.915634 -0.278019 -1.402605 0.217310 -0.078619 0.205835
    41 1.333083 0.000001 0.000003 0.000000 0.000000 1.464281
    42 1.159202 0.000000 -0.000004 0.000000 0.000000 1.370013
    43 3.495615 0.351176 1.563391 1.582244 -0.018583 -3.126153
    44 -2.156468 1.809614 0.001208 0.000000 0.000000 0.000000
    45 -6.617014 1.564316 -0.031845 0.000000 0.000000 0.000000
  time 28
    0 0.928525 1.014336 -19.461068 0.000000 0.000000 -1.570792
    1 0.000000 0.000000 0.000002 -0.000086 -1.570451 -1.570709
    2 4.443615 -0.009642 0.000006 -0.000004 -0.000001 0.000796
    3 12.111412 -0.011446 0.000000 0.000000 0.000000 0.000000
    4 0.000010 0.011442 1.352402 -0.000014 -1.370796 3.140810
    5 6.078090 0.000001 -0.000005 -0.531509 1.219836 -0.541120
    6 13.446754 -0.000001 0.000001 0.000000 0.000000 -0.648458
    7 15.997000 0.000001 -0.000001 -1.683447 0.000000 0.000000
    8 1.885325 0.833276 -2.177876 -1.598016 0.698132 -0.000668
    9 1.506960 -0.000006 0.000000 0.000000 0.000000 -0.139626
    10 0.798348 0.000003 0.000000 0.000000 0.000000 -0.113446
    11 3.950302 -0.539875 -2.108871 -0.000806 0.157080 -0.000126
    12 1.545797 -0.000002 -0.000001 0.000000 0.000000 0.471239
    13 1.667398 0.000001 0.000007 0.000000 0.000000 0.436332
    14 3.899452 -0.475378 -1.170893 -0.000796 0.000000 0.000000
    15 1.528218 0.000003 0.000001 0.000000 0.000000 0.331613
    16 1.528216 -0.000001 -0.000003 0.000000 0.000000 0.479966
    17 3.899459 -0.431804 0.168223 -0.000796 0.000000 0.000000
    18 1.506968 0.000002 -0.000001 0.000000 0.000000 0.427606
    19 1.506962 -0.000001 0.000001 0.000000 0.000000 0.340339
    20 3.915634 -0.278020 1.402608 -0.000796 0.000000 0.000000
    21 1.333080 0.000000 -0.000001 0.000000 0.000000 0.637045
    22 1.159204 0.000000 -0.000002 0.000000 0.000000 0.218166
    23 18.209354 8.207681 -0.352298 -1.582244 0.018583 -3.126150
    24 0.000009 0.011450 -1.352403 -0.000014 1.370796 3.140783
    25 6.078084 0.000001 0.000003 1.122237 -0.818605 -1.216186
    26 13.446750 -0.000005 0.000000 0.000000 0.000000 -1.156462
    27 15.997000 -0.000002 0.000000 1.676579 -0.001208 0.259699
    28 1.885324 0.833275 2.177876 1.172048 -0.644525 0.438889
    29 1.506966 -0.000005 0.000000 0.000000 0.000000 -0.436329
    30 0.798348 -0.000001 -0.000001 0.000000 0.000000 -0.507867
    31 3.950306 -0.539875 2.108876 0.012323 0.110212 -0.171410
    32 1.545797 -0.000001 -0.000008 0.000000 0.000000 0.513113
    33 1.667400 -0.000002 0.000008 0.000000 0.000000 0.785377
    34 3.899460 -0.475376 1.170891 -0.037591 0.101270 -0.055752
    35 1.528215 -0.000001 0.000000 0.000000 0.000000 1.575956
    36 1.528217 -0.000001 0.000001 0.000000 0.000000 1.352577
    37 3.899459 -0.431805 -0.168223 0.093293 -0.006316 0.182573
    38 1.506962 0.000000 0.000002 0.000000 0.000000 1.708600
    39 1.506964 0.000001 -0.000001 0.000000 0.000000 1.310683
    40 3.915634 -0.278019 -1.402605 0.217310 -0.078619 0.205835
    41 1.333083 0.000001 0.000003 0.000000 0.000000 1.464281
    42 1.159202 0.000000 -0.000004 0.000000 0.000000 1.370013
    43 3.495615 0.355083 1.563391 1.582244 -0.018583 -3.126153
    44 -2.156468 1.809614 0.001208 0.000000 0.000000 0.000000
    45 -6.613107 1.564316 -0.031845 0.000000 0.000000 0.000000
  time 29
    0 0.928525 1.014336 -19.461068 0.000000 0.000000 -1.570792
    1 0.000000 0.000000 0.000002 -0.000086 -1.570451 -1.570709
    2 4.443615 -0.009642 0.000006 -0.000004 -0.000001 0.000796
    3 12.111412 -0.011446 0.000000 0.000000 0.000000 0.000000
    4 0.000010 0.011442 1.352402 -0.000014 -1.370796 3.140810
    5 6.078090 0.000001 -0.000005 -0.531509 1.219836 -0.541120
    6 13.446754 -0.000001 0.000001 0.000000 0.000000 -0.648458
    7 15.997000 0.000001 -0.000001 -1.683447 0.000000 0.000000
    8 1.885325 0.833276 -2.177876 -1.598016 0.698132 -0.000668
    9 1.506960 -0.000006 0.000000 0.000000 0.000000 -0.139626
    10 0.798348 0.000003 0.000000 0.000000 0.000000 -0.113446
    11 3.950302 -0.539875 -2.108871 -0.000806 0.157080 -0.000126
    12 1.545797 -0.000002 -0.000001 0.000000 0.000000 0.471239
    13 1.667398 0.000001 0.000007 0.000000 0.000000 0.436332
    14 3.899452 -0.475378 -1.170893 -0.000796 0.000000 0.000000
    15 1.528218 0.000003 0.000001 0.000000 0.000000 0.331613
    16 1.528216 -0.000001 -0.000003 0.000000 0.000000 0.479966
    17 3.899459 -0.431804 0.168223 -0.000796 0.000000 0.000000
    18 1.506968 0.000002 -0.000001 0.000000 0.000000 0.427606
    19 1.506962 -0.000001 0.000001 0.000000 0.000000 0.340339
    20 3.915634 -0.278020 1.402608 -0.000796 0.000000 0.000000
    21 1.333080 0.000000 -0.000001 0.000000 0.000000 0.637045
    22 1.159204 0.000000 -0.000002 0.000000 0.000000 0.218166
    23 18.209354 8.207681 -0.352298 -1.582244 0.018583 -3.126150
    24 0.000009 0.011450 -1.352403 -0.000014 1.370796 3.140783
    25 6.078084 0.000001 0.000003 1.122209 -0.818671 -1.216144
    26 13.446750 -0.000005 0.000000 0.000000 0.000000 -1.156511
    27 15.997000 -0.000002 0.000000 1.676243 -0.001161 0.259485
    28 1.885324 0.833275 2.177876 1.172048 -0.644537 0.438889
    29 1.506966 -0.000005 0.000000 0.000000 0.000000 -0.436329
    30 0.798348 -0.000001 -0.000001 0.000000 0.000000 -0.507867
    31 3.950306 -0.539875 2.108876 0.012323 0.110212 -0.171410
    32 1.545797 -0.000001 -0.000008 0.000000 0.000000 0.513113
    33 1.667400 -0.000002 0.000008 0.000000 0.000000 0.785377
    34 3.899460 -0.475376 1.170891 -0.037591 0.101270 -0.055752
    35 1.528215 -0.000001 0.000000 0.000000 0.000000 1.575956
    36 1.528217 -0.000001 0.000001 0.000000 0.000000 1.352577
    37 3.899459 -0.431805 -0.168223 0.093293 -0.006316 0.182573
    38 1.506962 0.000000 0.000002 0.000000 0.000000 1.708639
    39 1.506964 0.000001 -0.000001 0.000000 0.000000 1.310683
    40 3.915634 -0.278019 -1.402605 0.217310 -0.078619 0.205835
    41 1.333083 0.000001 0.000003 0.000000 0.000000 1.464281
    42 1.159202 0.000000 -0.000004 0.000000 0.000000 1.370013
    43 3.495615 0.355083 1.563391 1.582244 -0.018583 -3.126153
    44 -2.156468 1.809614 0.001208 0.000000 0.000000 0.000000
    45 -6.613107 1.564316 -0.031845 0.000000 0.000000 0.000000
  time 30
    0 0.928525 1.014336 -19.461068 0.000000 0.000000 -1.570792
    1 0.000000 0.000000 0.000002 -0.000086 -1.570451 -1.570709
    2 4.443615 -0.009642 0.000006 -0.000004 -0.000001 0.000796
    3 12.111412 -0.011446 0.000000 0.000000 0.000000 0.000000
    4 0.000010 0.011442 1.352402 -0.000014 -1.370796 3.140810
    5 6.078090 0.000001 -0.000005 -0.531509 1.219836 -0.541120
    6 13.446754 -0.000001 0.000001 0.000000 0.000000 -0.648458
    7 15.997000 0.000001 -0.000001 -1.683447 0.000000 0.000000
    8 1.885325 0.833276 -2.177876 -1.598016 0.698132 -0.000668
    9 1.506960 -0.000006 0.000000 0.000000 0.000000 -0.139626
    10 0.798348 0.000003 0.000000 0.000000 0.000000 -0.113446
    11 3.950302 -0.539875 -2.108871 -0.000806 0.157080 -0.000126
    12 1.545797 -0.000002 -0.000001 0.000000 0.000000 0.471239
    13 1.667398 0.000001 0.000007 0.000000 0.000000 0.436332
    14 3.899452 -0.475378 -1.170893 -0.000796 0.000000 0.000000
    15 1.528218 0.000003 0.000001 0.000000 0.000000 0.331613
    16 1.528216 -0.000001 -0.000003 0.000000 0.000000 0.479966
    17 3.899459 -0.431804 0.168223 -0.000796 0.000000 0.000000
    18 1.506968 0.000002 -0.000001 0.000000 0.000000 0.427606
    19 1.506962 -0.000001 0.000001 0.000000 0.000000 0.340339
    20 3.915634 -0.278020 1.402608 -0.000796 0.000000 0.000000
    21 1.333080 0.000000 -0.000001 0.000000 0.000000 0.637045
    22 1.159204 0.000000 -0.000002 0.000000 0.000000 0.218166
    23 18.209354 8.207681 -0.352298 -1.582244 0.018583 -3.126150
    24 0.000009 0.011450 -1.352403 -0.000014 1.370796 3.140783
    25 6.078084 0.000001 0.000003 1.122181 -0.818736 -1.216102
    26 13.446750 -0.000005 0.000000 0.000000 0.000000 -1.156607
    27 15.997000 -0.000002 0.000000 1.675920 -0.001138 0.259270
    28 1.885324 0.833275 2.177876 1.172048 -0.644525 0.438889
    29 1.506966 -0.000005 0.000000 0.000000 0.000000 -0.436329
    30 0.798348 -0.000001 -0.000001 0.000000 0.000000 -0.507867
    31 3.950306 -0.539875 2.108876 0.012323 0.110212 -0.171410
    32 1.545797 -0.000001 -0.000008 0.000000 0.000000 0.513113
    33 1.667400 -0.000002 0.000008 0.000000 0.000000 0.785377
    34 3.899460 -0.475376 1.170891 -0.037591 0.101270 -0.055752
    35 1.528215 -0.000001 0.000000 0.000000 0.000000 1.575956
    36 1.528217 -0.000001 0.000001 0.000000 0.000000 1.352577
    37 3.899459 -0.431805 -0.168223 0.093293 -0.006316 0.182573
    38 1.506962 0.000000 0.000002 0.000000 0.000000 1.708639
    39 1.506964 0.000001 -0.000001 0.000000 0.000000 1.310683
    40 3.915634 -0.278019 -1.402605 0.217310 -0.078619 0.205835
    41 1.333083 0.000001 0.000003 0.000000 0.000000 1.464281
    42 1.159202 0.000000 -0.000004 0.000000 0.000000 1.370013
    43 3.495615 0.351176 1.563391 1.582244 -0.018583 -3.126153
    44 -2.156468 1.809614 0.001208 0.000000 0.000000 0.000000
    45 -6.613107 1.564316 -0.031845 0.000000 0.000000 0.000000
  time 31
    0 0.928525 1.014336 -19.461068 0.000000 0.000000 -1.570792
    1 0.000000 0.000000 0.000002 -0.000086 -1.570451 -1.570709
    2 4.443615 -0.009642 0.000006 -0.000004 -0.000001 0.000796
    3 12.111412 -0.011446 0.000000 0.000000 0.000000 0.000000
    4 0.000010 0.011442 1.352402 -0.000014 -1.370796 3.140810
    5 6.078090 0.000001 -0.000005 -0.531509 1.219836 -0.541120
    6 13.446754 -0.000001 0.000001 0.000000 0.000000 -0.648458
    7 15.997000 0.000001 -0.000001 -1.683447 0.000000 0.000000
    8 1.885325 0.833276 -2.177876 -1.598016 0.698132 -0.000668
    9 1.506960 -0.000006 0.000000 0.000000 0.000000 -0.139626
    10 0.798348 0.000003 0.000000 0.000000 0.000000 -0.113446
    11 3.950302 -0.539875 -2.108871 -0.000806 0.157080 -0.000126
    12 1.545797 -0.000002 -0.000001 0.000000 0.000000 0.471239
    13 1.667398 0.000001 0.000007 0.000000 0.000000 0.436332
    14 3.899452 -0.475378 -1.170893 -0.000796 0.000000 0.000000
    15 1.528218 0.000003 0.000001 0.000000 0.000000 0.331613
    16 1.528216 -0.000001 -0.000003 0.000000 0.000000 0.479966
    17 3.899459 -0.431804 0.168223 -0.000796 0.000000 0.000000
    18 1.506968 0.000002 -0.000001 0.000000 0.000000 0.427606
    19 1.506962 -0.000001 0.000001 0.000000 0.000000 0.340339
    20 3.915634 -0.278020 1.402608 -0.000796 0.000000 0.000000
    21 1.333080 0.000000 -0.000001 0.000000 0.000000 0.637045
    22 1.159204 0.000000 -0.000002 0.000000 0.000000 0.218166
    23 18.209354 8.207681 -0.352298 -1.582244 0.018583 -3.126150
    24 0.000009 0.011450 -1.352403 -0.000014 1.370796 3.140783
    25 6.078084 0.000001 0.000003 1.122154 -0.818769 -1.216060
    26 13.446750 -0.000005 0.000000 0.000000 0.000000 -1.156655
    27 15.997000 -0.000002 0.000000 1.675572 -0.001138 0.259056
    28 1.885324 0.833275 2.177876 1.172048 -0.644525 0.438889
    29 1.506966 -0.000005 0.000000 0.000000 0.000000 -0.436329
    30 0.798348 -0.000001 -0.000001 0.000000 0.000000 -0.507867
    31 3.950306 -0.539875 2.108876 0.012323 0.110212 -0.171410
    32 1.545797 -0.000001 -0.000008 0.000000 0.000000 0.513113
    33 1.667400 -0.000002 0.000008 0.000000 0.000000 0.785377
    34 3.899460 -0.475376 1.170891 -0.037591 0.101270 -0.055752
    35 1.528215 -0.000001 0.000000 0.000000 0.000000 1.575956
    36 1.528217 -0.000001 0.000001 0.000000 0.000000 1.352577
    37 3.899459 -0.431805 -0.168223 0.093293 -0.006316 0.182573
    38 1.506962 0.000000 0.000002 0.000000 0.000000 1.708639
    39 1.506964 0.000001 -0.000001 0.000000 0.000000 1.310683
    40 3.915634 -0.278019 -1.402605 0.217310 -0.078619 0.205835
    41 1.333083 0.000001 0.000003 0.000000 0.000000 1.464281
    42 1.159202 0.000000 -0.000004 0.000000 0.000000 1.370013
    43 3.495615 0.351176 1.563391 1.582244 -0.018583 -3.126153
    44 -2.156468 1.809614 0.001208 0.000000 0.000000 0.000000
    45 -6.613107 1.564316 -0.031845 0.000000 0.000000 0.000000
  time 32
    0 0.928525 1.014336 -19.461068 0.000000 0.000000 -1.570792
    1 0.000000 0.000000 0.000002 -0.000086 -1.570451 -1.570709
    2 4.443615 -0.009642 0.000006 -0.000004 -0.000001 0.000796
    3 12.111412 -0.011446 0.000000 0.000000 0.000000 0.000000
    4 0.000010 0.011442 1.352402 -0.000014 -1.370796 3.140810
    5 6.078090 0.000001 -0.000005 -0.531509 1.219836 -0.541120
    6 13.446754 -0.000001 0.000001 0.000000 0.000000 -0.648458
    7 15.997000 0.000001 -0.000001 -1.683447 0.000000 0.000000
    8 1.885325 0.833276 -2.177876 -1.598016 0.698132 -0.000668
    9 1.506960 -0.000006 0.000000 0.000000 0.000000 -0.139626
    10 0.798348 0.000003 0.000000 0.000000 0.000000 -0.113446
    11 3.950302 -0.539875 -2.108871 -0.000806 0.157080 -0.000126
    12 1.545797 -0.000002 -0.000001 0.000000 0.000000 0.471239
    13 1.667398 0.000001 0.000007 0.000000 0.000000 0.436332
    14 3.899452 -0.475378 -1.170893 -0.000796 0.000000 0.000000
    15 1.528218 0.000003 0.000001 0.000000 0.000000 0.331613
    16 1.528216 -0.000001 -0.000003 0.000000 0.000000 0.479966
    17 3.899459 -0.431804 0.168223 -0.000796 0.000000 0.000000
    18 1.506968 0.000002 -0.000001 0.000000 0.000000 0.427606
    19 1.506962 -0.000001 0.000001 0.000000 0.000000 0.340339
    20 3.915634 -0.278020 1.402608 -0.000796 0.000000 0.000000
    21 1.333080 0.000000 -0.000001 0.000000 0.000000 0.637045
    22 1.159204 0.000000 -0.000002 0.000000 0.000000 0.218166
    23 18.209354 8.207681 -0.352298 -1.582244 0.018583 -3.126150
    24 0.000009 0.011450 -1.352403 -0.000014 1.370796 3.140783
    25 6.078084 0.000001 0.000003 1.122112 -0.818835 -1.216018
    26 13.446750 -0.000005 0.000000 0.000000 0.000000 -1.156751
    27 15.997000 -0.000002 0.000000 1.675237 -0.001115 0.258841
    28 1.885324 0.833275 2.177876 1.172048 -0.644525 0.438889
    29 1.506966 -0.000005 0.000000 0.000000 0.000000 -0.436329
    30 0.798348 -0.000001 -0.000001 0.000000 0.000000 -0.507867
    31 3.950306 -0.539875 2.108876 0.012323 0.110212 -0.171410
    32 1.545797 -0.000001 -0.000008 0.000000 0.000000 0.513113
    33 1.667400 -0.000002 0.000008 0.000000 0.000000 0.785377
    34 3.899460 -0.475376 1.170891 -0.037591 0.101270 -0.055752
    35 1.528215 -0.000001 0.000000 0.000000 0.000000 1.575956
    36 1.528217 -0.000001 0.000001 0.000000 0.000000 1.352577
    37 3.899459 -0.431805 -0.168223 0.093293 -0.006316 0.182573
    38 1.506962 0.000000 0.000002 0.000000 0.000000 1.708639
    39 1.506964 0.000001 -0.000001 0.000000 0.000000 1.310683
    40 3.915634 -0.278019 -1.402605 0.217310 -0.078619 0.205835
    41 1.333083 0.000001 0.000003 0.000000 0.000000 1.464281
    42 1.159202 0.000000 -0.000004 0.000000 0.000000 1.370013
    43 3.495615 0.351176 1.563391 1.582244 -0.018583 -3.126153
    44 -2.156468 1.809614 0.001208 0.000000 0.000000 0.000000
    45 -6.613107 1.564316 -0.031845 0.000000 0.000000 0.000000
  time 33
    0 0.928525 1.014336 -19.461068 0.000000 0.000000 -1.570792
    1 0.000000 0.000000 0.000002 -0.000086 -1.570451 -1.570709
    2 4.443615 -0.009642 0.000006 -0.000004 -0.000001 0.000796
    3 12.111412 -0.011446 0.000000 0.000000 0.000000 0.000000
    4 0.000010 0.011442 1.352402 -0.000014 -1.370796 3.140810
    5 6.078090 0.000001 -0.000005 -0.531509 1.219836 -0.541120
    6 13.446754 -0.000001 0.000001 0.000000 0.000000 -0.648458
    7 15.997000 0.000001 -0.000001 -1.683447 0.000000 0.000000
    8 1.885325 0.833276 -2.177876 -1.598016 0.698132 -0.000668
    9 1.506960 -0.000006 0.000000 0.000000 0.000000 -0.139626
    10 0.798348 0.000003 0.000000 0.000000 0.000000 -0.113446
    11 3.950302 -0.539875 -2.108871 -0.000806 0.157080 -0.000126
    12 1.545797 -0.000002 -0.000001 0.000000 0.000000 0.471239
    13 1.667398 0.000001 0.000007 0.000000 0.000000 0.436332
    14 3.899452 -0.475378 -1.170893 -0.000796 0.000000 0.000000
    15 1.528218 0.000003 0.000001 0.000000 0.000000 0.331613
    16 1.528216 -0.000001 -0.000003 0.000000 0.000000 0.479966
    17 3.899459 -0.431804 0.168223 -0.000796 0.000000 0.000000
    18 1.506968 0.000002 -0.000001 0.000000 0.000000 0.427606
    19 1.506962 -0.000001 0.000001 0.000000 0.000000 0.340339
    20 3.915634 -0.278020 1.402608 -0.000796 0.000000 0.000000
    21 1.333080 0.000000 -0.000001 0.000000 0.000000 0.637045
    22 1.159204 0.000000 -0.000002 0.000000 0.000000 0.218166
    23 18.209354 8.207681 -0.352298 -1.582244 0.018583 -3.126150
    24 0.000009 0.011450 -1.352403 -0.000014 1.370796 3.140783
    25 6.078084 0.000001 0.000003 1.122085 -0.818901 -1.215976
    26 13.446750 -0.000005 0.000000 0.000000 0.000000 -1.156751
    27 15.997000 -0.000002 0.000000 1.674889 -0.001115 0.258627
    28 1.885324 0.833275 2.177876 1.172048 -0.644525 0.438889
    29 1.506966 -0.000005 0.000000 0.000000 0.000000 -0.436329
    30 0.798348 -0.000001 -0.000001 0.000000 0.000000 -0.507867
    31 3.950306 -0.539875 2.108876 0.012323 0.110212 -0.171410
    32 1.545797 -0.000001 -0.000008 0.000000 0.000000 0.513113
    33 1.667400 -0.000002 0.000008 0.000000 0.000000 0.785377
    34 3.899460 -0.475376 1.170891 -0.037591 0.101270 -0.055752
    35 1.528215 -0.000001 0.000000 0.000000 0.000000 1.575956
    36 1.528217 -0.000001 0.000001 0.000000 0.000000 1.352577
    37 3.899459 -0.431805 -0.168223 0.093293 -0.006316 0.182573
    38 1.506962 0.000000 0.000002 0.000000 0.000000 1.708639
    39 1.506964 0.000001 -0.000001 0.000000 0.000000 1.310683
    40 3.915634 -0.278019 -1.402605 0.217310 -0.078619 0.205835
    41 1.333083 0.000001 0.000003 0.000000 0.000000 1.464281
    42 1.159202 0.000000 -0.000004 0.000000 0.000000 1.370013
    43 3.495615 0.351176 1.563391 1.582244 -0.018583 -3.126153
    44 -2.156468 1.809614 0.001208 0.000000 0.000000 0.000000
    45 -6.617014 1.564316 -0.031845 0.000000 0.000000 0.000000
  time 34
    0 0.928525 1.014336 -19.461068 0.000000 0.000000 -1.570792
    1 0.000000 0.000000 0.000002 -0.000086 -1.570451 -1.570709
    2 4.443615 -0.009642 0.000006 -0.000004 -0.000001 0.000796
    3 12.111412 -0.011446 0.000000 0.000000 0.000000 0.000000
    4 0.000010 0.011442 1.352402 -0.000014 -1.370796 3.140810
    5 6.078090 0.000001 -0.000005 -0.531509 1.219836 -0.541120
    6 13.446754 -0.000001 0.000001 0.000000 0.000000 -0.648458
    7 15.997000 0.000001 -0.000001 -1.683447 0.000000 0.000000
    8 1.885325 0.833276 -2.177876 -1.598016 0.698132 -0.000668
    9 1.506960 -0.000006 0.000000 0.000000 0.000000 -0.139626
    10 0.798348 0.000003 0.000000 0.000000 0.000000 -0.113446
    11 3.950302 -0.539875 -2.108871 -0.000806 0.157080 -0.000126
    12 1.545797 -0.000002 -0.000001 0.000000 0.000000 0.471239
    13 1.667398 0.000001 0.000007 0.000000 0.000000 0.436332
    14 3.899452 -0.475378 -1.170893 -0.000796 0.000000 0.000000
    15 1.528218 0.000003 0.000001 0.000000 0.000000 0.331613
    16 1.528216 -0.000001 -0.000003 0.000000 0.000000 0.479966
    17 3.899459 -0.431804 0.168223 -0.000796 0.000000 0.000000
    18 1.506968 0.000002 -0.000001 0.000000 0.000000 0.427606
    19 1.506962 -0.000001 0.000001 0.000000 0.000000 0.340339
    20 3.915634 -0.278020 1.402608 -0.000796 0.000000 0.000000
    21 1.333080 0.000000 -0.000001 0.000000 0.000000 0.637045
    22 1.159204 0.000000 -0.000002 0.000000 0.000000 0.218166
    23 18.209354 8.207681 -0.352298 -1.582244 0.018583 -3.126150
    24 0.000009 0.011450 -1.352403 -0.000014 1.370796 3.140783
    25 6.078084 0.000001 0.000003 1.122057 -0.818967 -1.215955
    26 13.446750 -0.000005 0.000000 0.000000 0.000000 -1.156847
    27 15.997000 -0.000002 0.000000 1.674541 -0.001092 0.258436
    28 1.885324 0.833275 2.177876 1.172048 -0.644537 0.438889
    29 1.506966 -0.000005 0.000000 0.000000 0.000000 -0.436329
    30 0.798348 -0.000001 -0.000001 0.000000 0.000000 -0.507879
    31 3.950306 -0.539875 2.108876 0.012323 0.110212 -0.171410
    32 1.545797 -0.000001 -0.000008 0.000000 0.000000 0.513113
    33 1.667400 -0.000002 0.000008 0.000000 0.000000 0.785377
    34 3.899460 -0.475376 1.170891 -0.037591 0.101270 -0.055752
    35 1.528215 -0.000001 0.000000 0.000000 0.000000 1.575956
    36 1.528217 -0.000001 0.000001 0.000000 0.000000 1.352577
    37 3.899459 -0.431805 -0.168223 0.093293 -0.006316 0.182573
    38 1.506962 0.000000 0.000002 0.000000 0.000000 1.708639
    39 1.506964 0.000001 -0.000001 0.000000 0.000000 1.310683
    40 3.915634 -0.278019 -1.402605 0.217310 -0.078619 0.205835
    41 1.333083 0.000001 0.000003 0.000000 0.000000 1.464281
    42 1.159202 0.000000 -0.000004 0.000000 0.000000 1.370013
    43 3.495615 0.351176 1.563391 1.582244 -0.018583 -3.126153
    44 -2.156468 1.809614 0.001208 0.000000 0.000000 0.000000
    45 -6.613107 1.564316 -0.031845 0.000000 0.000000 0.000000
  time 35
    0 0.928525 1.014336 -19.461068 0.000000 0.000000 -1.570792
    1 0.000000 0.000000 0.000002 -0.000086 -1.570451 -1.570709
    2 4.443615 -0.009642 0.000006 -0.000004 -0.000001 0.000796
    3 12.111412 -0.011446 0.000000 0.000000 0.000000 0.000000
    4 0.000010 0.011442 1.352402 -0.000014 -1.370796 3.140810
    5 6.078090 0.000001 -0.000005 -0.531509 1.219836 -0.541120
    6 13.446754 -0.000001 0.000001 0.000000 0.000000 -0.648458
    7 15.997000 0.000001 -0.000001 -1.683447 0.000000 0.000000
    8 1.885325 0.833276 -2.177876 -1.598016 0.698132 -0.000668
    9 1.506960 -0.000006 0.000000 0.000000 0.000000 -0.139626
    10 0.798348 0.000003 0.000000 0.000000 0.000000 -0.113446
    11 3.950302 -0.539875 -2.108871 -0.000806 0.157080 -0.000126
    12 1.545797 -0.000002 -0.000001 0.000000 0.000000 0.471239
    13 1.667398 0.000001 0.000007 0.000000 0.000000 0.436332
    14 3.899452 -0.475378 -1.170893 -0.000796 0.000000 0.000000
    15 1.528218 0.000003 0.000001 0.000000 0.000000 0.331613
    16 1.528216 -0.000001 -0.000003 0.000000 0.000000 0.479966
    17 3.899459 -0.431804 0.168223 -0.000796 0.000000 0.000000
    18 1.506968 0.000002 -0.000001 0.000000 0.000000 0.427606
    19 1.506962 -0.000001 0.000001 0.000000 0.000000 0.340339
    20 3.915634 -0.278020 1.402608 -0.000796 0.000000 0.000000
    21 1.333080 0.000000 -0.000001 0.000000 0.000000 0.637045
    22 1.159204 0.000000 -0.000002 0.000000 0.000000 0.218166
    23 18.209354 8.207681 -0.352298 -1.582244 0.018583 -3.126150
    24 0.000009 0.011450 -1.352403 -0.000014 1.370796 3.140783
    25 6.078084 0.000001 0.000003 1.122029 -0.818999 -1.215913
    26 13.446750 -0.000005 0.000000 0.000000 0.000000 -1.156847
    27 15.997000 -0.000002 0.000000 1.674206 -0.001045 0.258222
    28 1.885324 0.833275 2.177876 1.172048 -0.644537 0.438889
    29 1.506966 -0.000005 0.000000 0.000000 0.000000 -0.436329
    30 0.798348 -0.000001 -0.000001 0.000000 0.000000 -0.507867
    31 3.950306 -0.539875 2.108876 0.012323 0.110212 -0.171410
    32 1.545797 -0.000001 -0.000008 0.000000 0.000000 0.513113
    33 1.667400 -0.000002 0.000008 0.000000 0.000000 0.785377
    34 3.899460 -0.475376 1.170891 -0.037591 0.101270 -0.055752
    35 1.528215 -0.000001 0.000000 0.000000 0.000000 1.575956
    36 1.528217 -0.000001 0.000001 0.000000 0.000000 1.352577
    37 3.899459 -0.431805 -0.168223 0.093293 -0.006316 0.182573
    38 1.506962 0.000000 0.000002 0.000000 0.000000 1.708639
    39 1.506964 0.000001 -0.000001 0.000000 0.000000 1.310683
    40 3.915634 -0.278019 -1.402605 0.217310 -0.078619 0.205835
    41 1.333083 0.000001 0.000003 0.000000 0.000000 1.464281
    42 1.159202 0.000000 -0.000004 0.000000 0.000000 1.370013
    43 3.495615 0.351176 1.563391 1.582244 -0.018583 -3.126153
    44 -2.156468 1.809614 0.001208 0.000000 0.000000 0.000000
    45 -6.613107 1.564316 -0.031845 0.000000 0.000000 0.000000
  time 36
    0 0.928525 1.014336 -19.461068 0.000000 0.000000 -1.570792
    1 0.000000 0.000000 0.000002 -0.000086 -1.570451 -1.570709
    2 4.443615 -0.009642 0.000006 -0.000004 -0.000001 0.000796
    3 12.111412 -0.011446 0.000000 0.000000 0.000000 0.000000
    4 0.000010 0.011442 1.352402 -0.000014 -1.370796 3.140810
    5 6.078090 0.000001 -0.000005 -0.531509 1.219836 -0.541120
    6 13.446754 -0.000001 0.000001 0.000000 0.000000 -0.648458
    7 15.997000 0.000001 -0.000001 -1.683447 0.000000 0.000000
    8 1.885325 0.833276 -2.177876 -1.598016 0.698132 -0.000668
    9 1.506960 -0.000006 0.000000 0.000000 0.000000 -0.139626
    10 0.798348 0.000003 0.000000 0.000000 0.000000 -0.113446
    11 3.950302 -0.539875 -2.108871 -0.000806 0.157080 -0.000126
    12 1.545797 -0.000002 -0.000001 0.000000 0.000000 0.471239
    13 1.667398 0.000001 0.000007 0.000000 0.000000 0.436332
    14 3.899452 -0.475378 -1.170893 -0.000796 0.000000 0.000000
    15 1.528218 0.000003 0.000001 0.000000 0.000000 0.331613
    16 1.528216 -0.000001 -0.000003 0.000000 0.000000 0.479966
    17 3.899459 -0.431804 0.168223 -0.000796 0.000000 0.000000
    18 1.506968 0.000002 -0.000001 0.000000 0.000000 0.427606
    19 1.506962 -0.000001 0.000001 0.000000 0.000000 0.340339
    20 3.915634 -0.278020 1.402608 -0.000796 0.000000 0.000000
    21 1.333080 0.000000 -0.000001 0.000000 0.000000 0.637045
    22 1.159204 0.000000 -0.000002 0.000000 0.000000 0.218166
    23 18.209354 8.207681 -0.352298 -1.582244 0.018583 -3.126150
    24 0.000009 0.011450 -1.352403 -0.000014 1.370796 3.140783
    25 6.078084 0.000001 0.000003 1.122016 -0.819065 -1.215892
    26 13.446750 -0.000005 0.000000 0.000000 0.000000 -1.156895
    27 15.997000 -0.000002 0.000000 1.673858 -0.001022 0.258031
    28 1.885324 0.833275 2.177876 1.172048 -0.644525 0.438889
    29 1.506966 -0.000005 0.000000 0.000000 0.000000 -0.436329
    30 0.798348 -0.000001 -0.000001 0.000000 0.000000 -0.507867
    31 3.950306 -0.539875 2.108876 0.012323 0.110212 -0.171410
    32 1.545797 -0.000001 -0.000008 0.000000 0.000000 0.513113
    33 1.667400 -0.000002 0.000008 0.000000 0.000000 0.785377
    34 3.899460 -0.475376 1.170891 -0.037591 0.101270 -0.055752
    35 1.528215 -0.000001 0.000000 0.000000 0.000000 1.575956
    36 1.528217 -0.000001 0.000001 0.000000 0.000000 1.352577
    37 3.899459 -0.431805 -0.168223 0.093293 -0.006316 0.182573
    38 1.506962 0.000000 0.000002 0.000000 0.000000 1.708600
    39 1.506964 0.000001 -0.000001 0.000000 0.000000 1.310683
    40 3.915634 -0.278019 -1.402605 0.217310 -0.078619 0.205835
    41 1.333083 0.000001 0.000003 0.000000 0.000000 1.464281
    42 1.159202 0.000000 -0.000004 0.000000 0.000000 1.370013
    43 3.495615 0.351176 1.563391 1.582244 -0.018583 -3.126153
    44 -2.156468 1.809614 0.001208 0.000000 0.000000 0.000000
    45 -6.613107 1.564316 -0.031845 0.000000 0.000000 0.000000
  time 37
    0 0.928525 1.014336 -19.461068 0.000000 0.000000 -1.570792
    1 0.000000 0.000000 0.000002 -0.000086 -1.570451 -1.570709
    2 4.443615 -0.009642 0.000006 -0.000004 -0.000001 0.000796
    3 12.111412 -0.011446 0.000000 0.000000 0.000000 0.000000
    4 0.000010 0.011442 1.352402 -0.000014 -1.370796 3.140810
    5 6.078090 0.000001 -0.000005 -0.531509 1.219836 -0.541120
    6 13.446754 -0.000001 0.000001 0.000000 0.000000 -0.648458
    7 15.997000 0.000001 -0.000001 -1.683447 0.000000 0.000000
    8 1.885325 0.833276 -2.177876 -1.598016 0.698132 -0.000668
    9 1.506960 -0.000006 0.000000 0.000000 0.000000 -0.139626
    10 0.798348 0.000003 0.000000 0.000000 0.000000 -0.113446
    11 3.950302 -0.539875 -2.108871 -0.000806 0.157080 -0.000126
    12 1.545797 -0.000002 -0.000001 0.000000 0.000000 0.471239
    13 1.667398 0.000001 0.000007 0.000000 0.000000 0.436332
    14 3.899452 -0.475378 -1.170893 -0.000796 0.000000 0.000000
    15 1.528218 0.000003 0.000001 0.000000 0.000000 0.331613
    16 1.528216 -0.000001 -0.000003 0.000000 0.000000 0.479966
    17 3.899459 -0.431804 0.168223 -0.000796 0.000000 0.000000
    18 1.506968 0.000002 -0.000001 0.000000 0.000000 0.427606
    19 1.506962 -0.000001 0.000001 0.000000 0.000000 0.340339
    20 3.915634 -0.278020 1.402608 -0.000796 0.000000 0.000000
    21 1.333080 0.000000 -0.000001 0.000000 0.000000 0.637045
    22 1.159204 0.000000 -0.000002 0.000000 0.000000 0.218166
    23 18.209354 8.207681 -0.352298 -1.582244 0.018583 -3.126150
    24 0.000009 0.011450 -1.352403 -0.000014 1.370796 3.140783
    25 6.078084 0.000001 0.000003 1.121974 -0.819098 -1.215850
    26 13.446750 -0.000005 0.000000 0.000000 0.000000 -1.156943
    27 15.997000 -0.000002 0.000000 1.673535 -0.001022 0.257840
    28 1.885324 0.833275 2.177876 1.172048 -0.644537 0.438889
    29 1.506966 -0.000005 0.000000 0.000000 0.000000 -0.436329
    30 0.798348 -0.000001 -0.000001 0.000000 0.000000 -0.507867
    31 3.950306 -0.539875 2.108876 0.012323 0.110212 -0.171410
    32 1.545797 -0.000001 -0.000008 0.000000 0.000000 0.513113
    33 1.667400 -0.000002 0.000008 0.000000 0.000000 0.785377
    34 3.899460 -0.475376 1.170891 -0.037591 0.101270 -0.055752
    35 1.528215 -0.000001 0.000000 0.000000 0.000000 1.575956
    36 1.528217 -0.000001 0.000001 0.000000 0.000000 1.352577
    37 3.899459 -0.431805 -0.168223 0.093293 -0.006316 0.182573
    38 1.506962 0.000000 0.000002 0.000000 0.000000 1.708639
    39 1.506964 0.000001 -0.000001 0.000000 0.000000 1.310683
    40 3.915634 -0.278019 -1.402605 0.217310 -0.078619 0.205835
    41 1.333083 0.000001 0.000003 0.000000 0.000000 1.464281
    42 1.159202 0.000000 -0.000004 0.000000 0.000000 1.370013
    43 3.495615 0.351176 1.563391 1.582244 -0.018583 -3.126153
    44 -2.156468 1.809614 0.001208 0.000000 0.000000 0.000000
    45 -6.613107 1.564316 -0.031845 0.000000 0.000000 0.000000
  time 38
    0 0.928525 1.014336 -19.461068 0.000000 0.000000 -1.570792
    1 0.000000 0.000000 0.000002 -0.000086 -1.570451 -1.570709
    2 4.443615 -0.009642 0.000006 -0.000004 -0.000001 0.000796
    3 12.111412 -0.011446 0.000000 0.000000 0.000000 0.000000
    4 0.000010 0.011442 1.352402 -0.000014 -1.370796 3.140810
    5 6.078090 0.000001 -0.000005 -0.531509 1.219836 -0.541120
    6 13.446754 -0.000001 0.000001 0.000000 0.000000 -0.648458
    7 15.997000 0.000001 -0.000001 -1.683447 0.000000 0.000000
    8 1.885325 0.833276 -2.177876 -1.598016 0.698132 -0.000668
    9 1.506960 -0.000006 0.000000 0.000000 0.000000 -0.139626
    10 0.798348 0.000003 0.000000 0.000000 0.000000 -0.113446
    11 3.950302 -0.539875 -2.108871 -0.000806 0.157080 -0.000126
    12 1.545797 -0.000002 -0.000001 0.000000 0.000000 0.471239
    13 1.667398 0.000001 0.000007 0.000000 0.000000 0.436332
    14 3.899452 -0.475378 -1.170893 -0.000796 0.000000 0.000000
    15 1.528218 0.000003 0.000001 0.000000 0.000000 0.331613
    16 1.528216 -0.000001 -0.000003 0.000000 0.000000 0.479966
    17 3.899459 -0.431804 0.168223 -0.000796 0.000000 0.000000
    18 1.506968 0.000002 -0.000001 0.000000 0.000000 0.427606
    19 1.506962 -0.000001 0.000001 0.000000 0.000000 0.340339
    20 3.915634 -0.278020 1.402608 -0.000796 0.000000 0.000000
    21 1.333080 0.000000 -0.000001 0.000000 0.000000 0.637045
    22 1.159204 0.000000 -0.000002 0.000000 0.000000 0.218166
    23 18.209354 8.207681 -0.352298 -1.582244 0.018583 -3.126150
    24 0.000009 0.011450 -1.352403 -0.000014 1.370796 3.140783
    25 6.078084 0.000001 0.000003 1.121960 -0.819131 -1.215829
    26 13.446750 -0.000005 0.000000 0.000000 0.000000 -1.156991
    27 15.997000 -0.000002 0.000000 1.673187 -0.000999 0.257674
    28 1.885324 0.833275 2.177876 1.172048 -0.644537 0.438889
    29 1.506966 -0.000005 0.000000 0.000000 0.000000 -0.436329
    30 0.798348 -0.000001 -0.000001 0.000000 0.000000 -0.507879
    31 3.950306 -0.539875 2.108876 0.012323 0.110212 -0.171410
    32 1.545797 -0.000001 -0.000008 0.000000 0.000000 0.513113
    33 1.667400 -0.000002 0.000008 0.000000 0.000000 0.785377
    34 3.899460 -0.475376 1.170891 -0.037591 0.101270 -0.055752
    35 1.528215 -0.000001 0.000000 0.000000 0.000000 1.575956
    36 1.528217 -0.000001 0.000001 0.000000 0.000000 1.352577
    37 3.899459 -0.431805 -0.168223 0.093293 -0.006316 0.182573
    38 1.506962 0.000000 0.000002 0.000000 0.000000 1.708639
    39 1.506964 0.000001 -0.000001 0.000000 0.000000 1.310683
    40 3.915634 -0.278019 -1.402605 0.217310 -0.078619 0.205835
    41 1.333083 0.000001 0.000003 0.000000 0.000000 1.464281
    42 1.159202 0.000000 -0.000004 0.000000 0.000000 1.370013
    43 3.495615 0.351176 1.563391 1.582244 -0.018583 -3.126153
    44 -2.156468 1.809614 0.001208 0.000000 0.000000 0.000000
    45 -6.613107 1.564316 -0.031845 0.000000 0.000000 0.000000
  time 39
    0 0.928525 1.014336 -19.461068 0.000000 0.000000 -1.570792
    1 0.000000 0.000000 0.000002 -0.000086 -1.570451 -1.570709
    2 4.443615 -0.009642 0.000006 -0.000004 -0.000001 0.000796
    3 12.111412 -0.011446 0.000000 0.000000 0.000000 0.000000
    4 0.000010 0.011442 1.352402 -0.000014 -1.370796 3.140810
    5 6.078090 0.000001 -0.000005 -0.531509 1.219836 -0.541120
    6 13.446754 -0.000001 0.000001 0.000000 0.000000 -0.648458
    7 15.997000 0.000001 -0.000001 -1.683447 0.000000 0.000000
    8 1.885325 0.833276 -2.177876 -1.598016 0.698132 -0.000668
    9 1.506960 -0.000006 0.000000 0.000000 0.000000 -0.139626
    10 0.798348 0.000003 0.000000 0.000000 0.000000 -0.113446
    11 3.950302 -0.539875 -2.108871 -0.000806 0.157080 -0.000126
    12 1.545797 -0.000002 -0.000001 0.000000 0.000000 0.471239
    13 1.667398 0.000001 0.000007 0.000000 0.000000 0.436332
    14 3.899452 -0.475378 -1.170893 -0.000796 0.000000 0.000000
    15 1.528218 0.000003 0.000001 0.000000 0.000000 0.331613
    16 1.528216 -0.000001 -0.000003 0.000000 0.000000 0.479966
    17 3.899459 -0.431804 0.168223 -0.000796 0.000000 0.000000
    18 1.506968 0.000002 -0.000001 0.000000 0.000000 0.427606
    19 1.506962 -0.000001 0.000001 0.000000 0.000000 0.340339
    20 3.915634 -0.278020 1.402608 -0.000796 0.000000 0.000000
    21 1.333080 0.000000 -0.000001 0.000000 0.000000 0.637045
    22 1.159204 0.000000 -0.000002 0.000000 0.000000 0.218166
    23 18.209354 8.207681 -0.352298 -1.582244 0.018583 -3.126150
    24 0.000009 0.011450 -1.352403 -0.000014 1.370796 3.140783
    25 6.078084 0.000001 0.000003 1.121946 -0.819164 -1.215808
    26 13.446750 -0.000005 0.000000 0.000000 0.000000 -1.157087
    27 15.997000 -0.000002 0.000000 1.672876 -0.000999 0.257507
    28 1.885324 0.833275 2.177876 1.172048 -0.644525 0.438889
    29 1.506966 -0.000005 0.000000 0.000000 0.000000 -0.436329
    30 0.798348 -0.000001 -0.000001 0.000000 0.000000 -0.507867
    31 3.950306 -0.539875 2.108876 0.012323 0.110212 -0.171410
    32 1.545797 -0.000001 -0.000008 0.000000 0.000000 0.513113
    33 1.667400 -0.000002 0.000008 0.000000 0.000000 0.785377
    34 3.899460 -0.475376 1.170891 -0.037591 0.101270 -0.055752
    35 1.528215 -0.000001 0.000000 0.000000 0.000000 1.575956
    36 1.528217 -0.000001 0.000001 0.000000 0.000000 1.352577
    37 3.899459 -0.431805 -0.168223 0.093293 -0.006316 0.182573
    38 1.506962 0.000000 0.000002 0.000000 0.000000 1.708639
    39 1.506964 0.000001 -0.000001 0.000000 0.000000 1.310683
    40 3.915634 -0.278019 -1.402605 0.217310 -0.078619 0.205835
    41 1.333083 0.000001 0.000003 0.000000 0.000000 1.464281
    42 1.159202 0.000000 -0.000004 0.000000 0.000000 1.370013
    43 3.495615 0.351176 1.563391 1.582244 -0.018583 -3.126153
    44 -2.156468 1.809614 0.001208 0.000000 0.000000 0.000000
    45 -6.613107 1.564316 -0.031845 0.000000 0.000000 0.000000
  time 40
    0 0.928525 1.014336 -19.461068 0.000000 0.000000 -1.570792
    1 0.000000 0.000000 0.000002 -0.000086 -1.570451 -1.570709
    2 4.443615 -0.009642 0.000006 -0.000004 -0.000001 0.000796
    3 12.111412 -0.011446 0.000000 0.000000 0.000000 0.000000
    4 0.000010 0.011442 1.352402 -0.000014 -1.370796 3.140810
    5 6.078090 0.000001 -0.000005 -0.531509 1.219836 -0.541120
    6 13.446754 -0.000001 0.000001 0.000000 0.000000 -0.648458
    7 15.997000 0.000001 -0.000001 -1.683447 0.000000 0.000000
    8 1.885325 0.833276 -2.177876 -1.598016 0.698132 -0.000668
    9 1.506960 -0.000006 0.000000 0.000000 0.000000 -0.139626
    10 0.798348 0.000003 0.000000 0.000000 0.000000 -0.113446
    11 3.950302 -0.539875 -2.108871 -0.000806 0.157080 -0.000126
    12 1.545797 -0.000002 -0.000001 0.000000 0.000000 0.471239
    13 1.667398 0.000001 0.000007 0.000000 0.000000 0.436332
    14 3.899452 -0.475378 -1.170893 -0.000796 0.000000 0.000000
    15 1.528218 0.000003 0.000001 0.000000 0.000000 0.331613
    16 1.528216 -0.000001 -0.000003 0.000000 0.000000 0.479966
    17 3.899459 -0.431804 0.168223 -0.000796 0.000000 0.000000
    18 1.506968 0.000002 -0.000001 0.000000 0.000000 0.427606
    19 1.506962 -0.000001 0.000001 0.000000 0.000000 0.340339
    20 3.915634 -0.278020 1.402608 -0.000796 0.000000 0.000000
    21 1.333080 0.000000 -0.000001 0.000000 0.000000 0.637045
    22 1.159204 0.000000 -0.000002 0.000000 0.000000 0.218166
    23 18.209354 8.207681 -0.352298 -1.582244 0.018583 -3.126150
    24 0.000009 0.011450 -1.352403 -0.000014 1.370796 3.140783
    25 6.078084 0.000001 0.000003 1.121933 -0.819230 -1.215787
    26 13.446750 -0.000005 0.000000 0.000000 0.000000 -1.157087
    27 15.997000 -0.000002 0.000000 1.672540 -0.000952 0.257340
    28 1.885324 0.833275 2.177876 1.172048 -0.644525 0.438889
    29 1.506966 -0.000005 0.000000 0.000000 0.000000 -0.436329
    30 0.798348 -0.000001 -0.000001 0.000000 0.000000 -0.507867
    31 3.950306 -0.539875 2.108876 0.012323 0.110212 -0.171410
    32 1.545797 -0.000001 -0.000008 0.000000 0.000000 0.513113
    33 1.667400 -0.000002 0.000008 0.000000 0.000000 0.785377
    34 3.899460 -0.475376 1.170891 -0.037591 0.101270 -0.055752
    35 1.528215 -0.000001 0.000000 0.000000 0.000000 1.575956
    36 1.528217 -0.000001 0.000001 0.000000 0.000000 1.352577
    37 3.899459 -0.431805 -0.168223 0.093293 -0.006316 0.182573
    38 1.506962 0.000000 0.000002 0.000000 0.000000 1.708639
    39 1.506964 0.000001 -0.000001 0.000000 0.000000 1.310683
    40 3.915634 -0.278019 -1.402605 0.217310 -0.078619 0.205835
    41 1.333083 0.000001 0.000003 0.000000 0.000000 1.464281
    42 1.159202 0.000000 -0.000004 0.000000 0.000000 1.370013
    43 3.495615 0.351176 1.563391 1.582244 -0.018583 -3.126153
    44 -2.156468 1.809614 0.001208 0.000000 0.000000 0.000000
    45 -6.613107 1.564316 -0.031845 0.000000 0.000000 0.000000
  time 41
    0 0.928525 1.014336 -19.461068 0.000000 0.000000 -1.570792
    1 0.000000 0.000000 0.000002 -0.000086 -1.570451 -1.570709
    2 4.443615 -0.009642 0.000006 -0.000004 -0.000001 0.000796
    3 12.111412 -0.011446 0.000000 0.000000 0.000000 0.000000
    4 0.000010 0.011442 1.352402 -0.000014 -1.370796 3.140810
    5 6.078090 0.000001 -0.000005 -0.531509 1.219836 -0.541120
    6 13.446754 -0.000001 0.000001 0.000000 0.000000 -0.648458
    7 15.997000 0.000001 -0.000001 -1.683447 0.000000 0.000000
    8 1.885325 0.833276 -2.177876 -1.598016 0.698132 -0.000668
    9 1.506960 -0.000006 0.000000 0.000000 0.000000 -0.139626
    10 0.798348 0.000003 0.000000 0.000000 0.000000 -0.113446
    11 3.950302 -0.539875 -2.108871 -0.000806 0.157080 -0.000126
    12 1.545797 -0.000002 -0.000001 0.000000 0.000000 0.471239
    13 1.667398 0.000001 0.000007 0.000000 0.000000 0.436332
    14 3.899452 -0.475378 -1.170893 -0.000796 0.000000 0.000000
    15 1.528218 0.000003 0.000001 0.000000 0.000000 0.331613
    16 1.528216 -0.000001 -0.000003 0.000000 0.000000 0.479966
    17 3.899459 -0.431804 0.168223 -0.000796 0.000000 0.000000
    18 1.506968 0.000002 -0.000001 0.000000 0.000000 0.427606
    19 1.506962 -0.000001 0.000001 0.000000 0.000000 0.340339
    20 3.915634 -0.278020 1.402608 -0.000796 0.000000 0.000000
    21 1.333080 0.000000 -0.000001 0.000000 0.000000 0.637045
    22 1.159204 0.000000 -0.000002 0.000000 0.000000 0.218166
    23 18.209354 8.207681 -0.352298 -1.582244 0.018583 -3.126150
    24 0.000009 0.011450 -1.352403 -0.000014 1.370796 3.140783
    25 6.078084 0.000001 0.000003 1.121919 -0.819230 -1.215766
    26 13.446750 -0.000005 0.000000 0.000000 0.000000 -1.157087
    27 15.997000 -0.000002 0.000000 1.672228 -0.000929 0.257173
    28 1.885324 0.833275 2.177876 1.172048 -0.644525 0.438889
    29 1.506966 -0.000005 0.000000 0.000000 0.000000 -0.436329
    30 0.798348 -0.000001 -0.000001 0.000000 0.000000 -0.507867
    31 3.950306 -0.539875 2.108876 0.012323 0.110212 -0.171410
    32 1.545797 -0.000001 -0.000008 0.000000 0.000000 0.513113
    33 1.667400 -0.000002 0.000008 0.000000 0.000000 0.785377
    34 3.899460 -0.475376 1.170891 -0.037591 0.101270 -0.055752
    35 1.528215 -0.000001 0.000000 0.000000 0.000000 1.575956
    36 1.528217 -0.000001 0.000001 0.000000 0.000000 1.352577
    37 3.899459 -0.431805 -0.168223 0.093293 -0.006316 0.182573
    38 1.506962 0.000000 0.000002 0.000000 0.000000 1.708639
    39 1.506964 0.000001 -0.000001 0.000000 0.000000 1.310683
    40 3.915634 -0.278019 -1.402605 0.217310 -0.078619 0.205835
    41 1.333083 0.000001 0.000003 0.000000 0.000000 1.464281
    42 1.159202 0.000000 -0.000004 0.000000 0.000000 1.370013
    43 3.495615 0.351176 1.563391 1.582244 -0.018583 -3.126153
    44 -2.156468 1.809614 0.001208 0.000000 0.000000 0.000000
    45 -6.613107 1.564316 -0.031845 0.000000 0.000000 0.000000
  time 42
    0 0.928525 1.014336 -19.461068 0.000000 0.000000 -1.570792
    1 0.000000 0.000000 0.000002 -0.000086 -1.570451 -1.570709
    2 4.443615 -0.009642 0.000006 -0.000004 -0.000001 0.000796
    3 12.111412 -0.011446 0.000000 0.000000 0.000000 0.000000
    4 0.000010 0.011442 1.352402 -0.000014 -1.370796 3.140810
    5 6.078090 0.000001 -0.000005 -0.531509 1.219836 -0.541120
    6 13.446754 -0.000001 0.000001 0.000000 0.000000 -0.648458
    7 15.997000 0.000001 -0.000001 -1.683447 0.000000 0.000000
    8 1.885325 0.833276 -2.177876 -1.598016 0.698132 -0.000668
    9 1.506960 -0.000006 0.000000 0.000000 0.000000 -0.139626
    10 0.798348 0.000003 0.000000 0.000000 0.000000 -0.113446
    11 3.950302 -0.539875 -2.108871 -0.000806 0.157080 -0.000126
    12 1.545797 -0.000002 -0.000001 0.000000 0.000000 0.471239
    13 1.667398 0.000001 0.000007 0.000000 0.000000 0.436332
    14 3.899452 -0.475378 -1.170893 -0.000796 0.000000 0.000000
    15 1.528218 0.000003 0.000001 0.000000 0.000000 0.331613
    16 1.528216 -0.000001 -0.000003 0.000000 0.000000 0.479966
    17 3.899459 -0.431804 0.168223 -0.000796 0.000000 0.000000
    18 1.506968 0.000002 -0.000001 0.000000 0.000000 0.427606
    19 1.506962 -0.000001 0.000001 0.000000 0.000000 0.340339
    20 3.915634 -0.278020 1.402608 -0.000796 0.000000 0.000000
    21 1.333080 0.000000 -0.000001 0.000000 0.000000 0.637045
    22 1.159204 0.000000 -0.000002 0.000000 0.000000 0.218166
    23 18.209354 8.207681 -0.352298 -1.582244 0.018583 -3.126150
    24 0.000009 0.011450 -1.352403 -0.000014 1.370796 3.140783
    25 6.078084 0.000001 0.000003 1.121905 -0.819262 -1.215744
    26 13.446750 -0.000005 0.000000 0.000000 0.000000 -1.157087
    27 15.997000 -0.000002 0.000000 1.671929 -0.000929 0.257030
    28 1.885324 0.833275 2.177876 1.172048 -0.644525 0.438889
    29 1.506966 -0.000005 0.000000 0.000000 0.000000 -0.436329
    30 0.798348 -0.000001 -0.000001 0.000000 0.000000 -0.507867
    31 3.950306 -0.539875 2.108876 0.012323 0.110212 -0.171410
    32 1.545797 -0.000001 -0.000008 0.000000 0.000000 0.513113
    33 1.667400 -0.000002 0.000008 0.000000 0.000000 0.785377
    34 3.899460 -0.475376 1.170891 -0.037591 0.101270 -0.055752
    35 1.528215 -0.000001 0.000000 0.000000 0.000000 1.575956
    36 1.528217 -0.000001 0.000001 0.000000 0.000000 1.352577
    37 3.899459 -0.431805 -0.168223 0.093293 -0.006316 0.182573
    38 1.506962 0.000000 0.000002 0.000000 0.000000 1.708639
    39 1.506964 0.000001 -0.000001 0.000000 0.000000 1.310683
    40 3.915634 -0.278019 -1.402605 0.217310 -0.078619 0.205835
    41 1.333083 0.000001 0.000003 0.000000 0.000000 1.464281
    42 1.159202 0.000000 -0.000004 0.000000 0.000000 1.370013
    43 3.495615 0.351176 1.563391 1.582244 -0.018583 -3.126153
    44 -2.156468 1.809614 0.001208 0.000000 0.000000 0.000000
    45 -6.613107 1.564316 -0.031845 0.000000 0.000000 0.000000
  time 43
    0 0.928525 1.014336 -19.461068 0.000000 0.000000 -1.570792
    1 0.000000 0.000000 0.000002 -0.000086 -1.570451 -1.570709
    2 4.443615 -0.009642 0.000006 -0.000004 -0.000001 0.000796
    3 12.111412 -0.011446 0.000000 0.000000 0.000000 0.000000
    4 0.000010 0.011442 1.352402 -0.000014 -1.370796 3.140810
    5 6.078090 0.000001 -0.000005 -0.531509 1.219836 -0.541120
    6 13.446754 -0.000001 0.000001 0.000000 0.000000 -0.648458
    7 15.997000 0.000001 -0.000001 -1.683447 0.000000 0.000000
    8 1.885325 0.833276 -2.177876 -1.598016 0.698132 -0.000668
    9 1.506960 -0.000006 0.000000 0.000000 0.000000 -0.139626
    10 0.798348 0.000003 0.000000 0.000000 0.000000 -0.113446
    11 3.950302 -0.539875 -2.108871 -0.000806 0.157080 -0.000126
    12 1.545797 -0.000002 -0.000001 0.000000 0.000000 0.471239
    13 1.667398 0.000001 0.000007 0.000000 0.000000 0.436332
    14 3.899452 -0.475378 -1.170893 -0.000796 0.000000 0.000000
    15 1.528218 0.000003 0.000001 0.000000 0.000000 0.331613
    16 1.528216 -0.000001 -0.000003 0.000000 0.000000 0.479966
    17 3.899459 -0.431804 0.168223 -0.000796 0.000000 0.000000
    18 1.506968 0.000002 -0.000001 0.000000 0.000000 0.427606
    19 1.506962 -0.000001 0.000001 0.000000 0.000000 0.340339
    20 3.915634 -0.278020 1.402608 -0.000796 0.000000 0.000000
    21 1.333080 0.000000 -0.000001 0.000000 0.000000 0.637045
    22 1.159204 0.000000 -0.000002 0.000000 0.000000 0.218166
    23 18.209354 8.207681 -0.352298 -1.582244 0.018583 -3.126150
    24 0.000009 0.011450 -1.352403 -0.000014 1.370796 3.140783
    25 6.078084 0.000001 0.000003 1.121877 -0.819295 -1.215723
    26 13.446750 -0.000005 0.000000 0.000000 0.000000 -1.157087
    27 15.997000 -0.000002 0.000000 1.671617 -0.000929 0.256911
    28 1.885324 0.833275 2.177876 1.172048 -0.644525 0.438889
    29 1.506966 -0.000005 0.000000 0.000000 0.000000 -0.436329
    30 0.798348 -0.000001 -0.000001 0.000000 0.000000 -0.507867
    31 3.950306 -0.539875 2.108876 0.012323 0.110212 -0.171410
    32 1.545797 -0.000001 -0.000008 0.000000 0.000000 0.513113
    33 1.667400 -0.000002 0.000008 0.000000 0.000000 0.785377
    34 3.899460 -0.475376 1.170891 -0.037591 0.101270 -0.055752
    35 1.528215 -0.000001 0.000000 0.000000 0.000000 1.575956
    36 1.528217 -0.000001 0.000001 0.000000 0.000000 1.352577
    37 3.899459 -0.431805 -0.168223 0.093293 -0.006316 0.182573
    38 1.506962 0.000000 0.000002 0.000000 0.000000 1.708639
    39 1.506964 0.000001 -0.000001 0.000000 0.000000 1.310683
    40 3.915634 -0.278019 -1.402605 0.217310 -0.078619 0.205835
    41 1.333083 0.000001 0.000003 0.000000 0.000000 1.464281
    42 1.159202 0.000000 -0.000004 0.000000 0.000000 1.370013
    43 3.495615 0.351176 1.563391 1.582244 -0.018583 -3.126153
    44 -2.156468 1.809614 0.001208 0.000000 0.000000 0.000000
    45 -6.613107 1.564316 -0.031845 0.000000 0.000000 0.000000
  time 44
    0 0.928525 1.014336 -19.461068 0.000000 0.000000 -1.570792
    1 0.000000 0.000000 0.000002 -0.000086 -1.570451 -1.570709
    2 4.443615 -0.009642 0.000006 -0.000004 -0.000001 0.000796
    3 12.111412 -0.011446 0.000000 0.000000 0.000000 0.000000
    4 0.000010 0.011442 1.352402 -0.000014 -1.370796 3.140810
    5 6.078090 0.000001 -0.000005 -0.531509 1.219836 -0.541120
    6 13.446754 -0.000001 0.000001 0.000000 0.000000 -0.648458
    7 15.997000 0.000001 -0.000001 -1.683447 0.000000 0.000000
    8 1.885325 0.833276 -2.177876 -1.598016 0.698132 -0.000668
    9 1.506960 -0.000006 0.000000 0.000000 0.000000 -0.139626
    10 0.798348 0.000003 0.000000 0.000000 0.000000 -0.113446
    11 3.950302 -0.539875 -2.108871 -0.000806 0.157080 -0.000126
    12 1.545797 -0.000002 -0.000001 0.000000 0.000000 0.471239
    13 1.667398 0.000001 0.000007 0.000000 0.000000 0.436332
    14 3.899452 -0.475378 -1.170893 -0.000796 0.000000 0.000000
    15 1.528218 0.000003 0.000001 0.000000 0.000000 0.331613
    16 1.528216 -0.000001 -0.000003 0.000000 0.000000 0.479966
    17 3.899459 -0.431804 0.168223 -0.000796 0.000000 0.000000
    18 1.506968 0.000002 -0.000001 0.000000 0.000000 0.427606
    19 1.506962 -0.000001 0.000001 0.000000 0.000000 0.340339
    20 3.915634 -0.278020 1.402608 -0.000796 0.000000 0.000000
    21 1.333080 0.000000 -0.000001 0.000000 0.000000 0.637045
    22 1.159204 0.000000 -0.000002 0.000000 0.000000 0.218166
    23 18.209354 8.207681 -0.352298 -1.582244 0.018583 -3.126150
    24 0.000009 0.011450 -1.352403 -0.000014 1.370796 3.140783
    25 6.078084 0.000001 0.000003 1.121877 -0.819328 -1.215723
    26 13.446750 -0.000005 0.000000 0.000000 0.000000 -1.157087
    27 15.997000 -0.000002 0.000000 1.671342 -0.000929 0.256768
    28 1.885324 0.833275 2.177876 1.172048 -0.644537 0.438889
    29 1.506966 -0.000005 0.000000 0.000000 0.000000 -0.436329
    30 0.798348 -0.000001 -0.000001 0.000000 0.000000 -0.507867
    31 3.950306 -0.539875 2.108876 0.012323 0.110212 -0.171410
    32 1.545797 -0.000001 -0.000008 0.000000 0.000000 0.513113
    33 1.667400 -0.000002 0.000008 0.000000 0.000000 0.785377
    34 3.899460 -0.475376 1.170891 -0.037591 0.101270 -0.055752
    35 1.528215 -0.000001 0.000000 0.000000 0.000000 1.575956
    36 1.528217 -0.000001 0.000001 0.000000 0.000000 1.352604
    37 3.899459 -0.431805 -0.168223 0.093293 -0.006316 0.182573
    38 1.506962 0.000000 0.000002 0.000000 0.000000 1.708600
    39 1.506964 0.000001 -0.000001 0.000000 0.000000 1.310683
    40 3.915634 -0.278019 -1.402605 0.217310 -0.078619 0.205835
    41 1.333083 0.000001 0.000003 0.000000 0.000000 1.464281
    42 1.159202 0.000000 -0.000004 0.000000 0.000000 1.370013
    43 3.495615 0.351176 1.563391 1.582244 -0.018583 -3.126153
    44 -2.156468 1.809614 0.001208 0.000000 0.000000 0.000000
    45 -6.613107 1.564316 -0.031845 0.000000 0.000000 0.000000
  time 45
    0 0.928525 1.014336 -19.461068 0.000000 0.000000 -1.570792
    1 0.000000 0.000000 0.000002 -0.000086 -1.570451 -1.570709
    2 4.443615 -0.009642 0.000006 -0.000004 -0.000001 0.000796
    3 12.111412 -0.011446 0.000000 0.000000 0.000000 0.000000
    4 0.000010 0.011442 1.352402 -0.000014 -1.370796 3.140810
    5 6.078090 0.000001 -0.000005 -0.531509 1.219836 -0.541120
    6 13.446754 -0.000001 0.000001 0.000000 0.000000 -0.648458
    7 15.997000 0.000001 -0.000001 -1.683447 0.000000 0.000000
    8 1.885325 0.833276 -2.177876 -1.598016 0.698132 -0.000668
    9 1.506960 -0.000006 0.000000 0.000000 0.000000 -0.139626
    10 0.798348 0.000003 0.000000 0.000000 0.000000 -0.113446
    11 3.950302 -0.539875 -2.108871 -0.000806 0.157080 -0.000126
    12 1.545797 -0.000002 -0.000001 0.000000 0.000000 0.471239
    13 1.667398 0.000001 0.000007 0.000000 0.000000 0.436332
    14 3.899452 -0.475378 -1.170893 -0.000796 0.000000 0.000000
    15 1.528218 0.000003 0.000001 0.000000 0.000000 0.331613
    16 1.528216 -0.000001 -0.000003 0.000000 0.000000 0.479966
    17 3.899459 -0.431804 0.168223 -0.000796 0.000000 0.000000
    18 1.506968 0.000002 -0.000001 0.000000 0.000000 0.427606
    19 1.506962 -0.000001 0.000001 0.000000 0.000000 0.340339
    20 3.915634 -0.278020 1.402608 -0.000796 0.000000 0.000000
    21 1.333080 0.000000 -0.000001 0.000000 0.000000 0.637045
    22 1.159204 0.000000 -0.000002 0.000000 0.000000 0.218166
    23 18.209354 8.207681 -0.352298 -1.582244 0.018583 -3.126150
    24 0.000009 0.011450 -1.352403 -0.000014 1.370796 3.140783
    25 6.078084 0.000001 0.000003 1.121864 -0.819328 -1.215702
    26 13.446750 -0.000005 0.000000 0.000000 0.000000 -1.157087
    27 15.997000 -0.000002 0.000000 1.671066 -0.000906 0.256673
    28 1.885324 0.833275 2.177876 1.172048 -0.644537 0.438889
    29 1.506966 -0.000005 0.000000 0.000000 0.000000 -0.436329
    30 0.798348 -0.000001 -0.000001 0.000000 0.000000 -0.507867
    31 3.950306 -0.539875 2.108876 0.012323 0.110212 -0.171410
    32 1.545797 -0.000001 -0.000008 0.000000 0.000000 0.513113
    33 1.667400 -0.000002 0.000008 0.000000 0.000000 0.785377
    34 3.899460 -0.475376 1.170891 -0.037591 0.101270 -0.055752
    35 1.528215 -0.000001 0.000000 0.000000 0.000000 1.575956
    36 1.528217 -0.000001 0.000001 0.000000 0.000000 1.352577
    37 3.899459 -0.431805 -0.168223 0.093293 -0.006316 0.182573
    38 1.506962 0.000000 0.000002 0.000000 0.000000 1.708639
    39 1.506964 0.000001 -0.000001 0.000000 0.000000 1.310683
    40 3.915634 -0.278019 -1.402605 0.217310 -0.078619 0.205835
    41 1.333083 0.000001 0.000003 0.000000 0.000000 1.464281
    42 1.159202 0.000000 -0.000004 0.000000 0.000000 1.370013
    43 3.495615 0.351176 1.563391 1.582244 -0.018583 -3.126153
    44 -2.156468 1.809614 0.001208 0.000000 0.000000 0.000000
    45 -6.613107 1.564316 -0.031845 0.000000 0.000000 0.000000
  time 46
    0 0.928525 1.014336 -19.461068 0.000000 0.000000 -1.570792
    1 0.000000 0.000000 0.000002 -0.000086 -1.570451 -1.570709
    2 4.443615 -0.009642 0.000006 -0.000004 -0.000001 0.000796
    3 12.111412 -0.011446 0.000000 0.000000 0.000000 0.000000
    4 0.000010 0.011442 1.352402 -0.000014 -1.370796 3.140810
    5 6.078090 0.000001 -0.000005 -0.531509 1.219836 -0.541120
    6 13.446754 -0.000001 0.000001 0.000000 0.000000 -0.648458
    7 15.997000 0.000001 -0.000001 -1.683447 0.000000 0.000000
    8 1.885325 0.833276 -2.177876 -1.598016 0.698132 -0.000668
    9 1.506960 -0.000006 0.000000 0.000000 0.000000 -0.139626
    10 0.798348 0.000003 0.000000 0.000000 0.000000 -0.113446
    11 3.950302 -0.539875 -2.108871 -0.000806 0.157080 -0.000126
    12 1.545797 -0.000002 -0.000001 0.000000 0.000000 0.471239
    13 1.667398 0.000001 0.000007 0.000000 0.000000 0.436332
    14 3.899452 -0.475378 -1.170893 -0.000796 0.000000 0.000000
    15 1.528218 0.000003 0.000001 0.000000 0.000000 0.331613
    16 1.528216 -0.000001 -0.000003 0.000000 0.000000 0.479966
    17 3.899459 -0.431804 0.168223 -0.000796 0.000000 0.000000
    18 1.506968 0.000002 -0.000001 0.000000 0.000000 0.427606
    19 1.506962 -0.000001 0.000001 0.000000 0.000000 0.340339
    20 3.915634 -0.278020 1.402608 -0.000796 0.000000 0.000000
    21 1.333080 0.000000 -0.000001 0.000000 0.000000 0.637045
    22 1.159204 0.000000 -0.000002 0.000000 0.000000 0.218166
    23 18.209354 8.207681 -0.352298 -1.582244 0.018583 -3.126150
    24 0.000009 0.011450 -1.352403 -0.000014 1.370796 3.140783
    25 6.078084 0.000001 0.000003 1.121864 -0.819328 -1.215702
    26 13.446750 -0.000005 0.000000 0.000000 0.000000 -1.157087
    27 15.997000 -0.000002 0.000000 1.670802 -0.000906 0.256577
    28 1.885324 0.833275 2.177876 1.172048 -0.644525 0.438889
    29 1.506966 -0.000005 0.000000 0.000000 0.000000 -0.436329
    30 0.798348 -0.000001 -0.000001 0.000000 0.000000 -0.507867
    31 3.950306 -0.539875 2.108876 0.012323 0.110212 -0.171410
    32 1.545797 -0.000001 -0.000008 0.000000 0.000000 0.513113
    33 1.667400 -0.000002 0.000008 0.000000 0.000000 0.785377
    34 3.899460 -0.475376 1.170891 -0.037591 0.101270 -0.055752
    35 1.528215 -0.000001 0.000000 0.000000 0.000000 1.575956
    36 1.528217 -0.000001 0.000001 0.000000 0.000000 1.352577
    37 3.899459 -0.431805 -0.168223 0.093293 -0.006316 0.182573
    38 1.506962 0.000000 0.000002 0.000000 0.000000 1.708639
    39 1.506964 0.000001 -0.000001 0.000000 0.000000 1.310683
    40 3.915634 -0.278019 -1.402605 0.217310 -0.078619 0.205835
    41 1.333083 0.000001 0.000003 0.000000 0.000000 1.464281
    42 1.159202 0.000000 -0.000004 0.000000 0.000000 1.370013
    43 3.495615 0.351176 1.563391 1.582244 -0.018583 -3.126153
    44 -2.156468 1.809614 0.001208 0.000000 0.000000 0.000000
    45 -6.613107 1.564316 -0.031845 0.000000 0.000000 0.000000
  time 47
    0 0.928525 1.014336 -19.461068 0.000000 0.000000 -1.570792
    1 0.000000 0.000000 0.000002 -0.000086 -1.570451 -1.570709
    2 4.443615 -0.009642 0.000006 -0.000004 -0.000001 0.000796
    3 12.111412 -0.011446 0.000000 0.000000 0.000000 0.000000
    4 0.000010 0.011442 1.352402 -0.000014 -1.370796 3.140810
    5 6.078090 0.000001 -0.000005 -0.531509 1.219836 -0.541120
    6 13.446754 -0.000001 0.000001 0.000000 0.000000 -0.648458
    7 15.997000 0.000001 -0.000001 -1.683447 0.000000 0.000000
    8 1.885325 0.833276 -2.177876 -1.598016 0.698132 -0.000668
    9 1.506960 -0.000006 0.000000 0.000000 0.000000 -0.139626
    10 0.798348 0.000003 0.000000 0.000000 0.000000 -0.113446
    11 3.950302 -0.539875 -2.108871 -0.000806 0.157080 -0.000126
    12 1.545797 -0.000002 -0.000001 0.000000 0.000000 0.471239
    13 1.667398 0.000001 0.000007 0.000000 0.000000 0.436332
    14 3.899452 -0.475378 -1.170893 -0.000796 0.000000 0.000000
    15 1.528218 0.000003 0.000001 0.000000 0.000000 0.331613
    16 1.528216 -0.000001 -0.000003 0.000000 0.000000 0.479966
    17 3.899459 -0.431804 0.168223 -0.000796 0.000000 0.000000
    18 1.506968 0.000002 -0.000001 0.000000 0.000000 0.427606
    19 1.506962 -0.000001 0.000001 0.000000 0.000000 0.340339
    20 3.915634 -0.278020 1.402608 -0.000796 0.000000 0.000000
    21 1.333080 0.000000 -0.000001 0.000000 0.000000 0.637045
    22 1.159204 0.000000 -0.000002 0.000000 0.000000 0.218166
    23 18.209354 8.207681 -0.352298 -1.582244 0.018583 -3.126150
    24 0.000009 0.011450 -1.352403 -0.000014 1.370796 3.140783
    25 6.078084 0.000001 0.000003 1.121864 -0.819328 -1.215702
    26 13.446750 -0.000005 0.000000 0.000000 0.000000 -1.157087
    27 15.997000 -0.000002 0.000000 1.670563 -0.000906 0.256482
    28 1.885324 0.833275 2.177876 1.172048 -0.644525 0.438889
    29 1.506966 -0.000005 0.000000 0.000000 0.000000 -0.436329
    30 0.798348 -0.000001 -0.000001 0.000000 0.000000 -0.507867
    31 3.950306 -0.539875 2.108876 0.012323 0.110212 -0.171410
    32 1.545797 -0.000001 -0.000008 0.000000 0.000000 0.513113
    33 1.667400 -0.000002 0.000008 0.000000 0.000000 0.785377
    34 3.899460 -0.475376 1.170891 -0.037591 0.101270 -0.055752
    35 1.528215 -0.000001 0.000000 0.000000 0.000000 1.575956
    36 1.528217 -0.000001 0.000001 0.000000 0.000000 1.352577
    37 3.899459 -0.431805 -0.168223 0.093293 -0.006316 0.182573
    38 1.506962 0.000000 0.000002 0.000000 0.000000 1.708639
    39 1.506964 0.000001 -0.000001 0.000000 0.000000 1.310683
    40 3.915634 -0.278019 -1.402605 0.217310 -0.078619 0.205835
    41 1.333083 0.000001 0.000003 0.000000 0.000000 1.464281
    42 1.159202 0.000000 -0.000004 0.000000 0.000000 1.370013
    43 3.495615 0.351176 1.563391 1.582244 -0.018583 -3.126153
    44 -2.156468 1.809614 0.001208 0.000000 0.000000 0.000000
    45 -6.613107 1.564316 -0.031845 0.000000 0.000000 0.000000
  time 48
    0 0.928525 1.014336 -19.461068 0.000000 0.000000 -1.570792
    1 0.000000 0.000000 0.000002 -0.000086 -1.570451 -1.570709
    2 4.443615 -0.009642 0.000006 -0.000004 -0.000001 0.000796
    3 12.111412 -0.011446 0.000000 0.000000 0.000000 0.000000
    4 0.000010 0.011442 1.352402 -0.000014 -1.370796 3.140810
    5 6.078090 0.000001 -0.000005 -0.531509 1.219836 -0.541120
    6 13.446754 -0.000001 0.000001 0.000000 0.000000 -0.648458
    7 15.997000 0.000001 -0.000001 -1.683447 0.000000 0.000000
    8 1.885325 0.833276 -2.177876 -1.598016 0.698132 -0.000668
    9 1.506960 -0.000006 0.000000 0.000000 0.000000 -0.139626
    10 0.798348 0.000003 0.000000 0.000000 0.000000 -0.113446
    11 3.950302 -0.539875 -2.108871 -0.000806 0.157080 -0.000126
    12 1.545797 -0.000002 -0.000001 0.000000 0.000000 0.471239
    13 1.667398 0.000001 0.000007 0.000000 0.000000 0.436332
    14 3.899452 -0.475378 -1.170893 -0.000796 0.000000 0.000000
    15 1.528218 0.000003 0.000001 0.000000 0.000000 0.331613
    16 1.528216 -0.000001 -0.000003 0.000000 0.000000 0.479966
    17 3.899459 -0.431804 0.168223 -0.000796 0.000000 0.000000
    18 1.506968 0.000002 -0.000001 0.000000 0.000000 0.427606
    19 1.506962 -0.000001 0.000001 0.000000 0.000000 0.340339
    20 3.915634 -0.278020 1.402608 -0.000796 0.000000 0.000000
    21 1.333080 0.000000 -0.000001 0.000000 0.000000 0.637045
    22 1.159204 0.000000 -0.000002 0.000000 0.000000 0.218166
    23 18.209354 8.207681 -0.352298 -1.582244 0.018583 -3.126150
    24 0.000009 0.011450 -1.352403 -0.000014 1.370796 3.140783
    25 6.078084 0.000001 0.000003 1.121864 -0.819328 -1.215702
    26 13.446750 -0.000005 0.000000 0.000000 0.000000 -1.157087
    27 15.997000 -0.000002 0.000000 1.670335 -0.000882 0.256411
    28 1.885324 0.833275 2.177876 1.172048 -0.644537 0.438889
    29 1.506966 -0.000005 0.000000 0.000000 0.000000 -0.436329
    30 0.798348 -0.000001 -0.000001 0.000000 0.000000 -0.507867
    31 3.950306 -0.539875 2.108876 0.012323 0.110212 -0.171410
    32 1.545797 -0.000001 -0.000008 0.000000 0.000000 0.513113
    33 1.667400 -0.000002 0.000008 0.000000 0.000000 0.785377
    34 3.899460 -0.475376 1.170891 -0.037591 0.101270 -0.055752
    35 1.528215 -0.000001 0.000000 0.000000 0.000000 1.575956
    36 1.528217 -0.000001 0.000001 0.000000 0.000000 1.352577
    37 3.899459 -0.431805 -0.168223 0.093293 -0.006316 0.182573
    38 1.506962 0.000000 0.000002 0.000000 0.000000 1.708639
    39 1.506964 0.000001 -0.000001 0.000000 0.000000 1.310683
    40 3.915634 -0.278019 -1.402605 0.217310 -0.078619 0.205835
    41 1.333083 0.000001 0.000003 0.000000 0.000000 1.464281
    42 1.159202 0.000000 -0.000004 0.000000 0.000000 1.370013
    43 3.495615 0.351176 1.563391 1.582244 -0.018583 -3.126153
    44 -2.156468 1.809614 0.001208 0.000000 0.000000 0.000000
    45 -6.613107 1.564316 -0.031845 0.000000 0.000000 0.000000
  time 49
    0 0.928525 1.014336 -19.461068 0.000000 0.000000 -1.570792
    1 0.000000 0.000000 0.000002 -0.000086 -1.570451 -1.570709
    2 4.443615 -0.009642 0.000006 -0.000004 -0.000001 0.000796
    3 12.111412 -0.011446 0.000000 0.000000 0.000000 0.000000
    4 0.000010 0.011442 1.352402 -0.000014 -1.370796 3.140810
    5 6.078090 0.000001 -0.000005 -0.531509 1.219836 -0.541120
    6 13.446754 -0.000001 0.000001 0.000000 0.000000 -0.648458
    7 15.997000 0.000001 -0.000001 -1.683447 0.000000 0.000000
    8 1.885325 0.833276 -2.177876 -1.598016 0.698132 -0.000668
    9 1.506960 -0.000006 0.000000 0.000000 0.000000 -0.139626
    10 0.798348 0.000003 0.000000 0.000000 0.000000 -0.113446
    11 3.950302 -0.539875 -2.108871 -0.000806 0.157080 -0.000126
    12 1.545797 -0.000002 -0.000001 0.000000 0.000000 0.471239
    13 1.667398 0.000001 0.000007 0.000000 0.000000 0.436332
    14 3.899452 -0.475378 -1.170893 -0.000796 0.000000 0.000000
    15 1.528218 0.000003 0.000001 0.000000 0.000000 0.331613
    16 1.528216 -0.000001 -0.000003 0.000000 0.000000 0.479966
    17 3.899459 -0.431804 0.168223 -0.000796 0.000000 0.000000
    18 1.506968 0.000002 -0.000001 0.000000 0.000000 0.427606
    19 1.506962 -0.000001 0.000001 0.000000 0.000000 0.340339
    20 3.915634 -0.278020 1.402608 -0.000796 0.000000 0.000000
    21 1.333080 0.000000 -0.000001 0.000000 0.000000 0.637045
    22 1.159204 0.000000 -0.000002 0.000000 0.000000 0.218166
    23 18.209354 8.207681 -0.352298 -1.582244 0.018583 -3.126150
    24 0.000009 0.011450 -1.352403 -0.000014 1.370796 3.140783
    25 6.078084 0.000001 0.000003 1.121864 -0.819328 -1.215723
    26 13.446750 -0.000005 0.000000 0.000000 0.000000 -1.156991
    27 15.997000 -0.000002 0.000000 1.670119 -0.000882 0.256363
    28 1.885324 0.833275 2.177876 1.172048 -0.644537 0.438889
    29 1.506966 -0.000005 0.000000 0.000000 0.000000 -0.436329
    30 0.798348 -0.000001 -0.000001 0.000000 0.000000 -0.507867
    31 3.950306 -0.539875 2.108876 0.012323 0.110212 -0.171410
    32 1.545797 -0.000001 -0.000008 0.000000 0.000000 0.513113
    33 1.667400 -0.000002 0.000008 0.000000 0.000000 0.785377
    34 3.899460 -0.475376 1.170891 -0.037591 0.101270 -0.055752
    35 1.528215 -0.000001 0.000000 0.000000 0.000000 1.575956
    36 1.528217 -0.000001 0.000001 0.000000 0.000000 1.352577
    37 3.899459 -0.431805 -0.168223 0.093293 -0.006316 0.182573
    38 1.506962 0.000000 0.000002 0.000000 0.000000 1.708639
    39 1.506964 0.000001 -0.000001 0.000000 0.000000 1.310683
    40 3.915634 -0.278019 -1.402605 0.217310 -0.078619 0.205835
    41 1.333083 0.000001 0.000003 0.000000 0.000000 1.464281
    42 1.159202 0.000000 -0.000004 0.000000 0.000000 1.370013
    43 3.495615 0.351176 1.563391 1.582244 -0.018583 -3.126153
    44 -2.156468 1.809614 0.001208 0.000000 0.000000 0.000000
    45 -6.613107 1.564316 -0.031845 0.000000 0.000000 0.000000
  time 50
    0 0.928525 1.014336 -19.461068 0.000000 0.000000 -1.570792
    1 0.000000 0.000000 0.000002 -0.000086 -1.570451 -1.570709
    2 4.443615 -0.009642 0.000006 -0.000004 -0.000001 0.000796
    3 12.111412 -0.011446 0.000000 0.000000 0.000000 0.000000
    4 0.000010 0.011442 1.352402 -0.000014 -1.370796 3.140810
    5 6.078090 0.000001 -0.000005 -0.531509 1.219836 -0.541120
    6 13.446754 -0.000001 0.000001 0.000000 0.000000 -0.648458
    7 15.997000 0.000001 -0.000001 -1.683447 0.000000 0.000000
    8 1.885325 0.833276 -2.177876 -1.598016 0.698132 -0.000668
    9 1.506960 -0.000006 0.000000 0.000000 0.000000 -0.139626
    10 0.798348 0.000003 0.000000 0.000000 0.000000 -0.113446
    11 3.950302 -0.539875 -2.108871 -0.000806 0.157080 -0.000126
    12 1.545797 -0.000002 -0.000001 0.000000 0.000000 0.471239
    13 1.667398 0.000001 0.000007 0.000000 0.000000 0.436332
    14 3.899452 -0.475378 -1.170893 -0.000796 0.000000 0.000000
    15 1.528218 0.000003 0.000001 0.000000 0.000000 0.331613
    16 1.528216 -0.000001 -0.000003 0.000000 0.000000 0.479966
    17 3.899459 -0.431804 0.168223 -0.000796 0.000000 0.000000
    18 1.506968 0.000002 -0.000001 0.000000 0.000000 0.427606
    19 1.506962 -0.000001 0.000001 0.000000 0.000000 0.340339
    20 3.915634 -0.278020 1.402608 -0.000796 0.000000 0.000000
    21 1.333080 0.000000 -0.000001 0.000000 0.000000 0.637045
    22 1.159204 0.000000 -0.000002 0.000000 0.000000 0.218166
    23 18.209354 8.207681 -0.352298 -1.582244 0.018583 -3.126150
    24 0.000009 0.011450 -1.352403 -0.000014 1.370796 3.140783
    25 6.078084 0.000001 0.000003 1.121877 -0.819328 -1.215723
    26 13.446750 -0.000005 0.000000 0.000000 0.000000 -1.156943
    27 15.997000 -0.000002 0.000000 1.669915 -0.000882 0.256315
    28 1.885324 0.833275 2.177876 1.172048 -0.644537 0.438889
    29 1.506966 -0.000005 0.000000 0.000000 0.000000 -0.436329
    30 0.798348 -0.000001 -0.000001 0.000000 0.000000 -0.507867
    31 3.950306 -0.539875 2.108876 0.012323 0.110212 -0.171410
    32 1.545797 -0.000001 -0.000008 0.000000 0.000000 0.513113
    33 1.667400 -0.000002 0.000008 0.000000 0.000000 0.785377
    34 3.899460 -0.475376 1.170891 -0.037591 0.101270 -0.055752
    35 1.528215 -0.000001 0.000000 0.000000 0.000000 1.575956
    36 1.528217 -0.000001 0.000001 0.000000 0.000000 1.352577
    37 3.899459 -0.431805 -0.168223 0.093293 -0.006316 0.182573
    38 1.506962 0.000000 0.000002 0.000000 0.000000 1.708639
    39 1.506964 0.000001 -0.000001 0.000000 0.000000 1.310683
    40 3.915634 -0.278019 -1.402605 0.217310 -0.078619 0.205835
    41 1.333083 0.000001 0.000003 0.000000 0.000000 1.464281
    42 1.159202 0.000000 -0.000004 0.000000 0.000000 1.370013
    43 3.495615 0.351176 1.563391 1.582244 -0.018583 -3.126153
    44 -2.156468 1.809614 0.001208 0.000000 0.000000 0.000000
    45 -6.613107 1.564316 -0.031845 0.000000 0.000000 0.000000
  time 51
    0 0.928525 1.014336 -19.461068 0.000000 0.000000 -1.570792
    1 0.000000 0.000000 0.000002 -0.000086 -1.570451 -1.570709
    2 4.443615 -0.009642 0.000006 -0.000004 -0.000001 0.000796
    3 12.111412 -0.011446 0.000000 0.000000 0.000000 0.000000
    4 0.000010 0.011442 1.352402 -0.000014 -1.370796 3.140810
    5 6.078090 0.000001 -0.000005 -0.531509 1.219836 -0.541120
    6 13.446754 -0.000001 0.000001 0.000000 0.000000 -0.648458
    7 15.997000 0.000001 -0.000001 -1.683447 0.000000 0.000000
    8 1.885325 0.833276 -2.177876 -1.598016 0.698132 -0.000668
    9 1.506960 -0.000006 0.000000 0.000000 0.000000 -0.139626
    10 0.798348 0.000003 0.000000 0.000000 0.000000 -0.113446
    11 3.950302 -0.539875 -2.108871 -0.000806 0.157080 -0.000126
    12 1.545797 -0.000002 -0.000001 0.000000 0.000000 0.471239
    13 1.667398 0.000001 0.000007 0.000000 0.000000 0.436332
    14 3.899452 -0.475378 -1.170893 -0.000796 0.000000 0.000000
    15 1.528218 0.000003 0.000001 0.000000 0.000000 0.331613
    16 1.528216 -0.000001 -0.000003 0.000000 0.000000 0.479966
    17 3.899459 -0.431804 0.168223 -0.000796 0.000000 0.000000
    18 1.506968 0.000002 -0.000001 0.000000 0.000000 0.427606
    19 1.506962 -0.000001 0.000001 0.000000 0.000000 0.340339
    20 3.915634 -0.278020 1.402608 -0.000796 0.000000 0.000000
    21 1.333080 0.000000 -0.000001 0.000000 0.000000 0.637045
    22 1.159204 0.000000 -0.000002 0.000000 0.000000 0.218166
    23 18.209354 8.207681 -0.352298 -1.582244 0.018583 -3.126150
    24 0.000009 0.011450 -1.352403 -0.000014 1.370796 3.140783
    25 6.078084 0.000001 0.000003 1.121905 -0.819295 -1.215744
    26 13.446750 -0.000005 0.000000 0.000000 0.000000 -1.156895
    27 15.997000 -0.000002 0.000000 1.669760 -0.000882 0.256291
    28 1.885324 0.833275 2.177876 1.172048 -0.644525 0.438889
    29 1.506966 -0.000005 0.000000 0.000000 0.000000 -0.436329
    30 0.798348 -0.000001 -0.000001 0.000000 0.000000 -0.507867
    31 3.950306 -0.539875 2.108876 0.012323 0.110212 -0.171410
    32 1.545797 -0.000001 -0.000008 0.000000 0.000000 0.513113
    33 1.667400 -0.000002 0.000008 0.000000 0.000000 0.785377
    34 3.899460 -0.475376 1.170891 -0.037591 0.101270 -0.055752
    35 1.528215 -0.000001 0.000000 0.000000 0.000000 1.575956
    36 1.528217 -0.000001 0.000001 0.000000 0.000000 1.352577
    37 3.899459 -0.431805 -0.168223 0.093293 -0.006316 0.182573
    38 1.506962 0.000000 0.000002 0.000000 0.000000 1.708639
    39 1.506964 0.000001 -0.000001 0.000000 0.000000 1.310683
    40 3.915634 -0.278019 -1.402605 0.217310 -0.078619 0.205835
    41 1.333083 0.000001 0.000003 0.000000 0.000000 1.464281
    42 1.159202 0.000000 -0.000004 0.000000 0.000000 1.370013
    43 3.495615 0.351176 1.563391 1.582244 -0.018583 -3.126153
    44 -2.156468 1.809614 0.001208 0.000000 0.000000 0.000000
    45 -6.613107 1.564316 -0.031845 0.000000 0.000000 0.000000
  time 52
    0 0.928525 1.014336 -19.461068 0.000000 0.000000 -1.570792
    1 0.000000 0.000000 0.000002 -0.000086 -1.570451 -1.570709
    2 4.443615 -0.009642 0.000006 -0.000004 -0.000001 0.000796
    3 12.111412 -0.011446 0.000000 0.000000 0.000000 0.000000
    4 0.000010 0.011442 1.352402 -0.000014 -1.370796 3.140810
    5 6.078090 0.000001 -0.000005 -0.531509 1.219836 -0.541120
    6 13.446754 -0.000001 0.000001 0.000000 0.000000 -0.648458
    7 15.997000 0.000001 -0.000001 -1.683447 0.000000 0.000000
    8 1.885325 0.833276 -2.177876 -1.598016 0.698132 -0.000668
    9 1.506960 -0.000006 0.000000 0.000000 0.000000 -0.139626
    10 0.798348 0.000003 0.000000 0.000000 0.000000 -0.113446
    11 3.950302 -0.539875 -2.108871 -0.000806 0.157080 -0.000126
    12 1.545797 -0.000002 -0.000001 0.000000 0.000000 0.471239
    13 1.667398 0.000001 0.000007 0.000000 0.000000 0.436332
    14 3.899452 -0.475378 -1.170893 -0.000796 0.000000 0.000000
    15 1.528218 0.000003 0.000001 0.000000 0.000000 0.331613
    16 1.528216 -0.000001 -0.000003 0.000000 0.000000 0.479966
    17 3.899459 -0.431804 0.168223 -0.000796 0.000000 0.000000
    18 1.506968 0.000002 -0.000001 0.000000 0.000000 0.427606
    19 1.506962 -0.000001 0.000001 0.000000 0.000000 0.340339
    20 3.915634 -0.278020 1.402608 -0.000796 0.000000 0.000000
    21 1.333080 0.000000 -0.000001 0.000000 0.000000 0.637045
    22 1.159204 0.000000 -0.000002 0.000000 0.000000 0.218166
    23 18.209354 8.207681 -0.352298 -1.582244 0.018583 -3.126150
    24 0.000009 0.011450 -1.352403 -0.000014 1.370796 3.140783
    25 6.078084 0.000001 0.000003 1.121919 -0.819262 -1.215766
    26 13.446750 -0.000005 0.000000 0.000000 0.000000 -1.156847
    27 15.997000 -0.000002 0.000000 1.669604 -0.000882 0.256291
    28 1.885324 0.833275 2.177876 1.172048 -0.644525 0.438889
    29 1.506966 -0.000005 0.000000 0.000000 0.000000 -0.436329
    30 0.798348 -0.000001 -0.000001 0.000000 0.000000 -0.507867
    31 3.950306 -0.539875 2.108876 0.012323 0.110212 -0.171410
    32 1.545797 -0.000001 -0.000008 0.000000 0.000000 0.513113
    33 1.667400 -0.000002 0.000008 0.000000 0.000000 0.785377
    34 3.899460 -0.475376 1.170891 -0.037591 0.101270 -0.055752
    35 1.528215 -0.000001 0.000000 0.000000 0.000000 1.575956
    36 1.528217 -0.000001 0.000001 0.000000 0.000000 1.352577
    37 3.899459 -0.431805 -0.168223 0.093293 -0.006316 0.182573
    38 1.506962 0.000000 0.000002 0.000000 0.000000 1.708639
    39 1.506964 0.000001 -0.000001 0.000000 0.000000 1.310683
    40 3.915634 -0.278019 -1.402605 0.217310 -0.078619 0.205835
    41 1.333083 0.000001 0.000003 0.000000 0.000000 1.464281
    42 1.159202 0.000000 -0.000004 0.000000 0.000000 1.370013
    43 3.495615 0.351176 1.563391 1.582244 -0.018583 -3.126153
    44 -2.156468 1.809614 0.001208 0.000000 0.000000 0.000000
    45 -6.613107 1.564316 -0.031845 0.000000 0.000000 0.000000
  time 53
    0 0.928525 1.014336 -19.461068 0.000000 0.000000 -1.570792
    1 0.000000 0.000000 0.000002 -0.000086 -1.570451 -1.570709
    2 4.443615 -0.009642 0.000006 -0.000004 -0.000001 0.000796
    3 12.111412 -0.011446 0.000000 0.000000 0.000000 0.000000
    4 0.000010 0.011442 1.352402 -0.000014 -1.370796 3.140810
    5 6.078090 0.000001 -0.000005 -0.531509 1.219836 -0.541120
    6 13.446754 -0.000001 0.000001 0.000000 0.000000 -0.648458
    7 15.997000 0.000001 -0.000001 -1.683447 0.000000 0.000000
    8 1.885325 0.833276 -2.177876 -1.598016 0.698132 -0.000668
    9 1.506960 -0.000006 0.000000 0.000000 0.000000 -0.139626
    10 0.798348 0.000003 0.000000 0.000000 0.000000 -0.113446
    11 3.950302 -0.539875 -2.108871 -0.000806 0.157080 -0.000126
    12 1.545797 -0.000002 -0.000001 0.000000 0.000000 0.471239
    13 1.667398 0.000001 0.000007 0.000000 0.000000 0.436332
    14 3.899452 -0.475378 -1.170893 -0.000796 0.000000 0.000000
    15 1.528218 0.000003 0.000001 0.000000 0.000000 0.331613
    16 1.528216 -0.000001 -0.000003 0.000000 0.000000 0.479966
    17 3.899459 -0.431804 0.168223 -0.000796 0.000000 0.000000
    18 1.506968 0.000002 -0.000001 0.000000 0.000000 0.427606
    19 1.506962 -0.000001 0.000001 0.000000 0.000000 0.340339
    20 3.915634 -0.278020 1.402608 -0.000796 0.000000 0.000000
    21 1.333080 0.000000 -0.000001 0.000000 0.000000 0.637045
    22 1.159204 0.000000 -0.000002 0.000000 0.000000 0.218166
    23 18.209354 8.207681 -0.352298 -1.582244 0.018583 -3.126150
    24 0.000009 0.011450 -1.352403 -0.000014 1.370796 3.140783
    25 6.078084 0.000001 0.000003 1.121933 -0.819230 -1.215787
    26 13.446750 -0.000005 0.000000 0.000000 0.000000 -1.156751
    27 15.997000 -0.000002 0.000000 1.669472 -0.000882 0.256291
    28 1.885324 0.833275 2.177876 1.172048 -0.644537 0.438889
    29 1.506966 -0.000005 0.000000 0.000000 0.000000 -0.436329
    30 0.798348 -0.000001 -0.000001 0.000000 0.000000 -0.507867
    31 3.950306 -0.539875 2.108876 0.012323 0.110212 -0.171410
    32 1.545797 -0.000001 -0.000008 0.000000 0.000000 0.513113
    33 1.667400 -0.000002 0.000008 0.000000 0.000000 0.785377
    34 3.899460 -0.475376 1.170891 -0.037591 0.101270 -0.055752
    35 1.528215 -0.000001 0.000000 0.000000 0.000000 1.575956
    36 1.528217 -0.000001 0.000001 0.000000 0.000000 1.352577
    37 3.899459 -0.431805 -0.168223 0.093293 -0.006316 0.182573
    38 1.506962 0.000000 0.000002 0.000000 0.000000 1.708639
    39 1.506964 0.000001 -0.000001 0.000000 0.000000 1.310683
    40 3.915634 -0.278019 -1.402605 0.217310 -0.078619 0.205835
    41 1.333083 0.000001 0.000003 0.000000 0.000000 1.464281
    42 1.159202 0.000000 -0.000004 0.000000 0.000000 1.370013
    43 3.495615 0.351176 1.563391 1.582244 -0.018583 -3.126153
    44 -2.156468 1.809614 0.001208 0.000000 0.000000 0.000000
    45 -6.613107 1.564316 -0.031845 0.000000 0.000000 0.000000
  time 54
    0 0.928525 1.014336 -19.461068 0.000000 0.000000 -1.570792
    1 0.000000 0.000000 0.000002 -0.000086 -1.570451 -1.570709
    2 4.443615 -0.009642 0.000006 -0.000004 -0.000001 0.000796
    3 12.111412 -0.011446 0.000000 0.000000 0.000000 0.000000
    4 0.000010 0.011442 1.352402 -0.000014 -1.370796 3.140810
    5 6.078090 0.000001 -0.000005 -0.531509 1.219836 -0.541120
    6 13.446754 -0.000001 0.000001 0.000000 0.000000 -0.648458
    7 15.997000 0.000001 -0.000001 -1.683447 0.000000 0.000000
    8 1.885325 0.833276 -2.177876 -1.598016 0.698132 -0.000668
    9 1.506960 -0.000006 0.000000 0.000000 0.000000 -0.139626
    10 0.798348 0.000003 0.000000 0.000000 0.000000 -0.113446
    11 3.950302 -0.539875 -2.108871 -0.000806 0.157080 -0.000126
    12 1.545797 -0.000002 -0.000001 0.000000 0.000000 0.471239
    13 1.667398 0.000001 0.000007 0.000000 0.000000 0.436332
    14 3.899452 -0.475378 -1.170893 -0.000796 0.000000 0.000000
    15 1.528218 0.000003 0.000001 0.000000 0.000000 0.331613
    16 1.528216 -0.000001 -0.000003 0.000000 0.000000 0.479966
    17 3.899459 -0.431804 0.168223 -0.000796 0.000000 0.000000
    18 1.506968 0.000002 -0.000001 0.000000 0.000000 0.427606
    19 1.506962 -0.000001 0.000001 0.000000 0.000000 0.340339
    20 3.915634 -0.278020 1.402608 -0.000796 0.000000 0.000000
    21 1.333080 0.000000 -0.000001 0.000000 0.000000 0.637045
    22 1.159204 0.000000 -0.000002 0.000000 0.000000 0.218166
    23 18.209354 8.207681 -0.352298 -1.582244 0.018583 -3.126150
    24 0.000009 0.011450 -1.352403 -0.000014 1.370796 3.140783
    25 6.078084 0.000001 0.000003 1.121946 -0.819164 -1.215829
    26 13.446750 -0.000005 0.000000 0.000000 0.000000 -1.156703
    27 15.997000 -0.000002 0.000000 1.669340 -0.000882 0.256363
    28 1.885324 0.833275 2.177876 1.172048 -0.644525 0.438889
    29 1.506966 -0.000005 0.000000 0.000000 0.000000 -0.436329
    30 0.798348 -0.000001 -0.000001 0.000000 0.000000 -0.507867
    31 3.950306 -0.539875 2.108876 0.012323 0.110212 -0.171410
    32 1.545797 -0.000001 -0.000008 0.000000 0.000000 0.513113
    33 1.667400 -0.000002 0.000008 0.000000 0.000000 0.785377
    34 3.899460 -0.475376 1.170891 -0.037591 0.101270 -0.055752
    35 1.528215 -0.000001 0.000000 0.000000 0.000000 1.575956
    36 1.528217 -0.000001 0.000001 0.000000 0.000000 1.352577
    37 3.899459 -0.431805 -0.168223 0.093293 -0.006316 0.182573
    38 1.506962 0.000000 0.000002 0.000000 0.000000 1.708639
    39 1.506964 0.000001 -0.000001 0.000000 0.000000 1.310683
    40 3.915634 -0.278019 -1.402605 0.217310 -0.078619 0.205835
    41 1.333083 0.000001 0.000003 0.000000 0.000000 1.464281
    42 1.159202 0.000000 -0.000004 0.000000 0.000000 1.370013
    43 3.495615 0.351176 1.563391 1.582244 -0.018583 -3.126153
    44 -2.156468 1.809614 0.001208 0.000000 0.000000 0.000000
    45 -6.617014 1.564316 -0.031845 0.000000 0.000000 0.000000
  time 55
    0 0.928525 1.014336 -19.461068 0.000000 0.000000 -1.570792
    1 0.000000 0.000000 0.000002 -0.000086 -1.570451 -1.570709
    2 4.443615 -0.009642 0.000006 -0.000004 -0.000001 0.000796
    3 12.111412 -0.011446 0.000000 0.000000 0.000000 0.000000
    4 0.000010 0.011442 1.352402 -0.000014 -1.370796 3.140810
    5 6.078090 0.000001 -0.000005 -0.531509 1.219836 -0.541120
    6 13.446754 -0.000001 0.000001 0.000000 0.000000 -0.648458
    7 15.997000 0.000001 -0.000001 -1.683447 0.000000 0.000000
    8 1.885325 0.833276 -2.177876 -1.598016 0.698132 -0.000668
    9 1.506960 -0.000006 0.000000 0.000000 0.000000 -0.139626
    10 0.798348 0.000003 0.000000 0.000000 0.000000 -0.113446
    11 3.950302 -0.539875 -2.108871 -0.000806 0.157080 -0.000126
    12 1.545797 -0.000002 -0.000001 0.000000 0.000000 0.471239
    13 1.667398 0.000001 0.000007 0.000000 0.000000 0.436332
    14 3.899452 -0.475378 -1.170893 -0.000796 0.000000 0.000000
    15 1.528218 0.000003 0.000001 0.000000 0.000000 0.331613
    16 1.528216 -0.000001 -0.000003 0.000000 0.000000 0.479966
    17 3.899459 -0.431804 0.168223 -0.000796 0.000000 0.000000
    18 1.506968 0.000002 -0.000001 0.000000 0.000000 0.427606
    19 1.506962 -0.000001 0.000001 0.000000 0.000000 0.340339
    20 3.915634 -0.278020 1.402608 -0.000796 0.000000 0.000000
    21 1.333080 0.000000 -0.000001 0.000000 0.000000 0.637045
    22 1.159204 0.000000 -0.000002 0.000000 0.000000 0.218166
    23 18.209354 8.207681 -0.352298 -1.582244 0.018583 -3.126150
    24 0.000009 0.011450 -1.352403 -0.000014 1.370796 3.140783
    25 6.078084 0.000001 0.000003 1.122002 -0.819098 -1.215871
    26 13.446750 -0.000005 0.000000 0.000000 0.000000 -1.156559
    27 15.997000 -0.000002 0.000000 1.669244 -0.000906 0.256458
    28 1.885324 0.833275 2.177876 1.172048 -0.644525 0.438889
    29 1.506966 -0.000005 0.000000 0.000000 0.000000 -0.436329
    30 0.798348 -0.000001 -0.000001 0.000000 0.000000 -0.507867
    31 3.950306 -0.539875 2.108876 0.012323 0.110212 -0.171410
    32 1.545797 -0.000001 -0.000008 0.000000 0.000000 0.513113
    33 1.667400 -0.000002 0.000008 0.000000 0.000000 0.785377
    34 3.899460 -0.475376 1.170891 -0.037591 0.101270 -0.055752
    35 1.528215 -0.000001 0.000000 0.000000 0.000000 1.575956
    36 1.528217 -0.000001 0.000001 0.000000 0.000000 1.352577
    37 3.899459 -0.431805 -0.168223 0.093305 -0.006316 0.182573
    38 1.506962 0.000000 0.000002 0.000000 0.000000 1.708639
    39 1.506964 0.000001 -0.000001 0.000000 0.000000 1.310683
    40 3.915634 -0.278019 -1.402605 0.217310 -0.078619 0.205835
    41 1.333083 0.000001 0.000003 0.000000 0.000000 1.464281
    42 1.159202 0.000000 -0.000004 0.000000 0.000000 1.370013
    43 3.495615 0.351176 1.563391 1.582244 -0.018583 -3.126153
    44 -2.156468 1.809614 0.001208 0.000000 0.000000 0.000000
    45 -6.613107 1.564316 -0.031845 0.000000 0.000000 0.000000
  time 56
    0 0.928525 1.014336 -19.461068 0.000000 0.000000 -1.570792
    1 0.000000 0.000000 0.000002 -0.000086 -1.570451 -1.570709
    2 4.443615 -0.009642 0.000006 -0.000004 -0.000001 0.000796
    3 12.111412 -0.011446 0.000000 0.000000 0.000000 0.000000
    4 0.000010 0.011442 1.352402 -0.000014 -1.370796 3.140810
    5 6.078090 0.000001 -0.000005 -0.531509 1.219836 -0.541120
    6 13.446754 -0.000001 0.000001 0.000000 0.000000 -0.648458
    7 15.997000 0.000001 -0.000001 -1.683447 0.000000 0.000000
    8 1.885325 0.833276 -2.177876 -1.598016 0.698132 -0.000668
    9 1.506960 -0.000006 0.000000 0.000000 0.000000 -0.139626
    10 0.798348 0.000003 0.000000 0.000000 0.000000 -0.113446
    11 3.950302 -0.539875 -2.108871 -0.000806 0.157080 -0.000126
    12 1.545797 -0.000002 -0.000001 0.000000 0.000000 0.471239
    13 1.667398 0.000001 0.000007 0.000000 0.000000 0.436332
    14 3.899452 -0.475378 -1.170893 -0.000796 0.000000 0.000000
    15 1.528218 0.000003 0.000001 0.000000 0.000000 0.331613
    16 1.528216 -0.000001 -0.000003 0.000000 0.000000 0.479966
    17 3.899459 -0.431804 0.168223 -0.000796 0.000000 0.000000
    18 1.506968 0.000002 -0.000001 0.000000 0.000000 0.427606
    19 1.506962 -0.000001 0.000001 0.000000 0.000000 0.340339
    20 3.915634 -0.278020 1.402608 -0.000796 0.000000 0.000000
    21 1.333080 0.000000 -0.000001 0.000000 0.000000 0.637045
    22 1.159204 0.000000 -0.000002 0.000000 0.000000 0.218166
    23 18.209354 8.207681 -0.352298 -1.582244 0.018583 -3.126150
    24 0.000009 0.011450 -1.352403 -0.000014 1.370796 3.140783
    25 6.078084 0.000001 0.000003 1.122029 -0.819032 -1.215934
    26 13.446750 -0.000005 0.000000 0.000000 0.000000 -1.156366
    27 15.997000 -0.000002 0.000000 1.669160 -0.000906 0.256601
    28 1.885324 0.833275 2.177876 1.172048 -0.644537 0.438889
    29 1.506966 -0.000005 0.000000 0.000000 0.000000 -0.436329
    30 0.798348 -0.000001 -0.000001 0.000000 0.000000 -0.507867
    31 3.950306 -0.539875 2.108876 0.012323 0.110212 -0.171410
    32 1.545797 -0.000001 -0.000008 0.000000 0.000000 0.513113
    33 1.667400 -0.000002 0.000008 0.000000 0.000000 0.785377
    34 3.899460 -0.475376 1.170891 -0.037591 0.101270 -0.055752
    35 1.528215 -0.000001 0.000000 0.000000 0.000000 1.575956
    36 1.528217 -0.000001 0.000001 0.000000 0.000000 1.352577
    37 3.899459 -0.431805 -0.168223 0.093293 -0.006316 0.182573
    38 1.506962 0.000000 0.000002 0.000000 0.000000 1.708639
    39 1.506964 0.000001 -0.000001 0.000000 0.000000 1.310683
    40 3.915634 -0.278019 -1.402605 0.217310 -0.078619 0.205835
    41 1.333083 0.000001 0.000003 0.000000 0.000000 1.464281
    42 1.159202 0.000000 -0.000004 0.000000 0.000000 1.370013
    43 3.495615 0.351176 1.563391 1.582244 -0.018583 -3.126153
    44 -2.156468 1.809614 0.001208 0.000000 0.000000 0.000000
    45 -6.613107 1.564316 -0.031845 0.000000 0.000000 0.000000
  time 57
    0 0.928525 1.014336 -19.461068 0.000000 0.000000 -1.570792
    1 0.000000 0.000000 0.000002 -0.000086 -1.570451 -1.570709
    2 4.443615 -0.009642 0.000006 -0.000004 -0.000001 0.000796
    3 12.111412 -0.011446 0.000000 0.000000 0.000000 0.000000
    4 0.000010 0.011442 1.352402 -0.000014 -1.370796 3.140810
    5 6.078090 0.000001 -0.000005 -0.531509 1.219836 -0.541120
    6 13.446754 -0.000001 0.000001 0.000000 0.000000 -0.648458
    7 15.997000 0.000001 -0.000001 -1.683447 0.000000 0.000000
    8 1.885325 0.833276 -2.177876 -1.598016 0.698132 -0.000668
    9 1.506960 -0.000006 0.000000 0.000000 0.000000 -0.139626
    10 0.798348 0.000003 0.000000 0.000000 0.000000 -0.113446
    11 3.950302 -0.539875 -2.108871 -0.000806 0.157080 -0.000126
    12 1.545797 -0.000002 -0.000001 0.000000 0.000000 0.471239
    13 1.667398 0.000001 0.000007 0.000000 0.000000 0.436332
    14 3.899452 -0.475378 -1.170893 -0.000796 0.000000 0.000000
    15 1.528218 0.000003 0.000001 0.000000 0.000000 0.331613
    16 1.528216 -0.000001 -0.000003 0.000000 0.000000 0.479966
    17 3.899459 -0.431804 0.168223 -0.000796 0.000000 0.000000
    18 1.506968 0.000002 -0.000001 0.000000 0.000000 0.427606
    19 1.506962 -0.000001 0.000001 0.000000 0.000000 0.340339
    20 3.915634 -0.278020 1.402608 -0.000796 0.000000 0.000000
    21 1.333080 0.000000 -0.000001 0.000000 0.000000 0.637045
    22 1.159204 0.000000 -0.000002 0.000000 0.000000 0.218166
    23 18.209354 8.207681 -0.352298 -1.582244 0.018583 -3.126150
    24 0.000009 0.011450 -1.352403 -0.000014 1.370796 3.140783
    25 6.078084 0.000001 0.000003 1.122085 -0.818934 -1.215997
    26 13.446750 -0.000005 0.000000 0.000000 0.000000 -1.156222
    27 15.997000 -0.000002 0.000000 1.669089 -0.000929 0.256768
    28 1.885324 0.833275 2.177876 1.172048 -0.644537 0.438889
    29 1.506966 -0.000005 0.000000 0.000000 0.000000 -0.436329
    30 0.798348 -0.000001 -0.000001 0.000000 0.000000 -0.507879
    31 3.950306 -0.539875 2.108876 0.012323 0.110212 -0.171410
    32 1.545797 -0.000001 -0.000008 0.000000 0.000000 0.513113
    33 1.667400 -0.000002 0.000008 0.000000 0.000000 0.785377
    34 3.899460 -0.475376 1.170891 -0.037591 0.101270 -0.055752
    35 1.528215 -0.000001 0.000000 0.000000 0.000000 1.575956
    36 1.528217 -0.000001 0.000001 0.000000 0.000000 1.352577
    37 3.899459 -0.431805 -0.168223 0.093293 -0.006316 0.182573
    38 1.506962 0.000000 0.000002 0.000000 0.000000 1.708639
    39 1.506964 0.000001 -0.000001 0.000000 0.000000 1.310683
    40 3.915634 -0.278019 -1.402605 0.217310 -0.078619 0.205835
    41 1.333083 0.000001 0.000003 0.000000 0.000000 1.464281
    42 1.159202 0.000000 -0.000004 0.000000 0.000000 1.370013
    43 3.495615 0.351176 1.563391 1.582244 -0.018583 -3.126153
    44 -2.156468 1.809614 0.001208 0.000000 0.000000 0.000000
    45 -6.613107 1.564316 -0.031845 0.000000 0.000000 0.000000
  time 58
    0 0.928525 1.014336 -19.461068 0.000000 0.000000 -1.570792
    1 0.000000 0.000000 0.000002 -0.000086 -1.570451 -1.570709
    2 4.443615 -0.009642 0.000006 -0.000004 -0.000001 0.000796
    3 12.111412 -0.011446 0.000000 0.000000 0.000000 0.000000
    4 0.000010 0.011442 1.352402 -0.000014 -1.370796 3.140810
    5 6.078090 0.000001 -0.000005 -0.531509 1.219836 -0.541120
    6 13.446754 -0.000001 0.000001 0.000000 0.000000 -0.648458
    7 15.997000 0.000001 -0.000001 -1.683447 0.000000 0.000000
    8 1.885325 0.833276 -2.177876 -1.598016 0.698132 -0.000668
    9 1.506960 -0.000006 0.000000 0.000000 0.000000 -0.139626
    10 0.798348 0.000003 0.000000 0.000000 0.000000 -0.113446
    11 3.950302 -0.539875 -2.108871 -0.000806 0.157080 -0.000126
    12 1.545797 -0.000002 -0.000001 0.000000 0.000000 0.471239
    13 1.667398 0.000001 0.000007 0.000000 0.000000 0.436332
    14 3.899452 -0.475378 -1.170893 -0.000796 0.000000 0.000000
    15 1.528218 0.000003 0.000001 0.000000 0.000000 0.331613
    16 1.528216 -0.000001 -0.000003 0.000000 0.000000 0.479966
    17 3.899459 -0.431804 0.168223 -0.000796 0.000000 0.000000
    18 1.506968 0.000002 -0.000001 0.000000 0.000000 0.427606
    19 1.506962 -0.000001 0.000001 0.000000 0.000000 0.340339
    20 3.915634 -0.278020 1.402608 -0.000796 0.000000 0.000000
    21 1.333080 0.000000 -0.000001 0.000000 0.000000 0.637045
    22 1.159204 0.000000 -0.000002 0.000000 0.000000 0.218166
    23 18.209354 8.207681 -0.352298 -1.582244 0.018583 -3.126150
    24 0.000009 0.011450 -1.352403 -0.000014 1.370796 3.140783
    25 6.078084 0.000001 0.000003 1.122140 -0.818835 -1.216081
    26 13.446750 -0.000005 0.000000 0.000000 0.000000 -1.156078
    27 15.997000 -0.000002 0.000000 1.669041 -0.000929 0.256983
    28 1.885324 0.833275 2.177876 1.172048 -0.644537 0.438889
    29 1.506966 -0.000005 0.000000 0.000000 0.000000 -0.436329
    30 0.798348 -0.000001 -0.000001 0.000000 0.000000 -0.507867
    31 3.950306 -0.539875 2.108876 0.012323 0.110212 -0.171410
    32 1.545797 -0.000001 -0.000008 0.000000 0.000000 0.513113
    33 1.667400 -0.000002 0.000008 0.000000 0.000000 0.785377
    34 3.899460 -0.475376 1.170891 -0.037591 0.101270 -0.055752
    35 1.528215 -0.000001 0.000000 0.000000 0.000000 1.575956
    36 1.528217 -0.000001 0.000001 0.000000 0.000000 1.352577
    37 3.899459 -0.431805 -0.168223 0.093293 -0.006316 0.182573
    38 1.506962 0.000000 0.000002 0.000000 0.000000 1.708639
    39 1.506964 0.000001 -0.000001 0.000000 0.000000 1.310683
    40 3.915634 -0.278019 -1.402605 0.217310 -0.078619 0.205835
    41 1.333083 0.000001 0.000003 0.000000 0.000000 1.464281
    42 1.159202 0.000000 -0.000004 0.000000 0.000000 1.370013
    43 3.491709 0.351176 1.563391 1.582244 -0.018583 -3.126153
    44 -2.156468 1.809614 0.001208 0.000000 0.000000 0.000000
    45 -6.613107 1.564316 -0.031845 0.000000 0.000000 0.000000
  time 59
    0 0.928525 1.014336 -19.461068 0.000000 0.000000 -1.570792
    1 0.000000 0.000000 0.000002 -0.000086 -1.570451 -1.570709
    2 4.443615 -0.009642 0.000006 -0.000004 -0.000001 0.000796
    3 12.111412 -0.011446 0.000000 0.000000 0.000000 0.000000
    4 0.000010 0.011442 1.352402 -0.000014 -1.370796 3.140810
    5 6.078090 0.000001 -0.000005 -0.531509 1.219836 -0.541120
    6 13.446754 -0.000001 0.000001 0.000000 0.000000 -0.648458
    7 15.997000 0.000001 -0.000001 -1.683447 0.000000 0.000000
    8 1.885325 0.833276 -2.177876 -1.598016 0.698132 -0.000668
    9 1.506960 -0.000006 0.000000 0.000000 0.000000 -0.139626
    10 0.798348 0.000003 0.000000 0.000000 0.000000 -0.113446
    11 3.950302 -0.539875 -2.108871 -0.000806 0.157080 -0.000126
    12 1.545797 -0.000002 -0.000001 0.000000 0.000000 0.471239
    13 1.667398 0.000001 0.000007 0.000000 0.000000 0.436332
    14 3.899452 -0.475378 -1.170893 -0.000796 0.000000 0.000000
    15 1.528218 0.000003 0.000001 0.000000 0.000000 0.331613
    16 1.528216 -0.000001 -0.000003 0.000000 0.000000 0.479966
    17 3.899459 -0.431804 0.168223 -0.000796 0.000000 0.000000
    18 1.506968 0.000002 -0.000001 0.000000 0.000000 0.427606
    19 1.506962 -0.000001 0.000001 0.000000 0.000000 0.340339
    20 3.915634 -0.278020 1.402608 -0.000796 0.000000 0.000000
    21 1.333080 0.000000 -0.000001 0.000000 0.000000 0.637045
    22 1.159204 0.000000 -0.000002 0.000000 0.000000 0.218166
    23 18.209354 8.207681 -0.352298 -1.582244 0.018583 -3.126150
    24 0.000009 0.011450 -1.352403 -0.000014 1.370796 3.140783
    25 6.078084 0.000001 0.000003 1.122195 -0.818736 -1.216144
    26 13.446750 -0.000005 0.000000 0.000000 0.000000 -1.155886
    27 15.997000 -0.000002 0.000000 1.669005 -0.000952 0.257197
    28 1.885324 0.833275 2.177876 1.172048 -0.644525 0.438889
    29 1.506966 -0.000005 0.000000 0.000000 0.000000 -0.436329
    30 0.798348 -0.000001 -0.000001 0.000000 0.000000 -0.507867
    31 3.950306 -0.539875 2.108876 0.012323 0.110212 -0.171410
    32 1.545797 -0.000001 -0.000008 0.000000 0.000000 0.513113
    33 1.667400 -0.000002 0.000008 0.000000 0.000000 0.785377
    34 3.899460 -0.475376 1.170891 -0.037591 0.101270 -0.055752
    35 1.528215 -0.000001 0.000000 0.000000 0.000000 1.575956
    36 1.528217 -0.000001 0.000001 0.000000 0.000000 1.352577
    37 3.899459 -0.431805 -0.168223 0.093293 -0.006316 0.182573
    38 1.506962 0.000000 0.000002 0.000000 0.000000 1.708639
    39 1.506964 0.000001 -0.000001 0.000000 0.000000 1.310683
    40 3.915634 -0.278019 -1.402605 0.217310 -0.078619 0.205835
    41 1.333083 0.000001 0.000003 0.000000 0.000000 1.464281
    42 1.159202 0.000000 -0.000004 0.000000 0.000000 1.370013
    43 3.495615 0.351176 1.563391 1.582244 -0.018583 -3.126153
    44 -2.156468 1.809614 0.001208 0.000000 0.000000 0.000000
    45 -6.613107 1.564316 -0.031845 0.000000 0.000000 0.000000
  time 60
    0 0.928525 1.014336 -19.461068 0.000000 0.000000 -1.570792
    1 0.000000 0.000000 0.000002 -0.000086 -1.570451 -1.570709
    2 4.443615 -0.009642 0.000006 -0.000004 -0.000001 0.000796
    3 12.111412 -0.011446 0.000000 0.000000 0.000000 0.000000
    4 0.000010 0.011442 1.352402 -0.000014 -1.370796 3.140810
    5 6.078090 0.000001 -0.000005 -0.531509 1.219836 -0.541120
    6 13.446754 -0.000001 0.000001 0.000000 0.000000 -0.648458
    7 15.997000 0.000001 -0.000001 -1.683447 0.000000 0.000000
    8 1.885325 0.833276 -2.177876 -1.598016 0.698132 -0.000668
    9 1.506960 -0.000006 0.000000 0.000000 0.000000 -0.139626
    10 0.798348 0.000003 0.000000 0.000000 0.000000 -0.113446
    11 3.950302 -0.539875 -2.108871 -0.000806 0.157080 -0.000126
    12 1.545797 -0.000002 -0.000001 0.000000 0.000000 0.471239
    13 1.667398 0.000001 0.000007 0.000000 0.000000 0.436332
    14 3.899452 -0.475378 -1.170893 -0.000796 0.000000 0.000000
    15 1.528218 0.000003 0.000001 0.000000 0.000000 0.331613
    16 1.528216 -0.000001 -0.000003 0.000000 0.000000 0.479966
    17 3.899459 -0.431804 0.168223 -0.000796 0.000000 0.000000
    18 1.506968 0.000002 -0.000001 0.000000 0.000000 0.427606
    19 1.506962 -0.000001 0.000001 0.000000 0.000000 0.340339
    20 3.915634 -0.278020 1.402608 -0.000796 0.000000 0.000000
    21 1.333080 0.000000 -0.000001 0.000000 0.000000 0.637045
    22 1.159204 0.000000 -0.000002 0.000000 0.000000 0.218166
    23 18.209354 8.207681 -0.352298 -1.582244 0.018583 -3.126150
    24 0.000009 0.011450 -1.352403 -0.000014 1.370796 3.140783
    25 6.078084 0.000001 0.000003 1.122237 -0.818605 -1.216228
    26 13.446750 -0.000005 0.000000 0.000000 0.000000 -1.155597
    27 15.997000 -0.000002 0.000000 1.668969 -0.000999 0.257459
    28 1.885324 0.833275 2.177876 1.172048 -0.644525 0.438889
    29 1.506966 -0.000005 0.000000 0.000000 0.000000 -0.436329
    30 0.798348 -0.000001 -0.000001 0.000000 0.000000 -0.507867
    31 3.950306 -0.539875 2.108876 0.012323 0.110212 -0.171410
    32 1.545797 -0.000001 -0.000008 0.000000 0.000000 0.513113
    33 1.667400 -0.000002 0.000008 0.000000 0.000000 0.785377
    34 3.899460 -0.475376 1.170891 -0.037591 0.101270 -0.055752
    35 1.528215 -0.000001 0.000000 0.000000 0.000000 1.575956
    36 1.528217 -0.000001 0.000001 0.000000 0.000000 1.352577
    37 3.899459 -0.431805 -0.168223 0.093293 -0.006316 0.182573
    38 1.506962 0.000000 0.000002 0.000000 0.000000 1.708600
    39 1.506964 0.000001 -0.000001 0.000000 0.000000 1.310683
    40 3.915634 -0.278019 -1.402605 0.217310 -0.078619 0.205835
    41 1.333083 0.000001 0.000003 0.000000 0.000000 1.464281
    42 1.159202 0.000000 -0.000004 0.000000 0.000000 1.370013
    43 3.495615 0.351176 1.563391 1.582244 -0.018583 -3.126153
    44 -2.156468 1.809614 0.001208 0.000000 0.000000 0.000000
    45 -6.613107 1.564316 -0.031845 0.000000 0.000000 0.000000
  time 61
    0 0.928525 1.014336 -19.461068 0.000000 0.000000 -1.570792
    1 0.000000 0.000000 0.000002 -0.000086 -1.570451 -1.570709
    2 4.443615 -0.009642 0.000006 -0.000004 -0.000001 0.000796
    3 12.111412 -0.011446 0.000000 0.000000 0.000000 0.000000
    4 0.000010 0.011442 1.352402 -0.000014 -1.370796 3.140810
    5 6.078090 0.000001 -0.000005 -0.531509 1.219836 -0.541120
    6 13.446754 -0.000001 0.000001 0.000000 0.000000 -0.648458
    7 15.997000 0.000001 -0.000001 -1.683447 0.000000 0.000000
    8 1.885325 0.833276 -2.177876 -1.598016 0.698132 -0.000668
    9 1.506960 -0.000006 0.000000 0.000000 0.000000 -0.139626
    10 0.798348 0.000003 0.000000 0.000000 0.000000 -0.113446
    11 3.950302 -0.539875 -2.108871 -0.000806 0.157080 -0.000126
    12 1.545797 -0.000002 -0.000001 0.000000 0.000000 0.471239
    13 1.667398 0.000001 0.000007 0.000000 0.000000 0.436332
    14 3.899452 -0.475378 -1.170893 -0.000796 0.000000 0.000000
    15 1.528218 0.000003 0.000001 0.000000 0.000000 0.331613
    16 1.528216 -0.000001 -0.000003 0.000000 0.000000 0.479966
    17 3.899459 -0.431804 0.168223 -0.000796 0.000000 0.000000
    18 1.506968 0.000002 -0.000001 0.000000 0.000000 0.427606
    19 1.506962 -0.000001 0.000001 0.000000 0.000000 0.340339
    20 3.915634 -0.278020 1.402608 -0.000796 0.000000 0.000000
    21 1.333080 0.000000 -0.000001 0.000000 0.000000 0.637045
    22 1.159204 0.000000 -0.000002 0.000000 0.000000 0.218166
    23 18.209354 8.207681 -0.352298 -1.582244 0.018583 -3.126150
    24 0.000009 0.011450 -1.352403 -0.000014 1.370796 3.140783
    25 6.078084 0.000001 0.000003 1.122319 -0.818506 -1.216333
    26 13.446750 -0.000005 0.000000 0.000000 0.000000 -1.155453
    27 15.997000 -0.000002 0.000000 1.668945 -0.001022 0.257721
    28 1.885324 0.833275 2.177876 1.172048 -0.644537 0.438889
    29 1.506966 -0.000005 0.000000 0.000000 0.000000 -0.436329
    30 0.798348 -0.000001 -0.000001 0.000000 0.000000 -0.507867
    31 3.950306 -0.539875 2.108876 0.012323 0.110212 -0.171410
    32 1.545797 -0.000001 -0.000008 0.000000 0.000000 0.513113
    33 1.667400 -0.000002 0.000008 0.000000 0.000000 0.785377
    34 3.899460 -0.475376 1.170891 -0.037591 0.101270 -0.055752
    35 1.528215 -0.000001 0.000000 0.000000 0.000000 1.575956
    36 1.528217 -0.000001 0.000001 0.000000 0.000000 1.352577
    37 3.899459 -0.431805 -0.168223 0.093305 -0.006316 0.182573
    38 1.506962 0.000000 0.000002 0.000000 0.000000 1.708639
    39 1.506964 0.000001 -0.000001 0.000000 0.000000 1.310683
    40 3.915634 -0.278019 -1.402605 0.217310 -0.078619 0.205835
    41 1.333083 0.000001 0.000003 0.000000 0.000000 1.464281
    42 1.159202 0.000000 -0.000004 0.000000 0.000000 1.370013
    43 3.495615 0.351176 1.563391 1.582244 -0.018583 -3.126153
    44 -2.156468 1.809614 0.001208 0.000000 0.000000 0.000000
    45 -6.613107 1.564316 -0.031845 0.000000 0.000000 0.000000
  time 62
    0 0.928525 1.014336 -19.461068 0.000000 0.000000 -1.570792
    1 0.000000 0.000000 0.000002 -0.000086 -1.570451 -1.570709
    2 4.443615 -0.009642 0.000006 -0.000004 -0.000001 0.000796
    3 12.111412 -0.011446 0.000000 0.000000 0.000000 0.000000
    4 0.000010 0.011442 1.352402 -0.000014 -1.370796 3.140810
    5 6.078090 0.000001 -0.000005 -0.531509 1.219836 -0.541120
    6 13.446754 -0.000001 0.000001 0.000000 0.000000 -0.648458
    7 15.997000 0.000001 -0.000001 -1.683447 0.000000 0.000000
    8 1.885325 0.833276 -2.177876 -1.598016 0.698132 -0.000668
    9 1.506960 -0.000006 0.000000 0.000000 0.000000 -0.139626
    10 0.798348 0.000003 0.000000 0.000000 0.000000 -0.113446
    11 3.950302 -0.539875 -2.108871 -0.000806 0.157080 -0.000126
    12 1.545797 -0.000002 -0.000001 0.000000 0.000000 0.471239
    13 1.667398 0.000001 0.000007 0.000000 0.000000 0.436332
    14 3.899452 -0.475378 -1.170893 -0.000796 0.000000 0.000000
    15 1.528218 0.000003 0.000001 0.000000 0.000000 0.331613
    16 1.528216 -0.000001 -0.000003 0.000000 0.000000 0.479966
    17 3.899459 -0.431804 0.168223 -0.000796 0.000000 0.000000
    18 1.506968 0.000002 -0.000001 0.000000 0.000000 0.427606
    19 1.506962 -0.000001 0.000001 0.000000 0.000000 0.340339
    20 3.915634 -0.278020 1.402608 -0.000796 0.000000 0.000000
    21 1.333080 0.000000 -0.000001 0.000000 0.000000 0.637045
    22 1.159204 0.000000 -0.000002 0.000000 0.000000 0.218166
    23 18.209354 8.207681 -0.352298 -1.582244 0.018583 -3.126150
    24 0.000009 0.011450 -1.352403 -0.000014 1.370796 3.140783
    25 6.078084 0.000001 0.000003 1.122388 -0.818375 -1.216417
    26 13.446750 -0.000005 0.000000 0.000000 0.000000 -1.155164
    27 15.997000 -0.000002 0.000000 1.668933 -0.001022 0.258007
    28 1.885324 0.833275 2.177876 1.172048 -0.644537 0.438889
    29 1.506966 -0.000005 0.000000 0.000000 0.000000 -0.436329
    30 0.798348 -0.000001 -0.000001 0.000000 0.000000 -0.507867
    31 3.950306 -0.539875 2.108876 0.012323 0.110212 -0.171410
    32 1.545797 -0.000001 -0.000008 0.000000 0.000000 0.513113
    33 1.667400 -0.000002 0.000008 0.000000 0.000000 0.785377
    34 3.899460 -0.475376 1.170891 -0.037591 0.101270 -0.055752
    35 1.528215 -0.000001 0.000000 0.000000 0.000000 1.575956
    36 1.528217 -0.000001 0.000001 0.000000 0.000000 1.352577
    37 3.899459 -0.431805 -0.168223 0.093293 -0.006316 0.182573
    38 1.506962 0.000000 0.000002 0.000000 0.000000 1.708639
    39 1.506964 0.000001 -0.000001 0.000000 0.000000 1.310683
    40 3.915634 -0.278019 -1.402605 0.217310 -0.078619 0.205835
    41 1.333083 0.000001 0.000003 0.000000 0.000000 1.464281
    42 1.159202 0.000000 -0.000004 0.000000 0.000000 1.370013
    43 3.495615 0.351176 1.563391 1.582244 -0.018583 -3.126153
    44 -2.156468 1.809614 0.001208 0.000000 0.000000 0.000000
    45 -6.613107 1.564316 -0.031845 0.000000 0.000000 0.000000
  time 63
    0 0.928525 1.014336 -19.461068 0.000000 0.000000 -1.570792
    1 0.000000 0.000000 0.000002 -0.000086 -1.570451 -1.570709
    2 4.443615 -0.009642 0.000006 -0.000004 -0.000001 0.000796
    3 12.111412 -0.011446 0.000000 0.000000 0.000000 0.000000
    4 0.000010 0.011442 1.352402 -0.000014 -1.370796 3.140810
    5 6.078090 0.000001 -0.000005 -0.531509 1.219836 -0.541120
    6 13.446754 -0.000001 0.000001 0.000000 0.000000 -0.648458
    7 15.997000 0.000001 -0.000001 -1.683447 0.000000 0.000000
    8 1.885325 0.833276 -2.177876 -1.598016 0.698132 -0.000668
    9 1.506960 -0.000006 0.000000 0.000000 0.000000 -0.139626
    10 0.798348 0.000003 0.000000 0.000000 0.000000 -0.113446
    11 3.950302 -0.539875 -2.108871 -0.000806 0.157080 -0.000126
    12 1.545797 -0.000002 -0.000001 0.000000 0.000000 0.471239
    13 1.667398 0.000001 0.000007 0.000000 0.000000 0.436332
    14 3.899452 -0.475378 -1.170893 -0.000796 0.000000 0.000000
    15 1.528218 0.000003 0.000001 0.000000 0.000000 0.331613
    16 1.528216 -0.000001 -0.000003 0.000000 0.000000 0.479966
    17 3.899459 -0.431804 0.168223 -0.000796 0.000000 0.000000
    18 1.506968 0.000002 -0.000001 0.000000 0.000000 0.427606
    19 1.506962 -0.000001 0.000001 0.000000 0.000000 0.340339
    20 3.915634 -0.278020 1.402608 -0.000796 0.000000 0.000000
    21 1.333080 0.000000 -0.000001 0.000000 0.000000 0.637045
    22 1.159204 0.000000 -0.000002 0.000000 0.000000 0.218166
    23 18.209354 8.207681 -0.352298 -1.582244 0.018583 -3.126150
    24 0.000009 0.011450 -1.352403 -0.000014 1.370796 3.140783
    25 6.078084 0.000001 0.000003 1.122458 -0.818211 -1.216522
    26 13.446750 -0.000005 0.000000 0.000000 0.000000 -1.154876
    27 15.997000 -0.000002 0.000000 1.668933 -0.001092 0.258317
    28 1.885324 0.833275 2.177876 1.172048 -0.644525 0.438889
    29 1.506966 -0.000005 0.000000 0.000000 0.000000 -0.436329
    30 0.798348 -0.000001 -0.000001 0.000000 0.000000 -0.507867
    31 3.950306 -0.539875 2.108876 0.012323 0.110212 -0.171410
    32 1.545797 -0.000001 -0.000008 0.000000 0.000000 0.513113
    33 1.667400 -0.000002 0.000008 0.000000 0.000000 0.785377
    34 3.899460 -0.475376 1.170891 -0.037591 0.101270 -0.055752
    35 1.528215 -0.000001 0.000000 0.000000 0.000000 1.575956
    36 1.528217 -0.000001 0.000001 0.000000 0.000000 1.352577
    37 3.899459 -0.431805 -0.168223 0.093293 -0.006316 0.182573
    38 1.506962 0.000000 0.000002 0.000000 0.000000 1.708639
    39 1.506964 0.000001 -0.000001 0.000000 0.000000 1.310683
    40 3.915634 -0.278019 -1.402605 0.217310 -0.078619 0.205835
    41 1.333083 0.000001 0.000003 0.000000 0.000000 1.464281
    42 1.159202 0.000000 -0.000004 0.000000 0.000000 1.370013
    43 3.495615 0.351176 1.563391 1.582244 -0.018583 -3.126153
    44 -2.156468 1.809614 0.001208 0.000000 0.000000 0.000000
    45 -6.613107 1.564316 -0.031845 0.000000 0.000000 0.000000
  time 64
    0 0.928525 1.014336 -19.461068 0.000000 0.000000 -1.570792
    1 0.000000 0.000000 0.000002 -0.000086 -1.570451 -1.570709
    2 4.443615 -0.009642 0.000006 -0.000004 -0.000001 0.000796
    3 12.111412 -0.011446 0.000000 0.000000 0.000000 0.000000
    4 0.000010 0.011442 1.352402 -0.000014 -1.370796 3.140810
    5 6.078090 0.000001 -0.000005 -0.531509 1.219836 -0.541120
    6 13.446754 -0.000001 0.000001 0.000000 0.000000 -0.648458
    7 15.997000 0.000001 -0.000001 -1.683447 0.000000 0.000000
    8 1.885325 0.833276 -2.177876 -1.598016 0.698132 -0.000668
    9 1.506960 -0.000006 0.000000 0.000000 0.000000 -0.139626
    10 0.798348 0.000003 0.000000 0.000000 0.000000 -0.113446
    11 3.950302 -0.539875 -2.108871 -0.000806 0.157080 -0.000126
    12 1.545797 -0.000002 -0.000001 0.000000 0.000000 0.471239
    13 1.667398 0.000001 0.000007 0.000000 0.000000 0.436332
    14 3.899452 -0.475378 -1.170893 -0.000796 0.000000 0.000000
    15 1.528218 0.000003 0.000001 0.000000 0.000000 0.331613
    16 1.528216 -0.000001 -0.000003 0.000000 0.000000 0.479966
    17 3.899459 -0.431804 0.168223 -0.000796 0.000000 0.000000
    18 1.506968 0.000002 -0.000001 0.000000 0.000000 0.427606
    19 1.506962 -0.000001 0.000001 0.000000 0.000000 0.340339
    20 3.915634 -0.278020 1.402608 -0.000796 0.000000 0.000000
    21 1.333080 0.000000 -0.000001 0.000000 0.000000 0.637045
    22 1.159204 0.000000 -0.000002 0.000000 0.000000 0.218166
    23 18.209354 8.207681 -0.352298 -1.582244 0.018583 -3.126150
    24 0.000009 0.011450 -1.352403 -0.000014 1.370796 3.140783
    25 6.078084 0.000001 0.000003 1.122540 -0.818079 -1.216627
    26 13.446750 -0.000005 0.000000 0.000000 0.000000 -1.154684
    27 15.997000 -0.000002 0.000000 1.668945 -0.001115 0.258627
    28 1.885324 0.833275 2.177876 1.172048 -0.644525 0.438889
    29 1.506966 -0.000005 0.000000 0.000000 0.000000 -0.436329
    30 0.798348 -0.000001 -0.000001 0.000000 0.000000 -0.507867
    31 3.950306 -0.539875 2.108876 0.012323 0.110212 -0.171410
    32 1.545797 -0.000001 -0.000008 0.000000 0.000000 0.513113
    33 1.667400 -0.000002 0.000008 0.000000 0.000000 0.785377
    34 3.899460 -0.475376 1.170891 -0.037591 0.101270 -0.055752
    35 1.528215 -0.000001 0.000000 0.000000 0.000000 1.575956
    36 1.528217 -0.000001 0.000001 0.000000 0.000000 1.352577
    37 3.899459 -0.431805 -0.168223 0.093293 -0.006316 0.182573
    38 1.506962 0.000000 0.000002 0.000000 0.000000 1.708600
    39 1.506964 0.000001 -0.000001 0.000000 0.000000 1.310683
    40 3.915634 -0.278019 -1.402605 0.217310 -0.078619 0.205835
    41 1.333083 0.000001 0.000003 0.000000 0.000000 1.464281
    42 1.159202 0.000000 -0.000004 0.000000 0.000000 1.370013
    43 3.495615 0.351176 1.563391 1.582244 -0.018583 -3.126153
    44 -2.156468 1.809614 0.001208 0.000000 0.000000 0.000000
    45 -6.613107 1.564316 -0.031845 0.000000 0.000000 0.000000
  time 65
    0 0.928525 1.014336 -19.461068 0.000000 0.000000 -1.570792
    1 0.000000 0.000000 0.000002 -0.000086 -1.570451 -1.570709
    2 4.443615 -0.009642 0.000006 -0.000004 -0.000001 0.000796
    3 12.111412 -0.011446 0.000000 0.000000 0.000000 0.000000
    4 0.000010 0.011442 1.352402 -0.000014 -1.370796 3.140810
    5 6.078090 0.000001 -0.000005 -0.531509 1.219836 -0.541120
    6 13.446754 -0.000001 0.000001 0.000000 0.000000 -0.648458
    7 15.997000 0.000001 -0.000001 -1.683447 0.000000 0.000000
    8 1.885325 0.833276 -2.177876 -1.598016 0.698132 -0.000668
    9 1.506960 -0.000006 0.000000 0.000000 0.000000 -0.139626
    10 0.798348 0.000003 0.000000 0.000000 0.000000 -0.113446
    11 3.950302 -0.539875 -2.108871 -0.000806 0.157080 -0.000126
    12 1.545797 -0.000002 -0.000001 0.000000 0.000000 0.471239
    13 1.667398 0.000001 0.000007 0.000000 0.000000 0.436332
    14 3.899452 -0.475378 -1.170893 -0.000796 0.000000 0.000000
    15 1.528218 0.000003 0.000001 0.000000 0.000000 0.331613
    16 1.528216 -0.000001 -0.000003 0.000000 0.000000 0.479966
    17 3.899459 -0.431804 0.168223 -0.000796 0.000000 0.000000
    18 1.506968 0.000002 -0.000001 0.000000 0.000000 0.427606
    19 1.506962 -0.000001 0.000001 0.000000 0.000000 0.340339
    20 3.915634 -0.278020 1.402608 -0.000796 0.000000 0.000000
    21 1.333080 0.000000 -0.000001 0.000000 0.000000 0.637045
    22 1.159204 0.000000 -0.000002 0.000000 0.000000 0.218166
    23 18.209354 8.207681 -0.352298 -1.582244 0.018583 -3.126150
    24 0.000009 0.011450 -1.352403 -0.000014 1.370796 3.140783
    25 6.078084 0.000001 0.000003 1.122609 -0.817915 -1.216732
    26 13.446750 -0.000005 0.000000 0.000000 0.000000 -1.154395
    27 15.997000 -0.000002 0.000000 1.668957 -0.001138 0.258960
    28 1.885324 0.833275 2.177876 1.172048 -0.644537 0.438889
    29 1.506966 -0.000005 0.000000 0.000000 0.000000 -0.436329
    30 0.798348 -0.000001 -0.000001 0.000000 0.000000 -0.507879
    31 3.950306 -0.539875 2.108876 0.012323 0.110212 -0.171410
    32 1.545797 -0.000001 -0.000008 0.000000 0.000000 0.513113
    33 1.667400 -0.000002 0.000008 0.000000 0.000000 0.785377
    34 3.899460 -0.475376 1.170891 -0.037591 0.101270 -0.055752
    35 1.528215 -0.000001 0.000000 0.000000 0.000000 1.575956
    36 1.528217 -0.000001 0.000001 0.000000 0.000000 1.352577
    37 3.899459 -0.431805 -0.168223 0.093293 -0.006316 0.182573
    38 1.506962 0.000000 0.000002 0.000000 0.000000 1.708639
    39 1.506964 0.000001 -0.000001 0.000000 0.000000 1.310683
    40 3.915634 -0.278019 -1.402605 0.217310 -0.078619 0.205835
    41 1.333083 0.000001 0.000003 0.000000 0.000000 1.464281
    42 1.159202 0.000000 -0.000004 0.000000 0.000000 1.370013
    43 3.495615 0.351176 1.563391 1.582244 -0.018583 -3.126153
    44 -2.156468 1.809614 0.001208 0.000000 0.000000 0.000000
    45 -6.613107 1.564316 -0.031845 0.000000 0.000000 0.000000
  time 66
    0 0.928525 1.014336 -19.461068 0.000000 0.000000 -1.570792
    1 0.000000 0.000000 0.000002 -0.000086 -1.570451 -1.570709
    2 4.443615 -0.009642 0.000006 -0.000004 -0.000001 0.000796
    3 12.111412 -0.011446 0.000000 0.000000 0.000000 0.000000
    4 0.000010 0.011442 1.352402 -0.000014 -1.370796 3.140810
    5 6.078090 0.000001 -0.000005 -0.531509 1.219836 -0.541120
    6 13.446754 -0.000001 0.000001 0.000000 0.000000 -0.648458
    7 15.997000 0.000001 -0.000001 -1.683447 0.000000 0.000000
    8 1.885325 0.833276 -2.177876 -1.598016 0.698132 -0.000668
    9 1.506960 -0.000006 0.000000 0.000000 0.000000 -0.139626
    10 0.798348 0.000003 0.000000 0.000000 0.000000 -0.113446
    11 3.950302 -0.539875 -2.108871 -0.000806 0.157080 -0.000126
    12 1.545797 -0.000002 -0.000001 0.000000 0.000000 0.471239
    13 1.667398 0.000001 0.000007 0.000000 0.000000 0.436332
    14 3.899452 -0.475378 -1.170893 -0.000796 0.000000 0.000000
    15 1.528218 0.000003 0.000001 0.000000 0.000000 0.331613
    16 1.528216 -0.000001 -0.000003 0.000000 0.000000 0.479966
    17 3.899459 -0.431804 0.168223 -0.000796 0.000000 0.000000
    18 1.506968 0.000002 -0.000001 0.000000 0.000000 0.427606
    19 1.506962 -0.000001 0.000001 0.000000 0.000000 0.340339
    20 3.915634 -0.278020 1.402608 -0.000796 0.000000 0.000000
    21 1.333080 0.000000 -0.000001 0.000000 0.000000 0.637045
    22 1.159204 0.000000 -0.000002 0.000000 0.000000 0.218166
    23 18.209354 8.207681 -0.352298 -1.582244 0.018583 -3.126150
    24 0.000009 0.011450 -1.352403 -0.000014 1.370796 3.140783
    25 6.078084 0.000001 0.000003 1.122679 -0.817783 -1.216837
    26 13.446750 -0.000005 0.000000 0.000000 0.000000 -1.154155
    27 15.997000 -0.000002 0.000000 1.668981 -0.001161 0.259294
    28 1.885324 0.833275 2.177876 1.172048 -0.644537 0.438889
    29 1.506966 -0.000005 0.000000 0.000000 0.000000 -0.436329
    30 0.798348 -0.000001 -0.000001 0.000000 0.000000 -0.507867
    31 3.950306 -0.539875 2.108876 0.012323 0.110212 -0.171410
    32 1.545797 -0.000001 -0.000008 0.000000 0.000000 0.513113
    33 1.667400 -0.000002 0.000008 0.000000 0.000000 0.785377
    34 3.899460 -0.475376 1.170891 -0.037591 0.101270 -0.055752
    35 1.528215 -0.000001 0.000000 0.000000 0.000000 1.575956
    36 1.528217 -0.000001 0.000001 0.000000 0.000000 1.352577
    37 3.899459 -0.431805 -0.168223 0.093293 -0.006316 0.182573
    38 1.506962 0.000000 0.000002 0.000000 0.000000 1.708639
    39 1.506964 0.000001 -0.000001 0.000000 0.000000 1.310683
    40 3.915634 -0.278019 -1.402605 0.217310 -0.078619 0.205835
    41 1.333083 0.000001 0.000003 0.000000 0.000000 1.464281
    42 1.159202 0.000000 -0.000004 0.000000 0.000000 1.370013
    43 3.495615 0.351176 1.563391 1.582244 -0.018583 -3.126153
    44 -2.156468 1.809614 0.001208 0.000000 0.000000 0.000000
    45 -6.613107 1.564316 -0.031845 0.000000 0.000000 0.000000
  time 67
    0 0.928525 1.014336 -19.461068 0.000000 0.000000 -1.570792
    1 0.000000 0.000000 0.000002 -0.000086 -1.570451 -1.570709
    2 4.443615 -0.009642 0.000006 -0.000004 -0.000001 0.000796
    3 12.111412 -0.011446 0.000000 0.000000 0.000000 0.000000
    4 0.000010 0.011442 1.352402 -0.000014 -1.370796 3.140810
    5 6.078090 0.000001 -0.000005 -0.531509 1.219836 -0.541120
    6 13.446754 -0.000001 0.000001 0.000000 0.000000 -0.648458
    7 15.997000 0.000001 -0.000001 -1.683447 0.000000 0.000000
    8 1.885325 0.833276 -2.177876 -1.598016 0.698132 -0.000668
    9 1.506960 -0.000006 0.000000 0.000000 0.000000 -0.139626
    10 0.798348 0.000003 0.000000 0.000000 0.000000 -0.113446
    11 3.950302 -0.539875 -2.108871 -0.000806 0.157080 -0.000126
    12 1.545797 -0.000002 -0.000001 0.000000 0.000000 0.471239
    13 1.667398 0.000001 0.000007 0.000000 0.000000 0.436332
    14 3.899452 -0.475378 -1.170893 -0.000796 0.000000 0.000000
    15 1.528218 0.000003 0.000001 0.000000 0.000000 0.331613
    16 1.528216 -0.000001 -0.000003 0.000000 0.000000 0.479966
    17 3.899459 -0.431804 0.168223 -0.000796 0.000000 0.000000
    18 1.506968 0.000002 -0.000001 0.000000 0.000000 0.427606
    19 1.506962 -0.000001 0.000001 0.000000 0.000000 0.340339
    20 3.915634 -0.278020 1.402608 -0.000796 0.000000 0.000000
    21 1.333080 0.000000 -0.000001 0.000000 0.000000 0.637045
    22 1.159204 0.000000 -0.000002 0.000000 0.000000 0.218166
    23 18.209354 8.207681 -0.352298 -1.582244 0.018583 -3.126150
    24 0.000009 0.011450 -1.352403 -0.000014 1.370796 3.140783
    25 6.078084 0.000001 0.000003 1.122761 -0.817619 -1.216963
    26 13.446750 -0.000005 0.000000 0.000000 0.000000 -1.153818
    27 15.997000 -0.000002 0.000000 1.668993 -0.001208 0.259628
    28 1.885324 0.833275 2.177876 1.172048 -0.644525 0.438889
    29 1.506966 -0.000005 0.000000 0.000000 0.000000 -0.436329
    30 0.798348 -0.000001 -0.000001 0.000000 0.000000 -0.507867
    31 3.950306 -0.539875 2.108876 0.012323 0.110212 -0.171410
    32 1.545797 -0.000001 -0.000008 0.000000 0.000000 0.513113
    33 1.667400 -0.000002 0.000008 0.000000 0.000000 0.785377
    34 3.899460 -0.475376 1.170891 -0.037591 0.101270 -0.055752
    35 1.528215 -0.000001 0.000000 0.000000 0.000000 1.575956
    36 1.528217 -0.000001 0.000001 0.000000 0.000000 1.352577
    37 3.899459 -0.431805 -0.168223 0.093293 -0.006316 0.182573
    38 1.506962 0.000000 0.000002 0.000000 0.000000 1.708639
    39 1.506964 0.000001 -0.000001 0.000000 0.000000 1.310683
    40 3.915634 -0.278019 -1.402605 0.217310 -0.078619 0.205835
    41 1.333083 0.000001 0.000003 0.000000 0.000000 1.464281
    42 1.159202 0.000000 -0.000004 0.000000 0.000000 1.370013
    43 3.495615 0.351176 1.563391 1.582244 -0.018583 -3.126153
    44 -2.156468 1.809614 0.001208 0.000000 0.000000 0.000000
    45 -6.613107 1.564316 -0.031845 0.000000 0.000000 0.000000
  time 68
    0 0.928525 1.014336 -19.461068 0.000000 0.000000 -1.570792
    1 0.000000 0.000000 0.000002 -0.000086 -1.570451 -1.570709
    2 4.443615 -0.009642 0.000006 -0.000004 -0.000001 0.000796
    3 12.111412 -0.011446 0.000000 0.000000 0.000000 0.000000
    4 0.000010 0.011442 1.352402 -0.000014 -1.370796 3.140810
    5 6.078090 0.000001 -0.000005 -0.531509 1.219836 -0.541120
    6 13.446754 -0.000001 0.000001 0.000000 0.000000 -0.648458
    7 15.997000 0.000001 -0.000001 -1.683447 0.000000 0.000000
    8 1.885325 0.833276 -2.177876 -1.598016 0.698132 -0.000668
    9 1.506960 -0.000006 0.000000 0.000000 0.000000 -0.139626
    10 0.798348 0.000003 0.000000 0.000000 0.000000 -0.113446
    11 3.950302 -0.539875 -2.108871 -0.000806 0.157080 -0.000126
    12 1.545797 -0.000002 -0.000001 0.000000 0.000000 0.471239
    13 1.667398 0.000001 0.000007 0.000000 0.000000 0.436332
    14 3.899452 -0.475378 -1.170893 -0.000796 0.000000 0.000000
    15 1.528218 0.000003 0.000001 0.000000 0.000000 0.331613
    16 1.528216 -0.000001 -0.000003 0.000000 0.000000 0.479966
    17 3.899459 -0.431804 0.168223 -0.000796 0.000000 0.000000
    18 1.506968 0.000002 -0.000001 0.000000 0.000000 0.427606
    19 1.506962 -0.000001 0.000001 0.000000 0.000000 0.340339
    20 3.915634 -0.278020 1.402608 -0.000796 0.000000 0.000000
    21 1.333080 0.000000 -0.000001 0.000000 0.000000 0.637045
    22 1.159204 0.000000 -0.000002 0.000000 0.000000 0.218166
    23 18.209354 8.207681 -0.352298 -1.582244 0.018583 -3.126150
    24 0.000009 0.011450 -1.352403 -0.000014 1.370796 3.140783
    25 6.078084 0.000001 0.000003 1.122844 -0.817455 -1.217068
    26 13.446750 -0.000005 0.000000 0.000000 0.000000 -1.153578
    27 15.997000 -0.000002 0.000000 1.669041 -0.001231 0.259985
    28 1.885324 0.833275 2.177876 1.172048 -0.644525 0.438889
    29 1.506966 -0.000005 0.000000 0.000000 0.000000 -0.436329
    30 0.798348 -0.000001 -0.000001 0.000000 0.000000 -0.507867
    31 3.950306 -0.539875 2.108876 0.012323 0.110212 -0.171410
    32 1.545797 -0.000001 -0.000008 0.000000 0.000000 0.513113
    33 1.667400 -0.000002 0.000008 0.000000 0.000000 0.785377
    34 3.899460 -0.475376 1.170891 -0.037591 0.101270 -0.055752
    35 1.528215 -0.000001 0.000000 0.000000 0.000000 1.575956
    36 1.528217 -0.000001 0.000001 0.000000 0.000000 1.352577
    37 3.899459 -0.431805 -0.168223 0.093305 -0.006316 0.182573
    38 1.506962 0.000000 0.000002 0.000000 0.000000 1.708639
    39 1.506964 0.000001 -0.000001 0.000000 0.000000 1.310683
    40 3.915634 -0.278019 -1.402605 0.217310 -0.078619 0.205835
    41 1.333083 0.000001 0.000003 0.000000 0.000000 1.464281
    42 1.159202 0.000000 -0.000004 0.000000 0.000000 1.370013
    43 3.495615 0.355083 1.563391 1.582244 -0.018583 -3.126153
    44 -2.156468 1.809614 0.001208 0.000000 0.000000 0.000000
    45 -6.613107 1.564316 -0.031845 0.000000 0.000000 0.000000
  time 69
    0 0.928525 1.014336 -19.461068 0.000000 0.000000 -1.570792
    1 0.000000 0.000000 0.000002 -0.000086 -1.570451 -1.570709
    2 4.443615 -0.009642 0.000006 -0.000004 -0.000001 0.000796
    3 12.111412 -0.011446 0.000000 0.000000 0.000000 0.000000
    4 0.000010 0.011442 1.352402 -0.000014 -1.370796 3.140810
    5 6.078090 0.000001 -0.000005 -0.531509 1.219836 -0.541120
    6 13.446754 -0.000001 0.000001 0.000000 0.000000 -0.648458
    7 15.997000 0.000001 -0.000001 -1.683447 0.000000 0.000000
    8 1.885325 0.833276 -2.177876 -1.598016 0.698132 -0.000668
    9 1.506960 -0.000006 0.000000 0.000000 0.000000 -0.139626
    10 0.798348 0.000003 0.000000 0.000000 0.000000 -0.113446
    11 3.950302 -0.539875 -2.108871 -0.000806 0.157080 -0.000126
    12 1.545797 -0.000002 -0.000001 0.000000 0.000000 0.471239
    13 1.667398 0.000001 0.000007 0.000000 0.000000 0.436332
    14 3.899452 -0.475378 -1.170893 -0.000796 0.000000 0.000000
    15 1.528218 0.000003 0.000001 0.000000 0.000000 0.331613
    16 1.528216 -0.000001 -0.000003 0.000000 0.000000 0.479966
    17 3.899459 -0.431804 0.168223 -0.000796 0.000000 0.000000
    18 1.506968 0.000002 -0.000001 0.000000 0.000000 0.427606
    19 1.506962 -0.000001 0.000001 0.000000 0.000000 0.340339
    20 3.915634 -0.278020 1.402608 -0.000796 0.000000 0.000000
    21 1.333080 0.000000 -0.000001 0.000000 0.000000 0.637045
    22 1.159204 0.000000 -0.000002 0.000000 0.000000 0.218166
    23 18.209354 8.207681 -0.352298 -1.582244 0.018583 -3.126150
    24 0.000009 0.011450 -1.352403 -0.000014 1.370796 3.140783
    25 6.078084 0.000001 0.000003 1.122927 -0.817290 -1.217195
    26 13.446750 -0.000005 0.000000 0.000000 0.000000 -1.153338
    27 15.997000 -0.000002 0.000000 1.669077 -0.001254 0.260319
    28 1.885324 0.833275 2.177876 1.172048 -0.644525 0.438889
    29 1.506966 -0.000005 0.000000 0.000000 0.000000 -0.436329
    30 0.798348 -0.000001 -0.000001 0.000000 0.000000 -0.507879
    31 3.950306 -0.539875 2.108876 0.012323 0.110212 -0.171410
    32 1.545797 -0.000001 -0.000008 0.000000 0.000000 0.513113
    33 1.667400 -0.000002 0.000008 0.000000 0.000000 0.785377
    34 3.899460 -0.475376 1.170891 -0.037591 0.101270 -0.055752
    35 1.528215 -0.000001 0.000000 0.000000 0.000000 1.575956
    36 1.528217 -0.000001 0.000001 0.000000 0.000000 1.352577
    37 3.899459 -0.431805 -0.168223 0.093305 -0.006316 0.182573
    38 1.506962 0.000000 0.000002 0.000000 0.000000 1.708639
    39 1.506964 0.000001 -0.000001 0.000000 0.000000 1.310683
    40 3.915634 -0.278019 -1.402605 0.217310 -0.078607 0.205835
    41 1.333083 0.000001 0.000003 0.000000 0.000000 1.464281
    42 1.159202 0.000000 -0.000004 0.000000 0.000000 1.370013
    43 3.495615 0.351176 1.563391 1.582244 -0.018583 -3.126153
    44 -2.156468 1.809614 0.001208 0.000000 0.000000 0.000000
    45 -6.613107 1.564316 -0.031845 0.000000 0.000000 0.000000
  time 70
    0 0.928525 1.014336 -19.461068 0.000000 0.000000 -1.570792
    1 0.000000 0.000000 0.000002 -0.000086 -1.570451 -1.570709
    2 4.443615 -0.009642 0.000006 -0.000004 -0.000001 0.000796
    3 12.111412 -0.011446 0.000000 0.000000 0.000000 0.000000
    4 0.000010 0.011442 1.352402 -0.000014 -1.370796 3.140810
    5 6.078090 0.000001 -0.000005 -0.531509 1.219836 -0.541120
    6 13.446754 -0.000001 0.000001 0.000000 0.000000 -0.648458
    7 15.997000 0.000001 -0.000001 -1.683447 0.000000 0.000000
    8 1.885325 0.833276 -2.177876 -1.598016 0.698132 -0.000668
    9 1.506960 -0.000006 0.000000 0.000000 0.000000 -0.139626
    10 0.798348 0.000003 0.000000 0.000000 0.000000 -0.113446
    11 3.950302 -0.539875 -2.108871 -0.000806 0.157080 -0.000126
    12 1.545797 -0.000002 -0.000001 0.000000 0.000000 0.471239
    13 1.667398 0.000001 0.000007 0.000000 0.000000 0.436332
    14 3.899452 -0.475378 -1.170893 -0.000796 0.000000 0.000000
    15 1.528218 0.000003 0.000001 0.000000 0.000000 0.331613
    16 1.528216 -0.000001 -0.000003 0.000000 0.000000 0.479966
    17 3.899459 -0.431804 0.168223 -0.000796 0.000000 0.000000
    18 1.506968 0.000002 -0.000001 0.000000 0.000000 0.427606
    19 1.506962 -0.000001 0.000001 0.000000 0.000000 0.340339
    20 3.915634 -0.278020 1.402608 -0.000796 0.000000 0.000000
    21 1.333080 0.000000 -0.000001 0.000000 0.000000 0.637045
    22 1.159204 0.000000 -0.000002 0.000000 0.000000 0.218166
    23 18.209354 8.207681 -0.352298 -1.582244 0.018583 -3.126150
    24 0.000009 0.011450 -1.352403 -0.000014 1.370796 3.140783
    25 6.078084 0.000001 0.000003 1.123024 -0.817126 -1.217300
    26 13.446750 -0.000005 0.000000 0.000000 0.000000 -1.153001
    27 15.997000 -0.000002 0.000000 1.669100 -0.001324 0.260652
    28 1.885324 0.833275 2.177876 1.172048 -0.644525 0.438889
    29 1.506966 -0.000005 0.000000 0.000000 0.000000 -0.436329
    30 0.798348 -0.000001 -0.000001 0.000000 0.000000 -0.507867
    31 3.950306 -0.539875 2.108876 0.012323 0.110212 -0.171410
    32 1.545797 -0.000001 -0.000008 0.000000 0.000000 0.513113
    33 1.667400 -0.000002 0.000008 0.000000 0.000000 0.785377
    34 3.899460 -0.475376 1.170891 -0.037591 0.101270 -0.055752
    35 1.528215 -0.000001 0.000000 0.000000 0.000000 1.575956
    36 1.528217 -0.000001 0.000001 0.000000 0.000000 1.352604
    37 3.899459 -0.431805 -0.168223 0.093293 -0.006316 0.182573
    38 1.506962 0.000000 0.000002 0.000000 0.000000 1.708639
    39 1.506964 0.000001 -0.000001 0.000000 0.000000 1.310683
    40 3.915634 -0.278019 -1.402605 0.217310 -0.078619 0.205835
    41 1.333083 0.000001 0.000003 0.000000 0.000000 1.464281
    42 1.159202 0.000000 -0.000004 0.000000 0.000000 1.370013
    43 3.495615 0.351176 1.563391 1.582244 -0.018583 -3.126153
    44 -2.156468 1.809614 0.001208 0.000000 0.000000 0.000000
    45 -6.613107 1.564316 -0.031845 0.000000 0.000000 0.000000
  time 71
    0 0.928525 1.014336 -19.461068 0.000000 0.000000 -1.570792
    1 0.000000 0.000000 0.000002 -0.000086 -1.570451 -1.570709
    2 4.443615 -0.009642 0.000006 -0.000004 -0.000001 0.000796
    3 12.111412 -0.011446 0.000000 0.000000 0.000000 0.000000
    4 0.000010 0.011442 1.352402 -0.000014 -1.370796 3.140810
    5 6.078090 0.000001 -0.000005 -0.531509 1.219836 -0.541120
    6 13.446754 -0.000001 0.000001 0.000000 0.000000 -0.648458
    7 15.997000 0.000001 -0.000001 -1.683447 0.000000 0.000000
    8 1.885325 0.833276 -2.177876 -1.598016 0.698132 -0.000668
    9 1.506960 -0.000006 0.000000 0.000000 0.000000 -0.139626
    10 0.798348 0.000003 0.000000 0.000000 0.000000 -0.113446
    11 3.950302 -0.539875 -2.108871 -0.000806 0.157080 -0.000126
    12 1.545797 -0.000002 -0.000001 0.000000 0.000000 0.471239
    13 1.667398 0.000001 0.000007 0.000000 0.000000 0.436332
    14 3.899452 -0.475378 -1.170893 -0.000796 0.000000 0.000000
    15 1.528218 0.000003 0.000001 0.000000 0.000000 0.331613
    16 1.528216 -0.000001 -0.000003 0.000000 0.000000 0.479966
    17 3.899459 -0.431804 0.168223 -0.000796 0.000000 0.000000
    18 1.506968 0.000002 -0.000001 0.000000 0.000000 0.427606
    19 1.506962 -0.000001 0.000001 0.000000 0.000000 0.340339
    20 3.915634 -0.278020 1.402608 -0.000796 0.000000 0.000000
    21 1.333080 0.000000 -0.000001 0.000000 0.000000 0.637045
    22 1.159204 0.000000 -0.000002 0.000000 0.000000 0.218166
    23 18.209354 8.207681 -0.352298 -1.582244 0.018583 -3.126150
    24 0.000009 0.011450 -1.352403 -0.000014 1.370796 3.140783
    25 6.078084 0.000001 0.000003 1.123107 -0.816961 -1.217426
    26 13.446750 -0.000005 0.000000 0.000000 0.000000 -1.152761
    27 15.997000 -0.000002 0.000000 1.669148 -0.001347 0.260986
    28 1.885324 0.833275 2.177876 1.172048 -0.644525 0.438889
    29 1.506966 -0.000005 0.000000 0.000000 0.000000 -0.436329
    30 0.798348 -0.000001 -0.000001 0.000000 0.000000 -0.507867
    31 3.950306 -0.539875 2.108876 0.012323 0.110212 -0.171410
    32 1.545797 -0.000001 -0.000008 0.000000 0.000000 0.513113
    33 1.667400 -0.000002 0.000008 0.000000 0.000000 0.785377
    34 3.899460 -0.475376 1.170891 -0.037591 0.101270 -0.055752
    35 1.528215 -0.000001 0.000000 0.000000 0.000000 1.575956
    36 1.528217 -0.000001 0.000001 0.000000 0.000000 1.352577
    37 3.899459 -0.431805 -0.168223 0.093293 -0.006316 0.182573
    38 1.506962 0.000000 0.000002 0.000000 0.000000 1.708639
    39 1.506964 0.000001 -0.000001 0.000000 0.000000 1.310683
    40 3.915634 -0.278019 -1.402605 0.217310 -0.078619 0.205835
    41 1.333083 0.000001 0.000003 0.000000 0.000000 1.464281
    42 1.159202 0.000000 -0.000004 0.000000 0.000000 1.370013
    43 3.495615 0.351176 1.563391 1.582244 -0.018583 -3.126153
    44 -2.156468 1.809614 0.001208 0.000000 0.000000 0.000000
    45 -6.613107 1.564316 -0.031845 0.000000 0.000000 0.000000
  time 72
    0 0.928525 1.014336 -19.461068 0.000000 0.000000 -1.570792
    1 0.000000 0.000000 0.000002 -0.000086 -1.570451 -1.570709
    2 4.443615 -0.009642 0.000006 -0.000004 -0.000001 0.000796
    3 12.111412 -0.011446 0.000000 0.000000 0.000000 0.000000
    4 0.000010 0.011442 1.352402 -0.000014 -1.370796 3.140810
    5 6.078090 0.000001 -0.000005 -0.531509 1.219836 -0.541120
    6 13.446754 -0.000001 0.000001 0.000000 0.000000 -0.648458
    7 15.997000 0.000001 -0.000001 -1.683447 0.000000 0.000000
    8 1.885325 0.833276 -2.177876 -1.598016 0.698132 -0.000668
    9 1.506960 -0.000006 0.000000 0.000000 0.000000 -0.139626
    10 0.798348 0.000003 0.000000 0.000000 0.000000 -0.113446
    11 3.950302 -0.539875 -2.108871 -0.000806 0.157080 -0.000126
    12 1.545797 -0.000002 -0.000001 0.000000 0.000000 0.471239
    13 1.667398 0.000001 0.000007 0.000000 0.000000 0.436332
    14 3.899452 -0.475378 -1.170893 -0.000796 0.000000 0.000000
    15 1.528218 0.000003 0.000001 0.000000 0.000000 0.331613
    16 1.528216 -0.000001 -0.000003 0.000000 0.000000 0.479966
    17 3.899459 -0.431804 0.168223 -0.000796 0.000000 0.000000
    18 1.506968 0.000002 -0.000001 0.000000 0.000000 0.427606
    19 1.506962 -0.000001 0.000001 0.000000 0.000000 0.340339
    20 3.915634 -0.278020 1.402608 -0.000796 0.000000 0.000000
    21 1.333080 0.000000 -0.000001 0.000000 0.000000 0.637045
    22 1.159204 0.000000 -0.000002 0.000000 0.000000 0.218166
    23 18.209354 8.207681 -0.352298 -1.582244 0.018583 -3.126150
    24 0.000009 0.011450 -1.352403 -0.000014 1.370796 3.140783
    25 6.078084 0.000001 0.000003 1.123190 -0.816797 -1.217531
    26 13.446750 -0.000005 0.000000 0.000000 0.000000 -1.152520
    27 15.997000 -0.000002 0.000000 1.669196 -0.001370 0.261296
    28 1.885324 0.833275 2.177876 1.172048 -0.644537 0.438889
    29 1.506966 -0.000005 0.000000 0.000000 0.000000 -0.436329
    30 0.798348 -0.000001 -0.000001 0.000000 0.000000 -0.507867
    31 3.950306 -0.539875 2.108876 0.012323 0.110212 -0.171410
    32 1.545797 -0.000001 -0.000008 0.000000 0.000000 0.513113
    33 1.667400 -0.000002 0.000008 0.000000 0.000000 0.785377
    34 3.899460 -0.475376 1.170891 -0.037591 0.101270 -0.055752
    35 1.528215 -0.000001 0.000000 0.000000 0.000000 1.575956
    36 1.528217 -0.000001 0.000001 0.000000 0.000000 1.352577
    37 3.899459 -0.431805 -0.168223 0.093305 -0.006316 0.182573
    38 1.506962 0.000000 0.000002 0.000000 0.000000 1.708639
    39 1.506964 0.000001 -0.000001 0.000000 0.000000 1.310683
    40 3.915634 -0.278019 -1.402605 0.217310 -0.078619 0.205835
    41 1.333083 0.000001 0.000003 0.000000 0.000000 1.464281
    42 1.159202 0.000000 -0.000004 0.000000 0.000000 1.370013
    43 3.495615 0.351176 1.563391 1.582244 -0.018583 -3.126153
    44 -2.156468 1.809614 0.001208 0.000000 0.000000 0.000000
    45 -6.613107 1.564316 -0.031845 0.000000 0.000000 0.000000
  time 73
    0 0.928525 1.014336 -19.461068 0.000000 0.000000 -1.570792
    1 0.000000 0.000000 0.000002 -0.000086 -1.570451 -1.570709
    2 4.443615 -0.009642 0.000006 -0.000004 -0.000001 0.000796
    3 12.111412 -0.011446 0.000000 0.000000 0.000000 0.000000
    4 0.000010 0.011442 1.352402 -0.000014 -1.370796 3.140810
    5 6.078090 0.000001 -0.000005 -0.531509 1.219836 -0.541120
    6 13.446754 -0.000001 0.000001 0.000000 0.000000 -0.648458
    7 15.997000 0.000001 -0.000001 -1.683447 0.000000 0.000000
    8 1.885325 0.833276 -2.177876 -1.598016 0.698132 -0.000668
    9 1.506960 -0.000006 0.000000 0.000000 0.000000 -0.139626
    10 0.798348 0.000003 0.000000 0.000000 0.000000 -0.113446
    11 3.950302 -0.539875 -2.108871 -0.000806 0.157080 -0.000126
    12 1.545797 -0.000002 -0.000001 0.000000 0.000000 0.471239
    13 1.667398 0.000001 0.000007 0.000000 0.000000 0.436332
    14 3.899452 -0.475378 -1.170893 -0.000796 0.000000 0.000000
    15 1.528218 0.000003 0.000001 0.000000 0.000000 0.331613
    16 1.528216 -0.000001 -0.000003 0.000000 0.000000 0.479966
    17 3.899459 -0.431804 0.168223 -0.000796 0.000000 0.000000
    18 1.506968 0.000002 -0.000001 0.000000 0.000000 0.427606
    19 1.506962 -0.000001 0.000001 0.000000 0.000000 0.340339
    20 3.915634 -0.278020 1.402608 -0.000796 0.000000 0.000000
    21 1.333080 0.000000 -0.000001 0.000000 0.000000 0.637045
    22 1.159204 0.000000 -0.000002 0.000000 0.000000 0.218166
    23 18.209354 8.207681 -0.352298 -1.582244 0.018583 -3.126150
    24 0.000009 0.011450 -1.352403 -0.000014 1.370796 3.140783
    25 6.078084 0.000001 0.000003 1.123273 -0.816666 -1.217636
    26 13.446750 -0.000005 0.000000 0.000000 0.000000 -1.152232
    27 15.997000 -0.000002 0.000000 1.669232 -0.001417 0.261606
    28 1.885324 0.833275 2.177876 1.172048 -0.644537 0.438889
    29 1.506966 -0.000005 0.000000 0.000000 0.000000 -0.436329
    30 0.798348 -0.000001 -0.000001 0.000000 0.000000 -0.507867
    31 3.950306 -0.539875 2.108876 0.012323 0.110212 -0.171410
    32 1.545797 -0.000001 -0.000008 0.000000 0.000000 0.513113
    33 1.667400 -0.000002 0.000008 0.000000 0.000000 0.785377
    34 3.899460 -0.475376 1.170891 -0.037591 0.101270 -0.055752
    35 1.528215 -0.000001 0.000000 0.000000 0.000000 1.575956
    36 1.528217 -0.000001 0.000001 0.000000 0.000000 1.352604
    37 3.899459 -0.431805 -0.168223 0.093293 -0.006316 0.182573
    38 1.506962 0.000000 0.000002 0.000000 0.000000 1.708639
    39 1.506964 0.000001 -0.000001 0.000000 0.000000 1.310683
    40 3.915634 -0.278019 -1.402605 0.217310 -0.078619 0.205835
    41 1.333083 0.000001 0.000003 0.000000 0.000000 1.464281
    42 1.159202 0.000000 -0.000004 0.000000 0.000000 1.370013
    43 3.495615 0.351176 1.563391 1.582244 -0.018583 -3.126153
    44 -2.156468 1.809614 0.001208 0.000000 0.000000 0.000000
    45 -6.613107 1.564316 -0.031845 0.000000 0.000000 0.000000
  time 74
    0 0.928525 1.014336 -19.461068 0.000000 0.000000 -1.570792
    1 0.000000 0.000000 0.000002 -0.000086 -1.570451 -1.570709
    2 4.443615 -0.009642 0.000006 -0.000004 -0.000001 0.000796
    3 12.111412 -0.011446 0.000000 0.000000 0.000000 0.000000
    4 0.000010 0.011442 1.352402 -0.000014 -1.370796 3.140810
    5 6.078090 0.000001 -0.000005 -0.531509 1.219836 -0.541120
    6 13.446754 -0.000001 0.000001 0.000000 0.000000 -0.648458
    7 15.997000 0.000001 -0.000001 -1.683447 0.000000 0.000000
    8 1.885325 0.833276 -2.177876 -1.598016 0.698132 -0.000668
    9 1.506960 -0.000006 0.000000 0.000000 0.000000 -0.139626
    10 0.798348 0.000003 0.000000 0.000000 0.000000 -0.113446
    11 3.950302 -0.539875 -2.108871 -0.000806 0.157080 -0.000126
    12 1.545797 -0.000002 -0.000001 0.000000 0.000000 0.471239
    13 1.667398 0.000001 0.000007 0.000000 0.000000 0.436332
    14 3.899452 -0.475378 -1.170893 -0.000796 0.000000 0.000000
    15 1.528218 0.000003 0.000001 0.000000 0.000000 0.331613
    16 1.528216 -0.000001 -0.000003 0.000000 0.000000 0.479966
    17 3.899459 -0.431804 0.168223 -0.000796 0.000000 0.000000
    18 1.506968 0.000002 -0.000001 0.000000 0.000000 0.427606
    19 1.506962 -0.000001 0.000001 0.000000 0.000000 0.340339
    20 3.915634 -0.278020 1.402608 -0.000796 0.000000 0.000000
    21 1.333080 0.000000 -0.000001 0.000000 0.000000 0.637045
    22 1.159204 0.000000 -0.000002 0.000000 0.000000 0.218166
    23 18.209354 8.207681 -0.352298 -1.582244 0.018583 -3.126150
    24 0.000009 0.011450 -1.352403 -0.000014 1.370796 3.140783
    25 6.078084 0.000001 0.000003 1.123342 -0.816501 -1.217762
    26 13.446750 -0.000005 0.000000 0.000000 0.000000 -1.151992
    27 15.997000 -0.000002 0.000000 1.669280 -0.001440 0.261891
    28 1.885324 0.833275 2.177876 1.172048 -0.644525 0.438889
    29 1.506966 -0.000005 0.000000 0.000000 0.000000 -0.436329
    30 0.798348 -0.000001 -0.000001 0.000000 0.000000 -0.507867
    31 3.950306 -0.539875 2.108876 0.012323 0.110212 -0.171410
    32 1.545797 -0.000001 -0.000008 0.000000 0.000000 0.513113
    33 1.667400 -0.000002 0.000008 0.000000 0.000000 0.785377
    34 3.899460 -0.475376 1.170891 -0.037591 0.101270 -0.055752
    35 1.528215 -0.000001 0.000000 0.000000 0.000000 1.575956
    36 1.528217 -0.000001 0.000001 0.000000 0.000000 1.352577
    37 3.899459 -0.431805 -0.168223 0.093293 -0.006316 0.182573
    38 1.506962 0.000000 0.000002 0.000000 0.000000 1.708639
    39 1.506964 0.000001 -0.000001 0.000000 0.000000 1.310683
    40 3.915634 -0.278019 -1.402605 0.217310 -0.078619 0.205835
    41 1.333083 0.000001 0.000003 0.000000 0.000000 1.464281
    42 1.159202 0.000000 -0.000004 0.000000 0.000000 1.370013
    43 3.495615 0.355083 1.563391 1.582244 -0.018583 -3.126153
    44 -2.156468 1.809614 0.001208 0.000000 0.000000 0.000000
    45 -6.613107 1.564316 -0.031845 0.000000 0.000000 0.000000
  time 75
    0 0.928525 1.014336 -19.461068 0.000000 0.000000 -1.570792
    1 0.000000 0.000000 0.000002 -0.000086 -1.570451 -1.570709
    2 4.443615 -0.009642 0.000006 -0.000004 -0.000001 0.000796
    3 12.111412 -0.011446 0.000000 0.000000 0.000000 0.000000
    4 0.000010 0.011442 1.352402 -0.000014 -1.370796 3.140810
    5 6.078090 0.000001 -0.000005 -0.531509 1.219836 -0.541120
    6 13.446754 -0.000001 0.000001 0.000000 0.000000 -0.648458
    7 15.997000 0.000001 -0.000001 -1.683447 0.000000 0.000000
    8 1.885325 0.833276 -2.177876 -1.598016 0.698132 -0.000668
    9 1.506960 -0.000006 0.000000 0.000000 0.000000 -0.139626
    10 0.798348 0.000003 0.000000 0.000000 0.000000 -0.113446
    11 3.950302 -0.539875 -2.108871 -0.000806 0.157080 -0.000126
    12 1.545797 -0.000002 -0.000001 0.000000 0.000000 0.471239
    13 1.667398 0.000001 0.000007 0.000000 0.000000 0.436332
    14 3.899452 -0.475378 -1.170893 -0.000796 0.000000 0.000000
    15 1.528218 0.000003 0.000001 0.000000 0.000000 0.331613
    16 1.528216 -0.000001 -0.000003 0.000000 0.000000 0.479966
    17 3.899459 -0.431804 0.168223 -0.000796 0.000000 0.000000
    18 1.506968 0.000002 -0.000001 0.000000 0.000000 0.427606
    19 1.506962 -0.000001 0.000001 0.000000 0.000000 0.340339
    20 3.915634 -0.278020 1.402608 -0.000796 0.000000 0.000000
    21 1.333080 0.000000 -0.000001 0.000000 0.000000 0.637045
    22 1.159204 0.000000 -0.000002 0.000000 0.000000 0.218166
    23 18.209354 8.207681 -0.352298 -1.582244 0.018583 -3.126150
    24 0.000009 0.011450 -1.352403 -0.000014 1.370796 3.140783
    25 6.078084 0.000001 0.000003 1.123411 -0.816337 -1.217867
    26 13.446750 -0.000005 0.000000 0.000000 0.000000 -1.151655
    27 15.997000 -0.000002 0.000000 1.669328 -0.001440 0.262154
    28 1.885324 0.833275 2.177876 1.172048 -0.644525 0.438889
    29 1.506966 -0.000005 0.000000 0.000000 0.000000 -0.436329
    30 0.798348 -0.000001 -0.000001 0.000000 0.000000 -0.507867
    31 3.950306 -0.539875 2.108876 0.012323 0.110212 -0.171410
    32 1.545797 -0.000001 -0.000008 0.000000 0.000000 0.513113
    33 1.667400 -0.000002 0.000008 0.000000 0.000000 0.785377
    34 3.899460 -0.475376 1.170891 -0.037591 0.101270 -0.055752
    35 1.528215 -0.000001 0.000000 0.000000 0.000000 1.575956
    36 1.528217 -0.000001 0.000001 0.000000 0.000000 1.352577
    37 3.899459 -0.431805 -0.168223 0.093293 -0.006316 0.182573
    38 1.506962 0.000000 0.000002 0.000000 0.000000 1.708639
    39 1.506964 0.000001 -0.000001 0.000000 0.000000 1.310683
    40 3.915634 -0.278019 -1.402605 0.217310 -0.078619 0.205835
    41 1.333083 0.000001 0.000003 0.000000 0.000000 1.464281
    42 1.159202 0.000000 -0.000004 0.000000 0.000000 1.370013
    43 3.495615 0.351176 1.563391 1.582244 -0.018583 -3.126153
    44 -2.156468 1.809614 0.001208 0.000000 0.000000 0.000000
    45 -6.617014 1.564316 -0.031845 0.000000 0.000000 0.000000
  time 76
    0 0.928525 1.014336 -19.461068 0.000000 0.000000 -1.570792
    1 0.000000 0.000000 0.000002 -0.000086 -1.570451 -1.570709
    2 4.443615 -0.009642 0.000006 -0.000004 -0.000001 0.000796
    3 12.111412 -0.011446 0.000000 0.000000 0.000000 0.000000
    4 0.000010 0.011442 1.352402 -0.000014 -1.370796 3.140810
    5 6.078090 0.000001 -0.000005 -0.531509 1.219836 -0.541120
    6 13.446754 -0.000001 0.000001 0.000000 0.000000 -0.648458
    7 15.997000 0.000001 -0.000001 -1.683447 0.000000 0.000000
    8 1.885325 0.833276 -2.177876 -1.598016 0.698132 -0.000668
    9 1.506960 -0.000006 0.000000 0.000000 0.000000 -0.139626
    10 0.798348 0.000003 0.000000 0.000000 0.000000 -0.113446
    11 3.950302 -0.539875 -2.108871 -0.000806 0.157080 -0.000126
    12 1.545797 -0.000002 -0.000001 0.000000 0.000000 0.471239
    13 1.667398 0.000001 0.000007 0.000000 0.000000 0.436332
    14 3.899452 -0.475378 -1.170893 -0.000796 0.000000 0.000000
    15 1.528218 0.000003 0.000001 0.000000 0.000000 0.331613
    16 1.528216 -0.000001 -0.000003 0.000000 0.000000 0.479966
    17 3.899459 -0.431804 0.168223 -0.000796 0.000000 0.000000
    18 1.506968 0.000002 -0.000001 0.000000 0.000000 0.427606
    19 1.506962 -0.000001 0.000001 0.000000 0.000000 0.340339
    20 3.915634 -0.278020 1.402608 -0.000796 0.000000 0.000000
    21 1.333080 0.000000 -0.000001 0.000000 0.000000 0.637045
    22 1.159204 0.000000 -0.000002 0.000000 0.000000 0.218166
    23 18.209354 8.207681 -0.352298 -1.582244 0.018583 -3.126150
    24 0.000009 0.011450 -1.352403 -0.000014 1.370796 3.140783
    25 6.078084 0.000001 0.000003 1.123507 -0.816205 -1.217972
    26 13.446750 -0.000005 0.000000 0.000000 0.000000 -1.151463
    27 15.997000 -0.000002 0.000000 1.669376 -0.001463 0.262392
    28 1.885324 0.833275 2.177876 1.172048 -0.644537 0.438889
    29 1.506966 -0.000005 0.000000 0.000000 0.000000 -0.436329
    30 0.798348 -0.000001 -0.000001 0.000000 0.000000 -0.507867
    31 3.950306 -0.539875 2.108876 0.012323 0.110212 -0.171410
    32 1.545797 -0.000001 -0.000008 0.000000 0.000000 0.513113
    33 1.667400 -0.000002 0.000008 0.000000 0.000000 0.785377
    34 3.899460 -0.475376 1.170891 -0.037591 0.101270 -0.055752
    35 1.528215 -0.000001 0.000000 0.000000 0.000000 1.575956
    36 1.528217 -0.000001 0.000001 0.000000 0.000000 1.352577
    37 3.899459 -0.431805 -0.168223 0.093293 -0.006316 0.182573
    38 1.506962 0.000000 0.000002 0.000000 0.000000 1.708639
    39 1.506964 0.000001 -0.000001 0.000000 0.000000 1.310683
    40 3.915634 -0.278019 -1.402605 0.217310 -0.078619 0.205835
    41 1.333083 0.000001 0.000003 0.000000 0.000000 1.464281
    42 1.159202 0.000000 -0.000004 0.000000 0.000000 1.370013
    43 3.495615 0.355083 1.563391 1.582244 -0.018583 -3.126153
    44 -2.156468 1.809614 0.001208 0.000000 0.000000 0.000000
    45 -6.613107 1.564316 -0.031845 0.000000 0.000000 0.000000
  time 77
    0 0.928525 1.014336 -19.461068 0.000000 0.000000 -1.570792
    1 0.000000 0.000000 0.000002 -0.000086 -1.570451 -1.570709
    2 4.443615 -0.009642 0.000006 -0.000004 -0.000001 0.000796
    3 12.111412 -0.011446 0.000000 0.000000 0.000000 0.000000
    4 0.000010 0.011442 1.352402 -0.000014 -1.370796 3.140810
    5 6.078090 0.000001 -0.000005 -0.531509 1.219836 -0.541120
    6 13.446754 -0.000001 0.000001 0.000000 0.000000 -0.648458
    7 15.997000 0.000001 -0.000001 -1.683447 0.000000 0.000000
    8 1.885325 0.833276 -2.177876 -1.598016 0.698132 -0.000668
    9 1.506960 -0.000006 0.000000 0.000000 0.000000 -0.139626
    10 0.798348 0.000003 0.000000 0.000000 0.000000 -0.113446
    11 3.950302 -0.539875 -2.108871 -0.000806 0.157080 -0.000126
    12 1.545797 -0.000002 -0.000001 0.000000 0.000000 0.471239
    13 1.667398 0.000001 0.000007 0.000000 0.000000 0.436332
    14 3.899452 -0.475378 -1.170893 -0.000796 0.000000 0.000000
    15 1.528218 0.000003 0.000001 0.000000 0.000000 0.331613
    16 1.528216 -0.000001 -0.000003 0.000000 0.000000 0.479966
    17 3.899459 -0.431804 0.168223 -0.000796 0.000000 0.000000
    18 1.506968 0.000002 -0.000001 0.000000 0.000000 0.427606
    19 1.506962 -0.000001 0.000001 0.000000 0.000000 0.340339
    20 3.915634 -0.278020 1.402608 -0.000796 0.000000 0.000000
    21 1.333080 0.000000 -0.000001 0.000000 0.000000 0.637045
    22 1.159204 0.000000 -0.000002 0.000000 0.000000 0.218166
    23 18.209354 8.207681 -0.352298 -1.582244 0.018583 -3.126150
    24 0.000009 0.011450 -1.352403 -0.000014 1.370796 3.140783
    25 6.078084 0.000001 0.000003 1.123563 -0.816041 -1.218077
    26 13.446750 -0.000005 0.000000 0.000000 0.000000 -1.151174
    27 15.997000 -0.000002 0.000000 1.669412 -0.001510 0.262606
    28 1.885324 0.833275 2.177876 1.172048 -0.644537 0.438889
    29 1.506966 -0.000005 0.000000 0.000000 0.000000 -0.436329
    30 0.798348 -0.000001 -0.000001 0.000000 0.000000 -0.507867
    31 3.950306 -0.539875 2.108876 0.012323 0.110212 -0.171410
    32 1.545797 -0.000001 -0.000008 0.000000 0.000000 0.513113
    33 1.667400 -0.000002 0.000008 0.000000 0.000000 0.785377
    34 3.899460 -0.475376 1.170891 -0.037591 0.101270 -0.055752
    35 1.528215 -0.000001 0.000000 0.000000 0.000000 1.575956
    36 1.528217 -0.000001 0.000001 0.000000 0.000000 1.352577
    37 3.899459 -0.431805 -0.168223 0.093293 -0.006316 0.182573
    38 1.506962 0.000000 0.000002 0.000000 0.000000 1.708639
    39 1.506964 0.000001 -0.000001 0.000000 0.000000 1.310683
    40 3.915634 -0.278019 -1.402605 0.217310 -0.078619 0.205835
    41 1.333083 0.000001 0.000003 0.000000 0.000000 1.464281
    42 1.159202 0.000000 -0.000004 0.000000 0.000000 1.370013
    43 3.495615 0.351176 1.563391 1.582244 -0.018583 -3.126153
    44 -2.156468 1.809614 0.001208 0.000000 0.000000 0.000000
    45 -6.613107 1.564316 -0.031845 0.000000 0.000000 0.000000
  time 78
    0 0.928525 1.014336 -19.461068 0.000000 0.000000 -1.570792
    1 0.000000 0.000000 0.000002 -0.000086 -1.570451 -1.570709
    2 4.443615 -0.009642 0.000006 -0.000004 -0.000001 0.000796
    3 12.111412 -0.011446 0.000000 0.000000 0.000000 0.000000
    4 0.000010 0.011442 1.352402 -0.000014 -1.370796 3.140810
    5 6.078090 0.000001 -0.000005 -0.531509 1.219836 -0.541120
    6 13.446754 -0.000001 0.000001 0.000000 0.000000 -0.648458
    7 15.997000 0.000001 -0.000001 -1.683447 0.000000 0.000000
    8 1.885325 0.833276 -2.177876 -1.598016 0.698132 -0.000668
    9 1.506960 -0.000006 0.000000 0.000000 0.000000 -0.139626
    10 0.798348 0.000003 0.000000 0.000000 0.000000 -0.113446
    11 3.950302 -0.539875 -2.108871 -0.000806 0.157080 -0.000126
    12 1.545797 -0.000002 -0.000001 0.000000 0.000000 0.471239
    13 1.667398 0.000001 0.000007 0.000000 0.000000 0.436332
    14 3.899452 -0.475378 -1.170893 -0.000796 0.000000 0.000000
    15 1.528218 0.000003 0.000001 0.000000 0.000000 0.331613
    16 1.528216 -0.000001 -0.000003 0.000000 0.000000 0.479966
    17 3.899459 -0.431804 0.168223 -0.000796 0.000000 0.000000
    18 1.506968 0.000002 -0.000001 0.000000 0.000000 0.427606
    19 1.506962 -0.000001 0.000001 0.000000 0.000000 0.340339
    20 3.915634 -0.278020 1.402608 -0.000796 0.000000 0.000000
    21 1.333080 0.000000 -0.000001 0.000000 0.000000 0.637045
    22 1.159204 0.000000 -0.000002 0.000000 0.000000 0.218166
    23 18.209354 8.207681 -0.352298 -1.582244 0.018583 -3.126150
    24 0.000009 0.011450 -1.352403 -0.000014 1.370796 3.140783
    25 6.078084 0.000001 0.000003 1.123632 -0.815910 -1.218161
    26 13.446750 -0.000005 0.000000 0.000000 0.000000 -1.150982
    27 15.997000 -0.000002 0.000000 1.669472 -0.001533 0.262821
    28 1.885324 0.833275 2.177876 1.172048 -0.644525 0.438889
    29 1.506966 -0.000005 0.000000 0.000000 0.000000 -0.436329
    30 0.798348 -0.000001 -0.000001 0.000000 0.000000 -0.507867
    31 3.950306 -0.539875 2.108876 0.012323 0.110212 -0.171410
    32 1.545797 -0.000001 -0.000008 0.000000 0.000000 0.513113
    33 1.667400 -0.000002 0.000008 0.000000 0.000000 0.785377
    34 3.899460 -0.475376 1.170891 -0.037591 0.101270 -0.055752
    35 1.528215 -0.000001 0.000000 0.000000 0.000000 1.575956
    36 1.528217 -0.000001 0.000001 0.000000 0.000000 1.352577
    37 3.899459 -0.431805 -0.168223 0.093293 -0.006316 0.182573
    38 1.506962 0.000000 0.000002 0.000000 0.000000 1.708639
    39 1.506964 0.000001 -0.000001 0.000000 0.000000 1.310683
    40 3.915634 -0.278019 -1.402605 0.217310 -0.078619 0.205835
    41 1.333083 0.000001 0.000003 0.000000 0.000000 1.464281
    42 1.159202 0.000000 -0.000004 0.000000 0.000000 1.370013
    43 3.495615 0.351176 1.563391 1.582244 -0.018583 -3.126153
    44 -2.156468 1.809614 0.001208 0.000000 0.000000 0.000000
    45 -6.617014 1.564316 -0.031845 0.000000 0.000000 0.000000
  time 79
    0 0.928525 1.014336 -19.461068 0.000000 0.000000 -1.570792
    1 0.000000 0.000000 0.000002 -0.000086 -1.570451 -1.570709
    2 4.443615 -0.009642 0.000006 -0.000004 -0.000001 0.000796
    3 12.111412 -0.011446 0.000000 0.000000 0.000000 0.000000
    4 0.000010 0.011442 1.352402 -0.000014 -1.370796 3.140810
    5 6.078090 0.000001 -0.000005 -0.531509 1.219836 -0.541120
    6 13.446754 -0.000001 0.000001 0.000000 0.000000 -0.648458
    7 15.997000 0.000001 -0.000001 -1.683447 0.000000 0.000000
    8 1.885325 0.833276 -2.177876 -1.598016 0.698132 -0.000668
    9 1.506960 -0.000006 0.000000 0.000000 0.000000 -0.139626
    10 0.798348 0.000003 0.000000 0.000000 0.000000 -0.113446
    11 3.950302 -0.539875 -2.108871 -0.000806 0.157080 -0.000126
    12 1.545797 -0.000002 -0.000001 0.000000 0.000000 0.471239
    13 1.667398 0.000001 0.000007 0.000000 0.000000 0.436332
    14 3.899452 -0.475378 -1.170893 -0.000796 0.000000 0.000000
    15 1.528218 0.000003 0.000001 0.000000 0.000000 0.331613
    16 1.528216 -0.000001 -0.000003 0.000000 0.000000 0.479966
    17 3.899459 -0.431804 0.168223 -0.000796 0.000000 0.000000
    18 1.506968 0.000002 -0.000001 0.000000 0.000000 0.427606
    19 1.506962 -0.000001 0.000001 0.000000 0.000000 0.340339
    20 3.915634 -0.278020 1.402608 -0.000796 0.000000 0.000000
    21 1.333080 0.000000 -0.000001 0.000000 0.000000 0.637045
    22 1.159204 0.000000 -0.000002 0.000000 0.000000 0.218166
    23 18.209354 8.207681 -0.352298 -1.582244 0.018583 -3.126150
    24 0.000009 0.011450 -1.352403 -0.000014 1.370796 3.140783
    25 6.078084 0.000001 0.000003 1.123715 -0.815778 -1.218266
    26 13.446750 -0.000005 0.000000 0.000000 0.000000 -1.150790
    27 15.997000 -0.000002 0.000000 1.669508 -0.001556 0.262964
    28 1.885324 0.833275 2.177876 1.172048 -0.644525 0.438889
    29 1.506966 -0.000005 0.000000 0.000000 0.000000 -0.436329
    30 0.798348 -0.000001 -0.000001 0.000000 0.000000 -0.507867
    31 3.950306 -0.539875 2.108876 0.012323 0.110212 -0.171410
    32 1.545797 -0.000001 -0.000008 0.000000 0.000000 0.513113
    33 1.667400 -0.000002 0.000008 0.000000 0.000000 0.785377
    34 3.899460 -0.475376 1.170891 -0.037591 0.101270 -0.055752
    35 1.528215 -0.000001 0.000000 0.000000 0.000000 1.575956
    36 1.528217 -0.000001 0.000001 0.000000 0.000000 1.352577
    37 3.899459 -0.431805 -0.168223 0.093293 -0.006316 0.182573
    38 1.506962 0.000000 0.000002 0.000000 0.000000 1.708639
    39 1.506964 0.000001 -0.000001 0.000000 0.000000 1.310683
    40 3.915634 -0.278019 -1.402605 0.217310 -0.078607 0.205835
    41 1.333083 0.000001 0.000003 0.000000 0.000000 1.464281
    42 1.159202 0.000000 -0.000004 0.000000 0.000000 1.370013
    43 3.495615 0.351176 1.563391 1.582244 -0.018583 -3.126153
    44 -2.156468 1.809614 0.001208 0.000000 0.000000 0.000000
    45 -6.613107 1.564316 -0.031845 0.000000 0.000000 0.000000
  time 80
    0 0.928525 1.014336 -19.461068 0.000000 0.000000 -1.570792
    1 0.000000 0.000000 0.000002 -0.000086 -1.570451 -1.570709
    2 4.443615 -0.009642 0.000006 -0.000004 -0.000001 0.000796
    3 12.111412 -0.011446 0.000000 0.000000 0.000000 0.000000
    4 0.000010 0.011442 1.352402 -0.000014 -1.370796 3.140810
    5 6.078090 0.000001 -0.000005 -0.531509 1.219836 -0.541120
    6 13.446754 -0.000001 0.000001 0.000000 0.000000 -0.648458
    7 15.997000 0.000001 -0.000001 -1.683447 0.000000 0.000000
    8 1.885325 0.833276 -2.177876 -1.598016 0.698132 -0.000668
    9 1.506960 -0.000006 0.000000 0.000000 0.000000 -0.139626
    10 0.798348 0.000003 0.000000 0.000000 0.000000 -0.113446
    11 3.950302 -0.539875 -2.108871 -0.000806 0.157080 -0.000126
    12 1.545797 -0.000002 -0.000001 0.000000 0.000000 0.471239
    13 1.667398 0.000001 0.000007 0.000000 0.000000 0.436332
    14 3.899452 -0.475378 -1.170893 -0.000796 0.000000 0.000000
    15 1.528218 0.000003 0.000001 0.000000 0.000000 0.331613
    16 1.528216 -0.000001 -0.000003 0.000000 0.000000 0.479966
    17 3.899459 -0.431804 0.168223 -0.000796 0.000000 0.000000
    18 1.506968 0.000002 -0.000001 0.000000 0.000000 0.427606
    19 1.506962 -0.000001 0.000001 0.000000 0.000000 0.340339
    20 3.915634 -0.278020 1.402608 -0.000796 0.000000 0.000000
    21 1.333080 0.000000 -0.000001 0.000000 0.000000 0.637045
    22 1.159204 0.000000 -0.000002 0.000000 0.000000 0.218166
    23 18.209354 8.207681 -0.352298 -1.582244 0.018583 -3.126150
    24 0.000009 0.011450 -1.352403 -0.000014 1.370796 3.140783
    25 6.078084 0.000001 0.000003 1.123784 -0.815647 -1.218350
    26 13.446750 -0.000005 0.000000 0.000000 0.000000 -1.150549
    27 15.997000 -0.000002 0.000000 1.669532 -0.001556 0.263107
    28 1.885324 0.833275 2.177876 1.172048 -0.644525 0.438889
    29 1.506966 -0.000005 0.000000 0.000000 0.000000 -0.436329
    30 0.798348 -0.000001 -0.000001 0.000000 0.000000 -0.507867
    31 3.950306 -0.539875 2.108876 0.012323 0.110212 -0.171410
    32 1.545797 -0.000001 -0.000008 0.000000 0.000000 0.513113
    33 1.667400 -0.000002 0.000008 0.000000 0.000000 0.785377
    34 3.899460 -0.475376 1.170891 -0.037591 0.101270 -0.055752
    35 1.528215 -0.000001 0.000000 0.000000 0.000000 1.575956
    36 1.528217 -0.000001 0.000001 0.000000 0.000000 1.352604
    37 3.899459 -0.431805 -0.168223 0.093293 -0.006316 0.182573
    38 1.506962 0.000000 0.000002 0.000000 0.000000 1.708639
    39 1.506964 0.000001 -0.000001 0.000000 0.000000 1.310683
    40 3.915634 -0.278019 -1.402605 0.217310 -0.078619 0.205835
    41 1.333083 0.000001 0.000003 0.000000 0.000000 1.464281
    42 1.159202 0.000000 -0.000004 0.000000 0.000000 1.370013
    43 3.495615 0.351176 1.563391 1.582244 -0.018583 -3.126153
    44 -2.156468 1.809614 0.001208 0.000000 0.000000 0.000000
    45 -6.613107 1.564316 -0.031845 0.000000 0.000000 0.000000
  time 81
    0 0.928525 1.014336 -19.461068 0.000000 0.000000 -1.570792
    1 0.000000 0.000000 0.000002 -0.000086 -1.570451 -1.570709
    2 4.443615 -0.009642 0.000006 -0.000004 -0.000001 0.000796
    3 12.111412 -0.011446 0.000000 0.000000 0.000000 0.000000
    4 0.000010 0.011442 1.352402 -0.000014 -1.370796 3.140810
    5 6.078090 0.000001 -0.000005 -0.531509 1.219836 -0.541120
    6 13.446754 -0.000001 0.000001 0.000000 0.000000 -0.648458
    7 15.997000 0.000001 -0.000001 -1.683447 0.000000 0.000000
    8 1.885325 0.833276 -2.177876 -1.598016 0.698132 -0.000668
    9 1.506960 -0.000006 0.000000 0.000000 0.000000 -0.139626
    10 0.798348 0.000003 0.000000 0.000000 0.000000 -0.113446
    11 3.950302 -0.539875 -2.108871 -0.000806 0.157080 -0.000126
    12 1.545797 -0.000002 -0.000001 0.000000 0.000000 0.471239
    13 1.667398 0.000001 0.000007 0.000000 0.000000 0.436332
    14 3.899452 -0.475378 -1.170893 -0.000796 0.000000 0.000000
    15 1.528218 0.000003 0.000001 0.000000 0.000000 0.331613
    16 1.528216 -0.000001 -0.000003 0.000000 0.000000 0.479966
    17 3.899459 -0.431804 0.168223 -0.000796 0.000000 0.000000
    18 1.506968 0.000002 -0.000001 0.000000 0.000000 0.427606
    19 1.506962 -0.000001 0.000001 0.000000 0.000000 0.340339
    20 3.915634 -0.278020 1.402608 -0.000796 0.000000 0.000000
    21 1.333080 0.000000 -0.000001 0.000000 0.000000 0.637045
    22 1.159204 0.000000 -0.000002 0.000000 0.000000 0.218166
    23 18.209354 8.207681 -0.352298 -1.582244 0.018583 -3.126150
    24 0.000009 0.011450 -1.352403 -0.000014 1.370796 3.140783
    25 6.078084 0.000001 0.000003 1.123839 -0.815548 -1.218434
    26 13.446750 -0.000005 0.000000 0.000000 0.000000 -1.150405
    27 15.997000 -0.000002 0.000000 1.669556 -0.001556 0.263202
    28 1.885324 0.833275 2.177876 1.172048 -0.644537 0.438889
    29 1.506966 -0.000005 0.000000 0.000000 0.000000 -0.436329
    30 0.798348 -0.000001 -0.000001 0.000000 0.000000 -0.507867
    31 3.950306 -0.539875 2.108876 0.012323 0.110212 -0.171410
    32 1.545797 -0.000001 -0.000008 0.000000 0.000000 0.513113
    33 1.667400 -0.000002 0.000008 0.000000 0.000000 0.785377
    34 3.899460 -0.475376 1.170891 -0.037591 0.101270 -0.055752
    35 1.528215 -0.000001 0.000000 0.000000 0.000000 1.575956
    36 1.528217 -0.000001 0.000001 0.000000 0.000000 1.352577
    37 3.899459 -0.431805 -0.168223 0.093305 -0.006316 0.182573
    38 1.506962 0.000000 0.000002 0.000000 0.000000 1.708639
    39 1.506964 0.000001 -0.000001 0.000000 0.000000 1.310683
    40 3.915634 -0.278019 -1.402605 0.217310 -0.078619 0.205835
    41 1.333083 0.000001 0.000003 0.000000 0.000000 1.464281
    42 1.159202 0.000000 -0.000004 0.000000 0.000000 1.370013
    43 3.495615 0.351176 1.563391 1.582244 -0.018583 -3.126153
    44 -2.156468 1.809614 0.001208 0.000000 0.000000 0.000000
    45 -6.613107 1.564316 -0.031845 0.000000 0.000000 0.000000
  time 82
    0 0.928525 1.014336 -19.461068 0.000000 0.000000 -1.570792
    1 0.000000 0.000000 0.000002 -0.000086 -1.570451 -1.570709
    2 4.443615 -0.009642 0.000006 -0.000004 -0.000001 0.000796
    3 12.111412 -0.011446 0.000000 0.000000 0.000000 0.000000
    4 0.000010 0.011442 1.352402 -0.000014 -1.370796 3.140810
    5 6.078090 0.000001 -0.000005 -0.531509 1.219836 -0.541120
    6 13.446754 -0.000001 0.000001 0.000000 0.000000 -0.648458
    7 15.997000 0.000001 -0.000001 -1.683447 0.000000 0.000000
    8 1.885325 0.833276 -2.177876 -1.598016 0.698132 -0.000668
    9 1.506960 -0.000006 0.000000 0.000000 0.000000 -0.139626
    10 0.798348 0.000003 0.000000 0.000000 0.000000 -0.113446
    11 3.950302 -0.539875 -2.108871 -0.000806 0.157080 -0.000126
    12 1.545797 -0.000002 -0.000001 0.000000 0.000000 0.471239
    13 1.667398 0.000001 0.000007 0.000000 0.000000 0.436332
    14 3.899452 -0.475378 -1.170893 -0.000796 0.000000 0.000000
    15 1.528218 0.000003 0.000001 0.000000 0.000000 0.331613
    16 1.528216 -0.000001 -0.000003 0.000000 0.000000 0.479966
    17 3.899459 -0.431804 0.168223 -0.000796 0.000000 0.000000
    18 1.506968 0.000002 -0.000001 0.000000 0.000000 0.427606
    19 1.506962 -0.000001 0.000001 0.000000 0.000000 0.340339
    20 3.915634 -0.278020 1.402608 -0.000796 0.000000 0.000000
    21 1.333080 0.000000 -0.000001 0.000000 0.000000 0.637045
    22 1.159204 0.000000 -0.000002 0.000000 0.000000 0.218166
    23 18.209354 8.207681 -0.352298 -1.582244 0.018583 -3.126150
    24 0.000009 0.011450 -1.352403 -0.000014 1.370796 3.140783
    25 6.078084 0.000001 0.000003 1.123880 -0.815416 -1.218497
    26 13.446750 -0.000005 0.000000 0.000000 0.000000 -1.150213
    27 15.997000 -0.000002 0.000000 1.669580 -0.001556 0.263250
    28 1.885324 0.833275 2.177876 1.172048 -0.644525 0.438889
    29 1.506966 -0.000005 0.000000 0.000000 0.000000 -0.436329
    30 0.798348 -0.000001 -0.000001 0.000000 0.000000 -0.507867
    31 3.950306 -0.539875 2.108876 0.012323 0.110212 -0.171410
    32 1.545797 -0.000001 -0.000008 0.000000 0.000000 0.513113
    33 1.667400 -0.000002 0.000008 0.000000 0.000000 0.785377
    34 3.899460 -0.475376 1.170891 -0.037591 0.101270 -0.055752
    35 1.528215 -0.000001 0.000000 0.000000 0.000000 1.575956
    36 1.528217 -0.000001 0.000001 0.000000 0.000000 1.352577
    37 3.899459 -0.431805 -0.168223 0.093293 -0.006316 0.182573
    38 1.506962 0.000000 0.000002 0.000000 0.000000 1.708639
    39 1.506964 0.000001 -0.000001 0.000000 0.000000 1.310683
    40 3.915634 -0.278019 -1.402605 0.217310 -0.078619 0.205835
    41 1.333083 0.000001 0.000003 0.000000 0.000000 1.464281
    42 1.159202 0.000000 -0.000004 0.000000 0.000000 1.370013
    43 3.495615 0.351176 1.563391 1.582244 -0.018583 -3.126153
    44 -2.156468 1.809614 0.001208 0.000000 0.000000 0.000000
    45 -6.613107 1.564316 -0.031845 0.000000 0.000000 0.000000
  time 83
    0 0.928525 1.014336 -19.461068 0.000000 0.000000 -1.570792
    1 0.000000 0.000000 0.000002 -0.000086 -1.570451 -1.570709
    2 4.443615 -0.009642 0.000006 -0.000004 -0.000001 0.000796
    3 12.111412 -0.011446 0.000000 0.000000 0.000000 0.000000
    4 0.000010 0.011442 1.352402 -0.000014 -1.370796 3.140810
    5 6.078090 0.000001 -0.000005 -0.531509 1.219836 -0.541120
    6 13.446754 -0.000001 0.000001 0.000000 0.000000 -0.648458
    7 15.997000 0.000001 -0.000001 -1.683447 0.000000 0.000000
    8 1.885325 0.833276 -2.177876 -1.598016 0.698132 -0.000668
    9 1.506960 -0.000006 0.000000 0.000000 0.000000 -0.139626
    10 0.798348 0.000003 0.000000 0.000000 0.000000 -0.113446
    11 3.950302 -0.539875 -2.108871 -0.000806 0.157080 -0.000126
    12 1.545797 -0.000002 -0.000001 0.000000 0.000000 0.471239
    13 1.667398 0.000001 0.000007 0.000000 0.000000 0.436332
    14 3.899452 -0.475378 -1.170893 -0.000796 0.000000 0.000000
    15 1.528218 0.000003 0.000001 0.000000 0.000000 0.331613
    16 1.528216 -0.000001 -0.000003 0.000000 0.000000 0.479966
    17 3.899459 -0.431804 0.168223 -0.000796 0.000000 0.000000
    18 1.506968 0.000002 -0.000001 0.000000 0.000000 0.427606
    19 1.506962 -0.000001 0.000001 0.000000 0.000000 0.340339
    20 3.915634 -0.278020 1.402608 -0.000796 0.000000 0.000000
    21 1.333080 0.000000 -0.000001 0.000000 0.000000 0.637045
    22 1.159204 0.000000 -0.000002 0.000000 0.000000 0.218166
    23 18.209354 8.207681 -0.352298 -1.582244 0.018583 -3.126150
    24 0.000009 0.011450 -1.352403 -0.000014 1.370796 3.140783
    25 6.078084 0.000001 0.000003 1.123936 -0.815318 -1.218561
    26 13.446750 -0.000005 0.000000 0.000000 0.000000 -1.150165
    27 15.997000 -0.000002 0.000000 1.669580 -0.001556 0.263250
    28 1.885324 0.833275 2.177876 1.172048 -0.644525 0.438889
    29 1.506966 -0.000005 0.000000 0.000000 0.000000 -0.436329
    30 0.798348 -0.000001 -0.000001 0.000000 0.000000 -0.507867
    31 3.950306 -0.539875 2.108876 0.012323 0.110212 -0.171410
    32 1.545797 -0.000001 -0.000008 0.000000 0.000000 0.513113
    33 1.667400 -0.000002 0.000008 0.000000 0.000000 0.785377
    34 3.899460 -0.475376 1.170891 -0.037591 0.101270 -0.055752
    35 1.528215 -0.000001 0.000000 0.000000 0.000000 1.575956
    36 1.528217 -0.000001 0.000001 0.000000 0.000000 1.352577
    37 3.899459 -0.431805 -0.168223 0.093293 -0.006316 0.182573
    38 1.506962 0.000000 0.000002 0.000000 0.000000 1.708639
    39 1.506964 0.000001 -0.000001 0.000000 0.000000 1.310683
    40 3.915634 -0.278019 -1.402605 0.217310 -0.078619 0.205835
    41 1.333083 0.000001 0.000003 0.000000 0.000000 1.464281
    42 1.159202 0.000000 -0.000004 0.000000 0.000000 1.370013
    43 3.495615 0.355083 1.563391 1.582244 -0.018583 -3.126153
    44 -2.156468 1.809614 0.001208 0.000000 0.000000 0.000000
    45 -6.613107 1.564316 -0.031845 0.000000 0.000000 0.000000
  time 84
    0 0.928525 1.014336 -19.461068 0.000000 0.000000 -1.570792
    1 0.000000 0.000000 0.000002 -0.000086 -1.570451 -1.570709
    2 4.443615 -0.009642 0.000006 -0.000004 -0.000001 0.000796
    3 12.111412 -0.011446 0.000000 0.000000 0.000000 0.000000
    4 0.000010 0.011442 1.352402 -0.000014 -1.370796 3.140810
    5 6.078090 0.000001 -0.000005 -0.531509 1.219836 -0.541120
    6 13.446754 -0.000001 0.000001 0.000000 0.000000 -0.648458
    7 15.997000 0.000001 -0.000001 -1.683447 0.000000 0.000000
    8 1.885325 0.833276 -2.177876 -1.598016 0.698132 -0.000668
    9 1.506960 -0.000006 0.000000 0.000000 0.000000 -0.139626
    10 0.798348 0.000003 0.000000 0.000000 0.000000 -0.113446
    11 3.950302 -0.539875 -2.108871 -0.000806 0.157080 -0.000126
    12 1.545797 -0.000002 -0.000001 0.000000 0.000000 0.471239
    13 1.667398 0.000001 0.000007 0.000000 0.000000 0.436332
    14 3.899452 -0.475378 -1.170893 -0.000796 0.000000 0.000000
    15 1.528218 0.000003 0.000001 0.000000 0.000000 0.331613
    16 1.528216 -0.000001 -0.000003 0.000000 0.000000 0.479966
    17 3.899459 -0.431804 0.168223 -0.000796 0.000000 0.000000
    18 1.506968 0.000002 -0.000001 0.000000 0.000000 0.427606
    19 1.506962 -0.000001 0.000001 0.000000 0.000000 0.340339
    20 3.915634 -0.278020 1.402608 -0.000796 0.000000 0.000000
    21 1.333080 0.000000 -0.000001 0.000000 0.000000 0.637045
    22 1.159204 0.000000 -0.000002 0.000000 0.000000 0.218166
    23 18.209354 8.207681 -0.352298 -1.582244 0.018583 -3.126150
    24 0.000009 0.011450 -1.352403 -0.000014 1.370796 3.140783
    25 6.078084 0.000001 0.000003 1.123991 -0.815252 -1.218624
    26 13.446750 -0.000005 0.000000 0.000000 0.000000 -1.150021
    27 15.997000 -0.000002 0.000000 1.669604 -0.001556 0.263226
    28 1.885324 0.833275 2.177876 1.172048 -0.644525 0.438889
    29 1.506966 -0.000005 0.000000 0.000000 0.000000 -0.436329
    30 0.798348 -0.000001 -0.000001 0.000000 0.000000 -0.507867
    31 3.950306 -0.539875 2.108876 0.012323 0.110212 -0.171410
    32 1.545797 -0.000001 -0.000008 0.000000 0.000000 0.513113
    33 1.667400 -0.000002 0.000008 0.000000 0.000000 0.785377
    34 3.899460 -0.475376 1.170891 -0.037591 0.101270 -0.055752
    35 1.528215 -0.000001 0.000000 0.000000 0.000000 1.575956
    36 1.528217 -0.000001 0.000001 0.000000 0.000000 1.352577
    37 3.899459 -0.431805 -0.168223 0.093293 -0.006316 0.182573
    38 1.506962 0.000000 0.000002 0.000000 0.000000 1.708639
    39 1.506964 0.000001 -0.000001 0.000000 0.000000 1.310683
    40 3.915634 -0.278019 -1.402605 0.217310 -0.078619 0.205835
    41 1.333083 0.000001 0.000003 0.000000 0.000000 1.464281
    42 1.159202 0.000000 -0.000004 0.000000 0.000000 1.370013
    43 3.495615 0.351176 1.563391 1.582244 -0.018583 -3.126153
    44 -2.156468 1.809614 0.001208 0.000000 0.000000 0.000000
    45 -6.613107 1.564316 -0.031845 0.000000 0.000000 0.000000
  time 85
    0 0.928525 1.014336 -19.461068 0.000000 0.000000 -1.570792
    1 0.000000 0.000000 0.000002 -0.000086 -1.570451 -1.570709
    2 4.443615 -0.009642 0.000006 -0.000004 -0.000001 0.000796
    3 12.111412 -0.011446 0.000000 0.000000 0.000000 0.000000
    4 0.000010 0.011442 1.352402 -0.000014 -1.370796 3.140810
    5 6.078090 0.000001 -0.000005 -0.531509 1.219836 -0.541120
    6 13.446754 -0.000001 0.000001 0.000000 0.000000 -0.648458
    7 15.997000 0.000001 -0.000001 -1.683447 0.000000 0.000000
    8 1.885325 0.833276 -2.177876 -1.598016 0.698132 -0.000668
    9 1.506960 -0.000006 0.000000 0.000000 0.000000 -0.139626
    10 0.798348 0.000003 0.000000 0.000000 0.000000 -0.113446
    11 3.950302 -0.539875 -2.108871 -0.000806 0.157080 -0.000126
    12 1.545797 -0.000002 -0.000001 0.000000 0.000000 0.471239
    13 1.667398 0.000001 0.000007 0.000000 0.000000 0.436332
    14 3.899452 -0.475378 -1.170893 -0.000796 0.000000 0.000000
    15 1.528218 0.000003 0.000001 0.000000 0.000000 0.331613
    16 1.528216 -0.000001 -0.000003 0.000000 0.000000 0.479966
    17 3.899459 -0.431804 0.168223 -0.000796 0.000000 0.000000
    18 1.506968 0.000002 -0.000001 0.000000 0.000000 0.427606
    19 1.506962 -0.000001 0.000001 0.000000 0.000000 0.340339
    20 3.915634 -0.278020 1.402608 -0.000796 0.000000 0.000000
    21 1.333080 0.000000 -0.000001 0.000000 0.000000 0.637045
    22 1.159204 0.000000 -0.000002 0.000000 0.000000 0.218166
    23 18.209354 8.207681 -0.352298 -1.582244 0.018583 -3.126150
    24 0.000009 0.011450 -1.352403 -0.000014 1.370796 3.140783
    25 6.078084 0.000001 0.000003 1.124018 -0.815154 -1.218687
    26 13.446750 -0.000005 0.000000 0.000000 0.000000 -1.149876
    27 15.997000 -0.000002 0.000000 1.669604 -0.001556 0.263107
    28 1.885324 0.833275 2.177876 1.172048 -0.644537 0.438889
    29 1.506966 -0.000005 0.000000 0.000000 0.000000 -0.436329
    30 0.798348 -0.000001 -0.000001 0.000000 0.000000 -0.507879
    31 3.950306 -0.539875 2.108876 0.012323 0.110212 -0.171410
    32 1.545797 -0.000001 -0.000008 0.000000 0.000000 0.513113
    33 1.667400 -0.000002 0.000008 0.000000 0.000000 0.785377
    34 3.899460 -0.475376 1.170891 -0.037591 0.101270 -0.055752
    35 1.528215 -0.000001 0.000000 0.000000 0.000000 1.575956
    36 1.528217 -0.000001 0.000001 0.000000 0.000000 1.352577
    37 3.899459 -0.431805 -0.168223 0.093293 -0.006316 0.182573
    38 1.506962 0.000000 0.000002 0.000000 0.000000 1.708639
    39 1.506964 0.000001 -0.000001 0.000000 0.000000 1.310683
    40 3.915634 -0.278019 -1.402605 0.217310 -0.078619 0.205835
    41 1.333083 0.000001 0.000003 0.000000 0.000000 1.464281
    42 1.159202 0.000000 -0.000004 0.000000 0.000000 1.370013
    43 3.495615 0.355083 1.563391 1.582244 -0.018583 -3.126153
    44 -2.156468 1.809614 0.001208 0.000000 0.000000 0.000000
    45 -6.613107 1.564316 -0.031845 0.000000 0.000000 0.000000
  time 86
    0 0.928525 1.014336 -19.461068 0.000000 0.000000 -1.570792
    1 0.000000 0.000000 0.000002 -0.000086 -1.570451 -1.570709
    2 4.443615 -0.009642 0.000006 -0.000004 -0.000001 0.000796
    3 12.111412 -0.011446 0.000000 0.000000 0.000000 0.000000
    4 0.000010 0.011442 1.352402 -0.000014 -1.370796 3.140810
    5 6.078090 0.000001 -0.000005 -0.531509 1.219836 -0.541120
    6 13.446754 -0.000001 0.000001 0.000000 0.000000 -0.648458
    7 15.997000 0.000001 -0.000001 -1.683447 0.000000 0.000000
    8 1.885325 0.833276 -2.177876 -1.598016 0.698132 -0.000668
    9 1.506960 -0.000006 0.000000 0.000000 0.000000 -0.139626
    10 0.798348 0.000003 0.000000 0.000000 0.000000 -0.113446
    11 3.950302 -0.539875 -2.108871 -0.000806 0.157080 -0.000126
    12 1.545797 -0.000002 -0.000001 0.000000 0.000000 0.471239
    13 1.667398 0.000001 0.000007 0.000000 0.000000 0.436332
    14 3.899452 -0.475378 -1.170893 -0.000796 0.000000 0.000000
    15 1.528218 0.000003 0.000001 0.000000 0.000000 0.331613
    16 1.528216 -0.000001 -0.000003 0.000000 0.000000 0.479966
    17 3.899459 -0.431804 0.168223 -0.000796 0.000000 0.000000
    18 1.506968 0.000002 -0.000001 0.000000 0.000000 0.427606
    19 1.506962 -0.000001 0.000001 0.000000 0.000000 0.340339
    20 3.915634 -0.278020 1.402608 -0.000796 0.000000 0.000000
    21 1.333080 0.000000 -0.000001 0.000000 0.000000 0.637045
    22 1.159204 0.000000 -0.000002 0.000000 0.000000 0.218166
    23 18.209354 8.207681 -0.352298 -1.582244 0.018583 -3.126150
    24 0.000009 0.011450 -1.352403 -0.000014 1.370796 3.140783
    25 6.078084 0.000001 0.000003 1.124046 -0.815121 -1.218708
    26 13.446750 -0.000005 0.000000 0.000000 0.000000 -1.149828
    27 15.997000 -0.000002 0.000000 1.669604 -0.001533 0.262845
    28 1.885324 0.833275 2.177876 1.172048 -0.644537 0.438889
    29 1.506966 -0.000005 0.000000 0.000000 0.000000 -0.436329
    30 0.798348 -0.000001 -0.000001 0.000000 0.000000 -0.507879
    31 3.950306 -0.539875 2.108876 0.012323 0.110212 -0.171410
    32 1.545797 -0.000001 -0.000008 0.000000 0.000000 0.513113
    33 1.667400 -0.000002 0.000008 0.000000 0.000000 0.785377
    34 3.899460 -0.475376 1.170891 -0.037591 0.101270 -0.055752
    35 1.528215 -0.000001 0.000000 0.000000 0.000000 1.575956
    36 1.528217 -0.000001 0.000001 0.000000 0.000000 1.352577
    37 3.899459 -0.431805 -0.168223 0.093305 -0.006316 0.182573
    38 1.506962 0.000000 0.000002 0.000000 0.000000 1.708639
    39 1.506964 0.000001 -0.000001 0.000000 0.000000 1.310683
    40 3.915634 -0.278019 -1.402605 0.217310 -0.078619 0.205835
    41 1.333083 0.000001 0.000003 0.000000 0.000000 1.464281
    42 1.159202 0.000000 -0.000004 0.000000 0.000000 1.370013
    43 3.495615 0.351176 1.563391 1.582244 -0.018583 -3.126153
    44 -2.156468 1.809614 0.001208 0.000000 0.000000 0.000000
    45 -6.613107 1.564316 -0.031845 0.000000 0.000000 0.000000
  time 87
    0 0.928525 1.014336 -19.461068 0.000000 0.000000 -1.570792
    1 0.000000 0.000000 0.000002 -0.000086 -1.570451 -1.570709
    2 4.443615 -0.009642 0.000006 -0.000004 -0.000001 0.000796
    3 12.111412 -0.011446 0.000000 0.000000 0.000000 0.000000
    4 0.000010 0.011442 1.352402 -0.000014 -1.370796 3.140810
    5 6.078090 0.000001 -0.000005 -0.531509 1.219836 -0.541120
    6 13.446754 -0.000001 0.000001 0.000000 0.000000 -0.648458
    7 15.997000 0.000001 -0.000001 -1.683447 0.000000 0.000000
    8 1.885325 0.833276 -2.177876 -1.598016 0.698132 -0.000668
    9 1.506960 -0.000006 0.000000 0.000000 0.000000 -0.139626
    10 0.798348 0.000003 0.000000 0.000000 0.000000 -0.113446
    11 3.950302 -0.539875 -2.108871 -0.000806 0.157080 -0.000126
    12 1.545797 -0.000002 -0.000001 0.000000 0.000000 0.471239
    13 1.667398 0.000001 0.000007 0.000000 0.000000 0.436332
    14 3.899452 -0.475378 -1.170893 -0.000796 0.000000 0.000000
    15 1.528218 0.000003 0.000001 0.000000 0.000000 0.331613
    16 1.528216 -0.000001 -0.000003 0.000000 0.000000 0.479966
    17 3.899459 -0.431804 0.168223 -0.000796 0.000000 0.000000
    18 1.506968 0.000002 -0.000001 0.000000 0.000000 0.427606
    19 1.506962 -0.000001 0.000001 0.000000 0.000000 0.340339
    20 3.915634 -0.278020 1.402608 -0.000796 0.000000 0.000000
    21 1.333080 0.000000 -0.000001 0.000000 0.000000 0.637045
    22 1.159204 0.000000 -0.000002 0.000000 0.000000 0.218166
    23 18.209354 8.207681 -0.352298 -1.582244 0.018583 -3.126150
    24 0.000009 0.011450 -1.352403 -0.000014 1.370796 3.140783
    25 6.078084 0.000001 0.000003 1.124074 -0.815055 -1.218750
    26 13.446750 -0.000005 0.000000 0.000000 0.000000 -1.149828
    27 15.997000 -0.000002 0.000000 1.669604 -0.001463 0.262463
    28 1.885324 0.833275 2.177876 1.172048 -0.644537 0.438889
    29 1.506966 -0.000005 0.000000 0.000000 0.000000 -0.436329
    30 0.798348 -0.000001 -0.000001 0.000000 0.000000 -0.507867
    31 3.950306 -0.539875 2.108876 0.012323 0.110212 -0.171410
    32 1.545797 -0.000001 -0.000008 0.000000 0.000000 0.513113
    33 1.667400 -0.000002 0.000008 0.000000 0.000000 0.785377
    34 3.899460 -0.475376 1.170891 -0.037591 0.101270 -0.055752
    35 1.528215 -0.000001 0.000000 0.000000 0.000000 1.575956
    36 1.528217 -0.000001 0.000001 0.000000 0.000000 1.352577
    37 3.899459 -0.431805 -0.168223 0.093293 -0.006316 0.182573
    38 1.506962 0.000000 0.000002 0.000000 0.000000 1.708639
    39 1.506964 0.000001 -0.000001 0.000000 0.000000 1.310683
    40 3.915634 -0.278019 -1.402605 0.217310 -0.078619 0.205835
    41 1.333083 0.000001 0.000003 0.000000 0.000000 1.464281
    42 1.159202 0.000000 -0.000004 0.000000 0.000000 1.370013
    43 3.495615 0.351176 1.563391 1.582244 -0.018583 -3.126153
    44 -2.156468 1.809614 0.001208 0.000000 0.000000 0.000000
    45 -6.613107 1.564316 -0.031845 0.000000 0.000000 0.000000
  time 88
    0 0.928525 1.014336 -19.461068 0.000000 0.000000 -1.570792
    1 0.000000 0.000000 0.000002 -0.000086 -1.570451 -1.570709
    2 4.443615 -0.009642 0.000006 -0.000004 -0.000001 0.000796
    3 12.111412 -0.011446 0.000000 0.000000 0.000000 0.000000
    4 0.000010 0.011442 1.352402 -0.000014 -1.370796 3.140810
    5 6.078090 0.000001 -0.000005 -0.531509 1.219836 -0.541120
    6 13.446754 -0.000001 0.000001 0.000000 0.000000 -0.648458
    7 15.997000 0.000001 -0.000001 -1.683447 0.000000 0.000000
    8 1.885325 0.833276 -2.177876 -1.598016 0.698132 -0.000668
    9 1.506960 -0.000006 0.000000 0.000000 0.000000 -0.139626
    10 0.798348 0.000003 0.000000 0.000000 0.000000 -0.113446
    11 3.950302 -0.539875 -2.108871 -0.000806 0.157080 -0.000126
    12 1.545797 -0.000002 -0.000001 0.000000 0.000000 0.471239
    13 1.667398 0.000001 0.000007 0.000000 0.000000 0.436332
    14 3.899452 -0.475378 -1.170893 -0.000796 0.000000 0.000000
    15 1.528218 0.000003 0.000001 0.000000 0.000000 0.331613
    16 1.528216 -0.000001 -0.000003 0.000000 0.000000 0.479966
    17 3.899459 -0.431804 0.168223 -0.000796 0.000000 0.000000
    18 1.506968 0.000002 -0.000001 0.000000 0.000000 0.427606
    19 1.506962 -0.000001 0.000001 0.000000 0.000000 0.340339
    20 3.915634 -0.278020 1.402608 -0.000796 0.000000 0.000000
    21 1.333080 0.000000 -0.000001 0.000000 0.000000 0.637045
    22 1.159204 0.000000 -0.000002 0.000000 0.000000 0.218166
    23 18.209354 8.207681 -0.352298 -1.582244 0.018583 -3.126150
    24 0.000009 0.011450 -1.352403 -0.000014 1.370796 3.140783
    25 6.078084 0.000001 0.000003 1.124087 -0.815022 -1.218771
    26 13.446750 -0.000005 0.000000 0.000000 0.000000 -1.149828
    27 15.997000 -0.000002 0.000000 1.669604 -0.001440 0.261963
    28 1.885324 0.833275 2.177876 1.172048 -0.644525 0.438889
    29 1.506966 -0.000005 0.000000 0.000000 0.000000 -0.436329
    30 0.798348 -0.000001 -0.000001 0.000000 0.000000 -0.507867
    31 3.950306 -0.539875 2.108876 0.012323 0.110212 -0.171410
    32 1.545797 -0.000001 -0.000008 0.000000 0.000000 0.513113
    33 1.667400 -0.000002 0.000008 0.000000 0.000000 0.785377
    34 3.899460 -0.475376 1.170891 -0.037591 0.101270 -0.055752
    35 1.528215 -0.000001 0.000000 0.000000 0.000000 1.575956
    36 1.528217 -0.000001 0.000001 0.000000 0.000000 1.352577
    37 3.899459 -0.431805 -0.168223 0.093293 -0.006316 0.182573
    38 1.506962 0.000000 0.000002 0.000000 0.000000 1.708639
    39 1.506964 0.000001 -0.000001 0.000000 0.000000 1.310683
    40 3.915634 -0.278019 -1.402605 0.217310 -0.078619 0.205835
    41 1.333083 0.000001 0.000003 0.000000 0.000000 1.464281
    42 1.159202 0.000000 -0.000004 0.000000 0.000000 1.370013
    43 3.495615 0.351176 1.563391 1.582244 -0.018583 -3.126153
    44 -2.156468 1.809614 0.001208 0.000000 0.000000 0.000000
    45 -6.613107 1.564316 -0.031845 0.000000 0.000000 0.000000
  time 89
    0 0.928525 1.014336 -19.461068 0.000000 0.000000 -1.570792
    1 0.000000 0.000000 0.000002 -0.000086 -1.570451 -1.570709
    2 4.443615 -0.009642 0.000006 -0.000004 -0.000001 0.000796
    3 12.111412 -0.011446 0.000000 0.000000 0.000000 0.000000
    4 0.000010 0.011442 1.352402 -0.000014 -1.370796 3.140810
    5 6.078090 0.000001 -0.000005 -0.531509 1.219836 -0.541120
    6 13.446754 -0.000001 0.000001 0.000000 0.000000 -0.648458
    7 15.997000 0.000001 -0.000001 -1.683447 0.000000 0.000000
    8 1.885325 0.833276 -2.177876 -1.598016 0.698132 -0.000668
    9 1.506960 -0.000006 0.000000 0.000000 0.000000 -0.139626
    10 0.798348 0.000003 0.000000 0.000000 0.000000 -0.113446
    11 3.950302 -0.539875 -2.108871 -0.000806 0.157080 -0.000126
    12 1.545797 -0.000002 -0.000001 0.000000 0.000000 0.471239
    13 1.667398 0.000001 0.000007 0.000000 0.000000 0.436332
    14 3.899452 -0.475378 -1.170893 -0.000796 0.000000 0.000000
    15 1.528218 0.000003 0.000001 0.000000 0.000000 0.331613
    16 1.528216 -0.000001 -0.000003 0.000000 0.000000 0.479966
    17 3.899459 -0.431804 0.168223 -0.000796 0.000000 0.000000
    18 1.506968 0.000002 -0.000001 0.000000 0.000000 0.427606
    19 1.506962 -0.000001 0.000001 0.000000 0.000000 0.340339
    20 3.915634 -0.278020 1.402608 -0.000796 0.000000 0.000000
    21 1.333080 0.000000 -0.000001 0.000000 0.000000 0.637045
    22 1.159204 0.000000 -0.000002 0.000000 0.000000 0.218166
    23 18.209354 8.207681 -0.352298 -1.582244 0.018583 -3.126150
    24 0.000009 0.011450 -1.352403 -0.000014 1.370796 3.140783
    25 6.078084 0.000001 0.000003 1.124115 -0.814989 -1.218792
    26 13.446750 -0.000005 0.000000 0.000000 0.000000 -1.149828
    27 15.997000 -0.000002 0.000000 1.669604 -0.001370 0.261391
    28 1.885324 0.833275 2.177876 1.172048 -0.644537 0.438889
    29 1.506966 -0.000005 0.000000 0.000000 0.000000 -0.436329
    30 0.798348 -0.000001 -0.000001 0.000000 0.000000 -0.507867
    31 3.950306 -0.539875 2.108876 0.012323 0.110212 -0.171410
    32 1.545797 -0.000001 -0.000008 0.000000 0.000000 0.513113
    33 1.667400 -0.000002 0.000008 0.000000 0.000000 0.785377
    34 3.899460 -0.475376 1.170891 -0.037591 0.101270 -0.055752
    35 1.528215 -0.000001 0.000000 0.000000 0.000000 1.575956
    36 1.528217 -0.000001 0.000001 0.000000 0.000000 1.352577
    37 3.899459 -0.431805 -0.168223 0.093293 -0.006316 0.182573
    38 1.506962 0.000000 0.000002 0.000000 0.000000 1.708639
    39 1.506964 0.000001 -0.000001 0.000000 0.000000 1.310683
    40 3.915634 -0.278019 -1.402605 0.217310 -0.078619 0.205835
    41 1.333083 0.000001 0.000003 0.000000 0.000000 1.464281
    42 1.159202 0.000000 -0.000004 0.000000 0.000000 1.370013
    43 3.495615 0.351176 1.563391 1.582244 -0.018583 -3.126153
    44 -2.156468 1.809614 0.001208 0.000000 0.000000 0.000000
    45 -6.613107 1.564316 -0.031845 0.000000 0.000000 0.000000
  time 90
    0 0.928525 1.014336 -19.461068 0.000000 0.000000 -1.570792
    1 0.000000 0.000000 0.000002 -0.000086 -1.570451 -1.570709
    2 4.443615 -0.009642 0.000006 -0.000004 -0.000001 0.000796
    3 12.111412 -0.011446 0.000000 0.000000 0.000000 0.000000
    4 0.000010 0.011442 1.352402 -0.000014 -1.370796 3.140810
    5 6.078090 0.000001 -0.000005 -0.531509 1.219836 -0.541120
    6 13.446754 -0.000001 0.000001 0.000000 0.000000 -0.648458
    7 15.997000 0.000001 -0.000001 -1.683447 0.000000 0.000000
    8 1.885325 0.833276 -2.177876 -1.598016 0.698132 -0.000668
    9 1.506960 -0.000006 0.000000 0.000000 0.000000 -0.139626
    10 0.798348 0.000003 0.000000 0.000000 0.000000 -0.113446
    11 3.950302 -0.539875 -2.108871 -0.000806 0.157080 -0.000126
    12 1.545797 -0.000002 -0.000001 0.000000 0.000000 0.471239
    13 1.667398 0.000001 0.000007 0.000000 0.000000 0.436332
    14 3.899452 -0.475378 -1.170893 -0.000796 0.000000 0.000000
    15 1.528218 0.000003 0.000001 0.000000 0.000000 0.331613
    16 1.528216 -0.000001 -0.000003 0.000000 0.000000 0.479966
    17 3.899459 -0.431804 0.168223 -0.000796 0.000000 0.000000
    18 1.506968 0.000002 -0.000001 0.000000 0.000000 0.427606
    19 1.506962 -0.000001 0.000001 0.000000 0.000000 0.340339
    20 3.915634 -0.278020 1.402608 -0.000796 0.000000 0.000000
    21 1.333080 0.000000 -0.000001 0.000000 0.000000 0.637045
    22 1.159204 0.000000 -0.000002 0.000000 0.000000 0.218166
    23 18.209354 8.207681 -0.352298 -1.582244 0.018583 -3.126150
    24 0.000009 0.011450 -1.352403 -0.000014 1.370796 3.140783
    25 6.078084 0.000001 0.000003 1.124115 -0.814956 -1.218792
    26 13.446750 -0.000005 0.000000 0.000000 0.000000 -1.149876
    27 15.997000 -0.000002 0.000000 1.669604 -0.001324 0.260748
    28 1.885324 0.833275 2.177876 1.172048 -0.644525 0.438889
    29 1.506966 -0.000005 0.000000 0.000000 0.000000 -0.436329
    30 0.798348 -0.000001 -0.000001 0.000000 0.000000 -0.507867
    31 3.950306 -0.539875 2.108876 0.012323 0.110212 -0.171410
    32 1.545797 -0.000001 -0.000008 0.000000 0.000000 0.513113
    33 1.667400 -0.000002 0.000008 0.000000 0.000000 0.785377
    34 3.899460 -0.475376 1.170891 -0.037591 0.101270 -0.055752
    35 1.528215 -0.000001 0.000000 0.000000 0.000000 1.575956
    36 1.528217 -0.000001 0.000001 0.000000 0.000000 1.352604
    37 3.899459 -0.431805 -0.168223 0.093293 -0.006316 0.182573
    38 1.506962 0.000000 0.000002 0.000000 0.000000 1.708639
    39 1.506964 0.000001 -0.000001 0.000000 0.000000 1.310683
    40 3.915634 -0.278019 -1.402605 0.217310 -0.078619 0.205835
    41 1.333083 0.000001 0.000003 0.000000 0.000000 1.464281
    42 1.159202 0.000000 -0.000004 0.000000 0.000000 1.370013
    43 3.495615 0.355083 1.563391 1.582244 -0.018583 -3.126153
    44 -2.156468 1.809614 0.001208 0.000000 0.000000 0.000000
    45 -6.613107 1.564316 -0.031845 0.000000 0.000000 0.000000
  time 91
    0 0.928525 1.014336 -19.461068 0.000000 0.000000 -1.570792
    1 0.000000 0.000000 0.000002 -0.000086 -1.570451 -1.570709
    2 4.443615 -0.009642 0.000006 -0.000004 -0.000001 0.000796
    3 12.111412 -0.011446 0.000000 0.000000 0.000000 0.000000
    4 0.000010 0.011442 1.352402 -0.000014 -1.370796 3.140810
    5 6.078090 0.000001 -0.000005 -0.531509 1.219836 -0.541120
    6 13.446754 -0.000001 0.000001 0.000000 0.000000 -0.648458
    7 15.997000 0.000001 -0.000001 -1.683447 0.000000 0.000000
    8 1.885325 0.833276 -2.177876 -1.598016 0.698132 -0.000668
    9 1.506960 -0.000006 0.000000 0.000000 0.000000 -0.139626
    10 0.798348 0.000003 0.000000 0.000000 0.000000 -0.113446
    11 3.950302 -0.539875 -2.108871 -0.000806 0.157080 -0.000126
    12 1.545797 -0.000002 -0.000001 0.000000 0.000000 0.471239
    13 1.667398 0.000001 0.000007 0.000000 0.000000 0.436332
    14 3.899452 -0.475378 -1.170893 -0.000796 0.000000 0.000000
    15 1.528218 0.000003 0.000001 0.000000 0.000000 0.331613
    16 1.528216 -0.000001 -0.000003 0.000000 0.000000 0.479966
    17 3.899459 -0.431804 0.168223 -0.000796 0.000000 0.000000
    18 1.506968 0.000002 -0.000001 0.000000 0.000000 0.427606
    19 1.506962 -0.000001 0.000001 0.000000 0.000000 0.340339
    20 3.915634 -0.278020 1.402608 -0.000796 0.000000 0.000000
    21 1.333080 0.000000 -0.000001 0.000000 0.000000 0.637045
    22 1.159204 0.000000 -0.000002 0.000000 0.000000 0.218166
    23 18.209354 8.207681 -0.352298 -1.582244 0.018583 -3.126150
    24 0.000009 0.011450 -1.352403 -0.000014 1.370796 3.140783
    25 6.078084 0.000001 0.000003 1.124115 -0.814956 -1.218792
    26 13.446750 -0.000005 0.000000 0.000000 0.000000 -1.150021
    27 15.997000 -0.000002 0.000000 1.669604 -0.001231 0.260057
    28 1.885324 0.833275 2.177876 1.172048 -0.644525 0.438889
    29 1.506966 -0.000005 0.000000 0.000000 0.000000 -0.436329
    30 0.798348 -0.000001 -0.000001 0.000000 0.000000 -0.507867
    31 3.950306 -0.539875 2.108876 0.012323 0.110212 -0.171410
    32 1.545797 -0.000001 -0.000008 0.000000 0.000000 0.513113
    33 1.667400 -0.000002 0.000008 0.000000 0.000000 0.785377
    34 3.899460 -0.475376 1.170891 -0.037591 0.101270 -0.055752
    35 1.528215 -0.000001 0.000000 0.000000 0.000000 1.575956
    36 1.528217 -0.000001 0.000001 0.000000 0.000000 1.352577
    37 3.899459 -0.431805 -0.168223 0.093293 -0.006316 0.182573
    38 1.506962 0.000000 0.000002 0.000000 0.000000 1.708639
    39 1.506964 0.000001 -0.000001 0.000000 0.000000 1.310683
    40 3.915634 -0.278019 -1.402605 0.217310 -0.078619 0.205835
    41 1.333083 0.000001 0.000003 0.000000 0.000000 1.464281
    42 1.159202 0.000000 -0.000004 0.000000 0.000000 1.370013
    43 3.495615 0.351176 1.563391 1.582244 -0.018583 -3.126153
    44 -2.156468 1.809614 0.001208 0.000000 0.000000 0.000000
    45 -6.613107 1.564316 -0.031845 0.000000 0.000000 0.000000
  time 92
    0 0.928525 1.014336 -19.461068 0.000000 0.000000 -1.570792
    1 0.000000 0.000000 0.000002 -0.000086 -1.570451 -1.570709
    2 4.443615 -0.009642 0.000006 -0.000004 -0.000001 0.000796
    3 12.111412 -0.011446 0.000000 0.000000 0.000000 0.000000
    4 0.000010 0.011442 1.352402 -0.000014 -1.370796 3.140810
    5 6.078090 0.000001 -0.000005 -0.531509 1.219836 -0.541120
    6 13.446754 -0.000001 0.000001 0.000000 0.000000 -0.648458
    7 15.997000 0.000001 -0.000001 -1.683447 0.000000 0.000000
    8 1.885325 0.833276 -2.177876 -1.598016 0.698132 -0.000668
    9 1.506960 -0.000006 0.000000 0.000000 0.000000 -0.139626
    10 0.798348 0.000003 0.000000 0.000000 0.000000 -0.113446
    11 3.950302 -0.539875 -2.108871 -0.000806 0.157080 -0.000126
    12 1.545797 -0.000002 -0.000001 0.000000 0.000000 0.471239
    13 1.667398 0.000001 0.000007 0.000000 0.000000 0.436332
    14 3.899452 -0.475378 -1.170893 -0.000796 0.000000 0.000000
    15 1.528218 0.000003 0.000001 0.000000 0.000000 0.331613
    16 1.528216 -0.000001 -0.000003 0.000000 0.000000 0.479966
    17 3.899459 -0.431804 0.168223 -0.000796 0.000000 0.000000
    18 1.506968 0.000002 -0.000001 0.000000 0.000000 0.427606
    19 1.506962 -0.000001 0.000001 0.000000 0.000000 0.340339
    20 3.915634 -0.278020 1.402608 -0.000796 0.000000 0.000000
    21 1.333080 0.000000 -0.000001 0.000000 0.000000 0.637045
    22 1.159204 0.000000 -0.000002 0.000000 0.000000 0.218166
    23 18.209354 8.207681 -0.352298 -1.582244 0.018583 -3.126150
    24 0.000009 0.011450 -1.352403 -0.000014 1.370796 3.140783
    25 6.078084 0.000001 0.000003 1.124115 -0.814956 -1.218792
    26 13.446750 -0.000005 0.000000 0.000000 0.000000 -1.150069
    27 15.997000 -0.000002 0.000000 1.669604 -0.001161 0.259318
    28 1.885324 0.833275 2.177876 1.172048 -0.644525 0.438889
    29 1.506966 -0.000005 0.000000 0.000000 0.000000 -0.436329
    30 0.798348 -0.000001 -0.000001 0.000000 0.000000 -0.507867
    31 3.950306 -0.539875 2.108876 0.012323 0.110212 -0.171410
    32 1.545797 -0.000001 -0.000008 0.000000 0.000000 0.513113
    33 1.667400 -0.000002 0.000008 0.000000 0.000000 0.785377
    34 3.899460 -0.475376 1.170891 -0.037591 0.101270 -0.055752
    35 1.528215 -0.000001 0.000000 0.000000 0.000000 1.575956
    36 1.528217 -0.000001 0.000001 0.000000 0.000000 1.352577
    37 3.899459 -0.431805 -0.168223 0.093293 -0.006316 0.182573
    38 1.506962 0.000000 0.000002 0.000000 0.000000 1.708639
    39 1.506964 0.000001 -0.000001 0.000000 0.000000 1.310683
    40 3.915634 -0.278019 -1.402605 0.217310 -0.078619 0.205835
    41 1.333083 0.000001 0.000003 0.000000 0.000000 1.464281
    42 1.159202 0.000000 -0.000004 0.000000 0.000000 1.370013
    43 3.495615 0.351176 1.563391 1.582244 -0.018583 -3.126153
    44 -2.156468 1.809614 0.001208 0.000000 0.000000 0.000000
    45 -6.613107 1.564316 -0.031845 0.000000 0.000000 0.000000
  time 93
    0 0.928525 1.014336 -19.461068 0.000000 0.000000 -1.570792
    1 0.000000 0.000000 0.000002 -0.000086 -1.570451 -1.570709
    2 4.443615 -0.009642 0.000006 -0.000004 -0.000001 0.000796
    3 12.111412 -0.011446 0.000000 0.000000 0.000000 0.000000
    4 0.000010 0.011442 1.352402 -0.000014 -1.370796 3.140810
    5 6.078090 0.000001 -0.000005 -0.531509 1.219836 -0.541120
    6 13.446754 -0.000001 0.000001 0.000000 0.000000 -0.648458
    7 15.997000 0.000001 -0.000001 -1.683447 0.000000 0.000000
    8 1.885325 0.833276 -2.177876 -1.598016 0.698132 -0.000668
    9 1.506960 -0.000006 0.000000 0.000000 0.000000 -0.139626
    10 0.798348 0.000003 0.000000 0.000000 0.000000 -0.113446
    11 3.950302 -0.539875 -2.108871 -0.000806 0.157080 -0.000126
    12 1.545797 -0.000002 -0.000001 0.000000 0.000000 0.471239
    13 1.667398 0.000001 0.000007 0.000000 0.000000 0.436332
    14 3.899452 -0.475378 -1.170893 -0.000796 0.000000 0.000000
    15 1.528218 0.000003 0.000001 0.000000 0.000000 0.331613
    16 1.528216 -0.000001 -0.000003 0.000000 0.000000 0.479966
    17 3.899459 -0.431804 0.168223 -0.000796 0.000000 0.000000
    18 1.506968 0.000002 -0.000001 0.000000 0.000000 0.427606
    19 1.506962 -0.000001 0.000001 0.000000 0.000000 0.340339
    20 3.915634 -0.278020 1.402608 -0.000796 0.000000 0.000000
    21 1.333080 0.000000 -0.000001 0.000000 0.000000 0.637045
    22 1.159204 0.000000 -0.000002 0.000000 0.000000 0.218166
    23 18.209354 8.207681 -0.352298 -1.582244 0.018583 -3.126150
    24 0.000009 0.011450 -1.352403 -0.000014 1.370796 3.140783
    25 6.078084 0.000001 0.000003 1.124115 -0.814956 -1.218771
    26 13.446750 -0.000005 0.000000 0.000000 0.000000 -1.150165
    27 15.997000 -0.000002 0.000000 1.669604 -0.001115 0.258579
    28 1.885324 0.833275 2.177876 1.172048 -0.644525 0.438889
    29 1.506966 -0.000005 0.000000 0.000000 0.000000 -0.436329
    30 0.798348 -0.000001 -0.000001 0.000000 0.000000 -0.507867
    31 3.950306 -0.539875 2.108876 0.012323 0.110212 -0.171410
    32 1.545797 -0.000001 -0.000008 0.000000 0.000000 0.513113
    33 1.667400 -0.000002 0.000008 0.000000 0.000000 0.785377
    34 3.899460 -0.475376 1.170891 -0.037591 0.101270 -0.055752
    35 1.528215 -0.000001 0.000000 0.000000 0.000000 1.575956
    36 1.528217 -0.000001 0.000001 0.000000 0.000000 1.352604
    37 3.899459 -0.431805 -0.168223 0.093293 -0.006316 0.182573
    38 1.506962 0.000000 0.000002 0.000000 0.000000 1.708639
    39 1.506964 0.000001 -0.000001 0.000000 0.000000 1.310683
    40 3.915634 -0.278019 -1.402605 0.217310 -0.078619 0.205835
    41 1.333083 0.000001 0.000003 0.000000 0.000000 1.464281
    42 1.159202 0.000000 -0.000004 0.000000 0.000000 1.370013
    43 3.495615 0.351176 1.563391 1.582244 -0.018583 -3.126153
    44 -2.156468 1.809614 0.001208 0.000000 0.000000 0.000000
    45 -6.613107 1.564316 -0.031845 0.000000 0.000000 0.000000
  time 94
    0 0.928525 1.014336 -19.461068 0.000000 0.000000 -1.570792
    1 0.000000 0.000000 0.000002 -0.000086 -1.570451 -1.570709
    2 4.443615 -0.009642 0.000006 -0.000004 -0.000001 0.000796
    3 12.111412 -0.011446 0.000000 0.000000 0.000000 0.000000
    4 0.000010 0.011442 1.352402 -0.000014 -1.370796 3.140810
    5 6.078090 0.000001 -0.000005 -0.531509 1.219836 -0.541120
    6 13.446754 -0.000001 0.000001 0.000000 0.000000 -0.648458
    7 15.997000 0.000001 -0.000001 -1.683447 0.000000 0.000000
    8 1.885325 0.833276 -2.177876 -1.598016 0.698132 -0.000668
    9 1.506960 -0.000006 0.000000 0.000000 0.000000 -0.139626
    10 0.798348 0.000003 0.000000 0.000000 0.000000 -0.113446
    11 3.950302 -0.539875 -2.108871 -0.000806 0.157080 -0.000126
    12 1.545797 -0.000002 -0.000001 0.000000 0.000000 0.471239
    13 1.667398 0.000001 0.000007 0.000000 0.000000 0.436332
    14 3.899452 -0.475378 -1.170893 -0.000796 0.000000 0.000000
    15 1.528218 0.000003 0.000001 0.000000 0.000000 0.331613
    16 1.528216 -0.000001 -0.000003 0.000000 0.000000 0.479966
    17 3.899459 -0.431804 0.168223 -0.000796 0.000000 0.000000
    18 1.506968 0.000002 -0.000001 0.000000 0.000000 0.427606
    19 1.506962 -0.000001 0.000001 0.000000 0.000000 0.340339
    20 3.915634 -0.278020 1.402608 -0.000796 0.000000 0.000000
    21 1.333080 0.000000 -0.000001 0.000000 0.000000 0.637045
    22 1.159204 0.000000 -0.000002 0.000000 0.000000 0.218166
    23 18.209354 8.207681 -0.352298 -1.582244 0.018583 -3.126150
    24 0.000009 0.011450 -1.352403 -0.000014 1.370796 3.140783
    25 6.078084 0.000001 0.000003 1.124115 -0.814956 -1.218771
    26 13.446750 -0.000005 0.000000 0.000000 0.000000 -1.150261
    27 15.997000 -0.000002 0.000000 1.669604 -0.001022 0.257817
    28 1.885324 0.833275 2.177876 1.172048 -0.644537 0.438889
    29 1.506966 -0.000005 0.000000 0.000000 0.000000 -0.436329
    30 0.798348 -0.000001 -0.000001 0.000000 0.000000 -0.507867
    31 3.950306 -0.539875 2.108876 0.012323 0.110212 -0.171410
    32 1.545797 -0.000001 -0.000008 0.000000 0.000000 0.513113
    33 1.667400 -0.000002 0.000008 0.000000 0.000000 0.785377
    34 3.899460 -0.475376 1.170891 -0.037591 0.101270 -0.055752
    35 1.528215 -0.000001 0.000000 0.000000 0.000000 1.575956
    36 1.528217 -0.000001 0.000001 0.000000 0.000000 1.352577
    37 3.899459 -0.431805 -0.168223 0.093293 -0.006316 0.182573
    38 1.506962 0.000000 0.000002 0.000000 0.000000 1.708600
    39 1.506964 0.000001 -0.000001 0.000000 0.000000 1.310683
    40 3.915634 -0.278019 -1.402605 0.217310 -0.078619 0.205835
    41 1.333083 0.000001 0.000003 0.000000 0.000000 1.464281
    42 1.159202 0.000000 -0.000004 0.000000 0.000000 1.370013
    43 3.495615 0.351176 1.563391 1.582244 -0.018583 -3.126153
    44 -2.156468 1.809614 0.001208 0.000000 0.000000 0.000000
    45 -6.613107 1.564316 -0.031845 0.000000 0.000000 0.000000
  time 95
    0 0.928525 1.014336 -19.461068 0.000000 0.000000 -1.570792
    1 0.000000 0.000000 0.000002 -0.000086 -1.570451 -1.570709
    2 4.443615 -0.009642 0.000006 -0.000004 -0.000001 0.000796
    3 12.111412 -0.011446 0.000000 0.000000 0.000000 0.000000
    4 0.000010 0.011442 1.352402 -0.000014 -1.370796 3.140810
    5 6.078090 0.000001 -0.000005 -0.531509 1.219836 -0.541120
    6 13.446754 -0.000001 0.000001 0.000000 0.000000 -0.648458
    7 15.997000 0.000001 -0.000001 -1.683447 0.000000 0.000000
    8 1.885325 0.833276 -2.177876 -1.598016 0.698132 -0.000668
    9 1.506960 -0.000006 0.000000 0.000000 0.000000 -0.139626
    10 0.798348 0.000003 0.000000 0.000000 0.000000 -0.113446
    11 3.950302 -0.539875 -2.108871 -0.000806 0.157080 -0.000126
    12 1.545797 -0.000002 -0.000001 0.000000 0.000000 0.471239
    13 1.667398 0.000001 0.000007 0.000000 0.000000 0.436332
    14 3.899452 -0.475378 -1.170893 -0.000796 0.000000 0.000000
    15 1.528218 0.000003 0.000001 0.000000 0.000000 0.331613
    16 1.528216 -0.000001 -0.000003 0.000000 0.000000 0.479966
    17 3.899459 -0.431804 0.168223 -0.000796 0.000000 0.000000
    18 1.506968 0.000002 -0.000001 0.000000 0.000000 0.427606
    19 1.506962 -0.000001 0.000001 0.000000 0.000000 0.340339
    20 3.915634 -0.278020 1.402608 -0.000796 0.000000 0.000000
    21 1.333080 0.000000 -0.000001 0.000000 0.000000 0.637045
    22 1.159204 0.000000 -0.000002 0.000000 0.000000 0.218166
    23 18.209354 8.207681 -0.352298 -1.582244 0.018583 -3.126150
    24 0.000009 0.011450 -1.352403 -0.000014 1.370796 3.140783
    25 6.078084 0.000001 0.000003 1.124087 -0.814989 -1.218750
    26 13.446750 -0.000005 0.000000 0.000000 0.000000 -1.150357
    27 15.997000 -0.000002 0.000000 1.669604 -0.000929 0.257078
    28 1.885324 0.833275 2.177876 1.172048 -0.644537 0.438889
    29 1.506966 -0.000005 0.000000 0.000000 0.000000 -0.436329
    30 0.798348 -0.000001 -0.000001 0.000000 0.000000 -0.507867
    31 3.950306 -0.539875 2.108876 0.012323 0.110212 -0.171410
    32 1.545797 -0.000001 -0.000008 0.000000 0.000000 0.513113
    33 1.667400 -0.000002 0.000008 0.000000 0.000000 0.785377
    34 3.899460 -0.475376 1.170891 -0.037591 0.101270 -0.055752
    35 1.528215 -0.000001 0.000000 0.000000 0.000000 1.575956
    36 1.528217 -0.000001 0.000001 0.000000 0.000000 1.352577
    37 3.899459 -0.431805 -0.168223 0.093293 -0.006316 0.182573
    38 1.506962 0.000000 0.000002 0.000000 0.000000 1.708639
    39 1.506964 0.000001 -0.000001 0.000000 0.000000 1.310683
    40 3.915634 -0.278019 -1.402605 0.217310 -0.078619 0.205835
    41 1.333083 0.000001 0.000003 0.000000 0.000000 1.464281
    42 1.159202 0.000000 -0.000004 0.000000 0.000000 1.370013
    43 3.495615 0.351176 1.563391 1.582244 -0.018583 -3.126153
    44 -2.156468 1.809614 0.001208 0.000000 0.000000 0.000000
    45 -6.613107 1.564316 -0.031845 0.000000 0.000000 0.000000
  time 96
    0 0.928525 1.014336 -19.461068 0.000000 0.000000 -1.570792
    1 0.000000 0.000000 0.000002 -0.000086 -1.570451 -1.570709
    2 4.443615 -0.009642 0.000006 -0.000004 -0.000001 0.000796
    3 12.111412 -0.011446 0.000000 0.000000 0.000000 0.000000
    4 0.000010 0.011442 1.352402 -0.000014 -1.370796 3.140810
    5 6.078090 0.000001 -0.000005 -0.531509 1.219836 -0.541120
    6 13.446754 -0.000001 0.000001 0.000000 0.000000 -0.648458
    7 15.997000 0.000001 -0.000001 -1.683447 0.000000 0.000000
    8 1.885325 0.833276 -2.177876 -1.598016 0.698132 -0.000668
    9 1.506960 -0.000006 0.000000 0.000000 0.000000 -0.139626
    10 0.798348 0.000003 0.000000 0.000000 0.000000 -0.113446
    11 3.950302 -0.539875 -2.108871 -0.000806 0.157080 -0.000126
    12 1.545797 -0.000002 -0.000001 0.000000 0.000000 0.471239
    13 1.667398 0.000001 0.000007 0.000000 0.000000 0.436332
    14 3.899452 -0.475378 -1.170893 -0.000796 0.000000 0.000000
    15 1.528218 0.000003 0.000001 0.000000 0.000000 0.331613
    16 1.528216 -0.000001 -0.000003 0.000000 0.000000 0.479966
    17 3.899459 -0.431804 0.168223 -0.000796 0.000000 0.000000
    18 1.506968 0.000002 -0.000001 0.000000 0.000000 0.427606
    19 1.506962 -0.000001 0.000001 0.000000 0.000000 0.340339
    20 3.915634 -0.278020 1.402608 -0.000796 0.000000 0.000000
    21 1.333080 0.000000 -0.000001 0.000000 0.000000 0.637045
    22 1.159204 0.000000 -0.000002 0.000000 0.000000 0.218166
    23 18.209354 8.207681 -0.352298 -1.582244 0.018583 -3.126150
    24 0.000009 0.011450 -1.352403 -0.000014 1.370796 3.140783
    25 6.078084 0.000001 0.000003 1.124087 -0.814989 -1.218729
    26 13.446750 -0.000005 0.000000 0.000000 0.000000 -1.150549
    27 15.997000 -0.000002 0.000000 1.669604 -0.000882 0.256339
    28 1.885324 0.833275 2.177876 1.172048 -0.644537 0.438889
    29 1.506966 -0.000005 0.000000 0.000000 0.000000 -0.436329
    30 0.798348 -0.000001 -0.000001 0.000000 0.000000 -0.507867
    31 3.950306 -0.539875 2.108876 0.012323 0.110212 -0.171410
    32 1.545797 -0.000001 -0.000008 0.000000 0.000000 0.513113
    33 1.667400 -0.000002 0.000008 0.000000 0.000000 0.785377
    34 3.899460 -0.475376 1.170891 -0.037591 0.101270 -0.055752
    35 1.528215 -0.000001 0.000000 0.000000 0.000000 1.575956
    36 1.528217 -0.000001 0.000001 0.000000 0.000000 1.352577
    37 3.899459 -0.431805 -0.168223 0.093293 -0.006316 0.182573
    38 1.506962 0.000000 0.000002 0.000000 0.000000 1.708639
    39 1.506964 0.000001 -0.000001 0.000000 0.000000 1.310683
    40 3.915634 -0.278019 -1.402605 0.217310 -0.078619 0.205835
    41 1.333083 0.000001 0.000003 0.000000 0.000000 1.464281
    42 1.159202 0.000000 -0.000004 0.000000 0.000000 1.370013
    43 3.495615 0.351176 1.563391 1.582244 -0.018583 -3.126153
    44 -2.156468 1.809614 0.001208 0.000000 0.000000 0.000000
    45 -6.613107 1.564316 -0.031845 0.000000 0.000000 0.000000
  time 97
    0 0.928525 1.014336 -19.461068 0.000000 0.000000 -1.570792
    1 0.000000 0.000000 0.000002 -0.000086 -1.570451 -1.570709
    2 4.443615 -0.009642 0.000006 -0.000004 -0.000001 0.000796
    3 12.111412 -0.011446 0.000000 0.000000 0.000000 0.000000
    4 0.000010 0.011442 1.352402 -0.000014 -1.370796 3.140810
    5 6.078090 0.000001 -0.000005 -0.531509 1.219836 -0.541120
    6 13.446754 -0.000001 0.000001 0.000000 0.000000 -0.648458
    7 15.997000 0.000001 -0.000001 -1.683447 0.000000 0.000000
    8 1.885325 0.833276 -2.177876 -1.598016 0.698132 -0.000668
    9 1.506960 -0.000006 0.000000 0.000000 0.000000 -0.139626
    10 0.798348 0.000003 0.000000 0.000000 0.000000 -0.113446
    11 3.950302 -0.539875 -2.108871 -0.000806 0.157080 -0.000126
    12 1.545797 -0.000002 -0.000001 0.000000 0.000000 0.471239
    13 1.667398 0.000001 0.000007 0.000000 0.000000 0.436332
    14 3.899452 -0.475378 -1.170893 -0.000796 0.000000 0.000000
    15 1.528218 0.000003 0.000001 0.000000 0.000000 0.331613
    16 1.528216 -0.000001 -0.000003 0.000000 0.000000 0.479966
    17 3.899459 -0.431804 0.168223 -0.000796 0.000000 0.000000
    18 1.506968 0.000002 -0.000001 0.000000 0.000000 0.427606
    19 1.506962 -0.000001 0.000001 0.000000 0.000000 0.340339
    20 3.915634 -0.278020 1.402608 -0.000796 0.000000 0.000000
    21 1.333080 0.000000 -0.000001 0.000000 0.000000 0.637045
    22 1.159204 0.000000 -0.000002 0.000000 0.000000 0.218166
    23 18.209354 8.207681 -0.352298 -1.582244 0.018583 -3.126150
    24 0.000009 0.011450 -1.352403 -0.000014 1.370796 3.140783
    25 6.078084 0.000001 0.000003 1.124074 -0.815022 -1.218708
    26 13.446750 -0.000005 0.000000 0.000000 0.000000 -1.150694
    27 15.997000 -0.000002 0.000000 1.669604 -0.000813 0.255672
    28 1.885324 0.833275 2.177876 1.172048 -0.644525 0.438889
    29 1.506966 -0.000005 0.000000 0.000000 0.000000 -0.436329
    30 0.798348 -0.000001 -0.000001 0.000000 0.000000 -0.507867
    31 3.950306 -0.539875 2.108876 0.012323 0.110212 -0.171410
    32 1.545797 -0.000001 -0.000008 0.000000 0.000000 0.513113
    33 1.667400 -0.000002 0.000008 0.000000 0.000000 0.785377
    34 3.899460 -0.475376 1.170891 -0.037591 0.101270 -0.055752
    35 1.528215 -0.000001 0.000000 0.000000 0.000000 1.575956
    36 1.528217 -0.000001 0.000001 0.000000 0.000000 1.352577
    37 3.899459 -0.431805 -0.168223 0.093293 -0.006316 0.182573
    38 1.506962 0.000000 0.000002 0.000000 0.000000 1.708600
    39 1.506964 0.000001 -0.000001 0.000000 0.000000 1.310683
    40 3.915634 -0.278019 -1.402605 0.217310 -0.078619 0.205835
    41 1.333083 0.000001 0.000003 0.000000 0.000000 1.464281
    42 1.159202 0.000000 -0.000004 0.000000 0.000000 1.370013
    43 3.495615 0.351176 1.563391 1.582244 -0.018583 -3.126153
    44 -2.156468 1.809614 0.001208 0.000000 0.000000 0.000000
    45 -6.613107 1.564316 -0.031845 0.000000 0.000000 0.000000
  time 98
    0 0.928525 1.014336 -19.461068 0.000000 0.000000 -1.570792
    1 0.000000 0.000000 0.000002 -0.000086 -1.570451 -1.570709
    2 4.443615 -0.009642 0.000006 -0.000004 -0.000001 0.000796
    3 12.111412 -0.011446 0.000000 0.000000 0.000000 0.000000
    4 0.000010 0.011442 1.352402 -0.000014 -1.370796 3.140810
    5 6.078090 0.000001 -0.000005 -0.531509 1.219836 -0.541120
    6 13.446754 -0.000001 0.000001 0.000000 0.000000 -0.648458
    7 15.997000 0.000001 -0.000001 -1.683447 0.000000 0.000000
    8 1.885325 0.833276 -2.177876 -1.598016 0.698132 -0.000668
    9 1.506960 -0.000006 0.000000 0.000000 0.000000 -0.139626
    10 0.798348 0.000003 0.000000 0.000000 0.000000 -0.113446
    11 3.950302 -0.539875 -2.108871 -0.000806 0.157080 -0.000126
    12 1.545797 -0.000002 -0.000001 0.000000 0.000000 0.471239
    13 1.667398 0.000001 0.000007 0.000000 0.000000 0.436332
    14 3.899452 -0.475378 -1.170893 -0.000796 0.000000 0.000000
    15 1.528218 0.000003 0.000001 0.000000 0.000000 0.331613
    16 1.528216 -0.000001 -0.000003 0.000000 0.000000 0.479966
    17 3.899459 -0.431804 0.168223 -0.000796 0.000000 0.000000
    18 1.506968 0.000002 -0.000001 0.000000 0.000000 0.427606
    19 1.506962 -0.000001 0.000001 0.000000 0.000000 0.340339
    20 3.915634 -0.278020 1.402608 -0.000796 0.000000 0.000000
    21 1.333080 0.000000 -0.000001 0.000000 0.000000 0.637045
    22 1.159204 0.000000 -0.000002 0.000000 0.000000 0.218166
    23 18.209354 8.207681 -0.352298 -1.582244 0.018583 -3.126150
    24 0.000009 0.011450 -1.352403 -0.000014 1.370796 3.140783
    25 6.078084 0.000001 0.000003 1.124074 -0.815022 -1.218687
    26 13.446750 -0.000005 0.000000 0.000000 0.000000 -1.150838
    27 15.997000 -0.000002 0.000000 1.669604 -0.000743 0.255052
    28 1.885324 0.833275 2.177876 1.172048 -0.644525 0.438889
    29 1.506966 -0.000005 0.000000 0.000000 0.000000 -0.436329
    30 0.798348 -0.000001 -0.000001 0.000000 0.000000 -0.507867
    31 3.950306 -0.539875 2.108876 0.012323 0.110212 -0.171410
    32 1.545797 -0.000001 -0.000008 0.000000 0.000000 0.513113
    33 1.667400 -0.000002 0.000008 0.000000 0.000000 0.785377
    34 3.899460 -0.475376 1.170891 -0.037591 0.101270 -0.055752
    35 1.528215 -0.000001 0.000000 0.000000 0.000000 1.575956
    36 1.528217 -0.000001 0.000001 0.000000 0.000000 1.352577
    37 3.899459 -0.431805 -0.168223 0.093293 -0.006316 0.182573
    38 1.506962 0.000000 0.000002 0.000000 0.000000 1.708639
    39 1.506964 0.000001 -0.000001 0.000000 0.000000 1.310683
    40 3.915634 -0.278019 -1.402605 0.217310 -0.078619 0.205835
    41 1.333083 0.000001 0.000003 0.000000 0.000000 1.464281
    42 1.159202 0.000000 -0.000004 0.000000 0.000000 1.370013
    43 3.495615 0.351176 1.563391 1.582244 -0.018583 -3.126153
    44 -2.156468 1.809614 0.001208 0.000000 0.000000 0.000000
    45 -6.613107 1.564316 -0.031845 0.000000 0.000000 0.000000
  time 99
    0 0.928525 1.014336 -19.461068 0.000000 0.000000 -1.570792
    1 0.000000 0.000000 0.000002 -0.000086 -1.570451 -1.570709
    2 4.443615 -0.009642 0.000006 -0.000004 -0.000001 0.000796
    3 12.111412 -0.011446 0.000000 0.000000 0.000000 0.000000
    4 0.000010 0.011442 1.352402 -0.000014 -1.370796 3.140810
    5 6.078090 0.000001 -0.000005 -0.531509 1.219836 -0.541120
    6 13.446754 -0.000001 0.000001 0.000000 0.000000 -0.648458
    7 15.997000 0.000001 -0.000001 -1.683447 0.000000 0.000000
    8 1.885325 0.833276 -2.177876 -1.598016 0.698132 -0.000668
    9 1.506960 -0.000006 0.000000 0.000000 0.000000 -0.139626
    10 0.798348 0.000003 0.000000 0.000000 0.000000 -0.113446
    11 3.950302 -0.539875 -2.108871 -0.000806 0.157080 -0.000126
    12 1.545797 -0.000002 -0.000001 0.000000 0.000000 0.471239
    13 1.667398 0.000001 0.000007 0.000000 0.000000 0.436332
    14 3.899452 -0.475378 -1.170893 -0.000796 0.000000 0.000000
    15 1.528218 0.000003 0.000001 0.000000 0.000000 0.331613
    16 1.528216 -0.000001 -0.000003 0.000000 0.000000 0.479966
    17 3.899459 -0.431804 0.168223 -0.000796 0.000000 0.000000
    18 1.506968 0.000002 -0.000001 0.000000 0.000000 0.427606
    19 1.506962 -0.000001 0.000001 0.000000 0.000000 0.340339
    20 3.915634 -0.278020 1.402608 -0.000796 0.000000 0.000000
    21 1.333080 0.000000 -0.000001 0.000000 0.000000 0.637045
    22 1.159204 0.000000 -0.000002 0.000000 0.000000 0.218166
    23 18.209354 8.207681 -0.352298 -1.582244 0.018583 -3.126150
    24 0.000009 0.011450 -1.352403 -0.000014 1.370796 3.140783
    25 6.078084 0.000001 0.000003 1.124046 -0.815055 -1.218666
    26 13.446750 -0.000005 0.000000 0.000000 0.000000 -1.150934
    27 15.997000 -0.000002 0.000000 1.669604 -0.000697 0.254504
    28 1.885324 0.833275 2.177876 1.172048 -0.644537 0.438889
    29 1.506966 -0.000005 0.000000 0.000000 0.000000 -0.436329
    30 0.798348 -0.000001 -0.000001 0.000000 0.000000 -0.507867
    31 3.950306 -0.539875 2.108876 0.012323 0.110212 -0.171410
    32 1.545797 -0.000001 -0.000008 0.000000 0.000000 0.513125
    33 1.667400 -0.000002 0.000008 0.000000 0.000000 0.785377
    34 3.899460 -0.475376 1.170891 -0.037591 0.101270 -0.055752
    35 1.528215 -0.000001 0.000000 0.000000 0.000000 1.575956
    36 1.528217 -0.000001 0.000001 0.000000 0.000000 1.352577
    37 3.899459 -0.431805 -0.168223 0.093293 -0.006316 0.182573
    38 1.506962 0.000000 0.000002 0.000000 0.000000 1.708600
    39 1.506964 0.000001 -0.000001 0.000000 0.000000 1.310683
    40 3.915634 -0.278019 -1.402605 0.217310 -0.078619 0.205835
    41 1.333083 0.000001 0.000003 0.000000 0.000000 1.464281
    42 1.159202 0.000000 -0.000004 0.000000 0.000000 1.370013
    43 3.495615 0.351176 1.563391 1.582244 -0.018583 -3.126153
    44 -2.156468 1.809614 0.001208 0.000000 0.000000 0.000000
    45 -6.613107 1.564316 -0.031845 0.000000 0.000000 0.000000
  time 100
    0 0.928525 1.014336 -19.461068 0.000000 0.000000 -1.570792
    1 0.000000 0.000000 0.000002 -0.000086 -1.570451 -1.570709
    2 4.443615 -0.009642 0.000006 -0.000004 -0.000001 0.000796
    3 12.111412 -0.011446 0.000000 0.000000 0.000000 0.000000
    4 0.000010 0.011442 1.352402 -0.000014 -1.370796 3.140810
    5 6.078090 0.000001 -0.000005 -0.531509 1.219836 -0.541120
    6 13.446754 -0.000001 0.000001 0.000000 0.000000 -0.648458
    7 15.997000 0.000001 -0.000001 -1.683447 0.000000 0.000000
    8 1.885325 0.833276 -2.177876 -1.598016 0.698132 -0.000668
    9 1.506960 -0.000006 0.000000 0.000000 0.000000 -0.139626
    10 0.798348 0.000003 0.000000 0.000000 0.000000 -0.113446
    11 3.950302 -0.539875 -2.108871 -0.000806 0.157080 -0.000126
    12 1.545797 -0.000002 -0.000001 0.000000 0.000000 0.471239
    13 1.667398 0.000001 0.000007 0.000000 0.000000 0.436332
    14 3.899452 -0.475378 -1.170893 -0.000796 0.000000 0.000000
    15 1.528218 0.000003 0.000001 0.000000 0.000000 0.331613
    16 1.528216 -0.000001 -0.000003 0.000000 0.000000 0.479966
    17 3.899459 -0.431804 0.168223 -0.000796 0.000000 0.000000
    18 1.506968 0.000002 -0.000001 0.000000 0.000000 0.427606
    19 1.506962 -0.000001 0.000001 0.000000 0.000000 0.340339
    20 3.915634 -0.278020 1.402608 -0.000796 0.000000 0.000000
    21 1.333080 0.000000 -0.000001 0.000000 0.000000 0.637045
    22 1.159204 0.000000 -0.000002 0.000000 0.000000 0.218166
    23 18.209354 8.207681 -0.352298 -1.582244 0.018583 -3.126150
    24 0.000009 0.011450 -1.352403 -0.000014 1.370796 3.140783
    25 6.078084 0.000001 0.000003 1.124032 -0.815088 -1.218645
    26 13.446750 -0.000005 0.000000 0.000000 0.000000 -1.151030
    27 15.997000 -0.000002 0.000000 1.669604 -0.000627 0.254051
    28 1.885324 0.833275 2.177876 1.172048 -0.644525 0.438889
    29 1.506966 -0.000005 0.000000 0.000000 0.000000 -0.436329
    30 0.798348 -0.000001 -0.000001 0.000000 0.000000 -0.507867
    31 3.950306 -0.539875 2.108876 0.012323 0.110212 -0.171410
    32 1.545797 -0.000001 -0.000008 0.000000 0.000000 0.513113
    33 1.667400 -0.000002 0.000008 0.000000 0.000000 0.785377
    34 3.899460 -0.475376 1.170891 -0.037591 0.101270 -0.055752
    35 1.528215 -0.000001 0.000000 0.000000 0.000000 1.575956
    36 1.528217 -0.000001 0.000001 0.000000 0.000000 1.352577
    37 3.899459 -0.431805 -0.168223 0.093293 -0.006316 0.182573
    38 1.506962 0.000000 0.000002 0.000000 0.000000 1.708639
    39 1.506964 0.000001 -0.000001 0.000000 0.000000 1.310683
    40 3.915634 -0.278019 -1.402605 0.217310 -0.078619 0.205835
    41 1.333083 0.000001 0.000003 0.000000 0.000000 1.464281
    42 1.159202 0.000000 -0.000004 0.000000 0.000000 1.370013
    43 3.495615 0.351176 1.563391 1.582244 -0.018583 -3.126153
    44 -2.156468 1.809614 0.001208 0.000000 0.000000 0.000000
    45 -6.613107 1.564316 -0.031845 0.000000 0.000000 0.000000
  time 101
    0 0.928525 1.014336 -19.461068 0.000000 0.000000 -1.570792
    1 0.000000 0.000000 0.000002 -0.000086 -1.570451 -1.570709
    2 4.443615 -0.009642 0.000006 -0.000004 -0.000001 0.000796
    3 12.111412 -0.011446 0.000000 0.000000 0.000000 0.000000
    4 0.000010 0.011442 1.352402 -0.000014 -1.370796 3.140810
    5 6.078090 0.000001 -0.000005 -0.531509 1.219836 -0.541120
    6 13.446754 -0.000001 0.000001 0.000000 0.000000 -0.648458
    7 15.997000 0.000001 -0.000001 -1.683447 0.000000 0.000000
    8 1.885325 0.833276 -2.177876 -1.598016 0.698132 -0.000668
    9 1.506960 -0.000006 0.000000 0.000000 0.000000 -0.139626
    10 0.798348 0.000003 0.000000 0.000000 0.000000 -0.113446
    11 3.950302 -0.539875 -2.108871 -0.000806 0.157080 -0.000126
    12 1.545797 -0.000002 -0.000001 0.000000 0.000000 0.471239
    13 1.667398 0.000001 0.000007 0.000000 0.000000 0.436332
    14 3.899452 -0.475378 -1.170893 -0.000796 0.000000 0.000000
    15 1.528218 0.000003 0.000001 0.000000 0.000000 0.331613
    16 1.528216 -0.000001 -0.000003 0.000000 0.000000 0.479966
    17 3.899459 -0.431804 0.168223 -0.000796 0.000000 0.000000
    18 1.506968 0.000002 -0.000001 0.000000 0.000000 0.427606
    19 1.506962 -0.000001 0.000001 0.000000 0.000000 0.340339
    20 3.915634 -0.278020 1.402608 -0.000796 0.000000 0.000000
    21 1.333080 0.000000 -0.000001 0.000000 0.000000 0.637045
    22 1.159204 0.000000 -0.000002 0.000000 0.000000 0.218166
    23 18.209354 8.207681 -0.352298 -1.582244 0.018583 -3.126150
    24 0.000009 0.011450 -1.352403 -0.000014 1.370796 3.140783
    25 6.078084 0.000001 0.000003 1.124018 -0.815088 -1.218624
    26 13.446750 -0.000005 0.000000 0.000000 0.000000 -1.151174
    27 15.997000 -0.000002 0.000000 1.669604 -0.000604 0.253718
    28 1.885324 0.833275 2.177876 1.172048 -0.644525 0.438889
    29 1.506966 -0.000005 0.000000 0.000000 0.000000 -0.436329
    30 0.798348 -0.000001 -0.000001 0.000000 0.000000 -0.507867
    31 3.950306 -0.539875 2.108876 0.012323 0.110212 -0.171410
    32 1.545797 -0.000001 -0.000008 0.000000 0.000000 0.513113
    33 1.667400 -0.000002 0.000008 0.000000 0.000000 0.785377
    34 3.899460 -0.475376 1.170891 -0.037591 0.101270 -0.055752
    35 1.528215 -0.000001 0.000000 0.000000 0.000000 1.575956
    36 1.528217 -0.000001 0.000001 0.000000 0.000000 1.352577
    37 3.899459 -0.431805 -0.168223 0.093293 -0.006316 0.182573
    38 1.506962 0.000000 0.000002 0.000000 0.000000 1.708639
    39 1.506964 0.000001 -0.000001 0.000000 0.000000 1.310683
    40 3.915634 -0.278019 -1.402605 0.217310 -0.078619 0.205835
    41 1.333083 0.000001 0.000003 0.000000 0.000000 1.464281
    42 1.159202 0.000000 -0.000004 0.000000 0.000000 1.370013
    43 3.495615 0.351176 1.563391 1.582244 -0.018583 -3.126153
    44 -2.156468 1.809614 0.001208 0.000000 0.000000 0.000000
    45 -6.613107 1.564316 -0.031845 0.000000 0.000000 0.000000
  time 102
    0 0.928525 1.014336 -19.461068 0.000000 0.000000 -1.570792
    1 0.000000 0.000000 0.000002 -0.000086 -1.570451 -1.570709
    2 4.443615 -0.009642 0.000006 -0.000004 -0.000001 0.000796
    3 12.111412 -0.011446 0.000000 0.000000 0.000000 0.000000
    4 0.000010 0.011442 1.352402 -0.000014 -1.370796 3.140810
    5 6.078090 0.000001 -0.000005 -0.531509 1.219836 -0.541120
    6 13.446754 -0.000001 0.000001 0.000000 0.000000 -0.648458
    7 15.997000 0.000001 -0.000001 -1.683447 0.000000 0.000000
    8 1.885325 0.833276 -2.177876 -1.598016 0.698132 -0.000668
    9 1.506960 -0.000006 0.000000 0.000000 0.000000 -0.139626
    10 0.798348 0.000003 0.000000 0.000000 0.000000 -0.113446
    11 3.950302 -0.539875 -2.108871 -0.000806 0.157080 -0.000126
    12 1.545797 -0.000002 -0.000001 0.000000 0.000000 0.471239
    13 1.667398 0.000001 0.000007 0.000000 0.000000 0.436332
    14 3.899452 -0.475378 -1.170893 -0.000796 0.000000 0.000000
    15 1.528218 0.000003 0.000001 0.000000 0.000000 0.331613
    16 1.528216 -0.000001 -0.000003 0.000000 0.000000 0.479966
    17 3.899459 -0.431804 0.168223 -0.000796 0.000000 0.000000
    18 1.506968 0.000002 -0.000001 0.000000 0.000000 0.427606
    19 1.506962 -0.000001 0.000001 0.000000 0.000000 0.340339
    20 3.915634 -0.278020 1.402608 -0.000796 0.000000 0.000000
    21 1.333080 0.000000 -0.000001 0.000000 0.000000 0.637045
    22 1.159204 0.000000 -0.000002 0.000000 0.000000 0.218166
    23 18.209354 8.207681 -0.352298 -1.582244 0.018583 -3.126150
    24 0.000009 0.011450 -1.352403 -0.000014 1.370796 3.140783
    25 6.078084 0.000001 0.000003 1.124018 -0.815121 -1.218603
    26 13.446750 -0.000005 0.000000 0.000000 0.000000 -1.151319
    27 15.997000 -0.000002 0.000000 1.669604 -0.000604 0.253503
    28 1.885324 0.833275 2.177876 1.172048 -0.644525 0.438889
    29 1.506966 -0.000005 0.000000 0.000000 0.000000 -0.436329
    30 0.798348 -0.000001 -0.000001 0.000000 0.000000 -0.507867
    31 3.950306 -0.539875 2.108876 0.012323 0.110212 -0.171410
    32 1.545797 -0.000001 -0.000008 0.000000 0.000000 0.513113
    33 1.667400 -0.000002 0.000008 0.000000 0.000000 0.785377
    34 3.899460 -0.475376 1.170891 -0.037591 0.101270 -0.055752
    35 1.528215 -0.000001 0.000000 0.000000 0.000000 1.575956
    36 1.528217 -0.000001 0.000001 0.000000 0.000000 1.352577
    37 3.899459 -0.431805 -0.168223 0.093293 -0.006316 0.182573
    38 1.506962 0.000000 0.000002 0.000000 0.000000 1.708639
    39 1.506964 0.000001 -0.000001 0.000000 0.000000 1.310683
    40 3.915634 -0.278019 -1.402605 0.217310 -0.078619 0.205835
    41 1.333083 0.000001 0.000003 0.000000 0.000000 1.464281
    42 1.159202 0.000000 -0.000004 0.000000 0.000000 1.370013
    43 3.495615 0.351176 1.563391 1.582244 -0.018583 -3.126153
    44 -2.156468 1.809614 0.001208 0.000000 0.000000 0.000000
    45 -6.613107 1.564316 -0.031845 0.000000 0.000000 0.000000
  time 103
    0 0.928525 1.014336 -19.461068 0.000000 0.000000 -1.570792
    1 0.000000 0.000000 0.000002 -0.000086 -1.570451 -1.570709
    2 4.443615 -0.009642 0.000006 -0.000004 -0.000001 0.000796
    3 12.111412 -0.011446 0.000000 0.000000 0.000000 0.000000
    4 0.000010 0.011442 1.352402 -0.000014 -1.370796 3.140810
    5 6.078090 0.000001 -0.000005 -0.531509 1.219836 -0.541120
    6 13.446754 -0.000001 0.000001 0.000000 0.000000 -0.648458
    7 15.997000 0.000001 -0.000001 -1.683447 0.000000 0.000000
    8 1.885325 0.833276 -2.177876 -1.598016 0.698132 -0.000668
    9 1.506960 -0.000006 0.000000 0.000000 0.000000 -0.139626
    10 0.798348 0.000003 0.000000 0.000000 0.000000 -0.113446
    11 3.950302 -0.539875 -2.108871 -0.000806 0.157080 -0.000126
    12 1.545797 -0.000002 -0.000001 0.000000 0.000000 0.471239
    13 1.667398 0.000001 0.000007 0.000000 0.000000 0.436332
    14 3.899452 -0.475378 -1.170893 -0.000796 0.000000 0.000000
    15 1.528218 0.000003 0.000001 0.000000 0.000000 0.331613
    16 1.528216 -0.000001 -0.000003 0.000000 0.000000 0.479966
    17 3.899459 -0.431804 0.168223 -0.000796 0.000000 0.000000
    18 1.506968 0.000002 -0.000001 0.000000 0.000000 0.427606
    19 1.506962 -0.000001 0.000001 0.000000 0.000000 0.340339
    20 3.915634 -0.278020 1.402608 -0.000796 0.000000 0.000000
    21 1.333080 0.000000 -0.000001 0.000000 0.000000 0.637045
    22 1.159204 0.000000 -0.000002 0.000000 0.000000 0.218166
    23 18.209354 8.207681 -0.352298 -1.582244 0.018583 -3.126150
    24 0.000009 0.011450 -1.352403 -0.000014 1.370796 3.140783
    25 6.078084 0.000001 0.000003 1.124018 -0.815121 -1.218582
    26 13.446750 -0.000005 0.000000 0.000000 0.000000 -1.151463
    27 15.997000 -0.000002 0.000000 1.669604 -0.000604 0.253432
    28 1.885324 0.833275 2.177876 1.172048 -0.644537 0.438889
    29 1.506966 -0.000005 0.000000 0.000000 0.000000 -0.436329
    30 0.798348 -0.000001 -0.000001 0.000000 0.000000 -0.507879
    31 3.950306 -0.539875 2.108876 0.012323 0.110212 -0.171410
    32 1.545797 -0.000001 -0.000008 0.000000 0.000000 0.513113
    33 1.667400 -0.000002 0.000008 0.000000 0.000000 0.785377
    34 3.899460 -0.475376 1.170891 -0.037591 0.101270 -0.055752
    35 1.528215 -0.000001 0.000000 0.000000 0.000000 1.575956
    36 1.528217 -0.000001 0.000001 0.000000 0.000000 1.352577
    37 3.899459 -0.431805 -0.168223 0.093293 -0.006316 0.182573
    38 1.506962 0.000000 0.000002 0.000000 0.000000 1.708639
    39 1.506964 0.000001 -0.000001 0.000000 0.000000 1.310683
    40 3.915634 -0.278019 -1.402605 0.217310 -0.078619 0.205835
    41 1.333083 0.000001 0.000003 0.000000 0.000000 1.464281
    42 1.159202 0.000000 -0.000004 0.000000 0.000000 1.370013
    43 3.495615 0.355083 1.563391 1.582244 -0.018583 -3.126153
    44 -2.156468 1.809614 0.001208 0.000000 0.000000 0.000000
    45 -6.613107 1.564316 -0.031845 0.000000 0.000000 0.000000
  time 104
    0 0.928525 1.014336 -19.461068 0.000000 0.000000 -1.570792
    1 0.000000 0.000000 0.000002 -0.000086 -1.570451 -1.570709
    2 4.443615 -0.009642 0.000006 -0.000004 -0.000001 0.000796
    3 12.111412 -0.011446 0.000000 0.000000 0.000000 0.000000
    4 0.000010 0.011442 1.352402 -0.000014 -1.370796 3.140810
    5 6.078090 0.000001 -0.000005 -0.531509 1.219836 -0.541120
    6 13.446754 -0.000001 0.000001 0.000000 0.000000 -0.648458
    7 15.997000 0.000001 -0.000001 -1.683447 0.000000 0.000000
    8 1.885325 0.833276 -2.177876 -1.598016 0.698132 -0.000668
    9 1.506960 -0.000006 0.000000 0.000000 0.000000 -0.139626
    10 0.798348 0.000003 0.000000 0.000000 0.000000 -0.113446
    11 3.950302 -0.539875 -2.108871 -0.000806 0.157080 -0.000126
    12 1.545797 -0.000002 -0.000001 0.000000 0.000000 0.471239
    13 1.667398 0.000001 0.000007 0.000000 0.000000 0.436332
    14 3.899452 -0.475378 -1.170893 -0.000796 0.000000 0.000000
    15 1.528218 0.000003 0.000001 0.000000 0.000000 0.331613
    16 1.528216 -0.000001 -0.000003 0.000000 0.000000 0.479966
    17 3.899459 -0.431804 0.168223 -0.000796 0.000000 0.000000
    18 1.506968 0.000002 -0.000001 0.000000 0.000000 0.427606
    19 1.506962 -0.000001 0.000001 0.000000 0.000000 0.340339
    20 3.915634 -0.278020 1.402608 -0.000796 0.000000 0.000000
    21 1.333080 0.000000 -0.000001 0.000000 0.000000 0.637045
    22 1.159204 0.000000 -0.000002 0.000000 0.000000 0.218166
    23 18.209354 8.207681 -0.352298 -1.582244 0.018583 -3.126150
    24 0.000009 0.011450 -1.352403 -0.000014 1.370796 3.140783
    25 6.078084 0.000001 0.000003 1.124005 -0.815121 -1.218561
    26 13.446750 -0.000005 0.000000 0.000000 0.000000 -1.151511
    27 15.997000 -0.000002 0.000000 1.669604 -0.000604 0.253456
    28 1.885324 0.833275 2.177876 1.172048 -0.644525 0.438889
    29 1.506966 -0.000005 0.000000 0.000000 0.000000 -0.436329
    30 0.798348 -0.000001 -0.000001 0.000000 0.000000 -0.507867
    31 3.950306 -0.539875 2.108876 0.012323 0.110212 -0.171410
    32 1.545797 -0.000001 -0.000008 0.000000 0.000000 0.513113
    33 1.667400 -0.000002 0.000008 0.000000 0.000000 0.785377
    34 3.899460 -0.475376 1.170891 -0.037591 0.101270 -0.055752
    35 1.528215 -0.000001 0.000000 0.000000 0.000000 1.575956
    36 1.528217 -0.000001 0.000001 0.000000 0.000000 1.352577
    37 3.899459 -0.431805 -0.168223 0.093293 -0.006316 0.182573
    38 1.506962 0.000000 0.000002 0.000000 0.000000 1.708600
    39 1.506964 0.000001 -0.000001 0.000000 0.000000 1.310683
    40 3.915634 -0.278019 -1.402605 0.217310 -0.078619 0.205835
    41 1.333083 0.000001 0.000003 0.000000 0.000000 1.464281
    42 1.159202 0.000000 -0.000004 0.000000 0.000000 1.370013
    43 3.495615 0.351176 1.563391 1.582244 -0.018583 -3.126153
    44 -2.156468 1.809614 0.001208 0.000000 0.000000 0.000000
    45 -6.613107 1.564316 -0.031845 0.000000 0.000000 0.000000
  time 105
    0 0.928525 1.014336 -19.461068 0.000000 0.000000 -1.570792
    1 0.000000 0.000000 0.000002 -0.000086 -1.570451 -1.570709
    2 4.443615 -0.009642 0.000006 -0.000004 -0.000001 0.000796
    3 12.111412 -0.011446 0.000000 0.000000 0.000000 0.000000
    4 0.000010 0.011442 1.352402 -0.000014 -1.370796 3.140810
    5 6.078090 0.000001 -0.000005 -0.531509 1.219836 -0.541120
    6 13.446754 -0.000001 0.000001 0.000000 0.000000 -0.648458
    7 15.997000 0.000001 -0.000001 -1.683447 0.000000 0.000000
    8 1.885325 0.833276 -2.177876 -1.598016 0.698132 -0.000668
    9 1.506960 -0.000006 0.000000 0.000000 0.000000 -0.139626
    10 0.798348 0.000003 0.000000 0.000000 0.000000 -0.113446
    11 3.950302 -0.539875 -2.108871 -0.000806 0.157080 -0.000126
    12 1.545797 -0.000002 -0.000001 0.000000 0.000000 0.471239
    13 1.667398 0.000001 0.000007 0.000000 0.000000 0.436332
    14 3.899452 -0.475378 -1.170893 -0.000796 0.000000 0.000000
    15 1.528218 0.000003 0.000001 0.000000 0.000000 0.331613
    16 1.528216 -0.000001 -0.000003 0.000000 0.000000 0.479966
    17 3.899459 -0.431804 0.168223 -0.000796 0.000000 0.000000
    18 1.506968 0.000002 -0.000001 0.000000 0.000000 0.427606
    19 1.506962 -0.000001 0.000001 0.000000 0.000000 0.340339
    20 3.915634 -0.278020 1.402608 -0.000796 0.000000 0.000000
    21 1.333080 0.000000 -0.000001 0.000000 0.000000 0.637045
    22 1.159204 0.000000 -0.000002 0.000000 0.000000 0.218166
    23 18.209354 8.207681 -0.352298 -1.582244 0.018583 -3.126150
    24 0.000009 0.011450 -1.352403 -0.000014 1.370796 3.140783
    25 6.078084 0.000001 0.000003 1.123991 -0.815154 -1.218540
    26 13.446750 -0.000005 0.000000 0.000000 0.000000 -1.151607
    27 15.997000 -0.000002 0.000000 1.669628 -0.000604 0.253527
    28 1.885324 0.833275 2.177876 1.172048 -0.644525 0.438889
    29 1.506966 -0.000005 0.000000 0.000000 0.000000 -0.436329
    30 0.798348 -0.000001 -0.000001 0.000000 0.000000 -0.507867
    31 3.950306 -0.539875 2.108876 0.012323 0.110212 -0.171410
    32 1.545797 -0.000001 -0.000008 0.000000 0.000000 0.513113
    33 1.667400 -0.000002 0.000008 0.000000 0.000000 0.785377
    34 3.899460 -0.475376 1.170891 -0.037591 0.101270 -0.055752
    35 1.528215 -0.000001 0.000000 0.000000 0.000000 1.575956
    36 1.528217 -0.000001 0.000001 0.000000 0.000000 1.352577
    37 3.899459 -0.431805 -0.168223 0.093293 -0.006316 0.182573
    38 1.506962 0.000000 0.000002 0.000000 0.000000 1.708639
    39 1.506964 0.000001 -0.000001 0.000000 0.000000 1.310683
    40 3.915634 -0.278019 -1.402605 0.217310 -0.078619 0.205835
    41 1.333083 0.000001 0.000003 0.000000 0.000000 1.464281
    42 1.159202 0.000000 -0.000004 0.000000 0.000000 1.370013
    43 3.495615 0.351176 1.563391 1.582244 -0.018583 -3.126153
    44 -2.156468 1.809614 0.001208 0.000000 0.000000 0.000000
    45 -6.613107 1.564316 -0.031845 0.000000 0.000000 0.000000
  time 106
    0 0.928525 1.014336 -19.461068 0.000000 0.000000 -1.570792
    1 0.000000 0.000000 0.000002 -0.000086 -1.570451 -1.570709
    2 4.443615 -0.009642 0.000006 -0.000004 -0.000001 0.000796
    3 12.111412 -0.011446 0.000000 0.000000 0.000000 0.000000
    4 0.000010 0.011442 1.352402 -0.000014 -1.370796 3.140810
    5 6.078090 0.000001 -0.000005 -0.531509 1.219836 -0.541120
    6 13.446754 -0.000001 0.000001 0.000000 0.000000 -0.648458
    7 15.997000 0.000001 -0.000001 -1.683447 0.000000 0.000000
    8 1.885325 0.833276 -2.177876 -1.598016 0.698132 -0.000668
    9 1.506960 -0.000006 0.000000 0.000000 0.000000 -0.139626
    10 0.798348 0.000003 0.000000 0.000000 0.000000 -0.113446
    11 3.950302 -0.539875 -2.108871 -0.000806 0.157080 -0.000126
    12 1.545797 -0.000002 -0.000001 0.000000 0.000000 0.471239
    13 1.667398 0.000001 0.000007 0.000000 0.000000 0.436332
    14 3.899452 -0.475378 -1.170893 -0.000796 0.000000 0.000000
    15 1.528218 0.000003 0.000001 0.000000 0.000000 0.331613
    16 1.528216 -0.000001 -0.000003 0.000000 0.000000 0.479966
    17 3.899459 -0.431804 0.168223 -0.000796 0.000000 0.000000
    18 1.506968 0.000002 -0.000001 0.000000 0.000000 0.427606
    19 1.506962 -0.000001 0.000001 0.000000 0.000000 0.340339
    20 3.915634 -0.278020 1.402608 -0.000796 0.000000 0.000000
    21 1.333080 0.000000 -0.000001 0.000000 0.000000 0.637045
    22 1.159204 0.000000 -0.000002 0.000000 0.000000 0.218166
    23 18.209354 8.207681 -0.352298 -1.582244 0.018583 -3.126150
    24 0.000009 0.011450 -1.352403 -0.000014 1.370796 3.140783
    25 6.078084 0.000001 0.000003 1.123991 -0.815154 -1.218519
    26 13.446750 -0.000005 0.000000 0.000000 0.000000 -1.151751
    27 15.997000 -0.000002 0.000000 1.669664 -0.000604 0.253622
    28 1.885324 0.833275 2.177876 1.172048 -0.644525 0.438889
    29 1.506966 -0.000005 0.000000 0.000000 0.000000 -0.436329
    30 0.798348 -0.000001 -0.000001 0.000000 0.000000 -0.507867
    31 3.950306 -0.539875 2.108876 0.012323 0.110212 -0.171410
    32 1.545797 -0.000001 -0.000008 0.000000 0.000000 0.513113
    33 1.667400 -0.000002 0.000008 0.000000 0.000000 0.785377
    34 3.899460 -0.475376 1.170891 -0.037591 0.101270 -0.055752
    35 1.528215 -0.000001 0.000000 0.000000 0.000000 1.575956
    36 1.528217 -0.000001 0.000001 0.000000 0.000000 1.352577
    37 3.899459 -0.431805 -0.168223 0.093293 -0.006316 0.182573
    38 1.506962 0.000000 0.000002 0.000000 0.000000 1.708639
    39 1.506964 0.000001 -0.000001 0.000000 0.000000 1.310683
    40 3.915634 -0.278019 -1.402605 0.217310 -0.078619 0.205835
    41 1.333083 0.000001 0.000003 0.000000 0.000000 1.464281
    42 1.159202 0.000000 -0.000004 0.000000 0.000000 1.370013
    43 3.495615 0.351176 1.563391 1.582244 -0.018583 -3.126153
    44 -2.156468 1.809614 0.001208 0.000000 0.000000 0.000000
    45 -6.613107 1.564316 -0.031845 0.000000 0.000000 0.000000
  time 107
    0 0.928525 1.014336 -19.461068 0.000000 0.000000 -1.570792
    1 0.000000 0.000000 0.000002 -0.000086 -1.570451 -1.570709
    2 4.443615 -0.009642 0.000006 -0.000004 -0.000001 0.000796
    3 12.111412 -0.011446 0.000000 0.000000 0.000000 0.000000
    4 0.000010 0.011442 1.352402 -0.000014 -1.370796 3.140810
    5 6.078090 0.000001 -0.000005 -0.531509 1.219836 -0.541120
    6 13.446754 -0.000001 0.000001 0.000000 0.000000 -0.648458
    7 15.997000 0.000001 -0.000001 -1.683447 0.000000 0.000000
    8 1.885325 0.833276 -2.177876 -1.598016 0.698132 -0.000668
    9 1.506960 -0.000006 0.000000 0.000000 0.000000 -0.139626
    10 0.798348 0.000003 0.000000 0.000000 0.000000 -0.113446
    11 3.950302 -0.539875 -2.108871 -0.000806 0.157080 -0.000126
    12 1.545797 -0.000002 -0.000001 0.000000 0.000000 0.471239
    13 1.667398 0.000001 0.000007 0.000000 0.000000 0.436332
    14 3.899452 -0.475378 -1.170893 -0.000796 0.000000 0.000000
    15 1.528218 0.000003 0.000001 0.000000 0.000000 0.331613
    16 1.528216 -0.000001 -0.000003 0.000000 0.000000 0.479966
    17 3.899459 -0.431804 0.168223 -0.000796 0.000000 0.000000
    18 1.506968 0.000002 -0.000001 0.000000 0.000000 0.427606
    19 1.506962 -0.000001 0.000001 0.000000 0.000000 0.340339
    20 3.915634 -0.278020 1.402608 -0.000796 0.000000 0.000000
    21 1.333080 0.000000 -0.000001 0.000000 0.000000 0.637045
    22 1.159204 0.000000 -0.000002 0.000000 0.000000 0.218166
    23 18.209354 8.207681 -0.352298 -1.582244 0.018583 -3.126150
    24 0.000009 0.011450 -1.352403 -0.000014 1.370796 3.140783
    25 6.078084 0.000001 0.000003 1.123963 -0.815186 -1.218519
    26 13.446750 -0.000005 0.000000 0.000000 0.000000 -1.151847
    27 15.997000 -0.000002 0.000000 1.669700 -0.000604 0.253789
    28 1.885324 0.833275 2.177876 1.172048 -0.644525 0.438889
    29 1.506966 -0.000005 0.000000 0.000000 0.000000 -0.436329
    30 0.798348 -0.000001 -0.000001 0.000000 0.000000 -0.507867
    31 3.950306 -0.539875 2.108876 0.012323 0.110212 -0.171410
    32 1.545797 -0.000001 -0.000008 0.000000 0.000000 0.513113
    33 1.667400 -0.000002 0.000008 0.000000 0.000000 0.785377
    34 3.899460 -0.475376 1.170891 -0.037591 0.101270 -0.055752
    35 1.528215 -0.000001 0.000000 0.000000 0.000000 1.575956
    36 1.528217 -0.000001 0.000001 0.000000 0.000000 1.352577
    37 3.899459 -0.431805 -0.168223 0.093293 -0.006316 0.182573
    38 1.506962 0.000000 0.000002 0.000000 0.000000 1.708639
    39 1.506964 0.000001 -0.000001 0.000000 0.000000 1.310683
    40 3.915634 -0.278019 -1.402605 0.217310 -0.078619 0.205835
    41 1.333083 0.000001 0.000003 0.000000 0.000000 1.464281
    42 1.159202 0.000000 -0.000004 0.000000 0.000000 1.370013
    43 3.495615 0.351176 1.563391 1.582244 -0.018583 -3.126153
    44 -2.156468 1.809614 0.001208 0.000000 0.000000 0.000000
    45 -6.613107 1.564316 -0.031845 0.000000 0.000000 0.000000
  time 108
    0 0.928525 1.014336 -19.461068 0.000000 0.000000 -1.570792
    1 0.000000 0.000000 0.000002 -0.000086 -1.570451 -1.570709
    2 4.443615 -0.009642 0.000006 -0.000004 -0.000001 0.000796
    3 12.111412 -0.011446 0.000000 0.000000 0.000000 0.000000
    4 0.000010 0.011442 1.352402 -0.000014 -1.370796 3.140810
    5 6.078090 0.000001 -0.000005 -0.531509 1.219836 -0.541120
    6 13.446754 -0.000001 0.000001 0.000000 0.000000 -0.648458
    7 15.997000 0.000001 -0.000001 -1.683447 0.000000 0.000000
    8 1.885325 0.833276 -2.177876 -1.598016 0.698132 -0.000668
    9 1.506960 -0.000006 0.000000 0.000000 0.000000 -0.139626
    10 0.798348 0.000003 0.000000 0.000000 0.000000 -0.113446
    11 3.950302 -0.539875 -2.108871 -0.000806 0.157080 -0.000126
    12 1.545797 -0.000002 -0.000001 0.000000 0.000000 0.471239
    13 1.667398 0.000001 0.000007 0.000000 0.000000 0.436332
    14 3.899452 -0.475378 -1.170893 -0.000796 0.000000 0.000000
    15 1.528218 0.000003 0.000001 0.000000 0.000000 0.331613
    16 1.528216 -0.000001 -0.000003 0.000000 0.000000 0.479966
    17 3.899459 -0.431804 0.168223 -0.000796 0.000000 0.000000
    18 1.506968 0.000002 -0.000001 0.000000 0.000000 0.427606
    19 1.506962 -0.000001 0.000001 0.000000 0.000000 0.340339
    20 3.915634 -0.278020 1.402608 -0.000796 0.000000 0.000000
    21 1.333080 0.000000 -0.000001 0.000000 0.000000 0.637045
    22 1.159204 0.000000 -0.000002 0.000000 0.000000 0.218166
    23 18.209354 8.207681 -0.352298 -1.582244 0.018583 -3.126150
    24 0.000009 0.011450 -1.352403 -0.000014 1.370796 3.140783
    25 6.078084 0.000001 0.000003 1.123949 -0.815186 -1.218476
    26 13.446750 -0.000005 0.000000 0.000000 0.000000 -1.152040
    27 15.997000 -0.000002 0.000000 1.669736 -0.000627 0.253980
    28 1.885324 0.833275 2.177876 1.172048 -0.644525 0.438889
    29 1.506966 -0.000005 0.000000 0.000000 0.000000 -0.436329
    30 0.798348 -0.000001 -0.000001 0.000000 0.000000 -0.507867
    31 3.950306 -0.539875 2.108876 0.012323 0.110212 -0.171410
    32 1.545797 -0.000001 -0.000008 0.000000 0.000000 0.513113
    33 1.667400 -0.000002 0.000008 0.000000 0.000000 0.785377
    34 3.899460 -0.475376 1.170891 -0.037591 0.101270 -0.055752
    35 1.528215 -0.000001 0.000000 0.000000 0.000000 1.575956
    36 1.528217 -0.000001 0.000001 0.000000 0.000000 1.352577
    37 3.899459 -0.431805 -0.168223 0.093305 -0.006316 0.182573
    38 1.506962 0.000000 0.000002 0.000000 0.000000 1.708639
    39 1.506964 0.000001 -0.000001 0.000000 0.000000 1.310683
    40 3.915634 -0.278019 -1.402605 0.217310 -0.078619 0.205835
    41 1.333083 0.000001 0.000003 0.000000 0.000000 1.464281
    42 1.159202 0.000000 -0.000004 0.000000 0.000000 1.370013
    43 3.495615 0.351176 1.563391 1.582244 -0.018583 -3.126153
    44 -2.156468 1.809614 0.001208 0.000000 0.000000 0.000000
    45 -6.613107 1.564316 -0.031845 0.000000 0.000000 0.000000
  time 109
    0 0.928525 1.014336 -19.461068 0.000000 0.000000 -1.570792
    1 0.000000 0.000000 0.000002 -0.000086 -1.570451 -1.570709
    2 4.443615 -0.009642 0.000006 -0.000004 -0.000001 0.000796
    3 12.111412 -0.011446 0.000000 0.000000 0.000000 0.000000
    4 0.000010 0.011442 1.352402 -0.000014 -1.370796 3.140810
    5 6.078090 0.000001 -0.000005 -0.531509 1.219836 -0.541120
    6 13.446754 -0.000001 0.000001 0.000000 0.000000 -0.648458
    7 15.997000 0.000001 -0.000001 -1.683447 0.000000 0.000000
    8 1.885325 0.833276 -2.177876 -1.598016 0.698132 -0.000668
    9 1.506960 -0.000006 0.000000 0.000000 0.000000 -0.139626
    10 0.798348 0.000003 0.000000 0.000000 0.000000 -0.113446
    11 3.950302 -0.539875 -2.108871 -0.000806 0.157080 -0.000126
    12 1.545797 -0.000002 -0.000001 0.000000 0.000000 0.471239
    13 1.667398 0.000001 0.000007 0.000000 0.000000 0.436332
    14 3.899452 -0.475378 -1.170893 -0.000796 0.000000 0.000000
    15 1.528218 0.000003 0.000001 0.000000 0.000000 0.331613
    16 1.528216 -0.000001 -0.000003 0.000000 0.000000 0.479966
    17 3.899459 -0.431804 0.168223 -0.000796 0.000000 0.000000
    18 1.506968 0.000002 -0.000001 0.000000 0.000000 0.427606
    19 1.506962 -0.000001 0.000001 0.000000 0.000000 0.340339
    20 3.915634 -0.278020 1.402608 -0.000796 0.000000 0.000000
    21 1.333080 0.000000 -0.000001 0.000000 0.000000 0.637045
    22 1.159204 0.000000 -0.000002 0.000000 0.000000 0.218166
    23 18.209354 8.207681 -0.352298 -1.582244 0.018583 -3.126150
    24 0.000009 0.011450 -1.352403 -0.000014 1.370796 3.140783
    25 6.078084 0.000001 0.000003 1.123936 -0.815219 -1.218455
    26 13.446750 -0.000005 0.000000 0.000000 0.000000 -1.152184
    27 15.997000 -0.000002 0.000000 1.669784 -0.000673 0.254194
    28 1.885324 0.833275 2.177876 1.172048 -0.644537 0.438889
    29 1.506966 -0.000005 0.000000 0.000000 0.000000 -0.436329
    30 0.798348 -0.000001 -0.000001 0.000000 0.000000 -0.507867
    31 3.950306 -0.539875 2.108876 0.012323 0.110212 -0.171410
    32 1.545797 -0.000001 -0.000008 0.000000 0.000000 0.513113
    33 1.667400 -0.000002 0.000008 0.000000 0.000000 0.785377
    34 3.899460 -0.475376 1.170891 -0.037591 0.101270 -0.055752
    35 1.528215 -0.000001 0.000000 0.000000 0.000000 1.575956
    36 1.528217 -0.000001 0.000001 0.000000 0.000000 1.352577
    37 3.899459 -0.431805 -0.168223 0.093293 -0.006316 0.182573
    38 1.506962 0.000000 0.000002 0.000000 0.000000 1.708639
    39 1.506964 0.000001 -0.000001 0.000000 0.000000 1.310683
    40 3.915634 -0.278019 -1.402605 0.217310 -0.078619 0.205835
    41 1.333083 0.000001 0.000003 0.000000 0.000000 1.464281
    42 1.159202 0.000000 -0.000004 0.000000 0.000000 1.370013
    43 3.495615 0.351176 1.563391 1.582244 -0.018583 -3.126153
    44 -2.156468 1.809614 0.001208 0.000000 0.000000 0.000000
    45 -6.613107 1.564316 -0.031845 0.000000 0.000000 0.000000
  time 110
    0 0.928525 1.014336 -19.461068 0.000000 0.000000 -1.570792
    1 0.000000 0.000000 0.000002 -0.000086 -1.570451 -1.570709
    2 4.443615 -0.009642 0.000006 -0.000004 -0.000001 0.000796
    3 12.111412 -0.011446 0.000000 0.000000 0.000000 0.000000
    4 0.000010 0.011442 1.352402 -0.000014 -1.370796 3.140810
    5 6.078090 0.000001 -0.000005 -0.531509 1.219836 -0.541120
    6 13.446754 -0.000001 0.000001 0.000000 0.000000 -0.648458
    7 15.997000 0.000001 -0.000001 -1.683447 0.000000 0.000000
    8 1.885325 0.833276 -2.177876 -1.598016 0.698132 -0.000668
    9 1.506960 -0.000006 0.000000 0.000000 0.000000 -0.139626
    10 0.798348 0.000003 0.000000 0.000000 0.000000 -0.113446
    11 3.950302 -0.539875 -2.108871 -0.000806 0.157080 -0.000126
    12 1.545797 -0.000002 -0.000001 0.000000 0.000000 0.471239
    13 1.667398 0.000001 0.000007 0.000000 0.000000 0.436332
    14 3.899452 -0.475378 -1.170893 -0.000796 0.000000 0.000000
    15 1.528218 0.000003 0.000001 0.000000 0.000000 0.331613
    16 1.528216 -0.000001 -0.000003 0.000000 0.000000 0.479966
    17 3.899459 -0.431804 0.168223 -0.000796 0.000000 0.000000
    18 1.506968 0.000002 -0.000001 0.000000 0.000000 0.427606
    19 1.506962 -0.000001 0.000001 0.000000 0.000000 0.340339
    20 3.915634 -0.278020 1.402608 -0.000796 0.000000 0.000000
    21 1.333080 0.000000 -0.000001 0.000000 0.000000 0.637045
    22 1.159204 0.000000 -0.000002 0.000000 0.000000 0.218166
    23 18.209354 8.207681 -0.352298 -1.582244 0.018583 -3.126150
    24 0.000009 0.011450 -1.352403 -0.000014 1.370796 3.140783
    25 6.078084 0.000001 0.000003 1.123936 -0.815252 -1.218434
    26 13.446750 -0.000005 0.000000 0.000000 0.000000 -1.152232
    27 15.997000 -0.000002 0.000000 1.669832 -0.000697 0.254457
    28 1.885324 0.833275 2.177876 1.172048 -0.644525 0.438889
    29 1.506966 -0.000005 0.000000 0.000000 0.000000 -0.436329
    30 0.798348 -0.000001 -0.000001 0.000000 0.000000 -0.507867
    31 3.950306 -0.539875 2.108876 0.012323 0.110212 -0.171410
    32 1.545797 -0.000001 -0.000008 0.000000 0.000000 0.513113
    33 1.667400 -0.000002 0.000008 0.000000 0.000000 0.785377
    34 3.899460 -0.475376 1.170891 -0.037591 0.101270 -0.055752
    35 1.528215 -0.000001 0.000000 0.000000 0.000000 1.575956
    36 1.528217 -0.000001 0.000001 0.000000 0.000000 1.352577
    37 3.899459 -0.431805 -0.168223 0.093293 -0.006316 0.182573
    38 1.506962 0.000000 0.000002 0.000000 0.000000 1.708639
    39 1.506964 0.000001 -0.000001 0.000000 0.000000 1.310683
    40 3.915634 -0.278019 -1.402605 0.217310 -0.078619 0.205835
    41 1.333083 0.000001 0.000003 0.000000 0.000000 1.464281
    42 1.159202 0.000000 -0.000004 0.000000 0.000000 1.370013
    43 3.495615 0.351176 1.563391 1.582244 -0.018583 -3.126153
    44 -2.156468 1.809614 0.001208 0.000000 0.000000 0.000000
    45 -6.613107 1.564316 -0.031845 0.000000 0.000000 0.000000
  time 111
    0 0.928525 1.014336 -19.461068 0.000000 0.000000 -1.570792
    1 0.000000 0.000000 0.000002 -0.000086 -1.570451 -1.570709
    2 4.443615 -0.009642 0.000006 -0.000004 -0.000001 0.000796
    3 12.111412 -0.011446 0.000000 0.000000 0.000000 0.000000
    4 0.000010 0.011442 1.352402 -0.000014 -1.370796 3.140810
    5 6.078090 0.000001 -0.000005 -0.531509 1.219836 -0.541120
    6 13.446754 -0.000001 0.000001 0.000000 0.000000 -0.648458
    7 15.997000 0.000001 -0.000001 -1.683447 0.000000 0.000000
    8 1.885325 0.833276 -2.177876 -1.598016 0.698132 -0.000668
    9 1.506960 -0.000006 0.000000 0.000000 0.000000 -0.139626
    10 0.798348 0.000003 0.000000 0.000000 0.000000 -0.113446
    11 3.950302 -0.539875 -2.108871 -0.000806 0.157080 -0.000126
    12 1.545797 -0.000002 -0.000001 0.000000 0.000000 0.471239
    13 1.667398 0.000001 0.000007 0.000000 0.000000 0.436332
    14 3.899452 -0.475378 -1.170893 -0.000796 0.000000 0.000000
    15 1.528218 0.000003 0.000001 0.000000 0.000000 0.331613
    16 1.528216 -0.000001 -0.000003 0.000000 0.000000 0.479966
    17 3.899459 -0.431804 0.168223 -0.000796 0.000000 0.000000
    18 1.506968 0.000002 -0.000001 0.000000 0.000000 0.427606
    19 1.506962 -0.000001 0.000001 0.000000 0.000000 0.340339
    20 3.915634 -0.278020 1.402608 -0.000796 0.000000 0.000000
    21 1.333080 0.000000 -0.000001 0.000000 0.000000 0.637045
    22 1.159204 0.000000 -0.000002 0.000000 0.000000 0.218166
    23 18.209354 8.207681 -0.352298 -1.582244 0.018583 -3.126150
    24 0.000009 0.011450 -1.352403 -0.000014 1.370796 3.140783
    25 6.078084 0.000001 0.000003 1.123922 -0.815252 -1.218413
    26 13.446750 -0.000005 0.000000 0.000000 0.000000 -1.152376
    27 15.997000 -0.000002 0.000000 1.669891 -0.000720 0.254742
    28 1.885324 0.833275 2.177876 1.172048 -0.644537 0.438889
    29 1.506966 -0.000005 0.000000 0.000000 0.000000 -0.436329
    30 0.798348 -0.000001 -0.000001 0.000000 0.000000 -0.507879
    31 3.950306 -0.539875 2.108876 0.012323 0.110212 -0.171410
    32 1.545797 -0.000001 -0.000008 0.000000 0.000000 0.513113
    33 1.667400 -0.000002 0.000008 0.000000 0.000000 0.785377
    34 3.899460 -0.475376 1.170891 -0.037591 0.101270 -0.055752
    35 1.528215 -0.000001 0.000000 0.000000 0.000000 1.575956
    36 1.528217 -0.000001 0.000001 0.000000 0.000000 1.352577
    37 3.899459 -0.431805 -0.168223 0.093293 -0.006316 0.182573
    38 1.506962 0.000000 0.000002 0.000000 0.000000 1.708639
    39 1.506964 0.000001 -0.000001 0.000000 0.000000 1.310683
    40 3.915634 -0.278019 -1.402605 0.217310 -0.078619 0.205835
    41 1.333083 0.000001 0.000003 0.000000 0.000000 1.464281
    42 1.159202 0.000000 -0.000004 0.000000 0.000000 1.370013
    43 3.495615 0.355083 1.563391 1.582244 -0.018583 -3.126153
    44 -2.156468 1.809614 0.001208 0.000000 0.000000 0.000000
    45 -6.613107 1.564316 -0.031845 0.000000 0.000000 0.000000
  time 112
    0 0.928525 1.014336 -19.461068 0.000000 0.000000 -1.570792
    1 0.000000 0.000000 0.000002 -0.000086 -1.570451 -1.570709
    2 4.443615 -0.009642 0.000006 -0.000004 -0.000001 0.000796
    3 12.111412 -0.011446 0.000000 0.000000 0.000000 0.000000
    4 0.000010 0.011442 1.352402 -0.000014 -1.370796 3.140810
    5 6.078090 0.000001 -0.000005 -0.531509 1.219836 -0.541120
    6 13.446754 -0.000001 0.000001 0.000000 0.000000 -0.648458
    7 15.997000 0.000001 -0.000001 -1.683447 0.000000 0.000000
    8 1.885325 0.833276 -2.177876 -1.598016 0.698132 -0.000668
    9 1.506960 -0.000006 0.000000 0.000000 0.000000 -0.139626
    10 0.798348 0.000003 0.000000 0.000000 0.000000 -0.113446
    11 3.950302 -0.539875 -2.108871 -0.000806 0.157080 -0.000126
    12 1.545797 -0.000002 -0.000001 0.000000 0.000000 0.471239
    13 1.667398 0.000001 0.000007 0.000000 0.000000 0.436332
    14 3.899452 -0.475378 -1.170893 -0.000796 0.000000 0.000000
    15 1.528218 0.000003 0.000001 0.000000 0.000000 0.331613
    16 1.528216 -0.000001 -0.000003 0.000000 0.000000 0.479966
    17 3.899459 -0.431804 0.168223 -0.000796 0.000000 0.000000
    18 1.506968 0.000002 -0.000001 0.000000 0.000000 0.427606
    19 1.506962 -0.000001 0.000001 0.000000 0.000000 0.340339
    20 3.915634 -0.278020 1.402608 -0.000796 0.000000 0.000000
    21 1.333080 0.000000 -0.000001 0.000000 0.000000 0.637045
    22 1.159204 0.000000 -0.000002 0.000000 0.000000 0.218166
    23 18.209354 8.207681 -0.352298 -1.582244 0.018583 -3.126150
    24 0.000009 0.011450 -1.352403 -0.000014 1.370796 3.140783
    25 6.078084 0.000001 0.000003 1.123908 -0.815285 -1.218392
    26 13.446750 -0.000005 0.000000 0.000000 0.000000 -1.152520
    27 15.997000 -0.000002 0.000000 1.669951 -0.000743 0.255076
    28 1.885324 0.833275 2.177876 1.172048 -0.644537 0.438889
    29 1.506966 -0.000005 0.000000 0.000000 0.000000 -0.436329
    30 0.798348 -0.000001 -0.000001 0.000000 0.000000 -0.507867
    31 3.950306 -0.539875 2.108876 0.012323 0.110212 -0.171410
    32 1.545797 -0.000001 -0.000008 0.000000 0.000000 0.513113
    33 1.667400 -0.000002 0.000008 0.000000 0.000000 0.785377
    34 3.899460 -0.475376 1.170891 -0.037591 0.101270 -0.055752
    35 1.528215 -0.000001 0.000000 0.000000 0.000000 1.575956
    36 1.528217 -0.000001 0.000001 0.000000 0.000000 1.352577
    37 3.899459 -0.431805 -0.168223 0.093293 -0.006316 0.182573
    38 1.506962 0.000000 0.000002 0.000000 0.000000 1.708600
    39 1.506964 0.000001 -0.000001 0.000000 0.000000 1.310683
    40 3.915634 -0.278019 -1.402605 0.217310 -0.078619 0.205835
    41 1.333083 0.000001 0.000003 0.000000 0.000000 1.464281
    42 1.159202 0.000000 -0.000004 0.000000 0.000000 1.370013
    43 3.495615 0.355083 1.563391 1.582244 -0.018583 -3.126153
    44 -2.156468 1.809614 0.001208 0.000000 0.000000 0.000000
    45 -6.613107 1.564316 -0.031845 0.000000 0.000000 0.000000
  time 113
    0 0.928525 1.014336 -19.461068 0.000000 0.000000 -1.570792
    1 0.000000 0.000000 0.000002 -0.000086 -1.570451 -1.570709
    2 4.443615 -0.009642 0.000006 -0.000004 -0.000001 0.000796
    3 12.111412 -0.011446 0.000000 0.000000 0.000000 0.000000
    4 0.000010 0.011442 1.352402 -0.000014 -1.370796 3.140810
    5 6.078090 0.000001 -0.000005 -0.531509 1.219836 -0.541120
    6 13.446754 -0.000001 0.000001 0.000000 0.000000 -0.648458
    7 15.997000 0.000001 -0.000001 -1.683447 0.000000 0.000000
    8 1.885325 0.833276 -2.177876 -1.598016 0.698132 -0.000668
    9 1.506960 -0.000006 0.000000 0.000000 0.000000 -0.139626
    10 0.798348 0.000003 0.000000 0.000000 0.000000 -0.113446
    11 3.950302 -0.539875 -2.108871 -0.000806 0.157080 -0.000126
    12 1.545797 -0.000002 -0.000001 0.000000 0.000000 0.471239
    13 1.667398 0.000001 0.000007 0.000000 0.000000 0.436332
    14 3.899452 -0.475378 -1.170893 -0.000796 0.000000 0.000000
    15 1.528218 0.000003 0.000001 0.000000 0.000000 0.331613
    16 1.528216 -0.000001 -0.000003 0.000000 0.000000 0.479966
    17 3.899459 -0.431804 0.168223 -0.000796 0.000000 0.000000
    18 1.506968 0.000002 -0.000001 0.000000 0.000000 0.427606
    19 1.506962 -0.000001 0.000001 0.000000 0.000000 0.340339
    20 3.915634 -0.278020 1.402608 -0.000796 0.000000 0.000000
    21 1.333080 0.000000 -0.000001 0.000000 0.000000 0.637045
    22 1.159204 0.000000 -0.000002 0.000000 0.000000 0.218166
    23 18.209354 8.207681 -0.352298 -1.582244 0.018583 -3.126150
    24 0.000009 0.011450 -1.352403 -0.000014 1.370796 3.140783
    25 6.078084 0.000001 0.000003 1.123880 -0.815318 -1.218371
    26 13.446750 -0.000005 0.000000 0.000000 0.000000 -1.152713
    27 15.997000 -0.000002 0.000000 1.670011 -0.000790 0.255410
    28 1.885324 0.833275 2.177876 1.172048 -0.644537 0.438889
    29 1.506966 -0.000005 0.000000 0.000000 0.000000 -0.436329
    30 0.798348 -0.000001 -0.000001 0.000000 0.000000 -0.507879
    31 3.950306 -0.539875 2.108876 0.012323 0.110212 -0.171410
    32 1.545797 -0.000001 -0.000008 0.000000 0.000000 0.513113
    33 1.667400 -0.000002 0.000008 0.000000 0.000000 0.785377
    34 3.899460 -0.475376 1.170891 -0.037591 0.101270 -0.055752
    35 1.528215 -0.000001 0.000000 0.000000 0.000000 1.575956
    36 1.528217 -0.000001 0.000001 0.000000 0.000000 1.352577
    37 3.899459 -0.431805 -0.168223 0.093293 -0.006316 0.182573
    38 1.506962 0.000000 0.000002 0.000000 0.000000 1.708639
    39 1.506964 0.000001 -0.000001 0.000000 0.000000 1.310683
    40 3.915634 -0.278019 -1.402605 0.217310 -0.078619 0.205835
    41 1.333083 0.000001 0.000003 0.000000 0.000000 1.464281
    42 1.159202 0.000000 -0.000004 0.000000 0.000000 1.370013
    43 3.495615 0.351176 1.563391 1.582244 -0.018583 -3.126153
    44 -2.156468 1.809614 0.001208 0.000000 0.000000 0.000000
    45 -6.613107 1.564316 -0.031845 0.000000 0.000000 0.000000
  time 114
    0 0.928525 1.014336 -19.461068 0.000000 0.000000 -1.570792
    1 0.000000 0.000000 0.000002 -0.000086 -1.570451 -1.570709
    2 4.443615 -0.009642 0.000006 -0.000004 -0.000001 0.000796
    3 12.111412 -0.011446 0.000000 0.000000 0.000000 0.000000
    4 0.000010 0.011442 1.352402 -0.000014 -1.370796 3.140810
    5 6.078090 0.000001 -0.000005 -0.531509 1.219836 -0.541120
    6 13.446754 -0.000001 0.000001 0.000000 0.000000 -0.648458
    7 15.997000 0.000001 -0.000001 -1.683447 0.000000 0.000000
    8 1.885325 0.833276 -2.177876 -1.598016 0.698132 -0.000668
    9 1.506960 -0.000006 0.000000 0.000000 0.000000 -0.139626
    10 0.798348 0.000003 0.000000 0.000000 0.000000 -0.113446
    11 3.950302 -0.539875 -2.108871 -0.000806 0.157080 -0.000126
    12 1.545797 -0.000002 -0.000001 0.000000 0.000000 0.471239
    13 1.667398 0.000001 0.000007 0.000000 0.000000 0.436332
    14 3.899452 -0.475378 -1.170893 -0.000796 0.000000 0.000000
    15 1.528218 0.000003 0.000001 0.000000 0.000000 0.331613
    16 1.528216 -0.000001 -0.000003 0.000000 0.000000 0.479966
    17 3.899459 -0.431804 0.168223 -0.000796 0.000000 0.000000
    18 1.506968 0.000002 -0.000001 0.000000 0.000000 0.427606
    19 1.506962 -0.000001 0.000001 0.000000 0.000000 0.340339
    20 3.915634 -0.278020 1.402608 -0.000796 0.000000 0.000000
    21 1.333080 0.000000 -0.000001 0.000000 0.000000 0.637045
    22 1.159204 0.000000 -0.000002 0.000000 0.000000 0.218166
    23 18.209354 8.207681 -0.352298 -1.582244 0.018583 -3.126150
    24 0.000009 0.011450 -1.352403 -0.000014 1.370796 3.140783
    25 6.078084 0.000001 0.000003 1.123866 -0.815351 -1.218329
    26 13.446750 -0.000005 0.000000 0.000000 0.000000 -1.152809
    27 15.997000 -0.000002 0.000000 1.670071 -0.000813 0.255767
    28 1.885324 0.833275 2.177876 1.172048 -0.644537 0.438889
    29 1.506966 -0.000005 0.000000 0.000000 0.000000 -0.436329
    30 0.798348 -0.000001 -0.000001 0.000000 0.000000 -0.507867
    31 3.950306 -0.539875 2.108876 0.012323 0.110212 -0.171410
    32 1.545797 -0.000001 -0.000008 0.000000 0.000000 0.513113
    33 1.667400 -0.000002 0.000008 0.000000 0.000000 0.785377
    34 3.899460 -0.475376 1.170891 -0.037591 0.101270 -0.055752
    35 1.528215 -0.000001 0.000000 0.000000 0.000000 1.575956
    36 1.528217 -0.000001 0.000001 0.000000 0.000000 1.352577
    37 3.899459 -0.431805 -0.168223 0.093293 -0.006316 0.182573
    38 1.506962 0.000000 0.000002 0.000000 0.000000 1.708639
    39 1.506964 0.000001 -0.000001 0.000000 0.000000 1.310683
    40 3.915634 -0.278019 -1.402605 0.217310 -0.078619 0.205835
    41 1.333083 0.000001 0.000003 0.000000 0.000000 1.464281
    42 1.159202 0.000000 -0.000004 0.000000 0.000000 1.370013
    43 3.495615 0.351176 1.563391 1.582244 -0.018583 -3.126153
    44 -2.156468 1.809614 0.001208 0.000000 0.000000 0.000000
    45 -6.613107 1.564316 -0.031845 0.000000 0.000000 0.000000
  time 115
    0 0.928525 1.014336 -19.461068 0.000000 0.000000 -1.570792
    1 0.000000 0.000000 0.000002 -0.000086 -1.570451 -1.570709
    2 4.443615 -0.009642 0.000006 -0.000004 -0.000001 0.000796
    3 12.111412 -0.011446 0.000000 0.000000 0.000000 0.000000
    4 0.000010 0.011442 1.352402 -0.000014 -1.370796 3.140810
    5 6.078090 0.000001 -0.000005 -0.531509 1.219836 -0.541120
    6 13.446754 -0.000001 0.000001 0.000000 0.000000 -0.648458
    7 15.997000 0.000001 -0.000001 -1.683447 0.000000 0.000000
    8 1.885325 0.833276 -2.177876 -1.598016 0.698132 -0.000668
    9 1.506960 -0.000006 0.000000 0.000000 0.000000 -0.139626
    10 0.798348 0.000003 0.000000 0.000000 0.000000 -0.113446
    11 3.950302 -0.539875 -2.108871 -0.000806 0.157080 -0.000126
    12 1.545797 -0.000002 -0.000001 0.000000 0.000000 0.471239
    13 1.667398 0.000001 0.000007 0.000000 0.000000 0.436332
    14 3.899452 -0.475378 -1.170893 -0.000796 0.000000 0.000000
    15 1.528218 0.000003 0.000001 0.000000 0.000000 0.331613
    16 1.528216 -0.000001 -0.000003 0.000000 0.000000 0.479966
    17 3.899459 -0.431804 0.168223 -0.000796 0.000000 0.000000
    18 1.506968 0.000002 -0.000001 0.000000 0.000000 0.427606
    19 1.506962 -0.000001 0.000001 0.000000 0.000000 0.340339
    20 3.915634 -0.278020 1.402608 -0.000796 0.000000 0.000000
    21 1.333080 0.000000 -0.000001 0.000000 0.000000 0.637045
    22 1.159204 0.000000 -0.000002 0.000000 0.000000 0.218166
    23 18.209354 8.207681 -0.352298 -1.582244 0.018583 -3.126150
    24 0.000009 0.011450 -1.352403 -0.000014 1.370796 3.140783
    25 6.078084 0.000001 0.000003 1.123853 -0.815351 -1.218308
    26 13.446750 -0.000005 0.000000 0.000000 0.000000 -1.152953
    27 15.997000 -0.000002 0.000000 1.670131 -0.000836 0.256148
    28 1.885324 0.833275 2.177876 1.172048 -0.644537 0.438889
    29 1.506966 -0.000005 0.000000 0.000000 0.000000 -0.436329
    30 0.798348 -0.000001 -0.000001 0.000000 0.000000 -0.507867
    31 3.950306 -0.539875 2.108876 0.012323 0.110212 -0.171410
    32 1.545797 -0.000001 -0.000008 0.000000 0.000000 0.513113
    33 1.667400 -0.000002 0.000008 0.000000 0.000000 0.785377
    34 3.899460 -0.475376 1.170891 -0.037591 0.101270 -0.055752
    35 1.528215 -0.000001 0.000000 0.000000 0.000000 1.575956
    36 1.528217 -0.000001 0.000001 0.000000 0.000000 1.352577
    37 3.899459 -0.431805 -0.168223 0.093293 -0.006316 0.182573
    38 1.506962 0.000000 0.000002 0.000000 0.000000 1.708639
    39 1.506964 0.000001 -0.000001 0.000000 0.000000 1.310683
    40 3.915634 -0.278019 -1.402605 0.217310 -0.078619 0.205835
    41 1.333083 0.000001 0.000003 0.000000 0.000000 1.464281
    42 1.159202 0.000000 -0.000004 0.000000 0.000000 1.370013
    43 3.495615 0.351176 1.563391 1.582244 -0.018583 -3.126153
    44 -2.156468 1.809614 0.001208 0.000000 0.000000 0.000000
    45 -6.613107 1.564316 -0.031845 0.000000 0.000000 0.000000
  time 116
    0 0.928525 1.014336 -19.461068 0.000000 0.000000 -1.570792
    1 0.000000 0.000000 0.000002 -0.000086 -1.570451 -1.570709
    2 4.443615 -0.009642 0.000006 -0.000004 -0.000001 0.000796
    3 12.111412 -0.011446 0.000000 0.000000 0.000000 0.000000
    4 0.000010 0.011442 1.352402 -0.000014 -1.370796 3.140810
    5 6.078090 0.000001 -0.000005 -0.531509 1.219836 -0.541120
    6 13.446754 -0.000001 0.000001 0.000000 0.000000 -0.648458
    7 15.997000 0.000001 -0.000001 -1.683447 0.000000 0.000000
    8 1.885325 0.833276 -2.177876 -1.598016 0.698132 -0.000668
    9 1.506960 -0.000006 0.000000 0.000000 0.000000 -0.139626
    10 0.798348 0.000003 0.000000 0.000000 0.000000 -0.113446
    11 3.950302 -0.539875 -2.108871 -0.000806 0.157080 -0.000126
    12 1.545797 -0.000002 -0.000001 0.000000 0.000000 0.471239
    13 1.667398 0.000001 0.000007 0.000000 0.000000 0.436332
    14 3.899452 -0.475378 -1.170893 -0.000796 0.000000 0.000000
    15 1.528218 0.000003 0.000001 0.000000 0.000000 0.331613
    16 1.528216 -0.000001 -0.000003 0.000000 0.000000 0.479966
    17 3.899459 -0.431804 0.168223 -0.000796 0.000000 0.000000
    18 1.506968 0.000002 -0.000001 0.000000 0.000000 0.427606
    19 1.506962 -0.000001 0.000001 0.000000 0.000000 0.340339
    20 3.915634 -0.278020 1.402608 -0.000796 0.000000 0.000000
    21 1.333080 0.000000 -0.000001 0.000000 0.000000 0.637045
    22 1.159204 0.000000 -0.000002 0.000000 0.000000 0.218166
    23 18.209354 8.207681 -0.352298 -1.582244 0.018583 -3.126150
    24 0.000009 0.011450 -1.352403 -0.000014 1.370796 3.140783
    25 6.078084 0.000001 0.000003 1.123839 -0.815384 -1.218287
    26 13.446750 -0.000005 0.000000 0.000000 0.000000 -1.153097
    27 15.997000 -0.000002 0.000000 1.670203 -0.000906 0.256530
    28 1.885324 0.833275 2.177876 1.172048 -0.644537 0.438889
    29 1.506966 -0.000005 0.000000 0.000000 0.000000 -0.436329
    30 0.798348 -0.000001 -0.000001 0.000000 0.000000 -0.507867
    31 3.950306 -0.539875 2.108876 0.012323 0.110212 -0.171410
    32 1.545797 -0.000001 -0.000008 0.000000 0.000000 0.513113
    33 1.667400 -0.000002 0.000008 0.000000 0.000000 0.785377
    34 3.899460 -0.475376 1.170891 -0.037591 0.101270 -0.055752
    35 1.528215 -0.000001 0.000000 0.000000 0.000000 1.575956
    36 1.528217 -0.000001 0.000001 0.000000 0.000000 1.352577
    37 3.899459 -0.431805 -0.168223 0.093293 -0.006316 0.182573
    38 1.506962 0.000000 0.000002 0.000000 0.000000 1.708600
    39 1.506964 0.000001 -0.000001 0.000000 0.000000 1.310683
    40 3.915634 -0.278019 -1.402605 0.217310 -0.078619 0.205835
    41 1.333083 0.000001 0.000003 0.000000 0.000000 1.464281
    42 1.159202 0.000000 -0.000004 0.000000 0.000000 1.370013
    43 3.495615 0.351176 1.563391 1.582244 -0.018583 -3.126153
    44 -2.156468 1.809614 0.001208 0.000000 0.000000 0.000000
    45 -6.613107 1.564316 -0.031845 0.000000 0.000000 0.000000
  time 117
    0 0.928525 1.014336 -19.461068 0.000000 0.000000 -1.570792
    1 0.000000 0.000000 0.000002 -0.000086 -1.570451 -1.570709
    2 4.443615 -0.009642 0.000006 -0.000004 -0.000001 0.000796
    3 12.111412 -0.011446 0.000000 0.000000 0.000000 0.000000
    4 0.000010 0.011442 1.352402 -0.000014 -1.370796 3.140810
    5 6.078090 0.000001 -0.000005 -0.531509 1.219836 -0.541120
    6 13.446754 -0.000001 0.000001 0.000000 0.000000 -0.648458
    7 15.997000 0.000001 -0.000001 -1.683447 0.000000 0.000000
    8 1.885325 0.833276 -2.177876 -1.598016 0.698132 -0.000668
    9 1.506960 -0.000006 0.000000 0.000000 0.000000 -0.139626
    10 0.798348 0.000003 0.000000 0.000000 0.000000 -0.113446
    11 3.950302 -0.539875 -2.108871 -0.000806 0.157080 -0.000126
    12 1.545797 -0.000002 -0.000001 0.000000 0.000000 0.471239
    13 1.667398 0.000001 0.000007 0.000000 0.000000 0.436332
    14 3.899452 -0.475378 -1.170893 -0.000796 0.000000 0.000000
    15 1.528218 0.000003 0.000001 0.000000 0.000000 0.331613
    16 1.528216 -0.000001 -0.000003 0.000000 0.000000 0.479966
    17 3.899459 -0.431804 0.168223 -0.000796 0.000000 0.000000
    18 1.506968 0.000002 -0.000001 0.000000 0.000000 0.427606
    19 1.506962 -0.000001 0.000001 0.000000 0.000000 0.340339
    20 3.915634 -0.278020 1.402608 -0.000796 0.000000 0.000000
    21 1.333080 0.000000 -0.000001 0.000000 0.000000 0.637045
    22 1.159204 0.000000 -0.000002 0.000000 0.000000 0.218166
    23 18.209354 8.207681 -0.352298 -1.582244 0.018583 -3.126150
    24 0.000009 0.011450 -1.352403 -0.000014 1.370796 3.140783
    25 6.078084 0.000001 0.000003 1.123811 -0.815416 -1.218266
    26 13.446750 -0.000005 0.000000 0.000000 0.000000 -1.153290
    27 15.997000 -0.000002 0.000000 1.670251 -0.000929 0.256935
    28 1.885324 0.833275 2.177876 1.172048 -0.644537 0.438889
    29 1.506966 -0.000005 0.000000 0.000000 0.000000 -0.436329
    30 0.798348 -0.000001 -0.000001 0.000000 0.000000 -0.507867
    31 3.950306 -0.539875 2.108876 0.012323 0.110212 -0.171410
    32 1.545797 -0.000001 -0.000008 0.000000 0.000000 0.513113
    33 1.667400 -0.000002 0.000008 0.000000 0.000000 0.785377
    34 3.899460 -0.475376 1.170891 -0.037591 0.101270 -0.055752
    35 1.528215 -0.000001 0.000000 0.000000 0.000000 1.575956
    36 1.528217 -0.000001 0.000001 0.000000 0.000000 1.352577
    37 3.899459 -0.431805 -0.168223 0.093293 -0.006316 0.182573
    38 1.506962 0.000000 0.000002 0.000000 0.000000 1.708639
    39 1.506964 0.000001 -0.000001 0.000000 0.000000 1.310683
    40 3.915634 -0.278019 -1.402605 0.217310 -0.078619 0.205835
    41 1.333083 0.000001 0.000003 0.000000 0.000000 1.464281
    42 1.159202 0.000000 -0.000004 0.000000 0.000000 1.370013
    43 3.495615 0.351176 1.563391 1.582244 -0.018583 -3.126153
    44 -2.156468 1.809614 0.001208 0.000000 0.000000 0.000000
    45 -6.613107 1.564316 -0.031845 0.000000 0.000000 0.000000
  time 118
    0 0.928525 1.014336 -19.461068 0.000000 0.000000 -1.570792
    1 0.000000 0.000000 0.000002 -0.000086 -1.570451 -1.570709
    2 4.443615 -0.009642 0.000006 -0.000004 -0.000001 0.000796
    3 12.111412 -0.011446 0.000000 0.000000 0.000000 0.000000
    4 0.000010 0.011442 1.352402 -0.000014 -1.370796 3.140810
    5 6.078090 0.000001 -0.000005 -0.531509 1.219836 -0.541120
    6 13.446754 -0.000001 0.000001 0.000000 0.000000 -0.648458
    7 15.997000 0.000001 -0.000001 -1.683447 0.000000 0.000000
    8 1.885325 0.833276 -2.177876 -1.598016 0.698132 -0.000668
    9 1.506960 -0.000006 0.000000 0.000000 0.000000 -0.139626
    10 0.798348 0.000003 0.000000 0.000000 0.000000 -0.113446
    11 3.950302 -0.539875 -2.108871 -0.000806 0.157080 -0.000126
    12 1.545797 -0.000002 -0.000001 0.000000 0.000000 0.471239
    13 1.667398 0.000001 0.000007 0.000000 0.000000 0.436332
    14 3.899452 -0.475378 -1.170893 -0.000796 0.000000 0.000000
    15 1.528218 0.000003 0.000001 0.000000 0.000000 0.331613
    16 1.528216 -0.000001 -0.000003 0.000000 0.000000 0.479966
    17 3.899459 -0.431804 0.168223 -0.000796 0.000000 0.000000
    18 1.506968 0.000002 -0.000001 0.000000 0.000000 0.427606
    19 1.506962 -0.000001 0.000001 0.000000 0.000000 0.340339
    20 3.915634 -0.278020 1.402608 -0.000796 0.000000 0.000000
    21 1.333080 0.000000 -0.000001 0.000000 0.000000 0.637045
    22 1.159204 0.000000 -0.000002 0.000000 0.000000 0.218166
    23 18.209354 8.207681 -0.352298 -1.582244 0.018583 -3.126150
    24 0.000009 0.011450 -1.352403 -0.000014 1.370796 3.140783
    25 6.078084 0.000001 0.000003 1.123797 -0.815449 -1.218224
    26 13.446750 -0.000005 0.000000 0.000000 0.000000 -1.153434
    27 15.997000 -0.000002 0.000000 1.670323 -0.000952 0.257364
    28 1.885324 0.833275 2.177876 1.172048 -0.644525 0.438889
    29 1.506966 -0.000005 0.000000 0.000000 0.000000 -0.436329
    30 0.798348 -0.000001 -0.000001 0.000000 0.000000 -0.507867
    31 3.950306 -0.539875 2.108876 0.012323 0.110212 -0.171410
    32 1.545797 -0.000001 -0.000008 0.000000 0.000000 0.513113
    33 1.667400 -0.000002 0.000008 0.000000 0.000000 0.785377
    34 3.899460 -0.475376 1.170891 -0.037591 0.101270 -0.055752
    35 1.528215 -0.000001 0.000000 0.000000 0.000000 1.575956
    36 1.528217 -0.000001 0.000001 0.000000 0.000000 1.352577
    37 3.899459 -0.431805 -0.168223 0.093293 -0.006316 0.182573
    38 1.506962 0.000000 0.000002 0.000000 0.000000 1.708639
    39 1.506964 0.000001 -0.000001 0.000000 0.000000 1.310683
    40 3.915634 -0.278019 -1.402605 0.217310 -0.078619 0.205835
    41 1.333083 0.000001 0.000003 0.000000 0.000000 1.464281
    42 1.159202 0.000000 -0.000004 0.000000 0.000000 1.370013
    43 3.495615 0.351176 1.563391 1.582244 -0.018583 -3.126153
    44 -2.156468 1.809614 0.001208 0.000000 0.000000 0.000000
    45 -6.613107 1.564316 -0.031845 0.000000 0.000000 0.000000
  time 119
    0 0.928525 1.014336 -19.461068 0.000000 0.000000 -1.570792
    1 0.000000 0.000000 0.000002 -0.000086 -1.570451 -1.570709
    2 4.443615 -0.009642 0.000006 -0.000004 -0.000001 0.000796
    3 12.111412 -0.011446 0.000000 0.000000 0.000000 0.000000
    4 0.000010 0.011442 1.352402 -0.000014 -1.370796 3.140810
    5 6.078090 0.000001 -0.000005 -0.531509 1.219836 -0.541120
    6 13.446754 -0.000001 0.000001 0.000000 0.000000 -0.648458
    7 15.997000 0.000001 -0.000001 -1.683447 0.000000 0.000000
    8 1.885325 0.833276 -2.177876 -1.598016 0.698132 -0.000668
    9 1.506960 -0.000006 0.000000 0.000000 0.000000 -0.139626
    10 0.798348 0.000003 0.000000 0.000000 0.000000 -0.113446
    11 3.950302 -0.539875 -2.108871 -0.000806 0.157080 -0.000126
    12 1.545797 -0.000002 -0.000001 0.000000 0.000000 0.471239
    13 1.667398 0.000001 0.000007 0.000000 0.000000 0.436332
    14 3.899452 -0.475378 -1.170893 -0.000796 0.000000 0.000000
    15 1.528218 0.000003 0.000001 0.000000 0.000000 0.331613
    16 1.528216 -0.000001 -0.000003 0.000000 0.000000 0.479966
    17 3.899459 -0.431804 0.168223 -0.000796 0.000000 0.000000
    18 1.506968 0.000002 -0.000001 0.000000 0.000000 0.427606
    19 1.506962 -0.000001 0.000001 0.000000 0.000000 0.340339
    20 3.915634 -0.278020 1.402608 -0.000796 0.000000 0.000000
    21 1.333080 0.000000 -0.000001 0.000000 0.000000 0.637045
    22 1.159204 0.000000 -0.000002 0.000000 0.000000 0.218166
    23 18.209354 8.207681 -0.352298 -1.582244 0.018583 -3.126150
    24 0.000009 0.011450 -1.352403 -0.000014 1.370796 3.140783
    25 6.078084 0.000001 0.000003 1.123784 -0.815482 -1.218203
    26 13.446750 -0.000005 0.000000 0.000000 0.000000 -1.153530
    27 15.997000 -0.000002 0.000000 1.670371 -0.001022 0.257793
    28 1.885324 0.833275 2.177876 1.172048 -0.644525 0.438889
    29 1.506966 -0.000005 0.000000 0.000000 0.000000 -0.436329
    30 0.798348 -0.000001 -0.000001 0.000000 0.000000 -0.507867
    31 3.950306 -0.539875 2.108876 0.012323 0.110212 -0.171410
    32 1.545797 -0.000001 -0.000008 0.000000 0.000000 0.513113
    33 1.667400 -0.000002 0.000008 0.000000 0.000000 0.785377
    34 3.899460 -0.475376 1.170891 -0.037591 0.101270 -0.055752
    35 1.528215 -0.000001 0.000000 0.000000 0.000000 1.575956
    36 1.528217 -0.000001 0.000001 0.000000 0.000000 1.352577
    37 3.899459 -0.431805 -0.168223 0.093293 -0.006316 0.182573
    38 1.506962 0.000000 0.000002 0.000000 0.000000 1.708639
    39 1.506964 0.000001 -0.000001 0.000000 0.000000 1.310683
    40 3.915634 -0.278019 -1.402605 0.217310 -0.078619 0.205835
    41 1.333083 0.000001 0.000003 0.000000 0.000000 1.464281
    42 1.159202 0.000000 -0.000004 0.000000 0.000000 1.370013
    43 3.495615 0.351176 1.563391 1.582244 -0.018583 -3.126153
    44 -2.156468 1.809614 0.001208 0.000000 0.000000 0.000000
    45 -6.613107 1.564316 -0.031845 0.000000 0.000000 0.000000
  time 120
    0 0.928525 1.014336 -19.461068 0.000000 0.000000 -1.570792
    1 0.000000 0.000000 0.000002 -0.000086 -1.570451 -1.570709
    2 4.443615 -0.009642 0.000006 -0.000004 -0.000001 0.000796
    3 12.111412 -0.011446 0.000000 0.000000 0.000000 0.000000
    4 0.000010 0.011442 1.352402 -0.000014 -1.370796 3.140810
    5 6.078090 0.000001 -0.000005 -0.531509 1.219836 -0.541120
    6 13.446754 -0.000001 0.000001 0.000000 0.000000 -0.648458
    7 15.997000 0.000001 -0.000001 -1.683447 0.000000 0.000000
    8 1.885325 0.833276 -2.177876 -1.598016 0.698132 -0.000668
    9 1.506960 -0.000006 0.000000 0.000000 0.000000 -0.139626
    10 0.798348 0.000003 0.000000 0.000000 0.000000 -0.113446
    11 3.950302 -0.539875 -2.108871 -0.000806 0.157080 -0.000126
    12 1.545797 -0.000002 -0.000001 0.000000 0.000000 0.471239
    13 1.667398 0.000001 0.000007 0.000000 0.000000 0.436332
    14 3.899452 -0.475378 -1.170893 -0.000796 0.000000 0.000000
    15 1.528218 0.000003 0.000001 0.000000 0.000000 0.331613
    16 1.528216 -0.000001 -0.000003 0.000000 0.000000 0.479966
    17 3.899459 -0.431804 0.168223 -0.000796 0.000000 0.000000
    18 1.506968 0.000002 -0.000001 0.000000 0.000000 0.427606
    19 1.506962 -0.000001 0.000001 0.000000 0.000000 0.340339
    20 3.915634 -0.278020 1.402608 -0.000796 0.000000 0.000000
    21 1.333080 0.000000 -0.000001 0.000000 0.000000 0.637045
    22 1.159204 0.000000 -0.000002 0.000000 0.000000 0.218166
    23 18.209354 8.207681 -0.352298 -1.582244 0.018583 -3.126150
    24 0.000009 0.011450 -1.352403 -0.000014 1.370796 3.140783
    25 6.078084 0.000001 0.000003 1.123784 -0.815515 -1.218182
    26 13.446750 -0.000005 0.000000 0.000000 0.000000 -1.153674
    27 15.997000 -0.000002 0.000000 1.670407 -0.001045 0.258222
    28 1.885324 0.833275 2.177876 1.172048 -0.644525 0.438889
    29 1.506966 -0.000005 0.000000 0.000000 0.000000 -0.436329
    30 0.798348 -0.000001 -0.000001 0.000000 0.000000 -0.507867
    31 3.950306 -0.539875 2.108876 0.012323 0.110212 -0.171410
    32 1.545797 -0.000001 -0.000008 0.000000 0.000000 0.513113
    33 1.667400 -0.000002 0.000008 0.000000 0.000000 0.785377
    34 3.899460 -0.475376 1.170891 -0.037591 0.101270 -0.055752
    35 1.528215 -0.000001 0.000000 0.000000 0.000000 1.575956
    36 1.528217 -0.000001 0.000001 0.000000 0.000000 1.352577
    37 3.899459 -0.431805 -0.168223 0.093293 -0.006316 0.182573
    38 1.506962 0.000000 0.000002 0.000000 0.000000 1.708639
    39 1.506964 0.000001 -0.000001 0.000000 0.000000 1.310683
    40 3.915634 -0.278019 -1.402605 0.217310 -0.078619 0.205835
    41 1.333083 0.000001 0.000003 0.000000 0.000000 1.464281
    42 1.159202 0.000000 -0.000004 0.000000 0.000000 1.370013
    43 3.495615 0.351176 1.563391 1.582244 -0.018583 -3.126153
    44 -2.156468 1.809614 0.001208 0.000000 0.000000 0.000000
    45 -6.613107 1.564316 -0.031845 0.000000 0.000000 0.000000
  time 121
    0 0.928525 1.014336 -19.461068 0.000000 0.000000 -1.570792
    1 0.000000 0.000000 0.000002 -0.000086 -1.570451 -1.570709
    2 4.443615 -0.009642 0.000006 -0.000004 -0.000001 0.000796
    3 12.111412 -0.011446 0.000000 0.000000 0.000000 0.000000
    4 0.000010 0.011442 1.352402 -0.000014 -1.370796 3.140810
    5 6.078090 0.000001 -0.000005 -0.531509 1.219836 -0.541120
    6 13.446754 -0.000001 0.000001 0.000000 0.000000 -0.648458
    7 15.997000 0.000001 -0.000001 -1.683447 0.000000 0.000000
    8 1.885325 0.833276 -2.177876 -1.598016 0.698132 -0.000668
    9 1.506960 -0.000006 0.000000 0.000000 0.000000 -0.139626
    10 0.798348 0.000003 0.000000 0.000000 0.000000 -0.113446
    11 3.950302 -0.539875 -2.108871 -0.000806 0.157080 -0.000126
    12 1.545797 -0.000002 -0.000001 0.000000 0.000000 0.471239
    13 1.667398 0.000001 0.000007 0.000000 0.000000 0.436332
    14 3.899452 -0.475378 -1.170893 -0.000796 0.000000 0.000000
    15 1.528218 0.000003 0.000001 0.000000 0.000000 0.331613
    16 1.528216 -0.000001 -0.000003 0.000000 0.000000 0.479966
    17 3.899459 -0.431804 0.168223 -0.000796 0.000000 0.000000
    18 1.506968 0.000002 -0.000001 0.000000 0.000000 0.427606
    19 1.506962 -0.000001 0.000001 0.000000 0.000000 0.340339
    20 3.915634 -0.278020 1.402608 -0.000796 0.000000 0.000000
    21 1.333080 0.000000 -0.000001 0.000000 0.000000 0.637045
    22 1.159204 0.000000 -0.000002 0.000000 0.000000 0.218166
    23 18.209354 8.207681 -0.352298 -1.582244 0.018583 -3.126150
    24 0.000009 0.011450 -1.352403 -0.000014 1.370796 3.140783
    25 6.078084 0.000001 0.000003 1.123770 -0.815515 -1.218140
    26 13.446750 -0.000005 0.000000 0.000000 0.000000 -1.153818
    27 15.997000 -0.000002 0.000000 1.670443 -0.001115 0.258651
    28 1.885324 0.833275 2.177876 1.172048 -0.644537 0.438889
    29 1.506966 -0.000005 0.000000 0.000000 0.000000 -0.436329
    30 0.798348 -0.000001 -0.000001 0.000000 0.000000 -0.507879
    31 3.950306 -0.539875 2.108876 0.012323 0.110212 -0.171410
    32 1.545797 -0.000001 -0.000008 0.000000 0.000000 0.513113
    33 1.667400 -0.000002 0.000008 0.000000 0.000000 0.785377
    34 3.899460 -0.475376 1.170891 -0.037591 0.101270 -0.055752
    35 1.528215 -0.000001 0.000000 0.000000 0.000000 1.575956
    36 1.528217 -0.000001 0.000001 0.000000 0.000000 1.352577
    37 3.899459 -0.431805 -0.168223 0.093293 -0.006316 0.182573
    38 1.506962 0.000000 0.000002 0.000000 0.000000 1.708639
    39 1.506964 0.000001 -0.000001 0.000000 0.000000 1.310683
    40 3.915634 -0.278019 -1.402605 0.217310 -0.078619 0.205835
    41 1.333083 0.000001 0.000003 0.000000 0.000000 1.464281
    42 1.159202 0.000000 -0.000004 0.000000 0.000000 1.370013
    43 3.495615 0.351176 1.563391 1.582244 -0.018583 -3.126153
    44 -2.156468 1.809614 0.001208 0.000000 0.000000 0.000000
    45 -6.613107 1.564316 -0.031845 0.000000 0.000000 0.000000
  time 122
    0 0.928525 1.014336 -19.461068 0.000000 0.000000 -1.570792
    1 0.000000 0.000000 0.000002 -0.000086 -1.570451 -1.570709
    2 4.443615 -0.009642 0.000006 -0.000004 -0.000001 0.000796
    3 12.111412 -0.011446 0.000000 0.000000 0.000000 0.000000
    4 0.000010 0.011442 1.352402 -0.000014 -1.370796 3.140810
    5 6.078090 0.000001 -0.000005 -0.531509 1.219836 -0.541120
    6 13.446754 -0.000001 0.000001 0.000000 0.000000 -0.648458
    7 15.997000 0.000001 -0.000001 -1.683447 0.000000 0.000000
    8 1.885325 0.833276 -2.177876 -1.598016 0.698132 -0.000668
    9 1.506960 -0.000006 0.000000 0.000000 0.000000 -0.139626
    10 0.798348 0.000003 0.000000 0.000000 0.000000 -0.113446
    11 3.950302 -0.539875 -2.108871 -0.000806 0.157080 -0.000126
    12 1.545797 -0.000002 -0.000001 0.000000 0.000000 0.471239
    13 1.667398 0.000001 0.000007 0.000000 0.000000 0.436332
    14 3.899452 -0.475378 -1.170893 -0.000796 0.000000 0.000000
    15 1.528218 0.000003 0.000001 0.000000 0.000000 0.331613
    16 1.528216 -0.000001 -0.000003 0.000000 0.000000 0.479966
    17 3.899459 -0.431804 0.168223 -0.000796 0.000000 0.000000
    18 1.506968 0.000002 -0.000001 0.000000 0.000000 0.427606
    19 1.506962 -0.000001 0.000001 0.000000 0.000000 0.340339
    20 3.915634 -0.278020 1.402608 -0.000796 0.000000 0.000000
    21 1.333080 0.000000 -0.000001 0.000000 0.000000 0.637045
    22 1.159204 0.000000 -0.000002 0.000000 0.000000 0.218166
    23 18.209354 8.207681 -0.352298 -1.582244 0.018583 -3.126150
    24 0.000009 0.011450 -1.352403 -0.000014 1.370796 3.140783
    25 6.078084 0.000001 0.000003 1.123728 -0.815548 -1.218119
    26 13.446750 -0.000005 0.000000 0.000000 0.000000 -1.153963
    27 15.997000 -0.000002 0.000000 1.670467 -0.001138 0.259080
    28 1.885324 0.833275 2.177876 1.172048 -0.644525 0.438889
    29 1.506966 -0.000005 0.000000 0.000000 0.000000 -0.436329
    30 0.798348 -0.000001 -0.000001 0.000000 0.000000 -0.507879
    31 3.950306 -0.539875 2.108876 0.012323 0.110212 -0.171410
    32 1.545797 -0.000001 -0.000008 0.000000 0.000000 0.513113
    33 1.667400 -0.000002 0.000008 0.000000 0.000000 0.785377
    34 3.899460 -0.475376 1.170891 -0.037591 0.101270 -0.055752
    35 1.528215 -0.000001 0.000000 0.000000 0.000000 1.575956
    36 1.528217 -0.000001 0.000001 0.000000 0.000000 1.352577
    37 3.899459 -0.431805 -0.168223 0.093293 -0.006316 0.182573
    38 1.506962 0.000000 0.000002 0.000000 0.000000 1.708639
    39 1.506964 0.000001 -0.000001 0.000000 0.000000 1.310683
    40 3.915634 -0.278019 -1.402605 0.217310 -0.078619 0.205835
    41 1.333083 0.000001 0.000003 0.000000 0.000000 1.464281
    42 1.159202 0.000000 -0.000004 0.000000 0.000000 1.370013
    43 3.495615 0.351176 1.563391 1.582244 -0.018583 -3.126153
    44 -2.156468 1.809614 0.001208 0.000000 0.000000 0.000000
    45 -6.613107 1.564316 -0.031845 0.000000 0.000000 0.000000
  time 123
    0 0.928525 1.014336 -19.461068 0.000000 0.000000 -1.570792
    1 0.000000 0.000000 0.000002 -0.000086 -1.570451 -1.570709
    2 4.443615 -0.009642 0.000006 -0.000004 -0.000001 0.000796
    3 12.111412 -0.011446 0.000000 0.000000 0.000000 0.000000
    4 0.000010 0.011442 1.352402 -0.000014 -1.370796 3.140810
    5 6.078090 0.000001 -0.000005 -0.531509 1.219836 -0.541120
    6 13.446754 -0.000001 0.000001 0.000000 0.000000 -0.648458
    7 15.997000 0.000001 -0.000001 -1.683447 0.000000 0.000000
    8 1.885325 0.833276 -2.177876 -1.598016 0.698132 -0.000668
    9 1.506960 -0.000006 0.000000 0.000000 0.000000 -0.139626
    10 0.798348 0.000003 0.000000 0.000000 0.000000 -0.113446
    11 3.950302 -0.539875 -2.108871 -0.000806 0.157080 -0.000126
    12 1.545797 -0.000002 -0.000001 0.000000 0.000000 0.471239
    13 1.667398 0.000001 0.000007 0.000000 0.000000 0.436332
    14 3.899452 -0.475378 -1.170893 -0.000796 0.000000 0.000000
    15 1.528218 0.000003 0.000001 0.000000 0.000000 0.331613
    16 1.528216 -0.000001 -0.000003 0.000000 0.000000 0.479966
    17 3.899459 -0.431804 0.168223 -0.000796 0.000000 0.000000
    18 1.506968 0.000002 -0.000001 0.000000 0.000000 0.427606
    19 1.506962 -0.000001 0.000001 0.000000 0.000000 0.340339
    20 3.915634 -0.278020 1.402608 -0.000796 0.000000 0.000000
    21 1.333080 0.000000 -0.000001 0.000000 0.000000 0.637045
    22 1.159204 0.000000 -0.000002 0.000000 0.000000 0.218166
    23 18.209354 8.207681 -0.352298 -1.582244 0.018583 -3.126150
    24 0.000009 0.011450 -1.352403 -0.000014 1.370796 3.140783
    25 6.078084 0.000001 0.000003 1.123728 -0.815581 -1.218098
    26 13.446750 -0.000005 0.000000 0.000000 0.000000 -1.154107
    27 15.997000 -0.000002 0.000000 1.670479 -0.001208 0.259508
    28 1.885324 0.833275 2.177876 1.172048 -0.644525 0.438889
    29 1.506966 -0.000005 0.000000 0.000000 0.000000 -0.436329
    30 0.798348 -0.000001 -0.000001 0.000000 0.000000 -0.507867
    31 3.950306 -0.539875 2.108876 0.012323 0.110212 -0.171410
    32 1.545797 -0.000001 -0.000008 0.000000 0.000000 0.513113
    33 1.667400 -0.000002 0.000008 0.000000 0.000000 0.785377
    34 3.899460 -0.475376 1.170891 -0.037591 0.101270 -0.055752
    35 1.528215 -0.000001 0.000000 0.000000 0.000000 1.575956
    36 1.528217 -0.000001 0.000001 0.000000 0.000000 1.352577
    37 3.899459 -0.431805 -0.168223 0.093293 -0.006316 0.182573
    38 1.506962 0.000000 0.000002 0.000000 0.000000 1.708639
    39 1.506964 0.000001 -0.000001 0.000000 0.000000 1.310683
    40 3.915634 -0.278019 -1.402605 0.217310 -0.078619 0.205835
    41 1.333083 0.000001 0.000003 0.000000 0.000000 1.464281
    42 1.159202 0.000000 -0.000004 0.000000 0.000000 1.370013
    43 3.495615 0.351176 1.563391 1.582244 -0.018583 -3.126153
    44 -2.156468 1.809614 0.001208 0.000000 0.000000 0.000000
    45 -6.613107 1.564316 -0.031845 0.000000 0.000000 0.000000
  time 124
    0 0.928525 1.014336 -19.461068 0.000000 0.000000 -1.570792
    1 0.000000 0.000000 0.000002 -0.000086 -1.570451 -1.570709
    2 4.443615 -0.009642 0.000006 -0.000004 -0.000001 0.000796
    3 12.111412 -0.011446 0.000000 0.000000 0.000000 0.000000
    4 0.000010 0.011442 1.352402 -0.000014 -1.370796 3.140810
    5 6.078090 0.000001 -0.000005 -0.531509 1.219836 -0.541120
    6 13.446754 -0.000001 0.000001 0.000000 0.000000 -0.648458
    7 15.997000 0.000001 -0.000001 -1.683447 0.000000 0.000000
    8 1.885325 0.833276 -2.177876 -1.598016 0.698132 -0.000668
    9 1.506960 -0.000006 0.000000 0.000000 0.000000 -0.139626
    10 0.798348 0.000003 0.000000 0.000000 0.000000 -0.113446
    11 3.950302 -0.539875 -2.108871 -0.000806 0.157080 -0.000126
    12 1.545797 -0.000002 -0.000001 0.000000 0.000000 0.471239
    13 1.667398 0.000001 0.000007 0.000000 0.000000 0.436332
    14 3.899452 -0.475378 -1.170893 -0.000796 0.000000 0.000000
    15 1.528218 0.000003 0.000001 0.000000 0.000000 0.331613
    16 1.528216 -0.000001 -0.000003 0.000000 0.000000 0.479966
    17 3.899459 -0.431804 0.168223 -0.000796 0.000000 0.000000
    18 1.506968 0.000002 -0.000001 0.000000 0.000000 0.427606
    19 1.506962 -0.000001 0.000001 0.000000 0.000000 0.340339
    20 3.915634 -0.278020 1.402608 -0.000796 0.000000 0.000000
    21 1.333080 0.000000 -0.000001 0.000000 0.000000 0.637045
    22 1.159204 0.000000 -0.000002 0.000000 0.000000 0.218166
    23 18.209354 8.207681 -0.352298 -1.582244 0.018583 -3.126150
    24 0.000009 0.011450 -1.352403 -0.000014 1.370796 3.140783
    25 6.078084 0.000001 0.000003 1.123715 -0.815614 -1.218077
    26 13.446750 -0.000005 0.000000 0.000000 0.000000 -1.154203
    27 15.997000 -0.000002 0.000000 1.670479 -0.001231 0.259937
    28 1.885324 0.833275 2.177876 1.172048 -0.644537 0.438889
    29 1.506966 -0.000005 0.000000 0.000000 0.000000 -0.436329
    30 0.798348 -0.000001 -0.000001 0.000000 0.000000 -0.507879
    31 3.950306 -0.539875 2.108876 0.012323 0.110212 -0.171410
    32 1.545797 -0.000001 -0.000008 0.000000 0.000000 0.513113
    33 1.667400 -0.000002 0.000008 0.000000 0.000000 0.785377
    34 3.899460 -0.475376 1.170891 -0.037591 0.101270 -0.055752
    35 1.528215 -0.000001 0.000000 0.000000 0.000000 1.575956
    36 1.528217 -0.000001 0.000001 0.000000 0.000000 1.352577
    37 3.899459 -0.431805 -0.168223 0.093293 -0.006316 0.182573
    38 1.506962 0.000000 0.000002 0.000000 0.000000 1.708639
    39 1.506964 0.000001 -0.000001 0.000000 0.000000 1.310683
    40 3.915634 -0.278019 -1.402605 0.217310 -0.078619 0.205835
    41 1.333083 0.000001 0.000003 0.000000 0.000000 1.464281
    42 1.159202 0.000000 -0.000004 0.000000 0.000000 1.370013
    43 3.495615 0.351176 1.563391 1.582244 -0.018583 -3.126153
    44 -2.156468 1.809614 0.001208 0.000000 0.000000 0.000000
    45 -6.613107 1.564316 -0.031845 0.000000 0.000000 0.000000
  time 125
    0 0.928525 1.014336 -19.461068 0.000000 0.000000 -1.570792
    1 0.000000 0.000000 0.000002 -0.000086 -1.570451 -1.570709
    2 4.443615 -0.009642 0.000006 -0.000004 -0.000001 0.000796
    3 12.111412 -0.011446 0.000000 0.000000 0.000000 0.000000
    4 0.000010 0.011442 1.352402 -0.000014 -1.370796 3.140810
    5 6.078090 0.000001 -0.000005 -0.531509 1.219836 -0.541120
    6 13.446754 -0.000001 0.000001 0.000000 0.000000 -0.648458
    7 15.997000 0.000001 -0.000001 -1.683447 0.000000 0.000000
    8 1.885325 0.833276 -2.177876 -1.598016 0.698132 -0.000668
    9 1.506960 -0.000006 0.000000 0.000000 0.000000 -0.139626
    10 0.798348 0.000003 0.000000 0.000000 0.000000 -0.113446
    11 3.950302 -0.539875 -2.108871 -0.000806 0.157080 -0.000126
    12 1.545797 -0.000002 -0.000001 0.000000 0.000000 0.471239
    13 1.667398 0.000001 0.000007 0.000000 0.000000 0.436332
    14 3.899452 -0.475378 -1.170893 -0.000796 0.000000 0.000000
    15 1.528218 0.000003 0.000001 0.000000 0.000000 0.331613
    16 1.528216 -0.000001 -0.000003 0.000000 0.000000 0.479966
    17 3.899459 -0.431804 0.168223 -0.000796 0.000000 0.000000
    18 1.506968 0.000002 -0.000001 0.000000 0.000000 0.427606
    19 1.506962 -0.000001 0.000001 0.000000 0.000000 0.340339
    20 3.915634 -0.278020 1.402608 -0.000796 0.000000 0.000000
    21 1.333080 0.000000 -0.000001 0.000000 0.000000 0.637045
    22 1.159204 0.000000 -0.000002 0.000000 0.000000 0.218166
    23 18.209354 8.207681 -0.352298 -1.582244 0.018583 -3.126150
    24 0.000009 0.011450 -1.352403 -0.000014 1.370796 3.140783
    25 6.078084 0.000001 0.000003 1.123701 -0.815614 -1.218056
    26 13.446750 -0.000005 0.000000 0.000000 0.000000 -1.154299
    27 15.997000 -0.000002 0.000000 1.670467 -0.001254 0.260343
    28 1.885324 0.833275 2.177876 1.172048 -0.644537 0.438889
    29 1.506966 -0.000005 0.000000 0.000000 0.000000 -0.436329
    30 0.798348 -0.000001 -0.000001 0.000000 0.000000 -0.507879
    31 3.950306 -0.539875 2.108876 0.012323 0.110212 -0.171410
    32 1.545797 -0.000001 -0.000008 0.000000 0.000000 0.513113
    33 1.667400 -0.000002 0.000008 0.000000 0.000000 0.785377
    34 3.899460 -0.475376 1.170891 -0.037591 0.101270 -0.055752
    35 1.528215 -0.000001 0.000000 0.000000 0.000000 1.575956
    36 1.528217 -0.000001 0.000001 0.000000 0.000000 1.352577
    37 3.899459 -0.431805 -0.168223 0.093293 -0.006316 0.182573
    38 1.506962 0.000000 0.000002 0.000000 0.000000 1.708600
    39 1.506964 0.000001 -0.000001 0.000000 0.000000 1.310683
    40 3.915634 -0.278019 -1.402605 0.217310 -0.078619 0.205835
    41 1.333083 0.000001 0.000003 0.000000 0.000000 1.464281
    42 1.159202 0.000000 -0.000004 0.000000 0.000000 1.370013
    43 3.495615 0.351176 1.563391 1.582244 -0.018583 -3.126153
    44 -2.156468 1.809614 0.001208 0.000000 0.000000 0.000000
    45 -6.613107 1.564316 -0.031845 0.000000 0.000000 0.000000
  time 126
    0 0.928525 1.014336 -19.461068 0.000000 0.000000 -1.570792
    1 0.000000 0.000000 0.000002 -0.000086 -1.570451 -1.570709
    2 4.443615 -0.009642 0.000006 -0.000004 -0.000001 0.000796
    3 12.111412 -0.011446 0.000000 0.000000 0.000000 0.000000
    4 0.000010 0.011442 1.352402 -0.000014 -1.370796 3.140810
    5 6.078090 0.000001 -0.000005 -0.531509 1.219836 -0.541120
    6 13.446754 -0.000001 0.000001 0.000000 0.000000 -0.648458
    7 15.997000 0.000001 -0.000001 -1.683447 0.000000 0.000000
    8 1.885325 0.833276 -2.177876 -1.598016 0.698132 -0.000668
    9 1.506960 -0.000006 0.000000 0.000000 0.000000 -0.139626
    10 0.798348 0.000003 0.000000 0.000000 0.000000 -0.113446
    11 3.950302 -0.539875 -2.108871 -0.000806 0.157080 -0.000126
    12 1.545797 -0.000002 -0.000001 0.000000 0.000000 0.471239
    13 1.667398 0.000001 0.000007 0.000000 0.000000 0.436332
    14 3.899452 -0.475378 -1.170893 -0.000796 0.000000 0.000000
    15 1.528218 0.000003 0.000001 0.000000 0.000000 0.331613
    16 1.528216 -0.000001 -0.000003 0.000000 0.000000 0.479966
    17 3.899459 -0.431804 0.168223 -0.000796 0.000000 0.000000
    18 1.506968 0.000002 -0.000001 0.000000 0.000000 0.427606
    19 1.506962 -0.000001 0.000001 0.000000 0.000000 0.340339
    20 3.915634 -0.278020 1.402608 -0.000796 0.000000 0.000000
    21 1.333080 0.000000 -0.000001 0.000000 0.000000 0.637045
    22 1.159204 0.000000 -0.000002 0.000000 0.000000 0.218166
    23 18.209354 8.207681 -0.352298 -1.582244 0.018583 -3.126150
    24 0.000009 0.011450 -1.352403 -0.000014 1.370796 3.140783
    25 6.078084 0.000001 0.000003 1.123673 -0.815647 -1.218035
    26 13.446750 -0.000005 0.000000 0.000000 0.000000 -1.154395
    27 15.997000 -0.000002 0.000000 1.670443 -0.001324 0.260748
    28 1.885324 0.833275 2.177876 1.172048 -0.644537 0.438889
    29 1.506966 -0.000005 0.000000 0.000000 0.000000 -0.436329
    30 0.798348 -0.000001 -0.000001 0.000000 0.000000 -0.507867
    31 3.950306 -0.539875 2.108876 0.012323 0.110212 -0.171410
    32 1.545797 -0.000001 -0.000008 0.000000 0.000000 0.513113
    33 1.667400 -0.000002 0.000008 0.000000 0.000000 0.785377
    34 3.899460 -0.475376 1.170891 -0.037591 0.101270 -0.055752
    35 1.528215 -0.000001 0.000000 0.000000 0.000000 1.575956
    36 1.528217 -0.000001 0.000001 0.000000 0.000000 1.352577
    37 3.899459 -0.431805 -0.168223 0.093293 -0.006316 0.182573
    38 1.506962 0.000000 0.000002 0.000000 0.000000 1.708639
    39 1.506964 0.000001 -0.000001 0.000000 0.000000 1.310683
    40 3.915634 -0.278019 -1.402605 0.217310 -0.078619 0.205835
    41 1.333083 0.000001 0.000003 0.000000 0.000000 1.464281
    42 1.159202 0.000000 -0.000004 0.000000 0.000000 1.370013
    43 3.495615 0.351176 1.563391 1.582244 -0.018583 -3.126153
    44 -2.156468 1.809614 0.001208 0.000000 0.000000 0.000000
    45 -6.617014 1.564316 -0.031845 0.000000 0.000000 0.000000
  time 127
    0 0.928525 1.014336 -19.461068 0.000000 0.000000 -1.570792
    1 0.000000 0.000000 0.000002 -0.000086 -1.570451 -1.570709
    2 4.443615 -0.009642 0.000006 -0.000004 -0.000001 0.000796
    3 12.111412 -0.011446 0.000000 0.000000 0.000000 0.000000
    4 0.000010 0.011442 1.352402 -0.000014 -1.370796 3.140810
    5 6.078090 0.000001 -0.000005 -0.531509 1.219836 -0.541120
    6 13.446754 -0.000001 0.000001 0.000000 0.000000 -0.648458
    7 15.997000 0.000001 -0.000001 -1.683447 0.000000 0.000000
    8 1.885325 0.833276 -2.177876 -1.598016 0.698132 -0.000668
    9 1.506960 -0.000006 0.000000 0.000000 0.000000 -0.139626
    10 0.798348 0.000003 0.000000 0.000000 0.000000 -0.113446
    11 3.950302 -0.539875 -2.108871 -0.000806 0.157080 -0.000126
    12 1.545797 -0.000002 -0.000001 0.000000 0.000000 0.471239
    13 1.667398 0.000001 0.000007 0.000000 0.000000 0.436332
    14 3.899452 -0.475378 -1.170893 -0.000796 0.000000 0.000000
    15 1.528218 0.000003 0.000001 0.000000 0.000000 0.331613
    16 1.528216 -0.000001 -0.000003 0.000000 0.000000 0.479966
    17 3.899459 -0.431804 0.168223 -0.000796 0.000000 0.000000
    18 1.506968 0.000002 -0.000001 0.000000 0.000000 0.427606
    19 1.506962 -0.000001 0.000001 0.000000 0.000000 0.340339
    20 3.915634 -0.278020 1.402608 -0.000796 0.000000 0.000000
    21 1.333080 0.000000 -0.000001 0.000000 0.000000 0.637045
    22 1.159204 0.000000 -0.000002 0.000000 0.000000 0.218166
    23 18.209354 8.207681 -0.352298 -1.582244 0.018583 -3.126150
    24 0.000009 0.011450 -1.352403 -0.000014 1.370796 3.140783
    25 6.078084 0.000001 0.000003 1.123659 -0.815679 -1.218014
    26 13.446750 -0.000005 0.000000 0.000000 0.000000 -1.154540
    27 15.997000 -0.000002 0.000000 1.670395 -0.001347 0.261129
    28 1.885324 0.833275 2.177876 1.172048 -0.644525 0.438889
    29 1.506966 -0.000005 0.000000 0.000000 0.000000 -0.436329
    30 0.798348 -0.000001 -0.000001 0.000000 0.000000 -0.507867
    31 3.950306 -0.539875 2.108876 0.012323 0.110212 -0.171410
    32 1.545797 -0.000001 -0.000008 0.000000 0.000000 0.513113
    33 1.667400 -0.000002 0.000008 0.000000 0.000000 0.785377
    34 3.899460 -0.475376 1.170891 -0.037591 0.101270 -0.055752
    35 1.528215 -0.000001 0.000000 0.000000 0.000000 1.575956
    36 1.528217 -0.000001 0.000001 0.000000 0.000000 1.352577
    37 3.899459 -0.431805 -0.168223 0.093293 -0.006316 0.182573
    38 1.506962 0.000000 0.000002 0.000000 0.000000 1.708639
    39 1.506964 0.000001 -0.000001 0.000000 0.000000 1.310683
    40 3.915634 -0.278019 -1.402605 0.217310 -0.078619 0.205835
    41 1.333083 0.000001 0.000003 0.000000 0.000000 1.464281
    42 1.159202 0.000000 -0.000004 0.000000 0.000000 1.370013
    43 3.495615 0.351176 1.563391 1.582244 -0.018583 -3.126153
    44 -2.156468 1.809614 0.001208 0.000000 0.000000 0.000000
    45 -6.613107 1.564316 -0.031845 0.000000 0.000000 0.000000
  time 128
    0 0.928525 1.014336 -19.461068 0.000000 0.000000 -1.570792
    1 0.000000 0.000000 0.000002 -0.000086 -1.570451 -1.570709
    2 4.443615 -0.009642 0.000006 -0.000004 -0.000001 0.000796
    3 12.111412 -0.011446 0.000000 0.000000 0.000000 0.000000
    4 0.000010 0.011442 1.352402 -0.000014 -1.370796 3.140810
    5 6.078090 0.000001 -0.000005 -0.531509 1.219836 -0.541120
    6 13.446754 -0.000001 0.000001 0.000000 0.000000 -0.648458
    7 15.997000 0.000001 -0.000001 -1.683447 0.000000 0.000000
    8 1.885325 0.833276 -2.177876 -1.598016 0.698132 -0.000668
    9 1.506960 -0.000006 0.000000 0.000000 0.000000 -0.139626
    10 0.798348 0.000003 0.000000 0.000000 0.000000 -0.113446
    11 3.950302 -0.539875 -2.108871 -0.000806 0.157080 -0.000126
    12 1.545797 -0.000002 -0.000001 0.000000 0.000000 0.471239
    13 1.667398 0.000001 0.000007 0.000000 0.000000 0.436332
    14 3.899452 -0.475378 -1.170893 -0.000796 0.000000 0.000000
    15 1.528218 0.000003 0.000001 0.000000 0.000000 0.331613
    16 1.528216 -0.000001 -0.000003 0.000000 0.000000 0.479966
    17 3.899459 -0.431804 0.168223 -0.000796 0.000000 0.000000
    18 1.506968 0.000002 -0.000001 0.000000 0.000000 0.427606
    19 1.506962 -0.000001 0.000001 0.000000 0.000000 0.340339
    20 3.915634 -0.278020 1.402608 -0.000796 0.000000 0.000000
    21 1.333080 0.000000 -0.000001 0.000000 0.000000 0.637045
    22 1.159204 0.000000 -0.000002 0.000000 0.000000 0.218166
    23 18.209354 8.207681 -0.352298 -1.582244 0.018583 -3.126150
    24 0.000009 0.011450 -1.352403 -0.000014 1.370796 3.140783
    25 6.078084 0.000001 0.000003 1.123659 -0.815679 -1.217993
    26 13.446750 -0.000005 0.000000 0.000000 0.000000 -1.154684
    27 15.997000 -0.000002 0.000000 1.670347 -0.001370 0.261510
    28 1.885324 0.833275 2.177876 1.172048 -0.644525 0.438889
    29 1.506966 -0.000005 0.000000 0.000000 0.000000 -0.436329
    30 0.798348 -0.000001 -0.000001 0.000000 0.000000 -0.507867
    31 3.950306 -0.539875 2.108876 0.012323 0.110212 -0.171410
    32 1.545797 -0.000001 -0.000008 0.000000 0.000000 0.513113
    33 1.667400 -0.000002 0.000008 0.000000 0.000000 0.785377
    34 3.899460 -0.475376 1.170891 -0.037591 0.101270 -0.055752
    35 1.528215 -0.000001 0.000000 0.000000 0.000000 1.575956
    36 1.528217 -0.000001 0.000001 0.000000 0.000000 1.352577
    37 3.899459 -0.431805 -0.168223 0.093293 -0.006316 0.182573
    38 1.506962 0.000000 0.000002 0.000000 0.000000 1.708639
    39 1.506964 0.000001 -0.000001 0.000000 0.000000 1.310683
    40 3.915634 -0.278019 -1.402605 0.217310 -0.078619 0.205835
    41 1.333083 0.000001 0.000003 0.000000 0.000000 1.464281
    42 1.159202 0.000000 -0.000004 0.000000 0.000000 1.370013
    43 3.495615 0.351176 1.563391 1.582244 -0.018583 -3.126153
    44 -2.156468 1.809614 0.001208 0.000000 0.000000 0.000000
    45 -6.617014 1.564316 -0.031845 0.000000 0.000000 0.000000
  time 129
    0 0.928525 1.014336 -19.461068 0.000000 0.000000 -1.570792
    1 0.000000 0.000000 0.000002 -0.000086 -1.570451 -1.570709
    2 4.443615 -0.009642 0.000006 -0.000004 -0.000001 0.000796
    3 12.111412 -0.011446 0.000000 0.000000 0.000000 0.000000
    4 0.000010 0.011442 1.352402 -0.000014 -1.370796 3.140810
    5 6.078090 0.000001 -0.000005 -0.531509 1.219836 -0.541120
    6 13.446754 -0.000001 0.000001 0.000000 0.000000 -0.648458
    7 15.997000 0.000001 -0.000001 -1.683447 0.000000 0.000000
    8 1.885325 0.833276 -2.177876 -1.598016 0.698132 -0.000668
    9 1.506960 -0.000006 0.000000 0.000000 0.000000 -0.139626
    10 0.798348 0.000003 0.000000 0.000000 0.000000 -0.113446
    11 3.950302 -0.539875 -2.108871 -0.000806 0.157080 -0.000126
    12 1.545797 -0.000002 -0.000001 0.000000 0.000000 0.471239
    13 1.667398 0.000001 0.000007 0.000000 0.000000 0.436332
    14 3.899452 -0.475378 -1.170893 -0.000796 0.000000 0.000000
    15 1.528218 0.000003 0.000001 0.000000 0.000000 0.331613
    16 1.528216 -0.000001 -0.000003 0.000000 0.000000 0.479966
    17 3.899459 -0.431804 0.168223 -0.000796 0.000000 0.000000
    18 1.506968 0.000002 -0.000001 0.000000 0.000000 0.427606
    19 1.506962 -0.000001 0.000001 0.000000 0.000000 0.340339
    20 3.915634 -0.278020 1.402608 -0.000796 0.000000 0.000000
    21 1.333080 0.000000 -0.000001 0.000000 0.000000 0.637045
    22 1.159204 0.000000 -0.000002 0.000000 0.000000 0.218166
    23 18.209354 8.207681 -0.352298 -1.582244 0.018583 -3.126150
    24 0.000009 0.011450 -1.352403 -0.000014 1.370796 3.140783
    25 6.078084 0.000001 0.000003 1.123645 -0.815712 -1.217972
    26 13.446750 -0.000005 0.000000 0.000000 0.000000 -1.154732
    27 15.997000 -0.000002 0.000000 1.670275 -0.001440 0.261868
    28 1.885324 0.833275 2.177876 1.172048 -0.644525 0.438889
    29 1.506966 -0.000005 0.000000 0.000000 0.000000 -0.436329
    30 0.798348 -0.000001 -0.000001 0.000000 0.000000 -0.507867
    31 3.950306 -0.539875 2.108876 0.012323 0.110212 -0.171410
    32 1.545797 -0.000001 -0.000008 0.000000 0.000000 0.513113
    33 1.667400 -0.000002 0.000008 0.000000 0.000000 0.785377
    34 3.899460 -0.475376 1.170891 -0.037591 0.101270 -0.055752
    35 1.528215 -0.000001 0.000000 0.000000 0.000000 1.575956
    36 1.528217 -0.000001 0.000001 0.000000 0.000000 1.352577
    37 3.899459 -0.431805 -0.168223 0.093293 -0.006316 0.182573
    38 1.506962 0.000000 0.000002 0.000000 0.000000 1.708639
    39 1.506964 0.000001 -0.000001 0.000000 0.000000 1.310683
    40 3.915634 -0.278019 -1.402605 0.217310 -0.078619 0.205835
    41 1.333083 0.000001 0.000003 0.000000 0.000000 1.464281
    42 1.159202 0.000000 -0.000004 0.000000 0.000000 1.370013
    43 3.495615 0.351176 1.563391 1.582244 -0.018583 -3.126153
    44 -2.156468 1.809614 0.001208 0.000000 0.000000 0.000000
    45 -6.617014 1.564316 -0.031845 0.000000 0.000000 0.000000
  time 130
    0 0.928525 1.014336 -19.461068 0.000000 0.000000 -1.570792
    1 0.000000 0.000000 0.000002 -0.000086 -1.570451 -1.570709
    2 4.443615 -0.009642 0.000006 -0.000004 -0.000001 0.000796
    3 12.111412 -0.011446 0.000000 0.000000 0.000000 0.000000
    4 0.000010 0.011442 1.352402 -0.000014 -1.370796 3.140810
    5 6.078090 0.000001 -0.000005 -0.531509 1.219836 -0.541120
    6 13.446754 -0.000001 0.000001 0.000000 0.000000 -0.648458
    7 15.997000 0.000001 -0.000001 -1.683447 0.000000 0.000000
    8 1.885325 0.833276 -2.177876 -1.598016 0.698132 -0.000668
    9 1.506960 -0.000006 0.000000 0.000000 0.000000 -0.139626
    10 0.798348 0.000003 0.000000 0.000000 0.000000 -0.113446
    11 3.950302 -0.539875 -2.108871 -0.000806 0.157080 -0.000126
    12 1.545797 -0.000002 -0.000001 0.000000 0.000000 0.471239
    13 1.667398 0.000001 0.000007 0.000000 0.000000 0.436332
    14 3.899452 -0.475378 -1.170893 -0.000796 0.000000 0.000000
    15 1.528218 0.000003 0.000001 0.000000 0.000000 0.331613
    16 1.528216 -0.000001 -0.000003 0.000000 0.000000 0.479966
    17 3.899459 -0.431804 0.168223 -0.000796 0.000000 0.000000
    18 1.506968 0.000002 -0.000001 0.000000 0.000000 0.427606
    19 1.506962 -0.000001 0.000001 0.000000 0.000000 0.340339
    20 3.915634 -0.278020 1.402608 -0.000796 0.000000 0.000000
    21 1.333080 0.000000 -0.000001 0.000000 0.000000 0.637045
    22 1.159204 0.000000 -0.000002 0.000000 0.000000 0.218166
    23 18.209354 8.207681 -0.352298 -1.582244 0.018583 -3.126150
    24 0.000009 0.011450 -1.352403 -0.000014 1.370796 3.140783
    25 6.078084 0.000001 0.000003 1.123632 -0.815745 -1.217951
    26 13.446750 -0.000005 0.000000 0.000000 0.000000 -1.154780
    27 15.997000 -0.000002 0.000000 1.670167 -0.001440 0.262201
    28 1.885324 0.833275 2.177876 1.172048 -0.644537 0.438889
    29 1.506966 -0.000005 0.000000 0.000000 0.000000 -0.436329
    30 0.798348 -0.000001 -0.000001 0.000000 0.000000 -0.507867
    31 3.950306 -0.539875 2.108876 0.012323 0.110212 -0.171410
    32 1.545797 -0.000001 -0.000008 0.000000 0.000000 0.513113
    33 1.667400 -0.000002 0.000008 0.000000 0.000000 0.785377
    34 3.899460 -0.475376 1.170891 -0.037591 0.101270 -0.055752
    35 1.528215 -0.000001 0.000000 0.000000 0.000000 1.575956
    36 1.528217 -0.000001 0.000001 0.000000 0.000000 1.352577
    37 3.899459 -0.431805 -0.168223 0.093293 -0.006316 0.182573
    38 1.506962 0.000000 0.000002 0.000000 0.000000 1.708639
    39 1.506964 0.000001 -0.000001 0.000000 0.000000 1.310683
    40 3.915634 -0.278019 -1.402605 0.217310 -0.078619 0.205835
    41 1.333083 0.000001 0.000003 0.000000 0.000000 1.464281
    42 1.159202 0.000000 -0.000004 0.000000 0.000000 1.370013
    43 3.495615 0.351176 1.563391 1.582244 -0.018583 -3.126153
    44 -2.156468 1.809614 0.001208 0.000000 0.000000 0.000000
    45 -6.613107 1.564316 -0.031845 0.000000 0.000000 0.000000
  time 131
    0 0.928525 1.014336 -19.461068 0.000000 0.000000 -1.570792
    1 0.000000 0.000000 0.000002 -0.000086 -1.570451 -1.570709
    2 4.443615 -0.009642 0.000006 -0.000004 -0.000001 0.000796
    3 12.111412 -0.011446 0.000000 0.000000 0.000000 0.000000
    4 0.000010 0.011442 1.352402 -0.000014 -1.370796 3.140810
    5 6.078090 0.000001 -0.000005 -0.531509 1.219836 -0.541120
    6 13.446754 -0.000001 0.000001 0.000000 0.000000 -0.648458
    7 15.997000 0.000001 -0.000001 -1.683447 0.000000 0.000000
    8 1.885325 0.833276 -2.177876 -1.598016 0.698132 -0.000668
    9 1.506960 -0.000006 0.000000 0.000000 0.000000 -0.139626
    10 0.798348 0.000003 0.000000 0.000000 0.000000 -0.113446
    11 3.950302 -0.539875 -2.108871 -0.000806 0.157080 -0.000126
    12 1.545797 -0.000002 -0.000001 0.000000 0.000000 0.471239
    13 1.667398 0.000001 0.000007 0.000000 0.000000 0.436332
    14 3.899452 -0.475378 -1.170893 -0.000796 0.000000 0.000000
    15 1.528218 0.000003 0.000001 0.000000 0.000000 0.331613
    16 1.528216 -0.000001 -0.000003 0.000000 0.000000 0.479966
    17 3.899459 -0.431804 0.168223 -0.000796 0.000000 0.000000
    18 1.506968 0.000002 -0.000001 0.000000 0.000000 0.427606
    19 1.506962 -0.000001 0.000001 0.000000 0.000000 0.340339
    20 3.915634 -0.278020 1.402608 -0.000796 0.000000 0.000000
    21 1.333080 0.000000 -0.000001 0.000000 0.000000 0.637045
    22 1.159204 0.000000 -0.000002 0.000000 0.000000 0.218166
    23 18.209354 8.207681 -0.352298 -1.582244 0.018583 -3.126150
    24 0.000009 0.011450 -1.352403 -0.000014 1.370796 3.140783
    25 6.078084 0.000001 0.000003 1.123632 -0.815745 -1.217930
    26 13.446750 -0.000005 0.000000 0.000000 0.000000 -1.154876
    27 15.997000 -0.000002 0.000000 1.670059 -0.001510 0.262487
    28 1.885324 0.833275 2.177876 1.172048 -0.644525 0.438889
    29 1.506966 -0.000005 0.000000 0.000000 0.000000 -0.436329
    30 0.798348 -0.000001 -0.000001 0.000000 0.000000 -0.507867
    31 3.950306 -0.539875 2.108876 0.012323 0.110212 -0.171410
    32 1.545797 -0.000001 -0.000008 0.000000 0.000000 0.513113
    33 1.667400 -0.000002 0.000008 0.000000 0.000000 0.785377
    34 3.899460 -0.475376 1.170891 -0.037591 0.101270 -0.055752
    35 1.528215 -0.000001 0.000000 0.000000 0.000000 1.575956
    36 1.528217 -0.000001 0.000001 0.000000 0.000000 1.352577
    37 3.899459 -0.431805 -0.168223 0.093293 -0.006316 0.182573
    38 1.506962 0.000000 0.000002 0.000000 0.000000 1.708639
    39 1.506964 0.000001 -0.000001 0.000000 0.000000 1.310683
    40 3.915634 -0.278019 -1.402605 0.217310 -0.078619 0.205835
    41 1.333083 0.000001 0.000003 0.000000 0.000000 1.464281
    42 1.159202 0.000000 -0.000004 0.000000 0.000000 1.370013
    43 3.495615 0.351176 1.563391 1.582244 -0.018583 -3.126153
    44 -2.156468 1.809614 0.001208 0.000000 0.000000 0.000000
    45 -6.613107 1.564316 -0.031845 0.000000 0.000000 0.000000
  time 132
    0 0.928525 1.014336 -19.461068 0.000000 0.000000 -1.570792
    1 0.000000 0.000000 0.000002 -0.000086 -1.570451 -1.570709
    2 4.443615 -0.009642 0.000006 -0.000004 -0.000001 0.000796
    3 12.111412 -0.011446 0.000000 0.000000 0.000000 0.000000
    4 0.000010 0.011442 1.352402 -0.000014 -1.370796 3.140810
    5 6.078090 0.000001 -0.000005 -0.531509 1.219836 -0.541120
    6 13.446754 -0.000001 0.000001 0.000000 0.000000 -0.648458
    7 15.997000 0.000001 -0.000001 -1.683447 0.000000 0.000000
    8 1.885325 0.833276 -2.177876 -1.598016 0.698132 -0.000668
    9 1.506960 -0.000006 0.000000 0.000000 0.000000 -0.139626
    10 0.798348 0.000003 0.000000 0.000000 0.000000 -0.113446
    11 3.950302 -0.539875 -2.108871 -0.000806 0.157080 -0.000126
    12 1.545797 -0.000002 -0.000001 0.000000 0.000000 0.471239
    13 1.667398 0.000001 0.000007 0.000000 0.000000 0.436332
    14 3.899452 -0.475378 -1.170893 -0.000796 0.000000 0.000000
    15 1.528218 0.000003 0.000001 0.000000 0.000000 0.331613
    16 1.528216 -0.000001 -0.000003 0.000000 0.000000 0.479966
    17 3.899459 -0.431804 0.168223 -0.000796 0.000000 0.000000
    18 1.506968 0.000002 -0.000001 0.000000 0.000000 0.427606
    19 1.506962 -0.000001 0.000001 0.000000 0.000000 0.340339
    20 3.915634 -0.278020 1.402608 -0.000796 0.000000 0.000000
    21 1.333080 0.000000 -0.000001 0.000000 0.000000 0.637045
    22 1.159204 0.000000 -0.000002 0.000000 0.000000 0.218166
    23 18.209354 8.207681 -0.352298 -1.582244 0.018583 -3.126150
    24 0.000009 0.011450 -1.352403 -0.000014 1.370796 3.140783
    25 6.078084 0.000001 0.000003 1.123632 -0.815745 -1.217930
    26 13.446750 -0.000005 0.000000 0.000000 0.000000 -1.154924
    27 15.997000 -0.000002 0.000000 1.669915 -0.001533 0.262773
    28 1.885324 0.833275 2.177876 1.172048 -0.644525 0.438889
    29 1.506966 -0.000005 0.000000 0.000000 0.000000 -0.436329
    30 0.798348 -0.000001 -0.000001 0.000000 0.000000 -0.507867
    31 3.950306 -0.539875 2.108876 0.012323 0.110212 -0.171410
    32 1.545797 -0.000001 -0.000008 0.000000 0.000000 0.513113
    33 1.667400 -0.000002 0.000008 0.000000 0.000000 0.785377
    34 3.899460 -0.475376 1.170891 -0.037591 0.101270 -0.055752
    35 1.528215 -0.000001 0.000000 0.000000 0.000000 1.575956
    36 1.528217 -0.000001 0.000001 0.000000 0.000000 1.352577
    37 3.899459 -0.431805 -0.168223 0.093293 -0.006316 0.182573
    38 1.506962 0.000000 0.000002 0.000000 0.000000 1.708639
    39 1.506964 0.000001 -0.000001 0.000000 0.000000 1.310683
    40 3.915634 -0.278019 -1.402605 0.217310 -0.078619 0.205835
    41 1.333083 0.000001 0.000003 0.000000 0.000000 1.464281
    42 1.159202 0.000000 -0.000004 0.000000 0.000000 1.370013
    43 3.495615 0.351176 1.563391 1.582244 -0.018583 -3.126153
    44 -2.156468 1.809614 0.001208 0.000000 0.000000 0.000000
    45 -6.613107 1.564316 -0.031845 0.000000 0.000000 0.000000
  time 133
    0 0.928525 1.014336 -19.461068 0.000000 0.000000 -1.570792
    1 0.000000 0.000000 0.000002 -0.000086 -1.570451 -1.570709
    2 4.443615 -0.009642 0.000006 -0.000004 -0.000001 0.000796
    3 12.111412 -0.011446 0.000000 0.000000 0.000000 0.000000
    4 0.000010 0.011442 1.352402 -0.000014 -1.370796 3.140810
    5 6.078090 0.000001 -0.000005 -0.531509 1.219836 -0.541120
    6 13.446754 -0.000001 0.000001 0.000000 0.000000 -0.648458
    7 15.997000 0.000001 -0.000001 -1.683447 0.000000 0.000000
    8 1.885325 0.833276 -2.177876 -1.598016 0.698132 -0.000668
    9 1.506960 -0.000006 0.000000 0.000000 0.000000 -0.139626
    10 0.798348 0.000003 0.000000 0.000000 0.000000 -0.113446
    11 3.950302 -0.539875 -2.108871 -0.000806 0.157080 -0.000126
    12 1.545797 -0.000002 -0.000001 0.000000 0.000000 0.471239
    13 1.667398 0.000001 0.000007 0.000000 0.000000 0.436332
    14 3.899452 -0.475378 -1.170893 -0.000796 0.000000 0.000000
    15 1.528218 0.000003 0.000001 0.000000 0.000000 0.331613
    16 1.528216 -0.000001 -0.000003 0.000000 0.000000 0.479966
    17 3.899459 -0.431804 0.168223 -0.000796 0.000000 0.000000
    18 1.506968 0.000002 -0.000001 0.000000 0.000000 0.427606
    19 1.506962 -0.000001 0.000001 0.000000 0.000000 0.340339
    20 3.915634 -0.278020 1.402608 -0.000796 0.000000 0.000000
    21 1.333080 0.000000 -0.000001 0.000000 0.000000 0.637045
    22 1.159204 0.000000 -0.000002 0.000000 0.000000 0.218166
    23 18.209354 8.207681 -0.352298 -1.582244 0.018583 -3.126150
    24 0.000009 0.011450 -1.352403 -0.000014 1.370796 3.140783
    25 6.078084 0.000001 0.000003 1.123618 -0.815778 -1.217909
    26 13.446750 -0.000005 0.000000 0.000000 0.000000 -1.154972
    27 15.997000 -0.000002 0.000000 1.669772 -0.001556 0.263011
    28 1.885324 0.833275 2.177876 1.172048 -0.644537 0.438889
    29 1.506966 -0.000005 0.000000 0.000000 0.000000 -0.436329
    30 0.798348 -0.000001 -0.000001 0.000000 0.000000 -0.507867
    31 3.950306 -0.539875 2.108876 0.012323 0.110212 -0.171410
    32 1.545797 -0.000001 -0.000008 0.000000 0.000000 0.513113
    33 1.667400 -0.000002 0.000008 0.000000 0.000000 0.785377
    34 3.899460 -0.475376 1.170891 -0.037591 0.101270 -0.055752
    35 1.528215 -0.000001 0.000000 0.000000 0.000000 1.575956
    36 1.528217 -0.000001 0.000001 0.000000 0.000000 1.352577
    37 3.899459 -0.431805 -0.168223 0.093293 -0.006316 0.182573
    38 1.506962 0.000000 0.000002 0.000000 0.000000 1.708639
    39 1.506964 0.000001 -0.000001 0.000000 0.000000 1.310683
    40 3.915634 -0.278019 -1.402605 0.217310 -0.078619 0.205835
    41 1.333083 0.000001 0.000003 0.000000 0.000000 1.464281
    42 1.159202 0.000000 -0.000004 0.000000 0.000000 1.370013
    43 3.495615 0.351176 1.563391 1.582244 -0.018583 -3.126153
    44 -2.156468 1.809614 0.001208 0.000000 0.000000 0.000000
    45 -6.613107 1.564316 -0.031845 0.000000 0.000000 0.000000
  time 134
    0 0.928525 1.014336 -19.461068 0.000000 0.000000 -1.570792
    1 0.000000 0.000000 0.000002 -0.000086 -1.570451 -1.570709
    2 4.443615 -0.009642 0.000006 -0.000004 -0.000001 0.000796
    3 12.111412 -0.011446 0.000000 0.000000 0.000000 0.000000
    4 0.000010 0.011442 1.352402 -0.000014 -1.370796 3.140810
    5 6.078090 0.000001 -0.000005 -0.531509 1.219836 -0.541120
    6 13.446754 -0.000001 0.000001 0.000000 0.000000 -0.648458
    7 15.997000 0.000001 -0.000001 -1.683447 0.000000 0.000000
    8 1.885325 0.833276 -2.177876 -1.598016 0.698132 -0.000668
    9 1.506960 -0.000006 0.000000 0.000000 0.000000 -0.139626
    10 0.798348 0.000003 0.000000 0.000000 0.000000 -0.113446
    11 3.950302 -0.539875 -2.108871 -0.000806 0.157080 -0.000126
    12 1.545797 -0.000002 -0.000001 0.000000 0.000000 0.471239
    13 1.667398 0.000001 0.000007 0.000000 0.000000 0.436332
    14 3.899452 -0.475378 -1.170893 -0.000796 0.000000 0.000000
    15 1.528218 0.000003 0.000001 0.000000 0.000000 0.331613
    16 1.528216 -0.000001 -0.000003 0.000000 0.000000 0.479966
    17 3.899459 -0.431804 0.168223 -0.000796 0.000000 0.000000
    18 1.506968 0.000002 -0.000001 0.000000 0.000000 0.427606
    19 1.506962 -0.000001 0.000001 0.000000 0.000000 0.340339
    20 3.915634 -0.278020 1.402608 -0.000796 0.000000 0.000000
    21 1.333080 0.000000 -0.000001 0.000000 0.000000 0.637045
    22 1.159204 0.000000 -0.000002 0.000000 0.000000 0.218166
    23 18.209354 8.207681 -0.352298 -1.582244 0.018583 -3.126150
    24 0.000009 0.011450 -1.352403 -0.000014 1.370796 3.140783
    25 6.078084 0.000001 0.000003 1.123618 -0.815778 -1.217909
    26 13.446750 -0.000005 0.000000 0.000000 0.000000 -1.155068
    27 15.997000 -0.000002 0.000000 1.669604 -0.001556 0.263226
    28 1.885324 0.833275 2.177876 1.172048 -0.644525 0.438889
    29 1.506966 -0.000005 0.000000 0.000000 0.000000 -0.436329
    30 0.798348 -0.000001 -0.000001 0.000000 0.000000 -0.507879
    31 3.950306 -0.539875 2.108876 0.012323 0.110212 -0.171410
    32 1.545797 -0.000001 -0.000008 0.000000 0.000000 0.513113
    33 1.667400 -0.000002 0.000008 0.000000 0.000000 0.785377
    34 3.899460 -0.475376 1.170891 -0.037591 0.101270 -0.055752
    35 1.528215 -0.000001 0.000000 0.000000 0.000000 1.575956
    36 1.528217 -0.000001 0.000001 0.000000 0.000000 1.352577
    37 3.899459 -0.431805 -0.168223 0.093293 -0.006316 0.182573
    38 1.506962 0.000000 0.000002 0.000000 0.000000 1.708639
    39 1.506964 0.000001 -0.000001 0.000000 0.000000 1.310683
    40 3.915634 -0.278019 -1.402605 0.217310 -0.078619 0.205835
    41 1.333083 0.000001 0.000003 0.000000 0.000000 1.464281
    42 1.159202 0.000000 -0.000004 0.000000 0.000000 1.370013
    43 3.495615 0.351176 1.563391 1.582244 -0.018583 -3.126153
    44 -2.156468 1.809614 0.001208 0.000000 0.000000 0.000000
    45 -6.613107 1.564316 -0.031845 0.000000 0.000000 0.000000
  time 135
    0 0.928525 1.014336 -19.461068 0.000000 0.000000 -1.570792
    1 0.000000 0.000000 0.000002 -0.000086 -1.570451 -1.570709
    2 4.443615 -0.009642 0.000006 -0.000004 -0.000001 0.000796
    3 12.111412 -0.011446 0.000000 0.000000 0.000000 0.000000
    4 0.000010 0.011442 1.352402 -0.000014 -1.370796 3.140810
    5 6.078090 0.000001 -0.000005 -0.531509 1.219836 -0.541120
    6 13.446754 -0.000001 0.000001 0.000000 0.000000 -0.648458
    7 15.997000 0.000001 -0.000001 -1.683447 0.000000 0.000000
    8 1.885325 0.833276 -2.177876 -1.598016 0.698132 -0.000668
    9 1.506960 -0.000006 0.000000 0.000000 0.000000 -0.139626
    10 0.798348 0.000003 0.000000 0.000000 0.000000 -0.113446
    11 3.950302 -0.539875 -2.108871 -0.000806 0.157080 -0.000126
    12 1.545797 -0.000002 -0.000001 0.000000 0.000000 0.471239
    13 1.667398 0.000001 0.000007 0.000000 0.000000 0.436332
    14 3.899452 -0.475378 -1.170893 -0.000796 0.000000 0.000000
    15 1.528218 0.000003 0.000001 0.000000 0.000000 0.331613
    16 1.528216 -0.000001 -0.000003 0.000000 0.000000 0.479966
    17 3.899459 -0.431804 0.168223 -0.000796 0.000000 0.000000
    18 1.506968 0.000002 -0.000001 0.000000 0.000000 0.427606
    19 1.506962 -0.000001 0.000001 0.000000 0.000000 0.340339
    20 3.915634 -0.278020 1.402608 -0.000796 0.000000 0.000000
    21 1.333080 0.000000 -0.000001 0.000000 0.000000 0.637045
    22 1.159204 0.000000 -0.000002 0.000000 0.000000 0.218166
    23 18.209354 8.207681 -0.352298 -1.582244 0.018583 -3.126150
    24 0.000009 0.011450 -1.352403 -0.000014 1.370796 3.140783
    25 6.078084 0.000001 0.000003 1.123618 -0.815778 -1.217888
    26 13.446750 -0.000005 0.000000 0.000000 0.000000 -1.155068
    27 15.997000 -0.000002 0.000000 1.669364 -0.001579 0.263417
    28 1.885324 0.833275 2.177876 1.172048 -0.644537 0.438889
    29 1.506966 -0.000005 0.000000 0.000000 0.000000 -0.436329
    30 0.798348 -0.000001 -0.000001 0.000000 0.000000 -0.507879
    31 3.950306 -0.539875 2.108876 0.012323 0.110212 -0.171410
    32 1.545797 -0.000001 -0.000008 0.000000 0.000000 0.513113
    33 1.667400 -0.000002 0.000008 0.000000 0.000000 0.785377
    34 3.899460 -0.475376 1.170891 -0.037591 0.101270 -0.055752
    35 1.528215 -0.000001 0.000000 0.000000 0.000000 1.575956
    36 1.528217 -0.000001 0.000001 0.000000 0.000000 1.352577
    37 3.899459 -0.431805 -0.168223 0.093293 -0.006316 0.182573
    38 1.506962 0.000000 0.000002 0.000000 0.000000 1.708639
    39 1.506964 0.000001 -0.000001 0.000000 0.000000 1.310683
    40 3.915634 -0.278019 -1.402605 0.217310 -0.078619 0.205835
    41 1.333083 0.000001 0.000003 0.000000 0.000000 1.464281
    42 1.159202 0.000000 -0.000004 0.000000 0.000000 1.370013
    43 3.495615 0.351176 1.563391 1.582244 -0.018583 -3.126153
    44 -2.156468 1.809614 0.001208 0.000000 0.000000 0.000000
    45 -6.613107 1.564316 -0.031845 0.000000 0.000000 0.000000
  time 136
    0 0.928525 1.014336 -19.461068 0.000000 0.000000 -1.570792
    1 0.000000 0.000000 0.000002 -0.000086 -1.570451 -1.570709
    2 4.443615 -0.009642 0.000006 -0.000004 -0.000001 0.000796
    3 12.111412 -0.011446 0.000000 0.000000 0.000000 0.000000
    4 0.000010 0.011442 1.352402 -0.000014 -1.370796 3.140810
    5 6.078090 0.000001 -0.000005 -0.531509 1.219836 -0.541120
    6 13.446754 -0.000001 0.000001 0.000000 0.000000 -0.648458
    7 15.997000 0.000001 -0.000001 -1.683447 0.000000 0.000000
    8 1.885325 0.833276 -2.177876 -1.598016 0.698132 -0.000668
    9 1.506960 -0.000006 0.000000 0.000000 0.000000 -0.139626
    10 0.798348 0.000003 0.000000 0.000000 0.000000 -0.113446
    11 3.950302 -0.539875 -2.108871 -0.000806 0.157080 -0.000126
    12 1.545797 -0.000002 -0.000001 0.000000 0.000000 0.471239
    13 1.667398 0.000001 0.000007 0.000000 0.000000 0.436332
    14 3.899452 -0.475378 -1.170893 -0.000796 0.000000 0.000000
    15 1.528218 0.000003 0.000001 0.000000 0.000000 0.331613
    16 1.528216 -0.000001 -0.000003 0.000000 0.000000 0.479966
    17 3.899459 -0.431804 0.168223 -0.000796 0.000000 0.000000
    18 1.506968 0.000002 -0.000001 0.000000 0.000000 0.427606
    19 1.506962 -0.000001 0.000001 0.000000 0.000000 0.340339
    20 3.915634 -0.278020 1.402608 -0.000796 0.000000 0.000000
    21 1.333080 0.000000 -0.000001 0.000000 0.000000 0.637045
    22 1.159204 0.000000 -0.000002 0.000000 0.000000 0.218166
    23 18.209354 8.207681 -0.352298 -1.582244 0.018583 -3.126150
    24 0.000009 0.011450 -1.352403 -0.000014 1.370796 3.140783
    25 6.078084 0.000001 0.000003 1.123618 -0.815778 -1.217888
    26 13.446750 -0.000005 0.000000 0.000000 0.000000 -1.155068
    27 15.997000 -0.000002 0.000000 1.669065 -0.001579 0.263583
    28 1.885324 0.833275 2.177876 1.172048 -0.644537 0.438889
    29 1.506966 -0.000005 0.000000 0.000000 0.000000 -0.436329
    30 0.798348 -0.000001 -0.000001 0.000000 0.000000 -0.507879
    31 3.950306 -0.539875 2.108876 0.012323 0.110212 -0.171410
    32 1.545797 -0.000001 -0.000008 0.000000 0.000000 0.513113
    33 1.667400 -0.000002 0.000008 0.000000 0.000000 0.785377
    34 3.899460 -0.475376 1.170891 -0.037591 0.101270 -0.055752
    35 1.528215 -0.000001 0.000000 0.000000 0.000000 1.575956
    36 1.528217 -0.000001 0.000001 0.000000 0.000000 1.352577
    37 3.899459 -0.431805 -0.168223 0.093293 -0.006316 0.182573
    38 1.506962 0.000000 0.000002 0.000000 0.000000 1.708639
    39 1.506964 0.000001 -0.000001 0.000000 0.000000 1.310683
    40 3.915634 -0.278019 -1.402605 0.217310 -0.078619 0.205835
    41 1.333083 0.000001 0.000003 0.000000 0.000000 1.464281
    42 1.159202 0.000000 -0.000004 0.000000 0.000000 1.370013
    43 3.495615 0.351176 1.563391 1.582244 -0.018583 -3.126153
    44 -2.156468 1.809614 0.001208 0.000000 0.000000 0.000000
    45 -6.613107 1.564316 -0.031845 0.000000 0.000000 0.000000
  time 137
    0 0.928525 1.014336 -19.461068 0.000000 0.000000 -1.570792
    1 0.000000 0.000000 0.000002 -0.000086 -1.570451 -1.570709
    2 4.443615 -0.009642 0.000006 -0.000004 -0.000001 0.000796
    3 12.111412 -0.011446 0.000000 0.000000 0.000000 0.000000
    4 0.000010 0.011442 1.352402 -0.000014 -1.370796 3.140810
    5 6.078090 0.000001 -0.000005 -0.531509 1.219836 -0.541120
    6 13.446754 -0.000001 0.000001 0.000000 0.000000 -0.648458
    7 15.997000 0.000001 -0.000001 -1.683447 0.000000 0.000000
    8 1.885325 0.833276 -2.177876 -1.598016 0.698132 -0.000668
    9 1.506960 -0.000006 0.000000 0.000000 0.000000 -0.139626
    10 0.798348 0.000003 0.000000 0.000000 0.000000 -0.113446
    11 3.950302 -0.539875 -2.108871 -0.000806 0.157080 -0.000126
    12 1.545797 -0.000002 -0.000001 0.000000 0.000000 0.471239
    13 1.667398 0.000001 0.000007 0.000000 0.000000 0.436332
    14 3.899452 -0.475378 -1.170893 -0.000796 0.000000 0.000000
    15 1.528218 0.000003 0.000001 0.000000 0.000000 0.331613
    16 1.528216 -0.000001 -0.000003 0.000000 0.000000 0.479966
    17 3.899459 -0.431804 0.168223 -0.000796 0.000000 0.000000
    18 1.506968 0.000002 -0.000001 0.000000 0.000000 0.427606
    19 1.506962 -0.000001 0.000001 0.000000 0.000000 0.340339
    20 3.915634 -0.278020 1.402608 -0.000796 0.000000 0.000000
    21 1.333080 0.000000 -0.000001 0.000000 0.000000 0.637045
    22 1.159204 0.000000 -0.000002 0.000000 0.000000 0.218166
    23 18.209354 8.207681 -0.352298 -1.582244 0.018583 -3.126150
    24 0.000009 0.011450 -1.352403 -0.000014 1.370796 3.140783
    25 6.078084 0.000001 0.000003 1.123590 -0.815778 -1.217888
    26 13.446750 -0.000005 0.000000 0.000000 0.000000 -1.155068
    27 15.997000 -0.000002 0.000000 1.668693 -0.001626 0.263703
    28 1.885324 0.833275 2.177876 1.172048 -0.644537 0.438889
    29 1.506966 -0.000005 0.000000 0.000000 0.000000 -0.436329
    30 0.798348 -0.000001 -0.000001 0.000000 0.000000 -0.507867
    31 3.950306 -0.539875 2.108876 0.012323 0.110212 -0.171410
    32 1.545797 -0.000001 -0.000008 0.000000 0.000000 0.513113
    33 1.667400 -0.000002 0.000008 0.000000 0.000000 0.785377
    34 3.899460 -0.475376 1.170891 -0.037591 0.101270 -0.055752
    35 1.528215 -0.000001 0.000000 0.000000 0.000000 1.575956
    36 1.528217 -0.000001 0.000001 0.000000 0.000000 1.352577
    37 3.899459 -0.431805 -0.168223 0.093293 -0.006316 0.182573
    38 1.506962 0.000000 0.000002 0.000000 0.000000 1.708639
    39 1.506964 0.000001 -0.000001 0.000000 0.000000 1.310683
    40 3.915634 -0.278019 -1.402605 0.217310 -0.078619 0.205835
    41 1.333083 0.000001 0.000003 0.000000 0.000000 1.464281
    42 1.159202 0.000000 -0.000004 0.000000 0.000000 1.370013
    43 3.495615 0.351176 1.563391 1.582244 -0.018583 -3.126153
    44 -2.156468 1.809614 0.001208 0.000000 0.000000 0.000000
    45 -6.613107 1.564316 -0.031845 0.000000 0.000000 0.000000
  time 138
    0 0.928525 1.014336 -19.461068 0.000000 0.000000 -1.570792
    1 0.000000 0.000000 0.000002 -0.000086 -1.570451 -1.570709
    2 4.443615 -0.009642 0.000006 -0.000004 -0.000001 0.000796
    3 12.111412 -0.011446 0.000000 0.000000 0.000000 0.000000
    4 0.000010 0.011442 1.352402 -0.000014 -1.370796 3.140810
    5 6.078090 0.000001 -0.000005 -0.531509 1.219836 -0.541120
    6 13.446754 -0.000001 0.000001 0.000000 0.000000 -0.648458
    7 15.997000 0.000001 -0.000001 -1.683447 0.000000 0.000000
    8 1.885325 0.833276 -2.177876 -1.598016 0.698132 -0.000668
    9 1.506960 -0.000006 0.000000 0.000000 0.000000 -0.139626
    10 0.798348 0.000003 0.000000 0.000000 0.000000 -0.113446
    11 3.950302 -0.539875 -2.108871 -0.000806 0.157080 -0.000126
    12 1.545797 -0.000002 -0.000001 0.000000 0.000000 0.471239
    13 1.667398 0.000001 0.000007 0.000000 0.000000 0.436332
    14 3.899452 -0.475378 -1.170893 -0.000796 0.000000 0.000000
    15 1.528218 0.000003 0.000001 0.000000 0.000000 0.331613
    16 1.528216 -0.000001 -0.000003 0.000000 0.000000 0.479966
    17 3.899459 -0.431804 0.168223 -0.000796 0.000000 0.000000
    18 1.506968 0.000002 -0.000001 0.000000 0.000000 0.427606
    19 1.506962 -0.000001 0.000001 0.000000 0.000000 0.340339
    20 3.915634 -0.278020 1.402608 -0.000796 0.000000 0.000000
    21 1.333080 0.000000 -0.000001 0.000000 0.000000 0.637045
    22 1.159204 0.000000 -0.000002 0.000000 0.000000 0.218166
    23 18.209354 8.207681 -0.352298 -1.582244 0.018583 -3.126150
    24 0.000009 0.011450 -1.352403 -0.000014 1.370796 3.140783
    25 6.078084 0.000001 0.000003 1.123590 -0.815778 -1.217888
    26 13.446750 -0.000005 0.000000 0.000000 0.000000 -1.155020
    27 15.997000 -0.000002 0.000000 1.668298 -0.001626 0.263846
    28 1.885324 0.833275 2.177876 1.172048 -0.644525 0.438889
    29 1.506966 -0.000005 0.000000 0.000000 0.000000 -0.436329
    30 0.798348 -0.000001 -0.000001 0.000000 0.000000 -0.507867
    31 3.950306 -0.539875 2.108876 0.012323 0.110212 -0.171410
    32 1.545797 -0.000001 -0.000008 0.000000 0.000000 0.513113
    33 1.667400 -0.000002 0.000008 0.000000 0.000000 0.785377
    34 3.899460 -0.475376 1.170891 -0.037591 0.101270 -0.055752
    35 1.528215 -0.000001 0.000000 0.000000 0.000000 1.575956
    36 1.528217 -0.000001 0.000001 0.000000 0.000000 1.352577
    37 3.899459 -0.431805 -0.168223 0.093293 -0.006316 0.182573
    38 1.506962 0.000000 0.000002 0.000000 0.000000 1.708639
    39 1.506964 0.000001 -0.000001 0.000000 0.000000 1.310683
    40 3.915634 -0.278019 -1.402605 0.217310 -0.078619 0.205835
    41 1.333083 0.000001 0.000003 0.000000 0.000000 1.464281
    42 1.159202 0.000000 -0.000004 0.000000 0.000000 1.370013
    43 3.495615 0.351176 1.563391 1.582244 -0.018583 -3.126153
    44 -2.156468 1.809614 0.001208 0.000000 0.000000 0.000000
    45 -6.613107 1.564316 -0.031845 0.000000 0.000000 0.000000
  time 139
    0 0.928525 1.014336 -19.461068 0.000000 0.000000 -1.570792
    1 0.000000 0.000000 0.000002 -0.000086 -1.570451 -1.570709
    2 4.443615 -0.009642 0.000006 -0.000004 -0.000001 0.000796
    3 12.111412 -0.011446 0.000000 0.000000 0.000000 0.000000
    4 0.000010 0.011442 1.352402 -0.000014 -1.370796 3.140810
    5 6.078090 0.000001 -0.000005 -0.531509 1.219836 -0.541120
    6 13.446754 -0.000001 0.000001 0.000000 0.000000 -0.648458
    7 15.997000 0.000001 -0.000001 -1.683447 0.000000 0.000000
    8 1.885325 0.833276 -2.177876 -1.598016 0.698132 -0.000668
    9 1.506960 -0.000006 0.000000 0.000000 0.000000 -0.139626
    10 0.798348 0.000003 0.000000 0.000000 0.000000 -0.113446
    11 3.950302 -0.539875 -2.108871 -0.000806 0.157080 -0.000126
    12 1.545797 -0.000002 -0.000001 0.000000 0.000000 0.471239
    13 1.667398 0.000001 0.000007 0.000000 0.000000 0.436332
    14 3.899452 -0.475378 -1.170893 -0.000796 0.000000 0.000000
    15 1.528218 0.000003 0.000001 0.000000 0.000000 0.331613
    16 1.528216 -0.000001 -0.000003 0.000000 0.000000 0.479966
    17 3.899459 -0.431804 0.168223 -0.000796 0.000000 0.000000
    18 1.506968 0.000002 -0.000001 0.000000 0.000000 0.427606
    19 1.506962 -0.000001 0.000001 0.000000 0.000000 0.340339
    20 3.915634 -0.278020 1.402608 -0.000796 0.000000 0.000000
    21 1.333080 0.000000 -0.000001 0.000000 0.000000 0.637045
    22 1.159204 0.000000 -0.000002 0.000000 0.000000 0.218166
    23 18.209354 8.207681 -0.352298 -1.582244 0.018583 -3.126150
    24 0.000009 0.011450 -1.352403 -0.000014 1.370796 3.140783
    25 6.078084 0.000001 0.000003 1.123618 -0.815778 -1.217888
    26 13.446750 -0.000005 0.000000 0.000000 0.000000 -1.155068
    27 15.997000 -0.000002 0.000000 1.667818 -0.001649 0.263941
    28 1.885324 0.833275 2.177876 1.172048 -0.644525 0.438889
    29 1.506966 -0.000005 0.000000 0.000000 0.000000 -0.436329
    30 0.798348 -0.000001 -0.000001 0.000000 0.000000 -0.507867
    31 3.950306 -0.539875 2.108876 0.012323 0.110212 -0.171410
    32 1.545797 -0.000001 -0.000008 0.000000 0.000000 0.513113
    33 1.667400 -0.000002 0.000008 0.000000 0.000000 0.785377
    34 3.899460 -0.475376 1.170891 -0.037591 0.101270 -0.055752
    35 1.528215 -0.000001 0.000000 0.000000 0.000000 1.575956
    36 1.528217 -0.000001 0.000001 0.000000 0.000000 1.352577
    37 3.899459 -0.431805 -0.168223 0.093293 -0.006316 0.182573
    38 1.506962 0.000000 0.000002 0.000000 0.000000 1.708639
    39 1.506964 0.000001 -0.000001 0.000000 0.000000 1.310683
    40 3.915634 -0.278019 -1.402605 0.217310 -0.078619 0.205835
    41 1.333083 0.000001 0.000003 0.000000 0.000000 1.464281
    42 1.159202 0.000000 -0.000004 0.000000 0.000000 1.370013
    43 3.495615 0.351176 1.563391 1.582244 -0.018583 -3.126153
    44 -2.156468 1.809614 0.001208 0.000000 0.000000 0.000000
    45 -6.613107 1.564316 -0.031845 0.000000 0.000000 0.000000
  time 140
    0 0.928525 1.014336 -19.461068 0.000000 0.000000 -1.570792
    1 0.000000 0.000000 0.000002 -0.000086 -1.570451 -1.570709
    2 4.443615 -0.009642 0.000006 -0.000004 -0.000001 0.000796
    3 12.111412 -0.011446 0.000000 0.000000 0.000000 0.000000
    4 0.000010 0.011442 1.352402 -0.000014 -1.370796 3.140810
    5 6.078090 0.000001 -0.000005 -0.531509 1.219836 -0.541120
    6 13.446754 -0.000001 0.000001 0.000000 0.000000 -0.648458
    7 15.997000 0.000001 -0.000001 -1.683447 0.000000 0.000000
    8 1.885325 0.833276 -2.177876 -1.598016 0.698132 -0.000668
    9 1.506960 -0.000006 0.000000 0.000000 0.000000 -0.139626
    10 0.798348 0.000003 0.000000 0.000000 0.000000 -0.113446
    11 3.950302 -0.539875 -2.108871 -0.000806 0.157080 -0.000126
    12 1.545797 -0.000002 -0.000001 0.000000 0.000000 0.471239
    13 1.667398 0.000001 0.000007 0.000000 0.000000 0.436332
    14 3.899452 -0.475378 -1.170893 -0.000796 0.000000 0.000000
    15 1.528218 0.000003 0.000001 0.000000 0.000000 0.331613
    16 1.528216 -0.000001 -0.000003 0.000000 0.000000 0.479966
    17 3.899459 -0.431804 0.168223 -0.000796 0.000000 0.000000
    18 1.506968 0.000002 -0.000001 0.000000 0.000000 0.427606
    19 1.506962 -0.000001 0.000001 0.000000 0.000000 0.340339
    20 3.915634 -0.278020 1.402608 -0.000796 0.000000 0.000000
    21 1.333080 0.000000 -0.000001 0.000000 0.000000 0.637045
    22 1.159204 0.000000 -0.000002 0.000000 0.000000 0.218166
    23 18.209354 8.207681 -0.352298 -1.582244 0.018583 -3.126150
    24 0.000009 0.011450 -1.352403 -0.000014 1.370796 3.140783
    25 6.078084 0.000001 0.000003 1.123618 -0.815778 -1.217909
    26 13.446750 -0.000005 0.000000 0.000000 0.000000 -1.154972
    27 15.997000 -0.000002 0.000000 1.667315 -0.001649 0.264012
    28 1.885324 0.833275 2.177876 1.172048 -0.644525 0.438889
    29 1.506966 -0.000005 0.000000 0.000000 0.000000 -0.436329
    30 0.798348 -0.000001 -0.000001 0.000000 0.000000 -0.507867
    31 3.950306 -0.539875 2.108876 0.012323 0.110212 -0.171410
    32 1.545797 -0.000001 -0.000008 0.000000 0.000000 0.513113
    33 1.667400 -0.000002 0.000008 0.000000 0.000000 0.785377
    34 3.899460 -0.475376 1.170891 -0.037591 0.101270 -0.055752
    35 1.528215 -0.000001 0.000000 0.000000 0.000000 1.575956
    36 1.528217 -0.000001 0.000001 0.000000 0.000000 1.352604
    37 3.899459 -0.431805 -0.168223 0.093293 -0.006316 0.182573
    38 1.506962 0.000000 0.000002 0.000000 0.000000 1.708639
    39 1.506964 0.000001 -0.000001 0.000000 0.000000 1.310683
    40 3.915634 -0.278019 -1.402605 0.217310 -0.078619 0.205835
    41 1.333083 0.000001 0.000003 0.000000 0.000000 1.464281
    42 1.159202 0.000000 -0.000004 0.000000 0.000000 1.370013
    43 3.495615 0.355083 1.563391 1.582244 -0.018583 -3.126153
    44 -2.156468 1.809614 0.001208 0.000000 0.000000 0.000000
    45 -6.613107 1.564316 -0.031845 0.000000 0.000000 0.000000
  time 141
    0 0.928525 1.014336 -19.461068 0.000000 0.000000 -1.570792
    1 0.000000 0.000000 0.000002 -0.000086 -1.570451 -1.570709
    2 4.443615 -0.009642 0.000006 -0.000004 -0.000001 0.000796
    3 12.111412 -0.011446 0.000000 0.000000 0.000000 0.000000
    4 0.000010 0.011442 1.352402 -0.000014 -1.370796 3.140810
    5 6.078090 0.000001 -0.000005 -0.531509 1.219836 -0.541120
    6 13.446754 -0.000001 0.000001 0.000000 0.000000 -0.648458
    7 15.997000 0.000001 -0.000001 -1.683447 0.000000 0.000000
    8 1.885325 0.833276 -2.177876 -1.598016 0.698132 -0.000668
    9 1.506960 -0.000006 0.000000 0.000000 0.000000 -0.139626
    10 0.798348 0.000003 0.000000 0.000000 0.000000 -0.113446
    11 3.950302 -0.539875 -2.108871 -0.000806 0.157080 -0.000126
    12 1.545797 -0.000002 -0.000001 0.000000 0.000000 0.471239
    13 1.667398 0.000001 0.000007 0.000000 0.000000 0.436332
    14 3.899452 -0.475378 -1.170893 -0.000796 0.000000 0.000000
    15 1.528218 0.000003 0.000001 0.000000 0.000000 0.331613
    16 1.528216 -0.000001 -0.000003 0.000000 0.000000 0.479966
    17 3.899459 -0.431804 0.168223 -0.000796 0.000000 0.000000
    18 1.506968 0.000002 -0.000001 0.000000 0.000000 0.427606
    19 1.506962 -0.000001 0.000001 0.000000 0.000000 0.340339
    20 3.915634 -0.278020 1.402608 -0.000796 0.000000 0.000000
    21 1.333080 0.000000 -0.000001 0.000000 0.000000 0.637045
    22 1.159204 0.000000 -0.000002 0.000000 0.000000 0.218166
    23 18.209354 8.207681 -0.352298 -1.582244 0.018583 -3.126150
    24 0.000009 0.011450 -1.352403 -0.000014 1.370796 3.140783
    25 6.078084 0.000001 0.000003 1.123618 -0.815778 -1.217909
    26 13.446750 -0.000005 0.000000 0.000000 0.000000 -1.154924
    27 15.997000 -0.000002 0.000000 1.666775 -0.001649 0.264084
    28 1.885324 0.833275 2.177876 1.172048 -0.644537 0.438889
    29 1.506966 -0.000005 0.000000 0.000000 0.000000 -0.436329
    30 0.798348 -0.000001 -0.000001 0.000000 0.000000 -0.507867
    31 3.950306 -0.539875 2.108876 0.012323 0.110212 -0.171410
    32 1.545797 -0.000001 -0.000008 0.000000 0.000000 0.513113
    33 1.667400 -0.000002 0.000008 0.000000 0.000000 0.785377
    34 3.899460 -0.475376 1.170891 -0.037591 0.101270 -0.055752
    35 1.528215 -0.000001 0.000000 0.000000 0.000000 1.575956
    36 1.528217 -0.000001 0.000001 0.000000 0.000000 1.352577
    37 3.899459 -0.431805 -0.168223 0.093293 -0.006316 0.182573
    38 1.506962 0.000000 0.000002 0.000000 0.000000 1.708639
    39 1.506964 0.000001 -0.000001 0.000000 0.000000 1.310683
    40 3.915634 -0.278019 -1.402605 0.217310 -0.078619 0.205835
    41 1.333083 0.000001 0.000003 0.000000 0.000000 1.464281
    42 1.159202 0.000000 -0.000004 0.000000 0.000000 1.370013
    43 3.495615 0.351176 1.563391 1.582244 -0.018583 -3.126153
    44 -2.156468 1.809614 0.001208 0.000000 0.000000 0.000000
    45 -6.613107 1.564316 -0.031845 0.000000 0.000000 0.000000
  time 142
    0 0.928525 1.014336 -19.461068 0.000000 0.000000 -1.570792
    1 0.000000 0.000000 0.000002 -0.000086 -1.570451 -1.570709
    2 4.443615 -0.009642 0.000006 -0.000004 -0.000001 0.000796
    3 12.111412 -0.011446 0.000000 0.000000 0.000000 0.000000
    4 0.000010 0.011442 1.352402 -0.000014 -1.370796 3.140810
    5 6.078090 0.000001 -0.000005 -0.531509 1.219836 -0.541120
    6 13.446754 -0.000001 0.000001 0.000000 0.000000 -0.648458
    7 15.997000 0.000001 -0.000001 -1.683447 0.000000 0.000000
    8 1.885325 0.833276 -2.177876 -1.598016 0.698132 -0.000668
    9 1.506960 -0.000006 0.000000 0.000000 0.000000 -0.139626
    10 0.798348 0.000003 0.000000 0.000000 0.000000 -0.113446
    11 3.950302 -0.539875 -2.108871 -0.000806 0.157080 -0.000126
    12 1.545797 -0.000002 -0.000001 0.000000 0.000000 0.471239
    13 1.667398 0.000001 0.000007 0.000000 0.000000 0.436332
    14 3.899452 -0.475378 -1.170893 -0.000796 0.000000 0.000000
    15 1.528218 0.000003 0.000001 0.000000 0.000000 0.331613
    16 1.528216 -0.000001 -0.000003 0.000000 0.000000 0.479966
    17 3.899459 -0.431804 0.168223 -0.000796 0.000000 0.000000
    18 1.506968 0.000002 -0.000001 0.000000 0.000000 0.427606
    19 1.506962 -0.000001 0.000001 0.000000 0.000000 0.340339
    20 3.915634 -0.278020 1.402608 -0.000796 0.000000 0.000000
    21 1.333080 0.000000 -0.000001 0.000000 0.000000 0.637045
    22 1.159204 0.000000 -0.000002 0.000000 0.000000 0.218166
    23 18.209354 8.207681 -0.352298 -1.582244 0.018583 -3.126150
    24 0.000009 0.011450 -1.352403 -0.000014 1.370796 3.140783
    25 6.078084 0.000001 0.000003 1.123618 -0.815778 -1.217930
    26 13.446750 -0.000005 0.000000 0.000000 0.000000 -1.154876
    27 15.997000 -0.000002 0.000000 1.666188 -0.001649 0.264155
    28 1.885324 0.833275 2.177876 1.172048 -0.644525 0.438889
    29 1.506966 -0.000005 0.000000 0.000000 0.000000 -0.436329
    30 0.798348 -0.000001 -0.000001 0.000000 0.000000 -0.507867
    31 3.950306 -0.539875 2.108876 0.012323 0.110212 -0.171410
    32 1.545797 -0.000001 -0.000008 0.000000 0.000000 0.513113
    33 1.667400 -0.000002 0.000008 0.000000 0.000000 0.785377
    34 3.899460 -0.475376 1.170891 -0.037591 0.101270 -0.055752
    35 1.528215 -0.000001 0.000000 0.000000 0.000000 1.575956
    36 1.528217 -0.000001 0.000001 0.000000 0.000000 1.352577
    37 3.899459 -0.431805 -0.168223 0.093293 -0.006316 0.182573
    38 1.506962 0.000000 0.000002 0.000000 0.000000 1.708639
    39 1.506964 0.000001 -0.000001 0.000000 0.000000 1.310683
    40 3.915634 -0.278019 -1.402605 0.217310 -0.078619 0.205835
    41 1.333083 0.000001 0.000003 0.000000 0.000000 1.464281
    42 1.159202 0.000000 -0.000004 0.000000 0.000000 1.370013
    43 3.495615 0.351176 1.563391 1.582244 -0.018583 -3.126153
    44 -2.156468 1.809614 0.001208 0.000000 0.000000 0.000000
    45 -6.617014 1.564316 -0.031845 0.000000 0.000000 0.000000
  time 143
    0 0.928525 1.014336 -19.461068 0.000000 0.000000 -1.570792
    1 0.000000 0.000000 0.000002 -0.000086 -1.570451 -1.570709
    2 4.443615 -0.009642 0.000006 -0.000004 -0.000001 0.000796
    3 12.111412 -0.011446 0.000000 0.000000 0.000000 0.000000
    4 0.000010 0.011442 1.352402 -0.000014 -1.370796 3.140810
    5 6.078090 0.000001 -0.000005 -0.531509 1.219836 -0.541120
    6 13.446754 -0.000001 0.000001 0.000000 0.000000 -0.648458
    7 15.997000 0.000001 -0.000001 -1.683447 0.000000 0.000000
    8 1.885325 0.833276 -2.177876 -1.598016 0.698132 -0.000668
    9 1.506960 -0.000006 0.000000 0.000000 0.000000 -0.139626
    10 0.798348 0.000003 0.000000 0.000000 0.000000 -0.113446
    11 3.950302 -0.539875 -2.108871 -0.000806 0.157080 -0.000126
    12 1.545797 -0.000002 -0.000001 0.000000 0.000000 0.471239
    13 1.667398 0.000001 0.000007 0.000000 0.000000 0.436332
    14 3.899452 -0.475378 -1.170893 -0.000796 0.000000 0.000000
    15 1.528218 0.000003 0.000001 0.000000 0.000000 0.331613
    16 1.528216 -0.000001 -0.000003 0.000000 0.000000 0.479966
    17 3.899459 -0.431804 0.168223 -0.000796 0.000000 0.000000
    18 1.506968 0.000002 -0.000001 0.000000 0.000000 0.427606
    19 1.506962 -0.000001 0.000001 0.000000 0.000000 0.340339
    20 3.915634 -0.278020 1.402608 -0.000796 0.000000 0.000000
    21 1.333080 0.000000 -0.000001 0.000000 0.000000 0.637045
    22 1.159204 0.000000 -0.000002 0.000000 0.000000 0.218166
    23 18.209354 8.207681 -0.352298 -1.582244 0.018583 -3.126150
    24 0.000009 0.011450 -1.352403 -0.000014 1.370796 3.140783
    25 6.078084 0.000001 0.000003 1.123632 -0.815778 -1.217930
    26 13.446750 -0.000005 0.000000 0.000000 0.000000 -1.154780
    27 15.997000 -0.000002 0.000000 1.665613 -0.001649 0.264179
    28 1.885324 0.833275 2.177876 1.172048 -0.644525 0.438889
    29 1.506966 -0.000005 0.000000 0.000000 0.000000 -0.436329
    30 0.798348 -0.000001 -0.000001 0.000000 0.000000 -0.507867
    31 3.950306 -0.539875 2.108876 0.012323 0.110212 -0.171410
    32 1.545797 -0.000001 -0.000008 0.000000 0.000000 0.513113
    33 1.667400 -0.000002 0.000008 0.000000 0.000000 0.785377
    34 3.899460 -0.475376 1.170891 -0.037591 0.101270 -0.055752
    35 1.528215 -0.000001 0.000000 0.000000 0.000000 1.575956
    36 1.528217 -0.000001 0.000001 0.000000 0.000000 1.352604
    37 3.899459 -0.431805 -0.168223 0.093293 -0.006316 0.182573
    38 1.506962 0.000000 0.000002 0.000000 0.000000 1.708639
    39 1.506964 0.000001 -0.000001 0.000000 0.000000 1.310683
    40 3.915634 -0.278019 -1.402605 0.217310 -0.078619 0.205835
    41 1.333083 0.000001 0.000003 0.000000 0.000000 1.464281
    42 1.159202 0.000000 -0.000004 0.000000 0.000000 1.370013
    43 3.495615 0.351176 1.563391 1.582244 -0.018583 -3.126153
    44 -2.156468 1.809614 0.001208 0.000000 0.000000 0.000000
    45 -6.613107 1.564316 -0.031845 0.000000 0.000000 0.000000
  time 144
    0 0.928525 1.014336 -19.461068 0.000000 0.000000 -1.570792
    1 0.000000 0.000000 0.000002 -0.000086 -1.570451 -1.570709
    2 4.443615 -0.009642 0.000006 -0.000004 -0.000001 0.000796
    3 12.111412 -0.011446 0.000000 0.000000 0.000000 0.000000
    4 0.000010 0.011442 1.352402 -0.000014 -1.370796 3.140810
    5 6.078090 0.000001 -0.000005 -0.531509 1.219836 -0.541120
    6 13.446754 -0.000001 0.000001 0.000000 0.000000 -0.648458
    7 15.997000 0.000001 -0.000001 -1.683447 0.000000 0.000000
    8 1.885325 0.833276 -2.177876 -1.598016 0.698132 -0.000668
    9 1.506960 -0.000006 0.000000 0.000000 0.000000 -0.139626
    10 0.798348 0.000003 0.000000 0.000000 0.000000 -0.113446
    11 3.950302 -0.539875 -2.108871 -0.000806 0.157080 -0.000126
    12 1.545797 -0.000002 -0.000001 0.000000 0.000000 0.471239
    13 1.667398 0.000001 0.000007 0.000000 0.000000 0.436332
    14 3.899452 -0.475378 -1.170893 -0.000796 0.000000 0.000000
    15 1.528218 0.000003 0.000001 0.000000 0.000000 0.331613
    16 1.528216 -0.000001 -0.000003 0.000000 0.000000 0.479966
    17 3.899459 -0.431804 0.168223 -0.000796 0.000000 0.000000
    18 1.506968 0.000002 -0.000001 0.000000 0.000000 0.427606
    19 1.506962 -0.000001 0.000001 0.000000 0.000000 0.340339
    20 3.915634 -0.278020 1.402608 -0.000796 0.000000 0.000000
    21 1.333080 0.000000 -0.000001 0.000000 0.000000 0.637045
    22 1.159204 0.000000 -0.000002 0.000000 0.000000 0.218166
    23 18.209354 8.207681 -0.352298 -1.582244 0.018583 -3.126150
    24 0.000009 0.011450 -1.352403 -0.000014 1.370796 3.140783
    25 6.078084 0.000001 0.000003 1.123632 -0.815745 -1.217951
    26 13.446750 -0.000005 0.000000 0.000000 0.000000 -1.154780
    27 15.997000 -0.000002 0.000000 1.665014 -0.001649 0.264227
    28 1.885324 0.833275 2.177876 1.172048 -0.644537 0.438889
    29 1.506966 -0.000005 0.000000 0.000000 0.000000 -0.436329
    30 0.798348 -0.000001 -0.000001 0.000000 0.000000 -0.507867
    31 3.950306 -0.539875 2.108876 0.012323 0.110212 -0.171410
    32 1.545797 -0.000001 -0.000008 0.000000 0.000000 0.513113
    33 1.667400 -0.000002 0.000008 0.000000 0.000000 0.785377
    34 3.899460 -0.475376 1.170891 -0.037591 0.101270 -0.055752
    35 1.528215 -0.000001 0.000000 0.000000 0.000000 1.575956
    36 1.528217 -0.000001 0.000001 0.000000 0.000000 1.352577
    37 3.899459 -0.431805 -0.168223 0.093293 -0.006316 0.182573
    38 1.506962 0.000000 0.000002 0.000000 0.000000 1.708600
    39 1.506964 0.000001 -0.000001 0.000000 0.000000 1.310683
    40 3.915634 -0.278019 -1.402605 0.217310 -0.078619 0.205835
    41 1.333083 0.000001 0.000003 0.000000 0.000000 1.464281
    42 1.159202 0.000000 -0.000004 0.000000 0.000000 1.370013
    43 3.495615 0.351176 1.563391 1.582244 -0.018583 -3.126153
    44 -2.156468 1.809614 0.001208 0.000000 0.000000 0.000000
    45 -6.613107 1.564316 -0.031845 0.000000 0.000000 0.000000
  time 145
    0 0.928525 1.014336 -19.461068 0.000000 0.000000 -1.570792
    1 0.000000 0.000000 0.000002 -0.000086 -1.570451 -1.570709
    2 4.443615 -0.009642 0.000006 -0.000004 -0.000001 0.000796
    3 12.111412 -0.011446 0.000000 0.000000 0.000000 0.000000
    4 0.000010 0.011442 1.352402 -0.000014 -1.370796 3.140810
    5 6.078090 0.000001 -0.000005 -0.531509 1.219836 -0.541120
    6 13.446754 -0.000001 0.000001 0.000000 0.000000 -0.648458
    7 15.997000 0.000001 -0.000001 -1.683447 0.000000 0.000000
    8 1.885325 0.833276 -2.177876 -1.598016 0.698132 -0.000668
    9 1.506960 -0.000006 0.000000 0.000000 0.000000 -0.139626
    10 0.798348 0.000003 0.000000 0.000000 0.000000 -0.113446
    11 3.950302 -0.539875 -2.108871 -0.000806 0.157080 -0.000126
    12 1.545797 -0.000002 -0.000001 0.000000 0.000000 0.471239
    13 1.667398 0.000001 0.000007 0.000000 0.000000 0.436332
    14 3.899452 -0.475378 -1.170893 -0.000796 0.000000 0.000000
    15 1.528218 0.000003 0.000001 0.000000 0.000000 0.331613
    16 1.528216 -0.000001 -0.000003 0.000000 0.000000 0.479966
    17 3.899459 -0.431804 0.168223 -0.000796 0.000000 0.000000
    18 1.506968 0.000002 -0.000001 0.000000 0.000000 0.427606
    19 1.506962 -0.000001 0.000001 0.000000 0.000000 0.340339
    20 3.915634 -0.278020 1.402608 -0.000796 0.000000 0.000000
    21 1.333080 0.000000 -0.000001 0.000000 0.000000 0.637045
    22 1.159204 0.000000 -0.000002 0.000000 0.000000 0.218166
    23 18.209354 8.207681 -0.352298 -1.582244 0.018583 -3.126150
    24 0.000009 0.011450 -1.352403 -0.000014 1.370796 3.140783
    25 6.078084 0.000001 0.000003 1.123632 -0.815745 -1.217951
    26 13.446750 -0.000005 0.000000 0.000000 0.000000 -1.154684
    27 15.997000 -0.000002 0.000000 1.664391 -0.001649 0.264251
    28 1.885324 0.833275 2.177876 1.172048 -0.644525 0.438889
    29 1.506966 -0.000005 0.000000 0.000000 0.000000 -0.436329
    30 0.798348 -0.000001 -0.000001 0.000000 0.000000 -0.507867
    31 3.950306 -0.539875 2.108876 0.012323 0.110212 -0.171410
    32 1.545797 -0.000001 -0.000008 0.000000 0.000000 0.513113
    33 1.667400 -0.000002 0.000008 0.000000 0.000000 0.785377
    34 3.899460 -0.475376 1.170891 -0.037591 0.101270 -0.055752
    35 1.528215 -0.000001 0.000000 0.000000 0.000000 1.575956
    36 1.528217 -0.000001 0.000001 0.000000 0.000000 1.352577
    37 3.899459 -0.431805 -0.168223 0.093293 -0.006316 0.182573
    38 1.506962 0.000000 0.000002 0.000000 0.000000 1.708639
    39 1.506964 0.000001 -0.000001 0.000000 0.000000 1.310683
    40 3.915634 -0.278019 -1.402605 0.217310 -0.078619 0.205835
    41 1.333083 0.000001 0.000003 0.000000 0.000000 1.464281
    42 1.159202 0.000000 -0.000004 0.000000 0.000000 1.370013
    43 3.495615 0.351176 1.563391 1.582244 -0.018583 -3.126153
    44 -2.156468 1.809614 0.001208 0.000000 0.000000 0.000000
    45 -6.613107 1.564316 -0.031845 0.000000 0.000000 0.000000
  time 146
    0 0.928525 1.014336 -19.461068 0.000000 0.000000 -1.570792
    1 0.000000 0.000000 0.000002 -0.000086 -1.570451 -1.570709
    2 4.443615 -0.009642 0.000006 -0.000004 -0.000001 0.000796
    3 12.111412 -0.011446 0.000000 0.000000 0.000000 0.000000
    4 0.000010 0.011442 1.352402 -0.000014 -1.370796 3.140810
    5 6.078090 0.000001 -0.000005 -0.531509 1.219836 -0.541120
    6 13.446754 -0.000001 0.000001 0.000000 0.000000 -0.648458
    7 15.997000 0.000001 -0.000001 -1.683447 0.000000 0.000000
    8 1.885325 0.833276 -2.177876 -1.598016 0.698132 -0.000668
    9 1.506960 -0.000006 0.000000 0.000000 0.000000 -0.139626
    10 0.798348 0.000003 0.000000 0.000000 0.000000 -0.113446
    11 3.950302 -0.539875 -2.108871 -0.000806 0.157080 -0.000126
    12 1.545797 -0.000002 -0.000001 0.000000 0.000000 0.471239
    13 1.667398 0.000001 0.000007 0.000000 0.000000 0.436332
    14 3.899452 -0.475378 -1.170893 -0.000796 0.000000 0.000000
    15 1.528218 0.000003 0.000001 0.000000 0.000000 0.331613
    16 1.528216 -0.000001 -0.000003 0.000000 0.000000 0.479966
    17 3.899459 -0.431804 0.168223 -0.000796 0.000000 0.000000
    18 1.506968 0.000002 -0.000001 0.000000 0.000000 0.427606
    19 1.506962 -0.000001 0.000001 0.000000 0.000000 0.340339
    20 3.915634 -0.278020 1.402608 -0.000796 0.000000 0.000000
    21 1.333080 0.000000 -0.000001 0.000000 0.000000 0.637045
    22 1.159204 0.000000 -0.000002 0.000000 0.000000 0.218166
    23 18.209354 8.207681 -0.352298 -1.582244 0.018583 -3.126150
    24 0.000009 0.011450 -1.352403 -0.000014 1.370796 3.140783
    25 6.078084 0.000001 0.000003 1.123632 -0.815745 -1.217972
    26 13.446750 -0.000005 0.000000 0.000000 0.000000 -1.154588
    27 15.997000 -0.000002 0.000000 1.663779 -0.001649 0.264251
    28 1.885324 0.833275 2.177876 1.172048 -0.644525 0.438889
    29 1.506966 -0.000005 0.000000 0.000000 0.000000 -0.436329
    30 0.798348 -0.000001 -0.000001 0.000000 0.000000 -0.507867
    31 3.950306 -0.539875 2.108876 0.012323 0.110212 -0.171410
    32 1.545797 -0.000001 -0.000008 0.000000 0.000000 0.513113
    33 1.667400 -0.000002 0.000008 0.000000 0.000000 0.785377
    34 3.899460 -0.475376 1.170891 -0.037591 0.101270 -0.055752
    35 1.528215 -0.000001 0.000000 0.000000 0.000000 1.575956
    36 1.528217 -0.000001 0.000001 0.000000 0.000000 1.352577
    37 3.899459 -0.431805 -0.168223 0.093293 -0.006316 0.182573
    38 1.506962 0.000000 0.000002 0.000000 0.000000 1.708639
    39 1.506964 0.000001 -0.000001 0.000000 0.000000 1.310683
    40 3.915634 -0.278019 -1.402605 0.217310 -0.078619 0.205835
    41 1.333083 0.000001 0.000003 0.000000 0.000000 1.464281
    42 1.159202 0.000000 -0.000004 0.000000 0.000000 1.370013
    43 3.495615 0.351176 1.563391 1.582244 -0.018583 -3.126153
    44 -2.156468 1.809614 0.001208 0.000000 0.000000 0.000000
    45 -6.613107 1.564316 -0.031845 0.000000 0.000000 0.000000
  time 147
    0 0.928525 1.014336 -19.461068 0.000000 0.000000 -1.570792
    1 0.000000 0.000000 0.000002 -0.000086 -1.570451 -1.570709
    2 4.443615 -0.009642 0.000006 -0.000004 -0.000001 0.000796
    3 12.111412 -0.011446 0.000000 0.000000 0.000000 0.000000
    4 0.000010 0.011442 1.352402 -0.000014 -1.370796 3.140810
    5 6.078090 0.000001 -0.000005 -0.531509 1.219836 -0.541120
    6 13.446754 -0.000001 0.000001 0.000000 0.000000 -0.648458
    7 15.997000 0.000001 -0.000001 -1.683447 0.000000 0.000000
    8 1.885325 0.833276 -2.177876 -1.598016 0.698132 -0.000668
    9 1.506960 -0.000006 0.000000 0.000000 0.000000 -0.139626
    10 0.798348 0.000003 0.000000 0.000000 0.000000 -0.113446
    11 3.950302 -0.539875 -2.108871 -0.000806 0.157080 -0.000126
    12 1.545797 -0.000002 -0.000001 0.000000 0.000000 0.471239
    13 1.667398 0.000001 0.000007 0.000000 0.000000 0.436332
    14 3.899452 -0.475378 -1.170893 -0.000796 0.000000 0.000000
    15 1.528218 0.000003 0.000001 0.000000 0.000000 0.331613
    16 1.528216 -0.000001 -0.000003 0.000000 0.000000 0.479966
    17 3.899459 -0.431804 0.168223 -0.000796 0.000000 0.000000
    18 1.506968 0.000002 -0.000001 0.000000 0.000000 0.427606
    19 1.506962 -0.000001 0.000001 0.000000 0.000000 0.340339
    20 3.915634 -0.278020 1.402608 -0.000796 0.000000 0.000000
    21 1.333080 0.000000 -0.000001 0.000000 0.000000 0.637045
    22 1.159204 0.000000 -0.000002 0.000000 0.000000 0.218166
    23 18.209354 8.207681 -0.352298 -1.582244 0.018583 -3.126150
    24 0.000009 0.011450 -1.352403 -0.000014 1.370796 3.140783
    25 6.078084 0.000001 0.000003 1.123645 -0.815712 -1.217993
    26 13.446750 -0.000005 0.000000 0.000000 0.000000 -1.154443
    27 15.997000 -0.000002 0.000000 1.663180 -0.001649 0.264251
    28 1.885324 0.833275 2.177876 1.172048 -0.644525 0.438889
    29 1.506966 -0.000005 0.000000 0.000000 0.000000 -0.436329
    30 0.798348 -0.000001 -0.000001 0.000000 0.000000 -0.507879
    31 3.950306 -0.539875 2.108876 0.012323 0.110212 -0.171410
    32 1.545797 -0.000001 -0.000008 0.000000 0.000000 0.513113
    33 1.667400 -0.000002 0.000008 0.000000 0.000000 0.785377
    34 3.899460 -0.475376 1.170891 -0.037591 0.101270 -0.055752
    35 1.528215 -0.000001 0.000000 0.000000 0.000000 1.575956
    36 1.528217 -0.000001 0.000001 0.000000 0.000000 1.352577
    37 3.899459 -0.431805 -0.168223 0.093293 -0.006316 0.182573
    38 1.506962 0.000000 0.000002 0.000000 0.000000 1.708639
    39 1.506964 0.000001 -0.000001 0.000000 0.000000 1.310683
    40 3.915634 -0.278019 -1.402605 0.217310 -0.078619 0.205835
    41 1.333083 0.000001 0.000003 0.000000 0.000000 1.464281
    42 1.159202 0.000000 -0.000004 0.000000 0.000000 1.370013
    43 3.495615 0.351176 1.563391 1.582244 -0.018583 -3.126153
    44 -2.156468 1.809614 0.001208 0.000000 0.000000 0.000000
    45 -6.613107 1.564316 -0.031845 0.000000 0.000000 0.000000
  time 148
    0 0.928525 1.014336 -19.461068 0.000000 0.000000 -1.570792
    1 0.000000 0.000000 0.000002 -0.000086 -1.570451 -1.570709
    2 4.443615 -0.009642 0.000006 -0.000004 -0.000001 0.000796
    3 12.111412 -0.011446 0.000000 0.000000 0.000000 0.000000
    4 0.000010 0.011442 1.352402 -0.000014 -1.370796 3.140810
    5 6.078090 0.000001 -0.000005 -0.531509 1.219836 -0.541120
    6 13.446754 -0.000001 0.000001 0.000000 0.000000 -0.648458
    7 15.997000 0.000001 -0.000001 -1.683447 0.000000 0.000000
    8 1.885325 0.833276 -2.177876 -1.598016 0.698132 -0.000668
    9 1.506960 -0.000006 0.000000 0.000000 0.000000 -0.139626
    10 0.798348 0.000003 0.000000 0.000000 0.000000 -0.113446
    11 3.950302 -0.539875 -2.108871 -0.000806 0.157080 -0.000126
    12 1.545797 -0.000002 -0.000001 0.000000 0.000000 0.471239
    13 1.667398 0.000001 0.000007 0.000000 0.000000 0.436332
    14 3.899452 -0.475378 -1.170893 -0.000796 0.000000 0.000000
    15 1.528218 0.000003 0.000001 0.000000 0.000000 0.331613
    16 1.528216 -0.000001 -0.000003 0.000000 0.000000 0.479966
    17 3.899459 -0.431804 0.168223 -0.000796 0.000000 0.000000
    18 1.506968 0.000002 -0.000001 0.000000 0.000000 0.427606
    19 1.506962 -0.000001 0.000001 0.000000 0.000000 0.340339
    20 3.915634 -0.278020 1.402608 -0.000796 0.000000 0.000000
    21 1.333080 0.000000 -0.000001 0.000000 0.000000 0.637045
    22 1.159204 0.000000 -0.000002 0.000000 0.000000 0.218166
    23 18.209354 8.207681 -0.352298 -1.582244 0.018583 -3.126150
    24 0.000009 0.011450 -1.352403 -0.000014 1.370796 3.140783
    25 6.078084 0.000001 0.000003 1.123659 -0.815712 -1.217993
    26 13.446750 -0.000005 0.000000 0.000000 0.000000 -1.154347
    27 15.997000 -0.000002 0.000000 1.662605 -0.001649 0.264251
    28 1.885324 0.833275 2.177876 1.172048 -0.644525 0.438889
    29 1.506966 -0.000005 0.000000 0.000000 0.000000 -0.436329
    30 0.798348 -0.000001 -0.000001 0.000000 0.000000 -0.507867
    31 3.950306 -0.539875 2.108876 0.012323 0.110212 -0.171410
    32 1.545797 -0.000001 -0.000008 0.000000 0.000000 0.513113
    33 1.667400 -0.000002 0.000008 0.000000 0.000000 0.785377
    34 3.899460 -0.475376 1.170891 -0.037591 0.101270 -0.055752
    35 1.528215 -0.000001 0.000000 0.000000 0.000000 1.575956
    36 1.528217 -0.000001 0.000001 0.000000 0.000000 1.352577
    37 3.899459 -0.431805 -0.168223 0.093293 -0.006316 0.182573
    38 1.506962 0.000000 0.000002 0.000000 0.000000 1.708639
    39 1.506964 0.000001 -0.000001 0.000000 0.000000 1.310683
    40 3.915634 -0.278019 -1.402605 0.217310 -0.078619 0.205835
    41 1.333083 0.000001 0.000003 0.000000 0.000000 1.464281
    42 1.159202 0.000000 -0.000004 0.000000 0.000000 1.370013
    43 3.495615 0.355083 1.563391 1.582244 -0.018583 -3.126153
    44 -2.156468 1.809614 0.001208 0.000000 0.000000 0.000000
    45 -6.613107 1.564316 -0.031845 0.000000 0.000000 0.000000
  time 149
    0 0.928525 1.014336 -19.461068 0.000000 0.000000 -1.570792
    1 0.000000 0.000000 0.000002 -0.000086 -1.570451 -1.570709
    2 4.443615 -0.009642 0.000006 -0.000004 -0.000001 0.000796
    3 12.111412 -0.011446 0.000000 0.000000 0.000000 0.000000
    4 0.000010 0.011442 1.352402 -0.000014 -1.370796 3.140810
    5 6.078090 0.000001 -0.000005 -0.531509 1.219836 -0.541120
    6 13.446754 -0.000001 0.000001 0.000000 0.000000 -0.648458
    7 15.997000 0.000001 -0.000001 -1.683447 0.000000 0.000000
    8 1.885325 0.833276 -2.177876 -1.598016 0.698132 -0.000668
    9 1.506960 -0.000006 0.000000 0.000000 0.000000 -0.139626
    10 0.798348 0.000003 0.000000 0.000000 0.000000 -0.113446
    11 3.950302 -0.539875 -2.108871 -0.000806 0.157080 -0.000126
    12 1.545797 -0.000002 -0.000001 0.000000 0.000000 0.471239
    13 1.667398 0.000001 0.000007 0.000000 0.000000 0.436332
    14 3.899452 -0.475378 -1.170893 -0.000796 0.000000 0.000000
    15 1.528218 0.000003 0.000001 0.000000 0.000000 0.331613
    16 1.528216 -0.000001 -0.000003 0.000000 0.000000 0.479966
    17 3.899459 -0.431804 0.168223 -0.000796 0.000000 0.000000
    18 1.506968 0.000002 -0.000001 0.000000 0.000000 0.427606
    19 1.506962 -0.000001 0.000001 0.000000 0.000000 0.340339
    20 3.915634 -0.278020 1.402608 -0.000796 0.000000 0.000000
    21 1.333080 0.000000 -0.000001 0.000000 0.000000 0.637045
    22 1.159204 0.000000 -0.000002 0.000000 0.000000 0.218166
    23 18.209354 8.207681 -0.352298 -1.582244 0.018583 -3.126150
    24 0.000009 0.011450 -1.352403 -0.000014 1.370796 3.140783
    25 6.078084 0.000001 0.000003 1.123659 -0.815679 -1.218014
    26 13.446750 -0.000005 0.000000 0.000000 0.000000 -1.154251
    27 15.997000 -0.000002 0.000000 1.662042 -0.001649 0.264251
    28 1.885324 0.833275 2.177876 1.172048 -0.644537 0.438889
    29 1.506966 -0.000005 0.000000 0.000000 0.000000 -0.436329
    30 0.798348 -0.000001 -0.000001 0.000000 0.000000 -0.507867
    31 3.950306 -0.539875 2.108876 0.012323 0.110212 -0.171410
    32 1.545797 -0.000001 -0.000008 0.000000 0.000000 0.513113
    33 1.667400 -0.000002 0.000008 0.000000 0.000000 0.785377
    34 3.899460 -0.475376 1.170891 -0.037591 0.101270 -0.055752
    35 1.528215 -0.000001 0.000000 0.000000 0.000000 1.575956
    36 1.528217 -0.000001 0.000001 0.000000 0.000000 1.352604
    37 3.899459 -0.431805 -0.168223 0.093293 -0.006316 0.182573
    38 1.506962 0.000000 0.000002 0.000000 0.000000 1.708639
    39 1.506964 0.000001 -0.000001 0.000000 0.000000 1.310683
    40 3.915634 -0.278019 -1.402605 0.217310 -0.078619 0.205835
    41 1.333083 0.000001 0.000003 0.000000 0.000000 1.464281
    42 1.159202 0.000000 -0.000004 0.000000 0.000000 1.370013
    43 3.495615 0.355083 1.563391 1.582244 -0.018583 -3.126153
    44 -2.156468 1.809614 0.001208 0.000000 0.000000 0.000000
    45 -6.613107 1.564316 -0.031845 0.000000 0.000000 0.000000
  time 150
    0 0.928525 1.014336 -19.461068 0.000000 0.000000 -1.570792
    1 0.000000 0.000000 0.000002 -0.000086 -1.570451 -1.570709
    2 4.443615 -0.009642 0.000006 -0.000004 -0.000001 0.000796
    3 12.111412 -0.011446 0.000000 0.000000 0.000000 0.000000
    4 0.000010 0.011442 1.352402 -0.000014 -1.370796 3.140810
    5 6.078090 0.000001 -0.000005 -0.531509 1.219836 -0.541120
    6 13.446754 -0.000001 0.000001 0.000000 0.000000 -0.648458
    7 15.997000 0.000001 -0.000001 -1.683447 0.000000 0.000000
    8 1.885325 0.833276 -2.177876 -1.598016 0.698132 -0.000668
    9 1.506960 -0.000006 0.000000 0.000000 0.000000 -0.139626
    10 0.798348 0.000003 0.000000 0.000000 0.000000 -0.113446
    11 3.950302 -0.539875 -2.108871 -0.000806 0.157080 -0.000126
    12 1.545797 -0.000002 -0.000001 0.000000 0.000000 0.471239
    13 1.667398 0.000001 0.000007 0.000000 0.000000 0.436332
    14 3.899452 -0.475378 -1.170893 -0.000796 0.000000 0.000000
    15 1.528218 0.000003 0.000001 0.000000 0.000000 0.331613
    16 1.528216 -0.000001 -0.000003 0.000000 0.000000 0.479966
    17 3.899459 -0.431804 0.168223 -0.000796 0.000000 0.000000
    18 1.506968 0.000002 -0.000001 0.000000 0.000000 0.427606
    19 1.506962 -0.000001 0.000001 0.000000 0.000000 0.340339
    20 3.915634 -0.278020 1.402608 -0.000796 0.000000 0.000000
    21 1.333080 0.000000 -0.000001 0.000000 0.000000 0.637045
    22 1.159204 0.000000 -0.000002 0.000000 0.000000 0.218166
    23 18.209354 8.207681 -0.352298 -1.582244 0.018583 -3.126150
    24 0.000009 0.011450 -1.352403 -0.000014 1.370796 3.140783
    25 6.078084 0.000001 0.000003 1.123673 -0.815679 -1.218035
    26 13.446750 -0.000005 0.000000 0.000000 0.000000 -1.154155
    27 15.997000 -0.000002 0.000000 1.661490 -0.001649 0.264227
    28 1.885324 0.833275 2.177876 1.172048 -0.644525 0.438889
    29 1.506966 -0.000005 0.000000 0.000000 0.000000 -0.436329
    30 0.798348 -0.000001 -0.000001 0.000000 0.000000 -0.507867
    31 3.950306 -0.539875 2.108876 0.012323 0.110212 -0.171410
    32 1.545797 -0.000001 -0.000008 0.000000 0.000000 0.513113
    33 1.667400 -0.000002 0.000008 0.000000 0.000000 0.785377
    34 3.899460 -0.475376 1.170891 -0.037591 0.101270 -0.055752
    35 1.528215 -0.000001 0.000000 0.000000 0.000000 1.575956
    36 1.528217 -0.000001 0.000001 0.000000 0.000000 1.352577
    37 3.899459 -0.431805 -0.168223 0.093293 -0.006316 0.182573
    38 1.506962 0.000000 0.000002 0.000000 0.000000 1.708639
    39 1.506964 0.000001 -0.000001 0.000000 0.000000 1.310683
    40 3.915634 -0.278019 -1.402605 0.217310 -0.078619 0.205835
    41 1.333083 0.000001 0.000003 0.000000 0.000000 1.464281
    42 1.159202 0.000000 -0.000004 0.000000 0.000000 1.370013
    43 3.495615 0.351176 1.563391 1.582244 -0.018583 -3.126153
    44 -2.156468 1.809614 0.001208 0.000000 0.000000 0.000000
    45 -6.613107 1.564316 -0.031845 0.000000 0.000000 0.000000
  time 151
    0 0.928525 1.014336 -19.461068 0.000000 0.000000 -1.570792
    1 0.000000 0.000000 0.000002 -0.000086 -1.570451 -1.570709
    2 4.443615 -0.009642 0.000006 -0.000004 -0.000001 0.000796
    3 12.111412 -0.011446 0.000000 0.000000 0.000000 0.000000
    4 0.000010 0.011442 1.352402 -0.000014 -1.370796 3.140810
    5 6.078090 0.000001 -0.000005 -0.531509 1.219836 -0.541120
    6 13.446754 -0.000001 0.000001 0.000000 0.000000 -0.648458
    7 15.997000 0.000001 -0.000001 -1.683447 0.000000 0.000000
    8 1.885325 0.833276 -2.177876 -1.598016 0.698132 -0.000668
    9 1.506960 -0.000006 0.000000 0.000000 0.000000 -0.139626
    10 0.798348 0.000003 0.000000 0.000000 0.000000 -0.113446
    11 3.950302 -0.539875 -2.108871 -0.000806 0.157080 -0.000126
    12 1.545797 -0.000002 -0.000001 0.000000 0.000000 0.471239
    13 1.667398 0.000001 0.000007 0.000000 0.000000 0.436332
    14 3.899452 -0.475378 -1.170893 -0.000796 0.000000 0.000000
    15 1.528218 0.000003 0.000001 0.000000 0.000000 0.331613
    16 1.528216 -0.000001 -0.000003 0.000000 0.000000 0.479966
    17 3.899459 -0.431804 0.168223 -0.000796 0.000000 0.000000
    18 1.506968 0.000002 -0.000001 0.000000 0.000000 0.427606
    19 1.506962 -0.000001 0.000001 0.000000 0.000000 0.340339
    20 3.915634 -0.278020 1.402608 -0.000796 0.000000 0.000000
    21 1.333080 0.000000 -0.000001 0.000000 0.000000 0.637045
    22 1.159204 0.000000 -0.000002 0.000000 0.000000 0.218166
    23 18.209354 8.207681 -0.352298 -1.582244 0.018583 -3.126150
    24 0.000009 0.011450 -1.352403 -0.000014 1.370796 3.140783
    25 6.078084 0.000001 0.000003 1.123701 -0.815647 -1.218056
    26 13.446750 -0.000005 0.000000 0.000000 0.000000 -1.154107
    27 15.997000 -0.000002 0.000000 1.660999 -0.001649 0.264203
    28 1.885324 0.833275 2.177876 1.172048 -0.644525 0.438889
    29 1.506966 -0.000005 0.000000 0.000000 0.000000 -0.436329
    30 0.798348 -0.000001 -0.000001 0.000000 0.000000 -0.507867
    31 3.950306 -0.539875 2.108876 0.012323 0.110212 -0.171410
    32 1.545797 -0.000001 -0.000008 0.000000 0.000000 0.513113
    33 1.667400 -0.000002 0.000008 0.000000 0.000000 0.785377
    34 3.899460 -0.475376 1.170891 -0.037591 0.101270 -0.055752
    35 1.528215 -0.000001 0.000000 0.000000 0.000000 1.575956
    36 1.528217 -0.000001 0.000001 0.000000 0.000000 1.352577
    37 3.899459 -0.431805 -0.168223 0.093293 -0.006316 0.182573
    38 1.506962 0.000000 0.000002 0.000000 0.000000 1.708639
    39 1.506964 0.000001 -0.000001 0.000000 0.000000 1.310683
    40 3.915634 -0.278019 -1.402605 0.217310 -0.078619 0.205835
    41 1.333083 0.000001 0.000003 0.000000 0.000000 1.464281
    42 1.159202 0.000000 -0.000004 0.000000 0.000000 1.370013
    43 3.495615 0.351176 1.563391 1.582244 -0.018583 -3.126153
    44 -2.156468 1.809614 0.001208 0.000000 0.000000 0.000000
    45 -6.613107 1.564316 -0.031845 0.000000 0.000000 0.000000
  time 152
    0 0.928525 1.014336 -19.461068 0.000000 0.000000 -1.570792
    1 0.000000 0.000000 0.000002 -0.000086 -1.570451 -1.570709
    2 4.443615 -0.009642 0.000006 -0.000004 -0.000001 0.000796
    3 12.111412 -0.011446 0.000000 0.000000 0.000000 0.000000
    4 0.000010 0.011442 1.352402 -0.000014 -1.370796 3.140810
    5 6.078090 0.000001 -0.000005 -0.531509 1.219836 -0.541120
    6 13.446754 -0.000001 0.000001 0.000000 0.000000 -0.648458
    7 15.997000 0.000001 -0.000001 -1.683447 0.000000 0.000000
    8 1.885325 0.833276 -2.177876 -1.598016 0.698132 -0.000668
    9 1.506960 -0.000006 0.000000 0.000000 0.000000 -0.139626
    10 0.798348 0.000003 0.000000 0.000000 0.000000 -0.113446
    11 3.950302 -0.539875 -2.108871 -0.000806 0.157080 -0.000126
    12 1.545797 -0.000002 -0.000001 0.000000 0.000000 0.471239
    13 1.667398 0.000001 0.000007 0.000000 0.000000 0.436332
    14 3.899452 -0.475378 -1.170893 -0.000796 0.000000 0.000000
    15 1.528218 0.000003 0.000001 0.000000 0.000000 0.331613
    16 1.528216 -0.000001 -0.000003 0.000000 0.000000 0.479966
    17 3.899459 -0.431804 0.168223 -0.000796 0.000000 0.000000
    18 1.506968 0.000002 -0.000001 0.000000 0.000000 0.427606
    19 1.506962 -0.000001 0.000001 0.000000 0.000000 0.340339
    20 3.915634 -0.278020 1.402608 -0.000796 0.000000 0.000000
    21 1.333080 0.000000 -0.000001 0.000000 0.000000 0.637045
    22 1.159204 0.000000 -0.000002 0.000000 0.000000 0.218166
    23 18.209354 8.207681 -0.352298 -1.582244 0.018583 -3.126150
    24 0.000009 0.011450 -1.352403 -0.000014 1.370796 3.140783
    25 6.078084 0.000001 0.000003 1.123701 -0.815647 -1.218077
    26 13.446750 -0.000005 0.000000 0.000000 0.000000 -1.154011
    27 15.997000 -0.000002 0.000000 1.660543 -0.001649 0.264203
    28 1.885324 0.833275 2.177876 1.172048 -0.644525 0.438889
    29 1.506966 -0.000005 0.000000 0.000000 0.000000 -0.436329
    30 0.798348 -0.000001 -0.000001 0.000000 0.000000 -0.507867
    31 3.950306 -0.539875 2.108876 0.012323 0.110212 -0.171410
    32 1.545797 -0.000001 -0.000008 0.000000 0.000000 0.513113
    33 1.667400 -0.000002 0.000008 0.000000 0.000000 0.785377
    34 3.899460 -0.475376 1.170891 -0.037591 0.101270 -0.055752
    35 1.528215 -0.000001 0.000000 0.000000 0.000000 1.575956
    36 1.528217 -0.000001 0.000001 0.000000 0.000000 1.352577
    37 3.899459 -0.431805 -0.168223 0.093293 -0.006316 0.182573
    38 1.506962 0.000000 0.000002 0.000000 0.000000 1.708639
    39 1.506964 0.000001 -0.000001 0.000000 0.000000 1.310683
    40 3.915634 -0.278019 -1.402605 0.217310 -0.078619 0.205835
    41 1.333083 0.000001 0.000003 0.000000 0.000000 1.464281
    42 1.159202 0.000000 -0.000004 0.000000 0.000000 1.370013
    43 3.495615 0.351176 1.563391 1.582244 -0.018583 -3.126153
    44 -2.156468 1.809614 0.001208 0.000000 0.000000 0.000000
    45 -6.613107 1.564316 -0.031845 0.000000 0.000000 0.000000
  time 153
    0 0.928525 1.014336 -19.461068 0.000000 0.000000 -1.570792
    1 0.000000 0.000000 0.000002 -0.000086 -1.570451 -1.570709
    2 4.443615 -0.009642 0.000006 -0.000004 -0.000001 0.000796
    3 12.111412 -0.011446 0.000000 0.000000 0.000000 0.000000
    4 0.000010 0.011442 1.352402 -0.000014 -1.370796 3.140810
    5 6.078090 0.000001 -0.000005 -0.531509 1.219836 -0.541120
    6 13.446754 -0.000001 0.000001 0.000000 0.000000 -0.648458
    7 15.997000 0.000001 -0.000001 -1.683447 0.000000 0.000000
    8 1.885325 0.833276 -2.177876 -1.598016 0.698132 -0.000668
    9 1.506960 -0.000006 0.000000 0.000000 0.000000 -0.139626
    10 0.798348 0.000003 0.000000 0.000000 0.000000 -0.113446
    11 3.950302 -0.539875 -2.108871 -0.000806 0.157080 -0.000126
    12 1.545797 -0.000002 -0.000001 0.000000 0.000000 0.471239
    13 1.667398 0.000001 0.000007 0.000000 0.000000 0.436332
    14 3.899452 -0.475378 -1.170893 -0.000796 0.000000 0.000000
    15 1.528218 0.000003 0.000001 0.000000 0.000000 0.331613
    16 1.528216 -0.000001 -0.000003 0.000000 0.000000 0.479966
    17 3.899459 -0.431804 0.168223 -0.000796 0.000000 0.000000
    18 1.506968 0.000002 -0.000001 0.000000 0.000000 0.427606
    19 1.506962 -0.000001 0.000001 0.000000 0.000000 0.340339
    20 3.915634 -0.278020 1.402608 -0.000796 0.000000 0.000000
    21 1.333080 0.000000 -0.000001 0.000000 0.000000 0.637045
    22 1.159204 0.000000 -0.000002 0.000000 0.000000 0.218166
    23 18.209354 8.207681 -0.352298 -1.582244 0.018583 -3.126150
    24 0.000009 0.011450 -1.352403 -0.000014 1.370796 3.140783
    25 6.078084 0.000001 0.000003 1.123715 -0.815614 -1.218077
    26 13.446750 -0.000005 0.000000 0.000000 0.000000 -1.153915
    27 15.997000 -0.000002 0.000000 1.660124 -0.001649 0.264179
    28 1.885324 0.833275 2.177876 1.172048 -0.644525 0.438889
    29 1.506966 -0.000005 0.000000 0.000000 0.000000 -0.436329
    30 0.798348 -0.000001 -0.000001 0.000000 0.000000 -0.507867
    31 3.950306 -0.539875 2.108876 0.012323 0.110212 -0.171410
    32 1.545797 -0.000001 -0.000008 0.000000 0.000000 0.513113
    33 1.667400 -0.000002 0.000008 0.000000 0.000000 0.785377
    34 3.899460 -0.475376 1.170891 -0.037591 0.101270 -0.055752
    35 1.528215 -0.000001 0.000000 0.000000 0.000000 1.575956
    36 1.528217 -0.000001 0.000001 0.000000 0.000000 1.352577
    37 3.899459 -0.431805 -0.168223 0.093293 -0.006316 0.182573
    38 1.506962 0.000000 0.000002 0.000000 0.000000 1.708639
    39 1.506964 0.000001 -0.000001 0.000000 0.000000 1.310683
    40 3.915634 -0.278019 -1.402605 0.217310 -0.078619 0.205835
    41 1.333083 0.000001 0.000003 0.000000 0.000000 1.464281
    42 1.159202 0.000000 -0.000004 0.000000 0.000000 1.370013
    43 3.495615 0.351176 1.563391 1.582244 -0.018583 -3.126153
    44 -2.156468 1.809614 0.001208 0.000000 0.000000 0.000000
    45 -6.613107 1.564316 -0.031845 0.000000 0.000000 0.000000
  time 154
    0 0.928525 1.014336 -19.461068 0.000000 0.000000 -1.570792
    1 0.000000 0.000000 0.000002 -0.000086 -1.570451 -1.570709
    2 4.443615 -0.009642 0.000006 -0.000004 -0.000001 0.000796
    3 12.111412 -0.011446 0.000000 0.000000 0.000000 0.000000
    4 0.000010 0.011442 1.352402 -0.000014 -1.370796 3.140810
    5 6.078090 0.000001 -0.000005 -0.531509 1.219836 -0.541120
    6 13.446754 -0.000001 0.000001 0.000000 0.000000 -0.648458
    7 15.997000 0.000001 -0.000001 -1.683447 0.000000 0.000000
    8 1.885325 0.833276 -2.177876 -1.598016 0.698132 -0.000668
    9 1.506960 -0.000006 0.000000 0.000000 0.000000 -0.139626
    10 0.798348 0.000003 0.000000 0.000000 0.000000 -0.113446
    11 3.950302 -0.539875 -2.108871 -0.000806 0.157080 -0.000126
    12 1.545797 -0.000002 -0.000001 0.000000 0.000000 0.471239
    13 1.667398 0.000001 0.000007 0.000000 0.000000 0.436332
    14 3.899452 -0.475378 -1.170893 -0.000796 0.000000 0.000000
    15 1.528218 0.000003 0.000001 0.000000 0.000000 0.331613
    16 1.528216 -0.000001 -0.000003 0.000000 0.000000 0.479966
    17 3.899459 -0.431804 0.168223 -0.000796 0.000000 0.000000
    18 1.506968 0.000002 -0.000001 0.000000 0.000000 0.427606
    19 1.506962 -0.000001 0.000001 0.000000 0.000000 0.340339
    20 3.915634 -0.278020 1.402608 -0.000796 0.000000 0.000000
    21 1.333080 0.000000 -0.000001 0.000000 0.000000 0.637045
    22 1.159204 0.000000 -0.000002 0.000000 0.000000 0.218166
    23 18.209354 8.207681 -0.352298 -1.582244 0.018583 -3.126150
    24 0.000009 0.011450 -1.352403 -0.000014 1.370796 3.140783
    25 6.078084 0.000001 0.000003 1.123728 -0.815614 -1.218098
    26 13.446750 -0.000005 0.000000 0.000000 0.000000 -1.153770
    27 15.997000 -0.000002 0.000000 1.659800 -0.001649 0.264155
    28 1.885324 0.833275 2.177876 1.172048 -0.644525 0.438889
    29 1.506966 -0.000005 0.000000 0.000000 0.000000 -0.436329
    30 0.798348 -0.000001 -0.000001 0.000000 0.000000 -0.507867
    31 3.950306 -0.539875 2.108876 0.012323 0.110212 -0.171410
    32 1.545797 -0.000001 -0.000008 0.000000 0.000000 0.513113
    33 1.667400 -0.000002 0.000008 0.000000 0.000000 0.785377
    34 3.899460 -0.475376 1.170891 -0.037591 0.101270 -0.055752
    35 1.528215 -0.000001 0.000000 0.000000 0.000000 1.575956
    36 1.528217 -0.000001 0.000001 0.000000 0.000000 1.352577
    37 3.899459 -0.431805 -0.168223 0.093293 -0.006316 0.182573
    38 1.506962 0.000000 0.000002 0.000000 0.000000 1.708639
    39 1.506964 0.000001 -0.000001 0.000000 0.000000 1.310683
    40 3.915634 -0.278019 -1.402605 0.217310 -0.078619 0.205835
    41 1.333083 0.000001 0.000003 0.000000 0.000000 1.464281
    42 1.159202 0.000000 -0.000004 0.000000 0.000000 1.370013
    43 3.495615 0.351176 1.563391 1.582244 -0.018583 -3.126153
    44 -2.156468 1.809614 0.001208 0.000000 0.000000 0.000000
    45 -6.613107 1.564316 -0.031845 0.000000 0.000000 0.000000
  time 155
    0 0.928525 1.014336 -19.461068 0.000000 0.000000 -1.570792
    1 0.000000 0.000000 0.000002 -0.000086 -1.570451 -1.570709
    2 4.443615 -0.009642 0.000006 -0.000004 -0.000001 0.000796
    3 12.111412 -0.011446 0.000000 0.000000 0.000000 0.000000
    4 0.000010 0.011442 1.352402 -0.000014 -1.370796 3.140810
    5 6.078090 0.000001 -0.000005 -0.531509 1.219836 -0.541120
    6 13.446754 -0.000001 0.000001 0.000000 0.000000 -0.648458
    7 15.997000 0.000001 -0.000001 -1.683447 0.000000 0.000000
    8 1.885325 0.833276 -2.177876 -1.598016 0.698132 -0.000668
    9 1.506960 -0.000006 0.000000 0.000000 0.000000 -0.139626
    10 0.798348 0.000003 0.000000 0.000000 0.000000 -0.113446
    11 3.950302 -0.539875 -2.108871 -0.000806 0.157080 -0.000126
    12 1.545797 -0.000002 -0.000001 0.000000 0.000000 0.471239
    13 1.667398 0.000001 0.000007 0.000000 0.000000 0.436332
    14 3.899452 -0.475378 -1.170893 -0.000796 0.000000 0.000000
    15 1.528218 0.000003 0.000001 0.000000 0.000000 0.331613
    16 1.528216 -0.000001 -0.000003 0.000000 0.000000 0.479966
    17 3.899459 -0.431804 0.168223 -0.000796 0.000000 0.000000
    18 1.506968 0.000002 -0.000001 0.000000 0.000000 0.427606
    19 1.506962 -0.000001 0.000001 0.000000 0.000000 0.340339
    20 3.915634 -0.278020 1.402608 -0.000796 0.000000 0.000000
    21 1.333080 0.000000 -0.000001 0.000000 0.000000 0.637045
    22 1.159204 0.000000 -0.000002 0.000000 0.000000 0.218166
    23 18.209354 8.207681 -0.352298 -1.582244 0.018583 -3.126150
    24 0.000009 0.011450 -1.352403 -0.000014 1.370796 3.140783
    25 6.078084 0.000001 0.000003 1.123728 -0.815581 -1.218119
    26 13.446750 -0.000005 0.000000 0.000000 0.000000 -1.153674
    27 15.997000 -0.000002 0.000000 1.659513 -0.001649 0.264131
    28 1.885324 0.833275 2.177876 1.172048 -0.644525 0.438889
    29 1.506966 -0.000005 0.000000 0.000000 0.000000 -0.436329
    30 0.798348 -0.000001 -0.000001 0.000000 0.000000 -0.507867
    31 3.950306 -0.539875 2.108876 0.012323 0.110212 -0.171410
    32 1.545797 -0.000001 -0.000008 0.000000 0.000000 0.513113
    33 1.667400 -0.000002 0.000008 0.000000 0.000000 0.785377
    34 3.899460 -0.475376 1.170891 -0.037591 0.101270 -0.055752
    35 1.528215 -0.000001 0.000000 0.000000 0.000000 1.575956
    36 1.528217 -0.000001 0.000001 0.000000 0.000000 1.352604
    37 3.899459 -0.431805 -0.168223 0.093293 -0.006316 0.182573
    38 1.506962 0.000000 0.000002 0.000000 0.000000 1.708639
    39 1.506964 0.000001 -0.000001 0.000000 0.000000 1.310683
    40 3.915634 -0.278019 -1.402605 0.217310 -0.078619 0.205835
    41 1.333083 0.000001 0.000003 0.000000 0.000000 1.464281
    42 1.159202 0.000000 -0.000004 0.000000 0.000000 1.370013
    43 3.495615 0.351176 1.563391 1.582244 -0.018583 -3.126153
    44 -2.156468 1.809614 0.001208 0.000000 0.000000 0.000000
    45 -6.613107 1.564316 -0.031845 0.000000 0.000000 0.000000
  time 156
    0 0.928525 1.014336 -19.461068 0.000000 0.000000 -1.570792
    1 0.000000 0.000000 0.000002 -0.000086 -1.570451 -1.570709
    2 4.443615 -0.009642 0.000006 -0.000004 -0.000001 0.000796
    3 12.111412 -0.011446 0.000000 0.000000 0.000000 0.000000
    4 0.000010 0.011442 1.352402 -0.000014 -1.370796 3.140810
    5 6.078090 0.000001 -0.000005 -0.531509 1.219836 -0.541120
    6 13.446754 -0.000001 0.000001 0.000000 0.000000 -0.648458
    7 15.997000 0.000001 -0.000001 -1.683447 0.000000 0.000000
    8 1.885325 0.833276 -2.177876 -1.598016 0.698132 -0.000668
    9 1.506960 -0.000006 0.000000 0.000000 0.000000 -0.139626
    10 0.798348 0.000003 0.000000 0.000000 0.000000 -0.113446
    11 3.950302 -0.539875 -2.108871 -0.000806 0.157080 -0.000126
    12 1.545797 -0.000002 -0.000001 0.000000 0.000000 0.471239
    13 1.667398 0.000001 0.000007 0.000000 0.000000 0.436332
    14 3.899452 -0.475378 -1.170893 -0.000796 0.000000 0.000000
    15 1.528218 0.000003 0.000001 0.000000 0.000000 0.331613
    16 1.528216 -0.000001 -0.000003 0.000000 0.000000 0.479966
    17 3.899459 -0.431804 0.168223 -0.000796 0.000000 0.000000
    18 1.506968 0.000002 -0.000001 0.000000 0.000000 0.427606
    19 1.506962 -0.000001 0.000001 0.000000 0.000000 0.340339
    20 3.915634 -0.278020 1.402608 -0.000796 0.000000 0.000000
    21 1.333080 0.000000 -0.000001 0.000000 0.000000 0.637045
    22 1.159204 0.000000 -0.000002 0.000000 0.000000 0.218166
    23 18.209354 8.207681 -0.352298 -1.582244 0.018583 -3.126150
    24 0.000009 0.011450 -1.352403 -0.000014 1.370796 3.140783
    25 6.078084 0.000001 0.000003 1.123728 -0.815581 -1.218140
    26 13.446750 -0.000005 0.000000 0.000000 0.000000 -1.153578
    27 15.997000 -0.000002 0.000000 1.659285 -0.001649 0.264131
    28 1.885324 0.833275 2.177876 1.172048 -0.644525 0.438889
    29 1.506966 -0.000005 0.000000 0.000000 0.000000 -0.436329
    30 0.798348 -0.000001 -0.000001 0.000000 0.000000 -0.507867
    31 3.950306 -0.539875 2.108876 0.012323 0.110212 -0.171410
    32 1.545797 -0.000001 -0.000008 0.000000 0.000000 0.513113
    33 1.667400 -0.000002 0.000008 0.000000 0.000000 0.785377
    34 3.899460 -0.475376 1.170891 -0.037591 0.101270 -0.055752
    35 1.528215 -0.000001 0.000000 0.000000 0.000000 1.575956
    36 1.528217 -0.000001 0.000001 0.000000 0.000000 1.352604
    37 3.899459 -0.431805 -0.168223 0.093293 -0.006316 0.182573
    38 1.506962 0.000000 0.000002 0.000000 0.000000 1.708639
    39 1.506964 0.000001 -0.000001 0.000000 0.000000 1.310683
    40 3.915634 -0.278019 -1.402605 0.217310 -0.078619 0.205835
    41 1.333083 0.000001 0.000003 0.000000 0.000000 1.464281
    42 1.159202 0.000000 -0.000004 0.000000 0.000000 1.370013
    43 3.495615 0.351176 1.563391 1.582244 -0.018583 -3.126153
    44 -2.156468 1.809614 0.001208 0.000000 0.000000 0.000000
    45 -6.617014 1.564316 -0.031845 0.000000 0.000000 0.000000
  time 157
    0 0.928525 1.014336 -19.461068 0.000000 0.000000 -1.570792
    1 0.000000 0.000000 0.000002 -0.000086 -1.570451 -1.570709
    2 4.443615 -0.009642 0.000006 -0.000004 -0.000001 0.000796
    3 12.111412 -0.011446 0.000000 0.000000 0.000000 0.000000
    4 0.000010 0.011442 1.352402 -0.000014 -1.370796 3.140810
    5 6.078090 0.000001 -0.000005 -0.531509 1.219836 -0.541120
    6 13.446754 -0.000001 0.000001 0.000000 0.000000 -0.648458
    7 15.997000 0.000001 -0.000001 -1.683447 0.000000 0.000000
    8 1.885325 0.833276 -2.177876 -1.598016 0.698132 -0.000668
    9 1.506960 -0.000006 0.000000 0.000000 0.000000 -0.139626
    10 0.798348 0.000003 0.000000 0.000000 0.000000 -0.113446
    11 3.950302 -0.539875 -2.108871 -0.000806 0.157080 -0.000126
    12 1.545797 -0.000002 -0.000001 0.000000 0.000000 0.471239
    13 1.667398 0.000001 0.000007 0.000000 0.000000 0.436332
    14 3.899452 -0.475378 -1.170893 -0.000796 0.000000 0.000000
    15 1.528218 0.000003 0.000001 0.000000 0.000000 0.331613
    16 1.528216 -0.000001 -0.000003 0.000000 0.000000 0.479966
    17 3.899459 -0.431804 0.168223 -0.000796 0.000000 0.000000
    18 1.506968 0.000002 -0.000001 0.000000 0.000000 0.427606
    19 1.506962 -0.000001 0.000001 0.000000 0.000000 0.340339
    20 3.915634 -0.278020 1.402608 -0.000796 0.000000 0.000000
    21 1.333080 0.000000 -0.000001 0.000000 0.000000 0.637045
    22 1.159204 0.000000 -0.000002 0.000000 0.000000 0.218166
    23 18.209354 8.207681 -0.352298 -1.582244 0.018583 -3.126150
    24 0.000009 0.011450 -1.352403 -0.000014 1.370796 3.140783
    25 6.078084 0.000001 0.000003 1.123742 -0.815548 -1.218161
    26 13.446750 -0.000005 0.000000 0.000000 0.000000 -1.153530
    27 15.997000 -0.000002 0.000000 1.659153 -0.001649 0.264108
    28 1.885324 0.833275 2.177876 1.172048 -0.644537 0.438889
    29 1.506966 -0.000005 0.000000 0.000000 0.000000 -0.436329
    30 0.798348 -0.000001 -0.000001 0.000000 0.000000 -0.507867
    31 3.950306 -0.539875 2.108876 0.012323 0.110212 -0.171410
    32 1.545797 -0.000001 -0.000008 0.000000 0.000000 0.513113
    33 1.667400 -0.000002 0.000008 0.000000 0.000000 0.785377
    34 3.899460 -0.475376 1.170891 -0.037591 0.101270 -0.055752
    35 1.528215 -0.000001 0.000000 0.000000 0.000000 1.575956
    36 1.528217 -0.000001 0.000001 0.000000 0.000000 1.352577
    37 3.899459 -0.431805 -0.168223 0.093293 -0.006316 0.182573
    38 1.506962 0.000000 0.000002 0.000000 0.000000 1.708639
    39 1.506964 0.000001 -0.000001 0.000000 0.000000 1.310683
    40 3.915634 -0.278019 -1.402605 0.217310 -0.078619 0.205835
    41 1.333083 0.000001 0.000003 0.000000 0.000000 1.464281
    42 1.159202 0.000000 -0.000004 0.000000 0.000000 1.370013
    43 3.495615 0.351176 1.563391 1.582244 -0.018583 -3.126153
    44 -2.156468 1.809614 0.001208 0.000000 0.000000 0.000000
    45 -6.613107 1.564316 -0.031845 0.000000 0.000000 0.000000
  time 158
    0 0.928525 1.014336 -19.461068 0.000000 0.000000 -1.570792
    1 0.000000 0.000000 0.000002 -0.000086 -1.570451 -1.570709
    2 4.443615 -0.009642 0.000006 -0.000004 -0.000001 0.000796
    3 12.111412 -0.011446 0.000000 0.000000 0.000000 0.000000
    4 0.000010 0.011442 1.352402 -0.000014 -1.370796 3.140810
    5 6.078090 0.000001 -0.000005 -0.531509 1.219836 -0.541120
    6 13.446754 -0.000001 0.000001 0.000000 0.000000 -0.648458
    7 15.997000 0.000001 -0.000001 -1.683447 0.000000 0.000000
    8 1.885325 0.833276 -2.177876 -1.598016 0.698132 -0.000668
    9 1.506960 -0.000006 0.000000 0.000000 0.000000 -0.139626
    10 0.798348 0.000003 0.000000 0.000000 0.000000 -0.113446
    11 3.950302 -0.539875 -2.108871 -0.000806 0.157080 -0.000126
    12 1.545797 -0.000002 -0.000001 0.000000 0.000000 0.471239
    13 1.667398 0.000001 0.000007 0.000000 0.000000 0.436332
    14 3.899452 -0.475378 -1.170893 -0.000796 0.000000 0.000000
    15 1.528218 0.000003 0.000001 0.000000 0.000000 0.331613
    16 1.528216 -0.000001 -0.000003 0.000000 0.000000 0.479966
    17 3.899459 -0.431804 0.168223 -0.000796 0.000000 0.000000
    18 1.506968 0.000002 -0.000001 0.000000 0.000000 0.427606
    19 1.506962 -0.000001 0.000001 0.000000 0.000000 0.340339
    20 3.915634 -0.278020 1.402608 -0.000796 0.000000 0.000000
    21 1.333080 0.000000 -0.000001 0.000000 0.000000 0.637045
    22 1.159204 0.000000 -0.000002 0.000000 0.000000 0.218166
    23 18.209354 8.207681 -0.352298 -1.582244 0.018583 -3.126150
    24 0.000009 0.011450 -1.352403 -0.000014 1.370796 3.140783
    25 6.078084 0.000001 0.000003 1.123770 -0.815548 -1.218161
    26 13.446750 -0.000005 0.000000 0.000000 0.000000 -1.153482
    27 15.997000 -0.000002 0.000000 1.659117 -0.001649 0.264108
    28 1.885324 0.833275 2.177876 1.172048 -0.644537 0.438889
    29 1.506966 -0.000005 0.000000 0.000000 0.000000 -0.436329
    30 0.798348 -0.000001 -0.000001 0.000000 0.000000 -0.507867
    31 3.950306 -0.539875 2.108876 0.012323 0.110212 -0.171410
    32 1.545797 -0.000001 -0.000008 0.000000 0.000000 0.513113
    33 1.667400 -0.000002 0.000008 0.000000 0.000000 0.785377
    34 3.899460 -0.475376 1.170891 -0.037591 0.101270 -0.055752
    35 1.528215 -0.000001 0.000000 0.000000 0.000000 1.575956
    36 1.528217 -0.000001 0.000001 0.000000 0.000000 1.352577
    37 3.899459 -0.431805 -0.168223 0.093293 -0.006316 0.182573
    38 1.506962 0.000000 0.000002 0.000000 0.000000 1.708639
    39 1.506964 0.000001 -0.000001 0.000000 0.000000 1.310683
    40 3.915634 -0.278019 -1.402605 0.217310 -0.078619 0.205835
    41 1.333083 0.000001 0.000003 0.000000 0.000000 1.464281
    42 1.159202 0.000000 -0.000004 0.000000 0.000000 1.370013
    43 3.495615 0.351176 1.563391 1.582244 -0.018583 -3.126153
    44 -2.156468 1.809614 0.001208 0.000000 0.000000 0.000000
    45 -6.613107 1.564316 -0.031845 0.000000 0.000000 0.000000
  time 159
    0 0.928525 1.014336 -19.461068 0.000000 0.000000 -1.570792
    1 0.000000 0.000000 0.000002 -0.000086 -1.570451 -1.570709
    2 4.443615 -0.009642 0.000006 -0.000004 -0.000001 0.000796
    3 12.111412 -0.011446 0.000000 0.000000 0.000000 0.000000
    4 0.000010 0.011442 1.352402 -0.000014 -1.370796 3.140810
    5 6.078090 0.000001 -0.000005 -0.531509 1.219836 -0.541120
    6 13.446754 -0.000001 0.000001 0.000000 0.000000 -0.648458
    7 15.997000 0.000001 -0.000001 -1.683447 0.000000 0.000000
    8 1.885325 0.833276 -2.177876 -1.598016 0.698132 -0.000668
    9 1.506960 -0.000006 0.000000 0.000000 0.000000 -0.139626
    10 0.798348 0.000003 0.000000 0.000000 0.000000 -0.113446
    11 3.950302 -0.539875 -2.108871 -0.000806 0.157080 -0.000126
    12 1.545797 -0.000002 -0.000001 0.000000 0.000000 0.471239
    13 1.667398 0.000001 0.000007 0.000000 0.000000 0.436332
    14 3.899452 -0.475378 -1.170893 -0.000796 0.000000 0.000000
    15 1.528218 0.000003 0.000001 0.000000 0.000000 0.331613
    16 1.528216 -0.000001 -0.000003 0.000000 0.000000 0.479966
    17 3.899459 -0.431804 0.168223 -0.000796 0.000000 0.000000
    18 1.506968 0.000002 -0.000001 0.000000 0.000000 0.427606
    19 1.506962 -0.000001 0.000001 0.000000 0.000000 0.340339
    20 3.915634 -0.278020 1.402608 -0.000796 0.000000 0.000000
    21 1.333080 0.000000 -0.000001 0.000000 0.000000 0.637045
    22 1.159204 0.000000 -0.000002 0.000000 0.000000 0.218166
    23 18.209354 8.207681 -0.352298 -1.582244 0.018583 -3.126150
    24 0.000009 0.011450 -1.352403 -0.000014 1.370796 3.140783
    25 6.078084 0.000001 0.000003 1.123770 -0.815515 -1.218182
    26 13.446750 -0.000005 0.000000 0.000000 0.000000 -1.153434
    27 15.997000 -0.000002 0.000000 1.659141 -0.001649 0.264108
    28 1.885324 0.833275 2.177876 1.172048 -0.644537 0.438889
    29 1.506966 -0.000005 0.000000 0.000000 0.000000 -0.436329
    30 0.798348 -0.000001 -0.000001 0.000000 0.000000 -0.507867
    31 3.950306 -0.539875 2.108876 0.012323 0.110212 -0.171410
    32 1.545797 -0.000001 -0.000008 0.000000 0.000000 0.513113
    33 1.667400 -0.000002 0.000008 0.000000 0.000000 0.785377
    34 3.899460 -0.475376 1.170891 -0.037591 0.101270 -0.055752
    35 1.528215 -0.000001 0.000000 0.000000 0.000000 1.575956
    36 1.528217 -0.000001 0.000001 0.000000 0.000000 1.352577
    37 3.899459 -0.431805 -0.168223 0.093293 -0.006316 0.182573
    38 1.506962 0.000000 0.000002 0.000000 0.000000 1.708639
    39 1.506964 0.000001 -0.000001 0.000000 0.000000 1.310683
    40 3.915634 -0.278019 -1.402605 0.217310 -0.078619 0.205835
    41 1.333083 0.000001 0.000003 0.000000 0.000000 1.464281
    42 1.159202 0.000000 -0.000004 0.000000 0.000000 1.370013
    43 3.495615 0.351176 1.563391 1.582244 -0.018583 -3.126153
    44 -2.156468 1.809614 0.001208 0.000000 0.000000 0.000000
    45 -6.613107 1.564316 -0.031845 0.000000 0.000000 0.000000
  time 160
    0 0.928525 1.014336 -19.461068 0.000000 0.000000 -1.570792
    1 0.000000 0.000000 0.000002 -0.000086 -1.570451 -1.570709
    2 4.443615 -0.009642 0.000006 -0.000004 -0.000001 0.000796
    3 12.111412 -0.011446 0.000000 0.000000 0.000000 0.000000
    4 0.000010 0.011442 1.352402 -0.000014 -1.370796 3.140810
    5 6.078090 0.000001 -0.000005 -0.531509 1.219836 -0.541120
    6 13.446754 -0.000001 0.000001 0.000000 0.000000 -0.648458
    7 15.997000 0.000001 -0.000001 -1.683447 0.000000 0.000000
    8 1.885325 0.833276 -2.177876 -1.598016 0.698132 -0.000668
    9 1.506960 -0.000006 0.000000 0.000000 0.000000 -0.139626
    10 0.798348 0.000003 0.000000 0.000000 0.000000 -0.113446
    11 3.950302 -0.539875 -2.108871 -0.000806 0.157080 -0.000126
    12 1.545797 -0.000002 -0.000001 0.000000 0.000000 0.471239
    13 1.667398 0.000001 0.000007 0.000000 0.000000 0.436332
    14 3.899452 -0.475378 -1.170893 -0.000796 0.000000 0.000000
    15 1.528218 0.000003 0.000001 0.000000 0.000000 0.331613
    16 1.528216 -0.000001 -0.000003 0.000000 0.000000 0.479966
    17 3.899459 -0.431804 0.168223 -0.000796 0.000000 0.000000
    18 1.506968 0.000002 -0.000001 0.000000 0.000000 0.427606
    19 1.506962 -0.000001 0.000001 0.000000 0.000000 0.340339
    20 3.915634 -0.278020 1.402608 -0.000796 0.000000 0.000000
    21 1.333080 0.000000 -0.000001 0.000000 0.000000 0.637045
    22 1.159204 0.000000 -0.000002 0.000000 0.000000 0.218166
    23 18.209354 8.207681 -0.352298 -1.582244 0.018583 -3.126150
    24 0.000009 0.011450 -1.352403 -0.000014 1.370796 3.140783
    25 6.078084 0.000001 0.000003 1.123784 -0.815515 -1.218203
    26 13.446750 -0.000005 0.000000 0.000000 0.000000 -1.153338
    27 15.997000 -0.000002 0.000000 1.659213 -0.001649 0.264108
    28 1.885324 0.833275 2.177876 1.172048 -0.644525 0.438889
    29 1.506966 -0.000005 0.000000 0.000000 0.000000 -0.436329
    30 0.798348 -0.000001 -0.000001 0.000000 0.000000 -0.507867
    31 3.950306 -0.539875 2.108876 0.012323 0.110212 -0.171410
    32 1.545797 -0.000001 -0.000008 0.000000 0.000000 0.513113
    33 1.667400 -0.000002 0.000008 0.000000 0.000000 0.785377
    34 3.899460 -0.475376 1.170891 -0.037591 0.101270 -0.055752
    35 1.528215 -0.000001 0.000000 0.000000 0.000000 1.575956
    36 1.528217 -0.000001 0.000001 0.000000 0.000000 1.352577
    37 3.899459 -0.431805 -0.168223 0.093293 -0.006316 0.182573
    38 1.506962 0.000000 0.000002 0.000000 0.000000 1.708639
    39 1.506964 0.000001 -0.000001 0.000000 0.000000 1.310683
    40 3.915634 -0.278019 -1.402605 0.217310 -0.078619 0.205835
    41 1.333083 0.000001 0.000003 0.000000 0.000000 1.464281
    42 1.159202 0.000000 -0.000004 0.000000 0.000000 1.370013
    43 3.495615 0.351176 1.563391 1.582244 -0.018583 -3.126153
    44 -2.156468 1.809614 0.001208 0.000000 0.000000 0.000000
    45 -6.613107 1.564316 -0.031845 0.000000 0.000000 0.000000
  time 161
    0 0.928525 1.014336 -19.461068 0.000000 0.000000 -1.570792
    1 0.000000 0.000000 0.000002 -0.000086 -1.570451 -1.570709
    2 4.443615 -0.009642 0.000006 -0.000004 -0.000001 0.000796
    3 12.111412 -0.011446 0.000000 0.000000 0.000000 0.000000
    4 0.000010 0.011442 1.352402 -0.000014 -1.370796 3.140810
    5 6.078090 0.000001 -0.000005 -0.531509 1.219836 -0.541120
    6 13.446754 -0.000001 0.000001 0.000000 0.000000 -0.648458
    7 15.997000 0.000001 -0.000001 -1.683447 0.000000 0.000000
    8 1.885325 0.833276 -2.177876 -1.598016 0.698132 -0.000668
    9 1.506960 -0.000006 0.000000 0.000000 0.000000 -0.139626
    10 0.798348 0.000003 0.000000 0.000000 0.000000 -0.113446
    11 3.950302 -0.539875 -2.108871 -0.000806 0.157080 -0.000126
    12 1.545797 -0.000002 -0.000001 0.000000 0.000000 0.471239
    13 1.667398 0.000001 0.000007 0.000000 0.000000 0.436332
    14 3.899452 -0.475378 -1.170893 -0.000796 0.000000 0.000000
    15 1.528218 0.000003 0.000001 0.000000 0.000000 0.331613
    16 1.528216 -0.000001 -0.000003 0.000000 0.000000 0.479966
    17 3.899459 -0.431804 0.168223 -0.000796 0.000000 0.000000
    18 1.506968 0.000002 -0.000001 0.000000 0.000000 0.427606
    19 1.506962 -0.000001 0.000001 0.000000 0.000000 0.340339
    20 3.915634 -0.278020 1.402608 -0.000796 0.000000 0.000000
    21 1.333080 0.000000 -0.000001 0.000000 0.000000 0.637045
    22 1.159204 0.000000 -0.000002 0.000000 0.000000 0.218166
    23 18.209354 8.207681 -0.352298 -1.582244 0.018583 -3.126150
    24 0.000009 0.011450 -1.352403 -0.000014 1.370796 3.140783
    25 6.078084 0.000001 0.000003 1.123797 -0.815482 -1.218224
    26 13.446750 -0.000005 0.000000 0.000000 0.000000 -1.153242
    27 15.997000 -0.000002 0.000000 1.659345 -0.001649 0.264084
    28 1.885324 0.833275 2.177876 1.172048 -0.644525 0.438889
    29 1.506966 -0.000005 0.000000 0.000000 0.000000 -0.436329
    30 0.798348 -0.000001 -0.000001 0.000000 0.000000 -0.507867
    31 3.950306 -0.539875 2.108876 0.012323 0.110212 -0.171410
    32 1.545797 -0.000001 -0.000008 0.000000 0.000000 0.513113
    33 1.667400 -0.000002 0.000008 0.000000 0.000000 0.785377
    34 3.899460 -0.475376 1.170891 -0.037591 0.101270 -0.055752
    35 1.528215 -0.000001 0.000000 0.000000 0.000000 1.575956
    36 1.528217 -0.000001 0.000001 0.000000 0.000000 1.352577
    37 3.899459 -0.431805 -0.168223 0.093293 -0.006316 0.182573
    38 1.506962 0.000000 0.000002 0.000000 0.000000 1.708639
    39 1.506964 0.000001 -0.000001 0.000000 0.000000 1.310683
    40 3.915634 -0.278019 -1.402605 0.217310 -0.078619 0.205835
    41 1.333083 0.000001 0.000003 0.000000 0.000000 1.464281
    42 1.159202 0.000000 -0.000004 0.000000 0.000000 1.370013
    43 3.495615 0.351176 1.563391 1.582244 -0.018583 -3.126153
    44 -2.156468 1.809614 0.001208 0.000000 0.000000 0.000000
    45 -6.613107 1.564316 -0.031845 0.000000 0.000000 0.000000
  time 162
    0 0.928525 1.014336 -19.461068 0.000000 0.000000 -1.570792
    1 0.000000 0.000000 0.000002 -0.000086 -1.570451 -1.570709
    2 4.443615 -0.009642 0.000006 -0.000004 -0.000001 0.000796
    3 12.111412 -0.011446 0.000000 0.000000 0.000000 0.000000
    4 0.000010 0.011442 1.352402 -0.000014 -1.370796 3.140810
    5 6.078090 0.000001 -0.000005 -0.531509 1.219836 -0.541120
    6 13.446754 -0.000001 0.000001 0.000000 0.000000 -0.648458
    7 15.997000 0.000001 -0.000001 -1.683447 0.000000 0.000000
    8 1.885325 0.833276 -2.177876 -1.598016 0.698132 -0.000668
    9 1.506960 -0.000006 0.000000 0.000000 0.000000 -0.139626
    10 0.798348 0.000003 0.000000 0.000000 0.000000 -0.113446
    11 3.950302 -0.539875 -2.108871 -0.000806 0.157080 -0.000126
    12 1.545797 -0.000002 -0.000001 0.000000 0.000000 0.471239
    13 1.667398 0.000001 0.000007 0.000000 0.000000 0.436332
    14 3.899452 -0.475378 -1.170893 -0.000796 0.000000 0.000000
    15 1.528218 0.000003 0.000001 0.000000 0.000000 0.331613
    16 1.528216 -0.000001 -0.000003 0.000000 0.000000 0.479966
    17 3.899459 -0.431804 0.168223 -0.000796 0.000000 0.000000
    18 1.506968 0.000002 -0.000001 0.000000 0.000000 0.427606
    19 1.506962 -0.000001 0.000001 0.000000 0.000000 0.340339
    20 3.915634 -0.278020 1.402608 -0.000796 0.000000 0.000000
    21 1.333080 0.000000 -0.000001 0.000000 0.000000 0.637045
    22 1.159204 0.000000 -0.000002 0.000000 0.000000 0.218166
    23 18.209354 8.207681 -0.352298 -1.582244 0.018583 -3.126150
    24 0.000009 0.011450 -1.352403 -0.000014 1.370796 3.140783
    25 6.078084 0.000001 0.000003 1.123797 -0.815482 -1.218224
    26 13.446750 -0.000005 0.000000 0.000000 0.000000 -1.153145
    27 15.997000 -0.000002 0.000000 1.659537 -0.001649 0.264084
    28 1.885324 0.833275 2.177876 1.172048 -0.644525 0.438889
    29 1.506966 -0.000005 0.000000 0.000000 0.000000 -0.436329
    30 0.798348 -0.000001 -0.000001 0.000000 0.000000 -0.507867
    31 3.950306 -0.539875 2.108876 0.012323 0.110212 -0.171410
    32 1.545797 -0.000001 -0.000008 0.000000 0.000000 0.513113
    33 1.667400 -0.000002 0.000008 0.000000 0.000000 0.785377
    34 3.899460 -0.475376 1.170891 -0.037591 0.101270 -0.055752
    35 1.528215 -0.000001 0.000000 0.000000 0.000000 1.575956
    36 1.528217 -0.000001 0.000001 0.000000 0.000000 1.352577
    37 3.899459 -0.431805 -0.168223 0.093293 -0.006316 0.182573
    38 1.506962 0.000000 0.000002 0.000000 0.000000 1.708639
    39 1.506964 0.000001 -0.000001 0.000000 0.000000 1.310683
    40 3.915634 -0.278019 -1.402605 0.217310 -0.078619 0.205835
    41 1.333083 0.000001 0.000003 0.000000 0.000000 1.464281
    42 1.159202 0.000000 -0.000004 0.000000 0.000000 1.370013
    43 3.495615 0.351176 1.563391 1.582244 -0.018583 -3.126153
    44 -2.156468 1.809614 0.001208 0.000000 0.000000 0.000000
    45 -6.613107 1.564316 -0.031845 0.000000 0.000000 0.000000
  time 163
    0 0.928525 1.014336 -19.461068 0.000000 0.000000 -1.570792
    1 0.000000 0.000000 0.000002 -0.000086 -1.570451 -1.570709
    2 4.443615 -0.009642 0.000006 -0.000004 -0.000001 0.000796
    3 12.111412 -0.011446 0.000000 0.000000 0.000000 0.000000
    4 0.000010 0.011442 1.352402 -0.000014 -1.370796 3.140810
    5 6.078090 0.000001 -0.000005 -0.531509 1.219836 -0.541120
    6 13.446754 -0.000001 0.000001 0.000000 0.000000 -0.648458
    7 15.997000 0.000001 -0.000001 -1.683447 0.000000 0.000000
    8 1.885325 0.833276 -2.177876 -1.598016 0.698132 -0.000668
    9 1.506960 -0.000006 0.000000 0.000000 0.000000 -0.139626
    10 0.798348 0.000003 0.000000 0.000000 0.000000 -0.113446
    11 3.950302 -0.539875 -2.108871 -0.000806 0.157080 -0.000126
    12 1.545797 -0.000002 -0.000001 0.000000 0.000000 0.471239
    13 1.667398 0.000001 0.000007 0.000000 0.000000 0.436332
    14 3.899452 -0.475378 -1.170893 -0.000796 0.000000 0.000000
    15 1.528218 0.000003 0.000001 0.000000 0.000000 0.331613
    16 1.528216 -0.000001 -0.000003 0.000000 0.000000 0.479966
    17 3.899459 -0.431804 0.168223 -0.000796 0.000000 0.000000
    18 1.506968 0.000002 -0.000001 0.000000 0.000000 0.427606
    19 1.506962 -0.000001 0.000001 0.000000 0.000000 0.340339
    20 3.915634 -0.278020 1.402608 -0.000796 0.000000 0.000000
    21 1.333080 0.000000 -0.000001 0.000000 0.000000 0.637045
    22 1.159204 0.000000 -0.000002 0.000000 0.000000 0.218166
    23 18.209354 8.207681 -0.352298 -1.582244 0.018583 -3.126150
    24 0.000009 0.011450 -1.352403 -0.000014 1.370796 3.140783
    25 6.078084 0.000001 0.000003 1.123797 -0.815449 -1.218245
    26 13.446750 -0.000005 0.000000 0.000000 0.000000 -1.153097
    27 15.997000 -0.000002 0.000000 1.659753 -0.001649 0.264060
    28 1.885324 0.833275 2.177876 1.172048 -0.644537 0.438889
    29 1.506966 -0.000005 0.000000 0.000000 0.000000 -0.436329
    30 0.798348 -0.000001 -0.000001 0.000000 0.000000 -0.507879
    31 3.950306 -0.539875 2.108876 0.012323 0.110212 -0.171410
    32 1.545797 -0.000001 -0.000008 0.000000 0.000000 0.513113
    33 1.667400 -0.000002 0.000008 0.000000 0.000000 0.785377
    34 3.899460 -0.475376 1.170891 -0.037591 0.101270 -0.055752
    35 1.528215 -0.000001 0.000000 0.000000 0.000000 1.575956
    36 1.528217 -0.000001 0.000001 0.000000 0.000000 1.352577
    37 3.899459 -0.431805 -0.168223 0.093293 -0.006316 0.182573
    38 1.506962 0.000000 0.000002 0.000000 0.000000 1.708639
    39 1.506964 0.000001 -0.000001 0.000000 0.000000 1.310683
    40 3.915634 -0.278019 -1.402605 0.217310 -0.078619 0.205835
    41 1.333083 0.000001 0.000003 0.000000 0.000000 1.464281
    42 1.159202 0.000000 -0.000004 0.000000 0.000000 1.370013
    43 3.495615 0.351176 1.563391 1.582244 -0.018583 -3.126153
    44 -2.156468 1.809614 0.001208 0.000000 0.000000 0.000000
    45 -6.617014 1.564316 -0.031845 0.000000 0.000000 0.000000
  time 164
    0 0.928525 1.014336 -19.461068 0.000000 0.000000 -1.570792
    1 0.000000 0.000000 0.000002 -0.000086 -1.570451 -1.570709
    2 4.443615 -0.009642 0.000006 -0.000004 -0.000001 0.000796
    3 12.111412 -0.011446 0.000000 0.000000 0.000000 0.000000
    4 0.000010 0.011442 1.352402 -0.000014 -1.370796 3.140810
    5 6.078090 0.000001 -0.000005 -0.531509 1.219836 -0.541120
    6 13.446754 -0.000001 0.000001 0.000000 0.000000 -0.648458
    7 15.997000 0.000001 -0.000001 -1.683447 0.000000 0.000000
    8 1.885325 0.833276 -2.177876 -1.598016 0.698132 -0.000668
    9 1.506960 -0.000006 0.000000 0.000000 0.000000 -0.139626
    10 0.798348 0.000003 0.000000 0.000000 0.000000 -0.113446
    11 3.950302 -0.539875 -2.108871 -0.000806 0.157080 -0.000126
    12 1.545797 -0.000002 -0.000001 0.000000 0.000000 0.471239
    13 1.667398 0.000001 0.000007 0.000000 0.000000 0.436332
    14 3.899452 -0.475378 -1.170893 -0.000796 0.000000 0.000000
    15 1.528218 0.000003 0.000001 0.000000 0.000000 0.331613
    16 1.528216 -0.000001 -0.000003 0.000000 0.000000 0.479966
    17 3.899459 -0.431804 0.168223 -0.000796 0.000000 0.000000
    18 1.506968 0.000002 -0.000001 0.000000 0.000000 0.427606
    19 1.506962 -0.000001 0.000001 0.000000 0.000000 0.340339
    20 3.915634 -0.278020 1.402608 -0.000796 0.000000 0.000000
    21 1.333080 0.000000 -0.000001 0.000000 0.000000 0.637045
    22 1.159204 0.000000 -0.000002 0.000000 0.000000 0.218166
    23 18.209354 8.207681 -0.352298 -1.582244 0.018583 -3.126150
    24 0.000009 0.011450 -1.352403 -0.000014 1.370796 3.140783
    25 6.078084 0.000001 0.000003 1.123811 -0.815449 -1.218266
    26 13.446750 -0.000005 0.000000 0.000000 0.000000 -1.152953
    27 15.997000 -0.000002 0.000000 1.659992 -0.001649 0.264060
    28 1.885324 0.833275 2.177876 1.172048 -0.644537 0.438889
    29 1.506966 -0.000005 0.000000 0.000000 0.000000 -0.436329
    30 0.798348 -0.000001 -0.000001 0.000000 0.000000 -0.507867
    31 3.950306 -0.539875 2.108876 0.012323 0.110212 -0.171410
    32 1.545797 -0.000001 -0.000008 0.000000 0.000000 0.513113
    33 1.667400 -0.000002 0.000008 0.000000 0.000000 0.785377
    34 3.899460 -0.475376 1.170891 -0.037591 0.101270 -0.055752
    35 1.528215 -0.000001 0.000000 0.000000 0.000000 1.575956
    36 1.528217 -0.000001 0.000001 0.000000 0.000000 1.352577
    37 3.899459 -0.431805 -0.168223 0.093293 -0.006316 0.182573
    38 1.506962 0.000000 0.000002 0.000000 0.000000 1.708639
    39 1.506964 0.000001 -0.000001 0.000000 0.000000 1.310683
    40 3.915634 -0.278019 -1.402605 0.217310 -0.078619 0.205835
    41 1.333083 0.000001 0.000003 0.000000 0.000000 1.464281
    42 1.159202 0.000000 -0.000004 0.000000 0.000000 1.370013
    43 3.495615 0.351176 1.563391 1.582244 -0.018583 -3.126153
    44 -2.156468 1.809614 0.001208 0.000000 0.000000 0.000000
    45 -6.613107 1.564316 -0.031845 0.000000 0.000000 0.000000
  time 165
    0 0.928525 1.014336 -19.461068 0.000000 0.000000 -1.570792
    1 0.000000 0.000000 0.000002 -0.000086 -1.570451 -1.570709
    2 4.443615 -0.009642 0.000006 -0.000004 -0.000001 0.000796
    3 12.111412 -0.011446 0.000000 0.000000 0.000000 0.000000
    4 0.000010 0.011442 1.352402 -0.000014 -1.370796 3.140810
    5 6.078090 0.000001 -0.000005 -0.531509 1.219836 -0.541120
    6 13.446754 -0.000001 0.000001 0.000000 0.000000 -0.648458
    7 15.997000 0.000001 -0.000001 -1.683447 0.000000 0.000000
    8 1.885325 0.833276 -2.177876 -1.598016 0.698132 -0.000668
    9 1.506960 -0.000006 0.000000 0.000000 0.000000 -0.139626
    10 0.798348 0.000003 0.000000 0.000000 0.000000 -0.113446
    11 3.950302 -0.539875 -2.108871 -0.000806 0.157080 -0.000126
    12 1.545797 -0.000002 -0.000001 0.000000 0.000000 0.471239
    13 1.667398 0.000001 0.000007 0.000000 0.000000 0.436332
    14 3.899452 -0.475378 -1.170893 -0.000796 0.000000 0.000000
    15 1.528218 0.000003 0.000001 0.000000 0.000000 0.331613
    16 1.528216 -0.000001 -0.000003 0.000000 0.000000 0.479966
    17 3.899459 -0.431804 0.168223 -0.000796 0.000000 0.000000
    18 1.506968 0.000002 -0.000001 0.000000 0.000000 0.427606
    19 1.506962 -0.000001 0.000001 0.000000 0.000000 0.340339
    20 3.915634 -0.278020 1.402608 -0.000796 0.000000 0.000000
    21 1.333080 0.000000 -0.000001 0.000000 0.000000 0.637045
    22 1.159204 0.000000 -0.000002 0.000000 0.000000 0.218166
    23 18.209354 8.207681 -0.352298 -1.582244 0.018583 -3.126150
    24 0.000009 0.011450 -1.352403 -0.000014 1.370796 3.140783
    25 6.078084 0.000001 0.000003 1.123811 -0.815416 -1.218287
    26 13.446750 -0.000005 0.000000 0.000000 0.000000 -1.152905
    27 15.997000 -0.000002 0.000000 1.660292 -0.001649 0.264036
    28 1.885324 0.833275 2.177876 1.172048 -0.644525 0.438889
    29 1.506966 -0.000005 0.000000 0.000000 0.000000 -0.436329
    30 0.798348 -0.000001 -0.000001 0.000000 0.000000 -0.507867
    31 3.950306 -0.539875 2.108876 0.012323 0.110212 -0.171410
    32 1.545797 -0.000001 -0.000008 0.000000 0.000000 0.513113
    33 1.667400 -0.000002 0.000008 0.000000 0.000000 0.785377
    34 3.899460 -0.475376 1.170891 -0.037591 0.101270 -0.055752
    35 1.528215 -0.000001 0.000000 0.000000 0.000000 1.575956
    36 1.528217 -0.000001 0.000001 0.000000 0.000000 1.352577
    37 3.899459 -0.431805 -0.168223 0.093293 -0.006316 0.182573
    38 1.506962 0.000000 0.000002 0.000000 0.000000 1.708639
    39 1.506964 0.000001 -0.000001 0.000000 0.000000 1.310683
    40 3.915634 -0.278019 -1.402605 0.217310 -0.078619 0.205835
    41 1.333083 0.000001 0.000003 0.000000 0.000000 1.464281
    42 1.159202 0.000000 -0.000004 0.000000 0.000000 1.370013
    43 3.495615 0.351176 1.563391 1.582244 -0.018583 -3.126153
    44 -2.156468 1.809614 0.001208 0.000000 0.000000 0.000000
    45 -6.613107 1.564316 -0.031845 0.000000 0.000000 0.000000
  time 166
    0 0.928525 1.014336 -19.461068 0.000000 0.000000 -1.570792
    1 0.000000 0.000000 0.000002 -0.000086 -1.570451 -1.570709
    2 4.443615 -0.009642 0.000006 -0.000004 -0.000001 0.000796
    3 12.111412 -0.011446 0.000000 0.000000 0.000000 0.000000
    4 0.000010 0.011442 1.352402 -0.000014 -1.370796 3.140810
    5 6.078090 0.000001 -0.000005 -0.531509 1.219836 -0.541120
    6 13.446754 -0.000001 0.000001 0.000000 0.000000 -0.648458
    7 15.997000 0.000001 -0.000001 -1.683447 0.000000 0.000000
    8 1.885325 0.833276 -2.177876 -1.598016 0.698132 -0.000668
    9 1.506960 -0.000006 0.000000 0.000000 0.000000 -0.139626
    10 0.798348 0.000003 0.000000 0.000000 0.000000 -0.113446
    11 3.950302 -0.539875 -2.108871 -0.000806 0.157080 -0.000126
    12 1.545797 -0.000002 -0.000001 0.000000 0.000000 0.471239
    13 1.667398 0.000001 0.000007 0.000000 0.000000 0.436332
    14 3.899452 -0.475378 -1.170893 -0.000796 0.000000 0.000000
    15 1.528218 0.000003 0.000001 0.000000 0.000000 0.331613
    16 1.528216 -0.000001 -0.000003 0.000000 0.000000 0.479966
    17 3.899459 -0.431804 0.168223 -0.000796 0.000000 0.000000
    18 1.506968 0.000002 -0.000001 0.000000 0.000000 0.427606
    19 1.506962 -0.000001 0.000001 0.000000 0.000000 0.340339
    20 3.915634 -0.278020 1.402608 -0.000796 0.000000 0.000000
    21 1.333080 0.000000 -0.000001 0.000000 0.000000 0.637045
    22 1.159204 0.000000 -0.000002 0.000000 0.000000 0.218166
    23 18.209354 8.207681 -0.352298 -1.582244 0.018583 -3.126150
    24 0.000009 0.011450 -1.352403 -0.000014 1.370796 3.140783
    25 6.078084 0.000001 0.000003 1.123839 -0.815416 -1.218287
    26 13.446750 -0.000005 0.000000 0.000000 0.000000 -1.152809
    27 15.997000 -0.000002 0.000000 1.660603 -0.001649 0.264012
    28 1.885324 0.833275 2.177876 1.172048 -0.644525 0.438889
    29 1.506966 -0.000005 0.000000 0.000000 0.000000 -0.436329
    30 0.798348 -0.000001 -0.000001 0.000000 0.000000 -0.507867
    31 3.950306 -0.539875 2.108876 0.012323 0.110212 -0.171410
    32 1.545797 -0.000001 -0.000008 0.000000 0.000000 0.513113
    33 1.667400 -0.000002 0.000008 0.000000 0.000000 0.785377
    34 3.899460 -0.475376 1.170891 -0.037591 0.101270 -0.055752
    35 1.528215 -0.000001 0.000000 0.000000 0.000000 1.575956
    36 1.528217 -0.000001 0.000001 0.000000 0.000000 1.352577
    37 3.899459 -0.431805 -0.168223 0.093293 -0.006316 0.182573
    38 1.506962 0.000000 0.000002 0.000000 0.000000 1.708600
    39 1.506964 0.000001 -0.000001 0.000000 0.000000 1.310683
    40 3.915634 -0.278019 -1.402605 0.217310 -0.078619 0.205835
    41 1.333083 0.000001 0.000003 0.000000 0.000000 1.464281
    42 1.159202 0.000000 -0.000004 0.000000 0.000000 1.370013
    43 3.495615 0.355083 1.563391 1.582244 -0.018583 -3.126153
    44 -2.156468 1.809614 0.001208 0.000000 0.000000 0.000000
    45 -6.613107 1.564316 -0.031845 0.000000 0.000000 0.000000
  time 167
    0 0.928525 1.014336 -19.461068 0.000000 0.000000 -1.570792
    1 0.000000 0.000000 0.000002 -0.000086 -1.570451 -1.570709
    2 4.443615 -0.009642 0.000006 -0.000004 -0.000001 0.000796
    3 12.111412 -0.011446 0.000000 0.000000 0.000000 0.000000
    4 0.000010 0.011442 1.352402 -0.000014 -1.370796 3.140810
    5 6.078090 0.000001 -0.000005 -0.531509 1.219836 -0.541120
    6 13.446754 -0.000001 0.000001 0.000000 0.000000 -0.648458
    7 15.997000 0.000001 -0.000001 -1.683447 0.000000 0.000000
    8 1.885325 0.833276 -2.177876 -1.598016 0.698132 -0.000668
    9 1.506960 -0.000006 0.000000 0.000000 0.000000 -0.139626
    10 0.798348 0.000003 0.000000 0.000000 0.000000 -0.113446
    11 3.950302 -0.539875 -2.108871 -0.000806 0.157080 -0.000126
    12 1.545797 -0.000002 -0.000001 0.000000 0.000000 0.471239
    13 1.667398 0.000001 0.000007 0.000000 0.000000 0.436332
    14 3.899452 -0.475378 -1.170893 -0.000796 0.000000 0.000000
    15 1.528218 0.000003 0.000001 0.000000 0.000000 0.331613
    16 1.528216 -0.000001 -0.000003 0.000000 0.000000 0.479966
    17 3.899459 -0.431804 0.168223 -0.000796 0.000000 0.000000
    18 1.506968 0.000002 -0.000001 0.000000 0.000000 0.427606
    19 1.506962 -0.000001 0.000001 0.000000 0.000000 0.340339
    20 3.915634 -0.278020 1.402608 -0.000796 0.000000 0.000000
    21 1.333080 0.000000 -0.000001 0.000000 0.000000 0.637045
    22 1.159204 0.000000 -0.000002 0.000000 0.000000 0.218166
    23 18.209354 8.207681 -0.352298 -1.582244 0.018583 -3.126150
    24 0.000009 0.011450 -1.352403 -0.000014 1.370796 3.140783
    25 6.078084 0.000001 0.000003 1.123853 -0.815384 -1.218308
    26 13.446750 -0.000005 0.000000 0.000000 0.000000 -1.152761
    27 15.997000 -0.000002 0.000000 1.660975 -0.001649 0.263989
    28 1.885324 0.833275 2.177876 1.172048 -0.644525 0.438889
    29 1.506966 -0.000005 0.000000 0.000000 0.000000 -0.436329
    30 0.798348 -0.000001 -0.000001 0.000000 0.000000 -0.507867
    31 3.950306 -0.539875 2.108876 0.012323 0.110212 -0.171410
    32 1.545797 -0.000001 -0.000008 0.000000 0.000000 0.513113
    33 1.667400 -0.000002 0.000008 0.000000 0.000000 0.785377
    34 3.899460 -0.475376 1.170891 -0.037591 0.101270 -0.055752
    35 1.528215 -0.000001 0.000000 0.000000 0.000000 1.575956
    36 1.528217 -0.000001 0.000001 0.000000 0.000000 1.352577
    37 3.899459 -0.431805 -0.168223 0.093293 -0.006316 0.182573
    38 1.506962 0.000000 0.000002 0.000000 0.000000 1.708639
    39 1.506964 0.000001 -0.000001 0.000000 0.000000 1.310683
    40 3.915634 -0.278019 -1.402605 0.217310 -0.078619 0.205835
    41 1.333083 0.000001 0.000003 0.000000 0.000000 1.464281
    42 1.159202 0.000000 -0.000004 0.000000 0.000000 1.370013
    43 3.495615 0.351176 1.563391 1.582244 -0.018583 -3.126153
    44 -2.156468 1.809614 0.001208 0.000000 0.000000 0.000000
    45 -6.613107 1.564316 -0.031845 0.000000 0.000000 0.000000
  time 168
    0 0.928525 1.014336 -19.461068 0.000000 0.000000 -1.570792
    1 0.000000 0.000000 0.000002 -0.000086 -1.570451 -1.570709
    2 4.443615 -0.009642 0.000006 -0.000004 -0.000001 0.000796
    3 12.111412 -0.011446 0.000000 0.000000 0.000000 0.000000
    4 0.000010 0.011442 1.352402 -0.000014 -1.370796 3.140810
    5 6.078090 0.000001 -0.000005 -0.531509 1.219836 -0.541120
    6 13.446754 -0.000001 0.000001 0.000000 0.000000 -0.648458
    7 15.997000 0.000001 -0.000001 -1.683447 0.000000 0.000000
    8 1.885325 0.833276 -2.177876 -1.598016 0.698132 -0.000668
    9 1.506960 -0.000006 0.000000 0.000000 0.000000 -0.139626
    10 0.798348 0.000003 0.000000 0.000000 0.000000 -0.113446
    11 3.950302 -0.539875 -2.108871 -0.000806 0.157080 -0.000126
    12 1.545797 -0.000002 -0.000001 0.000000 0.000000 0.471239
    13 1.667398 0.000001 0.000007 0.000000 0.000000 0.436332
    14 3.899452 -0.475378 -1.170893 -0.000796 0.000000 0.000000
    15 1.528218 0.000003 0.000001 0.000000 0.000000 0.331613
    16 1.528216 -0.000001 -0.000003 0.000000 0.000000 0.479966
    17 3.899459 -0.431804 0.168223 -0.000796 0.000000 0.000000
    18 1.506968 0.000002 -0.000001 0.000000 0.000000 0.427606
    19 1.506962 -0.000001 0.000001 0.000000 0.000000 0.340339
    20 3.915634 -0.278020 1.402608 -0.000796 0.000000 0.000000
    21 1.333080 0.000000 -0.000001 0.000000 0.000000 0.637045
    22 1.159204 0.000000 -0.000002 0.000000 0.000000 0.218166
    23 18.209354 8.207681 -0.352298 -1.582244 0.018583 -3.126150
    24 0.000009 0.011450 -1.352403 -0.000014 1.370796 3.140783
    25 6.078084 0.000001 0.000003 1.123853 -0.815384 -1.218329
    26 13.446750 -0.000005 0.000000 0.000000 0.000000 -1.152665
    27 15.997000 -0.000002 0.000000 1.661346 -0.001649 0.263965
    28 1.885324 0.833275 2.177876 1.172048 -0.644537 0.438889
    29 1.506966 -0.000005 0.000000 0.000000 0.000000 -0.436329
    30 0.798348 -0.000001 -0.000001 0.000000 0.000000 -0.507867
    31 3.950306 -0.539875 2.108876 0.012323 0.110212 -0.171410
    32 1.545797 -0.000001 -0.000008 0.000000 0.000000 0.513113
    33 1.667400 -0.000002 0.000008 0.000000 0.000000 0.785377
    34 3.899460 -0.475376 1.170891 -0.037591 0.101270 -0.055752
    35 1.528215 -0.000001 0.000000 0.000000 0.000000 1.575956
    36 1.528217 -0.000001 0.000001 0.000000 0.000000 1.352577
    37 3.899459 -0.431805 -0.168223 0.093293 -0.006316 0.182573
    38 1.506962 0.000000 0.000002 0.000000 0.000000 1.708639
    39 1.506964 0.000001 -0.000001 0.000000 0.000000 1.310683
    40 3.915634 -0.278019 -1.402605 0.217310 -0.078619 0.205835
    41 1.333083 0.000001 0.000003 0.000000 0.000000 1.464281
    42 1.159202 0.000000 -0.000004 0.000000 0.000000 1.370013
    43 3.495615 0.351176 1.563391 1.582244 -0.018583 -3.126153
    44 -2.156468 1.809614 0.001208 0.000000 0.000000 0.000000
    45 -6.613107 1.564316 -0.031845 0.000000 0.000000 0.000000
  time 169
    0 0.928525 1.014336 -19.461068 0.000000 0.000000 -1.570792
    1 0.000000 0.000000 0.000002 -0.000086 -1.570451 -1.570709
    2 4.443615 -0.009642 0.000006 -0.000004 -0.000001 0.000796
    3 12.111412 -0.011446 0.000000 0.000000 0.000000 0.000000
    4 0.000010 0.011442 1.352402 -0.000014 -1.370796 3.140810
    5 6.078090 0.000001 -0.000005 -0.531509 1.219836 -0.541120
    6 13.446754 -0.000001 0.000001 0.000000 0.000000 -0.648458
    7 15.997000 0.000001 -0.000001 -1.683447 0.000000 0.000000
    8 1.885325 0.833276 -2.177876 -1.598016 0.698132 -0.000668
    9 1.506960 -0.000006 0.000000 0.000000 0.000000 -0.139626
    10 0.798348 0.000003 0.000000 0.000000 0.000000 -0.113446
    11 3.950302 -0.539875 -2.108871 -0.000806 0.157080 -0.000126
    12 1.545797 -0.000002 -0.000001 0.000000 0.000000 0.471239
    13 1.667398 0.000001 0.000007 0.000000 0.000000 0.436332
    14 3.899452 -0.475378 -1.170893 -0.000796 0.000000 0.000000
    15 1.528218 0.000003 0.000001 0.000000 0.000000 0.331613
    16 1.528216 -0.000001 -0.000003 0.000000 0.000000 0.479966
    17 3.899459 -0.431804 0.168223 -0.000796 0.000000 0.000000
    18 1.506968 0.000002 -0.000001 0.000000 0.000000 0.427606
    19 1.506962 -0.000001 0.000001 0.000000 0.000000 0.340339
    20 3.915634 -0.278020 1.402608 -0.000796 0.000000 0.000000
    21 1.333080 0.000000 -0.000001 0.000000 0.000000 0.637045
    22 1.159204 0.000000 -0.000002 0.000000 0.000000 0.218166
    23 18.209354 8.207681 -0.352298 -1.582244 0.018583 -3.126150
    24 0.000009 0.011450 -1.352403 -0.000014 1.370796 3.140783
    25 6.078084 0.000001 0.000003 1.123853 -0.815351 -1.218350
    26 13.446750 -0.000005 0.000000 0.000000 0.000000 -1.152520
    27 15.997000 -0.000002 0.000000 1.661730 -0.001649 0.263917
    28 1.885324 0.833275 2.177876 1.172048 -0.644537 0.438889
    29 1.506966 -0.000005 0.000000 0.000000 0.000000 -0.436329
    30 0.798348 -0.000001 -0.000001 0.000000 0.000000 -0.507879
    31 3.950306 -0.539875 2.108876 0.012323 0.110212 -0.171410
    32 1.545797 -0.000001 -0.000008 0.000000 0.000000 0.513113
    33 1.667400 -0.000002 0.000008 0.000000 0.000000 0.785377
    34 3.899460 -0.475376 1.170891 -0.037591 0.101270 -0.055752
    35 1.528215 -0.000001 0.000000 0.000000 0.000000 1.575956
    36 1.528217 -0.000001 0.000001 0.000000 0.000000 1.352577
    37 3.899459 -0.431805 -0.168223 0.093293 -0.006316 0.182573
    38 1.506962 0.000000 0.000002 0.000000 0.000000 1.708639
    39 1.506964 0.000001 -0.000001 0.000000 0.000000 1.310683
    40 3.915634 -0.278019 -1.402605 0.217310 -0.078619 0.205835
    41 1.333083 0.000001 0.000003 0.000000 0.000000 1.464281
    42 1.159202 0.000000 -0.000004 0.000000 0.000000 1.370013
    43 3.495615 0.351176 1.563391 1.582244 -0.018583 -3.126153
    44 -2.156468 1.809614 0.001208 0.000000 0.000000 0.000000
    45 -6.613107 1.564316 -0.031845 0.000000 0.000000 0.000000
  time 170
    0 0.928525 1.014336 -19.461068 0.000000 0.000000 -1.570792
    1 0.000000 0.000000 0.000002 -0.000086 -1.570451 -1.570709
    2 4.443615 -0.009642 0.000006 -0.000004 -0.000001 0.000796
    3 12.111412 -0.011446 0.000000 0.000000 0.000000 0.000000
    4 0.000010 0.011442 1.352402 -0.000014 -1.370796 3.140810
    5 6.078090 0.000001 -0.000005 -0.531509 1.219836 -0.541120
    6 13.446754 -0.000001 0.000001 0.000000 0.000000 -0.648458
    7 15.997000 0.000001 -0.000001 -1.683447 0.000000 0.000000
    8 1.885325 0.833276 -2.177876 -1.598016 0.698132 -0.000668
    9 1.506960 -0.000006 0.000000 0.000000 0.000000 -0.139626
    10 0.798348 0.000003 0.000000 0.000000 0.000000 -0.113446
    11 3.950302 -0.539875 -2.108871 -0.000806 0.157080 -0.000126
    12 1.545797 -0.000002 -0.000001 0.000000 0.000000 0.471239
    13 1.667398 0.000001 0.000007 0.000000 0.000000 0.436332
    14 3.899452 -0.475378 -1.170893 -0.000796 0.000000 0.000000
    15 1.528218 0.000003 0.000001 0.000000 0.000000 0.331613
    16 1.528216 -0.000001 -0.000003 0.000000 0.000000 0.479966
    17 3.899459 -0.431804 0.168223 -0.000796 0.000000 0.000000
    18 1.506968 0.000002 -0.000001 0.000000 0.000000 0.427606
    19 1.506962 -0.000001 0.000001 0.000000 0.000000 0.340339
    20 3.915634 -0.278020 1.402608 -0.000796 0.000000 0.000000
    21 1.333080 0.000000 -0.000001 0.000000 0.000000 0.637045
    22 1.159204 0.000000 -0.000002 0.000000 0.000000 0.218166
    23 18.209354 8.207681 -0.352298 -1.582244 0.018583 -3.126150
    24 0.000009 0.011450 -1.352403 -0.000014 1.370796 3.140783
    25 6.078084 0.000001 0.000003 1.123866 -0.815351 -1.218371
    26 13.446750 -0.000005 0.000000 0.000000 0.000000 -1.152424
    27 15.997000 -0.000002 0.000000 1.662161 -0.001649 0.263893
    28 1.885324 0.833275 2.177876 1.172048 -0.644537 0.438889
    29 1.506966 -0.000005 0.000000 0.000000 0.000000 -0.436329
    30 0.798348 -0.000001 -0.000001 0.000000 0.000000 -0.507879
    31 3.950306 -0.539875 2.108876 0.012323 0.110212 -0.171410
    32 1.545797 -0.000001 -0.000008 0.000000 0.000000 0.513113
    33 1.667400 -0.000002 0.000008 0.000000 0.000000 0.785377
    34 3.899460 -0.475376 1.170891 -0.037591 0.101270 -0.055752
    35 1.528215 -0.000001 0.000000 0.000000 0.000000 1.575956
    36 1.528217 -0.000001 0.000001 0.000000 0.000000 1.352604
    37 3.899459 -0.431805 -0.168223 0.093293 -0.006316 0.182573
    38 1.506962 0.000000 0.000002 0.000000 0.000000 1.708639
    39 1.506964 0.000001 -0.000001 0.000000 0.000000 1.310683
    40 3.915634 -0.278019 -1.402605 0.217310 -0.078619 0.205835
    41 1.333083 0.000001 0.000003 0.000000 0.000000 1.464281
    42 1.159202 0.000000 -0.000004 0.000000 0.000000 1.370013
    43 3.495615 0.351176 1.563391 1.582244 -0.018583 -3.126153
    44 -2.156468 1.809614 0.001208 0.000000 0.000000 0.000000
    45 -6.613107 1.564316 -0.031845 0.000000 0.000000 0.000000
  time 171
    0 0.928525 1.014336 -19.461068 0.000000 0.000000 -1.570792
    1 0.000000 0.000000 0.000002 -0.000086 -1.570451 -1.570709
    2 4.443615 -0.009642 0.000006 -0.000004 -0.000001 0.000796
    3 12.111412 -0.011446 0.000000 0.000000 0.000000 0.000000
    4 0.000010 0.011442 1.352402 -0.000014 -1.370796 3.140810
    5 6.078090 0.000001 -0.000005 -0.531509 1.219836 -0.541120
    6 13.446754 -0.000001 0.000001 0.000000 0.000000 -0.648458
    7 15.997000 0.000001 -0.000001 -1.683447 0.000000 0.000000
    8 1.885325 0.833276 -2.177876 -1.598016 0.698132 -0.000668
    9 1.506960 -0.000006 0.000000 0.000000 0.000000 -0.139626
    10 0.798348 0.000003 0.000000 0.000000 0.000000 -0.113446
    11 3.950302 -0.539875 -2.108871 -0.000806 0.157080 -0.000126
    12 1.545797 -0.000002 -0.000001 0.000000 0.000000 0.471239
    13 1.667398 0.000001 0.000007 0.000000 0.000000 0.436332
    14 3.899452 -0.475378 -1.170893 -0.000796 0.000000 0.000000
    15 1.528218 0.000003 0.000001 0.000000 0.000000 0.331613
    16 1.528216 -0.000001 -0.000003 0.000000 0.000000 0.479966
    17 3.899459 -0.431804 0.168223 -0.000796 0.000000 0.000000
    18 1.506968 0.000002 -0.000001 0.000000 0.000000 0.427606
    19 1.506962 -0.000001 0.000001 0.000000 0.000000 0.340339
    20 3.915634 -0.278020 1.402608 -0.000796 0.000000 0.000000
    21 1.333080 0.000000 -0.000001 0.000000 0.000000 0.637045
    22 1.159204 0.000000 -0.000002 0.000000 0.000000 0.218166
    23 18.209354 8.207681 -0.352298 -1.582244 0.018583 -3.126150
    24 0.000009 0.011450 -1.352403 -0.000014 1.370796 3.140783
    25 6.078084 0.000001 0.000003 1.123880 -0.815318 -1.218392
    26 13.446750 -0.000005 0.000000 0.000000 0.000000 -1.152328
    27 15.997000 -0.000002 0.000000 1.662605 -0.001649 0.263869
    28 1.885324 0.833275 2.177876 1.172048 -0.644537 0.438889
    29 1.506966 -0.000005 0.000000 0.000000 0.000000 -0.436329
    30 0.798348 -0.000001 -0.000001 0.000000 0.000000 -0.507867
    31 3.950306 -0.539875 2.108876 0.012323 0.110212 -0.171410
    32 1.545797 -0.000001 -0.000008 0.000000 0.000000 0.513113
    33 1.667400 -0.000002 0.000008 0.000000 0.000000 0.785377
    34 3.899460 -0.475376 1.170891 -0.037591 0.101270 -0.055752
    35 1.528215 -0.000001 0.000000 0.000000 0.000000 1.575956
    36 1.528217 -0.000001 0.000001 0.000000 0.000000 1.352604
    37 3.899459 -0.431805 -0.168223 0.093293 -0.006316 0.182573
    38 1.506962 0.000000 0.000002 0.000000 0.000000 1.708639
    39 1.506964 0.000001 -0.000001 0.000000 0.000000 1.310683
    40 3.915634 -0.278019 -1.402605 0.217310 -0.078619 0.205835
    41 1.333083 0.000001 0.000003 0.000000 0.000000 1.464281
    42 1.159202 0.000000 -0.000004 0.000000 0.000000 1.370013
    43 3.495615 0.351176 1.563391 1.582244 -0.018583 -3.126153
    44 -2.156468 1.809614 0.001208 0.000000 0.000000 0.000000
    45 -6.613107 1.564316 -0.031845 0.000000 0.000000 0.000000
  time 172
    0 0.928525 1.014336 -19.461068 0.000000 0.000000 -1.570792
    1 0.000000 0.000000 0.000002 -0.000086 -1.570451 -1.570709
    2 4.443615 -0.009642 0.000006 -0.000004 -0.000001 0.000796
    3 12.111412 -0.011446 0.000000 0.000000 0.000000 0.000000
    4 0.000010 0.011442 1.352402 -0.000014 -1.370796 3.140810
    5 6.078090 0.000001 -0.000005 -0.531509 1.219836 -0.541120
    6 13.446754 -0.000001 0.000001 0.000000 0.000000 -0.648458
    7 15.997000 0.000001 -0.000001 -1.683447 0.000000 0.000000
    8 1.885325 0.833276 -2.177876 -1.598016 0.698132 -0.000668
    9 1.506960 -0.000006 0.000000 0.000000 0.000000 -0.139626
    10 0.798348 0.000003 0.000000 0.000000 0.000000 -0.113446
    11 3.950302 -0.539875 -2.108871 -0.000806 0.157080 -0.000126
    12 1.545797 -0.000002 -0.000001 0.000000 0.000000 0.471239
    13 1.667398 0.000001 0.000007 0.000000 0.000000 0.436332
    14 3.899452 -0.475378 -1.170893 -0.000796 0.000000 0.000000
    15 1.528218 0.000003 0.000001 0.000000 0.000000 0.331613
    16 1.528216 -0.000001 -0.000003 0.000000 0.000000 0.479966
    17 3.899459 -0.431804 0.168223 -0.000796 0.000000 0.000000
    18 1.506968 0.000002 -0.000001 0.000000 0.000000 0.427606
    19 1.506962 -0.000001 0.000001 0.000000 0.000000 0.340339
    20 3.915634 -0.278020 1.402608 -0.000796 0.000000 0.000000
    21 1.333080 0.000000 -0.000001 0.000000 0.000000 0.637045
    22 1.159204 0.000000 -0.000002 0.000000 0.000000 0.218166
    23 18.209354 8.207681 -0.352298 -1.582244 0.018583 -3.126150
    24 0.000009 0.011450 -1.352403 -0.000014 1.370796 3.140783
    25 6.078084 0.000001 0.000003 1.123908 -0.815318 -1.218392
    26 13.446750 -0.000005 0.000000 0.000000 0.000000 -1.152232
    27 15.997000 -0.000002 0.000000 1.663036 -0.001626 0.263822
    28 1.885324 0.833275 2.177876 1.172048 -0.644525 0.438889
    29 1.506966 -0.000005 0.000000 0.000000 0.000000 -0.436329
    30 0.798348 -0.000001 -0.000001 0.000000 0.000000 -0.507879
    31 3.950306 -0.539875 2.108876 0.012323 0.110212 -0.171410
    32 1.545797 -0.000001 -0.000008 0.000000 0.000000 0.513113
    33 1.667400 -0.000002 0.000008 0.000000 0.000000 0.785377
    34 3.899460 -0.475376 1.170891 -0.037591 0.101270 -0.055752
    35 1.528215 -0.000001 0.000000 0.000000 0.000000 1.575956
    36 1.528217 -0.000001 0.000001 0.000000 0.000000 1.352577
    37 3.899459 -0.431805 -0.168223 0.093293 -0.006316 0.182573
    38 1.506962 0.000000 0.000002 0.000000 0.000000 1.708639
    39 1.506964 0.000001 -0.000001 0.000000 0.000000 1.310683
    40 3.915634 -0.278019 -1.402605 0.217310 -0.078619 0.205835
    41 1.333083 0.000001 0.000003 0.000000 0.000000 1.464281
    42 1.159202 0.000000 -0.000004 0.000000 0.000000 1.370013
    43 3.495615 0.351176 1.563391 1.582244 -0.018583 -3.126153
    44 -2.156468 1.809614 0.001208 0.000000 0.000000 0.000000
    45 -6.617014 1.564316 -0.031845 0.000000 0.000000 0.000000
  time 173
    0 0.928525 1.014336 -19.461068 0.000000 0.000000 -1.570792
    1 0.000000 0.000000 0.000002 -0.000086 -1.570451 -1.570709
    2 4.443615 -0.009642 0.000006 -0.000004 -0.000001 0.000796
    3 12.111412 -0.011446 0.000000 0.000000 0.000000 0.000000
    4 0.000010 0.011442 1.352402 -0.000014 -1.370796 3.140810
    5 6.078090 0.000001 -0.000005 -0.531509 1.219836 -0.541120
    6 13.446754 -0.000001 0.000001 0.000000 0.000000 -0.648458
    7 15.997000 0.000001 -0.000001 -1.683447 0.000000 0.000000
    8 1.885325 0.833276 -2.177876 -1.598016 0.698132 -0.000668
    9 1.506960 -0.000006 0.000000 0.000000 0.000000 -0.139626
    10 0.798348 0.000003 0.000000 0.000000 0.000000 -0.113446
    11 3.950302 -0.539875 -2.108871 -0.000806 0.157080 -0.000126
    12 1.545797 -0.000002 -0.000001 0.000000 0.000000 0.471239
    13 1.667398 0.000001 0.000007 0.000000 0.000000 0.436332
    14 3.899452 -0.475378 -1.170893 -0.000796 0.000000 0.000000
    15 1.528218 0.000003 0.000001 0.000000 0.000000 0.331613
    16 1.528216 -0.000001 -0.000003 0.000000 0.000000 0.479966
    17 3.899459 -0.431804 0.168223 -0.000796 0.000000 0.000000
    18 1.506968 0.000002 -0.000001 0.000000 0.000000 0.427606
    19 1.506962 -0.000001 0.000001 0.000000 0.000000 0.340339
    20 3.915634 -0.278020 1.402608 -0.000796 0.000000 0.000000
    21 1.333080 0.000000 -0.000001 0.000000 0.000000 0.637045
    22 1.159204 0.000000 -0.000002 0.000000 0.000000 0.218166
    23 18.209354 8.207681 -0.352298 -1.582244 0.018583 -3.126150
    24 0.000009 0.011450 -1.352403 -0.000014 1.370796 3.140783
    25 6.078084 0.000001 0.000003 1.123908 -0.815285 -1.218413
    26 13.446750 -0.000005 0.000000 0.000000 0.000000 -1.152184
    27 15.997000 -0.000002 0.000000 1.663516 -0.001626 0.263798
    28 1.885324 0.833275 2.177876 1.172048 -0.644525 0.438889
    29 1.506966 -0.000005 0.000000 0.000000 0.000000 -0.436329
    30 0.798348 -0.000001 -0.000001 0.000000 0.000000 -0.507879
    31 3.950306 -0.539875 2.108876 0.012323 0.110212 -0.171410
    32 1.545797 -0.000001 -0.000008 0.000000 0.000000 0.513113
    33 1.667400 -0.000002 0.000008 0.000000 0.000000 0.785377
    34 3.899460 -0.475376 1.170891 -0.037591 0.101270 -0.055752
    35 1.528215 -0.000001 0.000000 0.000000 0.000000 1.575956
    36 1.528217 -0.000001 0.000001 0.000000 0.000000 1.352577
    37 3.899459 -0.431805 -0.168223 0.093305 -0.006316 0.182573
    38 1.506962 0.000000 0.000002 0.000000 0.000000 1.708639
    39 1.506964 0.000001 -0.000001 0.000000 0.000000 1.310683
    40 3.915634 -0.278019 -1.402605 0.217310 -0.078607 0.205835
    41 1.333083 0.000001 0.000003 0.000000 0.000000 1.464281
    42 1.159202 0.000000 -0.000004 0.000000 0.000000 1.370013
    43 3.495615 0.351176 1.563391 1.582244 -0.018583 -3.126153
    44 -2.156468 1.809614 0.001208 0.000000 0.000000 0.000000
    45 -6.613107 1.564316 -0.031845 0.000000 0.000000 0.000000
  time 174
    0 0.928525 1.014336 -19.461068 0.000000 0.000000 -1.570792
    1 0.000000 0.000000 0.000002 -0.000086 -1.570451 -1.570709
    2 4.443615 -0.009642 0.000006 -0.000004 -0.000001 0.000796
    3 12.111412 -0.011446 0.000000 0.000000 0.000000 0.000000
    4 0.000010 0.011442 1.352402 -0.000014 -1.370796 3.140810
    5 6.078090 0.000001 -0.000005 -0.531509 1.219836 -0.541120
    6 13.446754 -0.000001 0.000001 0.000000 0.000000 -0.648458
    7 15.997000 0.000001 -0.000001 -1.683447 0.000000 0.000000
    8 1.885325 0.833276 -2.177876 -1.598016 0.698132 -0.000668
    9 1.506960 -0.000006 0.000000 0.000000 0.000000 -0.139626
    10 0.798348 0.000003 0.000000 0.000000 0.000000 -0.113446
    11 3.950302 -0.539875 -2.108871 -0.000806 0.157080 -0.000126
    12 1.545797 -0.000002 -0.000001 0.000000 0.000000 0.471239
    13 1.667398 0.000001 0.000007 0.000000 0.000000 0.436332
    14 3.899452 -0.475378 -1.170893 -0.000796 0.000000 0.000000
    15 1.528218 0.000003 0.000001 0.000000 0.000000 0.331613
    16 1.528216 -0.000001 -0.000003 0.000000 0.000000 0.479966
    17 3.899459 -0.431804 0.168223 -0.000796 0.000000 0.000000
    18 1.506968 0.000002 -0.000001 0.000000 0.000000 0.427606
    19 1.506962 -0.000001 0.000001 0.000000 0.000000 0.340339
    20 3.915634 -0.278020 1.402608 -0.000796 0.000000 0.000000
    21 1.333080 0.000000 -0.000001 0.000000 0.000000 0.637045
    22 1.159204 0.000000 -0.000002 0.000000 0.000000 0.218166
    23 18.209354 8.207681 -0.352298 -1.582244 0.018583 -3.126150
    24 0.000009 0.011450 -1.352403 -0.000014 1.370796 3.140783
    25 6.078084 0.000001 0.000003 1.123922 -0.815285 -1.218434
    26 13.446750 -0.000005 0.000000 0.000000 0.000000 -1.152088
    27 15.997000 -0.000002 0.000000 1.663959 -0.001626 0.263750
    28 1.885324 0.833275 2.177876 1.172048 -0.644525 0.438889
    29 1.506966 -0.000005 0.000000 0.000000 0.000000 -0.436329
    30 0.798348 -0.000001 -0.000001 0.000000 0.000000 -0.507867
    31 3.950306 -0.539875 2.108876 0.012323 0.110212 -0.171410
    32 1.545797 -0.000001 -0.000008 0.000000 0.000000 0.513113
    33 1.667400 -0.000002 0.000008 0.000000 0.000000 0.785377
    34 3.899460 -0.475376 1.170891 -0.037591 0.101270 -0.055752
    35 1.528215 -0.000001 0.000000 0.000000 0.000000 1.575956
    36 1.528217 -0.000001 0.000001 0.000000 0.000000 1.352577
    37 3.899459 -0.431805 -0.168223 0.093293 -0.006316 0.182573
    38 1.506962 0.000000 0.000002 0.000000 0.000000 1.708639
    39 1.506964 0.000001 -0.000001 0.000000 0.000000 1.310683
    40 3.915634 -0.278019 -1.402605 0.217310 -0.078619 0.205835
    41 1.333083 0.000001 0.000003 0.000000 0.000000 1.464281
    42 1.159202 0.000000 -0.000004 0.000000 0.000000 1.370013
    43 3.495615 0.351176 1.563391 1.582244 -0.018583 -3.126153
    44 -2.156468 1.809614 0.001208 0.000000 0.000000 0.000000
    45 -6.613107 1.564316 -0.031845 0.000000 0.000000 0.000000
  time 175
    0 0.928525 1.014336 -19.461068 0.000000 0.000000 -1.570792
    1 0.000000 0.000000 0.000002 -0.000086 -1.570451 -1.570709
    2 4.443615 -0.009642 0.000006 -0.000004 -0.000001 0.000796
    3 12.111412 -0.011446 0.000000 0.000000 0.000000 0.000000
    4 0.000010 0.011442 1.352402 -0.000014 -1.370796 3.140810
    5 6.078090 0.000001 -0.000005 -0.531509 1.219836 -0.541120
    6 13.446754 -0.000001 0.000001 0.000000 0.000000 -0.648458
    7 15.997000 0.000001 -0.000001 -1.683447 0.000000 0.000000
    8 1.885325 0.833276 -2.177876 -1.598016 0.698132 -0.000668
    9 1.506960 -0.000006 0.000000 0.000000 0.000000 -0.139626
    10 0.798348 0.000003 0.000000 0.000000 0.000000 -0.113446
    11 3.950302 -0.539875 -2.108871 -0.000806 0.157080 -0.000126
    12 1.545797 -0.000002 -0.000001 0.000000 0.000000 0.471239
    13 1.667398 0.000001 0.000007 0.000000 0.000000 0.436332
    14 3.899452 -0.475378 -1.170893 -0.000796 0.000000 0.000000
    15 1.528218 0.000003 0.000001 0.000000 0.000000 0.331613
    16 1.528216 -0.000001 -0.000003 0.000000 0.000000 0.479966
    17 3.899459 -0.431804 0.168223 -0.000796 0.000000 0.000000
    18 1.506968 0.000002 -0.000001 0.000000 0.000000 0.427606
    19 1.506962 -0.000001 0.000001 0.000000 0.000000 0.340339
    20 3.915634 -0.278020 1.402608 -0.000796 0.000000 0.000000
    21 1.333080 0.000000 -0.000001 0.000000 0.000000 0.637045
    22 1.159204 0.000000 -0.000002 0.000000 0.000000 0.218166
    23 18.209354 8.207681 -0.352298 -1.582244 0.018583 -3.126150
    24 0.000009 0.011450 -1.352403 -0.000014 1.370796 3.140783
    25 6.078084 0.000001 0.000003 1.123936 -0.815252 -1.218455
    26 13.446750 -0.000005 0.000000 0.000000 0.000000 -1.152040
    27 15.997000 -0.000002 0.000000 1.664427 -0.001626 0.263726
    28 1.885324 0.833275 2.177876 1.172048 -0.644537 0.438889
    29 1.506966 -0.000005 0.000000 0.000000 0.000000 -0.436329
    30 0.798348 -0.000001 -0.000001 0.000000 0.000000 -0.507867
    31 3.950306 -0.539875 2.108876 0.012323 0.110212 -0.171410
    32 1.545797 -0.000001 -0.000008 0.000000 0.000000 0.513113
    33 1.667400 -0.000002 0.000008 0.000000 0.000000 0.785377
    34 3.899460 -0.475376 1.170891 -0.037591 0.101270 -0.055752
    35 1.528215 -0.000001 0.000000 0.000000 0.000000 1.575956
    36 1.528217 -0.000001 0.000001 0.000000 0.000000 1.352577
    37 3.899459 -0.431805 -0.168223 0.093293 -0.006316 0.182573
    38 1.506962 0.000000 0.000002 0.000000 0.000000 1.708639
    39 1.506964 0.000001 -0.000001 0.000000 0.000000 1.310683
    40 3.915634 -0.278019 -1.402605 0.217310 -0.078619 0.205835
    41 1.333083 0.000001 0.000003 0.000000 0.000000 1.464281
    42 1.159202 0.000000 -0.000004 0.000000 0.000000 1.370013
    43 3.495615 0.351176 1.563391 1.582244 -0.018583 -3.126153
    44 -2.156468 1.809614 0.001208 0.000000 0.000000 0.000000
    45 -6.613107 1.564316 -0.031845 0.000000 0.000000 0.000000
  time 176
    0 0.928525 1.014336 -19.461068 0.000000 0.000000 -1.570792
    1 0.000000 0.000000 0.000002 -0.000086 -1.570451 -1.570709
    2 4.443615 -0.009642 0.000006 -0.000004 -0.000001 0.000796
    3 12.111412 -0.011446 0.000000 0.000000 0.000000 0.000000
    4 0.000010 0.011442 1.352402 -0.000014 -1.370796 3.140810
    5 6.078090 0.000001 -0.000005 -0.531509 1.219836 -0.541120
    6 13.446754 -0.000001 0.000001 0.000000 0.000000 -0.648458
    7 15.997000 0.000001 -0.000001 -1.683447 0.000000 0.000000
    8 1.885325 0.833276 -2.177876 -1.598016 0.698132 -0.000668
    9 1.506960 -0.000006 0.000000 0.000000 0.000000 -0.139626
    10 0.798348 0.000003 0.000000 0.000000 0.000000 -0.113446
    11 3.950302 -0.539875 -2.108871 -0.000806 0.157080 -0.000126
    12 1.545797 -0.000002 -0.000001 0.000000 0.000000 0.471239
    13 1.667398 0.000001 0.000007 0.000000 0.000000 0.436332
    14 3.899452 -0.475378 -1.170893 -0.000796 0.000000 0.000000
    15 1.528218 0.000003 0.000001 0.000000 0.000000 0.331613
    16 1.528216 -0.000001 -0.000003 0.000000 0.000000 0.479966
    17 3.899459 -0.431804 0.168223 -0.000796 0.000000 0.000000
    18 1.506968 0.000002 -0.000001 0.000000 0.000000 0.427606
    19 1.506962 -0.000001 0.000001 0.000000 0.000000 0.340339
    20 3.915634 -0.278020 1.402608 -0.000796 0.000000 0.000000
    21 1.333080 0.000000 -0.000001 0.000000 0.000000 0.637045
    22 1.159204 0.000000 -0.000002 0.000000 0.000000 0.218166
    23 18.209354 8.207681 -0.352298 -1.582244 0.018583 -3.126150
    24 0.000009 0.011450 -1.352403 -0.000014 1.370796 3.140783
    25 6.078084 0.000001 0.000003 1.123936 -0.815219 -1.218476
    26 13.446750 -0.000005 0.000000 0.000000 0.000000 -1.151944
    27 15.997000 -0.000002 0.000000 1.664918 -0.001626 0.263679
    28 1.885324 0.833275 2.177876 1.172048 -0.644537 0.438889
    29 1.506966 -0.000005 0.000000 0.000000 0.000000 -0.436329
    30 0.798348 -0.000001 -0.000001 0.000000 0.000000 -0.507867
    31 3.950306 -0.539875 2.108876 0.012323 0.110212 -0.171410
    32 1.545797 -0.000001 -0.000008 0.000000 0.000000 0.513113
    33 1.667400 -0.000002 0.000008 0.000000 0.000000 0.785377
    34 3.899460 -0.475376 1.170891 -0.037591 0.101270 -0.055752
    35 1.528215 -0.000001 0.000000 0.000000 0.000000 1.575956
    36 1.528217 -0.000001 0.000001 0.000000 0.000000 1.352577
    37 3.899459 -0.431805 -0.168223 0.093293 -0.006316 0.182573
    38 1.506962 0.000000 0.000002 0.000000 0.000000 1.708639
    39 1.506964 0.000001 -0.000001 0.000000 0.000000 1.310683
    40 3.915634 -0.278019 -1.402605 0.217310 -0.078619 0.205835
    41 1.333083 0.000001 0.000003 0.000000 0.000000 1.464281
    42 1.159202 0.000000 -0.000004 0.000000 0.000000 1.370013
    43 3.495615 0.351176 1.563391 1.582244 -0.018583 -3.126153
    44 -2.156468 1.809614 0.001208 0.000000 0.000000 0.000000
    45 -6.613107 1.564316 -0.031845 0.000000 0.000000 0.000000
  time 177
    0 0.928525 1.014336 -19.461068 0.000000 0.000000 -1.570792
    1 0.000000 0.000000 0.000002 -0.000086 -1.570451 -1.570709
    2 4.443615 -0.009642 0.000006 -0.000004 -0.000001 0.000796
    3 12.111412 -0.011446 0.000000 0.000000 0.000000 0.000000
    4 0.000010 0.011442 1.352402 -0.000014 -1.370796 3.140810
    5 6.078090 0.000001 -0.000005 -0.531509 1.219836 -0.541120
    6 13.446754 -0.000001 0.000001 0.000000 0.000000 -0.648458
    7 15.997000 0.000001 -0.000001 -1.683447 0.000000 0.000000
    8 1.885325 0.833276 -2.177876 -1.598016 0.698132 -0.000668
    9 1.506960 -0.000006 0.000000 0.000000 0.000000 -0.139626
    10 0.798348 0.000003 0.000000 0.000000 0.000000 -0.113446
    11 3.950302 -0.539875 -2.108871 -0.000806 0.157080 -0.000126
    12 1.545797 -0.000002 -0.000001 0.000000 0.000000 0.471239
    13 1.667398 0.000001 0.000007 0.000000 0.000000 0.436332
    14 3.899452 -0.475378 -1.170893 -0.000796 0.000000 0.000000
    15 1.528218 0.000003 0.000001 0.000000 0.000000 0.331613
    16 1.528216 -0.000001 -0.000003 0.000000 0.000000 0.479966
    17 3.899459 -0.431804 0.168223 -0.000796 0.000000 0.000000
    18 1.506968 0.000002 -0.000001 0.000000 0.000000 0.427606
    19 1.506962 -0.000001 0.000001 0.000000 0.000000 0.340339
    20 3.915634 -0.278020 1.402608 -0.000796 0.000000 0.000000
    21 1.333080 0.000000 -0.000001 0.000000 0.000000 0.637045
    22 1.159204 0.000000 -0.000002 0.000000 0.000000 0.218166
    23 18.209354 8.207681 -0.352298 -1.582244 0.018583 -3.126150
    24 0.000009 0.011450 -1.352403 -0.000014 1.370796 3.140783
    25 6.078084 0.000001 0.000003 1.123949 -0.815219 -1.218497
    26 13.446750 -0.000005 0.000000 0.000000 0.000000 -1.151799
    27 15.997000 -0.000002 0.000000 1.665361 -0.001626 0.263655
    28 1.885324 0.833275 2.177876 1.172048 -0.644537 0.438889
    29 1.506966 -0.000005 0.000000 0.000000 0.000000 -0.436329
    30 0.798348 -0.000001 -0.000001 0.000000 0.000000 -0.507867
    31 3.950306 -0.539875 2.108876 0.012323 0.110212 -0.171410
    32 1.545797 -0.000001 -0.000008 0.000000 0.000000 0.513113
    33 1.667400 -0.000002 0.000008 0.000000 0.000000 0.785377
    34 3.899460 -0.475376 1.170891 -0.037591 0.101270 -0.055752
    35 1.528215 -0.000001 0.000000 0.000000 0.000000 1.575956
    36 1.528217 -0.000001 0.000001 0.000000 0.000000 1.352577
    37 3.899459 -0.431805 -0.168223 0.093293 -0.006316 0.182573
    38 1.506962 0.000000 0.000002 0.000000 0.000000 1.708639
    39 1.506964 0.000001 -0.000001 0.000000 0.000000 1.310683
    40 3.915634 -0.278019 -1.402605 0.217310 -0.078619 0.205835
    41 1.333083 0.000001 0.000003 0.000000 0.000000 1.464281
    42 1.159202 0.000000 -0.000004 0.000000 0.000000 1.370013
    43 3.495615 0.351176 1.563391 1.582244 -0.018583 -3.126153
    44 -2.156468 1.809614 0.001208 0.000000 0.000000 0.000000
    45 -6.613107 1.564316 -0.031845 0.000000 0.000000 0.000000
  time 178
    0 0.928525 1.014336 -19.461068 0.000000 0.000000 -1.570792
    1 0.000000 0.000000 0.000002 -0.000086 -1.570451 -1.570709
    2 4.443615 -0.009642 0.000006 -0.000004 -0.000001 0.000796
    3 12.111412 -0.011446 0.000000 0.000000 0.000000 0.000000
    4 0.000010 0.011442 1.352402 -0.000014 -1.370796 3.140810
    5 6.078090 0.000001 -0.000005 -0.531509 1.219836 -0.541120
    6 13.446754 -0.000001 0.000001 0.000000 0.000000 -0.648458
    7 15.997000 0.000001 -0.000001 -1.683447 0.000000 0.000000
    8 1.885325 0.833276 -2.177876 -1.598016 0.698132 -0.000668
    9 1.506960 -0.000006 0.000000 0.000000 0.000000 -0.139626
    10 0.798348 0.000003 0.000000 0.000000 0.000000 -0.113446
    11 3.950302 -0.539875 -2.108871 -0.000806 0.157080 -0.000126
    12 1.545797 -0.000002 -0.000001 0.000000 0.000000 0.471239
    13 1.667398 0.000001 0.000007 0.000000 0.000000 0.436332
    14 3.899452 -0.475378 -1.170893 -0.000796 0.000000 0.000000
    15 1.528218 0.000003 0.000001 0.000000 0.000000 0.331613
    16 1.528216 -0.000001 -0.000003 0.000000 0.000000 0.479966
    17 3.899459 -0.431804 0.168223 -0.000796 0.000000 0.000000
    18 1.506968 0.000002 -0.000001 0.000000 0.000000 0.427606
    19 1.506962 -0.000001 0.000001 0.000000 0.000000 0.340339
    20 3.915634 -0.278020 1.402608 -0.000796 0.000000 0.000000
    21 1.333080 0.000000 -0.000001 0.000000 0.000000 0.637045
    22 1.159204 0.000000 -0.000002 0.000000 0.000000 0.218166
    23 18.209354 8.207681 -0.352298 -1.582244 0.018583 -3.126150
    24 0.000009 0.011450 -1.352403 -0.000014 1.370796 3.140783
    25 6.078084 0.000001 0.000003 1.123963 -0.815186 -1.218519
    26 13.446750 -0.000005 0.000000 0.000000 0.000000 -1.151703
    27 15.997000 -0.000002 0.000000 1.665829 -0.001626 0.263607
    28 1.885324 0.833275 2.177876 1.172048 -0.644525 0.438889
    29 1.506966 -0.000005 0.000000 0.000000 0.000000 -0.436329
    30 0.798348 -0.000001 -0.000001 0.000000 0.000000 -0.507867
    31 3.950306 -0.539875 2.108876 0.012323 0.110212 -0.171410
    32 1.545797 -0.000001 -0.000008 0.000000 0.000000 0.513113
    33 1.667400 -0.000002 0.000008 0.000000 0.000000 0.785377
    34 3.899460 -0.475376 1.170891 -0.037591 0.101270 -0.055752
    35 1.528215 -0.000001 0.000000 0.000000 0.000000 1.575956
    36 1.528217 -0.000001 0.000001 0.000000 0.000000 1.352577
    37 3.899459 -0.431805 -0.168223 0.093293 -0.006316 0.182573
    38 1.506962 0.000000 0.000002 0.000000 0.000000 1.708639
    39 1.506964 0.000001 -0.000001 0.000000 0.000000 1.310683
    40 3.915634 -0.278019 -1.402605 0.217310 -0.078619 0.205835
    41 1.333083 0.000001 0.000003 0.000000 0.000000 1.464281
    42 1.159202 0.000000 -0.000004 0.000000 0.000000 1.370013
    43 3.495615 0.351176 1.563391 1.582244 -0.018583 -3.126153
    44 -2.156468 1.809614 0.001208 0.000000 0.000000 0.000000
    45 -6.617014 1.564316 -0.031845 0.000000 0.000000 0.000000
  time 179
    0 0.928525 1.014336 -19.461068 0.000000 0.000000 -1.570792
    1 0.000000 0.000000 0.000002 -0.000086 -1.570451 -1.570709
    2 4.443615 -0.009642 0.000006 -0.000004 -0.000001 0.000796
    3 12.111412 -0.011446 0.000000 0.000000 0.000000 0.000000
    4 0.000010 0.011442 1.352402 -0.000014 -1.370796 3.140810
    5 6.078090 0.000001 -0.000005 -0.531509 1.219836 -0.541120
    6 13.446754 -0.000001 0.000001 0.000000 0.000000 -0.648458
    7 15.997000 0.000001 -0.000001 -1.683447 0.000000 0.000000
    8 1.885325 0.833276 -2.177876 -1.598016 0.698132 -0.000668
    9 1.506960 -0.000006 0.000000 0.000000 0.000000 -0.139626
    10 0.798348 0.000003 0.000000 0.000000 0.000000 -0.113446
    11 3.950302 -0.539875 -2.108871 -0.000806 0.157080 -0.000126
    12 1.545797 -0.000002 -0.000001 0.000000 0.000000 0.471239
    13 1.667398 0.000001 0.000007 0.000000 0.000000 0.436332
    14 3.899452 -0.475378 -1.170893 -0.000796 0.000000 0.000000
    15 1.528218 0.000003 0.000001 0.000000 0.000000 0.331613
    16 1.528216 -0.000001 -0.000003 0.000000 0.000000 0.479966
    17 3.899459 -0.431804 0.168223 -0.000796 0.000000 0.000000
    18 1.506968 0.000002 -0.000001 0.000000 0.000000 0.427606
    19 1.506962 -0.000001 0.000001 0.000000 0.000000 0.340339
    20 3.915634 -0.278020 1.402608 -0.000796 0.000000 0.000000
    21 1.333080 0.000000 -0.000001 0.000000 0.000000 0.637045
    22 1.159204 0.000000 -0.000002 0.000000 0.000000 0.218166
    23 18.209354 8.207681 -0.352298 -1.582244 0.018583 -3.126150
    24 0.000009 0.011450 -1.352403 -0.000014 1.370796 3.140783
    25 6.078084 0.000001 0.000003 1.123963 -0.815186 -1.218540
    26 13.446750 -0.000005 0.000000 0.000000 0.000000 -1.151655
    27 15.997000 -0.000002 0.000000 1.666272 -0.001579 0.263583
    28 1.885324 0.833275 2.177876 1.172048 -0.644537 0.438889
    29 1.506966 -0.000005 0.000000 0.000000 0.000000 -0.436329
    30 0.798348 -0.000001 -0.000001 0.000000 0.000000 -0.507867
    31 3.950306 -0.539875 2.108876 0.012323 0.110212 -0.171410
    32 1.545797 -0.000001 -0.000008 0.000000 0.000000 0.513113
    33 1.667400 -0.000002 0.000008 0.000000 0.000000 0.785377
    34 3.899460 -0.475376 1.170891 -0.037591 0.101270 -0.055752
    35 1.528215 -0.000001 0.000000 0.000000 0.000000 1.575956
    36 1.528217 -0.000001 0.000001 0.000000 0.000000 1.352604
    37 3.899459 -0.431805 -0.168223 0.093293 -0.006316 0.182573
    38 1.506962 0.000000 0.000002 0.000000 0.000000 1.708639
    39 1.506964 0.000001 -0.000001 0.000000 0.000000 1.310683
    40 3.915634 -0.278019 -1.402605 0.217310 -0.078619 0.205835
    41 1.333083 0.000001 0.000003 0.000000 0.000000 1.464281
    42 1.159202 0.000000 -0.000004 0.000000 0.000000 1.370013
    43 3.495615 0.355083 1.563391 1.582244 -0.018583 -3.126153
    44 -2.156468 1.809614 0.001208 0.000000 0.000000 0.000000
    45 -6.613107 1.564316 -0.031845 0.000000 0.000000 0.000000
  time 180
    0 0.928525 1.014336 -19.461068 0.000000 0.000000 -1.570792
    1 0.000000 0.000000 0.000002 -0.000086 -1.570451 -1.570709
    2 4.443615 -0.009642 0.000006 -0.000004 -0.000001 0.000796
    3 12.111412 -0.011446 0.000000 0.000000 0.000000 0.000000
    4 0.000010 0.011442 1.352402 -0.000014 -1.370796 3.140810
    5 6.078090 0.000001 -0.000005 -0.531509 1.219836 -0.541120
    6 13.446754 -0.000001 0.000001 0.000000 0.000000 -0.648458
    7 15.997000 0.000001 -0.000001 -1.683447 0.000000 0.000000
    8 1.885325 0.833276 -2.177876 -1.598016 0.698132 -0.000668
    9 1.506960 -0.000006 0.000000 0.000000 0.000000 -0.139626
    10 0.798348 0.000003 0.000000 0.000000 0.000000 -0.113446
    11 3.950302 -0.539875 -2.108871 -0.000806 0.157080 -0.000126
    12 1.545797 -0.000002 -0.000001 0.000000 0.000000 0.471239
    13 1.667398 0.000001 0.000007 0.000000 0.000000 0.436332
    14 3.899452 -0.475378 -1.170893 -0.000796 0.000000 0.000000
    15 1.528218 0.000003 0.000001 0.000000 0.000000 0.331613
    16 1.528216 -0.000001 -0.000003 0.000000 0.000000 0.479966
    17 3.899459 -0.431804 0.168223 -0.000796 0.000000 0.000000
    18 1.506968 0.000002 -0.000001 0.000000 0.000000 0.427606
    19 1.506962 -0.000001 0.000001 0.000000 0.000000 0.340339
    20 3.915634 -0.278020 1.402608 -0.000796 0.000000 0.000000
    21 1.333080 0.000000 -0.000001 0.000000 0.000000 0.637045
    22 1.159204 0.000000 -0.000002 0.000000 0.000000 0.218166
    23 18.209354 8.207681 -0.352298 -1.582244 0.018583 -3.126150
    24 0.000009 0.011450 -1.352403 -0.000014 1.370796 3.140783
    25 6.078084 0.000001 0.000003 1.123991 -0.815154 -1.218540
    26 13.446750 -0.000005 0.000000 0.000000 0.000000 -1.151607
    27 15.997000 -0.000002 0.000000 1.666716 -0.001579 0.263536
    28 1.885324 0.833275 2.177876 1.172048 -0.644525 0.438889
    29 1.506966 -0.000005 0.000000 0.000000 0.000000 -0.436329
    30 0.798348 -0.000001 -0.000001 0.000000 0.000000 -0.507867
    31 3.950306 -0.539875 2.108876 0.012323 0.110212 -0.171410
    32 1.545797 -0.000001 -0.000008 0.000000 0.000000 0.513113
    33 1.667400 -0.000002 0.000008 0.000000 0.000000 0.785377
    34 3.899460 -0.475376 1.170891 -0.037591 0.101270 -0.055752
    35 1.528215 -0.000001 0.000000 0.000000 0.000000 1.575956
    36 1.528217 -0.000001 0.000001 0.000000 0.000000 1.352577
    37 3.899459 -0.431805 -0.168223 0.093293 -0.006316 0.182573
    38 1.506962 0.000000 0.000002 0.000000 0.000000 1.708639
    39 1.506964 0.000001 -0.000001 0.000000 0.000000 1.310683
    40 3.915634 -0.278019 -1.402605 0.217310 -0.078619 0.205835
    41 1.333083 0.000001 0.000003 0.000000 0.000000 1.464281
    42 1.159202 0.000000 -0.000004 0.000000 0.000000 1.370013
    43 3.495615 0.351176 1.563391 1.582244 -0.018583 -3.126153
    44 -2.156468 1.809614 0.001208 0.000000 0.000000 0.000000
    45 -6.613107 1.564316 -0.031845 0.000000 0.000000 0.000000
  time 181
    0 0.928525 1.014336 -19.461068 0.000000 0.000000 -1.570792
    1 0.000000 0.000000 0.000002 -0.000086 -1.570451 -1.570709
    2 4.443615 -0.009642 0.000006 -0.000004 -0.000001 0.000796
    3 12.111412 -0.011446 0.000000 0.000000 0.000000 0.000000
    4 0.000010 0.011442 1.352402 -0.000014 -1.370796 3.140810
    5 6.078090 0.000001 -0.000005 -0.531509 1.219836 -0.541120
    6 13.446754 -0.000001 0.000001 0.000000 0.000000 -0.648458
    7 15.997000 0.000001 -0.000001 -1.683447 0.000000 0.000000
    8 1.885325 0.833276 -2.177876 -1.598016 0.698132 -0.000668
    9 1.506960 -0.000006 0.000000 0.000000 0.000000 -0.139626
    10 0.798348 0.000003 0.000000 0.000000 0.000000 -0.113446
    11 3.950302 -0.539875 -2.108871 -0.000806 0.157080 -0.000126
    12 1.545797 -0.000002 -0.000001 0.000000 0.000000 0.471239
    13 1.667398 0.000001 0.000007 0.000000 0.000000 0.436332
    14 3.899452 -0.475378 -1.170893 -0.000796 0.000000 0.000000
    15 1.528218 0.000003 0.000001 0.000000 0.000000 0.331613
    16 1.528216 -0.000001 -0.000003 0.000000 0.000000 0.479966
    17 3.899459 -0.431804 0.168223 -0.000796 0.000000 0.000000
    18 1.506968 0.000002 -0.000001 0.000000 0.000000 0.427606
    19 1.506962 -0.000001 0.000001 0.000000 0.000000 0.340339
    20 3.915634 -0.278020 1.402608 -0.000796 0.000000 0.000000
    21 1.333080 0.000000 -0.000001 0.000000 0.000000 0.637045
    22 1.159204 0.000000 -0.000002 0.000000 0.000000 0.218166
    23 18.209354 8.207681 -0.352298 -1.582244 0.018583 -3.126150
    24 0.000009 0.011450 -1.352403 -0.000014 1.370796 3.140783
    25 6.078084 0.000001 0.000003 1.124005 -0.815121 -1.218561
    26 13.446750 -0.000005 0.000000 0.000000 0.000000 -1.151511
    27 15.997000 -0.000002 0.000000 1.667123 -0.001579 0.263488
    28 1.885324 0.833275 2.177876 1.172048 -0.644537 0.438889
    29 1.506966 -0.000005 0.000000 0.000000 0.000000 -0.436329
    30 0.798348 -0.000001 -0.000001 0.000000 0.000000 -0.507867
    31 3.950306 -0.539875 2.108876 0.012323 0.110212 -0.171410
    32 1.545797 -0.000001 -0.000008 0.000000 0.000000 0.513113
    33 1.667400 -0.000002 0.000008 0.000000 0.000000 0.785377
    34 3.899460 -0.475376 1.170891 -0.037591 0.101270 -0.055752
    35 1.528215 -0.000001 0.000000 0.000000 0.000000 1.575956
    36 1.528217 -0.000001 0.000001 0.000000 0.000000 1.352577
    37 3.899459 -0.431805 -0.168223 0.093293 -0.006316 0.182573
    38 1.506962 0.000000 0.000002 0.000000 0.000000 1.708600
    39 1.506964 0.000001 -0.000001 0.000000 0.000000 1.310683
    40 3.915634 -0.278019 -1.402605 0.217310 -0.078619 0.205835
    41 1.333083 0.000001 0.000003 0.000000 0.000000 1.464281
    42 1.159202 0.000000 -0.000004 0.000000 0.000000 1.370013
    43 3.495615 0.355083 1.563391 1.582244 -0.018583 -3.126153
    44 -2.156468 1.809614 0.001208 0.000000 0.000000 0.000000
    45 -6.613107 1.564316 -0.031845 0.000000 0.000000 0.000000
  time 182
    0 0.928525 1.014336 -19.461068 0.000000 0.000000 -1.570792
    1 0.000000 0.000000 0.000002 -0.000086 -1.570451 -1.570709
    2 4.443615 -0.009642 0.000006 -0.000004 -0.000001 0.000796
    3 12.111412 -0.011446 0.000000 0.000000 0.000000 0.000000
    4 0.000010 0.011442 1.352402 -0.000014 -1.370796 3.140810
    5 6.078090 0.000001 -0.000005 -0.531509 1.219836 -0.541120
    6 13.446754 -0.000001 0.000001 0.000000 0.000000 -0.648458
    7 15.997000 0.000001 -0.000001 -1.683447 0.000000 0.000000
    8 1.885325 0.833276 -2.177876 -1.598016 0.698132 -0.000668
    9 1.506960 -0.000006 0.000000 0.000000 0.000000 -0.139626
    10 0.798348 0.000003 0.000000 0.000000 0.000000 -0.113446
    11 3.950302 -0.539875 -2.108871 -0.000806 0.157080 -0.000126
    12 1.545797 -0.000002 -0.000001 0.000000 0.000000 0.471239
    13 1.667398 0.000001 0.000007 0.000000 0.000000 0.436332
    14 3.899452 -0.475378 -1.170893 -0.000796 0.000000 0.000000
    15 1.528218 0.000003 0.000001 0.000000 0.000000 0.331613
    16 1.528216 -0.000001 -0.000003 0.000000 0.000000 0.479966
    17 3.899459 -0.431804 0.168223 -0.000796 0.000000 0.000000
    18 1.506968 0.000002 -0.000001 0.000000 0.000000 0.427606
    19 1.506962 -0.000001 0.000001 0.000000 0.000000 0.340339
    20 3.915634 -0.278020 1.402608 -0.000796 0.000000 0.000000
    21 1.333080 0.000000 -0.000001 0.000000 0.000000 0.637045
    22 1.159204 0.000000 -0.000002 0.000000 0.000000 0.218166
    23 18.209354 8.207681 -0.352298 -1.582244 0.018583 -3.126150
    24 0.000009 0.011450 -1.352403 -0.000014 1.370796 3.140783
    25 6.078084 0.000001 0.000003 1.124018 -0.815121 -1.218582
    26 13.446750 -0.000005 0.000000 0.000000 0.000000 -1.151463
    27 15.997000 -0.000002 0.000000 1.667519 -0.001579 0.263464
    28 1.885324 0.833275 2.177876 1.172048 -0.644537 0.438889
    29 1.506966 -0.000005 0.000000 0.000000 0.000000 -0.436329
    30 0.798348 -0.000001 -0.000001 0.000000 0.000000 -0.507867
    31 3.950306 -0.539875 2.108876 0.012323 0.110212 -0.171410
    32 1.545797 -0.000001 -0.000008 0.000000 0.000000 0.513113
    33 1.667400 -0.000002 0.000008 0.000000 0.000000 0.785377
    34 3.899460 -0.475376 1.170891 -0.037591 0.101270 -0.055752
    35 1.528215 -0.000001 0.000000 0.000000 0.000000 1.575956
    36 1.528217 -0.000001 0.000001 0.000000 0.000000 1.352577
    37 3.899459 -0.431805 -0.168223 0.093293 -0.006316 0.182573
    38 1.506962 0.000000 0.000002 0.000000 0.000000 1.708639
    39 1.506964 0.000001 -0.000001 0.000000 0.000000 1.310683
    40 3.915634 -0.278019 -1.402605 0.217310 -0.078619 0.205835
    41 1.333083 0.000001 0.000003 0.000000 0.000000 1.464281
    42 1.159202 0.000000 -0.000004 0.000000 0.000000 1.370013
    43 3.495615 0.351176 1.563391 1.582244 -0.018583 -3.126153
    44 -2.156468 1.809614 0.001208 0.000000 0.000000 0.000000
    45 -6.613107 1.564316 -0.031845 0.000000 0.000000 0.000000
  time 183
    0 0.928525 1.014336 -19.461068 0.000000 0.000000 -1.570792
    1 0.000000 0.000000 0.000002 -0.000086 -1.570451 -1.570709
    2 4.443615 -0.009642 0.000006 -0.000004 -0.000001 0.000796
    3 12.111412 -0.011446 0.000000 0.000000 0.000000 0.000000
    4 0.000010 0.011442 1.352402 -0.000014 -1.370796 3.140810
    5 6.078090 0.000001 -0.000005 -0.531509 1.219836 -0.541120
    6 13.446754 -0.000001 0.000001 0.000000 0.000000 -0.648458
    7 15.997000 0.000001 -0.000001 -1.683447 0.000000 0.000000
    8 1.885325 0.833276 -2.177876 -1.598016 0.698132 -0.000668
    9 1.506960 -0.000006 0.000000 0.000000 0.000000 -0.139626
    10 0.798348 0.000003 0.000000 0.000000 0.000000 -0.113446
    11 3.950302 -0.539875 -2.108871 -0.000806 0.157080 -0.000126
    12 1.545797 -0.000002 -0.000001 0.000000 0.000000 0.471239
    13 1.667398 0.000001 0.000007 0.000000 0.000000 0.436332
    14 3.899452 -0.475378 -1.170893 -0.000796 0.000000 0.000000
    15 1.528218 0.000003 0.000001 0.000000 0.000000 0.331613
    16 1.528216 -0.000001 -0.000003 0.000000 0.000000 0.479966
    17 3.899459 -0.431804 0.168223 -0.000796 0.000000 0.000000
    18 1.506968 0.000002 -0.000001 0.000000 0.000000 0.427606
    19 1.506962 -0.000001 0.000001 0.000000 0.000000 0.340339
    20 3.915634 -0.278020 1.402608 -0.000796 0.000000 0.000000
    21 1.333080 0.000000 -0.000001 0.000000 0.000000 0.637045
    22 1.159204 0.000000 -0.000002 0.000000 0.000000 0.218166
    23 18.209354 8.207681 -0.352298 -1.582244 0.018583 -3.126150
    24 0.000009 0.011450 -1.352403 -0.000014 1.370796 3.140783
    25 6.078084 0.000001 0.000003 1.124018 -0.815088 -1.218603
    26 13.446750 -0.000005 0.000000 0.000000 0.000000 -1.151415
    27 15.997000 -0.000002 0.000000 1.667890 -0.001579 0.263440
    28 1.885324 0.833275 2.177876 1.172048 -0.644525 0.438889
    29 1.506966 -0.000005 0.000000 0.000000 0.000000 -0.436329
    30 0.798348 -0.000001 -0.000001 0.000000 0.000000 -0.507879
    31 3.950306 -0.539875 2.108876 0.012323 0.110212 -0.171410
    32 1.545797 -0.000001 -0.000008 0.000000 0.000000 0.513113
    33 1.667400 -0.000002 0.000008 0.000000 0.000000 0.785377
    34 3.899460 -0.475376 1.170891 -0.037591 0.101270 -0.055752
    35 1.528215 -0.000001 0.000000 0.000000 0.000000 1.575956
    36 1.528217 -0.000001 0.000001 0.000000 0.000000 1.352577
    37 3.899459 -0.431805 -0.168223 0.093293 -0.006316 0.182573
    38 1.506962 0.000000 0.000002 0.000000 0.000000 1.708639
    39 1.506964 0.000001 -0.000001 0.000000 0.000000 1.310683
    40 3.915634 -0.278019 -1.402605 0.217310 -0.078619 0.205835
    41 1.333083 0.000001 0.000003 0.000000 0.000000 1.464281
    42 1.159202 0.000000 -0.000004 0.000000 0.000000 1.370013
    43 3.495615 0.355083 1.563391 1.582244 -0.018583 -3.126153
    44 -2.156468 1.809614 0.001208 0.000000 0.000000 0.000000
    45 -6.617014 1.564316 -0.031845 0.000000 0.000000 0.000000
  time 184
    0 0.928525 1.014336 -19.461068 0.000000 0.000000 -1.570792
    1 0.000000 0.000000 0.000002 -0.000086 -1.570451 -1.570709
    2 4.443615 -0.009642 0.000006 -0.000004 -0.000001 0.000796
    3 12.111412 -0.011446 0.000000 0.000000 0.000000 0.000000
    4 0.000010 0.011442 1.352402 -0.000014 -1.370796 3.140810
    5 6.078090 0.000001 -0.000005 -0.531509 1.219836 -0.541120
    6 13.446754 -0.000001 0.000001 0.000000 0.000000 -0.648458
    7 15.997000 0.000001 -0.000001 -1.683447 0.000000 0.000000
    8 1.885325 0.833276 -2.177876 -1.598016 0.698132 -0.000668
    9 1.506960 -0.000006 0.000000 0.000000 0.000000 -0.139626
    10 0.798348 0.000003 0.000000 0.000000 0.000000 -0.113446
    11 3.950302 -0.539875 -2.108871 -0.000806 0.157080 -0.000126
    12 1.545797 -0.000002 -0.000001 0.000000 0.000000 0.471239
    13 1.667398 0.000001 0.000007 0.000000 0.000000 0.436332
    14 3.899452 -0.475378 -1.170893 -0.000796 0.000000 0.000000
    15 1.528218 0.000003 0.000001 0.000000 0.000000 0.331613
    16 1.528216 -0.000001 -0.000003 0.000000 0.000000 0.479966
    17 3.899459 -0.431804 0.168223 -0.000796 0.000000 0.000000
    18 1.506968 0.000002 -0.000001 0.000000 0.000000 0.427606
    19 1.506962 -0.000001 0.000001 0.000000 0.000000 0.340339
    20 3.915634 -0.278020 1.402608 -0.000796 0.000000 0.000000
    21 1.333080 0.000000 -0.000001 0.000000 0.000000 0.637045
    22 1.159204 0.000000 -0.000002 0.000000 0.000000 0.218166
    23 18.209354 8.207681 -0.352298 -1.582244 0.018583 -3.126150
    24 0.000009 0.011450 -1.352403 -0.000014 1.370796 3.140783
    25 6.078084 0.000001 0.000003 1.124032 -0.815055 -1.218624
    26 13.446750 -0.000005 0.000000 0.000000 0.000000 -1.151319
    27 15.997000 -0.000002 0.000000 1.668250 -0.001579 0.263393
    28 1.885324 0.833275 2.177876 1.172048 -0.644537 0.438889
    29 1.506966 -0.000005 0.000000 0.000000 0.000000 -0.436329
    30 0.798348 -0.000001 -0.000001 0.000000 0.000000 -0.507867
    31 3.950306 -0.539875 2.108876 0.012323 0.110212 -0.171410
    32 1.545797 -0.000001 -0.000008 0.000000 0.000000 0.513113
    33 1.667400 -0.000002 0.000008 0.000000 0.000000 0.785377
    34 3.899460 -0.475376 1.170891 -0.037591 0.101270 -0.055752
    35 1.528215 -0.000001 0.000000 0.000000 0.000000 1.575956
    36 1.528217 -0.000001 0.000001 0.000000 0.000000 1.352577
    37 3.899459 -0.431805 -0.168223 0.093305 -0.006316 0.182573
    38 1.506962 0.000000 0.000002 0.000000 0.000000 1.708639
    39 1.506964 0.000001 -0.000001 0.000000 0.000000 1.310683
    40 3.915634 -0.278019 -1.402605 0.217310 -0.078619 0.205835
    41 1.333083 0.000001 0.000003 0.000000 0.000000 1.464281
    42 1.159202 0.000000 -0.000004 0.000000 0.000000 1.370013
    43 3.495615 0.351176 1.563391 1.582244 -0.018583 -3.126153
    44 -2.156468 1.809614 0.001208 0.000000 0.000000 0.000000
    45 -6.613107 1.564316 -0.031845 0.000000 0.000000 0.000000
  time 185
    0 0.928525 1.014336 -19.461068 0.000000 0.000000 -1.570792
    1 0.000000 0.000000 0.000002 -0.000086 -1.570451 -1.570709
    2 4.443615 -0.009642 0.000006 -0.000004 -0.000001 0.000796
    3 12.111412 -0.011446 0.000000 0.000000 0.000000 0.000000
    4 0.000010 0.011442 1.352402 -0.000014 -1.370796 3.140810
    5 6.078090 0.000001 -0.000005 -0.531509 1.219836 -0.541120
    6 13.446754 -0.000001 0.000001 0.000000 0.000000 -0.648458
    7 15.997000 0.000001 -0.000001 -1.683447 0.000000 0.000000
    8 1.885325 0.833276 -2.177876 -1.598016 0.698132 -0.000668
    9 1.506960 -0.000006 0.000000 0.000000 0.000000 -0.139626
    10 0.798348 0.000003 0.000000 0.000000 0.000000 -0.113446
    11 3.950302 -0.539875 -2.108871 -0.000806 0.157080 -0.000126
    12 1.545797 -0.000002 -0.000001 0.000000 0.000000 0.471239
    13 1.667398 0.000001 0.000007 0.000000 0.000000 0.436332
    14 3.899452 -0.475378 -1.170893 -0.000796 0.000000 0.000000
    15 1.528218 0.000003 0.000001 0.000000 0.000000 0.331613
    16 1.528216 -0.000001 -0.000003 0.000000 0.000000 0.479966
    17 3.899459 -0.431804 0.168223 -0.000796 0.000000 0.000000
    18 1.506968 0.000002 -0.000001 0.000000 0.000000 0.427606
    19 1.506962 -0.000001 0.000001 0.000000 0.000000 0.340339
    20 3.915634 -0.278020 1.402608 -0.000796 0.000000 0.000000
    21 1.333080 0.000000 -0.000001 0.000000 0.000000 0.637045
    22 1.159204 0.000000 -0.000002 0.000000 0.000000 0.218166
    23 18.209354 8.207681 -0.352298 -1.582244 0.018583 -3.126150
    24 0.000009 0.011450 -1.352403 -0.000014 1.370796 3.140783
    25 6.078084 0.000001 0.000003 1.124060 -0.815022 -1.218645
    26 13.446750 -0.000005 0.000000 0.000000 0.000000 -1.151271
    27 15.997000 -0.000002 0.000000 1.668561 -0.001556 0.263369
    28 1.885324 0.833275 2.177876 1.172048 -0.644537 0.438889
    29 1.506966 -0.000005 0.000000 0.000000 0.000000 -0.436329
    30 0.798348 -0.000001 -0.000001 0.000000 0.000000 -0.507867
    31 3.950306 -0.539875 2.108876 0.012323 0.110212 -0.171410
    32 1.545797 -0.000001 -0.000008 0.000000 0.000000 0.513113
    33 1.667400 -0.000002 0.000008 0.000000 0.000000 0.785377
    34 3.899460 -0.475376 1.170891 -0.037591 0.101270 -0.055752
    35 1.528215 -0.000001 0.000000 0.000000 0.000000 1.575956
    36 1.528217 -0.000001 0.000001 0.000000 0.000000 1.352577
    37 3.899459 -0.431805 -0.168223 0.093293 -0.006316 0.182573
    38 1.506962 0.000000 0.000002 0.000000 0.000000 1.708639
    39 1.506964 0.000001 -0.000001 0.000000 0.000000 1.310683
    40 3.915634 -0.278019 -1.402605 0.217310 -0.078619 0.205835
    41 1.333083 0.000001 0.000003 0.000000 0.000000 1.464281
    42 1.159202 0.000000 -0.000004 0.000000 0.000000 1.370013
    43 3.495615 0.351176 1.563391 1.582244 -0.018583 -3.126153
    44 -2.156468 1.809614 0.001208 0.000000 0.000000 0.000000
    45 -6.613107 1.564316 -0.031845 0.000000 0.000000 0.000000
  time 186
    0 0.928525 1.014336 -19.461068 0.000000 0.000000 -1.570792
    1 0.000000 0.000000 0.000002 -0.000086 -1.570451 -1.570709
    2 4.443615 -0.009642 0.000006 -0.000004 -0.000001 0.000796
    3 12.111412 -0.011446 0.000000 0.000000 0.000000 0.000000
    4 0.000010 0.011442 1.352402 -0.000014 -1.370796 3.140810
    5 6.078090 0.000001 -0.000005 -0.531509 1.219836 -0.541120
    6 13.446754 -0.000001 0.000001 0.000000 0.000000 -0.648458
    7 15.997000 0.000001 -0.000001 -1.683447 0.000000 0.000000
    8 1.885325 0.833276 -2.177876 -1.598016 0.698132 -0.000668
    9 1.506960 -0.000006 0.000000 0.000000 0.000000 -0.139626
    10 0.798348 0.000003 0.000000 0.000000 0.000000 -0.113446
    11 3.950302 -0.539875 -2.108871 -0.000806 0.157080 -0.000126
    12 1.545797 -0.000002 -0.000001 0.000000 0.000000 0.471239
    13 1.667398 0.000001 0.000007 0.000000 0.000000 0.436332
    14 3.899452 -0.475378 -1.170893 -0.000796 0.000000 0.000000
    15 1.528218 0.000003 0.000001 0.000000 0.000000 0.331613
    16 1.528216 -0.000001 -0.000003 0.000000 0.000000 0.479966
    17 3.899459 -0.431804 0.168223 -0.000796 0.000000 0.000000
    18 1.506968 0.000002 -0.000001 0.000000 0.000000 0.427606
    19 1.506962 -0.000001 0.000001 0.000000 0.000000 0.340339
    20 3.915634 -0.278020 1.402608 -0.000796 0.000000 0.000000
    21 1.333080 0.000000 -0.000001 0.000000 0.000000 0.637045
    22 1.159204 0.000000 -0.000002 0.000000 0.000000 0.218166
    23 18.209354 8.207681 -0.352298 -1.582244 0.018583 -3.126150
    24 0.000009 0.011450 -1.352403 -0.000014 1.370796 3.140783
    25 6.078084 0.000001 0.000003 1.124074 -0.815022 -1.218666
    26 13.446750 -0.000005 0.000000 0.000000 0.000000 -1.151174
    27 15.997000 -0.000002 0.000000 1.668849 -0.001556 0.263321
    28 1.885324 0.833275 2.177876 1.172048 -0.644537 0.438889
    29 1.506966 -0.000005 0.000000 0.000000 0.000000 -0.436329
    30 0.798348 -0.000001 -0.000001 0.000000 0.000000 -0.507867
    31 3.950306 -0.539875 2.108876 0.012323 0.110212 -0.171410
    32 1.545797 -0.000001 -0.000008 0.000000 0.000000 0.513125
    33 1.667400 -0.000002 0.000008 0.000000 0.000000 0.785377
    34 3.899460 -0.475376 1.170891 -0.037591 0.101270 -0.055752
    35 1.528215 -0.000001 0.000000 0.000000 0.000000 1.575956
    36 1.528217 -0.000001 0.000001 0.000000 0.000000 1.352577
    37 3.899459 -0.431805 -0.168223 0.093293 -0.006316 0.182573
    38 1.506962 0.000000 0.000002 0.000000 0.000000 1.708600
    39 1.506964 0.000001 -0.000001 0.000000 0.000000 1.310683
    40 3.915634 -0.278019 -1.402605 0.217310 -0.078619 0.205835
    41 1.333083 0.000001 0.000003 0.000000 0.000000 1.464281
    42 1.159202 0.000000 -0.000004 0.000000 0.000000 1.370013
    43 3.495615 0.351176 1.563391 1.582244 -0.018583 -3.126153
    44 -2.156468 1.809614 0.001208 0.000000 0.000000 0.000000
    45 -6.613107 1.564316 -0.031845 0.000000 0.000000 0.000000
  time 187
    0 0.928525 1.014336 -19.461068 0.000000 0.000000 -1.570792
    1 0.000000 0.000000 0.000002 -0.000086 -1.570451 -1.570709
    2 4.443615 -0.009642 0.000006 -0.000004 -0.000001 0.000796
    3 12.111412 -0.011446 0.000000 0.000000 0.000000 0.000000
    4 0.000010 0.011442 1.352402 -0.000014 -1.370796 3.140810
    5 6.078090 0.000001 -0.000005 -0.531509 1.219836 -0.541120
    6 13.446754 -0.000001 0.000001 0.000000 0.000000 -0.648458
    7 15.997000 0.000001 -0.000001 -1.683447 0.000000 0.000000
    8 1.885325 0.833276 -2.177876 -1.598016 0.698132 -0.000668
    9 1.506960 -0.000006 0.000000 0.000000 0.000000 -0.139626
    10 0.798348 0.000003 0.000000 0.000000 0.000000 -0.113446
    11 3.950302 -0.539875 -2.108871 -0.000806 0.157080 -0.000126
    12 1.545797 -0.000002 -0.000001 0.000000 0.000000 0.471239
    13 1.667398 0.000001 0.000007 0.000000 0.000000 0.436332
    14 3.899452 -0.475378 -1.170893 -0.000796 0.000000 0.000000
    15 1.528218 0.000003 0.000001 0.000000 0.000000 0.331613
    16 1.528216 -0.000001 -0.000003 0.000000 0.000000 0.479966
    17 3.899459 -0.431804 0.168223 -0.000796 0.000000 0.000000
    18 1.506968 0.000002 -0.000001 0.000000 0.000000 0.427606
    19 1.506962 -0.000001 0.000001 0.000000 0.000000 0.340339
    20 3.915634 -0.278020 1.402608 -0.000796 0.000000 0.000000
    21 1.333080 0.000000 -0.000001 0.000000 0.000000 0.637045
    22 1.159204 0.000000 -0.000002 0.000000 0.000000 0.218166
    23 18.209354 8.207681 -0.352298 -1.582244 0.018583 -3.126150
    24 0.000009 0.011450 -1.352403 -0.000014 1.370796 3.140783
    25 6.078084 0.000001 0.000003 1.124087 -0.814989 -1.218687
    26 13.446750 -0.000005 0.000000 0.000000 0.000000 -1.151126
    27 15.997000 -0.000002 0.000000 1.669089 -0.001556 0.263297
    28 1.885324 0.833275 2.177876 1.172048 -0.644537 0.438889
    29 1.506966 -0.000005 0.000000 0.000000 0.000000 -0.436329
    30 0.798348 -0.000001 -0.000001 0.000000 0.000000 -0.507867
    31 3.950306 -0.539875 2.108876 0.012323 0.110212 -0.171410
    32 1.545797 -0.000001 -0.000008 0.000000 0.000000 0.513113
    33 1.667400 -0.000002 0.000008 0.000000 0.000000 0.785377
    34 3.899460 -0.475376 1.170891 -0.037591 0.101270 -0.055752
    35 1.528215 -0.000001 0.000000 0.000000 0.000000 1.575956
    36 1.528217 -0.000001 0.000001 0.000000 0.000000 1.352577
    37 3.899459 -0.431805 -0.168223 0.093293 -0.006316 0.182573
    38 1.506962 0.000000 0.000002 0.000000 0.000000 1.708639
    39 1.506964 0.000001 -0.000001 0.000000 0.000000 1.310683
    40 3.915634 -0.278019 -1.402605 0.217310 -0.078619 0.205835
    41 1.333083 0.000001 0.000003 0.000000 0.000000 1.464281
    42 1.159202 0.000000 -0.000004 0.000000 0.000000 1.370013
    43 3.495615 0.351176 1.563391 1.582244 -0.018583 -3.126153
    44 -2.156468 1.809614 0.001208 0.000000 0.000000 0.000000
    45 -6.613107 1.564316 -0.031845 0.000000 0.000000 0.000000
  time 188
    0 0.928525 1.014336 -19.461068 0.000000 0.000000 -1.570792
    1 0.000000 0.000000 0.000002 -0.000086 -1.570451 -1.570709
    2 4.443615 -0.009642 0.000006 -0.000004 -0.000001 0.000796
    3 12.111412 -0.011446 0.000000 0.000000 0.000000 0.000000
    4 0.000010 0.011442 1.352402 -0.000014 -1.370796 3.140810
    5 6.078090 0.000001 -0.000005 -0.531509 1.219836 -0.541120
    6 13.446754 -0.000001 0.000001 0.000000 0.000000 -0.648458
    7 15.997000 0.000001 -0.000001 -1.683447 0.000000 0.000000
    8 1.885325 0.833276 -2.177876 -1.598016 0.698132 -0.000668
    9 1.506960 -0.000006 0.000000 0.000000 0.000000 -0.139626
    10 0.798348 0.000003 0.000000 0.000000 0.000000 -0.113446
    11 3.950302 -0.539875 -2.108871 -0.000806 0.157080 -0.000126
    12 1.545797 -0.000002 -0.000001 0.000000 0.000000 0.471239
    13 1.667398 0.000001 0.000007 0.000000 0.000000 0.436332
    14 3.899452 -0.475378 -1.170893 -0.000796 0.000000 0.000000
    15 1.528218 0.000003 0.000001 0.000000 0.000000 0.331613
    16 1.528216 -0.000001 -0.000003 0.000000 0.000000 0.479966
    17 3.899459 -0.431804 0.168223 -0.000796 0.000000 0.000000
    18 1.506968 0.000002 -0.000001 0.000000 0.000000 0.427606
    19 1.506962 -0.000001 0.000001 0.000000 0.000000 0.340339
    20 3.915634 -0.278020 1.402608 -0.000796 0.000000 0.000000
    21 1.333080 0.000000 -0.000001 0.000000 0.000000 0.637045
    22 1.159204 0.000000 -0.000002 0.000000 0.000000 0.218166
    23 18.209354 8.207681 -0.352298 -1.582244 0.018583 -3.126150
    24 0.000009 0.011450 -1.352403 -0.000014 1.370796 3.140783
    25 6.078084 0.000001 0.000003 1.124101 -0.814956 -1.218687
    26 13.446750 -0.000005 0.000000 0.000000 0.000000 -1.151078
    27 15.997000 -0.000002 0.000000 1.669304 -0.001556 0.263274
    28 1.885324 0.833275 2.177876 1.172048 -0.644525 0.438889
    29 1.506966 -0.000005 0.000000 0.000000 0.000000 -0.436329
    30 0.798348 -0.000001 -0.000001 0.000000 0.000000 -0.507867
    31 3.950306 -0.539875 2.108876 0.012323 0.110212 -0.171410
    32 1.545797 -0.000001 -0.000008 0.000000 0.000000 0.513113
    33 1.667400 -0.000002 0.000008 0.000000 0.000000 0.785377
    34 3.899460 -0.475376 1.170891 -0.037591 0.101270 -0.055752
    35 1.528215 -0.000001 0.000000 0.000000 0.000000 1.575956
    36 1.528217 -0.000001 0.000001 0.000000 0.000000 1.352577
    37 3.899459 -0.431805 -0.168223 0.093305 -0.006316 0.182573
    38 1.506962 0.000000 0.000002 0.000000 0.000000 1.708639
    39 1.506964 0.000001 -0.000001 0.000000 0.000000 1.310683
    40 3.915634 -0.278019 -1.402605 0.217310 -0.078619 0.205835
    41 1.333083 0.000001 0.000003 0.000000 0.000000 1.464281
    42 1.159202 0.000000 -0.000004 0.000000 0.000000 1.370013
    43 3.495615 0.351176 1.563391 1.582244 -0.018583 -3.126153
    44 -2.156468 1.809614 0.001208 0.000000 0.000000 0.000000
    45 -6.613107 1.564316 -0.031845 0.000000 0.000000 0.000000
  time 189
    0 0.928525 1.014336 -19.461068 0.000000 0.000000 -1.570792
    1 0.000000 0.000000 0.000002 -0.000086 -1.570451 -1.570709
    2 4.443615 -0.009642 0.000006 -0.000004 -0.000001 0.000796
    3 12.111412 -0.011446 0.000000 0.000000 0.000000 0.000000
    4 0.000010 0.011442 1.352402 -0.000014 -1.370796 3.140810
    5 6.078090 0.000001 -0.000005 -0.531509 1.219836 -0.541120
    6 13.446754 -0.000001 0.000001 0.000000 0.000000 -0.648458
    7 15.997000 0.000001 -0.000001 -1.683447 0.000000 0.000000
    8 1.885325 0.833276 -2.177876 -1.598016 0.698132 -0.000668
    9 1.506960 -0.000006 0.000000 0.000000 0.000000 -0.139626
    10 0.798348 0.000003 0.000000 0.000000 0.000000 -0.113446
    11 3.950302 -0.539875 -2.108871 -0.000806 0.157080 -0.000126
    12 1.545797 -0.000002 -0.000001 0.000000 0.000000 0.471239
    13 1.667398 0.000001 0.000007 0.000000 0.000000 0.436332
    14 3.899452 -0.475378 -1.170893 -0.000796 0.000000 0.000000
    15 1.528218 0.000003 0.000001 0.000000 0.000000 0.331613
    16 1.528216 -0.000001 -0.000003 0.000000 0.000000 0.479966
    17 3.899459 -0.431804 0.168223 -0.000796 0.000000 0.000000
    18 1.506968 0.000002 -0.000001 0.000000 0.000000 0.427606
    19 1.506962 -0.000001 0.000001 0.000000 0.000000 0.340339
    20 3.915634 -0.278020 1.402608 -0.000796 0.000000 0.000000
    21 1.333080 0.000000 -0.000001 0.000000 0.000000 0.637045
    22 1.159204 0.000000 -0.000002 0.000000 0.000000 0.218166
    23 18.209354 8.207681 -0.352298 -1.582244 0.018583 -3.126150
    24 0.000009 0.011450 -1.352403 -0.000014 1.370796 3.140783
    25 6.078084 0.000001 0.000003 1.124101 -0.814923 -1.218708
    26 13.446750 -0.000005 0.000000 0.000000 0.000000 -1.151030
    27 15.997000 -0.000002 0.000000 1.669472 -0.001556 0.263250
    28 1.885324 0.833275 2.177876 1.172048 -0.644525 0.438889
    29 1.506966 -0.000005 0.000000 0.000000 0.000000 -0.436329
    30 0.798348 -0.000001 -0.000001 0.000000 0.000000 -0.507867
    31 3.950306 -0.539875 2.108876 0.012323 0.110212 -0.171410
    32 1.545797 -0.000001 -0.000008 0.000000 0.000000 0.513113
    33 1.667400 -0.000002 0.000008 0.000000 0.000000 0.785377
    34 3.899460 -0.475376 1.170891 -0.037591 0.101270 -0.055752
    35 1.528215 -0.000001 0.000000 0.000000 0.000000 1.575956
    36 1.528217 -0.000001 0.000001 0.000000 0.000000 1.352577
    37 3.899459 -0.431805 -0.168223 0.093293 -0.006316 0.182573
    38 1.506962 0.000000 0.000002 0.000000 0.000000 1.708639
    39 1.506964 0.000001 -0.000001 0.000000 0.000000 1.310683
    40 3.915634 -0.278019 -1.402605 0.217310 -0.078619 0.205835
    41 1.333083 0.000001 0.000003 0.000000 0.000000 1.464281
    42 1.159202 0.000000 -0.000004 0.000000 0.000000 1.370013
    43 3.495615 0.351176 1.563391 1.582244 -0.018583 -3.126153
    44 -2.156468 1.809614 0.001208 0.000000 0.000000 0.000000
    45 -6.613107 1.564316 -0.031845 0.000000 0.000000 0.000000
  time 190
    0 0.928525 1.014336 -19.461068 0.000000 0.000000 -1.570792
    1 0.000000 0.000000 0.000002 -0.000086 -1.570451 -1.570709
    2 4.443615 -0.009642 0.000006 -0.000004 -0.000001 0.000796
    3 12.111412 -0.011446 0.000000 0.000000 0.000000 0.000000
    4 0.000010 0.011442 1.352402 -0.000014 -1.370796 3.140810
    5 6.078090 0.000001 -0.000005 -0.531509 1.219836 -0.541120
    6 13.446754 -0.000001 0.000001 0.000000 0.000000 -0.648458
    7 15.997000 0.000001 -0.000001 -1.683447 0.000000 0.000000
    8 1.885325 0.833276 -2.177876 -1.598016 0.698132 -0.000668
    9 1.506960 -0.000006 0.000000 0.000000 0.000000 -0.139626
    10 0.798348 0.000003 0.000000 0.000000 0.000000 -0.113446
    11 3.950302 -0.539875 -2.108871 -0.000806 0.157080 -0.000126
    12 1.545797 -0.000002 -0.000001 0.000000 0.000000 0.471239
    13 1.667398 0.000001 0.000007 0.000000 0.000000 0.436332
    14 3.899452 -0.475378 -1.170893 -0.000796 0.000000 0.000000
    15 1.528218 0.000003 0.000001 0.000000 0.000000 0.331613
    16 1.528216 -0.000001 -0.000003 0.000000 0.000000 0.479966
    17 3.899459 -0.431804 0.168223 -0.000796 0.000000 0.000000
    18 1.506968 0.000002 -0.000001 0.000000 0.000000 0.427606
    19 1.506962 -0.000001 0.000001 0.000000 0.000000 0.340339
    20 3.915634 -0.278020 1.402608 -0.000796 0.000000 0.000000
    21 1.333080 0.000000 -0.000001 0.000000 0.000000 0.637045
    22 1.159204 0.000000 -0.000002 0.000000 0.000000 0.218166
    23 18.209354 8.207681 -0.352298 -1.582244 0.018583 -3.126150
    24 0.000009 0.011450 -1.352403 -0.000014 1.370796 3.140783
    25 6.078084 0.000001 0.000003 1.124129 -0.814891 -1.218729
    26 13.446750 -0.000005 0.000000 0.000000 0.000000 -1.151030
    27 15.997000 -0.000002 0.000000 1.669604 -0.001556 0.263226
    28 1.885324 0.833275 2.177876 1.172048 -0.644537 0.438889
    29 1.506966 -0.000005 0.000000 0.000000 0.000000 -0.436329
    30 0.798348 -0.000001 -0.000001 0.000000 0.000000 -0.507867
    31 3.950306 -0.539875 2.108876 0.012323 0.110212 -0.171410
    32 1.545797 -0.000001 -0.000008 0.000000 0.000000 0.513113
    33 1.667400 -0.000002 0.000008 0.000000 0.000000 0.785377
    34 3.899460 -0.475376 1.170891 -0.037591 0.101270 -0.055752
    35 1.528215 -0.000001 0.000000 0.000000 0.000000 1.575956
    36 1.528217 -0.000001 0.000001 0.000000 0.000000 1.352604
    37 3.899459 -0.431805 -0.168223 0.093293 -0.006316 0.182573
    38 1.506962 0.000000 0.000002 0.000000 0.000000 1.708639
    39 1.506964 0.000001 -0.000001 0.000000 0.000000 1.310683
    40 3.915634 -0.278019 -1.402605 0.217310 -0.078619 0.205835
    41 1.333083 0.000001 0.000003 0.000000 0.000000 1.464281
    42 1.159202 0.000000 -0.000004 0.000000 0.000000 1.370013
    43 3.495615 0.351176 1.563391 1.582244 -0.018583 -3.126153
    44 -2.156468 1.809614 0.001208 0.000000 0.000000 0.000000
    45 -6.613107 1.564316 -0.031845 0.000000 0.000000 0.000000
  time 191
    0 0.928525 1.014336 -19.461068 0.000000 0.000000 -1.570792
    1 0.000000 0.000000 0.000002 -0.000086 -1.570451 -1.570709
    2 4.443615 -0.009642 0.000006 -0.000004 -0.000001 0.000796
    3 12.111412 -0.011446 0.000000 0.000000 0.000000 0.000000
    4 0.000010 0.011442 1.352402 -0.000014 -1.370796 3.140810
    5 6.078090 0.000001 -0.000005 -0.531509 1.219836 -0.541120
    6 13.446754 -0.000001 0.000001 0.000000 0.000000 -0.648458
    7 15.997000 0.000001 -0.000001 -1.683447 0.000000 0.000000
    8 1.885325 0.833276 -2.177876 -1.598016 0.698132 -0.000668
    9 1.506960 -0.000006 0.000000 0.000000 0.000000 -0.139626
    10 0.798348 0.000003 0.000000 0.000000 0.000000 -0.113446
    11 3.950302 -0.539875 -2.108871 -0.000806 0.157080 -0.000126
    12 1.545797 -0.000002 -0.000001 0.000000 0.000000 0.471239
    13 1.667398 0.000001 0.000007 0.000000 0.000000 0.436332
    14 3.899452 -0.475378 -1.170893 -0.000796 0.000000 0.000000
    15 1.528218 0.000003 0.000001 0.000000 0.000000 0.331613
    16 1.528216 -0.000001 -0.000003 0.000000 0.000000 0.479966
    17 3.899459 -0.431804 0.168223 -0.000796 0.000000 0.000000
    18 1.506968 0.000002 -0.000001 0.000000 0.000000 0.427606
    19 1.506962 -0.000001 0.000001 0.000000 0.000000 0.340339
    20 3.915634 -0.278020 1.402608 -0.000796 0.000000 0.000000
    21 1.333080 0.000000 -0.000001 0.000000 0.000000 0.637045
    22 1.159204 0.000000 -0.000002 0.000000 0.000000 0.218166
    23 18.209354 8.207681 -0.352298 -1.582244 0.018583 -3.126150
    24 0.000009 0.011450 -1.352403 -0.000014 1.370796 3.140783
    25 6.078084 0.000001 0.000003 1.124143 -0.814891 -1.218750
    26 13.446750 -0.000005 0.000000 0.000000 0.000000 -1.150982
    27 15.997000 -0.000002 0.000000 1.669556 -0.001556 0.263202
    28 1.885324 0.833275 2.177876 1.172048 -0.644525 0.438889
    29 1.506966 -0.000005 0.000000 0.000000 0.000000 -0.436329
    30 0.798348 -0.000001 -0.000001 0.000000 0.000000 -0.507867
    31 3.950306 -0.539875 2.108876 0.012323 0.110212 -0.171410
    32 1.545797 -0.000001 -0.000008 0.000000 0.000000 0.513113
    33 1.667400 -0.000002 0.000008 0.000000 0.000000 0.785377
    34 3.899460 -0.475376 1.170891 -0.037591 0.101270 -0.055752
    35 1.528215 -0.000001 0.000000 0.000000 0.000000 1.575956
    36 1.528217 -0.000001 0.000001 0.000000 0.000000 1.352577
    37 3.899459 -0.431805 -0.168223 0.093305 -0.006316 0.182573
    38 1.506962 0.000000 0.000002 0.000000 0.000000 1.708639
    39 1.506964 0.000001 -0.000001 0.000000 0.000000 1.310683
    40 3.915634 -0.278019 -1.402605 0.217310 -0.078619 0.205835
    41 1.333083 0.000001 0.000003 0.000000 0.000000 1.464281
    42 1.159202 0.000000 -0.000004 0.000000 0.000000 1.370013
    43 3.495615 0.351176 1.563391 1.582244 -0.018583 -3.126153
    44 -2.156468 1.809614 0.001208 0.000000 0.000000 0.000000
    45 -6.613107 1.564316 -0.031845 0.000000 0.000000 0.000000
  time 192
    0 0.928525 1.014336 -19.461068 0.000000 0.000000 -1.570792
    1 0.000000 0.000000 0.000002 -0.000086 -1.570451 -1.570709
    2 4.443615 -0.009642 0.000006 -0.000004 -0.000001 0.000796
    3 12.111412 -0.011446 0.000000 0.000000 0.000000 0.000000
    4 0.000010 0.011442 1.352402 -0.000014 -1.370796 3.140810
    5 6.078090 0.000001 -0.000005 -0.531509 1.219836 -0.541120
    6 13.446754 -0.000001 0.000001 0.000000 0.000000 -0.648458
    7 15.997000 0.000001 -0.000001 -1.683447 0.000000 0.000000
    8 1.885325 0.833276 -2.177876 -1.598016 0.698132 -0.000668
    9 1.506960 -0.000006 0.000000 0.000000 0.000000 -0.139626
    10 0.798348 0.000003 0.000000 0.000000 0.000000 -0.113446
    11 3.950302 -0.539875 -2.108871 -0.000806 0.157080 -0.000126
    12 1.545797 -0.000002 -0.000001 0.000000 0.000000 0.471239
    13 1.667398 0.000001 0.000007 0.000000 0.000000 0.436332
    14 3.899452 -0.475378 -1.170893 -0.000796 0.000000 0.000000
    15 1.528218 0.000003 0.000001 0.000000 0.000000 0.331613
    16 1.528216 -0.000001 -0.000003 0.000000 0.000000 0.479966
    17 3.899459 -0.431804 0.168223 -0.000796 0.000000 0.000000
    18 1.506968 0.000002 -0.000001 0.000000 0.000000 0.427606
    19 1.506962 -0.000001 0.000001 0.000000 0.000000 0.340339
    20 3.915634 -0.278020 1.402608 -0.000796 0.000000 0.000000
    21 1.333080 0.000000 -0.000001 0.000000 0.000000 0.637045
    22 1.159204 0.000000 -0.000002 0.000000 0.000000 0.218166
    23 18.209354 8.207681 -0.352298 -1.582244 0.018583 -3.126150
    24 0.000009 0.011450 -1.352403 -0.000014 1.370796 3.140783
    25 6.078084 0.000001 0.000003 1.124157 -0.814825 -1.218771
    26 13.446750 -0.000005 0.000000 0.000000 0.000000 -1.151030
    27 15.997000 -0.000002 0.000000 1.669256 -0.001556 0.263202
    28 1.885324 0.833275 2.177876 1.172048 -0.644537 0.438889
    29 1.506966 -0.000005 0.000000 0.000000 0.000000 -0.436329
    30 0.798348 -0.000001 -0.000001 0.000000 0.000000 -0.507867
    31 3.950306 -0.539875 2.108876 0.012323 0.110212 -0.171410
    32 1.545797 -0.000001 -0.000008 0.000000 0.000000 0.513113
    33 1.667400 -0.000002 0.000008 0.000000 0.000000 0.785377
    34 3.899460 -0.475376 1.170891 -0.037591 0.101270 -0.055752
    35 1.528215 -0.000001 0.000000 0.000000 0.000000 1.575956
    36 1.528217 -0.000001 0.000001 0.000000 0.000000 1.352577
    37 3.899459 -0.431805 -0.168223 0.093305 -0.006316 0.182573
    38 1.506962 0.000000 0.000002 0.000000 0.000000 1.708639
    39 1.506964 0.000001 -0.000001 0.000000 0.000000 1.310683
    40 3.915634 -0.278019 -1.402605 0.217310 -0.078619 0.205835
    41 1.333083 0.000001 0.000003 0.000000 0.000000 1.464281
    42 1.159202 0.000000 -0.000004 0.000000 0.000000 1.370013
    43 3.495615 0.351176 1.563391 1.582244 -0.018583 -3.126153
    44 -2.156468 1.809614 0.001208 0.000000 0.000000 0.000000
    45 -6.613107 1.564316 -0.031845 0.000000 0.000000 0.000000
  time 193
    0 0.928525 1.014336 -19.461068 0.000000 0.000000 -1.570792
    1 0.000000 0.000000 0.000002 -0.000086 -1.570451 -1.570709
    2 4.443615 -0.009642 0.000006 -0.000004 -0.000001 0.000796
    3 12.111412 -0.011446 0.000000 0.000000 0.000000 0.000000
    4 0.000010 0.011442 1.352402 -0.000014 -1.370796 3.140810
    5 6.078090 0.000001 -0.000005 -0.531509 1.219836 -0.541120
    6 13.446754 -0.000001 0.000001 0.000000 0.000000 -0.648458
    7 15.997000 0.000001 -0.000001 -1.683447 0.000000 0.000000
    8 1.885325 0.833276 -2.177876 -1.598016 0.698132 -0.000668
    9 1.506960 -0.000006 0.000000 0.000000 0.000000 -0.139626
    10 0.798348 0.000003 0.000000 0.000000 0.000000 -0.113446
    11 3.950302 -0.539875 -2.108871 -0.000806 0.157080 -0.000126
    12 1.545797 -0.000002 -0.000001 0.000000 0.000000 0.471239
    13 1.667398 0.000001 0.000007 0.000000 0.000000 0.436332
    14 3.899452 -0.475378 -1.170893 -0.000796 0.000000 0.000000
    15 1.528218 0.000003 0.000001 0.000000 0.000000 0.331613
    16 1.528216 -0.000001 -0.000003 0.000000 0.000000 0.479966
    17 3.899459 -0.431804 0.168223 -0.000796 0.000000 0.000000
    18 1.506968 0.000002 -0.000001 0.000000 0.000000 0.427606
    19 1.506962 -0.000001 0.000001 0.000000 0.000000 0.340339
    20 3.915634 -0.278020 1.402608 -0.000796 0.000000 0.000000
    21 1.333080 0.000000 -0.000001 0.000000 0.000000 0.637045
    22 1.159204 0.000000 -0.000002 0.000000 0.000000 0.218166
    23 18.209354 8.207681 -0.352298 -1.582244 0.018583 -3.126150
    24 0.000009 0.011450 -1.352403 -0.000014 1.370796 3.140783
    25 6.078084 0.000001 0.000003 1.124157 -0.814792 -1.218792
    26 13.446750 -0.000005 0.000000 0.000000 0.000000 -1.151078
    27 15.997000 -0.000002 0.000000 1.668789 -0.001556 0.263178
    28 1.885324 0.833275 2.177876 1.172048 -0.644537 0.438889
    29 1.506966 -0.000005 0.000000 0.000000 0.000000 -0.436329
    30 0.798348 -0.000001 -0.000001 0.000000 0.000000 -0.507867
    31 3.950306 -0.539875 2.108876 0.012323 0.110212 -0.171410
    32 1.545797 -0.000001 -0.000008 0.000000 0.000000 0.513113
    33 1.667400 -0.000002 0.000008 0.000000 0.000000 0.785377
    34 3.899460 -0.475376 1.170891 -0.037591 0.101270 -0.055752
    35 1.528215 -0.000001 0.000000 0.000000 0.000000 1.575956
    36 1.528217 -0.000001 0.000001 0.000000 0.000000 1.352577
    37 3.899459 -0.431805 -0.168223 0.093293 -0.006316 0.182573
    38 1.506962 0.000000 0.000002 0.000000 0.000000 1.708639
    39 1.506964 0.000001 -0.000001 0.000000 0.000000 1.310683
    40 3.915634 -0.278019 -1.402605 0.217310 -0.078619 0.205835
    41 1.333083 0.000001 0.000003 0.000000 0.000000 1.464281
    42 1.159202 0.000000 -0.000004 0.000000 0.000000 1.370013
    43 3.495615 0.351176 1.563391 1.582244 -0.018583 -3.126153
    44 -2.156468 1.809614 0.001208 0.000000 0.000000 0.000000
    45 -6.613107 1.564316 -0.031845 0.000000 0.000000 0.000000
  time 194
    0 0.928525 1.014336 -19.461068 0.000000 0.000000 -1.570792
    1 0.000000 0.000000 0.000002 -0.000086 -1.570451 -1.570709
    2 4.443615 -0.009642 0.000006 -0.000004 -0.000001 0.000796
    3 12.111412 -0.011446 0.000000 0.000000 0.000000 0.000000
    4 0.000010 0.011442 1.352402 -0.000014 -1.370796 3.140810
    5 6.078090 0.000001 -0.000005 -0.531509 1.219836 -0.541120
    6 13.446754 -0.000001 0.000001 0.000000 0.000000 -0.648458
    7 15.997000 0.000001 -0.000001 -1.683447 0.000000 0.000000
    8 1.885325 0.833276 -2.177876 -1.598016 0.698132 -0.000668
    9 1.506960 -0.000006 0.000000 0.000000 0.000000 -0.139626
    10 0.798348 0.000003 0.000000 0.000000 0.000000 -0.113446
    11 3.950302 -0.539875 -2.108871 -0.000806 0.157080 -0.000126
    12 1.545797 -0.000002 -0.000001 0.000000 0.000000 0.471239
    13 1.667398 0.000001 0.000007 0.000000 0.000000 0.436332
    14 3.899452 -0.475378 -1.170893 -0.000796 0.000000 0.000000
    15 1.528218 0.000003 0.000001 0.000000 0.000000 0.331613
    16 1.528216 -0.000001 -0.000003 0.000000 0.000000 0.479966
    17 3.899459 -0.431804 0.168223 -0.000796 0.000000 0.000000
    18 1.506968 0.000002 -0.000001 0.000000 0.000000 0.427606
    19 1.506962 -0.000001 0.000001 0.000000 0.000000 0.340339
    20 3.915634 -0.278020 1.402608 -0.000796 0.000000 0.000000
    21 1.333080 0.000000 -0.000001 0.000000 0.000000 0.637045
    22 1.159204 0.000000 -0.000002 0.000000 0.000000 0.218166
    23 18.209354 8.207681 -0.352298 -1.582244 0.018583 -3.126150
    24 0.000009 0.011450 -1.352403 -0.000014 1.370796 3.140783
    25 6.078084 0.000001 0.000003 1.124198 -0.814759 -1.218813
    26 13.446750 -0.000005 0.000000 0.000000 0.000000 -1.151126
    27 15.997000 -0.000002 0.000000 1.668142 -0.001556 0.263178
    28 1.885324 0.833275 2.177876 1.172048 -0.644537 0.438889
    29 1.506966 -0.000005 0.000000 0.000000 0.000000 -0.436329
    30 0.798348 -0.000001 -0.000001 0.000000 0.000000 -0.507879
    31 3.950306 -0.539875 2.108876 0.012323 0.110212 -0.171410
    32 1.545797 -0.000001 -0.000008 0.000000 0.000000 0.513113
    33 1.667400 -0.000002 0.000008 0.000000 0.000000 0.785377
    34 3.899460 -0.475376 1.170891 -0.037591 0.101270 -0.055752
    35 1.528215 -0.000001 0.000000 0.000000 0.000000 1.575956
    36 1.528217 -0.000001 0.000001 0.000000 0.000000 1.352577
    37 3.899459 -0.431805 -0.168223 0.093293 -0.006316 0.182573
    38 1.506962 0.000000 0.000002 0.000000 0.000000 1.708639
    39 1.506964 0.000001 -0.000001 0.000000 0.000000 1.310683
    40 3.915634 -0.278019 -1.402605 0.217310 -0.078619 0.205835
    41 1.333083 0.000001 0.000003 0.000000 0.000000 1.464281
    42 1.159202 0.000000 -0.000004 0.000000 0.000000 1.370013
    43 3.495615 0.351176 1.563391 1.582244 -0.018583 -3.126153
    44 -2.156468 1.809614 0.001208 0.000000 0.000000 0.000000
    45 -6.613107 1.564316 -0.031845 0.000000 0.000000 0.000000
  time 195
    0 0.928525 1.014336 -19.461068 0.000000 0.000000 -1.570792
    1 0.000000 0.000000 0.000002 -0.000086 -1.570451 -1.570709
    2 4.443615 -0.009642 0.000006 -0.000004 -0.000001 0.000796
    3 12.111412 -0.011446 0.000000 0.000000 0.000000 0.000000
    4 0.000010 0.011442 1.352402 -0.000014 -1.370796 3.140810
    5 6.078090 0.000001 -0.000005 -0.531509 1.219836 -0.541120
    6 13.446754 -0.000001 0.000001 0.000000 0.000000 -0.648458
    7 15.997000 0.000001 -0.000001 -1.683447 0.000000 0.000000
    8 1.885325 0.833276 -2.177876 -1.598016 0.698132 -0.000668
    9 1.506960 -0.000006 0.000000 0.000000 0.000000 -0.139626
    10 0.798348 0.000003 0.000000 0.000000 0.000000 -0.113446
    11 3.950302 -0.539875 -2.108871 -0.000806 0.157080 -0.000126
    12 1.545797 -0.000002 -0.000001 0.000000 0.000000 0.471239
    13 1.667398 0.000001 0.000007 0.000000 0.000000 0.436332
    14 3.899452 -0.475378 -1.170893 -0.000796 0.000000 0.000000
    15 1.528218 0.000003 0.000001 0.000000 0.000000 0.331613
    16 1.528216 -0.000001 -0.000003 0.000000 0.000000 0.479966
    17 3.899459 -0.431804 0.168223 -0.000796 0.000000 0.000000
    18 1.506968 0.000002 -0.000001 0.000000 0.000000 0.427606
    19 1.506962 -0.000001 0.000001 0.000000 0.000000 0.340339
    20 3.915634 -0.278020 1.402608 -0.000796 0.000000 0.000000
    21 1.333080 0.000000 -0.000001 0.000000 0.000000 0.637045
    22 1.159204 0.000000 -0.000002 0.000000 0.000000 0.218166
    23 18.209354 8.207681 -0.352298 -1.582244 0.018583 -3.126150
    24 0.000009 0.011450 -1.352403 -0.000014 1.370796 3.140783
    25 6.078084 0.000001 0.000003 1.124226 -0.814693 -1.218834
    26 13.446750 -0.000005 0.000000 0.000000 0.000000 -1.151271
    27 15.997000 -0.000002 0.000000 1.667411 -0.001556 0.263178
    28 1.885324 0.833275 2.177876 1.172048 -0.644537 0.438889
    29 1.506966 -0.000005 0.000000 0.000000 0.000000 -0.436329
    30 0.798348 -0.000001 -0.000001 0.000000 0.000000 -0.507867
    31 3.950306 -0.539875 2.108876 0.012323 0.110212 -0.171410
    32 1.545797 -0.000001 -0.000008 0.000000 0.000000 0.513113
    33 1.667400 -0.000002 0.000008 0.000000 0.000000 0.785377
    34 3.899460 -0.475376 1.170891 -0.037591 0.101270 -0.055752
    35 1.528215 -0.000001 0.000000 0.000000 0.000000 1.575956
    36 1.528217 -0.000001 0.000001 0.000000 0.000000 1.352577
    37 3.899459 -0.431805 -0.168223 0.093305 -0.006316 0.182573
    38 1.506962 0.000000 0.000002 0.000000 0.000000 1.708639
    39 1.506964 0.000001 -0.000001 0.000000 0.000000 1.310683
    40 3.915634 -0.278019 -1.402605 0.217310 -0.078619 0.205835
    41 1.333083 0.000001 0.000003 0.000000 0.000000 1.464281
    42 1.159202 0.000000 -0.000004 0.000000 0.000000 1.370013
    43 3.495615 0.351176 1.563391 1.582244 -0.018583 -3.126153
    44 -2.156468 1.809614 0.001208 0.000000 0.000000 0.000000
    45 -6.613107 1.564316 -0.031845 0.000000 0.000000 0.000000
  time 196
    0 0.928525 1.014336 -19.461068 0.000000 0.000000 -1.570792
    1 0.000000 0.000000 0.000002 -0.000086 -1.570451 -1.570709
    2 4.443615 -0.009642 0.000006 -0.000004 -0.000001 0.000796
    3 12.111412 -0.011446 0.000000 0.000000 0.000000 0.000000
    4 0.000010 0.011442 1.352402 -0.000014 -1.370796 3.140810
    5 6.078090 0.000001 -0.000005 -0.531509 1.219836 -0.541120
    6 13.446754 -0.000001 0.000001 0.000000 0.000000 -0.648458
    7 15.997000 0.000001 -0.000001 -1.683447 0.000000 0.000000
    8 1.885325 0.833276 -2.177876 -1.598016 0.698132 -0.000668
    9 1.506960 -0.000006 0.000000 0.000000 0.000000 -0.139626
    10 0.798348 0.000003 0.000000 0.000000 0.000000 -0.113446
    11 3.950302 -0.539875 -2.108871 -0.000806 0.157080 -0.000126
    12 1.545797 -0.000002 -0.000001 0.000000 0.000000 0.471239
    13 1.667398 0.000001 0.000007 0.000000 0.000000 0.436332
    14 3.899452 -0.475378 -1.170893 -0.000796 0.000000 0.000000
    15 1.528218 0.000003 0.000001 0.000000 0.000000 0.331613
    16 1.528216 -0.000001 -0.000003 0.000000 0.000000 0.479966
    17 3.899459 -0.431804 0.168223 -0.000796 0.000000 0.000000
    18 1.506968 0.000002 -0.000001 0.000000 0.000000 0.427606
    19 1.506962 -0.000001 0.000001 0.000000 0.000000 0.340339
    20 3.915634 -0.278020 1.402608 -0.000796 0.000000 0.000000
    21 1.333080 0.000000 -0.000001 0.000000 0.000000 0.637045
    22 1.159204 0.000000 -0.000002 0.000000 0.000000 0.218166
    23 18.209354 8.207681 -0.352298 -1.582244 0.018583 -3.126150
    24 0.000009 0.011450 -1.352403 -0.000014 1.370796 3.140783
    25 6.078084 0.000001 0.000003 1.124226 -0.814628 -1.218855
    26 13.446750 -0.000005 0.000000 0.000000 0.000000 -1.151367
    27 15.997000 -0.000002 0.000000 1.666632 -0.001556 0.263154
    28 1.885324 0.833275 2.177876 1.172048 -0.644537 0.438889
    29 1.506966 -0.000005 0.000000 0.000000 0.000000 -0.436329
    30 0.798348 -0.000001 -0.000001 0.000000 0.000000 -0.507879
    31 3.950306 -0.539875 2.108876 0.012323 0.110212 -0.171410
    32 1.545797 -0.000001 -0.000008 0.000000 0.000000 0.513113
    33 1.667400 -0.000002 0.000008 0.000000 0.000000 0.785377
    34 3.899460 -0.475376 1.170891 -0.037591 0.101270 -0.055752
    35 1.528215 -0.000001 0.000000 0.000000 0.000000 1.575956
    36 1.528217 -0.000001 0.000001 0.000000 0.000000 1.352577
    37 3.899459 -0.431805 -0.168223 0.093293 -0.006316 0.182573
    38 1.506962 0.000000 0.000002 0.000000 0.000000 1.708639
    39 1.506964 0.000001 -0.000001 0.000000 0.000000 1.310683
    40 3.915634 -0.278019 -1.402605 0.217310 -0.078619 0.205835
    41 1.333083 0.000001 0.000003 0.000000 0.000000 1.464281
    42 1.159202 0.000000 -0.000004 0.000000 0.000000 1.370013
    43 3.495615 0.351176 1.563391 1.582244 -0.018583 -3.126153
    44 -2.156468 1.809614 0.001208 0.000000 0.000000 0.000000
    45 -6.613107 1.564316 -0.031845 0.000000 0.000000 0.000000
  time 197
    0 0.928525 1.014336 -19.461068 0.000000 0.000000 -1.570792
    1 0.000000 0.000000 0.000002 -0.000086 -1.570451 -1.570709
    2 4.443615 -0.009642 0.000006 -0.000004 -0.000001 0.000796
    3 12.111412 -0.011446 0.000000 0.000000 0.000000 0.000000
    4 0.000010 0.011442 1.352402 -0.000014 -1.370796 3.140810
    5 6.078090 0.000001 -0.000005 -0.531509 1.219836 -0.541120
    6 13.446754 -0.000001 0.000001 0.000000 0.000000 -0.648458
    7 15.997000 0.000001 -0.000001 -1.683447 0.000000 0.000000
    8 1.885325 0.833276 -2.177876 -1.598016 0.698132 -0.000668
    9 1.506960 -0.000006 0.000000 0.000000 0.000000 -0.139626
    10 0.798348 0.000003 0.000000 0.000000 0.000000 -0.113446
    11 3.950302 -0.539875 -2.108871 -0.000806 0.157080 -0.000126
    12 1.545797 -0.000002 -0.000001 0.000000 0.000000 0.471239
    13 1.667398 0.000001 0.000007 0.000000 0.000000 0.436332
    14 3.899452 -0.475378 -1.170893 -0.000796 0.000000 0.000000
    15 1.528218 0.000003 0.000001 0.000000 0.000000 0.331613
    16 1.528216 -0.000001 -0.000003 0.000000 0.000000 0.479966
    17 3.899459 -0.431804 0.168223 -0.000796 0.000000 0.000000
    18 1.506968 0.000002 -0.000001 0.000000 0.000000 0.427606
    19 1.506962 -0.000001 0.000001 0.000000 0.000000 0.340339
    20 3.915634 -0.278020 1.402608 -0.000796 0.000000 0.000000
    21 1.333080 0.000000 -0.000001 0.000000 0.000000 0.637045
    22 1.159204 0.000000 -0.000002 0.000000 0.000000 0.218166
    23 18.209354 8.207681 -0.352298 -1.582244 0.018583 -3.126150
    24 0.000009 0.011450 -1.352403 -0.000014 1.370796 3.140783
    25 6.078084 0.000001 0.000003 1.124253 -0.814595 -1.218876
    26 13.446750 -0.000005 0.000000 0.000000 0.000000 -1.151463
    27 15.997000 -0.000002 0.000000 1.665829 -0.001556 0.263154
    28 1.885324 0.833275 2.177876 1.172048 -0.644537 0.438889
    29 1.506966 -0.000005 0.000000 0.000000 0.000000 -0.436329
    30 0.798348 -0.000001 -0.000001 0.000000 0.000000 -0.507867
    31 3.950306 -0.539875 2.108876 0.012323 0.110212 -0.171410
    32 1.545797 -0.000001 -0.000008 0.000000 0.000000 0.513113
    33 1.667400 -0.000002 0.000008 0.000000 0.000000 0.785377
    34 3.899460 -0.475376 1.170891 -0.037591 0.101270 -0.055752
    35 1.528215 -0.000001 0.000000 0.000000 0.000000 1.575956
    36 1.528217 -0.000001 0.000001 0.000000 0.000000 1.352604
    37 3.899459 -0.431805 -0.168223 0.093293 -0.006316 0.182573
    38 1.506962 0.000000 0.000002 0.000000 0.000000 1.708639
    39 1.506964 0.000001 -0.000001 0.000000 0.000000 1.310683
    40 3.915634 -0.278019 -1.402605 0.217310 -0.078619 0.205835
    41 1.333083 0.000001 0.000003 0.000000 0.000000 1.464281
    42 1.159202 0.000000 -0.000004 0.000000 0.000000 1.370013
    43 3.495615 0.351176 1.563391 1.582244 -0.018583 -3.126153
    44 -2.156468 1.809614 0.001208 0.000000 0.000000 0.000000
    45 -6.613107 1.564316 -0.031845 0.000000 0.000000 0.000000
  time 198
    0 0.928525 1.014336 -19.461068 0.000000 0.000000 -1.570792
    1 0.000000 0.000000 0.000002 -0.000086 -1.570451 -1.570709
    2 4.443615 -0.009642 0.000006 -0.000004 -0.000001 0.000796
    3 12.111412 -0.011446 0.000000 0.000000 0.000000 0.000000
    4 0.000010 0.011442 1.352402 -0.000014 -1.370796 3.140810
    5 6.078090 0.000001 -0.000005 -0.531509 1.219836 -0.541120
    6 13.446754 -0.000001 0.000001 0.000000 0.000000 -0.648458
    7 15.997000 0.000001 -0.000001 -1.683447 0.000000 0.000000
    8 1.885325 0.833276 -2.177876 -1.598016 0.698132 -0.000668
    9 1.506960 -0.000006 0.000000 0.000000 0.000000 -0.139626
    10 0.798348 0.000003 0.000000 0.000000 0.000000 -0.113446
    11 3.950302 -0.539875 -2.108871 -0.000806 0.157080 -0.000126
    12 1.545797 -0.000002 -0.000001 0.000000 0.000000 0.471239
    13 1.667398 0.000001 0.000007 0.000000 0.000000 0.436332
    14 3.899452 -0.475378 -1.170893 -0.000796 0.000000 0.000000
    15 1.528218 0.000003 0.000001 0.000000 0.000000 0.331613
    16 1.528216 -0.000001 -0.000003 0.000000 0.000000 0.479966
    17 3.899459 -0.431804 0.168223 -0.000796 0.000000 0.000000
    18 1.506968 0.000002 -0.000001 0.000000 0.000000 0.427606
    19 1.506962 -0.000001 0.000001 0.000000 0.000000 0.340339
    20 3.915634 -0.278020 1.402608 -0.000796 0.000000 0.000000
    21 1.333080 0.000000 -0.000001 0.000000 0.000000 0.637045
    22 1.159204 0.000000 -0.000002 0.000000 0.000000 0.218166
    23 18.209354 8.207681 -0.352298 -1.582244 0.018583 -3.126150
    24 0.000009 0.011450 -1.352403 -0.000014 1.370796 3.140783
    25 6.078084 0.000001 0.000003 1.124267 -0.814529 -1.218897
    26 13.446750 -0.000005 0.000000 0.000000 0.000000 -1.151559
    27 15.997000 -0.000002 0.000000 1.665074 -0.001556 0.263154
    28 1.885324 0.833275 2.177876 1.172048 -0.644525 0.438889
    29 1.506966 -0.000005 0.000000 0.000000 0.000000 -0.436329
    30 0.798348 -0.000001 -0.000001 0.000000 0.000000 -0.507867
    31 3.950306 -0.539875 2.108876 0.012323 0.110212 -0.171410
    32 1.545797 -0.000001 -0.000008 0.000000 0.000000 0.513113
    33 1.667400 -0.000002 0.000008 0.000000 0.000000 0.785377
    34 3.899460 -0.475376 1.170891 -0.037591 0.101270 -0.055752
    35 1.528215 -0.000001 0.000000 0.000000 0.000000 1.575956
    36 1.528217 -0.000001 0.000001 0.000000 0.000000 1.352577
    37 3.899459 -0.431805 -0.168223 0.093293 -0.006316 0.182573
    38 1.506962 0.000000 0.000002 0.000000 0.000000 1.708639
    39 1.506964 0.000001 -0.000001 0.000000 0.000000 1.310683
    40 3.915634 -0.278019 -1.402605 0.217310 -0.078619 0.205835
    41 1.333083 0.000001 0.000003 0.000000 0.000000 1.464281
    42 1.159202 0.000000 -0.000004 0.000000 0.000000 1.370013
    43 3.495615 0.351176 1.563391 1.582244 -0.018583 -3.126153
    44 -2.156468 1.809614 0.001208 0.000000 0.000000 0.000000
    45 -6.613107 1.564316 -0.031845 0.000000 0.000000 0.000000
  time 199
    0 0.928525 1.014336 -19.461068 0.000000 0.000000 -1.570792
    1 0.000000 0.000000 0.000002 -0.000086 -1.570451 -1.570709
    2 4.443615 -0.009642 0.000006 -0.000004 -0.000001 0.000796
    3 12.111412 -0.011446 0.000000 0.000000 0.000000 0.000000
    4 0.000010 0.011442 1.352402 -0.000014 -1.370796 3.140810
    5 6.078090 0.000001 -0.000005 -0.531509 1.219836 -0.541120
    6 13.446754 -0.000001 0.000001 0.000000 0.000000 -0.648458
    7 15.997000 0.000001 -0.000001 -1.683447 0.000000 0.000000
    8 1.885325 0.833276 -2.177876 -1.598016 0.698132 -0.000668
    9 1.506960 -0.000006 0.000000 0.000000 0.000000 -0.139626
    10 0.798348 0.000003 0.000000 0.000000 0.000000 -0.113446
    11 3.950302 -0.539875 -2.108871 -0.000806 0.157080 -0.000126
    12 1.545797 -0.000002 -0.000001 0.000000 0.000000 0.471239
    13 1.667398 0.000001 0.000007 0.000000 0.000000 0.436332
    14 3.899452 -0.475378 -1.170893 -0.000796 0.000000 0.000000
    15 1.528218 0.000003 0.000001 0.000000 0.000000 0.331613
    16 1.528216 -0.000001 -0.000003 0.000000 0.000000 0.479966
    17 3.899459 -0.431804 0.168223 -0.000796 0.000000 0.000000
    18 1.506968 0.000002 -0.000001 0.000000 0.000000 0.427606
    19 1.506962 -0.000001 0.000001 0.000000 0.000000 0.340339
    20 3.915634 -0.278020 1.402608 -0.000796 0.000000 0.000000
    21 1.333080 0.000000 -0.000001 0.000000 0.000000 0.637045
    22 1.159204 0.000000 -0.000002 0.000000 0.000000 0.218166
    23 18.209354 8.207681 -0.352298 -1.582244 0.018583 -3.126150
    24 0.000009 0.011450 -1.352403 -0.000014 1.370796 3.140783
    25 6.078084 0.000001 0.000003 1.124295 -0.814463 -1.218918
    26 13.446750 -0.000005 0.000000 0.000000 0.000000 -1.151703
    27 15.997000 -0.000002 0.000000 1.664391 -0.001556 0.263154
    28 1.885324 0.833275 2.177876 1.172048 -0.644537 0.438889
    29 1.506966 -0.000005 0.000000 0.000000 0.000000 -0.436329
    30 0.798348 -0.000001 -0.000001 0.000000 0.000000 -0.507867
    31 3.950306 -0.539875 2.108876 0.012323 0.110212 -0.171410
    32 1.545797 -0.000001 -0.000008 0.000000 0.000000 0.513113
    33 1.667400 -0.000002 0.000008 0.000000 0.000000 0.785377
    34 3.899460 -0.475376 1.170891 -0.037591 0.101270 -0.055752
    35 1.528215 -0.000001 0.000000 0.000000 0.000000 1.575956
    36 1.528217 -0.000001 0.000001 0.000000 0.000000 1.352577
    37 3.899459 -0.431805 -0.168223 0.093293 -0.006316 0.182573
    38 1.506962 0.000000 0.000002 0.000000 0.000000 1.708639
    39 1.506964 0.000001 -0.000001 0.000000 0.000000 1.310683
    40 3.915634 -0.278019 -1.402605 0.217310 -0.078619 0.205835
    41 1.333083 0.000001 0.000003 0.000000 0.000000 1.464281
    42 1.159202 0.000000 -0.000004 0.000000 0.000000 1.370013
    43 3.495615 0.351176 1.563391 1.582244 -0.018583 -3.126153
    44 -2.156468 1.809614 0.001208 0.000000 0.000000 0.000000
    45 -6.613107 1.564316 -0.031845 0.000000 0.000000 0.000000
  time 200
    0 0.928525 1.014336 -19.461068 0.000000 0.000000 -1.570792
    1 0.000000 0.000000 0.000002 -0.000086 -1.570451 -1.570709
    2 4.443615 -0.009642 0.000006 -0.000004 -0.000001 0.000796
    3 12.111412 -0.011446 0.000000 0.000000 0.000000 0.000000
    4 0.000010 0.011442 1.352402 -0.000014 -1.370796 3.140810
    5 6.078090 0.000001 -0.000005 -0.531509 1.219836 -0.541120
    6 13.446754 -0.000001 0.000001 0.000000 0.000000 -0.648458
    7 15.997000 0.000001 -0.000001 -1.683447 0.000000 0.000000
    8 1.885325 0.833276 -2.177876 -1.598016 0.698132 -0.000668
    9 1.506960 -0.000006 0.000000 0.000000 0.000000 -0.139626
    10 0.798348 0.000003 0.000000 0.000000 0.000000 -0.113446
    11 3.950302 -0.539875 -2.108871 -0.000806 0.157080 -0.000126
    12 1.545797 -0.000002 -0.000001 0.000000 0.000000 0.471239
    13 1.667398 0.000001 0.000007 0.000000 0.000000 0.436332
    14 3.899452 -0.475378 -1.170893 -0.000796 0.000000 0.000000
    15 1.528218 0.000003 0.000001 0.000000 0.000000 0.331613
    16 1.528216 -0.000001 -0.000003 0.000000 0.000000 0.479966
    17 3.899459 -0.431804 0.168223 -0.000796 0.000000 0.000000
    18 1.506968 0.000002 -0.000001 0.000000 0.000000 0.427606
    19 1.506962 -0.000001 0.000001 0.000000 0.000000 0.340339
    20 3.915634 -0.278020 1.402608 -0.000796 0.000000 0.000000
    21 1.333080 0.000000 -0.000001 0.000000 0.000000 0.637045
    22 1.159204 0.000000 -0.000002 0.000000 0.000000 0.218166
    23 18.209354 8.207681 -0.352298 -1.582244 0.018583 -3.126150
    24 0.000009 0.011450 -1.352403 -0.000014 1.370796 3.140783
    25 6.078084 0.000001 0.000003 1.124322 -0.814430 -1.218939
    26 13.446750 -0.000005 0.000000 0.000000 0.000000 -1.151847
    27 15.997000 -0.000002 0.000000 1.663839 -0.001556 0.263154
    28 1.885324 0.833275 2.177876 1.172048 -0.644537 0.438889
    29 1.506966 -0.000005 0.000000 0.000000 0.000000 -0.436329
    30 0.798348 -0.000001 -0.000001 0.000000 0.000000 -0.507867
    31 3.950306 -0.539875 2.108876 0.012323 0.110212 -0.171410
    32 1.545797 -0.000001 -0.000008 0.000000 0.000000 0.513113
    33 1.667400 -0.000002 0.000008 0.000000 0.000000 0.785377
    34 3.899460 -0.475376 1.170891 -0.037591 0.101270 -0.055752
    35 1.528215 -0.000001 0.000000 0.000000 0.000000 1.575956
    36 1.528217 -0.000001 0.000001 0.000000 0.000000 1.352577
    37 3.899459 -0.431805 -0.168223 0.093293 -0.006316 0.182573
    38 1.506962 0.000000 0.000002 0.000000 0.000000 1.708600
    39 1.506964 0.000001 -0.000001 0.000000 0.000000 1.310683
    40 3.915634 -0.278019 -1.402605 0.217310 -0.078619 0.205835
    41 1.333083 0.000001 0.000003 0.000000 0.000000 1.464281
    42 1.159202 0.000000 -0.000004 0.000000 0.000000 1.370013
    43 3.495615 0.351176 1.563391 1.582244 -0.018583 -3.126153
    44 -2.156468 1.809614 0.001208 0.000000 0.000000 0.000000
    45 -6.613107 1.564316 -0.031845 0.000000 0.000000 0.000000
  time 201
    0 0.928525 1.014336 -19.461068 0.000000 0.000000 -1.570792
    1 0.000000 0.000000 0.000002 -0.000086 -1.570451 -1.570709
    2 4.443615 -0.009642 0.000006 -0.000004 -0.000001 0.000796
    3 12.111412 -0.011446 0.000000 0.000000 0.000000 0.000000
    4 0.000010 0.011442 1.352402 -0.000014 -1.370796 3.140810
    5 6.078090 0.000001 -0.000005 -0.531509 1.219836 -0.541120
    6 13.446754 -0.000001 0.000001 0.000000 0.000000 -0.648458
    7 15.997000 0.000001 -0.000001 -1.683447 0.000000 0.000000
    8 1.885325 0.833276 -2.177876 -1.598016 0.698132 -0.000668
    9 1.506960 -0.000006 0.000000 0.000000 0.000000 -0.139626
    10 0.798348 0.000003 0.000000 0.000000 0.000000 -0.113446
    11 3.950302 -0.539875 -2.108871 -0.000806 0.157080 -0.000126
    12 1.545797 -0.000002 -0.000001 0.000000 0.000000 0.471239
    13 1.667398 0.000001 0.000007 0.000000 0.000000 0.436332
    14 3.899452 -0.475378 -1.170893 -0.000796 0.000000 0.000000
    15 1.528218 0.000003 0.000001 0.000000 0.000000 0.331613
    16 1.528216 -0.000001 -0.000003 0.000000 0.000000 0.479966
    17 3.899459 -0.431804 0.168223 -0.000796 0.000000 0.000000
    18 1.506968 0.000002 -0.000001 0.000000 0.000000 0.427606
    19 1.506962 -0.000001 0.000001 0.000000 0.000000 0.340339
    20 3.915634 -0.278020 1.402608 -0.000796 0.000000 0.000000
    21 1.333080 0.000000 -0.000001 0.000000 0.000000 0.637045
    22 1.159204 0.000000 -0.000002 0.000000 0.000000 0.218166
    23 18.209354 8.207681 -0.352298 -1.582244 0.018583 -3.126150
    24 0.000009 0.011450 -1.352403 -0.000014 1.370796 3.140783
    25 6.078084 0.000001 0.000003 1.124350 -0.814397 -1.218939
    26 13.446750 -0.000005 0.000000 0.000000 0.000000 -1.151992
    27 15.997000 -0.000002 0.000000 1.663492 -0.001556 0.263154
    28 1.885324 0.833275 2.177876 1.172048 -0.644537 0.438889
    29 1.506966 -0.000005 0.000000 0.000000 0.000000 -0.436329
    30 0.798348 -0.000001 -0.000001 0.000000 0.000000 -0.507867
    31 3.950306 -0.539875 2.108876 0.012323 0.110212 -0.171410
    32 1.545797 -0.000001 -0.000008 0.000000 0.000000 0.513113
    33 1.667400 -0.000002 0.000008 0.000000 0.000000 0.785377
    34 3.899460 -0.475376 1.170891 -0.037591 0.101270 -0.055752
    35 1.528215 -0.000001 0.000000 0.000000 0.000000 1.575956
    36 1.528217 -0.000001 0.000001 0.000000 0.000000 1.352577
    37 3.899459 -0.431805 -0.168223 0.093293 -0.006316 0.182573
    38 1.506962 0.000000 0.000002 0.000000 0.000000 1.708639
    39 1.506964 0.000001 -0.000001 0.000000 0.000000 1.310683
    40 3.915634 -0.278019 -1.402605 0.217310 -0.078619 0.205835
    41 1.333083 0.000001 0.000003 0.000000 0.000000 1.464281
    42 1.159202 0.000000 -0.000004 0.000000 0.000000 1.370013
    43 3.495615 0.351176 1.563391 1.582244 -0.018583 -3.126153
    44 -2.156468 1.809614 0.001208 0.000000 0.000000 0.000000
    45 -6.613107 1.564316 -0.031845 0.000000 0.000000 0.000000
  time 202
    0 0.928525 1.014336 -19.461068 0.000000 0.000000 -1.570792
    1 0.000000 0.000000 0.000002 -0.000086 -1.570451 -1.570709
    2 4.443615 -0.009642 0.000006 -0.000004 -0.000001 0.000796
    3 12.111412 -0.011446 0.000000 0.000000 0.000000 0.000000
    4 0.000010 0.011442 1.352402 -0.000014 -1.370796 3.140810
    5 6.078090 0.000001 -0.000005 -0.531509 1.219836 -0.541120
    6 13.446754 -0.000001 0.000001 0.000000 0.000000 -0.648458
    7 15.997000 0.000001 -0.000001 -1.683447 0.000000 0.000000
    8 1.885325 0.833276 -2.177876 -1.598016 0.698132 -0.000668
    9 1.506960 -0.000006 0.000000 0.000000 0.000000 -0.139626
    10 0.798348 0.000003 0.000000 0.000000 0.000000 -0.113446
    11 3.950302 -0.539875 -2.108871 -0.000806 0.157080 -0.000126
    12 1.545797 -0.000002 -0.000001 0.000000 0.000000 0.471239
    13 1.667398 0.000001 0.000007 0.000000 0.000000 0.436332
    14 3.899452 -0.475378 -1.170893 -0.000796 0.000000 0.000000
    15 1.528218 0.000003 0.000001 0.000000 0.000000 0.331613
    16 1.528216 -0.000001 -0.000003 0.000000 0.000000 0.479966
    17 3.899459 -0.431804 0.168223 -0.000796 0.000000 0.000000
    18 1.506968 0.000002 -0.000001 0.000000 0.000000 0.427606
    19 1.506962 -0.000001 0.000001 0.000000 0.000000 0.340339
    20 3.915634 -0.278020 1.402608 -0.000796 0.000000 0.000000
    21 1.333080 0.000000 -0.000001 0.000000 0.000000 0.637045
    22 1.159204 0.000000 -0.000002 0.000000 0.000000 0.218166
    23 18.209354 8.207681 -0.352298 -1.582244 0.018583 -3.126150
    24 0.000009 0.011450 -1.352403 -0.000014 1.370796 3.140783
    25 6.078084 0.000001 0.000003 1.124364 -0.814365 -1.218960
    26 13.446750 -0.000005 0.000000 0.000000 0.000000 -1.152136
    27 15.997000 -0.000002 0.000000 1.663372 -0.001556 0.263154
    28 1.885324 0.833275 2.177876 1.172048 -0.644537 0.438889
    29 1.506966 -0.000005 0.000000 0.000000 0.000000 -0.436329
    30 0.798348 -0.000001 -0.000001 0.000000 0.000000 -0.507867
    31 3.950306 -0.539875 2.108876 0.012323 0.110212 -0.171410
    32 1.545797 -0.000001 -0.000008 0.000000 0.000000 0.513113
    33 1.667400 -0.000002 0.000008 0.000000 0.000000 0.785377
    34 3.899460 -0.475376 1.170891 -0.037591 0.101270 -0.055752
    35 1.528215 -0.000001 0.000000 0.000000 0.000000 1.575956
    36 1.528217 -0.000001 0.000001 0.000000 0.000000 1.352604
    37 3.899459 -0.431805 -0.168223 0.093293 -0.006316 0.182573
    38 1.506962 0.000000 0.000002 0.000000 0.000000 1.708639
    39 1.506964 0.000001 -0.000001 0.000000 0.000000 1.310683
    40 3.915634 -0.278019 -1.402605 0.217310 -0.078619 0.205835
    41 1.333083 0.000001 0.000003 0.000000 0.000000 1.464281
    42 1.159202 0.000000 -0.000004 0.000000 0.000000 1.370013
    43 3.495615 0.351176 1.563391 1.582244 -0.018583 -3.126153
    44 -2.156468 1.809614 0.001208 0.000000 0.000000 0.000000
    45 -6.613107 1.564316 -0.031845 0.000000 0.000000 0.000000
  time 203
    0 0.928525 1.014336 -19.461068 0.000000 0.000000 -1.570792
    1 0.000000 0.000000 0.000002 -0.000086 -1.570451 -1.570709
    2 4.443615 -0.009642 0.000006 -0.000004 -0.000001 0.000796
    3 12.111412 -0.011446 0.000000 0.000000 0.000000 0.000000
    4 0.000010 0.011442 1.352402 -0.000014 -1.370796 3.140810
    5 6.078090 0.000001 -0.000005 -0.531509 1.219836 -0.541120
    6 13.446754 -0.000001 0.000001 0.000000 0.000000 -0.648458
    7 15.997000 0.000001 -0.000001 -1.683447 0.000000 0.000000
    8 1.885325 0.833276 -2.177876 -1.598016 0.698132 -0.000668
    9 1.506960 -0.000006 0.000000 0.000000 0.000000 -0.139626
    10 0.798348 0.000003 0.000000 0.000000 0.000000 -0.113446
    11 3.950302 -0.539875 -2.108871 -0.000806 0.157080 -0.000126
    12 1.545797 -0.000002 -0.000001 0.000000 0.000000 0.471239
    13 1.667398 0.000001 0.000007 0.000000 0.000000 0.436332
    14 3.899452 -0.475378 -1.170893 -0.000796 0.000000 0.000000
    15 1.528218 0.000003 0.000001 0.000000 0.000000 0.331613
    16 1.528216 -0.000001 -0.000003 0.000000 0.000000 0.479966
    17 3.899459 -0.431804 0.168223 -0.000796 0.000000 0.000000
    18 1.506968 0.000002 -0.000001 0.000000 0.000000 0.427606
    19 1.506962 -0.000001 0.000001 0.000000 0.000000 0.340339
    20 3.915634 -0.278020 1.402608 -0.000796 0.000000 0.000000
    21 1.333080 0.000000 -0.000001 0.000000 0.000000 0.637045
    22 1.159204 0.000000 -0.000002 0.000000 0.000000 0.218166
    23 18.209354 8.207681 -0.352298 -1.582244 0.018583 -3.126150
    24 0.000009 0.011450 -1.352403 -0.000014 1.370796 3.140783
    25 6.078084 0.000001 0.000003 1.124378 -0.814299 -1.218960
    26 13.446750 -0.000005 0.000000 0.000000 0.000000 -1.152232
    27 15.997000 -0.000002 0.000000 1.663408 -0.001556 0.263154
    28 1.885324 0.833275 2.177876 1.172048 -0.644525 0.438889
    29 1.506966 -0.000005 0.000000 0.000000 0.000000 -0.436329
    30 0.798348 -0.000001 -0.000001 0.000000 0.000000 -0.507867
    31 3.950306 -0.539875 2.108876 0.012323 0.110212 -0.171410
    32 1.545797 -0.000001 -0.000008 0.000000 0.000000 0.513113
    33 1.667400 -0.000002 0.000008 0.000000 0.000000 0.785377
    34 3.899460 -0.475376 1.170891 -0.037591 0.101270 -0.055752
    35 1.528215 -0.000001 0.000000 0.000000 0.000000 1.575956
    36 1.528217 -0.000001 0.000001 0.000000 0.000000 1.352577
    37 3.899459 -0.431805 -0.168223 0.093293 -0.006316 0.182573
    38 1.506962 0.000000 0.000002 0.000000 0.000000 1.708639
    39 1.506964 0.000001 -0.000001 0.000000 0.000000 1.310683
    40 3.915634 -0.278019 -1.402605 0.217310 -0.078619 0.205835
    41 1.333083 0.000001 0.000003 0.000000 0.000000 1.464281
    42 1.159202 0.000000 -0.000004 0.000000 0.000000 1.370013
    43 3.495615 0.355083 1.563391 1.582244 -0.018583 -3.126153
    44 -2.156468 1.809614 0.001208 0.000000 0.000000 0.000000
    45 -6.613107 1.564316 -0.031845 0.000000 0.000000 0.000000
  time 204
    0 0.928525 1.014336 -19.461068 0.000000 0.000000 -1.570792
    1 0.000000 0.000000 0.000002 -0.000086 -1.570451 -1.570709
    2 4.443615 -0.009642 0.000006 -0.000004 -0.000001 0.000796
    3 12.111412 -0.011446 0.000000 0.000000 0.000000 0.000000
    4 0.000010 0.011442 1.352402 -0.000014 -1.370796 3.140810
    5 6.078090 0.000001 -0.000005 -0.531509 1.219836 -0.541120
    6 13.446754 -0.000001 0.000001 0.000000 0.000000 -0.648458
    7 15.997000 0.000001 -0.000001 -1.683447 0.000000 0.000000
    8 1.885325 0.833276 -2.177876 -1.598016 0.698132 -0.000668
    9 1.506960 -0.000006 0.000000 0.000000 0.000000 -0.139626
    10 0.798348 0.000003 0.000000 0.000000 0.000000 -0.113446
    11 3.950302 -0.539875 -2.108871 -0.000806 0.157080 -0.000126
    12 1.545797 -0.000002 -0.000001 0.000000 0.000000 0.471239
    13 1.667398 0.000001 0.000007 0.000000 0.000000 0.436332
    14 3.899452 -0.475378 -1.170893 -0.000796 0.000000 0.000000
    15 1.528218 0.000003 0.000001 0.000000 0.000000 0.331613
    16 1.528216 -0.000001 -0.000003 0.000000 0.000000 0.479966
    17 3.899459 -0.431804 0.168223 -0.000796 0.000000 0.000000
    18 1.506968 0.000002 -0.000001 0.000000 0.000000 0.427606
    19 1.506962 -0.000001 0.000001 0.000000 0.000000 0.340339
    20 3.915634 -0.278020 1.402608 -0.000796 0.000000 0.000000
    21 1.333080 0.000000 -0.000001 0.000000 0.000000 0.637045
    22 1.159204 0.000000 -0.000002 0.000000 0.000000 0.218166
    23 18.209354 8.207681 -0.352298 -1.582244 0.018583 -3.126150
    24 0.000009 0.011450 -1.352403 -0.000014 1.370796 3.140783
    25 6.078084 0.000001 0.000003 1.124378 -0.814266 -1.218981
    26 13.446750 -0.000005 0.000000 0.000000 0.000000 -1.152328
    27 15.997000 -0.000002 0.000000 1.663528 -0.001556 0.263178
    28 1.885324 0.833275 2.177876 1.172048 -0.644537 0.438889
    29 1.506966 -0.000005 0.000000 0.000000 0.000000 -0.436329
    30 0.798348 -0.000001 -0.000001 0.000000 0.000000 -0.507867
    31 3.950306 -0.539875 2.108876 0.012323 0.110212 -0.171410
    32 1.545797 -0.000001 -0.000008 0.000000 0.000000 0.513113
    33 1.667400 -0.000002 0.000008 0.000000 0.000000 0.785377
    34 3.899460 -0.475376 1.170891 -0.037591 0.101270 -0.055752
    35 1.528215 -0.000001 0.000000 0.000000 0.000000 1.575956
    36 1.528217 -0.000001 0.000001 0.000000 0.000000 1.352577
    37 3.899459 -0.431805 -0.168223 0.093293 -0.006316 0.182573
    38 1.506962 0.000000 0.000002 0.000000 0.000000 1.708639
    39 1.506964 0.000001 -0.000001 0.000000 0.000000 1.310683
    40 3.915634 -0.278019 -1.402605 0.217310 -0.078619 0.205835
    41 1.333083 0.000001 0.000003 0.000000 0.000000 1.464281
    42 1.159202 0.000000 -0.000004 0.000000 0.000000 1.370013
    43 3.495615 0.351176 1.563391 1.582244 -0.018583 -3.126153
    44 -2.156468 1.809614 0.001208 0.000000 0.000000 0.000000
    45 -6.613107 1.564316 -0.031845 0.000000 0.000000 0.000000
  time 205
    0 0.928525 1.014336 -19.461068 0.000000 0.000000 -1.570792
    1 0.000000 0.000000 0.000002 -0.000086 -1.570451 -1.570709
    2 4.443615 -0.009642 0.000006 -0.000004 -0.000001 0.000796
    3 12.111412 -0.011446 0.000000 0.000000 0.000000 0.000000
    4 0.000010 0.011442 1.352402 -0.000014 -1.370796 3.140810
    5 6.078090 0.000001 -0.000005 -0.531509 1.219836 -0.541120
    6 13.446754 -0.000001 0.000001 0.000000 0.000000 -0.648458
    7 15.997000 0.000001 -0.000001 -1.683447 0.000000 0.000000
    8 1.885325 0.833276 -2.177876 -1.598016 0.698132 -0.000668
    9 1.506960 -0.000006 0.000000 0.000000 0.000000 -0.139626
    10 0.798348 0.000003 0.000000 0.000000 0.000000 -0.113446
    11 3.950302 -0.539875 -2.108871 -0.000806 0.157080 -0.000126
    12 1.545797 -0.000002 -0.000001 0.000000 0.000000 0.471239
    13 1.667398 0.000001 0.000007 0.000000 0.000000 0.436332
    14 3.899452 -0.475378 -1.170893 -0.000796 0.000000 0.000000
    15 1.528218 0.000003 0.000001 0.000000 0.000000 0.331613
    16 1.528216 -0.000001 -0.000003 0.000000 0.000000 0.479966
    17 3.899459 -0.431804 0.168223 -0.000796 0.000000 0.000000
    18 1.506968 0.000002 -0.000001 0.000000 0.000000 0.427606
    19 1.506962 -0.000001 0.000001 0.000000 0.000000 0.340339
    20 3.915634 -0.278020 1.402608 -0.000796 0.000000 0.000000
    21 1.333080 0.000000 -0.000001 0.000000 0.000000 0.637045
    22 1.159204 0.000000 -0.000002 0.000000 0.000000 0.218166
    23 18.209354 8.207681 -0.352298 -1.582244 0.018583 -3.126150
    24 0.000009 0.011450 -1.352403 -0.000014 1.370796 3.140783
    25 6.078084 0.000001 0.000003 1.124391 -0.814233 -1.219002
    26 13.446750 -0.000005 0.000000 0.000000 0.000000 -1.152520
    27 15.997000 -0.000002 0.000000 1.663719 -0.001556 0.263178
    28 1.885324 0.833275 2.177876 1.172048 -0.644537 0.438889
    29 1.506966 -0.000005 0.000000 0.000000 0.000000 -0.436329
    30 0.798348 -0.000001 -0.000001 0.000000 0.000000 -0.507867
    31 3.950306 -0.539875 2.108876 0.012323 0.110212 -0.171410
    32 1.545797 -0.000001 -0.000008 0.000000 0.000000 0.513113
    33 1.667400 -0.000002 0.000008 0.000000 0.000000 0.785377
    34 3.899460 -0.475376 1.170891 -0.037591 0.101270 -0.055752
    35 1.528215 -0.000001 0.000000 0.000000 0.000000 1.575956
    36 1.528217 -0.000001 0.000001 0.000000 0.000000 1.352577
    37 3.899459 -0.431805 -0.168223 0.093293 -0.006316 0.182573
    38 1.506962 0.000000 0.000002 0.000000 0.000000 1.708639
    39 1.506964 0.000001 -0.000001 0.000000 0.000000 1.310683
    40 3.915634 -0.278019 -1.402605 0.217310 -0.078619 0.205835
    41 1.333083 0.000001 0.000003 0.000000 0.000000 1.464281
    42 1.159202 0.000000 -0.000004 0.000000 0.000000 1.370013
    43 3.495615 0.351176 1.563391 1.582244 -0.018583 -3.126153
    44 -2.156468 1.809614 0.001208 0.000000 0.000000 0.000000
    45 -6.613107 1.564316 -0.031845 0.000000 0.000000 0.000000
  time 206
    0 0.928525 1.014336 -19.461068 0.000000 0.000000 -1.570792
    1 0.000000 0.000000 0.000002 -0.000086 -1.570451 -1.570709
    2 4.443615 -0.009642 0.000006 -0.000004 -0.000001 0.000796
    3 12.111412 -0.011446 0.000000 0.000000 0.000000 0.000000
    4 0.000010 0.011442 1.352402 -0.000014 -1.370796 3.140810
    5 6.078090 0.000001 -0.000005 -0.531509 1.219836 -0.541120
    6 13.446754 -0.000001 0.000001 0.000000 0.000000 -0.648458
    7 15.997000 0.000001 -0.000001 -1.683447 0.000000 0.000000
    8 1.885325 0.833276 -2.177876 -1.598016 0.698132 -0.000668
    9 1.506960 -0.000006 0.000000 0.000000 0.000000 -0.139626
    10 0.798348 0.000003 0.000000 0.000000 0.000000 -0.113446
    11 3.950302 -0.539875 -2.108871 -0.000806 0.157080 -0.000126
    12 1.545797 -0.000002 -0.000001 0.000000 0.000000 0.471239
    13 1.667398 0.000001 0.000007 0.000000 0.000000 0.436332
    14 3.899452 -0.475378 -1.170893 -0.000796 0.000000 0.000000
    15 1.528218 0.000003 0.000001 0.000000 0.000000 0.331613
    16 1.528216 -0.000001 -0.000003 0.000000 0.000000 0.479966
    17 3.899459 -0.431804 0.168223 -0.000796 0.000000 0.000000
    18 1.506968 0.000002 -0.000001 0.000000 0.000000 0.427606
    19 1.506962 -0.000001 0.000001 0.000000 0.000000 0.340339
    20 3.915634 -0.278020 1.402608 -0.000796 0.000000 0.000000
    21 1.333080 0.000000 -0.000001 0.000000 0.000000 0.637045
    22 1.159204 0.000000 -0.000002 0.000000 0.000000 0.218166
    23 18.209354 8.207681 -0.352298 -1.582244 0.018583 -3.126150
    24 0.000009 0.011450 -1.352403 -0.000014 1.370796 3.140783
    25 6.078084 0.000001 0.000003 1.124433 -0.814167 -1.219002
    26 13.446750 -0.000005 0.000000 0.000000 0.000000 -1.152665
    27 15.997000 -0.000002 0.000000 1.663983 -0.001556 0.263178
    28 1.885324 0.833275 2.177876 1.172048 -0.644525 0.438889
    29 1.506966 -0.000005 0.000000 0.000000 0.000000 -0.436329
    30 0.798348 -0.000001 -0.000001 0.000000 0.000000 -0.507867
    31 3.950306 -0.539875 2.108876 0.012323 0.110212 -0.171410
    32 1.545797 -0.000001 -0.000008 0.000000 0.000000 0.513113
    33 1.667400 -0.000002 0.000008 0.000000 0.000000 0.785377
    34 3.899460 -0.475376 1.170891 -0.037591 0.101270 -0.055752
    35 1.528215 -0.000001 0.000000 0.000000 0.000000 1.575956
    36 1.528217 -0.000001 0.000001 0.000000 0.000000 1.352604
    37 3.899459 -0.431805 -0.168223 0.093293 -0.006316 0.182573
    38 1.506962 0.000000 0.000002 0.000000 0.000000 1.708639
    39 1.506964 0.000001 -0.000001 0.000000 0.000000 1.310683
    40 3.915634 -0.278019 -1.402605 0.217310 -0.078619 0.205835
    41 1.333083 0.000001 0.000003 0.000000 0.000000 1.464281
    42 1.159202 0.000000 -0.000004 0.000000 0.000000 1.370013
    43 3.495615 0.351176 1.563391 1.582244 -0.018583 -3.126153
    44 -2.156468 1.809614 0.001208 0.000000 0.000000 0.000000
    45 -6.617014 1.564316 -0.031845 0.000000 0.000000 0.000000
  time 207
    0 0.928525 1.014336 -19.461068 0.000000 0.000000 -1.570792
    1 0.000000 0.000000 0.000002 -0.000086 -1.570451 -1.570709
    2 4.443615 -0.009642 0.000006 -0.000004 -0.000001 0.000796
    3 12.111412 -0.011446 0.000000 0.000000 0.000000 0.000000
    4 0.000010 0.011442 1.352402 -0.000014 -1.370796 3.140810
    5 6.078090 0.000001 -0.000005 -0.531509 1.219836 -0.541120
    6 13.446754 -0.000001 0.000001 0.000000 0.000000 -0.648458
    7 15.997000 0.000001 -0.000001 -1.683447 0.000000 0.000000
    8 1.885325 0.833276 -2.177876 -1.598016 0.698132 -0.000668
    9 1.506960 -0.000006 0.000000 0.000000 0.000000 -0.139626
    10 0.798348 0.000003 0.000000 0.000000 0.000000 -0.113446
    11 3.950302 -0.539875 -2.108871 -0.000806 0.157080 -0.000126
    12 1.545797 -0.000002 -0.000001 0.000000 0.000000 0.471239
    13 1.667398 0.000001 0.000007 0.000000 0.000000 0.436332
    14 3.899452 -0.475378 -1.170893 -0.000796 0.000000 0.000000
    15 1.528218 0.000003 0.000001 0.000000 0.000000 0.331613
    16 1.528216 -0.000001 -0.000003 0.000000 0.000000 0.479966
    17 3.899459 -0.431804 0.168223 -0.000796 0.000000 0.000000
    18 1.506968 0.000002 -0.000001 0.000000 0.000000 0.427606
    19 1.506962 -0.000001 0.000001 0.000000 0.000000 0.340339
    20 3.915634 -0.278020 1.402608 -0.000796 0.000000 0.000000
    21 1.333080 0.000000 -0.000001 0.000000 0.000000 0.637045
    22 1.159204 0.000000 -0.000002 0.000000 0.000000 0.218166
    23 18.209354 8.207681 -0.352298 -1.582244 0.018583 -3.126150
    24 0.000009 0.011450 -1.352403 -0.000014 1.370796 3.140783
    25 6.078084 0.000001 0.000003 1.124447 -0.814135 -1.219023
    26 13.446750 -0.000005 0.000000 0.000000 0.000000 -1.152809
    27 15.997000 -0.000002 0.000000 1.664307 -0.001556 0.263178
    28 1.885324 0.833275 2.177876 1.172048 -0.644537 0.438889
    29 1.506966 -0.000005 0.000000 0.000000 0.000000 -0.436329
    30 0.798348 -0.000001 -0.000001 0.000000 0.000000 -0.507867
    31 3.950306 -0.539875 2.108876 0.012323 0.110212 -0.171410
    32 1.545797 -0.000001 -0.000008 0.000000 0.000000 0.513113
    33 1.667400 -0.000002 0.000008 0.000000 0.000000 0.785377
    34 3.899460 -0.475376 1.170891 -0.037591 0.101270 -0.055752
    35 1.528215 -0.000001 0.000000 0.000000 0.000000 1.575956
    36 1.528217 -0.000001 0.000001 0.000000 0.000000 1.352577
    37 3.899459 -0.431805 -0.168223 0.093293 -0.006316 0.182573
    38 1.506962 0.000000 0.000002 0.000000 0.000000 1.708639
    39 1.506964 0.000001 -0.000001 0.000000 0.000000 1.310683
    40 3.915634 -0.278019 -1.402605 0.217310 -0.078619 0.205835
    41 1.333083 0.000001 0.000003 0.000000 0.000000 1.464281
    42 1.159202 0.000000 -0.000004 0.000000 0.000000 1.370013
    43 3.495615 0.351176 1.563391 1.582244 -0.018583 -3.126153
    44 -2.156468 1.809614 0.001208 0.000000 0.000000 0.000000
    45 -6.613107 1.564316 -0.031845 0.000000 0.000000 0.000000
  time 208
    0 0.928525 1.014336 -19.461068 0.000000 0.000000 -1.570792
    1 0.000000 0.000000 0.000002 -0.000086 -1.570451 -1.570709
    2 4.443615 -0.009642 0.000006 -0.000004 -0.000001 0.000796
    3 12.111412 -0.011446 0.000000 0.000000 0.000000 0.000000
    4 0.000010 0.011442 1.352402 -0.000014 -1.370796 3.140810
    5 6.078090 0.000001 -0.000005 -0.531509 1.219836 -0.541120
    6 13.446754 -0.000001 0.000001 0.000000 0.000000 -0.648458
    7 15.997000 0.000001 -0.000001 -1.683447 0.000000 0.000000
    8 1.885325 0.833276 -2.177876 -1.598016 0.698132 -0.000668
    9 1.506960 -0.000006 0.000000 0.000000 0.000000 -0.139626
    10 0.798348 0.000003 0.000000 0.000000 0.000000 -0.113446
    11 3.950302 -0.539875 -2.108871 -0.000806 0.157080 -0.000126
    12 1.545797 -0.000002 -0.000001 0.000000 0.000000 0.471239
    13 1.667398 0.000001 0.000007 0.000000 0.000000 0.436332
    14 3.899452 -0.475378 -1.170893 -0.000796 0.000000 0.000000
    15 1.528218 0.000003 0.000001 0.000000 0.000000 0.331613
    16 1.528216 -0.000001 -0.000003 0.000000 0.000000 0.479966
    17 3.899459 -0.431804 0.168223 -0.000796 0.000000 0.000000
    18 1.506968 0.000002 -0.000001 0.000000 0.000000 0.427606
    19 1.506962 -0.000001 0.000001 0.000000 0.000000 0.340339
    20 3.915634 -0.278020 1.402608 -0.000796 0.000000 0.000000
    21 1.333080 0.000000 -0.000001 0.000000 0.000000 0.637045
    22 1.159204 0.000000 -0.000002 0.000000 0.000000 0.218166
    23 18.209354 8.207681 -0.352298 -1.582244 0.018583 -3.126150
    24 0.000009 0.011450 -1.352403 -0.000014 1.370796 3.140783
    25 6.078084 0.000001 0.000003 1.124460 -0.814069 -1.219044
    26 13.446750 -0.000005 0.000000 0.000000 0.000000 -1.152905
    27 15.997000 -0.000002 0.000000 1.664654 -0.001556 0.263178
    28 1.885324 0.833275 2.177876 1.172048 -0.644537 0.438889
    29 1.506966 -0.000005 0.000000 0.000000 0.000000 -0.436329
    30 0.798348 -0.000001 -0.000001 0.000000 0.000000 -0.507867
    31 3.950306 -0.539875 2.108876 0.012323 0.110212 -0.171410
    32 1.545797 -0.000001 -0.000008 0.000000 0.000000 0.513113
    33 1.667400 -0.000002 0.000008 0.000000 0.000000 0.785377
    34 3.899460 -0.475376 1.170891 -0.037591 0.101270 -0.055752
    35 1.528215 -0.000001 0.000000 0.000000 0.000000 1.575956
    36 1.528217 -0.000001 0.000001 0.000000 0.000000 1.352577
    37 3.899459 -0.431805 -0.168223 0.093293 -0.006316 0.182573
    38 1.506962 0.000000 0.000002 0.000000 0.000000 1.708639
    39 1.506964 0.000001 -0.000001 0.000000 0.000000 1.310683
    40 3.915634 -0.278019 -1.402605 0.217310 -0.078619 0.205835
    41 1.333083 0.000001 0.000003 0.000000 0.000000 1.464281
    42 1.159202 0.000000 -0.000004 0.000000 0.000000 1.370013
    43 3.495615 0.351176 1.563391 1.582244 -0.018583 -3.126153
    44 -2.156468 1.809614 0.001208 0.000000 0.000000 0.000000
    45 -6.613107 1.564316 -0.031845 0.000000 0.000000 0.000000
  time 209
    0 0.928525 1.014336 -19.461068 0.000000 0.000000 -1.570792
    1 0.000000 0.000000 0.000002 -0.000086 -1.570451 -1.570709
    2 4.443615 -0.009642 0.000006 -0.000004 -0.000001 0.000796
    3 12.111412 -0.011446 0.000000 0.000000 0.000000 0.000000
    4 0.000010 0.011442 1.352402 -0.000014 -1.370796 3.140810
    5 6.078090 0.000001 -0.000005 -0.531509 1.219836 -0.541120
    6 13.446754 -0.000001 0.000001 0.000000 0.000000 -0.648458
    7 15.997000 0.000001 -0.000001 -1.683447 0.000000 0.000000
    8 1.885325 0.833276 -2.177876 -1.598016 0.698132 -0.000668
    9 1.506960 -0.000006 0.000000 0.000000 0.000000 -0.139626
    10 0.798348 0.000003 0.000000 0.000000 0.000000 -0.113446
    11 3.950302 -0.539875 -2.108871 -0.000806 0.157080 -0.000126
    12 1.545797 -0.000002 -0.000001 0.000000 0.000000 0.471239
    13 1.667398 0.000001 0.000007 0.000000 0.000000 0.436332
    14 3.899452 -0.475378 -1.170893 -0.000796 0.000000 0.000000
    15 1.528218 0.000003 0.000001 0.000000 0.000000 0.331613
    16 1.528216 -0.000001 -0.000003 0.000000 0.000000 0.479966
    17 3.899459 -0.431804 0.168223 -0.000796 0.000000 0.000000
    18 1.506968 0.000002 -0.000001 0.000000 0.000000 0.427606
    19 1.506962 -0.000001 0.000001 0.000000 0.000000 0.340339
    20 3.915634 -0.278020 1.402608 -0.000796 0.000000 0.000000
    21 1.333080 0.000000 -0.000001 0.000000 0.000000 0.637045
    22 1.159204 0.000000 -0.000002 0.000000 0.000000 0.218166
    23 18.209354 8.207681 -0.352298 -1.582244 0.018583 -3.126150
    24 0.000009 0.011450 -1.352403 -0.000014 1.370796 3.140783
    25 6.078084 0.000001 0.000003 1.124474 -0.814036 -1.219065
    26 13.446750 -0.000005 0.000000 0.000000 0.000000 -1.153097
    27 15.997000 -0.000002 0.000000 1.665074 -0.001556 0.263178
    28 1.885324 0.833275 2.177876 1.172048 -0.644525 0.438889
    29 1.506966 -0.000005 0.000000 0.000000 0.000000 -0.436329
    30 0.798348 -0.000001 -0.000001 0.000000 0.000000 -0.507867
    31 3.950306 -0.539875 2.108876 0.012323 0.110212 -0.171410
    32 1.545797 -0.000001 -0.000008 0.000000 0.000000 0.513113
    33 1.667400 -0.000002 0.000008 0.000000 0.000000 0.785377
    34 3.899460 -0.475376 1.170891 -0.037591 0.101270 -0.055752
    35 1.528215 -0.000001 0.000000 0.000000 0.000000 1.575956
    36 1.528217 -0.000001 0.000001 0.000000 0.000000 1.352577
    37 3.899459 -0.431805 -0.168223 0.093305 -0.006316 0.182573
    38 1.506962 0.000000 0.000002 0.000000 0.000000 1.708639
    39 1.506964 0.000001 -0.000001 0.000000 0.000000 1.310683
    40 3.915634 -0.278019 -1.402605 0.217310 -0.078619 0.205835
    41 1.333083 0.000001 0.000003 0.000000 0.000000 1.464281
    42 1.159202 0.000000 -0.000004 0.000000 0.000000 1.370013
    43 3.495615 0.351176 1.563391 1.582244 -0.018583 -3.126153
    44 -2.156468 1.809614 0.001208 0.000000 0.000000 0.000000
    45 -6.613107 1.564316 -0.031845 0.000000 0.000000 0.000000
  time 210
    0 0.928525 1.014336 -19.461068 0.000000 0.000000 -1.570792
    1 0.000000 0.000000 0.000002 -0.000086 -1.570451 -1.570709
    2 4.443615 -0.009642 0.000006 -0.000004 -0.000001 0.000796
    3 12.111412 -0.011446 0.000000 0.000000 0.000000 0.000000
    4 0.000010 0.011442 1.352402 -0.000014 -1.370796 3.140810
    5 6.078090 0.000001 -0.000005 -0.531509 1.219836 -0.541120
    6 13.446754 -0.000001 0.000001 0.000000 0.000000 -0.648458
    7 15.997000 0.000001 -0.000001 -1.683447 0.000000 0.000000
    8 1.885325 0.833276 -2.177876 -1.598016 0.698132 -0.000668
    9 1.506960 -0.000006 0.000000 0.000000 0.000000 -0.139626
    10 0.798348 0.000003 0.000000 0.000000 0.000000 -0.113446
    11 3.950302 -0.539875 -2.108871 -0.000806 0.157080 -0.000126
    12 1.545797 -0.000002 -0.000001 0.000000 0.000000 0.471239
    13 1.667398 0.000001 0.000007 0.000000 0.000000 0.436332
    14 3.899452 -0.475378 -1.170893 -0.000796 0.000000 0.000000
    15 1.528218 0.000003 0.000001 0.000000 0.000000 0.331613
    16 1.528216 -0.000001 -0.000003 0.000000 0.000000 0.479966
    17 3.899459 -0.431804 0.168223 -0.000796 0.000000 0.000000
    18 1.506968 0.000002 -0.000001 0.000000 0.000000 0.427606
    19 1.506962 -0.000001 0.000001 0.000000 0.000000 0.340339
    20 3.915634 -0.278020 1.402608 -0.000796 0.000000 0.000000
    21 1.333080 0.000000 -0.000001 0.000000 0.000000 0.637045
    22 1.159204 0.000000 -0.000002 0.000000 0.000000 0.218166
    23 18.209354 8.207681 -0.352298 -1.582244 0.018583 -3.126150
    24 0.000009 0.011450 -1.352403 -0.000014 1.370796 3.140783
    25 6.078084 0.000001 0.000003 1.124502 -0.813970 -1.219065
    26 13.446750 -0.000005 0.000000 0.000000 0.000000 -1.153290
    27 15.997000 -0.000002 0.000000 1.665481 -0.001556 0.263178
    28 1.885324 0.833275 2.177876 1.172048 -0.644525 0.438889
    29 1.506966 -0.000005 0.000000 0.000000 0.000000 -0.436329
    30 0.798348 -0.000001 -0.000001 0.000000 0.000000 -0.507867
    31 3.950306 -0.539875 2.108876 0.012323 0.110212 -0.171410
    32 1.545797 -0.000001 -0.000008 0.000000 0.000000 0.513113
    33 1.667400 -0.000002 0.000008 0.000000 0.000000 0.785377
    34 3.899460 -0.475376 1.170891 -0.037591 0.101270 -0.055752
    35 1.528215 -0.000001 0.000000 0.000000 0.000000 1.575956
    36 1.528217 -0.000001 0.000001 0.000000 0.000000 1.352577
    37 3.899459 -0.431805 -0.168223 0.093293 -0.006316 0.182573
    38 1.506962 0.000000 0.000002 0.000000 0.000000 1.708639
    39 1.506964 0.000001 -0.000001 0.000000 0.000000 1.310683
    40 3.915634 -0.278019 -1.402605 0.217310 -0.078619 0.205835
    41 1.333083 0.000001 0.000003 0.000000 0.000000 1.464281
    42 1.159202 0.000000 -0.000004 0.000000 0.000000 1.370013
    43 3.495615 0.351176 1.563391 1.582244 -0.018583 -3.126153
    44 -2.156468 1.809614 0.001208 0.000000 0.000000 0.000000
    45 -6.613107 1.564316 -0.031845 0.000000 0.000000 0.000000
  time 211
    0 0.928525 1.014336 -19.461068 0.000000 0.000000 -1.570792
    1 0.000000 0.000000 0.000002 -0.000086 -1.570451 -1.570709
    2 4.443615 -0.009642 0.000006 -0.000004 -0.000001 0.000796
    3 12.111412 -0.011446 0.000000 0.000000 0.000000 0.000000
    4 0.000010 0.011442 1.352402 -0.000014 -1.370796 3.140810
    5 6.078090 0.000001 -0.000005 -0.531509 1.219836 -0.541120
    6 13.446754 -0.000001 0.000001 0.000000 0.000000 -0.648458
    7 15.997000 0.000001 -0.000001 -1.683447 0.000000 0.000000
    8 1.885325 0.833276 -2.177876 -1.598016 0.698132 -0.000668
    9 1.506960 -0.000006 0.000000 0.000000 0.000000 -0.139626
    10 0.798348 0.000003 0.000000 0.000000 0.000000 -0.113446
    11 3.950302 -0.539875 -2.108871 -0.000806 0.157080 -0.000126
    12 1.545797 -0.000002 -0.000001 0.000000 0.000000 0.471239
    13 1.667398 0.000001 0.000007 0.000000 0.000000 0.436332
    14 3.899452 -0.475378 -1.170893 -0.000796 0.000000 0.000000
    15 1.528218 0.000003 0.000001 0.000000 0.000000 0.331613
    16 1.528216 -0.000001 -0.000003 0.000000 0.000000 0.479966
    17 3.899459 -0.431804 0.168223 -0.000796 0.000000 0.000000
    18 1.506968 0.000002 -0.000001 0.000000 0.000000 0.427606
    19 1.506962 -0.000001 0.000001 0.000000 0.000000 0.340339
    20 3.915634 -0.278020 1.402608 -0.000796 0.000000 0.000000
    21 1.333080 0.000000 -0.000001 0.000000 0.000000 0.637045
    22 1.159204 0.000000 -0.000002 0.000000 0.000000 0.218166
    23 18.209354 8.207681 -0.352298 -1.582244 0.018583 -3.126150
    24 0.000009 0.011450 -1.352403 -0.000014 1.370796 3.140783
    25 6.078084 0.000001 0.000003 1.124529 -0.813937 -1.219086
    26 13.446750 -0.000005 0.000000 0.000000 0.000000 -1.153434
    27 15.997000 -0.000002 0.000000 1.665949 -0.001556 0.263202
    28 1.885324 0.833275 2.177876 1.172048 -0.644537 0.438889
    29 1.506966 -0.000005 0.000000 0.000000 0.000000 -0.436329
    30 0.798348 -0.000001 -0.000001 0.000000 0.000000 -0.507879
    31 3.950306 -0.539875 2.108876 0.012323 0.110212 -0.171410
    32 1.545797 -0.000001 -0.000008 0.000000 0.000000 0.513113
    33 1.667400 -0.000002 0.000008 0.000000 0.000000 0.785377
    34 3.899460 -0.475376 1.170891 -0.037591 0.101270 -0.055752
    35 1.528215 -0.000001 0.000000 0.000000 0.000000 1.575956
    36 1.528217 -0.000001 0.000001 0.000000 0.000000 1.352577
    37 3.899459 -0.431805 -0.168223 0.093293 -0.006316 0.182573
    38 1.506962 0.000000 0.000002 0.000000 0.000000 1.708639
    39 1.506964 0.000001 -0.000001 0.000000 0.000000 1.310683
    40 3.915634 -0.278019 -1.402605 0.217310 -0.078619 0.205835
    41 1.333083 0.000001 0.000003 0.000000 0.000000 1.464281
    42 1.159202 0.000000 -0.000004 0.000000 0.000000 1.370013
    43 3.495615 0.351176 1.563391 1.582244 -0.018583 -3.126153
    44 -2.156468 1.809614 0.001208 0.000000 0.000000 0.000000
    45 -6.613107 1.564316 -0.031845 0.000000 0.000000 0.000000
  time 212
    0 0.928525 1.014336 -19.461068 0.000000 0.000000 -1.570792
    1 0.000000 0.000000 0.000002 -0.000086 -1.570451 -1.570709
    2 4.443615 -0.009642 0.000006 -0.000004 -0.000001 0.000796
    3 12.111412 -0.011446 0.000000 0.000000 0.000000 0.000000
    4 0.000010 0.011442 1.352402 -0.000014 -1.370796 3.140810
    5 6.078090 0.000001 -0.000005 -0.531509 1.219836 -0.541120
    6 13.446754 -0.000001 0.000001 0.000000 0.000000 -0.648458
    7 15.997000 0.000001 -0.000001 -1.683447 0.000000 0.000000
    8 1.885325 0.833276 -2.177876 -1.598016 0.698132 -0.000668
    9 1.506960 -0.000006 0.000000 0.000000 0.000000 -0.139626
    10 0.798348 0.000003 0.000000 0.000000 0.000000 -0.113446
    11 3.950302 -0.539875 -2.108871 -0.000806 0.157080 -0.000126
    12 1.545797 -0.000002 -0.000001 0.000000 0.000000 0.471239
    13 1.667398 0.000001 0.000007 0.000000 0.000000 0.436332
    14 3.899452 -0.475378 -1.170893 -0.000796 0.000000 0.000000
    15 1.528218 0.000003 0.000001 0.000000 0.000000 0.331613
    16 1.528216 -0.000001 -0.000003 0.000000 0.000000 0.479966
    17 3.899459 -0.431804 0.168223 -0.000796 0.000000 0.000000
    18 1.506968 0.000002 -0.000001 0.000000 0.000000 0.427606
    19 1.506962 -0.000001 0.000001 0.000000 0.000000 0.340339
    20 3.915634 -0.278020 1.402608 -0.000796 0.000000 0.000000
    21 1.333080 0.000000 -0.000001 0.000000 0.000000 0.637045
    22 1.159204 0.000000 -0.000002 0.000000 0.000000 0.218166
    23 18.209354 8.207681 -0.352298 -1.582244 0.018583 -3.126150
    24 0.000009 0.011450 -1.352403 -0.000014 1.370796 3.140783
    25 6.078084 0.000001 0.000003 1.124529 -0.813904 -1.219107
    26 13.446750 -0.000005 0.000000 0.000000 0.000000 -1.153530
    27 15.997000 -0.000002 0.000000 1.666392 -0.001556 0.263202
    28 1.885324 0.833275 2.177876 1.172048 -0.644537 0.438889
    29 1.506966 -0.000005 0.000000 0.000000 0.000000 -0.436329
    30 0.798348 -0.000001 -0.000001 0.000000 0.000000 -0.507879
    31 3.950306 -0.539875 2.108876 0.012323 0.110212 -0.171410
    32 1.545797 -0.000001 -0.000008 0.000000 0.000000 0.513113
    33 1.667400 -0.000002 0.000008 0.000000 0.000000 0.785377
    34 3.899460 -0.475376 1.170891 -0.037591 0.101270 -0.055752
    35 1.528215 -0.000001 0.000000 0.000000 0.000000 1.575956
    36 1.528217 -0.000001 0.000001 0.000000 0.000000 1.352577
    37 3.899459 -0.431805 -0.168223 0.093293 -0.006316 0.182573
    38 1.506962 0.000000 0.000002 0.000000 0.000000 1.708639
    39 1.506964 0.000001 -0.000001 0.000000 0.000000 1.310683
    40 3.915634 -0.278019 -1.402605 0.217310 -0.078619 0.205835
    41 1.333083 0.000001 0.000003 0.000000 0.000000 1.464281
    42 1.159202 0.000000 -0.000004 0.000000 0.000000 1.370013
    43 3.495615 0.351176 1.563391 1.582244 -0.018583 -3.126153
    44 -2.156468 1.809614 0.001208 0.000000 0.000000 0.000000
    45 -6.613107 1.564316 -0.031845 0.000000 0.000000 0.000000
  time 213
    0 0.928525 1.014336 -19.461068 0.000000 0.000000 -1.570792
    1 0.000000 0.000000 0.000002 -0.000086 -1.570451 -1.570709
    2 4.443615 -0.009642 0.000006 -0.000004 -0.000001 0.000796
    3 12.111412 -0.011446 0.000000 0.000000 0.000000 0.000000
    4 0.000010 0.011442 1.352402 -0.000014 -1.370796 3.140810
    5 6.078090 0.000001 -0.000005 -0.531509 1.219836 -0.541120
    6 13.446754 -0.000001 0.000001 0.000000 0.000000 -0.648458
    7 15.997000 0.000001 -0.000001 -1.683447 0.000000 0.000000
    8 1.885325 0.833276 -2.177876 -1.598016 0.698132 -0.000668
    9 1.506960 -0.000006 0.000000 0.000000 0.000000 -0.139626
    10 0.798348 0.000003 0.000000 0.000000 0.000000 -0.113446
    11 3.950302 -0.539875 -2.108871 -0.000806 0.157080 -0.000126
    12 1.545797 -0.000002 -0.000001 0.000000 0.000000 0.471239
    13 1.667398 0.000001 0.000007 0.000000 0.000000 0.436332
    14 3.899452 -0.475378 -1.170893 -0.000796 0.000000 0.000000
    15 1.528218 0.000003 0.000001 0.000000 0.000000 0.331613
    16 1.528216 -0.000001 -0.000003 0.000000 0.000000 0.479966
    17 3.899459 -0.431804 0.168223 -0.000796 0.000000 0.000000
    18 1.506968 0.000002 -0.000001 0.000000 0.000000 0.427606
    19 1.506962 -0.000001 0.000001 0.000000 0.000000 0.340339
    20 3.915634 -0.278020 1.402608 -0.000796 0.000000 0.000000
    21 1.333080 0.000000 -0.000001 0.000000 0.000000 0.637045
    22 1.159204 0.000000 -0.000002 0.000000 0.000000 0.218166
    23 18.209354 8.207681 -0.352298 -1.582244 0.018583 -3.126150
    24 0.000009 0.011450 -1.352403 -0.000014 1.370796 3.140783
    25 6.078084 0.000001 0.000003 1.124543 -0.813872 -1.219107
    26 13.446750 -0.000005 0.000000 0.000000 0.000000 -1.153674
    27 15.997000 -0.000002 0.000000 1.666871 -0.001556 0.263202
    28 1.885324 0.833275 2.177876 1.172048 -0.644537 0.438889
    29 1.506966 -0.000005 0.000000 0.000000 0.000000 -0.436329
    30 0.798348 -0.000001 -0.000001 0.000000 0.000000 -0.507879
    31 3.950306 -0.539875 2.108876 0.012323 0.110212 -0.171410
    32 1.545797 -0.000001 -0.000008 0.000000 0.000000 0.513113
    33 1.667400 -0.000002 0.000008 0.000000 0.000000 0.785377
    34 3.899460 -0.475376 1.170891 -0.037591 0.101270 -0.055752
    35 1.528215 -0.000001 0.000000 0.000000 0.000000 1.575956
    36 1.528217 -0.000001 0.000001 0.000000 0.000000 1.352604
    37 3.899459 -0.431805 -0.168223 0.093305 -0.006316 0.182573
    38 1.506962 0.000000 0.000002 0.000000 0.000000 1.708639
    39 1.506964 0.000001 -0.000001 0.000000 0.000000 1.310683
    40 3.915634 -0.278019 -1.402605 0.217310 -0.078619 0.205835
    41 1.333083 0.000001 0.000003 0.000000 0.000000 1.464281
    42 1.159202 0.000000 -0.000004 0.000000 0.000000 1.370013
    43 3.495615 0.351176 1.563391 1.582244 -0.018583 -3.126153
    44 -2.156468 1.809614 0.001208 0.000000 0.000000 0.000000
    45 -6.613107 1.564316 -0.031845 0.000000 0.000000 0.000000
  time 214
    0 0.928525 1.014336 -19.461068 0.000000 0.000000 -1.570792
    1 0.000000 0.000000 0.000002 -0.000086 -1.570451 -1.570709
    2 4.443615 -0.009642 0.000006 -0.000004 -0.000001 0.000796
    3 12.111412 -0.011446 0.000000 0.000000 0.000000 0.000000
    4 0.000010 0.011442 1.352402 -0.000014 -1.370796 3.140810
    5 6.078090 0.000001 -0.000005 -0.531509 1.219836 -0.541120
    6 13.446754 -0.000001 0.000001 0.000000 0.000000 -0.648458
    7 15.997000 0.000001 -0.000001 -1.683447 0.000000 0.000000
    8 1.885325 0.833276 -2.177876 -1.598016 0.698132 -0.000668
    9 1.506960 -0.000006 0.000000 0.000000 0.000000 -0.139626
    10 0.798348 0.000003 0.000000 0.000000 0.000000 -0.113446
    11 3.950302 -0.539875 -2.108871 -0.000806 0.157080 -0.000126
    12 1.545797 -0.000002 -0.000001 0.000000 0.000000 0.471239
    13 1.667398 0.000001 0.000007 0.000000 0.000000 0.436332
    14 3.899452 -0.475378 -1.170893 -0.000796 0.000000 0.000000
    15 1.528218 0.000003 0.000001 0.000000 0.000000 0.331613
    16 1.528216 -0.000001 -0.000003 0.000000 0.000000 0.479966
    17 3.899459 -0.431804 0.168223 -0.000796 0.000000 0.000000
    18 1.506968 0.000002 -0.000001 0.000000 0.000000 0.427606
    19 1.506962 -0.000001 0.000001 0.000000 0.000000 0.340339
    20 3.915634 -0.278020 1.402608 -0.000796 0.000000 0.000000
    21 1.333080 0.000000 -0.000001 0.000000 0.000000 0.637045
    22 1.159204 0.000000 -0.000002 0.000000 0.000000 0.218166
    23 18.209354 8.207681 -0.352298 -1.582244 0.018583 -3.126150
    24 0.000009 0.011450 -1.352403 -0.000014 1.370796 3.140783
    25 6.078084 0.000001 0.000003 1.124557 -0.813839 -1.219107
    26 13.446750 -0.000005 0.000000 0.000000 0.000000 -1.153818
    27 15.997000 -0.000002 0.000000 1.667327 -0.001556 0.263202
    28 1.885324 0.833275 2.177876 1.172048 -0.644525 0.438889
    29 1.506966 -0.000005 0.000000 0.000000 0.000000 -0.436329
    30 0.798348 -0.000001 -0.000001 0.000000 0.000000 -0.507879
    31 3.950306 -0.539875 2.108876 0.012323 0.110212 -0.171410
    32 1.545797 -0.000001 -0.000008 0.000000 0.000000 0.513113
    33 1.667400 -0.000002 0.000008 0.000000 0.000000 0.785377
    34 3.899460 -0.475376 1.170891 -0.037591 0.101270 -0.055752
    35 1.528215 -0.000001 0.000000 0.000000 0.000000 1.575956
    36 1.528217 -0.000001 0.000001 0.000000 0.000000 1.352577
    37 3.899459 -0.431805 -0.168223 0.093293 -0.006316 0.182573
    38 1.506962 0.000000 0.000002 0.000000 0.000000 1.708600
    39 1.506964 0.000001 -0.000001 0.000000 0.000000 1.310683
    40 3.915634 -0.278019 -1.402605 0.217310 -0.078619 0.205835
    41 1.333083 0.000001 0.000003 0.000000 0.000000 1.464281
    42 1.159202 0.000000 -0.000004 0.000000 0.000000 1.370013
    43 3.491709 0.351176 1.563391 1.582244 -0.018583 -3.126153
    44 -2.156468 1.809614 0.001208 0.000000 0.000000 0.000000
    45 -6.613107 1.564316 -0.031845 0.000000 0.000000 0.000000
  time 215
    0 0.928525 1.014336 -19.461068 0.000000 0.000000 -1.570792
    1 0.000000 0.000000 0.000002 -0.000086 -1.570451 -1.570709
    2 4.443615 -0.009642 0.000006 -0.000004 -0.000001 0.000796
    3 12.111412 -0.011446 0.000000 0.000000 0.000000 0.000000
    4 0.000010 0.011442 1.352402 -0.000014 -1.370796 3.140810
    5 6.078090 0.000001 -0.000005 -0.531509 1.219836 -0.541120
    6 13.446754 -0.000001 0.000001 0.000000 0.000000 -0.648458
    7 15.997000 0.000001 -0.000001 -1.683447 0.000000 0.000000
    8 1.885325 0.833276 -2.177876 -1.598016 0.698132 -0.000668
    9 1.506960 -0.000006 0.000000 0.000000 0.000000 -0.139626
    10 0.798348 0.000003 0.000000 0.000000 0.000000 -0.113446
    11 3.950302 -0.539875 -2.108871 -0.000806 0.157080 -0.000126
    12 1.545797 -0.000002 -0.000001 0.000000 0.000000 0.471239
    13 1.667398 0.000001 0.000007 0.000000 0.000000 0.436332
    14 3.899452 -0.475378 -1.170893 -0.000796 0.000000 0.000000
    15 1.528218 0.000003 0.000001 0.000000 0.000000 0.331613
    16 1.528216 -0.000001 -0.000003 0.000000 0.000000 0.479966
    17 3.899459 -0.431804 0.168223 -0.000796 0.000000 0.000000
    18 1.506968 0.000002 -0.000001 0.000000 0.000000 0.427606
    19 1.506962 -0.000001 0.000001 0.000000 0.000000 0.340339
    20 3.915634 -0.278020 1.402608 -0.000796 0.000000 0.000000
    21 1.333080 0.000000 -0.000001 0.000000 0.000000 0.637045
    22 1.159204 0.000000 -0.000002 0.000000 0.000000 0.218166
    23 18.209354 8.207681 -0.352298 -1.582244 0.018583 -3.126150
    24 0.000009 0.011450 -1.352403 -0.000014 1.370796 3.140783
    25 6.078084 0.000001 0.000003 1.124557 -0.813806 -1.219107
    26 13.446750 -0.000005 0.000000 0.000000 0.000000 -1.154011
    27 15.997000 -0.000002 0.000000 1.667746 -0.001556 0.263202
    28 1.885324 0.833275 2.177876 1.172048 -0.644525 0.438889
    29 1.506966 -0.000005 0.000000 0.000000 0.000000 -0.436329
    30 0.798348 -0.000001 -0.000001 0.000000 0.000000 -0.507867
    31 3.950306 -0.539875 2.108876 0.012323 0.110212 -0.171410
    32 1.545797 -0.000001 -0.000008 0.000000 0.000000 0.513113
    33 1.667400 -0.000002 0.000008 0.000000 0.000000 0.785377
    34 3.899460 -0.475376 1.170891 -0.037591 0.101270 -0.055752
    35 1.528215 -0.000001 0.000000 0.000000 0.000000 1.575956
    36 1.528217 -0.000001 0.000001 0.000000 0.000000 1.352577
    37 3.899459 -0.431805 -0.168223 0.093293 -0.006316 0.182573
    38 1.506962 0.000000 0.000002 0.000000 0.000000 1.708639
    39 1.506964 0.000001 -0.000001 0.000000 0.000000 1.310683
    40 3.915634 -0.278019 -1.402605 0.217310 -0.078619 0.205835
    41 1.333083 0.000001 0.000003 0.000000 0.000000 1.464281
    42 1.159202 0.000000 -0.000004 0.000000 0.000000 1.370013
    43 3.495615 0.351176 1.563391 1.582244 -0.018583 -3.126153
    44 -2.156468 1.809614 0.001208 0.000000 0.000000 0.000000
    45 -6.613107 1.564316 -0.031845 0.000000 0.000000 0.000000
  time 216
    0 0.928525 1.014336 -19.461068 0.000000 0.000000 -1.570792
    1 0.000000 0.000000 0.000002 -0.000086 -1.570451 -1.570709
    2 4.443615 -0.009642 0.000006 -0.000004 -0.000001 0.000796
    3 12.111412 -0.011446 0.000000 0.000000 0.000000 0.000000
    4 0.000010 0.011442 1.352402 -0.000014 -1.370796 3.140810
    5 6.078090 0.000001 -0.000005 -0.531509 1.219836 -0.541120
    6 13.446754 -0.000001 0.000001 0.000000 0.000000 -0.648458
    7 15.997000 0.000001 -0.000001 -1.683447 0.000000 0.000000
    8 1.885325 0.833276 -2.177876 -1.598016 0.698132 -0.000668
    9 1.506960 -0.000006 0.000000 0.000000 0.000000 -0.139626
    10 0.798348 0.000003 0.000000 0.000000 0.000000 -0.113446
    11 3.950302 -0.539875 -2.108871 -0.000806 0.157080 -0.000126
    12 1.545797 -0.000002 -0.000001 0.000000 0.000000 0.471239
    13 1.667398 0.000001 0.000007 0.000000 0.000000 0.436332
    14 3.899452 -0.475378 -1.170893 -0.000796 0.000000 0.000000
    15 1.528218 0.000003 0.000001 0.000000 0.000000 0.331613
    16 1.528216 -0.000001 -0.000003 0.000000 0.000000 0.479966
    17 3.899459 -0.431804 0.168223 -0.000796 0.000000 0.000000
    18 1.506968 0.000002 -0.000001 0.000000 0.000000 0.427606
    19 1.506962 -0.000001 0.000001 0.000000 0.000000 0.340339
    20 3.915634 -0.278020 1.402608 -0.000796 0.000000 0.000000
    21 1.333080 0.000000 -0.000001 0.000000 0.000000 0.637045
    22 1.159204 0.000000 -0.000002 0.000000 0.000000 0.218166
    23 18.209354 8.207681 -0.352298 -1.582244 0.018583 -3.126150
    24 0.000009 0.011450 -1.352403 -0.000014 1.370796 3.140783
    25 6.078084 0.000001 0.000003 1.124585 -0.813773 -1.219107
    26 13.446750 -0.000005 0.000000 0.000000 0.000000 -1.154107
    27 15.997000 -0.000002 0.000000 1.668178 -0.001556 0.263202
    28 1.885324 0.833275 2.177876 1.172048 -0.644525 0.438889
    29 1.506966 -0.000005 0.000000 0.000000 0.000000 -0.436329
    30 0.798348 -0.000001 -0.000001 0.000000 0.000000 -0.507867
    31 3.950306 -0.539875 2.108876 0.012323 0.110212 -0.171410
    32 1.545797 -0.000001 -0.000008 0.000000 0.000000 0.513113
    33 1.667400 -0.000002 0.000008 0.000000 0.000000 0.785377
    34 3.899460 -0.475376 1.170891 -0.037591 0.101270 -0.055752
    35 1.528215 -0.000001 0.000000 0.000000 0.000000 1.575956
    36 1.528217 -0.000001 0.000001 0.000000 0.000000 1.352604
    37 3.899459 -0.431805 -0.168223 0.093293 -0.006316 0.182573
    38 1.506962 0.000000 0.000002 0.000000 0.000000 1.708639
    39 1.506964 0.000001 -0.000001 0.000000 0.000000 1.310683
    40 3.915634 -0.278019 -1.402605 0.217310 -0.078619 0.205835
    41 1.333083 0.000001 0.000003 0.000000 0.000000 1.464281
    42 1.159202 0.000000 -0.000004 0.000000 0.000000 1.370013
    43 3.495615 0.351176 1.563391 1.582244 -0.018583 -3.126153
    44 -2.156468 1.809614 0.001208 0.000000 0.000000 0.000000
    45 -6.613107 1.564316 -0.031845 0.000000 0.000000 0.000000
  time 217
    0 0.928525 1.014336 -19.461068 0.000000 0.000000 -1.570792
    1 0.000000 0.000000 0.000002 -0.000086 -1.570451 -1.570709
    2 4.443615 -0.009642 0.000006 -0.000004 -0.000001 0.000796
    3 12.111412 -0.011446 0.000000 0.000000 0.000000 0.000000
    4 0.000010 0.011442 1.352402 -0.000014 -1.370796 3.140810
    5 6.078090 0.000001 -0.000005 -0.531509 1.219836 -0.541120
    6 13.446754 -0.000001 0.000001 0.000000 0.000000 -0.648458
    7 15.997000 0.000001 -0.000001 -1.683447 0.000000 0.000000
    8 1.885325 0.833276 -2.177876 -1.598016 0.698132 -0.000668
    9 1.506960 -0.000006 0.000000 0.000000 0.000000 -0.139626
    10 0.798348 0.000003 0.000000 0.000000 0.000000 -0.113446
    11 3.950302 -0.539875 -2.108871 -0.000806 0.157080 -0.000126
    12 1.545797 -0.000002 -0.000001 0.000000 0.000000 0.471239
    13 1.667398 0.000001 0.000007 0.000000 0.000000 0.436332
    14 3.899452 -0.475378 -1.170893 -0.000796 0.000000 0.000000
    15 1.528218 0.000003 0.000001 0.000000 0.000000 0.331613
    16 1.528216 -0.000001 -0.000003 0.000000 0.000000 0.479966
    17 3.899459 -0.431804 0.168223 -0.000796 0.000000 0.000000
    18 1.506968 0.000002 -0.000001 0.000000 0.000000 0.427606
    19 1.506962 -0.000001 0.000001 0.000000 0.000000 0.340339
    20 3.915634 -0.278020 1.402608 -0.000796 0.000000 0.000000
    21 1.333080 0.000000 -0.000001 0.000000 0.000000 0.637045
    22 1.159204 0.000000 -0.000002 0.000000 0.000000 0.218166
    23 18.209354 8.207681 -0.352298 -1.582244 0.018583 -3.126150
    24 0.000009 0.011450 -1.352403 -0.000014 1.370796 3.140783
    25 6.078084 0.000001 0.000003 1.124585 -0.813773 -1.219107
    26 13.446750 -0.000005 0.000000 0.000000 0.000000 -1.154203
    27 15.997000 -0.000002 0.000000 1.668549 -0.001556 0.263226
    28 1.885324 0.833275 2.177876 1.172048 -0.644525 0.438889
    29 1.506966 -0.000005 0.000000 0.000000 0.000000 -0.436329
    30 0.798348 -0.000001 -0.000001 0.000000 0.000000 -0.507867
    31 3.950306 -0.539875 2.108876 0.012323 0.110212 -0.171410
    32 1.545797 -0.000001 -0.000008 0.000000 0.000000 0.513113
    33 1.667400 -0.000002 0.000008 0.000000 0.000000 0.785377
    34 3.899460 -0.475376 1.170891 -0.037591 0.101270 -0.055752
    35 1.528215 -0.000001 0.000000 0.000000 0.000000 1.575956
    36 1.528217 -0.000001 0.000001 0.000000 0.000000 1.352577
    37 3.899459 -0.431805 -0.168223 0.093293 -0.006316 0.182573
    38 1.506962 0.000000 0.000002 0.000000 0.000000 1.708639
    39 1.506964 0.000001 -0.000001 0.000000 0.000000 1.310683
    40 3.915634 -0.278019 -1.402605 0.217310 -0.078619 0.205835
    41 1.333083 0.000001 0.000003 0.000000 0.000000 1.464281
    42 1.159202 0.000000 -0.000004 0.000000 0.000000 1.370013
    43 3.495615 0.351176 1.563391 1.582244 -0.018583 -3.126153
    44 -2.156468 1.809614 0.001208 0.000000 0.000000 0.000000
    45 -6.613107 1.564316 -0.031845 0.000000 0.000000 0.000000
  time 218
    0 0.928525 1.014336 -19.461068 0.000000 0.000000 -1.570792
    1 0.000000 0.000000 0.000002 -0.000086 -1.570451 -1.570709
    2 4.443615 -0.009642 0.000006 -0.000004 -0.000001 0.000796
    3 12.111412 -0.011446 0.000000 0.000000 0.000000 0.000000
    4 0.000010 0.011442 1.352402 -0.000014 -1.370796 3.140810
    5 6.078090 0.000001 -0.000005 -0.531509 1.219836 -0.541120
    6 13.446754 -0.000001 0.000001 0.000000 0.000000 -0.648458
    7 15.997000 0.000001 -0.000001 -1.683447 0.000000 0.000000
    8 1.885325 0.833276 -2.177876 -1.598016 0.698132 -0.000668
    9 1.506960 -0.000006 0.000000 0.000000 0.000000 -0.139626
    10 0.798348 0.000003 0.000000 0.000000 0.000000 -0.113446
    11 3.950302 -0.539875 -2.108871 -0.000806 0.157080 -0.000126
    12 1.545797 -0.000002 -0.000001 0.000000 0.000000 0.471239
    13 1.667398 0.000001 0.000007 0.000000 0.000000 0.436332
    14 3.899452 -0.475378 -1.170893 -0.000796 0.000000 0.000000
    15 1.528218 0.000003 0.000001 0.000000 0.000000 0.331613
    16 1.528216 -0.000001 -0.000003 0.000000 0.000000 0.479966
    17 3.899459 -0.431804 0.168223 -0.000796 0.000000 0.000000
    18 1.506968 0.000002 -0.000001 0.000000 0.000000 0.427606
    19 1.506962 -0.000001 0.000001 0.000000 0.000000 0.340339
    20 3.915634 -0.278020 1.402608 -0.000796 0.000000 0.000000
    21 1.333080 0.000000 -0.000001 0.000000 0.000000 0.637045
    22 1.159204 0.000000 -0.000002 0.000000 0.000000 0.218166
    23 18.209354 8.207681 -0.352298 -1.582244 0.018583 -3.126150
    24 0.000009 0.011450 -1.352403 -0.000014 1.370796 3.140783
    25 6.078084 0.000001 0.000003 1.124557 -0.813806 -1.219086
    26 13.446750 -0.000005 0.000000 0.000000 0.000000 -1.154299
    27 15.997000 -0.000002 0.000000 1.668909 -0.001556 0.263226
    28 1.885324 0.833275 2.177876 1.172048 -0.644525 0.438889
    29 1.506966 -0.000005 0.000000 0.000000 0.000000 -0.436329
    30 0.798348 -0.000001 -0.000001 0.000000 0.000000 -0.507867
    31 3.950306 -0.539875 2.108876 0.012323 0.110212 -0.171410
    32 1.545797 -0.000001 -0.000008 0.000000 0.000000 0.513113
    33 1.667400 -0.000002 0.000008 0.000000 0.000000 0.785377
    34 3.899460 -0.475376 1.170891 -0.037591 0.101270 -0.055752
    35 1.528215 -0.000001 0.000000 0.000000 0.000000 1.575956
    36 1.528217 -0.000001 0.000001 0.000000 0.000000 1.352577
    37 3.899459 -0.431805 -0.168223 0.093293 -0.006316 0.182573
    38 1.506962 0.000000 0.000002 0.000000 0.000000 1.708639
    39 1.506964 0.000001 -0.000001 0.000000 0.000000 1.310683
    40 3.915634 -0.278019 -1.402605 0.217310 -0.078619 0.205835
    41 1.333083 0.000001 0.000003 0.000000 0.000000 1.464281
    42 1.159202 0.000000 -0.000004 0.000000 0.000000 1.370013
    43 3.495615 0.351176 1.563391 1.582244 -0.018583 -3.126153
    44 -2.156468 1.809614 0.001208 0.000000 0.000000 0.000000
    45 -6.613107 1.564316 -0.031845 0.000000 0.000000 0.000000
  time 219
    0 0.928525 1.014336 -19.461068 0.000000 0.000000 -1.570792
    1 0.000000 0.000000 0.000002 -0.000086 -1.570451 -1.570709
    2 4.443615 -0.009642 0.000006 -0.000004 -0.000001 0.000796
    3 12.111412 -0.011446 0.000000 0.000000 0.000000 0.000000
    4 0.000010 0.011442 1.352402 -0.000014 -1.370796 3.140810
    5 6.078090 0.000001 -0.000005 -0.531509 1.219836 -0.541120
    6 13.446754 -0.000001 0.000001 0.000000 0.000000 -0.648458
    7 15.997000 0.000001 -0.000001 -1.683447 0.000000 0.000000
    8 1.885325 0.833276 -2.177876 -1.598016 0.698132 -0.000668
    9 1.506960 -0.000006 0.000000 0.000000 0.000000 -0.139626
    10 0.798348 0.000003 0.000000 0.000000 0.000000 -0.113446
    11 3.950302 -0.539875 -2.108871 -0.000806 0.157080 -0.000126
    12 1.545797 -0.000002 -0.000001 0.000000 0.000000 0.471239
    13 1.667398 0.000001 0.000007 0.000000 0.000000 0.436332
    14 3.899452 -0.475378 -1.170893 -0.000796 0.000000 0.000000
    15 1.528218 0.000003 0.000001 0.000000 0.000000 0.331613
    16 1.528216 -0.000001 -0.000003 0.000000 0.000000 0.479966
    17 3.899459 -0.431804 0.168223 -0.000796 0.000000 0.000000
    18 1.506968 0.000002 -0.000001 0.000000 0.000000 0.427606
    19 1.506962 -0.000001 0.000001 0.000000 0.000000 0.340339
    20 3.915634 -0.278020 1.402608 -0.000796 0.000000 0.000000
    21 1.333080 0.000000 -0.000001 0.000000 0.000000 0.637045
    22 1.159204 0.000000 -0.000002 0.000000 0.000000 0.218166
    23 18.209354 8.207681 -0.352298 -1.582244 0.018583 -3.126150
    24 0.000009 0.011450 -1.352403 -0.000014 1.370796 3.140783
    25 6.078084 0.000001 0.000003 1.124543 -0.813806 -1.219065
    26 13.446750 -0.000005 0.000000 0.000000 0.000000 -1.154395
    27 15.997000 -0.000002 0.000000 1.669184 -0.001556 0.263226
    28 1.885324 0.833275 2.177876 1.172048 -0.644537 0.438889
    29 1.506966 -0.000005 0.000000 0.000000 0.000000 -0.436329
    30 0.798348 -0.000001 -0.000001 0.000000 0.000000 -0.507867
    31 3.950306 -0.539875 2.108876 0.012323 0.110212 -0.171410
    32 1.545797 -0.000001 -0.000008 0.000000 0.000000 0.513113
    33 1.667400 -0.000002 0.000008 0.000000 0.000000 0.785377
    34 3.899460 -0.475376 1.170891 -0.037591 0.101270 -0.055752
    35 1.528215 -0.000001 0.000000 0.000000 0.000000 1.575956
    36 1.528217 -0.000001 0.000001 0.000000 0.000000 1.352577
    37 3.899459 -0.431805 -0.168223 0.093293 -0.006316 0.182573
    38 1.506962 0.000000 0.000002 0.000000 0.000000 1.708639
    39 1.506964 0.000001 -0.000001 0.000000 0.000000 1.310683
    40 3.915634 -0.278019 -1.402605 0.217310 -0.078619 0.205835
    41 1.333083 0.000001 0.000003 0.000000 0.000000 1.464281
    42 1.159202 0.000000 -0.000004 0.000000 0.000000 1.370013
    43 3.495615 0.355083 1.563391 1.582244 -0.018583 -3.126153
    44 -2.156468 1.809614 0.001208 0.000000 0.000000 0.000000
    45 -6.613107 1.564316 -0.031845 0.000000 0.000000 0.000000
  time 220
    0 0.928525 1.014336 -19.461068 0.000000 0.000000 -1.570792
    1 0.000000 0.000000 0.000002 -0.000086 -1.570451 -1.570709
    2 4.443615 -0.009642 0.000006 -0.000004 -0.000001 0.000796
    3 12.111412 -0.011446 0.000000 0.000000 0.000000 0.000000
    4 0.000010 0.011442 1.352402 -0.000014 -1.370796 3.140810
    5 6.078090 0.000001 -0.000005 -0.531509 1.219836 -0.541120
    6 13.446754 -0.000001 0.000001 0.000000 0.000000 -0.648458
    7 15.997000 0.000001 -0.000001 -1.683447 0.000000 0.000000
    8 1.885325 0.833276 -2.177876 -1.598016 0.698132 -0.000668
    9 1.506960 -0.000006 0.000000 0.000000 0.000000 -0.139626
    10 0.798348 0.000003 0.000000 0.000000 0.000000 -0.113446
    11 3.950302 -0.539875 -2.108871 -0.000806 0.157080 -0.000126
    12 1.545797 -0.000002 -0.000001 0.000000 0.000000 0.471239
    13 1.667398 0.000001 0.000007 0.000000 0.000000 0.436332
    14 3.899452 -0.475378 -1.170893 -0.000796 0.000000 0.000000
    15 1.528218 0.000003 0.000001 0.000000 0.000000 0.331613
    16 1.528216 -0.000001 -0.000003 0.000000 0.000000 0.479966
    17 3.899459 -0.431804 0.168223 -0.000796 0.000000 0.000000
    18 1.506968 0.000002 -0.000001 0.000000 0.000000 0.427606
    19 1.506962 -0.000001 0.000001 0.000000 0.000000 0.340339
    20 3.915634 -0.278020 1.402608 -0.000796 0.000000 0.000000
    21 1.333080 0.000000 -0.000001 0.000000 0.000000 0.637045
    22 1.159204 0.000000 -0.000002 0.000000 0.000000 0.218166
    23 18.209354 8.207681 -0.352298 -1.582244 0.018583 -3.126150
    24 0.000009 0.011450 -1.352403 -0.000014 1.370796 3.140783
    25 6.078084 0.000001 0.000003 1.124529 -0.813839 -1.219044
    26 13.446750 -0.000005 0.000000 0.000000 0.000000 -1.154443
    27 15.997000 -0.000002 0.000000 1.669424 -0.001556 0.263226
    28 1.885324 0.833275 2.177876 1.172048 -0.644537 0.438889
    29 1.506966 -0.000005 0.000000 0.000000 0.000000 -0.436329
    30 0.798348 -0.000001 -0.000001 0.000000 0.000000 -0.507879
    31 3.950306 -0.539875 2.108876 0.012323 0.110212 -0.171410
    32 1.545797 -0.000001 -0.000008 0.000000 0.000000 0.513113
    33 1.667400 -0.000002 0.000008 0.000000 0.000000 0.785377
    34 3.899460 -0.475376 1.170891 -0.037591 0.101270 -0.055752
    35 1.528215 -0.000001 0.000000 0.000000 0.000000 1.575956
    36 1.528217 -0.000001 0.000001 0.000000 0.000000 1.352577
    37 3.899459 -0.431805 -0.168223 0.093293 -0.006316 0.182573
    38 1.506962 0.000000 0.000002 0.000000 0.000000 1.708639
    39 1.506964 0.000001 -0.000001 0.000000 0.000000 1.310683
    40 3.915634 -0.278019 -1.402605 0.217310 -0.078619 0.205835
    41 1.333083 0.000001 0.000003 0.000000 0.000000 1.464281
    42 1.159202 0.000000 -0.000004 0.000000 0.000000 1.370013
    43 3.495615 0.351176 1.563391 1.582244 -0.018583 -3.126153
    44 -2.156468 1.809614 0.001208 0.000000 0.000000 0.000000
    45 -6.613107 1.564316 -0.031845 0.000000 0.000000 0.000000
  time 221
    0 0.928525 1.014336 -19.461068 0.000000 0.000000 -1.570792
    1 0.000000 0.000000 0.000002 -0.000086 -1.570451 -1.570709
    2 4.443615 -0.009642 0.000006 -0.000004 -0.000001 0.000796
    3 12.111412 -0.011446 0.000000 0.000000 0.000000 0.000000
    4 0.000010 0.011442 1.352402 -0.000014 -1.370796 3.140810
    5 6.078090 0.000001 -0.000005 -0.531509 1.219836 -0.541120
    6 13.446754 -0.000001 0.000001 0.000000 0.000000 -0.648458
    7 15.997000 0.000001 -0.000001 -1.683447 0.000000 0.000000
    8 1.885325 0.833276 -2.177876 -1.598016 0.698132 -0.000668
    9 1.506960 -0.000006 0.000000 0.000000 0.000000 -0.139626
    10 0.798348 0.000003 0.000000 0.000000 0.000000 -0.113446
    11 3.950302 -0.539875 -2.108871 -0.000806 0.157080 -0.000126
    12 1.545797 -0.000002 -0.000001 0.000000 0.000000 0.471239
    13 1.667398 0.000001 0.000007 0.000000 0.000000 0.436332
    14 3.899452 -0.475378 -1.170893 -0.000796 0.000000 0.000000
    15 1.528218 0.000003 0.000001 0.000000 0.000000 0.331613
    16 1.528216 -0.000001 -0.000003 0.000000 0.000000 0.479966
    17 3.899459 -0.431804 0.168223 -0.000796 0.000000 0.000000
    18 1.506968 0.000002 -0.000001 0.000000 0.000000 0.427606
    19 1.506962 -0.000001 0.000001 0.000000 0.000000 0.340339
    20 3.915634 -0.278020 1.402608 -0.000796 0.000000 0.000000
    21 1.333080 0.000000 -0.000001 0.000000 0.000000 0.637045
    22 1.159204 0.000000 -0.000002 0.000000 0.000000 0.218166
    23 18.209354 8.207681 -0.352298 -1.582244 0.018583 -3.126150
    24 0.000009 0.011450 -1.352403 -0.000014 1.370796 3.140783
    25 6.078084 0.000001 0.000003 1.124516 -0.813904 -1.219023
    26 13.446750 -0.000005 0.000000 0.000000 0.000000 -1.154588
    27 15.997000 -0.000002 0.000000 1.669604 -0.001556 0.263226
    28 1.885324 0.833275 2.177876 1.172048 -0.644537 0.438889
    29 1.506966 -0.000005 0.000000 0.000000 0.000000 -0.436329
    30 0.798348 -0.000001 -0.000001 0.000000 0.000000 -0.507879
    31 3.950306 -0.539875 2.108876 0.012323 0.110212 -0.171410
    32 1.545797 -0.000001 -0.000008 0.000000 0.000000 0.513113
    33 1.667400 -0.000002 0.000008 0.000000 0.000000 0.785377
    34 3.899460 -0.475376 1.170891 -0.037591 0.101270 -0.055752
    35 1.528215 -0.000001 0.000000 0.000000 0.000000 1.575956
    36 1.528217 -0.000001 0.000001 0.000000 0.000000 1.352577
    37 3.899459 -0.431805 -0.168223 0.093293 -0.006316 0.182573
    38 1.506962 0.000000 0.000002 0.000000 0.000000 1.708639
    39 1.506964 0.000001 -0.000001 0.000000 0.000000 1.310683
    40 3.915634 -0.278019 -1.402605 0.217310 -0.078619 0.205835
    41 1.333083 0.000001 0.000003 0.000000 0.000000 1.464281
    42 1.159202 0.000000 -0.000004 0.000000 0.000000 1.370013
    43 3.495615 0.351176 1.563391 1.582244 -0.018583 -3.126153
    44 -2.156468 1.809614 0.001208 0.000000 0.000000 0.000000
    45 -6.613107 1.564316 -0.031845 0.000000 0.000000 0.000000
  time 222
    0 0.928525 1.014336 -19.461068 0.000000 0.000000 -1.570792
    1 0.000000 0.000000 0.000002 -0.000086 -1.570451 -1.570709
    2 4.443615 -0.009642 0.000006 -0.000004 -0.000001 0.000796
    3 12.111412 -0.011446 0.000000 0.000000 0.000000 0.000000
    4 0.000010 0.011442 1.352402 -0.000014 -1.370796 3.140810
    5 6.078090 0.000001 -0.000005 -0.531509 1.219836 -0.541120
    6 13.446754 -0.000001 0.000001 0.000000 0.000000 -0.648458
    7 15.997000 0.000001 -0.000001 -1.683447 0.000000 0.000000
    8 1.885325 0.833276 -2.177876 -1.598016 0.698132 -0.000668
    9 1.506960 -0.000006 0.000000 0.000000 0.000000 -0.139626
    10 0.798348 0.000003 0.000000 0.000000 0.000000 -0.113446
    11 3.950302 -0.539875 -2.108871 -0.000806 0.157080 -0.000126
    12 1.545797 -0.000002 -0.000001 0.000000 0.000000 0.471239
    13 1.667398 0.000001 0.000007 0.000000 0.000000 0.436332
    14 3.899452 -0.475378 -1.170893 -0.000796 0.000000 0.000000
    15 1.528218 0.000003 0.000001 0.000000 0.000000 0.331613
    16 1.528216 -0.000001 -0.000003 0.000000 0.000000 0.479966
    17 3.899459 -0.431804 0.168223 -0.000796 0.000000 0.000000
    18 1.506968 0.000002 -0.000001 0.000000 0.000000 0.427606
    19 1.506962 -0.000001 0.000001 0.000000 0.000000 0.340339
    20 3.915634 -0.278020 1.402608 -0.000796 0.000000 0.000000
    21 1.333080 0.000000 -0.000001 0.000000 0.000000 0.637045
    22 1.159204 0.000000 -0.000002 0.000000 0.000000 0.218166
    23 18.209354 8.207681 -0.352298 -1.582244 0.018583 -3.126150
    24 0.000009 0.011450 -1.352403 -0.000014 1.370796 3.140783
    25 6.078084 0.000001 0.000003 1.124488 -0.813937 -1.218981
    26 13.446750 -0.000005 0.000000 0.000000 0.000000 -1.154636
    27 15.997000 -0.000002 0.000000 1.669724 -0.001556 0.263226
    28 1.885324 0.833275 2.177876 1.172048 -0.644525 0.438889
    29 1.506966 -0.000005 0.000000 0.000000 0.000000 -0.436329
    30 0.798348 -0.000001 -0.000001 0.000000 0.000000 -0.507867
    31 3.950306 -0.539875 2.108876 0.012323 0.110212 -0.171410
    32 1.545797 -0.000001 -0.000008 0.000000 0.000000 0.513113
    33 1.667400 -0.000002 0.000008 0.000000 0.000000 0.785377
    34 3.899460 -0.475376 1.170891 -0.037591 0.101270 -0.055752
    35 1.528215 -0.000001 0.000000 0.000000 0.000000 1.575956
    36 1.528217 -0.000001 0.000001 0.000000 0.000000 1.352577
    37 3.899459 -0.431805 -0.168223 0.093293 -0.006316 0.182573
    38 1.506962 0.000000 0.000002 0.000000 0.000000 1.708639
    39 1.506964 0.000001 -0.000001 0.000000 0.000000 1.310683
    40 3.915634 -0.278019 -1.402605 0.217310 -0.078619 0.205835
    41 1.333083 0.000001 0.000003 0.000000 0.000000 1.464281
    42 1.159202 0.000000 -0.000004 0.000000 0.000000 1.370013
    43 3.495615 0.351176 1.563391 1.582244 -0.018583 -3.126153
    44 -2.156468 1.809614 0.001208 0.000000 0.000000 0.000000
    45 -6.613107 1.564316 -0.031845 0.000000 0.000000 0.000000
  time 223
    0 0.928525 1.014336 -19.461068 0.000000 0.000000 -1.570792
    1 0.000000 0.000000 0.000002 -0.000086 -1.570451 -1.570709
    2 4.443615 -0.009642 0.000006 -0.000004 -0.000001 0.000796
    3 12.111412 -0.011446 0.000000 0.000000 0.000000 0.000000
    4 0.000010 0.011442 1.352402 -0.000014 -1.370796 3.140810
    5 6.078090 0.000001 -0.000005 -0.531509 1.219836 -0.541120
    6 13.446754 -0.000001 0.000001 0.000000 0.000000 -0.648458
    7 15.997000 0.000001 -0.000001 -1.683447 0.000000 0.000000
    8 1.885325 0.833276 -2.177876 -1.598016 0.698132 -0.000668
    9 1.506960 -0.000006 0.000000 0.000000 0.000000 -0.139626
    10 0.798348 0.000003 0.000000 0.000000 0.000000 -0.113446
    11 3.950302 -0.539875 -2.108871 -0.000806 0.157080 -0.000126
    12 1.545797 -0.000002 -0.000001 0.000000 0.000000 0.471239
    13 1.667398 0.000001 0.000007 0.000000 0.000000 0.436332
    14 3.899452 -0.475378 -1.170893 -0.000796 0.000000 0.000000
    15 1.528218 0.000003 0.000001 0.000000 0.000000 0.331613
    16 1.528216 -0.000001 -0.000003 0.000000 0.000000 0.479966
    17 3.899459 -0.431804 0.168223 -0.000796 0.000000 0.000000
    18 1.506968 0.000002 -0.000001 0.000000 0.000000 0.427606
    19 1.506962 -0.000001 0.000001 0.000000 0.000000 0.340339
    20 3.915634 -0.278020 1.402608 -0.000796 0.000000 0.000000
    21 1.333080 0.000000 -0.000001 0.000000 0.000000 0.637045
    22 1.159204 0.000000 -0.000002 0.000000 0.000000 0.218166
    23 18.209354 8.207681 -0.352298 -1.582244 0.018583 -3.126150
    24 0.000009 0.011450 -1.352403 -0.000014 1.370796 3.140783
    25 6.078084 0.000001 0.000003 1.124460 -0.814003 -1.218939
    26 13.446750 -0.000005 0.000000 0.000000 0.000000 -1.154684
    27 15.997000 -0.000002 0.000000 1.669808 -0.001556 0.263226
    28 1.885324 0.833275 2.177876 1.172048 -0.644537 0.438889
    29 1.506966 -0.000005 0.000000 0.000000 0.000000 -0.436329
    30 0.798348 -0.000001 -0.000001 0.000000 0.000000 -0.507867
    31 3.950306 -0.539875 2.108876 0.012323 0.110212 -0.171410
    32 1.545797 -0.000001 -0.000008 0.000000 0.000000 0.513113
    33 1.667400 -0.000002 0.000008 0.000000 0.000000 0.785377
    34 3.899460 -0.475376 1.170891 -0.037591 0.101270 -0.055752
    35 1.528215 -0.000001 0.000000 0.000000 0.000000 1.575956
    36 1.528217 -0.000001 0.000001 0.000000 0.000000 1.352604
    37 3.899459 -0.431805 -0.168223 0.093293 -0.006316 0.182573
    38 1.506962 0.000000 0.000002 0.000000 0.000000 1.708639
    39 1.506964 0.000001 -0.000001 0.000000 0.000000 1.310683
    40 3.915634 -0.278019 -1.402605 0.217310 -0.078619 0.205835
    41 1.333083 0.000001 0.000003 0.000000 0.000000 1.464281
    42 1.159202 0.000000 -0.000004 0.000000 0.000000 1.370013
    43 3.495615 0.351176 1.563391 1.582244 -0.018583 -3.126153
    44 -2.156468 1.809614 0.001208 0.000000 0.000000 0.000000
    45 -6.613107 1.564316 -0.031845 0.000000 0.000000 0.000000
  time 224
    0 0.928525 1.014336 -19.461068 0.000000 0.000000 -1.570792
    1 0.000000 0.000000 0.000002 -0.000086 -1.570451 -1.570709
    2 4.443615 -0.009642 0.000006 -0.000004 -0.000001 0.000796
    3 12.111412 -0.011446 0.000000 0.000000 0.000000 0.000000
    4 0.000010 0.011442 1.352402 -0.000014 -1.370796 3.140810
    5 6.078090 0.000001 -0.000005 -0.531509 1.219836 -0.541120
    6 13.446754 -0.000001 0.000001 0.000000 0.000000 -0.648458
    7 15.997000 0.000001 -0.000001 -1.683447 0.000000 0.000000
    8 1.885325 0.833276 -2.177876 -1.598016 0.698132 -0.000668
    9 1.506960 -0.000006 0.000000 0.000000 0.000000 -0.139626
    10 0.798348 0.000003 0.000000 0.000000 0.000000 -0.113446
    11 3.950302 -0.539875 -2.108871 -0.000806 0.157080 -0.000126
    12 1.545797 -0.000002 -0.000001 0.000000 0.000000 0.471239
    13 1.667398 0.000001 0.000007 0.000000 0.000000 0.436332
    14 3.899452 -0.475378 -1.170893 -0.000796 0.000000 0.000000
    15 1.528218 0.000003 0.000001 0.000000 0.000000 0.331613
    16 1.528216 -0.000001 -0.000003 0.000000 0.000000 0.479966
    17 3.899459 -0.431804 0.168223 -0.000796 0.000000 0.000000
    18 1.506968 0.000002 -0.000001 0.000000 0.000000 0.427606
    19 1.506962 -0.000001 0.000001 0.000000 0.000000 0.340339
    20 3.915634 -0.278020 1.402608 -0.000796 0.000000 0.000000
    21 1.333080 0.000000 -0.000001 0.000000 0.000000 0.637045
    22 1.159204 0.000000 -0.000002 0.000000 0.000000 0.218166
    23 18.209354 8.207681 -0.352298 -1.582244 0.018583 -3.126150
    24 0.000009 0.011450 -1.352403 -0.000014 1.370796 3.140783
    25 6.078084 0.000001 0.000003 1.124433 -0.814069 -1.218897
    26 13.446750 -0.000005 0.000000 0.000000 0.000000 -1.154684
    27 15.997000 -0.000002 0.000000 1.669903 -0.001556 0.263226
    28 1.885324 0.833275 2.177876 1.172048 -0.644525 0.438889
    29 1.506966 -0.000005 0.000000 0.000000 0.000000 -0.436329
    30 0.798348 -0.000001 -0.000001 0.000000 0.000000 -0.507867
    31 3.950306 -0.539875 2.108876 0.012323 0.110212 -0.171410
    32 1.545797 -0.000001 -0.000008 0.000000 0.000000 0.513113
    33 1.667400 -0.000002 0.000008 0.000000 0.000000 0.785377
    34 3.899460 -0.475376 1.170891 -0.037591 0.101270 -0.055752
    35 1.528215 -0.000001 0.000000 0.000000 0.000000 1.575956
    36 1.528217 -0.000001 0.000001 0.000000 0.000000 1.352577
    37 3.899459 -0.431805 -0.168223 0.093293 -0.006316 0.182573
    38 1.506962 0.000000 0.000002 0.000000 0.000000 1.708639
    39 1.506964 0.000001 -0.000001 0.000000 0.000000 1.310683
    40 3.915634 -0.278019 -1.402605 0.217310 -0.078619 0.205835
    41 1.333083 0.000001 0.000003 0.000000 0.000000 1.464281
    42 1.159202 0.000000 -0.000004 0.000000 0.000000 1.370013
    43 3.495615 0.351176 1.563391 1.582244 -0.018583 -3.126153
    44 -2.156468 1.809614 0.001208 0.000000 0.000000 0.000000
    45 -6.613107 1.564316 -0.031845 0.000000 0.000000 0.000000
  time 225
    0 0.928525 1.014336 -19.461068 0.000000 0.000000 -1.570792
    1 0.000000 0.000000 0.000002 -0.000086 -1.570451 -1.570709
    2 4.443615 -0.009642 0.000006 -0.000004 -0.000001 0.000796
    3 12.111412 -0.011446 0.000000 0.000000 0.000000 0.000000
    4 0.000010 0.011442 1.352402 -0.000014 -1.370796 3.140810
    5 6.078090 0.000001 -0.000005 -0.531509 1.219836 -0.541120
    6 13.446754 -0.000001 0.000001 0.000000 0.000000 -0.648458
    7 15.997000 0.000001 -0.000001 -1.683447 0.000000 0.000000
    8 1.885325 0.833276 -2.177876 -1.598016 0.698132 -0.000668
    9 1.506960 -0.000006 0.000000 0.000000 0.000000 -0.139626
    10 0.798348 0.000003 0.000000 0.000000 0.000000 -0.113446
    11 3.950302 -0.539875 -2.108871 -0.000806 0.157080 -0.000126
    12 1.545797 -0.000002 -0.000001 0.000000 0.000000 0.471239
    13 1.667398 0.000001 0.000007 0.000000 0.000000 0.436332
    14 3.899452 -0.475378 -1.170893 -0.000796 0.000000 0.000000
    15 1.528218 0.000003 0.000001 0.000000 0.000000 0.331613
    16 1.528216 -0.000001 -0.000003 0.000000 0.000000 0.479966
    17 3.899459 -0.431804 0.168223 -0.000796 0.000000 0.000000
    18 1.506968 0.000002 -0.000001 0.000000 0.000000 0.427606
    19 1.506962 -0.000001 0.000001 0.000000 0.000000 0.340339
    20 3.915634 -0.278020 1.402608 -0.000796 0.000000 0.000000
    21 1.333080 0.000000 -0.000001 0.000000 0.000000 0.637045
    22 1.159204 0.000000 -0.000002 0.000000 0.000000 0.218166
    23 18.209354 8.207681 -0.352298 -1.582244 0.018583 -3.126150
    24 0.000009 0.011450 -1.352403 -0.000014 1.370796 3.140783
    25 6.078084 0.000001 0.000003 1.124378 -0.814167 -1.218855
    26 13.446750 -0.000005 0.000000 0.000000 0.000000 -1.154732
    27 15.997000 -0.000002 0.000000 1.669975 -0.001556 0.263226
    28 1.885324 0.833275 2.177876 1.172048 -0.644525 0.438889
    29 1.506966 -0.000005 0.000000 0.000000 0.000000 -0.436329
    30 0.798348 -0.000001 -0.000001 0.000000 0.000000 -0.507867
    31 3.950306 -0.539875 2.108876 0.012323 0.110212 -0.171410
    32 1.545797 -0.000001 -0.000008 0.000000 0.000000 0.513113
    33 1.667400 -0.000002 0.000008 0.000000 0.000000 0.785377
    34 3.899460 -0.475376 1.170891 -0.037591 0.101270 -0.055752
    35 1.528215 -0.000001 0.000000 0.000000 0.000000 1.575956
    36 1.528217 -0.000001 0.000001 0.000000 0.000000 1.352577
    37 3.899459 -0.431805 -0.168223 0.093293 -0.006316 0.182573
    38 1.506962 0.000000 0.000002 0.000000 0.000000 1.708639
    39 1.506964 0.000001 -0.000001 0.000000 0.000000 1.310683
    40 3.915634 -0.278019 -1.402605 0.217310 -0.078619 0.205835
    41 1.333083 0.000001 0.000003 0.000000 0.000000 1.464281
    42 1.159202 0.000000 -0.000004 0.000000 0.000000 1.370013
    43 3.495615 0.351176 1.563391 1.582244 -0.018583 -3.126153
    44 -2.156468 1.809614 0.001208 0.000000 0.000000 0.000000
    45 -6.613107 1.564316 -0.031845 0.000000 0.000000 0.000000
  time 226
    0 0.928525 1.014336 -19.461068 0.000000 0.000000 -1.570792
    1 0.000000 0.000000 0.000002 -0.000086 -1.570451 -1.570709
    2 4.443615 -0.009642 0.000006 -0.000004 -0.000001 0.000796
    3 12.111412 -0.011446 0.000000 0.000000 0.000000 0.000000
    4 0.000010 0.011442 1.352402 -0.000014 -1.370796 3.140810
    5 6.078090 0.000001 -0.000005 -0.531509 1.219836 -0.541120
    6 13.446754 -0.000001 0.000001 0.000000 0.000000 -0.648458
    7 15.997000 0.000001 -0.000001 -1.683447 0.000000 0.000000
    8 1.885325 0.833276 -2.177876 -1.598016 0.698132 -0.000668
    9 1.506960 -0.000006 0.000000 0.000000 0.000000 -0.139626
    10 0.798348 0.000003 0.000000 0.000000 0.000000 -0.113446
    11 3.950302 -0.539875 -2.108871 -0.000806 0.157080 -0.000126
    12 1.545797 -0.000002 -0.000001 0.000000 0.000000 0.471239
    13 1.667398 0.000001 0.000007 0.000000 0.000000 0.436332
    14 3.899452 -0.475378 -1.170893 -0.000796 0.000000 0.000000
    15 1.528218 0.000003 0.000001 0.000000 0.000000 0.331613
    16 1.528216 -0.000001 -0.000003 0.000000 0.000000 0.479966
    17 3.899459 -0.431804 0.168223 -0.000796 0.000000 0.000000
    18 1.506968 0.000002 -0.000001 0.000000 0.000000 0.427606
    19 1.506962 -0.000001 0.000001 0.000000 0.000000 0.340339
    20 3.915634 -0.278020 1.402608 -0.000796 0.000000 0.000000
    21 1.333080 0.000000 -0.000001 0.000000 0.000000 0.637045
    22 1.159204 0.000000 -0.000002 0.000000 0.000000 0.218166
    23 18.209354 8.207681 -0.352298 -1.582244 0.018583 -3.126150
    24 0.000009 0.011450 -1.352403 -0.000014 1.370796 3.140783
    25 6.078084 0.000001 0.000003 1.124350 -0.814233 -1.218792
    26 13.446750 -0.000005 0.000000 0.000000 0.000000 -1.154732
    27 15.997000 -0.000002 0.000000 1.670035 -0.001556 0.263226
    28 1.885324 0.833275 2.177876 1.172048 -0.644525 0.438889
    29 1.506966 -0.000005 0.000000 0.000000 0.000000 -0.436329
    30 0.798348 -0.000001 -0.000001 0.000000 0.000000 -0.507867
    31 3.950306 -0.539875 2.108876 0.012323 0.110212 -0.171410
    32 1.545797 -0.000001 -0.000008 0.000000 0.000000 0.513113
    33 1.667400 -0.000002 0.000008 0.000000 0.000000 0.785377
    34 3.899460 -0.475376 1.170891 -0.037591 0.101270 -0.055752
    35 1.528215 -0.000001 0.000000 0.000000 0.000000 1.575956
    36 1.528217 -0.000001 0.000001 0.000000 0.000000 1.352577
    37 3.899459 -0.431805 -0.168223 0.093293 -0.006316 0.182573
    38 1.506962 0.000000 0.000002 0.000000 0.000000 1.708639
    39 1.506964 0.000001 -0.000001 0.000000 0.000000 1.310683
    40 3.915634 -0.278019 -1.402605 0.217310 -0.078619 0.205835
    41 1.333083 0.000001 0.000003 0.000000 0.000000 1.464281
    42 1.159202 0.000000 -0.000004 0.000000 0.000000 1.370013
    43 3.495615 0.351176 1.563391 1.582244 -0.018583 -3.126153
    44 -2.156468 1.809614 0.001208 0.000000 0.000000 0.000000
    45 -6.613107 1.564316 -0.031845 0.000000 0.000000 0.000000
  time 227
    0 0.928525 1.014336 -19.461068 0.000000 0.000000 -1.570792
    1 0.000000 0.000000 0.000002 -0.000086 -1.570451 -1.570709
    2 4.443615 -0.009642 0.000006 -0.000004 -0.000001 0.000796
    3 12.111412 -0.011446 0.000000 0.000000 0.000000 0.000000
    4 0.000010 0.011442 1.352402 -0.000014 -1.370796 3.140810
    5 6.078090 0.000001 -0.000005 -0.531509 1.219836 -0.541120
    6 13.446754 -0.000001 0.000001 0.000000 0.000000 -0.648458
    7 15.997000 0.000001 -0.000001 -1.683447 0.000000 0.000000
    8 1.885325 0.833276 -2.177876 -1.598016 0.698132 -0.000668
    9 1.506960 -0.000006 0.000000 0.000000 0.000000 -0.139626
    10 0.798348 0.000003 0.000000 0.000000 0.000000 -0.113446
    11 3.950302 -0.539875 -2.108871 -0.000806 0.157080 -0.000126
    12 1.545797 -0.000002 -0.000001 0.000000 0.000000 0.471239
    13 1.667398 0.000001 0.000007 0.000000 0.000000 0.436332
    14 3.899452 -0.475378 -1.170893 -0.000796 0.000000 0.000000
    15 1.528218 0.000003 0.000001 0.000000 0.000000 0.331613
    16 1.528216 -0.000001 -0.000003 0.000000 0.000000 0.479966
    17 3.899459 -0.431804 0.168223 -0.000796 0.000000 0.000000
    18 1.506968 0.000002 -0.000001 0.000000 0.000000 0.427606
    19 1.506962 -0.000001 0.000001 0.000000 0.000000 0.340339
    20 3.915634 -0.278020 1.402608 -0.000796 0.000000 0.000000
    21 1.333080 0.000000 -0.000001 0.000000 0.000000 0.637045
    22 1.159204 0.000000 -0.000002 0.000000 0.000000 0.218166
    23 18.209354 8.207681 -0.352298 -1.582244 0.018583 -3.126150
    24 0.000009 0.011450 -1.352403 -0.000014 1.370796 3.140783
    25 6.078084 0.000001 0.000003 1.124295 -0.814332 -1.218750
    26 13.446750 -0.000005 0.000000 0.000000 0.000000 -1.154780
    27 15.997000 -0.000002 0.000000 1.670071 -0.001556 0.263226
    28 1.885324 0.833275 2.177876 1.172048 -0.644537 0.438889
    29 1.506966 -0.000005 0.000000 0.000000 0.000000 -0.436329
    30 0.798348 -0.000001 -0.000001 0.000000 0.000000 -0.507867
    31 3.950306 -0.539875 2.108876 0.012323 0.110212 -0.171410
    32 1.545797 -0.000001 -0.000008 0.000000 0.000000 0.513113
    33 1.667400 -0.000002 0.000008 0.000000 0.000000 0.785377
    34 3.899460 -0.475376 1.170891 -0.037591 0.101270 -0.055752
    35 1.528215 -0.000001 0.000000 0.000000 0.000000 1.575956
    36 1.528217 -0.000001 0.000001 0.000000 0.000000 1.352577
    37 3.899459 -0.431805 -0.168223 0.093293 -0.006316 0.182573
    38 1.506962 0.000000 0.000002 0.000000 0.000000 1.708639
    39 1.506964 0.000001 -0.000001 0.000000 0.000000 1.310683
    40 3.915634 -0.278019 -1.402605 0.217310 -0.078619 0.205835
    41 1.333083 0.000001 0.000003 0.000000 0.000000 1.464281
    42 1.159202 0.000000 -0.000004 0.000000 0.000000 1.370013
    43 3.495615 0.351176 1.563391 1.582244 -0.018583 -3.126153
    44 -2.156468 1.809614 0.001208 0.000000 0.000000 0.000000
    45 -6.613107 1.564316 -0.031845 0.000000 0.000000 0.000000
  time 228
    0 0.928525 1.014336 -19.461068 0.000000 0.000000 -1.570792
    1 0.000000 0.000000 0.000002 -0.000086 -1.570451 -1.570709
    2 4.443615 -0.009642 0.000006 -0.000004 -0.000001 0.000796
    3 12.111412 -0.011446 0.000000 0.000000 0.000000 0.000000
    4 0.000010 0.011442 1.352402 -0.000014 -1.370796 3.140810
    5 6.078090 0.000001 -0.000005 -0.531509 1.219836 -0.541120
    6 13.446754 -0.000001 0.000001 0.000000 0.000000 -0.648458
    7 15.997000 0.000001 -0.000001 -1.683447 0.000000 0.000000
    8 1.885325 0.833276 -2.177876 -1.598016 0.698132 -0.000668
    9 1.506960 -0.000006 0.000000 0.000000 0.000000 -0.139626
    10 0.798348 0.000003 0.000000 0.000000 0.000000 -0.113446
    11 3.950302 -0.539875 -2.108871 -0.000806 0.157080 -0.000126
    12 1.545797 -0.000002 -0.000001 0.000000 0.000000 0.471239
    13 1.667398 0.000001 0.000007 0.000000 0.000000 0.436332
    14 3.899452 -0.475378 -1.170893 -0.000796 0.000000 0.000000
    15 1.528218 0.000003 0.000001 0.000000 0.000000 0.331613
    16 1.528216 -0.000001 -0.000003 0.000000 0.000000 0.479966
    17 3.899459 -0.431804 0.168223 -0.000796 0.000000 0.000000
    18 1.506968 0.000002 -0.000001 0.000000 0.000000 0.427606
    19 1.506962 -0.000001 0.000001 0.000000 0.000000 0.340339
    20 3.915634 -0.278020 1.402608 -0.000796 0.000000 0.000000
    21 1.333080 0.000000 -0.000001 0.000000 0.000000 0.637045
    22 1.159204 0.000000 -0.000002 0.000000 0.000000 0.218166
    23 18.209354 8.207681 -0.352298 -1.582244 0.018583 -3.126150
    24 0.000009 0.011450 -1.352403 -0.000014 1.370796 3.140783
    25 6.078084 0.000001 0.000003 1.124253 -0.814430 -1.218687
    26 13.446750 -0.000005 0.000000 0.000000 0.000000 -1.154780
    27 15.997000 -0.000002 0.000000 1.670107 -0.001556 0.263226
    28 1.885324 0.833275 2.177876 1.172048 -0.644525 0.438889
    29 1.506966 -0.000005 0.000000 0.000000 0.000000 -0.436329
    30 0.798348 -0.000001 -0.000001 0.000000 0.000000 -0.507867
    31 3.950306 -0.539875 2.108876 0.012323 0.110212 -0.171410
    32 1.545797 -0.000001 -0.000008 0.000000 0.000000 0.513113
    33 1.667400 -0.000002 0.000008 0.000000 0.000000 0.785377
    34 3.899460 -0.475376 1.170891 -0.037591 0.101270 -0.055752
    35 1.528215 -0.000001 0.000000 0.000000 0.000000 1.575956
    36 1.528217 -0.000001 0.000001 0.000000 0.000000 1.352577
    37 3.899459 -0.431805 -0.168223 0.093305 -0.006316 0.182573
    38 1.506962 0.000000 0.000002 0.000000 0.000000 1.708639
    39 1.506964 0.000001 -0.000001 0.000000 0.000000 1.310683
    40 3.915634 -0.278019 -1.402605 0.217310 -0.078619 0.205835
    41 1.333083 0.000001 0.000003 0.000000 0.000000 1.464281
    42 1.159202 0.000000 -0.000004 0.000000 0.000000 1.370013
    43 3.495615 0.351176 1.563391 1.582244 -0.018583 -3.126153
    44 -2.156468 1.809614 0.001208 0.000000 0.000000 0.000000
    45 -6.617014 1.564316 -0.031845 0.000000 0.000000 0.000000
  time 229
    0 0.928525 1.014336 -19.461068 0.000000 0.000000 -1.570792
    1 0.000000 0.000000 0.000002 -0.000086 -1.570451 -1.570709
    2 4.443615 -0.009642 0.000006 -0.000004 -0.000001 0.000796
    3 12.111412 -0.011446 0.000000 0.000000 0.000000 0.000000
    4 0.000010 0.011442 1.352402 -0.000014 -1.370796 3.140810
    5 6.078090 0.000001 -0.000005 -0.531509 1.219836 -0.541120
    6 13.446754 -0.000001 0.000001 0.000000 0.000000 -0.648458
    7 15.997000 0.000001 -0.000001 -1.683447 0.000000 0.000000
    8 1.885325 0.833276 -2.177876 -1.598016 0.698132 -0.000668
    9 1.506960 -0.000006 0.000000 0.000000 0.000000 -0.139626
    10 0.798348 0.000003 0.000000 0.000000 0.000000 -0.113446
    11 3.950302 -0.539875 -2.108871 -0.000806 0.157080 -0.000126
    12 1.545797 -0.000002 -0.000001 0.000000 0.000000 0.471239
    13 1.667398 0.000001 0.000007 0.000000 0.000000 0.436332
    14 3.899452 -0.475378 -1.170893 -0.000796 0.000000 0.000000
    15 1.528218 0.000003 0.000001 0.000000 0.000000 0.331613
    16 1.528216 -0.000001 -0.000003 0.000000 0.000000 0.479966
    17 3.899459 -0.431804 0.168223 -0.000796 0.000000 0.000000
    18 1.506968 0.000002 -0.000001 0.000000 0.000000 0.427606
    19 1.506962 -0.000001 0.000001 0.000000 0.000000 0.340339
    20 3.915634 -0.278020 1.402608 -0.000796 0.000000 0.000000
    21 1.333080 0.000000 -0.000001 0.000000 0.000000 0.637045
    22 1.159204 0.000000 -0.000002 0.000000 0.000000 0.218166
    23 18.209354 8.207681 -0.352298 -1.582244 0.018583 -3.126150
    24 0.000009 0.011450 -1.352403 -0.000014 1.370796 3.140783
    25 6.078084 0.000001 0.000003 1.124212 -0.814529 -1.218645
    26 13.446750 -0.000005 0.000000 0.000000 0.000000 -1.154780
    27 15.997000 -0.000002 0.000000 1.670131 -0.001556 0.263226
    28 1.885324 0.833275 2.177876 1.172048 -0.644525 0.438889
    29 1.506966 -0.000005 0.000000 0.000000 0.000000 -0.436329
    30 0.798348 -0.000001 -0.000001 0.000000 0.000000 -0.507867
    31 3.950306 -0.539875 2.108876 0.012323 0.110212 -0.171410
    32 1.545797 -0.000001 -0.000008 0.000000 0.000000 0.513113
    33 1.667400 -0.000002 0.000008 0.000000 0.000000 0.785377
    34 3.899460 -0.475376 1.170891 -0.037591 0.101270 -0.055752
    35 1.528215 -0.000001 0.000000 0.000000 0.000000 1.575956
    36 1.528217 -0.000001 0.000001 0.000000 0.000000 1.352604
    37 3.899459 -0.431805 -0.168223 0.093293 -0.006316 0.182573
    38 1.506962 0.000000 0.000002 0.000000 0.000000 1.708639
    39 1.506964 0.000001 -0.000001 0.000000 0.000000 1.310683
    40 3.915634 -0.278019 -1.402605 0.217310 -0.078619 0.205835
    41 1.333083 0.000001 0.000003 0.000000 0.000000 1.464281
    42 1.159202 0.000000 -0.000004 0.000000 0.000000 1.370013
    43 3.495615 0.351176 1.563391 1.582244 -0.018583 -3.126153
    44 -2.156468 1.809614 0.001208 0.000000 0.000000 0.000000
    45 -6.613107 1.564316 -0.031845 0.000000 0.000000 0.000000
  time 230
    0 0.928525 1.014336 -19.461068 0.000000 0.000000 -1.570792
    1 0.000000 0.000000 0.000002 -0.000086 -1.570451 -1.570709
    2 4.443615 -0.009642 0.000006 -0.000004 -0.000001 0.000796
    3 12.111412 -0.011446 0.000000 0.000000 0.000000 0.000000
    4 0.000010 0.011442 1.352402 -0.000014 -1.370796 3.140810
    5 6.078090 0.000001 -0.000005 -0.531509 1.219836 -0.541120
    6 13.446754 -0.000001 0.000001 0.000000 0.000000 -0.648458
    7 15.997000 0.000001 -0.000001 -1.683447 0.000000 0.000000
    8 1.885325 0.833276 -2.177876 -1.598016 0.698132 -0.000668
    9 1.506960 -0.000006 0.000000 0.000000 0.000000 -0.139626
    10 0.798348 0.000003 0.000000 0.000000 0.000000 -0.113446
    11 3.950302 -0.539875 -2.108871 -0.000806 0.157080 -0.000126
    12 1.545797 -0.000002 -0.000001 0.000000 0.000000 0.471239
    13 1.667398 0.000001 0.000007 0.000000 0.000000 0.436332
    14 3.899452 -0.475378 -1.170893 -0.000796 0.000000 0.000000
    15 1.528218 0.000003 0.000001 0.000000 0.000000 0.331613
    16 1.528216 -0.000001 -0.000003 0.000000 0.000000 0.479966
    17 3.899459 -0.431804 0.168223 -0.000796 0.000000 0.000000
    18 1.506968 0.000002 -0.000001 0.000000 0.000000 0.427606
    19 1.506962 -0.000001 0.000001 0.000000 0.000000 0.340339
    20 3.915634 -0.278020 1.402608 -0.000796 0.000000 0.000000
    21 1.333080 0.000000 -0.000001 0.000000 0.000000 0.637045
    22 1.159204 0.000000 -0.000002 0.000000 0.000000 0.218166
    23 18.209354 8.207681 -0.352298 -1.582244 0.018583 -3.126150
    24 0.000009 0.011450 -1.352403 -0.000014 1.370796 3.140783
    25 6.078084 0.000001 0.000003 1.124157 -0.814628 -1.218582
    26 13.446750 -0.000005 0.000000 0.000000 0.000000 -1.154780
    27 15.997000 -0.000002 0.000000 1.670143 -0.001556 0.263226
    28 1.885324 0.833275 2.177876 1.172048 -0.644525 0.438889
    29 1.506966 -0.000005 0.000000 0.000000 0.000000 -0.436329
    30 0.798348 -0.000001 -0.000001 0.000000 0.000000 -0.507879
    31 3.950306 -0.539875 2.108876 0.012323 0.110212 -0.171410
    32 1.545797 -0.000001 -0.000008 0.000000 0.000000 0.513113
    33 1.667400 -0.000002 0.000008 0.000000 0.000000 0.785377
    34 3.899460 -0.475376 1.170891 -0.037591 0.101270 -0.055752
    35 1.528215 -0.000001 0.000000 0.000000 0.000000 1.575956
    36 1.528217 -0.000001 0.000001 0.000000 0.000000 1.352577
    37 3.899459 -0.431805 -0.168223 0.093293 -0.006316 0.182573
    38 1.506962 0.000000 0.000002 0.000000 0.000000 1.708639
    39 1.506964 0.000001 -0.000001 0.000000 0.000000 1.310683
    40 3.915634 -0.278019 -1.402605 0.217310 -0.078619 0.205835
    41 1.333083 0.000001 0.000003 0.000000 0.000000 1.464281
    42 1.159202 0.000000 -0.000004 0.000000 0.000000 1.370013
    43 3.495615 0.351176 1.563391 1.582244 -0.018583 -3.126153
    44 -2.156468 1.809614 0.001208 0.000000 0.000000 0.000000
    45 -6.613107 1.564316 -0.031845 0.000000 0.000000 0.000000
  time 231
    0 0.928525 1.014336 -19.461068 0.000000 0.000000 -1.570792
    1 0.000000 0.000000 0.000002 -0.000086 -1.570451 -1.570709
    2 4.443615 -0.009642 0.000006 -0.000004 -0.000001 0.000796
    3 12.111412 -0.011446 0.000000 0.000000 0.000000 0.000000
    4 0.000010 0.011442 1.352402 -0.000014 -1.370796 3.140810
    5 6.078090 0.000001 -0.000005 -0.531509 1.219836 -0.541120
    6 13.446754 -0.000001 0.000001 0.000000 0.000000 -0.648458
    7 15.997000 0.000001 -0.000001 -1.683447 0.000000 0.000000
    8 1.885325 0.833276 -2.177876 -1.598016 0.698132 -0.000668
    9 1.506960 -0.000006 0.000000 0.000000 0.000000 -0.139626
    10 0.798348 0.000003 0.000000 0.000000 0.000000 -0.113446
    11 3.950302 -0.539875 -2.108871 -0.000806 0.157080 -0.000126
    12 1.545797 -0.000002 -0.000001 0.000000 0.000000 0.471239
    13 1.667398 0.000001 0.000007 0.000000 0.000000 0.436332
    14 3.899452 -0.475378 -1.170893 -0.000796 0.000000 0.000000
    15 1.528218 0.000003 0.000001 0.000000 0.000000 0.331613
    16 1.528216 -0.000001 -0.000003 0.000000 0.000000 0.479966
    17 3.899459 -0.431804 0.168223 -0.000796 0.000000 0.000000
    18 1.506968 0.000002 -0.000001 0.000000 0.000000 0.427606
    19 1.506962 -0.000001 0.000001 0.000000 0.000000 0.340339
    20 3.915634 -0.278020 1.402608 -0.000796 0.000000 0.000000
    21 1.333080 0.000000 -0.000001 0.000000 0.000000 0.637045
    22 1.159204 0.000000 -0.000002 0.000000 0.000000 0.218166
    23 18.209354 8.207681 -0.352298 -1.582244 0.018583 -3.126150
    24 0.000009 0.011450 -1.352403 -0.000014 1.370796 3.140783
    25 6.078084 0.000001 0.000003 1.124115 -0.814726 -1.218519
    26 13.446750 -0.000005 0.000000 0.000000 0.000000 -1.154780
    27 15.997000 -0.000002 0.000000 1.670143 -0.001556 0.263226
    28 1.885324 0.833275 2.177876 1.172048 -0.644525 0.438889
    29 1.506966 -0.000005 0.000000 0.000000 0.000000 -0.436329
    30 0.798348 -0.000001 -0.000001 0.000000 0.000000 -0.507867
    31 3.950306 -0.539875 2.108876 0.012323 0.110212 -0.171410
    32 1.545797 -0.000001 -0.000008 0.000000 0.000000 0.513113
    33 1.667400 -0.000002 0.000008 0.000000 0.000000 0.785377
    34 3.899460 -0.475376 1.170891 -0.037591 0.101270 -0.055752
    35 1.528215 -0.000001 0.000000 0.000000 0.000000 1.575956
    36 1.528217 -0.000001 0.000001 0.000000 0.000000 1.352577
    37 3.899459 -0.431805 -0.168223 0.093293 -0.006316 0.182573
    38 1.506962 0.000000 0.000002 0.000000 0.000000 1.708639
    39 1.506964 0.000001 -0.000001 0.000000 0.000000 1.310683
    40 3.915634 -0.278019 -1.402605 0.217310 -0.078619 0.205835
    41 1.333083 0.000001 0.000003 0.000000 0.000000 1.464281
    42 1.159202 0.000000 -0.000004 0.000000 0.000000 1.370013
    43 3.495615 0.351176 1.563391 1.582244 -0.018583 -3.126153
    44 -2.156468 1.809614 0.001208 0.000000 0.000000 0.000000
    45 -6.613107 1.564316 -0.031845 0.000000 0.000000 0.000000
  time 232
    0 0.928525 1.014336 -19.461068 0.000000 0.000000 -1.570792
    1 0.000000 0.000000 0.000002 -0.000086 -1.570451 -1.570709
    2 4.443615 -0.009642 0.000006 -0.000004 -0.000001 0.000796
    3 12.111412 -0.011446 0.000000 0.000000 0.000000 0.000000
    4 0.000010 0.011442 1.352402 -0.000014 -1.370796 3.140810
    5 6.078090 0.000001 -0.000005 -0.531509 1.219836 -0.541120
    6 13.446754 -0.000001 0.000001 0.000000 0.000000 -0.648458
    7 15.997000 0.000001 -0.000001 -1.683447 0.000000 0.000000
    8 1.885325 0.833276 -2.177876 -1.598016 0.698132 -0.000668
    9 1.506960 -0.000006 0.000000 0.000000 0.000000 -0.139626
    10 0.798348 0.000003 0.000000 0.000000 0.000000 -0.113446
    11 3.950302 -0.539875 -2.108871 -0.000806 0.157080 -0.000126
    12 1.545797 -0.000002 -0.000001 0.000000 0.000000 0.471239
    13 1.667398 0.000001 0.000007 0.000000 0.000000 0.436332
    14 3.899452 -0.475378 -1.170893 -0.000796 0.000000 0.000000
    15 1.528218 0.000003 0.000001 0.000000 0.000000 0.331613
    16 1.528216 -0.000001 -0.000003 0.000000 0.000000 0.479966
    17 3.899459 -0.431804 0.168223 -0.000796 0.000000 0.000000
    18 1.506968 0.000002 -0.000001 0.000000 0.000000 0.427606
    19 1.506962 -0.000001 0.000001 0.000000 0.000000 0.340339
    20 3.915634 -0.278020 1.402608 -0.000796 0.000000 0.000000
    21 1.333080 0.000000 -0.000001 0.000000 0.000000 0.637045
    22 1.159204 0.000000 -0.000002 0.000000 0.000000 0.218166
    23 18.209354 8.207681 -0.352298 -1.582244 0.018583 -3.126150
    24 0.000009 0.011450 -1.352403 -0.000014 1.370796 3.140783
    25 6.078084 0.000001 0.000003 1.124074 -0.814825 -1.218455
    26 13.446750 -0.000005 0.000000 0.000000 0.000000 -1.154780
    27 15.997000 -0.000002 0.000000 1.670131 -0.001556 0.263226
    28 1.885324 0.833275 2.177876 1.172048 -0.644525 0.438889
    29 1.506966 -0.000005 0.000000 0.000000 0.000000 -0.436329
    30 0.798348 -0.000001 -0.000001 0.000000 0.000000 -0.507867
    31 3.950306 -0.539875 2.108876 0.012323 0.110212 -0.171410
    32 1.545797 -0.000001 -0.000008 0.000000 0.000000 0.513113
    33 1.667400 -0.000002 0.000008 0.000000 0.000000 0.785377
    34 3.899460 -0.475376 1.170891 -0.037591 0.101270 -0.055752
    35 1.528215 -0.000001 0.000000 0.000000 0.000000 1.575956
    36 1.528217 -0.000001 0.000001 0.000000 0.000000 1.352577
    37 3.899459 -0.431805 -0.168223 0.093293 -0.006316 0.182573
    38 1.506962 0.000000 0.000002 0.000000 0.000000 1.708639
    39 1.506964 0.000001 -0.000001 0.000000 0.000000 1.310683
    40 3.915634 -0.278019 -1.402605 0.217310 -0.078619 0.205835
    41 1.333083 0.000001 0.000003 0.000000 0.000000 1.464281
    42 1.159202 0.000000 -0.000004 0.000000 0.000000 1.370013
    43 3.495615 0.351176 1.563391 1.582244 -0.018583 -3.126153
    44 -2.156468 1.809614 0.001208 0.000000 0.000000 0.000000
    45 -6.613107 1.564316 -0.031845 0.000000 0.000000 0.000000
  time 233
    0 0.928525 1.014336 -19.461068 0.000000 0.000000 -1.570792
    1 0.000000 0.000000 0.000002 -0.000086 -1.570451 -1.570709
    2 4.443615 -0.009642 0.000006 -0.000004 -0.000001 0.000796
    3 12.111412 -0.011446 0.000000 0.000000 0.000000 0.000000
    4 0.000010 0.011442 1.352402 -0.000014 -1.370796 3.140810
    5 6.078090 0.000001 -0.000005 -0.531509 1.219836 -0.541120
    6 13.446754 -0.000001 0.000001 0.000000 0.000000 -0.648458
    7 15.997000 0.000001 -0.000001 -1.683447 0.000000 0.000000
    8 1.885325 0.833276 -2.177876 -1.598016 0.698132 -0.000668
    9 1.506960 -0.000006 0.000000 0.000000 0.000000 -0.139626
    10 0.798348 0.000003 0.000000 0.000000 0.000000 -0.113446
    11 3.950302 -0.539875 -2.108871 -0.000806 0.157080 -0.000126
    12 1.545797 -0.000002 -0.000001 0.000000 0.000000 0.471239
    13 1.667398 0.000001 0.000007 0.000000 0.000000 0.436332
    14 3.899452 -0.475378 -1.170893 -0.000796 0.000000 0.000000
    15 1.528218 0.000003 0.000001 0.000000 0.000000 0.331613
    16 1.528216 -0.000001 -0.000003 0.000000 0.000000 0.479966
    17 3.899459 -0.431804 0.168223 -0.000796 0.000000 0.000000
    18 1.506968 0.000002 -0.000001 0.000000 0.000000 0.427606
    19 1.506962 -0.000001 0.000001 0.000000 0.000000 0.340339
    20 3.915634 -0.278020 1.402608 -0.000796 0.000000 0.000000
    21 1.333080 0.000000 -0.000001 0.000000 0.000000 0.637045
    22 1.159204 0.000000 -0.000002 0.000000 0.000000 0.218166
    23 18.209354 8.207681 -0.352298 -1.582244 0.018583 -3.126150
    24 0.000009 0.011450 -1.352403 -0.000014 1.370796 3.140783
    25 6.078084 0.000001 0.000003 1.124005 -0.814956 -1.218392
    26 13.446750 -0.000005 0.000000 0.000000 0.000000 -1.154780
    27 15.997000 -0.000002 0.000000 1.670119 -0.001556 0.263226
    28 1.885324 0.833275 2.177876 1.172048 -0.644525 0.438889
    29 1.506966 -0.000005 0.000000 0.000000 0.000000 -0.436329
    30 0.798348 -0.000001 -0.000001 0.000000 0.000000 -0.507867
    31 3.950306 -0.539875 2.108876 0.012323 0.110212 -0.171410
    32 1.545797 -0.000001 -0.000008 0.000000 0.000000 0.513113
    33 1.667400 -0.000002 0.000008 0.000000 0.000000 0.785377
    34 3.899460 -0.475376 1.170891 -0.037591 0.101270 -0.055752
    35 1.528215 -0.000001 0.000000 0.000000 0.000000 1.575956
    36 1.528217 -0.000001 0.000001 0.000000 0.000000 1.352577
    37 3.899459 -0.431805 -0.168223 0.093305 -0.006316 0.182573
    38 1.506962 0.000000 0.000002 0.000000 0.000000 1.708639
    39 1.506964 0.000001 -0.000001 0.000000 0.000000 1.310683
    40 3.915634 -0.278019 -1.402605 0.217310 -0.078619 0.205835
    41 1.333083 0.000001 0.000003 0.000000 0.000000 1.464281
    42 1.159202 0.000000 -0.000004 0.000000 0.000000 1.370013
    43 3.495615 0.351176 1.563391 1.582244 -0.018583 -3.126153
    44 -2.156468 1.809614 0.001208 0.000000 0.000000 0.000000
    45 -6.613107 1.564316 -0.031845 0.000000 0.000000 0.000000
  time 234
    0 0.928525 1.014336 -19.461068 0.000000 0.000000 -1.570792
    1 0.000000 0.000000 0.000002 -0.000086 -1.570451 -1.570709
    2 4.443615 -0.009642 0.000006 -0.000004 -0.000001 0.000796
    3 12.111412 -0.011446 0.000000 0.000000 0.000000 0.000000
    4 0.000010 0.011442 1.352402 -0.000014 -1.370796 3.140810
    5 6.078090 0.000001 -0.000005 -0.531509 1.219836 -0.541120
    6 13.446754 -0.000001 0.000001 0.000000 0.000000 -0.648458
    7 15.997000 0.000001 -0.000001 -1.683447 0.000000 0.000000
    8 1.885325 0.833276 -2.177876 -1.598016 0.698132 -0.000668
    9 1.506960 -0.000006 0.000000 0.000000 0.000000 -0.139626
    10 0.798348 0.000003 0.000000 0.000000 0.000000 -0.113446
    11 3.950302 -0.539875 -2.108871 -0.000806 0.157080 -0.000126
    12 1.545797 -0.000002 -0.000001 0.000000 0.000000 0.471239
    13 1.667398 0.000001 0.000007 0.000000 0.000000 0.436332
    14 3.899452 -0.475378 -1.170893 -0.000796 0.000000 0.000000
    15 1.528218 0.000003 0.000001 0.000000 0.000000 0.331613
    16 1.528216 -0.000001 -0.000003 0.000000 0.000000 0.479966
    17 3.899459 -0.431804 0.168223 -0.000796 0.000000 0.000000
    18 1.506968 0.000002 -0.000001 0.000000 0.000000 0.427606
    19 1.506962 -0.000001 0.000001 0.000000 0.000000 0.340339
    20 3.915634 -0.278020 1.402608 -0.000796 0.000000 0.000000
    21 1.333080 0.000000 -0.000001 0.000000 0.000000 0.637045
    22 1.159204 0.000000 -0.000002 0.000000 0.000000 0.218166
    23 18.209354 8.207681 -0.352298 -1.582244 0.018583 -3.126150
    24 0.000009 0.011450 -1.352403 -0.000014 1.370796 3.140783
    25 6.078084 0.000001 0.000003 1.123949 -0.815055 -1.218329
    26 13.446750 -0.000005 0.000000 0.000000 0.000000 -1.154780
    27 15.997000 -0.000002 0.000000 1.670095 -0.001556 0.263226
    28 1.885324 0.833275 2.177876 1.172048 -0.644537 0.438889
    29 1.506966 -0.000005 0.000000 0.000000 0.000000 -0.436329
    30 0.798348 -0.000001 -0.000001 0.000000 0.000000 -0.507879
    31 3.950306 -0.539875 2.108876 0.012323 0.110212 -0.171410
    32 1.545797 -0.000001 -0.000008 0.000000 0.000000 0.513113
    33 1.667400 -0.000002 0.000008 0.000000 0.000000 0.785377
    34 3.899460 -0.475376 1.170891 -0.037591 0.101270 -0.055752
    35 1.528215 -0.000001 0.000000 0.000000 0.000000 1.575956
    36 1.528217 -0.000001 0.000001 0.000000 0.000000 1.352577
    37 3.899459 -0.431805 -0.168223 0.093305 -0.006316 0.182573
    38 1.506962 0.000000 0.000002 0.000000 0.000000 1.708639
    39 1.506964 0.000001 -0.000001 0.000000 0.000000 1.310683
    40 3.915634 -0.278019 -1.402605 0.217310 -0.078619 0.205835
    41 1.333083 0.000001 0.000003 0.000000 0.000000 1.464281
    42 1.159202 0.000000 -0.000004 0.000000 0.000000 1.370013
    43 3.495615 0.351176 1.563391 1.582244 -0.018583 -3.126153
    44 -2.156468 1.809614 0.001208 0.000000 0.000000 0.000000
    45 -6.613107 1.564316 -0.031845 0.000000 0.000000 0.000000
  time 235
    0 0.928525 1.014336 -19.461068 0.000000 0.000000 -1.570792
    1 0.000000 0.000000 0.000002 -0.000086 -1.570451 -1.570709
    2 4.443615 -0.009642 0.000006 -0.000004 -0.000001 0.000796
    3 12.111412 -0.011446 0.000000 0.000000 0.000000 0.000000
    4 0.000010 0.011442 1.352402 -0.000014 -1.370796 3.140810
    5 6.078090 0.000001 -0.000005 -0.531509 1.219836 -0.541120
    6 13.446754 -0.000001 0.000001 0.000000 0.000000 -0.648458
    7 15.997000 0.000001 -0.000001 -1.683447 0.000000 0.000000
    8 1.885325 0.833276 -2.177876 -1.598016 0.698132 -0.000668
    9 1.506960 -0.000006 0.000000 0.000000 0.000000 -0.139626
    10 0.798348 0.000003 0.000000 0.000000 0.000000 -0.113446
    11 3.950302 -0.539875 -2.108871 -0.000806 0.157080 -0.000126
    12 1.545797 -0.000002 -0.000001 0.000000 0.000000 0.471239
    13 1.667398 0.000001 0.000007 0.000000 0.000000 0.436332
    14 3.899452 -0.475378 -1.170893 -0.000796 0.000000 0.000000
    15 1.528218 0.000003 0.000001 0.000000 0.000000 0.331613
    16 1.528216 -0.000001 -0.000003 0.000000 0.000000 0.479966
    17 3.899459 -0.431804 0.168223 -0.000796 0.000000 0.000000
    18 1.506968 0.000002 -0.000001 0.000000 0.000000 0.427606
    19 1.506962 -0.000001 0.000001 0.000000 0.000000 0.340339
    20 3.915634 -0.278020 1.402608 -0.000796 0.000000 0.000000
    21 1.333080 0.000000 -0.000001 0.000000 0.000000 0.637045
    22 1.159204 0.000000 -0.000002 0.000000 0.000000 0.218166
    23 18.209354 8.207681 -0.352298 -1.582244 0.018583 -3.126150
    24 0.000009 0.011450 -1.352403 -0.000014 1.370796 3.140783
    25 6.078084 0.000001 0.000003 1.123908 -0.815186 -1.218266
    26 13.446750 -0.000005 0.000000 0.000000 0.000000 -1.154780
    27 15.997000 -0.000002 0.000000 1.670071 -0.001556 0.263226
    28 1.885324 0.833275 2.177876 1.172048 -0.644525 0.438889
    29 1.506966 -0.000005 0.000000 0.000000 0.000000 -0.436329
    30 0.798348 -0.000001 -0.000001 0.000000 0.000000 -0.507867
    31 3.950306 -0.539875 2.108876 0.012323 0.110212 -0.171410
    32 1.545797 -0.000001 -0.000008 0.000000 0.000000 0.513113
    33 1.667400 -0.000002 0.000008 0.000000 0.000000 0.785377
    34 3.899460 -0.475376 1.170891 -0.037591 0.101270 -0.055752
    35 1.528215 -0.000001 0.000000 0.000000 0.000000 1.575956
    36 1.528217 -0.000001 0.000001 0.000000 0.000000 1.352577
    37 3.899459 -0.431805 -0.168223 0.093305 -0.006316 0.182573
    38 1.506962 0.000000 0.000002 0.000000 0.000000 1.708639
    39 1.506964 0.000001 -0.000001 0.000000 0.000000 1.310683
    40 3.915634 -0.278019 -1.402605 0.217310 -0.078619 0.205835
    41 1.333083 0.000001 0.000003 0.000000 0.000000 1.464281
    42 1.159202 0.000000 -0.000004 0.000000 0.000000 1.370013
    43 3.495615 0.351176 1.563391 1.582244 -0.018583 -3.126153
    44 -2.156468 1.809614 0.001208 0.000000 0.000000 0.000000
    45 -6.617014 1.564316 -0.031845 0.000000 0.000000 0.000000
  time 236
    0 0.928525 1.014336 -19.461068 0.000000 0.000000 -1.570792
    1 0.000000 0.000000 0.000002 -0.000086 -1.570451 -1.570709
    2 4.443615 -0.009642 0.000006 -0.000004 -0.000001 0.000796
    3 12.111412 -0.011446 0.000000 0.000000 0.000000 0.000000
    4 0.000010 0.011442 1.352402 -0.000014 -1.370796 3.140810
    5 6.078090 0.000001 -0.000005 -0.531509 1.219836 -0.541120
    6 13.446754 -0.000001 0.000001 0.000000 0.000000 -0.648458
    7 15.997000 0.000001 -0.000001 -1.683447 0.000000 0.000000
    8 1.885325 0.833276 -2.177876 -1.598016 0.698132 -0.000668
    9 1.506960 -0.000006 0.000000 0.000000 0.000000 -0.139626
    10 0.798348 0.000003 0.000000 0.000000 0.000000 -0.113446
    11 3.950302 -0.539875 -2.108871 -0.000806 0.157080 -0.000126
    12 1.545797 -0.000002 -0.000001 0.000000 0.000000 0.471239
    13 1.667398 0.000001 0.000007 0.000000 0.000000 0.436332
    14 3.899452 -0.475378 -1.170893 -0.000796 0.000000 0.000000
    15 1.528218 0.000003 0.000001 0.000000 0.000000 0.331613
    16 1.528216 -0.000001 -0.000003 0.000000 0.000000 0.479966
    17 3.899459 -0.431804 0.168223 -0.000796 0.000000 0.000000
    18 1.506968 0.000002 -0.000001 0.000000 0.000000 0.427606
    19 1.506962 -0.000001 0.000001 0.000000 0.000000 0.340339
    20 3.915634 -0.278020 1.402608 -0.000796 0.000000 0.000000
    21 1.333080 0.000000 -0.000001 0.000000 0.000000 0.637045
    22 1.159204 0.000000 -0.000002 0.000000 0.000000 0.218166
    23 18.209354 8.207681 -0.352298 -1.582244 0.018583 -3.126150
    24 0.000009 0.011450 -1.352403 -0.000014 1.370796 3.140783
    25 6.078084 0.000001 0.000003 1.123853 -0.815318 -1.218203
    26 13.446750 -0.000005 0.000000 0.000000 0.000000 -1.154780
    27 15.997000 -0.000002 0.000000 1.670035 -0.001556 0.263226
    28 1.885324 0.833275 2.177876 1.172048 -0.644525 0.438889
    29 1.506966 -0.000005 0.000000 0.000000 0.000000 -0.436329
    30 0.798348 -0.000001 -0.000001 0.000000 0.000000 -0.507867
    31 3.950306 -0.539875 2.108876 0.012323 0.110212 -0.171410
    32 1.545797 -0.000001 -0.000008 0.000000 0.000000 0.513113
    33 1.667400 -0.000002 0.000008 0.000000 0.000000 0.785377
    34 3.899460 -0.475376 1.170891 -0.037591 0.101270 -0.055752
    35 1.528215 -0.000001 0.000000 0.000000 0.000000 1.575956
    36 1.528217 -0.000001 0.000001 0.000000 0.000000 1.352577
    37 3.899459 -0.431805 -0.168223 0.093293 -0.006316 0.182573
    38 1.506962 0.000000 0.000002 0.000000 0.000000 1.708639
    39 1.506964 0.000001 -0.000001 0.000000 0.000000 1.310683
    40 3.915634 -0.278019 -1.402605 0.217310 -0.078619 0.205835
    41 1.333083 0.000001 0.000003 0.000000 0.000000 1.464281
    42 1.159202 0.000000 -0.000004 0.000000 0.000000 1.370013
    43 3.495615 0.351176 1.563391 1.582244 -0.018583 -3.126153
    44 -2.156468 1.809614 0.001208 0.000000 0.000000 0.000000
    45 -6.613107 1.564316 -0.031845 0.000000 0.000000 0.000000
  time 237
    0 0.928525 1.014336 -19.461068 0.000000 0.000000 -1.570792
    1 0.000000 0.000000 0.000002 -0.000086 -1.570451 -1.570709
    2 4.443615 -0.009642 0.000006 -0.000004 -0.000001 0.000796
    3 12.111412 -0.011446 0.000000 0.000000 0.000000 0.000000
    4 0.000010 0.011442 1.352402 -0.000014 -1.370796 3.140810
    5 6.078090 0.000001 -0.000005 -0.531509 1.219836 -0.541120
    6 13.446754 -0.000001 0.000001 0.000000 0.000000 -0.648458
    7 15.997000 0.000001 -0.000001 -1.683447 0.000000 0.000000
    8 1.885325 0.833276 -2.177876 -1.598016 0.698132 -0.000668
    9 1.506960 -0.000006 0.000000 0.000000 0.000000 -0.139626
    10 0.798348 0.000003 0.000000 0.000000 0.000000 -0.113446
    11 3.950302 -0.539875 -2.108871 -0.000806 0.157080 -0.000126
    12 1.545797 -0.000002 -0.000001 0.000000 0.000000 0.471239
    13 1.667398 0.000001 0.000007 0.000000 0.000000 0.436332
    14 3.899452 -0.475378 -1.170893 -0.000796 0.000000 0.000000
    15 1.528218 0.000003 0.000001 0.000000 0.000000 0.331613
    16 1.528216 -0.000001 -0.000003 0.000000 0.000000 0.479966
    17 3.899459 -0.431804 0.168223 -0.000796 0.000000 0.000000
    18 1.506968 0.000002 -0.000001 0.000000 0.000000 0.427606
    19 1.506962 -0.000001 0.000001 0.000000 0.000000 0.340339
    20 3.915634 -0.278020 1.402608 -0.000796 0.000000 0.000000
    21 1.333080 0.000000 -0.000001 0.000000 0.000000 0.637045
    22 1.159204 0.000000 -0.000002 0.000000 0.000000 0.218166
    23 18.209354 8.207681 -0.352298 -1.582244 0.018583 -3.126150
    24 0.000009 0.011450 -1.352403 -0.000014 1.370796 3.140783
    25 6.078084 0.000001 0.000003 1.123797 -0.815416 -1.218119
    26 13.446750 -0.000005 0.000000 0.000000 0.000000 -1.154780
    27 15.997000 -0.000002 0.000000 1.669999 -0.001556 0.263226
    28 1.885324 0.833275 2.177876 1.172048 -0.644525 0.438889
    29 1.506966 -0.000005 0.000000 0.000000 0.000000 -0.436329
    30 0.798348 -0.000001 -0.000001 0.000000 0.000000 -0.507867
    31 3.950306 -0.539875 2.108876 0.012323 0.110212 -0.171410
    32 1.545797 -0.000001 -0.000008 0.000000 0.000000 0.513113
    33 1.667400 -0.000002 0.000008 0.000000 0.000000 0.785377
    34 3.899460 -0.475376 1.170891 -0.037591 0.101270 -0.055752
    35 1.528215 -0.000001 0.000000 0.000000 0.000000 1.575956
    36 1.528217 -0.000001 0.000001 0.000000 0.000000 1.352577
    37 3.899459 -0.431805 -0.168223 0.093293 -0.006316 0.182573
    38 1.506962 0.000000 0.000002 0.000000 0.000000 1.708639
    39 1.506964 0.000001 -0.000001 0.000000 0.000000 1.310683
    40 3.915634 -0.278019 -1.402605 0.217310 -0.078619 0.205835
    41 1.333083 0.000001 0.000003 0.000000 0.000000 1.464281
    42 1.159202 0.000000 -0.000004 0.000000 0.000000 1.370013
    43 3.495615 0.355083 1.563391 1.582244 -0.018583 -3.126153
    44 -2.156468 1.809614 0.001208 0.000000 0.000000 0.000000
    45 -6.613107 1.564316 -0.031845 0.000000 0.000000 0.000000
  time 238
    0 0.928525 1.014336 -19.461068 0.000000 0.000000 -1.570792
    1 0.000000 0.000000 0.000002 -0.000086 -1.570451 -1.570709
    2 4.443615 -0.009642 0.000006 -0.000004 -0.000001 0.000796
    3 12.111412 -0.011446 0.000000 0.000000 0.000000 0.000000
    4 0.000010 0.011442 1.352402 -0.000014 -1.370796 3.140810
    5 6.078090 0.000001 -0.000005 -0.531509 1.219836 -0.541120
    6 13.446754 -0.000001 0.000001 0.000000 0.000000 -0.648458
    7 15.997000 0.000001 -0.000001 -1.683447 0.000000 0.000000
    8 1.885325 0.833276 -2.177876 -1.598016 0.698132 -0.000668
    9 1.506960 -0.000006 0.000000 0.000000 0.000000 -0.139626
    10 0.798348 0.000003 0.000000 0.000000 0.000000 -0.113446
    11 3.950302 -0.539875 -2.108871 -0.000806 0.157080 -0.000126
    12 1.545797 -0.000002 -0.000001 0.000000 0.000000 0.471239
    13 1.667398 0.000001 0.000007 0.000000 0.000000 0.436332
    14 3.899452 -0.475378 -1.170893 -0.000796 0.000000 0.000000
    15 1.528218 0.000003 0.000001 0.000000 0.000000 0.331613
    16 1.528216 -0.000001 -0.000003 0.000000 0.000000 0.479966
    17 3.899459 -0.431804 0.168223 -0.000796 0.000000 0.000000
    18 1.506968 0.000002 -0.000001 0.000000 0.000000 0.427606
    19 1.506962 -0.000001 0.000001 0.000000 0.000000 0.340339
    20 3.915634 -0.278020 1.402608 -0.000796 0.000000 0.000000
    21 1.333080 0.000000 -0.000001 0.000000 0.000000 0.637045
    22 1.159204 0.000000 -0.000002 0.000000 0.000000 0.218166
    23 18.209354 8.207681 -0.352298 -1.582244 0.018583 -3.126150
    24 0.000009 0.011450 -1.352403 -0.000014 1.370796 3.140783
    25 6.078084 0.000001 0.000003 1.123728 -0.815548 -1.218056
    26 13.446750 -0.000005 0.000000 0.000000 0.000000 -1.154780
    27 15.997000 -0.000002 0.000000 1.669963 -0.001556 0.263226
    28 1.885324 0.833275 2.177876 1.172048 -0.644537 0.438889
    29 1.506966 -0.000005 0.000000 0.000000 0.000000 -0.436329
    30 0.798348 -0.000001 -0.000001 0.000000 0.000000 -0.507879
    31 3.950306 -0.539875 2.108876 0.012323 0.110212 -0.171410
    32 1.545797 -0.000001 -0.000008 0.000000 0.000000 0.513113
    33 1.667400 -0.000002 0.000008 0.000000 0.000000 0.785377
    34 3.899460 -0.475376 1.170891 -0.037591 0.101270 -0.055752
    35 1.528215 -0.000001 0.000000 0.000000 0.000000 1.575956
    36 1.528217 -0.000001 0.000001 0.000000 0.000000 1.352577
    37 3.899459 -0.431805 -0.168223 0.093293 -0.006316 0.182573
    38 1.506962 0.000000 0.000002 0.000000 0.000000 1.708639
    39 1.506964 0.000001 -0.000001 0.000000 0.000000 1.310683
    40 3.915634 -0.278019 -1.402605 0.217310 -0.078619 0.205835
    41 1.333083 0.000001 0.000003 0.000000 0.000000 1.464281
    42 1.159202 0.000000 -0.000004 0.000000 0.000000 1.370013
    43 3.495615 0.351176 1.563391 1.582244 -0.018583 -3.126153
    44 -2.156468 1.809614 0.001208 0.000000 0.000000 0.000000
    45 -6.613107 1.564316 -0.031845 0.000000 0.000000 0.000000
  time 239
    0 0.928525 1.014336 -19.461068 0.000000 0.000000 -1.570792
    1 0.000000 0.000000 0.000002 -0.000086 -1.570451 -1.570709
    2 4.443615 -0.009642 0.000006 -0.000004 -0.000001 0.000796
    3 12.111412 -0.011446 0.000000 0.000000 0.000000 0.000000
    4 0.000010 0.011442 1.352402 -0.000014 -1.370796 3.140810
    5 6.078090 0.000001 -0.000005 -0.531509 1.219836 -0.541120
    6 13.446754 -0.000001 0.000001 0.000000 0.000000 -0.648458
    7 15.997000 0.000001 -0.000001 -1.683447 0.000000 0.000000
    8 1.885325 0.833276 -2.177876 -1.598016 0.698132 -0.000668
    9 1.506960 -0.000006 0.000000 0.000000 0.000000 -0.139626
    10 0.798348 0.000003 0.000000 0.000000 0.000000 -0.113446
    11 3.950302 -0.539875 -2.108871 -0.000806 0.157080 -0.000126
    12 1.545797 -0.000002 -0.000001 0.000000 0.000000 0.471239
    13 1.667398 0.000001 0.000007 0.000000 0.000000 0.436332
    14 3.899452 -0.475378 -1.170893 -0.000796 0.000000 0.000000
    15 1.528218 0.000003 0.000001 0.000000 0.000000 0.331613
    16 1.528216 -0.000001 -0.000003 0.000000 0.000000 0.479966
    17 3.899459 -0.431804 0.168223 -0.000796 0.000000 0.000000
    18 1.506968 0.000002 -0.000001 0.000000 0.000000 0.427606
    19 1.506962 -0.000001 0.000001 0.000000 0.000000 0.340339
    20 3.915634 -0.278020 1.402608 -0.000796 0.000000 0.000000
    21 1.333080 0.000000 -0.000001 0.000000 0.000000 0.637045
    22 1.159204 0.000000 -0.000002 0.000000 0.000000 0.218166
    23 18.209354 8.207681 -0.352298 -1.582244 0.018583 -3.126150
    24 0.000009 0.011450 -1.352403 -0.000014 1.370796 3.140783
    25 6.078084 0.000001 0.000003 1.123659 -0.815679 -1.217993
    26 13.446750 -0.000005 0.000000 0.000000 0.000000 -1.154780
    27 15.997000 -0.000002 0.000000 1.669927 -0.001556 0.263226
    28 1.885324 0.833275 2.177876 1.172048 -0.644525 0.438889
    29 1.506966 -0.000005 0.000000 0.000000 0.000000 -0.436329
    30 0.798348 -0.000001 -0.000001 0.000000 0.000000 -0.507867
    31 3.950306 -0.539875 2.108876 0.012323 0.110212 -0.171410
    32 1.545797 -0.000001 -0.000008 0.000000 0.000000 0.513113
    33 1.667400 -0.000002 0.000008 0.000000 0.000000 0.785377
    34 3.899460 -0.475376 1.170891 -0.037591 0.101270 -0.055752
    35 1.528215 -0.000001 0.000000 0.000000 0.000000 1.575956
    36 1.528217 -0.000001 0.000001 0.000000 0.000000 1.352577
    37 3.899459 -0.431805 -0.168223 0.093293 -0.006316 0.182573
    38 1.506962 0.000000 0.000002 0.000000 0.000000 1.708639
    39 1.506964 0.000001 -0.000001 0.000000 0.000000 1.310683
    40 3.915634 -0.278019 -1.402605 0.217310 -0.078619 0.205835
    41 1.333083 0.000001 0.000003 0.000000 0.000000 1.464281
    42 1.159202 0.000000 -0.000004 0.000000 0.000000 1.370013
    43 3.495615 0.351176 1.563391 1.582244 -0.018583 -3.126153
    44 -2.156468 1.809614 0.001208 0.000000 0.000000 0.000000
    45 -6.613107 1.564316 -0.031845 0.000000 0.000000 0.000000
  time 240
    0 0.928525 1.014336 -19.461068 0.000000 0.000000 -1.570792
    1 0.000000 0.000000 0.000002 -0.000086 -1.570451 -1.570709
    2 4.443615 -0.009642 0.000006 -0.000004 -0.000001 0.000796
    3 12.111412 -0.011446 0.000000 0.000000 0.000000 0.000000
    4 0.000010 0.011442 1.352402 -0.000014 -1.370796 3.140810
    5 6.078090 0.000001 -0.000005 -0.531509 1.219836 -0.541120
    6 13.446754 -0.000001 0.000001 0.000000 0.000000 -0.648458
    7 15.997000 0.000001 -0.000001 -1.683447 0.000000 0.000000
    8 1.885325 0.833276 -2.177876 -1.598016 0.698132 -0.000668
    9 1.506960 -0.000006 0.000000 0.000000 0.000000 -0.139626
    10 0.798348 0.000003 0.000000 0.000000 0.000000 -0.113446
    11 3.950302 -0.539875 -2.108871 -0.000806 0.157080 -0.000126
    12 1.545797 -0.000002 -0.000001 0.000000 0.000000 0.471239
    13 1.667398 0.000001 0.000007 0.000000 0.000000 0.436332
    14 3.899452 -0.475378 -1.170893 -0.000796 0.000000 0.000000
    15 1.528218 0.000003 0.000001 0.000000 0.000000 0.331613
    16 1.528216 -0.000001 -0.000003 0.000000 0.000000 0.479966
    17 3.899459 -0.431804 0.168223 -0.000796 0.000000 0.000000
    18 1.506968 0.000002 -0.000001 0.000000 0.000000 0.427606
    19 1.506962 -0.000001 0.000001 0.000000 0.000000 0.340339
    20 3.915634 -0.278020 1.402608 -0.000796 0.000000 0.000000
    21 1.333080 0.000000 -0.000001 0.000000 0.000000 0.637045
    22 1.159204 0.000000 -0.000002 0.000000 0.000000 0.218166
    23 18.209354 8.207681 -0.352298 -1.582244 0.018583 -3.126150
    24 0.000009 0.011450 -1.352403 -0.000014 1.370796 3.140783
    25 6.078084 0.000001 0.000003 1.123618 -0.815778 -1.217930
    26 13.446750 -0.000005 0.000000 0.000000 0.000000 -1.154732
    27 15.997000 -0.000002 0.000000 1.669879 -0.001556 0.263226
    28 1.885324 0.833275 2.177876 1.172048 -0.644525 0.438889
    29 1.506966 -0.000005 0.000000 0.000000 0.000000 -0.436329
    30 0.798348 -0.000001 -0.000001 0.000000 0.000000 -0.507867
    31 3.950306 -0.539875 2.108876 0.012323 0.110212 -0.171410
    32 1.545797 -0.000001 -0.000008 0.000000 0.000000 0.513113
    33 1.667400 -0.000002 0.000008 0.000000 0.000000 0.785377
    34 3.899460 -0.475376 1.170891 -0.037591 0.101270 -0.055752
    35 1.528215 -0.000001 0.000000 0.000000 0.000000 1.575956
    36 1.528217 -0.000001 0.000001 0.000000 0.000000 1.352577
    37 3.899459 -0.431805 -0.168223 0.093293 -0.006316 0.182573
    38 1.506962 0.000000 0.000002 0.000000 0.000000 1.708639
    39 1.506964 0.000001 -0.000001 0.000000 0.000000 1.310683
    40 3.915634 -0.278019 -1.402605 0.217310 -0.078619 0.205835
    41 1.333083 0.000001 0.000003 0.000000 0.000000 1.464281
    42 1.159202 0.000000 -0.000004 0.000000 0.000000 1.370013
    43 3.495615 0.351176 1.563391 1.582244 -0.018583 -3.126153
    44 -2.156468 1.809614 0.001208 0.000000 0.000000 0.000000
    45 -6.613107 1.564316 -0.031845 0.000000 0.000000 0.000000
  time 241
    0 0.928525 1.014336 -19.461068 0.000000 0.000000 -1.570792
    1 0.000000 0.000000 0.000002 -0.000086 -1.570451 -1.570709
    2 4.443615 -0.009642 0.000006 -0.000004 -0.000001 0.000796
    3 12.111412 -0.011446 0.000000 0.000000 0.000000 0.000000
    4 0.000010 0.011442 1.352402 -0.000014 -1.370796 3.140810
    5 6.078090 0.000001 -0.000005 -0.531509 1.219836 -0.541120
    6 13.446754 -0.000001 0.000001 0.000000 0.000000 -0.648458
    7 15.997000 0.000001 -0.000001 -1.683447 0.000000 0.000000
    8 1.885325 0.833276 -2.177876 -1.598016 0.698132 -0.000668
    9 1.506960 -0.000006 0.000000 0.000000 0.000000 -0.139626
    10 0.798348 0.000003 0.000000 0.000000 0.000000 -0.113446
    11 3.950302 -0.539875 -2.108871 -0.000806 0.157080 -0.000126
    12 1.545797 -0.000002 -0.000001 0.000000 0.000000 0.471239
    13 1.667398 0.000001 0.000007 0.000000 0.000000 0.436332
    14 3.899452 -0.475378 -1.170893 -0.000796 0.000000 0.000000
    15 1.528218 0.000003 0.000001 0.000000 0.000000 0.331613
    16 1.528216 -0.000001 -0.000003 0.000000 0.000000 0.479966
    17 3.899459 -0.431804 0.168223 -0.000796 0.000000 0.000000
    18 1.506968 0.000002 -0.000001 0.000000 0.000000 0.427606
    19 1.506962 -0.000001 0.000001 0.000000 0.000000 0.340339
    20 3.915634 -0.278020 1.402608 -0.000796 0.000000 0.000000
    21 1.333080 0.000000 -0.000001 0.000000 0.000000 0.637045
    22 1.159204 0.000000 -0.000002 0.000000 0.000000 0.218166
    23 18.209354 8.207681 -0.352298 -1.582244 0.018583 -3.126150
    24 0.000009 0.011450 -1.352403 -0.000014 1.370796 3.140783
    25 6.078084 0.000001 0.000003 1.123563 -0.815910 -1.217846
    26 13.446750 -0.000005 0.000000 0.000000 0.000000 -1.154732
    27 15.997000 -0.000002 0.000000 1.669844 -0.001556 0.263226
    28 1.885324 0.833275 2.177876 1.172048 -0.644525 0.438889
    29 1.506966 -0.000005 0.000000 0.000000 0.000000 -0.436329
    30 0.798348 -0.000001 -0.000001 0.000000 0.000000 -0.507867
    31 3.950306 -0.539875 2.108876 0.012323 0.110212 -0.171410
    32 1.545797 -0.000001 -0.000008 0.000000 0.000000 0.513113
    33 1.667400 -0.000002 0.000008 0.000000 0.000000 0.785377
    34 3.899460 -0.475376 1.170891 -0.037591 0.101270 -0.055752
    35 1.528215 -0.000001 0.000000 0.000000 0.000000 1.575956
    36 1.528217 -0.000001 0.000001 0.000000 0.000000 1.352577
    37 3.899459 -0.431805 -0.168223 0.093293 -0.006316 0.182573
    38 1.506962 0.000000 0.000002 0.000000 0.000000 1.708639
    39 1.506964 0.000001 -0.000001 0.000000 0.000000 1.310683
    40 3.915634 -0.278019 -1.402605 0.217310 -0.078619 0.205835
    41 1.333083 0.000001 0.000003 0.000000 0.000000 1.464281
    42 1.159202 0.000000 -0.000004 0.000000 0.000000 1.370013
    43 3.495615 0.351176 1.563391 1.582244 -0.018583 -3.126153
    44 -2.156468 1.809614 0.001208 0.000000 0.000000 0.000000
    45 -6.613107 1.564316 -0.031845 0.000000 0.000000 0.000000
  time 242
    0 0.928525 1.014336 -19.461068 0.000000 0.000000 -1.570792
    1 0.000000 0.000000 0.000002 -0.000086 -1.570451 -1.570709
    2 4.443615 -0.009642 0.000006 -0.000004 -0.000001 0.000796
    3 12.111412 -0.011446 0.000000 0.000000 0.000000 0.000000
    4 0.000010 0.011442 1.352402 -0.000014 -1.370796 3.140810
    5 6.078090 0.000001 -0.000005 -0.531509 1.219836 -0.541120
    6 13.446754 -0.000001 0.000001 0.000000 0.000000 -0.648458
    7 15.997000 0.000001 -0.000001 -1.683447 0.000000 0.000000
    8 1.885325 0.833276 -2.177876 -1.598016 0.698132 -0.000668
    9 1.506960 -0.000006 0.000000 0.000000 0.000000 -0.139626
    10 0.798348 0.000003 0.000000 0.000000 0.000000 -0.113446
    11 3.950302 -0.539875 -2.108871 -0.000806 0.157080 -0.000126
    12 1.545797 -0.000002 -0.000001 0.000000 0.000000 0.471239
    13 1.667398 0.000001 0.000007 0.000000 0.000000 0.436332
    14 3.899452 -0.475378 -1.170893 -0.000796 0.000000 0.000000
    15 1.528218 0.000003 0.000001 0.000000 0.000000 0.331613
    16 1.528216 -0.000001 -0.000003 0.000000 0.000000 0.479966
    17 3.899459 -0.431804 0.168223 -0.000796 0.000000 0.000000
    18 1.506968 0.000002 -0.000001 0.000000 0.000000 0.427606
    19 1.506962 -0.000001 0.000001 0.000000 0.000000 0.340339
    20 3.915634 -0.278020 1.402608 -0.000796 0.000000 0.000000
    21 1.333080 0.000000 -0.000001 0.000000 0.000000 0.637045
    22 1.159204 0.000000 -0.000002 0.000000 0.000000 0.218166
    23 18.209354 8.207681 -0.352298 -1.582244 0.018583 -3.126150
    24 0.000009 0.011450 -1.352403 -0.000014 1.370796 3.140783
    25 6.078084 0.000001 0.000003 1.123507 -0.816041 -1.217783
    26 13.446750 -0.000005 0.000000 0.000000 0.000000 -1.154732
    27 15.997000 -0.000002 0.000000 1.669808 -0.001556 0.263226
    28 1.885324 0.833275 2.177876 1.172048 -0.644525 0.438889
    29 1.506966 -0.000005 0.000000 0.000000 0.000000 -0.436329
    30 0.798348 -0.000001 -0.000001 0.000000 0.000000 -0.507867
    31 3.950306 -0.539875 2.108876 0.012323 0.110212 -0.171410
    32 1.545797 -0.000001 -0.000008 0.000000 0.000000 0.513113
    33 1.667400 -0.000002 0.000008 0.000000 0.000000 0.785377
    34 3.899460 -0.475376 1.170891 -0.037591 0.101270 -0.055752
    35 1.528215 -0.000001 0.000000 0.000000 0.000000 1.575956
    36 1.528217 -0.000001 0.000001 0.000000 0.000000 1.352577
    37 3.899459 -0.431805 -0.168223 0.093293 -0.006316 0.182573
    38 1.506962 0.000000 0.000002 0.000000 0.000000 1.708639
    39 1.506964 0.000001 -0.000001 0.000000 0.000000 1.310683
    40 3.915634 -0.278019 -1.402605 0.217310 -0.078619 0.205835
    41 1.333083 0.000001 0.000003 0.000000 0.000000 1.464281
    42 1.159202 0.000000 -0.000004 0.000000 0.000000 1.370013
    43 3.495615 0.351176 1.563391 1.582244 -0.018583 -3.126153
    44 -2.156468 1.809614 0.001208 0.000000 0.000000 0.000000
    45 -6.613107 1.564316 -0.031845 0.000000 0.000000 0.000000
  time 243
    0 0.928525 1.014336 -19.461068 0.000000 0.000000 -1.570792
    1 0.000000 0.000000 0.000002 -0.000086 -1.570451 -1.570709
    2 4.443615 -0.009642 0.000006 -0.000004 -0.000001 0.000796
    3 12.111412 -0.011446 0.000000 0.000000 0.000000 0.000000
    4 0.000010 0.011442 1.352402 -0.000014 -1.370796 3.140810
    5 6.078090 0.000001 -0.000005 -0.531509 1.219836 -0.541120
    6 13.446754 -0.000001 0.000001 0.000000 0.000000 -0.648458
    7 15.997000 0.000001 -0.000001 -1.683447 0.000000 0.000000
    8 1.885325 0.833276 -2.177876 -1.598016 0.698132 -0.000668
    9 1.506960 -0.000006 0.000000 0.000000 0.000000 -0.139626
    10 0.798348 0.000003 0.000000 0.000000 0.000000 -0.113446
    11 3.950302 -0.539875 -2.108871 -0.000806 0.157080 -0.000126
    12 1.545797 -0.000002 -0.000001 0.000000 0.000000 0.471239
    13 1.667398 0.000001 0.000007 0.000000 0.000000 0.436332
    14 3.899452 -0.475378 -1.170893 -0.000796 0.000000 0.000000
    15 1.528218 0.000003 0.000001 0.000000 0.000000 0.331613
    16 1.528216 -0.000001 -0.000003 0.000000 0.000000 0.479966
    17 3.899459 -0.431804 0.168223 -0.000796 0.000000 0.000000
    18 1.506968 0.000002 -0.000001 0.000000 0.000000 0.427606
    19 1.506962 -0.000001 0.000001 0.000000 0.000000 0.340339
    20 3.915634 -0.278020 1.402608 -0.000796 0.000000 0.000000
    21 1.333080 0.000000 -0.000001 0.000000 0.000000 0.637045
    22 1.159204 0.000000 -0.000002 0.000000 0.000000 0.218166
    23 18.209354 8.207681 -0.352298 -1.582244 0.018583 -3.126150
    24 0.000009 0.011450 -1.352403 -0.000014 1.370796 3.140783
    25 6.078084 0.000001 0.000003 1.123424 -0.816173 -1.217720
    26 13.446750 -0.000005 0.000000 0.000000 0.000000 -1.154732
    27 15.997000 -0.000002 0.000000 1.669760 -0.001556 0.263226
    28 1.885324 0.833275 2.177876 1.172048 -0.644537 0.438889
    29 1.506966 -0.000005 0.000000 0.000000 0.000000 -0.436329
    30 0.798348 -0.000001 -0.000001 0.000000 0.000000 -0.507879
    31 3.950306 -0.539875 2.108876 0.012323 0.110212 -0.171410
    32 1.545797 -0.000001 -0.000008 0.000000 0.000000 0.513113
    33 1.667400 -0.000002 0.000008 0.000000 0.000000 0.785377
    34 3.899460 -0.475376 1.170891 -0.037591 0.101270 -0.055752
    35 1.528215 -0.000001 0.000000 0.000000 0.000000 1.575956
    36 1.528217 -0.000001 0.000001 0.000000 0.000000 1.352577
    37 3.899459 -0.431805 -0.168223 0.093305 -0.006316 0.182573
    38 1.506962 0.000000 0.000002 0.000000 0.000000 1.708600
    39 1.506964 0.000001 -0.000001 0.000000 0.000000 1.310683
    40 3.915634 -0.278019 -1.402605 0.217310 -0.078619 0.205835
    41 1.333083 0.000001 0.000003 0.000000 0.000000 1.464281
    42 1.159202 0.000000 -0.000004 0.000000 0.000000 1.370013
    43 3.495615 0.351176 1.563391 1.582244 -0.018583 -3.126153
    44 -2.156468 1.809614 0.001208 0.000000 0.000000 0.000000
    45 -6.613107 1.564316 -0.031845 0.000000 0.000000 0.000000
  time 244
    0 0.928525 1.014336 -19.461068 0.000000 0.000000 -1.570792
    1 0.000000 0.000000 0.000002 -0.000086 -1.570451 -1.570709
    2 4.443615 -0.009642 0.000006 -0.000004 -0.000001 0.000796
    3 12.111412 -0.011446 0.000000 0.000000 0.000000 0.000000
    4 0.000010 0.011442 1.352402 -0.000014 -1.370796 3.140810
    5 6.078090 0.000001 -0.000005 -0.531509 1.219836 -0.541120
    6 13.446754 -0.000001 0.000001 0.000000 0.000000 -0.648458
    7 15.997000 0.000001 -0.000001 -1.683447 0.000000 0.000000
    8 1.885325 0.833276 -2.177876 -1.598016 0.698132 -0.000668
    9 1.506960 -0.000006 0.000000 0.000000 0.000000 -0.139626
    10 0.798348 0.000003 0.000000 0.000000 0.000000 -0.113446
    11 3.950302 -0.539875 -2.108871 -0.000806 0.157080 -0.000126
    12 1.545797 -0.000002 -0.000001 0.000000 0.000000 0.471239
    13 1.667398 0.000001 0.000007 0.000000 0.000000 0.436332
    14 3.899452 -0.475378 -1.170893 -0.000796 0.000000 0.000000
    15 1.528218 0.000003 0.000001 0.000000 0.000000 0.331613
    16 1.528216 -0.000001 -0.000003 0.000000 0.000000 0.479966
    17 3.899459 -0.431804 0.168223 -0.000796 0.000000 0.000000
    18 1.506968 0.000002 -0.000001 0.000000 0.000000 0.427606
    19 1.506962 -0.000001 0.000001 0.000000 0.000000 0.340339
    20 3.915634 -0.278020 1.402608 -0.000796 0.000000 0.000000
    21 1.333080 0.000000 -0.000001 0.000000 0.000000 0.637045
    22 1.159204 0.000000 -0.000002 0.000000 0.000000 0.218166
    23 18.209354 8.207681 -0.352298 -1.582244 0.018583 -3.126150
    24 0.000009 0.011450 -1.352403 -0.000014 1.370796 3.140783
    25 6.078084 0.000001 0.000003 1.123369 -0.816271 -1.217657
    26 13.446750 -0.000005 0.000000 0.000000 0.000000 -1.154684
    27 15.997000 -0.000002 0.000000 1.669724 -0.001556 0.263226
    28 1.885324 0.833275 2.177876 1.172048 -0.644525 0.438889
    29 1.506966 -0.000005 0.000000 0.000000 0.000000 -0.436329
    30 0.798348 -0.000001 -0.000001 0.000000 0.000000 -0.507867
    31 3.950306 -0.539875 2.108876 0.012323 0.110212 -0.171410
    32 1.545797 -0.000001 -0.000008 0.000000 0.000000 0.513113
    33 1.667400 -0.000002 0.000008 0.000000 0.000000 0.785377
    34 3.899460 -0.475376 1.170891 -0.037591 0.101270 -0.055752
    35 1.528215 -0.000001 0.000000 0.000000 0.000000 1.575956
    36 1.528217 -0.000001 0.000001 0.000000 0.000000 1.352604
    37 3.899459 -0.431805 -0.168223 0.093293 -0.006316 0.182573
    38 1.506962 0.000000 0.000002 0.000000 0.000000 1.708639
    39 1.506964 0.000001 -0.000001 0.000000 0.000000 1.310683
    40 3.915634 -0.278019 -1.402605 0.217310 -0.078619 0.205835
    41 1.333083 0.000001 0.000003 0.000000 0.000000 1.464281
    42 1.159202 0.000000 -0.000004 0.000000 0.000000 1.370013
    43 3.495615 0.351176 1.563391 1.582244 -0.018583 -3.126153
    44 -2.156468 1.809614 0.001208 0.000000 0.000000 0.000000
    45 -6.613107 1.564316 -0.031845 0.000000 0.000000 0.000000
  time 245
    0 0.928525 1.014336 -19.461068 0.000000 0.000000 -1.570792
    1 0.000000 0.000000 0.000002 -0.000086 -1.570451 -1.570709
    2 4.443615 -0.009642 0.000006 -0.000004 -0.000001 0.000796
    3 12.111412 -0.011446 0.000000 0.000000 0.000000 0.000000
    4 0.000010 0.011442 1.352402 -0.000014 -1.370796 3.140810
    5 6.078090 0.000001 -0.000005 -0.531509 1.219836 -0.541120
    6 13.446754 -0.000001 0.000001 0.000000 0.000000 -0.648458
    7 15.997000 0.000001 -0.000001 -1.683447 0.000000 0.000000
    8 1.885325 0.833276 -2.177876 -1.598016 0.698132 -0.000668
    9 1.506960 -0.000006 0.000000 0.000000 0.000000 -0.139626
    10 0.798348 0.000003 0.000000 0.000000 0.000000 -0.113446
    11 3.950302 -0.539875 -2.108871 -0.000806 0.157080 -0.000126
    12 1.545797 -0.000002 -0.000001 0.000000 0.000000 0.471239
    13 1.667398 0.000001 0.000007 0.000000 0.000000 0.436332
    14 3.899452 -0.475378 -1.170893 -0.000796 0.000000 0.000000
    15 1.528218 0.000003 0.000001 0.000000 0.000000 0.331613
    16 1.528216 -0.000001 -0.000003 0.000000 0.000000 0.479966
    17 3.899459 -0.431804 0.168223 -0.000796 0.000000 0.000000
    18 1.506968 0.000002 -0.000001 0.000000 0.000000 0.427606
    19 1.506962 -0.000001 0.000001 0.000000 0.000000 0.340339
    20 3.915634 -0.278020 1.402608 -0.000796 0.000000 0.000000
    21 1.333080 0.000000 -0.000001 0.000000 0.000000 0.637045
    22 1.159204 0.000000 -0.000002 0.000000 0.000000 0.218166
    23 18.209354 8.207681 -0.352298 -1.582244 0.018583 -3.126150
    24 0.000009 0.011450 -1.352403 -0.000014 1.370796 3.140783
    25 6.078084 0.000001 0.000003 1.123328 -0.816403 -1.217573
    26 13.446750 -0.000005 0.000000 0.000000 0.000000 -1.154684
    27 15.997000 -0.000002 0.000000 1.669688 -0.001556 0.263226
    28 1.885324 0.833275 2.177876 1.172048 -0.644525 0.438889
    29 1.506966 -0.000005 0.000000 0.000000 0.000000 -0.436329
    30 0.798348 -0.000001 -0.000001 0.000000 0.000000 -0.507867
    31 3.950306 -0.539875 2.108876 0.012323 0.110212 -0.171410
    32 1.545797 -0.000001 -0.000008 0.000000 0.000000 0.513113
    33 1.667400 -0.000002 0.000008 0.000000 0.000000 0.785377
    34 3.899460 -0.475376 1.170891 -0.037591 0.101270 -0.055752
    35 1.528215 -0.000001 0.000000 0.000000 0.000000 1.575956
    36 1.528217 -0.000001 0.000001 0.000000 0.000000 1.352577
    37 3.899459 -0.431805 -0.168223 0.093293 -0.006316 0.182573
    38 1.506962 0.000000 0.000002 0.000000 0.000000 1.708639
    39 1.506964 0.000001 -0.000001 0.000000 0.000000 1.310683
    40 3.915634 -0.278019 -1.402605 0.217310 -0.078619 0.205835
    41 1.333083 0.000001 0.000003 0.000000 0.000000 1.464281
    42 1.159202 0.000000 -0.000004 0.000000 0.000000 1.370013
    43 3.495615 0.351176 1.563391 1.582244 -0.018583 -3.126153
    44 -2.156468 1.809614 0.001208 0.000000 0.000000 0.000000
    45 -6.613107 1.564316 -0.031845 0.000000 0.000000 0.000000
  time 246
    0 0.928525 1.014336 -19.461068 0.000000 0.000000 -1.570792
    1 0.000000 0.000000 0.000002 -0.000086 -1.570451 -1.570709
    2 4.443615 -0.009642 0.000006 -0.000004 -0.000001 0.000796
    3 12.111412 -0.011446 0.000000 0.000000 0.000000 0.000000
    4 0.000010 0.011442 1.352402 -0.000014 -1.370796 3.140810
    5 6.078090 0.000001 -0.000005 -0.531509 1.219836 -0.541120
    6 13.446754 -0.000001 0.000001 0.000000 0.000000 -0.648458
    7 15.997000 0.000001 -0.000001 -1.683447 0.000000 0.000000
    8 1.885325 0.833276 -2.177876 -1.598016 0.698132 -0.000668
    9 1.506960 -0.000006 0.000000 0.000000 0.000000 -0.139626
    10 0.798348 0.000003 0.000000 0.000000 0.000000 -0.113446
    11 3.950302 -0.539875 -2.108871 -0.000806 0.157080 -0.000126
    12 1.545797 -0.000002 -0.000001 0.000000 0.000000 0.471239
    13 1.667398 0.000001 0.000007 0.000000 0.000000 0.436332
    14 3.899452 -0.475378 -1.170893 -0.000796 0.000000 0.000000
    15 1.528218 0.000003 0.000001 0.000000 0.000000 0.331613
    16 1.528216 -0.000001 -0.000003 0.000000 0.000000 0.479966
    17 3.899459 -0.431804 0.168223 -0.000796 0.000000 0.000000
    18 1.506968 0.000002 -0.000001 0.000000 0.000000 0.427606
    19 1.506962 -0.000001 0.000001 0.000000 0.000000 0.340339
    20 3.915634 -0.278020 1.402608 -0.000796 0.000000 0.000000
    21 1.333080 0.000000 -0.000001 0.000000 0.000000 0.637045
    22 1.159204 0.000000 -0.000002 0.000000 0.000000 0.218166
    23 18.209354 8.207681 -0.352298 -1.582244 0.018583 -3.126150
    24 0.000009 0.011450 -1.352403 -0.000014 1.370796 3.140783
    25 6.078084 0.000001 0.000003 1.123273 -0.816534 -1.217510
    26 13.446750 -0.000005 0.000000 0.000000 0.000000 -1.154684
    27 15.997000 -0.000002 0.000000 1.669664 -0.001556 0.263226
    28 1.885324 0.833275 2.177876 1.172048 -0.644537 0.438889
    29 1.506966 -0.000005 0.000000 0.000000 0.000000 -0.436329
    30 0.798348 -0.000001 -0.000001 0.000000 0.000000 -0.507867
    31 3.950306 -0.539875 2.108876 0.012323 0.110212 -0.171410
    32 1.545797 -0.000001 -0.000008 0.000000 0.000000 0.513113
    33 1.667400 -0.000002 0.000008 0.000000 0.000000 0.785377
    34 3.899460 -0.475376 1.170891 -0.037591 0.101270 -0.055752
    35 1.528215 -0.000001 0.000000 0.000000 0.000000 1.575956
    36 1.528217 -0.000001 0.000001 0.000000 0.000000 1.352577
    37 3.899459 -0.431805 -0.168223 0.093293 -0.006316 0.182573
    38 1.506962 0.000000 0.000002 0.000000 0.000000 1.708639
    39 1.506964 0.000001 -0.000001 0.000000 0.000000 1.310683
    40 3.915634 -0.278019 -1.402605 0.217310 -0.078619 0.205835
    41 1.333083 0.000001 0.000003 0.000000 0.000000 1.464281
    42 1.159202 0.000000 -0.000004 0.000000 0.000000 1.370013
    43 3.495615 0.351176 1.563391 1.582244 -0.018583 -3.126153
    44 -2.156468 1.809614 0.001208 0.000000 0.000000 0.000000
    45 -6.613107 1.564316 -0.031845 0.000000 0.000000 0.000000
  time 247
    0 0.928525 1.014336 -19.461068 0.000000 0.000000 -1.570792
    1 0.000000 0.000000 0.000002 -0.000086 -1.570451 -1.570709
    2 4.443615 -0.009642 0.000006 -0.000004 -0.000001 0.000796
    3 12.111412 -0.011446 0.000000 0.000000 0.000000 0.000000
    4 0.000010 0.011442 1.352402 -0.000014 -1.370796 3.140810
    5 6.078090 0.000001 -0.000005 -0.531509 1.219836 -0.541120
    6 13.446754 -0.000001 0.000001 0.000000 0.000000 -0.648458
    7 15.997000 0.000001 -0.000001 -1.683447 0.000000 0.000000
    8 1.885325 0.833276 -2.177876 -1.598016 0.698132 -0.000668
    9 1.506960 -0.000006 0.000000 0.000000 0.000000 -0.139626
    10 0.798348 0.000003 0.000000 0.000000 0.000000 -0.113446
    11 3.950302 -0.539875 -2.108871 -0.000806 0.157080 -0.000126
    12 1.545797 -0.000002 -0.000001 0.000000 0.000000 0.471239
    13 1.667398 0.000001 0.000007 0.000000 0.000000 0.436332
    14 3.899452 -0.475378 -1.170893 -0.000796 0.000000 0.000000
    15 1.528218 0.000003 0.000001 0.000000 0.000000 0.331613
    16 1.528216 -0.000001 -0.000003 0.000000 0.000000 0.479966
    17 3.899459 -0.431804 0.168223 -0.000796 0.000000 0.000000
    18 1.506968 0.000002 -0.000001 0.000000 0.000000 0.427606
    19 1.506962 -0.000001 0.000001 0.000000 0.000000 0.340339
    20 3.915634 -0.278020 1.402608 -0.000796 0.000000 0.000000
    21 1.333080 0.000000 -0.000001 0.000000 0.000000 0.637045
    22 1.159204 0.000000 -0.000002 0.000000 0.000000 0.218166
    23 18.209354 8.207681 -0.352298 -1.582244 0.018583 -3.126150
    24 0.000009 0.011450 -1.352403 -0.000014 1.370796 3.140783
    25 6.078084 0.000001 0.000003 1.123203 -0.816633 -1.217447
    26 13.446750 -0.000005 0.000000 0.000000 0.000000 -1.154684
    27 15.997000 -0.000002 0.000000 1.669640 -0.001556 0.263226
    28 1.885324 0.833275 2.177876 1.172048 -0.644525 0.438889
    29 1.506966 -0.000005 0.000000 0.000000 0.000000 -0.436329
    30 0.798348 -0.000001 -0.000001 0.000000 0.000000 -0.507867
    31 3.950306 -0.539875 2.108876 0.012323 0.110212 -0.171410
    32 1.545797 -0.000001 -0.000008 0.000000 0.000000 0.513113
    33 1.667400 -0.000002 0.000008 0.000000 0.000000 0.785377
    34 3.899460 -0.475376 1.170891 -0.037591 0.101270 -0.055752
    35 1.528215 -0.000001 0.000000 0.000000 0.000000 1.575956
    36 1.528217 -0.000001 0.000001 0.000000 0.000000 1.352577
    37 3.899459 -0.431805 -0.168223 0.093293 -0.006316 0.182573
    38 1.506962 0.000000 0.000002 0.000000 0.000000 1.708639
    39 1.506964 0.000001 -0.000001 0.000000 0.000000 1.310683
    40 3.915634 -0.278019 -1.402605 0.217310 -0.078619 0.205835
    41 1.333083 0.000001 0.000003 0.000000 0.000000 1.464281
    42 1.159202 0.000000 -0.000004 0.000000 0.000000 1.370013
    43 3.495615 0.351176 1.563391 1.582244 -0.018583 -3.126153
    44 -2.156468 1.809614 0.001208 0.000000 0.000000 0.000000
    45 -6.613107 1.564316 -0.031845 0.000000 0.000000 0.000000
  time 248
    0 0.928525 1.014336 -19.461068 0.000000 0.000000 -1.570792
    1 0.000000 0.000000 0.000002 -0.000086 -1.570451 -1.570709
    2 4.443615 -0.009642 0.000006 -0.000004 -0.000001 0.000796
    3 12.111412 -0.011446 0.000000 0.000000 0.000000 0.000000
    4 0.000010 0.011442 1.352402 -0.000014 -1.370796 3.140810
    5 6.078090 0.000001 -0.000005 -0.531509 1.219836 -0.541120
    6 13.446754 -0.000001 0.000001 0.000000 0.000000 -0.648458
    7 15.997000 0.000001 -0.000001 -1.683447 0.000000 0.000000
    8 1.885325 0.833276 -2.177876 -1.598016 0.698132 -0.000668
    9 1.506960 -0.000006 0.000000 0.000000 0.000000 -0.139626
    10 0.798348 0.000003 0.000000 0.000000 0.000000 -0.113446
    11 3.950302 -0.539875 -2.108871 -0.000806 0.157080 -0.000126
    12 1.545797 -0.000002 -0.000001 0.000000 0.000000 0.471239
    13 1.667398 0.000001 0.000007 0.000000 0.000000 0.436332
    14 3.899452 -0.475378 -1.170893 -0.000796 0.000000 0.000000
    15 1.528218 0.000003 0.000001 0.000000 0.000000 0.331613
    16 1.528216 -0.000001 -0.000003 0.000000 0.000000 0.479966
    17 3.899459 -0.431804 0.168223 -0.000796 0.000000 0.000000
    18 1.506968 0.000002 -0.000001 0.000000 0.000000 0.427606
    19 1.506962 -0.000001 0.000001 0.000000 0.000000 0.340339
    20 3.915634 -0.278020 1.402608 -0.000796 0.000000 0.000000
    21 1.333080 0.000000 -0.000001 0.000000 0.000000 0.637045
    22 1.159204 0.000000 -0.000002 0.000000 0.000000 0.218166
    23 18.209354 8.207681 -0.352298 -1.582244 0.018583 -3.126150
    24 0.000009 0.011450 -1.352403 -0.000014 1.370796 3.140783
    25 6.078084 0.000001 0.000003 1.123148 -0.816764 -1.217384
    26 13.446750 -0.000005 0.000000 0.000000 0.000000 -1.154684
    27 15.997000 -0.000002 0.000000 1.669616 -0.001556 0.263226
    28 1.885324 0.833275 2.177876 1.172048 -0.644537 0.438889
    29 1.506966 -0.000005 0.000000 0.000000 0.000000 -0.436329
    30 0.798348 -0.000001 -0.000001 0.000000 0.000000 -0.507867
    31 3.950306 -0.539875 2.108876 0.012323 0.110212 -0.171410
    32 1.545797 -0.000001 -0.000008 0.000000 0.000000 0.513113
    33 1.667400 -0.000002 0.000008 0.000000 0.000000 0.785377
    34 3.899460 -0.475376 1.170891 -0.037591 0.101270 -0.055752
    35 1.528215 -0.000001 0.000000 0.000000 0.000000 1.575956
    36 1.528217 -0.000001 0.000001 0.000000 0.000000 1.352577
    37 3.899459 -0.431805 -0.168223 0.093293 -0.006316 0.182573
    38 1.506962 0.000000 0.000002 0.000000 0.000000 1.708639
    39 1.506964 0.000001 -0.000001 0.000000 0.000000 1.310683
    40 3.915634 -0.278019 -1.402605 0.217310 -0.078619 0.205835
    41 1.333083 0.000001 0.000003 0.000000 0.000000 1.464281
    42 1.159202 0.000000 -0.000004 0.000000 0.000000 1.370013
    43 3.495615 0.351176 1.563391 1.582244 -0.018583 -3.126153
    44 -2.156468 1.809614 0.001208 0.000000 0.000000 0.000000
    45 -6.613107 1.564316 -0.031845 0.000000 0.000000 0.000000
  time 249
    0 0.928525 1.014336 -19.461068 0.000000 0.000000 -1.570792
    1 0.000000 0.000000 0.000002 -0.000086 -1.570451 -1.570709
    2 4.443615 -0.009642 0.000006 -0.000004 -0.000001 0.000796
    3 12.111412 -0.011446 0.000000 0.000000 0.000000 0.000000
    4 0.000010 0.011442 1.352402 -0.000014 -1.370796 3.140810
    5 6.078090 0.000001 -0.000005 -0.531509 1.219836 -0.541120
    6 13.446754 -0.000001 0.000001 0.000000 0.000000 -0.648458
    7 15.997000 0.000001 -0.000001 -1.683447 0.000000 0.000000
    8 1.885325 0.833276 -2.177876 -1.598016 0.698132 -0.000668
    9 1.506960 -0.000006 0.000000 0.000000 0.000000 -0.139626
    10 0.798348 0.000003 0.000000 0.000000 0.000000 -0.113446
    11 3.950302 -0.539875 -2.108871 -0.000806 0.157080 -0.000126
    12 1.545797 -0.000002 -0.000001 0.000000 0.000000 0.471239
    13 1.667398 0.000001 0.000007 0.000000 0.000000 0.436332
    14 3.899452 -0.475378 -1.170893 -0.000796 0.000000 0.000000
    15 1.528218 0.000003 0.000001 0.000000 0.000000 0.331613
    16 1.528216 -0.000001 -0.000003 0.000000 0.000000 0.479966
    17 3.899459 -0.431804 0.168223 -0.000796 0.000000 0.000000
    18 1.506968 0.000002 -0.000001 0.000000 0.000000 0.427606
    19 1.506962 -0.000001 0.000001 0.000000 0.000000 0.340339
    20 3.915634 -0.278020 1.402608 -0.000796 0.000000 0.000000
    21 1.333080 0.000000 -0.000001 0.000000 0.000000 0.637045
    22 1.159204 0.000000 -0.000002 0.000000 0.000000 0.218166
    23 18.209354 8.207681 -0.352298 -1.582244 0.018583 -3.126150
    24 0.000009 0.011450 -1.352403 -0.000014 1.370796 3.140783
    25 6.078084 0.000001 0.000003 1.123052 -0.816961 -1.217258
    26 13.446750 -0.000005 0.000000 0.000000 0.000000 -1.154684
    27 15.997000 -0.000002 0.000000 1.669604 -0.001556 0.263226
    28 1.885324 0.833275 2.177876 1.172048 -0.644537 0.438889
    29 1.506966 -0.000005 0.000000 0.000000 0.000000 -0.436329
    30 0.798348 -0.000001 -0.000001 0.000000 0.000000 -0.507867
    31 3.950306 -0.539875 2.108876 0.012323 0.110212 -0.171410
    32 1.545797 -0.000001 -0.000008 0.000000 0.000000 0.513113
    33 1.667400 -0.000002 0.000008 0.000000 0.000000 0.785377
    34 3.899460 -0.475376 1.170891 -0.037591 0.101270 -0.055752
    35 1.528215 -0.000001 0.000000 0.000000 0.000000 1.575956
    36 1.528217 -0.000001 0.000001 0.000000 0.000000 1.352577
    37 3.899459 -0.431805 -0.168223 0.093293 -0.006316 0.182573
    38 1.506962 0.000000 0.000002 0.000000 0.000000 1.708639
    39 1.506964 0.000001 -0.000001 0.000000 0.000000 1.310683
    40 3.915634 -0.278019 -1.402605 0.217310 -0.078619 0.205835
    41 1.333083 0.000001 0.000003 0.000000 0.000000 1.464281
    42 1.159202 0.000000 -0.000004 0.000000 0.000000 1.370013
    43 3.495615 0.351176 1.563391 1.582244 -0.018583 -3.126153
    44 -2.156468 1.809614 0.001208 0.000000 0.000000 0.000000
    45 -6.613107 1.564316 -0.031845 0.000000 0.000000 0.000000
end
