// Created by Crowbar 0.74
version 1
nodes
  0 "Bip01" -1
  1 "Bip01 Pelvis" 0
  2 "Bip01 Spine" 1
  3 "Bip01 Neck" 2
  4 "Bip01 R Clavicle" 3
  5 "Bip01 R UpperArm" 4
  6 "Bip01 R Forearm" 5
  7 "Bip01 R Hand" 6
  8 "Dummy14" 7
  9 "muzzle" 7
  10 "Bip01 L Clavicle" 3
  11 "Bip01 L UpperArm" 10
  12 "Bip01 L Forearm" 11
  13 "Bip01 L Hand" 12
  14 "Bip01 L Finger0" 13
  15 "Bip01 L Finger01" 14
  16 "Bip01 L Finger02" 15
  17 "Bip01 L Finger1" 13
  18 "Bip01 L Finger11" 17
  19 "Bip01 L Finger12" 18
  20 "Bip01 L Finger2" 13
  21 "Bip01 L Finger21" 20
  22 "Bip01 L Finger22" 21
  23 "Bip01 L Finger3" 13
  24 "Bip01 L Finger31" 23
  25 "Bip01 L Finger32" 24
  26 "Bip01 L Finger4" 13
  27 "Bip01 L Finger41" 26
  28 "Bip01 L Finger42" 27
end
skeleton
  time 0
    0 -13.101732 -12.071518 43.181469 0.000000 0.000000 -1.570796
    1 0.000000 0.000000 0.000000 0.000000 -1.570451 -1.570835
    2 4.443616 -0.009641 0.000005 -0.000004 -0.006164 0.000790
    3 12.111174 -0.011366 -0.074641 0.000000 0.000000 0.000000
    4 -0.008324 0.011447 -1.352377 0.000022 1.364633 3.140824
    5 6.078084 0.000000 0.000001 1.269619 -0.044823 -1.538626
    6 13.446773 0.000343 0.000049 0.000003 0.000009 -0.069099
    7 15.996996 0.000370 0.000198 1.683439 -0.000017 -0.000006
    8 -2.696754 7.324316 -1.920831 0.018613 0.011442 1.586441
    9 35.019257 7.487988 -2.080857 1.582240 -0.018573 -3.126170
    10 0.003905 0.011446 1.352395 0.000011 -1.373672 3.140792
    11 6.078086 0.000010 0.000000 -1.269618 0.044855 -1.538617
    12 13.446751 -0.000125 -0.000002 0.000000 0.000002 -0.069095
    13 15.997010 -0.000217 0.000035 -1.683441 0.000006 -0.000010
    14 1.885338 0.833251 -2.177892 -1.598020 0.698134 -0.000676
    15 1.506974 0.000000 -0.000005 0.000001 0.000002 -0.139623
    16 0.798358 -0.000006 0.000000 -0.000001 0.000000 -0.113453
    17 3.950311 -0.539917 -2.108882 -0.000815 0.157072 -0.000129
    18 1.545792 -0.000008 -0.000018 0.000010 0.000000 0.471230
    19 1.667395 0.000004 -0.000013 -0.000003 0.000000 0.436342
    20 3.899468 -0.475413 -1.170900 -0.000805 -0.000009 -0.000002
    21 1.528219 -0.000010 -0.000019 0.000009 0.000003 0.331610
    22 1.528217 -0.000003 -0.000008 0.000005 0.000002 0.479962
    23 3.899459 -0.431834 0.168213 -0.000806 -0.000009 -0.000001
    24 1.506957 -0.000010 -0.000012 0.000004 -0.000002 0.427601
    25 1.506962 -0.000001 -0.000019 0.000008 0.000002 0.340337
    26 3.915630 -0.278044 1.402594 -0.000806 -0.000009 -0.000002
    27 1.333089 -0.000008 -0.000017 0.000006 -0.000002 0.637045
    28 1.159200 -0.000006 -0.000021 0.000010 0.000003 0.218157
end
triangles
v_immolator_sheet
  8 -16.185926 -30.882368 60.067432 0.248979 -0.422514 0.871488 0.923521 0.813175 1 8 1.000000
  8 -16.114983 -30.852512 59.646748 0.707251 -0.642641 -0.294632 0.936134 0.813301 1 8 1.000000
  8 -15.879649 -30.573847 60.129532 0.550636 -0.400967 0.732137 0.923724 0.826126 1 8 1.000000
v_immolator_sheet
  8 -16.873404 -29.557093 59.996437 -0.496736 0.331534 0.802084 0.944691 0.892132 1 8 1.000000
  8 -16.496281 -29.218616 59.637753 -0.262464 0.857187 -0.443105 0.948338 0.875168 1 8 1.000000
  8 -16.802557 -29.527237 59.575752 -0.557218 0.655550 -0.509668 0.955354 0.884582 1 8 1.000000
v_immolator_sheet
  8 -16.567225 -29.248569 60.058537 -0.396998 0.687085 0.608528 0.937667 0.880810 1 8 1.000000
  8 -16.496281 -29.218616 59.637753 -0.262464 0.857187 -0.443105 0.948338 0.875168 1 8 1.000000
  8 -16.873404 -29.557093 59.996437 -0.496736 0.331534 0.802084 0.944691 0.892132 1 8 1.000000
v_immolator_sheet
  8 -16.567225 -29.248569 60.058537 -0.396998 0.687085 0.608528 0.937667 0.880810 1 8 1.000000
  8 -16.117302 -29.222094 59.701584 0.405902 0.852151 -0.330276 0.944086 0.866623 1 8 1.000000
  8 -16.496281 -29.218616 59.637753 -0.262464 0.857187 -0.443105 0.948338 0.875168 1 8 1.000000
v_immolator_sheet
  8 -16.188147 -29.252048 60.122269 0.186563 0.682191 0.706972 0.932811 0.870368 1 8 1.000000
  8 -16.117302 -29.222094 59.701584 0.405902 0.852151 -0.330276 0.944086 0.866623 1 8 1.000000
  8 -16.567225 -29.248569 60.058537 -0.396998 0.687085 0.608528 0.937667 0.880810 1 8 1.000000
v_immolator_sheet
  8 -16.188147 -29.252048 60.122269 0.186563 0.682191 0.706972 0.932811 0.870368 1 8 1.000000
  8 -15.810215 -29.536278 59.742695 0.848403 0.464441 -0.253981 0.940826 0.855121 1 8 1.000000
  8 -16.117302 -29.222094 59.701584 0.405902 0.852151 -0.330276 0.944086 0.866623 1 8 1.000000
v_immolator_sheet
  8 -15.881062 -29.566235 60.163383 0.542242 0.337150 0.769613 0.928665 0.857608 1 8 1.000000
  8 -15.810215 -29.536278 59.742695 0.848403 0.464441 -0.253981 0.940826 0.855121 1 8 1.000000
  8 -16.188147 -29.252048 60.122269 0.186563 0.682191 0.706972 0.932811 0.870368 1 8 1.000000
v_immolator_sheet
  8 -15.881062 -29.566235 60.163383 0.542242 0.337150 0.769613 0.928665 0.857608 1 8 1.000000
  8 -15.692317 -30.041178 59.745415 0.969856 0.011261 -0.243418 0.938066 0.840475 1 8 1.000000
  8 -15.810215 -29.536278 59.742695 0.848403 0.464441 -0.253981 0.940826 0.855121 1 8 1.000000
v_immolator_sheet
  8 -15.763261 -30.071133 60.166199 0.632358 -0.029390 0.774119 0.925400 0.841897 1 8 1.000000
  8 -15.692317 -30.041178 59.745415 0.969856 0.011261 -0.243418 0.938066 0.840475 1 8 1.000000
  8 -15.881062 -29.566235 60.163383 0.542242 0.337150 0.769613 0.928665 0.857608 1 8 1.000000
v_immolator_sheet
  8 -15.763261 -30.071133 60.166199 0.632358 -0.029390 0.774119 0.925400 0.841897 1 8 1.000000
  8 -15.808804 -30.543892 59.708748 0.845895 -0.435537 -0.307845 0.936043 0.825871 1 8 1.000000
  8 -15.692317 -30.041178 59.745415 0.969856 0.011261 -0.243418 0.938066 0.840475 1 8 1.000000
v_immolator_sheet
  8 -15.879649 -30.573847 60.129532 0.550636 -0.400967 0.732137 0.923724 0.826126 1 8 1.000000
  8 -15.808804 -30.543892 59.708748 0.845895 -0.435537 -0.307845 0.936043 0.825871 1 8 1.000000
  8 -15.763261 -30.071133 60.166199 0.632358 -0.029390 0.774119 0.925400 0.841897 1 8 1.000000
v_immolator_sheet
  8 -15.879649 -30.573847 60.129532 0.550636 -0.400967 0.732137 0.923724 0.826126 1 8 1.000000
  8 -16.114983 -30.852512 59.646748 0.707251 -0.642641 -0.294632 0.936134 0.813301 1 8 1.000000
  8 -15.808804 -30.543892 59.708748 0.845895 -0.435537 -0.307845 0.936043 0.825871 1 8 1.000000
v_immolator_sheet
  8 -16.114983 -30.852512 59.646748 0.707251 -0.642641 -0.294632 0.936134 0.813301 1 8 1.000000
  8 -16.133051 -30.704344 59.557091 0.679703 -0.585733 -0.441497 0.940850 0.815810 1 8 1.000000
  8 -15.808804 -30.543892 59.708748 0.845895 -0.435537 -0.307845 0.936043 0.825871 1 8 1.000000
v_immolator_sheet
  8 -15.808804 -30.543892 59.708748 0.845895 -0.435537 -0.307845 0.936043 0.825871 1 8 1.000000
  8 -16.133051 -30.704344 59.557091 0.679703 -0.585733 -0.441497 0.940850 0.815810 1 8 1.000000
  8 -15.880069 -30.449425 59.608391 0.841347 -0.398517 -0.365129 0.940549 0.826681 1 8 1.000000
v_immolator_sheet
  8 -16.133051 -30.704344 59.557091 0.679703 -0.585733 -0.441497 0.940850 0.815810 1 8 1.000000
  8 -16.039761 -30.664936 59.003010 0.701247 -0.709700 0.067662 0.956410 0.815798 1 8 1.000000
  8 -15.880069 -30.449425 59.608391 0.841347 -0.398517 -0.365129 0.940549 0.826681 1 8 1.000000
v_immolator_sheet
  8 -15.880069 -30.449425 59.608391 0.841347 -0.398517 -0.365129 0.940549 0.826681 1 8 1.000000
  8 -16.039761 -30.664936 59.003010 0.701247 -0.709700 0.067662 0.956410 0.815798 1 8 1.000000
  8 -15.786678 -30.410017 59.054310 0.867109 -0.485467 0.111547 0.956882 0.825643 1 8 1.000000
v_immolator_sheet
  8 -15.880069 -30.449425 59.608391 0.841347 -0.398517 -0.365129 0.940549 0.826681 1 8 1.000000
  8 -15.786678 -30.410017 59.054310 0.867109 -0.485467 0.111547 0.956882 0.825643 1 8 1.000000
  8 -15.783779 -30.033915 59.638680 0.955607 0.009980 -0.294476 0.942232 0.839855 1 8 1.000000
v_immolator_sheet
  8 -15.783779 -30.033915 59.638680 0.955607 0.009980 -0.294476 0.942232 0.839855 1 8 1.000000
  8 -15.786678 -30.410017 59.054310 0.867109 -0.485467 0.111547 0.956882 0.825643 1 8 1.000000
  8 -15.690489 -29.994507 59.084599 0.986111 0.000916 0.166086 0.958398 0.837372 1 8 1.000000
v_immolator_sheet
  8 -15.783779 -30.033915 59.638680 0.955607 0.009980 -0.294476 0.942232 0.839855 1 8 1.000000
  8 -15.690489 -29.994507 59.084599 0.986111 0.000916 0.166086 0.958398 0.837372 1 8 1.000000
  8 -15.881178 -29.616615 59.636402 0.849469 0.424795 -0.312973 0.944921 0.853044 1 8 1.000000
v_immolator_sheet
  8 -16.802557 -29.527237 59.575752 -0.557218 0.655550 -0.509668 0.955354 0.884582 1 8 1.000000
  8 -16.448250 -29.354147 59.549713 -0.250017 0.801047 -0.543889 0.952366 0.873318 1 8 1.000000
  8 -16.701332 -29.609064 59.498413 -0.551121 0.651957 -0.520785 0.958471 0.882241 1 8 1.000000
v_immolator_sheet
  8 -16.496281 -29.218616 59.637753 -0.262464 0.857187 -0.443105 0.948338 0.875168 1 8 1.000000
  8 -16.448250 -29.354147 59.549713 -0.250017 0.801047 -0.543889 0.952366 0.873318 1 8 1.000000
  8 -16.802557 -29.527237 59.575752 -0.557218 0.655550 -0.509668 0.955354 0.884582 1 8 1.000000
v_immolator_sheet
  8 -16.496281 -29.218616 59.637753 -0.262464 0.857187 -0.443105 0.948338 0.875168 1 8 1.000000
  8 -16.134966 -29.357027 59.602425 0.427243 0.796102 -0.428585 0.948188 0.864150 1 8 1.000000
  8 -16.448250 -29.354147 59.549713 -0.250017 0.801047 -0.543889 0.952366 0.873318 1 8 1.000000
v_immolator_sheet
  8 -16.117302 -29.222094 59.701584 0.405902 0.852151 -0.330276 0.944086 0.866623 1 8 1.000000
  8 -16.134966 -29.357027 59.602425 0.427243 0.796102 -0.428585 0.948188 0.864150 1 8 1.000000
  8 -16.496281 -29.218616 59.637753 -0.262464 0.857187 -0.443105 0.948338 0.875168 1 8 1.000000
v_immolator_sheet
  8 -16.117302 -29.222094 59.701584 0.405902 0.852151 -0.330276 0.944086 0.866623 1 8 1.000000
  8 -15.881178 -29.616615 59.636402 0.849469 0.424795 -0.312973 0.944921 0.853044 1 8 1.000000
  8 -16.134966 -29.357027 59.602425 0.427243 0.796102 -0.428585 0.948188 0.864150 1 8 1.000000
v_immolator_sheet
  8 -15.810215 -29.536278 59.742695 0.848403 0.464441 -0.253981 0.940826 0.855121 1 8 1.000000
  8 -15.881178 -29.616615 59.636402 0.849469 0.424795 -0.312973 0.944921 0.853044 1 8 1.000000
  8 -16.117302 -29.222094 59.701584 0.405902 0.852151 -0.330276 0.944086 0.866623 1 8 1.000000
v_immolator_sheet
  8 -15.810215 -29.536278 59.742695 0.848403 0.464441 -0.253981 0.940826 0.855121 1 8 1.000000
  8 -15.783779 -30.033915 59.638680 0.955607 0.009980 -0.294476 0.942232 0.839855 1 8 1.000000
  8 -15.881178 -29.616615 59.636402 0.849469 0.424795 -0.312973 0.944921 0.853044 1 8 1.000000
v_immolator_sheet
  8 -15.692317 -30.041178 59.745415 0.969856 0.011261 -0.243418 0.938066 0.840475 1 8 1.000000
  8 -15.783779 -30.033915 59.638680 0.955607 0.009980 -0.294476 0.942232 0.839855 1 8 1.000000
  8 -15.810215 -29.536278 59.742695 0.848403 0.464441 -0.253981 0.940826 0.855121 1 8 1.000000
v_immolator_sheet
  8 -15.692317 -30.041178 59.745415 0.969856 0.011261 -0.243418 0.938066 0.840475 1 8 1.000000
  8 -15.880069 -30.449425 59.608391 0.841347 -0.398517 -0.365129 0.940549 0.826681 1 8 1.000000
  8 -15.783779 -30.033915 59.638680 0.955607 0.009980 -0.294476 0.942232 0.839855 1 8 1.000000
v_immolator_sheet
  8 -15.808804 -30.543892 59.708748 0.845895 -0.435537 -0.307845 0.936043 0.825871 1 8 1.000000
  8 -15.880069 -30.449425 59.608391 0.841347 -0.398517 -0.365129 0.940549 0.826681 1 8 1.000000
  8 -15.692317 -30.041178 59.745415 0.969856 0.011261 -0.243418 0.938066 0.840475 1 8 1.000000
v_immolator_sheet
  8 -15.881178 -29.616615 59.636402 0.849469 0.424795 -0.312973 0.944921 0.853044 1 8 1.000000
  8 -15.690489 -29.994507 59.084599 0.986111 0.000916 0.166086 0.958398 0.837372 1 8 1.000000
  8 -15.787887 -29.577208 59.082321 0.855784 0.485527 0.178597 0.960905 0.848725 1 8 1.000000
v_immolator_sheet
  8 -15.881178 -29.616615 59.636402 0.849469 0.424795 -0.312973 0.944921 0.853044 1 8 1.000000
  8 -15.787887 -29.577208 59.082321 0.855784 0.485527 0.178597 0.960905 0.848725 1 8 1.000000
  8 -16.134966 -29.357027 59.602425 0.427243 0.796102 -0.428585 0.948188 0.864150 1 8 1.000000
v_immolator_sheet
  8 -16.134966 -29.357027 59.602425 0.427243 0.796102 -0.428585 0.948188 0.864150 1 8 1.000000
  8 -15.787887 -29.577208 59.082321 0.855784 0.485527 0.178597 0.960905 0.848725 1 8 1.000000
  8 -16.041676 -29.317617 59.048244 0.370743 0.919898 0.127813 0.964001 0.857706 1 8 1.000000
v_immolator_sheet
  8 -16.134966 -29.357027 59.602425 0.427243 0.796102 -0.428585 0.948188 0.864150 1 8 1.000000
  8 -16.041676 -29.317617 59.048244 0.370743 0.919898 0.127813 0.964001 0.857706 1 8 1.000000
  8 -16.448250 -29.354147 59.549713 -0.250017 0.801047 -0.543889 0.952366 0.873318 1 8 1.000000
v_immolator_sheet
  8 -16.448250 -29.354147 59.549713 -0.250017 0.801047 -0.543889 0.952366 0.873318 1 8 1.000000
  8 -16.041676 -29.317617 59.048244 0.370743 0.919898 0.127813 0.964001 0.857706 1 8 1.000000
  8 -16.354858 -29.314737 58.995632 -0.378037 0.925788 0.002106 0.967515 0.865279 1 8 1.000000
v_immolator_sheet
  8 -16.448250 -29.354147 59.549713 -0.250017 0.801047 -0.543889 0.952366 0.873318 1 8 1.000000
  8 -16.354858 -29.314737 58.995632 -0.378037 0.925788 0.002106 0.967515 0.865279 1 8 1.000000
  8 -16.701332 -29.609064 59.498413 -0.551121 0.651957 -0.520785 0.958471 0.882241 1 8 1.000000
v_immolator_sheet
  8 -16.701332 -29.609064 59.498413 -0.551121 0.651957 -0.520785 0.958471 0.882241 1 8 1.000000
  8 -16.354858 -29.314737 58.995632 -0.378037 0.925788 0.002106 0.967515 0.865279 1 8 1.000000
  8 -16.607941 -29.569654 58.944332 -0.701184 0.709759 -0.067692 0.972363 0.874355 1 8 1.000000
v_immolator_sheet
  8 -14.832760 -31.660635 58.134270 0.671455 0.046664 0.739574 0.137576 0.256333 1 8 1.000000
  8 -14.294510 -20.936684 57.987453 0.422145 -0.017091 0.906367 0.451906 0.229648 1 8 1.000000
  8 -15.239184 -20.975708 59.073940 0.433502 -0.012727 0.901063 0.452325 0.272730 1 8 1.000000
v_immolator_sheet
  8 -14.832760 -31.660635 58.134270 0.671455 0.046664 0.739574 0.137576 0.256333 1 8 1.000000
  8 -14.232364 -31.279331 57.856743 -0.123570 0.216256 0.968485 0.147423 0.236167 1 8 1.000000
  8 -14.294510 -20.936684 57.987453 0.422145 -0.017091 0.906367 0.451906 0.229648 1 8 1.000000
v_immolator_sheet
  8 -14.832760 -31.660635 58.134270 0.671455 0.046664 0.739574 0.137576 0.256333 1 8 1.000000
  8 -14.720713 -35.364182 58.578487 0.092015 0.140052 0.985859 0.026996 0.268558 1 8 1.000000
  8 -14.232364 -31.279331 57.856743 -0.123570 0.216256 0.968485 0.147423 0.236167 1 8 1.000000
v_immolator_sheet
  8 -14.720713 -35.364182 58.578487 0.092015 0.140052 0.985859 0.026996 0.268558 1 8 1.000000
  8 -14.832760 -31.660635 58.134270 0.671455 0.046664 0.739574 0.137576 0.256333 1 8 1.000000
  8 -15.291784 -33.822910 59.076458 0.409017 0.003479 0.912520 0.075236 0.289380 1 8 1.000000
v_immolator_sheet
  8 -14.832760 -31.660635 58.134270 0.671455 0.046664 0.739574 0.137576 0.256333 1 8 1.000000
  8 -15.239184 -20.975708 59.073940 0.433502 -0.012727 0.901063 0.452325 0.272730 1 8 1.000000
  8 -15.291784 -33.822910 59.076458 0.409017 0.003479 0.912520 0.075236 0.289380 1 8 1.000000
v_immolator_sheet
  8 -15.291784 -33.822910 59.076458 0.409017 0.003479 0.912520 0.075236 0.289380 1 8 1.000000
  8 -15.239184 -20.975708 59.073940 0.433502 -0.012727 0.901063 0.452325 0.272730 1 8 1.000000
  8 -15.719906 -32.698891 59.135323 -0.025300 -0.019135 0.999497 0.109680 0.300375 1 8 1.000000
v_immolator_sheet
  8 -15.719906 -32.698891 59.135323 -0.025300 -0.019135 0.999497 0.109680 0.300375 1 8 1.000000
  8 -15.239184 -20.975708 59.073940 0.433502 -0.012727 0.901063 0.452325 0.272730 1 8 1.000000
  8 -16.520292 -20.946999 59.097988 -0.384449 0.011109 0.923079 0.454652 0.310993 1 8 1.000000
v_immolator_sheet
  8 -17.019520 -33.784977 58.886848 -0.738811 -0.184062 0.648290 0.082188 0.339203 1 8 1.000000
  8 -15.719906 -32.698891 59.135323 -0.025300 -0.019135 0.999497 0.109680 0.300375 1 8 1.000000
  8 -16.520292 -20.946999 59.097988 -0.384449 0.011109 0.923079 0.454652 0.310993 1 8 1.000000
v_immolator_sheet
  8 -16.726418 -20.959675 58.876419 -0.893427 0.020754 0.448728 0.454596 0.320668 1 8 1.000000
  8 -17.019520 -33.784977 58.886848 -0.738811 -0.184062 0.648290 0.082188 0.339203 1 8 1.000000
  8 -16.520292 -20.946999 59.097988 -0.384449 0.011109 0.923079 0.454652 0.310993 1 8 1.000000
v_immolator_sheet
  8 -17.019520 -33.784977 58.886848 -0.738811 -0.184062 0.648290 0.082188 0.339203 1 8 1.000000
  8 -16.726418 -20.959675 58.876419 -0.893427 0.020754 0.448728 0.454596 0.320668 1 8 1.000000
  8 -16.892279 -20.979416 57.896870 -0.986635 0.022280 0.161417 0.455329 0.352580 1 8 1.000000
v_immolator_sheet
  8 -17.019520 -33.784977 58.886848 -0.738811 -0.184062 0.648290 0.082188 0.339203 1 8 1.000000
  8 -16.892279 -20.979416 57.896870 -0.986635 0.022280 0.161417 0.455329 0.352580 1 8 1.000000
  8 -17.101540 -33.903755 57.782661 -0.972405 -0.213024 0.095128 0.073186 0.371663 1 8 1.000000
v_immolator_sheet
  8 -16.291555 -35.684544 57.827858 -0.767305 -0.510459 0.388169 0.011609 0.347689 1 8 1.000000
  8 -17.019520 -33.784977 58.886848 -0.738811 -0.184062 0.648290 0.082188 0.339203 1 8 1.000000
  8 -17.101540 -33.903755 57.782661 -0.972405 -0.213024 0.095128 0.073186 0.371663 1 8 1.000000
v_immolator_sheet
  8 -17.019520 -33.784977 58.886848 -0.738811 -0.184062 0.648290 0.082188 0.339203 1 8 1.000000
  8 -16.291555 -35.684544 57.827858 -0.767305 -0.510459 0.388169 0.011609 0.347689 1 8 1.000000
  8 -15.696732 -35.426266 58.919170 -0.454376 -0.194898 0.869228 0.026638 0.305513 1 8 1.000000
v_immolator_sheet
  8 -17.019520 -33.784977 58.886848 -0.738811 -0.184062 0.648290 0.082188 0.339203 1 8 1.000000
  8 -15.696732 -35.426266 58.919170 -0.454376 -0.194898 0.869228 0.026638 0.305513 1 8 1.000000
  8 -15.719906 -32.698891 59.135323 -0.025300 -0.019135 0.999497 0.109680 0.300375 1 8 1.000000
v_immolator_sheet
  8 -15.291784 -33.822910 59.076458 0.409017 0.003479 0.912520 0.075236 0.289380 1 8 1.000000
  8 -15.719906 -32.698891 59.135323 -0.025300 -0.019135 0.999497 0.109680 0.300375 1 8 1.000000
  8 -15.696732 -35.426266 58.919170 -0.454376 -0.194898 0.869228 0.026638 0.305513 1 8 1.000000
v_immolator_sheet
  8 -15.291784 -33.822910 59.076458 0.409017 0.003479 0.912520 0.075236 0.289380 1 8 1.000000
  8 -15.696732 -35.426266 58.919170 -0.454376 -0.194898 0.869228 0.026638 0.305513 1 8 1.000000
  8 -15.291790 -35.991905 59.092308 0.311023 0.302722 0.900902 0.008707 0.293052 1 8 1.000000
v_immolator_sheet
  8 -15.291790 -35.991905 59.092308 0.311023 0.302722 0.900902 0.008707 0.293052 1 8 1.000000
  8 -14.720713 -35.364182 58.578487 0.092015 0.140052 0.985859 0.026996 0.268558 1 8 1.000000
  8 -15.291784 -33.822910 59.076458 0.409017 0.003479 0.912520 0.075236 0.289380 1 8 1.000000
v_immolator_sheet
  8 -14.720790 -35.994804 58.801605 0.005005 0.744852 0.667211 0.006958 0.273386 1 8 1.000000
  8 -14.720713 -35.364182 58.578487 0.092015 0.140052 0.985859 0.026996 0.268558 1 8 1.000000
  8 -15.291790 -35.991905 59.092308 0.311023 0.302722 0.900902 0.008707 0.293052 1 8 1.000000
v_immolator_sheet
  8 -14.720877 -35.992920 59.054005 0.000610 0.999972 -0.007477 0.000368 0.277517 1 8 1.000000
  8 -14.720790 -35.994804 58.801605 0.005005 0.744852 0.667211 0.006958 0.273386 1 8 1.000000
  8 -15.291790 -35.991905 59.092308 0.311023 0.302722 0.900902 0.008707 0.293052 1 8 1.000000
v_immolator_sheet
  8 -12.038089 -34.196407 52.424416 -0.147406 0.121068 -0.981638 0.058098 0.013491 1 8 1.000000
  8 -12.676408 -33.823589 52.480865 0.353383 0.456264 -0.816666 0.075542 0.000368 1 8 1.000000
  8 -12.248984 -31.692013 53.856678 0.757985 0.418180 -0.500583 0.137802 0.043521 1 8 1.000000
v_immolator_sheet
  8 -12.676408 -33.823589 52.480865 0.353383 0.456264 -0.816666 0.075542 0.000368 1 8 1.000000
  8 -12.907282 -28.624613 53.562290 0.572328 0.044222 -0.818832 0.229422 0.028901 1 8 1.000000
  8 -12.248984 -31.692013 53.856678 0.757985 0.418180 -0.500583 0.137802 0.043521 1 8 1.000000
v_immolator_sheet
  8 -12.248984 -31.692013 53.856678 0.757985 0.418180 -0.500583 0.137802 0.043521 1 8 1.000000
  8 -12.907282 -28.624613 53.562290 0.572328 0.044222 -0.818832 0.229422 0.028901 1 8 1.000000
  8 -13.469162 -20.972729 53.506054 0.386591 0.013825 -0.922148 0.455329 0.029895 1 8 1.000000
v_immolator_sheet
  8 -13.469162 -20.972729 53.506054 0.386591 0.013825 -0.922148 0.455329 0.029895 1 8 1.000000
  8 -12.810857 -20.970737 53.777977 0.633637 0.027529 -0.773140 0.453832 0.050813 1 8 1.000000
  8 -12.248984 -31.692013 53.856678 0.757985 0.418180 -0.500583 0.137802 0.043521 1 8 1.000000
v_immolator_sheet
  8 -11.769239 -31.686556 54.599140 0.819250 0.507896 -0.266217 0.136463 0.069514 1 8 1.000000
  8 -12.248984 -31.692013 53.856678 0.757985 0.418180 -0.500583 0.137802 0.043521 1 8 1.000000
  8 -12.810857 -20.970737 53.777977 0.633637 0.027529 -0.773140 0.453832 0.050813 1 8 1.000000
v_immolator_sheet
  8 -12.810857 -20.970737 53.777977 0.633637 0.027529 -0.773140 0.453832 0.050813 1 8 1.000000
  8 -12.331113 -20.965380 54.520340 0.942105 0.046908 -0.332021 0.452490 0.076803 1 8 1.000000
  8 -11.769239 -31.686556 54.599140 0.819250 0.507896 -0.266217 0.136463 0.069514 1 8 1.000000
v_immolator_sheet
  8 -11.594153 -31.673542 56.379192 0.889394 0.454768 0.046511 0.134977 0.122159 1 8 1.000000
  8 -11.769239 -31.686556 54.599140 0.819250 0.507896 -0.266217 0.136463 0.069514 1 8 1.000000
  8 -12.331113 -20.965380 54.520340 0.942105 0.046908 -0.332021 0.452490 0.076803 1 8 1.000000
v_immolator_sheet
  8 -12.331113 -20.965380 54.520340 0.942105 0.046908 -0.332021 0.452490 0.076803 1 8 1.000000
  8 -12.156027 -20.952267 56.300499 0.997945 0.052554 0.036654 0.451006 0.129451 1 8 1.000000
  8 -11.594153 -31.673542 56.379192 0.889394 0.454768 0.046511 0.134977 0.122159 1 8 1.000000
v_immolator_sheet
  8 -11.770204 -31.666090 57.393028 0.783059 0.490258 0.382709 0.134550 0.152454 1 8 1.000000
  8 -11.594153 -31.673542 56.379192 0.889394 0.454768 0.046511 0.134977 0.122159 1 8 1.000000
  8 -12.156027 -20.952267 56.300499 0.997945 0.052554 0.036654 0.451006 0.129451 1 8 1.000000
v_immolator_sheet
  8 -12.156027 -20.952267 56.300499 0.997945 0.052554 0.036654 0.451006 0.129451 1 8 1.000000
  8 -12.332077 -20.944918 57.314335 0.927212 0.041628 0.372216 0.450576 0.159746 1 8 1.000000
  8 -11.770204 -31.666090 57.393028 0.783059 0.490258 0.382709 0.134550 0.152454 1 8 1.000000
v_immolator_sheet
  8 -12.504661 -31.660635 58.135075 0.087254 0.412130 0.906937 0.134973 0.183192 1 8 1.000000
  8 -11.770204 -31.666090 57.393028 0.783059 0.490258 0.382709 0.134550 0.152454 1 8 1.000000
  8 -12.332077 -20.944918 57.314335 0.927212 0.041628 0.372216 0.450576 0.159746 1 8 1.000000
v_immolator_sheet
  8 -12.332077 -20.944918 57.314335 0.927212 0.041628 0.372216 0.450576 0.159746 1 8 1.000000
  8 -12.812433 -20.939459 58.056366 0.395006 0.010559 0.918618 0.450770 0.185772 1 8 1.000000
  8 -12.504661 -31.660635 58.135075 0.087254 0.412130 0.906937 0.134973 0.183192 1 8 1.000000
v_immolator_sheet
  8 -13.398666 -31.300030 57.860142 0.182658 0.236006 0.954430 0.146177 0.210498 1 8 1.000000
  8 -12.504661 -31.660635 58.135075 0.087254 0.412130 0.906937 0.134973 0.183192 1 8 1.000000
  8 -12.812433 -20.939459 58.056366 0.395006 0.010559 0.918618 0.450770 0.185772 1 8 1.000000
v_immolator_sheet
  8 -12.812433 -20.939459 58.056366 0.395006 0.010559 0.918618 0.450770 0.185772 1 8 1.000000
  8 -13.483397 -20.930994 57.953529 -0.052768 -0.006653 0.998585 0.451464 0.205748 1 8 1.000000
  8 -13.398666 -31.300030 57.860142 0.182658 0.236006 0.954430 0.146177 0.210498 1 8 1.000000
v_immolator_sheet
  8 -13.589695 -31.292500 57.944374 0.195415 0.497648 0.845080 0.146563 0.216637 1 8 1.000000
  8 -13.398666 -31.300030 57.860142 0.182658 0.236006 0.954430 0.146177 0.210498 1 8 1.000000
  8 -13.483397 -20.930994 57.953529 -0.052768 -0.006653 0.998585 0.451464 0.205748 1 8 1.000000
v_immolator_sheet
  8 -14.061996 -31.292501 57.944111 -0.188578 0.513851 0.836896 0.146917 0.230539 1 8 1.000000
  8 -13.589695 -31.292500 57.944374 0.195415 0.497648 0.845080 0.146563 0.216637 1 8 1.000000
  8 -13.483397 -20.930994 57.953529 -0.052768 -0.006653 0.998585 0.451464 0.205748 1 8 1.000000
v_immolator_sheet
  8 -13.483397 -20.930994 57.953529 -0.052768 -0.006653 0.998585 0.451464 0.205748 1 8 1.000000
  8 -14.294510 -20.936684 57.987453 0.422145 -0.017091 0.906367 0.451906 0.229648 1 8 1.000000
  8 -14.061996 -31.292501 57.944111 -0.188578 0.513851 0.836896 0.146917 0.230539 1 8 1.000000
v_immolator_sheet
  8 -14.232364 -31.279331 57.856743 -0.123570 0.216256 0.968485 0.147423 0.236167 1 8 1.000000
  8 -14.061996 -31.292501 57.944111 -0.188578 0.513851 0.836896 0.146917 0.230539 1 8 1.000000
  8 -14.294510 -20.936684 57.987453 0.422145 -0.017091 0.906367 0.451906 0.229648 1 8 1.000000
v_immolator_sheet
  8 -13.398666 -31.300030 57.860142 0.182658 0.236006 0.954430 0.146177 0.210498 1 8 1.000000
  8 -12.905514 -35.364182 58.579113 -0.334618 0.138620 0.932102 0.024989 0.193425 1 8 1.000000
  8 -12.504661 -31.660635 58.135075 0.087254 0.412130 0.906937 0.134973 0.183192 1 8 1.000000
v_immolator_sheet
  8 -14.157109 -35.362087 58.856583 -0.231795 0.140573 0.962554 0.026765 0.942369 1 8 1.000000
  8 -14.157187 -35.992710 59.079700 -0.195659 0.443690 0.874561 0.005926 0.941747 1 8 1.000000
  8 -13.469386 -35.992710 59.079937 0.195078 0.443717 0.874677 0.006057 0.921492 1 8 1.000000
v_immolator_sheet
  8 -13.469386 -35.992710 59.079937 0.195078 0.443717 0.874677 0.006057 0.921492 1 8 1.000000
  8 -12.905678 -35.992920 59.054630 -0.001801 0.999971 -0.007447 0.003367 0.903620 1 8 1.000000
  8 -12.905591 -35.994804 58.802231 -0.248857 0.700577 0.668776 0.010123 0.904701 1 8 1.000000
v_immolator_sheet
  8 -12.905591 -35.994804 58.802231 -0.248857 0.700577 0.668776 0.010123 0.904701 1 8 1.000000
  8 -12.905678 -35.992920 59.054630 -0.001801 0.999971 -0.007447 0.003367 0.903620 1 8 1.000000
  8 -12.678730 -35.991066 59.205608 -0.596868 0.192333 0.778946 0.000829 0.894419 1 8 1.000000
v_immolator_sheet
  8 -12.678730 -35.991066 59.205608 -0.596868 0.192333 0.778946 0.000829 0.894419 1 8 1.000000
  8 -12.905514 -35.364182 58.579113 -0.334618 0.138620 0.932102 0.028219 0.901170 1 8 1.000000
  8 -12.905591 -35.994804 58.802231 -0.248857 0.700577 0.668776 0.010123 0.904701 1 8 1.000000
v_immolator_sheet
  8 -12.905591 -35.994804 58.802231 -0.248857 0.700577 0.668776 0.010123 0.904701 1 8 1.000000
  8 -12.905514 -35.364182 58.579113 -0.334618 0.138620 0.932102 0.028219 0.901170 1 8 1.000000
  8 -13.469386 -35.992710 59.079937 0.195078 0.443717 0.874677 0.006057 0.921492 1 8 1.000000
v_immolator_sheet
  8 -13.469386 -35.992710 59.079937 0.195078 0.443717 0.874677 0.006057 0.921492 1 8 1.000000
  8 -12.905514 -35.364182 58.579113 -0.334618 0.138620 0.932102 0.028219 0.901170 1 8 1.000000
  8 -13.469309 -35.362087 58.856819 0.231214 0.140725 0.962671 0.026685 0.921065 1 8 1.000000
v_immolator_sheet
  8 -13.469386 -35.992710 59.079937 0.195078 0.443717 0.874677 0.006057 0.921492 1 8 1.000000
  8 -13.469309 -35.362087 58.856819 0.231214 0.140725 0.962671 0.026685 0.921065 1 8 1.000000
  8 -14.157109 -35.362087 58.856583 -0.231795 0.140573 0.962554 0.026765 0.942369 1 8 1.000000
v_immolator_sheet
  8 -14.084876 -32.001717 59.050446 -0.240951 0.486600 0.839740 0.125507 0.940968 1 8 1.000000
  8 -14.157109 -35.362087 58.856583 -0.231795 0.140573 0.962554 0.026765 0.942369 1 8 1.000000
  8 -13.469309 -35.362087 58.856819 0.231214 0.140725 0.962671 0.026685 0.921065 1 8 1.000000
v_immolator_sheet
  8 -14.174372 -32.081623 59.039242 -0.657078 0.210644 0.723794 0.122716 0.943466 1 8 1.000000
  8 -14.157109 -35.362087 58.856583 -0.231795 0.140573 0.962554 0.026765 0.942369 1 8 1.000000
  8 -14.084876 -32.001717 59.050446 -0.240951 0.486600 0.839740 0.125507 0.940968 1 8 1.000000
v_immolator_sheet
  8 -14.174372 -32.081623 59.039242 -0.657078 0.210644 0.723794 0.122716 0.943466 1 8 1.000000
  8 -14.084876 -32.001717 59.050446 -0.240951 0.486600 0.839740 0.125507 0.940968 1 8 1.000000
  8 -14.232364 -31.279331 57.856743 -0.123570 0.216256 0.968485 0.153822 0.975898 1 8 1.000000
v_immolator_sheet
  8 -14.720713 -35.364182 58.578487 0.092015 0.140052 0.985859 0.027465 0.962328 1 8 1.000000
  8 -14.174372 -32.081623 59.039242 -0.657078 0.210644 0.723794 0.122716 0.943466 1 8 1.000000
  8 -14.232364 -31.279331 57.856743 -0.123570 0.216256 0.968485 0.153822 0.975898 1 8 1.000000
v_immolator_sheet
  8 -14.157109 -35.362087 58.856583 -0.231795 0.140573 0.962554 0.026765 0.942369 1 8 1.000000
  8 -14.174372 -32.081623 59.039242 -0.657078 0.210644 0.723794 0.122716 0.943466 1 8 1.000000
  8 -14.720713 -35.364182 58.578487 0.092015 0.140052 0.985859 0.027465 0.962328 1 8 1.000000
v_immolator_sheet
  8 -14.720790 -35.994804 58.801605 0.005005 0.744852 0.667211 0.007418 0.960581 1 8 1.000000
  8 -14.157109 -35.362087 58.856583 -0.231795 0.140573 0.962554 0.026765 0.942369 1 8 1.000000
  8 -14.720713 -35.364182 58.578487 0.092015 0.140052 0.985859 0.027465 0.962328 1 8 1.000000
v_immolator_sheet
  8 -14.157187 -35.992710 59.079700 -0.195659 0.443690 0.874561 0.005926 0.941747 1 8 1.000000
  8 -14.157109 -35.362087 58.856583 -0.231795 0.140573 0.962554 0.026765 0.942369 1 8 1.000000
  8 -14.720790 -35.994804 58.801605 0.005005 0.744852 0.667211 0.007418 0.960581 1 8 1.000000
v_immolator_sheet
  8 -14.157187 -35.992710 59.079700 -0.195659 0.443690 0.874561 0.005926 0.941747 1 8 1.000000
  8 -14.720790 -35.994804 58.801605 0.005005 0.744852 0.667211 0.007418 0.960581 1 8 1.000000
  8 -14.720877 -35.992920 59.054005 0.000610 0.999972 -0.007477 0.000368 0.957774 1 8 1.000000
v_immolator_sheet
  8 -13.469309 -35.362087 58.856819 0.231214 0.140725 0.962671 0.026685 0.921065 1 8 1.000000
  8 -13.545476 -32.001717 59.050632 0.243208 0.488216 0.838149 0.125754 0.925610 1 8 1.000000
  8 -14.084876 -32.001717 59.050446 -0.240951 0.486600 0.839740 0.125507 0.940968 1 8 1.000000
v_immolator_sheet
  8 -13.469309 -35.362087 58.856819 0.231214 0.140725 0.962671 0.026685 0.921065 1 8 1.000000
  8 -13.455972 -32.081623 59.039490 0.657258 0.213328 0.722843 0.123030 0.923017 1 8 1.000000
  8 -13.545476 -32.001717 59.050632 0.243208 0.488216 0.838149 0.125754 0.925610 1 8 1.000000
v_immolator_sheet
  8 -13.545476 -32.001717 59.050632 0.243208 0.488216 0.838149 0.125754 0.925610 1 8 1.000000
  8 -13.455972 -32.081623 59.039490 0.657258 0.213328 0.722843 0.123030 0.923017 1 8 1.000000
  8 -13.398666 -31.300030 57.860142 0.182658 0.236006 0.954430 0.154640 0.891543 1 8 1.000000
v_immolator_sheet
  8 -12.905514 -35.364182 58.579113 -0.334618 0.138620 0.932102 0.028219 0.901170 1 8 1.000000
  8 -13.398666 -31.300030 57.860142 0.182658 0.236006 0.954430 0.154640 0.891543 1 8 1.000000
  8 -13.455972 -32.081623 59.039490 0.657258 0.213328 0.722843 0.123030 0.923017 1 8 1.000000
v_immolator_sheet
  8 -13.469309 -35.362087 58.856819 0.231214 0.140725 0.962671 0.026685 0.921065 1 8 1.000000
  8 -12.905514 -35.364182 58.579113 -0.334618 0.138620 0.932102 0.028219 0.901170 1 8 1.000000
  8 -13.455972 -32.081623 59.039490 0.657258 0.213328 0.722843 0.123030 0.923017 1 8 1.000000
v_immolator_sheet
  8 -13.545476 -32.001717 59.050632 0.243208 0.488216 0.838149 0.125754 0.925610 1 8 1.000000
  8 -13.398666 -31.300030 57.860142 0.182658 0.236006 0.954430 0.165152 0.921882 1 8 1.000000
  8 -13.589695 -31.292500 57.944374 0.195415 0.497648 0.845080 0.163149 0.927484 1 8 1.000000
v_immolator_sheet
  8 -13.545476 -32.001717 59.050632 0.243208 0.488216 0.838149 0.125754 0.925610 1 8 1.000000
  8 -13.589695 -31.292500 57.944374 0.195415 0.497648 0.845080 0.163149 0.927484 1 8 1.000000
  8 -14.061996 -31.292501 57.944111 -0.188578 0.513851 0.836896 0.162934 0.940931 1 8 1.000000
v_immolator_sheet
  8 -14.061996 -31.292501 57.944111 -0.188578 0.513851 0.836896 0.162934 0.940931 1 8 1.000000
  8 -14.084876 -32.001717 59.050446 -0.240951 0.486600 0.839740 0.125507 0.940968 1 8 1.000000
  8 -13.545476 -32.001717 59.050632 0.243208 0.488216 0.838149 0.125754 0.925610 1 8 1.000000
v_immolator_sheet
  8 -14.084876 -32.001717 59.050446 -0.240951 0.486600 0.839740 0.125507 0.940968 1 8 1.000000
  8 -14.061996 -31.292501 57.944111 -0.188578 0.513851 0.836896 0.162934 0.940931 1 8 1.000000
  8 -14.232364 -31.279331 57.856743 -0.123570 0.216256 0.968485 0.165152 0.945927 1 8 1.000000
v_immolator_sheet
  8 -14.165526 -42.186073 58.907532 -0.183021 -0.091984 0.978796 0.862076 0.245775 1 8 1.000000
  8 -14.756053 -42.173943 58.692928 -0.584660 -0.106574 0.804248 0.858341 0.263998 1 8 1.000000
  8 -14.648211 -46.241386 58.285168 -0.626537 -0.197950 0.753835 0.742548 0.238923 1 8 1.000000
v_immolator_sheet
  8 -14.648211 -46.241386 58.285168 -0.626537 -0.197950 0.753835 0.742548 0.238923 1 8 1.000000
  8 -13.813318 -46.239178 58.593754 -0.007019 -0.153085 0.988188 0.747784 0.214036 1 8 1.000000
  8 -14.165526 -42.186073 58.907532 -0.183021 -0.091984 0.978796 0.862076 0.245775 1 8 1.000000
v_immolator_sheet
  8 -13.463528 -42.185871 58.908276 0.227918 -0.094854 0.969049 0.865899 0.225461 1 8 1.000000
  8 -14.165526 -42.186073 58.907532 -0.183021 -0.091984 0.978796 0.862076 0.245775 1 8 1.000000
  8 -13.813318 -46.239178 58.593754 -0.007019 -0.153085 0.988188 0.747784 0.214036 1 8 1.000000
v_immolator_sheet
  8 -12.922639 -42.186760 58.650364 -0.262282 -0.092992 0.960500 0.868363 0.207984 1 8 1.000000
  8 -13.463528 -42.185871 58.908276 0.227918 -0.094854 0.969049 0.865899 0.225461 1 8 1.000000
  8 -13.813318 -46.239178 58.593754 -0.007019 -0.153085 0.988188 0.747784 0.214036 1 8 1.000000
v_immolator_sheet
  8 -13.813318 -46.239178 58.593754 -0.007019 -0.153085 0.988188 0.747784 0.214036 1 8 1.000000
  8 -12.978212 -46.241386 58.285744 0.644715 -0.186929 0.741215 0.750511 0.188438 1 8 1.000000
  8 -12.922639 -42.186760 58.650364 -0.262282 -0.092992 0.960500 0.868363 0.207984 1 8 1.000000
v_immolator_sheet
  8 -12.978212 -46.241386 58.285744 0.644715 -0.186929 0.741215 0.750511 0.188438 1 8 1.000000
  8 -12.731418 -42.142380 58.882011 0.176367 -0.152074 0.972506 0.871773 0.199689 1 8 1.000000
  8 -12.922639 -42.186760 58.650364 -0.262282 -0.092992 0.960500 0.868363 0.207984 1 8 1.000000
v_immolator_sheet
  8 -11.997086 -42.151314 57.627674 0.902827 -0.118385 0.413386 0.871672 0.156819 1 8 1.000000
  8 -12.731418 -42.142380 58.882011 0.176367 -0.152074 0.972506 0.871773 0.199689 1 8 1.000000
  8 -12.978212 -46.241386 58.285744 0.644715 -0.186929 0.741215 0.750511 0.188438 1 8 1.000000
v_immolator_sheet
  8 -12.978212 -46.241386 58.285744 0.644715 -0.186929 0.741215 0.750511 0.188438 1 8 1.000000
  8 -12.265971 -46.258427 57.008297 0.698004 -0.147438 0.700751 0.746871 0.144327 1 8 1.000000
  8 -11.997086 -42.151314 57.627674 0.902827 -0.118385 0.413386 0.871672 0.156819 1 8 1.000000
v_immolator_sheet
  8 -11.657733 -42.134563 56.606182 0.697176 -0.072757 0.713198 0.871773 0.125802 1 8 1.000000
  8 -11.997086 -42.151314 57.627674 0.902827 -0.118385 0.413386 0.871672 0.156819 1 8 1.000000
  8 -12.265971 -46.258427 57.008297 0.698004 -0.147438 0.700751 0.746871 0.144327 1 8 1.000000
v_immolator_sheet
  8 -13.813238 -47.476658 58.363380 -0.031220 -0.216928 0.975688 0.711907 0.208467 1 8 1.000000
  8 -12.978212 -46.241386 58.285744 0.644715 -0.186929 0.741215 0.750511 0.188438 1 8 1.000000
  8 -13.813318 -46.239178 58.593754 -0.007019 -0.153085 0.988188 0.747784 0.214036 1 8 1.000000
v_immolator_sheet
  8 -13.813318 -46.239178 58.593754 -0.007019 -0.153085 0.988188 0.747784 0.214036 1 8 1.000000
  8 -14.327941 -47.478756 58.081306 -0.669226 -0.253127 0.698615 0.707724 0.225239 1 8 1.000000
  8 -13.813238 -47.476658 58.363380 -0.031220 -0.216928 0.975688 0.711907 0.208467 1 8 1.000000
v_immolator_sheet
  8 -14.327941 -47.478756 58.081306 -0.669226 -0.253127 0.698615 0.707724 0.225239 1 8 1.000000
  8 -13.813318 -46.239178 58.593754 -0.007019 -0.153085 0.988188 0.747784 0.214036 1 8 1.000000
  8 -14.648211 -46.241386 58.285168 -0.626537 -0.197950 0.753835 0.742548 0.238923 1 8 1.000000
v_immolator_sheet
  8 -14.327941 -47.478756 58.081306 -0.669226 -0.253127 0.698615 0.707724 0.225239 1 8 1.000000
  8 -14.648211 -46.241386 58.285168 -0.626537 -0.197950 0.753835 0.742548 0.238923 1 8 1.000000
  8 -14.705676 -47.478123 57.311977 -0.823618 -0.326585 0.463676 0.697892 0.248812 1 8 1.000000
v_immolator_sheet
  8 -14.705676 -47.478123 57.311977 -0.823618 -0.326585 0.463676 0.697892 0.248812 1 8 1.000000
  8 -14.648211 -46.241386 58.285168 -0.626537 -0.197950 0.753835 0.742548 0.238923 1 8 1.000000
  8 -15.258091 -46.254406 57.357262 -0.808154 -0.219801 0.546419 0.732125 0.269446 1 8 1.000000
v_immolator_sheet
  8 -15.258091 -46.254406 57.357262 -0.808154 -0.219801 0.546419 0.732125 0.269446 1 8 1.000000
  8 -14.648211 -46.241386 58.285168 -0.626537 -0.197950 0.753835 0.742548 0.238923 1 8 1.000000
  8 -14.756053 -42.173943 58.692928 -0.584660 -0.106574 0.804248 0.858341 0.263998 1 8 1.000000
v_immolator_sheet
  8 -14.756053 -42.173943 58.692928 -0.584660 -0.106574 0.804248 0.858341 0.263998 1 8 1.000000
  8 -15.633273 -42.151421 57.596218 -0.777498 -0.107182 0.619684 0.847782 0.303666 1 8 1.000000
  8 -15.258091 -46.254406 57.357262 -0.808154 -0.219801 0.546419 0.732125 0.269446 1 8 1.000000
v_immolator_sheet
  8 -13.296984 -47.505417 54.436172 0.855003 -0.377129 -0.356009 0.701314 0.047869 1 8 1.000000
  8 -12.976698 -46.273602 53.900459 0.810562 -0.311358 -0.496030 0.739973 0.036353 1 8 1.000000
  8 -12.895612 -47.491688 55.385506 0.701892 -0.383450 -0.600261 0.702264 0.077964 1 8 1.000000
v_immolator_sheet
  8 -12.895612 -47.491688 55.385506 0.701892 -0.383450 -0.600261 0.702264 0.077964 1 8 1.000000
  8 -12.976698 -46.273602 53.900459 0.810562 -0.311358 -0.496030 0.739973 0.036353 1 8 1.000000
  8 -12.366818 -46.272980 54.828369 0.820300 -0.342672 -0.457913 0.743569 0.069064 1 8 1.000000
v_immolator_sheet
  8 -12.366818 -46.272980 54.828369 0.820300 -0.342672 -0.457913 0.743569 0.069064 1 8 1.000000
  8 -12.976698 -46.273602 53.900459 0.810562 -0.311358 -0.496030 0.739973 0.036353 1 8 1.000000
  8 -12.727759 -42.184738 52.918434 0.848452 -0.160681 -0.504292 0.859317 0.000368 1 8 1.000000
v_immolator_sheet
  8 -12.727759 -42.184738 52.918434 0.848452 -0.160681 -0.504292 0.859317 0.000368 1 8 1.000000
  8 -11.995693 -42.176003 54.174286 0.924936 -0.118841 -0.361069 0.864826 0.043140 1 8 1.000000
  8 -12.366818 -46.272980 54.828369 0.820300 -0.342672 -0.457913 0.743569 0.069064 1 8 1.000000
v_immolator_sheet
  8 -12.021171 -46.269226 55.556686 0.857895 -0.215222 -0.466578 0.744945 0.093650 1 8 1.000000
  8 -12.366818 -46.272980 54.828369 0.820300 -0.342672 -0.457913 0.743569 0.069064 1 8 1.000000
  8 -11.995693 -42.176003 54.174286 0.924936 -0.118841 -0.361069 0.864826 0.043140 1 8 1.000000
v_immolator_sheet
  8 -11.995693 -42.176003 54.174286 0.924936 -0.118841 -0.361069 0.864826 0.043140 1 8 1.000000
  8 -11.738530 -42.140766 55.732258 0.723460 -0.020174 -0.690072 0.869897 0.088291 1 8 1.000000
  8 -12.021171 -46.269226 55.556686 0.857895 -0.215222 -0.466578 0.744945 0.093650 1 8 1.000000
v_immolator_sheet
  8 -12.021171 -46.269226 55.556686 0.857895 -0.215222 -0.466578 0.744945 0.093650 1 8 1.000000
  8 -11.738530 -42.140766 55.732258 0.723460 -0.020174 -0.690072 0.869897 0.088291 1 8 1.000000
  8 -11.440855 -42.164543 55.805271 0.799596 -0.053622 -0.598140 0.870293 0.097281 1 8 1.000000
v_immolator_sheet
  8 -11.440855 -42.164543 55.805271 0.799596 -0.053622 -0.598140 0.870293 0.097281 1 8 1.000000
  8 -11.869375 -46.267223 55.860939 0.962630 -0.119574 -0.242992 0.746014 0.103973 1 8 1.000000
  8 -12.021171 -46.269226 55.556686 0.857895 -0.215222 -0.466578 0.744945 0.093650 1 8 1.000000
v_immolator_sheet
  8 -11.869375 -46.267223 55.860939 0.962630 -0.119574 -0.242992 0.746014 0.103973 1 8 1.000000
  8 -11.440855 -42.164543 55.805271 0.799596 -0.053622 -0.598140 0.870293 0.097281 1 8 1.000000
  8 -11.441408 -42.159290 56.533566 0.805473 -0.081182 0.587045 0.871373 0.118948 1 8 1.000000
v_immolator_sheet
  8 -11.441408 -42.159290 56.533566 0.805473 -0.081182 0.587045 0.871373 0.118948 1 8 1.000000
  8 -11.869715 -46.262184 56.553837 0.968403 -0.079259 0.236462 0.747223 0.125246 1 8 1.000000
  8 -11.869375 -46.267223 55.860939 0.962630 -0.119574 -0.242992 0.746014 0.103973 1 8 1.000000
v_immolator_sheet
  8 -11.869715 -46.262184 56.553837 0.968403 -0.079259 0.236462 0.747223 0.125246 1 8 1.000000
  8 -11.441408 -42.159290 56.533566 0.805473 -0.081182 0.587045 0.871373 0.118948 1 8 1.000000
  8 -11.657733 -42.134563 56.606182 0.697176 -0.072757 0.713198 0.871773 0.125802 1 8 1.000000
v_immolator_sheet
  8 -11.657733 -42.134563 56.606182 0.697176 -0.072757 0.713198 0.871773 0.125802 1 8 1.000000
  8 -12.021820 -46.259781 56.858086 0.728314 -0.054355 0.683084 0.747223 0.135595 1 8 1.000000
  8 -11.869715 -46.262184 56.553837 0.968403 -0.079259 0.236462 0.747223 0.125246 1 8 1.000000
v_immolator_sheet
  8 -11.657733 -42.134563 56.606182 0.697176 -0.072757 0.713198 0.871773 0.125802 1 8 1.000000
  8 -12.265971 -46.258427 57.008297 0.698004 -0.147438 0.700751 0.746871 0.144327 1 8 1.000000
  8 -12.021820 -46.259781 56.858086 0.728314 -0.054355 0.683084 0.747223 0.135595 1 8 1.000000
v_immolator_sheet
  8 -12.223919 -47.479980 56.856735 0.481531 -0.125587 0.867384 0.710046 0.138418 1 8 1.000000
  8 -12.021820 -46.259781 56.858086 0.728314 -0.054355 0.683084 0.747223 0.135595 1 8 1.000000
  8 -12.265971 -46.258427 57.008297 0.698004 -0.147438 0.700751 0.746871 0.144327 1 8 1.000000
v_immolator_sheet
  8 -12.265971 -46.258427 57.008297 0.698004 -0.147438 0.700751 0.746871 0.144327 1 8 1.000000
  8 -12.873254 -47.479542 56.958710 0.653355 -0.352131 0.670172 0.707630 0.157177 1 8 1.000000
  8 -12.223919 -47.479980 56.856735 0.481531 -0.125587 0.867384 0.710046 0.138418 1 8 1.000000
v_immolator_sheet
  8 -12.873254 -47.479542 56.958710 0.653355 -0.352131 0.670172 0.707630 0.157177 1 8 1.000000
  8 -12.265971 -46.258427 57.008297 0.698004 -0.147438 0.700751 0.746871 0.144327 1 8 1.000000
  8 -13.298244 -47.478756 58.081661 0.679178 -0.323780 0.658699 0.713049 0.191322 1 8 1.000000
v_immolator_sheet
  8 -13.298244 -47.478756 58.081661 0.679178 -0.323780 0.658699 0.713049 0.191322 1 8 1.000000
  8 -12.265971 -46.258427 57.008297 0.698004 -0.147438 0.700751 0.746871 0.144327 1 8 1.000000
  8 -12.978212 -46.241386 58.285744 0.644715 -0.186929 0.741215 0.750511 0.188438 1 8 1.000000
v_immolator_sheet
  8 -13.298244 -47.478756 58.081661 0.679178 -0.323780 0.658699 0.713049 0.191322 1 8 1.000000
  8 -12.978212 -46.241386 58.285744 0.644715 -0.186929 0.741215 0.750511 0.188438 1 8 1.000000
  8 -13.813238 -47.476658 58.363380 -0.031220 -0.216928 0.975688 0.711907 0.208467 1 8 1.000000
v_immolator_sheet
  8 -12.021820 -46.259781 56.858086 0.728314 -0.054355 0.683084 0.747223 0.135595 1 8 1.000000
  8 -12.223919 -47.479980 56.856735 0.481531 -0.125587 0.867384 0.710046 0.138418 1 8 1.000000
  8 -11.970716 -47.481983 56.560722 0.937640 -0.105749 0.331133 0.710345 0.126819 1 8 1.000000
v_immolator_sheet
  8 -11.970716 -47.481983 56.560722 0.937640 -0.105749 0.331133 0.710345 0.126819 1 8 1.000000
  8 -11.869715 -46.262184 56.553837 0.968403 -0.079259 0.236462 0.747223 0.125246 1 8 1.000000
  8 -12.021820 -46.259781 56.858086 0.728314 -0.054355 0.683084 0.747223 0.135595 1 8 1.000000
v_immolator_sheet
  8 -11.869715 -46.262184 56.553837 0.968403 -0.079259 0.236462 0.747223 0.125246 1 8 1.000000
  8 -11.970716 -47.481983 56.560722 0.937640 -0.105749 0.331133 0.710345 0.126819 1 8 1.000000
  8 -11.970215 -47.486286 55.973522 0.937129 -0.108222 -0.331777 0.709460 0.109661 1 8 1.000000
v_immolator_sheet
  8 -11.970215 -47.486286 55.973522 0.937129 -0.108222 -0.331777 0.709460 0.109661 1 8 1.000000
  8 -11.869375 -46.267223 55.860939 0.962630 -0.119574 -0.242992 0.746014 0.103973 1 8 1.000000
  8 -11.869715 -46.262184 56.553837 0.968403 -0.079259 0.236462 0.747223 0.125246 1 8 1.000000
v_immolator_sheet
  8 -11.869375 -46.267223 55.860939 0.962630 -0.119574 -0.242992 0.746014 0.103973 1 8 1.000000
  8 -11.970215 -47.486286 55.973522 0.937129 -0.108222 -0.331777 0.709460 0.109661 1 8 1.000000
  8 -12.219013 -47.488586 55.681641 0.597986 -0.150428 -0.787263 0.707776 0.098472 1 8 1.000000
v_immolator_sheet
  8 -12.219013 -47.488586 55.681641 0.597986 -0.150428 -0.787263 0.707776 0.098472 1 8 1.000000
  8 -12.021171 -46.269226 55.556686 0.857895 -0.215222 -0.466578 0.744945 0.093650 1 8 1.000000
  8 -11.869375 -46.267223 55.860939 0.962630 -0.119574 -0.242992 0.746014 0.103973 1 8 1.000000
v_immolator_sheet
  8 -12.021171 -46.269226 55.556686 0.857895 -0.215222 -0.466578 0.744945 0.093650 1 8 1.000000
  8 -12.219013 -47.488586 55.681641 0.597986 -0.150428 -0.787263 0.707776 0.098472 1 8 1.000000
  8 -12.895612 -47.491688 55.385506 0.701892 -0.383450 -0.600261 0.702264 0.077964 1 8 1.000000
v_immolator_sheet
  8 -12.895612 -47.491688 55.385506 0.701892 -0.383450 -0.600261 0.702264 0.077964 1 8 1.000000
  8 -12.366818 -46.272980 54.828369 0.820300 -0.342672 -0.457913 0.743569 0.069064 1 8 1.000000
  8 -12.021171 -46.269226 55.556686 0.857895 -0.215222 -0.466578 0.744945 0.093650 1 8 1.000000
v_immolator_sheet
  8 -12.165108 -40.133190 59.431217 0.233075 -0.169168 0.957631 0.553021 0.258394 1 8 1.000000
  8 -12.558002 -38.087494 59.417473 -0.072330 -0.010681 0.997323 0.611320 0.280646 1 8 1.000000
  8 -12.866706 -40.292294 59.424931 0.070499 -0.101628 0.992321 0.544176 0.278058 1 8 1.000000
v_immolator_sheet
  8 -12.866706 -40.292294 59.424931 0.070499 -0.101628 0.992321 0.544176 0.278058 1 8 1.000000
  8 -12.395957 -40.955643 59.283821 0.284160 -0.239267 0.928442 0.526855 0.259641 1 8 1.000000
  8 -12.165108 -40.133190 59.431217 0.233075 -0.169168 0.957631 0.553021 0.258394 1 8 1.000000
v_immolator_sheet
  8 -12.395957 -40.955643 59.283821 0.284160 -0.239267 0.928442 0.526855 0.259641 1 8 1.000000
  8 -12.039267 -41.035931 59.023872 0.647047 -0.298940 0.701402 0.525447 0.245904 1 8 1.000000
  8 -12.165108 -40.133190 59.431217 0.233075 -0.169168 0.957631 0.553021 0.258394 1 8 1.000000
v_immolator_sheet
  8 -11.748232 -40.104965 59.213650 0.632490 -0.278187 0.722889 0.555359 0.244538 1 8 1.000000
  8 -12.165108 -40.133190 59.431217 0.233075 -0.169168 0.957631 0.553021 0.258394 1 8 1.000000
  8 -12.039267 -41.035931 59.023872 0.647047 -0.298940 0.701402 0.525447 0.245904 1 8 1.000000
v_immolator_sheet
  8 -12.039267 -41.035931 59.023872 0.647047 -0.298940 0.701402 0.525447 0.245904 1 8 1.000000
  8 -10.984141 -40.197453 58.082050 0.877548 -0.313280 0.362995 0.552287 0.204178 1 8 1.000000
  8 -11.748232 -40.104965 59.213650 0.632490 -0.278187 0.722889 0.555359 0.244538 1 8 1.000000
v_immolator_sheet
  8 -11.032209 -37.657085 52.193756 0.536094 -0.188210 -0.822910 0.611032 0.026634 1 8 1.000000
  8 -11.868179 -40.269119 52.107971 0.796673 -0.298692 -0.525448 0.528700 0.016599 1 8 1.000000
  8 -11.858783 -38.030712 52.118801 0.077610 -0.049287 -0.995765 0.597567 0.003284 1 8 1.000000
v_immolator_sheet
  8 -11.868179 -40.269119 52.107971 0.796673 -0.298692 -0.525448 0.528700 0.016599 1 8 1.000000
  8 -11.032209 -37.657085 52.193756 0.536094 -0.188210 -0.822910 0.611032 0.026634 1 8 1.000000
  8 -10.982512 -40.229988 53.648960 0.879201 -0.346852 -0.326649 0.538859 0.071724 1 8 1.000000
v_immolator_sheet
  8 -11.825721 -42.345978 53.966797 0.880053 -0.354420 -0.316058 0.467134 0.083365 1 8 1.000000
  8 -11.868179 -40.269119 52.107971 0.796673 -0.298692 -0.525448 0.528700 0.016599 1 8 1.000000
  8 -10.982512 -40.229988 53.648960 0.879201 -0.346852 -0.326649 0.538859 0.071724 1 8 1.000000
v_immolator_sheet
  8 -11.825721 -42.345978 53.966797 0.880053 -0.354420 -0.316058 0.467134 0.083365 1 8 1.000000
  8 -10.982512 -40.229988 53.648960 0.879201 -0.346852 -0.326649 0.538859 0.071724 1 8 1.000000
  8 -10.626192 -40.320404 55.909912 0.946314 -0.322986 0.013062 0.543182 0.139976 1 8 1.000000
v_immolator_sheet
  8 -11.481762 -42.381039 55.241234 0.928298 -0.329453 -0.172402 0.472941 0.125314 1 8 1.000000
  8 -11.825721 -42.345978 53.966797 0.880053 -0.354420 -0.316058 0.467134 0.083365 1 8 1.000000
  8 -10.626192 -40.320404 55.909912 0.946314 -0.322986 0.013062 0.543182 0.139976 1 8 1.000000
v_immolator_sheet
  8 -11.418795 -42.403603 56.788059 0.940962 -0.274518 0.198068 0.478407 0.175333 1 8 1.000000
  8 -11.481762 -42.381039 55.241234 0.928298 -0.329453 -0.172402 0.472941 0.125314 1 8 1.000000
  8 -10.626192 -40.320404 55.909912 0.946314 -0.322986 0.013062 0.543182 0.139976 1 8 1.000000
v_immolator_sheet
  8 -11.418795 -42.403603 56.788059 0.940962 -0.274518 0.198068 0.478407 0.175333 1 8 1.000000
  8 -10.626192 -40.320404 55.909912 0.946314 -0.322986 0.013062 0.543182 0.139976 1 8 1.000000
  8 -11.819690 -42.321507 57.928890 0.863877 -0.323961 0.385702 0.482455 0.213748 1 8 1.000000
v_immolator_sheet
  8 -11.819690 -42.321507 57.928890 0.863877 -0.323961 0.385702 0.482455 0.213748 1 8 1.000000
  8 -10.626192 -40.320404 55.909912 0.946314 -0.322986 0.013062 0.543182 0.139976 1 8 1.000000
  8 -10.984141 -40.197453 58.082050 0.877548 -0.313280 0.362995 0.552287 0.204178 1 8 1.000000
v_immolator_sheet
  8 -11.819690 -42.321507 57.928890 0.863877 -0.323961 0.385702 0.482455 0.213748 1 8 1.000000
  8 -10.984141 -40.197453 58.082050 0.877548 -0.313280 0.362995 0.552287 0.204178 1 8 1.000000
  8 -12.377898 -42.315201 58.822296 0.673676 -0.303573 0.673798 0.483288 0.247626 1 8 1.000000
v_immolator_sheet
  8 -12.039267 -41.035931 59.023872 0.647047 -0.298940 0.701402 0.525447 0.245904 1 8 1.000000
  8 -12.377898 -42.315201 58.822296 0.673676 -0.303573 0.673798 0.483288 0.247626 1 8 1.000000
  8 -10.984141 -40.197453 58.082050 0.877548 -0.313280 0.362995 0.552287 0.204178 1 8 1.000000
v_immolator_sheet
  8 -12.039267 -41.035931 59.023872 0.647047 -0.298940 0.701402 0.525447 0.245904 1 8 1.000000
  8 -12.608653 -42.318947 58.983517 0.378748 -0.259020 0.888515 0.482505 0.256557 1 8 1.000000
  8 -12.377898 -42.315201 58.822296 0.673676 -0.303573 0.673798 0.483288 0.247626 1 8 1.000000
v_immolator_sheet
  8 -12.395957 -40.955643 59.283821 0.284160 -0.239267 0.928442 0.526855 0.259641 1 8 1.000000
  8 -12.608653 -42.318947 58.983517 0.378748 -0.259020 0.888515 0.482505 0.256557 1 8 1.000000
  8 -12.039267 -41.035931 59.023872 0.647047 -0.298940 0.701402 0.525447 0.245904 1 8 1.000000
v_immolator_sheet
  8 -12.872374 -42.327225 59.039928 0.053440 -0.234908 0.970547 0.480827 0.264980 1 8 1.000000
  8 -12.608653 -42.318947 58.983517 0.378748 -0.259020 0.888515 0.482505 0.256557 1 8 1.000000
  8 -12.395957 -40.955643 59.283821 0.284160 -0.239267 0.928442 0.526855 0.259641 1 8 1.000000
v_immolator_sheet
  8 -12.872374 -42.327225 59.039928 0.053440 -0.234908 0.970547 0.480827 0.264980 1 8 1.000000
  8 -12.395957 -40.955643 59.283821 0.284160 -0.239267 0.928442 0.526855 0.259641 1 8 1.000000
  8 -12.866706 -40.292294 59.424931 0.070499 -0.101628 0.992321 0.544176 0.278058 1 8 1.000000
v_immolator_sheet
  8 -13.433728 -40.313671 59.491840 -0.001923 -0.109259 0.994011 0.540464 0.294945 1 8 1.000000
  8 -12.872374 -42.327225 59.039928 0.053440 -0.234908 0.970547 0.480827 0.264980 1 8 1.000000
  8 -12.866706 -40.292294 59.424931 0.070499 -0.101628 0.992321 0.544176 0.278058 1 8 1.000000
v_immolator_sheet
  8 -13.433728 -40.313671 59.491840 -0.001923 -0.109259 0.994011 0.540464 0.294945 1 8 1.000000
  8 -12.866706 -40.292294 59.424931 0.070499 -0.101628 0.992321 0.544176 0.278058 1 8 1.000000
  8 -12.558002 -38.087494 59.417473 -0.072330 -0.010681 0.997323 0.611320 0.280646 1 8 1.000000
v_immolator_sheet
  8 -12.558002 -38.087494 59.417473 -0.072330 -0.010681 0.997323 0.611320 0.280646 1 8 1.000000
  8 -13.433146 -38.075150 59.544868 -0.045809 0.014801 0.998840 0.607255 0.306349 1 8 1.000000
  8 -13.433728 -40.313671 59.491840 -0.001923 -0.109259 0.994011 0.540464 0.294945 1 8 1.000000
v_immolator_sheet
  8 -12.558002 -38.087494 59.417473 -0.072330 -0.010681 0.997323 0.611320 0.280646 1 8 1.000000
  8 -12.806965 -35.721931 59.306171 -0.303146 0.306351 0.902359 0.684348 0.297903 1 8 1.000000
  8 -13.433146 -38.075150 59.544868 -0.045809 0.014801 0.998840 0.607255 0.306349 1 8 1.000000
v_immolator_sheet
  8 -12.552300 -42.401398 52.458672 0.852383 -0.338952 -0.398190 0.456065 0.029929 1 8 1.000000
  8 -11.868179 -40.269119 52.107971 0.796673 -0.298692 -0.525448 0.528700 0.016599 1 8 1.000000
  8 -11.825721 -42.345978 53.966797 0.880053 -0.354420 -0.316058 0.467134 0.083365 1 8 1.000000
v_immolator_sheet
  8 -10.982512 -40.229988 53.648960 0.879201 -0.346852 -0.326649 0.538859 0.071724 1 8 1.000000
  8 -10.146291 -37.663807 53.299465 0.892166 -0.217448 -0.395925 0.614179 0.064120 1 8 1.000000
  8 -10.626192 -40.320404 55.909912 0.946314 -0.322986 0.013062 0.543182 0.139976 1 8 1.000000
v_immolator_sheet
  8 -10.982512 -40.229988 53.648960 0.879201 -0.346852 -0.326649 0.538859 0.071724 1 8 1.000000
  8 -11.032209 -37.657085 52.193756 0.536094 -0.188210 -0.822910 0.611032 0.026634 1 8 1.000000
  8 -10.146291 -37.663807 53.299465 0.892166 -0.217448 -0.395925 0.614179 0.064120 1 8 1.000000
v_immolator_sheet
  8 -11.032209 -37.657085 52.193756 0.536094 -0.188210 -0.822910 0.611032 0.026634 1 8 1.000000
  8 -11.023795 -35.897301 51.862251 0.348530 0.309588 -0.884693 0.652413 0.022602 1 8 1.000000
  8 -10.146291 -37.663807 53.299465 0.892166 -0.217448 -0.395925 0.614179 0.064120 1 8 1.000000
v_immolator_sheet
  8 -12.644349 -35.516544 59.262653 -0.246685 0.898754 0.362474 0.692029 0.292817 1 8 1.000000
  8 -12.844160 -35.566738 59.001305 -0.041109 0.997765 0.052676 0.697155 0.302869 1 8 1.000000
  8 -12.817627 -35.562569 59.195812 -0.212412 0.898691 0.383714 0.691295 0.299482 1 8 1.000000
v_immolator_sheet
  8 -12.817627 -35.562569 59.195812 -0.212412 0.898691 0.383714 0.691295 0.299482 1 8 1.000000
  8 -12.595794 -35.563602 59.388588 -0.252821 0.757640 0.601717 0.688722 0.290066 1 8 1.000000
  8 -12.644349 -35.516544 59.262653 -0.246685 0.898754 0.362474 0.692029 0.292817 1 8 1.000000
v_immolator_sheet
  8 -12.595794 -35.563602 59.388588 -0.252821 0.757640 0.601717 0.688722 0.290066 1 8 1.000000
  8 -12.817627 -35.562569 59.195812 -0.212412 0.898691 0.383714 0.691295 0.299482 1 8 1.000000
  8 -12.806965 -35.721931 59.306171 -0.303146 0.306351 0.902359 0.684348 0.297903 1 8 1.000000
v_immolator_sheet
  8 -12.806965 -35.721931 59.306171 -0.303146 0.306351 0.902359 0.684348 0.297903 1 8 1.000000
  8 -12.576234 -35.722961 59.507351 -0.427386 0.277813 0.860326 0.683327 0.288058 1 8 1.000000
  8 -12.595794 -35.563602 59.388588 -0.252821 0.757640 0.601717 0.688722 0.290066 1 8 1.000000
v_immolator_sheet
  8 -12.806965 -35.721931 59.306171 -0.303146 0.306351 0.902359 0.684348 0.297903 1 8 1.000000
  8 -12.558002 -38.087494 59.417473 -0.072330 -0.010681 0.997323 0.611320 0.280646 1 8 1.000000
  8 -12.576234 -35.722961 59.507351 -0.427386 0.277813 0.860326 0.683327 0.288058 1 8 1.000000
v_immolator_sheet
  8 -11.866869 -37.977627 59.609177 -0.005982 -0.075902 0.997097 0.617997 0.259440 1 8 1.000000
  8 -12.576234 -35.722961 59.507351 -0.427386 0.277813 0.860326 0.683327 0.288058 1 8 1.000000
  8 -12.558002 -38.087494 59.417473 -0.072330 -0.010681 0.997323 0.611320 0.280646 1 8 1.000000
v_immolator_sheet
  8 -12.558002 -38.087494 59.417473 -0.072330 -0.010681 0.997323 0.611320 0.280646 1 8 1.000000
  8 -12.165108 -40.133190 59.431217 0.233075 -0.169168 0.957631 0.553021 0.258394 1 8 1.000000
  8 -11.866869 -37.977627 59.609177 -0.005982 -0.075902 0.997097 0.617997 0.259440 1 8 1.000000
v_immolator_sheet
  8 -11.866869 -37.977627 59.609177 -0.005982 -0.075902 0.997097 0.617997 0.259440 1 8 1.000000
  8 -12.165108 -40.133190 59.431217 0.233075 -0.169168 0.957631 0.553021 0.258394 1 8 1.000000
  8 -11.252929 -37.633568 59.493267 0.538879 -0.137398 0.831102 0.630513 0.241826 1 8 1.000000
v_immolator_sheet
  8 -12.165108 -40.133190 59.431217 0.233075 -0.169168 0.957631 0.553021 0.258394 1 8 1.000000
  8 -11.748232 -40.104965 59.213650 0.632490 -0.278187 0.722889 0.555359 0.244538 1 8 1.000000
  8 -11.252929 -37.633568 59.493267 0.538879 -0.137398 0.831102 0.630513 0.241826 1 8 1.000000
v_immolator_sheet
  8 -11.748232 -40.104965 59.213650 0.632490 -0.278187 0.722889 0.555359 0.244538 1 8 1.000000
  8 -10.287330 -37.583168 58.339386 0.894559 -0.166393 0.414822 0.629597 0.199269 1 8 1.000000
  8 -11.252929 -37.633568 59.493267 0.538879 -0.137398 0.831102 0.630513 0.241826 1 8 1.000000
v_immolator_sheet
  8 -10.984141 -40.197453 58.082050 0.877548 -0.313280 0.362995 0.552287 0.204178 1 8 1.000000
  8 -10.287330 -37.583168 58.339386 0.894559 -0.166393 0.414822 0.629597 0.199269 1 8 1.000000
  8 -11.748232 -40.104965 59.213650 0.632490 -0.278187 0.722889 0.555359 0.244538 1 8 1.000000
v_immolator_sheet
  8 -10.984141 -40.197453 58.082050 0.877548 -0.313280 0.362995 0.552287 0.204178 1 8 1.000000
  8 -9.981278 -37.596619 56.450195 0.965290 -0.201243 0.166481 0.624016 0.148120 1 8 1.000000
  8 -10.287330 -37.583168 58.339386 0.894559 -0.166393 0.414822 0.629597 0.199269 1 8 1.000000
v_immolator_sheet
  8 -10.626192 -40.320404 55.909912 0.946314 -0.322986 0.013062 0.543182 0.139976 1 8 1.000000
  8 -9.981278 -37.596619 56.450195 0.965290 -0.201243 0.166481 0.624016 0.148120 1 8 1.000000
  8 -10.984141 -40.197453 58.082050 0.877548 -0.313280 0.362995 0.552287 0.204178 1 8 1.000000
v_immolator_sheet
  8 -9.981278 -37.596619 56.450195 0.965290 -0.201243 0.166481 0.624016 0.148120 1 8 1.000000
  8 -10.626192 -40.320404 55.909912 0.946314 -0.322986 0.013062 0.543182 0.139976 1 8 1.000000
  8 -9.790290 -37.646309 55.323578 0.981203 -0.192182 -0.017488 0.620712 0.117571 1 8 1.000000
v_immolator_sheet
  8 -10.626192 -40.320404 55.909912 0.946314 -0.322986 0.013062 0.543182 0.139976 1 8 1.000000
  8 -10.146291 -37.663807 53.299465 0.892166 -0.217448 -0.395925 0.614179 0.064120 1 8 1.000000
  8 -9.790290 -37.646309 55.323578 0.981203 -0.192182 -0.017488 0.620712 0.117571 1 8 1.000000
v_immolator_sheet
  8 -10.146291 -37.663807 53.299465 0.892166 -0.217448 -0.395925 0.614179 0.064120 1 8 1.000000
  8 -10.023927 -35.894169 53.112797 0.864172 0.300915 -0.403307 0.656915 0.057857 1 8 1.000000
  8 -9.790290 -37.646309 55.323578 0.981203 -0.192182 -0.017488 0.620712 0.117571 1 8 1.000000
v_immolator_sheet
  8 -10.146291 -37.663807 53.299465 0.892166 -0.217448 -0.395925 0.614179 0.064120 1 8 1.000000
  8 -11.023795 -35.897301 51.862251 0.348530 0.309588 -0.884693 0.652413 0.022602 1 8 1.000000
  8 -10.023927 -35.894169 53.112797 0.864172 0.300915 -0.403307 0.656915 0.057857 1 8 1.000000
v_immolator_sheet
  8 -10.023927 -35.894169 53.112797 0.864172 0.300915 -0.403307 0.656915 0.057857 1 8 1.000000
  8 -11.023795 -35.897301 51.862251 0.348530 0.309588 -0.884693 0.652413 0.022602 1 8 1.000000
  8 -11.103052 -35.731346 52.025864 0.213541 0.762881 -0.610256 0.658165 0.022786 1 8 1.000000
v_immolator_sheet
  8 -9.981278 -37.596619 56.450195 0.965290 -0.201243 0.166481 0.624016 0.148120 1 8 1.000000
  8 -9.735788 -35.862106 56.478180 0.954996 0.273662 0.114415 0.671175 0.143488 1 8 1.000000
  8 -10.287330 -37.583168 58.339386 0.894559 -0.166393 0.414822 0.629597 0.199269 1 8 1.000000
v_immolator_sheet
  8 -9.790290 -37.646309 55.323578 0.981203 -0.192182 -0.017488 0.620712 0.117571 1 8 1.000000
  8 -9.735788 -35.862106 56.478180 0.954996 0.273662 0.114415 0.671175 0.143488 1 8 1.000000
  8 -9.981278 -37.596619 56.450195 0.965290 -0.201243 0.166481 0.624016 0.148120 1 8 1.000000
v_immolator_sheet
  8 -9.735788 -35.862106 56.478180 0.954996 0.273662 0.114415 0.671175 0.143488 1 8 1.000000
  8 -9.790290 -37.646309 55.323578 0.981203 -0.192182 -0.017488 0.620712 0.117571 1 8 1.000000
  8 -9.715983 -35.880512 55.307796 0.951184 0.301832 -0.064395 0.667722 0.112439 1 8 1.000000
v_immolator_sheet
  8 -9.790290 -37.646309 55.323578 0.981203 -0.192182 -0.017488 0.620712 0.117571 1 8 1.000000
  8 -10.023927 -35.894169 53.112797 0.864172 0.300915 -0.403307 0.656915 0.057857 1 8 1.000000
  8 -9.715983 -35.880512 55.307796 0.951184 0.301832 -0.064395 0.667722 0.112439 1 8 1.000000
v_immolator_sheet
  8 -11.103052 -35.731346 52.025864 0.213541 0.762881 -0.610256 0.658165 0.022786 1 8 1.000000
  8 -10.136968 -35.728230 53.233997 0.558254 0.801734 -0.213481 0.662441 0.058550 1 8 1.000000
  8 -10.023927 -35.894169 53.112797 0.864172 0.300915 -0.403307 0.656915 0.057857 1 8 1.000000
v_immolator_sheet
  8 -9.715983 -35.880512 55.307796 0.951184 0.301832 -0.064395 0.667722 0.112439 1 8 1.000000
  8 -10.023927 -35.894169 53.112797 0.864172 0.300915 -0.403307 0.656915 0.057857 1 8 1.000000
  8 -10.136968 -35.728230 53.233997 0.558254 0.801734 -0.213481 0.662441 0.058550 1 8 1.000000
v_immolator_sheet
  8 -10.136968 -35.728230 53.233997 0.558254 0.801734 -0.213481 0.662441 0.058550 1 8 1.000000
  8 -9.843699 -35.715096 55.351192 0.618892 0.784213 -0.044527 0.673488 0.112572 1 8 1.000000
  8 -9.715983 -35.880512 55.307796 0.951184 0.301832 -0.064395 0.667722 0.112439 1 8 1.000000
v_immolator_sheet
  8 -9.735788 -35.862106 56.478180 0.954996 0.273662 0.114415 0.671175 0.143488 1 8 1.000000
  8 -9.715983 -35.880512 55.307796 0.951184 0.301832 -0.064395 0.667722 0.112439 1 8 1.000000
  8 -9.843699 -35.715096 55.351192 0.618892 0.784213 -0.044527 0.673488 0.112572 1 8 1.000000
v_immolator_sheet
  8 -9.843699 -35.715096 55.351192 0.618892 0.784213 -0.044527 0.673488 0.112572 1 8 1.000000
  8 -9.864587 -35.697411 56.476582 0.592447 0.802758 0.067724 0.676976 0.143352 1 8 1.000000
  8 -9.735788 -35.862106 56.478180 0.954996 0.273662 0.114415 0.671175 0.143488 1 8 1.000000
v_immolator_sheet
  8 -10.128007 -35.850990 58.271244 0.870709 0.274397 0.408132 0.675171 0.192438 1 8 1.000000
  8 -9.735788 -35.862106 56.478180 0.954996 0.273662 0.114415 0.671175 0.143488 1 8 1.000000
  8 -9.864587 -35.697411 56.476582 0.592447 0.802758 0.067724 0.676976 0.143352 1 8 1.000000
v_immolator_sheet
  8 -10.287330 -37.583168 58.339386 0.894559 -0.166393 0.414822 0.629597 0.199269 1 8 1.000000
  8 -9.735788 -35.862106 56.478180 0.954996 0.273662 0.114415 0.671175 0.143488 1 8 1.000000
  8 -10.128007 -35.850990 58.271244 0.870709 0.274397 0.408132 0.675171 0.192438 1 8 1.000000
v_immolator_sheet
  8 -10.287330 -37.583168 58.339386 0.894559 -0.166393 0.414822 0.629597 0.199269 1 8 1.000000
  8 -10.128007 -35.850990 58.271244 0.870709 0.274397 0.408132 0.675171 0.192438 1 8 1.000000
  8 -11.252929 -37.633568 59.493267 0.538879 -0.137398 0.831102 0.630513 0.241826 1 8 1.000000
v_immolator_sheet
  8 -12.576234 -35.722961 59.507351 -0.427386 0.277813 0.860326 0.683327 0.288058 1 8 1.000000
  8 -11.866869 -37.977627 59.609177 -0.005982 -0.075902 0.997097 0.617997 0.259440 1 8 1.000000
  8 -11.866924 -35.843571 59.770336 -0.116978 0.340374 0.932985 0.681507 0.265682 1 8 1.000000
v_immolator_sheet
  8 -11.252929 -37.633568 59.493267 0.538879 -0.137398 0.831102 0.630513 0.241826 1 8 1.000000
  8 -11.866924 -35.843571 59.770336 -0.116978 0.340374 0.932985 0.681507 0.265682 1 8 1.000000
  8 -11.866869 -37.977627 59.609177 -0.005982 -0.075902 0.997097 0.617997 0.259440 1 8 1.000000
v_immolator_sheet
  8 -11.866924 -35.843571 59.770336 -0.116978 0.340374 0.932985 0.681507 0.265682 1 8 1.000000
  8 -11.252929 -37.633568 59.493267 0.538879 -0.137398 0.831102 0.630513 0.241826 1 8 1.000000
  8 -11.202226 -36.010372 59.775028 0.450457 0.124761 0.884038 0.680811 0.245217 1 8 1.000000
v_immolator_sheet
  8 -11.252929 -37.633568 59.493267 0.538879 -0.137398 0.831102 0.630513 0.241826 1 8 1.000000
  8 -10.128007 -35.850990 58.271244 0.870709 0.274397 0.408132 0.675171 0.192438 1 8 1.000000
  8 -11.202226 -36.010372 59.775028 0.450457 0.124761 0.884038 0.680811 0.245217 1 8 1.000000
v_immolator_sheet
  8 -11.202226 -36.010372 59.775028 0.450457 0.124761 0.884038 0.680811 0.245217 1 8 1.000000
  8 -10.128007 -35.850990 58.271244 0.870709 0.274397 0.408132 0.675171 0.192438 1 8 1.000000
  8 -10.230783 -35.686710 58.200748 0.586369 0.768325 0.256607 0.680691 0.191120 1 8 1.000000
v_immolator_sheet
  8 -9.864587 -35.697411 56.476582 0.592447 0.802758 0.067724 0.676976 0.143352 1 8 1.000000
  8 -10.230783 -35.686710 58.200748 0.586369 0.768325 0.256607 0.680691 0.191120 1 8 1.000000
  8 -10.128007 -35.850990 58.271244 0.870709 0.274397 0.408132 0.675171 0.192438 1 8 1.000000
v_immolator_sheet
  8 -10.230783 -35.686710 58.200748 0.586369 0.768325 0.256607 0.680691 0.191120 1 8 1.000000
  8 -9.864587 -35.697411 56.476582 0.592447 0.802758 0.067724 0.676976 0.143352 1 8 1.000000
  8 -10.289787 -35.552811 56.474583 0.325088 0.944623 0.044772 0.689818 0.143523 1 8 1.000000
v_immolator_sheet
  8 -10.166136 -35.568760 55.460732 0.393578 0.918936 -0.025545 0.683796 0.113642 1 8 1.000000
  8 -10.289787 -35.552811 56.474583 0.325088 0.944623 0.044772 0.689818 0.143523 1 8 1.000000
  8 -9.864587 -35.697411 56.476582 0.592447 0.802758 0.067724 0.676976 0.143352 1 8 1.000000
v_immolator_sheet
  8 -9.864587 -35.697411 56.476582 0.592447 0.802758 0.067724 0.676976 0.143352 1 8 1.000000
  8 -9.843699 -35.715096 55.351192 0.618892 0.784213 -0.044527 0.673488 0.112572 1 8 1.000000
  8 -10.166136 -35.568760 55.460732 0.393578 0.918936 -0.025545 0.683796 0.113642 1 8 1.000000
v_immolator_sheet
  8 -10.439973 -35.580826 53.536243 0.352218 0.930427 -0.101231 0.673414 0.061142 1 8 1.000000
  8 -10.166136 -35.568760 55.460732 0.393578 0.918936 -0.025545 0.683796 0.113642 1 8 1.000000
  8 -9.843699 -35.715096 55.351192 0.618892 0.784213 -0.044527 0.673488 0.112572 1 8 1.000000
v_immolator_sheet
  8 -9.843699 -35.715096 55.351192 0.618892 0.784213 -0.044527 0.673488 0.112572 1 8 1.000000
  8 -10.136968 -35.728230 53.233997 0.558254 0.801734 -0.213481 0.662441 0.058550 1 8 1.000000
  8 -10.439973 -35.580826 53.536243 0.352218 0.930427 -0.101231 0.673414 0.061142 1 8 1.000000
v_immolator_sheet
  8 -11.205412 -35.585388 52.198982 0.156351 0.815696 -0.556951 0.664363 0.022608 1 8 1.000000
  8 -10.439973 -35.580826 53.536243 0.352218 0.930427 -0.101231 0.673414 0.061142 1 8 1.000000
  8 -10.136968 -35.728230 53.233997 0.558254 0.801734 -0.213481 0.662441 0.058550 1 8 1.000000
v_immolator_sheet
  8 -10.136968 -35.728230 53.233997 0.558254 0.801734 -0.213481 0.662441 0.058550 1 8 1.000000
  8 -11.103052 -35.731346 52.025864 0.213541 0.762881 -0.610256 0.658165 0.022786 1 8 1.000000
  8 -11.205412 -35.585388 52.198982 0.156351 0.815696 -0.556951 0.664363 0.022608 1 8 1.000000
v_immolator_sheet
  8 -11.911206 -35.730892 52.185287 -0.136453 0.717822 -0.682724 0.666255 0.002013 1 8 1.000000
  8 -11.205412 -35.585388 52.198982 0.156351 0.815696 -0.556951 0.664363 0.022608 1 8 1.000000
  8 -11.103052 -35.731346 52.025864 0.213541 0.762881 -0.610256 0.658165 0.022786 1 8 1.000000
v_immolator_sheet
  8 -11.911206 -35.730892 52.185287 -0.136453 0.717822 -0.682724 0.666255 0.002013 1 8 1.000000
  8 -11.103052 -35.731346 52.025864 0.213541 0.762881 -0.610256 0.658165 0.022786 1 8 1.000000
  8 -11.023795 -35.897301 51.862251 0.348530 0.309588 -0.884693 0.652413 0.022602 1 8 1.000000
v_immolator_sheet
  8 -11.023795 -35.897301 51.862251 0.348530 0.309588 -0.884693 0.652413 0.022602 1 8 1.000000
  8 -11.864248 -35.896950 52.015259 -0.165019 0.386436 -0.907433 0.658714 0.001848 1 8 1.000000
  8 -11.911206 -35.730892 52.185287 -0.136453 0.717822 -0.682724 0.666255 0.002013 1 8 1.000000
v_immolator_sheet
  8 -11.023795 -35.897301 51.862251 0.348530 0.309588 -0.884693 0.652413 0.022602 1 8 1.000000
  8 -11.858783 -38.030712 52.118801 0.077610 -0.049287 -0.995765 0.597567 0.003284 1 8 1.000000
  8 -11.864248 -35.896950 52.015259 -0.165019 0.386436 -0.907433 0.658714 0.001848 1 8 1.000000
v_immolator_sheet
  8 -11.858783 -38.030712 52.118801 0.077610 -0.049287 -0.995765 0.597567 0.003284 1 8 1.000000
  8 -11.023795 -35.897301 51.862251 0.348530 0.309588 -0.884693 0.652413 0.022602 1 8 1.000000
  8 -11.032209 -37.657085 52.193756 0.536094 -0.188210 -0.822910 0.611032 0.026634 1 8 1.000000
v_immolator_sheet
  8 -11.205412 -35.585388 52.198982 0.156351 0.815696 -0.556951 0.664363 0.022608 1 8 1.000000
  8 -11.911206 -35.730892 52.185287 -0.136453 0.717822 -0.682724 0.666255 0.002013 1 8 1.000000
  8 -12.027471 -35.584724 52.373497 -0.139442 0.738504 -0.659673 0.673683 0.000368 1 8 1.000000
v_immolator_sheet
  8 -10.230783 -35.686710 58.200748 0.586369 0.768325 0.256607 0.680691 0.191120 1 8 1.000000
  8 -11.263585 -35.769012 59.657318 0.376033 0.644270 0.665969 0.688381 0.241962 1 8 1.000000
  8 -11.202226 -36.010372 59.775028 0.450457 0.124761 0.884038 0.680811 0.245217 1 8 1.000000
v_immolator_sheet
  8 -11.263585 -35.769012 59.657318 0.376033 0.644270 0.665969 0.688381 0.241962 1 8 1.000000
  8 -10.230783 -35.686710 58.200748 0.586369 0.768325 0.256607 0.680691 0.191120 1 8 1.000000
  8 -10.591284 -35.541912 58.205578 0.374774 0.903182 0.209300 0.691117 0.194259 1 8 1.000000
v_immolator_sheet
  8 -10.289787 -35.552811 56.474583 0.325088 0.944623 0.044772 0.689818 0.143523 1 8 1.000000
  8 -10.591284 -35.541912 58.205578 0.374774 0.903182 0.209300 0.691117 0.194259 1 8 1.000000
  8 -10.230783 -35.686710 58.200748 0.586369 0.768325 0.256607 0.680691 0.191120 1 8 1.000000
v_immolator_sheet
  8 -10.591284 -35.541912 58.205578 0.374774 0.903182 0.209300 0.691117 0.194259 1 8 1.000000
  8 -11.330918 -35.623177 59.462547 0.313553 0.823161 0.473382 0.694242 0.237338 1 8 1.000000
  8 -11.263585 -35.769012 59.657318 0.376033 0.644270 0.665969 0.688381 0.241962 1 8 1.000000
v_immolator_sheet
  8 -11.866924 -35.843571 59.770336 -0.116978 0.340374 0.932985 0.681507 0.265682 1 8 1.000000
  8 -11.202226 -36.010372 59.775028 0.450457 0.124761 0.884038 0.680811 0.245217 1 8 1.000000
  8 -11.263585 -35.769012 59.657318 0.376033 0.644270 0.665969 0.688857 0.248836 1 8 1.000000
v_immolator_sheet
  8 -11.263585 -35.769012 59.657318 0.376033 0.644270 0.665969 0.688857 0.248836 1 8 1.000000
  8 -11.913759 -35.680038 59.579266 -0.029604 0.849780 0.526306 0.688347 0.268814 1 8 1.000000
  8 -11.866924 -35.843571 59.770336 -0.116978 0.340374 0.932985 0.681507 0.265682 1 8 1.000000
v_immolator_sheet
  8 -12.576234 -35.722961 59.507351 -0.427386 0.277813 0.860326 0.683327 0.288058 1 8 1.000000
  8 -11.866924 -35.843571 59.770336 -0.116978 0.340374 0.932985 0.681507 0.265682 1 8 1.000000
  8 -11.913759 -35.680038 59.579266 -0.029604 0.849780 0.526306 0.688347 0.268814 1 8 1.000000
v_immolator_sheet
  8 -11.913759 -35.680038 59.579266 -0.029604 0.849780 0.526306 0.688347 0.268814 1 8 1.000000
  8 -12.595794 -35.563602 59.388588 -0.252821 0.757640 0.601717 0.688722 0.290066 1 8 1.000000
  8 -12.576234 -35.722961 59.507351 -0.427386 0.277813 0.860326 0.683327 0.288058 1 8 1.000000
v_immolator_sheet
  8 -12.595794 -35.563602 59.388588 -0.252821 0.757640 0.601717 0.688722 0.290066 1 8 1.000000
  8 -11.913759 -35.680038 59.579266 -0.029604 0.849780 0.526306 0.688347 0.268814 1 8 1.000000
  8 -12.029787 -35.611012 59.368801 0.055055 0.956302 0.287150 0.693950 0.273948 1 8 1.000000
v_immolator_sheet
  8 -12.029787 -35.611012 59.368801 0.055055 0.956302 0.287150 0.693950 0.273948 1 8 1.000000
  8 -12.644349 -35.516544 59.262653 -0.246685 0.898754 0.362474 0.692029 0.292817 1 8 1.000000
  8 -12.595794 -35.563602 59.388588 -0.252821 0.757640 0.601717 0.688722 0.290066 1 8 1.000000
v_immolator_sheet
  8 -11.913759 -35.680038 59.579266 -0.029604 0.849780 0.526306 0.688347 0.268814 1 8 1.000000
  8 -11.263585 -35.769012 59.657318 0.376033 0.644270 0.665969 0.688857 0.248836 1 8 1.000000
  8 -11.330918 -35.623177 59.462547 0.313553 0.823161 0.473382 0.695792 0.252418 1 8 1.000000
v_immolator_sheet
  8 -11.330918 -35.623177 59.462547 0.313553 0.823161 0.473382 0.695792 0.252418 1 8 1.000000
  8 -12.029787 -35.611012 59.368801 0.055055 0.956302 0.287150 0.693950 0.273948 1 8 1.000000
  8 -11.913759 -35.680038 59.579266 -0.029604 0.849780 0.526306 0.688347 0.268814 1 8 1.000000
v_immolator_sheet
  8 -13.096509 -41.919491 54.219913 0.776325 -0.279375 0.565039 0.832633 0.525335 1 8 1.000000
  8 -13.778415 -42.063782 54.528328 0.109502 -0.440785 0.890908 0.832998 0.546615 1 8 1.000000
  8 -13.777938 -44.851658 53.147392 0.089147 -0.314868 0.944940 0.738075 0.548245 1 8 1.000000
v_immolator_sheet
  8 -14.406487 -44.812714 52.995262 -0.625966 -0.311792 0.714809 0.739404 0.568367 1 8 1.000000
  8 -13.777938 -44.851658 53.147392 0.089147 -0.314868 0.944940 0.738075 0.548245 1 8 1.000000
  8 -13.778415 -42.063782 54.528328 0.109502 -0.440785 0.890908 0.832998 0.546615 1 8 1.000000
v_immolator_sheet
  8 -13.777938 -44.851658 53.147392 0.089147 -0.314868 0.944940 0.738075 0.548245 1 8 1.000000
  8 -14.406487 -44.812714 52.995262 -0.625966 -0.311792 0.714809 0.739404 0.568367 1 8 1.000000
  8 -13.871311 -47.342690 52.489922 -0.599553 -0.173808 0.781234 0.655935 0.564436 1 8 1.000000
v_immolator_sheet
  8 -13.871311 -47.342690 52.489922 -0.599553 -0.173808 0.781234 0.655935 0.564436 1 8 1.000000
  8 -14.406487 -44.812714 52.995262 -0.625966 -0.311792 0.714809 0.739404 0.568367 1 8 1.000000
  8 -14.210612 -47.348385 51.913502 -0.979304 -0.167429 0.113715 0.654813 0.585390 1 8 1.000000
v_immolator_sheet
  8 -14.210612 -47.348385 51.913502 -0.979304 -0.167429 0.113715 0.654813 0.585390 1 8 1.000000
  8 -14.406487 -44.812714 52.995262 -0.625966 -0.311792 0.714809 0.739404 0.568367 1 8 1.000000
  8 -14.769684 -44.621216 52.408569 -0.989913 -0.123114 0.070102 0.740161 0.589599 1 8 1.000000
v_immolator_sheet
  8 -14.769684 -44.621216 52.408569 -0.989913 -0.123114 0.070102 0.740161 0.589599 1 8 1.000000
  8 -14.406487 -44.812714 52.995262 -0.625966 -0.311792 0.714809 0.739404 0.568367 1 8 1.000000
  8 -14.406965 -42.000431 54.384888 -0.597354 -0.354939 0.719156 0.833374 0.565240 1 8 1.000000
v_immolator_sheet
  8 -14.406965 -42.000431 54.384888 -0.597354 -0.354939 0.719156 0.833374 0.565240 1 8 1.000000
  8 -14.770175 -41.725521 53.832272 -0.990386 -0.061375 0.123970 0.834253 0.586320 1 8 1.000000
  8 -14.769684 -44.621216 52.408569 -0.989913 -0.123114 0.070102 0.740161 0.589599 1 8 1.000000
v_immolator_sheet
  8 -13.778415 -42.063782 54.528328 0.109502 -0.440785 0.890908 0.832998 0.546615 1 8 1.000000
  8 -14.406965 -42.000431 54.384888 -0.597354 -0.354939 0.719156 0.833374 0.565240 1 8 1.000000
  8 -14.406487 -44.812714 52.995262 -0.625966 -0.311792 0.714809 0.739404 0.568367 1 8 1.000000
v_immolator_sheet
  8 -12.916994 -41.611004 53.598969 0.990261 0.061222 -0.125037 0.833222 0.505450 1 8 1.000000
  8 -13.096509 -41.919491 54.219913 0.776325 -0.279375 0.565039 0.832633 0.525335 1 8 1.000000
  8 -13.096025 -44.755573 52.820595 0.785692 -0.126106 0.605628 0.736120 0.523753 1 8 1.000000
v_immolator_sheet
  8 -13.777938 -44.851658 53.147392 0.089147 -0.314868 0.944940 0.738075 0.548245 1 8 1.000000
  8 -13.096025 -44.755573 52.820595 0.785692 -0.126106 0.605628 0.736120 0.523753 1 8 1.000000
  8 -13.096509 -41.919491 54.219913 0.776325 -0.279375 0.565039 0.832633 0.525335 1 8 1.000000
v_immolator_sheet
  8 -13.096025 -44.755573 52.820595 0.785692 -0.126106 0.605628 0.736120 0.523753 1 8 1.000000
  8 -13.777938 -44.851658 53.147392 0.089147 -0.314868 0.944940 0.738075 0.548245 1 8 1.000000
  8 -13.247470 -47.334232 52.659931 0.139351 -0.074772 0.987416 0.654279 0.544197 1 8 1.000000
v_immolator_sheet
  8 -13.871311 -47.342690 52.489922 -0.599553 -0.173808 0.781234 0.655935 0.564436 1 8 1.000000
  8 -13.247470 -47.334232 52.659931 0.139351 -0.074772 0.987416 0.654279 0.544197 1 8 1.000000
  8 -13.777938 -44.851658 53.147392 0.089147 -0.314868 0.944940 0.738075 0.548245 1 8 1.000000
v_immolator_sheet
  8 -13.247470 -47.334232 52.659931 0.139351 -0.074772 0.987416 0.654279 0.544197 1 8 1.000000
  8 -13.871311 -47.342690 52.489922 -0.599553 -0.173808 0.781234 0.655935 0.564436 1 8 1.000000
  8 -13.505520 -50.653980 52.514286 -0.617193 -0.022707 0.786484 0.553803 0.562533 1 8 1.000000
v_immolator_sheet
  8 -13.505520 -50.653980 52.514286 -0.617193 -0.022707 0.786484 0.553803 0.562533 1 8 1.000000
  8 -13.871311 -47.342690 52.489922 -0.599553 -0.173808 0.781234 0.655935 0.564436 1 8 1.000000
  8 -13.844820 -50.658180 51.937874 -0.983610 -0.138802 0.115088 0.555326 0.581815 1 8 1.000000
v_immolator_sheet
  8 -13.844820 -50.658180 51.937874 -0.983610 -0.138802 0.115088 0.555326 0.581815 1 8 1.000000
  8 -13.871311 -47.342690 52.489922 -0.599553 -0.173808 0.781234 0.655935 0.564436 1 8 1.000000
  8 -14.210612 -47.348385 51.913502 -0.979304 -0.167429 0.113715 0.654813 0.585390 1 8 1.000000
v_immolator_sheet
  8 -13.844820 -50.658180 51.937874 -0.983610 -0.138802 0.115088 0.555326 0.581815 1 8 1.000000
  8 -14.210612 -47.348385 51.913502 -0.979304 -0.167429 0.113715 0.654813 0.585390 1 8 1.000000
  8 -13.677097 -50.662903 51.290333 -0.769906 -0.197825 -0.606720 0.554974 0.600855 1 8 1.000000
v_immolator_sheet
  8 -13.677097 -50.662903 51.290333 -0.769906 -0.197825 -0.606720 0.554974 0.600855 1 8 1.000000
  8 -14.210612 -47.348385 51.913502 -0.979304 -0.167429 0.113715 0.654813 0.585390 1 8 1.000000
  8 -14.042889 -47.353111 51.265965 -0.781620 -0.065890 -0.620265 0.651137 0.605598 1 8 1.000000
v_immolator_sheet
  8 -14.210612 -47.348385 51.913502 -0.979304 -0.167429 0.113715 0.654813 0.585390 1 8 1.000000
  8 -14.769684 -44.621216 52.408569 -0.989913 -0.123114 0.070102 0.740161 0.589599 1 8 1.000000
  8 -14.042889 -47.353111 51.265965 -0.781620 -0.065890 -0.620265 0.651137 0.605598 1 8 1.000000
v_immolator_sheet
  8 -14.042889 -47.353111 51.265965 -0.781620 -0.065890 -0.620265 0.651137 0.605598 1 8 1.000000
  8 -14.769684 -44.621216 52.408569 -0.989913 -0.123114 0.070102 0.740161 0.589599 1 8 1.000000
  8 -14.590156 -44.406044 51.749458 -0.787770 0.122292 -0.603707 0.739578 0.610249 1 8 1.000000
v_immolator_sheet
  8 -14.590156 -44.406044 51.749458 -0.787770 0.122292 -0.603707 0.739578 0.610249 1 8 1.000000
  8 -14.769684 -44.621216 52.408569 -0.989913 -0.123114 0.070102 0.740161 0.589599 1 8 1.000000
  8 -14.770175 -41.725521 53.832272 -0.990386 -0.061375 0.123970 0.834253 0.586320 1 8 1.000000
v_immolator_sheet
  8 -14.770175 -41.725521 53.832272 -0.990386 -0.061375 0.123970 0.834253 0.586320 1 8 1.000000
  8 -14.590660 -41.420734 53.209625 -0.798253 0.264142 -0.541314 0.834913 0.607737 1 8 1.000000
  8 -14.590156 -44.406044 51.749458 -0.787770 0.122292 -0.603707 0.739578 0.610249 1 8 1.000000
v_immolator_sheet
  8 -13.062168 -53.870033 52.075653 -0.446980 -0.549463 -0.705903 0.460260 0.587078 1 8 1.000000
  8 -13.329997 -53.858402 52.447056 -0.873487 -0.444449 -0.198710 0.461233 0.573963 1 8 1.000000
  8 -13.844820 -50.658180 51.937874 -0.983610 -0.138802 0.115088 0.555326 0.581815 1 8 1.000000
v_immolator_sheet
  8 -13.844820 -50.658180 51.937874 -0.983610 -0.138802 0.115088 0.555326 0.581815 1 8 1.000000
  8 -13.677097 -50.662903 51.290333 -0.769906 -0.197825 -0.606720 0.554974 0.600855 1 8 1.000000
  8 -13.062168 -53.870033 52.075653 -0.446980 -0.549463 -0.705903 0.460260 0.587078 1 8 1.000000
v_immolator_sheet
  8 -12.610543 -53.885456 52.002613 0.188944 -0.561856 -0.805368 0.456065 0.599752 1 8 1.000000
  8 -13.062168 -53.870033 52.075653 -0.446980 -0.549463 -0.705903 0.460260 0.587078 1 8 1.000000
  8 -13.677097 -50.662903 51.290333 -0.769906 -0.197825 -0.606720 0.554974 0.600855 1 8 1.000000
v_immolator_sheet
  8 -13.677097 -50.662903 51.290333 -0.769906 -0.197825 -0.606720 0.554974 0.600855 1 8 1.000000
  8 -13.100679 -50.665417 50.951031 -0.126683 -0.178870 -0.975683 0.551934 0.619751 1 8 1.000000
  8 -12.610543 -53.885456 52.002613 0.188944 -0.561856 -0.805368 0.456065 0.599752 1 8 1.000000
v_immolator_sheet
  8 -13.677097 -50.662903 51.290333 -0.769906 -0.197825 -0.606720 0.554974 0.600855 1 8 1.000000
  8 -14.042889 -47.353111 51.265965 -0.781620 -0.065890 -0.620265 0.651137 0.605598 1 8 1.000000
  8 -13.100679 -50.665417 50.951031 -0.126683 -0.178870 -0.975683 0.551934 0.619751 1 8 1.000000
v_immolator_sheet
  8 -13.100679 -50.665417 50.951031 -0.126683 -0.178870 -0.975683 0.551934 0.619751 1 8 1.000000
  8 -14.042889 -47.353111 51.265965 -0.781620 -0.065890 -0.620265 0.651137 0.605598 1 8 1.000000
  8 -13.466371 -47.355629 50.926666 -0.130837 0.054661 -0.989896 0.646806 0.624923 1 8 1.000000
v_immolator_sheet
  8 -14.042889 -47.353111 51.265965 -0.781620 -0.065890 -0.620265 0.651137 0.605598 1 8 1.000000
  8 -14.590156 -44.406044 51.749458 -0.787770 0.122292 -0.603707 0.739578 0.610249 1 8 1.000000
  8 -13.466371 -47.355629 50.926666 -0.130837 0.054661 -0.989896 0.646806 0.624923 1 8 1.000000
v_immolator_sheet
  8 -13.466371 -47.355629 50.926666 -0.130837 0.054661 -0.989896 0.646806 0.624923 1 8 1.000000
  8 -14.590156 -44.406044 51.749458 -0.787770 0.122292 -0.603707 0.739578 0.610249 1 8 1.000000
  8 -13.973036 -44.293262 51.404228 -0.152289 0.284559 -0.946485 0.737926 0.630774 1 8 1.000000
v_immolator_sheet
  8 -13.973036 -44.293262 51.404228 -0.152289 0.284559 -0.946485 0.737926 0.630774 1 8 1.000000
  8 -14.590156 -44.406044 51.749458 -0.787770 0.122292 -0.603707 0.739578 0.610249 1 8 1.000000
  8 -14.590660 -41.420734 53.209625 -0.798253 0.264142 -0.541314 0.834913 0.607737 1 8 1.000000
v_immolator_sheet
  8 -14.590660 -41.420734 53.209625 -0.798253 0.264142 -0.541314 0.834913 0.607737 1 8 1.000000
  8 -13.973547 -41.260952 52.883385 -0.138983 0.434344 -0.889960 0.835424 0.628431 1 8 1.000000
  8 -13.973036 -44.293262 51.404228 -0.152289 0.284559 -0.946485 0.737926 0.630774 1 8 1.000000
v_immolator_sheet
  8 -12.239535 -53.895863 52.270847 0.748570 -0.485130 -0.451986 0.458940 0.508467 1 8 1.000000
  8 -12.610543 -53.885456 52.002613 0.188944 -0.561856 -0.805368 0.459316 0.495408 1 8 1.000000
  8 -13.100679 -50.665417 50.951031 -0.126683 -0.178870 -0.975683 0.552767 0.467097 1 8 1.000000
v_immolator_sheet
  8 -13.100679 -50.665417 50.951031 -0.126683 -0.178870 -0.975683 0.552767 0.467097 1 8 1.000000
  8 -12.453138 -50.664162 51.118759 0.591857 -0.100255 -0.799784 0.553028 0.486006 1 8 1.000000
  8 -12.239535 -53.895863 52.270847 0.748570 -0.485130 -0.451986 0.458940 0.508467 1 8 1.000000
v_immolator_sheet
  8 -13.100679 -50.665417 50.951031 -0.126683 -0.178870 -0.975683 0.552767 0.467097 1 8 1.000000
  8 -13.466371 -47.355629 50.926666 -0.130837 0.054661 -0.989896 0.648325 0.463969 1 8 1.000000
  8 -12.453138 -50.664162 51.118759 0.591857 -0.100255 -0.799784 0.553028 0.486006 1 8 1.000000
v_immolator_sheet
  8 -12.453138 -50.664162 51.118759 0.591857 -0.100255 -0.799784 0.553028 0.486006 1 8 1.000000
  8 -13.466371 -47.355629 50.926666 -0.130837 0.054661 -0.989896 0.648325 0.463969 1 8 1.000000
  8 -12.818829 -47.354370 51.094387 0.588962 0.134316 -0.796921 0.647056 0.483511 1 8 1.000000
v_immolator_sheet
  8 -13.466371 -47.355629 50.926666 -0.130837 0.054661 -0.989896 0.648325 0.463969 1 8 1.000000
  8 -13.973036 -44.293262 51.404228 -0.152289 0.284559 -0.946485 0.739083 0.458756 1 8 1.000000
  8 -12.818829 -47.354370 51.094387 0.588962 0.134316 -0.796921 0.647056 0.483511 1 8 1.000000
v_immolator_sheet
  8 -12.818829 -47.354370 51.094387 0.588962 0.134316 -0.796921 0.647056 0.483511 1 8 1.000000
  8 -13.973036 -44.293262 51.404228 -0.152289 0.284559 -0.946485 0.739083 0.458756 1 8 1.000000
  8 -13.279796 -44.348904 51.574890 0.571866 0.287093 -0.768470 0.737353 0.479641 1 8 1.000000
v_immolator_sheet
  8 -13.279796 -44.348904 51.574890 0.571866 0.287093 -0.768470 0.737353 0.479641 1 8 1.000000
  8 -13.973036 -44.293262 51.404228 -0.152289 0.284559 -0.946485 0.739083 0.458756 1 8 1.000000
  8 -13.973547 -41.260952 52.883385 -0.138983 0.434344 -0.889960 0.835424 0.464382 1 8 1.000000
v_immolator_sheet
  8 -13.973547 -41.260952 52.883385 -0.138983 0.434344 -0.889960 0.835424 0.464382 1 8 1.000000
  8 -13.280303 -41.339794 53.044651 0.601699 0.351009 -0.717461 0.834217 0.485171 1 8 1.000000
  8 -13.279796 -44.348904 51.574890 0.571866 0.287093 -0.768470 0.737353 0.479641 1 8 1.000000
v_immolator_sheet
  8 -12.916498 -44.540401 52.161579 0.981143 0.128910 -0.144017 0.736051 0.501159 1 8 1.000000
  8 -13.279796 -44.348904 51.574890 0.571866 0.287093 -0.768470 0.737353 0.479641 1 8 1.000000
  8 -13.280303 -41.339794 53.044651 0.601699 0.351009 -0.717461 0.834217 0.485171 1 8 1.000000
v_immolator_sheet
  8 -13.280303 -41.339794 53.044651 0.601699 0.351009 -0.717461 0.834217 0.485171 1 8 1.000000
  8 -12.916994 -41.611004 53.598969 0.990261 0.061222 -0.125037 0.833222 0.505450 1 8 1.000000
  8 -12.916498 -44.540401 52.161579 0.981143 0.128910 -0.144017 0.736051 0.501159 1 8 1.000000
v_immolator_sheet
  8 -13.096025 -44.755573 52.820595 0.785692 -0.126106 0.605628 0.736120 0.523753 1 8 1.000000
  8 -12.916498 -44.540401 52.161579 0.981143 0.128910 -0.144017 0.736051 0.501159 1 8 1.000000
  8 -12.916994 -41.611004 53.598969 0.990261 0.061222 -0.125037 0.833222 0.505450 1 8 1.000000
v_immolator_sheet
  8 -12.647252 -47.343948 52.318344 0.805433 0.060397 0.589601 0.650527 0.523278 1 8 1.000000
  8 -12.916498 -44.540401 52.161579 0.981143 0.128910 -0.144017 0.736051 0.501159 1 8 1.000000
  8 -13.096025 -44.755573 52.820595 0.785692 -0.126106 0.605628 0.736120 0.523753 1 8 1.000000
v_immolator_sheet
  8 -13.247470 -47.334232 52.659931 0.139351 -0.074772 0.987416 0.654279 0.544197 1 8 1.000000
  8 -12.647252 -47.343948 52.318344 0.805433 0.060397 0.589601 0.650527 0.523278 1 8 1.000000
  8 -13.096025 -44.755573 52.820595 0.785692 -0.126106 0.605628 0.736120 0.523753 1 8 1.000000
v_immolator_sheet
  8 -12.647252 -47.343948 52.318344 0.805433 0.060397 0.589601 0.650527 0.523278 1 8 1.000000
  8 -13.247470 -47.334232 52.659931 0.139351 -0.074772 0.987416 0.654279 0.544197 1 8 1.000000
  8 -12.881779 -50.646923 52.684299 0.132424 0.074315 0.988403 0.552271 0.543673 1 8 1.000000
v_immolator_sheet
  8 -13.505520 -50.653980 52.514286 -0.617193 -0.022707 0.786484 0.553803 0.562533 1 8 1.000000
  8 -12.881779 -50.646923 52.684299 0.132424 0.074315 0.988403 0.552271 0.543673 1 8 1.000000
  8 -13.247470 -47.334232 52.659931 0.139351 -0.074772 0.987416 0.654279 0.544197 1 8 1.000000
v_immolator_sheet
  8 -12.881779 -50.646923 52.684299 0.132424 0.074315 0.988403 0.552271 0.543673 1 8 1.000000
  8 -13.505520 -50.653980 52.514286 -0.617193 -0.022707 0.786484 0.553803 0.562533 1 8 1.000000
  8 -13.256952 -53.857548 52.899380 -0.809496 -0.296160 0.506957 0.459779 0.561038 1 8 1.000000
v_immolator_sheet
  8 -13.329997 -53.858402 52.447056 -0.873487 -0.444449 -0.198710 0.461233 0.573963 1 8 1.000000
  8 -13.256952 -53.857548 52.899380 -0.809496 -0.296160 0.506957 0.459779 0.561038 1 8 1.000000
  8 -13.505520 -50.653980 52.514286 -0.617193 -0.022707 0.786484 0.553803 0.562533 1 8 1.000000
v_immolator_sheet
  8 -13.505520 -50.653980 52.514286 -0.617193 -0.022707 0.786484 0.553803 0.562533 1 8 1.000000
  8 -13.844820 -50.658180 51.937874 -0.983610 -0.138802 0.115088 0.555326 0.581815 1 8 1.000000
  8 -13.329997 -53.858402 52.447056 -0.873487 -0.444449 -0.198710 0.461233 0.573963 1 8 1.000000
v_immolator_sheet
  8 -13.256952 -53.857548 52.899380 -0.809496 -0.296160 0.506957 0.459779 0.561038 1 8 1.000000
  8 -12.885945 -53.867855 53.167610 -0.214184 -0.211712 0.953574 0.457746 0.548216 1 8 1.000000
  8 -12.881779 -50.646923 52.684299 0.132424 0.074315 0.988403 0.552271 0.543673 1 8 1.000000
v_immolator_sheet
  8 -12.281561 -50.655239 52.342712 0.807664 0.083409 0.583713 0.551451 0.523691 1 8 1.000000
  8 -12.881779 -50.646923 52.684299 0.132424 0.074315 0.988403 0.552271 0.543673 1 8 1.000000
  8 -12.885945 -53.867855 53.167610 -0.214184 -0.211712 0.953574 0.457746 0.548216 1 8 1.000000
v_immolator_sheet
  8 -12.881779 -50.646923 52.684299 0.132424 0.074315 0.988403 0.552271 0.543673 1 8 1.000000
  8 -12.281561 -50.655239 52.342712 0.807664 0.083409 0.583713 0.551451 0.523691 1 8 1.000000
  8 -12.647252 -47.343948 52.318344 0.805433 0.060397 0.589601 0.650527 0.523278 1 8 1.000000
v_immolator_sheet
  8 -12.281561 -50.655239 52.342712 0.807664 0.083409 0.583713 0.551451 0.523691 1 8 1.000000
  8 -12.479528 -47.350170 51.670803 0.977698 0.140630 -0.155981 0.647769 0.503366 1 8 1.000000
  8 -12.647252 -47.343948 52.318344 0.805433 0.060397 0.589601 0.650527 0.523278 1 8 1.000000
v_immolator_sheet
  8 -12.479528 -47.350170 51.670803 0.977698 0.140630 -0.155981 0.647769 0.503366 1 8 1.000000
  8 -12.916498 -44.540401 52.161579 0.981143 0.128910 -0.144017 0.736051 0.501159 1 8 1.000000
  8 -12.647252 -47.343948 52.318344 0.805433 0.060397 0.589601 0.650527 0.523278 1 8 1.000000
v_immolator_sheet
  8 -12.479528 -47.350170 51.670803 0.977698 0.140630 -0.155981 0.647769 0.503366 1 8 1.000000
  8 -13.279796 -44.348904 51.574890 0.571866 0.287093 -0.768470 0.737353 0.479641 1 8 1.000000
  8 -12.916498 -44.540401 52.161579 0.981143 0.128910 -0.144017 0.736051 0.501159 1 8 1.000000
v_immolator_sheet
  8 -12.818829 -47.354370 51.094387 0.588962 0.134316 -0.796921 0.647056 0.483511 1 8 1.000000
  8 -13.279796 -44.348904 51.574890 0.571866 0.287093 -0.768470 0.737353 0.479641 1 8 1.000000
  8 -12.479528 -47.350170 51.670803 0.977698 0.140630 -0.155981 0.647769 0.503366 1 8 1.000000
v_immolator_sheet
  8 -12.113837 -50.659962 51.695171 0.986340 0.004822 -0.164649 0.552163 0.504737 1 8 1.000000
  8 -12.818829 -47.354370 51.094387 0.588962 0.134316 -0.796921 0.647056 0.483511 1 8 1.000000
  8 -12.479528 -47.350170 51.670803 0.977698 0.140630 -0.155981 0.647769 0.503366 1 8 1.000000
v_immolator_sheet
  8 -12.453138 -50.664162 51.118759 0.591857 -0.100255 -0.799784 0.553028 0.486006 1 8 1.000000
  8 -12.818829 -47.354370 51.094387 0.588962 0.134316 -0.796921 0.647056 0.483511 1 8 1.000000
  8 -12.113837 -50.659962 51.695171 0.986340 0.004822 -0.164649 0.552163 0.504737 1 8 1.000000
v_immolator_sheet
  8 -12.453138 -50.664162 51.118759 0.591857 -0.100255 -0.799784 0.553028 0.486006 1 8 1.000000
  8 -12.113837 -50.659962 51.695171 0.986340 0.004822 -0.164649 0.552163 0.504737 1 8 1.000000
  8 -12.166492 -53.895008 52.723171 0.907526 -0.356376 0.222243 0.457468 0.521857 1 8 1.000000
v_immolator_sheet
  8 -12.166492 -53.895008 52.723171 0.907526 -0.356376 0.222243 0.457468 0.521857 1 8 1.000000
  8 -12.239535 -53.895863 52.270847 0.748570 -0.485130 -0.451986 0.458940 0.508467 1 8 1.000000
  8 -12.453138 -50.664162 51.118759 0.591857 -0.100255 -0.799784 0.553028 0.486006 1 8 1.000000
v_immolator_sheet
  8 -12.113837 -50.659962 51.695171 0.986340 0.004822 -0.164649 0.552163 0.504737 1 8 1.000000
  8 -12.479528 -47.350170 51.670803 0.977698 0.140630 -0.155981 0.647769 0.503366 1 8 1.000000
  8 -12.281561 -50.655239 52.342712 0.807664 0.083409 0.583713 0.551451 0.523691 1 8 1.000000
v_immolator_sheet
  8 -12.113837 -50.659962 51.695171 0.986340 0.004822 -0.164649 0.552163 0.504737 1 8 1.000000
  8 -12.281561 -50.655239 52.342712 0.807664 0.083409 0.583713 0.551451 0.523691 1 8 1.000000
  8 -12.434319 -53.883381 53.094574 0.512789 -0.243485 0.823263 0.456781 0.535156 1 8 1.000000
v_immolator_sheet
  8 -12.434319 -53.883381 53.094574 0.512789 -0.243485 0.823263 0.456781 0.535156 1 8 1.000000
  8 -12.166492 -53.895008 52.723171 0.907526 -0.356376 0.222243 0.457468 0.521857 1 8 1.000000
  8 -12.113837 -50.659962 51.695171 0.986340 0.004822 -0.164649 0.552163 0.504737 1 8 1.000000
v_immolator_sheet
  8 -12.885945 -53.867855 53.167610 -0.214184 -0.211712 0.953574 0.457746 0.548216 1 8 1.000000
  8 -12.434319 -53.883381 53.094574 0.512789 -0.243485 0.823263 0.456781 0.535156 1 8 1.000000
  8 -12.281561 -50.655239 52.342712 0.807664 0.083409 0.583713 0.551451 0.523691 1 8 1.000000
v_immolator_sheet
  8 -3.697489 -39.019508 52.716160 0.499631 0.555053 -0.665045 0.936088 0.382470 1 8 1.000000
  8 -3.924906 -38.753292 52.767490 0.102909 0.704222 -0.702482 0.927067 0.379461 1 8 1.000000
  8 -3.587206 -38.714592 53.053493 0.577178 0.804332 -0.141121 0.934365 0.370015 1 8 1.000000
v_immolator_sheet
  8 -3.924906 -38.753292 52.767490 0.102909 0.704222 -0.702482 0.927067 0.379461 1 8 1.000000
  8 -4.081207 -38.501289 53.060947 -0.146094 0.924387 -0.352371 0.919926 0.370819 1 8 1.000000
  8 -3.587206 -38.714592 53.053493 0.577178 0.804332 -0.141121 0.934365 0.370015 1 8 1.000000
v_immolator_sheet
  8 -4.081207 -38.501289 53.060947 -0.146094 0.924387 -0.352371 0.919926 0.370819 1 8 1.000000
  8 -4.033878 -38.499821 53.263165 0.022432 0.929651 0.367759 0.920697 0.365291 1 8 1.000000
  8 -3.587206 -38.714592 53.053493 0.577178 0.804332 -0.141121 0.934365 0.370015 1 8 1.000000
v_immolator_sheet
  8 -4.033878 -38.499821 53.263165 0.022432 0.929651 0.367759 0.920697 0.365291 1 8 1.000000
  8 -3.762646 -38.748154 53.460243 0.393238 0.544979 0.740514 0.929930 0.358931 1 8 1.000000
  8 -3.587206 -38.714592 53.053493 0.577178 0.804332 -0.141121 0.934365 0.370015 1 8 1.000000
v_immolator_sheet
  8 -3.762646 -38.748154 53.460243 0.393238 0.544979 0.740514 0.929930 0.358931 1 8 1.000000
  8 -3.535228 -39.014370 53.408913 0.538451 0.299729 0.787549 0.939430 0.358508 1 8 1.000000
  8 -3.587206 -38.714592 53.053493 0.577178 0.804332 -0.141121 0.934365 0.370015 1 8 1.000000
v_immolator_sheet
  8 -4.081207 -38.501289 53.060947 -0.146094 0.924387 -0.352371 0.919926 0.370819 1 8 1.000000
  8 -3.924906 -38.753292 52.767490 0.102909 0.704222 -0.702482 0.920586 0.382155 1 8 1.000000
  8 -5.125555 -39.566643 52.908554 -0.433649 0.550477 -0.713389 0.880932 0.382890 1 8 1.000000
v_immolator_sheet
  8 -5.125555 -39.566643 52.908554 -0.433649 0.550477 -0.713389 0.880932 0.382890 1 8 1.000000
  8 -5.160482 -39.118416 53.275688 -0.455650 0.809152 -0.371021 0.884940 0.367087 1 8 1.000000
  8 -4.081207 -38.501289 53.060947 -0.146094 0.924387 -0.352371 0.919926 0.370819 1 8 1.000000
v_immolator_sheet
  8 -4.033878 -38.499821 53.263165 0.022432 0.929651 0.367759 0.920697 0.365291 1 8 1.000000
  8 -4.081207 -38.501289 53.060947 -0.146094 0.924387 -0.352371 0.919926 0.370819 1 8 1.000000
  8 -5.160482 -39.118416 53.275688 -0.455650 0.809152 -0.371021 0.884940 0.367087 1 8 1.000000
v_immolator_sheet
  8 -5.160482 -39.118416 53.275688 -0.455650 0.809152 -0.371021 0.884940 0.367087 1 8 1.000000
  8 -5.094179 -39.116318 53.558609 -0.240856 0.809732 0.535091 0.886119 0.358902 1 8 1.000000
  8 -4.033878 -38.499821 53.263165 0.022432 0.929651 0.367759 0.920697 0.365291 1 8 1.000000
v_immolator_sheet
  8 -3.762646 -38.748154 53.460243 0.393238 0.544979 0.740514 0.924300 0.354902 1 8 1.000000
  8 -4.033878 -38.499821 53.263165 0.022432 0.929651 0.367759 0.920697 0.365291 1 8 1.000000
  8 -5.094179 -39.116318 53.558609 -0.240856 0.809732 0.535091 0.886119 0.358902 1 8 1.000000
v_immolator_sheet
  8 -5.094179 -39.116318 53.558609 -0.240856 0.809732 0.535091 0.886119 0.358902 1 8 1.000000
  8 -4.892489 -39.597309 53.877144 0.163156 0.297533 0.940667 0.886504 0.341705 1 8 1.000000
  8 -3.762646 -38.748154 53.460243 0.393238 0.544979 0.740514 0.924300 0.354902 1 8 1.000000
v_immolator_sheet
  8 -3.535228 -39.014370 53.408913 0.538451 0.299729 0.787549 0.928275 0.346386 1 8 1.000000
  8 -3.762646 -38.748154 53.460243 0.393238 0.544979 0.740514 0.924300 0.354902 1 8 1.000000
  8 -4.892489 -39.597309 53.877144 0.163156 0.297533 0.940667 0.886504 0.341705 1 8 1.000000
v_immolator_sheet
  8 -4.892489 -39.597309 53.877144 0.163156 0.297533 0.940667 0.886504 0.341705 1 8 1.000000
  8 -4.784081 -40.154316 53.855774 0.348194 0.030062 0.936940 0.886208 0.326722 1 8 1.000000
  8 -3.535228 -39.014370 53.408913 0.538451 0.299729 0.787549 0.928275 0.346386 1 8 1.000000
v_immolator_sheet
  8 -4.892489 -39.597309 53.877144 0.163156 0.297533 0.940667 0.886504 0.341705 1 8 1.000000
  8 -5.363857 -39.894539 54.074081 0.165872 0.273055 0.947590 0.871420 0.336244 1 8 1.000000
  8 -4.784081 -40.154316 53.855774 0.348194 0.030062 0.936940 0.886208 0.326722 1 8 1.000000
v_immolator_sheet
  8 -5.266452 -40.514046 54.055832 0.252059 0.011078 0.967648 0.871839 0.319803 1 8 1.000000
  8 -4.784081 -40.154316 53.855774 0.348194 0.030062 0.936940 0.886208 0.326722 1 8 1.000000
  8 -5.363857 -39.894539 54.074081 0.165872 0.273055 0.947590 0.871420 0.336244 1 8 1.000000
v_immolator_sheet
  8 -5.363857 -39.894539 54.074081 0.165872 0.273055 0.947590 0.871420 0.336244 1 8 1.000000
  8 -5.987095 -40.005505 54.181908 0.069097 0.307210 0.949130 0.853598 0.335066 1 8 1.000000
  8 -5.266452 -40.514046 54.055832 0.252059 0.011078 0.967648 0.871839 0.319803 1 8 1.000000
v_immolator_sheet
  8 -5.889389 -40.626110 54.163555 0.119208 -0.009247 0.992826 0.855500 0.318351 1 8 1.000000
  8 -5.266452 -40.514046 54.055832 0.252059 0.011078 0.967648 0.871839 0.319803 1 8 1.000000
  8 -5.987095 -40.005505 54.181908 0.069097 0.307210 0.949130 0.853598 0.335066 1 8 1.000000
v_immolator_sheet
  8 -5.987095 -40.005505 54.181908 0.069097 0.307210 0.949130 0.853598 0.335066 1 8 1.000000
  8 -6.559201 -39.962097 54.197193 0.206157 0.359758 0.909985 0.836413 0.337524 1 8 1.000000
  8 -5.889389 -40.626110 54.163555 0.119208 -0.009247 0.992826 0.855500 0.318351 1 8 1.000000
v_immolator_sheet
  8 -6.531100 -40.260902 54.192810 0.122471 -0.003632 0.992465 0.838105 0.328430 1 8 1.000000
  8 -5.889389 -40.626110 54.163555 0.119208 -0.009247 0.992826 0.855500 0.318351 1 8 1.000000
  8 -6.559201 -39.962097 54.197193 0.206157 0.359758 0.909985 0.836413 0.337524 1 8 1.000000
v_immolator_sheet
  8 -6.531100 -40.260902 54.192810 0.122471 -0.003632 0.992465 0.838105 0.328430 1 8 1.000000
  8 -6.559201 -39.962097 54.197193 0.206157 0.359758 0.909985 0.836413 0.337524 1 8 1.000000
  8 -8.592896 -39.327702 54.762177 0.295577 0.425253 0.855449 0.765873 0.339440 1 8 1.000000
v_immolator_sheet
  8 -6.559201 -39.962097 54.197193 0.206157 0.359758 0.909985 0.836413 0.337524 1 8 1.000000
  8 -6.635798 -39.643898 53.902260 0.109410 0.903543 0.414294 0.834914 0.352554 1 8 1.000000
  8 -8.592896 -39.327702 54.762177 0.295577 0.425253 0.855449 0.765873 0.339440 1 8 1.000000
v_immolator_sheet
  8 -8.712174 -39.058723 54.411442 0.380420 0.895216 0.232097 0.762298 0.352547 1 8 1.000000
  8 -8.592896 -39.327702 54.762177 0.295577 0.425253 0.855449 0.765873 0.339440 1 8 1.000000
  8 -6.635798 -39.643898 53.902260 0.109410 0.903543 0.414294 0.834914 0.352554 1 8 1.000000
v_immolator_sheet
  8 -8.781073 -39.060925 54.117218 0.317248 0.878040 -0.358327 0.762392 0.361638 1 8 1.000000
  8 -8.712174 -39.058723 54.411442 0.380420 0.895216 0.232097 0.762298 0.352547 1 8 1.000000
  8 -6.635798 -39.643898 53.902260 0.109410 0.903543 0.414294 0.834914 0.352554 1 8 1.000000
v_immolator_sheet
  8 -6.559201 -39.962097 54.197193 0.206157 0.359758 0.909985 0.836413 0.337524 1 8 1.000000
  8 -5.987095 -40.005505 54.181908 0.069097 0.307210 0.949130 0.853598 0.335066 1 8 1.000000
  8 -6.635798 -39.643898 53.902260 0.109410 0.903543 0.414294 0.834914 0.352554 1 8 1.000000
v_immolator_sheet
  8 -5.987095 -40.005505 54.181908 0.069097 0.307210 0.949130 0.853598 0.335066 1 8 1.000000
  8 -5.363857 -39.894539 54.074081 0.165872 0.273055 0.947590 0.871420 0.336244 1 8 1.000000
  8 -6.635798 -39.643898 53.902260 0.109410 0.903543 0.414294 0.834914 0.352554 1 8 1.000000
v_immolator_sheet
  8 -5.160482 -39.118416 53.275688 -0.455650 0.809152 -0.371021 0.884940 0.367087 1 8 1.000000
  8 -6.692615 -39.645683 53.659641 -0.092687 0.898052 -0.430013 0.834372 0.360439 1 8 1.000000
  8 -5.094179 -39.116318 53.558609 -0.240856 0.809732 0.535091 0.886119 0.358902 1 8 1.000000
v_immolator_sheet
  8 -5.363857 -39.894539 54.074081 0.165872 0.273055 0.947590 0.871420 0.336244 1 8 1.000000
  8 -4.892489 -39.597309 53.877144 0.163156 0.297533 0.940667 0.886504 0.341705 1 8 1.000000
  8 -5.094179 -39.116318 53.558609 -0.240856 0.809732 0.535091 0.886119 0.358902 1 8 1.000000
v_immolator_sheet
  8 -5.094179 -39.116318 53.558609 -0.240856 0.809732 0.535091 0.886119 0.358902 1 8 1.000000
  8 -6.635798 -39.643898 53.902260 0.109410 0.903543 0.414294 0.834914 0.352554 1 8 1.000000
  8 -5.363857 -39.894539 54.074081 0.165872 0.273055 0.947590 0.871420 0.336244 1 8 1.000000
v_immolator_sheet
  8 -6.635798 -39.643898 53.902260 0.109410 0.903543 0.414294 0.834914 0.352554 1 8 1.000000
  8 -5.094179 -39.116318 53.558609 -0.240856 0.809732 0.535091 0.886119 0.358902 1 8 1.000000
  8 -6.692615 -39.645683 53.659641 -0.092687 0.898052 -0.430013 0.834372 0.360439 1 8 1.000000
v_immolator_sheet
  8 -6.635798 -39.643898 53.902260 0.109410 0.903543 0.414294 0.834914 0.352554 1 8 1.000000
  8 -6.692615 -39.645683 53.659641 -0.092687 0.898052 -0.430013 0.834372 0.360439 1 8 1.000000
  8 -8.781073 -39.060925 54.117218 0.317248 0.878040 -0.358327 0.762392 0.361638 1 8 1.000000
v_immolator_sheet
  8 -8.829048 -39.335049 53.753796 0.206856 0.760528 -0.615473 0.766634 0.374603 1 8 1.000000
  8 -8.781073 -39.060925 54.117218 0.317248 0.878040 -0.358327 0.762392 0.361638 1 8 1.000000
  8 -6.692615 -39.645683 53.659641 -0.092687 0.898052 -0.430013 0.834372 0.360439 1 8 1.000000
v_immolator_sheet
  8 -8.829048 -39.335049 53.753796 0.206856 0.760528 -0.615473 0.766634 0.374603 1 8 1.000000
  8 -9.463233 -39.065266 53.710682 0.353474 0.725199 -0.590883 0.747828 0.380107 1 8 1.000000
  8 -8.781073 -39.060925 54.117218 0.317248 0.878040 -0.358327 0.762392 0.361638 1 8 1.000000
v_immolator_sheet
  8 -8.592896 -39.327702 54.762177 0.295577 0.425253 0.855449 0.765873 0.339440 1 8 1.000000
  8 -7.986438 -39.848759 54.593765 0.267745 0.000214 0.963490 0.788703 0.328829 1 8 1.000000
  8 -6.531100 -40.260902 54.192810 0.122471 -0.003632 0.992465 0.838105 0.328430 1 8 1.000000
v_immolator_sheet
  8 -8.516691 -39.874607 54.748287 0.199625 -0.001068 0.979872 0.772535 0.323882 1 8 1.000000
  8 -7.986438 -39.848759 54.593765 0.267745 0.000214 0.963490 0.788703 0.328829 1 8 1.000000
  8 -8.592896 -39.327702 54.762177 0.295577 0.425253 0.855449 0.765873 0.339440 1 8 1.000000
v_immolator_sheet
  8 -6.692615 -39.645683 53.659641 -0.092687 0.898052 -0.430013 0.834372 0.360439 1 8 1.000000
  8 -6.753913 -39.968182 53.365829 -0.120246 0.680979 -0.722363 0.833921 0.374690 1 8 1.000000
  8 -8.829048 -39.335049 53.753796 0.206856 0.760528 -0.615473 0.766634 0.374603 1 8 1.000000
v_immolator_sheet
  8 -6.234330 -40.013168 53.126026 -0.345542 0.587469 -0.731765 0.848559 0.380316 1 8 1.000000
  8 -6.753913 -39.968182 53.365829 -0.120246 0.680979 -0.722363 0.833921 0.374690 1 8 1.000000
  8 -6.692615 -39.645683 53.659641 -0.092687 0.898052 -0.430013 0.834372 0.360439 1 8 1.000000
v_immolator_sheet
  8 -6.692615 -39.645683 53.659641 -0.092687 0.898052 -0.430013 0.834372 0.360439 1 8 1.000000
  8 -5.160482 -39.118416 53.275688 -0.455650 0.809152 -0.371021 0.884940 0.367087 1 8 1.000000
  8 -6.234330 -40.013168 53.126026 -0.345542 0.587469 -0.731765 0.848559 0.380316 1 8 1.000000
v_immolator_sheet
  8 -5.628468 -39.902832 52.944397 -0.351306 0.534298 -0.768837 0.864937 0.385206 1 8 1.000000
  8 -6.234330 -40.013168 53.126026 -0.345542 0.587469 -0.731765 0.848559 0.380316 1 8 1.000000
  8 -5.160482 -39.118416 53.275688 -0.455650 0.809152 -0.371021 0.884940 0.367087 1 8 1.000000
v_immolator_sheet
  8 -5.125555 -39.566643 52.908554 -0.433649 0.550477 -0.713389 0.880932 0.382890 1 8 1.000000
  8 -5.628468 -39.902832 52.944397 -0.351306 0.534298 -0.768837 0.864937 0.385206 1 8 1.000000
  8 -5.160482 -39.118416 53.275688 -0.455650 0.809152 -0.371021 0.884940 0.367087 1 8 1.000000
v_immolator_sheet
  8 -8.781073 -39.060925 54.117218 0.317248 0.878040 -0.358327 0.762392 0.361638 1 8 1.000000
  8 -9.646194 -38.593704 54.180058 0.510494 0.819226 -0.261275 0.731874 0.366500 1 8 1.000000
  8 -8.712174 -39.058723 54.411442 0.380420 0.895216 0.232097 0.762298 0.352547 1 8 1.000000
v_immolator_sheet
  8 -9.646194 -38.593704 54.180058 0.510494 0.819226 -0.261275 0.731874 0.366500 1 8 1.000000
  8 -8.781073 -39.060925 54.117218 0.317248 0.878040 -0.358327 0.762392 0.361638 1 8 1.000000
  8 -9.463233 -39.065266 53.710682 0.353474 0.725199 -0.590883 0.747828 0.380107 1 8 1.000000
v_immolator_sheet
  8 -9.646194 -38.593704 54.180058 0.510494 0.819226 -0.261275 0.731874 0.366500 1 8 1.000000
  8 -9.463233 -39.065266 53.710682 0.353474 0.725199 -0.590883 0.747828 0.380107 1 8 1.000000
  8 -10.248271 -38.581326 53.820343 0.431635 0.565249 -0.702983 0.721238 0.385206 1 8 1.000000
v_immolator_sheet
  8 -10.248271 -38.581326 53.820343 0.431635 0.565249 -0.702983 0.721238 0.385206 1 8 1.000000
  8 -10.374889 -37.900608 54.163765 0.666451 0.745496 -0.008881 0.702163 0.373991 1 8 1.000000
  8 -9.646194 -38.593704 54.180058 0.510494 0.819226 -0.261275 0.731874 0.366500 1 8 1.000000
v_immolator_sheet
  8 -9.731714 -38.617481 54.525833 0.497489 0.762028 0.414508 0.727744 0.356209 1 8 1.000000
  8 -9.646194 -38.593704 54.180058 0.510494 0.819226 -0.261275 0.731874 0.366500 1 8 1.000000
  8 -10.374889 -37.900608 54.163765 0.666451 0.745496 -0.008881 0.702163 0.373991 1 8 1.000000
v_immolator_sheet
  8 -10.374889 -37.900608 54.163765 0.666451 0.745496 -0.008881 0.702163 0.373991 1 8 1.000000
  8 -10.483376 -37.925125 54.411240 0.498836 0.686773 0.528683 0.698477 0.366929 1 8 1.000000
  8 -9.731714 -38.617481 54.525833 0.497489 0.762028 0.414508 0.727744 0.356209 1 8 1.000000
v_immolator_sheet
  8 -9.863544 -38.849152 54.901867 0.097203 0.362813 0.926778 0.725187 0.342473 1 8 1.000000
  8 -9.731714 -38.617481 54.525833 0.497489 0.762028 0.414508 0.727744 0.356209 1 8 1.000000
  8 -10.483376 -37.925125 54.411240 0.498836 0.686773 0.528683 0.698477 0.366929 1 8 1.000000
v_immolator_sheet
  8 -10.483376 -37.925125 54.411240 0.498836 0.686773 0.528683 0.698477 0.366929 1 8 1.000000
  8 -10.611268 -38.223827 54.682095 0.085852 0.420162 0.903379 0.697892 0.354235 1 8 1.000000
  8 -9.863544 -38.849152 54.901867 0.097203 0.362813 0.926778 0.725187 0.342473 1 8 1.000000
v_immolator_sheet
  8 -10.716751 -39.849247 54.634022 -0.291977 -0.058963 0.954606 0.707335 0.306634 1 8 1.000000
  8 -9.863544 -38.849152 54.901867 0.097203 0.362813 0.926778 0.725187 0.342473 1 8 1.000000
  8 -10.611268 -38.223827 54.682095 0.085852 0.420162 0.903379 0.697892 0.354235 1 8 1.000000
v_immolator_sheet
  8 -10.716751 -39.849247 54.634022 -0.291977 -0.058963 0.954606 0.707335 0.306634 1 8 1.000000
  8 -9.851257 -39.403942 54.940968 -0.102361 -0.003021 0.994743 0.730093 0.326622 1 8 1.000000
  8 -9.863544 -38.849152 54.901867 0.097203 0.362813 0.926778 0.725187 0.342473 1 8 1.000000
v_immolator_sheet
  8 -9.851257 -39.403942 54.940968 -0.102361 -0.003021 0.994743 0.730093 0.326622 1 8 1.000000
  8 -10.716751 -39.849247 54.634022 -0.291977 -0.058963 0.954606 0.707335 0.306634 1 8 1.000000
  8 -9.646131 -40.228069 54.861023 -0.032747 -0.104558 0.993979 0.742221 0.304402 1 8 1.000000
v_immolator_sheet
  8 -9.646131 -40.228069 54.861023 -0.032747 -0.104558 0.993979 0.742221 0.304402 1 8 1.000000
  8 -8.516691 -39.874607 54.748287 0.199625 -0.001068 0.979872 0.772535 0.323882 1 8 1.000000
  8 -9.851257 -39.403942 54.940968 -0.102361 -0.003021 0.994743 0.730093 0.326622 1 8 1.000000
v_immolator_sheet
  8 -9.851257 -39.403942 54.940968 -0.102361 -0.003021 0.994743 0.730093 0.326622 1 8 1.000000
  8 -8.516691 -39.874607 54.748287 0.199625 -0.001068 0.979872 0.772535 0.323882 1 8 1.000000
  8 -9.863544 -38.849152 54.901867 0.097203 0.362813 0.926778 0.725187 0.342473 1 8 1.000000
v_immolator_sheet
  8 -9.863544 -38.849152 54.901867 0.097203 0.362813 0.926778 0.725187 0.342473 1 8 1.000000
  8 -8.516691 -39.874607 54.748287 0.199625 -0.001068 0.979872 0.772535 0.323882 1 8 1.000000
  8 -8.592896 -39.327702 54.762177 0.295577 0.425253 0.855449 0.765873 0.339440 1 8 1.000000
v_immolator_sheet
  8 -8.592896 -39.327702 54.762177 0.295577 0.425253 0.855449 0.765873 0.339440 1 8 1.000000
  8 -9.731714 -38.617481 54.525833 0.497489 0.762028 0.414508 0.727744 0.356209 1 8 1.000000
  8 -9.863544 -38.849152 54.901867 0.097203 0.362813 0.926778 0.725187 0.342473 1 8 1.000000
v_immolator_sheet
  8 -9.731714 -38.617481 54.525833 0.497489 0.762028 0.414508 0.727744 0.356209 1 8 1.000000
  8 -8.592896 -39.327702 54.762177 0.295577 0.425253 0.855449 0.765873 0.339440 1 8 1.000000
  8 -8.712174 -39.058723 54.411442 0.380420 0.895216 0.232097 0.762298 0.352547 1 8 1.000000
v_immolator_sheet
  8 -9.731714 -38.617481 54.525833 0.497489 0.762028 0.414508 0.727744 0.356209 1 8 1.000000
  8 -8.712174 -39.058723 54.411442 0.380420 0.895216 0.232097 0.762298 0.352547 1 8 1.000000
  8 -9.646194 -38.593704 54.180058 0.510494 0.819226 -0.261275 0.731874 0.366500 1 8 1.000000
v_immolator_sheet
  8 -14.089228 -65.522079 57.461121 -0.363910 -0.009888 0.931382 0.000368 0.884113 1 8 1.000000
  8 -13.841129 -46.762669 57.757526 0.081913 -0.009827 0.996591 0.538605 0.881414 1 8 1.000000
  8 -14.098115 -46.763184 57.716438 -0.157813 -0.013489 0.987377 0.538491 0.890807 1 8 1.000000
v_immolator_sheet
  8 -13.841129 -46.762669 57.757526 0.081913 -0.009827 0.996591 0.538605 0.881414 1 8 1.000000
  8 -14.089228 -65.522079 57.461121 -0.363910 -0.009888 0.931382 0.000368 0.884113 1 8 1.000000
  8 -13.720178 -65.520523 57.606144 0.025942 -0.008667 0.999626 0.000561 0.872738 1 8 1.000000
v_immolator_sheet
  8 -13.720178 -65.520523 57.606144 0.025942 -0.008667 0.999626 0.000561 0.872738 1 8 1.000000
  8 -13.569598 -46.763302 57.665222 0.494780 -0.004089 0.869008 0.538655 0.872023 1 8 1.000000
  8 -13.841129 -46.762669 57.757526 0.081913 -0.009827 0.996591 0.538605 0.881414 1 8 1.000000
v_immolator_sheet
  8 -13.569598 -46.763302 57.665222 0.494780 -0.004089 0.869008 0.538655 0.872023 1 8 1.000000
  8 -13.720178 -65.520523 57.606144 0.025942 -0.008667 0.999626 0.000561 0.872738 1 8 1.000000
  8 -13.409228 -65.522072 57.465851 0.558567 -0.001679 0.829457 0.000563 0.862954 1 8 1.000000
v_immolator_sheet
  8 -13.409228 -65.522072 57.465851 0.558567 -0.001679 0.829457 0.000563 0.862954 1 8 1.000000
  8 -13.288414 -46.767082 57.423019 0.786798 -0.003632 0.617200 0.538583 0.861378 1 8 1.000000
  8 -13.569598 -46.763302 57.665222 0.494780 -0.004089 0.869008 0.538655 0.872023 1 8 1.000000
v_immolator_sheet
  8 -13.288414 -46.767082 57.423019 0.786798 -0.003632 0.617200 0.538583 0.861378 1 8 1.000000
  8 -13.409228 -65.522072 57.465851 0.558567 -0.001679 0.829457 0.000563 0.862954 1 8 1.000000
  8 -13.144316 -46.769180 57.139271 0.990005 -0.002899 0.140998 0.538536 0.851988 1 8 1.000000
v_immolator_sheet
  8 -13.146544 -65.515961 57.217644 0.919757 0.002899 0.392477 0.000758 0.852585 1 8 1.000000
  8 -13.144316 -46.769180 57.139271 0.990005 -0.002899 0.140998 0.538536 0.851988 1 8 1.000000
  8 -13.409228 -65.522072 57.465851 0.558567 -0.001679 0.829457 0.000563 0.862954 1 8 1.000000
v_immolator_sheet
  8 -13.144316 -46.769180 57.139271 0.990005 -0.002899 0.140998 0.538536 0.851988 1 8 1.000000
  8 -13.146544 -65.515961 57.217644 0.919757 0.002899 0.392477 0.000758 0.852585 1 8 1.000000
  8 -13.198818 -46.765282 56.852650 0.856118 -0.001556 -0.516778 0.538654 0.842598 1 8 1.000000
v_immolator_sheet
  8 -13.152647 -65.506653 56.938835 0.882079 -0.000427 -0.471101 0.001028 0.843196 1 8 1.000000
  8 -13.198818 -46.765282 56.852650 0.856118 -0.001556 -0.516778 0.538654 0.842598 1 8 1.000000
  8 -13.146544 -65.515961 57.217644 0.919757 0.002899 0.392477 0.000758 0.852585 1 8 1.000000
v_immolator_sheet
  8 -13.427455 -46.772648 56.671375 0.336597 -0.003754 -0.941641 0.538452 0.833218 1 8 1.000000
  8 -13.198818 -46.765282 56.852650 0.856118 -0.001556 -0.516778 0.538654 0.842598 1 8 1.000000
  8 -13.152647 -65.506653 56.938835 0.882079 -0.000427 -0.471101 0.001028 0.843196 1 8 1.000000
v_immolator_sheet
  8 -13.152647 -65.506653 56.938835 0.882079 -0.000427 -0.471101 0.001028 0.843196 1 8 1.000000
  8 -13.394087 -65.527412 56.766762 0.332048 -0.003693 -0.943255 0.000403 0.833815 1 8 1.000000
  8 -13.427455 -46.772648 56.671375 0.336597 -0.003754 -0.941641 0.538452 0.833218 1 8 1.000000
v_immolator_sheet
  8 -13.745654 -46.772648 56.667366 -0.181590 -0.004669 -0.983363 0.538454 0.823826 1 8 1.000000
  8 -13.427455 -46.772648 56.671375 0.336597 -0.003754 -0.941641 0.538452 0.833218 1 8 1.000000
  8 -13.394087 -65.527412 56.766762 0.332048 -0.003693 -0.943255 0.000403 0.833815 1 8 1.000000
v_immolator_sheet
  8 -13.745654 -46.772648 56.667366 -0.181590 -0.004669 -0.983363 0.538454 0.823826 1 8 1.000000
  8 -13.394087 -65.527412 56.766762 0.332048 -0.003693 -0.943255 0.000403 0.833815 1 8 1.000000
  8 -13.727179 -65.527023 56.743546 0.064150 -0.003967 -0.997932 0.000419 0.824236 1 8 1.000000
v_immolator_sheet
  8 -13.727179 -65.527023 56.743546 0.064150 -0.003967 -0.997932 0.000419 0.824236 1 8 1.000000
  8 -14.090701 -46.769596 56.804142 -0.368491 -0.004120 -0.929622 0.538527 0.813175 1 8 1.000000
  8 -13.745654 -46.772648 56.667366 -0.181590 -0.004669 -0.983363 0.538454 0.823826 1 8 1.000000
v_immolator_sheet
  8 -12.721810 -57.210693 56.540920 0.083500 -0.064426 0.994423 0.253117 0.756073 1 8 1.000000
  8 -12.477574 -57.101025 56.437771 0.700056 0.100043 0.707045 0.254443 0.747579 1 8 1.000000
  8 -13.606125 -54.461777 56.872967 0.717853 0.238755 0.653975 0.338362 0.748153 1 8 1.000000
v_immolator_sheet
  8 -12.211444 -60.062458 56.350384 0.815903 0.037081 0.576998 0.164535 0.746263 1 8 1.000000
  8 -12.170477 -60.044224 56.153591 0.999658 0.025850 0.003998 0.165237 0.740122 1 8 1.000000
  8 -12.402011 -56.997990 56.253658 0.951849 0.208870 0.224404 0.256429 0.741290 1 8 1.000000
v_immolator_sheet
  8 -12.402011 -56.997990 56.253658 0.951849 0.208870 0.224404 0.256429 0.741290 1 8 1.000000
  8 -12.477574 -57.101025 56.437771 0.700056 0.100043 0.707045 0.254443 0.747579 1 8 1.000000
  8 -12.211444 -60.062458 56.350384 0.815903 0.037081 0.576998 0.164535 0.746263 1 8 1.000000
v_immolator_sheet
  8 -12.477574 -57.101025 56.437771 0.700056 0.100043 0.707045 0.254443 0.747579 1 8 1.000000
  8 -12.402011 -56.997990 56.253658 0.951849 0.208870 0.224404 0.256429 0.741290 1 8 1.000000
  8 -13.550945 -54.332359 56.643242 0.877090 0.432548 0.208842 0.339538 0.740665 1 8 1.000000
v_immolator_sheet
  8 -13.550945 -54.332359 56.643242 0.877090 0.432548 0.208842 0.339538 0.740665 1 8 1.000000
  8 -13.606125 -54.461777 56.872967 0.717853 0.238755 0.653975 0.338362 0.748153 1 8 1.000000
  8 -12.477574 -57.101025 56.437771 0.700056 0.100043 0.707045 0.254443 0.747579 1 8 1.000000
v_immolator_sheet
  8 -13.606125 -54.461777 56.872967 0.717853 0.238755 0.653975 0.338362 0.748153 1 8 1.000000
  8 -13.550945 -54.332359 56.643242 0.877090 0.432548 0.208842 0.339538 0.740665 1 8 1.000000
  8 -14.901644 -52.341755 57.217888 0.873672 0.443261 0.200541 0.410736 0.740666 1 8 1.000000
v_immolator_sheet
  8 -14.901644 -52.341755 57.217888 0.873672 0.443261 0.200541 0.410736 0.740666 1 8 1.000000
  8 -14.972022 -52.467075 57.446705 0.739021 0.178964 0.649477 0.410855 0.748761 1 8 1.000000
  8 -13.606125 -54.461777 56.872967 0.717853 0.238755 0.653975 0.338362 0.748153 1 8 1.000000
v_immolator_sheet
  8 -13.809271 -54.643627 57.009663 0.176127 -0.130989 0.975613 0.337341 0.756641 1 8 1.000000
  8 -13.606125 -54.461777 56.872967 0.717853 0.238755 0.653975 0.338362 0.748153 1 8 1.000000
  8 -14.972022 -52.467075 57.446705 0.739021 0.178964 0.649477 0.410855 0.748761 1 8 1.000000
v_immolator_sheet
  8 -14.972022 -52.467075 57.446705 0.739021 0.178964 0.649477 0.410855 0.748761 1 8 1.000000
  8 -15.168970 -52.639229 57.586899 0.220744 -0.253033 0.941938 0.410729 0.757651 1 8 1.000000
  8 -13.809271 -54.643627 57.009663 0.176127 -0.130989 0.975613 0.337341 0.756641 1 8 1.000000
v_immolator_sheet
  8 -14.009243 -54.731159 56.926418 -0.621642 -0.477806 0.620695 0.337337 0.763206 1 8 1.000000
  8 -13.809271 -54.643627 57.009663 0.176127 -0.130989 0.975613 0.337341 0.756641 1 8 1.000000
  8 -15.168970 -52.639229 57.586899 0.220744 -0.253033 0.941938 0.410729 0.757651 1 8 1.000000
v_immolator_sheet
  8 -15.168970 -52.639229 57.586899 0.220744 -0.253033 0.941938 0.410729 0.757651 1 8 1.000000
  8 -15.359242 -52.728058 57.507862 -0.599588 -0.571325 0.560430 0.410351 0.764192 1 8 1.000000
  8 -14.009243 -54.731159 56.926418 -0.621642 -0.477806 0.620695 0.337337 0.763206 1 8 1.000000
v_immolator_sheet
  8 -14.087555 -54.672546 56.672573 -0.876479 -0.443412 -0.187540 0.338348 0.770959 1 8 1.000000
  8 -14.009243 -54.731159 56.926418 -0.621642 -0.477806 0.620695 0.337337 0.763206 1 8 1.000000
  8 -15.359242 -52.728058 57.507862 -0.599588 -0.571325 0.560430 0.410351 0.764192 1 8 1.000000
v_immolator_sheet
  8 -15.359242 -52.728058 57.507862 -0.599588 -0.571325 0.560430 0.410351 0.764192 1 8 1.000000
  8 -15.431556 -52.681744 57.256123 -0.882060 -0.438039 -0.173470 0.409869 0.771909 1 8 1.000000
  8 -14.087555 -54.672546 56.672573 -0.876479 -0.443412 -0.187540 0.338348 0.770959 1 8 1.000000
v_immolator_sheet
  8 -13.998159 -54.502041 56.396545 -0.664442 -0.223159 -0.713244 0.339728 0.780546 1 8 1.000000
  8 -14.087555 -54.672546 56.672573 -0.876479 -0.443412 -0.187540 0.338348 0.770959 1 8 1.000000
  8 -15.431556 -52.681744 57.256123 -0.882060 -0.438039 -0.173470 0.409869 0.771909 1 8 1.000000
v_immolator_sheet
  8 -15.431556 -52.681744 57.256123 -0.882060 -0.438039 -0.173470 0.409869 0.771909 1 8 1.000000
  8 -15.343261 -52.527241 56.979000 -0.735296 -0.167550 -0.656709 0.409485 0.781407 1 8 1.000000
  8 -13.998159 -54.502041 56.396545 -0.664442 -0.223159 -0.713244 0.339728 0.780546 1 8 1.000000
v_immolator_sheet
  8 -12.170477 -60.044224 56.153591 0.999658 0.025850 0.003998 0.165237 0.740122 1 8 1.000000
  8 -12.217191 -60.052513 55.907078 0.717931 0.002197 -0.696110 0.165244 0.732312 1 8 1.000000
  8 -12.423827 -56.891575 56.010418 0.796950 0.259932 -0.545257 0.258867 0.733860 1 8 1.000000
v_immolator_sheet
  8 -12.423827 -56.891575 56.010418 0.796950 0.259932 -0.545257 0.258867 0.733860 1 8 1.000000
  8 -12.402011 -56.997990 56.253658 0.951849 0.208870 0.224404 0.256429 0.741290 1 8 1.000000
  8 -12.170477 -60.044224 56.153591 0.999658 0.025850 0.003998 0.165237 0.740122 1 8 1.000000
v_immolator_sheet
  8 -12.402011 -56.997990 56.253658 0.951849 0.208870 0.224404 0.256429 0.741290 1 8 1.000000
  8 -12.423827 -56.891575 56.010418 0.796950 0.259932 -0.545257 0.258867 0.733860 1 8 1.000000
  8 -13.597941 -54.234261 56.342793 0.680857 0.493559 -0.541140 0.340850 0.731829 1 8 1.000000
v_immolator_sheet
  8 -13.597941 -54.234261 56.342793 0.680857 0.493559 -0.541140 0.340850 0.731829 1 8 1.000000
  8 -13.550945 -54.332359 56.643242 0.877090 0.432548 0.208842 0.339538 0.740665 1 8 1.000000
  8 -12.402011 -56.997990 56.253658 0.951849 0.208870 0.224404 0.256429 0.741290 1 8 1.000000
v_immolator_sheet
  8 -13.550945 -54.332359 56.643242 0.877090 0.432548 0.208842 0.339538 0.740665 1 8 1.000000
  8 -13.597941 -54.234261 56.342793 0.680857 0.493559 -0.541140 0.340850 0.731829 1 8 1.000000
  8 -14.956039 -52.266258 56.917843 0.587104 0.573859 -0.570959 0.410495 0.731465 1 8 1.000000
v_immolator_sheet
  8 -14.956039 -52.266258 56.917843 0.587104 0.573859 -0.570959 0.410495 0.731465 1 8 1.000000
  8 -14.901644 -52.341755 57.217888 0.873672 0.443261 0.200541 0.410736 0.740666 1 8 1.000000
  8 -13.550945 -54.332359 56.643242 0.877090 0.432548 0.208842 0.339538 0.740665 1 8 1.000000
v_immolator_sheet
  8 -14.901644 -52.341755 57.217888 0.873672 0.443261 0.200541 0.410736 0.740666 1 8 1.000000
  8 -14.956039 -52.266258 56.917843 0.587104 0.573859 -0.570959 0.410495 0.731465 1 8 1.000000
  8 -16.306160 -49.672737 58.130779 0.551550 0.493869 -0.672225 0.505644 0.729027 1 8 1.000000
v_immolator_sheet
  8 -16.306160 -49.672737 58.130779 0.551550 0.493869 -0.672225 0.505644 0.729027 1 8 1.000000
  8 -16.197771 -49.771629 58.458450 0.940277 0.339713 0.021761 0.506074 0.739835 1 8 1.000000
  8 -14.901644 -52.341755 57.217888 0.873672 0.443261 0.200541 0.410736 0.740666 1 8 1.000000
v_immolator_sheet
  8 -14.972022 -52.467075 57.446705 0.739021 0.178964 0.649477 0.410855 0.748761 1 8 1.000000
  8 -14.901644 -52.341755 57.217888 0.873672 0.443261 0.200541 0.410736 0.740666 1 8 1.000000
  8 -16.197771 -49.771629 58.458450 0.940277 0.339713 0.021761 0.506074 0.739835 1 8 1.000000
v_immolator_sheet
  8 -16.197771 -49.771629 58.458450 0.940277 0.339713 0.021761 0.506074 0.739835 1 8 1.000000
  8 -16.236374 -49.874527 58.752674 0.896224 0.106878 0.430533 0.507464 0.749143 1 8 1.000000
  8 -14.972022 -52.467075 57.446705 0.739021 0.178964 0.649477 0.410855 0.748761 1 8 1.000000
v_immolator_sheet
  8 -15.168970 -52.639229 57.586899 0.220744 -0.253033 0.941938 0.410729 0.757651 1 8 1.000000
  8 -14.972022 -52.467075 57.446705 0.739021 0.178964 0.649477 0.410855 0.748761 1 8 1.000000
  8 -16.236374 -49.874527 58.752674 0.896224 0.106878 0.430533 0.507464 0.749143 1 8 1.000000
v_immolator_sheet
  8 -16.236374 -49.874527 58.752674 0.896224 0.106878 0.430533 0.507464 0.749143 1 8 1.000000
  8 -16.427057 -49.977741 58.994442 0.427848 -0.313524 0.847731 0.509657 0.758520 1 8 1.000000
  8 -15.168970 -52.639229 57.586899 0.220744 -0.253033 0.941938 0.410729 0.757651 1 8 1.000000
v_immolator_sheet
  8 -15.359242 -52.728058 57.507862 -0.599588 -0.571325 0.560430 0.410351 0.764192 1 8 1.000000
  8 -15.168970 -52.639229 57.586899 0.220744 -0.253033 0.941938 0.410729 0.757651 1 8 1.000000
  8 -16.427057 -49.977741 58.994442 0.427848 -0.313524 0.847731 0.509657 0.758520 1 8 1.000000
v_immolator_sheet
  8 -16.427057 -49.977741 58.994442 0.427848 -0.313524 0.847731 0.509657 0.758520 1 8 1.000000
  8 -16.646751 -49.997250 58.978374 -0.510311 -0.578612 0.636232 0.510827 0.764963 1 8 1.000000
  8 -15.359242 -52.728058 57.507862 -0.599588 -0.571325 0.560430 0.410351 0.764192 1 8 1.000000
v_immolator_sheet
  8 -15.431556 -52.681744 57.256123 -0.882060 -0.438039 -0.173470 0.409869 0.771909 1 8 1.000000
  8 -15.359242 -52.728058 57.507862 -0.599588 -0.571325 0.560430 0.410351 0.764192 1 8 1.000000
  8 -16.646751 -49.997250 58.978374 -0.510311 -0.578612 0.636232 0.510827 0.764963 1 8 1.000000
v_immolator_sheet
  8 -16.646751 -49.997250 58.978374 -0.510311 -0.578612 0.636232 0.510827 0.764963 1 8 1.000000
  8 -16.766760 -49.921841 58.714207 -0.908533 -0.417811 0.001190 0.509746 0.773788 1 8 1.000000
  8 -15.431556 -52.681744 57.256123 -0.882060 -0.438039 -0.173470 0.409869 0.771909 1 8 1.000000
v_immolator_sheet
  8 -15.343261 -52.527241 56.979000 -0.735296 -0.167550 -0.656709 0.409485 0.781407 1 8 1.000000
  8 -15.431556 -52.681744 57.256123 -0.882060 -0.438039 -0.173470 0.409869 0.771909 1 8 1.000000
  8 -16.766760 -49.921841 58.714207 -0.908533 -0.417811 0.001190 0.509746 0.773788 1 8 1.000000
v_immolator_sheet
  8 -16.766760 -49.921841 58.714207 -0.908533 -0.417811 0.001190 0.509746 0.773788 1 8 1.000000
  8 -16.716537 -49.795464 58.356480 -0.870964 -0.196637 -0.450284 0.506682 0.784490 1 8 1.000000
  8 -15.343261 -52.527241 56.979000 -0.735296 -0.167550 -0.656709 0.409485 0.781407 1 8 1.000000
v_immolator_sheet
  8 -16.716537 -49.795464 58.356480 -0.870964 -0.196637 -0.450284 0.506682 0.784490 1 8 1.000000
  8 -18.266869 -46.553329 60.471924 -0.693632 -0.719420 0.036195 0.625509 0.794925 1 8 1.000000
  8 -18.207369 -46.286827 59.901455 -0.624031 -0.565128 -0.539644 0.620976 0.812439 1 8 1.000000
v_immolator_sheet
  8 -18.266869 -46.553329 60.471924 -0.693632 -0.719420 0.036195 0.625509 0.794925 1 8 1.000000
  8 -16.716537 -49.795464 58.356480 -0.870964 -0.196637 -0.450284 0.506682 0.784490 1 8 1.000000
  8 -16.766760 -49.921841 58.714207 -0.908533 -0.417811 0.001190 0.509746 0.773788 1 8 1.000000
v_immolator_sheet
  8 -16.766760 -49.921841 58.714207 -0.908533 -0.417811 0.001190 0.509746 0.773788 1 8 1.000000
  8 -17.984642 -46.527557 60.974613 -0.329120 -0.751079 0.572328 0.632094 0.779863 1 8 1.000000
  8 -18.266869 -46.553329 60.471924 -0.693632 -0.719420 0.036195 0.625509 0.794925 1 8 1.000000
v_immolator_sheet
  8 -17.984642 -46.527557 60.974613 -0.329120 -0.751079 0.572328 0.632094 0.779863 1 8 1.000000
  8 -16.766760 -49.921841 58.714207 -0.908533 -0.417811 0.001190 0.509746 0.773788 1 8 1.000000
  8 -16.646751 -49.997250 58.978374 -0.510311 -0.578612 0.636232 0.510827 0.764963 1 8 1.000000
v_immolator_sheet
  8 -16.646751 -49.997250 58.978374 -0.510311 -0.578612 0.636232 0.510827 0.764963 1 8 1.000000
  8 -17.552446 -46.580956 60.989479 0.240675 -0.662419 0.709419 0.628477 0.767893 1 8 1.000000
  8 -17.984642 -46.527557 60.974613 -0.329120 -0.751079 0.572328 0.632094 0.779863 1 8 1.000000
v_immolator_sheet
  8 -17.552446 -46.580956 60.989479 0.240675 -0.662419 0.709419 0.628477 0.767893 1 8 1.000000
  8 -16.646751 -49.997250 58.978374 -0.510311 -0.578612 0.636232 0.510827 0.764963 1 8 1.000000
  8 -16.427057 -49.977741 58.994442 0.427848 -0.313524 0.847731 0.509657 0.758520 1 8 1.000000
v_immolator_sheet
  8 -16.427057 -49.977741 58.994442 0.427848 -0.313524 0.847731 0.509657 0.758520 1 8 1.000000
  8 -17.129486 -46.412415 60.523270 0.821511 -0.520654 0.232463 0.624113 0.750334 1 8 1.000000
  8 -17.552446 -46.580956 60.989479 0.240675 -0.662419 0.709419 0.628477 0.767893 1 8 1.000000
v_immolator_sheet
  8 -17.129486 -46.412415 60.523270 0.821511 -0.520654 0.232463 0.624113 0.750334 1 8 1.000000
  8 -16.427057 -49.977741 58.994442 0.427848 -0.313524 0.847731 0.509657 0.758520 1 8 1.000000
  8 -16.236374 -49.874527 58.752674 0.896224 0.106878 0.430533 0.507464 0.749143 1 8 1.000000
v_immolator_sheet
  8 -16.236374 -49.874527 58.752674 0.896224 0.106878 0.430533 0.507464 0.749143 1 8 1.000000
  8 -17.069988 -46.145908 59.952801 0.866821 -0.311545 -0.389309 0.623312 0.732941 1 8 1.000000
  8 -17.129486 -46.412415 60.523270 0.821511 -0.520654 0.232463 0.624113 0.750334 1 8 1.000000
v_immolator_sheet
  8 -17.069988 -46.145908 59.952801 0.866821 -0.311545 -0.389309 0.623312 0.732941 1 8 1.000000
  8 -16.236374 -49.874527 58.752674 0.896224 0.106878 0.430533 0.507464 0.749143 1 8 1.000000
  8 -16.197771 -49.771629 58.458450 0.940277 0.339713 0.021761 0.506074 0.739835 1 8 1.000000
v_immolator_sheet
  8 -16.197771 -49.771629 58.458450 0.940277 0.339713 0.021761 0.506074 0.739835 1 8 1.000000
  8 -17.374712 -45.904690 59.441109 0.340016 0.227216 -0.912558 0.624858 0.715374 1 8 1.000000
  8 -17.069988 -46.145908 59.952801 0.866821 -0.311545 -0.389309 0.623312 0.732941 1 8 1.000000
v_immolator_sheet
  8 -17.374712 -45.904690 59.441109 0.340016 0.227216 -0.912558 0.624858 0.715374 1 8 1.000000
  8 -16.197771 -49.771629 58.458450 0.940277 0.339713 0.021761 0.506074 0.739835 1 8 1.000000
  8 -16.306160 -49.672737 58.130779 0.551550 0.493869 -0.672225 0.505644 0.729027 1 8 1.000000
v_immolator_sheet
  8 -16.306160 -49.672737 58.130779 0.551550 0.493869 -0.672225 0.505644 0.729027 1 8 1.000000
  8 -17.806906 -45.961391 59.427078 -0.207410 -0.184703 -0.960659 0.625014 0.703465 1 8 1.000000
  8 -17.374712 -45.904690 59.441109 0.340016 0.227216 -0.912558 0.624858 0.715374 1 8 1.000000
v_immolator_sheet
  8 -17.806906 -45.961391 59.427078 -0.207410 -0.184703 -0.960659 0.625014 0.703465 1 8 1.000000
  8 -16.306160 -49.672737 58.130779 0.551550 0.493869 -0.672225 0.505644 0.729027 1 8 1.000000
  8 -16.525753 -49.692245 58.114712 -0.437132 0.166698 -0.883814 0.506861 0.722561 1 8 1.000000
v_immolator_sheet
  8 -16.525753 -49.692245 58.114712 -0.437132 0.166698 -0.883814 0.506861 0.722561 1 8 1.000000
  8 -16.306160 -49.672737 58.130779 0.551550 0.493869 -0.672225 0.505644 0.729027 1 8 1.000000
  8 -14.956039 -52.266258 56.917843 0.587104 0.573859 -0.570959 0.410495 0.731465 1 8 1.000000
v_immolator_sheet
  8 -14.956039 -52.266258 56.917843 0.587104 0.573859 -0.570959 0.410495 0.731465 1 8 1.000000
  8 -15.146412 -52.355087 56.838806 -0.242290 0.226847 -0.943311 0.410294 0.724837 1 8 1.000000
  8 -16.525753 -49.692245 58.114712 -0.437132 0.166698 -0.883814 0.506861 0.722561 1 8 1.000000
v_immolator_sheet
  8 -15.146412 -52.355087 56.838806 -0.242290 0.226847 -0.943311 0.410294 0.724837 1 8 1.000000
  8 -14.956039 -52.266258 56.917843 0.587104 0.573859 -0.570959 0.410495 0.731465 1 8 1.000000
  8 -13.597941 -54.234261 56.342793 0.680857 0.493559 -0.541140 0.340850 0.731829 1 8 1.000000
v_immolator_sheet
  8 -13.597941 -54.234261 56.342793 0.680857 0.493559 -0.541140 0.340850 0.731829 1 8 1.000000
  8 -13.793612 -54.319489 56.260056 -0.115394 0.138741 -0.983583 0.340908 0.725176 1 8 1.000000
  8 -15.146412 -52.355087 56.838806 -0.242290 0.226847 -0.943311 0.410294 0.724837 1 8 1.000000
v_immolator_sheet
  8 -16.525753 -49.692245 58.114712 -0.437132 0.166698 -0.883814 0.506861 0.722561 1 8 1.000000
  8 -18.207369 -46.286827 59.901455 -0.624031 -0.565128 -0.539644 0.621356 0.684209 1 8 1.000000
  8 -17.806906 -45.961391 59.427078 -0.207410 -0.184703 -0.960659 0.625014 0.703465 1 8 1.000000
v_immolator_sheet
  8 -18.207369 -46.286827 59.901455 -0.624031 -0.565128 -0.539644 0.621356 0.684209 1 8 1.000000
  8 -16.525753 -49.692245 58.114712 -0.437132 0.166698 -0.883814 0.506861 0.722561 1 8 1.000000
  8 -16.716537 -49.795464 58.356480 -0.870964 -0.196637 -0.450284 0.508017 0.712991 1 8 1.000000
v_immolator_sheet
  8 -16.716537 -49.795464 58.356480 -0.870964 -0.196637 -0.450284 0.508017 0.712991 1 8 1.000000
  8 -16.525753 -49.692245 58.114712 -0.437132 0.166698 -0.883814 0.506861 0.722561 1 8 1.000000
  8 -15.146412 -52.355087 56.838806 -0.242290 0.226847 -0.943311 0.410294 0.724837 1 8 1.000000
v_immolator_sheet
  8 -15.146412 -52.355087 56.838806 -0.242290 0.226847 -0.943311 0.410294 0.724837 1 8 1.000000
  8 -15.343261 -52.527241 56.979000 -0.735296 -0.167550 -0.656709 0.410148 0.716194 1 8 1.000000
  8 -16.716537 -49.795464 58.356480 -0.870964 -0.196637 -0.450284 0.508017 0.712991 1 8 1.000000
v_immolator_sheet
  8 -15.343261 -52.527241 56.979000 -0.735296 -0.167550 -0.656709 0.410148 0.716194 1 8 1.000000
  8 -15.146412 -52.355087 56.838806 -0.242290 0.226847 -0.943311 0.410294 0.724837 1 8 1.000000
  8 -13.793612 -54.319489 56.260056 -0.115394 0.138741 -0.983583 0.340908 0.725176 1 8 1.000000
v_immolator_sheet
  8 -13.793612 -54.319489 56.260056 -0.115394 0.138741 -0.983583 0.340908 0.725176 1 8 1.000000
  8 -13.998159 -54.502041 56.396545 -0.664442 -0.223159 -0.713244 0.339778 0.716612 1 8 1.000000
  8 -15.343261 -52.527241 56.979000 -0.735296 -0.167550 -0.656709 0.410148 0.716194 1 8 1.000000
v_immolator_sheet
  8 -13.998159 -54.502041 56.396545 -0.664442 -0.223159 -0.713244 0.339778 0.716612 1 8 1.000000
  8 -13.793612 -54.319489 56.260056 -0.115394 0.138741 -0.983583 0.340908 0.725176 1 8 1.000000
  8 -12.639601 -56.913101 55.937046 -0.004639 0.081029 -0.996701 0.259569 0.727217 1 8 1.000000
v_immolator_sheet
  8 -13.793612 -54.319489 56.260056 -0.115394 0.138741 -0.983583 0.340908 0.725176 1 8 1.000000
  8 -13.597941 -54.234261 56.342793 0.680857 0.493559 -0.541140 0.340850 0.731829 1 8 1.000000
  8 -12.423827 -56.891575 56.010418 0.796950 0.259932 -0.545257 0.258867 0.733860 1 8 1.000000
v_immolator_sheet
  8 -12.423827 -56.891575 56.010418 0.796950 0.259932 -0.545257 0.258867 0.733860 1 8 1.000000
  8 -12.639601 -56.913101 55.937046 -0.004639 0.081029 -0.996701 0.259569 0.727217 1 8 1.000000
  8 -13.793612 -54.319489 56.260056 -0.115394 0.138741 -0.983583 0.340908 0.725176 1 8 1.000000
v_immolator_sheet
  8 -12.639601 -56.913101 55.937046 -0.004639 0.081029 -0.996701 0.259569 0.727217 1 8 1.000000
  8 -12.423827 -56.891575 56.010418 0.796950 0.259932 -0.545257 0.258867 0.733860 1 8 1.000000
  8 -12.217191 -60.052513 55.907078 0.717931 0.002197 -0.696110 0.165244 0.732312 1 8 1.000000
v_immolator_sheet
  8 -12.217191 -60.052513 55.907078 0.717931 0.002197 -0.696110 0.165244 0.732312 1 8 1.000000
  8 -12.443173 -60.126129 55.856827 -0.126103 -0.038209 -0.991281 0.163284 0.725254 1 8 1.000000
  8 -12.639601 -56.913101 55.937046 -0.004639 0.081029 -0.996701 0.259569 0.727217 1 8 1.000000
v_immolator_sheet
  8 -12.443173 -60.126129 55.856827 -0.126103 -0.038209 -0.991281 0.163284 0.725254 1 8 1.000000
  8 -12.217191 -60.052513 55.907078 0.717931 0.002197 -0.696110 0.165244 0.732312 1 8 1.000000
  8 -12.311344 -65.429062 56.349598 0.768078 -0.065495 -0.636998 0.000368 0.733567 1 8 1.000000
v_immolator_sheet
  8 -12.296727 -65.402878 56.592594 0.999771 -0.019929 0.007843 0.000631 0.741236 1 8 1.000000
  8 -12.311344 -65.429062 56.349598 0.768078 -0.065495 -0.636998 0.000368 0.733567 1 8 1.000000
  8 -12.217191 -60.052513 55.907078 0.717931 0.002197 -0.696110 0.165244 0.732312 1 8 1.000000
v_immolator_sheet
  8 -12.217191 -60.052513 55.907078 0.717931 0.002197 -0.696110 0.165244 0.732312 1 8 1.000000
  8 -12.170477 -60.044224 56.153591 0.999658 0.025850 0.003998 0.165237 0.740122 1 8 1.000000
  8 -12.296727 -65.402878 56.592594 0.999771 -0.019929 0.007843 0.000631 0.741236 1 8 1.000000
v_immolator_sheet
  8 -12.311794 -65.380806 56.785984 0.854639 0.023744 0.518679 0.000858 0.747243 1 8 1.000000
  8 -12.296727 -65.402878 56.592594 0.999771 -0.019929 0.007843 0.000631 0.741236 1 8 1.000000
  8 -12.170477 -60.044224 56.153591 0.999658 0.025850 0.003998 0.165237 0.740122 1 8 1.000000
v_immolator_sheet
  8 -12.170477 -60.044224 56.153591 0.999658 0.025850 0.003998 0.165237 0.740122 1 8 1.000000
  8 -12.211444 -60.062458 56.350384 0.815903 0.037081 0.576998 0.164535 0.746263 1 8 1.000000
  8 -12.311794 -65.380806 56.785984 0.854639 0.023744 0.518679 0.000858 0.747243 1 8 1.000000
v_immolator_sheet
  8 -12.523139 -65.364159 56.914104 0.150276 0.077702 0.985586 0.000980 0.754843 1 8 1.000000
  8 -12.311794 -65.380806 56.785984 0.854639 0.023744 0.518679 0.000858 0.747243 1 8 1.000000
  8 -12.211444 -60.062458 56.350384 0.815903 0.037081 0.576998 0.164535 0.746263 1 8 1.000000
v_immolator_sheet
  8 -12.211444 -60.062458 56.350384 0.815903 0.037081 0.576998 0.164535 0.746263 1 8 1.000000
  8 -12.443390 -60.143009 56.483929 0.158182 0.031527 0.986906 0.162119 0.754515 1 8 1.000000
  8 -12.523139 -65.364159 56.914104 0.150276 0.077702 0.985586 0.000980 0.754843 1 8 1.000000
v_immolator_sheet
  8 -12.734421 -65.367485 56.861336 -0.657355 0.069737 0.750347 0.000939 0.761447 1 8 1.000000
  8 -12.523139 -65.364159 56.914104 0.150276 0.077702 0.985586 0.000980 0.754843 1 8 1.000000
  8 -12.443390 -60.143009 56.483929 0.158182 0.031527 0.986906 0.162119 0.754515 1 8 1.000000
v_immolator_sheet
  8 -12.443390 -60.143009 56.483929 0.158182 0.031527 0.986906 0.162119 0.754515 1 8 1.000000
  8 -12.677973 -60.219528 56.433678 -0.622519 0.005097 0.782588 0.160008 0.761928 1 8 1.000000
  8 -12.734421 -65.367485 56.861336 -0.657355 0.069737 0.750347 0.000939 0.761447 1 8 1.000000
v_immolator_sheet
  8 -12.818350 -65.388855 56.658813 -0.999953 0.009613 0.000946 0.000765 0.768063 1 8 1.000000
  8 -12.734421 -65.367485 56.861336 -0.657355 0.069737 0.750347 0.000939 0.761447 1 8 1.000000
  8 -12.677973 -60.219528 56.433678 -0.622519 0.005097 0.782588 0.160008 0.761928 1 8 1.000000
v_immolator_sheet
  8 -12.677973 -60.219528 56.433678 -0.622519 0.005097 0.782588 0.160008 0.761928 1 8 1.000000
  8 -12.775103 -60.246300 56.229351 -0.999357 -0.033480 0.012818 0.159452 0.768764 1 8 1.000000
  8 -12.818350 -65.388855 56.658813 -0.999953 0.009613 0.000946 0.000765 0.768063 1 8 1.000000
v_immolator_sheet
  8 -12.725570 -65.415833 56.425056 -0.759679 -0.047518 -0.648559 0.000532 0.775708 1 8 1.000000
  8 -12.818350 -65.388855 56.658813 -0.999953 0.009613 0.000946 0.000765 0.768063 1 8 1.000000
  8 -12.775103 -60.246300 56.229351 -0.999357 -0.033480 0.012818 0.159452 0.768764 1 8 1.000000
v_immolator_sheet
  8 -12.775103 -60.246300 56.229351 -0.999357 -0.033480 0.012818 0.159452 0.768764 1 8 1.000000
  8 -12.677819 -60.207684 55.990372 -0.734019 -0.049624 -0.677313 0.160708 0.776505 1 8 1.000000
  8 -12.725570 -65.415833 56.425056 -0.759679 -0.047518 -0.648559 0.000532 0.775708 1 8 1.000000
v_immolator_sheet
  8 -12.510525 -65.432579 56.296936 -0.138830 -0.081272 -0.986976 0.000368 0.783380 1 8 1.000000
  8 -12.725570 -65.415833 56.425056 -0.759679 -0.047518 -0.648559 0.000532 0.775708 1 8 1.000000
  8 -12.677819 -60.207684 55.990372 -0.734019 -0.049624 -0.677313 0.160708 0.776505 1 8 1.000000
v_immolator_sheet
  8 -12.677819 -60.207684 55.990372 -0.734019 -0.049624 -0.677313 0.160708 0.776505 1 8 1.000000
  8 -12.443173 -60.126129 55.856827 -0.126103 -0.038209 -0.991281 0.163022 0.784695 1 8 1.000000
  8 -12.510525 -65.432579 56.296936 -0.138830 -0.081272 -0.986976 0.000368 0.783380 1 8 1.000000
v_immolator_sheet
  8 -12.311344 -65.429062 56.349598 0.768078 -0.065495 -0.636998 0.000368 0.789674 1 8 1.000000
  8 -12.510525 -65.432579 56.296936 -0.138830 -0.081272 -0.986976 0.000368 0.783380 1 8 1.000000
  8 -12.443173 -60.126129 55.856827 -0.126103 -0.038209 -0.991281 0.163022 0.784695 1 8 1.000000
v_immolator_sheet
  8 -13.606125 -54.461777 56.872967 0.717853 0.238755 0.653975 0.338362 0.748153 1 8 1.000000
  8 -13.809271 -54.643627 57.009663 0.176127 -0.130989 0.975613 0.337341 0.756641 1 8 1.000000
  8 -12.721810 -57.210693 56.540920 0.083500 -0.064426 0.994423 0.253117 0.756073 1 8 1.000000
v_immolator_sheet
  8 -12.944084 -57.233517 56.466850 -0.698647 -0.218609 0.681250 0.253813 0.763205 1 8 1.000000
  8 -12.721810 -57.210693 56.540920 0.083500 -0.064426 0.994423 0.253117 0.756073 1 8 1.000000
  8 -13.809271 -54.643627 57.009663 0.176127 -0.130989 0.975613 0.337341 0.756641 1 8 1.000000
v_immolator_sheet
  8 -13.809271 -54.643627 57.009663 0.176127 -0.130989 0.975613 0.337341 0.756641 1 8 1.000000
  8 -14.009243 -54.731159 56.926418 -0.621642 -0.477806 0.620695 0.337337 0.763206 1 8 1.000000
  8 -12.944084 -57.233517 56.466850 -0.698647 -0.218609 0.681250 0.253813 0.763205 1 8 1.000000
v_immolator_sheet
  8 -13.012113 -57.155888 56.259300 -0.952698 -0.217360 -0.212416 0.256038 0.769966 1 8 1.000000
  8 -12.944084 -57.233517 56.466850 -0.698647 -0.218609 0.681250 0.253813 0.763205 1 8 1.000000
  8 -14.009243 -54.731159 56.926418 -0.621642 -0.477806 0.620695 0.337337 0.763206 1 8 1.000000
v_immolator_sheet
  8 -14.009243 -54.731159 56.926418 -0.621642 -0.477806 0.620695 0.337337 0.763206 1 8 1.000000
  8 -14.087555 -54.672546 56.672573 -0.876479 -0.443412 -0.187540 0.338348 0.770959 1 8 1.000000
  8 -13.012113 -57.155888 56.259300 -0.952698 -0.217360 -0.212416 0.256038 0.769966 1 8 1.000000
v_immolator_sheet
  8 -12.885937 -57.023163 56.039902 -0.600440 -0.086553 -0.794971 0.258491 0.778281 1 8 1.000000
  8 -13.012113 -57.155888 56.259300 -0.952698 -0.217360 -0.212416 0.256038 0.769966 1 8 1.000000
  8 -14.087555 -54.672546 56.672573 -0.876479 -0.443412 -0.187540 0.338348 0.770959 1 8 1.000000
v_immolator_sheet
  8 -14.087555 -54.672546 56.672573 -0.876479 -0.443412 -0.187540 0.338348 0.770959 1 8 1.000000
  8 -13.998159 -54.502041 56.396545 -0.664442 -0.223159 -0.713244 0.339728 0.780546 1 8 1.000000
  8 -12.885937 -57.023163 56.039902 -0.600440 -0.086553 -0.794971 0.258491 0.778281 1 8 1.000000
v_immolator_sheet
  8 -12.639601 -56.913101 55.937046 -0.004639 0.081029 -0.996701 0.259556 0.786694 1 8 1.000000
  8 -12.885937 -57.023163 56.039902 -0.600440 -0.086553 -0.794971 0.258491 0.778281 1 8 1.000000
  8 -13.998159 -54.502041 56.396545 -0.664442 -0.223159 -0.713244 0.339728 0.780546 1 8 1.000000
v_immolator_sheet
  8 -12.885937 -57.023163 56.039902 -0.600440 -0.086553 -0.794971 0.258491 0.778281 1 8 1.000000
  8 -12.639601 -56.913101 55.937046 -0.004639 0.081029 -0.996701 0.259556 0.786694 1 8 1.000000
  8 -12.443173 -60.126129 55.856827 -0.126103 -0.038209 -0.991281 0.163022 0.784695 1 8 1.000000
v_immolator_sheet
  8 -12.443173 -60.126129 55.856827 -0.126103 -0.038209 -0.991281 0.163022 0.784695 1 8 1.000000
  8 -12.677819 -60.207684 55.990372 -0.734019 -0.049624 -0.677313 0.160708 0.776505 1 8 1.000000
  8 -12.885937 -57.023163 56.039902 -0.600440 -0.086553 -0.794971 0.258491 0.778281 1 8 1.000000
v_immolator_sheet
  8 -13.012113 -57.155888 56.259300 -0.952698 -0.217360 -0.212416 0.256038 0.769966 1 8 1.000000
  8 -12.885937 -57.023163 56.039902 -0.600440 -0.086553 -0.794971 0.258491 0.778281 1 8 1.000000
  8 -12.677819 -60.207684 55.990372 -0.734019 -0.049624 -0.677313 0.160708 0.776505 1 8 1.000000
v_immolator_sheet
  8 -12.677819 -60.207684 55.990372 -0.734019 -0.049624 -0.677313 0.160708 0.776505 1 8 1.000000
  8 -12.775103 -60.246300 56.229351 -0.999357 -0.033480 0.012818 0.159452 0.768764 1 8 1.000000
  8 -13.012113 -57.155888 56.259300 -0.952698 -0.217360 -0.212416 0.256038 0.769966 1 8 1.000000
v_immolator_sheet
  8 -12.944084 -57.233517 56.466850 -0.698647 -0.218609 0.681250 0.253813 0.763205 1 8 1.000000
  8 -13.012113 -57.155888 56.259300 -0.952698 -0.217360 -0.212416 0.256038 0.769966 1 8 1.000000
  8 -12.775103 -60.246300 56.229351 -0.999357 -0.033480 0.012818 0.159452 0.768764 1 8 1.000000
v_immolator_sheet
  8 -12.775103 -60.246300 56.229351 -0.999357 -0.033480 0.012818 0.159452 0.768764 1 8 1.000000
  8 -12.677973 -60.219528 56.433678 -0.622519 0.005097 0.782588 0.160008 0.761928 1 8 1.000000
  8 -12.944084 -57.233517 56.466850 -0.698647 -0.218609 0.681250 0.253813 0.763205 1 8 1.000000
v_immolator_sheet
  8 -12.721810 -57.210693 56.540920 0.083500 -0.064426 0.994423 0.253117 0.756073 1 8 1.000000
  8 -12.944084 -57.233517 56.466850 -0.698647 -0.218609 0.681250 0.253813 0.763205 1 8 1.000000
  8 -12.677973 -60.219528 56.433678 -0.622519 0.005097 0.782588 0.160008 0.761928 1 8 1.000000
v_immolator_sheet
  8 -12.677973 -60.219528 56.433678 -0.622519 0.005097 0.782588 0.160008 0.761928 1 8 1.000000
  8 -12.443390 -60.143009 56.483929 0.158182 0.031527 0.986906 0.162119 0.754515 1 8 1.000000
  8 -12.721810 -57.210693 56.540920 0.083500 -0.064426 0.994423 0.253117 0.756073 1 8 1.000000
v_immolator_sheet
  8 -12.477574 -57.101025 56.437771 0.700056 0.100043 0.707045 0.254443 0.747579 1 8 1.000000
  8 -12.721810 -57.210693 56.540920 0.083500 -0.064426 0.994423 0.253117 0.756073 1 8 1.000000
  8 -12.443390 -60.143009 56.483929 0.158182 0.031527 0.986906 0.162119 0.754515 1 8 1.000000
v_immolator_sheet
  8 -12.443390 -60.143009 56.483929 0.158182 0.031527 0.986906 0.162119 0.754515 1 8 1.000000
  8 -12.211444 -60.062458 56.350384 0.815903 0.037081 0.576998 0.164535 0.746263 1 8 1.000000
  8 -12.477574 -57.101025 56.437771 0.700056 0.100043 0.707045 0.254443 0.747579 1 8 1.000000
v_immolator_sheet
  8 -17.409666 -43.291233 59.598896 0.386528 0.482999 -0.785689 0.754947 0.439608 1 8 1.000000
  8 -18.159739 -43.118858 59.811478 -0.042086 0.657867 -0.751957 0.731381 0.437813 1 8 1.000000
  8 -17.593063 -43.105232 59.883167 0.161022 0.871764 -0.462709 0.746822 0.431421 1 8 1.000000
v_immolator_sheet
  8 -18.159739 -43.118858 59.811478 -0.042086 0.657867 -0.751957 0.731381 0.437813 1 8 1.000000
  8 -17.409666 -43.291233 59.598896 0.386528 0.482999 -0.785689 0.754947 0.439608 1 8 1.000000
  8 -18.254129 -43.315670 59.492908 -0.009156 0.614812 -0.788620 0.731275 0.449343 1 8 1.000000
v_immolator_sheet
  8 -18.254129 -43.315670 59.492908 -0.009156 0.614812 -0.788620 0.731275 0.449343 1 8 1.000000
  8 -18.611858 -43.054539 60.154995 -0.294724 0.892169 -0.342304 0.715906 0.431440 1 8 1.000000
  8 -18.159739 -43.118858 59.811478 -0.042086 0.657867 -0.751957 0.731381 0.437813 1 8 1.000000
v_immolator_sheet
  8 -18.611858 -43.054539 60.154995 -0.294724 0.892169 -0.342304 0.715906 0.431440 1 8 1.000000
  8 -18.254129 -43.315670 59.492908 -0.009156 0.614812 -0.788620 0.731275 0.449343 1 8 1.000000
  8 -18.927706 -43.216393 60.003944 -0.290240 0.893426 -0.342855 0.707666 0.439486 1 8 1.000000
v_immolator_sheet
  8 -18.927706 -43.216393 60.003944 -0.290240 0.893426 -0.342855 0.707666 0.439486 1 8 1.000000
  8 -18.684851 -42.950047 60.712036 -0.533850 0.836482 0.123697 0.709402 0.415993 1 8 1.000000
  8 -18.611858 -43.054539 60.154995 -0.294724 0.892169 -0.342304 0.715906 0.431440 1 8 1.000000
v_immolator_sheet
  8 -18.684851 -42.950047 60.712036 -0.533850 0.836482 0.123697 0.709402 0.415993 1 8 1.000000
  8 -18.927706 -43.216393 60.003944 -0.290240 0.893426 -0.342855 0.707666 0.439486 1 8 1.000000
  8 -19.036491 -43.051708 60.832153 -0.677529 0.680459 0.279160 0.697892 0.415842 1 8 1.000000
v_immolator_sheet
  8 -19.036491 -43.051708 60.832153 -0.677529 0.680459 0.279160 0.697892 0.415842 1 8 1.000000
  8 -18.335403 -42.866592 61.156425 -0.382801 0.759468 0.525996 0.715742 0.400458 1 8 1.000000
  8 -18.684851 -42.950047 60.712036 -0.533850 0.836482 0.123697 0.709402 0.415993 1 8 1.000000
v_immolator_sheet
  8 -18.335403 -42.866592 61.156425 -0.382801 0.759468 0.525996 0.715742 0.400458 1 8 1.000000
  8 -19.036491 -43.051708 60.832153 -0.677529 0.680459 0.279160 0.697892 0.415842 1 8 1.000000
  8 -18.705036 -42.966660 61.252434 -0.595186 0.555572 0.580597 0.704087 0.400836 1 8 1.000000
v_immolator_sheet
  8 -18.213531 -42.909363 61.530285 -0.275134 0.580207 0.766591 0.715984 0.388699 1 8 1.000000
  8 -18.335403 -42.866592 61.156425 -0.382801 0.759468 0.525996 0.715742 0.400458 1 8 1.000000
  8 -18.705036 -42.966660 61.252434 -0.595186 0.555572 0.580597 0.704087 0.400836 1 8 1.000000
v_immolator_sheet
  8 -17.768627 -42.852970 61.228119 0.197339 0.778488 0.595830 0.731196 0.394000 1 8 1.000000
  8 -18.335403 -42.866592 61.156425 -0.382801 0.759468 0.525996 0.715742 0.400458 1 8 1.000000
  8 -18.213531 -42.909363 61.530285 -0.275134 0.580207 0.766591 0.715984 0.388699 1 8 1.000000
v_immolator_sheet
  8 -17.768627 -42.852970 61.228119 0.197339 0.778488 0.595830 0.731196 0.394000 1 8 1.000000
  8 -18.213531 -42.909363 61.530285 -0.275134 0.580207 0.766591 0.715984 0.388699 1 8 1.000000
  8 -17.974142 -42.902454 61.560364 0.036654 0.598790 0.800066 0.722716 0.385943 1 8 1.000000
v_immolator_sheet
  8 -17.423191 -42.930305 61.409966 0.393270 0.607330 0.690282 0.739909 0.385943 1 8 1.000000
  8 -17.768627 -42.852970 61.228119 0.197339 0.778488 0.595830 0.731196 0.394000 1 8 1.000000
  8 -17.974142 -42.902454 61.560364 0.036654 0.598790 0.800066 0.722716 0.385943 1 8 1.000000
v_immolator_sheet
  8 -17.316608 -42.917290 60.884598 0.661417 0.707594 0.248673 0.746705 0.400462 1 8 1.000000
  8 -17.768627 -42.852970 61.228119 0.197339 0.778488 0.595830 0.731196 0.394000 1 8 1.000000
  8 -17.423191 -42.930305 61.409966 0.393270 0.607330 0.690282 0.739909 0.385943 1 8 1.000000
v_immolator_sheet
  8 -17.316608 -42.917290 60.884598 0.661417 0.707594 0.248673 0.746705 0.400462 1 8 1.000000
  8 -17.423191 -42.930305 61.409966 0.393270 0.607330 0.690282 0.739909 0.385943 1 8 1.000000
  8 -17.246445 -42.956352 61.275837 0.625772 0.607949 0.488678 0.746128 0.388566 1 8 1.000000
v_immolator_sheet
  8 -16.957474 -43.054024 60.779869 0.787484 0.594298 0.163338 0.758621 0.400884 1 8 1.000000
  8 -17.316608 -42.917290 60.884598 0.661417 0.707594 0.248673 0.746705 0.400462 1 8 1.000000
  8 -17.246445 -42.956352 61.275837 0.625772 0.607949 0.488678 0.746128 0.388566 1 8 1.000000
v_immolator_sheet
  8 -17.243616 -43.021778 60.327557 0.720555 0.623992 -0.302382 0.753222 0.415951 1 8 1.000000
  8 -17.316608 -42.917290 60.884598 0.661417 0.707594 0.248673 0.746705 0.400462 1 8 1.000000
  8 -16.957474 -43.054024 60.779869 0.787484 0.594298 0.163338 0.758621 0.400884 1 8 1.000000
v_immolator_sheet
  8 -17.243616 -43.021778 60.327557 0.720555 0.623992 -0.302382 0.753222 0.415951 1 8 1.000000
  8 -16.957474 -43.054024 60.779869 0.787484 0.594298 0.163338 0.758621 0.400884 1 8 1.000000
  8 -16.889093 -43.157604 60.259129 0.782927 0.550344 -0.290080 0.764772 0.415952 1 8 1.000000
v_immolator_sheet
  8 -16.889093 -43.157604 60.259129 0.782927 0.550344 -0.290080 0.764772 0.415952 1 8 1.000000
  8 -17.593063 -43.105232 59.883167 0.161022 0.871764 -0.462709 0.746822 0.431421 1 8 1.000000
  8 -17.243616 -43.021778 60.327557 0.720555 0.623992 -0.302382 0.753222 0.415951 1 8 1.000000
v_immolator_sheet
  8 -17.593063 -43.105232 59.883167 0.161022 0.871764 -0.462709 0.746822 0.431421 1 8 1.000000
  8 -16.889093 -43.157604 60.259129 0.782927 0.550344 -0.290080 0.764772 0.415952 1 8 1.000000
  8 -17.409666 -43.291233 59.598896 0.386528 0.482999 -0.785689 0.754947 0.439608 1 8 1.000000
v_immolator_sheet
  8 -15.881142 -32.935356 59.529350 0.855239 0.442040 -0.270492 0.346094 0.626129 1 8 1.000000
  8 -15.690444 -33.252151 58.957523 0.985991 -0.001740 0.166789 0.330231 0.613625 1 8 1.000000
  8 -15.787852 -32.836044 58.978943 0.847988 0.477571 0.229873 0.341274 0.610243 1 8 1.000000
v_immolator_sheet
  8 -15.783734 -33.351463 59.507923 0.955694 0.025147 -0.293285 0.333157 0.629825 1 8 1.000000
  8 -15.690444 -33.252151 58.957523 0.985991 -0.001740 0.166789 0.330231 0.613625 1 8 1.000000
  8 -15.881142 -32.935356 59.529350 0.855239 0.442040 -0.270492 0.346094 0.626129 1 8 1.000000
v_immolator_sheet
  8 -15.783734 -33.351463 59.507923 0.955694 0.025147 -0.293285 0.333157 0.629825 1 8 1.000000
  8 -15.786627 -33.662868 58.903732 0.872450 -0.484949 0.060458 0.318739 0.616011 1 8 1.000000
  8 -15.690444 -33.252151 58.957523 0.985991 -0.001740 0.166789 0.330231 0.613625 1 8 1.000000
v_immolator_sheet
  8 -15.880016 -33.762180 59.454033 0.834248 -0.376121 -0.403192 0.320202 0.632476 1 8 1.000000
  8 -15.786627 -33.662868 58.903732 0.872450 -0.484949 0.060458 0.318739 0.616011 1 8 1.000000
  8 -15.783734 -33.351463 59.507923 0.955694 0.025147 -0.293285 0.333157 0.629825 1 8 1.000000
v_immolator_sheet
  8 -15.880016 -33.762180 59.454033 0.834248 -0.376121 -0.403192 0.320202 0.632476 1 8 1.000000
  8 -16.039703 -33.911495 58.838032 0.702007 -0.712108 -0.009369 0.308956 0.617078 1 8 1.000000
  8 -15.786627 -33.662868 58.903732 0.872450 -0.484949 0.060458 0.318739 0.616011 1 8 1.000000
v_immolator_sheet
  8 -16.132994 -34.010704 59.388432 0.670025 -0.550358 -0.498170 0.309377 0.632838 1 8 1.000000
  8 -16.039703 -33.911495 58.838032 0.702007 -0.712108 -0.009369 0.308956 0.617078 1 8 1.000000
  8 -15.880016 -33.762180 59.454033 0.834248 -0.376121 -0.403192 0.320202 0.632476 1 8 1.000000
v_immolator_sheet
  8 -16.134935 -32.672962 59.510269 0.435397 0.829530 -0.349728 0.357002 0.622152 1 8 1.000000
  8 -15.787852 -32.836044 58.978943 0.847988 0.477571 0.229873 0.341274 0.610243 1 8 1.000000
  8 -16.041645 -32.573650 58.959869 0.362813 0.904377 0.224652 0.349966 0.606538 1 8 1.000000
v_immolator_sheet
  8 -15.881142 -32.935356 59.529350 0.855239 0.442040 -0.270492 0.346094 0.626129 1 8 1.000000
  8 -15.787852 -32.836044 58.978943 0.847988 0.477571 0.229873 0.341274 0.610243 1 8 1.000000
  8 -16.134935 -32.672962 59.510269 0.435397 0.829530 -0.349728 0.357002 0.622152 1 8 1.000000
v_immolator_sheet
  8 -16.117273 -32.549324 59.616833 0.408011 0.877396 -0.252394 0.359588 0.626055 1 8 1.000000
  8 -15.881142 -32.935356 59.529350 0.855239 0.442040 -0.270492 0.346094 0.626129 1 8 1.000000
  8 -16.134935 -32.672962 59.510269 0.435397 0.829530 -0.349728 0.357002 0.622152 1 8 1.000000
v_immolator_sheet
  8 -15.810180 -32.866817 59.639950 0.850789 0.482054 -0.209241 0.348298 0.630071 1 8 1.000000
  8 -15.881142 -32.935356 59.529350 0.855239 0.442040 -0.270492 0.346094 0.626129 1 8 1.000000
  8 -16.117273 -32.549324 59.616833 0.408011 0.877396 -0.252394 0.359588 0.626055 1 8 1.000000
v_immolator_sheet
  8 -15.810180 -32.866817 59.639950 0.850789 0.482054 -0.209241 0.348298 0.630071 1 8 1.000000
  8 -15.783734 -33.351463 59.507923 0.955694 0.025147 -0.293285 0.333157 0.629825 1 8 1.000000
  8 -15.881142 -32.935356 59.529350 0.855239 0.442040 -0.270492 0.346094 0.626129 1 8 1.000000
v_immolator_sheet
  8 -15.692270 -33.370224 59.613960 0.970078 0.027284 -0.241253 0.333938 0.633981 1 8 1.000000
  8 -15.783734 -33.351463 59.507923 0.955694 0.025147 -0.293285 0.333157 0.629825 1 8 1.000000
  8 -15.810180 -32.866817 59.639950 0.850789 0.482054 -0.209241 0.348298 0.630071 1 8 1.000000
v_immolator_sheet
  8 -15.692270 -33.370224 59.613960 0.970078 0.027284 -0.241253 0.333938 0.633981 1 8 1.000000
  8 -15.880016 -33.762180 59.454033 0.834248 -0.376121 -0.403192 0.320202 0.632476 1 8 1.000000
  8 -15.783734 -33.351463 59.507923 0.955694 0.025147 -0.293285 0.333157 0.629825 1 8 1.000000
v_immolator_sheet
  8 -15.808748 -33.867245 59.548897 0.842707 -0.412106 -0.346428 0.319597 0.637116 1 8 1.000000
  8 -15.880016 -33.762180 59.454033 0.834248 -0.376121 -0.403192 0.320202 0.632476 1 8 1.000000
  8 -15.692270 -33.370224 59.613960 0.970078 0.027284 -0.241253 0.333938 0.633981 1 8 1.000000
v_immolator_sheet
  8 -15.808748 -33.867245 59.548897 0.842707 -0.412106 -0.346428 0.319597 0.637116 1 8 1.000000
  8 -16.132994 -34.010704 59.388432 0.670025 -0.550358 -0.498170 0.309377 0.632838 1 8 1.000000
  8 -15.880016 -33.762180 59.454033 0.834248 -0.376121 -0.403192 0.320202 0.632476 1 8 1.000000
v_immolator_sheet
  8 -16.114922 -34.168072 59.469391 0.700991 -0.620694 -0.351212 0.307098 0.637800 1 8 1.000000
  8 -16.132994 -34.010704 59.388432 0.670025 -0.550358 -0.498170 0.309377 0.632838 1 8 1.000000
  8 -15.808748 -33.867245 59.548897 0.842707 -0.412106 -0.346428 0.319597 0.637116 1 8 1.000000
v_immolator_sheet
  8 -16.448217 -32.664375 59.457859 -0.255693 0.845666 -0.468475 0.366005 0.617659 1 8 1.000000
  8 -16.041645 -32.573650 58.959869 0.362813 0.904377 0.224652 0.349966 0.606538 1 8 1.000000
  8 -16.354828 -32.565067 58.907455 -0.374565 0.921502 0.102637 0.357336 0.602754 1 8 1.000000
v_immolator_sheet
  8 -16.134935 -32.672962 59.510269 0.435397 0.829530 -0.349728 0.357002 0.622152 1 8 1.000000
  8 -16.041645 -32.573650 58.959869 0.362813 0.904377 0.224652 0.349966 0.606538 1 8 1.000000
  8 -16.448217 -32.664375 59.457859 -0.255693 0.845666 -0.468475 0.366005 0.617659 1 8 1.000000
v_immolator_sheet
  8 -16.496250 -32.538948 59.553398 -0.263164 0.893012 -0.365066 0.367945 0.621511 1 8 1.000000
  8 -16.134935 -32.672962 59.510269 0.435397 0.829530 -0.349728 0.357002 0.622152 1 8 1.000000
  8 -16.448217 -32.664375 59.457859 -0.255693 0.845666 -0.468475 0.366005 0.617659 1 8 1.000000
v_immolator_sheet
  8 -16.117273 -32.549324 59.616833 0.408011 0.877396 -0.252394 0.359588 0.626055 1 8 1.000000
  8 -16.134935 -32.672962 59.510269 0.435397 0.829530 -0.349728 0.357002 0.622152 1 8 1.000000
  8 -16.496250 -32.538948 59.553398 -0.263164 0.893012 -0.365066 0.367945 0.621511 1 8 1.000000
v_immolator_sheet
  8 -16.567194 -32.614300 59.971302 -0.392754 0.637061 0.663247 0.373979 0.631997 1 8 1.000000
  8 -16.117273 -32.549324 59.616833 0.408011 0.877396 -0.252394 0.359588 0.626055 1 8 1.000000
  8 -16.496250 -32.538948 59.553398 -0.263164 0.893012 -0.365066 0.367945 0.621511 1 8 1.000000
v_immolator_sheet
  8 -16.188118 -32.624680 60.034737 0.184796 0.622506 0.760484 0.363727 0.637239 1 8 1.000000
  8 -16.117273 -32.549324 59.616833 0.408011 0.877396 -0.252394 0.359588 0.626055 1 8 1.000000
  8 -16.567194 -32.614300 59.971302 -0.392754 0.637061 0.663247 0.373979 0.631997 1 8 1.000000
v_immolator_sheet
  8 -16.188118 -32.624680 60.034737 0.184796 0.622506 0.760484 0.363727 0.637239 1 8 1.000000
  8 -15.810180 -32.866817 59.639950 0.850789 0.482054 -0.209241 0.348298 0.630071 1 8 1.000000
  8 -16.117273 -32.549324 59.616833 0.408011 0.877396 -0.252394 0.359588 0.626055 1 8 1.000000
v_immolator_sheet
  8 -15.881024 -32.942173 60.057850 0.536982 0.282637 0.794837 0.351197 0.642253 1 8 1.000000
  8 -15.810180 -32.866817 59.639950 0.850789 0.482054 -0.209241 0.348298 0.630071 1 8 1.000000
  8 -16.188118 -32.624680 60.034737 0.184796 0.622506 0.760484 0.363727 0.637239 1 8 1.000000
v_immolator_sheet
  8 -15.881024 -32.942173 60.057850 0.536982 0.282637 0.794837 0.351197 0.642253 1 8 1.000000
  8 -15.692270 -33.370224 59.613960 0.970078 0.027284 -0.241253 0.333938 0.633981 1 8 1.000000
  8 -15.810180 -32.866817 59.639950 0.850789 0.482054 -0.209241 0.348298 0.630071 1 8 1.000000
v_immolator_sheet
  8 -15.763214 -33.445580 60.031864 0.632855 -0.079351 0.770193 0.335759 0.646710 1 8 1.000000
  8 -15.692270 -33.370224 59.613960 0.970078 0.027284 -0.241253 0.333938 0.633981 1 8 1.000000
  8 -15.881024 -32.942173 60.057850 0.536982 0.282637 0.794837 0.351197 0.642253 1 8 1.000000
v_immolator_sheet
  8 -15.763214 -33.445580 60.031864 0.632855 -0.079351 0.770193 0.335759 0.646710 1 8 1.000000
  8 -15.808748 -33.867245 59.548897 0.842707 -0.412106 -0.346428 0.319597 0.637116 1 8 1.000000
  8 -15.692270 -33.370224 59.613960 0.970078 0.027284 -0.241253 0.333938 0.633981 1 8 1.000000
v_immolator_sheet
  8 -15.879593 -33.942600 59.966694 0.555150 -0.452879 0.697645 0.320210 0.649536 1 8 1.000000
  8 -15.808748 -33.867245 59.548897 0.842707 -0.412106 -0.346428 0.319597 0.637116 1 8 1.000000
  8 -15.763214 -33.445580 60.031864 0.632855 -0.079351 0.770193 0.335759 0.646710 1 8 1.000000
v_immolator_sheet
  8 -15.879593 -33.942600 59.966694 0.555150 -0.452879 0.697645 0.320210 0.649536 1 8 1.000000
  8 -16.114922 -34.168072 59.469391 0.700991 -0.620694 -0.351212 0.307098 0.637800 1 8 1.000000
  8 -15.808748 -33.867245 59.548897 0.842707 -0.412106 -0.346428 0.319597 0.637116 1 8 1.000000
v_immolator_sheet
  8 -16.185865 -34.243431 59.887291 0.246476 -0.474152 0.845239 0.307328 0.650540 1 8 1.000000
  8 -16.114922 -34.168072 59.469391 0.700991 -0.620694 -0.351212 0.307098 0.637800 1 8 1.000000
  8 -15.879593 -33.942600 59.966694 0.555150 -0.452879 0.697645 0.320210 0.649536 1 8 1.000000
v_immolator_sheet
  8 -16.564842 -34.233051 59.823860 -0.166789 -0.089757 0.981899 0.421964 0.643379 1 8 1.000000
  8 -16.989845 -33.412052 59.826729 -0.166666 -0.089665 0.981928 0.400811 0.624959 1 8 1.000000
  8 -16.871935 -33.915459 59.800743 -0.166725 -0.089725 0.981912 0.414854 0.631995 1 8 1.000000
v_immolator_sheet
  8 -16.185865 -34.243431 59.887291 0.246476 -0.474152 0.845239 0.419424 0.654762 1 8 1.000000
  8 -16.989845 -33.412052 59.826729 -0.166666 -0.089665 0.981928 0.400811 0.624959 1 8 1.000000
  8 -16.564842 -34.233051 59.823860 -0.166789 -0.089757 0.981899 0.421964 0.643379 1 8 1.000000
v_immolator_sheet
  8 -15.879593 -33.942600 59.966694 0.555150 -0.452879 0.697645 0.408202 0.661799 1 8 1.000000
  8 -16.989845 -33.412052 59.826729 -0.166666 -0.089665 0.981928 0.400811 0.624959 1 8 1.000000
  8 -16.185865 -34.243431 59.887291 0.246476 -0.474152 0.845239 0.419424 0.654762 1 8 1.000000
v_immolator_sheet
  8 -15.763214 -33.445580 60.031864 0.632855 -0.079351 0.770193 0.392589 0.661799 1 8 1.000000
  8 -16.989845 -33.412052 59.826729 -0.166666 -0.089665 0.981928 0.400811 0.624959 1 8 1.000000
  8 -15.879593 -33.942600 59.966694 0.555150 -0.452879 0.697645 0.408202 0.661799 1 8 1.000000
v_immolator_sheet
  8 -15.881024 -32.942173 60.057850 0.536982 0.282637 0.794837 0.378546 0.654766 1 8 1.000000
  8 -16.989845 -33.412052 59.826729 -0.166666 -0.089665 0.981928 0.400811 0.624959 1 8 1.000000
  8 -15.763214 -33.445580 60.031864 0.632855 -0.079351 0.770193 0.392589 0.661799 1 8 1.000000
v_immolator_sheet
  8 -16.188118 -32.624680 60.034737 0.184796 0.622506 0.760484 0.371438 0.643382 1 8 1.000000
  8 -16.989845 -33.412052 59.826729 -0.166666 -0.089665 0.981928 0.400811 0.624959 1 8 1.000000
  8 -15.881024 -32.942173 60.057850 0.536982 0.282637 0.794837 0.378546 0.654766 1 8 1.000000
v_immolator_sheet
  8 -16.567194 -32.614300 59.971302 -0.392754 0.637061 0.663247 0.373979 0.631997 1 8 1.000000
  8 -16.989845 -33.412052 59.826729 -0.166666 -0.089665 0.981928 0.400811 0.624959 1 8 1.000000
  8 -16.188118 -32.624680 60.034737 0.184796 0.622506 0.760484 0.371438 0.643382 1 8 1.000000
v_immolator_sheet
  8 -16.873367 -32.915028 59.891899 -0.485326 0.275014 0.829955 0.385197 0.624962 1 8 1.000000
  8 -16.989845 -33.412052 59.826729 -0.166666 -0.089665 0.981928 0.400811 0.624959 1 8 1.000000
  8 -16.567194 -32.614300 59.971302 -0.392754 0.637061 0.663247 0.373979 0.631997 1 8 1.000000
v_immolator_sheet
  8 -16.567194 -32.614300 59.971302 -0.392754 0.637061 0.663247 0.373979 0.631997 1 8 1.000000
  8 -16.496250 -32.538948 59.553398 -0.263164 0.893012 -0.365066 0.367945 0.621511 1 8 1.000000
  8 -16.873367 -32.915028 59.891899 -0.485326 0.275014 0.829955 0.385197 0.624962 1 8 1.000000
v_immolator_sheet
  8 -16.873367 -32.915028 59.891899 -0.485326 0.275014 0.829955 0.385197 0.624962 1 8 1.000000
  8 -16.496250 -32.538948 59.553398 -0.263164 0.893012 -0.365066 0.367945 0.621511 1 8 1.000000
  8 -16.802523 -32.839672 59.473999 -0.568354 0.695160 -0.440144 0.377189 0.614511 1 8 1.000000
v_immolator_sheet
  8 -16.496250 -32.538948 59.553398 -0.263164 0.893012 -0.365066 0.367945 0.621511 1 8 1.000000
  8 -16.448217 -32.664375 59.457859 -0.255693 0.845666 -0.468475 0.366005 0.617659 1 8 1.000000
  8 -16.802523 -32.839672 59.473999 -0.568354 0.695160 -0.440144 0.377189 0.614511 1 8 1.000000
v_immolator_sheet
  8 -16.802523 -32.839672 59.473999 -0.568354 0.695160 -0.440144 0.377189 0.614511 1 8 1.000000
  8 -16.448217 -32.664375 59.457859 -0.255693 0.845666 -0.468475 0.366005 0.617659 1 8 1.000000
  8 -16.701294 -32.912899 59.392155 -0.553831 0.687963 -0.469018 0.374801 0.611540 1 8 1.000000
v_immolator_sheet
  8 -16.448217 -32.664375 59.457859 -0.255693 0.845666 -0.468475 0.366005 0.617659 1 8 1.000000
  8 -16.354828 -32.565067 58.907455 -0.374565 0.921502 0.102637 0.357336 0.602754 1 8 1.000000
  8 -16.701294 -32.912899 59.392155 -0.553831 0.687963 -0.469018 0.374801 0.611540 1 8 1.000000
v_immolator_sheet
  8 -16.701294 -32.912899 59.392155 -0.553831 0.687963 -0.469018 0.374801 0.611540 1 8 1.000000
  8 -16.354828 -32.565067 58.907455 -0.374565 0.921502 0.102637 0.357336 0.602754 1 8 1.000000
  8 -16.607906 -32.813690 58.841854 -0.701992 0.712124 0.009247 0.366329 0.597890 1 8 1.000000
v_immolator_sheet
  8 -12.690917 -32.157181 59.168579 -0.521639 0.708419 0.475432 0.364290 0.593893 1 8 1.000000
  8 -11.770204 -31.666090 57.393028 0.783059 0.490258 0.382709 0.362088 0.532462 1 8 1.000000
  8 -12.504661 -31.660635 58.135075 0.087254 0.412130 0.906937 0.374881 0.560878 1 8 1.000000
v_immolator_sheet
  8 -11.245467 -32.199726 57.866894 0.596384 0.753437 0.276874 0.338292 0.542653 1 8 1.000000
  8 -11.594153 -31.673542 56.379192 0.889394 0.454768 0.046511 0.362559 0.502065 1 8 1.000000
  8 -11.770204 -31.666090 57.393028 0.783059 0.490258 0.382709 0.362088 0.532462 1 8 1.000000
v_immolator_sheet
  8 -11.770204 -31.666090 57.393028 0.783059 0.490258 0.382709 0.362088 0.532462 1 8 1.000000
  8 -12.690917 -32.157181 59.168579 -0.521639 0.708419 0.475432 0.364290 0.593893 1 8 1.000000
  8 -11.245467 -32.199726 57.866894 0.596384 0.753437 0.276874 0.338292 0.542653 1 8 1.000000
v_immolator_sheet
  8 -11.321948 -32.862446 59.260197 0.546817 0.620919 0.561650 0.320094 0.583298 1 8 1.000000
  8 -11.245467 -32.199726 57.866894 0.596384 0.753437 0.276874 0.338292 0.542653 1 8 1.000000
  8 -12.690917 -32.157181 59.168579 -0.521639 0.708419 0.475432 0.364290 0.593893 1 8 1.000000
v_immolator_sheet
  8 -12.690917 -32.157181 59.168579 -0.521639 0.708419 0.475432 0.364290 0.593893 1 8 1.000000
  8 -12.702640 -32.265854 59.235714 -0.621411 0.317160 0.716420 0.362155 0.597153 1 8 1.000000
  8 -11.321948 -32.862446 59.260197 0.546817 0.620919 0.561650 0.320094 0.583298 1 8 1.000000
v_immolator_sheet
  8 -11.382182 -32.942413 59.357803 0.265824 0.302661 0.915278 0.319207 0.587317 1 8 1.000000
  8 -11.321948 -32.862446 59.260197 0.546817 0.620919 0.561650 0.320094 0.583298 1 8 1.000000
  8 -12.702640 -32.265854 59.235714 -0.621411 0.317160 0.716420 0.362155 0.597153 1 8 1.000000
v_immolator_sheet
  8 -11.269263 -33.009830 59.305164 0.694961 0.188977 0.693770 0.315570 0.584952 1 8 1.000000
  8 -11.321948 -32.862446 59.260197 0.546817 0.620919 0.561650 0.320094 0.583298 1 8 1.000000
  8 -11.382182 -32.942413 59.357803 0.265824 0.302661 0.915278 0.319207 0.587317 1 8 1.000000
v_immolator_sheet
  8 -11.321948 -32.862446 59.260197 0.546817 0.620919 0.561650 0.320094 0.583298 1 8 1.000000
  8 -11.269263 -33.009830 59.305164 0.694961 0.188977 0.693770 0.315570 0.584952 1 8 1.000000
  8 -10.667865 -32.885830 58.150429 0.801958 0.526124 0.282945 0.311250 0.547251 1 8 1.000000
v_immolator_sheet
  8 -10.620273 -33.017525 58.173496 0.923513 0.191692 0.332232 0.307098 0.547835 1 8 1.000000
  8 -10.667865 -32.885830 58.150429 0.801958 0.526124 0.282945 0.311250 0.547251 1 8 1.000000
  8 -11.269263 -33.009830 59.305164 0.694961 0.188977 0.693770 0.315570 0.584952 1 8 1.000000
v_immolator_sheet
  8 -10.667865 -32.885830 58.150429 0.801958 0.526124 0.282945 0.311250 0.547251 1 8 1.000000
  8 -10.620273 -33.017525 58.173496 0.923513 0.191692 0.332232 0.307098 0.547835 1 8 1.000000
  8 -10.384467 -32.890530 56.418232 0.864498 0.483430 -0.137613 0.311754 0.496009 1 8 1.000000
v_immolator_sheet
  8 -10.322086 -33.029713 56.473301 0.977994 0.200665 -0.057102 0.307098 0.497047 1 8 1.000000
  8 -10.384467 -32.890530 56.418232 0.864498 0.483430 -0.137613 0.311754 0.496009 1 8 1.000000
  8 -10.620273 -33.017525 58.173496 0.923513 0.191692 0.332232 0.307098 0.547835 1 8 1.000000
v_immolator_sheet
  8 -10.365643 -33.038551 56.345089 0.837811 0.107488 -0.535275 0.307862 0.492966 1 8 1.000000
  8 -10.384467 -32.890530 56.418232 0.864498 0.483430 -0.137613 0.311754 0.496009 1 8 1.000000
  8 -10.322086 -33.029713 56.473301 0.977994 0.200665 -0.057102 0.307098 0.497047 1 8 1.000000
v_immolator_sheet
  8 -10.384467 -32.890530 56.418232 0.864498 0.483430 -0.137613 0.311754 0.496009 1 8 1.000000
  8 -10.365643 -33.038551 56.345089 0.837811 0.107488 -0.535275 0.307862 0.492966 1 8 1.000000
  8 -10.900612 -32.246784 55.967731 0.787788 0.605773 -0.111486 0.337687 0.484904 1 8 1.000000
v_immolator_sheet
  8 -10.913576 -32.324818 55.866856 0.940802 0.334211 0.056520 0.336175 0.481354 1 8 1.000000
  8 -10.900612 -32.246784 55.967731 0.787788 0.605773 -0.111486 0.337687 0.484904 1 8 1.000000
  8 -10.365643 -33.038551 56.345089 0.837811 0.107488 -0.535275 0.307862 0.492966 1 8 1.000000
v_immolator_sheet
  8 -10.900612 -32.246784 55.967731 0.787788 0.605773 -0.111486 0.337687 0.484904 1 8 1.000000
  8 -10.913576 -32.324818 55.866856 0.940802 0.334211 0.056520 0.336175 0.481354 1 8 1.000000
  8 -10.959373 -32.189224 55.854790 0.733531 0.679452 0.016633 0.340638 0.481673 1 8 1.000000
v_immolator_sheet
  8 -10.959373 -32.189224 55.854790 0.733531 0.679452 0.016633 0.340638 0.481673 1 8 1.000000
  8 -10.913576 -32.324818 55.866856 0.940802 0.334211 0.056520 0.336175 0.481354 1 8 1.000000
  8 -10.892841 -32.244156 55.762531 0.735260 0.654263 0.177009 0.338753 0.478174 1 8 1.000000
v_immolator_sheet
  8 -11.769239 -31.686556 54.599140 0.819250 0.507896 -0.266217 0.377756 0.450211 1 8 1.000000
  8 -10.959373 -32.189224 55.854790 0.733531 0.679452 0.016633 0.340638 0.481673 1 8 1.000000
  8 -10.892841 -32.244156 55.762531 0.735260 0.654263 0.177009 0.338753 0.478174 1 8 1.000000
v_immolator_sheet
  8 -11.769239 -31.686556 54.599140 0.819250 0.507896 -0.266217 0.377756 0.450211 1 8 1.000000
  8 -10.892841 -32.244156 55.762531 0.735260 0.654263 0.177009 0.338753 0.478174 1 8 1.000000
  8 -11.213489 -32.229008 53.870216 0.549889 0.807406 -0.213815 0.360336 0.424167 1 8 1.000000
v_immolator_sheet
  8 -11.213489 -32.229008 53.870216 0.549889 0.807406 -0.213815 0.360336 0.424167 1 8 1.000000
  8 -12.248984 -31.692013 53.856678 0.757985 0.418180 -0.500583 0.393932 0.429712 1 8 1.000000
  8 -11.769239 -31.686556 54.599140 0.819250 0.507896 -0.266217 0.377756 0.450211 1 8 1.000000
v_immolator_sheet
  8 -10.959373 -32.189224 55.854790 0.733531 0.679452 0.016633 0.340638 0.481673 1 8 1.000000
  8 -11.769239 -31.686556 54.599140 0.819250 0.507896 -0.266217 0.377756 0.450211 1 8 1.000000
  8 -11.594153 -31.673542 56.379192 0.889394 0.454768 0.046511 0.362559 0.502065 1 8 1.000000
v_immolator_sheet
  8 -11.594153 -31.673542 56.379192 0.889394 0.454768 0.046511 0.362559 0.502065 1 8 1.000000
  8 -11.245467 -32.199726 57.866894 0.596384 0.753437 0.276874 0.338292 0.542653 1 8 1.000000
  8 -10.959373 -32.189224 55.854790 0.733531 0.679452 0.016633 0.340638 0.481673 1 8 1.000000
v_immolator_sheet
  8 -10.959373 -32.189224 55.854790 0.733531 0.679452 0.016633 0.340638 0.481673 1 8 1.000000
  8 -11.245467 -32.199726 57.866894 0.596384 0.753437 0.276874 0.338292 0.542653 1 8 1.000000
  8 -10.900612 -32.246784 55.967731 0.787788 0.605773 -0.111486 0.337687 0.484904 1 8 1.000000
v_immolator_sheet
  8 -10.667865 -32.885830 58.150429 0.801958 0.526124 0.282945 0.311250 0.547251 1 8 1.000000
  8 -10.900612 -32.246784 55.967731 0.787788 0.605773 -0.111486 0.337687 0.484904 1 8 1.000000
  8 -11.245467 -32.199726 57.866894 0.596384 0.753437 0.276874 0.338292 0.542653 1 8 1.000000
v_immolator_sheet
  8 -11.245467 -32.199726 57.866894 0.596384 0.753437 0.276874 0.338292 0.542653 1 8 1.000000
  8 -11.321948 -32.862446 59.260197 0.546817 0.620919 0.561650 0.320094 0.583298 1 8 1.000000
  8 -10.667865 -32.885830 58.150429 0.801958 0.526124 0.282945 0.311250 0.547251 1 8 1.000000
v_immolator_sheet
  8 -10.900612 -32.246784 55.967731 0.787788 0.605773 -0.111486 0.337687 0.484904 1 8 1.000000
  8 -10.667865 -32.885830 58.150429 0.801958 0.526124 0.282945 0.311250 0.547251 1 8 1.000000
  8 -10.384467 -32.890530 56.418232 0.864498 0.483430 -0.137613 0.311754 0.496009 1 8 1.000000
v_immolator_sheet
  8 -12.248984 -31.692013 53.856678 0.757985 0.418180 -0.500583 0.393932 0.429712 1 8 1.000000
  8 -11.213489 -32.229008 53.870216 0.549889 0.807406 -0.213815 0.360336 0.424167 1 8 1.000000
  8 -12.038084 -32.239712 52.410038 0.384788 0.686137 -0.617377 0.388087 0.384562 1 8 1.000000
v_immolator_sheet
  8 -12.038084 -32.239712 52.410038 0.384788 0.686137 -0.617377 0.388087 0.384562 1 8 1.000000
  8 -11.213489 -32.229008 53.870216 0.549889 0.807406 -0.213815 0.360336 0.424167 1 8 1.000000
  8 -11.270415 -32.939079 52.212845 0.209546 0.366111 -0.906671 0.360000 0.372399 1 8 1.000000
v_immolator_sheet
  8 -11.270415 -32.939079 52.212845 0.209546 0.366111 -0.906671 0.360000 0.372399 1 8 1.000000
  8 -11.213489 -32.229008 53.870216 0.549889 0.807406 -0.213815 0.360336 0.424167 1 8 1.000000
  8 -11.169371 -32.857327 52.374050 0.384183 0.785519 -0.485143 0.357307 0.377976 1 8 1.000000
v_immolator_sheet
  8 -11.166032 -32.980965 52.261497 0.668548 0.232401 -0.706423 0.356150 0.373156 1 8 1.000000
  8 -11.270415 -32.939079 52.212845 0.209546 0.366111 -0.906671 0.360000 0.372399 1 8 1.000000
  8 -11.169371 -32.857327 52.374050 0.384183 0.785519 -0.485143 0.357307 0.377976 1 8 1.000000
v_immolator_sheet
  8 -11.166032 -32.980965 52.261497 0.668548 0.232401 -0.706423 0.356150 0.373156 1 8 1.000000
  8 -11.169371 -32.857327 52.374050 0.384183 0.785519 -0.485143 0.357307 0.377976 1 8 1.000000
  8 -10.438263 -32.972832 53.508343 0.920893 0.211652 -0.327352 0.331641 0.406108 1 8 1.000000
v_immolator_sheet
  8 -10.492271 -32.849724 53.532784 0.744332 0.612916 -0.265150 0.335092 0.408184 1 8 1.000000
  8 -10.438263 -32.972832 53.508343 0.920893 0.211652 -0.327352 0.331641 0.406108 1 8 1.000000
  8 -11.169371 -32.857327 52.374050 0.384183 0.785519 -0.485143 0.357307 0.377976 1 8 1.000000
v_immolator_sheet
  8 -10.438263 -32.972832 53.508343 0.920893 0.211652 -0.327352 0.331641 0.406108 1 8 1.000000
  8 -10.492271 -32.849724 53.532784 0.744332 0.612916 -0.265150 0.335092 0.408184 1 8 1.000000
  8 -10.180276 -32.957520 55.285625 0.975891 0.197644 0.092596 0.312911 0.455815 1 8 1.000000
v_immolator_sheet
  8 -10.250784 -32.815510 55.306953 0.792725 0.603539 0.085605 0.317383 0.457654 1 8 1.000000
  8 -10.180276 -32.957520 55.285625 0.975891 0.197644 0.092596 0.312911 0.455815 1 8 1.000000
  8 -10.492271 -32.849724 53.532784 0.744332 0.612916 -0.265150 0.335092 0.408184 1 8 1.000000
v_immolator_sheet
  8 -10.180276 -32.957520 55.285625 0.975891 0.197644 0.092596 0.312911 0.455815 1 8 1.000000
  8 -10.250784 -32.815510 55.306953 0.792725 0.603539 0.085605 0.317383 0.457654 1 8 1.000000
  8 -10.231917 -32.907478 55.403389 0.801072 0.235853 0.550142 0.314021 0.459963 1 8 1.000000
v_immolator_sheet
  8 -10.231917 -32.907478 55.403389 0.801072 0.235853 0.550142 0.314021 0.459963 1 8 1.000000
  8 -10.250784 -32.815510 55.306953 0.792725 0.603539 0.085605 0.317383 0.457654 1 8 1.000000
  8 -10.913576 -32.324818 55.866856 0.940802 0.334211 0.056520 0.336175 0.481354 1 8 1.000000
v_immolator_sheet
  8 -10.892841 -32.244156 55.762531 0.735260 0.654263 0.177009 0.338753 0.478174 1 8 1.000000
  8 -10.913576 -32.324818 55.866856 0.940802 0.334211 0.056520 0.336175 0.481354 1 8 1.000000
  8 -10.250784 -32.815510 55.306953 0.792725 0.603539 0.085605 0.317383 0.457654 1 8 1.000000
v_immolator_sheet
  8 -10.250784 -32.815510 55.306953 0.792725 0.603539 0.085605 0.317383 0.457654 1 8 1.000000
  8 -10.492271 -32.849724 53.532784 0.744332 0.612916 -0.265150 0.335092 0.408184 1 8 1.000000
  8 -10.892841 -32.244156 55.762531 0.735260 0.654263 0.177009 0.338753 0.478174 1 8 1.000000
v_immolator_sheet
  8 -10.892841 -32.244156 55.762531 0.735260 0.654263 0.177009 0.338753 0.478174 1 8 1.000000
  8 -10.492271 -32.849724 53.532784 0.744332 0.612916 -0.265150 0.335092 0.408184 1 8 1.000000
  8 -11.213489 -32.229008 53.870216 0.549889 0.807406 -0.213815 0.360336 0.424167 1 8 1.000000
v_immolator_sheet
  8 -11.213489 -32.229008 53.870216 0.549889 0.807406 -0.213815 0.360336 0.424167 1 8 1.000000
  8 -10.492271 -32.849724 53.532784 0.744332 0.612916 -0.265150 0.335092 0.408184 1 8 1.000000
  8 -11.169371 -32.857327 52.374050 0.384183 0.785519 -0.485143 0.357307 0.377976 1 8 1.000000
v_immolator_sheet
  8 -18.326679 -38.786716 60.217323 -0.485248 0.409683 0.772460 0.762801 0.773121 1 8 1.000000
  8 -18.668230 -38.868267 59.782932 -0.864848 0.388018 0.318557 0.763707 0.790111 1 8 1.000000
  8 -18.668396 -40.600899 60.267033 -0.773786 -0.094976 0.626286 0.708917 0.789271 1 8 1.000000
v_immolator_sheet
  8 -18.326847 -40.519249 60.701424 -0.479520 -0.065129 0.875111 0.710098 0.771972 1 8 1.000000
  8 -18.668396 -40.600899 60.267033 -0.773786 -0.094976 0.626286 0.708917 0.789271 1 8 1.000000
  8 -18.505898 -40.870598 60.272781 -0.760084 -0.164347 0.628699 0.698516 0.786228 1 8 1.000000
v_immolator_sheet
  8 -18.668396 -40.600899 60.267033 -0.773786 -0.094976 0.626286 0.708917 0.789271 1 8 1.000000
  8 -18.326847 -40.519249 60.701424 -0.479520 -0.065129 0.875111 0.710098 0.771972 1 8 1.000000
  8 -18.326679 -38.786716 60.217323 -0.485248 0.409683 0.772460 0.762801 0.773121 1 8 1.000000
v_immolator_sheet
  8 -17.772703 -38.773396 60.287411 0.255509 0.431453 0.865195 0.762466 0.755300 1 8 1.000000
  8 -18.326679 -38.786716 60.217323 -0.485248 0.409683 0.772460 0.762801 0.773121 1 8 1.000000
  8 -18.326847 -40.519249 60.701424 -0.479520 -0.065129 0.875111 0.710098 0.771972 1 8 1.000000
v_immolator_sheet
  8 -18.326679 -38.786716 60.217323 -0.485248 0.409683 0.772460 0.762801 0.773121 1 8 1.000000
  8 -17.772703 -38.773396 60.287411 0.255509 0.431453 0.865195 0.762466 0.755300 1 8 1.000000
  8 -17.821218 -38.453575 60.045582 0.157479 0.891676 0.424398 0.772625 0.760028 1 8 1.000000
v_immolator_sheet
  8 -17.491434 -38.500462 59.795113 0.522635 0.839727 0.147345 0.778756 0.753262 1 8 1.000000
  8 -17.821218 -38.453575 60.045582 0.157479 0.891676 0.424398 0.772625 0.760028 1 8 1.000000
  8 -17.772703 -38.773396 60.287411 0.255509 0.431453 0.865195 0.762466 0.755300 1 8 1.000000
v_immolator_sheet
  8 -17.821218 -38.453575 60.045582 0.157479 0.891676 0.424398 0.772625 0.760028 1 8 1.000000
  8 -17.491434 -38.500462 59.795113 0.522635 0.839727 0.147345 0.778756 0.753262 1 8 1.000000
  8 -18.234602 -38.463593 59.993343 -0.299856 0.880707 0.366663 0.773430 0.769277 1 8 1.000000
v_immolator_sheet
  8 -17.491434 -38.500462 59.795113 0.522635 0.839727 0.147345 0.778756 0.753262 1 8 1.000000
  8 -17.438194 -38.576702 59.388756 0.581423 0.755383 -0.302232 0.787989 0.752937 1 8 1.000000
  8 -18.234602 -38.463593 59.993343 -0.299856 0.880707 0.366663 0.773430 0.769277 1 8 1.000000
v_immolator_sheet
  8 -17.438194 -38.576702 59.388756 0.581423 0.755383 -0.302232 0.787989 0.752937 1 8 1.000000
  8 -17.693081 -38.637615 59.064590 0.299421 0.688079 -0.660979 0.794849 0.759288 1 8 1.000000
  8 -18.234602 -38.463593 59.993343 -0.299856 0.880707 0.366663 0.773430 0.769277 1 8 1.000000
v_immolator_sheet
  8 -17.693081 -38.637615 59.064590 0.299421 0.688079 -0.660979 0.794849 0.759288 1 8 1.000000
  8 -17.438194 -38.576702 59.388756 0.581423 0.755383 -0.302232 0.787989 0.752937 1 8 1.000000
  8 -17.259501 -38.938297 59.407242 0.944972 0.284349 -0.161784 0.792927 0.742779 1 8 1.000000
v_immolator_sheet
  8 -17.259501 -38.938297 59.407242 0.944972 0.284349 -0.161784 0.792927 0.742779 1 8 1.000000
  8 -17.601049 -39.019947 58.972855 0.441706 0.308489 -0.842455 0.805532 0.755523 1 8 1.000000
  8 -17.693081 -38.637615 59.064590 0.299421 0.688079 -0.660979 0.794849 0.759288 1 8 1.000000
v_immolator_sheet
  8 -18.106462 -38.647533 59.012352 -0.157907 0.677221 -0.718635 0.795318 0.768620 1 8 1.000000
  8 -17.693081 -38.637615 59.064590 0.299421 0.688079 -0.660979 0.794849 0.759288 1 8 1.000000
  8 -17.601049 -39.019947 58.972855 0.441706 0.308489 -0.842455 0.805532 0.755523 1 8 1.000000
v_immolator_sheet
  8 -17.601049 -39.019947 58.972855 0.441706 0.308489 -0.842455 0.805532 0.755523 1 8 1.000000
  8 -18.155024 -39.033272 58.902767 -0.232830 0.292739 -0.927412 0.805532 0.773463 1 8 1.000000
  8 -18.106462 -38.647533 59.012352 -0.157907 0.677221 -0.718635 0.795318 0.768620 1 8 1.000000
v_immolator_sheet
  8 -18.436251 -38.600647 59.262821 -0.522833 0.729176 -0.441528 0.789155 0.775489 1 8 1.000000
  8 -18.106462 -38.647533 59.012352 -0.157907 0.677221 -0.718635 0.795318 0.768620 1 8 1.000000
  8 -18.155024 -39.033272 58.902767 -0.232830 0.292739 -0.927412 0.805532 0.773463 1 8 1.000000
v_immolator_sheet
  8 -18.155024 -39.033272 58.902767 -0.232830 0.292739 -0.927412 0.805532 0.773463 1 8 1.000000
  8 -18.596941 -38.970352 59.238491 -0.771052 0.369258 -0.518775 0.792849 0.786098 1 8 1.000000
  8 -18.436251 -38.600647 59.262821 -0.522833 0.729176 -0.441528 0.789155 0.775489 1 8 1.000000
v_immolator_sheet
  8 -18.489491 -38.524506 59.669174 -0.581751 0.813327 0.007996 0.780035 0.775857 1 8 1.000000
  8 -18.436251 -38.600647 59.262821 -0.522833 0.729176 -0.441528 0.789155 0.775489 1 8 1.000000
  8 -18.596941 -38.970352 59.238491 -0.771052 0.369258 -0.518775 0.792849 0.786098 1 8 1.000000
v_immolator_sheet
  8 -18.596941 -38.970352 59.238491 -0.771052 0.369258 -0.518775 0.792849 0.786098 1 8 1.000000
  8 -18.668230 -38.868267 59.782932 -0.864848 0.388018 0.318557 0.775026 0.785843 1 8 1.000000
  8 -18.489491 -38.524506 59.669174 -0.581751 0.813327 0.007996 0.780035 0.775857 1 8 1.000000
v_immolator_sheet
  8 -18.234602 -38.463593 59.993343 -0.299856 0.880707 0.366663 0.773430 0.769277 1 8 1.000000
  8 -18.489491 -38.524506 59.669174 -0.581751 0.813327 0.007996 0.780035 0.775857 1 8 1.000000
  8 -18.668230 -38.868267 59.782932 -0.864848 0.388018 0.318557 0.775026 0.785843 1 8 1.000000
v_immolator_sheet
  8 -18.668230 -38.868267 59.782932 -0.864848 0.388018 0.318557 0.775026 0.785843 1 8 1.000000
  8 -18.326679 -38.786716 60.217323 -0.485248 0.409683 0.772460 0.762801 0.773121 1 8 1.000000
  8 -18.234602 -38.463593 59.993343 -0.299856 0.880707 0.366663 0.773430 0.769277 1 8 1.000000
v_immolator_sheet
  8 -17.821218 -38.453575 60.045582 0.157479 0.891676 0.424398 0.772625 0.760028 1 8 1.000000
  8 -18.234602 -38.463593 59.993343 -0.299856 0.880707 0.366663 0.773430 0.769277 1 8 1.000000
  8 -18.326679 -38.786716 60.217323 -0.485248 0.409683 0.772460 0.762801 0.773121 1 8 1.000000
v_immolator_sheet
  8 -17.693081 -38.637615 59.064590 0.299421 0.688079 -0.660979 0.794849 0.759288 1 8 1.000000
  8 -18.106462 -38.647533 59.012352 -0.157907 0.677221 -0.718635 0.795318 0.768620 1 8 1.000000
  8 -18.234602 -38.463593 59.993343 -0.299856 0.880707 0.366663 0.773430 0.769277 1 8 1.000000
v_immolator_sheet
  8 -18.106462 -38.647533 59.012352 -0.157907 0.677221 -0.718635 0.795318 0.768620 1 8 1.000000
  8 -18.436251 -38.600647 59.262821 -0.522833 0.729176 -0.441528 0.789155 0.775489 1 8 1.000000
  8 -18.234602 -38.463593 59.993343 -0.299856 0.880707 0.366663 0.773430 0.769277 1 8 1.000000
v_immolator_sheet
  8 -18.436251 -38.600647 59.262821 -0.522833 0.729176 -0.441528 0.789155 0.775489 1 8 1.000000
  8 -18.489491 -38.524506 59.669174 -0.581751 0.813327 0.007996 0.780035 0.775857 1 8 1.000000
  8 -18.234602 -38.463593 59.993343 -0.299856 0.880707 0.366663 0.773430 0.769277 1 8 1.000000
v_immolator_sheet
  8 -17.772703 -38.773396 60.287411 0.255509 0.431453 0.865195 0.762466 0.755300 1 8 1.000000
  8 -17.330887 -38.836208 59.951687 0.846353 0.327072 0.420369 0.775052 0.742655 1 8 1.000000
  8 -17.491434 -38.500462 59.795113 0.522635 0.839727 0.147345 0.778756 0.753262 1 8 1.000000
v_immolator_sheet
  8 -17.438194 -38.576702 59.388756 0.581423 0.755383 -0.302232 0.787989 0.752937 1 8 1.000000
  8 -17.491434 -38.500462 59.795113 0.522635 0.839727 0.147345 0.778756 0.753262 1 8 1.000000
  8 -17.330887 -38.836208 59.951687 0.846353 0.327072 0.420369 0.775052 0.742655 1 8 1.000000
v_immolator_sheet
  8 -17.330887 -38.836208 59.951687 0.846353 0.327072 0.420369 0.775052 0.742655 1 8 1.000000
  8 -17.259501 -38.938297 59.407242 0.944972 0.284349 -0.161784 0.792927 0.742779 1 8 1.000000
  8 -17.438194 -38.576702 59.388756 0.581423 0.755383 -0.302232 0.787989 0.752937 1 8 1.000000
v_immolator_sheet
  8 -18.243114 -40.807884 60.606850 -0.474546 -0.140481 0.868948 0.699733 0.771618 1 8 1.000000
  8 -18.505898 -40.870598 60.272781 -0.760084 -0.164347 0.628699 0.698516 0.786228 1 8 1.000000
  8 -18.505924 -41.252876 60.344414 -0.779163 0.281908 0.559850 0.686554 0.785765 1 8 1.000000
v_immolator_sheet
  8 -18.505898 -40.870598 60.272781 -0.760084 -0.164347 0.628699 0.698516 0.786228 1 8 1.000000
  8 -18.243114 -40.807884 60.606850 -0.474546 -0.140481 0.868948 0.699733 0.771618 1 8 1.000000
  8 -18.326847 -40.519249 60.701424 -0.479520 -0.065129 0.875111 0.710098 0.771972 1 8 1.000000
v_immolator_sheet
  8 -17.772871 -40.505928 60.771511 0.252577 -0.044039 0.966574 0.710056 0.756087 1 8 1.000000
  8 -18.326847 -40.519249 60.701424 -0.479520 -0.065129 0.875111 0.710098 0.771972 1 8 1.000000
  8 -18.243114 -40.807884 60.606850 -0.474546 -0.140481 0.868948 0.699733 0.771618 1 8 1.000000
v_immolator_sheet
  8 -18.326847 -40.519249 60.701424 -0.479520 -0.065129 0.875111 0.710098 0.771972 1 8 1.000000
  8 -17.772871 -40.505928 60.771511 0.252577 -0.044039 0.966574 0.710056 0.756087 1 8 1.000000
  8 -17.772703 -38.773396 60.287411 0.255509 0.431453 0.865195 0.762466 0.755300 1 8 1.000000
v_immolator_sheet
  8 -17.330887 -38.836208 59.951687 0.846353 0.327072 0.420369 0.762574 0.737514 1 8 1.000000
  8 -17.772703 -38.773396 60.287411 0.255509 0.431453 0.865195 0.762466 0.755300 1 8 1.000000
  8 -17.772871 -40.505928 60.771511 0.252577 -0.044039 0.966574 0.710056 0.756087 1 8 1.000000
v_immolator_sheet
  8 -18.243139 -41.190159 60.678581 -0.488405 0.341545 0.802999 0.686106 0.771746 1 8 1.000000
  8 -18.505924 -41.252876 60.344414 -0.779163 0.281908 0.559850 0.686554 0.785765 1 8 1.000000
  8 -18.684771 -41.726524 60.482616 -0.781138 0.267959 0.563933 0.671359 0.789366 1 8 1.000000
v_immolator_sheet
  8 -18.505924 -41.252876 60.344414 -0.779163 0.281908 0.559850 0.686554 0.785765 1 8 1.000000
  8 -18.243139 -41.190159 60.678581 -0.488405 0.341545 0.802999 0.686106 0.771746 1 8 1.000000
  8 -18.243114 -40.807884 60.606850 -0.474546 -0.140481 0.868948 0.699733 0.771618 1 8 1.000000
v_immolator_sheet
  8 -17.817034 -40.797665 60.660793 0.250011 -0.123479 0.960337 0.700095 0.756355 1 8 1.000000
  8 -18.243114 -40.807884 60.606850 -0.474546 -0.140481 0.868948 0.699733 0.771618 1 8 1.000000
  8 -18.243139 -41.190159 60.678581 -0.488405 0.341545 0.802999 0.686106 0.771746 1 8 1.000000
v_immolator_sheet
  8 -18.243114 -40.807884 60.606850 -0.474546 -0.140481 0.868948 0.699733 0.771618 1 8 1.000000
  8 -17.817034 -40.797665 60.660793 0.250011 -0.123479 0.960337 0.700095 0.756355 1 8 1.000000
  8 -17.772871 -40.505928 60.771511 0.252577 -0.044039 0.966574 0.710056 0.756087 1 8 1.000000
v_immolator_sheet
  8 -17.331055 -40.568741 60.435780 0.837198 -0.145514 0.527186 0.709571 0.740602 1 8 1.000000
  8 -17.772871 -40.505928 60.771511 0.252577 -0.044039 0.966574 0.710056 0.756087 1 8 1.000000
  8 -17.817034 -40.797665 60.660793 0.250011 -0.123479 0.960337 0.700095 0.756355 1 8 1.000000
v_immolator_sheet
  8 -17.772871 -40.505928 60.771511 0.252577 -0.044039 0.966574 0.710056 0.756087 1 8 1.000000
  8 -17.331055 -40.568741 60.435780 0.837198 -0.145514 0.527186 0.709571 0.740602 1 8 1.000000
  8 -17.330887 -38.836208 59.951687 0.846353 0.327072 0.420369 0.762574 0.737514 1 8 1.000000
v_immolator_sheet
  8 -17.259501 -38.938297 59.407242 0.944972 0.284349 -0.161784 0.762644 0.719661 1 8 1.000000
  8 -17.330887 -38.836208 59.951687 0.846353 0.327072 0.420369 0.762574 0.737514 1 8 1.000000
  8 -17.331055 -40.568741 60.435780 0.837198 -0.145514 0.527186 0.709571 0.740602 1 8 1.000000
v_immolator_sheet
  8 -17.331055 -40.568741 60.435780 0.837198 -0.145514 0.527186 0.709571 0.740602 1 8 1.000000
  8 -17.259668 -40.670933 59.891243 0.965194 -0.203226 0.164620 0.707988 0.724776 1 8 1.000000
  8 -17.259501 -38.938297 59.407242 0.944972 0.284349 -0.161784 0.762644 0.719661 1 8 1.000000
v_immolator_sheet
  8 -17.259668 -40.670933 59.891243 0.965194 -0.203226 0.164620 0.707988 0.724776 1 8 1.000000
  8 -17.331055 -40.568741 60.435780 0.837198 -0.145514 0.527186 0.709571 0.740602 1 8 1.000000
  8 -17.477144 -40.845951 60.402527 0.828145 -0.205731 0.521393 0.700176 0.741348 1 8 1.000000
v_immolator_sheet
  8 -17.817034 -40.797665 60.660793 0.250011 -0.123479 0.960337 0.700095 0.756355 1 8 1.000000
  8 -17.477144 -40.845951 60.402527 0.828145 -0.205731 0.521393 0.700176 0.741348 1 8 1.000000
  8 -17.331055 -40.568741 60.435780 0.837198 -0.145514 0.527186 0.709571 0.740602 1 8 1.000000
v_immolator_sheet
  8 -17.477144 -40.845951 60.402527 0.828145 -0.205731 0.521393 0.700176 0.741348 1 8 1.000000
  8 -17.817034 -40.797665 60.660793 0.250011 -0.123479 0.960337 0.700095 0.756355 1 8 1.000000
  8 -17.817059 -41.179939 60.732426 0.257247 0.359181 0.897114 0.686290 0.756635 1 8 1.000000
v_immolator_sheet
  8 -18.243139 -41.190159 60.678581 -0.488405 0.341545 0.802999 0.686106 0.771746 1 8 1.000000
  8 -17.817059 -41.179939 60.732426 0.257247 0.359181 0.897114 0.686290 0.756635 1 8 1.000000
  8 -17.817034 -40.797665 60.660793 0.250011 -0.123479 0.960337 0.700095 0.756355 1 8 1.000000
v_immolator_sheet
  8 -17.817059 -41.179939 60.732426 0.257247 0.359181 0.897114 0.686290 0.756635 1 8 1.000000
  8 -18.243139 -41.190159 60.678581 -0.488405 0.341545 0.802999 0.686106 0.771746 1 8 1.000000
  8 -18.335325 -41.643074 60.927006 -0.489870 0.326742 0.808249 0.669889 0.772860 1 8 1.000000
v_immolator_sheet
  8 -18.684771 -41.726524 60.482616 -0.781138 0.267959 0.563933 0.671359 0.789366 1 8 1.000000
  8 -18.335325 -41.643074 60.927006 -0.489870 0.326742 0.808249 0.669889 0.772860 1 8 1.000000
  8 -18.243139 -41.190159 60.678581 -0.488405 0.341545 0.802999 0.686106 0.771746 1 8 1.000000
v_immolator_sheet
  8 -18.335325 -41.643074 60.927006 -0.489870 0.326742 0.808249 0.669889 0.772860 1 8 1.000000
  8 -18.684771 -41.726524 60.482616 -0.781138 0.267959 0.563933 0.671359 0.789366 1 8 1.000000
  8 -18.684851 -42.950047 60.712036 -0.533850 0.836482 0.123697 0.633313 0.790864 1 8 1.000000
v_immolator_sheet
  8 -18.684851 -42.950047 60.712036 -0.533850 0.836482 0.123697 0.633313 0.790864 1 8 1.000000
  8 -18.335403 -42.866592 61.156425 -0.382801 0.759468 0.525996 0.632830 0.773007 1 8 1.000000
  8 -18.335325 -41.643074 60.927006 -0.489870 0.326742 0.808249 0.669889 0.772860 1 8 1.000000
v_immolator_sheet
  8 -17.768549 -41.629448 60.998699 0.258012 0.344473 0.902645 0.669594 0.756780 1 8 1.000000
  8 -18.335325 -41.643074 60.927006 -0.489870 0.326742 0.808249 0.669889 0.772860 1 8 1.000000
  8 -18.335403 -42.866592 61.156425 -0.382801 0.759468 0.525996 0.632830 0.773007 1 8 1.000000
v_immolator_sheet
  8 -18.335403 -42.866592 61.156425 -0.382801 0.759468 0.525996 0.632830 0.773007 1 8 1.000000
  8 -17.768627 -42.852970 61.228119 0.197339 0.778488 0.595830 0.633007 0.755217 1 8 1.000000
  8 -17.768549 -41.629448 60.998699 0.258012 0.344473 0.902645 0.669594 0.756780 1 8 1.000000
v_immolator_sheet
  8 -17.316530 -41.693764 60.655174 0.854693 0.259414 0.449671 0.670167 0.740876 1 8 1.000000
  8 -17.768549 -41.629448 60.998699 0.258012 0.344473 0.902645 0.669594 0.756780 1 8 1.000000
  8 -17.768627 -42.852970 61.228119 0.197339 0.778488 0.595830 0.633007 0.755217 1 8 1.000000
v_immolator_sheet
  8 -17.768627 -42.852970 61.228119 0.197339 0.778488 0.595830 0.633007 0.755217 1 8 1.000000
  8 -17.316608 -42.917290 60.884598 0.661417 0.707594 0.248673 0.634006 0.737439 1 8 1.000000
  8 -17.316530 -41.693764 60.655174 0.854693 0.259414 0.449671 0.670167 0.740876 1 8 1.000000
v_immolator_sheet
  8 -17.243538 -41.798260 60.098137 0.950702 0.121618 -0.285263 0.671714 0.725016 1 8 1.000000
  8 -17.316530 -41.693764 60.655174 0.854693 0.259414 0.449671 0.670167 0.740876 1 8 1.000000
  8 -17.316608 -42.917290 60.884598 0.661417 0.707594 0.248673 0.634006 0.737439 1 8 1.000000
v_immolator_sheet
  8 -17.316608 -42.917290 60.884598 0.661417 0.707594 0.248673 0.634006 0.737439 1 8 1.000000
  8 -17.243616 -43.021778 60.327557 0.720555 0.623992 -0.302382 0.635982 0.719680 1 8 1.000000
  8 -17.243538 -41.798260 60.098137 0.950702 0.121618 -0.285263 0.671714 0.725016 1 8 1.000000
v_immolator_sheet
  8 -17.592983 -41.881714 59.653748 0.490470 0.017396 -0.871285 0.674806 0.709126 1 8 1.000000
  8 -17.243538 -41.798260 60.098137 0.950702 0.121618 -0.285263 0.671714 0.725016 1 8 1.000000
  8 -17.243616 -43.021778 60.327557 0.720555 0.623992 -0.302382 0.635982 0.719680 1 8 1.000000
v_immolator_sheet
  8 -17.243616 -43.021778 60.327557 0.720555 0.623992 -0.302382 0.635982 0.719680 1 8 1.000000
  8 -17.541662 -43.097034 59.875183 0.533571 -0.133431 -0.835164 0.639051 0.702894 1 8 1.000000
  8 -17.592983 -41.881714 59.653748 0.490470 0.017396 -0.871285 0.674806 0.709126 1 8 1.000000
v_immolator_sheet
  8 -18.159660 -41.895340 59.582054 0.122718 -0.020020 -0.992240 0.680126 0.692375 1 8 1.000000
  8 -17.592983 -41.881714 59.653748 0.490470 0.017396 -0.871285 0.674806 0.709126 1 8 1.000000
  8 -17.541662 -43.097034 59.875183 0.533571 -0.133431 -0.835164 0.639051 0.702894 1 8 1.000000
v_immolator_sheet
  8 -17.541662 -43.097034 59.875183 0.533571 -0.133431 -0.835164 0.639051 0.702894 1 8 1.000000
  8 -18.159739 -43.118858 59.811478 -0.042086 0.657867 -0.751957 0.642837 0.684209 1 8 1.000000
  8 -18.159660 -41.895340 59.582054 0.122718 -0.020020 -0.992240 0.680126 0.692375 1 8 1.000000
v_immolator_sheet
  8 -17.477144 -40.845951 60.402527 0.828145 -0.205731 0.521393 0.700176 0.741348 1 8 1.000000
  8 -17.422298 -40.924500 59.983673 0.952855 -0.250193 0.171668 0.699317 0.727558 1 8 1.000000
  8 -17.259668 -40.670933 59.891243 0.965194 -0.203226 0.164620 0.707988 0.724776 1 8 1.000000
v_immolator_sheet
  8 -17.422298 -40.924500 59.983673 0.952855 -0.250193 0.171668 0.699317 0.727558 1 8 1.000000
  8 -17.477144 -40.845951 60.402527 0.828145 -0.205731 0.521393 0.700176 0.741348 1 8 1.000000
  8 -17.477169 -41.228230 60.474159 0.852251 0.274338 0.445429 0.686723 0.741644 1 8 1.000000
v_immolator_sheet
  8 -17.817059 -41.179939 60.732426 0.257247 0.359181 0.897114 0.686290 0.756635 1 8 1.000000
  8 -17.477169 -41.228230 60.474159 0.852251 0.274338 0.445429 0.686723 0.741644 1 8 1.000000
  8 -17.477144 -40.845951 60.402527 0.828145 -0.205731 0.521393 0.700176 0.741348 1 8 1.000000
v_immolator_sheet
  8 -17.477169 -41.228230 60.474159 0.852251 0.274338 0.445429 0.686723 0.741644 1 8 1.000000
  8 -17.817059 -41.179939 60.732426 0.257247 0.359181 0.897114 0.686290 0.756635 1 8 1.000000
  8 -17.768549 -41.629448 60.998699 0.258012 0.344473 0.902645 0.669594 0.756780 1 8 1.000000
v_immolator_sheet
  8 -18.335325 -41.643074 60.927006 -0.489870 0.326742 0.808249 0.669889 0.772860 1 8 1.000000
  8 -17.768549 -41.629448 60.998699 0.258012 0.344473 0.902645 0.669594 0.756780 1 8 1.000000
  8 -17.817059 -41.179939 60.732426 0.257247 0.359181 0.897114 0.686290 0.756635 1 8 1.000000
v_immolator_sheet
  8 -17.768549 -41.629448 60.998699 0.258012 0.344473 0.902645 0.669594 0.756780 1 8 1.000000
  8 -17.316530 -41.693764 60.655174 0.854693 0.259414 0.449671 0.670167 0.740876 1 8 1.000000
  8 -17.477169 -41.228230 60.474159 0.852251 0.274338 0.445429 0.686723 0.741644 1 8 1.000000
v_immolator_sheet
  8 -17.477169 -41.228230 60.474159 0.852251 0.274338 0.445429 0.686723 0.741644 1 8 1.000000
  8 -17.422323 -41.306774 60.055405 0.961671 0.216444 -0.168346 0.687435 0.727445 1 8 1.000000
  8 -17.422298 -40.924500 59.983673 0.952855 -0.250193 0.171668 0.699317 0.727558 1 8 1.000000
v_immolator_sheet
  8 -17.422323 -41.306774 60.055405 0.961671 0.216444 -0.168346 0.687435 0.727445 1 8 1.000000
  8 -17.477169 -41.228230 60.474159 0.852251 0.274338 0.445429 0.686723 0.741644 1 8 1.000000
  8 -17.316530 -41.693764 60.655174 0.854693 0.259414 0.449671 0.670167 0.740876 1 8 1.000000
v_immolator_sheet
  8 -17.316530 -41.693764 60.655174 0.854693 0.259414 0.449671 0.670167 0.740876 1 8 1.000000
  8 -17.243538 -41.798260 60.098137 0.950702 0.121618 -0.285263 0.671714 0.725016 1 8 1.000000
  8 -17.422323 -41.306774 60.055405 0.961671 0.216444 -0.168346 0.687435 0.727445 1 8 1.000000
v_immolator_sheet
  8 -17.685009 -41.369591 59.721237 0.465239 0.197339 -0.862908 0.690548 0.713776 1 8 1.000000
  8 -17.422323 -41.306774 60.055405 0.961671 0.216444 -0.168346 0.687435 0.727445 1 8 1.000000
  8 -17.243538 -41.798260 60.098137 0.950702 0.121618 -0.285263 0.671714 0.725016 1 8 1.000000
v_immolator_sheet
  8 -17.243538 -41.798260 60.098137 0.950702 0.121618 -0.285263 0.671714 0.725016 1 8 1.000000
  8 -17.592983 -41.881714 59.653748 0.490470 0.017396 -0.871285 0.674806 0.709126 1 8 1.000000
  8 -17.685009 -41.369591 59.721237 0.465239 0.197339 -0.862908 0.690548 0.713776 1 8 1.000000
v_immolator_sheet
  8 -18.111090 -41.379810 59.667393 0.120430 0.150980 -0.981173 0.695752 0.700480 1 8 1.000000
  8 -17.685009 -41.369591 59.721237 0.465239 0.197339 -0.862908 0.690548 0.713776 1 8 1.000000
  8 -17.592983 -41.881714 59.653748 0.490470 0.017396 -0.871285 0.674806 0.709126 1 8 1.000000
v_immolator_sheet
  8 -17.592983 -41.881714 59.653748 0.490470 0.017396 -0.871285 0.674806 0.709126 1 8 1.000000
  8 -18.159660 -41.895340 59.582054 0.122718 -0.020020 -0.992240 0.680126 0.692375 1 8 1.000000
  8 -18.111090 -41.379810 59.667393 0.120430 0.150980 -0.981173 0.695752 0.700480 1 8 1.000000
v_immolator_sheet
  8 -10.180793 -36.069904 55.331299 0.989292 0.001465 0.145941 0.849223 0.577519 1 8 1.000000
  8 -10.438263 -32.972832 53.508343 0.920893 0.211652 -0.327352 0.941780 0.533787 1 8 1.000000
  8 -10.180276 -32.957520 55.285625 0.975891 0.197644 0.092596 0.940675 0.585223 1 8 1.000000
v_immolator_sheet
  8 -10.180276 -32.957520 55.285625 0.975891 0.197644 0.092596 0.940675 0.585223 1 8 1.000000
  8 -10.231917 -32.907478 55.403389 0.801072 0.235853 0.550142 0.941811 0.589159 1 8 1.000000
  8 -10.180793 -36.069904 55.331299 0.989292 0.001465 0.145941 0.849223 0.577519 1 8 1.000000
v_immolator_sheet
  8 -11.270415 -32.939079 52.212845 0.209546 0.366111 -0.906671 0.946981 0.489528 1 8 1.000000
  8 -12.038089 -34.196407 52.424416 -0.147406 0.121068 -0.981638 0.913165 0.463730 1 8 1.000000
  8 -12.038084 -32.239712 52.410038 0.384788 0.686137 -0.617377 0.968864 0.468704 1 8 1.000000
v_immolator_sheet
  8 -11.270415 -32.939079 52.212845 0.209546 0.366111 -0.906671 0.946981 0.489528 1 8 1.000000
  8 -12.038095 -36.153103 52.438690 -0.257152 -0.006470 -0.966349 0.857466 0.458756 1 8 1.000000
  8 -12.038089 -34.196407 52.424416 -0.147406 0.121068 -0.981638 0.913165 0.463730 1 8 1.000000
v_immolator_sheet
  8 -12.038095 -36.153103 52.438690 -0.257152 -0.006470 -0.966349 0.857466 0.458756 1 8 1.000000
  8 -11.270415 -32.939079 52.212845 0.209546 0.366111 -0.906671 0.946981 0.489528 1 8 1.000000
  8 -11.279324 -36.156071 52.236454 0.069981 -0.006867 -0.997525 0.855428 0.481105 1 8 1.000000
v_immolator_sheet
  8 -11.279324 -36.156071 52.236454 0.069981 -0.006867 -0.997525 0.855428 0.481105 1 8 1.000000
  8 -11.270415 -32.939079 52.212845 0.209546 0.366111 -0.906671 0.946981 0.489528 1 8 1.000000
  8 -11.166032 -32.980965 52.261497 0.668548 0.232401 -0.706423 0.945485 0.492694 1 8 1.000000
v_immolator_sheet
  8 -11.168639 -36.155857 52.283291 0.667885 -0.005646 -0.744243 0.855118 0.484526 1 8 1.000000
  8 -11.279324 -36.156071 52.236454 0.069981 -0.006867 -0.997525 0.855428 0.481105 1 8 1.000000
  8 -11.166032 -32.980965 52.261497 0.668548 0.232401 -0.706423 0.945485 0.492694 1 8 1.000000
v_immolator_sheet
  8 -11.168639 -36.155857 52.283291 0.667885 -0.005646 -0.744243 0.855118 0.484526 1 8 1.000000
  8 -11.166032 -32.980965 52.261497 0.668548 0.232401 -0.706423 0.945485 0.492694 1 8 1.000000
  8 -10.462277 -36.146618 53.551331 0.944467 -0.008209 -0.328505 0.851415 0.525843 1 8 1.000000
v_immolator_sheet
  8 -10.462277 -36.146618 53.551331 0.944467 -0.008209 -0.328505 0.851415 0.525843 1 8 1.000000
  8 -11.166032 -32.980965 52.261497 0.668548 0.232401 -0.706423 0.945485 0.492694 1 8 1.000000
  8 -10.438263 -32.972832 53.508343 0.920893 0.211652 -0.327352 0.941780 0.533787 1 8 1.000000
v_immolator_sheet
  8 -10.462277 -36.146618 53.551331 0.944467 -0.008209 -0.328505 0.851415 0.525843 1 8 1.000000
  8 -10.438263 -32.972832 53.508343 0.920893 0.211652 -0.327352 0.941780 0.533787 1 8 1.000000
  8 -10.180793 -36.135704 55.331924 0.986434 0.100346 0.129919 0.846588 0.577136 1 8 1.000000
v_immolator_sheet
  8 -10.180793 -36.135704 55.331924 0.986434 0.100346 0.129919 0.846588 0.577136 1 8 1.000000
  8 -10.438263 -32.972832 53.508343 0.920893 0.211652 -0.327352 0.941780 0.533787 1 8 1.000000
  8 -10.180793 -36.069904 55.331299 0.989292 0.001465 0.145941 0.849223 0.577519 1 8 1.000000
v_immolator_sheet
  8 -10.180793 -36.135704 55.331924 0.986434 0.100346 0.129919 0.846588 0.577136 1 8 1.000000
  8 -10.180793 -36.069904 55.331299 0.989292 0.001465 0.145941 0.849223 0.577519 1 8 1.000000
  8 -10.234132 -35.962967 55.444946 0.768988 0.016999 0.639037 0.852267 0.581806 1 8 1.000000
v_immolator_sheet
  8 -10.234132 -35.962967 55.444946 0.768988 0.016999 0.639037 0.852267 0.581806 1 8 1.000000
  8 -10.180793 -36.069904 55.331299 0.989292 0.001465 0.145941 0.849223 0.577519 1 8 1.000000
  8 -10.231917 -32.907478 55.403389 0.801072 0.235853 0.550142 0.941811 0.589159 1 8 1.000000
v_immolator_sheet
  8 -10.913576 -32.324818 55.866856 0.940802 0.334211 0.056520 0.957351 0.615185 1 8 1.000000
  8 -10.234132 -35.962967 55.444946 0.768988 0.016999 0.639037 0.852267 0.581806 1 8 1.000000
  8 -10.231917 -32.907478 55.403389 0.801072 0.235853 0.550142 0.941811 0.589159 1 8 1.000000
v_immolator_sheet
  8 -10.234132 -35.962967 55.444946 0.768988 0.016999 0.639037 0.852267 0.581806 1 8 1.000000
  8 -10.913576 -32.324818 55.866856 0.940802 0.334211 0.056520 0.957351 0.615185 1 8 1.000000
  8 -10.912498 -36.127598 55.925568 0.824487 0.565039 0.030855 0.845091 0.607574 1 8 1.000000
v_immolator_sheet
  8 -10.365643 -33.038551 56.345089 0.837811 0.107488 -0.535275 0.934623 0.634991 1 8 1.000000
  8 -10.912498 -36.127598 55.925568 0.824487 0.565039 0.030855 0.845091 0.607574 1 8 1.000000
  8 -10.913576 -32.324818 55.866856 0.940802 0.334211 0.056520 0.957351 0.615185 1 8 1.000000
v_immolator_sheet
  8 -10.912498 -36.127598 55.925568 0.824487 0.565039 0.030855 0.845091 0.607574 1 8 1.000000
  8 -10.365643 -33.038551 56.345089 0.837811 0.107488 -0.535275 0.934623 0.634991 1 8 1.000000
  8 -10.365559 -36.123238 56.393856 0.529109 0.762519 -0.372302 0.843561 0.628821 1 8 1.000000
v_immolator_sheet
  8 -10.365643 -33.038551 56.345089 0.837811 0.107488 -0.535275 0.934623 0.634991 1 8 1.000000
  8 -10.322086 -33.029713 56.473301 0.977994 0.200665 -0.057102 0.934553 0.639005 1 8 1.000000
  8 -10.365559 -36.123238 56.393856 0.529109 0.762519 -0.372302 0.843561 0.628821 1 8 1.000000
v_immolator_sheet
  8 -10.320003 -36.122097 56.518570 0.984090 0.151070 -0.093511 0.843271 0.632738 1 8 1.000000
  8 -10.365559 -36.123238 56.393856 0.529109 0.762519 -0.372302 0.843561 0.628821 1 8 1.000000
  8 -10.322086 -33.029713 56.473301 0.977994 0.200665 -0.057102 0.934553 0.639005 1 8 1.000000
v_immolator_sheet
  8 -10.320003 -36.122097 56.518570 0.984090 0.151070 -0.093511 0.843271 0.632738 1 8 1.000000
  8 -10.322086 -33.029713 56.473301 0.977994 0.200665 -0.057102 0.934553 0.639005 1 8 1.000000
  8 -10.591273 -36.107124 58.175571 0.943678 0.006867 0.330795 0.839601 0.682279 1 8 1.000000
v_immolator_sheet
  8 -10.180793 -36.135704 55.331924 0.986434 0.100346 0.129919 0.846588 0.577136 1 8 1.000000
  8 -10.234132 -35.962967 55.444946 0.768988 0.016999 0.639037 0.852267 0.581806 1 8 1.000000
  8 -10.231334 -36.134563 55.450703 0.479790 0.789041 0.383686 0.846501 0.581571 1 8 1.000000
v_immolator_sheet
  8 -10.231334 -36.134563 55.450703 0.479790 0.789041 0.383686 0.846501 0.581571 1 8 1.000000
  8 -10.234132 -35.962967 55.444946 0.768988 0.016999 0.639037 0.852267 0.581806 1 8 1.000000
  8 -10.912498 -36.127598 55.925568 0.824487 0.565039 0.030855 0.845091 0.607574 1 8 1.000000
v_immolator_sheet
  8 -10.591273 -36.107124 58.175571 0.943678 0.006867 0.330795 0.839601 0.682279 1 8 1.000000
  8 -10.322086 -33.029713 56.473301 0.977994 0.200665 -0.057102 0.934553 0.639005 1 8 1.000000
  8 -10.620273 -33.017525 58.173496 0.923513 0.191692 0.332232 0.930689 0.689927 1 8 1.000000
v_immolator_sheet
  8 -10.591273 -36.107124 58.175571 0.943678 0.006867 0.330795 0.839601 0.682279 1 8 1.000000
  8 -10.620273 -33.017525 58.173496 0.923513 0.191692 0.332232 0.930689 0.689927 1 8 1.000000
  8 -11.268391 -36.091805 59.382431 0.680154 0.027407 0.732556 0.836791 0.723125 1 8 1.000000
v_immolator_sheet
  8 -11.268391 -36.091805 59.382431 0.680154 0.027407 0.732556 0.836791 0.723125 1 8 1.000000
  8 -10.620273 -33.017525 58.173496 0.923513 0.191692 0.332232 0.930689 0.689927 1 8 1.000000
  8 -11.268390 -36.009007 59.378803 0.674909 0.029238 0.737322 0.840127 0.723408 1 8 1.000000
v_immolator_sheet
  8 -11.268391 -36.091805 59.382431 0.680154 0.027407 0.732556 0.836791 0.723125 1 8 1.000000
  8 -11.268390 -36.009007 59.378803 0.674909 0.029238 0.737322 0.840127 0.723408 1 8 1.000000
  8 -11.381006 -35.891590 59.428524 0.152412 0.025330 0.987992 0.843705 0.727588 1 8 1.000000
v_immolator_sheet
  8 -11.381006 -35.891590 59.428524 0.152412 0.025330 0.987992 0.843705 0.727588 1 8 1.000000
  8 -11.268390 -36.009007 59.378803 0.674909 0.029238 0.737322 0.840127 0.723408 1 8 1.000000
  8 -11.382182 -32.942413 59.357803 0.265824 0.302661 0.915278 0.931940 0.732266 1 8 1.000000
v_immolator_sheet
  8 -12.702640 -32.265854 59.235714 -0.621411 0.317160 0.716420 0.951491 0.773801 1 8 1.000000
  8 -11.381006 -35.891590 59.428524 0.152412 0.025330 0.987992 0.843705 0.727588 1 8 1.000000
  8 -11.382182 -32.942413 59.357803 0.265824 0.302661 0.915278 0.931940 0.732266 1 8 1.000000
v_immolator_sheet
  8 -11.381006 -35.891590 59.428524 0.152412 0.025330 0.987992 0.843705 0.727588 1 8 1.000000
  8 -12.702640 -32.265854 59.235714 -0.621411 0.317160 0.716420 0.951491 0.773801 1 8 1.000000
  8 -12.040476 -36.102520 59.338367 -0.166329 0.001953 0.986068 0.836161 0.748888 1 8 1.000000
v_immolator_sheet
  8 -12.040476 -36.102520 59.338367 -0.166329 0.001953 0.986068 0.836161 0.748888 1 8 1.000000
  8 -12.702640 -32.265854 59.235714 -0.621411 0.317160 0.716420 0.951491 0.773801 1 8 1.000000
  8 -12.678730 -35.991066 59.205608 -0.596868 0.192333 0.778946 0.838743 0.768757 1 8 1.000000
v_immolator_sheet
  8 -12.905514 -35.364182 58.579113 -0.334618 0.138620 0.932102 0.856699 0.789868 1 8 1.000000
  8 -12.678730 -35.991066 59.205608 -0.596868 0.192333 0.778946 0.838743 0.768757 1 8 1.000000
  8 -12.702640 -32.265854 59.235714 -0.621411 0.317160 0.716420 0.951491 0.773801 1 8 1.000000
v_immolator_sheet
  8 -12.702640 -32.265854 59.235714 -0.621411 0.317160 0.716420 0.951491 0.773801 1 8 1.000000
  8 -12.690917 -32.157181 59.168579 -0.521639 0.708419 0.475432 0.954715 0.775970 1 8 1.000000
  8 -12.905514 -35.364182 58.579113 -0.334618 0.138620 0.932102 0.856699 0.789868 1 8 1.000000
v_immolator_sheet
  8 -12.690917 -32.157181 59.168579 -0.521639 0.708419 0.475432 0.954715 0.775970 1 8 1.000000
  8 -12.504661 -31.660635 58.135075 0.087254 0.412130 0.906937 0.968864 0.808192 1 8 1.000000
  8 -12.905514 -35.364182 58.579113 -0.334618 0.138620 0.932102 0.856699 0.789868 1 8 1.000000
v_immolator_sheet
  8 -11.268391 -36.091805 59.382431 0.680154 0.027407 0.732556 0.836791 0.723125 1 8 1.000000
  8 -11.381006 -35.891590 59.428524 0.152412 0.025330 0.987992 0.843705 0.727588 1 8 1.000000
  8 -11.380910 -36.092190 59.437492 0.148782 0.044222 0.987881 0.836794 0.727509 1 8 1.000000
v_immolator_sheet
  8 -11.380910 -36.092190 59.437492 0.148782 0.044222 0.987881 0.836794 0.727509 1 8 1.000000
  8 -11.381006 -35.891590 59.428524 0.152412 0.025330 0.987992 0.843705 0.727588 1 8 1.000000
  8 -12.040476 -36.102520 59.338367 -0.166329 0.001953 0.986068 0.836161 0.748888 1 8 1.000000
v_immolator_sheet
  8 -11.268390 -36.009007 59.378803 0.674909 0.029238 0.737322 0.840127 0.723408 1 8 1.000000
  8 -10.620273 -33.017525 58.173496 0.923513 0.191692 0.332232 0.930689 0.689927 1 8 1.000000
  8 -11.269263 -33.009830 59.305164 0.694961 0.188977 0.693770 0.930125 0.728383 1 8 1.000000
v_immolator_sheet
  8 -11.269263 -33.009830 59.305164 0.694961 0.188977 0.693770 0.930125 0.728383 1 8 1.000000
  8 -11.382182 -32.942413 59.357803 0.265824 0.302661 0.915278 0.931940 0.732266 1 8 1.000000
  8 -11.268390 -36.009007 59.378803 0.674909 0.029238 0.737322 0.840127 0.723408 1 8 1.000000
v_immolator_sheet
  8 -16.679541 -43.670254 58.370377 -0.700516 0.454070 -0.550543 0.319786 0.925587 1 8 1.000000
  8 -16.194693 -43.284607 58.225311 -0.014893 0.714571 -0.699404 0.304121 0.915598 1 8 1.000000
  8 -16.400831 -43.661968 58.046772 -0.271864 0.528896 -0.803964 0.316946 0.912438 1 8 1.000000
v_immolator_sheet
  8 -16.524694 -43.182201 58.524963 -0.439601 0.792679 -0.422388 0.304858 0.927723 1 8 1.000000
  8 -16.194693 -43.284607 58.225311 -0.014893 0.714571 -0.699404 0.304121 0.915598 1 8 1.000000
  8 -16.679541 -43.670254 58.370377 -0.700516 0.454070 -0.550543 0.319786 0.925587 1 8 1.000000
v_immolator_sheet
  8 -16.524694 -43.182201 58.524963 -0.439601 0.792679 -0.422388 0.304858 0.927723 1 8 1.000000
  8 -16.679541 -43.670254 58.370377 -0.700516 0.454070 -0.550543 0.319786 0.925587 1 8 1.000000
  8 -17.802713 -43.998188 60.024502 -0.793836 0.397543 -0.460200 0.319786 0.986522 1 8 1.000000
v_immolator_sheet
  8 -17.802713 -43.998188 60.024502 -0.793836 0.397543 -0.460200 0.319786 0.986522 1 8 1.000000
  8 -17.647867 -43.510033 60.179089 -0.585455 0.773027 -0.244277 0.303008 0.985047 1 8 1.000000
  8 -16.524694 -43.182201 58.524963 -0.439601 0.792679 -0.422388 0.304858 0.927723 1 8 1.000000
v_immolator_sheet
  8 -16.400831 -43.661968 58.046772 -0.271864 0.528896 -0.803964 0.316946 0.912438 1 8 1.000000
  8 -16.098379 -43.419819 58.186394 -0.051150 0.736332 -0.674684 0.304136 0.910796 1 8 1.000000
  8 -16.268726 -43.731670 58.038841 -0.292222 0.534727 -0.792889 0.316107 0.908513 1 8 1.000000
v_immolator_sheet
  8 -16.194693 -43.284607 58.225311 -0.014893 0.714571 -0.699404 0.304121 0.915598 1 8 1.000000
  8 -16.098379 -43.419819 58.186394 -0.051150 0.736332 -0.674684 0.304136 0.910796 1 8 1.000000
  8 -16.400831 -43.661968 58.046772 -0.271864 0.528896 -0.803964 0.316946 0.912438 1 8 1.000000
v_immolator_sheet
  8 -16.194693 -43.284607 58.225311 -0.014893 0.714571 -0.699404 0.304121 0.915598 1 8 1.000000
  8 -15.858249 -43.375851 58.390060 0.517883 0.831347 -0.201641 0.293187 0.911128 1 8 1.000000
  8 -16.098379 -43.419819 58.186394 -0.051150 0.736332 -0.674684 0.304136 0.910796 1 8 1.000000
v_immolator_sheet
  8 -15.904076 -43.231419 58.471798 0.528990 0.827103 -0.189922 0.294011 0.916129 1 8 1.000000
  8 -15.858249 -43.375851 58.390060 0.517883 0.831347 -0.201641 0.293187 0.911128 1 8 1.000000
  8 -16.194693 -43.284607 58.225311 -0.014893 0.714571 -0.699404 0.304121 0.915598 1 8 1.000000
v_immolator_sheet
  8 -16.524694 -43.182201 58.524963 -0.439601 0.792679 -0.422388 0.304858 0.927723 1 8 1.000000
  8 -15.904076 -43.231419 58.471798 0.528990 0.827103 -0.189922 0.294011 0.916129 1 8 1.000000
  8 -16.194693 -43.284607 58.225311 -0.014893 0.714571 -0.699404 0.304121 0.915598 1 8 1.000000
v_immolator_sheet
  8 -16.303776 -43.123421 58.756721 0.196421 0.962209 0.188608 0.296316 0.928935 1 8 1.000000
  8 -15.904076 -43.231419 58.471798 0.528990 0.827103 -0.189922 0.294011 0.916129 1 8 1.000000
  8 -16.524694 -43.182201 58.524963 -0.439601 0.792679 -0.422388 0.304858 0.927723 1 8 1.000000
v_immolator_sheet
  8 -16.303776 -43.123421 58.756721 0.196421 0.962209 0.188608 0.296316 0.928935 1 8 1.000000
  8 -16.524694 -43.182201 58.524963 -0.439601 0.792679 -0.422388 0.304858 0.927723 1 8 1.000000
  8 -17.647867 -43.510033 60.179089 -0.585455 0.773027 -0.244277 0.303008 0.985047 1 8 1.000000
v_immolator_sheet
  8 -17.647867 -43.510033 60.179089 -0.585455 0.773027 -0.244277 0.303008 0.985047 1 8 1.000000
  8 -17.426945 -43.451351 60.410748 0.266070 0.894987 0.358056 0.293236 0.986347 1 8 1.000000
  8 -16.303776 -43.123421 58.756721 0.196421 0.962209 0.188608 0.296316 0.928935 1 8 1.000000
v_immolator_sheet
  8 -17.224321 -43.844276 60.631149 0.722573 0.393209 0.568573 0.278936 0.989429 1 8 1.000000
  8 -17.117266 -44.538834 60.756027 0.784863 0.224804 0.577454 0.257490 0.992856 1 8 1.000000
  8 -15.994095 -44.211002 59.101902 0.656930 0.230330 0.717907 0.261213 0.931320 1 8 1.000000
v_immolator_sheet
  8 -15.994095 -44.211002 59.101902 0.656930 0.230330 0.717907 0.261213 0.931320 1 8 1.000000
  8 -16.101151 -43.516445 58.977028 0.581917 0.456573 0.672988 0.282691 0.929916 1 8 1.000000
  8 -17.224321 -43.844276 60.631149 0.722573 0.393209 0.568573 0.278936 0.989429 1 8 1.000000
v_immolator_sheet
  8 -17.426945 -43.451351 60.410748 0.266070 0.894987 0.358056 0.293236 0.986347 1 8 1.000000
  8 -17.224321 -43.844276 60.631149 0.722573 0.393209 0.568573 0.278936 0.989429 1 8 1.000000
  8 -16.101151 -43.516445 58.977028 0.581917 0.456573 0.672988 0.282691 0.929916 1 8 1.000000
v_immolator_sheet
  8 -16.101151 -43.516445 58.977028 0.581917 0.456573 0.672988 0.282691 0.929916 1 8 1.000000
  8 -16.303776 -43.123421 58.756721 0.196421 0.962209 0.188608 0.296316 0.928935 1 8 1.000000
  8 -17.426945 -43.451351 60.410748 0.266070 0.894987 0.358056 0.293236 0.986347 1 8 1.000000
v_immolator_sheet
  8 -16.101151 -43.516445 58.977028 0.581917 0.456573 0.672988 0.282691 0.929916 1 8 1.000000
  8 -15.639953 -43.522545 58.691986 0.813829 0.508178 0.281846 0.281575 0.914766 1 8 1.000000
  8 -16.303776 -43.123421 58.756721 0.196421 0.962209 0.188608 0.296316 0.928935 1 8 1.000000
v_immolator_sheet
  8 -16.303776 -43.123421 58.756721 0.196421 0.962209 0.188608 0.296316 0.928935 1 8 1.000000
  8 -15.639953 -43.522545 58.691986 0.813829 0.508178 0.281846 0.281575 0.914766 1 8 1.000000
  8 -15.904076 -43.231419 58.471798 0.528990 0.827103 -0.189922 0.294011 0.916129 1 8 1.000000
v_immolator_sheet
  8 -15.639953 -43.522545 58.691986 0.813829 0.508178 0.281846 0.281575 0.914766 1 8 1.000000
  8 -15.639912 -43.616486 58.572021 0.861767 0.482995 0.155159 0.280917 0.909946 1 8 1.000000
  8 -15.904076 -43.231419 58.471798 0.528990 0.827103 -0.189922 0.294011 0.916129 1 8 1.000000
v_immolator_sheet
  8 -15.904076 -43.231419 58.471798 0.528990 0.827103 -0.189922 0.294011 0.916129 1 8 1.000000
  8 -15.639912 -43.616486 58.572021 0.861767 0.482995 0.155159 0.280917 0.909946 1 8 1.000000
  8 -15.858249 -43.375851 58.390060 0.517883 0.831347 -0.201641 0.293187 0.911128 1 8 1.000000
v_immolator_sheet
  8 -15.639912 -43.616486 58.572021 0.861767 0.482995 0.155159 0.280917 0.909946 1 8 1.000000
  8 -15.278960 -43.541439 58.136715 0.578862 0.574223 0.578953 0.283014 0.892938 1 8 1.000000
  8 -15.858249 -43.375851 58.390060 0.517883 0.831347 -0.201641 0.293187 0.911128 1 8 1.000000
v_immolator_sheet
  8 -15.858249 -43.375851 58.390060 0.517883 0.831347 -0.201641 0.293187 0.911128 1 8 1.000000
  8 -15.278960 -43.541439 58.136715 0.578862 0.574223 0.578953 0.283014 0.892938 1 8 1.000000
  8 -15.497297 -43.300800 57.954659 0.122718 0.955984 0.266524 0.293029 0.892839 1 8 1.000000
v_immolator_sheet
  8 -15.858249 -43.375851 58.390060 0.517883 0.831347 -0.201641 0.293187 0.911128 1 8 1.000000
  8 -15.497297 -43.300800 57.954659 0.122718 0.955984 0.266524 0.293029 0.892839 1 8 1.000000
  8 -16.098379 -43.419819 58.186394 -0.051150 0.736332 -0.674684 0.304136 0.910796 1 8 1.000000
v_immolator_sheet
  8 -16.098379 -43.419819 58.186394 -0.051150 0.736332 -0.674684 0.304136 0.910796 1 8 1.000000
  8 -15.497297 -43.300800 57.954659 0.122718 0.955984 0.266524 0.293029 0.892839 1 8 1.000000
  8 -15.737428 -43.344769 57.750992 -0.459408 0.857075 -0.233167 0.301770 0.892327 1 8 1.000000
v_immolator_sheet
  8 -16.098379 -43.419819 58.186394 -0.051150 0.736332 -0.674684 0.304136 0.910796 1 8 1.000000
  8 -15.737428 -43.344769 57.750992 -0.459408 0.857075 -0.233167 0.301770 0.892327 1 8 1.000000
  8 -16.268726 -43.731670 58.038841 -0.292222 0.534727 -0.792889 0.316107 0.908513 1 8 1.000000
v_immolator_sheet
  8 -16.268726 -43.731670 58.038841 -0.292222 0.534727 -0.792889 0.316107 0.908513 1 8 1.000000
  8 -15.737428 -43.344769 57.750992 -0.459408 0.857075 -0.233167 0.301770 0.892327 1 8 1.000000
  8 -15.907678 -43.656620 57.603439 -0.671974 0.582949 -0.456751 0.313337 0.891543 1 8 1.000000
v_immolator_sheet
  8 -15.994095 -44.211002 59.101902 0.656930 0.230330 0.717907 0.261213 0.931320 1 8 1.000000
  8 -15.503791 -44.046505 58.805115 0.826792 0.287917 0.483238 0.264655 0.912589 1 8 1.000000
  8 -16.101151 -43.516445 58.977028 0.581917 0.456573 0.672988 0.282691 0.929916 1 8 1.000000
v_immolator_sheet
  8 -16.101151 -43.516445 58.977028 0.581917 0.456573 0.672988 0.282691 0.929916 1 8 1.000000
  8 -15.503791 -44.046505 58.805115 0.826792 0.287917 0.483238 0.264655 0.912589 1 8 1.000000
  8 -15.639953 -43.522545 58.691986 0.813829 0.508178 0.281846 0.281575 0.914766 1 8 1.000000
v_immolator_sheet
  8 -15.503791 -44.046505 58.805115 0.826792 0.287917 0.483238 0.264655 0.912589 1 8 1.000000
  8 -15.527444 -44.049355 58.666107 0.934403 0.288375 0.209117 0.266344 0.908033 1 8 1.000000
  8 -15.639953 -43.522545 58.691986 0.813829 0.508178 0.281846 0.281575 0.914766 1 8 1.000000
v_immolator_sheet
  8 -15.639953 -43.522545 58.691986 0.813829 0.508178 0.281846 0.281575 0.914766 1 8 1.000000
  8 -15.527444 -44.049355 58.666107 0.934403 0.288375 0.209117 0.266344 0.908033 1 8 1.000000
  8 -15.639912 -43.616486 58.572021 0.861767 0.482995 0.155159 0.280917 0.909946 1 8 1.000000
v_immolator_sheet
  8 -15.527444 -44.049355 58.666107 0.934403 0.288375 0.209117 0.266344 0.908033 1 8 1.000000
  8 -15.165892 -43.974705 58.227509 0.702919 0.318468 0.635990 0.270003 0.891979 1 8 1.000000
  8 -15.639912 -43.616486 58.572021 0.861767 0.482995 0.155159 0.280917 0.909946 1 8 1.000000
v_immolator_sheet
  8 -15.639912 -43.616486 58.572021 0.861767 0.482995 0.155159 0.280917 0.909946 1 8 1.000000
  8 -15.165892 -43.974705 58.227509 0.702919 0.318468 0.635990 0.270003 0.891979 1 8 1.000000
  8 -15.278960 -43.541439 58.136715 0.578862 0.574223 0.578953 0.283014 0.892938 1 8 1.000000
v_immolator_sheet
  8 -15.556451 -65.277855 56.081230 -0.138619 0.988675 -0.057499 0.901560 0.173306 1 8 1.000000
  8 -13.861225 -65.010780 56.586521 -0.020234 0.999766 0.007630 0.944753 0.203296 1 8 1.000000
  8 -15.170745 -65.279358 55.484661 -0.113348 0.987876 -0.106084 0.894841 0.193275 1 8 1.000000
v_immolator_sheet
  8 -14.918546 -65.393456 54.330090 -0.287100 0.702107 -0.651628 0.872509 0.220499 1 8 1.000000
  8 -15.170745 -65.279358 55.484661 -0.113348 0.987876 -0.106084 0.894841 0.193275 1 8 1.000000
  8 -13.861225 -65.010780 56.586521 -0.020234 0.999766 0.007630 0.944753 0.203296 1 8 1.000000
v_immolator_sheet
  8 -14.918546 -65.393456 54.330090 -0.287100 0.702107 -0.651628 0.872509 0.220499 1 8 1.000000
  8 -13.861225 -65.010780 56.586521 -0.020234 0.999766 0.007630 0.944753 0.203296 1 8 1.000000
  8 -14.119929 -65.395973 53.990967 -0.121985 0.549254 -0.826704 0.879425 0.245352 1 8 1.000000
v_immolator_sheet
  8 -14.119929 -65.395973 53.990967 -0.121985 0.549254 -0.826704 0.879425 0.245352 1 8 1.000000
  8 -13.861225 -65.010780 56.586521 -0.020234 0.999766 0.007630 0.944753 0.203296 1 8 1.000000
  8 -13.197957 -65.394348 54.073483 0.457576 0.498380 -0.736370 0.898398 0.265296 1 8 1.000000
v_immolator_sheet
  8 -13.197957 -65.394348 54.073483 0.457576 0.498380 -0.736370 0.898398 0.265296 1 8 1.000000
  8 -13.861225 -65.010780 56.586521 -0.020234 0.999766 0.007630 0.944753 0.203296 1 8 1.000000
  8 -12.669606 -65.280792 55.081928 0.446621 0.699658 -0.557681 0.931725 0.258781 1 8 1.000000
v_immolator_sheet
  8 -12.669606 -65.280792 55.081928 0.446621 0.699658 -0.557681 0.931725 0.258781 1 8 1.000000
  8 -13.861225 -65.010780 56.586521 -0.020234 0.999766 0.007630 0.944753 0.203296 1 8 1.000000
  8 -11.979821 -65.243980 55.417652 0.490353 0.582643 -0.648137 0.952392 0.268405 1 8 1.000000
v_immolator_sheet
  8 -11.979821 -65.243980 55.417652 0.490353 0.582643 -0.648137 0.952392 0.268405 1 8 1.000000
  8 -13.861225 -65.010780 56.586521 -0.020234 0.999766 0.007630 0.944753 0.203296 1 8 1.000000
  8 -11.376979 -65.198723 56.161446 0.793168 0.577518 -0.193279 0.980869 0.268405 1 8 1.000000
v_immolator_sheet
  8 -11.536872 -65.260132 57.012009 0.720061 0.558066 0.412401 0.997784 0.248939 1 8 1.000000
  8 -11.376979 -65.198723 56.161446 0.793168 0.577518 -0.193279 0.980869 0.268405 1 8 1.000000
  8 -13.861225 -65.010780 56.586521 -0.020234 0.999766 0.007630 0.944753 0.203296 1 8 1.000000
v_immolator_sheet
  8 -12.191681 -65.262222 57.616283 0.422975 0.587477 0.689901 0.999632 0.222552 1 8 1.000000
  8 -11.536872 -65.260132 57.012009 0.720061 0.558066 0.412401 0.997784 0.248939 1 8 1.000000
  8 -13.861225 -65.010780 56.586521 -0.020234 0.999766 0.007630 0.944753 0.203296 1 8 1.000000
v_immolator_sheet
  8 -13.318717 -65.259888 58.011993 0.150673 0.593994 0.790233 0.987890 0.189166 1 8 1.000000
  8 -12.191681 -65.262222 57.616283 0.422975 0.587477 0.689901 0.999632 0.222552 1 8 1.000000
  8 -13.861225 -65.010780 56.586521 -0.020234 0.999766 0.007630 0.944753 0.203296 1 8 1.000000
v_immolator_sheet
  8 -14.400028 -65.261574 58.041321 -0.155708 0.589140 0.792886 0.968465 0.163692 1 8 1.000000
  8 -13.318717 -65.259888 58.011993 0.150673 0.593994 0.790233 0.987890 0.189166 1 8 1.000000
  8 -13.861225 -65.010780 56.586521 -0.020234 0.999766 0.007630 0.944753 0.203296 1 8 1.000000
v_immolator_sheet
  8 -15.258098 -65.266205 57.663326 -0.533326 0.588535 0.607610 0.943783 0.150922 1 8 1.000000
  8 -14.400028 -65.261574 58.041321 -0.155708 0.589140 0.792886 0.968465 0.163692 1 8 1.000000
  8 -13.861225 -65.010780 56.586521 -0.020234 0.999766 0.007630 0.944753 0.203296 1 8 1.000000
v_immolator_sheet
  8 -15.703443 -65.272362 56.928074 -0.554633 0.781913 0.284595 0.918503 0.154254 1 8 1.000000
  8 -15.258098 -65.266205 57.663326 -0.533326 0.588535 0.607610 0.943783 0.150922 1 8 1.000000
  8 -13.861225 -65.010780 56.586521 -0.020234 0.999766 0.007630 0.944753 0.203296 1 8 1.000000
v_immolator_sheet
  8 -15.703443 -65.272362 56.928074 -0.554633 0.781913 0.284595 0.918503 0.154254 1 8 1.000000
  8 -13.861225 -65.010780 56.586521 -0.020234 0.999766 0.007630 0.944753 0.203296 1 8 1.000000
  8 -15.556451 -65.277855 56.081230 -0.138619 0.988675 -0.057499 0.901560 0.173306 1 8 1.000000
v_immolator_sheet
  8 -18.254129 -43.315670 59.492908 -0.009156 0.614812 -0.788620 0.963293 0.005165 1 8 1.000000
  8 -17.152336 -45.777763 59.512142 0.505588 -0.182903 -0.843165 0.886942 0.028054 1 8 1.000000
  8 -18.075794 -45.883503 59.393661 -0.042666 -0.479919 -0.876275 0.887327 0.000368 1 8 1.000000
v_immolator_sheet
  8 -17.152336 -45.777763 59.512142 0.505588 -0.182903 -0.843165 0.886942 0.028054 1 8 1.000000
  8 -18.254129 -43.315670 59.492908 -0.009156 0.614812 -0.788620 0.963293 0.005165 1 8 1.000000
  8 -17.409666 -43.291233 59.598896 0.386528 0.482999 -0.785689 0.960823 0.030203 1 8 1.000000
v_immolator_sheet
  8 -17.409666 -43.291233 59.598896 0.386528 0.482999 -0.785689 0.960823 0.030203 1 8 1.000000
  8 -16.551653 -45.929146 60.143600 0.881703 -0.331012 -0.336201 0.880576 0.053406 1 8 1.000000
  8 -17.152336 -45.777763 59.512142 0.505588 -0.182903 -0.843165 0.886942 0.028054 1 8 1.000000
v_immolator_sheet
  8 -16.551653 -45.929146 60.143600 0.881703 -0.331012 -0.336201 0.880576 0.053406 1 8 1.000000
  8 -17.409666 -43.291233 59.598896 0.386528 0.482999 -0.785689 0.960823 0.030203 1 8 1.000000
  8 -16.889093 -43.157604 60.259129 0.782927 0.550344 -0.290080 0.963128 0.055254 1 8 1.000000
v_immolator_sheet
  8 -16.889093 -43.157604 60.259129 0.782927 0.550344 -0.290080 0.963128 0.055254 1 8 1.000000
  8 -16.596609 -46.047588 60.597027 0.894041 -0.406246 0.188825 0.877514 0.066976 1 8 1.000000
  8 -16.551653 -45.929146 60.143600 0.881703 -0.331012 -0.336201 0.880576 0.053406 1 8 1.000000
v_immolator_sheet
  8 -16.596609 -46.047588 60.597027 0.894041 -0.406246 0.188825 0.877514 0.066976 1 8 1.000000
  8 -16.889093 -43.157604 60.259129 0.782927 0.550344 -0.290080 0.963128 0.055254 1 8 1.000000
  8 -16.957474 -43.054024 60.779869 0.787484 0.594298 0.163338 0.966701 0.070664 1 8 1.000000
v_immolator_sheet
  8 -16.957474 -43.054024 60.779869 0.787484 0.594298 0.163338 0.966701 0.070664 1 8 1.000000
  8 -17.246445 -42.956352 61.275837 0.625772 0.607949 0.488678 0.970781 0.087378 1 8 1.000000
  8 -16.596609 -46.047588 60.597027 0.894041 -0.406246 0.188825 0.877514 0.066976 1 8 1.000000
v_immolator_sheet
  8 -16.879568 -46.189034 61.053780 0.708131 -0.455495 0.539513 0.874514 0.083118 1 8 1.000000
  8 -16.596609 -46.047588 60.597027 0.894041 -0.406246 0.188825 0.877514 0.066976 1 8 1.000000
  8 -17.246445 -42.956352 61.275837 0.625772 0.607949 0.488678 0.970781 0.087378 1 8 1.000000
v_immolator_sheet
  8 -17.246445 -42.956352 61.275837 0.625772 0.607949 0.488678 0.970781 0.087378 1 8 1.000000
  8 -17.078110 -46.238987 61.178024 0.433592 -0.451813 0.779655 0.873649 0.090141 1 8 1.000000
  8 -16.879568 -46.189034 61.053780 0.708131 -0.455495 0.539513 0.874514 0.083118 1 8 1.000000
v_immolator_sheet
  8 -17.078110 -46.238987 61.178024 0.433592 -0.451813 0.779655 0.873649 0.090141 1 8 1.000000
  8 -17.246445 -42.956352 61.275837 0.625772 0.607949 0.488678 0.970781 0.087378 1 8 1.000000
  8 -17.423191 -42.930305 61.409966 0.393270 0.607330 0.690282 0.972119 0.093843 1 8 1.000000
v_immolator_sheet
  8 -17.423191 -42.930305 61.409966 0.393270 0.607330 0.690282 0.972119 0.093843 1 8 1.000000
  8 -17.974142 -42.902454 61.560364 0.036654 0.598790 0.800066 0.974301 0.110598 1 8 1.000000
  8 -17.078110 -46.238987 61.178024 0.433592 -0.451813 0.779655 0.873649 0.090141 1 8 1.000000
v_immolator_sheet
  8 -17.632853 -46.320446 61.294861 0.057712 -0.446737 0.892802 0.872559 0.107030 1 8 1.000000
  8 -17.078110 -46.238987 61.178024 0.433592 -0.451813 0.779655 0.873649 0.090141 1 8 1.000000
  8 -17.974142 -42.902454 61.560364 0.036654 0.598790 0.800066 0.974301 0.110598 1 8 1.000000
v_immolator_sheet
  8 -17.974142 -42.902454 61.560364 0.036654 0.598790 0.800066 0.974301 0.110598 1 8 1.000000
  8 -17.953735 -46.339264 61.250359 -0.239788 -0.488763 0.838816 0.872509 0.116619 1 8 1.000000
  8 -17.632853 -46.320446 61.294861 0.057712 -0.446737 0.892802 0.872559 0.107030 1 8 1.000000
v_immolator_sheet
  8 -17.953735 -46.339264 61.250359 -0.239788 -0.488763 0.838816 0.872509 0.116619 1 8 1.000000
  8 -17.974142 -42.902454 61.560364 0.036654 0.598790 0.800066 0.974301 0.110598 1 8 1.000000
  8 -18.213531 -42.909363 61.530285 -0.275134 0.580207 0.766591 0.974481 0.117728 1 8 1.000000
v_immolator_sheet
  8 -18.213531 -42.909363 61.530285 -0.275134 0.580207 0.766591 0.974481 0.117728 1 8 1.000000
  8 -18.705036 -42.966660 61.252434 -0.595186 0.555572 0.580597 0.973045 0.134435 1 8 1.000000
  8 -17.953735 -46.339264 61.250359 -0.239788 -0.488763 0.838816 0.872509 0.116619 1 8 1.000000
v_immolator_sheet
  8 -18.466446 -46.321751 60.989674 -0.548249 -0.538909 0.639531 0.873353 0.133602 1 8 1.000000
  8 -17.953735 -46.339264 61.250359 -0.239788 -0.488763 0.838816 0.872509 0.116619 1 8 1.000000
  8 -18.705036 -42.966660 61.252434 -0.595186 0.555572 0.580597 0.973045 0.134435 1 8 1.000000
v_immolator_sheet
  8 -18.705036 -42.966660 61.252434 -0.595186 0.555572 0.580597 0.973045 0.134435 1 8 1.000000
  8 -18.855707 -46.256893 60.586720 -0.668425 -0.693847 0.267926 0.875007 0.150186 1 8 1.000000
  8 -18.466446 -46.321751 60.989674 -0.548249 -0.538909 0.639531 0.873353 0.133602 1 8 1.000000
v_immolator_sheet
  8 -18.855707 -46.256893 60.586720 -0.668425 -0.693847 0.267926 0.875007 0.150186 1 8 1.000000
  8 -18.705036 -42.966660 61.252434 -0.595186 0.555572 0.580597 0.973045 0.134435 1 8 1.000000
  8 -19.036491 -43.051708 60.832153 -0.677529 0.680459 0.279160 0.970146 0.150186 1 8 1.000000
v_immolator_sheet
  8 -16.564905 -30.878889 60.003704 -0.166025 -0.033266 0.985560 0.926303 0.928988 1 8 1.000000
  8 -16.989891 -30.059805 59.959770 -0.166113 -0.033357 0.985542 0.944694 0.907831 1 8 1.000000
  8 -16.871990 -30.564703 59.962585 -0.165961 -0.033265 0.985571 0.937668 0.921908 1 8 1.000000
v_immolator_sheet
  8 -16.185926 -30.882368 60.067432 0.248979 -0.422514 0.871488 0.914940 0.926366 1 8 1.000000
  8 -16.989891 -30.059805 59.959770 -0.166113 -0.033357 0.985542 0.944694 0.907831 1 8 1.000000
  8 -16.564905 -30.878889 60.003704 -0.166025 -0.033266 0.985560 0.926303 0.928988 1 8 1.000000
v_immolator_sheet
  8 -15.879649 -30.573847 60.129532 0.550636 -0.400967 0.732137 0.907913 0.915044 1 8 1.000000
  8 -16.989891 -30.059805 59.959770 -0.166113 -0.033357 0.985542 0.944694 0.907831 1 8 1.000000
  8 -16.185926 -30.882368 60.067432 0.248979 -0.422514 0.871488 0.914940 0.926366 1 8 1.000000
v_immolator_sheet
  8 -15.763261 -30.071133 60.166199 0.632358 -0.029390 0.774119 0.907913 0.899346 1 8 1.000000
  8 -16.989891 -30.059805 59.959770 -0.166113 -0.033357 0.985542 0.944694 0.907831 1 8 1.000000
  8 -15.879649 -30.573847 60.129532 0.550636 -0.400967 0.732137 0.907913 0.915044 1 8 1.000000
v_immolator_sheet
  8 -15.881062 -29.566235 60.163383 0.542242 0.337150 0.769613 0.914936 0.885267 1 8 1.000000
  8 -16.989891 -30.059805 59.959770 -0.166113 -0.033357 0.985542 0.944694 0.907831 1 8 1.000000
  8 -15.763261 -30.071133 60.166199 0.632358 -0.029390 0.774119 0.907913 0.899346 1 8 1.000000
v_immolator_sheet
  8 -16.188147 -29.252048 60.122269 0.186563 0.682191 0.706972 0.926301 0.878188 1 8 1.000000
  8 -16.989891 -30.059805 59.959770 -0.166113 -0.033357 0.985542 0.944694 0.907831 1 8 1.000000
  8 -15.881062 -29.566235 60.163383 0.542242 0.337150 0.769613 0.914936 0.885267 1 8 1.000000
v_immolator_sheet
  8 -16.567225 -29.248569 60.058537 -0.396998 0.687085 0.608528 0.937667 0.880810 1 8 1.000000
  8 -16.989891 -30.059805 59.959770 -0.166113 -0.033357 0.985542 0.944694 0.907831 1 8 1.000000
  8 -16.188147 -29.252048 60.122269 0.186563 0.682191 0.706972 0.926301 0.878188 1 8 1.000000
v_immolator_sheet
  8 -16.873404 -29.557093 59.996437 -0.496736 0.331534 0.802084 0.944691 0.892132 1 8 1.000000
  8 -16.989891 -30.059805 59.959770 -0.166113 -0.033357 0.985542 0.944694 0.907831 1 8 1.000000
  8 -16.567225 -29.248569 60.058537 -0.396998 0.687085 0.608528 0.937667 0.880810 1 8 1.000000
v_immolator_sheet
  8 -14.124387 -38.085011 59.371532 -0.168130 0.020325 0.985555 0.603346 0.327710 1 8 1.000000
  8 -14.173856 -35.724941 59.281502 -0.151191 0.333908 0.930401 0.674613 0.341260 1 8 1.000000
  8 -15.043952 -38.081841 59.272011 -0.128029 0.021211 0.991544 0.598690 0.355509 1 8 1.000000
v_immolator_sheet
  8 -15.043952 -38.081841 59.272011 -0.128029 0.021211 0.991544 0.598690 0.355509 1 8 1.000000
  8 -14.173856 -35.724941 59.281502 -0.151191 0.333908 0.930401 0.674613 0.341260 1 8 1.000000
  8 -14.778114 -35.722282 59.159592 0.014222 0.314163 0.949262 0.671937 0.360748 1 8 1.000000
v_immolator_sheet
  8 -15.307652 -35.724648 59.266907 -0.039706 0.227185 0.973042 0.665974 0.376374 1 8 1.000000
  8 -15.043952 -38.081841 59.272011 -0.128029 0.021211 0.991544 0.598690 0.355509 1 8 1.000000
  8 -14.778114 -35.722282 59.159592 0.014222 0.314163 0.949262 0.671937 0.360748 1 8 1.000000
v_immolator_sheet
  8 -16.019096 -38.386799 59.108982 -0.500083 0.041170 0.864998 0.584297 0.384028 1 8 1.000000
  8 -15.043952 -38.081841 59.272011 -0.128029 0.021211 0.991544 0.598690 0.355509 1 8 1.000000
  8 -15.307652 -35.724648 59.266907 -0.039706 0.227185 0.973042 0.665974 0.376374 1 8 1.000000
v_immolator_sheet
  8 -15.307652 -35.724648 59.266907 -0.039706 0.227185 0.973042 0.665974 0.376374 1 8 1.000000
  8 -15.987978 -35.687019 59.054260 -0.524139 0.312823 0.792098 0.662047 0.396727 1 8 1.000000
  8 -16.019096 -38.386799 59.108982 -0.500083 0.041170 0.864998 0.584297 0.384028 1 8 1.000000
v_immolator_sheet
  8 -15.987978 -35.687019 59.054260 -0.524139 0.312823 0.792098 0.662047 0.396727 1 8 1.000000
  8 -15.307652 -35.724648 59.266907 -0.039706 0.227185 0.973042 0.665974 0.376374 1 8 1.000000
  8 -15.311224 -35.564972 59.188450 -0.033968 0.519342 0.853891 0.671041 0.378232 1 8 1.000000
v_immolator_sheet
  8 -15.311224 -35.564972 59.188450 -0.033968 0.519342 0.853891 0.671041 0.378232 1 8 1.000000
  8 -15.876356 -35.525642 58.988445 -0.383931 0.719489 0.578734 0.667876 0.395891 1 8 1.000000
  8 -15.987978 -35.687019 59.054260 -0.524139 0.312823 0.792098 0.662047 0.396727 1 8 1.000000
v_immolator_sheet
  8 -14.712978 -35.562920 59.054855 0.048525 0.614963 0.787061 0.678581 0.360224 1 8 1.000000
  8 -15.311224 -35.564972 59.188450 -0.033968 0.519342 0.853891 0.671041 0.378232 1 8 1.000000
  8 -15.307652 -35.724648 59.266907 -0.039706 0.227185 0.973042 0.665974 0.376374 1 8 1.000000
v_immolator_sheet
  8 -15.307652 -35.724648 59.266907 -0.039706 0.227185 0.973042 0.665974 0.376374 1 8 1.000000
  8 -14.778114 -35.722282 59.159592 0.014222 0.314163 0.949262 0.671937 0.360748 1 8 1.000000
  8 -14.712978 -35.562920 59.054855 0.048525 0.614963 0.787061 0.678581 0.360224 1 8 1.000000
v_immolator_sheet
  8 -14.132018 -35.565475 59.172058 -0.107794 0.738323 0.665778 0.680768 0.341448 1 8 1.000000
  8 -14.712978 -35.562920 59.054855 0.048525 0.614963 0.787061 0.678581 0.360224 1 8 1.000000
  8 -14.778114 -35.722282 59.159592 0.014222 0.314163 0.949262 0.671937 0.360748 1 8 1.000000
v_immolator_sheet
  8 -14.778114 -35.722282 59.159592 0.014222 0.314163 0.949262 0.671937 0.360748 1 8 1.000000
  8 -14.173856 -35.724941 59.281502 -0.151191 0.333908 0.930401 0.674613 0.341260 1 8 1.000000
  8 -14.132018 -35.565475 59.172058 -0.107794 0.738323 0.665778 0.680768 0.341448 1 8 1.000000
v_immolator_sheet
  8 -13.411847 -35.561451 59.257809 0.022004 0.746101 0.665469 0.684819 0.319003 1 8 1.000000
  8 -14.132018 -35.565475 59.172058 -0.107794 0.738323 0.665778 0.680768 0.341448 1 8 1.000000
  8 -14.173856 -35.724941 59.281502 -0.151191 0.333908 0.930401 0.674613 0.341260 1 8 1.000000
v_immolator_sheet
  8 -14.173856 -35.724941 59.281502 -0.151191 0.333908 0.930401 0.674613 0.341260 1 8 1.000000
  8 -13.424887 -35.720707 59.370655 -0.009095 0.333330 0.942766 0.678777 0.317927 1 8 1.000000
  8 -13.411847 -35.561451 59.257809 0.022004 0.746101 0.665469 0.684819 0.319003 1 8 1.000000
v_immolator_sheet
  8 -13.433146 -38.075150 59.544868 -0.045809 0.014801 0.998840 0.607255 0.306349 1 8 1.000000
  8 -13.424887 -35.720707 59.370655 -0.009095 0.333330 0.942766 0.678777 0.317927 1 8 1.000000
  8 -14.173856 -35.724941 59.281502 -0.151191 0.333908 0.930401 0.674613 0.341260 1 8 1.000000
v_immolator_sheet
  8 -14.173856 -35.724941 59.281502 -0.151191 0.333908 0.930401 0.674613 0.341260 1 8 1.000000
  8 -14.124387 -38.085011 59.371532 -0.168130 0.020325 0.985555 0.603346 0.327710 1 8 1.000000
  8 -13.433146 -38.075150 59.544868 -0.045809 0.014801 0.998840 0.607255 0.306349 1 8 1.000000
v_immolator_sheet
  8 -13.433728 -40.313671 59.491840 -0.001923 -0.109259 0.994011 0.540464 0.294945 1 8 1.000000
  8 -13.433146 -38.075150 59.544868 -0.045809 0.014801 0.998840 0.607255 0.306349 1 8 1.000000
  8 -14.124387 -38.085011 59.371532 -0.168130 0.020325 0.985555 0.603346 0.327710 1 8 1.000000
v_immolator_sheet
  8 -14.124387 -38.085011 59.371532 -0.168130 0.020325 0.985555 0.603346 0.327710 1 8 1.000000
  8 -14.166202 -40.368996 59.415909 -0.093082 -0.111851 0.989356 0.534451 0.316621 1 8 1.000000
  8 -13.433728 -40.313671 59.491840 -0.001923 -0.109259 0.994011 0.540464 0.294945 1 8 1.000000
v_immolator_sheet
  8 -14.166202 -40.368996 59.415909 -0.093082 -0.111851 0.989356 0.534451 0.316621 1 8 1.000000
  8 -14.124387 -38.085011 59.371532 -0.168130 0.020325 0.985555 0.603346 0.327710 1 8 1.000000
  8 -15.166371 -40.226326 59.327011 -0.113135 -0.040926 0.992736 0.533034 0.347724 1 8 1.000000
v_immolator_sheet
  8 -15.166371 -40.226326 59.327011 -0.113135 -0.040926 0.992736 0.533034 0.347724 1 8 1.000000
  8 -14.124387 -38.085011 59.371532 -0.168130 0.020325 0.985555 0.603346 0.327710 1 8 1.000000
  8 -15.043952 -38.081841 59.272011 -0.128029 0.021211 0.991544 0.598690 0.355509 1 8 1.000000
v_immolator_sheet
  8 -16.048920 -40.310677 59.174435 -0.446495 -0.023194 0.894485 0.525792 0.374477 1 8 1.000000
  8 -15.166371 -40.226326 59.327011 -0.113135 -0.040926 0.992736 0.533034 0.347724 1 8 1.000000
  8 -15.043952 -38.081841 59.272011 -0.128029 0.021211 0.991544 0.598690 0.355509 1 8 1.000000
v_immolator_sheet
  8 -15.043952 -38.081841 59.272011 -0.128029 0.021211 0.991544 0.598690 0.355509 1 8 1.000000
  8 -16.019096 -38.386799 59.108982 -0.500083 0.041170 0.864998 0.584297 0.384028 1 8 1.000000
  8 -16.048920 -40.310677 59.174435 -0.446495 -0.023194 0.894485 0.525792 0.374477 1 8 1.000000
v_immolator_sheet
  8 -16.048920 -40.310677 59.174435 -0.446495 -0.023194 0.894485 0.525792 0.374477 1 8 1.000000
  8 -16.019096 -38.386799 59.108982 -0.500083 0.041170 0.864998 0.584297 0.384028 1 8 1.000000
  8 -16.916946 -40.315151 58.386040 -0.691164 -0.016663 0.722506 0.519500 0.410469 1 8 1.000000
v_immolator_sheet
  8 -16.916946 -40.315151 58.386040 -0.691164 -0.016663 0.722506 0.519500 0.410469 1 8 1.000000
  8 -16.019096 -38.386799 59.108982 -0.500083 0.041170 0.864998 0.584297 0.384028 1 8 1.000000
  8 -16.752382 -38.387417 58.197433 -0.715276 0.065402 0.695775 0.579526 0.420333 1 8 1.000000
v_immolator_sheet
  8 -16.019096 -38.386799 59.108982 -0.500083 0.041170 0.864998 0.584297 0.384028 1 8 1.000000
  8 -15.987978 -35.687019 59.054260 -0.524139 0.312823 0.792098 0.662047 0.396727 1 8 1.000000
  8 -16.752382 -38.387417 58.197433 -0.715276 0.065402 0.695775 0.579526 0.420333 1 8 1.000000
v_immolator_sheet
  8 -16.752382 -38.387417 58.197433 -0.715276 0.065402 0.695775 0.579526 0.420333 1 8 1.000000
  8 -15.987978 -35.687019 59.054260 -0.524139 0.312823 0.792098 0.662047 0.396727 1 8 1.000000
  8 -16.894073 -35.838524 58.170902 -0.704135 0.321670 0.633026 0.657067 0.432633 1 8 1.000000
v_immolator_sheet
  8 -16.894073 -35.838524 58.170902 -0.704135 0.321670 0.633026 0.657067 0.432633 1 8 1.000000
  8 -15.987978 -35.687019 59.054260 -0.524139 0.312823 0.792098 0.662047 0.396727 1 8 1.000000
  8 -15.876356 -35.525642 58.988445 -0.383931 0.719489 0.578734 0.667876 0.395891 1 8 1.000000
v_immolator_sheet
  8 -15.876356 -35.525642 58.988445 -0.383931 0.719489 0.578734 0.667876 0.395891 1 8 1.000000
  8 -16.697624 -35.563370 58.034275 -0.476252 0.792066 0.381857 0.667956 0.432074 1 8 1.000000
  8 -16.894073 -35.838524 58.170902 -0.704135 0.321670 0.633026 0.657067 0.432633 1 8 1.000000
v_immolator_sheet
  8 -13.433146 -38.075150 59.544868 -0.045809 0.014801 0.998840 0.607255 0.306349 1 8 1.000000
  8 -12.806965 -35.721931 59.306171 -0.303146 0.306351 0.902359 0.684348 0.297903 1 8 1.000000
  8 -13.424887 -35.720707 59.370655 -0.009095 0.333330 0.942766 0.678777 0.317927 1 8 1.000000
v_immolator_sheet
  8 -13.424887 -35.720707 59.370655 -0.009095 0.333330 0.942766 0.678777 0.317927 1 8 1.000000
  8 -12.806965 -35.721931 59.306171 -0.303146 0.306351 0.902359 0.684348 0.297903 1 8 1.000000
  8 -12.817627 -35.562569 59.195812 -0.212412 0.898691 0.383714 0.691295 0.299482 1 8 1.000000
v_immolator_sheet
  8 -12.817627 -35.562569 59.195812 -0.212412 0.898691 0.383714 0.691295 0.299482 1 8 1.000000
  8 -13.411847 -35.561451 59.257809 0.022004 0.746101 0.665469 0.684819 0.319003 1 8 1.000000
  8 -13.424887 -35.720707 59.370655 -0.009095 0.333330 0.942766 0.678777 0.317927 1 8 1.000000
v_immolator_sheet
  8 -13.411847 -35.561451 59.257809 0.022004 0.746101 0.665469 0.684819 0.319003 1 8 1.000000
  8 -12.817627 -35.562569 59.195812 -0.212412 0.898691 0.383714 0.691295 0.299482 1 8 1.000000
  8 -12.844160 -35.566738 59.001305 -0.041109 0.997765 0.052676 0.697155 0.302869 1 8 1.000000
v_immolator_sheet
  8 -12.844160 -35.566738 59.001305 -0.041109 0.997765 0.052676 0.697155 0.302869 1 8 1.000000
  8 -13.379503 -35.486691 59.128292 0.115394 0.846734 0.519350 0.689718 0.319393 1 8 1.000000
  8 -13.411847 -35.561451 59.257809 0.022004 0.746101 0.665469 0.684819 0.319003 1 8 1.000000
v_immolator_sheet
  8 -14.132018 -35.565475 59.172058 -0.107794 0.738323 0.665778 0.680768 0.341448 1 8 1.000000
  8 -13.411847 -35.561451 59.257809 0.022004 0.746101 0.665469 0.684819 0.319003 1 8 1.000000
  8 -13.379503 -35.486691 59.128292 0.115394 0.846734 0.519350 0.689718 0.319393 1 8 1.000000
v_immolator_sheet
  8 -13.379503 -35.486691 59.128292 0.115394 0.846734 0.519350 0.689718 0.319393 1 8 1.000000
  8 -14.028282 -35.494713 59.065872 -0.071081 0.858546 0.507785 0.685504 0.339451 1 8 1.000000
  8 -14.132018 -35.565475 59.172058 -0.107794 0.738323 0.665778 0.680768 0.341448 1 8 1.000000
v_immolator_sheet
  8 -14.712978 -35.562920 59.054855 0.048525 0.614963 0.787061 0.678581 0.360224 1 8 1.000000
  8 -14.132018 -35.565475 59.172058 -0.107794 0.738323 0.665778 0.680768 0.341448 1 8 1.000000
  8 -14.028282 -35.494713 59.065872 -0.071081 0.858546 0.507785 0.685504 0.339451 1 8 1.000000
v_immolator_sheet
  8 -14.028282 -35.494713 59.065872 -0.071081 0.858546 0.507785 0.685504 0.339451 1 8 1.000000
  8 -14.551745 -35.483753 58.960186 -0.039460 0.798431 0.600792 0.683768 0.356155 1 8 1.000000
  8 -14.712978 -35.562920 59.054855 0.048525 0.614963 0.787061 0.678581 0.360224 1 8 1.000000
v_immolator_sheet
  8 -15.311224 -35.564972 59.188450 -0.033968 0.519342 0.853891 0.671041 0.378232 1 8 1.000000
  8 -14.712978 -35.562920 59.054855 0.048525 0.614963 0.787061 0.678581 0.360224 1 8 1.000000
  8 -14.551745 -35.483753 58.960186 -0.039460 0.798431 0.600792 0.683768 0.356155 1 8 1.000000
v_immolator_sheet
  8 -14.551745 -35.483753 58.960186 -0.039460 0.798431 0.600792 0.683768 0.356155 1 8 1.000000
  8 -15.300591 -35.438808 59.093212 -0.032350 0.623531 0.781129 0.675854 0.379636 1 8 1.000000
  8 -15.311224 -35.564972 59.188450 -0.033968 0.519342 0.853891 0.671041 0.378232 1 8 1.000000
v_immolator_sheet
  8 -15.876356 -35.525642 58.988445 -0.383931 0.719489 0.578734 0.667876 0.395891 1 8 1.000000
  8 -15.311224 -35.564972 59.188450 -0.033968 0.519342 0.853891 0.671041 0.378232 1 8 1.000000
  8 -15.300591 -35.438808 59.093212 -0.032350 0.623531 0.781129 0.675854 0.379636 1 8 1.000000
v_immolator_sheet
  8 -15.300591 -35.438808 59.093212 -0.032350 0.623531 0.781129 0.675854 0.379636 1 8 1.000000
  8 -15.696731 -35.428062 58.919170 -0.276629 0.841238 0.464537 0.673657 0.393094 1 8 1.000000
  8 -15.876356 -35.525642 58.988445 -0.383931 0.719489 0.578734 0.667876 0.395891 1 8 1.000000
v_immolator_sheet
  8 -16.697624 -35.563370 58.034275 -0.476252 0.792066 0.381857 0.667956 0.432074 1 8 1.000000
  8 -15.876356 -35.525642 58.988445 -0.383931 0.719489 0.578734 0.667876 0.395891 1 8 1.000000
  8 -15.696731 -35.428062 58.919170 -0.276629 0.841238 0.464537 0.673657 0.393094 1 8 1.000000
v_immolator_sheet
  8 -15.696731 -35.428062 58.919170 -0.276629 0.841238 0.464537 0.673657 0.393094 1 8 1.000000
  8 -16.598196 -35.499699 57.948086 -0.345110 0.899888 0.266646 0.672328 0.432117 1 8 1.000000
  8 -16.697624 -35.563370 58.034275 -0.476252 0.792066 0.381857 0.667956 0.432074 1 8 1.000000
v_immolator_sheet
  8 -16.697624 -35.563370 58.034275 -0.476252 0.792066 0.381857 0.667956 0.432074 1 8 1.000000
  8 -16.598196 -35.499699 57.948086 -0.345110 0.899888 0.266646 0.672328 0.432117 1 8 1.000000
  8 -17.133673 -35.504425 57.300903 -0.338952 0.900055 0.273883 0.671838 0.458020 1 8 1.000000
v_immolator_sheet
  8 -17.133673 -35.504425 57.300903 -0.338952 0.900055 0.273883 0.671838 0.458020 1 8 1.000000
  8 -17.233103 -35.568096 57.387093 -0.453550 0.805987 0.380364 0.667341 0.457852 1 8 1.000000
  8 -16.697624 -35.563370 58.034275 -0.476252 0.792066 0.381857 0.667956 0.432074 1 8 1.000000
v_immolator_sheet
  8 -16.894073 -35.838524 58.170902 -0.704135 0.321670 0.633026 0.657067 0.432633 1 8 1.000000
  8 -16.697624 -35.563370 58.034275 -0.476252 0.792066 0.381857 0.667956 0.432074 1 8 1.000000
  8 -17.233103 -35.568096 57.387093 -0.453550 0.805987 0.380364 0.667341 0.457852 1 8 1.000000
v_immolator_sheet
  8 -17.233103 -35.568096 57.387093 -0.453550 0.805987 0.380364 0.667341 0.457852 1 8 1.000000
  8 -17.432261 -35.840038 57.556416 -0.689312 0.364524 0.626076 0.655595 0.457505 1 8 1.000000
  8 -16.894073 -35.838524 58.170902 -0.704135 0.321670 0.633026 0.657067 0.432633 1 8 1.000000
v_immolator_sheet
  8 -17.432261 -35.840038 57.556416 -0.689312 0.364524 0.626076 0.655595 0.457505 1 8 1.000000
  8 -16.752382 -38.387417 58.197433 -0.715276 0.065402 0.695775 0.579526 0.420333 1 8 1.000000
  8 -16.894073 -35.838524 58.170902 -0.704135 0.321670 0.633026 0.657067 0.432633 1 8 1.000000
v_immolator_sheet
  8 -16.752382 -38.387417 58.197433 -0.715276 0.065402 0.695775 0.579526 0.420333 1 8 1.000000
  8 -17.432261 -35.840038 57.556416 -0.689312 0.364524 0.626076 0.655595 0.457505 1 8 1.000000
  8 -17.418892 -38.536606 57.643253 -0.652228 0.078496 0.753948 0.571212 0.446676 1 8 1.000000
v_immolator_sheet
  8 -17.418892 -38.536606 57.643253 -0.652228 0.078496 0.753948 0.571212 0.446676 1 8 1.000000
  8 -16.916946 -40.315151 58.386040 -0.691164 -0.016663 0.722506 0.519500 0.410469 1 8 1.000000
  8 -16.752382 -38.387417 58.197433 -0.715276 0.065402 0.695775 0.579526 0.420333 1 8 1.000000
v_immolator_sheet
  8 -16.916946 -40.315151 58.386040 -0.691164 -0.016663 0.722506 0.519500 0.410469 1 8 1.000000
  8 -17.418892 -38.536606 57.643253 -0.652228 0.078496 0.753948 0.571212 0.446676 1 8 1.000000
  8 -17.584326 -40.202072 57.743771 -0.691161 0.023438 0.722320 0.518072 0.439999 1 8 1.000000
v_immolator_sheet
  8 -17.584326 -40.202072 57.743771 -0.691161 0.023438 0.722320 0.518072 0.439999 1 8 1.000000
  8 -16.767384 -42.332111 58.202885 -0.704632 -0.092840 0.703473 0.456065 0.399169 1 8 1.000000
  8 -16.916946 -40.315151 58.386040 -0.691164 -0.016663 0.722506 0.519500 0.410469 1 8 1.000000
v_immolator_sheet
  8 -16.767384 -42.332111 58.202885 -0.704632 -0.092840 0.703473 0.456065 0.399169 1 8 1.000000
  8 -16.048920 -40.310677 59.174435 -0.446495 -0.023194 0.894485 0.525792 0.374477 1 8 1.000000
  8 -16.916946 -40.315151 58.386040 -0.691164 -0.016663 0.722506 0.519500 0.410469 1 8 1.000000
v_immolator_sheet
  8 -15.931289 -42.351112 59.084080 -0.405383 -0.085209 0.910167 0.463185 0.360767 1 8 1.000000
  8 -16.048920 -40.310677 59.174435 -0.446495 -0.023194 0.894485 0.525792 0.374477 1 8 1.000000
  8 -16.767384 -42.332111 58.202885 -0.704632 -0.092840 0.703473 0.456065 0.399169 1 8 1.000000
v_immolator_sheet
  8 -15.166371 -40.226326 59.327011 -0.113135 -0.040926 0.992736 0.533034 0.347724 1 8 1.000000
  8 -16.048920 -40.310677 59.174435 -0.446495 -0.023194 0.894485 0.525792 0.374477 1 8 1.000000
  8 -15.931289 -42.351112 59.084080 -0.405383 -0.085209 0.910167 0.463185 0.360767 1 8 1.000000
v_immolator_sheet
  8 -15.931289 -42.351112 59.084080 -0.405383 -0.085209 0.910167 0.463185 0.360767 1 8 1.000000
  8 -15.223296 -42.453701 59.109661 0.060764 -0.098456 0.993284 0.463669 0.338115 1 8 1.000000
  8 -15.166371 -40.226326 59.327011 -0.113135 -0.040926 0.992736 0.533034 0.347724 1 8 1.000000
v_immolator_sheet
  8 -15.223296 -42.453701 59.109661 0.060764 -0.098456 0.993284 0.463669 0.338115 1 8 1.000000
  8 -14.788572 -42.405926 59.038795 0.130255 -0.107732 0.985610 0.467187 0.324608 1 8 1.000000
  8 -15.166371 -40.226326 59.327011 -0.113135 -0.040926 0.992736 0.533034 0.347724 1 8 1.000000
v_immolator_sheet
  8 -14.172257 -42.270142 58.998058 0.025087 -0.176737 0.983938 0.474518 0.306012 1 8 1.000000
  8 -15.166371 -40.226326 59.327011 -0.113135 -0.040926 0.992736 0.533034 0.347724 1 8 1.000000
  8 -14.788572 -42.405926 59.038795 0.130255 -0.107732 0.985610 0.467187 0.324608 1 8 1.000000
v_immolator_sheet
  8 -15.166371 -40.226326 59.327011 -0.113135 -0.040926 0.992736 0.533034 0.347724 1 8 1.000000
  8 -14.172257 -42.270142 58.998058 0.025087 -0.176737 0.983938 0.474518 0.306012 1 8 1.000000
  8 -14.166202 -40.368996 59.415909 -0.093082 -0.111851 0.989356 0.534451 0.316621 1 8 1.000000
v_immolator_sheet
  8 -14.166202 -40.368996 59.415909 -0.093082 -0.111851 0.989356 0.534451 0.316621 1 8 1.000000
  8 -14.172257 -42.270142 58.998058 0.025087 -0.176737 0.983938 0.474518 0.306012 1 8 1.000000
  8 -13.460250 -42.340748 58.974331 -0.056827 -0.233869 0.970606 0.476289 0.283313 1 8 1.000000
v_immolator_sheet
  8 -13.460250 -42.340748 58.974331 -0.056827 -0.233869 0.970606 0.476289 0.283313 1 8 1.000000
  8 -13.433728 -40.313671 59.491840 -0.001923 -0.109259 0.994011 0.540464 0.294945 1 8 1.000000
  8 -14.166202 -40.368996 59.415909 -0.093082 -0.111851 0.989356 0.534451 0.316621 1 8 1.000000
v_immolator_sheet
  8 -12.872374 -42.327225 59.039928 0.053440 -0.234908 0.970547 0.480827 0.264980 1 8 1.000000
  8 -13.433728 -40.313671 59.491840 -0.001923 -0.109259 0.994011 0.540464 0.294945 1 8 1.000000
  8 -13.460250 -42.340748 58.974331 -0.056827 -0.233869 0.970606 0.476289 0.283313 1 8 1.000000
v_immolator_sheet
  8 -10.365559 -36.123238 56.393856 0.529109 0.762519 -0.372302 0.398227 0.432137 1 8 1.000000
  8 -10.231334 -36.134563 55.450703 0.479790 0.789041 0.383686 0.415141 0.409631 1 8 1.000000
  8 -10.912498 -36.127598 55.925568 0.824487 0.565039 0.030855 0.419439 0.433789 1 8 1.000000
v_immolator_sheet
  8 -10.231334 -36.134563 55.450703 0.479790 0.789041 0.383686 0.415141 0.409631 1 8 1.000000
  8 -10.365559 -36.123238 56.393856 0.529109 0.762519 -0.372302 0.398227 0.432137 1 8 1.000000
  8 -10.320003 -36.122097 56.518570 0.984090 0.151070 -0.093511 0.394668 0.433789 1 8 1.000000
v_immolator_sheet
  8 -10.180793 -36.135704 55.331924 0.986434 0.100346 0.129919 0.416568 0.406094 1 8 1.000000
  8 -10.231334 -36.134563 55.450703 0.479790 0.789041 0.383686 0.415141 0.409631 1 8 1.000000
  8 -10.320003 -36.122097 56.518570 0.984090 0.151070 -0.093511 0.394668 0.433789 1 8 1.000000
v_immolator_sheet
  8 -15.303439 -74.790367 55.759602 -0.388207 -0.123024 -0.913324 0.244145 0.377493 1 8 1.000000
  8 -14.918546 -65.393456 54.330090 -0.287100 0.702107 -0.651628 0.306361 0.651620 1 8 1.000000
  8 -14.119929 -65.395973 53.990967 -0.121985 0.549254 -0.826704 0.281996 0.659598 1 8 1.000000
v_immolator_sheet
  8 -14.119929 -65.395973 53.990967 -0.121985 0.549254 -0.826704 0.281996 0.659598 1 8 1.000000
  8 -14.504823 -74.792778 55.420479 -0.161021 -0.141977 -0.976685 0.219781 0.385473 1 8 1.000000
  8 -15.303439 -74.790367 55.759602 -0.388207 -0.123024 -0.913324 0.244145 0.377493 1 8 1.000000
v_immolator_sheet
  8 -13.642951 -74.791451 55.502674 0.558255 -0.134253 -0.818735 0.194997 0.391821 1 8 1.000000
  8 -14.504823 -74.792778 55.420479 -0.161021 -0.141977 -0.976685 0.219781 0.385473 1 8 1.000000
  8 -14.119929 -65.395973 53.990967 -0.121985 0.549254 -0.826704 0.281996 0.659598 1 8 1.000000
v_immolator_sheet
  8 -13.197957 -65.394348 54.073483 0.457576 0.498380 -0.736370 0.255506 0.666413 1 8 1.000000
  8 -13.642951 -74.791451 55.502674 0.558255 -0.134253 -0.818735 0.194997 0.391821 1 8 1.000000
  8 -14.119929 -65.395973 53.990967 -0.121985 0.549254 -0.826704 0.281996 0.659598 1 8 1.000000
v_immolator_sheet
  8 -13.642951 -74.791451 55.502674 0.558255 -0.134253 -0.818735 0.194997 0.391821 1 8 1.000000
  8 -13.197957 -65.394348 54.073483 0.457576 0.498380 -0.736370 0.255506 0.666413 1 8 1.000000
  8 -12.669606 -65.280792 55.081928 0.446621 0.699658 -0.557681 0.222399 0.673266 1 8 1.000000
v_immolator_sheet
  8 -12.669606 -65.280792 55.081928 0.446621 0.699658 -0.557681 0.222399 0.673266 1 8 1.000000
  8 -13.398296 -75.511505 55.922909 0.359999 -0.101872 -0.927374 0.178204 0.372399 1 8 1.000000
  8 -13.642951 -74.791451 55.502674 0.558255 -0.134253 -0.818735 0.194997 0.391821 1 8 1.000000
v_immolator_sheet
  8 -13.398296 -75.511505 55.922909 0.359999 -0.101872 -0.927374 0.178204 0.372399 1 8 1.000000
  8 -12.669606 -65.280792 55.081928 0.446621 0.699658 -0.557681 0.222399 0.673266 1 8 1.000000
  8 -12.703641 -75.510559 56.053146 0.492153 -0.098516 -0.864916 0.157743 0.376584 1 8 1.000000
v_immolator_sheet
  8 -11.979821 -65.243980 55.417652 0.490353 0.582643 -0.648137 0.200271 0.678307 1 8 1.000000
  8 -12.703641 -75.510559 56.053146 0.492153 -0.098516 -0.864916 0.157743 0.376584 1 8 1.000000
  8 -12.669606 -65.280792 55.081928 0.446621 0.699658 -0.557681 0.222399 0.673266 1 8 1.000000
v_immolator_sheet
  8 -12.703641 -75.510559 56.053146 0.492153 -0.098516 -0.864916 0.157743 0.376584 1 8 1.000000
  8 -11.979821 -65.243980 55.417652 0.490353 0.582643 -0.648137 0.200271 0.678307 1 8 1.000000
  8 -12.385366 -75.507835 56.415554 0.976152 -0.110021 -0.187142 0.143641 0.378653 1 8 1.000000
v_immolator_sheet
  8 -11.376979 -65.198723 56.161446 0.793168 0.577518 -0.193279 0.172424 0.683472 1 8 1.000000
  8 -12.385366 -75.507835 56.415554 0.976152 -0.110021 -0.187142 0.143641 0.378653 1 8 1.000000
  8 -11.979821 -65.243980 55.417652 0.490353 0.582643 -0.648137 0.200271 0.678307 1 8 1.000000
v_immolator_sheet
  8 -11.376979 -65.198723 56.161446 0.793168 0.577518 -0.193279 0.172424 0.683472 1 8 1.000000
  8 -11.536872 -65.260132 57.012009 0.720061 0.558066 0.412401 0.146789 0.682998 1 8 1.000000
  8 -12.385366 -75.507835 56.415554 0.976152 -0.110021 -0.187142 0.143641 0.378653 1 8 1.000000
v_immolator_sheet
  8 -12.549723 -75.504585 56.868999 0.770954 -0.093329 0.630015 0.129402 0.379272 1 8 1.000000
  8 -12.385366 -75.507835 56.415554 0.976152 -0.110021 -0.187142 0.143641 0.378653 1 8 1.000000
  8 -11.536872 -65.260132 57.012009 0.720061 0.558066 0.412401 0.146789 0.682998 1 8 1.000000
v_immolator_sheet
  8 -11.536872 -65.260132 57.012009 0.720061 0.558066 0.412401 0.146789 0.682998 1 8 1.000000
  8 -12.191681 -65.262222 57.616283 0.422975 0.587477 0.689901 0.120461 0.682786 1 8 1.000000
  8 -12.549723 -75.504585 56.868999 0.770954 -0.093329 0.630015 0.129402 0.379272 1 8 1.000000
v_immolator_sheet
  8 -13.149252 -75.501854 57.243389 0.406699 -0.073887 0.910569 0.108519 0.378924 1 8 1.000000
  8 -12.549723 -75.504585 56.868999 0.770954 -0.093329 0.630015 0.129402 0.379272 1 8 1.000000
  8 -12.191681 -65.262222 57.616283 0.422975 0.587477 0.689901 0.120461 0.682786 1 8 1.000000
v_immolator_sheet
  8 -12.191681 -65.262222 57.616283 0.422975 0.587477 0.689901 0.120461 0.682786 1 8 1.000000
  8 -13.318717 -65.259888 58.011993 0.150673 0.593994 0.790233 0.085186 0.681564 1 8 1.000000
  8 -13.149252 -75.501854 57.243389 0.406699 -0.073887 0.910569 0.108519 0.378924 1 8 1.000000
v_immolator_sheet
  8 -14.017642 -75.499962 57.502789 0.172219 -0.058444 0.983323 0.081757 0.377917 1 8 1.000000
  8 -13.149252 -75.501854 57.243389 0.406699 -0.073887 0.910569 0.108519 0.378924 1 8 1.000000
  8 -13.318717 -65.259888 58.011993 0.150673 0.593994 0.790233 0.085186 0.681564 1 8 1.000000
v_immolator_sheet
  8 -13.318717 -65.259888 58.011993 0.150673 0.593994 0.790233 0.085186 0.681564 1 8 1.000000
  8 -14.400028 -65.261574 58.041321 -0.155708 0.589140 0.792886 0.053273 0.679744 1 8 1.000000
  8 -14.017642 -75.499962 57.502789 0.172219 -0.058444 0.983323 0.081757 0.377917 1 8 1.000000
v_immolator_sheet
  8 -14.741658 -75.518745 57.552048 -0.234571 -0.038515 0.971336 0.060373 0.376220 1 8 1.000000
  8 -14.017642 -75.499962 57.502789 0.172219 -0.058444 0.983323 0.081757 0.377917 1 8 1.000000
  8 -14.400028 -65.261574 58.041321 -0.155708 0.589140 0.792886 0.053273 0.679744 1 8 1.000000
v_immolator_sheet
  8 -15.211866 -75.541344 57.285591 -0.631009 -0.027100 0.775302 0.044499 0.374345 1 8 1.000000
  8 -14.741658 -75.518745 57.552048 -0.234571 -0.038515 0.971336 0.060373 0.376220 1 8 1.000000
  8 -14.400028 -65.261574 58.041321 -0.155708 0.589140 0.792886 0.053273 0.679744 1 8 1.000000
v_immolator_sheet
  8 -14.400028 -65.261574 58.041321 -0.155708 0.589140 0.792886 0.053273 0.679744 1 8 1.000000
  8 -15.258098 -65.266205 57.663326 -0.533326 0.588535 0.607610 0.025650 0.677593 1 8 1.000000
  8 -15.211866 -75.541344 57.285591 -0.631009 -0.027100 0.775302 0.044499 0.374345 1 8 1.000000
v_immolator_sheet
  8 -15.681382 -75.545723 56.752831 -0.756095 -0.026766 0.653915 0.023605 0.372399 1 8 1.000000
  8 -15.211866 -75.541344 57.285591 -0.631009 -0.027100 0.775302 0.044499 0.374345 1 8 1.000000
  8 -15.258098 -65.266205 57.663326 -0.533326 0.588535 0.607610 0.025650 0.677593 1 8 1.000000
v_immolator_sheet
  8 -15.258098 -65.266205 57.663326 -0.533326 0.588535 0.607610 0.025650 0.677593 1 8 1.000000
  8 -15.703443 -65.272362 56.928074 -0.554633 0.781913 0.284595 0.000368 0.675127 1 8 1.000000
  8 -15.681382 -75.545723 56.752831 -0.756095 -0.026766 0.653915 0.023605 0.372399 1 8 1.000000
v_immolator_sheet
  8 -12.610543 -53.885456 52.002613 0.188944 -0.561856 -0.805368 0.404323 0.372399 1 8 1.000000
  8 -12.722254 -53.775646 52.612938 -0.040072 -0.999196 -0.001465 0.412160 0.389172 1 8 1.000000
  8 -13.062168 -53.870033 52.075653 -0.446980 -0.549463 -0.705903 0.394668 0.382046 1 8 1.000000
v_immolator_sheet
  8 -13.062168 -53.870033 52.075653 -0.446980 -0.549463 -0.705903 0.394668 0.382046 1 8 1.000000
  8 -12.722254 -53.775646 52.612938 -0.040072 -0.999196 -0.001465 0.412160 0.389172 1 8 1.000000
  8 -13.329997 -53.858402 52.447056 -0.873487 -0.444449 -0.198710 0.394670 0.395703 1 8 1.000000
v_immolator_sheet
  8 -13.329997 -53.858402 52.447056 -0.873487 -0.444449 -0.198710 0.394670 0.395703 1 8 1.000000
  8 -12.722254 -53.775646 52.612938 -0.040072 -0.999196 -0.001465 0.412160 0.389172 1 8 1.000000
  8 -13.256952 -53.857548 52.899380 -0.809496 -0.296160 0.506957 0.404330 0.405358 1 8 1.000000
v_immolator_sheet
  8 -13.256952 -53.857548 52.899380 -0.809496 -0.296160 0.506957 0.404330 0.405358 1 8 1.000000
  8 -12.722254 -53.775646 52.612938 -0.040072 -0.999196 -0.001465 0.412160 0.389172 1 8 1.000000
  8 -12.885945 -53.867855 53.167610 -0.214184 -0.211712 0.953574 0.417972 0.405358 1 8 1.000000
v_immolator_sheet
  8 -12.885945 -53.867855 53.167610 -0.214184 -0.211712 0.953574 0.417972 0.405358 1 8 1.000000
  8 -12.722254 -53.775646 52.612938 -0.040072 -0.999196 -0.001465 0.412160 0.389172 1 8 1.000000
  8 -12.434319 -53.883381 53.094574 0.512789 -0.243485 0.823263 0.427608 0.395716 1 8 1.000000
v_immolator_sheet
  8 -12.434319 -53.883381 53.094574 0.512789 -0.243485 0.823263 0.427608 0.395716 1 8 1.000000
  8 -12.722254 -53.775646 52.612938 -0.040072 -0.999196 -0.001465 0.412160 0.389172 1 8 1.000000
  8 -12.166492 -53.895008 52.723171 0.907526 -0.356376 0.222243 0.427612 0.382077 1 8 1.000000
v_immolator_sheet
  8 -12.166492 -53.895008 52.723171 0.907526 -0.356376 0.222243 0.427612 0.382077 1 8 1.000000
  8 -12.722254 -53.775646 52.612938 -0.040072 -0.999196 -0.001465 0.412160 0.389172 1 8 1.000000
  8 -12.239535 -53.895863 52.270847 0.748570 -0.485130 -0.451986 0.417970 0.372417 1 8 1.000000
v_immolator_sheet
  8 -12.239535 -53.895863 52.270847 0.748570 -0.485130 -0.451986 0.417970 0.372417 1 8 1.000000
  8 -12.722254 -53.775646 52.612938 -0.040072 -0.999196 -0.001465 0.412160 0.389172 1 8 1.000000
  8 -12.610543 -53.885456 52.002613 0.188944 -0.561856 -0.805368 0.404323 0.372399 1 8 1.000000
v_immolator_sheet
  8 -13.256952 -53.857548 52.899380 -0.809496 -0.296160 0.506957 0.899914 0.883743 1 8 1.000000
  8 -13.329997 -53.858402 52.447056 -0.873487 -0.444449 -0.198710 0.902990 0.897138 1 8 1.000000
  8 -13.437820 -55.379883 52.805744 -0.978648 0.000580 -0.205544 0.855661 0.897762 1 8 1.000000
v_immolator_sheet
  8 -13.437820 -55.379883 52.805744 -0.978648 0.000580 -0.205544 0.855661 0.897762 1 8 1.000000
  8 -13.335064 -55.256435 53.221935 -0.809375 0.209760 0.548556 0.855917 0.884114 1 8 1.000000
  8 -13.256952 -53.857548 52.899380 -0.809496 -0.296160 0.506957 0.899914 0.883743 1 8 1.000000
v_immolator_sheet
  8 -12.885945 -53.867855 53.167610 -0.214184 -0.211712 0.953574 0.898420 0.870259 1 8 1.000000
  8 -13.256952 -53.857548 52.899380 -0.809496 -0.296160 0.506957 0.899914 0.883743 1 8 1.000000
  8 -13.335064 -55.256435 53.221935 -0.809375 0.209760 0.548556 0.855917 0.884114 1 8 1.000000
v_immolator_sheet
  8 -13.335064 -55.256435 53.221935 -0.809375 0.209760 0.548556 0.855917 0.884114 1 8 1.000000
  8 -12.931340 -55.196362 53.443455 -0.144325 0.275100 0.950521 0.856734 0.869638 1 8 1.000000
  8 -12.885945 -53.867855 53.167610 -0.214184 -0.211712 0.953574 0.898420 0.870259 1 8 1.000000
v_immolator_sheet
  8 -12.434319 -53.883381 53.094574 0.512789 -0.243485 0.823263 0.899217 0.856786 1 8 1.000000
  8 -12.885945 -53.867855 53.167610 -0.214184 -0.211712 0.953574 0.898420 0.870259 1 8 1.000000
  8 -12.931340 -55.196362 53.443455 -0.144325 0.275100 0.950521 0.856734 0.869638 1 8 1.000000
v_immolator_sheet
  8 -12.931340 -55.196362 53.443455 -0.144325 0.275100 0.950521 0.856734 0.869638 1 8 1.000000
  8 -12.463305 -55.234695 53.340427 0.579713 0.185435 0.793440 0.857528 0.854640 1 8 1.000000
  8 -12.434319 -53.883381 53.094574 0.512789 -0.243485 0.823263 0.899217 0.856786 1 8 1.000000
v_immolator_sheet
  8 -12.166492 -53.895008 52.723171 0.907526 -0.356376 0.222243 0.901843 0.843475 1 8 1.000000
  8 -12.434319 -53.883381 53.094574 0.512789 -0.243485 0.823263 0.899217 0.856786 1 8 1.000000
  8 -12.463305 -55.234695 53.340427 0.579713 0.185435 0.793440 0.857528 0.854640 1 8 1.000000
v_immolator_sheet
  8 -12.463305 -55.234695 53.340427 0.579713 0.185435 0.793440 0.857528 0.854640 1 8 1.000000
  8 -12.205078 -55.349125 52.973259 0.985867 -0.008606 0.167307 0.857777 0.840470 1 8 1.000000
  8 -12.166492 -53.895008 52.723171 0.907526 -0.356376 0.222243 0.901843 0.843475 1 8 1.000000
v_immolator_sheet
  8 -12.239535 -53.895863 52.270847 0.748570 -0.485130 -0.451986 0.905030 0.830125 1 8 1.000000
  8 -12.166492 -53.895008 52.723171 0.907526 -0.356376 0.222243 0.901843 0.843475 1 8 1.000000
  8 -12.205078 -55.349125 52.973259 0.985867 -0.008606 0.167307 0.857777 0.840470 1 8 1.000000
v_immolator_sheet
  8 -12.205078 -55.349125 52.973259 0.985867 -0.008606 0.167307 0.857777 0.840470 1 8 1.000000
  8 -12.307935 -55.472466 52.556965 0.792277 -0.208690 -0.573363 0.857465 0.827089 1 8 1.000000
  8 -12.239535 -53.895863 52.270847 0.748570 -0.485130 -0.451986 0.905030 0.830125 1 8 1.000000
v_immolator_sheet
  8 -12.610543 -53.885456 52.002613 0.188944 -0.561856 -0.805368 0.907177 0.816412 1 8 1.000000
  8 -12.239535 -53.895863 52.270847 0.748570 -0.485130 -0.451986 0.905030 0.830125 1 8 1.000000
  8 -12.307935 -55.472466 52.556965 0.792277 -0.208690 -0.573363 0.857465 0.827089 1 8 1.000000
v_immolator_sheet
  8 -12.307935 -55.472466 52.556965 0.792277 -0.208690 -0.573363 0.857465 0.827089 1 8 1.000000
  8 -12.711557 -55.532642 52.335548 0.142770 -0.286090 -0.947507 0.856839 0.813175 1 8 1.000000
  8 -12.610543 -53.885456 52.002613 0.188944 -0.561856 -0.805368 0.907177 0.816412 1 8 1.000000
v_immolator_sheet
  8 -13.329997 -53.858402 52.447056 -0.873487 -0.444449 -0.198710 0.902990 0.897138 1 8 1.000000
  8 -13.062168 -53.870033 52.075653 -0.446980 -0.549463 -0.705903 0.905936 0.910666 1 8 1.000000
  8 -13.179594 -55.494205 52.438572 -0.560061 -0.204511 -0.802812 0.856102 0.911644 1 8 1.000000
v_immolator_sheet
  8 -13.179594 -55.494205 52.438572 -0.560061 -0.204511 -0.802812 0.856102 0.911644 1 8 1.000000
  8 -13.437820 -55.379883 52.805744 -0.978648 0.000580 -0.205544 0.855661 0.897762 1 8 1.000000
  8 -13.329997 -53.858402 52.447056 -0.873487 -0.444449 -0.198710 0.902990 0.897138 1 8 1.000000
v_immolator_sheet
  8 -13.437820 -55.379883 52.805744 -0.978648 0.000580 -0.205544 0.855661 0.897762 1 8 1.000000
  8 -13.179594 -55.494205 52.438572 -0.560061 -0.204511 -0.802812 0.856102 0.911644 1 8 1.000000
  8 -13.259861 -56.782040 52.922287 -0.545590 -0.223430 -0.807719 0.814341 0.911200 1 8 1.000000
v_immolator_sheet
  8 -13.259861 -56.782040 52.922287 -0.545590 -0.223430 -0.807719 0.814341 0.911200 1 8 1.000000
  8 -13.525186 -56.667316 53.284859 -0.969925 0.069034 -0.233410 0.813024 0.896868 1 8 1.000000
  8 -13.437820 -55.379883 52.805744 -0.978648 0.000580 -0.205544 0.855661 0.897762 1 8 1.000000
v_immolator_sheet
  8 -13.335064 -55.256435 53.221935 -0.809375 0.209760 0.548556 0.855917 0.884114 1 8 1.000000
  8 -13.437820 -55.379883 52.805744 -0.978648 0.000580 -0.205544 0.855661 0.897762 1 8 1.000000
  8 -13.525186 -56.667316 53.284859 -0.969925 0.069034 -0.233410 0.813024 0.896868 1 8 1.000000
v_immolator_sheet
  8 -13.525186 -56.667316 53.284859 -0.969925 0.069034 -0.233410 0.813024 0.896868 1 8 1.000000
  8 -13.429926 -56.523174 53.689941 -0.790173 0.323229 0.520719 0.813655 0.883143 1 8 1.000000
  8 -13.335064 -55.256435 53.221935 -0.809375 0.209760 0.548556 0.855917 0.884114 1 8 1.000000
v_immolator_sheet
  8 -12.931340 -55.196362 53.443455 -0.144325 0.275100 0.950521 0.856734 0.869638 1 8 1.000000
  8 -13.335064 -55.256435 53.221935 -0.809375 0.209760 0.548556 0.855917 0.884114 1 8 1.000000
  8 -13.429926 -56.523174 53.689941 -0.790173 0.323229 0.520719 0.813655 0.883143 1 8 1.000000
v_immolator_sheet
  8 -13.429926 -56.523174 53.689941 -0.790173 0.323229 0.520719 0.813655 0.883143 1 8 1.000000
  8 -13.029799 -56.433903 53.900249 -0.125342 0.353623 0.926952 0.816028 0.869199 1 8 1.000000
  8 -12.931340 -55.196362 53.443455 -0.144325 0.275100 0.950521 0.856734 0.869638 1 8 1.000000
v_immolator_sheet
  8 -12.463305 -55.234695 53.340427 0.579713 0.185435 0.793440 0.857528 0.854640 1 8 1.000000
  8 -12.931340 -55.196362 53.443455 -0.144325 0.275100 0.950521 0.856734 0.869638 1 8 1.000000
  8 -13.029799 -56.433903 53.900249 -0.125342 0.353623 0.926952 0.816028 0.869199 1 8 1.000000
v_immolator_sheet
  8 -13.029799 -56.433903 53.900249 -0.125342 0.353623 0.926952 0.816028 0.869199 1 8 1.000000
  8 -12.559261 -56.451839 53.792519 0.570917 0.189400 0.798862 0.818561 0.855080 1 8 1.000000
  8 -12.463305 -55.234695 53.340427 0.579713 0.185435 0.793440 0.857528 0.854640 1 8 1.000000
v_immolator_sheet
  8 -12.205078 -55.349125 52.973259 0.985867 -0.008606 0.167307 0.857777 0.840470 1 8 1.000000
  8 -12.463305 -55.234695 53.340427 0.579713 0.185435 0.793440 0.857528 0.854640 1 8 1.000000
  8 -12.559261 -56.451839 53.792519 0.570917 0.189400 0.798862 0.818561 0.855080 1 8 1.000000
v_immolator_sheet
  8 -12.559261 -56.451839 53.792519 0.570917 0.189400 0.798862 0.818561 0.855080 1 8 1.000000
  8 -12.293837 -56.566463 53.429848 0.970704 -0.076357 0.227821 0.819710 0.841690 1 8 1.000000
  8 -12.205078 -55.349125 52.973259 0.985867 -0.008606 0.167307 0.857777 0.840470 1 8 1.000000
v_immolator_sheet
  8 -12.307935 -55.472466 52.556965 0.792277 -0.208690 -0.573363 0.857465 0.827089 1 8 1.000000
  8 -12.205078 -55.349125 52.973259 0.985867 -0.008606 0.167307 0.857777 0.840470 1 8 1.000000
  8 -12.293837 -56.566463 53.429848 0.970704 -0.076357 0.227821 0.819710 0.841690 1 8 1.000000
v_immolator_sheet
  8 -12.293837 -56.566463 53.429848 0.970704 -0.076357 0.227821 0.819710 0.841690 1 8 1.000000
  8 -12.389196 -56.710705 53.024769 0.805739 -0.317278 -0.500119 0.818860 0.828991 1 8 1.000000
  8 -12.307935 -55.472466 52.556965 0.792277 -0.208690 -0.573363 0.857465 0.827089 1 8 1.000000
v_immolator_sheet
  8 -12.711557 -55.532642 52.335548 0.142770 -0.286090 -0.947507 0.856839 0.813175 1 8 1.000000
  8 -12.307935 -55.472466 52.556965 0.792277 -0.208690 -0.573363 0.857465 0.827089 1 8 1.000000
  8 -12.389196 -56.710705 53.024769 0.805739 -0.317278 -0.500119 0.818860 0.828991 1 8 1.000000
v_immolator_sheet
  8 -12.389196 -56.710705 53.024769 0.805739 -0.317278 -0.500119 0.818860 0.828991 1 8 1.000000
  8 -12.789324 -56.799976 52.814560 0.164681 -0.375080 -0.912247 0.816186 0.815836 1 8 1.000000
  8 -12.711557 -55.532642 52.335548 0.142770 -0.286090 -0.947507 0.856839 0.813175 1 8 1.000000
v_immolator_sheet
  8 -13.230262 -58.603439 53.505028 0.149695 -0.287642 -0.945967 0.756829 0.922190 1 8 1.000000
  8 -13.695896 -58.576206 53.605759 -0.545989 -0.105443 -0.831130 0.754570 0.908223 1 8 1.000000
  8 -13.259861 -56.782040 52.922287 -0.545590 -0.223430 -0.807719 0.814341 0.911200 1 8 1.000000
v_immolator_sheet
  8 -13.259861 -56.782040 52.922287 -0.545590 -0.223430 -0.807719 0.814341 0.911200 1 8 1.000000
  8 -12.789324 -56.799976 52.814560 0.164681 -0.375080 -0.912247 0.816515 0.925779 1 8 1.000000
  8 -13.230262 -58.603439 53.505028 0.149695 -0.287642 -0.945967 0.756829 0.922190 1 8 1.000000
v_immolator_sheet
  8 -12.789324 -56.799976 52.814560 0.164681 -0.375080 -0.912247 0.816515 0.925779 1 8 1.000000
  8 -13.259861 -56.782040 52.922287 -0.545590 -0.223430 -0.807719 0.814341 0.911200 1 8 1.000000
  8 -13.179594 -55.494205 52.438572 -0.560061 -0.204511 -0.802812 0.856102 0.911644 1 8 1.000000
v_immolator_sheet
  8 -13.179594 -55.494205 52.438572 -0.560061 -0.204511 -0.802812 0.856102 0.911644 1 8 1.000000
  8 -12.711557 -55.532642 52.335548 0.142770 -0.286090 -0.947507 0.856904 0.925947 1 8 1.000000
  8 -12.789324 -56.799976 52.814560 0.164681 -0.375080 -0.912247 0.816515 0.925779 1 8 1.000000
v_immolator_sheet
  8 -12.711557 -55.532642 52.335548 0.142770 -0.286090 -0.947507 0.856904 0.925947 1 8 1.000000
  8 -13.179594 -55.494205 52.438572 -0.560061 -0.204511 -0.802812 0.856102 0.911644 1 8 1.000000
  8 -13.062168 -53.870033 52.075653 -0.446980 -0.549463 -0.705903 0.905936 0.910666 1 8 1.000000
v_immolator_sheet
  8 -13.062168 -53.870033 52.075653 -0.446980 -0.549463 -0.705903 0.905936 0.910666 1 8 1.000000
  8 -12.610543 -53.885456 52.002613 0.188944 -0.561856 -0.805368 0.907177 0.924286 1 8 1.000000
  8 -12.711557 -55.532642 52.335548 0.142770 -0.286090 -0.947507 0.856904 0.925947 1 8 1.000000
v_immolator_sheet
  8 -13.552660 -62.437443 54.367241 0.853159 -0.162331 -0.495751 0.639984 0.832880 1 8 1.000000
  8 -13.894584 -62.514820 54.147652 0.184765 -0.141152 -0.972593 0.637524 0.820864 1 8 1.000000
  8 -13.230262 -58.603439 53.505028 0.149695 -0.287642 -0.945967 0.756667 0.819366 1 8 1.000000
v_immolator_sheet
  8 -13.230262 -58.603439 53.505028 0.149695 -0.287642 -0.945967 0.756667 0.819366 1 8 1.000000
  8 -12.854834 -58.538368 53.712837 0.822002 -0.311966 -0.476433 0.759522 0.831885 1 8 1.000000
  8 -13.552660 -62.437443 54.367241 0.853159 -0.162331 -0.495751 0.639984 0.832880 1 8 1.000000
v_immolator_sheet
  8 -12.854834 -58.538368 53.712837 0.822002 -0.311966 -0.476433 0.759522 0.831885 1 8 1.000000
  8 -13.230262 -58.603439 53.505028 0.149695 -0.287642 -0.945967 0.756667 0.819366 1 8 1.000000
  8 -12.789324 -56.799976 52.814560 0.164681 -0.375080 -0.912247 0.816186 0.815836 1 8 1.000000
v_immolator_sheet
  8 -12.789324 -56.799976 52.814560 0.164681 -0.375080 -0.912247 0.816186 0.815836 1 8 1.000000
  8 -12.389196 -56.710705 53.024769 0.805739 -0.317278 -0.500119 0.818860 0.828991 1 8 1.000000
  8 -12.854834 -58.538368 53.712837 0.822002 -0.311966 -0.476433 0.759522 0.831885 1 8 1.000000
v_immolator_sheet
  8 -12.789570 -58.419235 54.107319 0.941261 -0.124822 0.313764 0.760553 0.844108 1 8 1.000000
  8 -12.854834 -58.538368 53.712837 0.822002 -0.311966 -0.476433 0.759522 0.831885 1 8 1.000000
  8 -12.389196 -56.710705 53.024769 0.805739 -0.317278 -0.500119 0.818860 0.828991 1 8 1.000000
v_immolator_sheet
  8 -12.389196 -56.710705 53.024769 0.805739 -0.317278 -0.500119 0.818860 0.828991 1 8 1.000000
  8 -12.293837 -56.566463 53.429848 0.970704 -0.076357 0.227821 0.819710 0.841690 1 8 1.000000
  8 -12.789570 -58.419235 54.107319 0.941261 -0.124822 0.313764 0.760553 0.844108 1 8 1.000000
v_immolator_sheet
  8 -13.072691 -58.315712 54.457584 0.515685 0.110236 0.849657 0.759312 0.857473 1 8 1.000000
  8 -12.789570 -58.419235 54.107319 0.941261 -0.124822 0.313764 0.760553 0.844108 1 8 1.000000
  8 -12.293837 -56.566463 53.429848 0.970704 -0.076357 0.227821 0.819710 0.841690 1 8 1.000000
v_immolator_sheet
  8 -12.293837 -56.566463 53.429848 0.970704 -0.076357 0.227821 0.819710 0.841690 1 8 1.000000
  8 -12.559261 -56.451839 53.792519 0.570917 0.189400 0.798862 0.818561 0.855080 1 8 1.000000
  8 -13.072691 -58.315712 54.457584 0.515685 0.110236 0.849657 0.759312 0.857473 1 8 1.000000
v_immolator_sheet
  8 -13.538325 -58.288574 54.558212 -0.159492 0.277692 0.947338 0.756758 0.870923 1 8 1.000000
  8 -13.072691 -58.315712 54.457584 0.515685 0.110236 0.849657 0.759312 0.857473 1 8 1.000000
  8 -12.559261 -56.451839 53.792519 0.570917 0.189400 0.798862 0.818561 0.855080 1 8 1.000000
v_immolator_sheet
  8 -12.559261 -56.451839 53.792519 0.570917 0.189400 0.798862 0.818561 0.855080 1 8 1.000000
  8 -13.029799 -56.433903 53.900249 -0.125342 0.353623 0.926952 0.816028 0.869199 1 8 1.000000
  8 -13.538325 -58.288574 54.558212 -0.159492 0.277692 0.947338 0.756758 0.870923 1 8 1.000000
v_immolator_sheet
  8 -13.913653 -58.353546 54.350506 -0.807323 0.294113 0.511593 0.754428 0.883064 1 8 1.000000
  8 -13.538325 -58.288574 54.558212 -0.159492 0.277692 0.947338 0.756758 0.870923 1 8 1.000000
  8 -13.029799 -56.433903 53.900249 -0.125342 0.353623 0.926952 0.816028 0.869199 1 8 1.000000
v_immolator_sheet
  8 -13.029799 -56.433903 53.900249 -0.125342 0.353623 0.926952 0.816028 0.869199 1 8 1.000000
  8 -13.429926 -56.523174 53.689941 -0.790173 0.323229 0.520719 0.813655 0.883143 1 8 1.000000
  8 -13.913653 -58.353546 54.350506 -0.807323 0.294113 0.511593 0.754428 0.883064 1 8 1.000000
v_immolator_sheet
  8 -13.978917 -58.472683 53.955925 -0.955882 0.127203 -0.264782 0.753539 0.894904 1 8 1.000000
  8 -13.913653 -58.353546 54.350506 -0.807323 0.294113 0.511593 0.754428 0.883064 1 8 1.000000
  8 -13.429926 -56.523174 53.689941 -0.790173 0.323229 0.520719 0.813655 0.883143 1 8 1.000000
v_immolator_sheet
  8 -13.429926 -56.523174 53.689941 -0.790173 0.323229 0.520719 0.813655 0.883143 1 8 1.000000
  8 -13.525186 -56.667316 53.284859 -0.969925 0.069034 -0.233410 0.813024 0.896868 1 8 1.000000
  8 -13.978917 -58.472683 53.955925 -0.955882 0.127203 -0.264782 0.753539 0.894904 1 8 1.000000
v_immolator_sheet
  8 -13.695896 -58.576206 53.605759 -0.545989 -0.105443 -0.831130 0.754570 0.908223 1 8 1.000000
  8 -13.978917 -58.472683 53.955925 -0.955882 0.127203 -0.264782 0.753539 0.894904 1 8 1.000000
  8 -13.525186 -56.667316 53.284859 -0.969925 0.069034 -0.233410 0.813024 0.896868 1 8 1.000000
v_immolator_sheet
  8 -13.525186 -56.667316 53.284859 -0.969925 0.069034 -0.233410 0.813024 0.896868 1 8 1.000000
  8 -13.259861 -56.782040 52.922287 -0.545590 -0.223430 -0.807719 0.814341 0.911200 1 8 1.000000
  8 -13.695896 -58.576206 53.605759 -0.545989 -0.105443 -0.831130 0.754570 0.908223 1 8 1.000000
v_immolator_sheet
  8 -13.978917 -58.472683 53.955925 -0.955882 0.127203 -0.264782 0.753539 0.894904 1 8 1.000000
  8 -13.695896 -58.576206 53.605759 -0.545989 -0.105443 -0.831130 0.754570 0.908223 1 8 1.000000
  8 -14.334616 -62.545586 54.240910 -0.533170 -0.042818 -0.844924 0.634881 0.908068 1 8 1.000000
v_immolator_sheet
  8 -14.334616 -62.545586 54.240910 -0.533170 -0.042818 -0.844924 0.634881 0.908068 1 8 1.000000
  8 -14.615037 -62.511566 54.592197 -0.957278 0.069767 -0.280628 0.633577 0.895028 1 8 1.000000
  8 -13.978917 -58.472683 53.955925 -0.955882 0.127203 -0.264782 0.753539 0.894904 1 8 1.000000
v_immolator_sheet
  8 -13.913653 -58.353546 54.350506 -0.807323 0.294113 0.511593 0.754428 0.883064 1 8 1.000000
  8 -13.978917 -58.472683 53.955925 -0.955882 0.127203 -0.264782 0.753539 0.894904 1 8 1.000000
  8 -14.615037 -62.511566 54.592197 -0.957278 0.069767 -0.280628 0.633577 0.895028 1 8 1.000000
v_immolator_sheet
  8 -14.615037 -62.511566 54.592197 -0.957278 0.069767 -0.280628 0.633577 0.895028 1 8 1.000000
  8 -14.571576 -62.432827 54.995987 -0.853832 0.155953 0.496637 0.634388 0.882989 1 8 1.000000
  8 -13.913653 -58.353546 54.350506 -0.807323 0.294113 0.511593 0.754428 0.883064 1 8 1.000000
v_immolator_sheet
  8 -13.538325 -58.288574 54.558212 -0.159492 0.277692 0.947338 0.756758 0.870923 1 8 1.000000
  8 -13.913653 -58.353546 54.350506 -0.807323 0.294113 0.511593 0.754428 0.883064 1 8 1.000000
  8 -14.571576 -62.432827 54.995987 -0.853832 0.155953 0.496637 0.634388 0.882989 1 8 1.000000
v_immolator_sheet
  8 -14.571576 -62.432827 54.995987 -0.853832 0.155953 0.496637 0.634388 0.882989 1 8 1.000000
  8 -14.229652 -62.355350 55.215580 -0.209881 0.156564 0.965110 0.636738 0.871177 1 8 1.000000
  8 -13.538325 -58.288574 54.558212 -0.159492 0.277692 0.947338 0.756758 0.870923 1 8 1.000000
v_immolator_sheet
  8 -13.072691 -58.315712 54.457584 0.515685 0.110236 0.849657 0.759312 0.857473 1 8 1.000000
  8 -13.538325 -58.288574 54.558212 -0.159492 0.277692 0.947338 0.756758 0.870923 1 8 1.000000
  8 -14.229652 -62.355350 55.215580 -0.209881 0.156564 0.965110 0.636738 0.871177 1 8 1.000000
v_immolator_sheet
  8 -14.229652 -62.355350 55.215580 -0.209881 0.156564 0.965110 0.636738 0.871177 1 8 1.000000
  8 -13.789619 -62.324581 55.122421 0.507741 0.066745 0.858921 0.639369 0.858274 1 8 1.000000
  8 -13.072691 -58.315712 54.457584 0.515685 0.110236 0.849657 0.759312 0.857473 1 8 1.000000
v_immolator_sheet
  8 -12.789570 -58.419235 54.107319 0.941261 -0.124822 0.313764 0.760553 0.844108 1 8 1.000000
  8 -13.072691 -58.315712 54.457584 0.515685 0.110236 0.849657 0.759312 0.857473 1 8 1.000000
  8 -13.789619 -62.324581 55.122421 0.507741 0.066745 0.858921 0.639369 0.858274 1 8 1.000000
v_immolator_sheet
  8 -13.789619 -62.324581 55.122421 0.507741 0.066745 0.858921 0.639369 0.858274 1 8 1.000000
  8 -13.509199 -62.358601 54.771027 0.951533 -0.064640 0.300676 0.640752 0.845059 1 8 1.000000
  8 -12.789570 -58.419235 54.107319 0.941261 -0.124822 0.313764 0.760553 0.844108 1 8 1.000000
v_immolator_sheet
  8 -12.854834 -58.538368 53.712837 0.822002 -0.311966 -0.476433 0.759522 0.831885 1 8 1.000000
  8 -12.789570 -58.419235 54.107319 0.941261 -0.124822 0.313764 0.760553 0.844108 1 8 1.000000
  8 -13.509199 -62.358601 54.771027 0.951533 -0.064640 0.300676 0.640752 0.845059 1 8 1.000000
v_immolator_sheet
  8 -13.509199 -62.358601 54.771027 0.951533 -0.064640 0.300676 0.640752 0.845059 1 8 1.000000
  8 -13.552660 -62.437443 54.367241 0.853159 -0.162331 -0.495751 0.639984 0.832880 1 8 1.000000
  8 -12.854834 -58.538368 53.712837 0.822002 -0.311966 -0.476433 0.759522 0.831885 1 8 1.000000
v_immolator_sheet
  8 -13.722170 -65.684334 54.689503 0.853479 -0.093359 -0.512697 0.543493 0.830396 1 8 1.000000
  8 -14.093678 -65.686325 54.421375 0.187753 -0.098333 -0.977282 0.543991 0.816958 1 8 1.000000
  8 -13.894584 -62.514820 54.147652 0.184765 -0.141152 -0.972593 0.637524 0.820864 1 8 1.000000
v_immolator_sheet
  8 -13.894584 -62.514820 54.147652 0.184765 -0.141152 -0.972593 0.637524 0.820864 1 8 1.000000
  8 -13.552660 -62.437443 54.367241 0.853159 -0.162331 -0.495751 0.639984 0.832880 1 8 1.000000
  8 -13.722170 -65.684334 54.689503 0.853479 -0.093359 -0.512697 0.543493 0.830396 1 8 1.000000
v_immolator_sheet
  8 -13.649127 -65.681076 55.141827 0.965692 -0.015412 0.259231 0.542039 0.843543 1 8 1.000000
  8 -13.722170 -65.684334 54.689503 0.853479 -0.093359 -0.512697 0.543493 0.830396 1 8 1.000000
  8 -13.552660 -62.437443 54.367241 0.853159 -0.162331 -0.495751 0.639984 0.832880 1 8 1.000000
v_immolator_sheet
  8 -13.552660 -62.437443 54.367241 0.853159 -0.162331 -0.495751 0.639984 0.832880 1 8 1.000000
  8 -13.509199 -62.358601 54.771027 0.951533 -0.064640 0.300676 0.640752 0.845059 1 8 1.000000
  8 -13.649127 -65.681076 55.141827 0.965692 -0.015412 0.259231 0.542039 0.843543 1 8 1.000000
v_immolator_sheet
  8 -13.917254 -65.678352 55.513332 0.504056 0.078190 0.860124 0.540361 0.856726 1 8 1.000000
  8 -13.649127 -65.681076 55.141827 0.965692 -0.015412 0.259231 0.542039 0.843543 1 8 1.000000
  8 -13.509199 -62.358601 54.771027 0.951533 -0.064640 0.300676 0.640752 0.845059 1 8 1.000000
v_immolator_sheet
  8 -13.509199 -62.358601 54.771027 0.951533 -0.064640 0.300676 0.640752 0.845059 1 8 1.000000
  8 -13.789619 -62.324581 55.122421 0.507741 0.066745 0.858921 0.639369 0.858274 1 8 1.000000
  8 -13.917254 -65.678352 55.513332 0.504056 0.078190 0.860124 0.540361 0.856726 1 8 1.000000
v_immolator_sheet
  8 -14.369480 -65.677818 55.586376 -0.231093 0.120155 0.965484 0.539391 0.870098 1 8 1.000000
  8 -13.917254 -65.678352 55.513332 0.504056 0.078190 0.860124 0.540361 0.856726 1 8 1.000000
  8 -13.789619 -62.324581 55.122421 0.507741 0.066745 0.858921 0.639369 0.858274 1 8 1.000000
v_immolator_sheet
  8 -13.789619 -62.324581 55.122421 0.507741 0.066745 0.858921 0.639369 0.858274 1 8 1.000000
  8 -14.229652 -62.355350 55.215580 -0.209881 0.156564 0.965110 0.636738 0.871177 1 8 1.000000
  8 -14.369480 -65.677818 55.586376 -0.231093 0.120155 0.965484 0.539391 0.870098 1 8 1.000000
v_immolator_sheet
  8 -14.740988 -65.679718 55.318249 -0.840157 0.098851 0.533258 0.539579 0.883662 1 8 1.000000
  8 -14.369480 -65.677818 55.586376 -0.231093 0.120155 0.965484 0.539391 0.870098 1 8 1.000000
  8 -14.229652 -62.355350 55.215580 -0.209881 0.156564 0.965110 0.636738 0.871177 1 8 1.000000
v_immolator_sheet
  8 -14.229652 -62.355350 55.215580 -0.209881 0.156564 0.965110 0.636738 0.871177 1 8 1.000000
  8 -14.571576 -62.432827 54.995987 -0.853832 0.155953 0.496637 0.634388 0.882989 1 8 1.000000
  8 -14.740988 -65.679718 55.318249 -0.840157 0.098851 0.533258 0.539579 0.883662 1 8 1.000000
v_immolator_sheet
  8 -14.814131 -65.683075 54.866024 -0.972659 0.036714 -0.229317 0.540787 0.897275 1 8 1.000000
  8 -14.740988 -65.679718 55.318249 -0.840157 0.098851 0.533258 0.539579 0.883662 1 8 1.000000
  8 -14.571576 -62.432827 54.995987 -0.853832 0.155953 0.496637 0.634388 0.882989 1 8 1.000000
v_immolator_sheet
  8 -14.571576 -62.432827 54.995987 -0.853832 0.155953 0.496637 0.634388 0.882989 1 8 1.000000
  8 -14.615037 -62.511566 54.592197 -0.957278 0.069767 -0.280628 0.633577 0.895028 1 8 1.000000
  8 -14.814131 -65.683075 54.866024 -0.972659 0.036714 -0.229317 0.540787 0.897275 1 8 1.000000
v_immolator_sheet
  8 -14.541614 -65.667389 54.527012 -0.551765 -0.039462 -0.833065 0.542943 0.909983 1 8 1.000000
  8 -14.814131 -65.683075 54.866024 -0.972659 0.036714 -0.229317 0.540787 0.897275 1 8 1.000000
  8 -14.615037 -62.511566 54.592197 -0.957278 0.069767 -0.280628 0.633577 0.895028 1 8 1.000000
v_immolator_sheet
  8 -14.615037 -62.511566 54.592197 -0.957278 0.069767 -0.280628 0.633577 0.895028 1 8 1.000000
  8 -14.334616 -62.545586 54.240910 -0.533170 -0.042818 -0.844924 0.634881 0.908068 1 8 1.000000
  8 -14.541614 -65.667389 54.527012 -0.551765 -0.039462 -0.833065 0.542943 0.909983 1 8 1.000000
v_immolator_sheet
  8 -14.093678 -65.686325 54.421375 0.187753 -0.098333 -0.977282 0.543844 0.923494 1 8 1.000000
  8 -14.541614 -65.667389 54.527012 -0.551765 -0.039462 -0.833065 0.542943 0.909983 1 8 1.000000
  8 -14.334616 -62.545586 54.240910 -0.533170 -0.042818 -0.844924 0.634881 0.908068 1 8 1.000000
v_immolator_sheet
  8 -14.334616 -62.545586 54.240910 -0.533170 -0.042818 -0.844924 0.634881 0.908068 1 8 1.000000
  8 -13.894584 -62.514820 54.147652 0.184765 -0.141152 -0.972593 0.637668 0.920907 1 8 1.000000
  8 -14.093678 -65.686325 54.421375 0.187753 -0.098333 -0.977282 0.543844 0.923494 1 8 1.000000
v_immolator_sheet
  8 -13.894584 -62.514820 54.147652 0.184765 -0.141152 -0.972593 0.637668 0.920907 1 8 1.000000
  8 -14.334616 -62.545586 54.240910 -0.533170 -0.042818 -0.844924 0.634881 0.908068 1 8 1.000000
  8 -13.695896 -58.576206 53.605759 -0.545989 -0.105443 -0.831130 0.754570 0.908223 1 8 1.000000
v_immolator_sheet
  8 -13.695896 -58.576206 53.605759 -0.545989 -0.105443 -0.831130 0.754570 0.908223 1 8 1.000000
  8 -13.230262 -58.603439 53.505028 0.149695 -0.287642 -0.945967 0.756829 0.922190 1 8 1.000000
  8 -13.894584 -62.514820 54.147652 0.184765 -0.141152 -0.972593 0.637668 0.920907 1 8 1.000000
v_immolator_sheet
  8 -17.374712 -45.904690 59.441109 0.340016 0.227216 -0.912558 0.191704 0.898871 1 8 1.000000
  8 -18.075794 -45.883503 59.393661 -0.042666 -0.479919 -0.876275 0.174876 0.911051 1 8 1.000000
  8 -17.152336 -45.777763 59.512142 0.505588 -0.182903 -0.843165 0.194525 0.891543 1 8 1.000000
v_immolator_sheet
  8 -18.075794 -45.883503 59.393661 -0.042666 -0.479919 -0.876275 0.174876 0.911051 1 8 1.000000
  8 -17.374712 -45.904690 59.441109 0.340016 0.227216 -0.912558 0.191704 0.898871 1 8 1.000000
  8 -17.806906 -45.961391 59.427078 -0.207410 -0.184703 -0.960659 0.182641 0.908033 1 8 1.000000
v_immolator_sheet
  8 -17.806906 -45.961391 59.427078 -0.207410 -0.184703 -0.960659 0.182641 0.908033 1 8 1.000000
  8 -18.781046 -46.060753 59.835075 -0.283374 -0.861964 -0.420377 0.165888 0.934526 1 8 1.000000
  8 -18.075794 -45.883503 59.393661 -0.042666 -0.479919 -0.876275 0.174876 0.911051 1 8 1.000000
v_immolator_sheet
  8 -18.781046 -46.060753 59.835075 -0.283374 -0.861964 -0.420377 0.165888 0.934526 1 8 1.000000
  8 -17.806906 -45.961391 59.427078 -0.207410 -0.184703 -0.960659 0.182641 0.908033 1 8 1.000000
  8 -18.207369 -46.286827 59.901455 -0.624031 -0.565128 -0.539644 0.183275 0.928736 1 8 1.000000
v_immolator_sheet
  8 -18.207369 -46.286827 59.901455 -0.624031 -0.565128 -0.539644 0.183275 0.928736 1 8 1.000000
  8 -18.855707 -46.256893 60.586720 -0.668425 -0.693847 0.267926 0.175457 0.955507 1 8 1.000000
  8 -18.781046 -46.060753 59.835075 -0.283374 -0.861964 -0.420377 0.165888 0.934526 1 8 1.000000
v_immolator_sheet
  8 -18.855707 -46.256893 60.586720 -0.668425 -0.693847 0.267926 0.175457 0.955507 1 8 1.000000
  8 -18.207369 -46.286827 59.901455 -0.624031 -0.565128 -0.539644 0.183275 0.928736 1 8 1.000000
  8 -18.266869 -46.553329 60.471924 -0.693632 -0.719420 0.036195 0.192278 0.945113 1 8 1.000000
v_immolator_sheet
  8 -18.266869 -46.553329 60.471924 -0.693632 -0.719420 0.036195 0.192278 0.945113 1 8 1.000000
  8 -18.466446 -46.321751 60.989674 -0.548249 -0.538909 0.639531 0.190449 0.962786 1 8 1.000000
  8 -18.855707 -46.256893 60.586720 -0.668425 -0.693847 0.267926 0.175457 0.955507 1 8 1.000000
v_immolator_sheet
  8 -18.266869 -46.553329 60.471924 -0.693632 -0.719420 0.036195 0.192278 0.945113 1 8 1.000000
  8 -17.984642 -46.527557 60.974613 -0.329120 -0.751079 0.572328 0.204722 0.956771 1 8 1.000000
  8 -18.466446 -46.321751 60.989674 -0.548249 -0.538909 0.639531 0.190449 0.962786 1 8 1.000000
v_immolator_sheet
  8 -17.984642 -46.527557 60.974613 -0.329120 -0.751079 0.572328 0.204722 0.956771 1 8 1.000000
  8 -17.953735 -46.339264 61.250359 -0.239788 -0.488763 0.838816 0.207065 0.966399 1 8 1.000000
  8 -18.466446 -46.321751 60.989674 -0.548249 -0.538909 0.639531 0.190449 0.962786 1 8 1.000000
v_immolator_sheet
  8 -17.984642 -46.527557 60.974613 -0.329120 -0.751079 0.572328 0.204722 0.956771 1 8 1.000000
  8 -17.632853 -46.320446 61.294861 0.057712 -0.446737 0.892802 0.216654 0.966399 1 8 1.000000
  8 -17.953735 -46.339264 61.250359 -0.239788 -0.488763 0.838816 0.207065 0.966399 1 8 1.000000
v_immolator_sheet
  8 -17.984642 -46.527557 60.974613 -0.329120 -0.751079 0.572328 0.204722 0.956771 1 8 1.000000
  8 -17.552446 -46.580956 60.989479 0.240675 -0.662419 0.709419 0.217363 0.954323 1 8 1.000000
  8 -17.632853 -46.320446 61.294861 0.057712 -0.446737 0.892802 0.216654 0.966399 1 8 1.000000
v_immolator_sheet
  8 -17.552446 -46.580956 60.989479 0.240675 -0.662419 0.709419 0.217363 0.954323 1 8 1.000000
  8 -17.078110 -46.238987 61.178024 0.433592 -0.451813 0.779655 0.233254 0.963103 1 8 1.000000
  8 -17.632853 -46.320446 61.294861 0.057712 -0.446737 0.892802 0.216654 0.966399 1 8 1.000000
v_immolator_sheet
  8 -17.552446 -46.580956 60.989479 0.240675 -0.662419 0.709419 0.217363 0.954323 1 8 1.000000
  8 -16.879568 -46.189034 61.053780 0.708131 -0.455495 0.539513 0.239697 0.960176 1 8 1.000000
  8 -17.078110 -46.238987 61.178024 0.433592 -0.451813 0.779655 0.233254 0.963103 1 8 1.000000
v_immolator_sheet
  8 -17.552446 -46.580956 60.989479 0.240675 -0.662419 0.709419 0.217363 0.954323 1 8 1.000000
  8 -17.129486 -46.412415 60.523270 0.821511 -0.520654 0.232463 0.232886 0.942929 1 8 1.000000
  8 -16.879568 -46.189034 61.053780 0.708131 -0.455495 0.539513 0.239697 0.960176 1 8 1.000000
v_immolator_sheet
  8 -17.129486 -46.412415 60.523270 0.821511 -0.520654 0.232463 0.232886 0.942929 1 8 1.000000
  8 -16.596609 -46.047588 60.597027 0.894041 -0.406246 0.188825 0.251261 0.948522 1 8 1.000000
  8 -16.879568 -46.189034 61.053780 0.708131 -0.455495 0.539513 0.239697 0.960176 1 8 1.000000
v_immolator_sheet
  8 -17.129486 -46.412415 60.523270 0.821511 -0.520654 0.232463 0.232886 0.942929 1 8 1.000000
  8 -16.551653 -45.929146 60.143600 0.881703 -0.331012 -0.336201 0.256754 0.935741 1 8 1.000000
  8 -16.596609 -46.047588 60.597027 0.894041 -0.406246 0.188825 0.251261 0.948522 1 8 1.000000
v_immolator_sheet
  8 -16.551653 -45.929146 60.143600 0.881703 -0.331012 -0.336201 0.256754 0.935741 1 8 1.000000
  8 -17.129486 -46.412415 60.523270 0.821511 -0.520654 0.232463 0.232886 0.942929 1 8 1.000000
  8 -17.069988 -46.145908 59.952801 0.866821 -0.311545 -0.389309 0.241839 0.926524 1 8 1.000000
v_immolator_sheet
  8 -17.069988 -46.145908 59.952801 0.866821 -0.311545 -0.389309 0.241839 0.926524 1 8 1.000000
  8 -17.152336 -45.777763 59.512142 0.505588 -0.182903 -0.843165 0.248776 0.910849 1 8 1.000000
  8 -16.551653 -45.929146 60.143600 0.881703 -0.331012 -0.336201 0.256754 0.935741 1 8 1.000000
v_immolator_sheet
  8 -17.152336 -45.777763 59.512142 0.505588 -0.182903 -0.843165 0.248776 0.910849 1 8 1.000000
  8 -17.069988 -46.145908 59.952801 0.866821 -0.311545 -0.389309 0.241839 0.926524 1 8 1.000000
  8 -17.374712 -45.904690 59.441109 0.340016 0.227216 -0.912558 0.241656 0.907537 1 8 1.000000
end
