// Created by Crowbar 0.74
version 1
nodes
  0 "Line03" -1
end
skeleton
  time 0
    0 -1.183835 0.612185 -0.364630 0.000000 -0.003491 0.000000
end
triangles
handle_uvw
  0 -2.152200 -1.628500 -0.595600 -0.421112 -0.906426 0.032501 0.396900 0.136900 1 0 1.000000
  0 -2.086200 -1.628500 -0.146400 -0.282106 -0.958822 0.032801 0.592200 0.136900 1 0 1.000000
  0 -2.520600 -1.369200 -0.179000 -0.691373 -0.722072 0.024799 0.578100 0.142700 1 0 1.000000
handle_uvw
  0 2.322600 0.060300 -0.580800 0.975924 0.218105 0.001700 0.403300 0.343400 1 0 1.000000
  0 2.239200 0.430200 -0.139200 0.818008 0.575205 0.001400 0.595400 0.323400 1 0 1.000000
  0 2.321800 0.060300 -0.138900 0.975924 0.218105 0.001700 0.595500 0.343400 1 0 1.000000
handle_uvw
  0 2.322600 0.060300 -0.580800 0.975924 0.218105 0.001700 0.403300 0.343400 1 0 1.000000
  0 2.239900 0.430200 -0.580800 0.658065 0.752960 0.001100 0.403300 0.323400 1 0 1.000000
  0 2.239200 0.430200 -0.139200 0.818008 0.575205 0.001400 0.595400 0.323400 1 0 1.000000
handle_uvw
  0 2.239200 0.430200 -0.139200 0.818008 0.575205 0.001400 0.595400 0.323400 1 0 1.000000
  0 2.239900 0.430200 -0.580800 0.658065 0.752960 0.001100 0.403300 0.323400 1 0 1.000000
  0 1.290700 0.511500 -0.363600 0.085404 0.996346 0.000100 0.497800 0.319200 1 0 1.000000
handle_uvw
  0 -0.018100 4.060700 -0.544500 0.825458 0.564371 0.010199 0.419200 0.127800 1 0 1.000000
  0 -0.019300 4.060700 -0.189000 0.799602 0.600502 -0.005800 0.573700 0.127800 1 0 1.000000
  0 0.131300 0.846400 -0.367600 0.998907 0.046600 0.003500 0.496100 0.301400 1 0 1.000000
handle_uvw
  0 -0.018100 4.060700 -0.544500 0.825458 0.564371 0.010199 0.419200 0.127800 1 0 1.000000
  0 -1.297800 5.155700 -0.860900 0.554906 0.831909 -0.002600 0.281600 0.068900 1 0 1.000000
  0 -0.019300 4.060700 -0.189000 0.799602 0.600502 -0.005800 0.573700 0.127800 1 0 1.000000
handle_uvw
  0 -1.297800 5.155700 -0.860900 0.554906 0.831909 -0.002600 0.281600 0.068900 1 0 1.000000
  0 -0.018100 4.060700 -0.544500 0.825458 0.564371 0.010199 0.419200 0.127800 1 0 1.000000
  0 0.026400 4.020400 -0.856200 0.745027 0.666725 0.020301 0.283600 0.130000 1 0 1.000000
handle_uvw
  0 -0.018100 4.060700 -0.544500 0.825458 0.564371 0.010199 0.419200 0.127800 1 0 1.000000
  0 0.797900 2.887100 -0.853500 0.919230 0.393313 0.017901 0.284800 0.191000 1 0 1.000000
  0 0.026400 4.020400 -0.856200 0.745027 0.666725 0.020301 0.283600 0.130000 1 0 1.000000
handle_uvw
  0 -0.018100 4.060700 -0.544500 0.825458 0.564371 0.010199 0.419200 0.127800 1 0 1.000000
  0 0.797000 2.887100 -0.586400 0.980177 0.198095 0.003400 0.400900 0.191000 1 0 1.000000
  0 0.797900 2.887100 -0.853500 0.919230 0.393313 0.017901 0.284800 0.191000 1 0 1.000000
handle_uvw
  0 0.797000 2.887100 -0.586400 0.980177 0.198095 0.003400 0.400900 0.191000 1 0 1.000000
  0 0.797900 2.098500 -0.853500 0.995001 0.099800 0.003500 0.284800 0.233600 1 0 1.000000
  0 0.797900 2.887100 -0.853500 0.919230 0.393313 0.017901 0.284800 0.191000 1 0 1.000000
handle_uvw
  0 0.797000 2.887100 -0.586400 0.980177 0.198095 0.003400 0.400900 0.191000 1 0 1.000000
  0 0.797000 2.098500 -0.586400 0.979873 0.199594 0.003400 0.400900 0.233600 1 0 1.000000
  0 0.797900 2.098500 -0.853500 0.995001 0.099800 0.003500 0.284800 0.233600 1 0 1.000000
handle_uvw
  0 0.797000 2.098500 -0.586400 0.979873 0.199594 0.003400 0.400900 0.233600 1 0 1.000000
  0 0.992301 1.471900 -0.852900 0.908078 0.418790 0.003200 0.285100 0.267400 1 0 1.000000
  0 0.797900 2.098500 -0.853500 0.995001 0.099800 0.003500 0.284800 0.233600 1 0 1.000000
handle_uvw
  0 0.797000 2.098500 -0.586400 0.979873 0.199594 0.003400 0.400900 0.233600 1 0 1.000000
  0 0.991400 1.471900 -0.585700 0.844283 0.535889 0.002900 0.401200 0.267400 1 0 1.000000
  0 0.992301 1.471900 -0.852900 0.908078 0.418790 0.003200 0.285100 0.267400 1 0 1.000000
handle_uvw
  0 0.991400 1.471900 -0.585700 0.844283 0.535889 0.002900 0.401200 0.267400 1 0 1.000000
  0 1.435300 0.942600 -0.851300 0.690616 0.723217 0.002400 0.285700 0.295900 1 0 1.000000
  0 0.992301 1.471900 -0.852900 0.908078 0.418790 0.003200 0.285100 0.267400 1 0 1.000000
handle_uvw
  0 0.991400 1.471900 -0.585700 0.844283 0.535889 0.002900 0.401200 0.267400 1 0 1.000000
  0 1.434300 0.942600 -0.584200 0.604613 0.796517 0.002100 0.401900 0.295900 1 0 1.000000
  0 1.435300 0.942600 -0.851300 0.690616 0.723217 0.002400 0.285700 0.295900 1 0 1.000000
handle_uvw
  0 1.434300 0.942600 -0.584200 0.604613 0.796517 0.002100 0.401900 0.295900 1 0 1.000000
  0 1.997000 0.607700 -0.849400 0.389183 0.921159 0.001400 0.286600 0.313900 1 0 1.000000
  0 1.435300 0.942600 -0.851300 0.690616 0.723217 0.002400 0.285700 0.295900 1 0 1.000000
handle_uvw
  0 1.434300 0.942600 -0.584200 0.604613 0.796517 0.002100 0.401900 0.295900 1 0 1.000000
  0 1.996100 0.607700 -0.582200 0.256393 0.966572 0.001000 0.402800 0.313900 1 0 1.000000
  0 1.997000 0.607700 -0.849400 0.389183 0.921159 0.001400 0.286600 0.313900 1 0 1.000000
handle_uvw
  0 1.996100 0.607700 -0.582200 0.256393 0.966572 0.001000 0.402800 0.313900 1 0 1.000000
  0 2.439900 0.553700 -0.847800 0.748885 0.662687 0.004100 0.287300 0.316700 1 0 1.000000
  0 1.997000 0.607700 -0.849400 0.389183 0.921159 0.001400 0.286600 0.313900 1 0 1.000000
handle_uvw
  0 1.996100 0.607700 -0.582200 0.256393 0.966572 0.001000 0.402800 0.313900 1 0 1.000000
  0 2.438200 0.553700 -0.580800 0.748745 0.662840 0.004800 0.403300 0.316700 1 0 1.000000
  0 2.439900 0.553700 -0.847800 0.748885 0.662687 0.004100 0.287300 0.316700 1 0 1.000000
handle_uvw
  0 2.438200 0.553700 -0.580800 0.748745 0.662840 0.004800 0.403300 0.316700 1 0 1.000000
  0 2.438200 0.173400 -0.580800 0.999985 -0.000300 0.005500 0.403300 0.337300 1 0 1.000000
  0 2.439900 0.553700 -0.847800 0.748885 0.662687 0.004100 0.287300 0.316700 1 0 1.000000
handle_uvw
  0 2.439900 0.553700 -0.847800 0.748885 0.662687 0.004100 0.287300 0.316700 1 0 1.000000
  0 2.438200 0.173400 -0.580800 0.999985 -0.000300 0.005500 0.403300 0.337300 1 0 1.000000
  0 2.440500 0.344700 -1.032800 0.999987 -0.000400 0.005000 0.206800 0.328000 1 0 1.000000
handle_uvw
  0 2.440500 0.344700 -1.032800 0.999987 -0.000400 0.005000 0.206800 0.328000 1 0 1.000000
  0 2.438200 0.173400 -0.580800 0.999985 -0.000300 0.005500 0.403300 0.337300 1 0 1.000000
  0 2.440700 0.198300 -1.052200 0.999986 0.000200 0.005300 0.198400 0.335900 1 0 1.000000
handle_uvw
  0 2.434600 0.344700 0.317200 0.896092 0.056199 0.440296 0.793800 0.328000 1 0 1.000000
  0 1.894700 0.417800 0.330900 0.043100 0.131301 0.990405 0.799800 0.324200 1 0 1.000000
  0 2.434800 0.198300 0.336500 0.720183 0.091798 0.687684 0.802200 0.335900 1 0 1.000000
handle_uvw
  0 2.437400 0.173600 -0.138500 0.999985 -0.001000 0.005400 0.595700 0.337300 1 0 1.000000
  0 2.434600 0.344700 0.317200 0.896092 0.056199 0.440296 0.793800 0.328000 1 0 1.000000
  0 2.434800 0.198300 0.336500 0.720183 0.091798 0.687684 0.802200 0.335900 1 0 1.000000
handle_uvw
  0 2.437400 0.173600 -0.138500 0.999985 -0.001000 0.005400 0.595700 0.337300 1 0 1.000000
  0 2.436400 0.553700 0.212700 0.749497 0.661997 0.003800 0.748400 0.316700 1 0 1.000000
  0 2.434600 0.344700 0.317200 0.896092 0.056199 0.440296 0.793800 0.328000 1 0 1.000000
handle_uvw
  0 2.437400 0.553700 -0.138500 0.748703 0.662902 0.002100 0.595700 0.316700 1 0 1.000000
  0 2.436400 0.553700 0.212700 0.749497 0.661997 0.003800 0.748400 0.316700 1 0 1.000000
  0 2.437400 0.173600 -0.138500 0.999985 -0.001000 0.005400 0.595700 0.337300 1 0 1.000000
handle_uvw
  0 1.994500 0.607700 -0.140000 0.256299 0.966597 0.000700 0.595000 0.313900 1 0 1.000000
  0 2.436400 0.553700 0.212700 0.749497 0.661997 0.003800 0.748400 0.316700 1 0 1.000000
  0 2.437400 0.553700 -0.138500 0.748703 0.662902 0.002100 0.595700 0.316700 1 0 1.000000
handle_uvw
  0 1.994500 0.607700 -0.140000 0.256299 0.966597 0.000700 0.595000 0.313900 1 0 1.000000
  0 1.993500 0.607700 0.211200 0.389183 0.921160 0.001100 0.747700 0.313900 1 0 1.000000
  0 2.436400 0.553700 0.212700 0.749497 0.661997 0.003800 0.748400 0.316700 1 0 1.000000
handle_uvw
  0 1.432800 0.942600 -0.142000 0.604613 0.796517 0.001700 0.594200 0.295900 1 0 1.000000
  0 1.993500 0.607700 0.211200 0.389183 0.921160 0.001100 0.747700 0.313900 1 0 1.000000
  0 1.994500 0.607700 -0.140000 0.256299 0.966597 0.000700 0.595000 0.313900 1 0 1.000000
handle_uvw
  0 1.432800 0.942600 -0.142000 0.604613 0.796517 0.001700 0.594200 0.295900 1 0 1.000000
  0 1.431800 0.942600 0.209200 0.690567 0.723265 0.002100 0.746900 0.295900 1 0 1.000000
  0 1.993500 0.607700 0.211200 0.389183 0.921160 0.001100 0.747700 0.313900 1 0 1.000000
handle_uvw
  0 0.989900 1.471900 -0.143500 0.844209 0.536006 0.002800 0.593500 0.267400 1 0 1.000000
  0 1.431800 0.942600 0.209200 0.690567 0.723265 0.002100 0.746900 0.295900 1 0 1.000000
  0 1.432800 0.942600 -0.142000 0.604613 0.796517 0.001700 0.594200 0.295900 1 0 1.000000
handle_uvw
  0 0.989900 1.471900 -0.143500 0.844209 0.536006 0.002800 0.593500 0.267400 1 0 1.000000
  0 0.988900 1.471900 0.135700 0.908022 0.418910 0.003200 0.714900 0.267400 1 0 1.000000
  0 1.431800 0.942600 0.209200 0.690567 0.723265 0.002100 0.746900 0.295900 1 0 1.000000
handle_uvw
  0 0.795400 2.098500 -0.144200 0.979873 0.199594 0.003400 0.593200 0.233600 1 0 1.000000
  0 0.988900 1.471900 0.135700 0.908022 0.418910 0.003200 0.714900 0.267400 1 0 1.000000
  0 0.989900 1.471900 -0.143500 0.844209 0.536006 0.002800 0.593500 0.267400 1 0 1.000000
handle_uvw
  0 0.795400 2.098500 -0.144200 0.979873 0.199594 0.003400 0.593200 0.233600 1 0 1.000000
  0 0.794400 2.098500 0.135100 0.995077 0.099098 0.001300 0.714600 0.233600 1 0 1.000000
  0 0.988900 1.471900 0.135700 0.908022 0.418910 0.003200 0.714900 0.267400 1 0 1.000000
handle_uvw
  0 0.795400 2.887100 -0.144200 0.980341 0.197308 -0.000600 0.593200 0.191000 1 0 1.000000
  0 0.794400 2.098500 0.135100 0.995077 0.099098 0.001300 0.714600 0.233600 1 0 1.000000
  0 0.795400 2.098500 -0.144200 0.979873 0.199594 0.003400 0.593200 0.233600 1 0 1.000000
handle_uvw
  0 0.795400 2.887100 -0.144200 0.980341 0.197308 -0.000600 0.593200 0.191000 1 0 1.000000
  0 0.796200 2.887100 0.135100 0.919392 0.393097 -0.013900 0.714600 0.191000 1 0 1.000000
  0 0.794400 2.098500 0.135100 0.995077 0.099098 0.001300 0.714600 0.233600 1 0 1.000000
handle_uvw
  0 -0.019300 4.060700 -0.189000 0.799602 0.600502 -0.005800 0.573700 0.127800 1 0 1.000000
  0 0.796200 2.887100 0.135100 0.919392 0.393097 -0.013900 0.714600 0.191000 1 0 1.000000
  0 0.795400 2.887100 -0.144200 0.980341 0.197308 -0.000600 0.593200 0.191000 1 0 1.000000
handle_uvw
  0 -0.019300 4.060700 -0.189000 0.799602 0.600502 -0.005800 0.573700 0.127800 1 0 1.000000
  0 0.024800 4.020400 0.204300 0.745796 0.665996 -0.015400 0.744700 0.130000 1 0 1.000000
  0 0.796200 2.887100 0.135100 0.919392 0.393097 -0.013900 0.714600 0.191000 1 0 1.000000
handle_uvw
  0 -0.019300 4.060700 -0.189000 0.799602 0.600502 -0.005800 0.573700 0.127800 1 0 1.000000
  0 -1.288700 5.155700 0.119300 0.572797 0.819695 -0.001900 0.707800 0.068900 1 0 1.000000
  0 0.024800 4.020400 0.204300 0.745796 0.665996 -0.015400 0.744700 0.130000 1 0 1.000000
handle_uvw
  0 -0.019300 4.060700 -0.189000 0.799602 0.600502 -0.005800 0.573700 0.127800 1 0 1.000000
  0 -1.297800 5.155700 -0.860900 0.554906 0.831909 -0.002600 0.281600 0.068900 1 0 1.000000
  0 -1.288700 5.155700 0.119300 0.572797 0.819695 -0.001900 0.707800 0.068900 1 0 1.000000
handle_uvw
  0 -2.647900 5.739000 0.142700 0.325691 0.945475 -0.001300 0.718000 0.037700 1 0 1.000000
  0 -1.288700 5.155700 0.119300 0.572797 0.819695 -0.001900 0.707800 0.068900 1 0 1.000000
  0 -1.297800 5.155700 -0.860900 0.554906 0.831909 -0.002600 0.281600 0.068900 1 0 1.000000
handle_uvw
  0 -2.647900 5.739000 0.142700 0.325691 0.945475 -0.001300 0.718000 0.037700 1 0 1.000000
  0 -1.297800 5.155700 -0.860900 0.554906 0.831909 -0.002600 0.281600 0.068900 1 0 1.000000
  0 -2.648200 5.739000 -0.865600 0.254188 0.967155 -0.000100 0.279500 0.037700 1 0 1.000000
handle_uvw
  0 -4.117100 6.009100 0.147700 0.071901 0.997412 0.000000 0.720200 0.023400 1 0 1.000000
  0 -2.647900 5.739000 0.142700 0.325691 0.945475 -0.001300 0.718000 0.037700 1 0 1.000000
  0 -2.648200 5.739000 -0.865600 0.254188 0.967155 -0.000100 0.279500 0.037700 1 0 1.000000
handle_uvw
  0 -4.117100 6.009100 0.147700 0.071901 0.997412 0.000000 0.720200 0.023400 1 0 1.000000
  0 -2.648200 5.739000 -0.865600 0.254188 0.967155 -0.000100 0.279500 0.037700 1 0 1.000000
  0 -4.117300 6.009100 -0.870700 -0.039401 0.999223 -0.000100 0.277300 0.023400 1 0 1.000000
handle_uvw
  0 -4.907701 5.890300 0.150000 -0.362702 0.931905 -0.000500 0.721200 0.029900 1 0 1.000000
  0 -4.117100 6.009100 0.147700 0.071901 0.997412 0.000000 0.720200 0.023400 1 0 1.000000
  0 -4.117300 6.009100 -0.870700 -0.039401 0.999223 -0.000100 0.277300 0.023400 1 0 1.000000
handle_uvw
  0 -4.907701 5.890300 0.150000 -0.362702 0.931905 -0.000500 0.721200 0.029900 1 0 1.000000
  0 -4.117300 6.009100 -0.870700 -0.039401 0.999223 -0.000100 0.277300 0.023400 1 0 1.000000
  0 -4.905900 5.890300 -0.873500 -0.562384 0.826876 0.000900 0.276100 0.029900 1 0 1.000000
handle_uvw
  0 -5.074900 5.708600 0.131300 -0.830230 0.557420 0.000600 0.713000 0.039800 1 0 1.000000
  0 -4.907701 5.890300 0.150000 -0.362702 0.931905 -0.000500 0.721200 0.029900 1 0 1.000000
  0 -4.905900 5.890300 -0.873500 -0.562384 0.826876 0.000900 0.276100 0.029900 1 0 1.000000
handle_uvw
  0 -5.074900 5.708600 0.131300 -0.830230 0.557420 0.000600 0.713000 0.039800 1 0 1.000000
  0 -4.905900 5.890300 -0.873500 -0.562384 0.826876 0.000900 0.276100 0.029900 1 0 1.000000
  0 -5.070900 5.718700 -0.843200 -0.910965 0.412484 0.000300 0.289300 0.039200 1 0 1.000000
handle_uvw
  0 -5.070900 5.718700 -0.843200 -0.910965 0.412484 0.000300 0.289300 0.039200 1 0 1.000000
  0 -5.135300 5.480200 0.148500 -0.985303 0.170801 -0.002100 0.720500 0.052100 1 0 1.000000
  0 -5.074900 5.708600 0.131300 -0.830230 0.557420 0.000600 0.713000 0.039800 1 0 1.000000
handle_uvw
  0 -5.070900 5.718700 -0.843200 -0.910965 0.412484 0.000300 0.289300 0.039200 1 0 1.000000
  0 -5.132400 5.483400 -0.873800 -0.996386 0.084899 -0.002800 0.276000 0.052000 1 0 1.000000
  0 -5.135300 5.480200 0.148500 -0.985303 0.170801 -0.002100 0.720500 0.052100 1 0 1.000000
handle_uvw
  0 -5.135300 5.480200 0.148500 -0.985303 0.170801 -0.002100 0.720500 0.052100 1 0 1.000000
  0 -5.132400 5.483400 -0.873800 -0.996386 0.084899 -0.002800 0.276000 0.052000 1 0 1.000000
  0 -5.135600 3.718900 0.148800 -0.987845 -0.155407 -0.003200 0.720600 0.147200 1 0 1.000000
handle_uvw
  0 -5.132400 5.483400 -0.873800 -0.996386 0.084899 -0.002800 0.276000 0.052000 1 0 1.000000
  0 -5.132100 3.718900 -0.873900 -0.987845 -0.155407 -0.003400 0.275900 0.147200 1 0 1.000000
  0 -5.135600 3.718900 0.148800 -0.987845 -0.155407 -0.003200 0.720600 0.147200 1 0 1.000000
handle_uvw
  0 -5.024100 3.384000 -0.873600 -0.823300 -0.567600 -0.002800 0.276000 0.165300 1 0 1.000000
  0 -5.135600 3.718900 0.148800 -0.987845 -0.155407 -0.003200 0.720600 0.147200 1 0 1.000000
  0 -5.132100 3.718900 -0.873900 -0.987845 -0.155407 -0.003400 0.275900 0.147200 1 0 1.000000
handle_uvw
  0 -5.024100 3.384000 -0.873600 -0.823300 -0.567600 -0.002800 0.276000 0.165300 1 0 1.000000
  0 -5.027600 3.384000 0.148500 -0.602220 -0.798327 -0.002000 0.720500 0.165300 1 0 1.000000
  0 -5.135600 3.718900 0.148800 -0.987845 -0.155407 -0.003200 0.720600 0.147200 1 0 1.000000
handle_uvw
  0 -4.732400 3.276000 -0.872900 -0.153492 -0.988150 -0.000500 0.276400 0.171100 1 0 1.000000
  0 -5.027600 3.384000 0.148500 -0.602220 -0.798327 -0.002000 0.720500 0.165300 1 0 1.000000
  0 -5.024100 3.384000 -0.873600 -0.823300 -0.567600 -0.002800 0.276000 0.165300 1 0 1.000000
handle_uvw
  0 -4.732400 3.276000 -0.872900 -0.153492 -0.988150 -0.000500 0.276400 0.171100 1 0 1.000000
  0 -4.735900 3.276000 0.147800 0.055199 -0.998475 0.000200 0.720200 0.171100 1 0 1.000000
  0 -5.027600 3.384000 0.148500 -0.602220 -0.798327 -0.002000 0.720500 0.165300 1 0 1.000000
handle_uvw
  0 -4.030300 3.459600 -0.871100 0.154304 -0.988023 0.000500 0.277200 0.161000 1 0 1.000000
  0 -4.735900 3.276000 0.147800 0.055199 -0.998475 0.000200 0.720200 0.171100 1 0 1.000000
  0 -4.732400 3.276000 -0.872900 -0.153492 -0.988150 -0.000500 0.276400 0.171100 1 0 1.000000
handle_uvw
  0 -4.030300 3.459600 -0.871100 0.154304 -0.988023 0.000500 0.277200 0.161000 1 0 1.000000
  0 -4.033700 3.459600 0.146000 0.052900 -0.998600 0.000200 0.719400 0.161000 1 0 1.000000
  0 -4.735900 3.276000 0.147800 0.055199 -0.998475 0.000200 0.720200 0.171100 1 0 1.000000
handle_uvw
  0 -2.679900 3.394800 -0.867600 -0.196001 -0.980603 -0.000700 0.278700 0.164300 1 0 1.000000
  0 -4.033700 3.459600 0.146000 0.052900 -0.998600 0.000200 0.719400 0.161000 1 0 1.000000
  0 -4.030300 3.459600 -0.871100 0.154304 -0.988023 0.000500 0.277200 0.161000 1 0 1.000000
handle_uvw
  0 -2.679900 3.394800 -0.867600 -0.196001 -0.980603 -0.000700 0.278700 0.164300 1 0 1.000000
  0 -2.683400 3.394800 0.142500 -0.340811 -0.940131 0.000600 0.717900 0.164300 1 0 1.000000
  0 -4.033700 3.459600 0.146000 0.052900 -0.998600 0.000200 0.719400 0.161000 1 0 1.000000
handle_uvw
  0 -1.967000 3.005900 -0.865800 -0.712083 -0.702083 0.004200 0.279400 0.185100 1 0 1.000000
  0 -2.683400 3.394800 0.142500 -0.340811 -0.940131 0.000600 0.717900 0.164300 1 0 1.000000
  0 -2.679900 3.394800 -0.867600 -0.196001 -0.980603 -0.000700 0.278700 0.164300 1 0 1.000000
handle_uvw
  0 -1.967000 3.005900 -0.865800 -0.712083 -0.702083 0.004200 0.279400 0.185100 1 0 1.000000
  0 -1.959100 3.005900 0.140700 -0.710786 -0.703386 0.005500 0.717100 0.185100 1 0 1.000000
  0 -2.683400 3.394800 0.142500 -0.340811 -0.940131 0.000600 0.717900 0.164300 1 0 1.000000
handle_uvw
  0 -1.967000 3.005900 -0.865800 -0.712083 -0.702083 0.004200 0.279400 0.185100 1 0 1.000000
  0 -1.710700 2.530600 0.092700 -0.942401 -0.334400 0.007600 0.696200 0.210800 1 0 1.000000
  0 -1.959100 3.005900 0.140700 -0.710786 -0.703386 0.005500 0.717100 0.185100 1 0 1.000000
handle_uvw
  0 -1.967000 3.005900 -0.865800 -0.712083 -0.702083 0.004200 0.279400 0.185100 1 0 1.000000
  0 -1.718500 2.530600 -0.865200 -0.979761 -0.200092 0.005600 0.279700 0.210800 1 0 1.000000
  0 -1.710700 2.530600 0.092700 -0.942401 -0.334400 0.007600 0.696200 0.210800 1 0 1.000000
handle_uvw
  0 -1.718500 2.530600 -0.865200 -0.979761 -0.200092 0.005600 0.279700 0.210800 1 0 1.000000
  0 -1.674000 1.904000 0.259600 -0.986220 0.165403 0.003500 0.768800 0.244600 1 0 1.000000
  0 -1.710700 2.530600 0.092700 -0.942401 -0.334400 0.007600 0.696200 0.210800 1 0 1.000000
handle_uvw
  0 -1.718500 2.530600 -0.865200 -0.979761 -0.200092 0.005600 0.279700 0.210800 1 0 1.000000
  0 -1.675300 1.904000 -1.047100 -0.918984 0.394293 0.000500 0.200600 0.244600 1 0 1.000000
  0 -1.674000 1.904000 0.259600 -0.986220 0.165403 0.003500 0.768800 0.244600 1 0 1.000000
handle_uvw
  0 -1.914100 1.580000 0.054100 -0.743140 0.669136 0.000100 0.679400 0.262100 1 0 1.000000
  0 -1.674000 1.904000 0.259600 -0.986220 0.165403 0.003500 0.768800 0.244600 1 0 1.000000
  0 -1.675300 1.904000 -1.047100 -0.918984 0.394293 0.000500 0.200600 0.244600 1 0 1.000000
handle_uvw
  0 -1.914100 1.580000 0.054100 -0.743140 0.669136 0.000100 0.679400 0.262100 1 0 1.000000
  0 -1.675300 1.904000 -1.047100 -0.918984 0.394293 0.000500 0.200600 0.244600 1 0 1.000000
  0 -1.913800 1.580000 -0.796100 -0.674592 0.738191 -0.000700 0.309700 0.262100 1 0 1.000000
handle_uvw
  0 -2.520600 1.126200 -0.179000 -0.686464 0.727162 -0.001300 0.578100 0.286800 1 0 1.000000
  0 -1.914100 1.580000 0.054100 -0.743140 0.669136 0.000100 0.679400 0.262100 1 0 1.000000
  0 -1.913800 1.580000 -0.796100 -0.674592 0.738191 -0.000700 0.309700 0.262100 1 0 1.000000
handle_uvw
  0 -2.520600 1.126200 -0.179000 -0.686464 0.727162 -0.001300 0.578100 0.286800 1 0 1.000000
  0 -1.913800 1.580000 -0.796100 -0.674592 0.738191 -0.000700 0.309700 0.262100 1 0 1.000000
  0 -2.519600 1.126200 -0.563000 -0.765014 0.644012 -0.001000 0.411100 0.286800 1 0 1.000000
handle_uvw
  0 -2.713800 0.834600 -0.178300 -0.922792 0.385297 -0.000300 0.578400 0.302500 1 0 1.000000
  0 -2.520600 1.126200 -0.179000 -0.686464 0.727162 -0.001300 0.578100 0.286800 1 0 1.000000
  0 -2.519600 1.126200 -0.563000 -0.765014 0.644012 -0.001000 0.411100 0.286800 1 0 1.000000
handle_uvw
  0 -2.713800 0.834600 -0.178300 -0.922792 0.385297 -0.000300 0.578400 0.302500 1 0 1.000000
  0 -2.519600 1.126200 -0.563000 -0.765014 0.644012 -0.001000 0.411100 0.286800 1 0 1.000000
  0 -2.714000 0.834600 -0.563700 -0.980542 0.196308 0.000700 0.410800 0.302500 1 0 1.000000
handle_uvw
  0 -2.714000 0.834600 -0.563700 -0.980542 0.196308 0.000700 0.410800 0.302500 1 0 1.000000
  0 -2.724600 -0.926300 -0.178300 -0.977333 -0.211707 -0.000100 0.578400 0.397600 1 0 1.000000
  0 -2.713800 0.834600 -0.178300 -0.922792 0.385297 -0.000300 0.578400 0.302500 1 0 1.000000
handle_uvw
  0 -2.714000 0.834600 -0.563700 -0.980542 0.196308 0.000700 0.410800 0.302500 1 0 1.000000
  0 -2.724800 -0.926300 -0.563800 -0.977204 -0.212301 0.000600 0.410800 0.397600 1 0 1.000000
  0 -2.724600 -0.926300 -0.178300 -0.977333 -0.211707 -0.000100 0.578400 0.397600 1 0 1.000000
handle_uvw
  0 -2.519600 -1.369200 -0.563000 -0.822246 -0.569132 -0.001100 0.411100 0.421500 1 0 1.000000
  0 -2.724600 -0.926300 -0.178300 -0.977333 -0.211707 -0.000100 0.578400 0.397600 1 0 1.000000
  0 -2.724800 -0.926300 -0.563800 -0.977204 -0.212301 0.000600 0.410800 0.397600 1 0 1.000000
handle_uvw
  0 -2.519600 -1.369200 -0.563000 -0.822246 -0.569132 -0.001100 0.411100 0.421500 1 0 1.000000
  0 -2.520600 -1.369200 -0.179000 -0.691373 -0.722072 0.024799 0.578100 0.421500 1 0 1.000000
  0 -2.724600 -0.926300 -0.178300 -0.977333 -0.211707 -0.000100 0.578400 0.397600 1 0 1.000000
handle_uvw
  0 -2.152200 -1.628500 -0.595600 -0.421112 -0.906426 0.032501 0.396900 0.435400 1 0 1.000000
  0 -2.520600 -1.369200 -0.179000 -0.691373 -0.722072 0.024799 0.578100 0.421500 1 0 1.000000
  0 -2.519600 -1.369200 -0.563000 -0.822246 -0.569132 -0.001100 0.411100 0.421500 1 0 1.000000
handle_uvw
  0 0.397200 0.014400 0.324300 0.999999 0.000000 0.001200 0.796900 0.346200 1 0 1.000000
  0 0.398800 -3.151600 -1.039900 0.707106 -0.707106 0.000900 0.203700 0.517200 1 0 1.000000
  0 0.398800 0.014400 -1.039900 0.999999 0.000000 0.001200 0.203700 0.346200 1 0 1.000000
handle_uvw
  0 0.397200 0.014400 0.324300 0.999999 0.000000 0.001200 0.796900 0.346200 1 0 1.000000
  0 0.397200 -3.151600 0.324300 0.707106 -0.707106 0.000900 0.796900 0.517200 1 0 1.000000
  0 0.398800 -3.151600 -1.039900 0.707106 -0.707106 0.000900 0.203700 0.517200 1 0 1.000000
handle_uvw
  0 0.398800 -3.151600 -1.039900 0.707106 -0.707106 0.000900 0.203700 0.517200 1 0 1.000000
  0 0.397200 -3.151600 0.324300 0.707106 -0.707106 0.000900 0.796900 0.517200 1 0 1.000000
  0 -0.543000 -3.151600 0.327600 -0.117706 -0.993048 -0.000200 0.798300 0.517400 1 0 1.000000
handle_uvw
  0 0.398800 -3.151600 -1.039900 0.707106 -0.707106 0.000900 0.203700 0.517200 1 0 1.000000
  0 -0.543000 -3.151600 0.327600 -0.117706 -0.993048 -0.000200 0.798300 0.517400 1 0 1.000000
  0 -0.541200 -3.151600 -1.043200 -0.235305 -0.971921 -0.000300 0.202300 0.517400 1 0 1.000000
handle_uvw
  0 -0.541200 -3.151600 -1.043200 -0.235305 -0.971921 -0.000300 0.202300 0.517400 1 0 1.000000
  0 -0.543000 -3.151600 0.327600 -0.117706 -0.993048 -0.000200 0.798300 0.517400 1 0 1.000000
  0 -0.833900 -3.043600 0.328600 -0.612312 -0.790616 -0.000600 0.798800 0.511600 1 0 1.000000
handle_uvw
  0 -0.541200 -3.151600 -1.043200 -0.235305 -0.971921 -0.000300 0.202300 0.517400 1 0 1.000000
  0 -0.833900 -3.043600 0.328600 -0.612312 -0.790616 -0.000600 0.798800 0.511600 1 0 1.000000
  0 -0.832400 -3.043600 -1.044200 -0.612201 -0.790702 -0.000600 0.201900 0.511600 1 0 1.000000
handle_uvw
  0 -1.005500 -2.795200 -1.044800 -0.901162 -0.433482 -0.000900 0.201600 0.498200 1 0 1.000000
  0 -0.832400 -3.043600 -1.044200 -0.612201 -0.790702 -0.000600 0.201900 0.511600 1 0 1.000000
  0 -0.833900 -3.043600 0.328600 -0.612312 -0.790616 -0.000600 0.798800 0.511600 1 0 1.000000
handle_uvw
  0 -1.005500 -2.795200 -1.044800 -0.901162 -0.433482 -0.000900 0.201600 0.498200 1 0 1.000000
  0 -0.833900 -3.043600 0.328600 -0.612312 -0.790616 -0.000600 0.798800 0.511600 1 0 1.000000
  0 -1.006800 -2.795200 0.329200 -0.959911 -0.280303 -0.000900 0.799000 0.498200 1 0 1.000000
handle_uvw
  0 -1.102700 -2.017400 -1.045100 -0.892216 -0.451608 -0.000800 0.201500 0.456200 1 0 1.000000
  0 -1.005500 -2.795200 -1.044800 -0.901162 -0.433482 -0.000900 0.201600 0.498200 1 0 1.000000
  0 -1.006800 -2.795200 0.329200 -0.959911 -0.280303 -0.000900 0.799000 0.498200 1 0 1.000000
handle_uvw
  0 -1.102700 -2.017400 -1.045100 -0.892216 -0.451608 -0.000800 0.201500 0.456200 1 0 1.000000
  0 -1.006800 -2.795200 0.329200 -0.959911 -0.280303 -0.000900 0.799000 0.498200 1 0 1.000000
  0 -1.103900 -2.017400 0.329500 -0.892277 -0.451488 -0.000700 0.799200 0.456200 1 0 1.000000
handle_uvw
  0 -1.102700 -2.017400 -1.045100 -0.892216 -0.451608 -0.000800 0.201500 0.456200 1 0 1.000000
  0 -1.103900 -2.017400 0.329500 -0.892277 -0.451488 -0.000700 0.799200 0.456200 1 0 1.000000
  0 -1.309200 -1.822900 0.285500 -0.578131 -0.815944 -0.000500 0.780100 0.445800 1 0 1.000000
handle_uvw
  0 -1.308300 -1.822900 -0.955700 -0.454678 -0.890656 -0.000300 0.240400 0.445800 1 0 1.000000
  0 -1.102700 -2.017400 -1.045100 -0.892216 -0.451608 -0.000800 0.201500 0.456200 1 0 1.000000
  0 -1.309200 -1.822900 0.285500 -0.578131 -0.815944 -0.000500 0.780100 0.445800 1 0 1.000000
handle_uvw
  0 -1.308300 -1.822900 -0.955700 -0.454678 -0.890656 -0.000300 0.240400 0.445800 1 0 1.000000
  0 -1.309200 -1.822900 0.285500 -0.578131 -0.815944 -0.000500 0.780100 0.445800 1 0 1.000000
  0 -1.655300 -1.704100 0.005300 -0.274708 -0.961528 -0.000200 0.658200 0.439400 1 0 1.000000
handle_uvw
  0 -1.308300 -1.822900 -0.955700 -0.454678 -0.890656 -0.000300 0.240400 0.445800 1 0 1.000000
  0 -1.655300 -1.704100 0.005300 -0.274708 -0.961528 -0.000200 0.658200 0.439400 1 0 1.000000
  0 -1.654700 -1.704100 -0.747400 -0.214500 -0.976700 0.006900 0.330900 0.439400 1 0 1.000000
handle_uvw
  0 -1.654700 -1.704100 -0.747400 -0.214500 -0.976700 0.006900 0.330900 0.439400 1 0 1.000000
  0 -1.655300 -1.704100 0.005300 -0.274708 -0.961528 -0.000200 0.658200 0.439400 1 0 1.000000
  0 -2.086200 -1.628500 -0.146400 -0.282106 -0.958822 0.032801 0.592200 0.435400 1 0 1.000000
handle_uvw
  0 -1.654700 -1.704100 -0.747400 -0.214500 -0.976700 0.006900 0.330900 0.439400 1 0 1.000000
  0 -2.086200 -1.628500 -0.146400 -0.282106 -0.958822 0.032801 0.592200 0.435400 1 0 1.000000
  0 -2.152200 -1.628500 -0.595600 -0.421112 -0.906426 0.032501 0.396900 0.435400 1 0 1.000000
handle_uvw
  0 -1.013800 0.679300 0.288800 -0.941322 -0.337508 -0.000800 0.275700 0.061500 1 0 1.000000
  0 -1.235300 1.064000 -1.005200 -0.752168 -0.658971 -0.000600 0.738200 0.095700 1 0 1.000000
  0 -1.012600 0.679300 -1.004400 -0.987598 -0.157000 -0.000900 0.738200 0.061700 1 0 1.000000
handle_uvw
  0 -1.013800 0.679300 0.288800 -0.941322 -0.337508 -0.000800 0.275700 0.061500 1 0 1.000000
  0 -1.236300 1.064000 0.289600 -0.604104 -0.796905 -0.000500 0.275200 0.095500 1 0 1.000000
  0 -1.235300 1.064000 -1.005200 -0.752168 -0.658971 -0.000600 0.738200 0.095700 1 0 1.000000
handle_uvw
  0 -1.236300 1.064000 0.289600 -0.604104 -0.796905 -0.000500 0.275200 0.095500 1 0 1.000000
  0 -1.631200 1.257000 -0.842800 -0.285099 -0.958498 -0.000200 0.679600 0.128800 1 0 1.000000
  0 -1.235300 1.064000 -1.005200 -0.752168 -0.658971 -0.000600 0.738200 0.095700 1 0 1.000000
handle_uvw
  0 -1.236300 1.064000 0.289600 -0.604104 -0.796905 -0.000500 0.275200 0.095500 1 0 1.000000
  0 -1.631800 1.257000 0.100700 -0.119504 -0.992834 -0.000100 0.342200 0.128600 1 0 1.000000
  0 -1.631200 1.257000 -0.842800 -0.285099 -0.958498 -0.000200 0.679600 0.128800 1 0 1.000000
handle_uvw
  0 -1.631800 1.257000 0.100700 -0.119504 -0.992834 -0.000100 0.342200 0.128600 1 0 1.000000
  0 -2.056600 1.237900 -0.687600 0.195693 -0.980665 0.000000 0.623600 0.160400 1 0 1.000000
  0 -1.631200 1.257000 -0.842800 -0.285099 -0.958498 -0.000200 0.679600 0.128800 1 0 1.000000
handle_uvw
  0 -1.631800 1.257000 0.100700 -0.119504 -0.992834 -0.000100 0.342200 0.128600 1 0 1.000000
  0 -2.056800 1.237900 -0.054400 0.345089 -0.938570 0.000500 0.397200 0.160300 1 0 1.000000
  0 -2.056600 1.237900 -0.687600 0.195693 -0.980665 0.000000 0.623600 0.160400 1 0 1.000000
handle_uvw
  0 -2.056800 1.237900 -0.054400 0.345089 -0.938570 0.000500 0.397200 0.160300 1 0 1.000000
  0 -2.441800 1.025100 -0.567000 0.633520 -0.773725 0.001200 0.580000 0.193600 1 0 1.000000
  0 -2.056600 1.237900 -0.687600 0.195693 -0.980665 0.000000 0.623600 0.160400 1 0 1.000000
handle_uvw
  0 -2.056800 1.237900 -0.054400 0.345089 -0.938570 0.000500 0.397200 0.160300 1 0 1.000000
  0 -2.442700 1.025100 -0.175100 0.767614 -0.640912 0.001000 0.439800 0.193600 1 0 1.000000
  0 -2.441800 1.025100 -0.567000 0.633520 -0.773725 0.001200 0.580000 0.193600 1 0 1.000000
handle_uvw
  0 -2.442700 1.025100 -0.175100 0.767614 -0.640912 0.001000 0.439800 0.193600 1 0 1.000000
  0 -2.591300 0.760800 -0.522900 0.941579 -0.336792 0.000500 0.564000 0.216200 1 0 1.000000
  0 -2.441800 1.025100 -0.567000 0.633520 -0.773725 0.001200 0.580000 0.193600 1 0 1.000000
handle_uvw
  0 -2.442700 1.025100 -0.175100 0.767614 -0.640912 0.001000 0.439800 0.193600 1 0 1.000000
  0 -2.591100 0.760800 -0.219100 0.985873 -0.167495 -0.000400 0.455400 0.216100 1 0 1.000000
  0 -2.591300 0.760800 -0.522900 0.941579 -0.336792 0.000500 0.564000 0.216200 1 0 1.000000
handle_uvw
  0 -2.591100 0.760800 -0.219100 0.985873 -0.167495 -0.000400 0.455400 0.216100 1 0 1.000000
  0 -2.589900 -0.825000 -0.522900 0.991076 0.133297 -0.000400 0.564000 0.379100 1 0 1.000000
  0 -2.591300 0.760800 -0.522900 0.941579 -0.336792 0.000500 0.564000 0.216200 1 0 1.000000
handle_uvw
  0 -2.591100 0.760800 -0.219100 0.985873 -0.167495 -0.000400 0.455400 0.216100 1 0 1.000000
  0 -2.589800 -0.825000 -0.219100 0.964277 0.264894 0.000800 0.455400 0.379200 1 0 1.000000
  0 -2.589900 -0.825000 -0.522900 0.991076 0.133297 -0.000400 0.564000 0.379100 1 0 1.000000
handle_uvw
  0 -2.589800 -0.825000 -0.219100 0.964277 0.264894 0.000800 0.455400 0.379200 1 0 1.000000
  0 -2.424800 -1.213800 -0.522300 0.834380 0.551187 0.001500 0.564000 0.413400 1 0 1.000000
  0 -2.589900 -0.825000 -0.522900 0.991076 0.133297 -0.000400 0.564000 0.379100 1 0 1.000000
handle_uvw
  0 -2.589800 -0.825000 -0.219100 0.964277 0.264894 0.000800 0.455400 0.379200 1 0 1.000000
  0 -2.425700 -1.213800 -0.219700 0.715406 0.698706 0.001700 0.455800 0.413400 1 0 1.000000
  0 -2.424800 -1.213800 -0.522300 0.834380 0.551187 0.001500 0.564000 0.413400 1 0 1.000000
handle_uvw
  0 -2.425700 -1.213800 -0.219700 0.715406 0.698706 0.001700 0.455800 0.413400 1 0 1.000000
  0 -2.082800 -1.454800 -0.554800 0.441284 0.897367 0.000700 0.576100 0.446100 1 0 1.000000
  0 -2.424800 -1.213800 -0.522300 0.834380 0.551187 0.001500 0.564000 0.413400 1 0 1.000000
handle_uvw
  0 -2.425700 -1.213800 -0.219700 0.715406 0.698706 0.001700 0.455800 0.413400 1 0 1.000000
  0 -2.083000 -1.454800 -0.187300 0.292792 0.956176 0.001000 0.444600 0.446200 1 0 1.000000
  0 -2.082800 -1.454800 -0.554800 0.441284 0.897367 0.000700 0.576100 0.446100 1 0 1.000000
handle_uvw
  0 -2.083000 -1.454800 -0.187300 0.292792 0.956176 0.001000 0.444600 0.446200 1 0 1.000000
  0 -1.499700 -1.537100 -0.715000 -0.001700 0.999998 -0.000900 0.634100 0.490200 1 0 1.000000
  0 -2.082800 -1.454800 -0.554800 0.441284 0.897367 0.000700 0.576100 0.446100 1 0 1.000000
handle_uvw
  0 -2.083000 -1.454800 -0.187300 0.292792 0.956176 0.001000 0.444600 0.446200 1 0 1.000000
  0 -1.513100 -1.537100 0.016600 -0.143101 0.989707 -0.001000 0.372400 0.489400 1 0 1.000000
  0 -1.499700 -1.537100 -0.715000 -0.001700 0.999998 -0.000900 0.634100 0.490200 1 0 1.000000
handle_uvw
  0 -1.513100 -1.537100 0.016600 -0.143101 0.989707 -0.001000 0.372400 0.489400 1 0 1.000000
  0 -1.060100 -1.407300 -1.045000 -0.626898 0.779097 -0.002600 0.752600 0.523000 1 0 1.000000
  0 -1.499700 -1.537100 -0.715000 -0.001700 0.999998 -0.000900 0.634100 0.490200 1 0 1.000000
handle_uvw
  0 -1.513100 -1.537100 0.016600 -0.143101 0.989707 -0.001000 0.372400 0.489400 1 0 1.000000
  0 -1.061300 -1.407300 0.329400 -0.914495 0.404597 -0.000800 0.261200 0.523200 1 0 1.000000
  0 -1.060100 -1.407300 -1.045000 -0.626898 0.779097 -0.002600 0.752600 0.523000 1 0 1.000000
handle_uvw
  0 -1.061300 -1.407300 0.329400 -0.914495 0.404597 -0.000800 0.261200 0.523200 1 0 1.000000
  0 -1.012600 0.679300 -1.004400 -0.987598 -0.157000 -0.000900 0.738200 0.715300 1 0 1.000000
  0 -1.060100 -1.407300 -1.045000 -0.626898 0.779097 -0.002600 0.752600 0.523000 1 0 1.000000
handle_uvw
  0 -1.061300 -1.407300 0.329400 -0.914495 0.404597 -0.000800 0.261200 0.523200 1 0 1.000000
  0 -1.013800 0.679300 0.288800 -0.941322 -0.337508 -0.000800 0.275700 0.715100 1 0 1.000000
  0 -1.012600 0.679300 -1.004400 -0.987598 -0.157000 -0.000900 0.738200 0.715300 1 0 1.000000
main_side
  0 2.431200 0.199900 -0.128400 0.000000 1.000000 0.000000 0.138200 0.967700 1 0 1.000000
  0 2.616700 0.199900 0.388100 0.000000 1.000000 0.000000 0.085700 0.983400 1 0 1.000000
  0 2.654500 0.199900 0.030500 0.000000 1.000000 0.000000 0.122400 0.987100 1 0 1.000000
main_side
  0 2.047100 0.199900 -1.444800 0.000000 1.000000 0.000000 0.273600 0.926000 1 0 1.000000
  0 2.654500 0.199900 -0.717200 0.000000 1.000000 0.000000 0.199200 0.986800 1 0 1.000000
  0 2.616700 0.199900 -1.074800 0.000000 1.000000 0.000000 0.235800 0.982900 1 0 1.000000
main_side
  0 2.047100 0.199900 -1.444800 0.000000 1.000000 0.000000 0.273600 0.926000 1 0 1.000000
  0 2.431200 0.199900 -0.558200 0.000000 1.000000 0.000000 0.183700 0.967500 1 0 1.000000
  0 2.654500 0.199900 -0.717200 0.000000 1.000000 0.000000 0.199200 0.986800 1 0 1.000000
main_side
  0 2.047100 0.199900 -1.444800 0.000000 1.000000 0.000000 0.273600 0.926000 1 0 1.000000
  0 2.431200 0.199900 -0.128400 0.000000 1.000000 0.000000 0.138200 0.967700 1 0 1.000000
  0 2.431200 0.199900 -0.558200 0.000000 1.000000 0.000000 0.183700 0.967500 1 0 1.000000
main_side
  0 2.047100 0.199900 -1.444800 0.000000 1.000000 0.000000 0.273600 0.926000 1 0 1.000000
  0 2.047100 0.199900 0.758100 0.000000 1.000000 0.000000 0.047500 0.926800 1 0 1.000000
  0 2.431200 0.199900 -0.128400 0.000000 1.000000 0.000000 0.138200 0.967700 1 0 1.000000
main_side
  0 2.047100 0.199900 -1.444800 0.000000 1.000000 0.000000 0.273600 0.926000 1 0 1.000000
  0 1.452800 0.199900 0.880900 0.000000 1.000000 0.000000 0.034700 0.867600 1 0 1.000000
  0 2.047100 0.199900 0.758100 0.000000 1.000000 0.000000 0.047500 0.926800 1 0 1.000000
main_side
  0 2.047100 0.199900 -1.444800 0.000000 1.000000 0.000000 0.273600 0.926000 1 0 1.000000
  0 0.858500 0.199900 0.727200 0.000000 1.000000 0.000000 0.050300 0.808400 1 0 1.000000
  0 1.452800 0.199900 0.880900 0.000000 1.000000 0.000000 0.034700 0.867600 1 0 1.000000
main_side
  0 2.047100 0.199900 -1.444800 0.000000 1.000000 0.000000 0.273600 0.926000 1 0 1.000000
  0 0.423400 0.199900 0.459000 0.000000 1.000000 0.000000 0.077700 0.764900 1 0 1.000000
  0 0.858500 0.199900 0.727200 0.000000 1.000000 0.000000 0.050300 0.808400 1 0 1.000000
main_side
  0 2.047100 0.199900 -1.444800 0.000000 1.000000 0.000000 0.273600 0.926000 1 0 1.000000
  0 0.136900 0.199900 -0.343300 0.000000 1.000000 0.000000 0.159900 0.709500 1 0 1.000000
  0 0.423400 0.199900 0.459000 0.000000 1.000000 0.000000 0.077700 0.764900 1 0 1.000000
main_side
  0 2.047100 0.199900 -1.444800 0.000000 1.000000 0.000000 0.273600 0.926000 1 0 1.000000
  0 0.423400 0.199900 -1.145700 0.000000 1.000000 0.000000 0.242400 0.764400 1 0 1.000000
  0 0.136900 0.199900 -0.343300 0.000000 1.000000 0.000000 0.159900 0.709500 1 0 1.000000
main_side
  0 2.047100 0.199900 -1.444800 0.000000 1.000000 0.000000 0.273600 0.926000 1 0 1.000000
  0 0.858500 0.199900 -1.413900 0.000000 1.000000 0.000000 0.270000 0.807600 1 0 1.000000
  0 0.423400 0.199900 -1.145700 0.000000 1.000000 0.000000 0.242400 0.764400 1 0 1.000000
main_side
  0 2.047100 0.199900 -1.444800 0.000000 1.000000 0.000000 0.273600 0.926000 1 0 1.000000
  0 1.452800 0.199900 -1.567600 0.000000 1.000000 0.000000 0.286000 0.866800 1 0 1.000000
  0 0.858500 0.199900 -1.413900 0.000000 1.000000 0.000000 0.270000 0.807600 1 0 1.000000
main_side
  0 1.906000 -4.796300 -1.192400 0.000000 -1.000000 0.000000 0.250500 0.913400 1 0 1.000000
  0 2.264900 -4.796300 -0.833600 0.000000 -1.000000 0.000000 0.212700 0.950300 1 0 1.000000
  0 2.344500 -4.796300 -0.536500 -0.006400 -0.999979 0.000000 0.181300 0.958600 1 0 1.000000
main_side
  0 1.906000 -4.796300 -1.192400 0.000000 -1.000000 0.000000 0.250500 0.913400 1 0 1.000000
  0 0.925600 -4.796300 -1.192400 0.000000 -1.000000 0.000000 0.250200 0.812700 1 0 1.000000
  0 1.415800 -4.796300 -1.323800 0.000000 -1.000000 0.000000 0.264200 0.863000 1 0 1.000000
main_side
  0 1.906000 -4.796300 -1.192400 0.000000 -1.000000 0.000000 0.250500 0.913400 1 0 1.000000
  0 0.566700 -4.796300 -0.833600 0.000000 -1.000000 0.000000 0.212100 0.776000 1 0 1.000000
  0 0.925600 -4.796300 -1.192400 0.000000 -1.000000 0.000000 0.250200 0.812700 1 0 1.000000
main_side
  0 1.906000 -4.796300 -1.192400 0.000000 -1.000000 0.000000 0.250500 0.913400 1 0 1.000000
  0 0.435300 -4.796300 -0.343300 0.000000 -1.000000 0.000000 0.160200 0.762700 1 0 1.000000
  0 0.566700 -4.796300 -0.833600 0.000000 -1.000000 0.000000 0.212100 0.776000 1 0 1.000000
main_side
  0 1.906000 -4.796300 -1.192400 0.000000 -1.000000 0.000000 0.250500 0.913400 1 0 1.000000
  0 0.566700 -4.796300 0.146900 0.000000 -1.000000 0.000000 0.108500 0.776400 1 0 1.000000
  0 0.435300 -4.796300 -0.343300 0.000000 -1.000000 0.000000 0.160200 0.762700 1 0 1.000000
main_side
  0 1.906000 -4.796300 -1.192400 0.000000 -1.000000 0.000000 0.250500 0.913400 1 0 1.000000
  0 0.925600 -4.796300 0.505700 0.000000 -1.000000 0.000000 0.070700 0.813400 1 0 1.000000
  0 0.566700 -4.796300 0.146900 0.000000 -1.000000 0.000000 0.108500 0.776400 1 0 1.000000
main_side
  0 1.906000 -4.796300 -1.192400 0.000000 -1.000000 0.000000 0.250500 0.913400 1 0 1.000000
  0 1.415800 -4.796300 0.637100 0.000000 -1.000000 0.000000 0.056900 0.863700 1 0 1.000000
  0 0.925600 -4.796300 0.505700 0.000000 -1.000000 0.000000 0.070700 0.813400 1 0 1.000000
main_side
  0 1.906000 -4.796300 -1.192400 0.000000 -1.000000 0.000000 0.250500 0.913400 1 0 1.000000
  0 1.906000 -4.796300 0.505800 0.000000 -1.000000 0.000000 0.071000 0.914000 1 0 1.000000
  0 1.415800 -4.796300 0.637100 0.000000 -1.000000 0.000000 0.056900 0.863700 1 0 1.000000
main_side
  0 1.906000 -4.796300 -1.192400 0.000000 -1.000000 0.000000 0.250500 0.913400 1 0 1.000000
  0 2.264900 -4.796300 0.146900 0.000000 -1.000000 0.000000 0.109100 0.950700 1 0 1.000000
  0 1.906000 -4.796300 0.505800 0.000000 -1.000000 0.000000 0.071000 0.914000 1 0 1.000000
main_side
  0 1.906000 -4.796300 -1.192400 0.000000 -1.000000 0.000000 0.250500 0.913400 1 0 1.000000
  0 2.344500 -4.796300 -0.150200 -0.009600 -0.999954 0.000000 0.140500 0.958800 1 0 1.000000
  0 2.264900 -4.796300 0.146900 0.000000 -1.000000 0.000000 0.109100 0.950700 1 0 1.000000
main_side
  0 1.906000 -4.796300 -1.192400 0.000000 -1.000000 0.000000 0.250500 0.913400 1 0 1.000000
  0 2.344500 -4.796300 -0.536500 -0.006400 -0.999979 0.000000 0.181300 0.958600 1 0 1.000000
  0 2.344500 -4.796300 -0.150200 -0.009600 -0.999954 0.000000 0.140500 0.958800 1 0 1.000000
main_side
  0 2.344500 -4.796300 -0.150200 -0.009600 -0.999954 0.000000 0.140500 0.958800 1 0 1.000000
  0 2.344500 -4.796300 -0.536500 -0.006400 -0.999979 0.000000 0.181300 0.958600 1 0 1.000000
  0 2.717400 -4.803500 -0.536500 -0.019200 -0.999816 0.000000 0.180600 0.993100 1 0 1.000000
main_side
  0 2.717400 -4.803500 -0.536500 -0.019200 -0.999816 0.000000 0.180600 0.993100 1 0 1.000000
  0 2.717401 -4.803500 -0.150200 -0.019200 -0.999816 0.000000 0.141000 0.993300 1 0 1.000000
  0 2.344500 -4.796300 -0.150200 -0.009600 -0.999954 0.000000 0.140500 0.958800 1 0 1.000000
main_side
  0 2.431200 0.199900 -0.128400 0.000000 1.000000 0.000000 0.049400 0.857500 1 0 1.000000
  0 2.047100 0.199900 0.758100 0.000000 1.000000 0.000000 0.072700 0.803100 1 0 1.000000
  0 2.616700 0.199900 0.388100 0.000000 1.000000 0.000000 0.041200 0.827100 1 0 1.000000
main_side
  0 2.517500 0.128600 -0.536500 -0.020100 0.999798 0.000000 0.181400 0.976400 1 0 1.000000
  0 2.517500 0.128600 -0.150200 -0.020100 0.999798 0.000000 0.140600 0.976500 1 0 1.000000
  0 2.717401 0.132600 -0.150200 -0.020100 0.999798 0.000000 0.141000 0.993300 1 0 1.000000
main_side
  0 2.717401 0.132600 -0.150200 -0.020100 0.999798 0.000000 0.141000 0.993300 1 0 1.000000
  0 2.717400 0.132600 -0.536500 -0.020100 0.999798 0.000000 0.180600 0.993100 1 0 1.000000
  0 2.517500 0.128600 -0.536500 -0.020100 0.999798 0.000000 0.181400 0.976400 1 0 1.000000
main_side
  0 -0.375100 -2.492400 -1.153800 0.003500 0.000000 -0.999994 0.541900 0.274100 1 0 1.000000
  0 -0.375100 -1.927500 -1.153800 0.003500 0.000000 -0.999994 0.661200 0.274100 1 0 1.000000
  0 -0.169900 -2.210000 -1.153100 0.003500 0.000000 -0.999994 0.601500 0.319400 1 0 1.000000
main_side
  0 -0.375100 -2.492400 -1.153800 0.003500 0.000000 -0.999994 0.541900 0.274100 1 0 1.000000
  0 -0.707100 -2.035400 -1.155000 0.003500 0.000000 -0.999994 0.638400 0.201000 1 0 1.000000
  0 -0.375100 -1.927500 -1.153800 0.003500 0.000000 -0.999994 0.661200 0.274100 1 0 1.000000
main_side
  0 -0.375100 -2.492400 -1.153800 0.003500 0.000000 -0.999994 0.541900 0.274100 1 0 1.000000
  0 -0.707100 -2.384500 -1.155000 0.003500 0.000000 -0.999994 0.564700 0.201000 1 0 1.000000
  0 -0.707100 -2.035400 -1.155000 0.003500 0.000000 -0.999994 0.638400 0.201000 1 0 1.000000
main_side
  0 -0.707600 -2.384500 0.432400 -0.003500 0.000000 0.999994 0.564700 0.202200 1 0 1.000000
  0 -0.375700 -1.927500 0.433500 -0.003500 0.000000 0.999994 0.661200 0.275400 1 0 1.000000
  0 -0.707600 -2.035400 0.432400 -0.003500 0.000000 0.999994 0.638400 0.202200 1 0 1.000000
main_side
  0 -0.707600 -2.384500 0.432400 -0.003500 0.000000 0.999994 0.564700 0.202200 1 0 1.000000
  0 -0.170500 -2.210000 0.434200 -0.003500 0.000000 0.999994 0.601500 0.320600 1 0 1.000000
  0 -0.375700 -1.927500 0.433500 -0.003500 0.000000 0.999994 0.661200 0.275400 1 0 1.000000
main_side
  0 -0.707600 -2.384500 0.432400 -0.003500 0.000000 0.999994 0.564700 0.202200 1 0 1.000000
  0 -0.375700 -2.492400 0.433500 -0.003500 0.000000 0.999994 0.541900 0.275400 1 0 1.000000
  0 -0.170500 -2.210000 0.434200 -0.003500 0.000000 0.999994 0.601500 0.320600 1 0 1.000000
main_side
  0 2.414700 0.025100 0.233400 0.049199 -0.998784 0.003200 0.100000 0.966100 1 0 1.000000
  0 2.431300 0.041000 -0.128400 0.030301 -0.998637 -0.042502 0.138200 0.967700 1 0 1.000000
  0 2.654500 0.041000 0.030500 0.051501 -0.998521 -0.017400 0.122400 0.987100 1 0 1.000000
main_side
  0 2.414700 0.025100 0.233400 0.049199 -0.998784 0.003200 0.100000 0.966100 1 0 1.000000
  0 2.654500 0.041000 0.030500 0.051501 -0.998521 -0.017400 0.122400 0.987100 1 0 1.000000
  0 2.616700 0.041000 0.388100 0.063900 -0.996406 0.055600 0.085700 0.983400 1 0 1.000000
main_side
  0 2.616700 0.041000 0.388100 0.063900 -0.996406 0.055600 0.085700 0.983400 1 0 1.000000
  0 1.992500 0.025100 0.655600 0.050398 -0.993860 0.098496 0.058000 0.921300 1 0 1.000000
  0 2.414700 0.025100 0.233400 0.049199 -0.998784 0.003200 0.100000 0.966100 1 0 1.000000
main_side
  0 2.616700 0.041000 0.388100 0.063900 -0.996406 0.055600 0.085700 0.983400 1 0 1.000000
  0 2.047100 0.041000 0.758100 0.053299 -0.990674 0.125397 0.047500 0.926800 1 0 1.000000
  0 1.992500 0.025100 0.655600 0.050398 -0.993860 0.098496 0.058000 0.921300 1 0 1.000000
main_side
  0 2.047100 0.041000 0.758100 0.053299 -0.990674 0.125397 0.047500 0.926800 1 0 1.000000
  0 1.434300 0.033100 0.845500 0.032300 -0.990113 0.136502 0.038400 0.865800 1 0 1.000000
  0 1.992500 0.025100 0.655600 0.050398 -0.993860 0.098496 0.058000 0.921300 1 0 1.000000
main_side
  0 0.622500 1.960600 -1.039100 0.234396 0.035799 -0.971482 0.544100 0.729500 1 0 1.000000
  0 -1.012600 0.679300 -1.004400 -0.016299 0.003000 -0.999863 0.418300 0.558200 1 0 1.000000
  0 -1.235300 1.064000 -1.005200 -0.097705 -0.094204 -0.990747 0.470000 0.528800 1 0 1.000000
main_side
  0 0.622500 1.960600 -1.039100 0.234396 0.035799 -0.971482 0.544100 0.729500 1 0 1.000000
  0 0.900000 1.257300 -1.038200 0.330907 0.162203 -0.929619 0.469500 0.779300 1 0 1.000000
  0 -1.012600 0.679300 -1.004400 -0.016299 0.003000 -0.999863 0.418300 0.558200 1 0 1.000000
main_side
  0 0.900000 1.257300 -1.038200 0.330907 0.162203 -0.929619 0.469500 0.779300 1 0 1.000000
  0 0.398800 0.014400 -1.039900 -0.007400 0.008200 -0.999939 0.345800 0.703500 1 0 1.000000
  0 -1.012600 0.679300 -1.004400 -0.016299 0.003000 -0.999863 0.418300 0.558200 1 0 1.000000
main_side
  0 0.398800 0.014400 -1.039900 -0.007400 0.008200 -0.999939 0.345800 0.703500 1 0 1.000000
  0 -1.060100 -1.407300 -1.045000 -0.148804 0.038301 -0.988125 0.188600 0.547800 1 0 1.000000
  0 -1.012600 0.679300 -1.004400 -0.016299 0.003000 -0.999863 0.418300 0.558200 1 0 1.000000
main_side
  0 0.398800 -3.151600 -1.039900 0.003500 0.000000 -0.999994 0.000500 0.703500 1 0 1.000000
  0 -1.060100 -1.407300 -1.045000 -0.148804 0.038301 -0.988125 0.188600 0.547800 1 0 1.000000
  0 0.398800 0.014400 -1.039900 -0.007400 0.008200 -0.999939 0.345800 0.703500 1 0 1.000000
main_side
  0 -0.541200 -3.151600 -1.043200 0.003500 0.000000 -0.999994 0.000500 0.606100 1 0 1.000000
  0 -1.060100 -1.407300 -1.045000 -0.148804 0.038301 -0.988125 0.188600 0.547800 1 0 1.000000
  0 0.398800 -3.151600 -1.039900 0.003500 0.000000 -0.999994 0.000500 0.703500 1 0 1.000000
main_side
  0 -0.541200 -3.151600 -1.043200 0.003500 0.000000 -0.999994 0.000500 0.606100 1 0 1.000000
  0 -0.832400 -3.043600 -1.044200 0.003500 0.000000 -0.999994 0.008100 0.574800 1 0 1.000000
  0 -1.060100 -1.407300 -1.045000 -0.148804 0.038301 -0.988125 0.188600 0.547800 1 0 1.000000
main_side
  0 1.273700 0.810800 -1.036800 0.299700 0.304600 -0.904101 0.420800 0.828600 1 0 1.000000
  0 1.435300 0.942600 -0.851300 0.407000 0.508500 -0.758800 0.435100 0.850000 1 0 1.000000
  0 1.828800 0.417800 -1.046600 0.138007 0.392719 -0.909244 0.377900 0.901800 1 0 1.000000
main_side
  0 1.997000 0.607700 -0.849400 0.204602 0.611906 -0.764008 0.398600 0.924100 1 0 1.000000
  0 1.828800 0.417800 -1.046600 0.138007 0.392719 -0.909244 0.377900 0.901800 1 0 1.000000
  0 1.435300 0.942600 -0.851300 0.407000 0.508500 -0.758800 0.435100 0.850000 1 0 1.000000
main_side
  0 2.439900 0.553700 -0.847800 0.090595 0.670061 -0.736757 0.392700 0.982600 1 0 1.000000
  0 1.828800 0.417800 -1.046600 0.138007 0.392719 -0.909244 0.377900 0.901800 1 0 1.000000
  0 1.997000 0.607700 -0.849400 0.204602 0.611906 -0.764008 0.398600 0.924100 1 0 1.000000
main_side
  0 2.439900 0.553700 -0.847800 0.090595 0.670061 -0.736757 0.392700 0.982600 1 0 1.000000
  0 2.440500 0.344700 -1.032800 0.069902 0.413710 -0.907721 0.369900 0.982600 1 0 1.000000
  0 1.828800 0.417800 -1.046600 0.138007 0.392719 -0.909244 0.377900 0.901800 1 0 1.000000
main_side
  0 1.828800 0.417800 -1.046600 0.138007 0.392719 -0.909244 0.377900 0.901800 1 0 1.000000
  0 2.440500 0.344700 -1.032800 0.069902 0.413710 -0.907721 0.369900 0.982600 1 0 1.000000
  0 2.440700 0.198300 -1.052200 0.015700 0.069298 -0.997472 0.354000 0.982600 1 0 1.000000
main_side
  0 0.398800 0.014400 -1.039900 -0.007400 0.008200 -0.999939 0.345800 0.703500 1 0 1.000000
  0 1.828800 0.417800 -1.046600 0.138007 0.392719 -0.909244 0.377900 0.901800 1 0 1.000000
  0 2.440700 0.198300 -1.052200 0.015700 0.069298 -0.997472 0.354000 0.982600 1 0 1.000000
main_side
  0 1.273700 0.810800 -1.036800 0.299700 0.304600 -0.904101 0.420800 0.828600 1 0 1.000000
  0 1.828800 0.417800 -1.046600 0.138007 0.392719 -0.909244 0.377900 0.901800 1 0 1.000000
  0 0.398800 0.014400 -1.039900 -0.007400 0.008200 -0.999939 0.345800 0.703500 1 0 1.000000
main_side
  0 0.900000 1.257300 -1.038200 0.330907 0.162203 -0.929619 0.469500 0.779300 1 0 1.000000
  0 1.273700 0.810800 -1.036800 0.299700 0.304600 -0.904101 0.420800 0.828600 1 0 1.000000
  0 0.398800 0.014400 -1.039900 -0.007400 0.008200 -0.999939 0.345800 0.703500 1 0 1.000000
main_side
  0 0.900000 1.257300 -1.038200 0.330907 0.162203 -0.929619 0.469500 0.779300 1 0 1.000000
  0 0.992301 1.471900 -0.852900 0.593894 0.363996 -0.717493 0.490800 0.788500 1 0 1.000000
  0 1.273700 0.810800 -1.036800 0.299700 0.304600 -0.904101 0.420800 0.828600 1 0 1.000000
main_side
  0 0.992301 1.471900 -0.852900 0.593894 0.363996 -0.717493 0.490800 0.788500 1 0 1.000000
  0 0.900000 1.257300 -1.038200 0.330907 0.162203 -0.929619 0.469500 0.779300 1 0 1.000000
  0 0.797900 2.098500 -0.853500 0.698519 0.157604 -0.698020 0.559100 0.752700 1 0 1.000000
main_side
  0 0.622500 1.960600 -1.039100 0.234396 0.035799 -0.971482 0.544100 0.729500 1 0 1.000000
  0 0.797900 2.098500 -0.853500 0.698519 0.157604 -0.698020 0.559100 0.752700 1 0 1.000000
  0 0.900000 1.257300 -1.038200 0.330907 0.162203 -0.929619 0.469500 0.779300 1 0 1.000000
main_side
  0 0.797900 2.098500 -0.853500 0.698519 0.157604 -0.698020 0.559100 0.752700 1 0 1.000000
  0 0.622500 1.960600 -1.039100 0.234396 0.035799 -0.971482 0.544100 0.729500 1 0 1.000000
  0 0.797900 2.887100 -0.853500 0.536880 0.127495 -0.833969 0.645100 0.741500 1 0 1.000000
main_side
  0 1.435300 0.942600 -0.851300 0.407000 0.508500 -0.758800 0.435100 0.850000 1 0 1.000000
  0 1.273700 0.810800 -1.036800 0.299700 0.304600 -0.904101 0.420800 0.828600 1 0 1.000000
  0 0.992301 1.471900 -0.852900 0.593894 0.363996 -0.717493 0.490800 0.788500 1 0 1.000000
main_side
  0 -4.833100 5.689800 -1.058200 -0.509509 0.445908 -0.735912 0.986400 0.032600 1 0 1.000000
  0 -4.905900 5.890300 -0.873500 -0.264401 0.599802 -0.755202 0.986500 0.030400 1 0 1.000000
  0 -4.109600 5.798800 -1.055600 -0.020401 0.659832 -0.751136 0.992400 0.176400 1 0 1.000000
main_side
  0 -4.117300 6.009100 -0.870700 0.051402 0.650425 -0.757829 0.999500 0.134400 1 0 1.000000
  0 -4.109600 5.798800 -1.055600 -0.020401 0.659832 -0.751136 0.992400 0.176400 1 0 1.000000
  0 -4.905900 5.890300 -0.873500 -0.264401 0.599802 -0.755202 0.986500 0.030400 1 0 1.000000
main_side
  0 -4.109600 5.798800 -1.055600 -0.020401 0.659832 -0.751136 0.992400 0.176400 1 0 1.000000
  0 -4.117300 6.009100 -0.870700 0.051402 0.650425 -0.757829 0.999500 0.134400 1 0 1.000000
  0 -2.650700 5.512700 -1.050600 0.174601 0.632404 -0.754705 0.957900 0.327800 1 0 1.000000
main_side
  0 -2.648200 5.739000 -0.865600 0.215797 0.607693 -0.764291 0.982600 0.328200 1 0 1.000000
  0 -2.650700 5.512700 -1.050600 0.174601 0.632404 -0.754705 0.957900 0.327800 1 0 1.000000
  0 -4.117300 6.009100 -0.870700 0.051402 0.650425 -0.757829 0.999500 0.134400 1 0 1.000000
main_side
  0 -2.650700 5.512700 -1.050600 0.174601 0.632404 -0.754705 0.957900 0.327800 1 0 1.000000
  0 -2.648200 5.739000 -0.865600 0.215797 0.607693 -0.764291 0.982600 0.328200 1 0 1.000000
  0 -1.364300 4.940200 -1.046100 0.318896 0.569393 -0.757691 0.890600 0.501600 1 0 1.000000
main_side
  0 -1.297800 5.155700 -0.860900 0.383707 0.547410 -0.743714 0.914100 0.510400 1 0 1.000000
  0 -1.364300 4.940200 -1.046100 0.318896 0.569393 -0.757691 0.890600 0.501600 1 0 1.000000
  0 -2.648200 5.739000 -0.865600 0.215797 0.607693 -0.764291 0.982600 0.328200 1 0 1.000000
main_side
  0 -1.364300 4.940200 -1.046100 0.318896 0.569393 -0.757691 0.890600 0.501600 1 0 1.000000
  0 -1.297800 5.155700 -0.860900 0.383707 0.547410 -0.743714 0.914100 0.510400 1 0 1.000000
  0 -0.277500 4.040300 -1.042300 0.468485 0.464386 -0.751577 0.784800 0.640900 1 0 1.000000
main_side
  0 0.026400 4.020400 -0.856200 0.490093 0.404394 -0.772188 0.782600 0.681100 1 0 1.000000
  0 -0.277500 4.040300 -1.042300 0.468485 0.464386 -0.751577 0.784800 0.640900 1 0 1.000000
  0 -1.297800 5.155700 -0.860900 0.383707 0.547410 -0.743714 0.914100 0.510400 1 0 1.000000
main_side
  0 0.026400 4.020400 -0.856200 0.490093 0.404394 -0.772188 0.782600 0.681100 1 0 1.000000
  0 0.411300 3.003400 -1.040100 0.486894 0.249097 -0.837189 0.671700 0.731800 1 0 1.000000
  0 -0.277500 4.040300 -1.042300 0.468485 0.464386 -0.751577 0.784800 0.640900 1 0 1.000000
main_side
  0 0.411300 3.003400 -1.040100 0.486894 0.249097 -0.837189 0.671700 0.731800 1 0 1.000000
  0 0.026400 4.020400 -0.856200 0.490093 0.404394 -0.772188 0.782600 0.681100 1 0 1.000000
  0 0.797900 2.887100 -0.853500 0.536880 0.127495 -0.833969 0.645100 0.741500 1 0 1.000000
main_side
  0 0.797900 2.887100 -0.853500 0.536880 0.127495 -0.833969 0.645100 0.741500 1 0 1.000000
  0 0.461000 2.696500 -1.040600 0.308306 0.058001 -0.949517 0.638200 0.738300 1 0 1.000000
  0 0.411300 3.003400 -1.040100 0.486894 0.249097 -0.837189 0.671700 0.731800 1 0 1.000000
main_side
  0 0.461000 2.696500 -1.040600 0.308306 0.058001 -0.949517 0.638200 0.738300 1 0 1.000000
  0 0.797900 2.887100 -0.853500 0.536880 0.127495 -0.833969 0.645100 0.741500 1 0 1.000000
  0 0.622500 1.960600 -1.039100 0.234396 0.035799 -0.971482 0.544100 0.729500 1 0 1.000000
main_side
  0 0.461000 2.696500 -1.040600 0.308306 0.058001 -0.949517 0.638200 0.738300 1 0 1.000000
  0 0.622500 1.960600 -1.039100 0.234396 0.035799 -0.971482 0.544100 0.729500 1 0 1.000000
  0 0.214500 2.387800 -1.043200 0.008200 -0.001600 -0.999965 0.604600 0.705800 1 0 1.000000
main_side
  0 0.214500 2.387800 -1.043200 0.008200 -0.001600 -0.999965 0.604600 0.705800 1 0 1.000000
  0 0.622500 1.960600 -1.039100 0.234396 0.035799 -0.971482 0.544100 0.729500 1 0 1.000000
  0 -0.235900 2.026900 -1.044700 0.009300 -0.036000 -0.999308 0.565200 0.646400 1 0 1.000000
main_side
  0 0.622500 1.960600 -1.039100 0.234396 0.035799 -0.971482 0.544100 0.729500 1 0 1.000000
  0 -1.235300 1.064000 -1.005200 -0.097705 -0.094204 -0.990747 0.470000 0.528800 1 0 1.000000
  0 -0.235900 2.026900 -1.044700 0.009300 -0.036000 -0.999308 0.565200 0.646400 1 0 1.000000
main_side
  0 -0.235900 2.026900 -1.044700 0.009300 -0.036000 -0.999308 0.565200 0.646400 1 0 1.000000
  0 -1.235300 1.064000 -1.005200 -0.097705 -0.094204 -0.990747 0.470000 0.528800 1 0 1.000000
  0 -0.856500 1.870900 -1.046900 0.005400 -0.046101 -0.998922 0.548200 0.564500 1 0 1.000000
main_side
  0 -0.856500 1.870900 -1.046900 0.005400 -0.046101 -0.998922 0.548200 0.564500 1 0 1.000000
  0 -1.235300 1.064000 -1.005200 -0.097705 -0.094204 -0.990747 0.470000 0.528800 1 0 1.000000
  0 -1.675300 1.904000 -1.047100 -0.343697 -0.110199 -0.932592 0.551800 0.456500 1 0 1.000000
main_side
  0 -1.235300 1.064000 -1.005200 -0.097705 -0.094204 -0.990747 0.470000 0.528800 1 0 1.000000
  0 -1.631200 1.257000 -0.842800 -0.431628 -0.249516 -0.866856 0.495900 0.459300 1 0 1.000000
  0 -1.675300 1.904000 -1.047100 -0.343697 -0.110199 -0.932592 0.551800 0.456500 1 0 1.000000
main_side
  0 -0.856500 1.870900 -1.046900 0.005400 -0.046101 -0.998922 0.548200 0.564500 1 0 1.000000
  0 -1.675300 1.904000 -1.047100 -0.343697 -0.110199 -0.932592 0.551800 0.456500 1 0 1.000000
  0 -1.586500 1.985500 -1.049400 -0.012400 -0.014600 -0.999816 0.560700 0.468200 1 0 1.000000
main_side
  0 -1.625900 2.556800 -1.049600 -0.663397 -0.135499 -0.735897 0.623000 0.463000 1 0 1.000000
  0 -1.586500 1.985500 -1.049400 -0.012400 -0.014600 -0.999816 0.560700 0.468200 1 0 1.000000
  0 -1.675300 1.904000 -1.047100 -0.343697 -0.110199 -0.932592 0.551800 0.456500 1 0 1.000000
main_side
  0 -1.675300 1.904000 -1.047100 -0.343697 -0.110199 -0.932592 0.551800 0.456500 1 0 1.000000
  0 -1.718500 2.530600 -0.865200 -0.847490 -0.260497 -0.462495 0.620200 0.450900 1 0 1.000000
  0 -1.625900 2.556800 -1.049600 -0.663397 -0.135499 -0.735897 0.623000 0.463000 1 0 1.000000
main_side
  0 -1.896700 3.074900 -1.050500 -0.688694 -0.553195 -0.468696 0.688600 0.424200 1 0 1.000000
  0 -1.625900 2.556800 -1.049600 -0.663397 -0.135499 -0.735897 0.623000 0.463000 1 0 1.000000
  0 -1.718500 2.530600 -0.865200 -0.847490 -0.260497 -0.462495 0.620200 0.450900 1 0 1.000000
main_side
  0 -1.718500 2.530600 -0.865200 -0.847490 -0.260497 -0.462495 0.620200 0.450900 1 0 1.000000
  0 -1.967000 3.005900 -0.865800 -0.563982 -0.680378 -0.467985 0.681000 0.415000 1 0 1.000000
  0 -1.896700 3.074900 -1.050500 -0.688694 -0.553195 -0.468696 0.688600 0.424200 1 0 1.000000
main_side
  0 -2.653800 3.487900 -1.053200 -0.303012 -0.833833 -0.461418 0.735700 0.324300 1 0 1.000000
  0 -1.896700 3.074900 -1.050500 -0.688694 -0.553195 -0.468696 0.688600 0.424200 1 0 1.000000
  0 -1.967000 3.005900 -0.865800 -0.563982 -0.680378 -0.467985 0.681000 0.415000 1 0 1.000000
main_side
  0 -1.967000 3.005900 -0.865800 -0.563982 -0.680378 -0.467985 0.681000 0.415000 1 0 1.000000
  0 -2.679900 3.394800 -0.867600 -0.172701 -0.870907 -0.460104 0.725500 0.321000 1 0 1.000000
  0 -2.653800 3.487900 -1.053200 -0.303012 -0.833833 -0.461418 0.735700 0.324300 1 0 1.000000
main_side
  0 -4.040200 3.554400 -1.058000 0.048599 -0.889375 -0.454587 0.741600 0.144500 1 0 1.000000
  0 -2.653800 3.487900 -1.053200 -0.303012 -0.833833 -0.461418 0.735700 0.324300 1 0 1.000000
  0 -2.679900 3.394800 -0.867600 -0.172701 -0.870907 -0.460104 0.725500 0.321000 1 0 1.000000
main_side
  0 -2.679900 3.394800 -0.867600 -0.172701 -0.870907 -0.460104 0.725500 0.321000 1 0 1.000000
  0 -4.030300 3.459600 -0.871100 0.138798 -0.880488 -0.453294 0.731200 0.145900 1 0 1.000000
  0 -4.040200 3.554400 -1.058000 0.048599 -0.889375 -0.454587 0.741600 0.144500 1 0 1.000000
main_side
  0 -4.700900 3.381600 -1.060300 -0.077100 -0.862702 -0.499801 0.724800 0.061400 1 0 1.000000
  0 -4.040200 3.554400 -1.058000 0.048599 -0.889375 -0.454587 0.741600 0.144500 1 0 1.000000
  0 -4.030300 3.459600 -0.871100 0.138798 -0.880488 -0.453294 0.731200 0.145900 1 0 1.000000
main_side
  0 -4.030300 3.459600 -0.871100 0.138798 -0.880488 -0.453294 0.731200 0.145900 1 0 1.000000
  0 -4.732400 3.276000 -0.872900 -0.224091 -0.714873 -0.662375 0.713300 0.057300 1 0 1.000000
  0 -4.700900 3.381600 -1.060300 -0.077100 -0.862702 -0.499801 0.724800 0.061400 1 0 1.000000
main_side
  0 -5.035700 3.752600 -1.061500 -0.697994 -0.361097 -0.618395 0.753400 0.013200 1 0 1.000000
  0 -4.700900 3.381600 -1.060300 -0.077100 -0.862702 -0.499801 0.724800 0.061400 1 0 1.000000
  0 -4.732400 3.276000 -0.872900 -0.224091 -0.714873 -0.662375 0.713300 0.057300 1 0 1.000000
main_side
  0 -4.732400 3.276000 -0.872900 -0.224091 -0.714873 -0.662375 0.713300 0.057300 1 0 1.000000
  0 -5.024100 3.384000 -0.873600 -0.546114 -0.393910 -0.739320 0.713200 0.014800 1 0 1.000000
  0 -5.035700 3.752600 -1.061500 -0.697994 -0.361097 -0.618395 0.753400 0.013200 1 0 1.000000
main_side
  0 -5.024100 3.384000 -0.873600 -0.546114 -0.393910 -0.739320 0.713200 0.014800 1 0 1.000000
  0 -5.132100 3.718900 -0.873900 -0.878109 -0.090601 -0.469805 0.749800 0.000500 1 0 1.000000
  0 -5.035700 3.752600 -1.061500 -0.697994 -0.361097 -0.618395 0.753400 0.013200 1 0 1.000000
main_side
  0 -5.035400 5.326200 -1.059900 -0.833032 0.126705 -0.538520 0.925000 0.013200 1 0 1.000000
  0 -5.035700 3.752600 -1.061500 -0.697994 -0.361097 -0.618395 0.753400 0.013200 1 0 1.000000
  0 -5.132100 3.718900 -0.873900 -0.878109 -0.090601 -0.469805 0.749800 0.000500 1 0 1.000000
main_side
  0 -5.132400 5.483400 -0.873800 -0.744188 0.215097 -0.632390 0.942200 0.000500 1 0 1.000000
  0 -5.035400 5.326200 -1.059900 -0.833032 0.126705 -0.538520 0.925000 0.013200 1 0 1.000000
  0 -5.132100 3.718900 -0.873900 -0.878109 -0.090601 -0.469805 0.749800 0.000500 1 0 1.000000
main_side
  0 -5.035400 5.326200 -1.059900 -0.833032 0.126705 -0.538520 0.925000 0.013200 1 0 1.000000
  0 -5.132400 5.483400 -0.873800 -0.744188 0.215097 -0.632390 0.942200 0.000500 1 0 1.000000
  0 -4.833100 5.689800 -1.058200 -0.509509 0.445908 -0.735912 0.964700 0.039900 1 0 1.000000
main_side
  0 -5.132400 5.483400 -0.873800 -0.744188 0.215097 -0.632390 0.942200 0.000500 1 0 1.000000
  0 -5.070900 5.718700 -0.843200 -0.605312 0.346707 -0.716514 0.967800 0.008600 1 0 1.000000
  0 -4.833100 5.689800 -1.058200 -0.509509 0.445908 -0.735912 0.964700 0.039900 1 0 1.000000
main_side
  0 -4.905900 5.890300 -0.873500 -0.264401 0.599802 -0.755202 0.986500 0.030400 1 0 1.000000
  0 -4.833100 5.689800 -1.058200 -0.509509 0.445908 -0.735912 0.964700 0.039900 1 0 1.000000
  0 -5.070900 5.718700 -0.843200 -0.605312 0.346707 -0.716514 0.967800 0.008600 1 0 1.000000
main_side
  0 -1.061300 -1.407300 0.329400 -0.117599 0.046000 0.991995 0.188600 0.548300 1 0 1.000000
  0 -1.309200 -1.822900 0.285500 -0.447204 0.229802 0.864407 0.150300 0.505400 1 0 1.000000
  0 -1.103900 -2.017400 0.329500 -0.063498 0.004700 0.997971 0.124200 0.532500 1 0 1.000000
main_side
  0 -1.513100 -1.537100 0.016600 -0.475285 0.287091 0.831674 0.176600 0.478400 1 0 1.000000
  0 -1.309200 -1.822900 0.285500 -0.447204 0.229802 0.864407 0.150300 0.505400 1 0 1.000000
  0 -1.061300 -1.407300 0.329400 -0.117599 0.046000 0.991995 0.188600 0.548300 1 0 1.000000
main_side
  0 -1.513100 -1.537100 0.016600 -0.475285 0.287091 0.831674 0.176600 0.478400 1 0 1.000000
  0 -1.655300 -1.704100 0.005300 -0.369103 0.268003 0.889908 0.163200 0.459600 1 0 1.000000
  0 -1.309200 -1.822900 0.285500 -0.447204 0.229802 0.864407 0.150300 0.505400 1 0 1.000000
main_side
  0 -2.083000 -1.454800 -0.187300 -0.119405 0.220109 0.968140 0.185500 0.403100 1 0 1.000000
  0 -1.655300 -1.704100 0.005300 -0.369103 0.268003 0.889908 0.163200 0.459600 1 0 1.000000
  0 -1.513100 -1.537100 0.016600 -0.475285 0.287091 0.831674 0.176600 0.478400 1 0 1.000000
main_side
  0 -2.083000 -1.454800 -0.187300 -0.119405 0.220109 0.968140 0.185500 0.403100 1 0 1.000000
  0 -2.086200 -1.628500 -0.146400 -0.114596 0.229392 0.966565 0.168700 0.402700 1 0 1.000000
  0 -1.655300 -1.704100 0.005300 -0.369103 0.268003 0.889908 0.163200 0.459600 1 0 1.000000
main_side
  0 -2.083000 -1.454800 -0.187300 -0.119405 0.220109 0.968140 0.185500 0.403100 1 0 1.000000
  0 -2.520600 -1.369200 -0.179000 0.121000 0.185301 0.975204 0.194900 0.345400 1 0 1.000000
  0 -2.086200 -1.628500 -0.146400 -0.114596 0.229392 0.966565 0.168700 0.402700 1 0 1.000000
main_side
  0 -2.425700 -1.213800 -0.219700 0.175100 0.140300 0.974503 0.211800 0.357900 1 0 1.000000
  0 -2.520600 -1.369200 -0.179000 0.121000 0.185301 0.975204 0.194900 0.345400 1 0 1.000000
  0 -2.083000 -1.454800 -0.187300 -0.119405 0.220109 0.968140 0.185500 0.403100 1 0 1.000000
main_side
  0 -2.425700 -1.213800 -0.219700 0.175100 0.140300 0.974503 0.211800 0.357900 1 0 1.000000
  0 -2.724600 -0.926300 -0.178300 0.251399 0.066500 0.965596 0.243200 0.318500 1 0 1.000000
  0 -2.520600 -1.369200 -0.179000 0.121000 0.185301 0.975204 0.194900 0.345400 1 0 1.000000
main_side
  0 -2.589800 -0.825000 -0.219100 0.277602 0.030600 0.960209 0.254200 0.336200 1 0 1.000000
  0 -2.724600 -0.926300 -0.178300 0.251399 0.066500 0.965596 0.243200 0.318500 1 0 1.000000
  0 -2.425700 -1.213800 -0.219700 0.175100 0.140300 0.974503 0.211800 0.357900 1 0 1.000000
main_side
  0 -2.589800 -0.825000 -0.219100 0.277602 0.030600 0.960209 0.254200 0.336200 1 0 1.000000
  0 -2.713800 0.834600 -0.178300 0.279897 -0.050699 0.958690 0.435200 0.319900 1 0 1.000000
  0 -2.724600 -0.926300 -0.178300 0.251399 0.066500 0.965596 0.243200 0.318500 1 0 1.000000
main_side
  0 -2.591100 0.760800 -0.219100 0.134197 -0.077998 0.987880 0.427200 0.336000 1 0 1.000000
  0 -2.713800 0.834600 -0.178300 0.279897 -0.050699 0.958690 0.435200 0.319900 1 0 1.000000
  0 -2.589800 -0.825000 -0.219100 0.277602 0.030600 0.960209 0.254200 0.336200 1 0 1.000000
main_side
  0 -2.591100 0.760800 -0.219100 0.134197 -0.077998 0.987880 0.427200 0.336000 1 0 1.000000
  0 -2.520600 1.126200 -0.179000 -0.059100 -0.131101 0.989606 0.467000 0.345400 1 0 1.000000
  0 -2.713800 0.834600 -0.178300 0.279897 -0.050699 0.958690 0.435200 0.319900 1 0 1.000000
main_side
  0 -2.442700 1.025100 -0.175100 -0.192000 -0.156100 0.968901 0.456000 0.355600 1 0 1.000000
  0 -2.520600 1.126200 -0.179000 -0.059100 -0.131101 0.989606 0.467000 0.345400 1 0 1.000000
  0 -2.591100 0.760800 -0.219100 0.134197 -0.077998 0.987880 0.427200 0.336000 1 0 1.000000
main_side
  0 -2.442700 1.025100 -0.175100 -0.192000 -0.156100 0.968901 0.456000 0.355600 1 0 1.000000
  0 -1.914100 1.580000 0.054100 -0.295700 -0.197700 0.934599 0.516500 0.425500 1 0 1.000000
  0 -2.520600 1.126200 -0.179000 -0.059100 -0.131101 0.989606 0.467000 0.345400 1 0 1.000000
main_side
  0 -2.056800 1.237900 -0.054400 -0.252904 -0.195103 0.947615 0.484100 0.403600 1 0 1.000000
  0 -1.914100 1.580000 0.054100 -0.295700 -0.197700 0.934599 0.516500 0.425500 1 0 1.000000
  0 -2.442700 1.025100 -0.175100 -0.192000 -0.156100 0.968901 0.456000 0.355600 1 0 1.000000
main_side
  0 -1.631800 1.257000 0.100700 -0.423187 -0.212493 0.880772 0.495900 0.459700 1 0 1.000000
  0 -1.914100 1.580000 0.054100 -0.295700 -0.197700 0.934599 0.516500 0.425500 1 0 1.000000
  0 -2.056800 1.237900 -0.054400 -0.252904 -0.195103 0.947615 0.484100 0.403600 1 0 1.000000
main_side
  0 -1.631800 1.257000 0.100700 -0.423187 -0.212493 0.880772 0.495900 0.459700 1 0 1.000000
  0 -1.674000 1.904000 0.259600 -0.362508 -0.066301 0.929619 0.551800 0.457300 1 0 1.000000
  0 -1.914100 1.580000 0.054100 -0.295700 -0.197700 0.934599 0.516500 0.425500 1 0 1.000000
main_side
  0 -1.236300 1.064000 0.289600 -0.120899 -0.074100 0.989895 0.470000 0.529300 1 0 1.000000
  0 -1.674000 1.904000 0.259600 -0.362508 -0.066301 0.929619 0.551800 0.457300 1 0 1.000000
  0 -1.631800 1.257000 0.100700 -0.423187 -0.212493 0.880772 0.495900 0.459700 1 0 1.000000
main_side
  0 -4.836600 5.689800 0.335200 -0.505996 0.436396 0.743994 0.964700 0.040100 1 0 1.000000
  0 -5.074900 5.708600 0.131300 -0.596968 0.335682 0.728661 0.966700 0.008500 1 0 1.000000
  0 -5.135300 5.480200 0.148500 -0.736569 0.195892 0.647373 0.941800 0.000600 1 0 1.000000
main_side
  0 -5.030601 5.322300 0.337100 -0.828542 0.122206 0.546428 0.924600 0.014500 1 0 1.000000
  0 -4.836600 5.689800 0.335200 -0.505996 0.436396 0.743994 0.964700 0.040100 1 0 1.000000
  0 -5.135300 5.480200 0.148500 -0.736569 0.195892 0.647373 0.941800 0.000600 1 0 1.000000
main_side
  0 -5.135300 5.480200 0.148500 -0.736569 0.195892 0.647373 0.941800 0.000600 1 0 1.000000
  0 -5.135600 3.718900 0.148800 -0.875506 -0.089201 0.474903 0.749700 0.000500 1 0 1.000000
  0 -5.030601 5.322300 0.337100 -0.828542 0.122206 0.546428 0.924600 0.014500 1 0 1.000000
main_side
  0 -5.030601 5.322300 0.337100 -0.828542 0.122206 0.546428 0.924600 0.014500 1 0 1.000000
  0 -5.135600 3.718900 0.148800 -0.875506 -0.089201 0.474903 0.749700 0.000500 1 0 1.000000
  0 -5.039200 3.752600 0.338600 -0.700800 -0.361800 0.614800 0.753400 0.013400 1 0 1.000000
main_side
  0 -5.027600 3.384000 0.148500 -0.548371 -0.396679 0.736162 0.713200 0.014800 1 0 1.000000
  0 -5.039200 3.752600 0.338600 -0.700800 -0.361800 0.614800 0.753400 0.013400 1 0 1.000000
  0 -5.135600 3.718900 0.148800 -0.875506 -0.089201 0.474903 0.749700 0.000500 1 0 1.000000
main_side
  0 -5.027600 3.384000 0.148500 -0.548371 -0.396679 0.736162 0.713200 0.014800 1 0 1.000000
  0 -4.735900 3.276000 0.147800 -0.225107 -0.717923 0.658721 0.713300 0.057300 1 0 1.000000
  0 -5.039200 3.752600 0.338600 -0.700800 -0.361800 0.614800 0.753400 0.013400 1 0 1.000000
main_side
  0 -5.039200 3.752600 0.338600 -0.700800 -0.361800 0.614800 0.753400 0.013400 1 0 1.000000
  0 -4.735900 3.276000 0.147800 -0.225107 -0.717923 0.658721 0.713300 0.057300 1 0 1.000000
  0 -4.704300 3.381600 0.337400 -0.077297 -0.865171 0.495483 0.724800 0.061600 1 0 1.000000
main_side
  0 -4.033700 3.459600 0.146000 0.139104 -0.882528 0.449214 0.731200 0.145900 1 0 1.000000
  0 -4.704300 3.381600 0.337400 -0.077297 -0.865171 0.495483 0.724800 0.061600 1 0 1.000000
  0 -4.735900 3.276000 0.147800 -0.225107 -0.717923 0.658721 0.713300 0.057300 1 0 1.000000
main_side
  0 -4.704300 3.381600 0.337400 -0.077297 -0.865171 0.495483 0.724800 0.061600 1 0 1.000000
  0 -4.033700 3.459600 0.146000 0.139104 -0.882528 0.449214 0.731200 0.145900 1 0 1.000000
  0 -4.043600 3.554400 0.335100 0.048700 -0.891498 0.450399 0.741600 0.144700 1 0 1.000000
main_side
  0 -2.683400 3.394800 0.142500 -0.171306 -0.873433 0.455817 0.725500 0.321000 1 0 1.000000
  0 -4.043600 3.554400 0.335100 0.048700 -0.891498 0.450399 0.741600 0.144700 1 0 1.000000
  0 -4.033700 3.459600 0.146000 0.139104 -0.882528 0.449214 0.731200 0.145900 1 0 1.000000
main_side
  0 -4.043600 3.554400 0.335100 0.048700 -0.891498 0.450399 0.741600 0.144700 1 0 1.000000
  0 -2.683400 3.394800 0.142500 -0.171306 -0.873433 0.455817 0.725500 0.321000 1 0 1.000000
  0 -2.657300 3.487900 0.330200 -0.300208 -0.837321 0.456912 0.735700 0.324500 1 0 1.000000
main_side
  0 -1.959100 3.005900 0.140700 -0.552401 -0.692901 0.463401 0.681000 0.416500 1 0 1.000000
  0 -2.657300 3.487900 0.330200 -0.300208 -0.837321 0.456912 0.735700 0.324500 1 0 1.000000
  0 -2.683400 3.394800 0.142500 -0.171306 -0.873433 0.455817 0.725500 0.321000 1 0 1.000000
main_side
  0 -2.657300 3.487900 0.330200 -0.300208 -0.837321 0.456912 0.735700 0.324500 1 0 1.000000
  0 -1.959100 3.005900 0.140700 -0.552401 -0.692901 0.463401 0.681000 0.416500 1 0 1.000000
  0 -1.888900 3.074900 0.327600 -0.664495 -0.577896 0.473796 0.688600 0.425900 1 0 1.000000
main_side
  0 -1.710700 2.530600 0.092700 -0.827108 -0.285203 0.484305 0.620200 0.452300 1 0 1.000000
  0 -1.888900 3.074900 0.327600 -0.664495 -0.577896 0.473796 0.688600 0.425900 1 0 1.000000
  0 -1.959100 3.005900 0.140700 -0.552401 -0.692901 0.463401 0.681000 0.416500 1 0 1.000000
main_side
  0 -1.888900 3.074900 0.327600 -0.664495 -0.577896 0.473796 0.688600 0.425900 1 0 1.000000
  0 -1.710700 2.530600 0.092700 -0.827108 -0.285203 0.484305 0.620200 0.452300 1 0 1.000000
  0 -1.618000 2.556800 0.262100 -0.641289 -0.146997 0.753087 0.623000 0.464600 1 0 1.000000
main_side
  0 -1.674000 1.904000 0.259600 -0.362508 -0.066301 0.929619 0.551800 0.457300 1 0 1.000000
  0 -1.618000 2.556800 0.262100 -0.641289 -0.146997 0.753087 0.623000 0.464600 1 0 1.000000
  0 -1.710700 2.530600 0.092700 -0.827108 -0.285203 0.484305 0.620200 0.452300 1 0 1.000000
main_side
  0 -1.618000 2.556800 0.262100 -0.641289 -0.146997 0.753087 0.623000 0.464600 1 0 1.000000
  0 -1.674000 1.904000 0.259600 -0.362508 -0.066301 0.929619 0.551800 0.457300 1 0 1.000000
  0 -1.601100 1.985500 0.261900 -0.057399 0.023300 0.998079 0.560700 0.466900 1 0 1.000000
main_side
  0 -0.848700 1.870900 0.331300 -0.050998 -0.007500 0.998670 0.548200 0.566200 1 0 1.000000
  0 -1.601100 1.985500 0.261900 -0.057399 0.023300 0.998079 0.560700 0.466900 1 0 1.000000
  0 -1.674000 1.904000 0.259600 -0.362508 -0.066301 0.929619 0.551800 0.457300 1 0 1.000000
main_side
  0 -4.907701 5.890300 0.150000 -0.259211 0.604026 0.753632 0.986500 0.030600 1 0 1.000000
  0 -5.074900 5.708600 0.131300 -0.596968 0.335682 0.728661 0.966700 0.008500 1 0 1.000000
  0 -4.836600 5.689800 0.335200 -0.505996 0.436396 0.743994 0.964700 0.040100 1 0 1.000000
main_side
  0 -0.848700 1.870900 0.331300 -0.050998 -0.007500 0.998670 0.548200 0.566200 1 0 1.000000
  0 -1.674000 1.904000 0.259600 -0.362508 -0.066301 0.929619 0.551800 0.457300 1 0 1.000000
  0 -1.236300 1.064000 0.289600 -0.120899 -0.074100 0.989895 0.470000 0.529300 1 0 1.000000
main_side
  0 -0.228100 2.026900 0.329100 0.009400 -0.036100 0.999304 0.565200 0.648000 1 0 1.000000
  0 -0.848700 1.870900 0.331300 -0.050998 -0.007500 0.998670 0.548200 0.566200 1 0 1.000000
  0 -1.236300 1.064000 0.289600 -0.120899 -0.074100 0.989895 0.470000 0.529300 1 0 1.000000
main_side
  0 0.630300 1.960600 0.323500 0.244389 0.037398 0.968956 0.544100 0.731100 1 0 1.000000
  0 -0.228100 2.026900 0.329100 0.009400 -0.036100 0.999304 0.565200 0.648000 1 0 1.000000
  0 -1.236300 1.064000 0.289600 -0.120899 -0.074100 0.989895 0.470000 0.529300 1 0 1.000000
main_side
  0 0.222400 2.387800 0.327500 0.008200 -0.001600 0.999965 0.604600 0.707500 1 0 1.000000
  0 -0.228100 2.026900 0.329100 0.009400 -0.036100 0.999304 0.565200 0.648000 1 0 1.000000
  0 0.630300 1.960600 0.323500 0.244389 0.037398 0.968956 0.544100 0.731100 1 0 1.000000
main_side
  0 0.468800 2.696500 0.325000 0.318806 0.060001 0.945919 0.638200 0.740000 1 0 1.000000
  0 0.222400 2.387800 0.327500 0.008200 -0.001600 0.999965 0.604600 0.707500 1 0 1.000000
  0 0.630300 1.960600 0.323500 0.244389 0.037398 0.968956 0.544100 0.731100 1 0 1.000000
main_side
  0 0.630300 1.960600 0.323500 0.244389 0.037398 0.968956 0.544100 0.731100 1 0 1.000000
  0 0.796200 2.887100 0.135100 0.553890 0.117998 0.824186 0.645100 0.741700 1 0 1.000000
  0 0.468800 2.696500 0.325000 0.318806 0.060001 0.945919 0.638200 0.740000 1 0 1.000000
main_side
  0 0.419100 3.003400 0.324500 0.478686 0.216494 0.850876 0.671700 0.733400 1 0 1.000000
  0 0.468800 2.696500 0.325000 0.318806 0.060001 0.945919 0.638200 0.740000 1 0 1.000000
  0 0.796200 2.887100 0.135100 0.553890 0.117998 0.824186 0.645100 0.741700 1 0 1.000000
main_side
  0 0.796200 2.887100 0.135100 0.553890 0.117998 0.824186 0.645100 0.741700 1 0 1.000000
  0 0.024800 4.020400 0.204300 0.466282 0.374685 0.801369 0.782600 0.681300 1 0 1.000000
  0 0.419100 3.003400 0.324500 0.478686 0.216494 0.850876 0.671700 0.733400 1 0 1.000000
main_side
  0 -0.209700 4.040300 0.326600 0.446016 0.464216 0.765227 0.784800 0.650500 1 0 1.000000
  0 0.419100 3.003400 0.324500 0.478686 0.216494 0.850876 0.671700 0.733400 1 0 1.000000
  0 0.024800 4.020400 0.204300 0.466282 0.374685 0.801369 0.782600 0.681300 1 0 1.000000
main_side
  0 0.024800 4.020400 0.204300 0.466282 0.374685 0.801369 0.782600 0.681300 1 0 1.000000
  0 -1.288700 5.155700 0.119300 0.382103 0.576805 0.722006 0.914100 0.512100 1 0 1.000000
  0 -0.209700 4.040300 0.326600 0.446016 0.464216 0.765227 0.784800 0.650500 1 0 1.000000
main_side
  0 -1.356500 4.940200 0.330400 0.329308 0.597514 0.731117 0.890600 0.503200 1 0 1.000000
  0 -0.209700 4.040300 0.326600 0.446016 0.464216 0.765227 0.784800 0.650500 1 0 1.000000
  0 -1.288700 5.155700 0.119300 0.382103 0.576805 0.722006 0.914100 0.512100 1 0 1.000000
main_side
  0 -1.288700 5.155700 0.119300 0.382103 0.576805 0.722006 0.914100 0.512100 1 0 1.000000
  0 -2.647900 5.739000 0.142700 0.222095 0.620885 0.751782 0.982600 0.328700 1 0 1.000000
  0 -1.356500 4.940200 0.330400 0.329308 0.597514 0.731117 0.890600 0.503200 1 0 1.000000
main_side
  0 -2.654100 5.512700 0.327600 0.171997 0.630988 0.756486 0.957900 0.328000 1 0 1.000000
  0 -1.356500 4.940200 0.330400 0.329308 0.597514 0.731117 0.890600 0.503200 1 0 1.000000
  0 -2.647900 5.739000 0.142700 0.222095 0.620885 0.751782 0.982600 0.328700 1 0 1.000000
main_side
  0 -2.647900 5.739000 0.142700 0.222095 0.620885 0.751782 0.982600 0.328700 1 0 1.000000
  0 -4.117100 6.009100 0.147700 0.051200 0.650004 0.758204 0.999500 0.134900 1 0 1.000000
  0 -2.654100 5.512700 0.327600 0.171997 0.630988 0.756486 0.957900 0.328000 1 0 1.000000
main_side
  0 -4.113000 5.798800 0.332700 -0.020600 0.660204 0.750804 0.992400 0.176600 1 0 1.000000
  0 -2.654100 5.512700 0.327600 0.171997 0.630988 0.756486 0.957900 0.328000 1 0 1.000000
  0 -4.117100 6.009100 0.147700 0.051200 0.650004 0.758204 0.999500 0.134900 1 0 1.000000
main_side
  0 -4.117100 6.009100 0.147700 0.051200 0.650004 0.758204 0.999500 0.134900 1 0 1.000000
  0 -4.907701 5.890300 0.150000 -0.259211 0.604026 0.753632 0.986500 0.030600 1 0 1.000000
  0 -4.113000 5.798800 0.332700 -0.020600 0.660204 0.750804 0.992400 0.176600 1 0 1.000000
main_side
  0 -4.836600 5.689800 0.335200 -0.505996 0.436396 0.743994 0.986400 0.032800 1 0 1.000000
  0 -4.113000 5.798800 0.332700 -0.020600 0.660204 0.750804 0.992400 0.176600 1 0 1.000000
  0 -4.907701 5.890300 0.150000 -0.259211 0.604026 0.753632 0.986500 0.030600 1 0 1.000000
main_side
  0 0.794400 2.098500 0.135100 0.723598 0.163000 0.670698 0.559100 0.752700 1 0 1.000000
  0 0.796200 2.887100 0.135100 0.553890 0.117998 0.824186 0.645100 0.741700 1 0 1.000000
  0 0.630300 1.960600 0.323500 0.244389 0.037398 0.968956 0.544100 0.731100 1 0 1.000000
main_side
  0 2.436400 0.553700 0.212700 0.051301 0.446105 0.893509 0.392700 0.982600 1 0 1.000000
  0 1.993500 0.607700 0.211200 0.130095 0.456881 0.879963 0.398600 0.924200 1 0 1.000000
  0 2.434600 0.344700 0.317200 0.062202 0.363713 0.929432 0.369900 0.982400 1 0 1.000000
main_side
  0 2.434600 0.344700 0.317200 0.062202 0.363713 0.929432 0.369900 0.982400 1 0 1.000000
  0 1.993500 0.607700 0.211200 0.130095 0.456881 0.879963 0.398600 0.924200 1 0 1.000000
  0 1.894700 0.417800 0.330900 0.108100 0.258299 0.959998 0.377900 0.911200 1 0 1.000000
main_side
  0 1.993500 0.607700 0.211200 0.130095 0.456881 0.879963 0.398600 0.924200 1 0 1.000000
  0 1.431800 0.942600 0.209200 0.274908 0.412211 0.868624 0.435100 0.850100 1 0 1.000000
  0 1.894700 0.417800 0.330900 0.108100 0.258299 0.959998 0.377900 0.911200 1 0 1.000000
main_side
  0 1.281500 0.810800 0.321200 0.230190 0.265388 0.936259 0.420800 0.830300 1 0 1.000000
  0 1.894700 0.417800 0.330900 0.108100 0.258299 0.959998 0.377900 0.911200 1 0 1.000000
  0 1.431800 0.942600 0.209200 0.274908 0.412211 0.868624 0.435100 0.850100 1 0 1.000000
main_side
  0 1.431800 0.942600 0.209200 0.274908 0.412211 0.868624 0.435100 0.850100 1 0 1.000000
  0 0.988900 1.471900 0.135700 0.547793 0.361895 0.754291 0.490800 0.788500 1 0 1.000000
  0 1.281500 0.810800 0.321200 0.230190 0.265388 0.936259 0.420800 0.830300 1 0 1.000000
main_side
  0 0.907900 1.257300 0.322500 0.344117 0.168708 0.923645 0.469500 0.781000 1 0 1.000000
  0 1.281500 0.810800 0.321200 0.230190 0.265388 0.936259 0.420800 0.830300 1 0 1.000000
  0 0.988900 1.471900 0.135700 0.547793 0.361895 0.754291 0.490800 0.788500 1 0 1.000000
main_side
  0 0.988900 1.471900 0.135700 0.547793 0.361895 0.754291 0.490800 0.788500 1 0 1.000000
  0 0.794400 2.098500 0.135100 0.723598 0.163000 0.670698 0.559100 0.752700 1 0 1.000000
  0 0.907900 1.257300 0.322500 0.344117 0.168708 0.923645 0.469500 0.781000 1 0 1.000000
main_side
  0 0.630300 1.960600 0.323500 0.244389 0.037398 0.968956 0.544100 0.731100 1 0 1.000000
  0 0.907900 1.257300 0.322500 0.344117 0.168708 0.923645 0.469500 0.781000 1 0 1.000000
  0 0.794400 2.098500 0.135100 0.723598 0.163000 0.670698 0.559100 0.752700 1 0 1.000000
main_side
  0 0.630300 1.960600 0.323500 0.244389 0.037398 0.968956 0.544100 0.731100 1 0 1.000000
  0 -1.013800 0.679300 0.288800 -0.016299 0.003100 0.999862 0.418300 0.558600 1 0 1.000000
  0 0.907900 1.257300 0.322500 0.344117 0.168708 0.923645 0.469500 0.781000 1 0 1.000000
main_side
  0 0.630300 1.960600 0.323500 0.244389 0.037398 0.968956 0.544100 0.731100 1 0 1.000000
  0 -1.236300 1.064000 0.289600 -0.120899 -0.074100 0.989895 0.470000 0.529300 1 0 1.000000
  0 -1.013800 0.679300 0.288800 -0.016299 0.003100 0.999862 0.418300 0.558600 1 0 1.000000
main_side
  0 -0.833900 -3.043600 0.328600 0.003500 0.000000 0.999994 0.008100 0.575300 1 0 1.000000
  0 -1.103900 -2.017400 0.329500 -0.063498 0.004700 0.997971 0.124200 0.532500 1 0 1.000000
  0 -1.006800 -2.795200 0.329200 0.003500 0.000000 0.999994 0.034500 0.552400 1 0 1.000000
main_side
  0 -1.103900 -2.017400 0.329500 -0.063498 0.004700 0.997971 0.124200 0.532500 1 0 1.000000
  0 -0.833900 -3.043600 0.328600 0.003500 0.000000 0.999994 0.008100 0.575300 1 0 1.000000
  0 -1.061300 -1.407300 0.329400 -0.117599 0.046000 0.991995 0.188600 0.548300 1 0 1.000000
main_side
  0 -0.543000 -3.151600 0.327600 0.003500 0.000000 0.999994 0.000500 0.606500 1 0 1.000000
  0 -1.061300 -1.407300 0.329400 -0.117599 0.046000 0.991995 0.188600 0.548300 1 0 1.000000
  0 -0.833900 -3.043600 0.328600 0.003500 0.000000 0.999994 0.008100 0.575300 1 0 1.000000
main_side
  0 -0.543000 -3.151600 0.327600 0.003500 0.000000 0.999994 0.000500 0.606500 1 0 1.000000
  0 0.397200 -3.151600 0.324300 0.003500 0.000000 0.999994 0.000500 0.704000 1 0 1.000000
  0 -1.061300 -1.407300 0.329400 -0.117599 0.046000 0.991995 0.188600 0.548300 1 0 1.000000
main_side
  0 0.397200 -3.151600 0.324300 0.003500 0.000000 0.999994 0.000500 0.704000 1 0 1.000000
  0 0.397200 0.014400 0.324300 -0.007300 0.008500 0.999937 0.345800 0.704000 1 0 1.000000
  0 -1.061300 -1.407300 0.329400 -0.117599 0.046000 0.991995 0.188600 0.548300 1 0 1.000000
main_side
  0 0.397200 0.014400 0.324300 -0.007300 0.008500 0.999937 0.345800 0.704000 1 0 1.000000
  0 -1.013800 0.679300 0.288800 -0.016299 0.003100 0.999862 0.418300 0.558600 1 0 1.000000
  0 -1.061300 -1.407300 0.329400 -0.117599 0.046000 0.991995 0.188600 0.548300 1 0 1.000000
main_side
  0 0.907900 1.257300 0.322500 0.344117 0.168708 0.923645 0.469500 0.781000 1 0 1.000000
  0 -1.013800 0.679300 0.288800 -0.016299 0.003100 0.999862 0.418300 0.558600 1 0 1.000000
  0 0.397200 0.014400 0.324300 -0.007300 0.008500 0.999937 0.345800 0.704000 1 0 1.000000
main_side
  0 0.907900 1.257300 0.322500 0.344117 0.168708 0.923645 0.469500 0.781000 1 0 1.000000
  0 0.397200 0.014400 0.324300 -0.007300 0.008500 0.999937 0.345800 0.704000 1 0 1.000000
  0 1.281500 0.810800 0.321200 0.230190 0.265388 0.936259 0.420800 0.830300 1 0 1.000000
main_side
  0 1.281500 0.810800 0.321200 0.230190 0.265388 0.936259 0.420800 0.830300 1 0 1.000000
  0 0.397200 0.014400 0.324300 -0.007300 0.008500 0.999937 0.345800 0.704000 1 0 1.000000
  0 1.894700 0.417800 0.330900 0.108100 0.258299 0.959998 0.377900 0.911200 1 0 1.000000
main_side
  0 0.397200 0.014400 0.324300 -0.007300 0.008500 0.999937 0.345800 0.704000 1 0 1.000000
  0 2.434800 0.198300 0.336500 0.018199 0.070198 0.997367 0.354000 0.982400 1 0 1.000000
  0 1.894700 0.417800 0.330900 0.108100 0.258299 0.959998 0.377900 0.911200 1 0 1.000000
main_side
  0 1.894700 0.417800 0.330900 0.108100 0.258299 0.959998 0.377900 0.911200 1 0 1.000000
  0 2.434800 0.198300 0.336500 0.018199 0.070198 0.997367 0.354000 0.982400 1 0 1.000000
  0 2.434600 0.344700 0.317200 0.062202 0.363713 0.929432 0.369900 0.982400 1 0 1.000000
main_side
  0 1.415800 -3.069300 -1.496800 0.000000 -1.000000 0.000000 0.278700 0.863100 1 0 1.000000
  0 1.906000 -3.069300 -1.192400 0.000000 -1.000000 0.000000 0.250500 0.913400 1 0 1.000000
  0 1.415800 -3.069300 -1.323800 0.000000 -1.000000 0.000000 0.264200 0.863000 1 0 1.000000
main_side
  0 1.415800 -3.069300 -1.496800 0.000000 -1.000000 0.000000 0.278700 0.863100 1 0 1.000000
  0 1.992500 -3.069300 -1.342300 0.000000 -1.000000 0.000000 0.266400 0.922200 1 0 1.000000
  0 1.906000 -3.069300 -1.192400 0.000000 -1.000000 0.000000 0.250500 0.913400 1 0 1.000000
main_side
  0 1.992500 -3.069300 -1.342300 0.000000 -1.000000 0.000000 0.266400 0.922200 1 0 1.000000
  0 2.264900 -3.069300 -0.833600 0.000000 -1.000000 0.000000 0.212700 0.950300 1 0 1.000000
  0 1.906000 -3.069300 -1.192400 0.000000 -1.000000 0.000000 0.250500 0.913400 1 0 1.000000
main_side
  0 1.992500 -3.069300 -1.342300 0.000000 -1.000000 0.000000 0.266400 0.922200 1 0 1.000000
  0 2.414700 -3.069300 -0.920100 0.000000 -1.000000 0.000000 0.221900 0.965700 1 0 1.000000
  0 2.264900 -3.069300 -0.833600 0.000000 -1.000000 0.000000 0.212700 0.950300 1 0 1.000000
main_side
  0 2.414700 -3.069300 -0.920100 0.000000 -1.000000 0.000000 0.221900 0.965700 1 0 1.000000
  0 2.344500 -3.069300 -0.536500 0.000000 -1.000000 0.000000 0.181300 0.958600 1 0 1.000000
  0 2.264900 -3.069300 -0.833600 0.000000 -1.000000 0.000000 0.212700 0.950300 1 0 1.000000
main_side
  0 2.414700 -3.069300 -0.920100 0.000000 -1.000000 0.000000 0.221900 0.965700 1 0 1.000000
  0 2.517500 -3.069300 -0.536500 0.000000 -1.000000 0.000000 0.181400 0.976400 1 0 1.000000
  0 2.344500 -3.069300 -0.536500 0.000000 -1.000000 0.000000 0.181300 0.958600 1 0 1.000000
main_side
  0 2.517500 -3.069300 -0.150200 0.000000 -1.000000 0.000000 0.140600 0.976500 1 0 1.000000
  0 2.264900 -3.069300 0.146900 0.000000 -1.000000 0.000000 0.109100 0.950700 1 0 1.000000
  0 2.344500 -3.069300 -0.150200 0.000000 -1.000000 0.000000 0.140500 0.958800 1 0 1.000000
main_side
  0 2.517500 -3.069300 -0.150200 0.000000 -1.000000 0.000000 0.140600 0.976500 1 0 1.000000
  0 2.414700 -3.069300 0.233400 0.000000 -1.000000 0.000000 0.100000 0.966100 1 0 1.000000
  0 2.264900 -3.069300 0.146900 0.000000 -1.000000 0.000000 0.109100 0.950700 1 0 1.000000
main_side
  0 2.414700 -3.069300 0.233400 0.000000 -1.000000 0.000000 0.100000 0.966100 1 0 1.000000
  0 1.906000 -3.069300 0.505700 0.000000 -1.000000 0.000000 0.071000 0.914000 1 0 1.000000
  0 2.264900 -3.069300 0.146900 0.000000 -1.000000 0.000000 0.109100 0.950700 1 0 1.000000
main_side
  0 2.414700 -3.069300 0.233400 0.000000 -1.000000 0.000000 0.100000 0.966100 1 0 1.000000
  0 1.992500 -3.069300 0.655600 0.000000 -1.000000 0.000000 0.058000 0.921300 1 0 1.000000
  0 1.906000 -3.069300 0.505700 0.000000 -1.000000 0.000000 0.071000 0.914000 1 0 1.000000
main_side
  0 1.992500 -3.069300 0.655600 0.000000 -1.000000 0.000000 0.058000 0.921300 1 0 1.000000
  0 1.415800 -3.069300 0.637100 0.000000 -1.000000 0.000000 0.056900 0.863700 1 0 1.000000
  0 1.906000 -3.069300 0.505700 0.000000 -1.000000 0.000000 0.071000 0.914000 1 0 1.000000
main_side
  0 1.992500 -3.069300 0.655600 0.000000 -1.000000 0.000000 0.058000 0.921300 1 0 1.000000
  0 1.415800 -3.069300 0.810100 0.000000 -1.000000 0.000000 0.042000 0.863900 1 0 1.000000
  0 1.415800 -3.069300 0.637100 0.000000 -1.000000 0.000000 0.056900 0.863700 1 0 1.000000
main_side
  0 1.415800 -3.069300 0.810100 0.000000 -1.000000 0.000000 0.042000 0.863900 1 0 1.000000
  0 0.925600 -3.069300 0.505700 0.000000 -1.000000 0.000000 0.070700 0.813400 1 0 1.000000
  0 1.415800 -3.069300 0.637100 0.000000 -1.000000 0.000000 0.056900 0.863700 1 0 1.000000
main_side
  0 1.415800 -3.069300 0.810100 0.000000 -1.000000 0.000000 0.042000 0.863900 1 0 1.000000
  0 0.839100 -3.069300 0.655600 0.000000 -1.000000 0.000000 0.057600 0.806400 1 0 1.000000
  0 0.925600 -3.069300 0.505700 0.000000 -1.000000 0.000000 0.070700 0.813400 1 0 1.000000
main_side
  0 0.839100 -3.069300 0.655600 0.000000 -1.000000 0.000000 0.057600 0.806400 1 0 1.000000
  0 0.566700 -3.069300 0.146900 0.000000 -1.000000 0.000000 0.108500 0.776400 1 0 1.000000
  0 0.925600 -3.069300 0.505700 0.000000 -1.000000 0.000000 0.070700 0.813400 1 0 1.000000
main_side
  0 0.839100 -3.069300 0.655600 0.000000 -1.000000 0.000000 0.057600 0.806400 1 0 1.000000
  0 0.416900 -3.069300 0.233400 0.000000 -1.000000 0.000000 0.100800 0.764200 1 0 1.000000
  0 0.566700 -3.069300 0.146900 0.000000 -1.000000 0.000000 0.108500 0.776400 1 0 1.000000
main_side
  0 0.416900 -3.069300 0.233400 0.000000 -1.000000 0.000000 0.100800 0.764200 1 0 1.000000
  0 0.435300 -3.069300 -0.343300 0.000000 -1.000000 0.000000 0.160200 0.762700 1 0 1.000000
  0 0.566700 -3.069300 0.146900 0.000000 -1.000000 0.000000 0.108500 0.776400 1 0 1.000000
main_side
  0 0.416900 -3.069300 0.233400 0.000000 -1.000000 0.000000 0.100800 0.764200 1 0 1.000000
  0 0.262300 -3.069300 -0.343300 0.000000 -1.000000 0.000000 0.160000 0.722000 1 0 1.000000
  0 0.435300 -3.069300 -0.343300 0.000000 -1.000000 0.000000 0.160200 0.762700 1 0 1.000000
main_side
  0 0.262300 -3.069300 -0.343300 0.000000 -1.000000 0.000000 0.160000 0.722000 1 0 1.000000
  0 0.566700 -3.069300 -0.833600 0.000000 -1.000000 0.000000 0.212100 0.776000 1 0 1.000000
  0 0.435300 -3.069300 -0.343300 0.000000 -1.000000 0.000000 0.160200 0.762700 1 0 1.000000
main_side
  0 0.262300 -3.069300 -0.343300 0.000000 -1.000000 0.000000 0.160000 0.722000 1 0 1.000000
  0 0.416900 -3.069300 -0.920100 0.000000 -1.000000 0.000000 0.219200 0.763800 1 0 1.000000
  0 0.566700 -3.069300 -0.833600 0.000000 -1.000000 0.000000 0.212100 0.776000 1 0 1.000000
main_side
  0 0.416900 -3.069300 -0.920100 0.000000 -1.000000 0.000000 0.219200 0.763800 1 0 1.000000
  0 0.925600 -3.069300 -1.192400 0.000000 -1.000000 0.000000 0.250200 0.812700 1 0 1.000000
  0 0.566700 -3.069300 -0.833600 0.000000 -1.000000 0.000000 0.212100 0.776000 1 0 1.000000
main_side
  0 0.416900 -3.069300 -0.920100 0.000000 -1.000000 0.000000 0.219200 0.763800 1 0 1.000000
  0 0.839100 -3.069300 -1.342300 0.000000 -1.000000 0.000000 0.262700 0.805700 1 0 1.000000
  0 0.925600 -3.069300 -1.192400 0.000000 -1.000000 0.000000 0.250200 0.812700 1 0 1.000000
main_side
  0 0.839100 -3.069300 -1.342300 0.000000 -1.000000 0.000000 0.262700 0.805700 1 0 1.000000
  0 1.415800 -3.069300 -1.323800 0.000000 -1.000000 0.000000 0.264200 0.863000 1 0 1.000000
  0 0.925600 -3.069300 -1.192400 0.000000 -1.000000 0.000000 0.250200 0.812700 1 0 1.000000
main_side
  0 0.839100 -3.069300 -1.342300 0.000000 -1.000000 0.000000 0.262700 0.805700 1 0 1.000000
  0 1.415800 -3.069300 -1.496800 0.000000 -1.000000 0.000000 0.278700 0.863100 1 0 1.000000
  0 1.415800 -3.069300 -1.323800 0.000000 -1.000000 0.000000 0.264200 0.863000 1 0 1.000000
main_side
  0 -1.631200 1.257000 -0.842800 -0.431628 -0.249516 -0.866856 0.495900 0.459300 1 0 1.000000
  0 -1.913800 1.580000 -0.796100 -0.309997 -0.211598 -0.926892 0.516500 0.425100 1 0 1.000000
  0 -1.675300 1.904000 -1.047100 -0.343697 -0.110199 -0.932592 0.551800 0.456500 1 0 1.000000
main_side
  0 -1.631200 1.257000 -0.842800 -0.431628 -0.249516 -0.866856 0.495900 0.459300 1 0 1.000000
  0 -2.056600 1.237900 -0.687600 -0.253003 -0.195002 -0.947609 0.484100 0.403300 1 0 1.000000
  0 -1.913800 1.580000 -0.796100 -0.309997 -0.211598 -0.926892 0.516500 0.425100 1 0 1.000000
main_side
  0 -2.056600 1.237900 -0.687600 -0.253003 -0.195002 -0.947609 0.484100 0.403300 1 0 1.000000
  0 -2.441800 1.025100 -0.567000 -0.192102 -0.155902 -0.968912 0.456000 0.355600 1 0 1.000000
  0 -1.913800 1.580000 -0.796100 -0.309997 -0.211598 -0.926892 0.516500 0.425100 1 0 1.000000
main_side
  0 -2.441800 1.025100 -0.567000 -0.192102 -0.155902 -0.968912 0.456000 0.355600 1 0 1.000000
  0 -2.519600 1.126200 -0.563000 -0.059199 -0.131198 -0.989587 0.467000 0.345300 1 0 1.000000
  0 -1.913800 1.580000 -0.796100 -0.309997 -0.211598 -0.926892 0.516500 0.425100 1 0 1.000000
main_side
  0 -2.441800 1.025100 -0.567000 -0.192102 -0.155902 -0.968912 0.456000 0.355600 1 0 1.000000
  0 -2.591300 0.760800 -0.522900 0.134001 -0.078001 -0.987907 0.427200 0.335900 1 0 1.000000
  0 -2.519600 1.126200 -0.563000 -0.059199 -0.131198 -0.989587 0.467000 0.345300 1 0 1.000000
main_side
  0 -2.591300 0.760800 -0.522900 0.134001 -0.078001 -0.987907 0.427200 0.335900 1 0 1.000000
  0 -2.714000 0.834600 -0.563700 0.279499 -0.050900 -0.958796 0.435200 0.319700 1 0 1.000000
  0 -2.519600 1.126200 -0.563000 -0.059199 -0.131198 -0.989587 0.467000 0.345300 1 0 1.000000
main_side
  0 -2.591300 0.760800 -0.522900 0.134001 -0.078001 -0.987907 0.427200 0.335900 1 0 1.000000
  0 -2.589900 -0.825000 -0.522900 0.277206 0.030701 -0.960320 0.254200 0.336100 1 0 1.000000
  0 -2.714000 0.834600 -0.563700 0.279499 -0.050900 -0.958796 0.435200 0.319700 1 0 1.000000
main_side
  0 -2.589900 -0.825000 -0.522900 0.277206 0.030701 -0.960320 0.254200 0.336100 1 0 1.000000
  0 -2.724800 -0.926300 -0.563800 0.250901 0.066800 -0.965705 0.243200 0.318200 1 0 1.000000
  0 -2.714000 0.834600 -0.563700 0.279499 -0.050900 -0.958796 0.435200 0.319700 1 0 1.000000
main_side
  0 -2.589900 -0.825000 -0.522900 0.277206 0.030701 -0.960320 0.254200 0.336100 1 0 1.000000
  0 -2.424800 -1.213800 -0.522300 0.174705 0.140604 -0.974530 0.211800 0.357900 1 0 1.000000
  0 -2.724800 -0.926300 -0.563800 0.250901 0.066800 -0.965705 0.243200 0.318200 1 0 1.000000
main_side
  0 -2.424800 -1.213800 -0.522300 0.174705 0.140604 -0.974530 0.211800 0.357900 1 0 1.000000
  0 -2.519600 -1.369200 -0.563000 0.119501 0.178202 -0.976710 0.194900 0.345300 1 0 1.000000
  0 -2.724800 -0.926300 -0.563800 0.250901 0.066800 -0.965705 0.243200 0.318200 1 0 1.000000
main_side
  0 -2.424800 -1.213800 -0.522300 0.174705 0.140604 -0.974530 0.211800 0.357900 1 0 1.000000
  0 -2.082800 -1.454800 -0.554800 -0.079303 0.277209 -0.957531 0.185500 0.402900 1 0 1.000000
  0 -2.519600 -1.369200 -0.563000 0.119501 0.178202 -0.976710 0.194900 0.345300 1 0 1.000000
main_side
  0 -2.082800 -1.454800 -0.554800 -0.079303 0.277209 -0.957531 0.185500 0.402900 1 0 1.000000
  0 -2.152200 -1.628500 -0.595600 -0.088698 0.261293 -0.961176 0.168700 0.393800 1 0 1.000000
  0 -2.519600 -1.369200 -0.563000 0.119501 0.178202 -0.976710 0.194900 0.345300 1 0 1.000000
main_side
  0 -2.082800 -1.454800 -0.554800 -0.079303 0.277209 -0.957531 0.185500 0.402900 1 0 1.000000
  0 -1.654700 -1.704100 -0.747400 -0.256409 0.381414 -0.888132 0.163200 0.459300 1 0 1.000000
  0 -2.152200 -1.628500 -0.595600 -0.088698 0.261293 -0.961176 0.168700 0.393800 1 0 1.000000
main_side
  0 -2.082800 -1.454800 -0.554800 -0.079303 0.277209 -0.957531 0.185500 0.402900 1 0 1.000000
  0 -1.499700 -1.537100 -0.715000 -0.395290 0.355491 -0.846978 0.176600 0.479800 1 0 1.000000
  0 -1.654700 -1.704100 -0.747400 -0.256409 0.381414 -0.888132 0.163200 0.459300 1 0 1.000000
main_side
  0 -1.499700 -1.537100 -0.715000 -0.395290 0.355491 -0.846978 0.176600 0.479800 1 0 1.000000
  0 -1.308300 -1.822900 -0.955700 -0.458008 0.242204 -0.855316 0.150300 0.504900 1 0 1.000000
  0 -1.654700 -1.704100 -0.747400 -0.256409 0.381414 -0.888132 0.163200 0.459300 1 0 1.000000
main_side
  0 -1.499700 -1.537100 -0.715000 -0.395290 0.355491 -0.846978 0.176600 0.479800 1 0 1.000000
  0 -1.060100 -1.407300 -1.045000 -0.148804 0.038301 -0.988125 0.188600 0.547800 1 0 1.000000
  0 -1.308300 -1.822900 -0.955700 -0.458008 0.242204 -0.855316 0.150300 0.504900 1 0 1.000000
main_side
  0 -1.060100 -1.407300 -1.045000 -0.148804 0.038301 -0.988125 0.188600 0.547800 1 0 1.000000
  0 -1.102700 -2.017400 -1.045100 -0.125703 0.009000 -0.992027 0.124200 0.532000 1 0 1.000000
  0 -1.308300 -1.822900 -0.955700 -0.458008 0.242204 -0.855316 0.150300 0.504900 1 0 1.000000
main_side
  0 -1.102700 -2.017400 -1.045100 -0.125703 0.009000 -0.992027 0.124200 0.532000 1 0 1.000000
  0 -1.060100 -1.407300 -1.045000 -0.148804 0.038301 -0.988125 0.188600 0.547800 1 0 1.000000
  0 -0.832400 -3.043600 -1.044200 0.003500 0.000000 -0.999994 0.008100 0.574800 1 0 1.000000
main_side
  0 -0.832400 -3.043600 -1.044200 0.003500 0.000000 -0.999994 0.008100 0.574800 1 0 1.000000
  0 -1.005500 -2.795200 -1.044800 0.003500 0.000000 -0.999994 0.034500 0.552000 1 0 1.000000
  0 -1.102700 -2.017400 -1.045100 -0.125703 0.009000 -0.992027 0.124200 0.532000 1 0 1.000000
main_side
  0 1.434300 0.033100 -1.532200 0.032300 -0.990113 -0.136502 0.282400 0.864900 1 0 1.000000
  0 2.047100 0.041000 -1.444800 0.056302 -0.993631 -0.097603 0.273600 0.926000 1 0 1.000000
  0 1.992500 0.025100 -1.342300 0.066402 -0.990731 -0.118504 0.266400 0.922200 1 0 1.000000
main_side
  0 2.047100 0.041000 -1.444800 0.056302 -0.993631 -0.097603 0.273600 0.926000 1 0 1.000000
  0 2.414700 0.025100 -0.920100 0.081600 -0.995898 -0.039100 0.221900 0.965700 1 0 1.000000
  0 1.992500 0.025100 -1.342300 0.066402 -0.990731 -0.118504 0.266400 0.922200 1 0 1.000000
main_side
  0 2.047100 0.041000 -1.444800 0.056302 -0.993631 -0.097603 0.273600 0.926000 1 0 1.000000
  0 2.616700 0.041000 -1.074800 0.048101 -0.998827 -0.005600 0.235800 0.982900 1 0 1.000000
  0 2.414700 0.025100 -0.920100 0.081600 -0.995898 -0.039100 0.221900 0.965700 1 0 1.000000
main_side
  0 2.616700 0.041000 -1.074800 0.048101 -0.998827 -0.005600 0.235800 0.982900 1 0 1.000000
  0 2.431300 0.041000 -0.558200 0.054103 -0.998347 0.019401 0.183700 0.967500 1 0 1.000000
  0 2.414700 0.025100 -0.920100 0.081600 -0.995898 -0.039100 0.221900 0.965700 1 0 1.000000
main_side
  0 2.616700 0.041000 -1.074800 0.048101 -0.998827 -0.005600 0.235800 0.982900 1 0 1.000000
  0 2.654500 0.041000 -0.717200 0.000000 -1.000000 0.000000 0.199200 0.986800 1 0 1.000000
  0 2.431300 0.041000 -0.558200 0.054103 -0.998347 0.019401 0.183700 0.967500 1 0 1.000000
main_side
  0 -0.093500 -2.331300 0.277500 0.788821 -0.233806 0.568415 0.575900 0.337500 1 0 1.000000
  0 -0.093500 -2.088600 0.277500 0.736081 0.310292 0.601584 0.627100 0.337500 1 0 1.000000
  0 -0.170500 -2.210000 0.434200 0.748520 -0.122403 0.651717 0.601500 0.320600 1 0 1.000000
main_side
  0 -0.375700 -1.927500 0.433500 0.346114 0.676226 0.650325 0.661200 0.275400 1 0 1.000000
  0 -0.170500 -2.210000 0.434200 0.748520 -0.122403 0.651717 0.601500 0.320600 1 0 1.000000
  0 -0.093500 -2.088600 0.277500 0.736081 0.310292 0.601584 0.627100 0.337500 1 0 1.000000
main_side
  0 -0.093500 -2.088600 0.277500 0.736081 0.310292 0.601584 0.627100 0.337500 1 0 1.000000
  0 -0.236100 -1.892300 0.277000 0.464801 0.679801 0.567301 0.668600 0.306000 1 0 1.000000
  0 -0.375700 -1.927500 0.433500 0.346114 0.676226 0.650325 0.661200 0.275400 1 0 1.000000
main_side
  0 -0.236100 -1.892300 0.277000 0.464801 0.679801 0.567301 0.668600 0.306000 1 0 1.000000
  0 -0.466900 -1.817400 0.276200 -0.069101 0.797908 0.598806 0.684400 0.255200 1 0 1.000000
  0 -0.375700 -1.927500 0.433500 0.346114 0.676226 0.650325 0.661200 0.275400 1 0 1.000000
main_side
  0 -0.707600 -2.035400 0.432400 -0.537688 0.540288 0.647286 0.638400 0.202200 1 0 1.000000
  0 -0.375700 -1.927500 0.433500 0.346114 0.676226 0.650325 0.661200 0.275400 1 0 1.000000
  0 -0.466900 -1.817400 0.276200 -0.069101 0.797908 0.598806 0.684400 0.255200 1 0 1.000000
main_side
  0 -0.466900 -1.817400 0.276200 -0.069101 0.797908 0.598806 0.684400 0.255200 1 0 1.000000
  0 -0.697600 -1.892300 0.275400 -0.504295 0.653994 0.563895 0.668600 0.204300 1 0 1.000000
  0 -0.707600 -2.035400 0.432400 -0.537688 0.540288 0.647286 0.638400 0.202200 1 0 1.000000
main_side
  0 -0.697600 -1.892300 0.275400 -0.504295 0.653994 0.563895 0.668600 0.204300 1 0 1.000000
  0 -0.840200 -2.088600 0.274900 -0.781629 0.182907 0.596322 0.627100 0.172900 1 0 1.000000
  0 -0.707600 -2.035400 0.432400 -0.537688 0.540288 0.647286 0.638400 0.202200 1 0 1.000000
main_side
  0 -0.707600 -2.384500 0.432400 -0.681566 -0.342283 0.646768 0.564700 0.202200 1 0 1.000000
  0 -0.707600 -2.035400 0.432400 -0.537688 0.540288 0.647286 0.638400 0.202200 1 0 1.000000
  0 -0.840200 -2.088600 0.274900 -0.781629 0.182907 0.596322 0.627100 0.172900 1 0 1.000000
main_side
  0 -0.840200 -2.088600 0.274900 -0.781629 0.182907 0.596322 0.627100 0.172900 1 0 1.000000
  0 -0.840200 -2.331300 0.274900 -0.779192 -0.275697 0.562894 0.575900 0.172900 1 0 1.000000
  0 -0.707600 -2.384500 0.432400 -0.681566 -0.342283 0.646768 0.564700 0.202200 1 0 1.000000
main_side
  0 -0.840200 -2.331300 0.274900 -0.779192 -0.275697 0.562894 0.575900 0.172900 1 0 1.000000
  0 -0.697600 -2.527600 0.275400 -0.416896 -0.684893 0.597594 0.534400 0.204300 1 0 1.000000
  0 -0.707600 -2.384500 0.432400 -0.681566 -0.342283 0.646768 0.564700 0.202200 1 0 1.000000
main_side
  0 -0.375700 -2.492400 0.433500 0.113306 -0.751841 0.649536 0.541900 0.275400 1 0 1.000000
  0 -0.707600 -2.384500 0.432400 -0.681566 -0.342283 0.646768 0.564700 0.202200 1 0 1.000000
  0 -0.697600 -2.527600 0.275400 -0.416896 -0.684893 0.597594 0.534400 0.204300 1 0 1.000000
main_side
  0 -0.697600 -2.527600 0.275400 -0.416896 -0.684893 0.597594 0.534400 0.204300 1 0 1.000000
  0 -0.466900 -2.602600 0.276200 0.019999 -0.824379 0.565685 0.518600 0.255200 1 0 1.000000
  0 -0.375700 -2.492400 0.433500 0.113306 -0.751841 0.649536 0.541900 0.275400 1 0 1.000000
main_side
  0 -0.466900 -2.602600 0.276200 0.019999 -0.824379 0.565685 0.518600 0.255200 1 0 1.000000
  0 -0.236100 -2.527600 0.277000 0.521073 -0.606168 0.600869 0.534400 0.306000 1 0 1.000000
  0 -0.375700 -2.492400 0.433500 0.113306 -0.751841 0.649536 0.541900 0.275400 1 0 1.000000
main_side
  0 -0.170500 -2.210000 0.434200 0.748520 -0.122403 0.651717 0.601500 0.320600 1 0 1.000000
  0 -0.375700 -2.492400 0.433500 0.113306 -0.751841 0.649536 0.541900 0.275400 1 0 1.000000
  0 -0.236100 -2.527600 0.277000 0.521073 -0.606168 0.600869 0.534400 0.306000 1 0 1.000000
main_side
  0 -0.236100 -2.527600 0.277000 0.521073 -0.606168 0.600869 0.534400 0.306000 1 0 1.000000
  0 -0.093500 -2.331300 0.277500 0.788821 -0.233806 0.568415 0.575900 0.337500 1 0 1.000000
  0 -0.170500 -2.210000 0.434200 0.748520 -0.122403 0.651717 0.601500 0.320600 1 0 1.000000
main_side
  0 0.848800 0.033100 0.691400 -0.057902 -0.995730 0.071902 0.054000 0.807400 1 0 1.000000
  0 0.423400 0.041000 0.459000 -0.156105 -0.985632 0.064502 0.077700 0.764900 1 0 1.000000
  0 0.416900 0.025100 0.233400 -0.171399 -0.982396 0.074300 0.100800 0.764200 1 0 1.000000
main_side
  0 0.423400 0.041000 0.459000 -0.156105 -0.985632 0.064502 0.077700 0.764900 1 0 1.000000
  0 0.262300 0.025100 -0.343300 -0.178695 -0.983474 0.029099 0.160000 0.722000 1 0 1.000000
  0 0.416900 0.025100 0.233400 -0.171399 -0.982396 0.074300 0.100800 0.764200 1 0 1.000000
main_side
  0 0.423400 0.041000 0.459000 -0.156105 -0.985632 0.064502 0.077700 0.764900 1 0 1.000000
  0 0.136900 0.041000 -0.343300 -0.154104 -0.987825 -0.021301 0.159900 0.709500 1 0 1.000000
  0 0.262300 0.025100 -0.343300 -0.178695 -0.983474 0.029099 0.160000 0.722000 1 0 1.000000
main_side
  0 0.136900 0.041000 -0.343300 -0.154104 -0.987825 -0.021301 0.159900 0.709500 1 0 1.000000
  0 0.416900 0.025100 -0.920100 -0.131399 -0.989494 -0.060300 0.219200 0.763800 1 0 1.000000
  0 0.262300 0.025100 -0.343300 -0.178695 -0.983474 0.029099 0.160000 0.722000 1 0 1.000000
main_side
  0 0.136900 0.041000 -0.343300 -0.154104 -0.987825 -0.021301 0.159900 0.709500 1 0 1.000000
  0 0.423500 0.041000 -1.145700 -0.134202 -0.988217 -0.073601 0.242400 0.764400 1 0 1.000000
  0 0.416900 0.025100 -0.920100 -0.131399 -0.989494 -0.060300 0.219200 0.763800 1 0 1.000000
main_side
  0 0.423500 0.041000 -1.145700 -0.134202 -0.988217 -0.073601 0.242400 0.764400 1 0 1.000000
  0 0.848800 0.033100 -1.378100 -0.057902 -0.995730 -0.071902 0.266400 0.806700 1 0 1.000000
  0 0.416900 0.025100 -0.920100 -0.131399 -0.989494 -0.060300 0.219200 0.763800 1 0 1.000000
main_side
  0 2.438200 0.553700 -0.580800 0.078004 0.126106 0.988945 0.087800 0.465700 1 0 1.000000
  0 2.322600 0.060300 -0.580800 0.000000 0.000000 1.000000 0.034000 0.450500 1 0 1.000000
  0 2.438200 0.173400 -0.580800 0.000000 0.000000 1.000000 0.046300 0.465700 1 0 1.000000
main_side
  0 2.322600 0.060300 -0.580800 0.000000 0.000000 1.000000 0.034000 0.450500 1 0 1.000000
  0 2.438200 0.553700 -0.580800 0.078004 0.126106 0.988945 0.087800 0.465700 1 0 1.000000
  0 2.239900 0.430200 -0.580800 0.095601 -0.153502 0.983513 0.074300 0.439600 1 0 1.000000
main_side
  0 1.290700 0.511500 -0.363600 0.448804 0.893608 0.006300 0.083200 0.314400 1 0 1.000000
  0 2.239900 0.430200 -0.580800 0.095601 -0.153502 0.983513 0.074300 0.439600 1 0 1.000000
  0 2.438200 0.553700 -0.580800 0.078004 0.126106 0.988945 0.087800 0.465700 1 0 1.000000
main_side
  0 1.994500 0.607700 -0.579500 0.162791 0.587668 0.792556 0.093700 0.407200 1 0 1.000000
  0 1.290700 0.511500 -0.363600 0.448804 0.893608 0.006300 0.083200 0.314400 1 0 1.000000
  0 2.438200 0.553700 -0.580800 0.078004 0.126106 0.988945 0.087800 0.465700 1 0 1.000000
main_side
  0 1.434300 0.942600 -0.584200 0.166306 0.315212 0.934336 0.130200 0.333300 1 0 1.000000
  0 1.290700 0.511500 -0.363600 0.448804 0.893608 0.006300 0.083200 0.314400 1 0 1.000000
  0 1.994500 0.607700 -0.579500 0.162791 0.587668 0.792556 0.093700 0.407200 1 0 1.000000
main_side
  0 1.290700 0.511500 -0.363600 0.448804 0.893608 0.006300 0.083200 0.314400 1 0 1.000000
  0 1.434300 0.942600 -0.584200 0.166306 0.315212 0.934336 0.130200 0.333300 1 0 1.000000
  0 0.131300 0.846400 -0.367600 0.811393 0.584495 0.002700 0.119700 0.161500 1 0 1.000000
main_side
  0 0.991400 1.471900 -0.585700 0.177498 0.097399 0.979289 0.185900 0.271800 1 0 1.000000
  0 0.131300 0.846400 -0.367600 0.811393 0.584495 0.002700 0.119700 0.161500 1 0 1.000000
  0 1.434300 0.942600 -0.584200 0.166306 0.315212 0.934336 0.130200 0.333300 1 0 1.000000
main_side
  0 0.797000 2.098500 -0.586400 0.257395 0.031899 0.965780 0.253500 0.239000 1 0 1.000000
  0 0.131300 0.846400 -0.367600 0.811393 0.584495 0.002700 0.119700 0.161500 1 0 1.000000
  0 0.991400 1.471900 -0.585700 0.177498 0.097399 0.979289 0.185900 0.271800 1 0 1.000000
main_side
  0 0.797000 2.887100 -0.586400 0.226296 0.030499 0.973581 0.349900 0.239000 1 0 1.000000
  0 0.131300 0.846400 -0.367600 0.811393 0.584495 0.002700 0.119700 0.161500 1 0 1.000000
  0 0.797000 2.098500 -0.586400 0.257395 0.031899 0.965780 0.253500 0.239000 1 0 1.000000
main_side
  0 -0.018100 4.060700 -0.544500 0.138401 0.060800 0.988508 0.468200 0.130500 1 0 1.000000
  0 0.131300 0.846400 -0.367600 0.811393 0.584495 0.002700 0.119700 0.161500 1 0 1.000000
  0 0.797000 2.887100 -0.586400 0.226296 0.030499 0.973581 0.349900 0.239000 1 0 1.000000
main_side
  0 -0.019300 4.060700 -0.189000 0.143098 0.061599 -0.987790 0.468200 0.130500 1 0 1.000000
  0 0.795400 2.887100 -0.144200 0.232006 0.030901 -0.972223 0.349900 0.239000 1 0 1.000000
  0 0.131300 0.846400 -0.367600 0.811393 0.584495 0.002700 0.119700 0.161500 1 0 1.000000
main_side
  0 0.795400 2.887100 -0.144200 0.232006 0.030901 -0.972223 0.349900 0.239000 1 0 1.000000
  0 0.795400 2.098500 -0.144200 0.264210 0.031901 -0.963937 0.253500 0.239000 1 0 1.000000
  0 0.131300 0.846400 -0.367600 0.811393 0.584495 0.002700 0.119700 0.161500 1 0 1.000000
main_side
  0 0.795400 2.098500 -0.144200 0.264210 0.031901 -0.963937 0.253500 0.239000 1 0 1.000000
  0 0.989900 1.471900 -0.143500 0.184306 0.097403 -0.978031 0.185900 0.271800 1 0 1.000000
  0 0.131300 0.846400 -0.367600 0.811393 0.584495 0.002700 0.119700 0.161500 1 0 1.000000
main_side
  0 0.989900 1.471900 -0.143500 0.184306 0.097403 -0.978031 0.185900 0.271800 1 0 1.000000
  0 1.432800 0.942600 -0.142000 0.173796 0.314893 -0.933079 0.130200 0.333300 1 0 1.000000
  0 0.131300 0.846400 -0.367600 0.811393 0.584495 0.002700 0.119700 0.161500 1 0 1.000000
main_side
  0 1.290700 0.511500 -0.363600 0.448804 0.893608 0.006300 0.083200 0.314400 1 0 1.000000
  0 0.131300 0.846400 -0.367600 0.811393 0.584495 0.002700 0.119700 0.161500 1 0 1.000000
  0 1.432800 0.942600 -0.142000 0.173796 0.314893 -0.933079 0.130200 0.333300 1 0 1.000000
main_side
  0 1.432800 0.942600 -0.142000 0.173796 0.314893 -0.933079 0.130200 0.333300 1 0 1.000000
  0 1.994500 0.607700 -0.140000 0.168794 0.593580 -0.786874 0.093700 0.407400 1 0 1.000000
  0 1.290700 0.511500 -0.363600 0.448804 0.893608 0.006300 0.083200 0.314400 1 0 1.000000
main_side
  0 1.994500 0.607700 -0.140000 0.168794 0.593580 -0.786874 0.093700 0.407400 1 0 1.000000
  0 2.437400 0.553700 -0.138500 0.082403 0.128104 -0.988331 0.087800 0.465800 1 0 1.000000
  0 1.290700 0.511500 -0.363600 0.448804 0.893608 0.006300 0.083200 0.314400 1 0 1.000000
main_side
  0 1.290700 0.511500 -0.363600 0.448804 0.893608 0.006300 0.083200 0.314400 1 0 1.000000
  0 2.437400 0.553700 -0.138500 0.082403 0.128104 -0.988331 0.087800 0.465800 1 0 1.000000
  0 2.239200 0.430200 -0.139200 0.100604 -0.155906 -0.982635 0.074300 0.439700 1 0 1.000000
main_side
  0 2.321800 0.060300 -0.138900 0.003500 0.000000 -0.999994 0.034000 0.450600 1 0 1.000000
  0 2.239200 0.430200 -0.139200 0.100604 -0.155906 -0.982635 0.074300 0.439700 1 0 1.000000
  0 2.437400 0.553700 -0.138500 0.082403 0.128104 -0.988331 0.087800 0.465800 1 0 1.000000
main_side
  0 2.437400 0.553700 -0.138500 0.082403 0.128104 -0.988331 0.087800 0.465800 1 0 1.000000
  0 2.437400 0.173600 -0.138500 0.003500 0.000000 -0.999994 0.046400 0.465800 1 0 1.000000
  0 2.321800 0.060300 -0.138900 0.003500 0.000000 -0.999994 0.034000 0.450600 1 0 1.000000
main_side
  0 -0.467400 -1.817400 -0.997100 0.024000 0.824399 -0.565499 0.684400 0.253900 1 0 1.000000
  0 -0.236600 -1.892300 -0.996300 0.525283 0.606180 -0.597180 0.668600 0.304800 1 0 1.000000
  0 -0.375100 -1.927500 -1.153800 0.117905 0.751832 -0.648727 0.661200 0.274100 1 0 1.000000
main_side
  0 -0.169900 -2.210000 -1.153100 0.753018 0.122403 -0.646515 0.601500 0.319400 1 0 1.000000
  0 -0.375100 -1.927500 -1.153800 0.117905 0.751832 -0.648727 0.661200 0.274100 1 0 1.000000
  0 -0.236600 -1.892300 -0.996300 0.525283 0.606180 -0.597180 0.668600 0.304800 1 0 1.000000
main_side
  0 -0.236600 -1.892300 -0.996300 0.525283 0.606180 -0.597180 0.668600 0.304800 1 0 1.000000
  0 -0.094000 -2.088600 -0.995800 0.792780 0.233794 -0.562886 0.627100 0.336200 1 0 1.000000
  0 -0.169900 -2.210000 -1.153100 0.753018 0.122403 -0.646515 0.601500 0.319400 1 0 1.000000
main_side
  0 -0.094000 -2.088600 -0.995800 0.792780 0.233794 -0.562886 0.627100 0.336200 1 0 1.000000
  0 -0.094000 -2.331300 -0.995800 0.740202 -0.310301 -0.596502 0.575900 0.336200 1 0 1.000000
  0 -0.169900 -2.210000 -1.153100 0.753018 0.122403 -0.646515 0.601500 0.319400 1 0 1.000000
main_side
  0 -0.375100 -2.492400 -1.153800 0.350698 -0.676196 -0.647896 0.541900 0.274100 1 0 1.000000
  0 -0.169900 -2.210000 -1.153100 0.753018 0.122403 -0.646515 0.601500 0.319400 1 0 1.000000
  0 -0.094000 -2.331300 -0.995800 0.740202 -0.310301 -0.596502 0.575900 0.336200 1 0 1.000000
main_side
  0 -0.094000 -2.331300 -0.995800 0.740202 -0.310301 -0.596502 0.575900 0.336200 1 0 1.000000
  0 -0.236600 -2.527600 -0.996300 0.468691 -0.679886 -0.563989 0.534400 0.304800 1 0 1.000000
  0 -0.375100 -2.492400 -1.153800 0.350698 -0.676196 -0.647896 0.541900 0.274100 1 0 1.000000
main_side
  0 -0.236600 -2.527600 -0.996300 0.468691 -0.679886 -0.563989 0.534400 0.304800 1 0 1.000000
  0 -0.467400 -2.602600 -0.997100 -0.064899 -0.797893 -0.599295 0.518600 0.253900 1 0 1.000000
  0 -0.375100 -2.492400 -1.153800 0.350698 -0.676196 -0.647896 0.541900 0.274100 1 0 1.000000
main_side
  0 -0.707100 -2.384500 -1.155000 -0.533193 -0.540293 -0.650991 0.564700 0.201000 1 0 1.000000
  0 -0.375100 -2.492400 -1.153800 0.350698 -0.676196 -0.647896 0.541900 0.274100 1 0 1.000000
  0 -0.467400 -2.602600 -0.997100 -0.064899 -0.797893 -0.599295 0.518600 0.253900 1 0 1.000000
main_side
  0 -0.467400 -2.602600 -0.997100 -0.064899 -0.797893 -0.599295 0.518600 0.253900 1 0 1.000000
  0 -0.698200 -2.527600 -0.997900 -0.500385 -0.653981 -0.567383 0.534400 0.203100 1 0 1.000000
  0 -0.707100 -2.384500 -1.155000 -0.533193 -0.540293 -0.650991 0.564700 0.201000 1 0 1.000000
main_side
  0 -0.698200 -2.527600 -0.997900 -0.500385 -0.653981 -0.567383 0.534400 0.203100 1 0 1.000000
  0 -0.840800 -2.331300 -0.998400 -0.777453 -0.182889 -0.601763 0.575900 0.171600 1 0 1.000000
  0 -0.707100 -2.384500 -1.155000 -0.533193 -0.540293 -0.650991 0.564700 0.201000 1 0 1.000000
main_side
  0 -0.707100 -2.035400 -1.155000 -0.677017 0.342308 -0.651516 0.638400 0.201000 1 0 1.000000
  0 -0.707100 -2.384500 -1.155000 -0.533193 -0.540293 -0.650991 0.564700 0.201000 1 0 1.000000
  0 -0.840800 -2.331300 -0.998400 -0.777453 -0.182889 -0.601763 0.575900 0.171600 1 0 1.000000
main_side
  0 -0.840800 -2.331300 -0.998400 -0.777453 -0.182889 -0.601763 0.575900 0.171600 1 0 1.000000
  0 -0.840800 -2.088600 -0.998400 -0.775235 0.275712 -0.568325 0.627100 0.171600 1 0 1.000000
  0 -0.707100 -2.035400 -1.155000 -0.677017 0.342308 -0.651516 0.638400 0.201000 1 0 1.000000
main_side
  0 -0.840800 -2.088600 -0.998400 -0.775235 0.275712 -0.568325 0.627100 0.171600 1 0 1.000000
  0 -0.698200 -1.892300 -0.997900 -0.412698 0.684897 -0.600497 0.668600 0.203100 1 0 1.000000
  0 -0.707100 -2.035400 -1.155000 -0.677017 0.342308 -0.651516 0.638400 0.201000 1 0 1.000000
main_side
  0 -0.375100 -1.927500 -1.153800 0.117905 0.751832 -0.648727 0.661200 0.274100 1 0 1.000000
  0 -0.707100 -2.035400 -1.155000 -0.677017 0.342308 -0.651516 0.638400 0.201000 1 0 1.000000
  0 -0.698200 -1.892300 -0.997900 -0.412698 0.684897 -0.600497 0.668600 0.203100 1 0 1.000000
main_side
  0 -0.698200 -1.892300 -0.997900 -0.412698 0.684897 -0.600497 0.668600 0.203100 1 0 1.000000
  0 -0.467400 -1.817400 -0.997100 0.024000 0.824399 -0.565499 0.684400 0.253900 1 0 1.000000
  0 -0.375100 -1.927500 -1.153800 0.117905 0.751832 -0.648727 0.661200 0.274100 1 0 1.000000
handle_side
  0 0.214500 2.387800 -1.043200 0.005300 0.001800 -0.999984 0.137500 0.949500 1 0 1.000000
  0 0.411300 3.003400 -1.040100 0.007100 0.002700 -0.999971 0.288500 0.978000 1 0 1.000000
  0 0.461000 2.696500 -1.040600 0.006900 0.002800 -0.999972 0.216000 0.984000 1 0 1.000000
handle_side
  0 -0.277500 4.040300 -1.042300 0.005000 0.001500 -0.999986 0.523000 0.849100 1 0 1.000000
  0 0.411300 3.003400 -1.040100 0.007100 0.002700 -0.999971 0.288500 0.978000 1 0 1.000000
  0 0.214500 2.387800 -1.043200 0.005300 0.001800 -0.999984 0.137500 0.949500 1 0 1.000000
handle_side
  0 -5.035700 3.752600 -1.061500 0.005800 0.001100 -0.999983 0.473500 0.021900 1 0 1.000000
  0 -5.035400 5.326200 -1.059900 0.006900 0.001000 -0.999976 0.864000 0.021900 1 0 1.000000
  0 -4.833100 5.689800 -1.058200 0.004500 0.001100 -0.999989 0.962000 0.037200 1 0 1.000000
handle_side
  0 -5.035700 3.752600 -1.061500 0.005800 0.001100 -0.999983 0.473500 0.021900 1 0 1.000000
  0 -4.833100 5.689800 -1.058200 0.004500 0.001100 -0.999989 0.962000 0.037200 1 0 1.000000
  0 -4.700900 3.381600 -1.060300 0.004000 0.001200 -0.999991 0.408400 0.061200 1 0 1.000000
handle_side
  0 -4.700900 3.381600 -1.060300 0.004000 0.001200 -0.999991 0.408400 0.061200 1 0 1.000000
  0 -4.833100 5.689800 -1.058200 0.004500 0.001100 -0.999989 0.962000 0.037200 1 0 1.000000
  0 -4.040200 3.554400 -1.058000 0.003400 0.001200 -0.999993 0.437000 0.178000 1 0 1.000000
handle_side
  0 -4.040200 3.554400 -1.058000 0.003400 0.001200 -0.999993 0.437000 0.178000 1 0 1.000000
  0 -4.833100 5.689800 -1.058200 0.004500 0.001100 -0.999989 0.962000 0.037200 1 0 1.000000
  0 -4.109600 5.798800 -1.055600 0.003500 0.001200 -0.999993 0.989800 0.168400 1 0 1.000000
handle_side
  0 -4.109600 5.798800 -1.055600 0.003500 0.001200 -0.999993 0.989800 0.168400 1 0 1.000000
  0 -2.650700 5.512700 -1.050600 0.003800 0.001200 -0.999992 0.917000 0.433000 1 0 1.000000
  0 -4.040200 3.554400 -1.058000 0.003400 0.001200 -0.999993 0.437000 0.178000 1 0 1.000000
handle_side
  0 -2.650700 5.512700 -1.050600 0.003800 0.001200 -0.999992 0.917000 0.433000 1 0 1.000000
  0 -2.653800 3.487900 -1.053200 0.003900 0.001300 -0.999991 0.431200 0.432400 1 0 1.000000
  0 -4.040200 3.554400 -1.058000 0.003400 0.001200 -0.999993 0.437000 0.178000 1 0 1.000000
handle_side
  0 -2.650700 5.512700 -1.050600 0.003800 0.001200 -0.999992 0.917000 0.433000 1 0 1.000000
  0 -1.364300 4.940200 -1.046100 0.004200 0.001200 -0.999990 0.767200 0.660100 1 0 1.000000
  0 -2.653800 3.487900 -1.053200 0.003900 0.001300 -0.999991 0.431200 0.432400 1 0 1.000000
handle_side
  0 -1.364300 4.940200 -1.046100 0.004200 0.001200 -0.999990 0.767200 0.660100 1 0 1.000000
  0 -1.896700 3.074900 -1.050500 0.004400 0.001000 -0.999990 0.326200 0.569700 1 0 1.000000
  0 -2.653800 3.487900 -1.053200 0.003900 0.001300 -0.999991 0.431200 0.432400 1 0 1.000000
handle_side
  0 -1.364300 4.940200 -1.046100 0.004200 0.001200 -0.999990 0.767200 0.660100 1 0 1.000000
  0 -0.277500 4.040300 -1.042300 0.005000 0.001500 -0.999986 0.523000 0.849100 1 0 1.000000
  0 -1.896700 3.074900 -1.050500 0.004400 0.001000 -0.999990 0.326200 0.569700 1 0 1.000000
handle_side
  0 -0.277500 4.040300 -1.042300 0.005000 0.001500 -0.999986 0.523000 0.849100 1 0 1.000000
  0 -1.625900 2.556800 -1.049600 0.003800 0.000500 -0.999993 0.174900 0.624900 1 0 1.000000
  0 -1.896700 3.074900 -1.050500 0.004400 0.001000 -0.999990 0.326200 0.569700 1 0 1.000000
handle_side
  0 -0.277500 4.040300 -1.042300 0.005000 0.001500 -0.999986 0.523000 0.849100 1 0 1.000000
  0 0.214500 2.387800 -1.043200 0.005300 0.001800 -0.999984 0.137500 0.949500 1 0 1.000000
  0 -1.625900 2.556800 -1.049600 0.003800 0.000500 -0.999993 0.174900 0.624900 1 0 1.000000
handle_side
  0 0.214500 2.387800 -1.043200 0.005300 0.001800 -0.999984 0.137500 0.949500 1 0 1.000000
  0 -0.235900 2.026900 -1.044700 0.003500 0.000000 -0.999994 0.040200 0.870900 1 0 1.000000
  0 -1.625900 2.556800 -1.049600 0.003800 0.000500 -0.999993 0.174900 0.624900 1 0 1.000000
handle_side
  0 -1.625900 2.556800 -1.049600 0.003800 0.000500 -0.999993 0.174900 0.624900 1 0 1.000000
  0 -0.235900 2.026900 -1.044700 0.003500 0.000000 -0.999994 0.040200 0.870900 1 0 1.000000
  0 -0.856500 1.870900 -1.046900 0.003500 0.000000 -0.999994 0.000500 0.758300 1 0 1.000000
handle_side
  0 -0.856500 1.870900 -1.046900 0.003500 0.000000 -0.999994 0.000500 0.758300 1 0 1.000000
  0 -1.586500 1.985500 -1.049400 0.003500 0.000000 -0.999994 0.035200 0.635100 1 0 1.000000
  0 -1.625900 2.556800 -1.049600 0.003800 0.000500 -0.999993 0.174900 0.624900 1 0 1.000000
handle_side
  0 -0.209700 4.040300 0.326600 0.007300 -0.026301 0.999627 0.523000 0.862200 1 0 1.000000
  0 0.222400 2.387800 0.327500 -0.013299 0.010000 0.999862 0.137500 0.951800 1 0 1.000000
  0 0.419100 3.003400 0.324500 0.007300 0.002700 0.999970 0.288500 0.980300 1 0 1.000000
handle_side
  0 0.222400 2.387800 0.327500 -0.013299 0.010000 0.999862 0.137500 0.951800 1 0 1.000000
  0 0.468800 2.696500 0.325000 0.006900 0.002800 0.999972 0.216000 0.986300 1 0 1.000000
  0 0.419100 3.003400 0.324500 0.007300 0.002700 0.999970 0.288500 0.980300 1 0 1.000000
handle_side
  0 -0.848700 1.870900 0.331300 -0.054702 0.039301 0.997729 0.000500 0.760600 1 0 1.000000
  0 -1.618000 2.556800 0.262100 -0.024300 0.003400 0.999699 0.174900 0.627200 1 0 1.000000
  0 -1.601100 1.985500 0.261900 -0.092203 -0.003000 0.995736 0.035200 0.633300 1 0 1.000000
handle_side
  0 -1.618000 2.556800 0.262100 -0.024300 0.003400 0.999699 0.174900 0.627200 1 0 1.000000
  0 -0.848700 1.870900 0.331300 -0.054702 0.039301 0.997729 0.000500 0.760600 1 0 1.000000
  0 -0.228100 2.026900 0.329100 -0.024301 0.062603 0.997743 0.040200 0.873100 1 0 1.000000
handle_side
  0 0.222400 2.387800 0.327500 -0.013299 0.010000 0.999862 0.137500 0.951800 1 0 1.000000
  0 -1.618000 2.556800 0.262100 -0.024300 0.003400 0.999699 0.174900 0.627200 1 0 1.000000
  0 -0.228100 2.026900 0.329100 -0.024301 0.062603 0.997743 0.040200 0.873100 1 0 1.000000
handle_side
  0 -0.209700 4.040300 0.326600 0.007300 -0.026301 0.999627 0.523000 0.862200 1 0 1.000000
  0 -1.618000 2.556800 0.262100 -0.024300 0.003400 0.999699 0.174900 0.627200 1 0 1.000000
  0 0.222400 2.387800 0.327500 -0.013299 0.010000 0.999862 0.137500 0.951800 1 0 1.000000
handle_side
  0 -0.209700 4.040300 0.326600 0.007300 -0.026301 0.999627 0.523000 0.862200 1 0 1.000000
  0 -1.888900 3.074900 0.327600 0.020001 -0.033601 0.999235 0.326200 0.572000 1 0 1.000000
  0 -1.618000 2.556800 0.262100 -0.024300 0.003400 0.999699 0.174900 0.627200 1 0 1.000000
handle_side
  0 -1.356500 4.940200 0.330400 0.000800 -0.001000 0.999999 0.767200 0.662400 1 0 1.000000
  0 -1.888900 3.074900 0.327600 0.020001 -0.033601 0.999235 0.326200 0.572000 1 0 1.000000
  0 -0.209700 4.040300 0.326600 0.007300 -0.026301 0.999627 0.523000 0.862200 1 0 1.000000
handle_side
  0 -1.356500 4.940200 0.330400 0.000800 -0.001000 0.999999 0.767200 0.662400 1 0 1.000000
  0 -2.657300 3.487900 0.330200 0.001400 0.000100 0.999999 0.431200 0.432700 1 0 1.000000
  0 -1.888900 3.074900 0.327600 0.020001 -0.033601 0.999235 0.326200 0.572000 1 0 1.000000
handle_side
  0 -2.654100 5.512700 0.327600 0.001900 0.001200 0.999997 0.917000 0.433200 1 0 1.000000
  0 -2.657300 3.487900 0.330200 0.001400 0.000100 0.999999 0.431200 0.432700 1 0 1.000000
  0 -1.356500 4.940200 0.330400 0.000800 -0.001000 0.999999 0.767200 0.662400 1 0 1.000000
handle_side
  0 -2.654100 5.512700 0.327600 0.001900 0.001200 0.999997 0.917000 0.433200 1 0 1.000000
  0 -4.043600 3.554400 0.335100 0.003400 0.001200 0.999993 0.437000 0.178200 1 0 1.000000
  0 -2.657300 3.487900 0.330200 0.001400 0.000100 0.999999 0.431200 0.432700 1 0 1.000000
handle_side
  0 -4.113000 5.798800 0.332700 0.003500 0.001200 0.999993 0.989800 0.168700 1 0 1.000000
  0 -4.043600 3.554400 0.335100 0.003400 0.001200 0.999993 0.437000 0.178200 1 0 1.000000
  0 -2.654100 5.512700 0.327600 0.001900 0.001200 0.999997 0.917000 0.433200 1 0 1.000000
handle_side
  0 -4.043600 3.554400 0.335100 0.003400 0.001200 0.999993 0.437000 0.178200 1 0 1.000000
  0 -4.113000 5.798800 0.332700 0.003500 0.001200 0.999993 0.989800 0.168700 1 0 1.000000
  0 -4.836600 5.689800 0.335200 0.004800 0.001100 0.999988 0.962000 0.037500 1 0 1.000000
handle_side
  0 -4.836600 5.689800 0.335200 0.004800 0.001100 0.999988 0.962000 0.037500 1 0 1.000000
  0 -4.704300 3.381600 0.337400 0.004000 0.001200 0.999991 0.408400 0.061500 1 0 1.000000
  0 -4.043600 3.554400 0.335100 0.003400 0.001200 0.999993 0.437000 0.178200 1 0 1.000000
handle_side
  0 -5.039200 3.752600 0.338600 0.006300 0.001000 0.999980 0.473500 0.022100 1 0 1.000000
  0 -4.704300 3.381600 0.337400 0.004000 0.001200 0.999991 0.408400 0.061500 1 0 1.000000
  0 -4.836600 5.689800 0.335200 0.004800 0.001100 0.999988 0.962000 0.037500 1 0 1.000000
handle_side
  0 -5.039200 3.752600 0.338600 0.006300 0.001000 0.999980 0.473500 0.022100 1 0 1.000000
  0 -4.836600 5.689800 0.335200 0.004800 0.001100 0.999988 0.962000 0.037500 1 0 1.000000
  0 -5.030601 5.322300 0.337100 0.007900 0.000900 0.999968 0.863000 0.023700 1 0 1.000000
trigger
  0 -1.014200 0.217500 -0.415700 -0.724078 -0.535984 -0.434087 0.164100 0.316100 1 0 1.000000
  0 -1.209200 0.481400 -0.303300 -0.501293 -0.524893 0.687890 0.109700 0.356700 1 0 1.000000
  0 -1.209200 0.481400 -0.416200 -0.410492 -0.595588 -0.690486 0.132800 0.370100 1 0 1.000000
trigger
  0 -1.014200 0.217500 -0.415700 -0.724078 -0.535984 -0.434087 0.164100 0.316100 1 0 1.000000
  0 -1.014200 0.217500 -0.302800 -0.591523 -0.436017 0.678226 0.141000 0.302700 1 0 1.000000
  0 -1.209200 0.481400 -0.303300 -0.501293 -0.524893 0.687890 0.109700 0.356700 1 0 1.000000
trigger
  0 0.253900 2.240300 -0.180300 0.038802 -0.091504 0.995048 0.128800 0.113400 1 0 1.000000
  0 0.475200 0.537800 -0.345500 -0.406516 -0.913637 0.003500 0.435100 0.117100 1 0 1.000000
  0 0.583400 2.438700 -0.174900 -0.030999 -0.087598 0.995673 0.217400 0.287400 1 0 1.000000
trigger
  0 0.583400 2.438700 -0.174900 -0.030999 -0.087598 0.995673 0.217400 0.287400 1 0 1.000000
  0 0.475200 0.537800 -0.345500 -0.406516 -0.913637 0.003500 0.435100 0.117100 1 0 1.000000
  0 1.343800 1.482800 -0.177900 -0.061499 -0.061999 0.996180 0.435600 0.474300 1 0 1.000000
trigger
  0 0.475200 0.537800 -0.345500 -0.406516 -0.913637 0.003500 0.435100 0.117100 1 0 1.000000
  0 2.549600 0.581200 -0.173700 -0.022600 -0.025600 0.999417 0.766200 0.923800 1 0 1.000000
  0 1.343800 1.482800 -0.177900 -0.061499 -0.061999 0.996180 0.435600 0.474300 1 0 1.000000
trigger
  0 2.549600 0.581200 -0.173700 -0.022600 -0.025600 0.999417 0.766200 0.923800 1 0 1.000000
  0 1.658800 1.493700 -0.176800 -0.003500 0.000000 0.999994 0.437900 0.654800 1 0 1.000000
  0 1.343800 1.482800 -0.177900 -0.061499 -0.061999 0.996180 0.435600 0.474300 1 0 1.000000
trigger
  0 1.659400 1.493700 -0.510200 0.003500 0.000000 -0.999994 0.437900 0.654600 1 0 1.000000
  0 2.550300 0.581200 -0.507200 -0.016200 -0.026301 -0.999523 0.766200 0.923600 1 0 1.000000
  0 1.344400 1.482800 -0.511300 -0.059600 -0.060400 -0.996393 0.435600 0.474100 1 0 1.000000
trigger
  0 2.550300 0.581200 -0.507200 -0.016200 -0.026301 -0.999523 0.766200 0.923600 1 0 1.000000
  0 0.475200 0.537800 -0.345500 -0.406516 -0.913637 0.003500 0.435100 0.117100 1 0 1.000000
  0 1.344400 1.482800 -0.511300 -0.059600 -0.060400 -0.996393 0.435600 0.474100 1 0 1.000000
trigger
  0 0.475200 0.537800 -0.345500 -0.406516 -0.913637 0.003500 0.435100 0.117100 1 0 1.000000
  0 0.584000 2.438700 -0.502600 -0.012800 -0.081599 -0.996583 0.217400 0.287200 1 0 1.000000
  0 1.344400 1.482800 -0.511300 -0.059600 -0.060400 -0.996393 0.435600 0.474100 1 0 1.000000
trigger
  0 0.475200 0.537800 -0.345500 -0.406516 -0.913637 0.003500 0.435100 0.117100 1 0 1.000000
  0 0.254500 2.240300 -0.512200 0.081301 -0.086701 -0.992911 0.128800 0.113200 1 0 1.000000
  0 0.584000 2.438700 -0.502600 -0.012800 -0.081599 -0.996583 0.217400 0.287200 1 0 1.000000
trigger
  0 2.050500 2.742900 -0.508900 0.003500 0.000000 -0.999994 0.040200 0.729300 1 0 1.000000
  0 1.985300 2.308400 -0.509100 0.003500 0.000000 -0.999994 0.189300 0.728100 1 0 1.000000
  0 1.941800 2.590800 -0.509300 0.003500 0.000000 -0.999994 0.090300 0.687100 1 0 1.000000
trigger
  0 2.224300 2.764600 -0.508300 0.003500 0.000000 -0.999994 0.019200 0.796900 1 0 1.000000
  0 1.985300 2.308400 -0.509100 0.003500 0.000000 -0.999994 0.189300 0.728100 1 0 1.000000
  0 2.050500 2.742900 -0.508900 0.003500 0.000000 -0.999994 0.040200 0.729300 1 0 1.000000
trigger
  0 2.387200 2.666900 -0.507700 0.003400 0.000100 -0.999994 0.051400 0.860200 1 0 1.000000
  0 1.985300 2.308400 -0.509100 0.003500 0.000000 -0.999994 0.189300 0.728100 1 0 1.000000
  0 2.224300 2.764600 -0.508300 0.003500 0.000000 -0.999994 0.019200 0.796900 1 0 1.000000
trigger
  0 2.408900 2.514800 -0.507600 0.003400 0.000100 -0.999994 0.101500 0.868700 1 0 1.000000
  0 1.985300 2.308400 -0.509100 0.003500 0.000000 -0.999994 0.189300 0.728100 1 0 1.000000
  0 2.387200 2.666900 -0.507700 0.003400 0.000100 -0.999994 0.051400 0.860200 1 0 1.000000
trigger
  0 2.408900 2.514800 -0.507600 0.003400 0.000100 -0.999994 0.101500 0.868700 1 0 1.000000
  0 2.141400 1.569700 -0.508600 0.003500 0.000000 -0.999994 0.412900 0.764600 1 0 1.000000
  0 1.985300 2.308400 -0.509100 0.003500 0.000000 -0.999994 0.189300 0.728100 1 0 1.000000
trigger
  0 2.141400 1.569700 -0.508600 0.003500 0.000000 -0.999994 0.412900 0.764600 1 0 1.000000
  0 1.659400 1.493700 -0.510200 0.003500 0.000000 -0.999994 0.437900 0.654600 1 0 1.000000
  0 1.985300 2.308400 -0.509100 0.003500 0.000000 -0.999994 0.189300 0.728100 1 0 1.000000
trigger
  0 2.141400 1.569700 -0.508600 0.003500 0.000000 -0.999994 0.412900 0.764600 1 0 1.000000
  0 2.325500 1.099000 -0.507900 0.003500 0.000000 -0.999994 0.623200 0.824200 1 0 1.000000
  0 1.659400 1.493700 -0.510200 0.003500 0.000000 -0.999994 0.437900 0.654600 1 0 1.000000
trigger
  0 2.325500 1.099000 -0.507900 0.003500 0.000000 -0.999994 0.623200 0.824200 1 0 1.000000
  0 2.550300 0.581200 -0.507200 -0.016200 -0.026301 -0.999523 0.766200 0.923600 1 0 1.000000
  0 1.659400 1.493700 -0.510200 0.003500 0.000000 -0.999994 0.437900 0.654600 1 0 1.000000
trigger
  0 2.325500 1.099000 -0.507900 0.003500 0.000000 -0.999994 0.623200 0.824200 1 0 1.000000
  0 2.734800 0.635600 -0.506500 0.003500 0.000000 -0.999994 0.748300 0.995300 1 0 1.000000
  0 2.550300 0.581200 -0.507200 -0.016200 -0.026301 -0.999523 0.766200 0.923600 1 0 1.000000
trigger
  0 2.325500 1.099000 -0.507900 0.003500 0.000000 -0.999994 0.623200 0.824200 1 0 1.000000
  0 2.767400 0.820200 -0.506400 0.003400 0.000000 -0.999994 0.687500 1.008000 1 0 1.000000
  0 2.734800 0.635600 -0.506500 0.003500 0.000000 -0.999994 0.748300 0.995300 1 0 1.000000
trigger
  0 1.984700 2.308400 -0.175700 -0.003500 0.000000 0.999994 0.189300 0.728300 1 0 1.000000
  0 2.049901 2.742900 -0.175400 -0.003500 0.000000 0.999994 0.040200 0.729500 1 0 1.000000
  0 1.941300 2.590800 -0.175800 -0.003500 0.000000 0.999994 0.090300 0.687300 1 0 1.000000
trigger
  0 1.984700 2.308400 -0.175700 -0.003500 0.000000 0.999994 0.189300 0.728300 1 0 1.000000
  0 2.223700 2.764600 -0.174800 -0.003500 0.000000 0.999994 0.019200 0.797100 1 0 1.000000
  0 2.049901 2.742900 -0.175400 -0.003500 0.000000 0.999994 0.040200 0.729500 1 0 1.000000
trigger
  0 1.984700 2.308400 -0.175700 -0.003500 0.000000 0.999994 0.189300 0.728300 1 0 1.000000
  0 2.386600 2.666900 -0.174300 -0.003500 0.000000 0.999994 0.051400 0.860400 1 0 1.000000
  0 2.223700 2.764600 -0.174800 -0.003500 0.000000 0.999994 0.019200 0.797100 1 0 1.000000
trigger
  0 1.984700 2.308400 -0.175700 -0.003500 0.000000 0.999994 0.189300 0.728300 1 0 1.000000
  0 2.408300 2.514800 -0.174200 -0.003500 0.000000 0.999994 0.101500 0.868900 1 0 1.000000
  0 2.386600 2.666900 -0.174300 -0.003500 0.000000 0.999994 0.051400 0.860400 1 0 1.000000
trigger
  0 2.103600 1.569700 -0.175300 -0.003500 0.000000 0.999994 0.412900 0.750400 1 0 1.000000
  0 2.408300 2.514800 -0.174200 -0.003500 0.000000 0.999994 0.101500 0.868900 1 0 1.000000
  0 1.984700 2.308400 -0.175700 -0.003500 0.000000 0.999994 0.189300 0.728300 1 0 1.000000
trigger
  0 1.658800 1.493700 -0.176800 -0.003500 0.000000 0.999994 0.437900 0.654800 1 0 1.000000
  0 2.103600 1.569700 -0.175300 -0.003500 0.000000 0.999994 0.412900 0.750400 1 0 1.000000
  0 1.984700 2.308400 -0.175700 -0.003500 0.000000 0.999994 0.189300 0.728300 1 0 1.000000
trigger
  0 2.310000 1.064600 -0.174500 -0.003500 0.000000 0.999994 0.620800 0.823400 1 0 1.000000
  0 2.103600 1.569700 -0.175300 -0.003500 0.000000 0.999994 0.412900 0.750400 1 0 1.000000
  0 1.658800 1.493700 -0.176800 -0.003500 0.000000 0.999994 0.437900 0.654800 1 0 1.000000
trigger
  0 2.549600 0.581200 -0.173700 -0.022600 -0.025600 0.999417 0.766200 0.923800 1 0 1.000000
  0 2.310000 1.064600 -0.174500 -0.003500 0.000000 0.999994 0.620800 0.823400 1 0 1.000000
  0 1.658800 1.493700 -0.176800 -0.003500 0.000000 0.999994 0.437900 0.654800 1 0 1.000000
trigger
  0 2.734200 0.635600 -0.173100 -0.003500 0.000000 0.999994 0.748300 0.995600 1 0 1.000000
  0 2.310000 1.064600 -0.174500 -0.003500 0.000000 0.999994 0.620800 0.823400 1 0 1.000000
  0 2.549600 0.581200 -0.173700 -0.022600 -0.025600 0.999417 0.766200 0.923800 1 0 1.000000
trigger
  0 2.766800 0.820200 -0.172900 -0.003500 0.000000 0.999994 0.687500 1.008200 1 0 1.000000
  0 2.310000 1.064600 -0.174500 -0.003500 0.000000 0.999994 0.620800 0.823400 1 0 1.000000
  0 2.734200 0.635600 -0.173100 -0.003500 0.000000 0.999994 0.748300 0.995600 1 0 1.000000
trigger
  0 -2.173100 0.458500 -0.418600 0.550408 -0.481007 -0.682410 0.114300 0.401700 1 0 1.000000
  0 -2.362400 0.160100 -0.306200 0.550223 -0.609625 0.570624 0.055900 0.449400 1 0 1.000000
  0 -2.362400 0.160100 -0.419100 0.318600 -0.752500 -0.576400 0.079000 0.462800 1 0 1.000000
trigger
  0 -2.173100 0.458500 -0.418600 0.550408 -0.481007 -0.682410 0.114300 0.401700 1 0 1.000000
  0 -2.173100 0.458500 -0.305700 0.470000 -0.555800 0.685701 0.091200 0.388400 1 0 1.000000
  0 -2.362400 0.160100 -0.306200 0.550223 -0.609625 0.570624 0.055900 0.449400 1 0 1.000000
trigger
  0 -2.362400 0.160100 -0.419100 0.318600 -0.752500 -0.576400 0.051900 0.509800 1 0 1.000000
  0 -2.494400 0.160100 -0.285900 -0.637614 -0.691015 0.340508 0.008900 0.520900 1 0 1.000000
  0 -2.494400 0.160100 -0.441600 -0.509592 -0.612790 -0.603990 0.040800 0.539500 1 0 1.000000
trigger
  0 -2.362400 0.160100 -0.419100 0.318600 -0.752500 -0.576400 0.051900 0.509800 1 0 1.000000
  0 -2.362400 0.160100 -0.306200 0.550223 -0.609625 0.570624 0.028800 0.496400 1 0 1.000000
  0 -2.494400 0.160100 -0.285900 -0.637614 -0.691015 0.340508 0.008900 0.520900 1 0 1.000000
trigger
  0 -2.494400 0.160100 -0.285900 -0.637614 -0.691015 0.340508 0.143200 0.288300 1 0 1.000000
  0 -2.494400 0.389600 -0.441600 -0.643532 0.104605 -0.758238 0.148000 0.353800 1 0 1.000000
  0 -2.494400 0.160100 -0.441600 -0.509592 -0.612790 -0.603990 0.175100 0.306800 1 0 1.000000
trigger
  0 -2.494400 0.160100 -0.285900 -0.637614 -0.691015 0.340508 0.143200 0.288300 1 0 1.000000
  0 -2.494600 0.389600 -0.285600 -0.614101 0.233800 0.753802 0.116000 0.335300 1 0 1.000000
  0 -2.494400 0.389600 -0.441600 -0.643532 0.104605 -0.758238 0.148000 0.353800 1 0 1.000000
trigger
  0 -2.494600 0.389600 -0.285600 -0.614101 0.233800 0.753802 0.116000 0.335300 1 0 1.000000
  0 -2.345200 0.642100 -0.441100 -0.521524 0.414419 -0.745834 0.118100 0.405500 1 0 1.000000
  0 -2.494400 0.389600 -0.441600 -0.643532 0.104605 -0.758238 0.148000 0.353800 1 0 1.000000
trigger
  0 -2.494600 0.389600 -0.285600 -0.614101 0.233800 0.753802 0.116000 0.335300 1 0 1.000000
  0 -2.345500 0.642100 -0.285100 -0.448611 0.496512 0.743118 0.086200 0.387000 1 0 1.000000
  0 -2.345200 0.642100 -0.441100 -0.521524 0.414419 -0.745834 0.118100 0.405500 1 0 1.000000
trigger
  0 -2.345500 0.642100 -0.285100 -0.448611 0.496512 0.743118 0.168200 0.244900 1 0 1.000000
  0 -2.012500 0.860100 -0.439900 -0.364608 0.727417 -0.581313 0.160900 0.331400 1 0 1.000000
  0 -2.345200 0.642100 -0.441100 -0.521524 0.414419 -0.745834 0.200200 0.263300 1 0 1.000000
trigger
  0 -2.345500 0.642100 -0.285100 -0.448611 0.496512 0.743118 0.168200 0.244900 1 0 1.000000
  0 -2.012700 0.860100 -0.283900 -0.274690 0.767073 0.579780 0.128900 0.313000 1 0 1.000000
  0 -2.012500 0.860100 -0.439900 -0.364608 0.727417 -0.581313 0.160900 0.331400 1 0 1.000000
trigger
  0 -2.012700 0.860100 -0.283900 -0.274690 0.767073 0.579780 0.128900 0.313000 1 0 1.000000
  0 -1.691200 0.934700 -0.438800 -0.070397 0.669170 -0.739767 0.122900 0.397200 1 0 1.000000
  0 -2.012500 0.860100 -0.439900 -0.364608 0.727417 -0.581313 0.160900 0.331400 1 0 1.000000
trigger
  0 -2.012700 0.860100 -0.283900 -0.274690 0.767073 0.579780 0.128900 0.313000 1 0 1.000000
  0 -1.691400 0.934700 -0.282800 0.017200 0.672499 0.739898 0.090900 0.378800 1 0 1.000000
  0 -1.691200 0.934700 -0.438800 -0.070397 0.669170 -0.739767 0.122900 0.397200 1 0 1.000000
trigger
  0 -1.691400 0.934700 -0.282800 0.017200 0.672499 0.739898 0.090900 0.378800 1 0 1.000000
  0 -1.421500 0.894500 -0.437900 0.168102 0.654307 -0.737308 0.091000 0.452500 1 0 1.000000
  0 -1.691200 0.934700 -0.438800 -0.070397 0.669170 -0.739767 0.122900 0.397200 1 0 1.000000
trigger
  0 -1.691400 0.934700 -0.282800 0.017200 0.672499 0.739898 0.090900 0.378800 1 0 1.000000
  0 -1.421800 0.894500 -0.281800 0.239502 0.629104 0.739505 0.059000 0.434100 1 0 1.000000
  0 -1.421500 0.894500 -0.437900 0.168102 0.654307 -0.737308 0.091000 0.452500 1 0 1.000000
trigger
  0 -1.421800 0.894500 -0.281800 0.239502 0.629104 0.739505 0.059000 0.434100 1 0 1.000000
  0 -0.997000 0.676500 -0.436400 0.303007 0.611513 -0.730916 0.040800 0.539400 1 0 1.000000
  0 -1.421500 0.894500 -0.437900 0.168102 0.654307 -0.737308 0.091000 0.452500 1 0 1.000000
trigger
  0 -1.421800 0.894500 -0.281800 0.239502 0.629104 0.739505 0.059000 0.434100 1 0 1.000000
  0 -0.997200 0.676500 -0.280400 0.161896 0.355690 0.920475 0.008800 0.521000 1 0 1.000000
  0 -0.997000 0.676500 -0.436400 0.303007 0.611513 -0.730916 0.040800 0.539400 1 0 1.000000
trigger
  0 -2.494600 0.389600 -0.285600 -0.614101 0.233800 0.753802 0.019900 0.510300 1 0 1.000000
  0 -2.494400 0.160100 -0.285900 -0.637614 -0.691015 0.340508 0.054900 0.551800 1 0 1.000000
  0 -2.362400 0.160100 -0.306200 0.550223 -0.609625 0.570624 0.078800 0.531800 1 0 1.000000
trigger
  0 -2.173100 0.458500 -0.305700 0.470000 -0.555800 0.685701 0.067700 0.449000 1 0 1.000000
  0 -2.494600 0.389600 -0.285600 -0.614101 0.233800 0.753802 0.019900 0.510300 1 0 1.000000
  0 -2.362400 0.160100 -0.306200 0.550223 -0.609625 0.570624 0.078800 0.531800 1 0 1.000000
trigger
  0 -2.345500 0.642100 -0.285100 -0.448611 0.496512 0.743118 0.008600 0.441900 1 0 1.000000
  0 -2.494600 0.389600 -0.285600 -0.614101 0.233800 0.753802 0.019900 0.510300 1 0 1.000000
  0 -2.173100 0.458500 -0.305700 0.470000 -0.555800 0.685701 0.067700 0.449000 1 0 1.000000
trigger
  0 -1.892000 0.624900 -0.305000 0.137905 -0.614424 0.776830 0.093300 0.376100 1 0 1.000000
  0 -2.345500 0.642100 -0.285100 -0.448611 0.496512 0.743118 0.008600 0.441900 1 0 1.000000
  0 -2.173100 0.458500 -0.305700 0.470000 -0.555800 0.685701 0.067700 0.449000 1 0 1.000000
trigger
  0 -2.012700 0.860100 -0.283900 -0.274690 0.767073 0.579780 0.035700 0.351800 1 0 1.000000
  0 -2.345500 0.642100 -0.285100 -0.448611 0.496512 0.743118 0.008600 0.441900 1 0 1.000000
  0 -1.892000 0.624900 -0.305000 0.137905 -0.614424 0.776830 0.093300 0.376100 1 0 1.000000
trigger
  0 -1.691400 0.934700 -0.282800 0.017200 0.672499 0.739898 0.082600 0.289400 1 0 1.000000
  0 -2.012700 0.860100 -0.283900 -0.274690 0.767073 0.579780 0.035700 0.351800 1 0 1.000000
  0 -1.892000 0.624900 -0.305000 0.137905 -0.614424 0.776830 0.093300 0.376100 1 0 1.000000
trigger
  0 -1.547700 0.642100 -0.304200 -0.197600 -0.697501 0.688801 0.153100 0.320600 1 0 1.000000
  0 -1.691400 0.934700 -0.282800 0.017200 0.672499 0.739898 0.082600 0.289400 1 0 1.000000
  0 -1.892000 0.624900 -0.305000 0.137905 -0.614424 0.776830 0.093300 0.376100 1 0 1.000000
trigger
  0 -1.421800 0.894500 -0.281800 0.239502 0.629104 0.739505 0.137500 0.255700 1 0 1.000000
  0 -1.691400 0.934700 -0.282800 0.017200 0.672499 0.739898 0.082600 0.289400 1 0 1.000000
  0 -1.547700 0.642100 -0.304200 -0.197600 -0.697501 0.688801 0.153100 0.320600 1 0 1.000000
trigger
  0 -1.209200 0.481400 -0.303300 -0.501293 -0.524893 0.687890 0.238800 0.298300 1 0 1.000000
  0 -1.421800 0.894500 -0.281800 0.239502 0.629104 0.739505 0.137500 0.255700 1 0 1.000000
  0 -1.547700 0.642100 -0.304200 -0.197600 -0.697501 0.688801 0.153100 0.320600 1 0 1.000000
trigger
  0 -0.997200 0.676500 -0.280400 0.161896 0.355690 0.920475 0.247600 0.230700 1 0 1.000000
  0 -1.421800 0.894500 -0.281800 0.239502 0.629104 0.739505 0.137500 0.255700 1 0 1.000000
  0 -1.209200 0.481400 -0.303300 -0.501293 -0.524893 0.687890 0.238800 0.298300 1 0 1.000000
trigger
  0 -1.014200 0.217500 -0.302800 -0.591523 -0.436017 0.678226 0.314300 0.316400 1 0 1.000000
  0 -0.997200 0.676500 -0.280400 0.161896 0.355690 0.920475 0.247600 0.230700 1 0 1.000000
  0 -1.209200 0.481400 -0.303300 -0.501293 -0.524893 0.687890 0.238800 0.298300 1 0 1.000000
trigger
  0 2.408300 2.514800 -0.174200 0.988164 -0.148695 0.037699 0.152300 0.338300 1 0 1.000000
  0 2.141400 1.569700 -0.508600 0.994321 -0.075502 0.075002 0.084500 0.495300 1 0 1.000000
  0 2.408900 2.514800 -0.507600 0.999992 0.003600 0.001700 0.152300 0.495300 1 0 1.000000
trigger
  0 2.408300 2.514800 -0.174200 0.988164 -0.148695 0.037699 0.152300 0.338300 1 0 1.000000
  0 2.103600 1.569700 -0.175300 0.982847 0.152707 0.103405 0.084500 0.338300 1 0 1.000000
  0 2.141400 1.569700 -0.508600 0.994321 -0.075502 0.075002 0.084500 0.495300 1 0 1.000000
trigger
  0 2.103600 1.569700 -0.175300 0.982847 0.152707 0.103405 0.084500 0.338300 1 0 1.000000
  0 2.325500 1.099000 -0.507900 0.828484 0.550290 0.103898 0.050800 0.495300 1 0 1.000000
  0 2.141400 1.569700 -0.508600 0.994321 -0.075502 0.075002 0.084500 0.495300 1 0 1.000000
trigger
  0 2.103600 1.569700 -0.175300 0.982847 0.152707 0.103405 0.084500 0.338300 1 0 1.000000
  0 2.310000 1.064600 -0.174500 0.674102 0.735502 0.068000 0.048300 0.338300 1 0 1.000000
  0 2.325500 1.099000 -0.507900 0.828484 0.550290 0.103898 0.050800 0.495300 1 0 1.000000
trigger
  0 2.310000 1.064600 -0.174500 0.674102 0.735502 0.068000 0.048300 0.338300 1 0 1.000000
  0 2.767400 0.820200 -0.506400 0.787872 0.614178 0.045198 0.030800 0.495300 1 0 1.000000
  0 2.325500 1.099000 -0.507900 0.828484 0.550290 0.103898 0.050800 0.495300 1 0 1.000000
trigger
  0 2.310000 1.064600 -0.174500 0.674102 0.735502 0.068000 0.048300 0.338300 1 0 1.000000
  0 2.766800 0.820200 -0.172900 0.976898 0.213700 0.001700 0.030800 0.338300 1 0 1.000000
  0 2.767400 0.820200 -0.506400 0.787872 0.614178 0.045198 0.030800 0.495300 1 0 1.000000
trigger
  0 2.766800 0.820200 -0.172900 0.976898 0.213700 0.001700 0.030800 0.338300 1 0 1.000000
  0 2.734800 0.635600 -0.506500 0.864875 -0.501985 0.001500 0.017500 0.495300 1 0 1.000000
  0 2.767400 0.820200 -0.506400 0.787872 0.614178 0.045198 0.030800 0.495300 1 0 1.000000
trigger
  0 2.766800 0.820200 -0.172900 0.976898 0.213700 0.001700 0.030800 0.338300 1 0 1.000000
  0 2.734200 0.635600 -0.173100 0.595077 -0.803668 0.001100 0.017500 0.338300 1 0 1.000000
  0 2.734800 0.635600 -0.506500 0.864875 -0.501985 0.001500 0.017500 0.495300 1 0 1.000000
trigger
  0 2.734200 0.635600 -0.173100 0.595077 -0.803668 0.001100 0.017500 0.338300 1 0 1.000000
  0 2.550300 0.581200 -0.507200 0.196693 -0.980465 0.000400 0.013600 0.495300 1 0 1.000000
  0 2.734800 0.635600 -0.506500 0.864875 -0.501985 0.001500 0.017500 0.495300 1 0 1.000000
trigger
  0 2.734200 0.635600 -0.173100 0.595077 -0.803668 0.001100 0.017500 0.338300 1 0 1.000000
  0 2.549600 0.581200 -0.173700 0.152906 -0.988241 0.000300 0.013600 0.338300 1 0 1.000000
  0 2.550300 0.581200 -0.507200 0.196693 -0.980465 0.000400 0.013600 0.495300 1 0 1.000000
trigger
  0 2.549600 0.581200 -0.173700 0.152906 -0.988241 0.000300 0.013600 0.338300 1 0 1.000000
  0 0.475200 0.537800 -0.345500 0.020900 -0.999781 0.000000 0.010500 0.415700 1 0 1.000000
  0 2.550300 0.581200 -0.507200 0.196693 -0.980465 0.000400 0.013600 0.495300 1 0 1.000000
trigger
  0 0.253900 2.240300 -0.180300 -0.515877 0.856662 -0.001000 0.132600 0.337600 1 0 1.000000
  0 0.584000 2.438700 -0.502600 -0.106095 0.994356 -0.000200 0.146900 0.489900 1 0 1.000000
  0 0.254500 2.240300 -0.512200 -0.515921 0.856635 -0.001000 0.132600 0.493900 1 0 1.000000
trigger
  0 0.253900 2.240300 -0.180300 -0.515877 0.856662 -0.001000 0.132600 0.337600 1 0 1.000000
  0 0.583400 2.438700 -0.174900 0.446693 0.894687 0.000800 0.146900 0.335600 1 0 1.000000
  0 0.584000 2.438700 -0.502600 -0.106095 0.994356 -0.000200 0.146900 0.489900 1 0 1.000000
trigger
  0 0.583400 2.438700 -0.174900 0.446693 0.894687 0.000800 0.146900 0.335600 1 0 1.000000
  0 1.344400 1.482800 -0.511300 0.563392 0.826189 0.001000 0.078300 0.495300 1 0 1.000000
  0 0.584000 2.438700 -0.502600 -0.106095 0.994356 -0.000200 0.146900 0.489900 1 0 1.000000
trigger
  0 0.583400 2.438700 -0.174900 0.446693 0.894687 0.000800 0.146900 0.335600 1 0 1.000000
  0 1.343800 1.482800 -0.177900 0.262694 0.964879 0.000500 0.078300 0.338200 1 0 1.000000
  0 1.344400 1.482800 -0.511300 0.563392 0.826189 0.001000 0.078300 0.495300 1 0 1.000000
trigger
  0 1.343800 1.482800 -0.177900 0.262694 0.964879 0.000500 0.078300 0.338200 1 0 1.000000
  0 1.659400 1.493700 -0.510200 -0.387900 0.921701 -0.000700 0.079100 0.495300 1 0 1.000000
  0 1.344400 1.482800 -0.511300 0.563392 0.826189 0.001000 0.078300 0.495300 1 0 1.000000
trigger
  0 1.343800 1.482800 -0.177900 0.262694 0.964879 0.000500 0.078300 0.338200 1 0 1.000000
  0 1.658800 1.493700 -0.176800 -0.735512 0.677511 -0.001300 0.079100 0.338300 1 0 1.000000
  0 1.659400 1.493700 -0.510200 -0.387900 0.921701 -0.000700 0.079100 0.495300 1 0 1.000000
trigger
  0 1.658800 1.493700 -0.176800 -0.735512 0.677511 -0.001300 0.079100 0.338300 1 0 1.000000
  0 1.985300 2.308400 -0.509100 -0.979114 0.203303 -0.001700 0.137500 0.495300 1 0 1.000000
  0 1.659400 1.493700 -0.510200 -0.387900 0.921701 -0.000700 0.079100 0.495300 1 0 1.000000
trigger
  0 1.658800 1.493700 -0.176800 -0.735512 0.677511 -0.001300 0.079100 0.338300 1 0 1.000000
  0 1.984700 2.308400 -0.175700 -0.999732 0.023101 -0.001700 0.137500 0.338300 1 0 1.000000
  0 1.985300 2.308400 -0.509100 -0.979114 0.203303 -0.001700 0.137500 0.495300 1 0 1.000000
trigger
  0 1.984700 2.308400 -0.175700 -0.999732 0.023101 -0.001700 0.137500 0.338300 1 0 1.000000
  0 1.941800 2.590800 -0.509300 -0.995106 0.098801 -0.001700 0.157800 0.495300 1 0 1.000000
  0 1.985300 2.308400 -0.509100 -0.979114 0.203303 -0.001700 0.137500 0.495300 1 0 1.000000
trigger
  0 1.984700 2.308400 -0.175700 -0.999732 0.023101 -0.001700 0.137500 0.338300 1 0 1.000000
  0 1.941300 2.590800 -0.175800 -0.932830 0.360312 -0.001600 0.157800 0.338300 1 0 1.000000
  0 1.941800 2.590800 -0.509300 -0.995106 0.098801 -0.001700 0.157800 0.495300 1 0 1.000000
trigger
  0 1.941300 2.590800 -0.175800 -0.932830 0.360312 -0.001600 0.157800 0.338300 1 0 1.000000
  0 2.050500 2.742900 -0.508900 -0.630773 0.775967 -0.001100 0.168700 0.495300 1 0 1.000000
  0 1.941800 2.590800 -0.509300 -0.995106 0.098801 -0.001700 0.157800 0.495300 1 0 1.000000
trigger
  0 1.941300 2.590800 -0.175800 -0.932830 0.360312 -0.001600 0.157800 0.338300 1 0 1.000000
  0 2.049901 2.742900 -0.175400 -0.382399 0.923997 -0.000700 0.168700 0.338300 1 0 1.000000
  0 2.050500 2.742900 -0.508900 -0.630773 0.775967 -0.001100 0.168700 0.495300 1 0 1.000000
trigger
  0 2.049901 2.742900 -0.175400 -0.382399 0.923997 -0.000700 0.168700 0.338300 1 0 1.000000
  0 2.224300 2.764600 -0.508300 0.093304 0.995638 0.000200 0.170200 0.495300 1 0 1.000000
  0 2.050500 2.742900 -0.508900 -0.630773 0.775967 -0.001100 0.168700 0.495300 1 0 1.000000
trigger
  0 2.049901 2.742900 -0.175400 -0.382399 0.923997 -0.000700 0.168700 0.338300 1 0 1.000000
  0 2.223700 2.764600 -0.174800 0.317008 0.948423 0.000600 0.170200 0.338300 1 0 1.000000
  0 2.224300 2.764600 -0.508300 0.093304 0.995638 0.000200 0.170200 0.495300 1 0 1.000000
trigger
  0 2.223700 2.764600 -0.174800 0.317008 0.948423 0.000600 0.170200 0.338300 1 0 1.000000
  0 2.387200 2.666900 -0.507700 0.736086 0.676887 0.001300 0.163200 0.495300 1 0 1.000000
  0 2.224300 2.764600 -0.508300 0.093304 0.995638 0.000200 0.170200 0.495300 1 0 1.000000
trigger
  0 2.223700 2.764600 -0.174800 0.317008 0.948423 0.000600 0.170200 0.338300 1 0 1.000000
  0 2.386600 2.666900 -0.174300 0.909462 0.415783 0.001600 0.163200 0.338300 1 0 1.000000
  0 2.387200 2.666900 -0.507700 0.736086 0.676887 0.001300 0.163200 0.495300 1 0 1.000000
trigger
  0 2.386600 2.666900 -0.174300 0.909462 0.415783 0.001600 0.163200 0.338300 1 0 1.000000
  0 2.408900 2.514800 -0.507600 0.999992 0.003600 0.001700 0.152300 0.495300 1 0 1.000000
  0 2.387200 2.666900 -0.507700 0.736086 0.676887 0.001300 0.163200 0.495300 1 0 1.000000
trigger
  0 2.386600 2.666900 -0.174300 0.909462 0.415783 0.001600 0.163200 0.338300 1 0 1.000000
  0 2.408300 2.514800 -0.174200 0.988164 -0.148695 0.037699 0.152300 0.338300 1 0 1.000000
  0 2.408900 2.514800 -0.507600 0.999992 0.003600 0.001700 0.152300 0.495300 1 0 1.000000
trigger
  0 -1.892000 0.624900 -0.417900 0.232204 -0.587210 -0.775413 0.107600 0.413500 1 0 1.000000
  0 -2.173100 0.458500 -0.305700 0.470000 -0.555800 0.685701 0.051200 0.457600 1 0 1.000000
  0 -2.173100 0.458500 -0.418600 0.550408 -0.481007 -0.682410 0.074300 0.471100 1 0 1.000000
trigger
  0 -1.892000 0.624900 -0.417900 0.232204 -0.587210 -0.775413 0.107600 0.413500 1 0 1.000000
  0 -1.892000 0.624900 -0.305000 0.137905 -0.614424 0.776830 0.084500 0.400100 1 0 1.000000
  0 -2.173100 0.458500 -0.305700 0.470000 -0.555800 0.685701 0.051200 0.457600 1 0 1.000000
trigger
  0 -1.547700 0.642100 -0.417000 -0.083101 -0.719110 -0.689909 0.148400 0.343000 1 0 1.000000
  0 -1.892000 0.624900 -0.305000 0.137905 -0.614424 0.776830 0.084500 0.400100 1 0 1.000000
  0 -1.892000 0.624900 -0.417900 0.232204 -0.587210 -0.775413 0.107600 0.413500 1 0 1.000000
trigger
  0 -1.547700 0.642100 -0.417000 -0.083101 -0.719110 -0.689909 0.148400 0.343000 1 0 1.000000
  0 -1.547700 0.642100 -0.304200 -0.197600 -0.697501 0.688801 0.125300 0.329600 1 0 1.000000
  0 -1.892000 0.624900 -0.305000 0.137905 -0.614424 0.776830 0.084500 0.400100 1 0 1.000000
trigger
  0 -1.209200 0.481400 -0.416200 -0.410492 -0.595588 -0.690486 0.188500 0.273700 1 0 1.000000
  0 -1.547700 0.642100 -0.304200 -0.197600 -0.697501 0.688801 0.125300 0.329600 1 0 1.000000
  0 -1.547700 0.642100 -0.417000 -0.083101 -0.719110 -0.689909 0.148400 0.343000 1 0 1.000000
trigger
  0 -1.209200 0.481400 -0.416200 -0.410492 -0.595588 -0.690486 0.188500 0.273700 1 0 1.000000
  0 -1.209200 0.481400 -0.303300 -0.501293 -0.524893 0.687890 0.165400 0.260300 1 0 1.000000
  0 -1.547700 0.642100 -0.304200 -0.197600 -0.697501 0.688801 0.125300 0.329600 1 0 1.000000
trigger
  0 -2.494400 0.160100 -0.441600 -0.509592 -0.612790 -0.603990 0.055100 0.551800 1 0 1.000000
  0 -2.494400 0.389600 -0.441600 -0.643532 0.104605 -0.758238 0.020300 0.510300 1 0 1.000000
  0 -2.362400 0.160100 -0.419100 0.318600 -0.752500 -0.576400 0.079100 0.531800 1 0 1.000000
trigger
  0 -2.494400 0.389600 -0.441600 -0.643532 0.104605 -0.758238 0.020300 0.510300 1 0 1.000000
  0 -2.173100 0.458500 -0.418600 0.550408 -0.481007 -0.682410 0.068000 0.448900 1 0 1.000000
  0 -2.362400 0.160100 -0.419100 0.318600 -0.752500 -0.576400 0.079100 0.531800 1 0 1.000000
trigger
  0 -2.494400 0.389600 -0.441600 -0.643532 0.104605 -0.758238 0.020300 0.510300 1 0 1.000000
  0 -2.345200 0.642100 -0.441100 -0.521524 0.414419 -0.745834 0.008900 0.441800 1 0 1.000000
  0 -2.173100 0.458500 -0.418600 0.550408 -0.481007 -0.682410 0.068000 0.448900 1 0 1.000000
trigger
  0 -2.345200 0.642100 -0.441100 -0.521524 0.414419 -0.745834 0.008900 0.441800 1 0 1.000000
  0 -1.892000 0.624900 -0.417900 0.232204 -0.587210 -0.775413 0.093700 0.376000 1 0 1.000000
  0 -2.173100 0.458500 -0.418600 0.550408 -0.481007 -0.682410 0.068000 0.448900 1 0 1.000000
trigger
  0 -2.345200 0.642100 -0.441100 -0.521524 0.414419 -0.745834 0.008900 0.441800 1 0 1.000000
  0 -2.012500 0.860100 -0.439900 -0.364608 0.727417 -0.581313 0.036100 0.351800 1 0 1.000000
  0 -1.892000 0.624900 -0.417900 0.232204 -0.587210 -0.775413 0.093700 0.376000 1 0 1.000000
trigger
  0 -2.012500 0.860100 -0.439900 -0.364608 0.727417 -0.581313 0.036100 0.351800 1 0 1.000000
  0 -1.691200 0.934700 -0.438800 -0.070397 0.669170 -0.739767 0.082900 0.289400 1 0 1.000000
  0 -1.892000 0.624900 -0.417900 0.232204 -0.587210 -0.775413 0.093700 0.376000 1 0 1.000000
trigger
  0 -1.691200 0.934700 -0.438800 -0.070397 0.669170 -0.739767 0.082900 0.289400 1 0 1.000000
  0 -1.547700 0.642100 -0.417000 -0.083101 -0.719110 -0.689909 0.153400 0.320600 1 0 1.000000
  0 -1.892000 0.624900 -0.417900 0.232204 -0.587210 -0.775413 0.093700 0.376000 1 0 1.000000
trigger
  0 -1.691200 0.934700 -0.438800 -0.070397 0.669170 -0.739767 0.082900 0.289400 1 0 1.000000
  0 -1.421500 0.894500 -0.437900 0.168102 0.654307 -0.737308 0.137900 0.255700 1 0 1.000000
  0 -1.547700 0.642100 -0.417000 -0.083101 -0.719110 -0.689909 0.153400 0.320600 1 0 1.000000
trigger
  0 -1.421500 0.894500 -0.437900 0.168102 0.654307 -0.737308 0.137900 0.255700 1 0 1.000000
  0 -1.209200 0.481400 -0.416200 -0.410492 -0.595588 -0.690486 0.239200 0.298200 1 0 1.000000
  0 -1.547700 0.642100 -0.417000 -0.083101 -0.719110 -0.689909 0.153400 0.320600 1 0 1.000000
trigger
  0 -1.421500 0.894500 -0.437900 0.168102 0.654307 -0.737308 0.137900 0.255700 1 0 1.000000
  0 -0.997000 0.676500 -0.436400 0.303007 0.611513 -0.730916 0.248000 0.230600 1 0 1.000000
  0 -1.209200 0.481400 -0.416200 -0.410492 -0.595588 -0.690486 0.239200 0.298200 1 0 1.000000
trigger
  0 -0.997000 0.676500 -0.436400 0.303007 0.611513 -0.730916 0.248000 0.230600 1 0 1.000000
  0 -1.014200 0.217500 -0.415700 -0.724078 -0.535984 -0.434087 0.314600 0.316400 1 0 1.000000
  0 -1.209200 0.481400 -0.416200 -0.410492 -0.595588 -0.690486 0.239200 0.298200 1 0 1.000000
barrel_cyl
  0 2.517500 0.128600 -0.536500 -0.691609 0.680309 -0.242603 -0.028500 0.014700 1 0 1.000000
  0 2.414700 0.025100 0.233400 -0.713378 0.700778 -0.001100 0.083600 0.035400 1 0 1.000000
  0 2.517500 0.128600 -0.150200 -0.709403 0.704803 0.000000 0.027400 0.014700 1 0 1.000000
barrel_cyl
  0 2.517500 0.128600 -0.536500 -0.691609 0.680309 -0.242603 -0.028500 0.014700 1 0 1.000000
  0 2.431300 0.041000 -0.558200 -0.461606 0.766810 0.446006 -0.034100 0.032200 1 0 1.000000
  0 2.431300 0.041000 -0.128400 -0.124500 0.645901 -0.753201 0.033000 0.032200 1 0 1.000000
barrel_cyl
  0 2.431200 0.199900 -0.128400 0.580074 0.000100 -0.814564 0.033000 0.000500 1 0 1.000000
  0 2.654500 0.199900 0.030500 0.580074 0.000100 -0.814564 0.046500 0.000500 1 0 1.000000
  0 2.431300 0.041000 -0.128400 -0.124500 0.645901 -0.753201 0.033000 0.032200 1 0 1.000000
barrel_cyl
  0 2.654500 0.041000 0.030500 0.580074 0.000100 -0.814564 0.046500 0.032200 1 0 1.000000
  0 2.431300 0.041000 -0.128400 -0.124500 0.645901 -0.753201 0.033000 0.032200 1 0 1.000000
  0 2.654500 0.199900 0.030500 0.580074 0.000100 -0.814564 0.046500 0.000500 1 0 1.000000
barrel_cyl
  0 2.431200 0.199900 -0.558200 1.000000 0.000100 0.000000 -0.034100 0.000500 1 0 1.000000
  0 2.431200 0.199900 -0.128400 1.000000 0.000100 0.000000 0.033000 0.000500 1 0 1.000000
  0 2.431300 0.041000 -0.558200 1.000000 0.000100 0.000000 -0.034100 0.032200 1 0 1.000000
barrel_cyl
  0 2.431300 0.041000 -0.128400 1.000000 0.000100 0.000000 0.033000 0.032200 1 0 1.000000
  0 2.431300 0.041000 -0.558200 1.000000 0.000100 0.000000 -0.034100 0.032200 1 0 1.000000
  0 2.431200 0.199900 -0.128400 1.000000 0.000100 0.000000 0.033000 0.000500 1 0 1.000000
barrel_cyl
  0 2.517500 0.128600 -0.536500 -0.691609 0.680309 -0.242603 0.971500 0.014700 1 0 1.000000
  0 2.414700 0.025100 -0.920100 -0.712584 0.701584 0.001700 1.011800 0.163000 1 0 1.000000
  0 2.431300 0.041000 -0.558200 -0.461606 0.766810 0.446006 0.965900 0.032200 1 0 1.000000
barrel_cyl
  0 2.654500 0.199900 -0.717200 0.580074 0.000100 0.814564 0.952400 0.000500 1 0 1.000000
  0 2.431200 0.199900 -0.558200 0.580074 0.000100 0.814564 0.965900 0.000500 1 0 1.000000
  0 2.654500 0.041000 -0.717200 0.580074 0.000100 0.814564 0.952400 0.032200 1 0 1.000000
barrel_cyl
  0 2.431300 0.041000 -0.558200 -0.461606 0.766810 0.446006 0.965900 0.032200 1 0 1.000000
  0 2.654500 0.041000 -0.717200 0.580074 0.000100 0.814564 0.952400 0.032200 1 0 1.000000
  0 2.431200 0.199900 -0.558200 0.580074 0.000100 0.814564 0.965900 0.000500 1 0 1.000000
barrel_cyl
  0 0.416900 0.025100 -0.920100 -0.717378 -0.002800 -0.696678 0.582000 0.035400 1 0 1.000000
  0 0.839100 -3.069300 -1.342300 -0.583091 -0.005500 -0.812388 0.664700 0.653200 1 0 1.000000
  0 0.416900 -3.069300 -0.920100 -0.707107 0.000000 -0.707107 0.582000 0.653200 1 0 1.000000
barrel_cyl
  0 0.416900 0.025100 -0.920100 -0.717378 -0.002800 -0.696678 0.582000 0.035400 1 0 1.000000
  0 0.848800 0.033100 -1.378100 -0.428096 -0.008800 -0.903690 0.668300 0.033800 1 0 1.000000
  0 0.839100 -3.069300 -1.342300 -0.583091 -0.005500 -0.812388 0.664700 0.653200 1 0 1.000000
barrel_cyl
  0 0.848800 0.033100 -1.378100 -0.428096 -0.008800 -0.903690 0.668300 0.033800 1 0 1.000000
  0 1.415800 -3.069300 -1.496800 -0.087500 -0.011100 -0.996103 0.747800 0.653200 1 0 1.000000
  0 0.839100 -3.069300 -1.342300 -0.583091 -0.005500 -0.812388 0.664700 0.653200 1 0 1.000000
barrel_cyl
  0 0.848800 0.033100 -1.378100 -0.428096 -0.008800 -0.903690 0.668300 0.033800 1 0 1.000000
  0 1.434300 0.033100 -1.532200 0.112601 -0.007600 -0.993611 0.750400 0.033800 1 0 1.000000
  0 1.415800 -3.069300 -1.496800 -0.087500 -0.011100 -0.996103 0.747800 0.653200 1 0 1.000000
barrel_cyl
  0 1.434300 0.033100 -1.532200 0.112601 -0.007600 -0.993611 0.750400 0.033800 1 0 1.000000
  0 1.992500 -3.069300 -1.342300 0.441199 -0.004300 -0.897399 0.831400 0.653200 1 0 1.000000
  0 1.415800 -3.069300 -1.496800 -0.087500 -0.011100 -0.996103 0.747800 0.653200 1 0 1.000000
barrel_cyl
  0 1.434300 0.033100 -1.532200 0.112601 -0.007600 -0.993611 0.750400 0.033800 1 0 1.000000
  0 1.992500 0.025100 -1.342300 0.592486 0.000000 -0.805581 0.831400 0.035400 1 0 1.000000
  0 1.992500 -3.069300 -1.342300 0.441199 -0.004300 -0.897399 0.831400 0.653200 1 0 1.000000
barrel_cyl
  0 1.992500 0.025100 -1.342300 0.592486 0.000000 -0.805581 0.831400 0.035400 1 0 1.000000
  0 2.414700 -3.069300 -0.920100 0.818089 0.000000 -0.575092 0.915300 0.653200 1 0 1.000000
  0 1.992500 -3.069300 -1.342300 0.441199 -0.004300 -0.897399 0.831400 0.653200 1 0 1.000000
barrel_cyl
  0 1.992500 0.025100 -1.342300 0.592486 0.000000 -0.805581 0.831400 0.035400 1 0 1.000000
  0 2.414700 0.025100 -0.920100 0.907068 0.000000 -0.420985 0.915300 0.035400 1 0 1.000000
  0 2.414700 -3.069300 -0.920100 0.818089 0.000000 -0.575092 0.915300 0.653200 1 0 1.000000
barrel_cyl
  0 2.414700 0.025100 -0.920100 0.907068 0.000000 -0.420985 0.915300 0.035400 1 0 1.000000
  0 2.517500 -3.069300 -0.536500 0.965929 0.000000 -0.258808 0.971500 0.653200 1 0 1.000000
  0 2.414700 -3.069300 -0.920100 0.818089 0.000000 -0.575092 0.915300 0.653200 1 0 1.000000
barrel_cyl
  0 2.414700 0.025100 -0.920100 0.907068 0.000000 -0.420985 0.915300 0.035400 1 0 1.000000
  0 2.517500 0.128600 -0.536500 0.965929 0.000000 -0.258808 0.971500 0.014700 1 0 1.000000
  0 2.517500 -3.069300 -0.536500 0.965929 0.000000 -0.258808 0.971500 0.653200 1 0 1.000000
barrel_cyl
  0 2.517500 0.128600 -0.150200 0.965929 0.000000 0.258808 0.027400 0.014700 1 0 1.000000
  0 2.414700 -3.069300 0.233400 0.907068 0.000000 0.420985 0.083600 0.653200 1 0 1.000000
  0 2.517500 -3.069300 -0.150200 0.965929 0.000000 0.258808 0.027400 0.653200 1 0 1.000000
barrel_cyl
  0 2.517500 0.128600 -0.150200 0.965929 0.000000 0.258808 0.027400 0.014700 1 0 1.000000
  0 2.414700 0.025100 0.233400 0.818089 0.000000 0.575092 0.083600 0.035400 1 0 1.000000
  0 2.414700 -3.069300 0.233400 0.907068 0.000000 0.420985 0.083600 0.653200 1 0 1.000000
barrel_cyl
  0 2.414700 0.025100 0.233400 0.818089 0.000000 0.575092 0.083600 0.035400 1 0 1.000000
  0 1.992500 -3.069300 0.655600 0.575092 0.000000 0.818089 0.167500 0.653200 1 0 1.000000
  0 2.414700 -3.069300 0.233400 0.907068 0.000000 0.420985 0.083600 0.653200 1 0 1.000000
barrel_cyl
  0 2.414700 0.025100 0.233400 0.818089 0.000000 0.575092 0.083600 0.035400 1 0 1.000000
  0 1.992500 0.025100 0.655600 0.441199 -0.004400 0.897398 0.167500 0.035400 1 0 1.000000
  0 1.992500 -3.069300 0.655600 0.575092 0.000000 0.818089 0.167500 0.653200 1 0 1.000000
barrel_cyl
  0 1.992500 0.025100 0.655600 0.441199 -0.004400 0.897398 0.167500 0.035400 1 0 1.000000
  0 1.415800 -3.069300 0.810100 0.111098 -0.007700 0.993780 0.251100 0.653200 1 0 1.000000
  0 1.992500 -3.069300 0.655600 0.575092 0.000000 0.818089 0.167500 0.653200 1 0 1.000000
barrel_cyl
  0 1.992500 0.025100 0.655600 0.441199 -0.004400 0.897398 0.167500 0.035400 1 0 1.000000
  0 1.434300 0.033100 0.845500 -0.066302 -0.011300 0.997736 0.248500 0.033800 1 0 1.000000
  0 1.415800 -3.069300 0.810100 0.111098 -0.007700 0.993780 0.251100 0.653200 1 0 1.000000
barrel_cyl
  0 1.434300 0.033100 0.845500 -0.066302 -0.011300 0.997736 0.248500 0.033800 1 0 1.000000
  0 0.839100 -3.069300 0.655600 -0.419587 -0.008900 0.907671 0.334200 0.653200 1 0 1.000000
  0 1.415800 -3.069300 0.810100 0.111098 -0.007700 0.993780 0.251100 0.653200 1 0 1.000000
barrel_cyl
  0 1.434300 0.033100 0.845500 -0.066302 -0.011300 0.997736 0.248500 0.033800 1 0 1.000000
  0 0.848800 0.033100 0.691400 -0.581986 -0.005600 0.813180 0.330600 0.033800 1 0 1.000000
  0 0.839100 -3.069300 0.655600 -0.419587 -0.008900 0.907671 0.334200 0.653200 1 0 1.000000
barrel_cyl
  0 0.848800 0.033100 0.691400 -0.581986 -0.005600 0.813180 0.330600 0.033800 1 0 1.000000
  0 0.416900 -3.069300 0.233400 -0.717377 -0.003000 0.696678 0.416900 0.653200 1 0 1.000000
  0 0.839100 -3.069300 0.655600 -0.419587 -0.008900 0.907671 0.334200 0.653200 1 0 1.000000
barrel_cyl
  0 0.848800 0.033100 0.691400 -0.581986 -0.005600 0.813180 0.330600 0.033800 1 0 1.000000
  0 0.416900 0.025100 0.233400 -0.727504 0.000000 0.686104 0.416900 0.035400 1 0 1.000000
  0 0.416900 -3.069300 0.233400 -0.717377 -0.003000 0.696678 0.416900 0.653200 1 0 1.000000
barrel_cyl
  0 2.047100 0.199900 -1.444800 0.437306 0.000000 -0.899313 0.831000 0.000500 1 0 1.000000
  0 2.616700 0.199900 -1.074800 0.544714 0.000100 -0.838622 0.911700 0.000500 1 0 1.000000
  0 2.616700 0.041000 -1.074800 0.544714 0.000000 -0.838622 0.911700 0.032200 1 0 1.000000
barrel_cyl
  0 2.616700 0.041000 -1.074800 0.544714 0.000000 -0.838622 0.911700 0.032200 1 0 1.000000
  0 2.047100 0.041000 -1.444800 0.303005 -0.075201 -0.950017 0.831000 0.032200 1 0 1.000000
  0 2.047100 0.199900 -1.444800 0.437306 0.000000 -0.899313 0.831000 0.000500 1 0 1.000000
barrel_cyl
  0 1.452800 0.199900 -1.567600 0.032999 -0.135098 -0.990283 0.752700 0.000500 1 0 1.000000
  0 2.047100 0.199900 -1.444800 0.437306 0.000000 -0.899313 0.831000 0.000500 1 0 1.000000
  0 2.047100 0.041000 -1.444800 0.303005 -0.075201 -0.950017 0.831000 0.032200 1 0 1.000000
barrel_cyl
  0 2.047100 0.041000 -1.444800 0.303005 -0.075201 -0.950017 0.831000 0.032200 1 0 1.000000
  0 1.434300 0.033100 -1.532200 -0.120700 -0.198200 -0.972701 0.750400 0.033800 1 0 1.000000
  0 1.452800 0.199900 -1.567600 0.032999 -0.135098 -0.990283 0.752700 0.000500 1 0 1.000000
barrel_cyl
  0 0.858500 0.199900 -1.413900 -0.341792 -0.173196 -0.923678 0.671700 0.000500 1 0 1.000000
  0 1.452800 0.199900 -1.567600 0.032999 -0.135098 -0.990283 0.752700 0.000500 1 0 1.000000
  0 1.434300 0.033100 -1.532200 -0.120700 -0.198200 -0.972701 0.750400 0.033800 1 0 1.000000
barrel_cyl
  0 1.434300 0.033100 -1.532200 -0.120700 -0.198200 -0.972701 0.750400 0.033800 1 0 1.000000
  0 0.848800 0.033100 -1.378100 -0.420919 -0.114505 -0.899842 0.668300 0.033800 1 0 1.000000
  0 0.858500 0.199900 -1.413900 -0.341792 -0.173196 -0.923678 0.671700 0.000500 1 0 1.000000
barrel_cyl
  0 0.423400 0.199900 -1.145700 -0.685414 -0.053101 -0.726215 0.606700 0.000500 1 0 1.000000
  0 0.858500 0.199900 -1.413900 -0.341792 -0.173196 -0.923678 0.671700 0.000500 1 0 1.000000
  0 0.848800 0.033100 -1.378100 -0.420919 -0.114505 -0.899842 0.668300 0.033800 1 0 1.000000
barrel_cyl
  0 0.848800 0.033100 -1.378100 -0.420919 -0.114505 -0.899842 0.668300 0.033800 1 0 1.000000
  0 0.423500 0.041000 -1.145700 -0.836089 0.000000 -0.548593 0.606700 0.032200 1 0 1.000000
  0 0.423400 0.199900 -1.145700 -0.685414 -0.053101 -0.726215 0.606700 0.000500 1 0 1.000000
barrel_cyl
  0 0.136900 0.199900 -0.343300 -0.992990 0.000000 -0.118199 0.499400 0.000500 1 0 1.000000
  0 0.423400 0.199900 -1.145700 -0.685414 -0.053101 -0.726215 0.606700 0.000500 1 0 1.000000
  0 0.423500 0.041000 -1.145700 -0.836089 0.000000 -0.548593 0.606700 0.032200 1 0 1.000000
barrel_cyl
  0 0.423500 0.041000 -1.145700 -0.836089 0.000000 -0.548593 0.606700 0.032200 1 0 1.000000
  0 0.136900 0.041000 -0.343300 -0.992990 0.000000 0.118199 0.499400 0.032200 1 0 1.000000
  0 0.136900 0.199900 -0.343300 -0.992990 0.000000 -0.118199 0.499400 0.000500 1 0 1.000000
barrel_cyl
  0 0.423400 0.199900 0.459000 -0.845030 0.000000 0.534719 0.392100 0.000500 1 0 1.000000
  0 0.136900 0.199900 -0.343300 -0.992990 0.000000 -0.118199 0.499400 0.000500 1 0 1.000000
  0 0.136900 0.041000 -0.343300 -0.992990 0.000000 0.118199 0.499400 0.032200 1 0 1.000000
barrel_cyl
  0 0.136900 0.041000 -0.343300 -0.992990 0.000000 0.118199 0.499400 0.032200 1 0 1.000000
  0 0.423400 0.041000 0.459000 -0.686185 -0.055799 0.725284 0.392100 0.032200 1 0 1.000000
  0 0.423400 0.199900 0.459000 -0.845030 0.000000 0.534719 0.392100 0.000500 1 0 1.000000
barrel_cyl
  0 0.858500 0.199900 0.727200 -0.420492 -0.117298 0.899682 0.327200 0.000500 1 0 1.000000
  0 0.423400 0.199900 0.459000 -0.845030 0.000000 0.534719 0.392100 0.000500 1 0 1.000000
  0 0.423400 0.041000 0.459000 -0.686185 -0.055799 0.725284 0.392100 0.032200 1 0 1.000000
barrel_cyl
  0 0.423400 0.041000 0.459000 -0.686185 -0.055799 0.725284 0.392100 0.032200 1 0 1.000000
  0 0.848800 0.033100 0.691400 -0.326302 -0.175101 0.928906 0.330600 0.033800 1 0 1.000000
  0 0.858500 0.199900 0.727200 -0.420492 -0.117298 0.899682 0.327200 0.000500 1 0 1.000000
barrel_cyl
  0 1.452800 0.199900 0.880900 -0.102104 -0.200607 0.974336 0.246100 0.000500 1 0 1.000000
  0 0.858500 0.199900 0.727200 -0.420492 -0.117298 0.899682 0.327200 0.000500 1 0 1.000000
  0 0.848800 0.033100 0.691400 -0.326302 -0.175101 0.928906 0.330600 0.033800 1 0 1.000000
barrel_cyl
  0 0.848800 0.033100 0.691400 -0.326302 -0.175101 0.928906 0.330600 0.033800 1 0 1.000000
  0 1.434300 0.033100 0.845500 0.030000 -0.136302 0.990213 0.248500 0.033800 1 0 1.000000
  0 1.452800 0.199900 0.880900 -0.102104 -0.200607 0.974336 0.246100 0.000500 1 0 1.000000
barrel_cyl
  0 2.047100 0.199900 0.758100 0.301615 -0.076604 0.950347 0.167900 0.000500 1 0 1.000000
  0 1.452800 0.199900 0.880900 -0.102104 -0.200607 0.974336 0.246100 0.000500 1 0 1.000000
  0 1.434300 0.033100 0.845500 0.030000 -0.136302 0.990213 0.248500 0.033800 1 0 1.000000
barrel_cyl
  0 1.434300 0.033100 0.845500 0.030000 -0.136302 0.990213 0.248500 0.033800 1 0 1.000000
  0 2.047100 0.041000 0.758100 0.418995 0.000000 0.907989 0.167900 0.032200 1 0 1.000000
  0 2.047100 0.199900 0.758100 0.301615 -0.076604 0.950347 0.167900 0.000500 1 0 1.000000
barrel_cyl
  0 2.616700 0.199900 0.388100 0.544714 0.000000 0.838622 0.087200 0.000500 1 0 1.000000
  0 2.047100 0.199900 0.758100 0.301615 -0.076604 0.950347 0.167900 0.000500 1 0 1.000000
  0 2.047100 0.041000 0.758100 0.418995 0.000000 0.907989 0.167900 0.032200 1 0 1.000000
barrel_cyl
  0 2.047100 0.041000 0.758100 0.418995 0.000000 0.907989 0.167900 0.032200 1 0 1.000000
  0 2.616700 0.041000 0.388100 0.544714 0.000100 0.838622 0.087200 0.032200 1 0 1.000000
  0 2.616700 0.199900 0.388100 0.544714 0.000000 0.838622 0.087200 0.000500 1 0 1.000000
barrel_cyl
  0 1.906000 -4.796300 -1.192400 0.420985 0.000000 -0.907068 0.831100 0.998100 1 0 1.000000
  0 1.415800 -4.796300 -1.323800 -0.089003 0.000000 -0.996031 0.747600 0.998100 1 0 1.000000
  0 1.415800 -3.069300 -1.323800 0.089003 0.000000 -0.996031 0.747600 0.653200 1 0 1.000000
barrel_cyl
  0 1.415800 -3.069300 -1.323800 0.089003 0.000000 -0.996031 0.747600 0.653200 1 0 1.000000
  0 1.906000 -3.069300 -1.192400 0.575092 0.000000 -0.818089 0.831100 0.653200 1 0 1.000000
  0 1.906000 -4.796300 -1.192400 0.420985 0.000000 -0.907068 0.831100 0.998100 1 0 1.000000
barrel_cyl
  0 2.264900 -4.796300 -0.833600 0.818089 0.000000 -0.575092 0.915200 0.998100 1 0 1.000000
  0 1.906000 -4.796300 -1.192400 0.420985 0.000000 -0.907068 0.831100 0.998100 1 0 1.000000
  0 1.906000 -3.069300 -1.192400 0.575092 0.000000 -0.818089 0.831100 0.653200 1 0 1.000000
barrel_cyl
  0 1.906000 -3.069300 -1.192400 0.575092 0.000000 -0.818089 0.831100 0.653200 1 0 1.000000
  0 2.264900 -3.069300 -0.833600 0.907068 0.000000 -0.420985 0.915200 0.653200 1 0 1.000000
  0 2.264900 -4.796300 -0.833600 0.818089 0.000000 -0.575092 0.915200 0.998100 1 0 1.000000
barrel_cyl
  0 2.344500 -4.796300 -0.536500 0.965929 0.000000 -0.258808 0.966400 0.998100 1 0 1.000000
  0 2.264900 -4.796300 -0.833600 0.818089 0.000000 -0.575092 0.915200 0.998100 1 0 1.000000
  0 2.264900 -3.069300 -0.833600 0.907068 0.000000 -0.420985 0.915200 0.653200 1 0 1.000000
barrel_cyl
  0 2.264900 -3.069300 -0.833600 0.907068 0.000000 -0.420985 0.915200 0.653200 1 0 1.000000
  0 2.344500 -3.069300 -0.536500 0.965929 0.000000 -0.258808 0.966400 0.653200 1 0 1.000000
  0 2.344500 -4.796300 -0.536500 0.965929 0.000000 -0.258808 0.966400 0.998100 1 0 1.000000
barrel_cyl
  0 2.264900 -4.796300 0.146900 0.907068 0.000000 0.420985 0.083700 0.998100 1 0 1.000000
  0 2.344500 -4.796300 -0.150200 0.965929 0.000000 0.258808 0.032500 0.998100 1 0 1.000000
  0 2.344500 -3.069300 -0.150200 0.965929 0.000000 0.258808 0.032500 0.653200 1 0 1.000000
barrel_cyl
  0 2.344500 -3.069300 -0.150200 0.965929 0.000000 0.258808 0.032500 0.653200 1 0 1.000000
  0 2.264900 -3.069300 0.146900 0.818089 0.000000 0.575092 0.083700 0.653200 1 0 1.000000
  0 2.264900 -4.796300 0.146900 0.907068 0.000000 0.420985 0.083700 0.998100 1 0 1.000000
barrel_cyl
  0 1.906000 -4.796300 0.505800 0.575092 0.000000 0.818089 0.167800 0.998100 1 0 1.000000
  0 2.264900 -4.796300 0.146900 0.907068 0.000000 0.420985 0.083700 0.998100 1 0 1.000000
  0 2.264900 -3.069300 0.146900 0.818089 0.000000 0.575092 0.083700 0.653200 1 0 1.000000
barrel_cyl
  0 2.264900 -3.069300 0.146900 0.818089 0.000000 0.575092 0.083700 0.653200 1 0 1.000000
  0 1.906000 -3.069300 0.505700 0.420985 0.000000 0.907068 0.167800 0.653200 1 0 1.000000
  0 1.906000 -4.796300 0.505800 0.575092 0.000000 0.818089 0.167800 0.998100 1 0 1.000000
barrel_cyl
  0 1.415800 -4.796300 0.637100 0.089003 0.000000 0.996031 0.251300 0.998100 1 0 1.000000
  0 1.906000 -4.796300 0.505800 0.575092 0.000000 0.818089 0.167800 0.998100 1 0 1.000000
  0 1.906000 -3.069300 0.505700 0.420985 0.000000 0.907068 0.167800 0.653200 1 0 1.000000
barrel_cyl
  0 1.906000 -3.069300 0.505700 0.420985 0.000000 0.907068 0.167800 0.653200 1 0 1.000000
  0 1.415800 -3.069300 0.637100 -0.089003 0.000000 0.996031 0.251300 0.653200 1 0 1.000000
  0 1.415800 -4.796300 0.637100 0.089003 0.000000 0.996031 0.251300 0.998100 1 0 1.000000
barrel_cyl
  0 0.925600 -4.796300 0.505700 -0.420985 0.000000 0.907068 0.334400 0.998100 1 0 1.000000
  0 1.415800 -4.796300 0.637100 0.089003 0.000000 0.996031 0.251300 0.998100 1 0 1.000000
  0 1.415800 -3.069300 0.637100 -0.089003 0.000000 0.996031 0.251300 0.653200 1 0 1.000000
barrel_cyl
  0 1.415800 -3.069300 0.637100 -0.089003 0.000000 0.996031 0.251300 0.653200 1 0 1.000000
  0 0.925600 -3.069300 0.505700 -0.575092 0.000000 0.818089 0.334400 0.653200 1 0 1.000000
  0 0.925600 -4.796300 0.505700 -0.420985 0.000000 0.907068 0.334400 0.998100 1 0 1.000000
barrel_cyl
  0 0.566700 -4.796300 0.146900 -0.818089 0.000000 0.575092 0.417000 0.998100 1 0 1.000000
  0 0.925600 -4.796300 0.505700 -0.420985 0.000000 0.907068 0.334400 0.998100 1 0 1.000000
  0 0.925600 -3.069300 0.505700 -0.575092 0.000000 0.818089 0.334400 0.653200 1 0 1.000000
barrel_cyl
  0 0.925600 -3.069300 0.505700 -0.575092 0.000000 0.818089 0.334400 0.653200 1 0 1.000000
  0 0.566700 -3.069300 0.146900 -0.907068 0.000000 0.420985 0.417000 0.653200 1 0 1.000000
  0 0.566700 -4.796300 0.146900 -0.818089 0.000000 0.575092 0.417000 0.998100 1 0 1.000000
barrel_cyl
  0 0.435300 -4.796300 -0.343300 -0.996031 0.000000 0.089003 0.499400 0.998100 1 0 1.000000
  0 0.566700 -4.796300 0.146900 -0.818089 0.000000 0.575092 0.417000 0.998100 1 0 1.000000
  0 0.566700 -3.069300 0.146900 -0.907068 0.000000 0.420985 0.417000 0.653200 1 0 1.000000
barrel_cyl
  0 0.566700 -3.069300 0.146900 -0.907068 0.000000 0.420985 0.417000 0.653200 1 0 1.000000
  0 0.435300 -3.069300 -0.343300 -0.996031 0.000000 -0.089003 0.499400 0.653200 1 0 1.000000
  0 0.435300 -4.796300 -0.343300 -0.996031 0.000000 0.089003 0.499400 0.998100 1 0 1.000000
barrel_cyl
  0 0.566700 -4.796300 -0.833600 -0.907068 0.000000 -0.420985 0.581800 0.998100 1 0 1.000000
  0 0.435300 -4.796300 -0.343300 -0.996031 0.000000 0.089003 0.499400 0.998100 1 0 1.000000
  0 0.435300 -3.069300 -0.343300 -0.996031 0.000000 -0.089003 0.499400 0.653200 1 0 1.000000
barrel_cyl
  0 0.435300 -3.069300 -0.343300 -0.996031 0.000000 -0.089003 0.499400 0.653200 1 0 1.000000
  0 0.566700 -3.069300 -0.833600 -0.818089 0.000000 -0.575092 0.581800 0.653200 1 0 1.000000
  0 0.566700 -4.796300 -0.833600 -0.907068 0.000000 -0.420985 0.581800 0.998100 1 0 1.000000
barrel_cyl
  0 0.925600 -4.796300 -1.192400 -0.575092 0.000000 -0.818089 0.664500 0.998100 1 0 1.000000
  0 0.566700 -4.796300 -0.833600 -0.907068 0.000000 -0.420985 0.581800 0.998100 1 0 1.000000
  0 0.566700 -3.069300 -0.833600 -0.818089 0.000000 -0.575092 0.581800 0.653200 1 0 1.000000
barrel_cyl
  0 0.566700 -3.069300 -0.833600 -0.818089 0.000000 -0.575092 0.581800 0.653200 1 0 1.000000
  0 0.925600 -3.069300 -1.192400 -0.420985 0.000000 -0.907068 0.664500 0.653200 1 0 1.000000
  0 0.925600 -4.796300 -1.192400 -0.575092 0.000000 -0.818089 0.664500 0.998100 1 0 1.000000
barrel_cyl
  0 1.415800 -4.796300 -1.323800 -0.089003 0.000000 -0.996031 0.747600 0.998100 1 0 1.000000
  0 0.925600 -4.796300 -1.192400 -0.575092 0.000000 -0.818089 0.664500 0.998100 1 0 1.000000
  0 0.925600 -3.069300 -1.192400 -0.420985 0.000000 -0.907068 0.664500 0.653200 1 0 1.000000
barrel_cyl
  0 0.925600 -3.069300 -1.192400 -0.420985 0.000000 -0.907068 0.664500 0.653200 1 0 1.000000
  0 1.415800 -3.069300 -1.323800 0.089003 0.000000 -0.996031 0.747600 0.653200 1 0 1.000000
  0 1.415800 -4.796300 -1.323800 -0.089003 0.000000 -0.996031 0.747600 0.998100 1 0 1.000000
barrel_cyl
  0 2.616700 0.041000 0.388100 0.994462 0.000100 0.105096 0.087200 0.032200 1 0 1.000000
  0 2.654500 0.041000 0.030500 0.994462 0.000100 0.105096 0.046500 0.032200 1 0 1.000000
  0 2.616700 0.199900 0.388100 0.994462 0.000100 0.105096 0.087200 0.000500 1 0 1.000000
barrel_cyl
  0 2.654500 0.199900 0.030500 0.994462 0.000100 0.105096 0.046500 0.000500 1 0 1.000000
  0 2.616700 0.199900 0.388100 0.994462 0.000100 0.105096 0.087200 0.000500 1 0 1.000000
  0 2.654500 0.041000 0.030500 0.994462 0.000100 0.105096 0.046500 0.032200 1 0 1.000000
barrel_cyl
  0 2.717401 -4.803500 -0.150200 1.000000 0.000000 0.000000 0.023100 0.999500 1 0 1.000000
  0 2.717400 -4.803500 -0.536500 1.000000 0.000000 0.000000 -0.024200 0.999500 1 0 1.000000
  0 2.717401 0.132600 -0.150200 1.000000 0.000000 0.000000 0.023100 0.013900 1 0 1.000000
barrel_cyl
  0 2.717400 0.132600 -0.536500 1.000000 0.000000 0.000000 -0.024200 0.013900 1 0 1.000000
  0 2.717401 0.132600 -0.150200 1.000000 0.000000 0.000000 0.023100 0.013900 1 0 1.000000
  0 2.717400 -4.803500 -0.536500 1.000000 0.000000 0.000000 -0.024200 0.999500 1 0 1.000000
barrel_cyl
  0 2.654500 0.041000 -0.717200 0.994462 0.000100 -0.105096 0.952400 0.032200 1 0 1.000000
  0 2.616700 0.041000 -1.074800 0.994462 0.000100 -0.105096 0.911700 0.032200 1 0 1.000000
  0 2.654500 0.199900 -0.717200 0.994462 0.000100 -0.105096 0.952400 0.000500 1 0 1.000000
barrel_cyl
  0 2.616700 0.199900 -1.074800 0.994462 0.000100 -0.105096 0.911700 0.000500 1 0 1.000000
  0 2.654500 0.199900 -0.717200 0.994462 0.000100 -0.105096 0.952400 0.000500 1 0 1.000000
  0 2.616700 0.041000 -1.074800 0.994462 0.000100 -0.105096 0.911700 0.032200 1 0 1.000000
barrel_cyl
  0 2.431300 0.041000 -0.128400 -0.124500 0.645901 -0.753201 0.111200 0.418200 1 0 1.000000
  0 2.414700 0.025100 0.233400 -0.713378 0.700778 -0.001100 0.117100 0.278100 1 0 1.000000
  0 2.517500 0.128600 -0.536500 -0.691609 0.680309 -0.242603 0.078400 0.576200 1 0 1.000000
barrelside
  0 2.344500 -3.069300 -0.150200 0.000000 0.000000 1.000000 0.351500 0.815700 1 0 1.000000
  0 2.344500 -4.796300 -0.150200 0.000000 0.000000 1.000000 0.002000 0.815700 1 0 1.000000
  0 2.717401 -4.803500 -0.150200 0.000000 0.000000 1.000000 0.000500 0.965700 1 0 1.000000
barrelside
  0 2.517500 -3.069300 -0.150200 0.000000 0.000000 1.000000 0.351500 0.840400 1 0 1.000000
  0 2.344500 -3.069300 -0.150200 0.000000 0.000000 1.000000 0.351500 0.815700 1 0 1.000000
  0 2.717401 -4.803500 -0.150200 0.000000 0.000000 1.000000 0.000500 0.965700 1 0 1.000000
barrelside
  0 2.517500 0.128600 -0.150200 0.000000 0.000000 1.000000 0.998700 0.840400 1 0 1.000000
  0 2.517500 -3.069300 -0.150200 0.000000 0.000000 1.000000 0.351500 0.840400 1 0 1.000000
  0 2.717401 -4.803500 -0.150200 0.000000 0.000000 1.000000 0.000500 0.965700 1 0 1.000000
barrelside
  0 2.717401 -4.803500 -0.150200 0.000000 0.000000 1.000000 0.000500 0.965700 1 0 1.000000
  0 2.717401 0.132600 -0.150200 0.000000 0.000000 1.000000 0.999500 0.965700 1 0 1.000000
  0 2.517500 0.128600 -0.150200 0.000000 0.000000 1.000000 0.998700 0.840400 1 0 1.000000
barrelside
  0 2.344500 -4.796300 -0.536500 0.000000 0.000000 -1.000000 0.002000 0.812100 1 0 1.000000
  0 2.344500 -3.069300 -0.536500 0.000000 0.000000 -1.000000 0.351500 0.812100 1 0 1.000000
  0 2.717400 -4.803500 -0.536500 0.000000 0.000000 -1.000000 0.000500 0.962100 1 0 1.000000
barrelside
  0 2.344500 -3.069300 -0.536500 0.000000 0.000000 -1.000000 0.351500 0.812100 1 0 1.000000
  0 2.517500 -3.069300 -0.536500 0.000000 0.000000 -1.000000 0.351500 0.836800 1 0 1.000000
  0 2.717400 -4.803500 -0.536500 0.000000 0.000000 -1.000000 0.000500 0.962100 1 0 1.000000
barrelside
  0 2.717400 0.132600 -0.536500 0.000000 0.000000 -1.000000 0.999500 0.962100 1 0 1.000000
  0 2.717400 -4.803500 -0.536500 0.000000 0.000000 -1.000000 0.000500 0.962100 1 0 1.000000
  0 2.517500 -3.069300 -0.536500 0.000000 0.000000 -1.000000 0.351500 0.836800 1 0 1.000000
barrelside
  0 2.517500 -3.069300 -0.536500 0.000000 0.000000 -1.000000 0.351500 0.836800 1 0 1.000000
  0 2.517500 0.128600 -0.536500 -0.691609 0.680309 -0.242603 0.998700 0.836800 1 0 1.000000
  0 2.717400 0.132600 -0.536500 0.000000 0.000000 -1.000000 0.999500 0.962100 1 0 1.000000
end
