// Created by Crowbar 0.74
version 1
nodes
  0 "Bip01" -1
  1 "Bip01 Pelvis" 0
  2 "Bip01 Spine" 1
  3 "Bip01 Neck" 2
  4 "Bip01 L Clavicle" 3
  5 "Bip01 L UpperArm" 4
  6 "Bip01 L Forearm" 5
  7 "Bip01 L Hand" 6
  8 "Bip01 L Finger0" 7
  9 "Bip01 L Finger01" 8
  10 "Bip01 L Finger02" 9
  11 "Bip01 L Finger1" 7
  12 "Bip01 L Finger11" 11
  13 "Bip01 L Finger12" 12
  14 "Bip01 L Finger2" 7
  15 "Bip01 L Finger21" 14
  16 "Bip01 L Finger22" 15
  17 "Bip01 L Finger3" 7
  18 "Bip01 L Finger31" 17
  19 "Bip01 L Finger32" 18
  20 "Bip01 L Finger4" 7
  21 "Bip01 L Finger41" 20
  22 "Bip01 L Finger42" 21
  23 "Dummy17" 7
  24 "Bip01 R Clavicle" 3
  25 "Bip01 R UpperArm" 24
  26 "Bip01 R Forearm" 25
  27 "Bip01 R Hand" 26
  28 "Bip01 R Finger0" 27
  29 "Bip01 R Finger01" 28
  30 "Bip01 R Finger02" 29
  31 "Bip01 R Finger1" 27
  32 "Bip01 R Finger11" 31
  33 "Bip01 R Finger12" 32
  34 "Bip01 R Finger2" 27
  35 "Bip01 R Finger21" 34
  36 "Bip01 R Finger22" 35
  37 "Bip01 R Finger3" 27
  38 "Bip01 R Finger31" 37
  39 "Bip01 R Finger32" 38
  40 "Bip01 R Finger4" 27
  41 "Bip01 R Finger41" 40
  42 "Bip01 R Finger42" 41
  43 "Dummy14" 27
  44 "Dummy15" 43
  45 "Dummy16" 43
end
skeleton
  time 0
    0 0.134137 2.717642 43.181469 0.000000 0.000000 -1.570795
    1 0.000000 0.000000 0.000000 0.000000 -1.570451 -1.570795
    2 4.443616 -0.009642 0.000006 -0.000004 -0.000001 0.000796
    3 12.111417 -0.011446 0.000000 0.000000 0.000000 0.000000
    4 0.000010 0.011442 1.352403 -0.000014 -1.370796 3.140810
    5 6.078086 0.000000 0.000000 -1.269618 0.044848 -1.538621
    6 13.446751 0.000001 0.000000 0.000000 0.000000 -0.069100
    7 15.996997 -0.000001 0.000000 -1.683446 0.000000 0.000000
    8 1.885328 0.833277 -2.177874 -1.598016 0.698132 -0.000668
    9 1.506965 0.000002 0.000001 0.000000 0.000000 -0.139626
    10 0.798345 -0.000002 0.000000 0.000000 0.000000 -0.113446
    11 3.950300 -0.539876 -2.108869 -0.000806 0.157080 -0.000126
    12 1.545805 0.000000 -0.000002 0.000000 0.000000 0.471239
    13 1.667396 0.000001 0.000000 0.000000 0.000000 0.436332
    14 3.899461 -0.475377 -1.170893 -0.000796 0.000000 0.000000
    15 1.528218 0.000000 -0.000001 0.000000 0.000000 0.331613
    16 1.528217 0.000002 0.000003 0.000000 0.000000 0.479966
    17 3.899459 -0.431803 0.168223 -0.000796 0.000000 0.000000
    18 1.506969 0.000000 -0.000002 0.000000 0.000000 0.427606
    19 1.506960 0.000004 -0.000005 0.000000 0.000000 0.340339
    20 3.915636 -0.278019 1.402609 -0.000796 0.000000 0.000000
    21 1.333084 0.000000 0.000002 0.000000 0.000000 0.637045
    22 1.159204 0.000001 0.000002 0.000000 0.000000 0.218166
    23 18.209356 8.207680 -0.352298 -1.582244 0.018583 -3.126151
    24 0.000011 0.011449 -1.352403 -0.000014 1.370796 3.140783
    25 6.078086 0.000000 0.000002 1.269618 -0.044848 -1.538622
    26 13.446752 0.000002 0.000000 0.000000 0.000000 -0.069100
    27 15.996999 0.000001 0.000000 1.683446 0.000000 0.000000
    28 1.885325 0.833277 2.177874 1.598016 -0.698132 -0.000668
    29 1.506962 -0.000001 0.000000 0.000000 0.000000 -0.139626
    30 0.798344 0.000001 0.000000 0.000000 0.000000 -0.113446
    31 3.950300 -0.539876 2.108868 0.000806 -0.157080 -0.000126
    32 1.545794 0.000000 0.000007 0.000000 0.000000 0.471239
    33 1.667398 -0.000003 0.000002 0.000000 0.000000 0.436332
    34 3.899457 -0.475376 1.170889 0.000796 0.000000 0.000000
    35 1.528222 0.000000 -0.000002 0.000000 0.000000 0.331613
    36 1.528211 0.000001 -0.000003 0.000000 0.000000 0.479965
    37 3.899456 -0.431804 -0.168226 0.000796 0.000000 0.000000
    38 1.506964 0.000000 -0.000007 0.000000 0.000000 0.427606
    39 1.506964 0.000000 0.000008 0.000000 0.000000 0.340339
    40 3.915632 -0.278019 -1.402609 0.000796 0.000000 0.000000
    41 1.333080 0.000000 0.000002 0.000000 0.000000 0.637045
    42 1.159205 -0.000001 0.000003 0.000000 0.000000 0.218166
    43 -0.567009 7.913907 8.606575 1.582244 -0.018583 -3.126154
    44 -8.090242 1.809614 0.001208 0.000000 0.000000 0.000000
    45 -13.128931 1.564316 -0.031845 0.000000 0.000000 0.000000
end
triangles
handle_side
  43 0.869341 -26.418343 63.617420 1.000000 0.000000 0.000345 0.494000 -0.978000 1 43 1.000000
  43 0.869305 -24.704006 63.722523 1.000000 0.000000 0.000345 0.927900 -0.959400 1 43 1.000000
  43 0.869268 -24.624771 63.830399 1.000000 0.000000 0.000345 0.947900 -0.940400 1 43 1.000000
handle_side
  43 0.869341 -26.418343 63.617420 1.000000 0.000000 0.000345 0.494000 -0.978000 1 43 1.000000
  43 0.869013 -26.589518 64.566475 1.000000 0.000000 0.000345 0.464500 -0.800100 1 43 1.000000
  43 0.869235 -26.757738 63.923935 1.000000 0.000000 0.000345 0.422000 -0.913100 1 43 1.000000
handle_side
  43 0.869341 -26.418343 63.617420 1.000000 0.000000 0.000345 0.494000 -0.978000 1 43 1.000000
  43 0.869268 -24.624771 63.830399 1.000000 0.000000 0.000345 0.947900 -0.940400 1 43 1.000000
  43 0.869013 -26.589518 64.566475 1.000000 0.000000 0.000345 0.464500 -0.800100 1 43 1.000000
handle_side
  43 0.869013 -26.589518 64.566475 1.000000 0.000000 0.000345 0.464500 -0.800100 1 43 1.000000
  43 0.869268 -24.624771 63.830399 1.000000 0.000000 0.000345 0.947900 -0.940400 1 43 1.000000
  43 0.869037 -24.524040 64.497658 1.000000 0.000000 0.000345 0.973400 -0.823000 1 43 1.000000
handle_side
  43 0.869037 -24.524040 64.497658 1.000000 0.000000 0.000345 0.973400 -0.823000 1 43 1.000000
  43 0.868547 -24.802149 65.918655 1.000000 0.000000 0.000345 0.902800 -0.573000 1 43 1.000000
  43 0.869013 -26.589518 64.566475 1.000000 0.000000 0.000345 0.464500 -0.800100 1 43 1.000000
handle_side
  43 0.868547 -24.802149 65.918655 1.000000 0.000000 0.000345 0.902800 -0.573000 1 43 1.000000
  43 0.868529 -26.656332 65.968597 1.000000 0.000000 0.000345 0.447500 -0.553400 1 43 1.000000
  43 0.869013 -26.589518 64.566475 1.000000 0.000000 0.000345 0.464500 -0.800100 1 43 1.000000
handle_side
  43 0.868547 -24.802149 65.918655 1.000000 0.000000 0.000345 0.902800 -0.573000 1 43 1.000000
  43 0.868113 -25.360415 67.174149 1.000000 0.000000 0.000345 0.752700 -0.355800 1 43 1.000000
  43 0.868529 -26.656332 65.968597 1.000000 0.000000 0.000345 0.447500 -0.553400 1 43 1.000000
handle_side
  43 0.868113 -25.360415 67.174149 1.000000 0.000000 0.000345 0.752700 -0.355800 1 43 1.000000
  43 0.868261 -27.079563 66.745140 1.000000 0.000000 0.000345 0.340300 -0.416800 1 43 1.000000
  43 0.868529 -26.656332 65.968597 1.000000 0.000000 0.000345 0.447500 -0.553400 1 43 1.000000
handle_side
  43 0.868113 -25.360415 67.174149 1.000000 0.000000 0.000345 0.752700 -0.355800 1 43 1.000000
  43 0.867747 -26.237450 68.234055 1.000000 0.000000 0.000345 0.527200 -0.170600 1 43 1.000000
  43 0.868261 -27.079563 66.745140 1.000000 0.000000 0.000345 0.340300 -0.416800 1 43 1.000000
handle_side
  43 0.867747 -26.237450 68.234055 1.000000 0.000000 0.000345 0.527200 -0.170600 1 43 1.000000
  43 0.868164 -27.616365 67.025925 1.000000 0.000000 0.000345 0.204400 -0.367500 1 43 1.000000
  43 0.868261 -27.079563 66.745140 1.000000 0.000000 0.000345 0.340300 -0.416800 1 43 1.000000
handle_side
  43 0.867747 -26.237450 68.234055 1.000000 0.000000 0.000345 0.527200 -0.170600 1 43 1.000000
  43 0.867554 -27.768955 68.793983 1.000000 0.000000 0.000345 0.151700 -0.067400 1 43 1.000000
  43 0.868164 -27.616365 67.025925 1.000000 0.000000 0.000345 0.204400 -0.367500 1 43 1.000000
handle_side
  43 0.867554 -27.768955 68.793983 1.000000 0.000000 0.000345 0.151700 -0.067400 1 43 1.000000
  43 0.867913 -28.271317 67.753159 1.000000 0.000000 0.000345 0.024700 -0.250500 1 43 1.000000
  43 0.868164 -27.616365 67.025925 1.000000 0.000000 0.000345 0.204400 -0.367500 1 43 1.000000
handle_side
  43 0.867554 -27.768955 68.793983 1.000000 0.000000 0.000345 0.151700 -0.067400 1 43 1.000000
  43 0.867705 -28.119406 68.356903 1.000000 0.000000 0.000345 0.063100 -0.144300 1 43 1.000000
  43 0.867913 -28.271317 67.753159 1.000000 0.000000 0.000345 0.024700 -0.250500 1 43 1.000000
handle_side
  43 0.867747 -26.237450 68.234055 1.000000 0.000000 0.000345 0.527200 -0.170600 1 43 1.000000
  43 0.867469 -27.335672 69.039726 1.000000 0.000000 0.000345 0.256100 -0.030200 1 43 1.000000
  43 0.867554 -27.768955 68.793983 1.000000 0.000000 0.000345 0.151700 -0.067400 1 43 1.000000
handle_side
  43 0.867913 -28.271317 67.753159 1.000000 0.000000 0.000345 0.024700 -0.250500 1 43 1.000000
  43 0.868151 -28.163452 67.063919 1.000000 0.000000 0.000345 0.066000 -0.360800 1 43 1.000000
  43 0.868164 -27.616365 67.025925 1.000000 0.000000 0.000345 0.204400 -0.367500 1 43 1.000000
handle_side
  44 0.242471 -35.623974 71.350471 -0.000098 -0.959262 0.282519 0.018600 -0.420600 1 44 1.000000
  44 0.273835 -35.678337 71.165909 -0.000098 -0.959262 0.282519 0.010700 -0.440000 1 44 1.000000
  44 0.273784 -35.635082 71.312691 -0.000098 -0.959262 0.282519 0.010100 -0.425200 1 44 1.000000
handle_side
  44 -0.090929 -35.623974 71.350357 -0.000098 -0.959262 0.282519 0.098800 -0.407800 1 44 1.000000
  44 0.273835 -35.678337 71.165909 -0.000098 -0.959262 0.282519 0.010700 -0.440000 1 44 1.000000
  44 0.242471 -35.623974 71.350471 -0.000098 -0.959262 0.282519 0.018600 -0.420600 1 44 1.000000
handle_side
  44 -0.090929 -35.623974 71.350357 -0.000098 -0.959262 0.282519 0.098800 -0.407800 1 44 1.000000
  44 -0.090865 -35.678337 71.165779 -0.000098 -0.959262 0.282519 0.091300 -0.423600 1 44 1.000000
  44 0.273835 -35.678337 71.165909 -0.000098 -0.959262 0.282519 0.010700 -0.440000 1 44 1.000000
handle_side
  44 0.242471 -35.623974 71.350471 0.270377 -0.166975 0.948164 0.018600 -0.420600 1 44 1.000000
  44 0.273784 -35.635082 71.312691 0.934976 -0.061479 0.349343 0.010100 -0.425200 1 44 1.000000
  44 0.242460 -35.439262 71.383011 0.465833 0.403676 0.787429 0.054200 -0.431300 1 44 1.000000
handle_side
  44 0.273924 -35.190926 70.907639 0.970683 0.147873 0.189494 0.078700 -0.502000 1 44 1.000000
  44 0.273835 -35.678337 71.165909 1.000000 0.000000 0.000345 0.010700 -0.440000 1 44 1.000000
  44 0.274057 -35.692059 70.520714 1.000000 0.000000 0.000345 0.008800 -0.508100 1 44 1.000000
handle_side
  44 0.273924 -35.190926 70.907639 0.970683 0.147873 0.189494 0.078700 -0.502000 1 44 1.000000
  44 0.273784 -35.635082 71.312691 0.934976 -0.061479 0.349343 0.010100 -0.425200 1 44 1.000000
  44 0.273835 -35.678337 71.165909 1.000000 0.000000 0.000345 0.010700 -0.440000 1 44 1.000000
handle_side
  44 0.273924 -35.190926 70.907639 0.970683 0.147873 0.189494 0.078700 -0.502000 1 44 1.000000
  44 0.273773 -35.458378 71.343826 0.900931 0.251936 0.353344 0.044600 -0.435500 1 44 1.000000
  44 0.273784 -35.635082 71.312691 0.934976 -0.061479 0.349343 0.010100 -0.425200 1 44 1.000000
handle_side
  44 0.273773 -35.458378 71.343826 0.900931 0.251936 0.353344 0.044600 -0.435500 1 44 1.000000
  44 0.242460 -35.439262 71.383011 0.465833 0.403676 0.787429 0.054200 -0.431300 1 44 1.000000
  44 0.273784 -35.635082 71.312691 0.934976 -0.061479 0.349343 0.010100 -0.425200 1 44 1.000000
handle_side
  44 0.242460 -35.439262 71.383011 0.465833 0.403676 0.787429 0.054200 -0.431300 1 44 1.000000
  44 0.273773 -35.458378 71.343826 0.900931 0.251936 0.353344 0.044600 -0.435500 1 44 1.000000
  44 0.242612 -35.160614 70.941116 0.410874 0.620737 0.667734 0.089800 -0.499200 1 44 1.000000
handle_side
  44 0.273924 -35.190926 70.907639 0.970683 0.147873 0.189494 0.078700 -0.502000 1 44 1.000000
  44 0.242612 -35.160614 70.941116 0.410874 0.620737 0.667734 0.089800 -0.499200 1 44 1.000000
  44 0.273773 -35.458378 71.343826 0.900931 0.251936 0.353344 0.044600 -0.435500 1 44 1.000000
handle_side
  44 0.242612 -35.160614 70.941116 0.410874 0.620737 0.667734 0.089800 -0.499200 1 44 1.000000
  44 0.273924 -35.190926 70.907639 0.970683 0.147873 0.189494 0.078700 -0.502000 1 44 1.000000
  44 0.242680 -34.820381 70.746002 0.404594 0.179111 0.896785 0.139000 -0.542800 1 44 1.000000
handle_side
  44 0.273995 -34.802399 70.700798 0.929338 0.051724 0.365589 0.134500 -0.550400 1 44 1.000000
  44 0.242680 -34.820381 70.746002 0.404594 0.179111 0.896785 0.139000 -0.542800 1 44 1.000000
  44 0.273924 -35.190926 70.907639 0.970683 0.147873 0.189494 0.078700 -0.502000 1 44 1.000000
handle_side
  44 0.242680 -34.820381 70.746002 0.404594 0.179111 0.896785 0.139000 -0.542800 1 44 1.000000
  44 0.273995 -34.802399 70.700798 0.929338 0.051724 0.365589 0.134500 -0.550400 1 44 1.000000
  44 0.242672 -34.559673 70.767609 0.450787 -0.187594 0.872697 0.175000 -0.559300 1 44 1.000000
handle_side
  44 0.273988 -34.535389 70.721107 0.953829 -0.071302 0.291763 0.171400 -0.567500 1 44 1.000000
  44 0.242672 -34.559673 70.767609 0.450787 -0.187594 0.872697 0.175000 -0.559300 1 44 1.000000
  44 0.273995 -34.802399 70.700798 0.929338 0.051724 0.365589 0.134500 -0.550400 1 44 1.000000
handle_side
  44 0.242672 -34.559673 70.767609 0.450787 -0.187594 0.872697 0.175000 -0.559300 1 44 1.000000
  44 0.273988 -34.535389 70.721107 0.953829 -0.071302 0.291763 0.171400 -0.567500 1 44 1.000000
  44 0.242584 -33.744888 71.024025 0.446188 -0.054691 0.893266 0.291100 -0.593300 1 44 1.000000
handle_side
  44 0.273896 -33.741199 70.987831 0.937928 -0.003980 0.346806 0.284700 -0.598900 1 44 1.000000
  44 0.242584 -33.744888 71.024025 0.446188 -0.054691 0.893266 0.291100 -0.593300 1 44 1.000000
  44 0.273988 -34.535389 70.721107 0.953829 -0.071302 0.291763 0.171400 -0.567500 1 44 1.000000
handle_side
  44 0.242584 -33.744888 71.024025 0.446188 -0.054691 0.893266 0.291100 -0.593300 1 44 1.000000
  44 0.273896 -33.741199 70.987831 0.937928 -0.003980 0.346806 0.284700 -0.598900 1 44 1.000000
  44 0.242591 -33.592793 71.002174 0.445920 0.519019 0.729228 0.312100 -0.606600 1 44 1.000000
handle_side
  44 0.273903 -33.614502 70.969688 0.872430 0.330807 0.359768 0.302200 -0.609900 1 44 1.000000
  44 0.242591 -33.592793 71.002174 0.445920 0.519019 0.729228 0.312100 -0.606600 1 44 1.000000
  44 0.273896 -33.741199 70.987831 0.937928 -0.003980 0.346806 0.284700 -0.598900 1 44 1.000000
handle_side
  44 0.242591 -33.592793 71.002174 0.445920 0.519019 0.729228 0.312100 -0.606600 1 44 1.000000
  44 0.273903 -33.614502 70.969688 0.872430 0.330807 0.359768 0.302200 -0.609900 1 44 1.000000
  44 0.242648 -33.495049 70.839241 0.429933 0.887537 0.165638 0.324900 -0.631500 1 44 1.000000
handle_side
  44 0.273950 -33.531651 70.831566 0.940706 0.337717 0.031909 0.312900 -0.631100 1 44 1.000000
  44 0.242648 -33.495049 70.839241 0.429933 0.887537 0.165638 0.324900 -0.631500 1 44 1.000000
  44 0.273903 -33.614502 70.969688 0.872430 0.330807 0.359768 0.302200 -0.609900 1 44 1.000000
handle_side
  44 0.242648 -33.495049 70.839241 0.429933 0.887537 0.165638 0.324900 -0.631500 1 44 1.000000
  44 0.273950 -33.531651 70.831566 0.940706 0.337717 0.031909 0.312900 -0.631100 1 44 1.000000
  44 0.242708 -33.516911 70.665451 0.441258 0.756819 -0.482199 0.318300 -0.643300 1 44 1.000000
handle_side
  44 0.274001 -33.550003 70.685272 0.917614 0.308522 -0.250597 0.306800 -0.640200 1 44 1.000000
  44 0.242708 -33.516911 70.665451 0.441258 0.756819 -0.482199 0.318300 -0.643300 1 44 1.000000
  44 0.273950 -33.531651 70.831566 0.940706 0.337717 0.031909 0.312900 -0.631100 1 44 1.000000
handle_side
  44 0.273896 -33.741199 70.987831 0.937928 -0.003980 0.346806 0.284700 -0.598900 1 44 1.000000
  44 0.273950 -33.531651 70.831566 0.940706 0.337717 0.031909 0.312900 -0.631100 1 44 1.000000
  44 0.273903 -33.614502 70.969688 0.872430 0.330807 0.359768 0.302200 -0.609900 1 44 1.000000
handle_side
  44 0.273896 -33.741199 70.987831 0.937928 -0.003980 0.346806 0.284700 -0.598900 1 44 1.000000
  44 0.274019 -33.947220 70.633614 0.963709 0.054211 -0.261391 0.249800 -0.619200 1 44 1.000000
  44 0.273950 -33.531651 70.831566 0.940706 0.337717 0.031909 0.312900 -0.631100 1 44 1.000000
handle_side
  44 0.273896 -33.741199 70.987831 0.937928 -0.003980 0.346806 0.284700 -0.598900 1 44 1.000000
  44 0.273988 -34.535389 70.721107 0.953829 -0.071302 0.291763 0.171400 -0.567500 1 44 1.000000
  44 0.274019 -33.947220 70.633614 0.963709 0.054211 -0.261391 0.249800 -0.619200 1 44 1.000000
handle_side
  44 0.273988 -34.535389 70.721107 0.953829 -0.071302 0.291763 0.171400 -0.567500 1 44 1.000000
  44 0.274134 -34.806736 70.299202 0.975652 0.202876 -0.083335 0.131100 -0.595700 1 44 1.000000
  44 0.274019 -33.947220 70.633614 0.963709 0.054211 -0.261391 0.249800 -0.619200 1 44 1.000000
handle_side
  44 0.273988 -34.535389 70.721107 0.953829 -0.071302 0.291763 0.171400 -0.567500 1 44 1.000000
  44 0.273995 -34.802399 70.700798 0.929338 0.051724 0.365589 0.134500 -0.550400 1 44 1.000000
  44 0.274134 -34.806736 70.299202 0.975652 0.202876 -0.083335 0.131100 -0.595700 1 44 1.000000
handle_side
  44 0.274001 -33.550003 70.685272 0.917614 0.308522 -0.250597 0.306800 -0.640200 1 44 1.000000
  44 0.274019 -33.947220 70.633614 0.963709 0.054211 -0.261391 0.249800 -0.619200 1 44 1.000000
  44 0.274032 -33.677834 70.594009 0.864440 0.049425 -0.500300 0.289100 -0.640700 1 44 1.000000
handle_side
  44 0.273950 -33.531651 70.831566 0.940706 0.337717 0.031909 0.312900 -0.631100 1 44 1.000000
  44 0.274019 -33.947220 70.633614 0.963709 0.054211 -0.261391 0.249800 -0.619200 1 44 1.000000
  44 0.274001 -33.550003 70.685272 0.917614 0.308522 -0.250597 0.306800 -0.640200 1 44 1.000000
handle_side
  44 0.242708 -33.516911 70.665451 0.441258 0.756819 -0.482199 0.318300 -0.643300 1 44 1.000000
  44 0.274001 -33.550003 70.685272 0.917614 0.308522 -0.250597 0.306800 -0.640200 1 44 1.000000
  44 0.242745 -33.668945 70.556900 0.437504 0.183896 -0.880212 0.297300 -0.643900 1 44 1.000000
handle_side
  44 0.274032 -33.677834 70.594009 0.864440 0.049425 -0.500300 0.289100 -0.640700 1 44 1.000000
  44 0.242745 -33.668945 70.556900 0.437504 0.183896 -0.880212 0.297300 -0.643900 1 44 1.000000
  44 0.274001 -33.550003 70.685272 0.917614 0.308522 -0.250597 0.306800 -0.640200 1 44 1.000000
handle_side
  44 0.242745 -33.668945 70.556900 0.437504 0.183896 -0.880212 0.297300 -0.643900 1 44 1.000000
  44 0.274032 -33.677834 70.594009 0.864440 0.049425 -0.500300 0.289100 -0.640700 1 44 1.000000
  44 0.242730 -33.951431 70.600395 0.404218 0.123289 -0.906315 0.256100 -0.621100 1 44 1.000000
handle_side
  44 0.274019 -33.947220 70.633614 0.963709 0.054211 -0.261391 0.249800 -0.619200 1 44 1.000000
  44 0.242730 -33.951431 70.600395 0.404218 0.123289 -0.906315 0.256100 -0.621100 1 44 1.000000
  44 0.274032 -33.677834 70.594009 0.864440 0.049425 -0.500300 0.289100 -0.640700 1 44 1.000000
handle_side
  44 0.242730 -33.951431 70.600395 0.404218 0.123289 -0.906315 0.256100 -0.621100 1 44 1.000000
  44 0.274019 -33.947220 70.633614 0.963709 0.054211 -0.261391 0.249800 -0.619200 1 44 1.000000
  44 0.242842 -34.766243 70.274879 0.475356 0.734316 -0.484578 0.143600 -0.599800 1 44 1.000000
handle_side
  44 0.274134 -34.806736 70.299202 0.975652 0.202876 -0.083335 0.131100 -0.595700 1 44 1.000000
  44 0.242842 -34.766243 70.274879 0.475356 0.734316 -0.484578 0.143600 -0.599800 1 44 1.000000
  44 0.274019 -33.947220 70.633614 0.963709 0.054211 -0.261391 0.249800 -0.619200 1 44 1.000000
handle_side
  44 0.242842 -34.766243 70.274879 0.475356 0.734316 -0.484578 0.143600 -0.599800 1 44 1.000000
  44 0.274134 -34.806736 70.299202 0.975652 0.202876 -0.083335 0.131100 -0.595700 1 44 1.000000
  44 0.242951 -34.777153 69.959785 0.451029 0.761144 0.466082 0.150000 -0.631800 1 44 1.000000
handle_side
  44 0.274256 -34.810757 69.947105 0.940926 0.261074 0.215635 0.138500 -0.632200 1 44 1.000000
  44 0.242951 -34.777153 69.959785 0.451029 0.761144 0.466082 0.150000 -0.631800 1 44 1.000000
  44 0.274134 -34.806736 70.299202 0.975652 0.202876 -0.083335 0.131100 -0.595700 1 44 1.000000
handle_side
  44 0.242951 -34.777153 69.959785 0.451029 0.761144 0.466082 0.150000 -0.631800 1 44 1.000000
  44 0.274256 -34.810757 69.947105 0.940926 0.261074 0.215635 0.138500 -0.632200 1 44 1.000000
  44 0.242992 -34.581696 69.840317 0.393629 0.493364 0.775659 0.177000 -0.658700 1 44 1.000000
handle_side
  44 0.274303 -34.600502 69.810432 0.905539 0.230913 0.355918 0.167500 -0.662000 1 44 1.000000
  44 0.242992 -34.581696 69.840317 0.393629 0.493364 0.775659 0.177000 -0.658700 1 44 1.000000
  44 0.274256 -34.810757 69.947105 0.940926 0.261074 0.215635 0.138500 -0.632200 1 44 1.000000
handle_side
  44 0.242992 -34.581696 69.840317 0.393629 0.493364 0.775659 0.177000 -0.658700 1 44 1.000000
  44 0.274303 -34.600502 69.810432 0.905539 0.230913 0.355918 0.167500 -0.662000 1 44 1.000000
  44 0.243082 -34.179882 69.579483 0.412876 0.589162 0.694565 0.236200 -0.714800 1 44 1.000000
handle_side
  44 0.273995 -34.802399 70.700798 0.929338 0.051724 0.365589 0.134500 -0.550400 1 44 1.000000
  44 0.273924 -35.190926 70.907639 0.970683 0.147873 0.189494 0.078700 -0.502000 1 44 1.000000
  44 0.274134 -34.806736 70.299202 0.975652 0.202876 -0.083335 0.131100 -0.595700 1 44 1.000000
handle_side
  44 0.273924 -35.190926 70.907639 0.970683 0.147873 0.189494 0.078700 -0.502000 1 44 1.000000
  44 0.274057 -35.692059 70.520714 1.000000 0.000000 0.000345 0.008800 -0.508100 1 44 1.000000
  44 0.274134 -34.806736 70.299202 0.975652 0.202876 -0.083335 0.131100 -0.595700 1 44 1.000000
handle_side
  44 0.274134 -34.806736 70.299202 0.975652 0.202876 -0.083335 0.131100 -0.595700 1 44 1.000000
  44 0.274057 -35.692059 70.520714 1.000000 0.000000 0.000345 0.008800 -0.508100 1 44 1.000000
  44 0.274256 -34.810757 69.947105 0.940926 0.261074 0.215635 0.138500 -0.632200 1 44 1.000000
handle_side
  44 0.274057 -35.692059 70.520714 1.000000 0.000000 0.000345 0.008800 -0.508100 1 44 1.000000
  44 0.274551 -35.722549 69.091118 1.000000 0.000000 0.000345 0.009700 -0.658900 1 44 1.000000
  44 0.274256 -34.810757 69.947105 0.940926 0.261074 0.215635 0.138500 -0.632200 1 44 1.000000
handle_side
  44 0.274551 -35.722549 69.091118 1.000000 0.000000 0.000345 0.009700 -0.658900 1 44 1.000000
  44 0.274303 -34.600502 69.810432 0.905539 0.230913 0.355918 0.167500 -0.662000 1 44 1.000000
  44 0.274256 -34.810757 69.947105 0.940926 0.261074 0.215635 0.138500 -0.632200 1 44 1.000000
handle_side
  44 0.274551 -35.722549 69.091118 1.000000 0.000000 0.000345 0.009700 -0.658900 1 44 1.000000
  44 0.274392 -34.202694 69.552094 0.939135 0.231593 0.253750 0.226100 -0.717500 1 44 1.000000
  44 0.274303 -34.600502 69.810432 0.905539 0.230913 0.355918 0.167500 -0.662000 1 44 1.000000
handle_side
  44 0.274392 -34.202694 69.552094 0.939135 0.231593 0.253750 0.226100 -0.717500 1 44 1.000000
  44 0.243082 -34.179882 69.579483 0.412876 0.589162 0.694565 0.236200 -0.714800 1 44 1.000000
  44 0.274303 -34.600502 69.810432 0.905539 0.230913 0.355918 0.167500 -0.662000 1 44 1.000000
handle_side
  44 0.243082 -34.179882 69.579483 0.412876 0.589162 0.694565 0.236200 -0.714800 1 44 1.000000
  44 0.274392 -34.202694 69.552094 0.939135 0.231593 0.253750 0.226100 -0.717500 1 44 1.000000
  44 0.243214 -33.821518 69.199158 0.651224 0.561576 0.510431 0.274100 -0.783100 1 44 1.000000
handle_side
  44 -0.090186 -33.821518 69.199036 -0.000237 0.727838 0.685749 0.347800 -0.768100 1 44 1.000000
  44 0.243082 -34.179882 69.579483 0.412876 0.589162 0.694565 0.236200 -0.714800 1 44 1.000000
  44 0.243214 -33.821518 69.199158 0.651224 0.561576 0.510431 0.274100 -0.783100 1 44 1.000000
handle_side
  44 -0.090186 -33.821518 69.199036 -0.000237 0.727838 0.685749 0.347800 -0.768100 1 44 1.000000
  44 -0.090317 -34.179882 69.579369 -0.000274 0.609482 0.792800 0.298300 -0.701500 1 44 1.000000
  44 0.243082 -34.179882 69.579483 0.412876 0.589162 0.694565 0.236200 -0.714800 1 44 1.000000
handle_side
  44 -0.090317 -34.179882 69.579369 -0.000274 0.609482 0.792800 0.298300 -0.701500 1 44 1.000000
  44 0.242992 -34.581696 69.840317 0.393629 0.493364 0.775659 0.177000 -0.658700 1 44 1.000000
  44 0.243082 -34.179882 69.579483 0.412876 0.589162 0.694565 0.236200 -0.714800 1 44 1.000000
handle_side
  44 -0.090317 -34.179882 69.579369 -0.000274 0.609482 0.792800 0.298300 -0.701500 1 44 1.000000
  44 -0.090408 -34.581696 69.840202 -0.000293 0.529375 0.848388 0.242800 -0.644600 1 44 1.000000
  44 0.242992 -34.581696 69.840317 0.393629 0.493364 0.775659 0.177000 -0.658700 1 44 1.000000
handle_side
  44 -0.090408 -34.581696 69.840202 -0.000293 0.529375 0.848388 0.242800 -0.644600 1 44 1.000000
  44 0.242951 -34.777153 69.959785 0.451029 0.761144 0.466082 0.150000 -0.631800 1 44 1.000000
  44 0.242992 -34.581696 69.840317 0.393629 0.493364 0.775659 0.177000 -0.658700 1 44 1.000000
handle_side
  44 -0.090408 -34.581696 69.840202 -0.000293 0.529375 0.848388 0.242800 -0.644600 1 44 1.000000
  44 -0.090449 -34.777153 69.959671 -0.000102 0.954916 0.296874 0.215800 -0.617700 1 44 1.000000
  44 0.242951 -34.777153 69.959785 0.451029 0.761144 0.466082 0.150000 -0.631800 1 44 1.000000
handle_side
  44 -0.090449 -34.777153 69.959671 -0.000102 0.954916 0.296874 0.215800 -0.617700 1 44 1.000000
  44 0.242842 -34.766243 70.274879 0.475356 0.734316 -0.484578 0.143600 -0.599800 1 44 1.000000
  44 0.242951 -34.777153 69.959785 0.451029 0.761144 0.466082 0.150000 -0.631800 1 44 1.000000
handle_side
  44 -0.090449 -34.777153 69.959671 -0.000102 0.954916 0.296874 0.215800 -0.617700 1 44 1.000000
  44 -0.090558 -34.766243 70.274765 0.000254 0.677258 -0.735746 0.217300 -0.584800 1 44 1.000000
  44 0.242842 -34.766243 70.274879 0.475356 0.734316 -0.484578 0.143600 -0.599800 1 44 1.000000
handle_side
  44 -0.090558 -34.766243 70.274765 0.000254 0.677258 -0.735746 0.217300 -0.584800 1 44 1.000000
  44 0.242730 -33.951431 70.600395 0.404218 0.123289 -0.906315 0.256100 -0.621100 1 44 1.000000
  44 0.242842 -34.766243 70.274879 0.475356 0.734316 -0.484578 0.143600 -0.599800 1 44 1.000000
handle_side
  44 -0.090558 -34.766243 70.274765 0.000254 0.677258 -0.735746 0.217300 -0.584800 1 44 1.000000
  44 -0.090670 -33.951431 70.600281 0.000345 0.022756 -0.999741 0.329800 -0.608700 1 44 1.000000
  44 0.242730 -33.951431 70.600395 0.404218 0.123289 -0.906315 0.256100 -0.621100 1 44 1.000000
handle_side
  44 0.274551 -35.722549 69.091118 1.000000 0.000000 0.000345 0.009700 -0.658900 1 44 1.000000
  44 0.274628 -34.020130 68.869530 1.000000 0.000000 0.000345 0.239800 -0.805400 1 44 1.000000
  44 0.274546 -33.867947 69.104782 0.994273 0.085422 0.064214 0.260800 -0.791300 1 44 1.000000
handle_side
  44 0.274551 -35.722549 69.091118 1.000000 0.000000 0.000345 0.009700 -0.658900 1 44 1.000000
  44 0.274546 -33.867947 69.104782 0.994273 0.085422 0.064214 0.260800 -0.791300 1 44 1.000000
  44 0.274392 -34.202694 69.552094 0.939135 0.231593 0.253750 0.226100 -0.717500 1 44 1.000000
handle_side
  44 0.274546 -33.867947 69.104782 0.994273 0.085422 0.064214 0.260800 -0.791300 1 44 1.000000
  44 0.243214 -33.821518 69.199158 0.651224 0.561576 0.510431 0.274100 -0.783100 1 44 1.000000
  44 0.274392 -34.202694 69.552094 0.939135 0.231593 0.253750 0.226100 -0.717500 1 44 1.000000
handle_side
  44 -0.090670 -33.951431 70.600281 0.000345 0.022756 -0.999741 0.329800 -0.608700 1 44 1.000000
  44 0.242745 -33.668945 70.556900 0.437504 0.183896 -0.880212 0.297300 -0.643900 1 44 1.000000
  44 0.242730 -33.951431 70.600395 0.404218 0.123289 -0.906315 0.256100 -0.621100 1 44 1.000000
handle_side
  44 -0.090670 -33.951431 70.600281 0.000345 0.022756 -0.999741 0.329800 -0.608700 1 44 1.000000
  44 -0.090655 -33.668945 70.556778 0.000322 0.359990 -0.932956 0.368800 -0.633700 1 44 1.000000
  44 0.242745 -33.668945 70.556900 0.437504 0.183896 -0.880212 0.297300 -0.643900 1 44 1.000000
handle_side
  44 -0.090655 -33.668945 70.556778 0.000322 0.359990 -0.932956 0.368800 -0.633700 1 44 1.000000
  44 0.242708 -33.516911 70.665451 0.441258 0.756819 -0.482199 0.318300 -0.643300 1 44 1.000000
  44 0.242745 -33.668945 70.556900 0.437504 0.183896 -0.880212 0.297300 -0.643900 1 44 1.000000
handle_side
  44 -0.090655 -33.668945 70.556778 0.000322 0.359990 -0.932956 0.368800 -0.633700 1 44 1.000000
  44 -0.090692 -33.516911 70.665337 0.000132 0.923865 -0.382718 0.389800 -0.633100 1 44 1.000000
  44 0.242708 -33.516911 70.665451 0.441258 0.756819 -0.482199 0.318300 -0.643300 1 44 1.000000
handle_side
  44 -0.090692 -33.516911 70.665337 0.000132 0.923865 -0.382718 0.389800 -0.633100 1 44 1.000000
  44 0.242648 -33.495049 70.839241 0.429933 0.887537 0.165638 0.324900 -0.631500 1 44 1.000000
  44 0.242708 -33.516911 70.665451 0.441258 0.756819 -0.482199 0.318300 -0.643300 1 44 1.000000
handle_side
  44 -0.090692 -33.516911 70.665337 0.000132 0.923865 -0.382718 0.389800 -0.633100 1 44 1.000000
  44 -0.090752 -33.495049 70.839127 -0.000109 0.948532 0.316680 0.392800 -0.616100 1 44 1.000000
  44 0.242648 -33.495049 70.839241 0.429933 0.887537 0.165638 0.324900 -0.631500 1 44 1.000000
handle_side
  44 -0.090752 -33.495049 70.839127 -0.000109 0.948532 0.316680 0.392800 -0.616100 1 44 1.000000
  44 0.242591 -33.592793 71.002174 0.445920 0.519019 0.729228 0.312100 -0.606600 1 44 1.000000
  44 0.242648 -33.495049 70.839241 0.429933 0.887537 0.165638 0.324900 -0.631500 1 44 1.000000
handle_side
  44 -0.090752 -33.495049 70.839127 -0.000109 0.948532 0.316680 0.392800 -0.616100 1 44 1.000000
  44 -0.090809 -33.592793 71.002060 -0.000314 0.416098 0.909320 0.379300 -0.591600 1 44 1.000000
  44 0.242591 -33.592793 71.002174 0.445920 0.519019 0.729228 0.312100 -0.606600 1 44 1.000000
handle_side
  44 -0.090809 -33.592793 71.002060 -0.000314 0.416098 0.909320 0.379300 -0.591600 1 44 1.000000
  44 0.242584 -33.744888 71.024025 0.446188 -0.054691 0.893266 0.291100 -0.593300 1 44 1.000000
  44 0.242591 -33.592793 71.002174 0.445920 0.519019 0.729228 0.312100 -0.606600 1 44 1.000000
handle_side
  44 -0.090809 -33.592793 71.002060 -0.000314 0.416098 0.909320 0.379300 -0.591600 1 44 1.000000
  44 -0.090816 -33.744884 71.023911 -0.035440 -0.169258 0.984934 0.358300 -0.578300 1 44 1.000000
  44 0.242584 -33.744888 71.024025 0.446188 -0.054691 0.893266 0.291100 -0.593300 1 44 1.000000
handle_side
  44 -0.090816 -33.744884 71.023911 -0.035440 -0.169258 0.984934 0.358300 -0.578300 1 44 1.000000
  44 0.242672 -34.559673 70.767609 0.450787 -0.187594 0.872697 0.175000 -0.559300 1 44 1.000000
  44 0.242584 -33.744888 71.024025 0.446188 -0.054691 0.893266 0.291100 -0.593300 1 44 1.000000
handle_side
  44 -0.090816 -33.744884 71.023911 -0.035440 -0.169258 0.984934 0.358300 -0.578300 1 44 1.000000
  44 -0.090715 -34.559685 70.730896 -0.107839 -0.168263 0.979826 0.245800 -0.550800 1 44 1.000000
  44 0.242672 -34.559673 70.767609 0.450787 -0.187594 0.872697 0.175000 -0.559300 1 44 1.000000
handle_side
  44 -0.090715 -34.559685 70.730896 -0.107839 -0.168263 0.979826 0.245800 -0.550800 1 44 1.000000
  44 0.242680 -34.820381 70.746002 0.404594 0.179111 0.896785 0.139000 -0.542800 1 44 1.000000
  44 0.242672 -34.559673 70.767609 0.450787 -0.187594 0.872697 0.175000 -0.559300 1 44 1.000000
handle_side
  44 -0.090715 -34.559685 70.730896 -0.107839 -0.168263 0.979826 0.245800 -0.550800 1 44 1.000000
  44 -0.090708 -34.820393 70.709290 -0.101827 0.316930 0.942967 0.209800 -0.534400 1 44 1.000000
  44 0.242680 -34.820381 70.746002 0.404594 0.179111 0.896785 0.139000 -0.542800 1 44 1.000000
handle_side
  44 -0.090708 -34.820393 70.709290 -0.101827 0.316930 0.942967 0.209800 -0.534400 1 44 1.000000
  44 0.242612 -35.160614 70.941116 0.410874 0.620737 0.667734 0.089800 -0.499200 1 44 1.000000
  44 0.242680 -34.820381 70.746002 0.404594 0.179111 0.896785 0.139000 -0.542800 1 44 1.000000
handle_side
  44 -0.090708 -34.820393 70.709290 -0.101827 0.316930 0.942967 0.209800 -0.534400 1 44 1.000000
  44 -0.090783 -35.195019 70.926605 -0.068424 0.764453 0.641038 0.158000 -0.484100 1 44 1.000000
  44 0.242612 -35.160614 70.941116 0.410874 0.620737 0.667734 0.089800 -0.499200 1 44 1.000000
handle_side
  44 -0.090783 -35.195019 70.926605 -0.068424 0.764453 0.641038 0.158000 -0.484100 1 44 1.000000
  44 0.242460 -35.439262 71.383011 0.465833 0.403676 0.787429 0.054200 -0.431300 1 44 1.000000
  44 0.242612 -35.160614 70.941116 0.410874 0.620737 0.667734 0.089800 -0.499200 1 44 1.000000
handle_side
  44 -0.090783 -35.195019 70.926605 -0.068424 0.764453 0.641038 0.158000 -0.484100 1 44 1.000000
  44 -0.090940 -35.439262 71.382896 -0.000337 0.213942 0.976846 0.124300 -0.417600 1 44 1.000000
  44 0.242460 -35.439262 71.383011 0.465833 0.403676 0.787429 0.054200 -0.431300 1 44 1.000000
handle_side
  44 -0.090940 -35.439262 71.382896 -0.000337 0.213942 0.976846 0.124300 -0.417600 1 44 1.000000
  44 0.242471 -35.623974 71.350471 0.270377 -0.166975 0.948164 0.018600 -0.420600 1 44 1.000000
  44 0.242460 -35.439262 71.383011 0.465833 0.403676 0.787429 0.054200 -0.431300 1 44 1.000000
handle_side
  44 -0.090940 -35.439262 71.382896 -0.000337 0.213942 0.976846 0.124300 -0.417600 1 44 1.000000
  44 -0.090929 -35.623974 71.350357 -0.000340 -0.173457 0.984841 0.098800 -0.407800 1 44 1.000000
  44 0.242471 -35.623974 71.350471 0.270377 -0.166975 0.948164 0.018600 -0.420600 1 44 1.000000
handle_side
  44 -0.090072 -34.020130 68.869400 -0.024125 0.861610 -0.506997 0.320400 -0.789000 1 44 1.000000
  44 0.274546 -33.867947 69.104782 -0.036227 0.863928 -0.502311 0.260800 -0.791300 1 44 1.000000
  44 0.274628 -34.020130 68.869530 0.000188 0.839656 -0.543118 0.239800 -0.805400 1 44 1.000000
handle_side
  44 -0.090072 -34.020130 68.869400 -0.024125 0.861610 -0.506997 0.320400 -0.789000 1 44 1.000000
  44 0.243214 -33.821518 69.199158 -0.036230 0.871810 -0.488502 0.274100 -0.783100 1 44 1.000000
  44 0.274546 -33.867947 69.104782 -0.036227 0.863928 -0.502311 0.260800 -0.791300 1 44 1.000000
handle_side
  44 -0.090072 -34.020130 68.869400 -0.024125 0.861610 -0.506997 0.320400 -0.789000 1 44 1.000000
  44 -0.090186 -33.821518 69.199036 0.000178 0.856529 -0.516099 0.347800 -0.768100 1 44 1.000000
  44 0.243214 -33.821518 69.199158 -0.036230 0.871810 -0.488502 0.274100 -0.783100 1 44 1.000000
handle_side
  43 0.869305 -24.704006 63.722523 0.423022 0.305925 -0.852914 0.927900 -0.959400 1 43 1.000000
  43 0.869341 -26.418343 63.617420 0.417683 -0.416283 -0.807620 0.494000 -0.978000 1 43 1.000000
  43 0.772956 -26.433058 63.575188 0.417722 -0.178214 -0.890925 0.491000 -0.999500 1 43 1.000000
handle_side
  43 0.772840 -26.803942 63.910118 0.440436 -0.792228 -0.422364 0.394300 -0.938800 1 43 1.000000
  43 0.772956 -26.433058 63.575188 0.417722 -0.178214 -0.890925 0.491000 -0.999500 1 43 1.000000
  43 0.869341 -26.418343 63.617420 0.417683 -0.416283 -0.807620 0.494000 -0.978000 1 43 1.000000
handle_side
  43 0.869341 -26.418343 63.617420 0.417683 -0.416283 -0.807620 0.494000 -0.978000 1 43 1.000000
  43 0.869235 -26.757738 63.923935 0.440320 -0.894212 -0.080638 0.422000 -0.913100 1 43 1.000000
  43 0.772840 -26.803942 63.910118 0.440436 -0.792228 -0.422364 0.394300 -0.938800 1 43 1.000000
handle_side
  43 0.772612 -26.630915 64.570755 0.396553 -0.906955 0.142051 0.439400 -0.819100 1 43 1.000000
  43 0.772840 -26.803942 63.910118 0.440436 -0.792228 -0.422364 0.394300 -0.938800 1 43 1.000000
  43 0.869235 -26.757738 63.923935 0.440320 -0.894212 -0.080638 0.422000 -0.913100 1 43 1.000000
handle_side
  43 0.869235 -26.757738 63.923935 0.440320 -0.894212 -0.080638 0.422000 -0.913100 1 43 1.000000
  43 0.869013 -26.589518 64.566475 0.396584 -0.916687 0.049054 0.464500 -0.800100 1 43 1.000000
  43 0.772612 -26.630915 64.570755 0.396553 -0.906955 0.142051 0.439400 -0.819100 1 43 1.000000
handle_side
  43 0.772133 -26.697037 65.957176 0.400858 -0.898453 -0.179150 0.422000 -0.567900 1 43 1.000000
  43 0.772612 -26.630915 64.570755 0.396553 -0.906955 0.142051 0.439400 -0.819100 1 43 1.000000
  43 0.869013 -26.589518 64.566475 0.396584 -0.916687 0.049054 0.464500 -0.800100 1 43 1.000000
handle_side
  43 0.869013 -26.589518 64.566475 0.396584 -0.916687 0.049054 0.464500 -0.800100 1 43 1.000000
  43 0.868529 -26.656332 65.968597 0.400909 -0.860711 -0.313765 0.447500 -0.553400 1 43 1.000000
  43 0.772133 -26.697037 65.957176 0.400858 -0.898453 -0.179150 0.422000 -0.567900 1 43 1.000000
handle_side
  43 0.771872 -27.109674 66.714424 0.406489 -0.702979 -0.583598 0.314400 -0.430700 1 43 1.000000
  43 0.772133 -26.697037 65.957176 0.400858 -0.898453 -0.179150 0.422000 -0.567900 1 43 1.000000
  43 0.868529 -26.656332 65.968597 0.400909 -0.860711 -0.313765 0.447500 -0.553400 1 43 1.000000
handle_side
  43 0.868529 -26.656332 65.968597 0.400909 -0.860711 -0.313765 0.447500 -0.553400 1 43 1.000000
  43 0.868261 -27.079563 66.745140 0.406534 -0.571729 -0.712640 0.340300 -0.416800 1 43 1.000000
  43 0.771872 -27.109674 66.714424 0.406489 -0.702979 -0.583598 0.314400 -0.430700 1 43 1.000000
handle_side
  43 0.771778 -27.627781 66.985397 0.399808 -0.310306 -0.862475 0.179300 -0.381600 1 43 1.000000
  43 0.771872 -27.109674 66.714424 0.406489 -0.702979 -0.583598 0.314400 -0.430700 1 43 1.000000
  43 0.868261 -27.079563 66.745140 0.406534 -0.571729 -0.712640 0.340300 -0.416800 1 43 1.000000
handle_side
  43 0.868261 -27.079563 66.745140 0.406534 -0.571729 -0.712640 0.340300 -0.416800 1 43 1.000000
  43 0.868164 -27.616365 67.025925 0.399823 -0.187416 -0.897227 0.204400 -0.367500 1 43 1.000000
  43 0.771778 -27.627781 66.985397 0.399808 -0.310306 -0.862475 0.179300 -0.381600 1 43 1.000000
handle_side
  43 0.771765 -28.199066 67.024994 0.467564 -0.410265 -0.782986 0.030400 -0.374500 1 43 1.000000
  43 0.771778 -27.627781 66.985397 0.399808 -0.310306 -0.862475 0.179300 -0.381600 1 43 1.000000
  43 0.868164 -27.616365 67.025925 0.399823 -0.187416 -0.897227 0.204400 -0.367500 1 43 1.000000
handle_side
  43 0.868164 -27.616365 67.025925 0.399823 -0.187416 -0.897227 0.204400 -0.367500 1 43 1.000000
  43 0.868151 -28.163452 67.063919 0.467452 -0.744945 -0.475968 0.066000 -0.360800 1 43 1.000000
  43 0.771765 -28.199066 67.024994 0.467564 -0.410265 -0.782986 0.030400 -0.374500 1 43 1.000000
handle_side
  43 0.771512 -28.313314 67.755035 0.399219 -0.916634 -0.020146 0.000500 -0.242200 1 43 1.000000
  43 0.771765 -28.199066 67.024994 0.467564 -0.410265 -0.782986 0.030400 -0.374500 1 43 1.000000
  43 0.868151 -28.163452 67.063919 0.467452 -0.744945 -0.475968 0.066000 -0.360800 1 43 1.000000
handle_side
  43 0.868151 -28.163452 67.063919 0.467452 -0.744945 -0.475968 0.066000 -0.360800 1 43 1.000000
  43 0.867913 -28.271317 67.753159 0.399169 -0.910976 0.103854 0.024700 -0.250500 1 43 1.000000
  43 0.771512 -28.313314 67.755035 0.399219 -0.916634 -0.020146 0.000500 -0.242200 1 43 1.000000
handle_side
  43 0.771298 -28.157200 68.375580 0.399876 -0.848171 0.347427 0.041100 -0.129800 1 43 1.000000
  43 0.771512 -28.313314 67.755035 0.399219 -0.916634 -0.020146 0.000500 -0.242200 1 43 1.000000
  43 0.867913 -28.271317 67.753159 0.399169 -0.910976 0.103854 0.024700 -0.250500 1 43 1.000000
handle_side
  43 0.867913 -28.271317 67.753159 0.399169 -0.910976 0.103854 0.024700 -0.250500 1 43 1.000000
  43 0.867705 -28.119406 68.356903 0.399840 -0.789042 0.466412 0.063100 -0.144300 1 43 1.000000
  43 0.771298 -28.157200 68.375580 0.399876 -0.848171 0.347427 0.041100 -0.129800 1 43 1.000000
handle_side
  43 0.771143 -27.796144 68.825859 0.398275 -0.637977 0.659062 0.135200 -0.048200 1 43 1.000000
  43 0.771298 -28.157200 68.375580 0.399876 -0.848171 0.347427 0.041100 -0.129800 1 43 1.000000
  43 0.867705 -28.119406 68.356903 0.399840 -0.789042 0.466412 0.063100 -0.144300 1 43 1.000000
handle_side
  43 0.867705 -28.119406 68.356903 0.399840 -0.789042 0.466412 0.063100 -0.144300 1 43 1.000000
  43 0.867554 -27.768955 68.793983 0.398234 -0.548930 0.734905 0.151700 -0.067400 1 43 1.000000
  43 0.771143 -27.796144 68.825859 0.398275 -0.637977 0.659062 0.135200 -0.048200 1 43 1.000000
handle_side
  43 0.771052 -27.332855 69.088699 0.445286 -0.137392 0.884784 0.256000 -0.000500 1 43 1.000000
  43 0.771143 -27.796144 68.825859 0.398275 -0.637977 0.659062 0.135200 -0.048200 1 43 1.000000
  43 0.867554 -27.768955 68.793983 0.398234 -0.548930 0.734905 0.151700 -0.067400 1 43 1.000000
handle_side
  43 0.867554 -27.768955 68.793983 0.398234 -0.548930 0.734905 0.151700 -0.067400 1 43 1.000000
  43 0.867469 -27.335672 69.039726 0.445324 0.239610 0.862713 0.256100 -0.030200 1 43 1.000000
  43 0.771052 -27.332855 69.088699 0.445286 -0.137392 0.884784 0.256000 -0.000500 1 43 1.000000
handle_side
  43 0.771337 -26.208939 68.264305 0.395164 0.602145 0.693734 0.549000 -0.149800 1 43 1.000000
  43 0.771052 -27.332855 69.088699 0.445286 -0.137392 0.884784 0.256000 -0.000500 1 43 1.000000
  43 0.867469 -27.335672 69.039726 0.445324 0.239610 0.862713 0.256100 -0.030200 1 43 1.000000
handle_side
  43 0.867469 -27.335672 69.039726 0.445324 0.239610 0.862713 0.256100 -0.030200 1 43 1.000000
  43 0.867747 -26.237450 68.234055 0.395173 0.657312 0.641700 0.527200 -0.170600 1 43 1.000000
  43 0.771337 -26.208939 68.264305 0.395164 0.602145 0.693734 0.549000 -0.149800 1 43 1.000000
handle_side
  43 0.771706 -25.325108 67.196106 0.395729 0.757594 0.519085 0.779500 -0.343300 1 43 1.000000
  43 0.771337 -26.208939 68.264305 0.395164 0.602145 0.693734 0.549000 -0.149800 1 43 1.000000
  43 0.867747 -26.237450 68.234055 0.395173 0.657312 0.641700 0.527200 -0.170600 1 43 1.000000
handle_side
  43 0.867747 -26.237450 68.234055 0.395173 0.657312 0.641700 0.527200 -0.170600 1 43 1.000000
  43 0.868113 -25.360415 67.174149 0.395749 0.801861 0.447663 0.752700 -0.355800 1 43 1.000000
  43 0.771706 -25.325108 67.196106 0.395729 0.757594 0.519085 0.779500 -0.343300 1 43 1.000000
handle_side
  43 0.772142 -24.762644 65.931114 0.394895 0.865011 0.309539 0.926300 -0.572500 1 43 1.000000
  43 0.771706 -25.325108 67.196106 0.395729 0.757594 0.519085 0.779500 -0.343300 1 43 1.000000
  43 0.868113 -25.360415 67.174149 0.395749 0.801861 0.447663 0.752700 -0.355800 1 43 1.000000
handle_side
  43 0.868113 -25.360415 67.174149 0.395749 0.801861 0.447663 0.752700 -0.355800 1 43 1.000000
  43 0.868547 -24.802149 65.918655 0.394940 0.885838 0.243545 0.902800 -0.573000 1 43 1.000000
  43 0.772142 -24.762644 65.931114 0.394895 0.865011 0.309539 0.926300 -0.572500 1 43 1.000000
handle_side
  43 0.772637 -24.482140 64.498512 0.397470 0.914713 0.072920 0.999500 -0.832100 1 43 1.000000
  43 0.772142 -24.762644 65.931114 0.394895 0.865011 0.309539 0.926300 -0.572500 1 43 1.000000
  43 0.868547 -24.802149 65.918655 0.394940 0.885838 0.243545 0.902800 -0.573000 1 43 1.000000
handle_side
  43 0.868547 -24.802149 65.918655 0.394940 0.885838 0.243545 0.902800 -0.573000 1 43 1.000000
  43 0.869037 -24.524040 64.497658 0.397518 0.917005 -0.032880 0.973400 -0.823000 1 43 1.000000
  43 0.772637 -24.482140 64.498512 0.397470 0.914713 0.072920 0.999500 -0.832100 1 43 1.000000
handle_side
  43 0.772873 -24.585575 63.814152 0.401999 0.872110 -0.278964 0.972600 -0.956100 1 43 1.000000
  43 0.772637 -24.482140 64.498512 0.397470 0.914713 0.072920 0.999500 -0.832100 1 43 1.000000
  43 0.869037 -24.524040 64.497658 0.397518 0.917005 -0.032880 0.973400 -0.823000 1 43 1.000000
handle_side
  43 0.869037 -24.524040 64.497658 0.397518 0.917005 -0.032880 0.973400 -0.823000 1 43 1.000000
  43 0.869268 -24.624771 63.830399 0.402049 0.814766 -0.417747 0.947900 -0.940400 1 43 1.000000
  43 0.772873 -24.585575 63.814152 0.401999 0.872110 -0.278964 0.972600 -0.956100 1 43 1.000000
handle_side
  43 0.772919 -24.682220 63.682587 0.422939 0.551340 -0.719129 0.947400 -0.979900 1 43 1.000000
  43 0.772873 -24.585575 63.814152 0.401999 0.872110 -0.278964 0.972600 -0.956100 1 43 1.000000
  43 0.869268 -24.624771 63.830399 0.402049 0.814766 -0.417747 0.947900 -0.940400 1 43 1.000000
handle_side
  43 0.869268 -24.624771 63.830399 0.402049 0.814766 -0.417747 0.947900 -0.940400 1 43 1.000000
  43 0.869305 -24.704006 63.722523 0.423022 0.305925 -0.852914 0.927900 -0.959400 1 43 1.000000
  43 0.772919 -24.682220 63.682587 0.422939 0.551340 -0.719129 0.947400 -0.979900 1 43 1.000000
handle_side
  43 0.772956 -26.433058 63.575188 0.417722 -0.178214 -0.890925 0.491000 -0.999500 1 43 1.000000
  43 0.772919 -24.682220 63.682587 0.422939 0.551340 -0.719129 0.947400 -0.979900 1 43 1.000000
  43 0.869305 -24.704006 63.722523 0.423022 0.305925 -0.852914 0.927900 -0.959400 1 43 1.000000
handle_side
  45 -0.171512 -38.793190 67.825928 0.000222 0.766070 -0.642757 0.294300 -0.960600 1 45 1.000000
  45 -0.171633 -38.598366 68.175957 0.000087 0.967534 -0.252740 0.325300 -0.918500 1 45 1.000000
  45 0.340767 -38.598366 68.176140 0.320935 0.878614 -0.353607 0.238100 -0.914600 1 45 1.000000
handle_side
  45 -0.171512 -38.793190 67.825928 0.000222 0.766070 -0.642757 0.294300 -0.960600 1 45 1.000000
  45 0.340767 -38.598366 68.176140 0.320935 0.878614 -0.353607 0.238100 -0.914600 1 45 1.000000
  45 0.340888 -38.793190 67.826111 0.720400 0.433721 -0.541211 0.207100 -0.956700 1 45 1.000000
handle_side
  45 -0.171453 -39.120846 67.653145 0.000305 0.466401 -0.884573 0.242300 -0.977500 1 45 1.000000
  45 -0.171512 -38.793190 67.825928 0.000222 0.766070 -0.642757 0.294300 -0.960600 1 45 1.000000
  45 0.340888 -38.793190 67.826111 0.720400 0.433721 -0.541211 0.207100 -0.956700 1 45 1.000000
handle_side
  45 -0.171453 -39.120846 67.653145 0.000305 0.466401 -0.884573 0.242300 -0.977500 1 45 1.000000
  45 0.340888 -38.793190 67.826111 0.720400 0.433721 -0.541211 0.207100 -0.956700 1 45 1.000000
  45 0.340947 -39.120846 67.653320 0.707310 0.329782 -0.625265 0.155100 -0.979500 1 45 1.000000
handle_side
  45 0.340927 -39.477428 67.712738 1.000000 0.000000 0.000345 0.098400 -0.975500 1 45 1.000000
  45 0.340947 -39.120846 67.653320 0.707310 0.329782 -0.625265 0.155100 -0.979500 1 45 1.000000
  45 0.340888 -38.793190 67.826111 0.720400 0.433721 -0.541211 0.207100 -0.956700 1 45 1.000000
handle_side
  45 0.340927 -39.477428 67.712738 1.000000 0.000000 0.000345 0.098400 -0.975500 1 45 1.000000
  45 0.340888 -38.793190 67.826111 0.720400 0.433721 -0.541211 0.207100 -0.956700 1 45 1.000000
  45 0.340605 -38.537006 68.643822 0.800168 0.596338 -0.064125 0.247800 -0.859800 1 45 1.000000
handle_side
  45 0.340927 -39.477428 67.712738 1.000000 0.000000 0.000345 0.098400 -0.975500 1 45 1.000000
  45 0.340605 -38.537006 68.643822 0.800168 0.596338 -0.064125 0.247800 -0.859800 1 45 1.000000
  45 0.340485 -39.210686 68.992050 1.000000 0.000000 0.000345 0.140800 -0.825000 1 45 1.000000
handle_side
  45 0.340605 -38.537006 68.643822 0.800168 0.596338 -0.064125 0.247800 -0.859800 1 45 1.000000
  45 0.340484 -38.515285 68.995010 0.447235 0.892714 -0.055156 0.251300 -0.818900 1 45 1.000000
  45 0.340485 -39.210686 68.992050 1.000000 0.000000 0.000345 0.140800 -0.825000 1 45 1.000000
handle_side
  45 -0.171795 -38.537006 68.643646 0.000029 0.996411 -0.084647 0.335000 -0.863700 1 45 1.000000
  45 0.340484 -38.515285 68.995010 0.447235 0.892714 -0.055156 0.251300 -0.818900 1 45 1.000000
  45 0.340605 -38.537006 68.643822 0.800168 0.596338 -0.064125 0.247800 -0.859800 1 45 1.000000
handle_side
  45 -0.171795 -38.537006 68.643646 0.000029 0.996411 -0.084647 0.335000 -0.863700 1 45 1.000000
  45 -0.171916 -38.515285 68.994835 0.000021 0.998086 -0.061845 0.338500 -0.822900 1 45 1.000000
  45 0.340484 -38.515285 68.995010 0.447235 0.892714 -0.055156 0.251300 -0.818900 1 45 1.000000
handle_side
  45 0.340888 -38.793190 67.826111 0.720400 0.433721 -0.541211 0.207100 -0.956700 1 45 1.000000
  45 0.340767 -38.598366 68.176140 0.320935 0.878614 -0.353607 0.238100 -0.914600 1 45 1.000000
  45 0.340605 -38.537006 68.643822 0.800168 0.596338 -0.064125 0.247800 -0.859800 1 45 1.000000
handle_side
  45 -0.171633 -38.598366 68.175957 0.000087 0.967534 -0.252740 0.325300 -0.918500 1 45 1.000000
  45 0.340605 -38.537006 68.643822 0.800168 0.596338 -0.064125 0.247800 -0.859800 1 45 1.000000
  45 0.340767 -38.598366 68.176140 0.320935 0.878614 -0.353607 0.238100 -0.914600 1 45 1.000000
handle_side
  45 -0.171633 -38.598366 68.175957 0.000087 0.967534 -0.252740 0.325300 -0.918500 1 45 1.000000
  45 -0.171795 -38.537006 68.643646 0.000029 0.996411 -0.084647 0.335000 -0.863700 1 45 1.000000
  45 0.340605 -38.537006 68.643822 0.800168 0.596338 -0.064125 0.247800 -0.859800 1 45 1.000000
handle_side
  45 0.340695 -39.850895 68.384674 1.000000 0.000000 0.000345 0.039000 -0.900600 1 45 1.000000
  45 0.340833 -39.749531 67.985336 1.000000 0.000000 0.000345 0.055200 -0.946100 1 45 1.000000
  45 0.340927 -39.477428 67.712738 1.000000 0.000000 0.000345 0.098400 -0.975500 1 45 1.000000
handle_side
  45 0.340485 -39.210686 68.992050 1.000000 0.000000 0.000345 0.140800 -0.825000 1 45 1.000000
  45 0.340695 -39.850895 68.384674 1.000000 0.000000 0.000345 0.039000 -0.900600 1 45 1.000000
  45 0.340927 -39.477428 67.712738 1.000000 0.000000 0.000345 0.098400 -0.975500 1 45 1.000000
handle_side
  45 0.340485 -39.210686 68.992050 1.000000 0.000000 0.000345 0.140800 -0.825000 1 45 1.000000
  45 0.340484 -39.870483 68.995575 1.000000 0.000000 0.000345 0.035900 -0.830000 1 45 1.000000
  45 0.340695 -39.850895 68.384674 1.000000 0.000000 0.000345 0.039000 -0.900600 1 45 1.000000
handle_side
  44 -0.090865 -35.678337 71.165779 -0.000007 -0.999774 0.021245 0.091300 -0.423600 1 44 1.000000
  44 0.274057 -35.692059 70.520714 -0.000007 -0.999774 0.021245 0.008800 -0.508100 1 44 1.000000
  44 0.273835 -35.678337 71.165909 -0.000007 -0.999774 0.021245 0.010700 -0.440000 1 44 1.000000
handle_side
  44 -0.090865 -35.678337 71.165779 -0.000007 -0.999774 0.021245 0.091300 -0.423600 1 44 1.000000
  44 0.274551 -35.722549 69.091118 -0.000007 -0.999774 0.021245 0.009700 -0.658900 1 44 1.000000
  44 0.274057 -35.692059 70.520714 -0.000007 -0.999774 0.021245 0.008800 -0.508100 1 44 1.000000
handle_side
  44 -0.090865 -35.678337 71.165779 -0.000007 -0.999774 0.021245 0.091300 -0.423600 1 44 1.000000
  44 -0.090149 -35.722549 69.090996 -0.000007 -0.999774 0.021245 0.085300 -0.642500 1 44 1.000000
  44 0.274551 -35.722549 69.091118 -0.000007 -0.999774 0.021245 0.009700 -0.658900 1 44 1.000000
main_side
  43 0.315674 -29.980776 71.052551 -1.000000 0.000000 -0.000345 0.374900 -0.026800 1 43 1.000000
  43 0.315680 -29.986883 71.034554 -1.000000 0.000000 -0.000345 0.374200 -0.029100 1 43 1.000000
  43 0.315674 -30.039576 71.052574 -1.000000 0.000000 -0.000345 0.368300 -0.026800 1 43 1.000000
main_side
  43 -0.126526 -30.018375 71.052414 0.795704 0.000209 0.605685 0.370700 -0.026800 1 43 1.000000
  43 -0.282296 -30.157906 71.257111 0.795704 0.000209 0.605685 0.355100 -0.000500 1 43 1.000000
  43 -0.126526 -30.157976 71.052460 0.795704 0.000209 0.605685 0.355100 -0.026800 1 43 1.000000
main_side
  43 -0.282296 -30.157906 71.257111 0.795704 0.000209 0.605685 0.355100 -0.000500 1 43 1.000000
  43 -0.126526 -30.018375 71.052414 0.795704 0.000209 0.605685 0.370700 -0.026800 1 43 1.000000
  43 -0.282296 -30.010105 71.257057 0.795704 0.000209 0.605685 0.371600 -0.000500 1 43 1.000000
main_side
  43 -0.126373 -29.575630 70.609360 1.000000 0.000000 0.000345 0.095000 -0.595700 1 43 1.000000
  43 -0.126526 -29.629475 71.052277 1.000000 0.000000 0.000345 0.088800 -0.530800 1 43 1.000000
  43 -0.126283 -29.725920 70.347710 1.000000 0.000000 0.000345 0.073900 -0.628800 1 43 1.000000
main_side
  43 -0.126283 -29.725920 70.347710 1.000000 0.000000 0.000345 0.073900 -0.628800 1 43 1.000000
  43 -0.126130 -29.672071 69.904793 1.000000 0.000000 0.000345 0.082300 -0.700000 1 43 1.000000
  43 -0.126373 -29.575630 70.609360 1.000000 0.000000 0.000345 0.095000 -0.595700 1 43 1.000000
main_side
  43 -0.126179 -29.240923 70.047447 1.000000 0.000000 0.000345 0.133500 -0.672800 1 43 1.000000
  43 -0.126373 -29.575630 70.609360 1.000000 0.000000 0.000345 0.095000 -0.595700 1 43 1.000000
  43 -0.126130 -29.672071 69.904793 1.000000 0.000000 0.000345 0.082300 -0.700000 1 43 1.000000
main_side
  43 -0.126130 -29.672071 69.904793 1.000000 0.000000 0.000345 0.082300 -0.700000 1 43 1.000000
  43 -0.125729 -29.337572 68.745178 1.000000 0.000000 0.000345 0.125200 -0.856800 1 43 1.000000
  43 -0.126179 -29.240923 70.047447 1.000000 0.000000 0.000345 0.133500 -0.672800 1 43 1.000000
main_side
  43 -0.126026 -28.711676 69.604362 1.000000 0.000000 0.000345 0.190400 -0.734600 1 43 1.000000
  43 -0.126179 -29.240923 70.047447 1.000000 0.000000 0.000345 0.133500 -0.672800 1 43 1.000000
  43 -0.125729 -29.337572 68.745178 1.000000 0.000000 0.000345 0.125200 -0.856800 1 43 1.000000
main_side
  43 -0.125729 -29.337572 68.745178 1.000000 0.000000 0.000345 0.125200 -0.856800 1 43 1.000000
  43 -0.125576 -28.808325 68.302094 1.000000 0.000000 0.000345 0.186000 -0.919400 1 43 1.000000
  43 -0.126026 -28.711676 69.604362 1.000000 0.000000 0.000345 0.190400 -0.734600 1 43 1.000000
main_side
  43 -0.125959 -28.085243 69.409645 1.000000 0.000000 0.000345 0.260100 -0.761300 1 43 1.000000
  43 -0.126026 -28.711676 69.604362 1.000000 0.000000 0.000345 0.190400 -0.734600 1 43 1.000000
  43 -0.125576 -28.808325 68.302094 1.000000 0.000000 0.000345 0.186000 -0.919400 1 43 1.000000
main_side
  43 -0.125576 -28.808325 68.302094 1.000000 0.000000 0.000345 0.186000 -0.919400 1 43 1.000000
  43 -0.125509 -28.181892 68.107483 1.000000 0.000000 0.000345 0.258000 -0.950700 1 43 1.000000
  43 -0.125959 -28.085243 69.409645 1.000000 0.000000 0.000345 0.260100 -0.761300 1 43 1.000000
main_side
  43 -0.125958 -27.296644 69.409378 1.000000 0.000000 0.000345 0.349000 -0.760500 1 43 1.000000
  43 -0.125959 -28.085243 69.409645 1.000000 0.000000 0.000345 0.260100 -0.761300 1 43 1.000000
  43 -0.125509 -28.181892 68.107483 1.000000 0.000000 0.000345 0.258000 -0.950700 1 43 1.000000
main_side
  43 -0.125509 -28.181892 68.107483 1.000000 0.000000 0.000345 0.258000 -0.950700 1 43 1.000000
  43 -0.125509 -27.393291 68.107208 1.000000 0.000000 0.000345 0.346900 -0.963200 1 43 1.000000
  43 -0.125958 -27.296644 69.409378 1.000000 0.000000 0.000345 0.349000 -0.760500 1 43 1.000000
main_side
  43 -0.125692 -26.163509 68.637581 1.000000 0.000000 0.000345 0.469600 -0.869500 1 43 1.000000
  43 -0.125958 -27.296644 69.409378 1.000000 0.000000 0.000345 0.349000 -0.760500 1 43 1.000000
  43 -0.125509 -27.393291 68.107208 1.000000 0.000000 0.000345 0.346900 -0.963200 1 43 1.000000
main_side
  43 -0.125509 -27.393291 68.107208 1.000000 0.000000 0.000345 0.346900 -0.963200 1 43 1.000000
  43 -0.125449 -26.260054 67.933121 1.000000 0.000000 0.000345 0.467500 -0.965900 1 43 1.000000
  43 -0.125692 -26.163509 68.637581 1.000000 0.000000 0.000345 0.469600 -0.869500 1 43 1.000000
main_side
  43 -0.126283 -29.725920 70.347710 1.000000 0.000000 0.000345 0.073900 -0.628800 1 43 1.000000
  43 -0.126526 -29.629475 71.052277 0.894590 0.296217 0.334609 0.088800 -0.530800 1 43 1.000000
  43 -0.126457 -29.753044 70.854027 1.000000 0.000000 0.000345 0.074700 -0.558800 1 43 1.000000
main_side
  43 -0.126486 -30.122915 70.936844 1.000000 0.000000 0.000345 0.033900 -0.547200 1 43 1.000000
  43 -0.126457 -29.753044 70.854027 1.000000 0.000000 0.000345 0.074700 -0.558800 1 43 1.000000
  43 -0.126526 -29.629475 71.052277 0.894590 0.296217 0.334609 0.088800 -0.530800 1 43 1.000000
main_side
  43 -0.126526 -29.629475 71.052277 0.894590 0.296217 0.334609 0.088800 -0.530800 1 43 1.000000
  43 -0.126526 -30.018375 71.052414 0.706863 0.000244 0.707351 0.044200 -0.530800 1 43 1.000000
  43 -0.126486 -30.122915 70.936844 1.000000 0.000000 0.000345 0.033900 -0.547200 1 43 1.000000
main_side
  43 -0.126526 -30.018375 71.052414 0.706863 0.000244 0.707351 0.044200 -0.530800 1 43 1.000000
  43 -0.126526 -30.157976 71.052460 1.000000 0.000000 0.000345 0.033700 -0.531600 1 43 1.000000
  43 -0.126486 -30.122915 70.936844 1.000000 0.000000 0.000345 0.033900 -0.547200 1 43 1.000000
main_side
  43 0.315674 -30.039576 71.052574 -0.824599 0.000195 0.565717 0.368300 -0.026800 1 43 1.000000
  43 0.315674 -30.157976 71.052612 -0.824599 0.000195 0.565717 0.355100 -0.026800 1 43 1.000000
  43 0.456203 -30.157906 71.257362 -0.824599 0.000195 0.565717 0.355100 -0.000500 1 43 1.000000
main_side
  43 0.456203 -30.157906 71.257362 -0.824599 0.000195 0.565717 0.355100 -0.000500 1 43 1.000000
  43 0.456203 -30.010105 71.257317 -0.824599 0.000195 0.565717 0.371600 -0.000500 1 43 1.000000
  43 0.315674 -30.039576 71.052574 -0.824599 0.000195 0.565717 0.368300 -0.026800 1 43 1.000000
main_side
  43 0.806278 -32.088379 68.145256 -0.973424 0.217924 0.070389 0.668100 -0.744700 1 43 1.000000
  43 0.806216 -32.146618 68.324966 -0.973424 0.217924 0.070389 0.655200 -0.703200 1 43 1.000000
  43 0.825698 -32.076397 68.376053 -0.973424 0.217924 0.070389 0.669600 -0.691000 1 43 1.000000
main_side
  43 0.825698 -32.076397 68.376053 -0.973424 0.217924 0.070389 0.669600 -0.691000 1 43 1.000000
  43 0.825778 -32.001480 68.145233 -0.973424 0.217924 0.070389 0.686800 -0.744300 1 43 1.000000
  43 0.806278 -32.088379 68.145256 -0.973424 0.217924 0.070389 0.668100 -0.744700 1 43 1.000000
main_side
  43 0.806216 -32.146618 68.324966 -0.973452 0.134762 0.185015 0.655200 -0.703200 1 43 1.000000
  43 0.806177 -32.299480 68.436119 -0.973452 0.134762 0.185015 0.621700 -0.677600 1 43 1.000000
  43 0.825649 -32.272652 68.518723 -0.973452 0.134762 0.185015 0.628200 -0.658500 1 43 1.000000
main_side
  43 0.825649 -32.272652 68.518723 -0.973452 0.134762 0.185015 0.628200 -0.658500 1 43 1.000000
  43 0.825698 -32.076397 68.376053 -0.973452 0.134762 0.185015 0.669600 -0.691000 1 43 1.000000
  43 0.806216 -32.146618 68.324966 -0.973452 0.134762 0.185015 0.655200 -0.703200 1 43 1.000000
main_side
  43 0.806177 -32.299480 68.436119 -0.973482 0.000079 0.228764 0.621700 -0.677600 1 43 1.000000
  43 0.806177 -32.488480 68.436188 -0.973482 0.000079 0.228764 0.580200 -0.677600 1 43 1.000000
  43 0.825649 -32.515251 68.518806 -0.973482 0.000079 0.228764 0.573600 -0.658100 1 43 1.000000
main_side
  43 0.825649 -32.515251 68.518806 -0.973482 0.000079 0.228764 0.573600 -0.658100 1 43 1.000000
  43 0.825649 -32.272652 68.518723 -0.973482 0.000079 0.228764 0.628200 -0.658500 1 43 1.000000
  43 0.806177 -32.299480 68.436119 -0.973482 0.000079 0.228764 0.621700 -0.677600 1 43 1.000000
main_side
  43 0.806177 -32.488480 68.436188 -0.973452 -0.134634 0.185108 0.580200 -0.677600 1 43 1.000000
  43 0.806215 -32.641418 68.325142 -0.973452 -0.134634 0.185108 0.546600 -0.703200 1 43 1.000000
  43 0.825698 -32.711597 68.376274 -0.973452 -0.134634 0.185108 0.534600 -0.703100 1 43 1.000000
main_side
  43 0.825698 -32.711597 68.376274 -0.973452 -0.134634 0.185108 0.534600 -0.703100 1 43 1.000000
  43 0.825649 -32.515251 68.518806 -0.973452 -0.134634 0.185108 0.573600 -0.658100 1 43 1.000000
  43 0.806177 -32.488480 68.436188 -0.973452 -0.134634 0.185108 0.580200 -0.677600 1 43 1.000000
main_side
  43 0.806378 -32.299679 67.854523 -0.973324 0.134634 -0.185780 0.621700 -0.811800 1 43 1.000000
  43 0.806340 -32.146740 67.965569 -0.973324 0.134634 -0.185780 0.655200 -0.786100 1 43 1.000000
  43 0.825857 -32.076557 67.914452 -0.973324 0.134634 -0.185780 0.670300 -0.797100 1 43 1.000000
main_side
  43 0.825857 -32.076557 67.914452 -0.973324 0.134634 -0.185780 0.670300 -0.797100 1 43 1.000000
  43 0.825907 -32.272911 67.771919 -0.973324 0.134634 -0.185780 0.627900 -0.830400 1 43 1.000000
  43 0.806378 -32.299679 67.854523 -0.973324 0.134634 -0.185780 0.621700 -0.811800 1 43 1.000000
main_side
  43 0.806340 -32.146740 67.965569 -0.973375 0.217876 -0.071211 0.655200 -0.786100 1 43 1.000000
  43 0.806278 -32.088379 68.145256 -0.973375 0.217876 -0.071211 0.668100 -0.744700 1 43 1.000000
  43 0.825778 -32.001480 68.145233 -0.973375 0.217876 -0.071211 0.686800 -0.744300 1 43 1.000000
main_side
  43 0.825778 -32.001480 68.145233 -0.973375 0.217876 -0.071211 0.686800 -0.744300 1 43 1.000000
  43 0.825857 -32.076557 67.914452 -0.973375 0.217876 -0.071211 0.670300 -0.797100 1 43 1.000000
  43 0.806340 -32.146740 67.965569 -0.973375 0.217876 -0.071211 0.655200 -0.786100 1 43 1.000000
main_side
  43 0.496025 -31.759829 67.139633 0.793608 0.490065 -0.360587 0.176400 -0.529500 1 43 1.000000
  43 0.678968 -32.007374 67.304779 0.861060 0.180835 -0.475263 0.148800 -0.508300 1 43 1.000000
  43 0.469487 -31.888590 66.958969 0.926494 0.214990 -0.308850 0.162100 -0.552700 1 43 1.000000
main_side
  43 0.496025 -31.759829 67.139633 0.793608 0.490065 -0.360587 0.176400 -0.529500 1 43 1.000000
  43 0.768994 -31.612396 67.519279 0.819037 0.324126 -0.473414 0.192900 -0.480700 1 43 1.000000
  43 0.678968 -32.007374 67.304779 0.861060 0.180835 -0.475263 0.148800 -0.508300 1 43 1.000000
main_side
  43 0.768994 -31.612396 67.519279 0.819037 0.324126 -0.473414 0.192900 -0.480700 1 43 1.000000
  43 0.768997 -32.201698 67.510178 0.979284 0.003130 -0.202466 0.127100 -0.481900 1 43 1.000000
  43 0.678968 -32.007374 67.304779 0.861060 0.180835 -0.475263 0.148800 -0.508300 1 43 1.000000
main_side
  43 0.768994 -31.612396 67.519279 0.819037 0.324126 -0.473414 0.192900 -0.480700 1 43 1.000000
  43 0.768982 -31.591684 67.552567 0.821259 0.263820 -0.505898 0.195200 -0.476500 1 43 1.000000
  43 0.768997 -32.201698 67.510178 0.979284 0.003130 -0.202466 0.127100 -0.481900 1 43 1.000000
main_side
  43 0.316241 -31.681843 66.514442 0.940142 0.340307 -0.017994 0.185200 -0.609800 1 43 1.000000
  43 0.316259 -31.813160 66.461983 0.981955 0.070239 -0.175584 0.170500 -0.616500 1 43 1.000000
  43 0.282486 -31.554089 66.094589 0.998660 0.023385 -0.046165 0.199400 -0.663700 1 43 1.000000
main_side
  43 0.316241 -31.681843 66.514442 0.940142 0.340307 -0.017994 0.185200 -0.609800 1 43 1.000000
  43 0.469487 -31.888590 66.958969 0.926494 0.214990 -0.308850 0.162100 -0.552700 1 43 1.000000
  43 0.316259 -31.813160 66.461983 0.981955 0.070239 -0.175584 0.170500 -0.616500 1 43 1.000000
main_side
  43 0.316241 -31.681843 66.514442 0.940142 0.340307 -0.017994 0.185200 -0.609800 1 43 1.000000
  43 0.496025 -31.759829 67.139633 0.793608 0.490065 -0.360587 0.176400 -0.529500 1 43 1.000000
  43 0.469487 -31.888590 66.958969 0.926494 0.214990 -0.308850 0.162100 -0.552700 1 43 1.000000
main_side
  43 0.316241 -31.681843 66.514442 0.940142 0.340307 -0.017994 0.185200 -0.609800 1 43 1.000000
  43 0.235029 -31.597132 66.548286 0.371186 0.883961 0.284311 0.200600 -0.605400 1 43 1.000000
  43 0.496025 -31.759829 67.139633 0.793608 0.490065 -0.360587 0.176400 -0.529500 1 43 1.000000
main_side
  43 0.379343 -31.683346 67.088562 0.331789 0.910524 -0.246702 0.193500 -0.535000 1 43 1.000000
  43 0.496025 -31.759829 67.139633 0.793608 0.490065 -0.360587 0.176400 -0.529500 1 43 1.000000
  43 0.235029 -31.597132 66.548286 0.371186 0.883961 0.284311 0.200600 -0.605400 1 43 1.000000
main_side
  43 0.496025 -31.759829 67.139633 0.793608 0.490065 -0.360587 0.176400 -0.529500 1 43 1.000000
  43 0.379343 -31.683346 67.088562 0.331789 0.910524 -0.246702 0.193500 -0.535000 1 43 1.000000
  43 0.768994 -31.612396 67.519279 0.819037 0.324126 -0.473414 0.192900 -0.480700 1 43 1.000000
main_side
  43 0.688293 -31.521196 67.520714 0.327642 0.635860 -0.698808 0.203100 -0.485700 1 43 1.000000
  43 0.768994 -31.612396 67.519279 0.819037 0.324126 -0.473414 0.192900 -0.480700 1 43 1.000000
  43 0.379343 -31.683346 67.088562 0.331789 0.910524 -0.246702 0.193500 -0.535000 1 43 1.000000
main_side
  43 0.688293 -31.521196 67.520714 0.327642 0.635860 -0.698808 0.203100 -0.485700 1 43 1.000000
  43 0.768982 -31.591684 67.552567 0.821259 0.263820 -0.505898 0.195200 -0.476500 1 43 1.000000
  43 0.768994 -31.612396 67.519279 0.819037 0.324126 -0.473414 0.192900 -0.480700 1 43 1.000000
main_side
  43 0.688293 -31.521196 67.520714 0.327642 0.635860 -0.698808 0.203100 -0.485700 1 43 1.000000
  43 0.768975 -31.251078 67.574646 0.242339 0.100469 -0.964975 0.233200 -0.473600 1 43 1.000000
  43 0.768982 -31.591684 67.552567 0.821259 0.263820 -0.505898 0.195200 -0.476500 1 43 1.000000
main_side
  43 -0.089057 -31.683346 67.088402 0.000065 0.982315 -0.187235 0.216400 -0.536000 1 43 1.000000
  43 -0.129906 -31.521196 67.520432 0.000299 0.497884 -0.867243 0.219200 -0.494100 1 43 1.000000
  43 0.688293 -31.521196 67.520714 0.327642 0.635860 -0.698808 0.203100 -0.485700 1 43 1.000000
main_side
  43 -0.089057 -31.683346 67.088402 0.000065 0.982315 -0.187235 0.216400 -0.536000 1 43 1.000000
  43 0.688293 -31.521196 67.520714 0.327642 0.635860 -0.698808 0.203100 -0.485700 1 43 1.000000
  43 0.379343 -31.683346 67.088562 0.331789 0.910524 -0.246702 0.193500 -0.535000 1 43 1.000000
main_side
  43 -0.135971 -31.597132 66.548157 -0.000105 0.952356 0.304987 0.226900 -0.590900 1 43 1.000000
  43 -0.089057 -31.683346 67.088402 0.000065 0.982315 -0.187235 0.216400 -0.536000 1 43 1.000000
  43 0.379343 -31.683346 67.088562 0.331789 0.910524 -0.246702 0.193500 -0.535000 1 43 1.000000
main_side
  43 -0.135971 -31.597132 66.548157 -0.000105 0.952356 0.304987 0.226900 -0.590900 1 43 1.000000
  43 0.379343 -31.683346 67.088562 0.331789 0.910524 -0.246702 0.193500 -0.535000 1 43 1.000000
  43 0.235029 -31.597132 66.548286 0.371186 0.883961 0.284311 0.200600 -0.605400 1 43 1.000000
main_side
  43 -0.127155 -31.359547 66.213181 -0.000249 0.692758 0.721170 0.245800 -0.626600 1 43 1.000000
  43 -0.135971 -31.597132 66.548157 -0.000105 0.952356 0.304987 0.226900 -0.590900 1 43 1.000000
  43 0.235029 -31.597132 66.548286 0.371186 0.883961 0.284311 0.200600 -0.605400 1 43 1.000000
main_side
  43 -0.127155 -31.359547 66.213181 -0.000249 0.692758 0.721170 0.245800 -0.626600 1 43 1.000000
  43 0.235029 -31.597132 66.548286 0.371186 0.883961 0.284311 0.200600 -0.605400 1 43 1.000000
  43 0.201645 -31.359547 66.213295 0.409257 0.564853 0.716554 0.226300 -0.644300 1 43 1.000000
main_side
  43 0.235029 -31.597132 66.548286 0.371186 0.883961 0.284311 0.200600 -0.605400 1 43 1.000000
  43 0.316241 -31.681843 66.514442 0.940142 0.340307 -0.017994 0.185200 -0.609800 1 43 1.000000
  43 0.201645 -31.359547 66.213295 0.409257 0.564853 0.716554 0.226300 -0.644300 1 43 1.000000
main_side
  43 0.282461 -31.437664 66.165649 0.936392 0.210194 0.281047 0.212400 -0.654600 1 43 1.000000
  43 0.201645 -31.359547 66.213295 0.409257 0.564853 0.716554 0.226300 -0.644300 1 43 1.000000
  43 0.316241 -31.681843 66.514442 0.940142 0.340307 -0.017994 0.185200 -0.609800 1 43 1.000000
main_side
  43 0.282461 -31.437664 66.165649 0.936392 0.210194 0.281047 0.212400 -0.654600 1 43 1.000000
  43 0.316241 -31.681843 66.514442 0.940142 0.340307 -0.017994 0.185200 -0.609800 1 43 1.000000
  43 0.282486 -31.554089 66.094589 0.998660 0.023385 -0.046165 0.199400 -0.663700 1 43 1.000000
main_side
  43 0.282461 -31.437664 66.165649 0.936392 0.210194 0.281047 0.212400 -0.654600 1 43 1.000000
  43 0.282486 -31.554089 66.094589 0.998660 0.023385 -0.046165 0.199400 -0.663700 1 43 1.000000
  43 0.282557 -31.111158 65.889137 1.000000 0.000000 0.000345 0.248900 -0.690100 1 43 1.000000
main_side
  43 0.282523 -31.038225 65.986412 0.927405 0.049130 0.370817 0.257000 -0.677600 1 43 1.000000
  43 0.282461 -31.437664 66.165649 0.936392 0.210194 0.281047 0.212400 -0.654600 1 43 1.000000
  43 0.282557 -31.111158 65.889137 1.000000 0.000000 0.000345 0.248900 -0.690100 1 43 1.000000
main_side
  43 0.282523 -31.038225 65.986412 0.927405 0.049130 0.370817 0.257000 -0.677600 1 43 1.000000
  43 0.282557 -31.111158 65.889137 1.000000 0.000000 0.000345 0.248900 -0.690100 1 43 1.000000
  43 0.282553 -29.350355 65.899422 0.948782 0.175307 -0.262830 0.445400 -0.688700 1 43 1.000000
main_side
  43 0.282524 -29.400627 65.983147 0.968641 -0.117027 0.219179 0.439800 -0.677900 1 43 1.000000
  43 0.282523 -31.038225 65.986412 0.927405 0.049130 0.370817 0.257000 -0.677600 1 43 1.000000
  43 0.282553 -29.350355 65.899422 0.948782 0.175307 -0.262830 0.445400 -0.688700 1 43 1.000000
main_side
  43 0.282524 -29.400627 65.983147 0.968641 -0.117027 0.219179 0.439800 -0.677900 1 43 1.000000
  43 0.282553 -29.350355 65.899422 0.948782 0.175307 -0.262830 0.445400 -0.688700 1 43 1.000000
  43 0.282486 -29.058588 66.093727 0.591502 0.459550 -0.662524 0.478000 -0.663700 1 43 1.000000
main_side
  43 0.314270 -29.120472 66.141357 0.964803 -0.239329 -0.108980 0.471100 -0.657600 1 43 1.000000
  43 0.282524 -29.400627 65.983147 0.968641 -0.117027 0.219179 0.439800 -0.677900 1 43 1.000000
  43 0.282486 -29.058588 66.093727 0.591502 0.459550 -0.662524 0.478000 -0.663700 1 43 1.000000
main_side
  43 0.314270 -29.120472 66.141357 0.964803 -0.239329 -0.108980 0.471100 -0.657600 1 43 1.000000
  43 0.282486 -29.058588 66.093727 0.591502 0.459550 -0.662524 0.478000 -0.663700 1 43 1.000000
  43 0.517477 -28.604681 66.698647 0.670618 0.339067 -0.659776 0.528600 -0.586000 1 43 1.000000
main_side
  43 0.436726 -28.901829 66.558426 0.893002 -0.392188 -0.220762 0.495500 -0.604000 1 43 1.000000
  43 0.314270 -29.120472 66.141357 0.964803 -0.239329 -0.108980 0.471100 -0.657600 1 43 1.000000
  43 0.517477 -28.604681 66.698647 0.670618 0.339067 -0.659776 0.528600 -0.586000 1 43 1.000000
main_side
  43 0.605386 -28.870789 66.964073 0.805615 -0.378138 -0.456067 0.498900 -0.551900 1 43 1.000000
  43 0.436726 -28.901829 66.558426 0.893002 -0.392188 -0.220762 0.495500 -0.604000 1 43 1.000000
  43 0.517477 -28.604681 66.698647 0.670618 0.339067 -0.659776 0.528600 -0.586000 1 43 1.000000
main_side
  43 0.380227 -28.991730 66.554131 0.478376 -0.874579 0.079168 0.485400 -0.604600 1 43 1.000000
  43 0.436726 -28.901829 66.558426 0.893002 -0.392188 -0.220762 0.495500 -0.604000 1 43 1.000000
  43 0.524574 -28.984375 66.998283 0.392717 -0.848811 -0.353967 0.486200 -0.547500 1 43 1.000000
main_side
  43 0.380227 -28.991730 66.554131 0.478376 -0.874579 0.079168 0.485400 -0.604600 1 43 1.000000
  43 0.314270 -29.120472 66.141357 0.964803 -0.239329 -0.108980 0.471100 -0.657600 1 43 1.000000
  43 0.436726 -28.901829 66.558426 0.893002 -0.392188 -0.220762 0.495500 -0.604000 1 43 1.000000
main_side
  43 0.259049 -29.199051 66.201759 0.468607 -0.684707 0.558197 0.462300 -0.649800 1 43 1.000000
  43 0.314270 -29.120472 66.141357 0.964803 -0.239329 -0.108980 0.471100 -0.657600 1 43 1.000000
  43 0.380227 -28.991730 66.554131 0.478376 -0.874579 0.079168 0.485400 -0.604600 1 43 1.000000
main_side
  43 0.259049 -29.199051 66.201759 0.468607 -0.684707 0.558197 0.462300 -0.649800 1 43 1.000000
  43 0.282524 -29.400627 65.983147 0.968641 -0.117027 0.219179 0.439800 -0.677900 1 43 1.000000
  43 0.314270 -29.120472 66.141357 0.964803 -0.239329 -0.108980 0.471100 -0.657600 1 43 1.000000
main_side
  43 0.201697 -29.447500 66.061432 0.396997 -0.268297 0.877730 0.434600 -0.667900 1 43 1.000000
  43 0.282524 -29.400627 65.983147 0.968641 -0.117027 0.219179 0.439800 -0.677900 1 43 1.000000
  43 0.259049 -29.199051 66.201759 0.468607 -0.684707 0.558197 0.462300 -0.649800 1 43 1.000000
main_side
  43 0.282524 -29.400627 65.983147 0.968641 -0.117027 0.219179 0.439800 -0.677900 1 43 1.000000
  43 0.201697 -29.447500 66.061432 0.396997 -0.268297 0.877730 0.434600 -0.667900 1 43 1.000000
  43 0.282523 -31.038225 65.986412 0.927405 0.049130 0.370817 0.257000 -0.677600 1 43 1.000000
main_side
  43 0.201697 -30.981501 66.061958 0.386094 0.168216 0.906992 0.266800 -0.663700 1 43 1.000000
  43 0.282523 -31.038225 65.986412 0.927405 0.049130 0.370817 0.257000 -0.677600 1 43 1.000000
  43 0.201697 -29.447500 66.061432 0.396997 -0.268297 0.877730 0.434600 -0.667900 1 43 1.000000
main_side
  43 0.282523 -31.038225 65.986412 0.927405 0.049130 0.370817 0.257000 -0.677600 1 43 1.000000
  43 0.201697 -30.981501 66.061958 0.386094 0.168216 0.906992 0.266800 -0.663700 1 43 1.000000
  43 0.282461 -31.437664 66.165649 0.936392 0.210194 0.281047 0.212400 -0.654600 1 43 1.000000
main_side
  43 0.201645 -31.359547 66.213295 0.409257 0.564853 0.716554 0.226300 -0.644300 1 43 1.000000
  43 0.282461 -31.437664 66.165649 0.936392 0.210194 0.281047 0.212400 -0.654600 1 43 1.000000
  43 0.201697 -30.981501 66.061958 0.386094 0.168216 0.906992 0.266800 -0.663700 1 43 1.000000
main_side
  43 0.769032 -29.083935 67.408302 0.783800 -0.338689 -0.520526 0.475100 -0.494900 1 43 1.000000
  43 0.605386 -28.870789 66.964073 0.805615 -0.378138 -0.456067 0.498900 -0.551900 1 43 1.000000
  43 0.769195 -28.280499 66.936226 0.687143 0.033149 -0.725766 0.564800 -0.555500 1 43 1.000000
main_side
  43 0.605386 -28.870789 66.964073 0.805615 -0.378138 -0.456067 0.498900 -0.551900 1 43 1.000000
  43 0.517477 -28.604681 66.698647 0.670618 0.339067 -0.659776 0.528600 -0.586000 1 43 1.000000
  43 0.769195 -28.280499 66.936226 0.687143 0.033149 -0.725766 0.564800 -0.555500 1 43 1.000000
main_side
  43 -0.079423 -28.604679 66.698441 0.000246 0.703051 -0.711139 0.528600 -0.586000 1 43 1.000000
  43 0.769195 -28.280499 66.936226 0.687143 0.033149 -0.725766 0.564800 -0.555500 1 43 1.000000
  43 0.517477 -28.604681 66.698647 0.670618 0.339067 -0.659776 0.528600 -0.586000 1 43 1.000000
main_side
  43 -0.127114 -29.058588 66.093582 0.000237 0.727267 -0.686354 0.478000 -0.663700 1 43 1.000000
  43 -0.079423 -28.604679 66.698441 0.000246 0.703051 -0.711139 0.528600 -0.586000 1 43 1.000000
  43 0.517477 -28.604681 66.698647 0.670618 0.339067 -0.659776 0.528600 -0.586000 1 43 1.000000
main_side
  43 -0.127114 -29.058588 66.093582 0.000237 0.727267 -0.686354 0.478000 -0.663700 1 43 1.000000
  43 0.517477 -28.604681 66.698647 0.670618 0.339067 -0.659776 0.528600 -0.586000 1 43 1.000000
  43 0.282486 -29.058588 66.093727 0.591502 0.459550 -0.662524 0.478000 -0.663700 1 43 1.000000
main_side
  43 -0.127047 -29.350355 65.899284 0.000287 0.554436 -0.832226 0.445400 -0.688700 1 43 1.000000
  43 -0.127114 -29.058588 66.093582 0.000237 0.727267 -0.686354 0.478000 -0.663700 1 43 1.000000
  43 0.282486 -29.058588 66.093727 0.591502 0.459550 -0.662524 0.478000 -0.663700 1 43 1.000000
main_side
  43 -0.127047 -29.350355 65.899284 0.000287 0.554436 -0.832226 0.445400 -0.688700 1 43 1.000000
  43 0.282486 -29.058588 66.093727 0.591502 0.459550 -0.662524 0.478000 -0.663700 1 43 1.000000
  43 0.282553 -29.350355 65.899422 0.948782 0.175307 -0.262830 0.445400 -0.688700 1 43 1.000000
main_side
  43 0.605386 -28.870789 66.964073 0.805615 -0.378138 -0.456067 0.498900 -0.551900 1 43 1.000000
  43 0.524574 -28.984375 66.998283 0.392717 -0.848811 -0.353967 0.486200 -0.547500 1 43 1.000000
  43 0.436726 -28.901829 66.558426 0.893002 -0.392188 -0.220762 0.495500 -0.604000 1 43 1.000000
main_side
  43 0.524574 -28.984375 66.998283 0.392717 -0.848811 -0.353967 0.486200 -0.547500 1 43 1.000000
  43 0.605386 -28.870789 66.964073 0.805615 -0.378138 -0.456067 0.498900 -0.551900 1 43 1.000000
  43 0.688354 -29.156958 67.345100 0.381950 -0.601354 -0.701774 0.467000 -0.503000 1 43 1.000000
main_side
  43 0.769032 -29.083935 67.408302 0.783800 -0.338689 -0.520526 0.475100 -0.494900 1 43 1.000000
  43 0.688354 -29.156958 67.345100 0.381950 -0.601354 -0.701774 0.467000 -0.503000 1 43 1.000000
  43 0.605386 -28.870789 66.964073 0.805615 -0.378138 -0.456067 0.498900 -0.551900 1 43 1.000000
main_side
  43 0.688354 -29.156958 67.345100 0.381950 -0.601354 -0.701774 0.467000 -0.503000 1 43 1.000000
  43 0.769032 -29.083935 67.408302 0.783800 -0.338689 -0.520526 0.475100 -0.494900 1 43 1.000000
  43 0.688279 -29.533381 67.563232 0.461519 -0.180307 -0.868614 0.424900 -0.475000 1 43 1.000000
main_side
  43 0.768954 -29.476557 67.635735 0.719736 -0.159834 -0.675598 0.431300 -0.465700 1 43 1.000000
  43 0.688279 -29.533381 67.563232 0.461519 -0.180307 -0.868614 0.424900 -0.475000 1 43 1.000000
  43 0.769032 -29.083935 67.408302 0.783800 -0.338689 -0.520526 0.475100 -0.494900 1 43 1.000000
main_side
  43 0.768954 -29.476557 67.635735 0.719736 -0.159834 -0.675598 0.431300 -0.465700 1 43 1.000000
  43 0.768962 -30.388063 67.612450 0.697167 0.024553 -0.716488 0.329500 -0.468700 1 43 1.000000
  43 0.688279 -29.533381 67.563232 0.461519 -0.180307 -0.868614 0.424900 -0.475000 1 43 1.000000
main_side
  43 0.768962 -30.388063 67.612450 0.697167 0.024553 -0.716488 0.329500 -0.468700 1 43 1.000000
  43 0.768975 -31.251078 67.574646 0.242339 0.100469 -0.964975 0.233200 -0.473600 1 43 1.000000
  43 0.688279 -29.533381 67.563232 0.461519 -0.180307 -0.868614 0.424900 -0.475000 1 43 1.000000
main_side
  43 -0.127103 -30.981501 66.061852 -0.000334 0.251942 0.967742 0.277800 -0.637700 1 43 1.000000
  43 -0.127155 -31.359547 66.213181 -0.000249 0.692758 0.721170 0.245800 -0.626600 1 43 1.000000
  43 0.201645 -31.359547 66.213295 0.409257 0.564853 0.716554 0.226300 -0.644300 1 43 1.000000
main_side
  43 -0.127103 -30.981501 66.061852 -0.000334 0.251942 0.967742 0.277800 -0.637700 1 43 1.000000
  43 0.201645 -31.359547 66.213295 0.409257 0.564853 0.716554 0.226300 -0.644300 1 43 1.000000
  43 0.201697 -30.981501 66.061958 0.386094 0.168216 0.906992 0.266800 -0.663700 1 43 1.000000
main_side
  43 -0.127103 -29.447500 66.061317 -0.000340 -0.168565 0.985690 0.432000 -0.634600 1 43 1.000000
  43 -0.127103 -30.981501 66.061852 -0.000334 0.251942 0.967742 0.277800 -0.637700 1 43 1.000000
  43 0.201697 -30.981501 66.061958 0.386094 0.168216 0.906992 0.266800 -0.663700 1 43 1.000000
main_side
  43 -0.127103 -29.447500 66.061317 -0.000340 -0.168565 0.985690 0.432000 -0.634600 1 43 1.000000
  43 0.201697 -30.981501 66.061958 0.386094 0.168216 0.906992 0.266800 -0.663700 1 43 1.000000
  43 0.201697 -29.447500 66.061432 0.396997 -0.268297 0.877730 0.434600 -0.667900 1 43 1.000000
main_side
  43 -0.127151 -29.199051 66.201630 -0.000270 -0.622129 0.782914 0.462300 -0.649800 1 43 1.000000
  43 -0.127103 -29.447500 66.061317 -0.000340 -0.168565 0.985690 0.432000 -0.634600 1 43 1.000000
  43 0.201697 -29.447500 66.061432 0.396997 -0.268297 0.877730 0.434600 -0.667900 1 43 1.000000
main_side
  43 -0.127151 -29.199051 66.201630 -0.000270 -0.622129 0.782914 0.462300 -0.649800 1 43 1.000000
  43 0.201697 -29.447500 66.061432 0.396997 -0.268297 0.877730 0.434600 -0.667900 1 43 1.000000
  43 0.259049 -29.199051 66.201759 0.468607 -0.684707 0.558197 0.462300 -0.649800 1 43 1.000000
main_side
  43 -0.047159 -28.993643 66.514885 -0.015132 -0.923782 0.382619 0.485200 -0.609600 1 43 1.000000
  43 -0.127151 -29.199051 66.201630 -0.000270 -0.622129 0.782914 0.462300 -0.649800 1 43 1.000000
  43 0.259049 -29.199051 66.201759 0.468607 -0.684707 0.558197 0.462300 -0.649800 1 43 1.000000
main_side
  43 -0.047159 -28.993643 66.514885 -0.015132 -0.923782 0.382619 0.485200 -0.609600 1 43 1.000000
  43 0.259049 -29.199051 66.201759 0.468607 -0.684707 0.558197 0.462300 -0.649800 1 43 1.000000
  43 0.380227 -28.991730 66.554131 0.478376 -0.874579 0.079168 0.485400 -0.604600 1 43 1.000000
main_side
  43 0.022084 -28.971888 66.968605 -0.008963 -0.994115 -0.107957 0.487600 -0.551300 1 43 1.000000
  43 -0.047159 -28.993643 66.514885 -0.015132 -0.923782 0.382619 0.485200 -0.609600 1 43 1.000000
  43 0.380227 -28.991730 66.554131 0.478376 -0.874579 0.079168 0.485400 -0.604600 1 43 1.000000
main_side
  43 0.022084 -28.971888 66.968605 -0.008963 -0.994115 -0.107957 0.487600 -0.551300 1 43 1.000000
  43 0.380227 -28.991730 66.554131 0.478376 -0.874579 0.079168 0.485400 -0.604600 1 43 1.000000
  43 0.524574 -28.984375 66.998283 0.392717 -0.848811 -0.353967 0.486200 -0.547500 1 43 1.000000
main_side
  43 0.057661 -29.122963 67.325172 -0.011998 -0.809030 -0.587644 0.470700 -0.505500 1 43 1.000000
  43 0.022084 -28.971888 66.968605 -0.008963 -0.994115 -0.107957 0.487600 -0.551300 1 43 1.000000
  43 0.524574 -28.984375 66.998283 0.392717 -0.848811 -0.353967 0.486200 -0.547500 1 43 1.000000
main_side
  43 0.057661 -29.122963 67.325172 -0.011998 -0.809030 -0.587644 0.470700 -0.505500 1 43 1.000000
  43 0.524574 -28.984375 66.998283 0.392717 -0.848811 -0.353967 0.486200 -0.547500 1 43 1.000000
  43 0.688354 -29.156958 67.345100 0.381950 -0.601354 -0.701774 0.467000 -0.503000 1 43 1.000000
main_side
  43 0.057579 -29.533381 67.563011 0.000324 -0.346720 -0.937969 0.424900 -0.475000 1 43 1.000000
  43 0.057661 -29.122963 67.325172 -0.011998 -0.809030 -0.587644 0.470700 -0.505500 1 43 1.000000
  43 0.688354 -29.156958 67.345100 0.381950 -0.601354 -0.701774 0.467000 -0.503000 1 43 1.000000
main_side
  43 0.057579 -29.533381 67.563011 0.000324 -0.346720 -0.937969 0.424900 -0.475000 1 43 1.000000
  43 0.688354 -29.156958 67.345100 0.381950 -0.601354 -0.701774 0.467000 -0.503000 1 43 1.000000
  43 0.688279 -29.533381 67.563232 0.461519 -0.180307 -0.868614 0.424900 -0.475000 1 43 1.000000
main_side
  43 -0.129925 -31.251078 67.574341 0.000345 0.061156 -0.998128 0.233200 -0.473600 1 43 1.000000
  43 0.057579 -29.533381 67.563011 0.000324 -0.346720 -0.937969 0.424900 -0.475000 1 43 1.000000
  43 0.688279 -29.533381 67.563232 0.461519 -0.180307 -0.868614 0.424900 -0.475000 1 43 1.000000
main_side
  43 -0.129925 -31.251078 67.574341 0.000345 0.061156 -0.998128 0.233200 -0.473600 1 43 1.000000
  43 0.688279 -29.533381 67.563232 0.461519 -0.180307 -0.868614 0.424900 -0.475000 1 43 1.000000
  43 0.768975 -31.251078 67.574646 0.242339 0.100469 -0.964975 0.233200 -0.473600 1 43 1.000000
main_side
  43 -0.129906 -31.521196 67.520432 0.000299 0.497884 -0.867243 0.219200 -0.494100 1 43 1.000000
  43 -0.129925 -31.251078 67.574341 0.000345 0.061156 -0.998128 0.233200 -0.473600 1 43 1.000000
  43 0.768975 -31.251078 67.574646 0.242339 0.100469 -0.964975 0.233200 -0.473600 1 43 1.000000
main_side
  43 -0.129906 -31.521196 67.520432 0.000299 0.497884 -0.867243 0.219200 -0.494100 1 43 1.000000
  43 0.768975 -31.251078 67.574646 0.242339 0.100469 -0.964975 0.233200 -0.473600 1 43 1.000000
  43 0.688293 -31.521196 67.520714 0.327642 0.635860 -0.698808 0.203100 -0.485700 1 43 1.000000
main_side
  43 -0.079423 -28.604679 66.698441 0.000278 0.591111 -0.806590 0.528600 -0.586000 1 43 1.000000
  43 -0.079105 -28.280497 66.935928 0.000278 0.591111 -0.806590 0.564800 -0.555500 1 43 1.000000
  43 0.769195 -28.280499 66.936226 0.000278 0.591111 -0.806590 0.564800 -0.555500 1 43 1.000000
main_side
  43 0.768494 -29.335497 68.966484 1.000000 0.000000 0.000345 0.447000 -0.294700 1 43 1.000000
  43 0.768583 -29.973783 68.710503 1.000000 0.000000 0.000345 0.375700 -0.327600 1 43 1.000000
  43 0.768954 -29.476557 67.635735 1.000000 0.000000 0.000345 0.431300 -0.465700 1 43 1.000000
main_side
  43 0.768583 -29.973783 68.710503 1.000000 0.000000 0.000345 0.375700 -0.327600 1 43 1.000000
  43 0.768582 -30.671385 68.711052 1.000000 0.000000 0.000345 0.297900 -0.327600 1 43 1.000000
  43 0.768954 -29.476557 67.635735 1.000000 0.000000 0.000345 0.431300 -0.465700 1 43 1.000000
main_side
  43 0.768582 -30.671385 68.711052 1.000000 0.000000 0.000345 0.297900 -0.327600 1 43 1.000000
  43 0.768839 -30.679842 67.968147 1.000000 0.000000 0.000345 0.297000 -0.423000 1 43 1.000000
  43 0.768954 -29.476557 67.635735 1.000000 0.000000 0.000345 0.431300 -0.465700 1 43 1.000000
main_side
  43 0.768839 -30.679842 67.968147 1.000000 0.000000 0.000345 0.297000 -0.423000 1 43 1.000000
  43 0.768962 -30.388063 67.612450 1.000000 0.000000 0.000345 0.329500 -0.468700 1 43 1.000000
  43 0.768954 -29.476557 67.635735 1.000000 0.000000 0.000345 0.431300 -0.465700 1 43 1.000000
main_side
  43 0.768530 -30.079832 68.862442 0.894143 0.032545 -0.446597 0.363900 -0.308100 1 43 1.000000
  43 0.768479 -30.169481 69.010971 0.954133 -0.256448 -0.154479 0.353900 -0.289100 1 43 1.000000
  43 0.768582 -30.671385 68.711052 1.000000 0.000000 0.000345 0.297900 -0.327600 1 43 1.000000
main_side
  43 0.768583 -29.973783 68.710503 1.000000 0.000000 0.000345 0.375700 -0.327600 1 43 1.000000
  43 0.768530 -30.079832 68.862442 0.894143 0.032545 -0.446597 0.363900 -0.308100 1 43 1.000000
  43 0.768582 -30.671385 68.711052 1.000000 0.000000 0.000345 0.297900 -0.327600 1 43 1.000000
main_side
  43 0.768506 -29.987207 68.933510 0.936333 0.279915 -0.211964 0.374200 -0.299000 1 43 1.000000
  43 0.768530 -30.079832 68.862442 0.894143 0.032545 -0.446597 0.363900 -0.308100 1 43 1.000000
  43 0.768583 -29.973783 68.710503 1.000000 0.000000 0.000345 0.375700 -0.327600 1 43 1.000000
main_side
  43 0.768494 -29.335497 68.966484 1.000000 0.000000 0.000345 0.447000 -0.294700 1 43 1.000000
  43 0.768506 -29.987207 68.933510 0.936333 0.279915 -0.211964 0.374200 -0.299000 1 43 1.000000
  43 0.768583 -29.973783 68.710503 1.000000 0.000000 0.000345 0.375700 -0.327600 1 43 1.000000
main_side
  43 0.768306 -28.926308 69.511848 1.000000 0.000000 0.000345 0.492600 -0.224700 1 43 1.000000
  43 0.768506 -29.987207 68.933510 0.936333 0.279915 -0.211964 0.374200 -0.299000 1 43 1.000000
  43 0.768494 -29.335497 68.966484 1.000000 0.000000 0.000345 0.447000 -0.294700 1 43 1.000000
main_side
  43 0.768402 -28.223206 69.234001 0.999996 -0.001499 0.002346 0.571100 -0.260300 1 43 1.000000
  43 0.768306 -28.926308 69.511848 1.000000 0.000000 0.000345 0.492600 -0.224700 1 43 1.000000
  43 0.768494 -29.335497 68.966484 1.000000 0.000000 0.000345 0.447000 -0.294700 1 43 1.000000
main_side
  43 0.768402 -28.223206 69.234001 0.999996 -0.001499 0.002346 0.571100 -0.260300 1 43 1.000000
  43 0.768494 -29.335497 68.966484 1.000000 0.000000 0.000345 0.447000 -0.294700 1 43 1.000000
  43 0.768954 -29.476557 67.635735 1.000000 0.000000 0.000345 0.431300 -0.465700 1 43 1.000000
main_side
  43 0.768402 -28.223206 69.234001 0.999996 -0.001499 0.002346 0.571100 -0.260300 1 43 1.000000
  43 0.768954 -29.476557 67.635735 1.000000 0.000000 0.000345 0.431300 -0.465700 1 43 1.000000
  43 0.769032 -29.083935 67.408302 0.999996 -0.002800 0.000446 0.475100 -0.494900 1 43 1.000000
main_side
  43 0.768402 -28.223206 69.234001 0.999996 -0.001499 0.002346 0.571100 -0.260300 1 43 1.000000
  43 0.769032 -29.083935 67.408302 0.999996 -0.002800 0.000446 0.475100 -0.494900 1 43 1.000000
  43 0.771298 -28.157200 68.375580 0.999988 -0.004299 0.002447 0.578500 -0.370600 1 43 1.000000
main_side
  43 0.771298 -28.157200 68.375580 0.999988 -0.004299 0.002447 0.578500 -0.370600 1 43 1.000000
  43 0.769032 -29.083935 67.408302 0.999996 -0.002800 0.000446 0.475100 -0.494900 1 43 1.000000
  43 0.771512 -28.313314 67.755035 0.999995 -0.002900 -0.000854 0.561100 -0.450300 1 43 1.000000
main_side
  43 0.771512 -28.313314 67.755035 0.999995 -0.002900 -0.000854 0.561100 -0.450300 1 43 1.000000
  43 0.769032 -29.083935 67.408302 0.999996 -0.002800 0.000446 0.475100 -0.494900 1 43 1.000000
  43 0.769195 -28.280499 66.936226 0.999994 -0.001901 -0.002954 0.564800 -0.555500 1 43 1.000000
main_side
  43 0.771512 -28.313314 67.755035 0.999995 -0.002900 -0.000854 0.561100 -0.450300 1 43 1.000000
  43 0.769195 -28.280499 66.936226 0.999994 -0.001901 -0.002954 0.564800 -0.555500 1 43 1.000000
  43 0.771765 -28.199066 67.024994 0.999619 -0.027302 -0.003945 0.573900 -0.544100 1 43 1.000000
main_side
  43 0.771778 -27.627781 66.985397 0.999627 -0.001910 -0.027255 0.637600 -0.549100 1 43 1.000000
  43 0.771765 -28.199066 67.024994 0.999619 -0.027302 -0.003945 0.573900 -0.544100 1 43 1.000000
  43 0.769195 -28.280499 66.936226 0.999994 -0.001901 -0.002954 0.564800 -0.555500 1 43 1.000000
main_side
  43 0.769195 -28.280499 66.936226 0.999994 -0.001901 -0.002954 0.564800 -0.555500 1 43 1.000000
  43 0.769210 -27.654013 66.892807 0.999627 -0.001910 -0.027255 0.634700 -0.561000 1 43 1.000000
  43 0.771778 -27.627781 66.985397 0.999627 -0.001910 -0.027255 0.637600 -0.549100 1 43 1.000000
main_side
  43 0.771872 -27.109674 66.714424 0.999626 -0.012809 -0.024151 0.695500 -0.583900 1 43 1.000000
  43 0.771778 -27.627781 66.985397 0.999627 -0.001910 -0.027255 0.637600 -0.549100 1 43 1.000000
  43 0.769210 -27.654013 66.892807 0.999627 -0.001910 -0.027255 0.634700 -0.561000 1 43 1.000000
main_side
  43 0.769210 -27.654013 66.892807 0.999627 -0.001910 -0.027255 0.634700 -0.561000 1 43 1.000000
  43 0.769296 -27.178698 66.644142 0.999626 -0.012809 -0.024151 0.687800 -0.592900 1 43 1.000000
  43 0.771872 -27.109674 66.714424 0.999626 -0.012809 -0.024151 0.695500 -0.583900 1 43 1.000000
main_side
  43 0.772133 -26.697037 65.957176 0.999622 -0.024305 -0.012847 0.741600 -0.681200 1 43 1.000000
  43 0.771872 -27.109674 66.714424 0.999626 -0.012809 -0.024151 0.695500 -0.583900 1 43 1.000000
  43 0.769296 -27.178698 66.644142 0.999626 -0.012809 -0.024151 0.687800 -0.592900 1 43 1.000000
main_side
  43 0.769296 -27.178698 66.644142 0.999626 -0.012809 -0.024151 0.687800 -0.592900 1 43 1.000000
  43 0.769542 -26.790043 65.931107 0.999622 -0.024305 -0.012847 0.731200 -0.684500 1 43 1.000000
  43 0.772133 -26.697037 65.957176 0.999622 -0.024305 -0.012847 0.741600 -0.681200 1 43 1.000000
main_side
  43 0.768479 -30.169481 69.010971 0.954133 -0.256448 -0.154479 0.353900 -0.289100 1 43 1.000000
  43 0.768530 -30.079832 68.862442 0.894143 0.032545 -0.446597 0.363900 -0.308100 1 43 1.000000
  43 0.912867 -30.165367 69.046516 0.714474 -0.235843 -0.658714 0.354300 -0.284500 1 43 1.000000
main_side
  43 0.771052 -27.332855 69.088699 0.999611 0.016308 0.022640 0.670500 -0.278900 1 43 1.000000
  43 0.771337 -26.208939 68.264305 0.999611 0.016308 0.022640 0.796000 -0.384800 1 43 1.000000
  43 0.768713 -26.143816 68.333282 0.999611 0.016308 0.022640 0.803200 -0.375900 1 43 1.000000
main_side
  43 0.768713 -26.143816 68.333282 0.999611 0.016308 0.022640 0.803200 -0.375900 1 43 1.000000
  43 0.768414 -27.326317 69.200691 0.999976 0.000202 0.006945 0.671200 -0.264600 1 43 1.000000
  43 0.771052 -27.332855 69.088699 0.999611 0.016308 0.022640 0.670500 -0.278900 1 43 1.000000
main_side
  43 0.771143 -27.796144 68.825859 0.999986 -0.001598 0.005046 0.618800 -0.312700 1 43 1.000000
  43 0.771052 -27.332855 69.088699 0.999611 0.016308 0.022640 0.670500 -0.278900 1 43 1.000000
  43 0.768414 -27.326317 69.200691 0.999976 0.000202 0.006945 0.671200 -0.264600 1 43 1.000000
main_side
  43 0.768414 -27.326317 69.200691 0.999976 0.000202 0.006945 0.671200 -0.264600 1 43 1.000000
  43 0.768402 -28.223206 69.234001 0.999996 -0.001499 0.002346 0.571100 -0.260300 1 43 1.000000
  43 0.771143 -27.796144 68.825859 0.999986 -0.001598 0.005046 0.618800 -0.312700 1 43 1.000000
main_side
  43 0.771143 -27.796144 68.825859 0.999986 -0.001598 0.005046 0.618800 -0.312700 1 43 1.000000
  43 0.768402 -28.223206 69.234001 0.999996 -0.001499 0.002346 0.571100 -0.260300 1 43 1.000000
  43 0.771298 -28.157200 68.375580 0.999988 -0.004299 0.002447 0.578500 -0.370600 1 43 1.000000
main_side
  43 0.772612 -26.630915 64.570755 0.999618 -0.027601 -0.000945 0.749000 -0.859200 1 43 1.000000
  43 0.772133 -26.697037 65.957176 0.999622 -0.024305 -0.012847 0.741600 -0.681200 1 43 1.000000
  43 0.769542 -26.790043 65.931107 0.999622 -0.024305 -0.012847 0.731200 -0.684500 1 43 1.000000
main_side
  43 0.769542 -26.790043 65.931107 0.999622 -0.024305 -0.012847 0.731200 -0.684500 1 43 1.000000
  43 0.770009 -26.725712 64.580688 0.999618 -0.027601 -0.000945 0.738400 -0.858000 1 43 1.000000
  43 0.772612 -26.630915 64.570755 0.999618 -0.027601 -0.000945 0.749000 -0.859200 1 43 1.000000
main_side
  43 0.772840 -26.803942 63.910118 0.999616 -0.026698 0.007355 0.729700 -0.944100 1 43 1.000000
  43 0.772612 -26.630915 64.570755 0.999618 -0.027601 -0.000945 0.749000 -0.859200 1 43 1.000000
  43 0.770009 -26.725712 64.580688 0.999618 -0.027601 -0.000945 0.738400 -0.858000 1 43 1.000000
main_side
  43 0.770009 -26.725712 64.580688 0.999618 -0.027601 -0.000945 0.738400 -0.858000 1 43 1.000000
  43 0.770251 -26.909653 63.878551 1.000000 0.000000 0.000345 0.717900 -0.948200 1 43 1.000000
  43 0.772840 -26.803942 63.910118 0.999616 -0.026698 0.007355 0.729700 -0.944100 1 43 1.000000
main_side
  43 0.772956 -26.433058 63.575188 0.999627 0.001690 -0.027256 0.771100 -0.987100 1 43 1.000000
  43 0.772840 -26.803942 63.910118 0.999616 -0.026698 0.007355 0.729700 -0.944100 1 43 1.000000
  43 0.770251 -26.909653 63.878551 1.000000 0.000000 0.000345 0.717900 -0.948200 1 43 1.000000
main_side
  43 0.770251 -26.909653 63.878551 1.000000 0.000000 0.000345 0.717900 -0.948200 1 43 1.000000
  43 0.770389 -26.466890 63.478699 1.000000 0.000000 0.000345 0.767400 -0.999500 1 43 1.000000
  43 0.772956 -26.433058 63.575188 0.999627 0.001690 -0.027256 0.771100 -0.987100 1 43 1.000000
main_side
  43 0.772919 -24.682220 63.682587 0.999622 0.022295 -0.016063 0.966500 -0.973200 1 43 1.000000
  43 0.772956 -26.433058 63.575188 0.999627 0.001690 -0.027256 0.771100 -0.987100 1 43 1.000000
  43 0.770389 -26.466890 63.478699 1.000000 0.000000 0.000345 0.767400 -0.999500 1 43 1.000000
main_side
  43 0.770389 -26.466890 63.478699 1.000000 0.000000 0.000345 0.767400 -0.999500 1 43 1.000000
  43 0.770350 -24.632452 63.591267 1.000000 0.000000 0.000345 0.972100 -0.985000 1 43 1.000000
  43 0.772919 -24.682220 63.682587 0.999622 0.022295 -0.016063 0.966500 -0.973200 1 43 1.000000
main_side
  43 0.772873 -24.585575 63.814152 0.999620 0.027299 -0.003764 0.977300 -0.956300 1 43 1.000000
  43 0.772919 -24.682220 63.682587 0.999622 0.022295 -0.016063 0.966500 -0.973200 1 43 1.000000
  43 0.770350 -24.632452 63.591267 1.000000 0.000000 0.000345 0.972100 -0.985000 1 43 1.000000
main_side
  43 0.770350 -24.632452 63.591267 1.000000 0.000000 0.000345 0.972100 -0.985000 1 43 1.000000
  43 0.770286 -24.495888 63.777122 0.999620 0.027299 -0.003764 0.987300 -0.961100 1 43 1.000000
  43 0.772873 -24.585575 63.814152 0.999620 0.027299 -0.003764 0.977300 -0.956300 1 43 1.000000
main_side
  43 0.772637 -24.482140 64.498512 0.999617 0.027102 0.005636 0.988800 -0.868400 1 43 1.000000
  43 0.772873 -24.585575 63.814152 0.999620 0.027299 -0.003764 0.977300 -0.956300 1 43 1.000000
  43 0.770286 -24.495888 63.777122 0.999620 0.027299 -0.003764 0.987300 -0.961100 1 43 1.000000
main_side
  43 0.770286 -24.495888 63.777122 0.999620 0.027299 -0.003764 0.987300 -0.961100 1 43 1.000000
  43 0.770036 -24.386637 64.500580 0.999617 0.027102 0.005636 0.999500 -0.868200 1 43 1.000000
  43 0.772637 -24.482140 64.498512 0.999617 0.027102 0.005636 0.988800 -0.868400 1 43 1.000000
main_side
  43 0.772142 -24.762644 65.931114 0.999616 0.025204 0.011537 0.957500 -0.684400 1 43 1.000000
  43 0.772637 -24.482140 64.498512 0.999617 0.027102 0.005636 0.988800 -0.868400 1 43 1.000000
  43 0.770036 -24.386637 64.500580 0.999617 0.027102 0.005636 0.999500 -0.868200 1 43 1.000000
main_side
  43 0.770036 -24.386637 64.500580 0.999617 0.027102 0.005636 0.999500 -0.868200 1 43 1.000000
  43 0.769533 -24.672234 65.959579 0.999616 0.025204 0.011537 0.967600 -0.680800 1 43 1.000000
  43 0.772142 -24.762644 65.931114 0.999616 0.025204 0.011537 0.957500 -0.684400 1 43 1.000000
main_side
  43 0.771706 -25.325108 67.196106 0.999612 0.021306 0.017938 0.894600 -0.522000 1 43 1.000000
  43 0.772142 -24.762644 65.931114 0.999616 0.025204 0.011537 0.957500 -0.684400 1 43 1.000000
  43 0.769533 -24.672234 65.959579 0.999616 0.025204 0.011537 0.967600 -0.680800 1 43 1.000000
main_side
  43 0.769533 -24.672234 65.959579 0.999616 0.025204 0.011537 0.967600 -0.680800 1 43 1.000000
  43 0.769088 -25.244289 67.246170 0.999612 0.021306 0.017938 0.903700 -0.515500 1 43 1.000000
  43 0.771706 -25.325108 67.196106 0.999612 0.021306 0.017938 0.894600 -0.522000 1 43 1.000000
main_side
  43 0.771337 -26.208939 68.264305 0.999611 0.016308 0.022640 0.796000 -0.384800 1 43 1.000000
  43 0.771706 -25.325108 67.196106 0.999612 0.021306 0.017938 0.894600 -0.522000 1 43 1.000000
  43 0.769088 -25.244289 67.246170 0.999612 0.021306 0.017938 0.903700 -0.515500 1 43 1.000000
main_side
  43 0.769088 -25.244289 67.246170 0.999612 0.021306 0.017938 0.903700 -0.515500 1 43 1.000000
  43 0.768713 -26.143816 68.333282 0.999611 0.016308 0.022640 0.803200 -0.375900 1 43 1.000000
  43 0.771337 -26.208939 68.264305 0.999611 0.016308 0.022640 0.796000 -0.384800 1 43 1.000000
main_side
  43 0.770352 -26.801655 63.586914 1.000000 0.000000 0.000345 0.730000 -0.985600 1 43 1.000000
  43 0.770389 -26.466890 63.478699 1.000000 0.000000 0.000345 0.767400 -0.999500 1 43 1.000000
  43 0.770251 -26.909653 63.878551 1.000000 0.000000 0.000345 0.717900 -0.948200 1 43 1.000000
main_side
  43 0.770389 -26.466890 63.478699 1.000000 0.000000 0.000345 0.767400 -0.999500 1 43 1.000000
  43 0.770386 -24.763788 63.487812 1.000000 0.000000 0.000345 0.957400 -0.998300 1 43 1.000000
  43 0.770350 -24.632452 63.591267 1.000000 0.000000 0.000345 0.972100 -0.985000 1 43 1.000000
main_side
  43 0.768649 -32.115654 68.517548 1.000000 0.000000 0.000345 0.136700 -0.352500 1 43 1.000000
  43 0.768839 -31.860542 67.967758 1.000000 0.000000 0.000345 0.165200 -0.423100 1 43 1.000000
  43 0.768584 -31.859285 68.704964 1.000000 0.000000 0.000345 0.165300 -0.328400 1 43 1.000000
main_side
  43 0.768768 -32.490368 68.172775 1.000000 0.000000 0.000345 0.094900 -0.396800 1 43 1.000000
  43 0.768839 -31.860542 67.967758 1.000000 0.000000 0.000345 0.165200 -0.423100 1 43 1.000000
  43 0.768649 -32.115654 68.517548 1.000000 0.000000 0.000345 0.136700 -0.352500 1 43 1.000000
main_side
  43 0.768768 -32.490368 68.172775 1.000000 0.000000 0.000345 0.094900 -0.396800 1 43 1.000000
  43 0.768894 -32.546593 67.809097 1.000000 0.000000 0.000345 0.088600 -0.443500 1 43 1.000000
  43 0.768839 -31.860542 67.967758 1.000000 0.000000 0.000345 0.165200 -0.423100 1 43 1.000000
main_side
  43 0.768839 -31.860542 67.967758 1.000000 0.000000 0.000345 0.165200 -0.423100 1 43 1.000000
  43 0.768894 -32.546593 67.809097 1.000000 0.000000 0.000345 0.088600 -0.443500 1 43 1.000000
  43 0.768861 -31.773064 67.904930 1.000000 0.000000 0.000345 0.174900 -0.431200 1 43 1.000000
main_side
  43 0.768839 -30.679842 67.968147 1.000000 0.000000 0.000345 0.297000 -0.423000 1 43 1.000000
  43 0.768863 -30.742367 67.897369 1.000000 0.000000 0.000345 0.290000 -0.432100 1 43 1.000000
  43 0.768962 -30.388063 67.612450 1.000000 0.000000 0.000345 0.329500 -0.468700 1 43 1.000000
main_side
  43 0.768863 -30.742367 67.897369 1.000000 0.000000 0.000345 0.290000 -0.432100 1 43 1.000000
  43 0.768975 -31.251078 67.574646 1.000000 0.000000 0.000345 0.233200 -0.473600 1 43 1.000000
  43 0.768962 -30.388063 67.612450 1.000000 0.000000 0.000345 0.329500 -0.468700 1 43 1.000000
main_side
  43 0.768861 -31.773064 67.904930 1.000000 0.000000 0.000345 0.174900 -0.431200 1 43 1.000000
  43 0.768975 -31.251078 67.574646 1.000000 0.000000 0.000345 0.233200 -0.473600 1 43 1.000000
  43 0.768863 -30.742367 67.897369 1.000000 0.000000 0.000345 0.290000 -0.432100 1 43 1.000000
main_side
  43 0.768982 -31.591684 67.552567 1.000000 0.000000 0.000345 0.195200 -0.476500 1 43 1.000000
  43 0.768975 -31.251078 67.574646 1.000000 0.000000 0.000345 0.233200 -0.473600 1 43 1.000000
  43 0.768861 -31.773064 67.904930 1.000000 0.000000 0.000345 0.174900 -0.431200 1 43 1.000000
main_side
  43 0.768894 -32.546593 67.809097 1.000000 0.000000 0.000345 0.088600 -0.443500 1 43 1.000000
  43 0.768982 -31.591684 67.552567 1.000000 0.000000 0.000345 0.195200 -0.476500 1 43 1.000000
  43 0.768861 -31.773064 67.904930 1.000000 0.000000 0.000345 0.174900 -0.431200 1 43 1.000000
main_side
  43 0.768997 -32.201698 67.510178 1.000000 0.000000 0.000345 0.127100 -0.481900 1 43 1.000000
  43 0.768982 -31.591684 67.552567 1.000000 0.000000 0.000345 0.195200 -0.476500 1 43 1.000000
  43 0.768894 -32.546593 67.809097 1.000000 0.000000 0.000345 0.088600 -0.443500 1 43 1.000000
main_side
  43 0.768894 -32.546593 67.809097 1.000000 0.000000 0.000345 0.088600 -0.443500 1 43 1.000000
  43 0.768963 -32.979469 67.607643 1.000000 0.000000 0.000345 0.040300 -0.469400 1 43 1.000000
  43 0.768997 -32.201698 67.510178 1.000000 0.000000 0.000345 0.127100 -0.481900 1 43 1.000000
main_side
  43 0.768894 -32.546593 67.809097 1.000000 0.000000 0.000345 0.088600 -0.443500 1 43 1.000000
  43 0.768903 -33.227905 67.780838 1.000000 0.000000 0.000345 0.012600 -0.447200 1 43 1.000000
  43 0.768963 -32.979469 67.607643 1.000000 0.000000 0.000345 0.040300 -0.469400 1 43 1.000000
main_side
  43 0.768894 -32.546593 67.809097 1.000000 0.000000 0.000345 0.088600 -0.443500 1 43 1.000000
  43 0.768768 -32.490368 68.172775 1.000000 0.000000 0.000345 0.094900 -0.396800 1 43 1.000000
  43 0.768903 -33.227905 67.780838 1.000000 0.000000 0.000345 0.012600 -0.447200 1 43 1.000000
main_side
  43 0.768768 -32.490368 68.172775 1.000000 0.000000 0.000345 0.094900 -0.396800 1 43 1.000000
  43 0.768803 -33.335804 68.071968 1.000000 0.000000 0.000345 0.000500 -0.409800 1 43 1.000000
  43 0.768903 -33.227905 67.780838 1.000000 0.000000 0.000345 0.012600 -0.447200 1 43 1.000000
main_side
  43 0.768768 -32.490368 68.172775 1.000000 0.000000 0.000345 0.094900 -0.396800 1 43 1.000000
  43 0.768649 -32.115654 68.517548 1.000000 0.000000 0.000345 0.136700 -0.352500 1 43 1.000000
  43 0.768803 -33.335804 68.071968 1.000000 0.000000 0.000345 0.000500 -0.409800 1 43 1.000000
main_side
  43 0.768649 -32.115654 68.517548 1.000000 0.000000 0.000345 0.136700 -0.352500 1 43 1.000000
  43 0.768478 -33.335480 69.012062 1.000000 0.000000 0.000345 0.000500 -0.289100 1 43 1.000000
  43 0.768803 -33.335804 68.071968 1.000000 0.000000 0.000345 0.000500 -0.409800 1 43 1.000000
main_side
  43 0.768584 -31.859285 68.704964 1.000000 0.000000 0.000345 0.165300 -0.328400 1 43 1.000000
  43 0.768478 -33.335480 69.012062 1.000000 0.000000 0.000345 0.000500 -0.289100 1 43 1.000000
  43 0.768649 -32.115654 68.517548 1.000000 0.000000 0.000345 0.136700 -0.352500 1 43 1.000000
main_side
  43 0.768479 -31.778082 69.011528 1.000000 0.000000 0.000345 0.174300 -0.289100 1 43 1.000000
  43 0.768478 -33.335480 69.012062 1.000000 0.000000 0.000345 0.000500 -0.289100 1 43 1.000000
  43 0.768584 -31.859285 68.704964 1.000000 0.000000 0.000345 0.165300 -0.328400 1 43 1.000000
main_side
  43 0.768562 -31.769964 68.769135 1.000000 0.000000 0.000345 0.175200 -0.320200 1 43 1.000000
  43 0.768479 -31.778082 69.011528 1.000000 0.000000 0.000345 0.174300 -0.289100 1 43 1.000000
  43 0.768584 -31.859285 68.704964 1.000000 0.000000 0.000345 0.165300 -0.328400 1 43 1.000000
main_side
  43 0.768561 -30.755163 68.773781 1.000000 0.000000 0.000345 0.288500 -0.319600 1 43 1.000000
  43 0.768479 -31.778082 69.011528 1.000000 0.000000 0.000345 0.174300 -0.289100 1 43 1.000000
  43 0.768562 -31.769964 68.769135 1.000000 0.000000 0.000345 0.175200 -0.320200 1 43 1.000000
main_side
  43 0.768479 -30.169481 69.010971 0.954133 -0.256448 -0.154479 0.353900 -0.289100 1 43 1.000000
  43 0.768479 -31.778082 69.011528 1.000000 0.000000 0.000345 0.174300 -0.289100 1 43 1.000000
  43 0.768561 -30.755163 68.773781 1.000000 0.000000 0.000345 0.288500 -0.319600 1 43 1.000000
main_side
  43 0.768582 -30.671385 68.711052 1.000000 0.000000 0.000345 0.297900 -0.327600 1 43 1.000000
  43 0.768479 -30.169481 69.010971 0.954133 -0.256448 -0.154479 0.353900 -0.289100 1 43 1.000000
  43 0.768561 -30.755163 68.773781 1.000000 0.000000 0.000345 0.288500 -0.319600 1 43 1.000000
main_side
  43 0.472778 -32.299679 67.854408 0.000279 0.587524 -0.809207 0.621700 -0.811800 1 43 1.000000
  43 0.806340 -32.146740 67.965569 0.000232 0.740771 -0.671758 0.655200 -0.786100 1 43 1.000000
  43 0.806378 -32.299679 67.854523 0.000279 0.587524 -0.809207 0.621700 -0.811800 1 43 1.000000
main_side
  43 0.472778 -32.299679 67.854408 0.000279 0.587524 -0.809207 0.621700 -0.811800 1 43 1.000000
  43 0.472740 -32.146740 67.965454 0.000172 0.867412 -0.497590 0.655200 -0.786100 1 43 1.000000
  43 0.806340 -32.146740 67.965569 0.000232 0.740771 -0.671758 0.655200 -0.786100 1 43 1.000000
main_side
  43 0.472740 -32.146740 67.965454 0.000172 0.867412 -0.497590 0.655200 -0.786100 1 43 1.000000
  43 0.806278 -32.088379 68.145256 0.000037 0.994146 -0.108041 0.668100 -0.744700 1 43 1.000000
  43 0.806340 -32.146740 67.965569 0.000232 0.740771 -0.671758 0.655200 -0.786100 1 43 1.000000
main_side
  43 0.472740 -32.146740 67.965454 0.000172 0.867412 -0.497590 0.655200 -0.786100 1 43 1.000000
  43 0.472678 -32.088383 68.145142 -0.000037 0.994221 0.107355 0.668100 -0.744700 1 43 1.000000
  43 0.806278 -32.088379 68.145256 0.000037 0.994146 -0.108041 0.668100 -0.744700 1 43 1.000000
main_side
  43 0.472678 -32.088383 68.145142 -0.000037 0.994221 0.107355 0.668100 -0.744700 1 43 1.000000
  43 0.806216 -32.146618 68.324966 -0.000172 0.867756 0.496991 0.655200 -0.703200 1 43 1.000000
  43 0.806278 -32.088379 68.145256 0.000037 0.994146 -0.108041 0.668100 -0.744700 1 43 1.000000
main_side
  43 0.472678 -32.088383 68.145142 -0.000037 0.994221 0.107355 0.668100 -0.744700 1 43 1.000000
  43 0.472616 -32.146622 68.324852 -0.000232 0.741234 0.671246 0.655200 -0.703200 1 43 1.000000
  43 0.806216 -32.146618 68.324966 -0.000172 0.867756 0.496991 0.655200 -0.703200 1 43 1.000000
main_side
  43 0.472616 -32.146622 68.324852 -0.000232 0.741234 0.671246 0.655200 -0.703200 1 43 1.000000
  43 0.806177 -32.299480 68.436119 -0.000315 0.409902 0.912129 0.621700 -0.677600 1 43 1.000000
  43 0.806216 -32.146618 68.324966 -0.000172 0.867756 0.496991 0.655200 -0.703200 1 43 1.000000
main_side
  43 0.472616 -32.146622 68.324852 -0.000232 0.741234 0.671246 0.655200 -0.703200 1 43 1.000000
  43 0.472577 -32.299484 68.436005 -0.000338 0.205139 0.978733 0.621700 -0.677600 1 43 1.000000
  43 0.806177 -32.299480 68.436119 -0.000315 0.409902 0.912129 0.621700 -0.677600 1 43 1.000000
main_side
  43 0.472577 -32.299484 68.436005 -0.000338 0.205139 0.978733 0.621700 -0.677600 1 43 1.000000
  43 0.806177 -32.488480 68.436188 -0.000345 0.000345 1.000000 0.580200 -0.677600 1 43 1.000000
  43 0.806177 -32.299480 68.436119 -0.000315 0.409902 0.912129 0.621700 -0.677600 1 43 1.000000
main_side
  43 0.472577 -32.299484 68.436005 -0.000338 0.205139 0.978733 0.621700 -0.677600 1 43 1.000000
  43 0.472577 -32.488483 68.436073 -0.000345 0.000345 1.000000 0.580200 -0.677600 1 43 1.000000
  43 0.806177 -32.488480 68.436188 -0.000345 0.000345 1.000000 0.580200 -0.677600 1 43 1.000000
main_side
  43 0.868078 -32.394077 68.145378 1.000000 0.000000 0.000345 0.600900 -0.744700 1 43 1.000000
  43 0.982778 -32.081879 68.145309 0.938646 -0.344880 0.000443 0.669500 -0.744700 1 43 1.000000
  43 0.982714 -32.141415 68.328827 0.938729 -0.279058 -0.202271 0.656400 -0.702300 1 43 1.000000
main_side
  43 0.868078 -32.394077 68.145378 1.000000 0.000000 0.000345 0.600900 -0.744700 1 43 1.000000
  43 0.982841 -32.141544 67.961830 0.938589 -0.278918 0.203112 0.656400 -0.787000 1 43 1.000000
  43 0.982778 -32.081879 68.145309 0.938646 -0.344880 0.000443 0.669500 -0.744700 1 43 1.000000
main_side
  43 0.868078 -32.394077 68.145378 1.000000 0.000000 0.000345 0.600900 -0.744700 1 43 1.000000
  43 0.982880 -32.297684 67.848381 0.938537 -0.106481 0.328343 0.622100 -0.813200 1 43 1.000000
  43 0.982841 -32.141544 67.961830 0.938589 -0.278918 0.203112 0.656400 -0.787000 1 43 1.000000
main_side
  43 0.868078 -32.394077 68.145378 1.000000 0.000000 0.000345 0.600900 -0.744700 1 43 1.000000
  43 0.982880 -32.490685 67.848450 0.938537 0.106708 0.328270 0.579800 -0.813200 1 43 1.000000
  43 0.982880 -32.297684 67.848381 0.938537 -0.106481 0.328343 0.622100 -0.813200 1 43 1.000000
main_side
  43 0.868078 -32.394077 68.145378 1.000000 0.000000 0.000345 0.600900 -0.744700 1 43 1.000000
  43 0.982841 -32.646744 67.962006 0.938590 0.279058 0.202919 0.545500 -0.787000 1 43 1.000000
  43 0.982880 -32.490685 67.848450 0.938537 0.106708 0.328270 0.579800 -0.813200 1 43 1.000000
main_side
  43 0.868078 -32.394077 68.145378 1.000000 0.000000 0.000345 0.600900 -0.744700 1 43 1.000000
  43 0.982778 -32.706379 68.145531 0.938647 0.344880 0.000205 0.532400 -0.744700 1 43 1.000000
  43 0.982841 -32.646744 67.962006 0.938590 0.279058 0.202919 0.545500 -0.787000 1 43 1.000000
main_side
  43 0.868078 -32.394077 68.145378 1.000000 0.000000 0.000345 0.600900 -0.744700 1 43 1.000000
  43 0.982714 -32.646614 68.329002 0.938730 0.278918 -0.202463 0.545500 -0.702300 1 43 1.000000
  43 0.982778 -32.706379 68.145531 0.938647 0.344880 0.000205 0.532400 -0.744700 1 43 1.000000
main_side
  43 0.868078 -32.394077 68.145378 1.000000 0.000000 0.000345 0.600900 -0.744700 1 43 1.000000
  43 0.982675 -32.490475 68.442352 0.938764 0.106481 -0.327695 0.579800 -0.676100 1 43 1.000000
  43 0.982714 -32.646614 68.329002 0.938730 0.278918 -0.202463 0.545500 -0.702300 1 43 1.000000
main_side
  43 0.868078 -32.394077 68.145378 1.000000 0.000000 0.000345 0.600900 -0.744700 1 43 1.000000
  43 0.982675 -32.297474 68.442284 0.938764 -0.106708 -0.327622 0.622100 -0.676100 1 43 1.000000
  43 0.982675 -32.490475 68.442352 0.938764 0.106481 -0.327695 0.579800 -0.676100 1 43 1.000000
main_side
  43 0.868078 -32.394077 68.145378 1.000000 0.000000 0.000345 0.600900 -0.744700 1 43 1.000000
  43 0.982714 -32.141415 68.328827 0.938729 -0.279058 -0.202271 0.656400 -0.702300 1 43 1.000000
  43 0.982675 -32.297474 68.442284 0.938764 -0.106708 -0.327622 0.622100 -0.676100 1 43 1.000000
main_side
  43 0.004877 -29.795179 66.119484 0.000297 0.508422 -0.861108 0.390300 -0.626100 1 43 1.000000
  43 0.161126 -29.542727 66.268646 0.000267 0.632322 -0.774705 0.418500 -0.616300 1 43 1.000000
  43 0.161177 -29.795179 66.119537 0.000297 0.508422 -0.861108 0.390300 -0.626100 1 43 1.000000
main_side
  43 0.004877 -29.795179 66.119484 0.000297 0.508422 -0.861108 0.390300 -0.626100 1 43 1.000000
  43 0.004826 -29.542727 66.268593 0.000231 0.744186 -0.667972 0.418500 -0.616300 1 43 1.000000
  43 0.161126 -29.542727 66.268646 0.000267 0.632322 -0.774705 0.418500 -0.616300 1 43 1.000000
main_side
  43 0.004826 -29.542727 66.268593 0.000231 0.744186 -0.667972 0.418500 -0.616300 1 43 1.000000
  43 0.161011 -29.324614 66.601379 0.000154 0.894433 -0.447202 0.444500 -0.581900 1 43 1.000000
  43 0.161126 -29.542727 66.268646 0.000267 0.632322 -0.774705 0.418500 -0.616300 1 43 1.000000
main_side
  43 0.004826 -29.542727 66.268593 0.000231 0.744186 -0.667972 0.418500 -0.616300 1 43 1.000000
  43 0.004711 -29.324614 66.601318 0.000117 0.940992 -0.338428 0.444500 -0.581900 1 43 1.000000
  43 0.161011 -29.324614 66.601379 0.000154 0.894433 -0.447202 0.444500 -0.581900 1 43 1.000000
main_side
  43 0.004711 -29.324614 66.601318 0.000117 0.940992 -0.338428 0.444500 -0.581900 1 43 1.000000
  43 0.160900 -29.249903 66.922646 0.000036 0.994615 -0.103638 0.452000 -0.557200 1 43 1.000000
  43 0.161011 -29.324614 66.601379 0.000154 0.894433 -0.447202 0.444500 -0.581900 1 43 1.000000
main_side
  43 0.004711 -29.324614 66.601318 0.000117 0.940992 -0.338428 0.444500 -0.581900 1 43 1.000000
  43 0.004600 -29.249903 66.922592 -0.000008 0.999739 0.022855 0.452000 -0.557200 1 43 1.000000
  43 0.160900 -29.249903 66.922646 0.000036 0.994615 -0.103638 0.452000 -0.557200 1 43 1.000000
main_side
  43 0.004600 -29.249903 66.922592 -0.000008 0.999739 0.022855 0.452000 -0.557200 1 43 1.000000
  43 0.160807 -29.290009 67.192261 -0.000087 0.967421 0.253174 0.447500 -0.522600 1 43 1.000000
  43 0.160900 -29.249903 66.922646 0.000036 0.994615 -0.103638 0.452000 -0.557200 1 43 1.000000
main_side
  43 0.004600 -29.249903 66.922592 -0.000008 0.999739 0.022855 0.452000 -0.557200 1 43 1.000000
  43 0.004507 -29.290009 67.192207 -0.000123 0.933888 0.357564 0.447500 -0.522600 1 43 1.000000
  43 0.160807 -29.290009 67.192261 -0.000087 0.967421 0.253174 0.447500 -0.522600 1 43 1.000000
main_side
  43 0.004507 -29.290009 67.192207 -0.000123 0.933888 0.357564 0.447500 -0.522600 1 43 1.000000
  43 0.160660 -29.507862 67.616936 -0.000158 0.889733 0.456480 0.423200 -0.468100 1 43 1.000000
  43 0.160807 -29.290009 67.192261 -0.000087 0.967421 0.253174 0.447500 -0.522600 1 43 1.000000
main_side
  43 0.004507 -29.290009 67.192207 -0.000123 0.933888 0.357564 0.447500 -0.522600 1 43 1.000000
  43 0.004360 -29.507862 67.616882 -0.000158 0.889733 0.456480 0.423200 -0.468100 1 43 1.000000
  43 0.160660 -29.507862 67.616936 -0.000158 0.889733 0.456480 0.423200 -0.468100 1 43 1.000000
main_side
  45 -0.713853 -36.699547 70.260620 0.000000 1.000000 -0.000345 0.076800 -0.109200 1 45 1.000000
  45 -0.865799 -36.699402 70.684471 0.000000 1.000000 -0.000345 0.060400 -0.063500 1 45 1.000000
  45 -0.597332 -36.699471 70.489555 0.000000 1.000000 -0.000345 0.089400 -0.084500 1 45 1.000000
main_side
  45 -0.597332 -36.699471 70.489555 0.000000 1.000000 -0.000345 0.089400 -0.084500 1 45 1.000000
  45 -0.865799 -36.699402 70.684471 0.000000 1.000000 -0.000345 0.060400 -0.063500 1 45 1.000000
  45 -0.610887 -36.699314 70.939552 0.000000 1.000000 -0.000345 0.087900 -0.035900 1 45 1.000000
main_side
  45 -0.597332 -36.699471 70.489555 0.000000 1.000000 -0.000345 0.089400 -0.084500 1 45 1.000000
  45 -0.610887 -36.699314 70.939552 0.000000 1.000000 -0.000345 0.087900 -0.035900 1 45 1.000000
  45 -0.415794 -36.699406 70.671219 0.000000 1.000000 -0.000345 0.109000 -0.064900 1 45 1.000000
main_side
  45 -0.415794 -36.699406 70.671219 0.000000 1.000000 -0.000345 0.109000 -0.064900 1 45 1.000000
  45 -0.610887 -36.699314 70.939552 0.000000 1.000000 -0.000345 0.087900 -0.035900 1 45 1.000000
  45 -0.289644 -36.699257 71.103363 0.000000 1.000000 -0.000345 0.122600 -0.018300 1 45 1.000000
main_side
  45 -0.415794 -36.699406 70.671219 0.000000 1.000000 -0.000345 0.109000 -0.064900 1 45 1.000000
  45 -0.289644 -36.699257 71.103363 0.000000 1.000000 -0.000345 0.122600 -0.018300 1 45 1.000000
  45 -0.187035 -36.699368 70.787903 0.000000 1.000000 -0.000345 0.133700 -0.052300 1 45 1.000000
main_side
  45 -0.187035 -36.699368 70.787903 0.000000 1.000000 -0.000345 0.133700 -0.052300 1 45 1.000000
  45 -0.289644 -36.699257 71.103363 0.000000 1.000000 -0.000345 0.122600 -0.018300 1 45 1.000000
  45 0.066537 -36.699238 71.159889 0.000000 1.000000 -0.000345 0.161100 -0.012200 1 45 1.000000
main_side
  45 -0.187035 -36.699368 70.787903 0.000000 1.000000 -0.000345 0.133700 -0.052300 1 45 1.000000
  45 0.066537 -36.699238 71.159889 0.000000 1.000000 -0.000345 0.161100 -0.012200 1 45 1.000000
  45 0.066651 -36.699352 70.828087 0.000000 1.000000 -0.000345 0.161100 -0.048000 1 45 1.000000
main_side
  45 0.066651 -36.699352 70.828087 0.000000 1.000000 -0.000345 0.161100 -0.048000 1 45 1.000000
  45 0.066537 -36.699238 71.159889 0.000000 1.000000 -0.000345 0.161100 -0.012200 1 45 1.000000
  45 0.422656 -36.699257 71.103607 0.000000 1.000000 -0.000345 0.199500 -0.018300 1 45 1.000000
main_side
  45 0.066651 -36.699352 70.828087 0.000000 1.000000 -0.000345 0.161100 -0.048000 1 45 1.000000
  45 0.422656 -36.699257 71.103607 0.000000 1.000000 -0.000345 0.199500 -0.018300 1 45 1.000000
  45 0.320265 -36.699368 70.788078 0.000000 1.000000 -0.000345 0.188400 -0.052300 1 45 1.000000
main_side
  45 0.320265 -36.699368 70.788078 0.000000 1.000000 -0.000345 0.188400 -0.052300 1 45 1.000000
  45 0.422656 -36.699257 71.103607 0.000000 1.000000 -0.000345 0.199500 -0.018300 1 45 1.000000
  45 0.744113 -36.699314 70.940025 0.000000 1.000000 -0.000345 0.234200 -0.035900 1 45 1.000000
main_side
  45 0.320265 -36.699368 70.788078 0.000000 1.000000 -0.000345 0.188400 -0.052300 1 45 1.000000
  45 0.744113 -36.699314 70.940025 0.000000 1.000000 -0.000345 0.234200 -0.035900 1 45 1.000000
  45 0.549105 -36.699406 70.671555 0.000000 1.000000 -0.000345 0.213100 -0.064900 1 45 1.000000
main_side
  45 0.549105 -36.699406 70.671555 0.000000 1.000000 -0.000345 0.213100 -0.064900 1 45 1.000000
  45 0.744113 -36.699314 70.940025 0.000000 1.000000 -0.000345 0.234200 -0.035900 1 45 1.000000
  45 0.999201 -36.699402 70.685112 0.000000 1.000000 -0.000345 0.261700 -0.063500 1 45 1.000000
main_side
  45 0.549105 -36.699406 70.671555 0.000000 1.000000 -0.000345 0.213100 -0.064900 1 45 1.000000
  45 0.999201 -36.699402 70.685112 0.000000 1.000000 -0.000345 0.261700 -0.063500 1 45 1.000000
  45 0.730768 -36.699471 70.490013 0.000000 1.000000 -0.000345 0.232700 -0.084500 1 45 1.000000
main_side
  45 0.730768 -36.699471 70.490013 0.000000 1.000000 -0.000345 0.232700 -0.084500 1 45 1.000000
  45 0.999201 -36.699402 70.685112 0.000000 1.000000 -0.000345 0.261700 -0.063500 1 45 1.000000
  45 1.163011 -36.699512 70.363869 0.000000 1.000000 -0.000345 0.279400 -0.098100 1 45 1.000000
main_side
  45 0.730768 -36.699471 70.490013 0.000000 1.000000 -0.000345 0.232700 -0.084500 1 45 1.000000
  45 1.163011 -36.699512 70.363869 0.000000 1.000000 -0.000345 0.279400 -0.098100 1 45 1.000000
  45 0.847447 -36.699547 70.261162 0.000000 1.000000 -0.000345 0.245300 -0.109200 1 45 1.000000
main_side
  45 0.847447 -36.699547 70.261162 0.000000 1.000000 -0.000345 0.245300 -0.109200 1 45 1.000000
  45 1.163011 -36.699512 70.363869 0.000000 1.000000 -0.000345 0.279400 -0.098100 1 45 1.000000
  45 1.219535 -36.699635 70.007683 0.000000 1.000000 -0.000345 0.285500 -0.136600 1 45 1.000000
main_side
  45 0.847447 -36.699547 70.261162 0.000000 1.000000 -0.000345 0.245300 -0.109200 1 45 1.000000
  45 1.219535 -36.699635 70.007683 0.000000 1.000000 -0.000345 0.285500 -0.136600 1 45 1.000000
  45 0.887735 -36.699635 70.007568 0.000000 1.000000 -0.000345 0.249700 -0.136600 1 45 1.000000
main_side
  45 0.887735 -36.699635 70.007568 0.000000 1.000000 -0.000345 0.249700 -0.136600 1 45 1.000000
  45 1.219535 -36.699635 70.007683 0.000000 1.000000 -0.000345 0.285500 -0.136600 1 45 1.000000
  45 1.163257 -36.699760 69.651466 0.000000 1.000000 -0.000345 0.279400 -0.175000 1 45 1.000000
main_side
  45 0.887735 -36.699635 70.007568 0.000000 1.000000 -0.000345 0.249700 -0.136600 1 45 1.000000
  45 1.163257 -36.699760 69.651466 0.000000 1.000000 -0.000345 0.279400 -0.175000 1 45 1.000000
  45 0.847622 -36.699722 69.753860 0.000000 1.000000 -0.000345 0.245300 -0.164000 1 45 1.000000
main_side
  45 0.847622 -36.699722 69.753860 0.000000 1.000000 -0.000345 0.245300 -0.164000 1 45 1.000000
  45 1.163257 -36.699760 69.651466 0.000000 1.000000 -0.000345 0.279400 -0.175000 1 45 1.000000
  45 0.999668 -36.699871 69.330109 0.000000 1.000000 -0.000345 0.261700 -0.209700 1 45 1.000000
main_side
  45 0.847622 -36.699722 69.753860 0.000000 1.000000 -0.000345 0.245300 -0.164000 1 45 1.000000
  45 0.999668 -36.699871 69.330109 0.000000 1.000000 -0.000345 0.261700 -0.209700 1 45 1.000000
  45 0.731101 -36.699802 69.525017 0.000000 1.000000 -0.000345 0.232700 -0.188700 1 45 1.000000
main_side
  45 0.731101 -36.699802 69.525017 0.000000 1.000000 -0.000345 0.232700 -0.188700 1 45 1.000000
  45 0.999668 -36.699871 69.330109 0.000000 1.000000 -0.000345 0.261700 -0.209700 1 45 1.000000
  45 0.744756 -36.699959 69.075027 0.000000 1.000000 -0.000345 0.234200 -0.237200 1 45 1.000000
main_side
  45 0.731101 -36.699802 69.525017 0.000000 1.000000 -0.000345 0.232700 -0.188700 1 45 1.000000
  45 0.744756 -36.699959 69.075027 0.000000 1.000000 -0.000345 0.234200 -0.237200 1 45 1.000000
  45 0.549564 -36.699863 69.343353 0.000000 1.000000 -0.000345 0.213100 -0.208300 1 45 1.000000
main_side
  45 0.549564 -36.699863 69.343353 0.000000 1.000000 -0.000345 0.213100 -0.208300 1 45 1.000000
  45 0.744756 -36.699959 69.075027 0.000000 1.000000 -0.000345 0.234200 -0.237200 1 45 1.000000
  45 0.423413 -36.700016 68.911209 0.000000 1.000000 -0.000345 0.199500 -0.254900 1 45 1.000000
main_side
  45 0.549564 -36.699863 69.343353 0.000000 1.000000 -0.000345 0.213100 -0.208300 1 45 1.000000
  45 0.423413 -36.700016 68.911209 0.000000 1.000000 -0.000345 0.199500 -0.254900 1 45 1.000000
  45 0.320804 -36.699905 69.226677 0.000000 1.000000 -0.000345 0.188400 -0.220800 1 45 1.000000
main_side
  45 0.320804 -36.699905 69.226677 0.000000 1.000000 -0.000345 0.188400 -0.220800 1 45 1.000000
  45 0.423413 -36.700016 68.911209 0.000000 1.000000 -0.000345 0.199500 -0.254900 1 45 1.000000
  45 0.067333 -36.700035 68.854591 0.000000 1.000000 -0.000345 0.161100 -0.261000 1 45 1.000000
main_side
  45 0.320804 -36.699905 69.226677 0.000000 1.000000 -0.000345 0.188400 -0.220800 1 45 1.000000
  45 0.067333 -36.700035 68.854591 0.000000 1.000000 -0.000345 0.161100 -0.261000 1 45 1.000000
  45 0.067218 -36.699921 69.186386 0.000000 1.000000 -0.000345 0.161100 -0.225200 1 45 1.000000
main_side
  45 0.067218 -36.699921 69.186386 0.000000 1.000000 -0.000345 0.161100 -0.225200 1 45 1.000000
  45 0.067333 -36.700035 68.854591 0.000000 1.000000 -0.000345 0.161100 -0.261000 1 45 1.000000
  45 -0.288887 -36.700016 68.910965 0.000000 1.000000 -0.000345 0.122600 -0.254900 1 45 1.000000
main_side
  45 0.067218 -36.699921 69.186386 0.000000 1.000000 -0.000345 0.161100 -0.225200 1 45 1.000000
  45 -0.288887 -36.700016 68.910965 0.000000 1.000000 -0.000345 0.122600 -0.254900 1 45 1.000000
  45 -0.186496 -36.699905 69.226501 0.000000 1.000000 -0.000345 0.133700 -0.220800 1 45 1.000000
main_side
  45 -0.186496 -36.699905 69.226501 0.000000 1.000000 -0.000345 0.133700 -0.220800 1 45 1.000000
  45 -0.288887 -36.700016 68.910965 0.000000 1.000000 -0.000345 0.122600 -0.254900 1 45 1.000000
  45 -0.610243 -36.699959 69.074562 0.000000 1.000000 -0.000345 0.087900 -0.237200 1 45 1.000000
main_side
  45 -0.186496 -36.699905 69.226501 0.000000 1.000000 -0.000345 0.133700 -0.220800 1 45 1.000000
  45 -0.610243 -36.699959 69.074562 0.000000 1.000000 -0.000345 0.087900 -0.237200 1 45 1.000000
  45 -0.415336 -36.699863 69.343018 0.000000 1.000000 -0.000345 0.109000 -0.208300 1 45 1.000000
main_side
  45 -0.415336 -36.699863 69.343018 0.000000 1.000000 -0.000345 0.109000 -0.208300 1 45 1.000000
  45 -0.610243 -36.699959 69.074562 0.000000 1.000000 -0.000345 0.087900 -0.237200 1 45 1.000000
  45 -0.865331 -36.699871 69.329468 0.000000 1.000000 -0.000345 0.060400 -0.209700 1 45 1.000000
main_side
  45 -0.415336 -36.699863 69.343018 0.000000 1.000000 -0.000345 0.109000 -0.208300 1 45 1.000000
  45 -0.865331 -36.699871 69.329468 0.000000 1.000000 -0.000345 0.060400 -0.209700 1 45 1.000000
  45 -0.596999 -36.699802 69.524559 0.000000 1.000000 -0.000345 0.089400 -0.188700 1 45 1.000000
main_side
  45 -0.596999 -36.699802 69.524559 0.000000 1.000000 -0.000345 0.089400 -0.188700 1 45 1.000000
  45 -0.865331 -36.699871 69.329468 0.000000 1.000000 -0.000345 0.060400 -0.209700 1 45 1.000000
  45 -1.029242 -36.699760 69.650711 0.000000 1.000000 -0.000345 0.042700 -0.175000 1 45 1.000000
main_side
  45 -0.596999 -36.699802 69.524559 0.000000 1.000000 -0.000345 0.089400 -0.188700 1 45 1.000000
  45 -1.029242 -36.699760 69.650711 0.000000 1.000000 -0.000345 0.042700 -0.175000 1 45 1.000000
  45 -0.713678 -36.699722 69.753319 0.000000 1.000000 -0.000345 0.076800 -0.164000 1 45 1.000000
main_side
  45 -0.713678 -36.699722 69.753319 0.000000 1.000000 -0.000345 0.076800 -0.164000 1 45 1.000000
  45 -1.029242 -36.699760 69.650711 0.000000 1.000000 -0.000345 0.042700 -0.175000 1 45 1.000000
  45 -1.085765 -36.699635 70.006889 0.000000 1.000000 -0.000345 0.036600 -0.136600 1 45 1.000000
main_side
  45 -0.713678 -36.699722 69.753319 0.000000 1.000000 -0.000345 0.076800 -0.164000 1 45 1.000000
  45 -1.085765 -36.699635 70.006889 0.000000 1.000000 -0.000345 0.036600 -0.136600 1 45 1.000000
  45 -0.753965 -36.699635 70.007004 0.000000 1.000000 -0.000345 0.072500 -0.136600 1 45 1.000000
main_side
  45 -0.753965 -36.699635 70.007004 0.000000 1.000000 -0.000345 0.072500 -0.136600 1 45 1.000000
  45 -1.085765 -36.699635 70.006889 0.000000 1.000000 -0.000345 0.036600 -0.136600 1 45 1.000000
  45 -1.029488 -36.699512 70.363113 0.000000 1.000000 -0.000345 0.042700 -0.098100 1 45 1.000000
main_side
  45 -0.753965 -36.699635 70.007004 0.000000 1.000000 -0.000345 0.072500 -0.136600 1 45 1.000000
  45 -1.029488 -36.699512 70.363113 0.000000 1.000000 -0.000345 0.042700 -0.098100 1 45 1.000000
  45 -0.713853 -36.699547 70.260620 0.000000 1.000000 -0.000345 0.076800 -0.109200 1 45 1.000000
main_side
  45 -0.713853 -36.699547 70.260620 0.000000 1.000000 -0.000345 0.076800 -0.109200 1 45 1.000000
  45 -1.029488 -36.699512 70.363113 0.000000 1.000000 -0.000345 0.042700 -0.098100 1 45 1.000000
  45 -0.865799 -36.699402 70.684471 0.000000 1.000000 -0.000345 0.060400 -0.063500 1 45 1.000000
main_side
  43 0.800086 -29.990988 69.280121 0.332887 0.942966 0.001089 0.373800 -0.254500 1 43 1.000000
  43 0.768389 -29.961691 69.271202 0.878621 0.477509 -0.003262 0.377100 -0.255600 1 43 1.000000
  43 0.799660 -29.989962 70.512924 0.427910 0.903818 -0.002364 0.373900 -0.096100 1 43 1.000000
main_side
  43 0.767774 -29.838476 71.052658 1.000000 0.000000 0.000345 0.390700 -0.026800 1 43 1.000000
  43 0.767774 -29.955376 71.052696 0.629085 0.444124 0.637969 0.377700 -0.026800 1 43 1.000000
  43 0.767929 -29.959530 70.604904 0.905004 0.425402 -0.000234 0.377200 -0.084300 1 43 1.000000
main_side
  43 0.767774 -29.955376 71.052696 0.629085 0.444124 0.637969 0.377700 -0.026800 1 43 1.000000
  43 0.787264 -29.984865 71.082123 0.248063 0.959283 0.135059 0.374400 -0.023000 1 43 1.000000
  43 0.767929 -29.959530 70.604904 0.905004 0.425402 -0.000234 0.377200 -0.084300 1 43 1.000000
main_side
  43 0.799660 -29.989962 70.512924 0.427910 0.903818 -0.002364 0.373900 -0.096100 1 43 1.000000
  43 0.767929 -29.959530 70.604904 0.905004 0.425402 -0.000234 0.377200 -0.084300 1 43 1.000000
  43 0.787264 -29.984865 71.082123 0.248063 0.959283 0.135059 0.374400 -0.023000 1 43 1.000000
main_side
  43 0.767929 -29.959530 70.604904 0.905004 0.425402 -0.000234 0.377200 -0.084300 1 43 1.000000
  43 0.799660 -29.989962 70.512924 0.427910 0.903818 -0.002364 0.373900 -0.096100 1 43 1.000000
  43 0.767970 -29.960571 70.485405 0.948222 0.317607 -0.001182 0.377100 -0.099700 1 43 1.000000
main_side
  43 0.767970 -29.960571 70.485405 0.948222 0.317607 -0.001182 0.377100 -0.099700 1 43 1.000000
  43 0.799660 -29.989962 70.512924 0.427910 0.903818 -0.002364 0.373900 -0.096100 1 43 1.000000
  43 0.768389 -29.961691 69.271202 0.878621 0.477509 -0.003262 0.377100 -0.255600 1 43 1.000000
main_side
  43 0.768389 -29.961691 69.271202 0.878621 0.477509 -0.003262 0.377100 -0.255600 1 43 1.000000
  43 0.767985 -29.765587 70.440834 1.000000 0.000000 0.000345 0.398900 -0.105400 1 43 1.000000
  43 0.767970 -29.960571 70.485405 0.948222 0.317607 -0.001182 0.377100 -0.099700 1 43 1.000000
main_side
  43 0.768272 -29.636475 69.610489 1.000000 0.000000 0.000345 0.413300 -0.212000 1 43 1.000000
  43 0.767985 -29.765587 70.440834 1.000000 0.000000 0.000345 0.398900 -0.105400 1 43 1.000000
  43 0.768389 -29.961691 69.271202 0.878621 0.477509 -0.003262 0.377100 -0.255600 1 43 1.000000
main_side
  43 0.768177 -29.372780 69.885597 1.000000 0.000000 0.000345 0.442800 -0.176700 1 43 1.000000
  43 0.767985 -29.765587 70.440834 1.000000 0.000000 0.000345 0.398900 -0.105400 1 43 1.000000
  43 0.768272 -29.636475 69.610489 1.000000 0.000000 0.000345 0.413300 -0.212000 1 43 1.000000
main_side
  43 0.768306 -28.926308 69.511848 1.000000 0.000000 0.000345 0.492600 -0.224700 1 43 1.000000
  43 0.768177 -29.372780 69.885597 1.000000 0.000000 0.000345 0.442800 -0.176700 1 43 1.000000
  43 0.768272 -29.636475 69.610489 1.000000 0.000000 0.000345 0.413300 -0.212000 1 43 1.000000
main_side
  43 0.768306 -28.926308 69.511848 1.000000 0.000000 0.000345 0.492600 -0.224700 1 43 1.000000
  43 0.768272 -29.636475 69.610489 1.000000 0.000000 0.000345 0.413300 -0.212000 1 43 1.000000
  43 0.768506 -29.987207 68.933510 0.936333 0.279915 -0.211964 0.374200 -0.299000 1 43 1.000000
main_side
  43 0.768506 -29.987207 68.933510 0.936333 0.279915 -0.211964 0.374200 -0.299000 1 43 1.000000
  43 0.768272 -29.636475 69.610489 1.000000 0.000000 0.000345 0.413300 -0.212000 1 43 1.000000
  43 0.768389 -29.961691 69.271202 0.878621 0.477509 -0.003262 0.377100 -0.255600 1 43 1.000000
main_side
  43 0.768506 -29.987207 68.933510 0.936333 0.279915 -0.211964 0.374200 -0.299000 1 43 1.000000
  43 0.768389 -29.961691 69.271202 0.878621 0.477509 -0.003262 0.377100 -0.255600 1 43 1.000000
  43 0.768490 -29.967693 68.978806 0.186947 0.970419 -0.152766 0.376400 -0.293200 1 43 1.000000
main_side
  43 0.768389 -29.961691 69.271202 0.878621 0.477509 -0.003262 0.377100 -0.255600 1 43 1.000000
  43 0.800086 -29.990988 69.280121 0.332887 0.942966 0.001089 0.373800 -0.254500 1 43 1.000000
  43 0.768490 -29.967693 68.978806 0.186947 0.970419 -0.152766 0.376400 -0.293200 1 43 1.000000
main_side
  43 0.799098 -29.986700 68.955322 0.336521 0.885818 -0.319500 0.374300 -0.296200 1 43 1.000000
  43 0.768490 -29.967693 68.978806 0.186947 0.970419 -0.152766 0.376400 -0.293200 1 43 1.000000
  43 0.800086 -29.990988 69.280121 0.332887 0.942966 0.001089 0.373800 -0.254500 1 43 1.000000
main_side
  43 0.768506 -29.987207 68.933510 0.936333 0.279915 -0.211964 0.374200 -0.299000 1 43 1.000000
  43 0.768490 -29.967693 68.978806 0.186947 0.970419 -0.152766 0.376400 -0.293200 1 43 1.000000
  43 0.799098 -29.986700 68.955322 0.336521 0.885818 -0.319500 0.374300 -0.296200 1 43 1.000000
main_side
  43 0.768506 -29.987207 68.933510 0.936333 0.279915 -0.211964 0.374200 -0.299000 1 43 1.000000
  43 0.799098 -29.986700 68.955322 0.336521 0.885818 -0.319500 0.374300 -0.296200 1 43 1.000000
  43 0.768530 -30.079832 68.862442 0.894143 0.032545 -0.446597 0.363900 -0.308100 1 43 1.000000
main_side
  43 0.768530 -30.079832 68.862442 0.894143 0.032545 -0.446597 0.363900 -0.308100 1 43 1.000000
  43 0.799098 -29.986700 68.955322 0.336521 0.885818 -0.319500 0.374300 -0.296200 1 43 1.000000
  43 0.914065 -29.986668 69.050957 0.560186 0.663346 -0.496148 0.374300 -0.283900 1 43 1.000000
main_side
  43 0.914065 -29.986668 69.050957 0.560186 0.663346 -0.496148 0.374300 -0.283900 1 43 1.000000
  43 0.912867 -30.165367 69.046516 0.714474 -0.235843 -0.658714 0.354300 -0.284500 1 43 1.000000
  43 0.768530 -30.079832 68.862442 0.894143 0.032545 -0.446597 0.363900 -0.308100 1 43 1.000000
main_side
  43 0.767985 -29.765587 70.440834 1.000000 0.000000 0.000345 0.398900 -0.105400 1 43 1.000000
  43 0.767774 -29.838476 71.052658 1.000000 0.000000 0.000345 0.390700 -0.026800 1 43 1.000000
  43 0.767970 -29.960571 70.485405 0.948222 0.317607 -0.001182 0.377100 -0.099700 1 43 1.000000
main_side
  43 0.767970 -29.960571 70.485405 0.948222 0.317607 -0.001182 0.377100 -0.099700 1 43 1.000000
  43 0.767774 -29.838476 71.052658 1.000000 0.000000 0.000345 0.390700 -0.026800 1 43 1.000000
  43 0.767929 -29.959530 70.604904 0.905004 0.425402 -0.000234 0.377200 -0.084300 1 43 1.000000
main_side
  43 0.912867 -30.165367 69.046516 0.714474 -0.235843 -0.658714 0.354300 -0.284500 1 43 1.000000
  43 0.914065 -29.986668 69.050957 0.560186 0.663346 -0.496148 0.374300 -0.283900 1 43 1.000000
  43 1.051603 -29.986607 69.229515 0.690538 0.560026 -0.457742 0.374300 -0.261000 1 43 1.000000
main_side
  43 1.051603 -29.986607 69.229515 0.690538 0.560026 -0.457742 0.374300 -0.261000 1 43 1.000000
  43 1.051603 -30.169405 69.231972 0.868935 -0.006971 -0.494877 0.353900 -0.260700 1 43 1.000000
  43 0.912867 -30.165367 69.046516 0.714474 -0.235843 -0.658714 0.354300 -0.284500 1 43 1.000000
main_side
  43 1.051603 -30.169405 69.231972 0.868935 -0.006971 -0.494877 0.353900 -0.260700 1 43 1.000000
  43 1.051603 -29.986607 69.229515 0.690538 0.560026 -0.457742 0.374300 -0.261000 1 43 1.000000
  43 1.217387 -29.986488 69.567963 0.552182 0.802427 -0.226288 0.374300 -0.217500 1 43 1.000000
main_side
  43 1.217387 -29.986488 69.567963 0.552182 0.802427 -0.226288 0.374300 -0.217500 1 43 1.000000
  43 1.217386 -30.169289 69.570724 0.950086 -0.003908 -0.311963 0.353900 -0.217200 1 43 1.000000
  43 1.051603 -30.169405 69.231972 0.868935 -0.006971 -0.494877 0.353900 -0.260700 1 43 1.000000
main_side
  43 1.217386 -30.169289 69.570724 0.950086 -0.003908 -0.311963 0.353900 -0.217200 1 43 1.000000
  43 1.217387 -29.986488 69.567963 0.552182 0.802427 -0.226288 0.374300 -0.217500 1 43 1.000000
  43 1.314354 -29.986258 69.950897 0.938330 0.317447 -0.136983 0.374300 -0.168300 1 43 1.000000
main_side
  43 1.314354 -29.986258 69.950897 0.938330 0.317447 -0.136983 0.374300 -0.168300 1 43 1.000000
  43 1.314454 -30.169058 69.952263 0.999225 -0.000014 -0.039355 0.353900 -0.168200 1 43 1.000000
  43 1.217386 -30.169289 69.570724 0.950086 -0.003908 -0.311963 0.353900 -0.217200 1 43 1.000000
main_side
  43 1.314354 -29.986258 69.950897 0.938330 0.317447 -0.136983 0.374300 -0.168300 1 43 1.000000
  43 1.286506 -29.985008 70.380089 0.821061 0.557345 0.123392 0.374400 -0.113200 1 43 1.000000
  43 1.314454 -30.169058 69.952263 0.999225 -0.000014 -0.039355 0.353900 -0.168200 1 43 1.000000
main_side
  43 1.286506 -29.985008 70.380089 0.821061 0.557345 0.123392 0.374400 -0.113200 1 43 1.000000
  43 1.286506 -30.158108 70.380150 0.971988 0.000081 0.235028 0.355100 -0.113200 1 43 1.000000
  43 1.314454 -30.169058 69.952263 0.999225 -0.000014 -0.039355 0.353900 -0.168200 1 43 1.000000
main_side
  43 1.286506 -30.158108 70.380150 0.971988 0.000081 0.235028 0.355100 -0.113200 1 43 1.000000
  43 1.286506 -29.985008 70.380089 0.821061 0.557345 0.123392 0.374400 -0.113200 1 43 1.000000
  43 1.172789 -29.984991 70.719849 0.546812 0.805865 0.227107 0.374400 -0.069600 1 43 1.000000
main_side
  43 1.172789 -29.984991 70.719849 0.546812 0.805865 0.227107 0.374400 -0.069600 1 43 1.000000
  43 1.172789 -30.158092 70.719910 0.895629 0.000153 0.444801 0.355100 -0.069600 1 43 1.000000
  43 1.286506 -30.158108 70.380150 0.971988 0.000081 0.235028 0.355100 -0.113200 1 43 1.000000
main_side
  43 1.172789 -30.158092 70.719910 0.895629 0.000153 0.444801 0.355100 -0.069600 1 43 1.000000
  43 1.172789 -29.984991 70.719849 0.546812 0.805865 0.227107 0.374400 -0.069600 1 43 1.000000
  43 1.037409 -29.984911 70.951004 0.699531 0.559342 0.444739 0.374400 -0.039900 1 43 1.000000
main_side
  43 1.037409 -29.984911 70.951004 0.699531 0.559342 0.444739 0.374400 -0.039900 1 43 1.000000
  43 1.037409 -30.158012 70.951065 0.823312 0.000196 0.567589 0.355100 -0.039900 1 43 1.000000
  43 1.172789 -30.158092 70.719910 0.895629 0.000153 0.444801 0.355100 -0.069600 1 43 1.000000
main_side
  43 1.037409 -30.158012 70.951065 0.823312 0.000196 0.567589 0.355100 -0.039900 1 43 1.000000
  43 1.037409 -29.984911 70.951004 0.699531 0.559342 0.444739 0.374400 -0.039900 1 43 1.000000
  43 0.832614 -29.984816 71.225739 0.321592 0.740794 0.589747 0.374400 -0.004600 1 43 1.000000
main_side
  43 0.832614 -29.984816 71.225739 0.321592 0.740794 0.589747 0.374400 -0.004600 1 43 1.000000
  43 0.832614 -30.157917 71.225792 0.485486 0.000302 0.874244 0.355100 -0.004600 1 43 1.000000
  43 1.037409 -30.158012 70.951065 0.823312 0.000196 0.567589 0.355100 -0.039900 1 43 1.000000
main_side
  43 0.898257 -32.076557 67.914474 0.000232 0.740771 -0.671758 0.664200 -0.792100 1 43 1.000000
  43 0.898307 -32.272911 67.771942 0.000338 0.204463 -0.978874 0.625500 -0.820800 1 43 1.000000
  43 0.825907 -32.272911 67.771919 0.000315 0.409272 -0.912412 0.627900 -0.830400 1 43 1.000000
main_side
  43 0.825907 -32.515511 67.772003 0.000338 -0.205139 -0.978733 0.574700 -0.830000 1 43 1.000000
  43 0.825907 -32.272911 67.771919 0.000315 0.409272 -0.912412 0.627900 -0.830400 1 43 1.000000
  43 0.898307 -32.272911 67.771942 0.000338 0.204463 -0.978874 0.625500 -0.820800 1 43 1.000000
main_side
  43 0.898307 -32.272911 67.771942 0.000338 0.204463 -0.978874 0.625500 -0.820800 1 43 1.000000
  43 0.898306 -32.515511 67.772026 0.000315 -0.409902 -0.912129 0.577700 -0.821300 1 43 1.000000
  43 0.825907 -32.515511 67.772003 0.000338 -0.205139 -0.978733 0.574700 -0.830000 1 43 1.000000
main_side
  43 0.825857 -32.711758 67.914673 0.000232 -0.741234 -0.671246 0.539100 -0.792100 1 43 1.000000
  43 0.825907 -32.515511 67.772003 0.000338 -0.205139 -0.978733 0.574700 -0.830000 1 43 1.000000
  43 0.898306 -32.515511 67.772026 0.000315 -0.409902 -0.912129 0.577700 -0.821300 1 43 1.000000
main_side
  43 0.898306 -32.515511 67.772026 0.000315 -0.409902 -0.912129 0.577700 -0.821300 1 43 1.000000
  43 0.898257 -32.711758 67.914696 0.000172 -0.867756 -0.496991 0.531200 -0.797900 1 43 1.000000
  43 0.825857 -32.711758 67.914673 0.000232 -0.741234 -0.671246 0.539100 -0.792100 1 43 1.000000
main_side
  43 0.825778 -32.786678 68.145500 0.000037 -0.994221 -0.107355 0.514800 -0.744700 1 43 1.000000
  43 0.825857 -32.711758 67.914673 0.000232 -0.741234 -0.671246 0.539100 -0.792100 1 43 1.000000
  43 0.898257 -32.711758 67.914696 0.000172 -0.867756 -0.496991 0.531200 -0.797900 1 43 1.000000
main_side
  43 0.898257 -32.711758 67.914696 0.000172 -0.867756 -0.496991 0.531200 -0.797900 1 43 1.000000
  43 0.898178 -32.786678 68.145523 -0.000037 -0.994146 0.108041 0.514800 -0.744700 1 43 1.000000
  43 0.825778 -32.786678 68.145500 0.000037 -0.994221 -0.107355 0.514800 -0.744700 1 43 1.000000
main_side
  43 0.825698 -32.711597 68.376274 -0.000172 -0.867412 0.497590 0.534600 -0.703100 1 43 1.000000
  43 0.825778 -32.786678 68.145500 0.000037 -0.994221 -0.107355 0.514800 -0.744700 1 43 1.000000
  43 0.898178 -32.786678 68.145523 -0.000037 -0.994146 0.108041 0.514800 -0.744700 1 43 1.000000
main_side
  43 0.898178 -32.786678 68.145523 -0.000037 -0.994146 0.108041 0.514800 -0.744700 1 43 1.000000
  43 0.898098 -32.711597 68.376297 -0.000232 -0.740771 0.671758 0.529500 -0.690600 1 43 1.000000
  43 0.825698 -32.711597 68.376274 -0.000172 -0.867412 0.497590 0.534600 -0.703100 1 43 1.000000
main_side
  43 0.825649 -32.515251 68.518806 -0.000315 -0.409272 0.912412 0.573600 -0.658100 1 43 1.000000
  43 0.825698 -32.711597 68.376274 -0.000172 -0.867412 0.497590 0.534600 -0.703100 1 43 1.000000
  43 0.898098 -32.711597 68.376297 -0.000232 -0.740771 0.671758 0.529500 -0.690600 1 43 1.000000
main_side
  43 0.898098 -32.711597 68.376297 -0.000232 -0.740771 0.671758 0.529500 -0.690600 1 43 1.000000
  43 0.898049 -32.515247 68.518829 -0.000338 -0.204463 0.978874 0.577700 -0.666400 1 43 1.000000
  43 0.825649 -32.515251 68.518806 -0.000315 -0.409272 0.912412 0.573600 -0.658100 1 43 1.000000
main_side
  43 0.825649 -32.272652 68.518723 -0.000338 0.205139 0.978733 0.628200 -0.658500 1 43 1.000000
  43 0.825649 -32.515251 68.518806 -0.000315 -0.409272 0.912412 0.573600 -0.658100 1 43 1.000000
  43 0.898049 -32.515247 68.518829 -0.000338 -0.204463 0.978874 0.577700 -0.666400 1 43 1.000000
main_side
  43 0.898049 -32.515247 68.518829 -0.000338 -0.204463 0.978874 0.577700 -0.666400 1 43 1.000000
  43 0.898049 -32.272648 68.518745 -0.000315 0.409902 0.912129 0.625500 -0.666000 1 43 1.000000
  43 0.825649 -32.272652 68.518723 -0.000338 0.205139 0.978733 0.628200 -0.658500 1 43 1.000000
main_side
  43 0.825698 -32.076397 68.376053 -0.000232 0.741234 0.671246 0.669600 -0.691000 1 43 1.000000
  43 0.825649 -32.272652 68.518723 -0.000338 0.205139 0.978733 0.628200 -0.658500 1 43 1.000000
  43 0.898049 -32.272648 68.518745 -0.000315 0.409902 0.912129 0.625500 -0.666000 1 43 1.000000
main_side
  43 0.898049 -32.272648 68.518745 -0.000315 0.409902 0.912129 0.625500 -0.666000 1 43 1.000000
  43 0.898098 -32.076397 68.376076 -0.000172 0.867756 0.496991 0.662800 -0.697300 1 43 1.000000
  43 0.825698 -32.076397 68.376053 -0.000232 0.741234 0.671246 0.669600 -0.691000 1 43 1.000000
main_side
  43 0.825778 -32.001480 68.145233 -0.000037 0.994221 0.107355 0.686800 -0.744300 1 43 1.000000
  43 0.825698 -32.076397 68.376053 -0.000232 0.741234 0.671246 0.669600 -0.691000 1 43 1.000000
  43 0.898098 -32.076397 68.376076 -0.000172 0.867756 0.496991 0.662800 -0.697300 1 43 1.000000
main_side
  43 0.898098 -32.076397 68.376076 -0.000172 0.867756 0.496991 0.662800 -0.697300 1 43 1.000000
  43 0.898178 -32.001480 68.145256 0.000037 0.994146 -0.108041 0.677600 -0.743800 1 43 1.000000
  43 0.825778 -32.001480 68.145233 -0.000037 0.994221 0.107355 0.686800 -0.744300 1 43 1.000000
main_side
  43 0.825857 -32.076557 67.914452 0.000172 0.867412 -0.497590 0.670300 -0.797100 1 43 1.000000
  43 0.825778 -32.001480 68.145233 -0.000037 0.994221 0.107355 0.686800 -0.744300 1 43 1.000000
  43 0.898178 -32.001480 68.145256 0.000037 0.994146 -0.108041 0.677600 -0.743800 1 43 1.000000
main_side
  43 0.898178 -32.001480 68.145256 0.000037 0.994146 -0.108041 0.677600 -0.743800 1 43 1.000000
  43 0.898257 -32.076557 67.914474 0.000232 0.740771 -0.671758 0.664200 -0.792100 1 43 1.000000
  43 0.825857 -32.076557 67.914452 0.000172 0.867412 -0.497590 0.670300 -0.797100 1 43 1.000000
main_side
  43 0.825907 -32.272911 67.771919 0.000315 0.409272 -0.912412 0.627900 -0.830400 1 43 1.000000
  43 0.825857 -32.076557 67.914452 0.000172 0.867412 -0.497590 0.670300 -0.797100 1 43 1.000000
  43 0.898257 -32.076557 67.914474 0.000232 0.740771 -0.671758 0.664200 -0.792100 1 43 1.000000
main_side
  43 0.898178 -32.001480 68.145256 0.686834 0.722586 0.078283 0.677600 -0.743800 1 43 1.000000
  43 0.898098 -32.076397 68.376076 0.686709 0.538751 0.488035 0.662800 -0.697300 1 43 1.000000
  43 0.982714 -32.141415 68.328827 0.686742 0.630694 0.361402 0.656400 -0.702300 1 43 1.000000
main_side
  43 0.982675 -32.297474 68.442284 0.686662 0.297925 0.663126 0.622100 -0.676100 1 43 1.000000
  43 0.982714 -32.141415 68.328827 0.686742 0.630694 0.361402 0.656400 -0.702300 1 43 1.000000
  43 0.898098 -32.076397 68.376076 0.686709 0.538751 0.488035 0.662800 -0.697300 1 43 1.000000
main_side
  43 0.898098 -32.076397 68.376076 0.686709 0.538751 0.488035 0.662800 -0.697300 1 43 1.000000
  43 0.898049 -32.272648 68.518745 0.686570 0.149149 0.711601 0.625500 -0.666000 1 43 1.000000
  43 0.982675 -32.297474 68.442284 0.686662 0.297925 0.663126 0.622100 -0.676100 1 43 1.000000
main_side
  43 0.982675 -32.490475 68.442352 0.686570 -0.148658 0.711704 0.579800 -0.676100 1 43 1.000000
  43 0.982675 -32.297474 68.442284 0.686662 0.297925 0.663126 0.622100 -0.676100 1 43 1.000000
  43 0.898049 -32.272648 68.518745 0.686570 0.149149 0.711601 0.625500 -0.666000 1 43 1.000000
main_side
  43 0.898049 -32.272648 68.518745 0.686570 0.149149 0.711601 0.625500 -0.666000 1 43 1.000000
  43 0.898049 -32.515247 68.518829 0.686662 -0.297467 0.663331 0.577700 -0.666400 1 43 1.000000
  43 0.982675 -32.490475 68.442352 0.686570 -0.148658 0.711704 0.579800 -0.676100 1 43 1.000000
main_side
  43 0.982714 -32.646614 68.329002 0.686656 -0.538451 0.488440 0.545500 -0.702300 1 43 1.000000
  43 0.982675 -32.490475 68.442352 0.686570 -0.148658 0.711704 0.579800 -0.676100 1 43 1.000000
  43 0.898049 -32.515247 68.518829 0.686662 -0.297467 0.663331 0.577700 -0.666400 1 43 1.000000
main_side
  43 0.898049 -32.515247 68.518829 0.686662 -0.297467 0.663331 0.577700 -0.666400 1 43 1.000000
  43 0.898098 -32.711597 68.376297 0.686689 -0.630488 0.361862 0.529500 -0.690600 1 43 1.000000
  43 0.982714 -32.646614 68.329002 0.686656 -0.538451 0.488440 0.545500 -0.702300 1 43 1.000000
main_side
  43 0.982778 -32.706379 68.145531 0.686781 -0.722582 0.078788 0.532400 -0.744700 1 43 1.000000
  43 0.982714 -32.646614 68.329002 0.686656 -0.538451 0.488440 0.545500 -0.702300 1 43 1.000000
  43 0.898098 -32.711597 68.376297 0.686689 -0.630488 0.361862 0.529500 -0.690600 1 43 1.000000
main_side
  43 0.898098 -32.711597 68.376297 0.686689 -0.630488 0.361862 0.529500 -0.690600 1 43 1.000000
  43 0.898178 -32.786678 68.145523 0.686835 -0.722636 -0.077814 0.514800 -0.744700 1 43 1.000000
  43 0.982778 -32.706379 68.145531 0.686781 -0.722582 0.078788 0.532400 -0.744700 1 43 1.000000
main_side
  43 0.982841 -32.646744 67.962006 0.686938 -0.630737 -0.360952 0.545500 -0.787000 1 43 1.000000
  43 0.982778 -32.706379 68.145531 0.686781 -0.722582 0.078788 0.532400 -0.744700 1 43 1.000000
  43 0.898178 -32.786678 68.145523 0.686835 -0.722636 -0.077814 0.514800 -0.744700 1 43 1.000000
main_side
  43 0.898178 -32.786678 68.145523 0.686835 -0.722636 -0.077814 0.514800 -0.744700 1 43 1.000000
  43 0.898257 -32.711758 67.914696 0.687046 -0.538751 -0.487561 0.531200 -0.797900 1 43 1.000000
  43 0.982841 -32.646744 67.962006 0.686938 -0.630737 -0.360952 0.545500 -0.787000 1 43 1.000000
main_side
  43 0.982880 -32.490685 67.848450 0.687120 -0.297925 -0.662651 0.579800 -0.813200 1 43 1.000000
  43 0.982841 -32.646744 67.962006 0.686938 -0.630737 -0.360952 0.545500 -0.787000 1 43 1.000000
  43 0.898257 -32.711758 67.914696 0.687046 -0.538751 -0.487561 0.531200 -0.797900 1 43 1.000000
main_side
  43 0.898257 -32.711758 67.914696 0.687046 -0.538751 -0.487561 0.531200 -0.797900 1 43 1.000000
  43 0.898306 -32.515511 67.772026 0.687114 -0.149139 -0.711078 0.577700 -0.821300 1 43 1.000000
  43 0.982880 -32.490685 67.848450 0.687120 -0.297925 -0.662651 0.579800 -0.813200 1 43 1.000000
main_side
  43 0.982880 -32.297684 67.848381 0.687061 0.148658 -0.711230 0.622100 -0.813200 1 43 1.000000
  43 0.982880 -32.490685 67.848450 0.687120 -0.297925 -0.662651 0.579800 -0.813200 1 43 1.000000
  43 0.898306 -32.515511 67.772026 0.687114 -0.149139 -0.711078 0.577700 -0.821300 1 43 1.000000
main_side
  43 0.898306 -32.515511 67.772026 0.687114 -0.149139 -0.711078 0.577700 -0.821300 1 43 1.000000
  43 0.898307 -32.272911 67.771942 0.687120 0.297467 -0.662857 0.625500 -0.820800 1 43 1.000000
  43 0.982880 -32.297684 67.848381 0.687061 0.148658 -0.711230 0.622100 -0.813200 1 43 1.000000
main_side
  43 0.982841 -32.141544 67.961830 0.687046 0.538414 -0.487932 0.656400 -0.787000 1 43 1.000000
  43 0.982880 -32.297684 67.848381 0.687061 0.148658 -0.711230 0.622100 -0.813200 1 43 1.000000
  43 0.898307 -32.272911 67.771942 0.687120 0.297467 -0.662857 0.625500 -0.820800 1 43 1.000000
main_side
  43 0.898307 -32.272911 67.771942 0.687120 0.297467 -0.662857 0.625500 -0.820800 1 43 1.000000
  43 0.898257 -32.076557 67.914474 0.686991 0.630444 -0.361363 0.664200 -0.792100 1 43 1.000000
  43 0.982841 -32.141544 67.961830 0.687046 0.538414 -0.487932 0.656400 -0.787000 1 43 1.000000
main_side
  43 0.982778 -32.081879 68.145309 0.686888 0.722532 -0.078308 0.669500 -0.744700 1 43 1.000000
  43 0.982841 -32.141544 67.961830 0.687046 0.538414 -0.487932 0.656400 -0.787000 1 43 1.000000
  43 0.898257 -32.076557 67.914474 0.686991 0.630444 -0.361363 0.664200 -0.792100 1 43 1.000000
main_side
  43 0.898257 -32.076557 67.914474 0.686991 0.630444 -0.361363 0.664200 -0.792100 1 43 1.000000
  43 0.898178 -32.001480 68.145256 0.686834 0.722586 0.078283 0.677600 -0.743800 1 43 1.000000
  43 0.982778 -32.081879 68.145309 0.686888 0.722532 -0.078308 0.669500 -0.744700 1 43 1.000000
main_side
  43 0.982714 -32.141415 68.328827 0.686742 0.630694 0.361402 0.656400 -0.702300 1 43 1.000000
  43 0.982778 -32.081879 68.145309 0.686888 0.722532 -0.078308 0.669500 -0.744700 1 43 1.000000
  43 0.898178 -32.001480 68.145256 0.686834 0.722586 0.078283 0.677600 -0.743800 1 43 1.000000
main_side
  43 -0.590021 -30.169481 69.010506 -0.159400 -0.804782 -0.571766 0.353900 -0.289100 1 43 1.000000
  43 -0.737433 -30.165369 69.045952 -0.665136 -0.220141 -0.713535 0.354300 -0.284500 1 43 1.000000
  43 -0.509870 -30.079832 68.862000 -0.480879 -0.079198 -0.873203 0.363900 -0.308100 1 43 1.000000
main_side
  43 -0.738735 -29.986668 69.050392 -0.462816 0.694719 -0.550606 0.374300 -0.283900 1 43 1.000000
  43 -0.509870 -30.079832 68.862000 -0.480879 -0.079198 -0.873203 0.363900 -0.308100 1 43 1.000000
  43 -0.737433 -30.165369 69.045952 -0.665136 -0.220141 -0.713535 0.354300 -0.284500 1 43 1.000000
main_side
  43 -0.737433 -30.165369 69.045952 -0.665136 -0.220141 -0.713535 0.354300 -0.284500 1 43 1.000000
  43 -0.876296 -29.986605 69.228844 -0.690222 0.560026 -0.458218 0.374300 -0.261000 1 43 1.000000
  43 -0.738735 -29.986668 69.050392 -0.462816 0.694719 -0.550606 0.374300 -0.283900 1 43 1.000000
main_side
  43 -0.876296 -29.986605 69.228844 -0.690222 0.560026 -0.458218 0.374300 -0.261000 1 43 1.000000
  43 -0.737433 -30.165369 69.045952 -0.665136 -0.220141 -0.713535 0.354300 -0.284500 1 43 1.000000
  43 -0.876297 -30.169405 69.231308 -0.868593 -0.006971 -0.495477 0.353900 -0.260700 1 43 1.000000
main_side
  43 -0.876297 -30.169405 69.231308 -0.868593 -0.006971 -0.495477 0.353900 -0.260700 1 43 1.000000
  43 -1.042413 -29.986488 69.567184 -0.552025 0.802427 -0.226669 0.374300 -0.217500 1 43 1.000000
  43 -0.876296 -29.986605 69.228844 -0.690222 0.560026 -0.458218 0.374300 -0.261000 1 43 1.000000
main_side
  43 -1.042413 -29.986488 69.567184 -0.552025 0.802427 -0.226669 0.374300 -0.217500 1 43 1.000000
  43 -0.876297 -30.169405 69.231308 -0.868593 -0.006971 -0.495477 0.353900 -0.260700 1 43 1.000000
  43 -1.042414 -30.169289 69.569946 -0.949870 -0.003908 -0.312619 0.353900 -0.217200 1 43 1.000000
main_side
  43 -1.042414 -30.169289 69.569946 -0.949870 -0.003908 -0.312619 0.353900 -0.217200 1 43 1.000000
  43 -1.139545 -29.986258 69.950050 -0.938235 0.317447 -0.137631 0.374300 -0.168300 1 43 1.000000
  43 -1.042413 -29.986488 69.567184 -0.552025 0.802427 -0.226669 0.374300 -0.217500 1 43 1.000000
main_side
  43 -1.139545 -29.986258 69.950050 -0.938235 0.317447 -0.137631 0.374300 -0.168300 1 43 1.000000
  43 -1.042414 -30.169289 69.569946 -0.949870 -0.003908 -0.312619 0.353900 -0.217200 1 43 1.000000
  43 -1.139646 -30.169058 69.951416 -0.999198 -0.000014 -0.040046 0.353900 -0.168200 1 43 1.000000
main_side
  43 -1.139545 -29.986258 69.950050 -0.938235 0.317447 -0.137631 0.374300 -0.168300 1 43 1.000000
  43 -1.139646 -30.169058 69.951416 -0.999198 -0.000014 -0.040046 0.353900 -0.168200 1 43 1.000000
  43 -1.112093 -29.985008 70.379265 -0.821146 0.557345 0.122824 0.374400 -0.113200 1 43 1.000000
main_side
  43 -1.112093 -29.985008 70.379265 -0.821146 0.557345 0.122824 0.374400 -0.113200 1 43 1.000000
  43 -1.139646 -30.169058 69.951416 -0.999198 -0.000014 -0.040046 0.353900 -0.168200 1 43 1.000000
  43 -1.112093 -30.158108 70.379318 -0.972151 0.000081 0.234357 0.355100 -0.113200 1 43 1.000000
main_side
  43 -1.112093 -30.158108 70.379318 -0.972151 0.000081 0.234357 0.355100 -0.113200 1 43 1.000000
  43 -0.998611 -29.984991 70.719101 -0.546969 0.805865 0.226729 0.374400 -0.069600 1 43 1.000000
  43 -1.112093 -29.985008 70.379265 -0.821146 0.557345 0.122824 0.374400 -0.113200 1 43 1.000000
main_side
  43 -0.998611 -29.984991 70.719101 -0.546969 0.805865 0.226729 0.374400 -0.069600 1 43 1.000000
  43 -1.112093 -30.158108 70.379318 -0.972151 0.000081 0.234357 0.355100 -0.113200 1 43 1.000000
  43 -0.998611 -30.158092 70.719162 -0.895936 0.000154 0.444182 0.355100 -0.069600 1 43 1.000000
main_side
  43 -0.998611 -30.158092 70.719162 -0.895936 0.000154 0.444182 0.355100 -0.069600 1 43 1.000000
  43 -0.863390 -29.984911 70.950348 -0.699838 0.559342 0.444256 0.374400 -0.039900 1 43 1.000000
  43 -0.998611 -29.984991 70.719101 -0.546969 0.805865 0.226729 0.374400 -0.069600 1 43 1.000000
main_side
  43 -0.863390 -29.984911 70.950348 -0.699838 0.559342 0.444256 0.374400 -0.039900 1 43 1.000000
  43 -0.998611 -30.158092 70.719162 -0.895936 0.000154 0.444182 0.355100 -0.069600 1 43 1.000000
  43 -0.863390 -30.158012 70.950409 -0.823703 0.000196 0.567021 0.355100 -0.039900 1 43 1.000000
main_side
  43 -0.863390 -30.158012 70.950409 -0.823703 0.000196 0.567021 0.355100 -0.039900 1 43 1.000000
  43 -0.658785 -29.984816 71.225220 -0.311193 0.744377 0.590814 0.374400 -0.004600 1 43 1.000000
  43 -0.863390 -29.984911 70.950348 -0.699838 0.559342 0.444256 0.374400 -0.039900 1 43 1.000000
main_side
  43 -0.658785 -29.984816 71.225220 -0.311193 0.744377 0.590814 0.374400 -0.004600 1 43 1.000000
  43 -0.863390 -30.158012 70.950409 -0.823703 0.000196 0.567021 0.355100 -0.039900 1 43 1.000000
  43 -0.658785 -30.157917 71.225281 -0.486089 0.000302 0.873909 0.355100 -0.004600 1 43 1.000000
main_side
  43 -0.509870 -30.079832 68.862000 -0.480879 -0.079198 -0.873203 0.363900 -0.308100 1 43 1.000000
  43 -0.738735 -29.986668 69.050392 -0.462816 0.694719 -0.550606 0.374300 -0.283900 1 43 1.000000
  43 -0.540502 -29.986700 68.954865 -0.121907 0.959076 -0.255563 0.374300 -0.296200 1 43 1.000000
main_side
  43 0.730232 -31.819334 67.988831 0.763448 0.616279 0.193255 0.169800 -0.420400 1 43 1.000000
  43 0.729992 -31.818094 68.683731 0.763406 0.516848 -0.387401 0.169900 -0.331200 1 43 1.000000
  43 0.768584 -31.859285 68.704964 0.763351 0.616120 -0.194145 0.165300 -0.328400 1 43 1.000000
main_side
  43 0.768562 -31.769964 68.769135 0.744320 0.272393 -0.609745 0.175200 -0.320200 1 43 1.000000
  43 0.768584 -31.859285 68.704964 0.763351 0.616120 -0.194145 0.165300 -0.328400 1 43 1.000000
  43 0.729992 -31.818094 68.683731 0.763406 0.516848 -0.387401 0.169900 -0.331200 1 43 1.000000
main_side
  43 0.729992 -31.818094 68.683731 0.763406 0.516848 -0.387401 0.169900 -0.331200 1 43 1.000000
  43 0.729977 -31.756678 68.728004 0.744355 0.137780 -0.653416 0.176700 -0.325500 1 43 1.000000
  43 0.768562 -31.769964 68.769135 0.744320 0.272393 -0.609745 0.175200 -0.320200 1 43 1.000000
main_side
  43 0.768561 -30.755163 68.773781 0.745702 -0.137321 -0.651975 0.288500 -0.319600 1 43 1.000000
  43 0.768562 -31.769964 68.769135 0.744320 0.272393 -0.609745 0.175200 -0.320200 1 43 1.000000
  43 0.729977 -31.756678 68.728004 0.744355 0.137780 -0.653416 0.176700 -0.325500 1 43 1.000000
main_side
  43 0.729977 -31.756678 68.728004 0.744355 0.137780 -0.653416 0.176700 -0.325500 1 43 1.000000
  43 0.729975 -30.768776 68.732475 0.745619 -0.277913 -0.605654 0.287000 -0.324900 1 43 1.000000
  43 0.768561 -30.755163 68.773781 0.745702 -0.137321 -0.651975 0.288500 -0.319600 1 43 1.000000
main_side
  43 0.768582 -30.671385 68.711052 0.763004 -0.523812 -0.378742 0.297900 -0.327600 1 43 1.000000
  43 0.768561 -30.755163 68.773781 0.745702 -0.137321 -0.651975 0.288500 -0.319600 1 43 1.000000
  43 0.729975 -30.768776 68.732475 0.745619 -0.277913 -0.605654 0.287000 -0.324900 1 43 1.000000
main_side
  43 0.729975 -30.768776 68.732475 0.745619 -0.277913 -0.605654 0.287000 -0.324900 1 43 1.000000
  43 0.729989 -30.712791 68.690552 0.762951 -0.619354 -0.185219 0.293200 -0.330200 1 43 1.000000
  43 0.768582 -30.671385 68.711052 0.763004 -0.523812 -0.378742 0.297900 -0.327600 1 43 1.000000
main_side
  43 0.768839 -30.679842 67.968147 0.748742 -0.643142 0.160480 0.297000 -0.423000 1 43 1.000000
  43 0.768582 -30.671385 68.711052 0.763004 -0.523812 -0.378742 0.297900 -0.327600 1 43 1.000000
  43 0.729989 -30.712791 68.690552 0.762951 -0.619354 -0.185219 0.293200 -0.330200 1 43 1.000000
main_side
  43 0.729989 -30.712791 68.690552 0.762951 -0.619354 -0.185219 0.293200 -0.330200 1 43 1.000000
  43 0.730233 -30.720837 67.983948 0.748675 -0.584579 0.312653 0.292400 -0.421000 1 43 1.000000
  43 0.768839 -30.679842 67.968147 0.748742 -0.643142 0.160480 0.297000 -0.423000 1 43 1.000000
main_side
  43 0.768863 -30.742367 67.897369 0.756959 -0.352833 0.550019 0.290000 -0.432100 1 43 1.000000
  43 0.768839 -30.679842 67.968147 0.748742 -0.643142 0.160480 0.297000 -0.423000 1 43 1.000000
  43 0.730233 -30.720837 67.983948 0.748675 -0.584579 0.312653 0.292400 -0.421000 1 43 1.000000
main_side
  43 0.730233 -30.720837 67.983948 0.748675 -0.584579 0.312653 0.292400 -0.421000 1 43 1.000000
  43 0.730249 -30.760851 67.938766 0.756973 -0.173781 0.629914 0.287900 -0.426800 1 43 1.000000
  43 0.768863 -30.742367 67.897369 0.756959 -0.352833 0.550019 0.290000 -0.432100 1 43 1.000000
main_side
  43 0.768861 -31.773064 67.904930 0.743728 0.139017 0.653868 0.174900 -0.431200 1 43 1.000000
  43 0.768863 -30.742367 67.897369 0.756959 -0.352833 0.550019 0.290000 -0.432100 1 43 1.000000
  43 0.730249 -30.760851 67.938766 0.756973 -0.173781 0.629914 0.287900 -0.426800 1 43 1.000000
main_side
  43 0.730249 -30.760851 67.938766 0.756973 -0.173781 0.629914 0.287900 -0.426800 1 43 1.000000
  43 0.730246 -31.759748 67.946106 0.743719 0.272822 0.610287 0.176400 -0.425900 1 43 1.000000
  43 0.768861 -31.773064 67.904930 0.743728 0.139017 0.653868 0.174900 -0.431200 1 43 1.000000
main_side
  43 0.768839 -31.860542 67.967758 0.763441 0.516817 0.387372 0.165200 -0.423100 1 43 1.000000
  43 0.768861 -31.773064 67.904930 0.743728 0.139017 0.653868 0.174900 -0.431200 1 43 1.000000
  43 0.730246 -31.759748 67.946106 0.743719 0.272822 0.610287 0.176400 -0.425900 1 43 1.000000
main_side
  43 0.730246 -31.759748 67.946106 0.743719 0.272822 0.610287 0.176400 -0.425900 1 43 1.000000
  43 0.730232 -31.819334 67.988831 0.763448 0.616279 0.193255 0.169800 -0.420400 1 43 1.000000
  43 0.768839 -31.860542 67.967758 0.763441 0.516817 0.387372 0.165200 -0.423100 1 43 1.000000
main_side
  43 0.768584 -31.859285 68.704964 0.763351 0.616120 -0.194145 0.165300 -0.328400 1 43 1.000000
  43 0.768839 -31.860542 67.967758 0.763441 0.516817 0.387372 0.165200 -0.423100 1 43 1.000000
  43 0.730232 -31.819334 67.988831 0.763448 0.616279 0.193255 0.169800 -0.420400 1 43 1.000000
main_side
  43 0.161177 -30.024679 66.119614 1.000000 0.000000 0.000345 0.364700 -0.626100 1 43 1.000000
  43 0.161177 -29.795179 66.119537 1.000000 0.000000 0.000345 0.390300 -0.626100 1 43 1.000000
  43 0.161132 -30.024633 66.251617 1.000000 0.000000 0.000345 0.364700 -0.609100 1 43 1.000000
main_side
  43 0.161177 -29.795179 66.119537 1.000000 0.000000 0.000345 0.390300 -0.626100 1 43 1.000000
  43 0.161066 -29.726269 66.440819 1.000000 0.000000 0.000345 0.393700 -0.591000 1 43 1.000000
  43 0.161132 -30.024633 66.251617 1.000000 0.000000 0.000345 0.364700 -0.609100 1 43 1.000000
main_side
  43 0.161177 -29.795179 66.119537 1.000000 0.000000 0.000345 0.390300 -0.626100 1 43 1.000000
  43 0.161126 -29.542727 66.268646 1.000000 0.000000 0.000345 0.418500 -0.616300 1 43 1.000000
  43 0.161066 -29.726269 66.440819 1.000000 0.000000 0.000345 0.393700 -0.591000 1 43 1.000000
main_side
  43 0.161126 -29.542727 66.268646 1.000000 0.000000 0.000345 0.418500 -0.616300 1 43 1.000000
  43 0.160969 -29.559771 66.721855 1.000000 0.000000 0.000345 0.414000 -0.563300 1 43 1.000000
  43 0.161066 -29.726269 66.440819 1.000000 0.000000 0.000345 0.393700 -0.591000 1 43 1.000000
main_side
  43 0.161126 -29.542727 66.268646 1.000000 0.000000 0.000345 0.418500 -0.616300 1 43 1.000000
  43 0.161011 -29.324614 66.601379 1.000000 0.000000 0.000345 0.444500 -0.581900 1 43 1.000000
  43 0.160969 -29.559771 66.721855 1.000000 0.000000 0.000345 0.414000 -0.563300 1 43 1.000000
main_side
  43 0.161011 -29.324614 66.601379 1.000000 0.000000 0.000345 0.444500 -0.581900 1 43 1.000000
  43 0.160900 -29.249903 66.922646 1.000000 0.000000 0.000345 0.452000 -0.557200 1 43 1.000000
  43 0.160969 -29.559771 66.721855 1.000000 0.000000 0.000345 0.414000 -0.563300 1 43 1.000000
main_side
  43 0.160900 -29.249903 66.922646 1.000000 0.000000 0.000345 0.452000 -0.557200 1 43 1.000000
  43 0.160850 -29.542452 67.066147 1.000000 0.000000 0.000345 0.415100 -0.531500 1 43 1.000000
  43 0.160969 -29.559771 66.721855 1.000000 0.000000 0.000345 0.414000 -0.563300 1 43 1.000000
main_side
  43 0.160900 -29.249903 66.922646 1.000000 0.000000 0.000345 0.452000 -0.557200 1 43 1.000000
  43 0.160807 -29.290009 67.192261 1.000000 0.000000 0.000345 0.447500 -0.522600 1 43 1.000000
  43 0.160850 -29.542452 67.066147 1.000000 0.000000 0.000345 0.415100 -0.531500 1 43 1.000000
main_side
  43 0.160807 -29.290009 67.192261 1.000000 0.000000 0.000345 0.447500 -0.522600 1 43 1.000000
  43 0.160734 -29.702936 67.404709 1.000000 0.000000 0.000345 0.401400 -0.495300 1 43 1.000000
  43 0.160850 -29.542452 67.066147 1.000000 0.000000 0.000345 0.415100 -0.531500 1 43 1.000000
main_side
  43 0.160807 -29.290009 67.192261 1.000000 0.000000 0.000345 0.447500 -0.522600 1 43 1.000000
  43 0.160660 -29.507862 67.616936 1.000000 0.000000 0.000345 0.423200 -0.468100 1 43 1.000000
  43 0.160734 -29.702936 67.404709 1.000000 0.000000 0.000345 0.401400 -0.495300 1 43 1.000000
main_side
  43 0.160660 -29.507862 67.616936 1.000000 0.000000 0.000345 0.423200 -0.468100 1 43 1.000000
  43 0.160666 -29.966867 67.599800 1.000000 0.000000 0.000345 0.372000 -0.470300 1 43 1.000000
  43 0.160734 -29.702936 67.404709 1.000000 0.000000 0.000345 0.401400 -0.495300 1 43 1.000000
main_side
  43 0.729992 -31.818094 68.683731 1.000000 0.000000 0.000345 0.169900 -0.331200 1 43 1.000000
  43 0.730232 -31.819334 67.988831 1.000000 0.000000 0.000345 0.169800 -0.420400 1 43 1.000000
  43 0.729977 -31.756678 68.728004 1.000000 0.000000 0.000345 0.176700 -0.325500 1 43 1.000000
main_side
  43 0.729989 -30.712791 68.690552 1.000000 0.000000 0.000345 0.293200 -0.330200 1 43 1.000000
  43 0.729977 -31.756678 68.728004 1.000000 0.000000 0.000345 0.176700 -0.325500 1 43 1.000000
  43 0.730232 -31.819334 67.988831 1.000000 0.000000 0.000345 0.169800 -0.420400 1 43 1.000000
main_side
  43 0.729989 -30.712791 68.690552 1.000000 0.000000 0.000345 0.293200 -0.330200 1 43 1.000000
  43 0.730232 -31.819334 67.988831 1.000000 0.000000 0.000345 0.169800 -0.420400 1 43 1.000000
  43 0.730233 -30.720837 67.983948 1.000000 0.000000 0.000345 0.292400 -0.421000 1 43 1.000000
main_side
  43 0.730233 -30.720837 67.983948 1.000000 0.000000 0.000345 0.292400 -0.421000 1 43 1.000000
  43 0.730232 -31.819334 67.988831 1.000000 0.000000 0.000345 0.169800 -0.420400 1 43 1.000000
  43 0.730249 -30.760851 67.938766 1.000000 0.000000 0.000345 0.287900 -0.426800 1 43 1.000000
main_side
  43 0.730232 -31.819334 67.988831 1.000000 0.000000 0.000345 0.169800 -0.420400 1 43 1.000000
  43 0.730246 -31.759748 67.946106 1.000000 0.000000 0.000345 0.176400 -0.425900 1 43 1.000000
  43 0.730249 -30.760851 67.938766 1.000000 0.000000 0.000345 0.287900 -0.426800 1 43 1.000000
main_side
  43 0.729975 -30.768776 68.732475 1.000000 0.000000 0.000345 0.287000 -0.324900 1 43 1.000000
  43 0.729977 -31.756678 68.728004 1.000000 0.000000 0.000345 0.176700 -0.325500 1 43 1.000000
  43 0.729989 -30.712791 68.690552 1.000000 0.000000 0.000345 0.293200 -0.330200 1 43 1.000000
handle_uvw
  43 0.227038 -26.083040 68.550880 -0.711129 -0.697770 0.086095 0.443400 -0.470800 1 43 1.000000
  43 0.316750 -26.250454 67.935265 -0.711129 -0.697770 0.086095 0.406900 -0.514700 1 43 1.000000
  43 0.316508 -26.163509 68.637733 -0.711129 -0.697770 0.086095 0.406900 -0.458600 1 43 1.000000
handle_uvw
  43 -0.684685 -29.989916 70.644112 0.004702 0.999978 -0.004744 0.814200 -0.063500 1 43 1.000000
  43 -0.863390 -29.984911 70.950348 -0.699838 0.559342 0.444256 0.886900 -0.037100 1 43 1.000000
  43 -0.658785 -29.984816 71.225220 -0.311193 0.744377 0.590814 0.803600 -0.013200 1 43 1.000000
handle_uvw
  43 -0.684685 -29.989916 70.644112 0.004702 0.999978 -0.004744 0.814200 -0.063500 1 43 1.000000
  43 -0.998611 -29.984991 70.719101 -0.546969 0.805865 0.226729 0.942000 -0.057300 1 43 1.000000
  43 -0.863390 -29.984911 70.950348 -0.699838 0.559342 0.444256 0.886900 -0.037100 1 43 1.000000
handle_uvw
  43 -0.684248 -29.990953 69.379509 0.010498 0.999928 0.005759 0.814200 -0.173600 1 43 1.000000
  43 -0.998611 -29.984991 70.719101 -0.546969 0.805865 0.226729 0.942000 -0.057300 1 43 1.000000
  43 -0.684685 -29.989916 70.644112 0.004702 0.999978 -0.004744 0.814200 -0.063500 1 43 1.000000
handle_uvw
  43 -1.112093 -29.985008 70.379265 -0.821146 0.557345 0.122824 0.988200 -0.086900 1 43 1.000000
  43 -1.042413 -29.986488 69.567184 -0.552025 0.802427 -0.226669 0.960000 -0.157500 1 43 1.000000
  43 -1.139545 -29.986258 69.950050 -0.938235 0.317447 -0.137631 0.999500 -0.124100 1 43 1.000000
handle_uvw
  43 -1.042413 -29.986488 69.567184 -0.552025 0.802427 -0.226669 0.960000 -0.157500 1 43 1.000000
  43 -1.112093 -29.985008 70.379265 -0.821146 0.557345 0.122824 0.988200 -0.086900 1 43 1.000000
  43 -0.998611 -29.984991 70.719101 -0.546969 0.805865 0.226729 0.942000 -0.057300 1 43 1.000000
handle_uvw
  43 -0.998611 -29.984991 70.719101 -0.546969 0.805865 0.226729 0.942000 -0.057300 1 43 1.000000
  43 -0.684248 -29.990953 69.379509 0.010498 0.999928 0.005759 0.814200 -0.173600 1 43 1.000000
  43 -1.042413 -29.986488 69.567184 -0.552025 0.802427 -0.226669 0.960000 -0.157500 1 43 1.000000
handle_uvw
  43 -0.876296 -29.986605 69.228844 -0.690222 0.560026 -0.458218 0.892400 -0.186900 1 43 1.000000
  43 -1.042413 -29.986488 69.567184 -0.552025 0.802427 -0.226669 0.960000 -0.157500 1 43 1.000000
  43 -0.684248 -29.990953 69.379509 0.010498 0.999928 0.005759 0.814200 -0.173600 1 43 1.000000
handle_uvw
  43 -0.684248 -29.990953 69.379509 0.010498 0.999928 0.005759 0.814200 -0.173600 1 43 1.000000
  43 -0.738735 -29.986668 69.050392 -0.462816 0.694719 -0.550606 0.836400 -0.202500 1 43 1.000000
  43 -0.876296 -29.986605 69.228844 -0.690222 0.560026 -0.458218 0.892400 -0.186900 1 43 1.000000
handle_uvw
  43 -0.684248 -29.990953 69.379509 0.010498 0.999928 0.005759 0.814200 -0.173600 1 43 1.000000
  43 -0.540502 -29.986700 68.954865 -0.121907 0.959076 -0.255563 0.755800 -0.210800 1 43 1.000000
  43 -0.738735 -29.986668 69.050392 -0.462816 0.694719 -0.550606 0.836400 -0.202500 1 43 1.000000
handle_uvw
  43 -0.540502 -29.986700 68.954865 -0.121907 0.959076 -0.255563 0.755800 -0.210800 1 43 1.000000
  43 -0.684248 -29.990953 69.379509 0.010498 0.999928 0.005759 0.814200 -0.173600 1 43 1.000000
  43 -0.541714 -29.990988 69.279663 0.002799 0.999989 0.003856 0.756200 -0.182300 1 43 1.000000
handle_uvw
  43 -0.684685 -29.989916 70.644112 0.004702 0.999978 -0.004744 0.814200 -0.063500 1 43 1.000000
  43 -0.541714 -29.990988 69.279663 0.002799 0.999989 0.003856 0.756200 -0.182300 1 43 1.000000
  43 -0.684248 -29.990953 69.379509 0.010498 0.999928 0.005759 0.814200 -0.173600 1 43 1.000000
handle_uvw
  43 -0.541714 -29.990988 69.279663 0.002799 0.999989 0.003856 0.756200 -0.182300 1 43 1.000000
  43 -0.684685 -29.989916 70.644112 0.004702 0.999978 -0.004744 0.814200 -0.063500 1 43 1.000000
  43 -0.597539 -29.989962 70.512444 0.007301 0.999963 -0.004543 0.778800 -0.075000 1 43 1.000000
handle_uvw
  43 -0.658785 -29.984816 71.225220 -0.311193 0.744377 0.590814 0.803600 -0.013200 1 43 1.000000
  43 -0.597539 -29.989962 70.512444 0.007301 0.999963 -0.004543 0.778800 -0.075000 1 43 1.000000
  43 -0.684685 -29.989916 70.644112 0.004702 0.999978 -0.004744 0.814200 -0.063500 1 43 1.000000
handle_uvw
  43 -0.597539 -29.989962 70.512444 0.007301 0.999963 -0.004543 0.778800 -0.075000 1 43 1.000000
  43 -0.658785 -29.984816 71.225220 -0.311193 0.744377 0.590814 0.803600 -0.013200 1 43 1.000000
  43 -0.590726 -29.987875 71.052238 0.055501 0.998448 0.004575 0.775900 -0.028100 1 43 1.000000
handle_uvw
  43 -0.282296 -30.010105 71.257057 0.021344 0.891255 0.452999 0.650300 -0.009000 1 43 1.000000
  43 -0.590726 -29.987875 71.052238 0.055501 0.998448 0.004575 0.775900 -0.028100 1 43 1.000000
  43 -0.658785 -29.984816 71.225220 -0.311193 0.744377 0.590814 0.803600 -0.013200 1 43 1.000000
handle_uvw
  43 -0.590726 -29.987875 71.052238 0.055501 0.998448 0.004575 0.775900 -0.028100 1 43 1.000000
  43 -0.282296 -30.010105 71.257057 0.021344 0.891255 0.452999 0.650300 -0.009000 1 43 1.000000
  43 -0.126526 -30.018375 71.052414 0.065497 0.997806 0.009678 0.586900 -0.026400 1 43 1.000000
handle_uvw
  43 -0.282296 -30.010105 71.257057 0.021344 0.891255 0.452999 0.650300 -0.009000 1 43 1.000000
  43 -0.658785 -29.984816 71.225220 -0.311193 0.744377 0.590814 0.803600 -0.013200 1 43 1.000000
  43 -0.282296 -30.157906 71.257111 -0.084143 0.000344 0.996454 0.650300 -0.000500 1 43 1.000000
handle_uvw
  43 -0.658785 -29.984816 71.225220 -0.311193 0.744377 0.590814 0.803600 -0.013200 1 43 1.000000
  43 -0.658785 -30.157917 71.225281 -0.486089 0.000302 0.873909 0.803600 -0.003300 1 43 1.000000
  43 -0.282296 -30.157906 71.257111 -0.084143 0.000344 0.996454 0.650300 -0.000500 1 43 1.000000
handle_uvw
  43 -0.041662 -26.083040 68.550789 0.736668 -0.669969 0.091986 0.552700 -0.470800 1 43 1.000000
  43 -0.125692 -26.163509 68.637581 0.736668 -0.669969 0.091986 0.586900 -0.458600 1 43 1.000000
  43 -0.125449 -26.260054 67.933121 0.736668 -0.669969 0.091986 0.586900 -0.514400 1 43 1.000000
handle_uvw
  43 1.217387 -29.986488 69.567963 0.552182 0.802427 -0.226288 0.040000 -0.157500 1 43 1.000000
  43 1.172789 -29.984991 70.719849 0.546812 0.805865 0.227107 0.058000 -0.057300 1 43 1.000000
  43 1.286506 -29.985008 70.380089 0.821061 0.557345 0.123392 0.011800 -0.086900 1 43 1.000000
handle_uvw
  43 1.286506 -29.985008 70.380089 0.821061 0.557345 0.123392 0.011800 -0.086900 1 43 1.000000
  43 1.314354 -29.986258 69.950897 0.938330 0.317447 -0.136983 0.000500 -0.124100 1 43 1.000000
  43 1.217387 -29.986488 69.567963 0.552182 0.802427 -0.226288 0.040000 -0.157500 1 43 1.000000
handle_uvw
  43 0.800086 -29.990988 69.280121 0.332887 0.942966 0.001089 0.210000 -0.182300 1 43 1.000000
  43 0.799660 -29.989962 70.512924 0.427910 0.903818 -0.002364 0.210000 -0.075000 1 43 1.000000
  43 0.859015 -29.989916 70.644646 -0.003698 0.999982 -0.004746 0.185800 -0.063500 1 43 1.000000
handle_uvw
  43 0.832614 -29.984816 71.225739 0.321592 0.740794 0.589747 0.196400 -0.013200 1 43 1.000000
  43 0.859015 -29.989916 70.644646 -0.003698 0.999982 -0.004746 0.185800 -0.063500 1 43 1.000000
  43 0.799660 -29.989962 70.512924 0.427910 0.903818 -0.002364 0.210000 -0.075000 1 43 1.000000
handle_uvw
  43 0.859015 -29.989916 70.644646 -0.003698 0.999982 -0.004746 0.185800 -0.063500 1 43 1.000000
  43 0.832614 -29.984816 71.225739 0.321592 0.740794 0.589747 0.196400 -0.013200 1 43 1.000000
  43 1.037409 -29.984911 70.951004 0.699531 0.559342 0.444739 0.113100 -0.037100 1 43 1.000000
handle_uvw
  43 0.859015 -29.989916 70.644646 -0.003698 0.999982 -0.004746 0.185800 -0.063500 1 43 1.000000
  43 1.037409 -29.984911 70.951004 0.699531 0.559342 0.444739 0.113100 -0.037100 1 43 1.000000
  43 1.172789 -29.984991 70.719849 0.546812 0.805865 0.227107 0.058000 -0.057300 1 43 1.000000
handle_uvw
  43 0.859451 -29.990953 69.380043 -0.012902 0.999901 0.005650 0.185800 -0.173600 1 43 1.000000
  43 0.859015 -29.989916 70.644646 -0.003698 0.999982 -0.004746 0.185800 -0.063500 1 43 1.000000
  43 1.172789 -29.984991 70.719849 0.546812 0.805865 0.227107 0.058000 -0.057300 1 43 1.000000
handle_uvw
  43 1.172789 -29.984991 70.719849 0.546812 0.805865 0.227107 0.058000 -0.057300 1 43 1.000000
  43 1.217387 -29.986488 69.567963 0.552182 0.802427 -0.226288 0.040000 -0.157500 1 43 1.000000
  43 0.859451 -29.990953 69.380043 -0.012902 0.999901 0.005650 0.185800 -0.173600 1 43 1.000000
handle_uvw
  43 1.051603 -29.986607 69.229515 0.690538 0.560026 -0.457742 0.107600 -0.186900 1 43 1.000000
  43 0.859451 -29.990953 69.380043 -0.012902 0.999901 0.005650 0.185800 -0.173600 1 43 1.000000
  43 1.217387 -29.986488 69.567963 0.552182 0.802427 -0.226288 0.040000 -0.157500 1 43 1.000000
handle_uvw
  43 0.859451 -29.990953 69.380043 -0.012902 0.999901 0.005650 0.185800 -0.173600 1 43 1.000000
  43 1.051603 -29.986607 69.229515 0.690538 0.560026 -0.457742 0.107600 -0.186900 1 43 1.000000
  43 0.914065 -29.986668 69.050957 0.560186 0.663346 -0.496148 0.163600 -0.202500 1 43 1.000000
handle_uvw
  43 0.859451 -29.990953 69.380043 -0.012902 0.999901 0.005650 0.185800 -0.173600 1 43 1.000000
  43 0.914065 -29.986668 69.050957 0.560186 0.663346 -0.496148 0.163600 -0.202500 1 43 1.000000
  43 0.799098 -29.986700 68.955322 0.336521 0.885818 -0.319500 0.210400 -0.210800 1 43 1.000000
handle_uvw
  43 0.799098 -29.986700 68.955322 0.336521 0.885818 -0.319500 0.210400 -0.210800 1 43 1.000000
  43 0.800086 -29.990988 69.280121 0.332887 0.942966 0.001089 0.210000 -0.182300 1 43 1.000000
  43 0.859451 -29.990953 69.380043 -0.012902 0.999901 0.005650 0.185800 -0.173600 1 43 1.000000
handle_uvw
  43 0.859015 -29.989916 70.644646 -0.003698 0.999982 -0.004746 0.185800 -0.063500 1 43 1.000000
  43 0.859451 -29.990953 69.380043 -0.012902 0.999901 0.005650 0.185800 -0.173600 1 43 1.000000
  43 0.800086 -29.990988 69.280121 0.332887 0.942966 0.001089 0.210000 -0.182300 1 43 1.000000
handle_uvw
  43 0.799660 -29.989962 70.512924 0.427910 0.903818 -0.002364 0.210000 -0.075000 1 43 1.000000
  43 0.787264 -29.984865 71.082123 0.248063 0.959283 0.135059 0.214900 -0.025700 1 43 1.000000
  43 0.832614 -29.984816 71.225739 0.321592 0.740794 0.589747 0.196400 -0.013200 1 43 1.000000
handle_uvw
  43 0.832614 -29.984816 71.225739 0.321592 0.740794 0.589747 0.196400 -0.013200 1 43 1.000000
  43 0.456203 -30.157906 71.257362 0.083455 0.000344 0.996511 0.349700 -0.000500 1 43 1.000000
  43 0.832614 -30.157917 71.225792 0.485486 0.000302 0.874244 0.196400 -0.003300 1 43 1.000000
handle_uvw
  43 0.456203 -30.010105 71.257317 -0.042149 0.901567 0.430582 0.349700 -0.009000 1 43 1.000000
  43 0.456203 -30.157906 71.257362 0.083455 0.000344 0.996511 0.349700 -0.000500 1 43 1.000000
  43 0.832614 -29.984816 71.225739 0.321592 0.740794 0.589747 0.196400 -0.013200 1 43 1.000000
handle_uvw
  43 0.456203 -30.010105 71.257317 -0.042149 0.901567 0.430582 0.349700 -0.009000 1 43 1.000000
  43 0.832614 -29.984816 71.225739 0.321592 0.740794 0.589747 0.196400 -0.013200 1 43 1.000000
  43 0.787264 -29.984865 71.082123 0.248063 0.959283 0.135059 0.214900 -0.025700 1 43 1.000000
handle_uvw
  43 0.787264 -29.984865 71.082123 0.248063 0.959283 0.135059 0.214900 -0.025700 1 43 1.000000
  43 0.315674 -30.039576 71.052574 -0.099247 0.698860 0.708340 0.406900 -0.025100 1 43 1.000000
  43 0.456203 -30.010105 71.257317 -0.042149 0.901567 0.430582 0.349700 -0.009000 1 43 1.000000
handle_uvw
  43 0.787264 -29.984865 71.082123 0.248063 0.959283 0.135059 0.214900 -0.025700 1 43 1.000000
  43 0.767774 -29.955376 71.052696 0.629085 0.444124 0.637969 0.222800 -0.030000 1 43 1.000000
  43 0.315674 -30.039576 71.052574 -0.099247 0.698860 0.708340 0.406900 -0.025100 1 43 1.000000
handle_uvw
  43 0.315674 -29.980776 71.052551 -0.000345 0.000345 1.000000 0.406900 -0.028500 1 43 1.000000
  43 0.315674 -30.039576 71.052574 -0.099247 0.698860 0.708340 0.406900 -0.025100 1 43 1.000000
  43 0.767774 -29.955376 71.052696 0.629085 0.444124 0.637969 0.222800 -0.030000 1 43 1.000000
handle_uvw
  43 0.316174 -28.711676 69.604515 -0.000291 0.536183 0.844101 0.406900 -0.227700 1 43 1.000000
  43 0.316021 -29.240923 70.047600 -0.000209 0.796727 0.604339 0.406900 -0.158600 1 43 1.000000
  43 0.583221 -29.240923 70.047691 0.424893 0.674711 0.603516 0.298100 -0.158600 1 43 1.000000
handle_uvw
  43 0.316021 -29.240923 70.047600 -0.000209 0.796727 0.604339 0.406900 -0.158600 1 43 1.000000
  43 0.583027 -29.575630 70.609604 0.348688 0.871934 0.343725 0.298100 -0.090400 1 43 1.000000
  43 0.583221 -29.240923 70.047691 0.424893 0.674711 0.603516 0.298100 -0.158600 1 43 1.000000
handle_uvw
  43 0.316021 -29.240923 70.047600 -0.000209 0.796727 0.604339 0.406900 -0.158600 1 43 1.000000
  43 0.315827 -29.575630 70.609512 -0.000088 0.966686 0.255965 0.406900 -0.090400 1 43 1.000000
  43 0.583027 -29.575630 70.609604 0.348688 0.871934 0.343725 0.298100 -0.090400 1 43 1.000000
handle_uvw
  43 0.315827 -29.575630 70.609512 -0.000088 0.966686 0.255965 0.406900 -0.090400 1 43 1.000000
  43 0.582874 -29.629475 71.052521 0.300559 0.664725 0.683963 0.298100 -0.048800 1 43 1.000000
  43 0.583027 -29.575630 70.609604 0.348688 0.871934 0.343725 0.298100 -0.090400 1 43 1.000000
handle_uvw
  43 0.315827 -29.575630 70.609512 -0.000088 0.966686 0.255965 0.406900 -0.090400 1 43 1.000000
  43 0.315674 -29.629475 71.052429 -0.000258 0.663163 0.748475 0.406900 -0.048800 1 43 1.000000
  43 0.582874 -29.629475 71.052521 0.300559 0.664725 0.683963 0.298100 -0.048800 1 43 1.000000
handle_uvw
  43 0.315674 -29.629475 71.052429 -0.000258 0.663163 0.748475 0.406900 -0.048800 1 43 1.000000
  43 0.315674 -29.980776 71.052551 -0.000345 0.000345 1.000000 0.406900 -0.028500 1 43 1.000000
  43 0.582874 -29.629475 71.052521 0.300559 0.664725 0.683963 0.298100 -0.048800 1 43 1.000000
handle_uvw
  43 0.582874 -29.629475 71.052521 0.300559 0.664725 0.683963 0.298100 -0.048800 1 43 1.000000
  43 0.315674 -29.980776 71.052551 -0.000345 0.000345 1.000000 0.406900 -0.028500 1 43 1.000000
  43 0.767774 -29.955376 71.052696 -0.000345 0.000345 1.000000 0.222800 -0.030000 1 43 1.000000
handle_uvw
  43 0.582874 -29.629475 71.052521 0.300559 0.664725 0.683963 0.298100 -0.048800 1 43 1.000000
  43 0.767774 -29.955376 71.052696 -0.000345 0.000345 1.000000 0.222800 -0.030000 1 43 1.000000
  43 0.767774 -29.838476 71.052658 0.507950 0.449956 0.734524 0.222800 -0.036700 1 43 1.000000
handle_uvw
  43 0.582874 -29.629475 71.052521 0.300559 0.664725 0.683963 0.298100 -0.048800 1 43 1.000000
  43 0.767774 -29.838476 71.052658 0.507950 0.449956 0.734524 0.222800 -0.036700 1 43 1.000000
  43 0.767985 -29.765587 70.440834 0.768021 0.602771 0.216356 0.222800 -0.094200 1 43 1.000000
handle_uvw
  43 0.582874 -29.629475 71.052521 0.300559 0.664725 0.683963 0.298100 -0.048800 1 43 1.000000
  43 0.767985 -29.765587 70.440834 0.768021 0.602771 0.216356 0.222800 -0.094200 1 43 1.000000
  43 0.583027 -29.575630 70.609604 0.348688 0.871934 0.343725 0.298100 -0.090400 1 43 1.000000
handle_uvw
  43 0.583027 -29.575630 70.609604 0.348688 0.871934 0.343725 0.298100 -0.090400 1 43 1.000000
  43 0.767985 -29.765587 70.440834 0.768021 0.602771 0.216356 0.222800 -0.094200 1 43 1.000000
  43 0.583221 -29.240923 70.047691 0.424893 0.674711 0.603516 0.298100 -0.158600 1 43 1.000000
handle_uvw
  43 0.768177 -29.372780 69.885597 0.747067 0.469281 0.470814 0.222800 -0.165100 1 43 1.000000
  43 0.583221 -29.240923 70.047691 0.424893 0.674711 0.603516 0.298100 -0.158600 1 43 1.000000
  43 0.767985 -29.765587 70.440834 0.768021 0.602771 0.216356 0.222800 -0.094200 1 43 1.000000
handle_uvw
  43 0.583221 -29.240923 70.047691 0.424893 0.674711 0.603516 0.298100 -0.158600 1 43 1.000000
  43 0.768177 -29.372780 69.885597 0.747067 0.469281 0.470814 0.222800 -0.165100 1 43 1.000000
  43 0.583374 -28.711678 69.604607 0.392337 0.426002 0.815226 0.298100 -0.227700 1 43 1.000000
handle_uvw
  43 0.768306 -28.926308 69.511848 0.720991 0.301218 0.624050 0.222800 -0.223400 1 43 1.000000
  43 0.583374 -28.711678 69.604607 0.392337 0.426002 0.815226 0.298100 -0.227700 1 43 1.000000
  43 0.768177 -29.372780 69.885597 0.747067 0.469281 0.470814 0.222800 -0.165100 1 43 1.000000
handle_uvw
  43 0.583374 -28.711678 69.604607 0.392337 0.426002 0.815226 0.298100 -0.227700 1 43 1.000000
  43 0.768306 -28.926308 69.511848 0.720991 0.301218 0.624050 0.222800 -0.223400 1 43 1.000000
  43 0.583441 -28.085243 69.409889 0.378788 0.139617 0.914891 0.298100 -0.280700 1 43 1.000000
handle_uvw
  43 0.768402 -28.223206 69.234001 0.737552 0.088929 0.669409 0.222800 -0.288100 1 43 1.000000
  43 0.583441 -28.085243 69.409889 0.378788 0.139617 0.914891 0.298100 -0.280700 1 43 1.000000
  43 0.768306 -28.926308 69.511848 0.720991 0.301218 0.624050 0.222800 -0.223400 1 43 1.000000
handle_uvw
  43 0.583441 -28.085243 69.409889 0.378788 0.139617 0.914891 0.298100 -0.280700 1 43 1.000000
  43 0.768402 -28.223206 69.234001 0.737552 0.088929 0.669409 0.222800 -0.288100 1 43 1.000000
  43 0.583441 -27.296644 69.409622 0.404596 0.290196 0.867230 0.298100 -0.326100 1 43 1.000000
handle_uvw
  43 0.768414 -27.326317 69.200691 0.762719 0.266011 0.589489 0.222800 -0.342600 1 43 1.000000
  43 0.583441 -27.296644 69.409622 0.404596 0.290196 0.867230 0.298100 -0.326100 1 43 1.000000
  43 0.768402 -28.223206 69.234001 0.737552 0.088929 0.669409 0.222800 -0.288100 1 43 1.000000
handle_uvw
  43 0.316174 -28.711676 69.604515 -0.000291 0.536183 0.844101 0.406900 -0.227700 1 43 1.000000
  43 0.583221 -29.240923 70.047691 0.424893 0.674711 0.603516 0.298100 -0.158600 1 43 1.000000
  43 0.583374 -28.711678 69.604607 0.392337 0.426002 0.815226 0.298100 -0.227700 1 43 1.000000
handle_uvw
  43 0.316241 -28.085243 69.409798 -0.000338 0.199934 0.979809 0.406900 -0.280700 1 43 1.000000
  43 0.316174 -28.711676 69.604515 -0.000291 0.536183 0.844101 0.406900 -0.227700 1 43 1.000000
  43 0.583374 -28.711678 69.604607 0.392337 0.426002 0.815226 0.298100 -0.227700 1 43 1.000000
handle_uvw
  43 0.316241 -28.085243 69.409798 -0.000338 0.199934 0.979809 0.406900 -0.280700 1 43 1.000000
  43 0.583374 -28.711678 69.604607 0.392337 0.426002 0.815226 0.298100 -0.227700 1 43 1.000000
  43 0.583441 -28.085243 69.409889 0.378788 0.139617 0.914891 0.298100 -0.280700 1 43 1.000000
handle_uvw
  43 0.316241 -27.296644 69.409531 -0.000339 0.195532 0.980697 0.406900 -0.326100 1 43 1.000000
  43 0.316241 -28.085243 69.409798 -0.000338 0.199934 0.979809 0.406900 -0.280700 1 43 1.000000
  43 0.583441 -28.085243 69.409889 0.378788 0.139617 0.914891 0.298100 -0.280700 1 43 1.000000
handle_uvw
  43 0.316241 -27.296644 69.409531 -0.000339 0.195532 0.980697 0.406900 -0.326100 1 43 1.000000
  43 0.583441 -28.085243 69.409889 0.378788 0.139617 0.914891 0.298100 -0.280700 1 43 1.000000
  43 0.583441 -27.296644 69.409622 0.404596 0.290196 0.867230 0.298100 -0.326100 1 43 1.000000
handle_uvw
  43 0.316508 -26.163509 68.637733 -0.000270 0.623391 0.781910 0.406900 -0.458600 1 43 1.000000
  43 0.316241 -27.296644 69.409531 -0.000339 0.195532 0.980697 0.406900 -0.326100 1 43 1.000000
  43 0.583441 -27.296644 69.409622 0.404596 0.290196 0.867230 0.298100 -0.326100 1 43 1.000000
handle_uvw
  43 0.316508 -26.163509 68.637733 -0.000270 0.623391 0.781910 0.406900 -0.458600 1 43 1.000000
  43 0.583441 -27.296644 69.409622 0.404596 0.290196 0.867230 0.298100 -0.326100 1 43 1.000000
  43 0.583708 -26.163509 68.637825 0.405569 0.614338 0.676832 0.298100 -0.458600 1 43 1.000000
handle_uvw
  43 0.316508 -26.163509 68.637733 -0.000270 0.623391 0.781910 0.406900 -0.458600 1 43 1.000000
  43 0.583708 -26.163509 68.637825 0.405569 0.614338 0.676832 0.298100 -0.458600 1 43 1.000000
  43 0.227038 -26.083040 68.550880 0.004072 0.751551 0.659662 0.443400 -0.470800 1 43 1.000000
handle_uvw
  43 0.584165 -25.028767 67.313133 0.306700 0.789243 0.532006 0.298100 -0.639200 1 43 1.000000
  43 0.227038 -26.083040 68.550880 0.004072 0.751551 0.659662 0.443400 -0.470800 1 43 1.000000
  43 0.583708 -26.163509 68.637825 0.405569 0.614338 0.676832 0.298100 -0.458600 1 43 1.000000
handle_uvw
  43 0.227038 -26.083040 68.550880 0.004072 0.751551 0.659662 0.443400 -0.470800 1 43 1.000000
  43 0.584165 -25.028767 67.313133 0.306700 0.789243 0.532006 0.298100 -0.639200 1 43 1.000000
  43 -0.041662 -26.083040 68.550789 -0.003427 0.754025 0.656837 0.552700 -0.470800 1 43 1.000000
handle_uvw
  43 0.583441 -27.296644 69.409622 0.404596 0.290196 0.867230 0.298100 -0.326100 1 43 1.000000
  43 0.768414 -27.326317 69.200691 0.762719 0.266011 0.589489 0.222800 -0.342600 1 43 1.000000
  43 0.583708 -26.163509 68.637825 0.405569 0.614338 0.676832 0.298100 -0.458600 1 43 1.000000
handle_uvw
  43 0.768713 -26.143816 68.333282 0.748325 0.474250 0.463785 0.222800 -0.486200 1 43 1.000000
  43 0.583708 -26.163509 68.637825 0.405569 0.614338 0.676832 0.298100 -0.458600 1 43 1.000000
  43 0.768414 -27.326317 69.200691 0.762719 0.266011 0.589489 0.222800 -0.342600 1 43 1.000000
handle_uvw
  43 0.583708 -26.163509 68.637825 0.405569 0.614338 0.676832 0.298100 -0.458600 1 43 1.000000
  43 0.768713 -26.143816 68.333282 0.748325 0.474250 0.463785 0.222800 -0.486200 1 43 1.000000
  43 0.584165 -25.028767 67.313133 0.306700 0.789243 0.532006 0.298100 -0.639200 1 43 1.000000
handle_uvw
  43 0.769088 -25.244289 67.246170 0.758676 0.569498 0.316359 0.222800 -0.632700 1 43 1.000000
  43 0.584165 -25.028767 67.313133 0.306700 0.789243 0.532006 0.298100 -0.639200 1 43 1.000000
  43 0.768713 -26.143816 68.333282 0.748325 0.474250 0.463785 0.222800 -0.486200 1 43 1.000000
handle_uvw
  43 0.584165 -25.028767 67.313133 0.306700 0.789243 0.532006 0.298100 -0.639200 1 43 1.000000
  43 0.769088 -25.244289 67.246170 0.758676 0.569498 0.316359 0.222800 -0.632700 1 43 1.000000
  43 0.584631 -24.445833 65.962639 0.422704 0.868874 0.257641 0.298100 -0.790400 1 43 1.000000
handle_uvw
  43 0.769533 -24.672234 65.959579 0.755244 0.632462 0.172043 0.222800 -0.777600 1 43 1.000000
  43 0.584631 -24.445833 65.962639 0.422704 0.868874 0.257641 0.298100 -0.790400 1 43 1.000000
  43 0.769088 -25.244289 67.246170 0.758676 0.569498 0.316359 0.222800 -0.632700 1 43 1.000000
handle_uvw
  43 0.584631 -24.445833 65.962639 0.422704 0.868874 0.257641 0.298100 -0.790400 1 43 1.000000
  43 0.769533 -24.672234 65.959579 0.755244 0.632462 0.172043 0.222800 -0.777600 1 43 1.000000
  43 0.585139 -24.176342 64.493347 0.418905 0.908016 0.005031 0.298100 -0.933800 1 43 1.000000
handle_uvw
  43 0.770036 -24.386637 64.500580 0.751102 0.659787 -0.022968 0.222800 -0.921100 1 43 1.000000
  43 0.585139 -24.176342 64.493347 0.418905 0.908016 0.005031 0.298100 -0.933800 1 43 1.000000
  43 0.769533 -24.672234 65.959579 0.755244 0.632462 0.172043 0.222800 -0.777600 1 43 1.000000
handle_uvw
  43 0.585139 -24.176342 64.493347 0.418905 0.908016 0.005031 0.298100 -0.933800 1 43 1.000000
  43 0.770036 -24.386637 64.500580 0.751102 0.659787 -0.022968 0.222800 -0.921100 1 43 1.000000
  43 0.585411 -24.295412 63.704788 0.414479 0.755131 -0.507922 0.298100 -0.995600 1 43 1.000000
handle_uvw
  43 0.770286 -24.495888 63.777122 0.689207 0.610741 -0.389857 0.222800 -0.977800 1 43 1.000000
  43 0.585411 -24.295412 63.704788 0.414479 0.755131 -0.507922 0.298100 -0.995600 1 43 1.000000
  43 0.770036 -24.386637 64.500580 0.751102 0.659787 -0.022968 0.222800 -0.921100 1 43 1.000000
handle_uvw
  43 0.585411 -24.295412 63.704788 0.414479 0.755131 -0.507922 0.298100 -0.995600 1 43 1.000000
  43 0.770286 -24.495888 63.777122 0.689207 0.610741 -0.389857 0.222800 -0.977800 1 43 1.000000
  43 0.585486 -24.554789 63.488773 0.457820 0.604568 -0.651843 0.298100 -0.999500 1 43 1.000000
handle_uvw
  43 0.770350 -24.632452 63.591267 0.566196 0.593200 -0.572307 0.222800 -0.986100 1 43 1.000000
  43 0.585486 -24.554789 63.488773 0.457820 0.604568 -0.651843 0.298100 -0.999500 1 43 1.000000
  43 0.770286 -24.495888 63.777122 0.689207 0.610741 -0.389857 0.222800 -0.977800 1 43 1.000000
handle_uvw
  43 0.585486 -24.554789 63.488773 0.457820 0.604568 -0.651843 0.298100 -0.999500 1 43 1.000000
  43 0.770350 -24.632452 63.591267 0.566196 0.593200 -0.572307 0.222800 -0.986100 1 43 1.000000
  43 0.770386 -24.763788 63.487812 0.570740 0.508293 -0.644898 0.222800 -0.987600 1 43 1.000000
handle_uvw
  43 -0.588113 -24.763788 63.487343 -0.302437 0.561940 -0.769906 0.775900 -0.987600 1 43 1.000000
  43 0.585411 -24.295412 63.704788 0.414479 0.755131 -0.507922 0.298100 -0.995600 1 43 1.000000
  43 0.585486 -24.554789 63.488773 0.457820 0.604568 -0.651843 0.298100 -0.999500 1 43 1.000000
handle_uvw
  43 -0.588113 -24.763788 63.487343 -0.302437 0.561940 -0.769906 0.775900 -0.987600 1 43 1.000000
  43 -0.403189 -24.295412 63.704445 -0.434672 0.823071 -0.365533 0.700600 -0.995600 1 43 1.000000
  43 0.585411 -24.295412 63.704788 0.414479 0.755131 -0.507922 0.298100 -0.995600 1 43 1.000000
handle_uvw
  43 -0.403189 -24.295412 63.704445 -0.434672 0.823071 -0.365533 0.700600 -0.995600 1 43 1.000000
  43 0.585139 -24.176342 64.493347 0.418905 0.908016 0.005031 0.298100 -0.933800 1 43 1.000000
  43 0.585411 -24.295412 63.704788 0.414479 0.755131 -0.507922 0.298100 -0.995600 1 43 1.000000
handle_uvw
  43 -0.403189 -24.295412 63.704445 -0.434672 0.823071 -0.365533 0.700600 -0.995600 1 43 1.000000
  43 -0.403461 -24.176342 64.493004 -0.418400 0.905873 0.065839 0.700600 -0.933800 1 43 1.000000
  43 0.585139 -24.176342 64.493347 0.418905 0.908016 0.005031 0.298100 -0.933800 1 43 1.000000
handle_uvw
  43 -0.403461 -24.176342 64.493004 -0.418400 0.905873 0.065839 0.700600 -0.933800 1 43 1.000000
  43 0.584631 -24.445833 65.962639 0.422704 0.868874 0.257641 0.298100 -0.790400 1 43 1.000000
  43 0.585139 -24.176342 64.493347 0.418905 0.908016 0.005031 0.298100 -0.933800 1 43 1.000000
handle_uvw
  43 -0.403461 -24.176342 64.493004 -0.418400 0.905873 0.065839 0.700600 -0.933800 1 43 1.000000
  43 -0.403968 -24.445833 65.962296 -0.422619 0.856237 0.297070 0.700600 -0.790400 1 43 1.000000
  43 0.584631 -24.445833 65.962639 0.422704 0.868874 0.257641 0.298100 -0.790400 1 43 1.000000
handle_uvw
  43 -0.403968 -24.445833 65.962296 -0.422619 0.856237 0.297070 0.700600 -0.790400 1 43 1.000000
  43 0.584165 -25.028767 67.313133 0.306700 0.789243 0.532006 0.298100 -0.639200 1 43 1.000000
  43 0.584631 -24.445833 65.962639 0.422704 0.868874 0.257641 0.298100 -0.790400 1 43 1.000000
handle_uvw
  43 -0.403968 -24.445833 65.962296 -0.422619 0.856237 0.297070 0.700600 -0.790400 1 43 1.000000
  43 -0.404435 -25.028767 67.312790 -0.411179 0.748479 0.520299 0.700600 -0.639200 1 43 1.000000
  43 0.584165 -25.028767 67.313133 0.306700 0.789243 0.532006 0.298100 -0.639200 1 43 1.000000
handle_uvw
  43 -0.041662 -26.083040 68.550789 -0.003427 0.754025 0.656837 0.552700 -0.470800 1 43 1.000000
  43 0.584165 -25.028767 67.313133 0.306700 0.789243 0.532006 0.298100 -0.639200 1 43 1.000000
  43 -0.404435 -25.028767 67.312790 -0.411179 0.748479 0.520299 0.700600 -0.639200 1 43 1.000000
handle_uvw
  43 -0.041662 -26.083040 68.550789 -0.003427 0.754025 0.656837 0.552700 -0.470800 1 43 1.000000
  43 -0.404435 -25.028767 67.312790 -0.411179 0.748479 0.520299 0.700600 -0.639200 1 43 1.000000
  43 -0.404892 -26.163509 68.637489 -0.405953 0.614363 0.676580 0.700600 -0.458600 1 43 1.000000
handle_uvw
  43 -0.125692 -26.163509 68.637581 -0.000270 0.623391 0.781910 0.586900 -0.458600 1 43 1.000000
  43 -0.041662 -26.083040 68.550789 -0.003427 0.754025 0.656837 0.552700 -0.470800 1 43 1.000000
  43 -0.404892 -26.163509 68.637489 -0.405953 0.614363 0.676580 0.700600 -0.458600 1 43 1.000000
handle_uvw
  43 -0.125692 -26.163509 68.637581 -0.000270 0.623391 0.781910 0.586900 -0.458600 1 43 1.000000
  43 -0.404892 -26.163509 68.637489 -0.405953 0.614363 0.676580 0.700600 -0.458600 1 43 1.000000
  43 -0.405158 -27.296644 69.409279 -0.405195 0.290196 0.866950 0.700600 -0.326100 1 43 1.000000
handle_uvw
  43 -0.125692 -26.163509 68.637581 -0.000270 0.623391 0.781910 0.586900 -0.458600 1 43 1.000000
  43 -0.405158 -27.296644 69.409279 -0.405195 0.290196 0.866950 0.700600 -0.326100 1 43 1.000000
  43 -0.125958 -27.296644 69.409378 -0.000339 0.195532 0.980697 0.586900 -0.326100 1 43 1.000000
handle_uvw
  43 -0.125958 -27.296644 69.409378 -0.000339 0.195532 0.980697 0.586900 -0.326100 1 43 1.000000
  43 -0.405158 -27.296644 69.409279 -0.405195 0.290196 0.866950 0.700600 -0.326100 1 43 1.000000
  43 -0.405159 -28.085243 69.409554 -0.379505 0.139612 0.914595 0.700600 -0.280700 1 43 1.000000
handle_uvw
  43 -0.125958 -27.296644 69.409378 -0.000339 0.195532 0.980697 0.586900 -0.326100 1 43 1.000000
  43 -0.405159 -28.085243 69.409554 -0.379505 0.139612 0.914595 0.700600 -0.280700 1 43 1.000000
  43 -0.125959 -28.085243 69.409645 -0.000338 0.199934 0.979809 0.586900 -0.280700 1 43 1.000000
handle_uvw
  43 -0.125959 -28.085243 69.409645 -0.000338 0.199934 0.979809 0.586900 -0.280700 1 43 1.000000
  43 -0.405159 -28.085243 69.409554 -0.379505 0.139612 0.914595 0.700600 -0.280700 1 43 1.000000
  43 -0.405226 -28.711676 69.604263 -0.392900 0.426002 0.814955 0.700600 -0.227700 1 43 1.000000
handle_uvw
  43 -0.125959 -28.085243 69.409645 -0.000338 0.199934 0.979809 0.586900 -0.280700 1 43 1.000000
  43 -0.405226 -28.711676 69.604263 -0.392900 0.426002 0.814955 0.700600 -0.227700 1 43 1.000000
  43 -0.126026 -28.711676 69.604362 -0.000291 0.536183 0.844101 0.586900 -0.227700 1 43 1.000000
handle_uvw
  43 -0.126026 -28.711676 69.604362 -0.000291 0.536183 0.844101 0.586900 -0.227700 1 43 1.000000
  43 -0.405226 -28.711676 69.604263 -0.392900 0.426002 0.814955 0.700600 -0.227700 1 43 1.000000
  43 -0.405379 -29.240923 70.047348 -0.425310 0.674711 0.603222 0.700600 -0.158600 1 43 1.000000
handle_uvw
  43 -0.405158 -27.296644 69.409279 -0.405195 0.290196 0.866950 0.700600 -0.326100 1 43 1.000000
  43 -0.404892 -26.163509 68.637489 -0.405953 0.614363 0.676580 0.700600 -0.458600 1 43 1.000000
  43 -0.590086 -27.326317 69.200226 -0.763126 0.266011 0.588962 0.775900 -0.342600 1 43 1.000000
handle_uvw
  43 -0.589787 -26.143816 68.332809 -0.748645 0.474251 0.463268 0.775900 -0.486200 1 43 1.000000
  43 -0.590086 -27.326317 69.200226 -0.763126 0.266011 0.588962 0.775900 -0.342600 1 43 1.000000
  43 -0.404892 -26.163509 68.637489 -0.405953 0.614363 0.676580 0.700600 -0.458600 1 43 1.000000
handle_uvw
  43 -0.404892 -26.163509 68.637489 -0.405953 0.614363 0.676580 0.700600 -0.458600 1 43 1.000000
  43 -0.404435 -25.028767 67.312790 -0.411179 0.748479 0.520299 0.700600 -0.639200 1 43 1.000000
  43 -0.589787 -26.143816 68.332809 -0.748645 0.474251 0.463268 0.775900 -0.486200 1 43 1.000000
handle_uvw
  43 -0.589411 -25.244289 67.245705 -0.758894 0.569498 0.315835 0.775900 -0.632700 1 43 1.000000
  43 -0.589787 -26.143816 68.332809 -0.748645 0.474251 0.463268 0.775900 -0.486200 1 43 1.000000
  43 -0.404435 -25.028767 67.312790 -0.411179 0.748479 0.520299 0.700600 -0.639200 1 43 1.000000
handle_uvw
  43 -0.404435 -25.028767 67.312790 -0.411179 0.748479 0.520299 0.700600 -0.639200 1 43 1.000000
  43 -0.403968 -24.445833 65.962296 -0.422619 0.856237 0.297070 0.700600 -0.790400 1 43 1.000000
  43 -0.589411 -25.244289 67.245705 -0.758894 0.569498 0.315835 0.775900 -0.632700 1 43 1.000000
handle_uvw
  43 -0.588967 -24.672234 65.959106 -0.755362 0.632462 0.171521 0.775900 -0.777600 1 43 1.000000
  43 -0.589411 -25.244289 67.245705 -0.758894 0.569498 0.315835 0.775900 -0.632700 1 43 1.000000
  43 -0.403968 -24.445833 65.962296 -0.422619 0.856237 0.297070 0.700600 -0.790400 1 43 1.000000
handle_uvw
  43 -0.403968 -24.445833 65.962296 -0.422619 0.856237 0.297070 0.700600 -0.790400 1 43 1.000000
  43 -0.403461 -24.176342 64.493004 -0.418400 0.905873 0.065839 0.700600 -0.933800 1 43 1.000000
  43 -0.588967 -24.672234 65.959106 -0.755362 0.632462 0.171521 0.775900 -0.777600 1 43 1.000000
handle_uvw
  43 -0.588463 -24.386637 64.500107 -0.751086 0.659787 -0.023487 0.775900 -0.921100 1 43 1.000000
  43 -0.588967 -24.672234 65.959106 -0.755362 0.632462 0.171521 0.775900 -0.777600 1 43 1.000000
  43 -0.403461 -24.176342 64.493004 -0.418400 0.905873 0.065839 0.700600 -0.933800 1 43 1.000000
handle_uvw
  43 -0.403461 -24.176342 64.493004 -0.418400 0.905873 0.065839 0.700600 -0.933800 1 43 1.000000
  43 -0.403189 -24.295412 63.704445 -0.434672 0.823071 -0.365533 0.700600 -0.995600 1 43 1.000000
  43 -0.588463 -24.386637 64.500107 -0.751086 0.659787 -0.023487 0.775900 -0.921100 1 43 1.000000
handle_uvw
  43 -0.588214 -24.495888 63.776653 -0.753208 0.591106 -0.288567 0.775900 -0.977800 1 43 1.000000
  43 -0.588463 -24.386637 64.500107 -0.751086 0.659787 -0.023487 0.775900 -0.921100 1 43 1.000000
  43 -0.403189 -24.295412 63.704445 -0.434672 0.823071 -0.365533 0.700600 -0.995600 1 43 1.000000
handle_uvw
  43 -0.403189 -24.295412 63.704445 -0.434672 0.823071 -0.365533 0.700600 -0.995600 1 43 1.000000
  43 -0.588113 -24.763788 63.487343 -0.302437 0.561940 -0.769906 0.775900 -0.987600 1 43 1.000000
  43 -0.588214 -24.495888 63.776653 -0.753208 0.591106 -0.288567 0.775900 -0.977800 1 43 1.000000
handle_uvw
  43 -0.126026 -28.711676 69.604362 -0.000291 0.536183 0.844101 0.586900 -0.227700 1 43 1.000000
  43 -0.405379 -29.240923 70.047348 -0.425310 0.674711 0.603222 0.700600 -0.158600 1 43 1.000000
  43 -0.126179 -29.240923 70.047447 -0.000209 0.796727 0.604339 0.586900 -0.158600 1 43 1.000000
handle_uvw
  43 -0.126179 -29.240923 70.047447 -0.000209 0.796727 0.604339 0.586900 -0.158600 1 43 1.000000
  43 -0.405379 -29.240923 70.047348 -0.425310 0.674711 0.603222 0.700600 -0.158600 1 43 1.000000
  43 -0.405573 -29.575630 70.609261 -0.348925 0.871934 0.343484 0.700600 -0.090400 1 43 1.000000
handle_uvw
  43 -0.126179 -29.240923 70.047447 -0.000209 0.796727 0.604339 0.586900 -0.158600 1 43 1.000000
  43 -0.405573 -29.575630 70.609261 -0.348925 0.871934 0.343484 0.700600 -0.090400 1 43 1.000000
  43 -0.126373 -29.575630 70.609360 -0.000088 0.966686 0.255965 0.586900 -0.090400 1 43 1.000000
handle_uvw
  43 -0.126373 -29.575630 70.609360 -0.000088 0.966686 0.255965 0.586900 -0.090400 1 43 1.000000
  43 -0.405573 -29.575630 70.609261 -0.348925 0.871934 0.343484 0.700600 -0.090400 1 43 1.000000
  43 -0.405726 -29.629475 71.052177 -0.301031 0.664725 0.683755 0.700600 -0.048800 1 43 1.000000
handle_uvw
  43 -0.126373 -29.575630 70.609360 -0.000088 0.966686 0.255965 0.586900 -0.090400 1 43 1.000000
  43 -0.405726 -29.629475 71.052177 -0.301031 0.664725 0.683755 0.700600 -0.048800 1 43 1.000000
  43 -0.126526 -29.629475 71.052277 0.894590 0.296217 0.334609 0.586900 -0.048800 1 43 1.000000
handle_uvw
  43 -0.126526 -29.629475 71.052277 0.894590 0.296217 0.334609 0.586900 -0.048800 1 43 1.000000
  43 -0.405726 -29.629475 71.052177 -0.301031 0.664725 0.683755 0.700600 -0.048800 1 43 1.000000
  43 -0.126526 -30.018375 71.052414 0.706863 0.000244 0.707351 0.586900 -0.026400 1 43 1.000000
handle_uvw
  43 -0.126526 -30.018375 71.052414 0.706863 0.000244 0.707351 0.586900 -0.026400 1 43 1.000000
  43 -0.405726 -29.629475 71.052177 -0.301031 0.664725 0.683755 0.700600 -0.048800 1 43 1.000000
  43 -0.590726 -29.987875 71.052238 -0.000345 0.000345 1.000000 0.775900 -0.028100 1 43 1.000000
handle_uvw
  43 -0.405726 -29.629475 71.052177 -0.301031 0.664725 0.683755 0.700600 -0.048800 1 43 1.000000
  43 -0.590726 -29.838476 71.052185 -0.508457 0.449957 0.734173 0.775900 -0.036700 1 43 1.000000
  43 -0.590726 -29.987875 71.052238 -0.000345 0.000345 1.000000 0.775900 -0.028100 1 43 1.000000
handle_uvw
  43 -0.405726 -29.629475 71.052177 -0.301031 0.664725 0.683755 0.700600 -0.048800 1 43 1.000000
  43 -0.590514 -29.765587 70.440361 -0.768170 0.602772 0.215825 0.775900 -0.094200 1 43 1.000000
  43 -0.590726 -29.838476 71.052185 -0.508457 0.449957 0.734173 0.775900 -0.036700 1 43 1.000000
handle_uvw
  43 -0.405726 -29.629475 71.052177 -0.301031 0.664725 0.683755 0.700600 -0.048800 1 43 1.000000
  43 -0.405573 -29.575630 70.609261 -0.348925 0.871934 0.343484 0.700600 -0.090400 1 43 1.000000
  43 -0.590514 -29.765587 70.440361 -0.768170 0.602772 0.215825 0.775900 -0.094200 1 43 1.000000
handle_uvw
  43 -0.405573 -29.575630 70.609261 -0.348925 0.871934 0.343484 0.700600 -0.090400 1 43 1.000000
  43 -0.405379 -29.240923 70.047348 -0.425310 0.674711 0.603222 0.700600 -0.158600 1 43 1.000000
  43 -0.590514 -29.765587 70.440361 -0.768170 0.602772 0.215825 0.775900 -0.094200 1 43 1.000000
handle_uvw
  43 -0.590323 -29.372780 69.885124 -0.747392 0.469281 0.470298 0.775900 -0.165100 1 43 1.000000
  43 -0.590514 -29.765587 70.440361 -0.768170 0.602772 0.215825 0.775900 -0.094200 1 43 1.000000
  43 -0.405379 -29.240923 70.047348 -0.425310 0.674711 0.603222 0.700600 -0.158600 1 43 1.000000
handle_uvw
  43 -0.405379 -29.240923 70.047348 -0.425310 0.674711 0.603222 0.700600 -0.158600 1 43 1.000000
  43 -0.405226 -28.711676 69.604263 -0.392900 0.426002 0.814955 0.700600 -0.227700 1 43 1.000000
  43 -0.590323 -29.372780 69.885124 -0.747392 0.469281 0.470298 0.775900 -0.165100 1 43 1.000000
handle_uvw
  43 -0.590194 -28.926308 69.511375 -0.721422 0.301218 0.623552 0.775900 -0.223400 1 43 1.000000
  43 -0.590323 -29.372780 69.885124 -0.747392 0.469281 0.470298 0.775900 -0.165100 1 43 1.000000
  43 -0.405226 -28.711676 69.604263 -0.392900 0.426002 0.814955 0.700600 -0.227700 1 43 1.000000
handle_uvw
  43 -0.405226 -28.711676 69.604263 -0.392900 0.426002 0.814955 0.700600 -0.227700 1 43 1.000000
  43 -0.405159 -28.085243 69.409554 -0.379505 0.139612 0.914595 0.700600 -0.280700 1 43 1.000000
  43 -0.590194 -28.926308 69.511375 -0.721422 0.301218 0.623552 0.775900 -0.223400 1 43 1.000000
handle_uvw
  43 -0.590098 -28.223206 69.233536 -0.738014 0.088929 0.668899 0.775900 -0.288100 1 43 1.000000
  43 -0.590194 -28.926308 69.511375 -0.721422 0.301218 0.623552 0.775900 -0.223400 1 43 1.000000
  43 -0.405159 -28.085243 69.409554 -0.379505 0.139612 0.914595 0.700600 -0.280700 1 43 1.000000
handle_uvw
  43 -0.405159 -28.085243 69.409554 -0.379505 0.139612 0.914595 0.700600 -0.280700 1 43 1.000000
  43 -0.405158 -27.296644 69.409279 -0.405195 0.290196 0.866950 0.700600 -0.326100 1 43 1.000000
  43 -0.590098 -28.223206 69.233536 -0.738014 0.088929 0.668899 0.775900 -0.288100 1 43 1.000000
handle_uvw
  43 -0.590086 -27.326317 69.200226 -0.763126 0.266011 0.588962 0.775900 -0.342600 1 43 1.000000
  43 -0.590098 -28.223206 69.233536 -0.738014 0.088929 0.668899 0.775900 -0.288100 1 43 1.000000
  43 -0.405158 -27.296644 69.409279 -0.405195 0.290196 0.866950 0.700600 -0.326100 1 43 1.000000
handle_uvw
  43 0.315714 -30.122915 70.936996 -0.000337 0.218443 0.975850 0.406900 -0.030400 1 43 1.000000
  43 -0.126457 -29.753044 70.854027 -0.000337 0.218443 0.975850 0.586900 -0.058900 1 43 1.000000
  43 -0.126486 -30.122915 70.936844 -0.000337 0.218443 0.975850 0.586900 -0.030400 1 43 1.000000
handle_uvw
  43 0.315714 -30.122915 70.936996 -0.000337 0.218443 0.975850 0.406900 -0.030400 1 43 1.000000
  43 0.315743 -29.753044 70.854179 -0.000337 0.218443 0.975850 0.406900 -0.058900 1 43 1.000000
  43 -0.126457 -29.753044 70.854027 -0.000337 0.218443 0.975850 0.586900 -0.058900 1 43 1.000000
handle_uvw
  43 -0.126457 -29.753044 70.854027 -0.000018 0.998565 0.053558 0.586900 -0.058900 1 43 1.000000
  43 0.315743 -29.753044 70.854179 -0.000018 0.998565 0.053558 0.406900 -0.058900 1 43 1.000000
  43 0.315917 -29.725920 70.347862 -0.000018 0.998565 0.053558 0.406900 -0.104600 1 43 1.000000
handle_uvw
  43 0.315917 -29.725920 70.347862 -0.000018 0.998565 0.053558 0.406900 -0.104600 1 43 1.000000
  43 -0.126283 -29.725920 70.347710 -0.000018 0.998565 0.053558 0.586900 -0.104600 1 43 1.000000
  43 -0.126457 -29.753044 70.854027 -0.000018 0.998565 0.053558 0.586900 -0.058900 1 43 1.000000
handle_uvw
  43 0.315917 -29.725920 70.347862 -0.000042 0.992681 0.120762 0.406900 -0.104600 1 43 1.000000
  43 -0.126130 -29.672071 69.904793 -0.000060 0.984858 0.173360 0.586900 -0.146200 1 43 1.000000
  43 -0.126283 -29.725920 70.347710 -0.000042 0.992681 0.120762 0.586900 -0.104600 1 43 1.000000
handle_uvw
  43 0.315917 -29.725920 70.347862 -0.000042 0.992681 0.120762 0.406900 -0.104600 1 43 1.000000
  43 0.316070 -29.672071 69.904945 -0.000078 0.974204 0.225669 0.406900 -0.146200 1 43 1.000000
  43 -0.126130 -29.672071 69.904793 -0.000060 0.984858 0.173360 0.586900 -0.146200 1 43 1.000000
handle_uvw
  43 0.316070 -29.672071 69.904945 -0.000078 0.974204 0.225669 0.406900 -0.146200 1 43 1.000000
  43 -0.125729 -29.337572 68.745178 -0.000158 0.888916 0.458071 0.586900 -0.266400 1 43 1.000000
  43 -0.126130 -29.672071 69.904793 -0.000060 0.984858 0.173360 0.586900 -0.146200 1 43 1.000000
handle_uvw
  43 0.316070 -29.672071 69.904945 -0.000078 0.974204 0.225669 0.406900 -0.146200 1 43 1.000000
  43 0.316471 -29.337572 68.745331 -0.000217 0.778376 0.627798 0.406900 -0.266400 1 43 1.000000
  43 -0.125729 -29.337572 68.745178 -0.000158 0.888916 0.458071 0.586900 -0.266400 1 43 1.000000
handle_uvw
  43 0.316471 -29.337572 68.745331 -0.000217 0.778376 0.627798 0.406900 -0.266400 1 43 1.000000
  43 -0.125576 -28.808325 68.302094 -0.000291 0.536183 0.844101 0.586900 -0.335500 1 43 1.000000
  43 -0.125729 -29.337572 68.745178 -0.000158 0.888916 0.458071 0.586900 -0.266400 1 43 1.000000
handle_uvw
  43 0.316471 -29.337572 68.745331 -0.000217 0.778376 0.627798 0.406900 -0.266400 1 43 1.000000
  43 0.316624 -28.808325 68.302246 -0.000313 0.419105 0.907937 0.406900 -0.335500 1 43 1.000000
  43 -0.125576 -28.808325 68.302094 -0.000291 0.536183 0.844101 0.586900 -0.335500 1 43 1.000000
handle_uvw
  43 0.316624 -28.808325 68.302246 -0.000313 0.419105 0.907937 0.406900 -0.335500 1 43 1.000000
  43 -0.125509 -28.181892 68.107483 -0.000338 0.199934 0.979809 0.586900 -0.388500 1 43 1.000000
  43 -0.125576 -28.808325 68.302094 -0.000291 0.536183 0.844101 0.586900 -0.335500 1 43 1.000000
handle_uvw
  43 0.316624 -28.808325 68.302246 -0.000313 0.419105 0.907937 0.406900 -0.335500 1 43 1.000000
  43 0.316691 -28.181892 68.107635 -0.000343 0.100144 0.994973 0.406900 -0.388500 1 43 1.000000
  43 -0.125509 -28.181892 68.107483 -0.000338 0.199934 0.979809 0.586900 -0.388500 1 43 1.000000
handle_uvw
  43 0.316691 -28.181892 68.107635 -0.000343 0.100144 0.994973 0.406900 -0.388500 1 43 1.000000
  43 -0.125509 -27.393291 68.107208 -0.000345 0.050946 0.998701 0.586900 -0.433900 1 43 1.000000
  43 -0.125509 -28.181892 68.107483 -0.000338 0.199934 0.979809 0.586900 -0.388500 1 43 1.000000
handle_uvw
  43 0.316691 -28.181892 68.107635 -0.000343 0.100144 0.994973 0.406900 -0.388500 1 43 1.000000
  43 0.316691 -27.393291 68.107361 -0.002943 0.100639 0.994919 0.406900 -0.433900 1 43 1.000000
  43 -0.125509 -27.393291 68.107208 -0.000345 0.050946 0.998701 0.586900 -0.433900 1 43 1.000000
handle_uvw
  43 0.316691 -27.393291 68.107361 -0.002943 0.100639 0.994919 0.406900 -0.433900 1 43 1.000000
  43 -0.125449 -26.260054 67.933121 -0.004241 0.150338 0.988625 0.586900 -0.514400 1 43 1.000000
  43 -0.125509 -27.393291 68.107208 -0.000345 0.050946 0.998701 0.586900 -0.433900 1 43 1.000000
handle_uvw
  43 0.316691 -27.393291 68.107361 -0.002943 0.100639 0.994919 0.406900 -0.433900 1 43 1.000000
  43 0.316750 -26.250454 67.935265 -0.008141 0.148839 0.988828 0.406900 -0.514700 1 43 1.000000
  43 -0.125449 -26.260054 67.933121 -0.004241 0.150338 0.988625 0.586900 -0.514400 1 43 1.000000
handle_uvw
  43 0.316750 -26.250454 67.935265 0.019509 -0.964038 0.265048 0.406900 -0.514700 1 43 1.000000
  43 0.227038 -26.083040 68.550880 0.019509 -0.964038 0.265048 0.443400 -0.470800 1 43 1.000000
  43 -0.125449 -26.260054 67.933121 0.019509 -0.964038 0.265048 0.586900 -0.514400 1 43 1.000000
handle_uvw
  43 0.227038 -26.083040 68.550880 0.019509 -0.964038 0.265048 0.443400 -0.470800 1 43 1.000000
  43 -0.041662 -26.083040 68.550789 -0.000095 -0.961319 0.275436 0.552700 -0.470800 1 43 1.000000
  43 -0.125449 -26.260054 67.933121 0.019509 -0.964038 0.265048 0.586900 -0.514400 1 43 1.000000
barrel_cyl
  45 0.181875 -41.682877 71.339554 0.706863 0.000244 0.707351 0.985200 -0.018000 1 45 1.000000
  45 0.182002 -41.683002 70.971649 1.000000 0.000000 0.000345 0.979100 -0.018000 1 45 1.000000
  45 0.182002 -36.859501 70.969986 0.894427 0.447214 0.000154 0.979100 -0.967900 1 45 1.000000
barrel_cyl
  45 0.182002 -36.859501 70.969986 0.894427 0.447214 0.000154 0.979100 -0.967900 1 45 1.000000
  45 0.181875 -36.859375 71.337891 0.408074 0.816671 0.408074 0.985200 -0.967900 1 45 1.000000
  45 0.181875 -41.682877 71.339554 0.706863 0.000244 0.707351 0.985200 -0.018000 1 45 1.000000
barrel_cyl
  45 -0.960869 -41.772232 69.729088 -0.991402 -0.000045 -0.130849 0.304800 -0.000500 1 45 1.000000
  45 -0.997064 -41.772137 70.003380 -0.999055 0.000015 0.043457 0.264100 -0.000500 1 45 1.000000
  45 -0.997064 -39.889938 70.002724 -1.000000 0.000000 -0.000345 0.264100 -0.371200 1 45 1.000000
barrel_cyl
  45 -0.997064 -41.772137 70.003380 -0.999055 0.000015 0.043457 0.264100 -0.000500 1 45 1.000000
  45 -0.961058 -39.889843 70.276939 -0.976421 0.000075 0.215873 0.222400 -0.371200 1 45 1.000000
  45 -0.997064 -39.889938 70.002724 -1.000000 0.000000 -0.000345 0.264100 -0.371200 1 45 1.000000
barrel_cyl
  45 -0.997064 -41.772137 70.003380 -0.999055 0.000015 0.043457 0.264100 -0.000500 1 45 1.000000
  45 -0.961059 -41.772041 70.277588 -0.953763 0.000104 0.300558 0.222400 -0.000500 1 45 1.000000
  45 -0.961058 -39.889843 70.276939 -0.976421 0.000075 0.215873 0.222400 -0.371200 1 45 1.000000
barrel_cyl
  45 -0.961059 -41.772041 70.277588 -0.953763 0.000104 0.300558 0.222400 -0.000500 1 45 1.000000
  45 -0.855347 -39.889755 70.532578 -0.887291 0.000159 0.461210 0.179800 -0.371200 1 45 1.000000
  45 -0.961058 -39.889843 70.276939 -0.976421 0.000075 0.215873 0.222400 -0.371200 1 45 1.000000
barrel_cyl
  45 -0.961059 -41.772041 70.277588 -0.953763 0.000104 0.300558 0.222400 -0.000500 1 45 1.000000
  45 -0.855347 -41.771954 70.533226 -0.843460 0.000186 0.537192 0.179800 -0.000500 1 45 1.000000
  45 -0.855347 -39.889755 70.532578 -0.887291 0.000159 0.461210 0.179800 -0.371200 1 45 1.000000
barrel_cyl
  45 -0.855347 -41.771954 70.533226 -0.843460 0.000186 0.537192 0.179800 -0.000500 1 45 1.000000
  45 -0.687022 -39.889679 70.752029 -0.737661 0.000233 0.675171 0.136100 -0.371200 1 45 1.000000
  45 -0.855347 -39.889755 70.532578 -0.887291 0.000159 0.461210 0.179800 -0.371200 1 45 1.000000
barrel_cyl
  45 -0.855347 -41.771954 70.533226 -0.843460 0.000186 0.537192 0.179800 -0.000500 1 45 1.000000
  45 -0.687023 -41.771877 70.752686 -0.675680 0.000255 0.737195 0.136100 -0.000500 1 45 1.000000
  45 -0.687022 -39.889679 70.752029 -0.737661 0.000233 0.675171 0.136100 -0.371200 1 45 1.000000
barrel_cyl
  45 -0.687023 -41.771877 70.752686 -0.675680 0.000255 0.737195 0.136100 -0.000500 1 45 1.000000
  45 -0.467581 -39.889622 70.920502 -0.537775 0.000291 0.843088 0.091600 -0.371200 1 45 1.000000
  45 -0.687022 -39.889679 70.752029 -0.737661 0.000233 0.675171 0.136100 -0.371200 1 45 1.000000
barrel_cyl
  45 -0.687023 -41.771877 70.752686 -0.675680 0.000255 0.737195 0.136100 -0.000500 1 45 1.000000
  45 -0.467581 -41.771820 70.921158 -0.461901 0.000306 0.886931 0.091600 -0.000500 1 45 1.000000
  45 -0.467581 -39.889622 70.920502 -0.537775 0.000291 0.843088 0.091600 -0.371200 1 45 1.000000
barrel_cyl
  45 -0.467581 -41.771820 70.921158 -0.461901 0.000306 0.886931 0.091600 -0.000500 1 45 1.000000
  45 -0.212117 -39.889584 71.026497 -0.301245 0.000329 0.953547 0.046400 -0.371200 1 45 1.000000
  45 -0.467581 -39.889622 70.920502 -0.537775 0.000291 0.843088 0.091600 -0.371200 1 45 1.000000
barrel_cyl
  45 -0.467581 -41.771820 70.921158 -0.461901 0.000306 0.886931 0.091600 -0.000500 1 45 1.000000
  45 -0.212118 -41.771782 71.027145 -0.216547 0.000337 0.976272 0.046400 -0.000500 1 45 1.000000
  45 -0.212117 -39.889584 71.026497 -0.301245 0.000329 0.953547 0.046400 -0.371200 1 45 1.000000
barrel_cyl
  45 -0.212118 -41.771782 71.027145 -0.216547 0.000337 0.976272 0.046400 -0.000500 1 45 1.000000
  45 0.062170 -39.889572 71.062683 -0.044147 0.000345 0.999025 0.000700 -0.371200 1 45 1.000000
  45 -0.212117 -39.889584 71.026497 -0.301245 0.000329 0.953547 0.046400 -0.371200 1 45 1.000000
barrel_cyl
  45 -0.212118 -41.771782 71.027145 -0.216547 0.000337 0.976272 0.046400 -0.000500 1 45 1.000000
  45 0.062170 -41.771770 71.063332 0.043457 0.000345 0.999055 0.000700 -0.000500 1 45 1.000000
  45 0.062170 -39.889572 71.062683 -0.044147 0.000345 0.999025 0.000700 -0.371200 1 45 1.000000
barrel_cyl
  45 0.062170 -41.771770 71.063332 0.043457 0.000345 0.999055 0.000700 -0.000500 1 45 1.000000
  45 0.336383 -39.889584 71.026688 0.215873 0.000337 0.976421 -0.045000 -0.371200 1 45 1.000000
  45 0.062170 -39.889572 71.062683 -0.044147 0.000345 0.999025 0.000700 -0.371200 1 45 1.000000
barrel_cyl
  45 0.062170 -41.771770 71.063332 0.043457 0.000345 0.999055 0.000700 -0.000500 1 45 1.000000
  45 0.336382 -41.771782 71.027336 0.300587 0.000329 0.953754 -0.045000 -0.000500 1 45 1.000000
  45 0.336383 -39.889584 71.026688 0.215873 0.000337 0.976421 -0.045000 -0.371200 1 45 1.000000
barrel_cyl
  43 -0.590021 -30.169481 69.010506 -0.000345 0.000345 1.000000 0.751000 -0.940200 1 43 1.000000
  43 0.768479 -31.778082 69.011528 -0.000345 0.000345 1.000000 0.495900 -0.438200 1 43 1.000000
  43 0.768479 -30.169481 69.010971 -0.000345 0.000345 1.000000 0.751000 -0.438200 1 43 1.000000
barrel_cyl
  43 -0.590021 -30.169481 69.010506 -0.000345 0.000345 1.000000 0.751000 -0.940200 1 43 1.000000
  43 0.768478 -33.335480 69.012062 -0.000345 0.000345 1.000000 0.249000 -0.438200 1 43 1.000000
  43 0.768479 -31.778082 69.011528 -0.000345 0.000345 1.000000 0.495900 -0.438200 1 43 1.000000
barrel_cyl
  43 -0.590021 -30.169481 69.010506 -0.000345 0.000345 1.000000 0.751000 -0.940200 1 43 1.000000
  43 -0.590021 -33.335480 69.011597 -0.000345 0.000345 1.000000 0.249000 -0.940200 1 43 1.000000
  43 0.768478 -33.335480 69.012062 -0.000345 0.000345 1.000000 0.249000 -0.438200 1 43 1.000000
barrel_cyl
  45 0.181875 -36.859375 71.337891 0.408074 0.816671 0.408074 -0.014800 -0.967900 1 45 1.000000
  45 0.182002 -36.859501 70.969986 0.894427 0.447214 0.000154 -0.020900 -0.967900 1 45 1.000000
  45 -0.072198 -36.859501 70.969894 0.000000 1.000000 -0.000345 0.025100 -0.967900 1 45 1.000000
barrel_cyl
  45 -0.072198 -36.859501 70.969894 0.000000 1.000000 -0.000345 0.025100 -0.967900 1 45 1.000000
  45 -0.072325 -36.859375 71.337799 -0.000309 0.447523 0.894272 0.017700 -0.967900 1 45 1.000000
  45 0.181875 -36.859375 71.337891 0.408074 0.816671 0.408074 -0.014800 -0.967900 1 45 1.000000
barrel_cyl
  45 0.181875 -41.682877 71.339554 0.706863 0.000244 0.707351 -0.014800 -0.018000 1 45 1.000000
  45 0.181875 -36.859375 71.337891 0.408074 0.816671 0.408074 -0.014800 -0.967900 1 45 1.000000
  45 -0.072325 -36.859375 71.337799 -0.000309 0.447523 0.894272 0.017700 -0.967900 1 45 1.000000
barrel_cyl
  45 -0.072325 -36.859375 71.337799 -0.000309 0.447523 0.894272 0.017700 -0.967900 1 45 1.000000
  45 -0.072325 -41.682877 71.339462 -0.000345 0.000345 1.000000 0.017700 -0.018000 1 45 1.000000
  45 0.181875 -41.682877 71.339554 0.706863 0.000244 0.707351 -0.014800 -0.018000 1 45 1.000000
barrel_cyl
  45 -0.186496 -40.059906 69.227661 0.358396 0.000322 0.933570 0.454800 -0.337800 1 45 1.000000
  45 -0.415336 -36.699863 69.343018 0.544006 0.000290 0.839081 0.409300 -0.999500 1 45 1.000000
  45 -0.415336 -40.059864 69.344185 0.629341 0.000268 0.777129 0.409300 -0.337800 1 45 1.000000
barrel_cyl
  45 -0.186496 -40.059906 69.227661 0.358396 0.000322 0.933570 0.454800 -0.337800 1 45 1.000000
  45 -0.186496 -36.699905 69.226501 0.258076 0.000334 0.966124 0.454800 -0.999500 1 45 1.000000
  45 -0.415336 -36.699863 69.343018 0.544006 0.000290 0.839081 0.409300 -0.999500 1 45 1.000000
barrel_cyl
  45 0.067218 -40.059921 69.187546 0.052356 0.000345 0.998628 0.500000 -0.337800 1 45 1.000000
  45 -0.186496 -36.699905 69.226501 0.258076 0.000334 0.966124 0.454800 -0.999500 1 45 1.000000
  45 -0.186496 -40.059906 69.227661 0.358396 0.000322 0.933570 0.454800 -0.337800 1 45 1.000000
barrel_cyl
  45 0.067218 -40.059921 69.187546 0.052356 0.000345 0.998628 0.500000 -0.337800 1 45 1.000000
  45 0.067218 -36.699921 69.186386 -0.053045 0.000345 0.998592 0.500000 -0.999500 1 45 1.000000
  45 -0.186496 -36.699905 69.226501 0.258076 0.000334 0.966124 0.454800 -0.999500 1 45 1.000000
barrel_cyl
  45 0.320804 -40.059906 69.227837 -0.258743 0.000334 0.965946 0.545200 -0.337800 1 45 1.000000
  45 0.067218 -36.699921 69.186386 -0.053045 0.000345 0.998592 0.500000 -0.999500 1 45 1.000000
  45 0.067218 -40.059921 69.187546 0.052356 0.000345 0.998628 0.500000 -0.337800 1 45 1.000000
barrel_cyl
  45 0.320804 -40.059906 69.227837 -0.258743 0.000334 0.965946 0.545200 -0.337800 1 45 1.000000
  45 0.320804 -36.699905 69.226677 -0.359040 0.000322 0.933322 0.545200 -0.999500 1 45 1.000000
  45 0.067218 -36.699921 69.186386 -0.053045 0.000345 0.998592 0.500000 -0.999500 1 45 1.000000
barrel_cyl
  45 0.549563 -40.059864 69.344513 -0.544585 0.000290 0.838705 0.590700 -0.337800 1 45 1.000000
  45 0.320804 -36.699905 69.226677 -0.359040 0.000322 0.933322 0.545200 -0.999500 1 45 1.000000
  45 0.320804 -40.059906 69.227837 -0.258743 0.000334 0.965946 0.545200 -0.337800 1 45 1.000000
barrel_cyl
  45 0.549563 -40.059864 69.344513 -0.544585 0.000290 0.838705 0.590700 -0.337800 1 45 1.000000
  45 0.549564 -36.699863 69.343353 -0.629878 0.000268 0.776694 0.590700 -0.999500 1 45 1.000000
  45 0.320804 -36.699905 69.226677 -0.359040 0.000322 0.933322 0.545200 -0.999500 1 45 1.000000
barrel_cyl
  45 0.731101 -40.059803 69.526176 -0.777129 0.000217 0.629341 0.636900 -0.337800 1 45 1.000000
  45 0.549564 -36.699863 69.343353 -0.629878 0.000268 0.776694 0.590700 -0.999500 1 45 1.000000
  45 0.549563 -40.059864 69.344513 -0.544585 0.000290 0.838705 0.590700 -0.337800 1 45 1.000000
barrel_cyl
  45 0.731101 -40.059803 69.526176 -0.777129 0.000217 0.629341 0.636900 -0.337800 1 45 1.000000
  45 0.731101 -36.699802 69.525017 -0.839081 0.000188 0.544006 0.636900 -0.999500 1 45 1.000000
  45 0.549564 -36.699863 69.343353 -0.629878 0.000268 0.776694 0.590700 -0.999500 1 45 1.000000
barrel_cyl
  45 0.847622 -40.059723 69.755020 -0.933570 0.000124 0.358395 0.684200 -0.337800 1 45 1.000000
  45 0.731101 -36.699802 69.525017 -0.839081 0.000188 0.544006 0.636900 -0.999500 1 45 1.000000
  45 0.731101 -40.059803 69.526176 -0.777129 0.000217 0.629341 0.636900 -0.337800 1 45 1.000000
barrel_cyl
  45 0.847622 -40.059723 69.755020 -0.933570 0.000124 0.358395 0.684200 -0.337800 1 45 1.000000
  45 0.847622 -36.699722 69.753860 -0.966125 0.000089 0.258076 0.684200 -0.999500 1 45 1.000000
  45 0.731101 -36.699802 69.525017 -0.839081 0.000188 0.544006 0.636900 -0.999500 1 45 1.000000
barrel_cyl
  45 0.887734 -40.059734 70.008728 -0.998628 0.000018 0.052356 0.732800 -0.337800 1 45 1.000000
  45 0.847622 -36.699722 69.753860 -0.966125 0.000089 0.258076 0.684200 -0.999500 1 45 1.000000
  45 0.847622 -40.059723 69.755020 -0.933570 0.000124 0.358395 0.684200 -0.337800 1 45 1.000000
barrel_cyl
  45 0.887734 -40.059734 70.008728 -0.998628 0.000018 0.052356 0.732800 -0.337800 1 45 1.000000
  45 0.887735 -36.699635 70.007568 -0.998592 -0.000018 -0.053045 0.732800 -0.999500 1 45 1.000000
  45 0.847622 -36.699722 69.753860 -0.966125 0.000089 0.258076 0.684200 -0.999500 1 45 1.000000
barrel_cyl
  45 0.847446 -40.059647 70.262321 -0.987640 -0.000054 -0.156740 0.783100 -0.337800 1 45 1.000000
  45 0.887735 -36.699635 70.007568 -0.998592 -0.000018 -0.053045 0.732800 -0.999500 1 45 1.000000
  45 0.887734 -40.059734 70.008728 -0.998628 0.000018 0.052356 0.732800 -0.337800 1 45 1.000000
barrel_cyl
  45 0.847446 -40.059647 70.262321 -0.987640 -0.000054 -0.156740 0.783100 -0.337800 1 45 1.000000
  45 0.847447 -36.699547 70.261162 -0.987640 -0.000054 -0.156740 0.783100 -0.999500 1 45 1.000000
  45 0.887735 -36.699635 70.007568 -0.998592 -0.000018 -0.053045 0.732800 -0.999500 1 45 1.000000
barrel_cyl
  45 0.066651 -40.059353 70.829247 -0.052356 -0.000345 -0.998628 0.000000 -0.337800 1 45 1.000000
  45 0.320265 -36.699368 70.788078 -0.156058 -0.000341 -0.987748 -0.055900 -0.999500 1 45 1.000000
  45 0.320265 -40.059368 70.789238 -0.156058 -0.000341 -0.987748 -0.055900 -0.337800 1 45 1.000000
barrel_cyl
  45 0.066651 -40.059353 70.829247 -0.052356 -0.000345 -0.998628 0.000000 -0.337800 1 45 1.000000
  45 0.066651 -36.699352 70.828087 0.053045 -0.000345 -0.998592 0.000000 -0.999500 1 45 1.000000
  45 0.320265 -36.699368 70.788078 -0.156058 -0.000341 -0.987748 -0.055900 -0.999500 1 45 1.000000
barrel_cyl
  45 -0.187035 -40.059368 70.789063 0.258743 -0.000334 -0.965946 0.055900 -0.337800 1 45 1.000000
  45 0.066651 -36.699352 70.828087 0.053045 -0.000345 -0.998592 0.000000 -0.999500 1 45 1.000000
  45 0.066651 -40.059353 70.829247 -0.052356 -0.000345 -0.998628 0.000000 -0.337800 1 45 1.000000
barrel_cyl
  45 -0.187035 -40.059368 70.789063 0.258743 -0.000334 -0.965946 0.055900 -0.337800 1 45 1.000000
  45 -0.187035 -36.699368 70.787903 0.359040 -0.000322 -0.933322 0.055900 -0.999500 1 45 1.000000
  45 0.066651 -36.699352 70.828087 0.053045 -0.000345 -0.998592 0.000000 -0.999500 1 45 1.000000
barrel_cyl
  45 -0.415795 -40.059406 70.672379 0.544585 -0.000290 -0.838705 0.111100 -0.337800 1 45 1.000000
  45 -0.187035 -36.699368 70.787903 0.359040 -0.000322 -0.933322 0.055900 -0.999500 1 45 1.000000
  45 -0.187035 -40.059368 70.789063 0.258743 -0.000334 -0.965946 0.055900 -0.337800 1 45 1.000000
barrel_cyl
  45 -0.415795 -40.059406 70.672379 0.544585 -0.000290 -0.838705 0.111100 -0.337800 1 45 1.000000
  45 -0.415794 -36.699406 70.671219 0.629878 -0.000268 -0.776694 0.111100 -0.999500 1 45 1.000000
  45 -0.187035 -36.699368 70.787903 0.359040 -0.000322 -0.933322 0.055900 -0.999500 1 45 1.000000
barrel_cyl
  45 -0.597332 -40.059471 70.490715 0.777129 -0.000217 -0.629341 0.164900 -0.337800 1 45 1.000000
  45 -0.415794 -36.699406 70.671219 0.629878 -0.000268 -0.776694 0.111100 -0.999500 1 45 1.000000
  45 -0.415795 -40.059406 70.672379 0.544585 -0.000290 -0.838705 0.111100 -0.337800 1 45 1.000000
barrel_cyl
  45 -0.597332 -40.059471 70.490715 0.777129 -0.000217 -0.629341 0.164900 -0.337800 1 45 1.000000
  45 -0.597332 -36.699471 70.489555 0.839081 -0.000188 -0.544006 0.164900 -0.999500 1 45 1.000000
  45 -0.415794 -36.699406 70.671219 0.629878 -0.000268 -0.776694 0.111100 -0.999500 1 45 1.000000
barrel_cyl
  45 -0.713853 -40.059547 70.261780 0.933570 -0.000124 -0.358395 0.216900 -0.337800 1 45 1.000000
  45 -0.597332 -36.699471 70.489555 0.839081 -0.000188 -0.544006 0.164900 -0.999500 1 45 1.000000
  45 -0.597332 -40.059471 70.490715 0.777129 -0.000217 -0.629341 0.164900 -0.337800 1 45 1.000000
barrel_cyl
  45 -0.713853 -40.059547 70.261780 0.933570 -0.000124 -0.358395 0.216900 -0.337800 1 45 1.000000
  45 -0.713853 -36.699547 70.260620 0.966125 -0.000089 -0.258076 0.216900 -0.999500 1 45 1.000000
  45 -0.597332 -36.699471 70.489555 0.839081 -0.000188 -0.544006 0.164900 -0.999500 1 45 1.000000
barrel_cyl
  45 -0.753966 -40.059635 70.008163 0.998628 -0.000018 -0.052356 0.267200 -0.337800 1 45 1.000000
  45 -0.713853 -36.699547 70.260620 0.966125 -0.000089 -0.258076 0.216900 -0.999500 1 45 1.000000
  45 -0.713853 -40.059547 70.261780 0.933570 -0.000124 -0.358395 0.216900 -0.337800 1 45 1.000000
barrel_cyl
  45 -0.753966 -40.059635 70.008163 0.998628 -0.000018 -0.052356 0.267200 -0.337800 1 45 1.000000
  45 -0.753965 -36.699635 70.007004 0.998592 0.000018 0.053045 0.267200 -0.999500 1 45 1.000000
  45 -0.713853 -36.699547 70.260620 0.966125 -0.000089 -0.258076 0.216900 -0.999500 1 45 1.000000
barrel_cyl
  45 -0.713678 -40.059723 69.754478 0.965946 0.000089 0.258743 0.315800 -0.337800 1 45 1.000000
  45 -0.753965 -36.699635 70.007004 0.998592 0.000018 0.053045 0.267200 -0.999500 1 45 1.000000
  45 -0.753966 -40.059635 70.008163 0.998628 -0.000018 -0.052356 0.267200 -0.337800 1 45 1.000000
barrel_cyl
  45 -0.713678 -40.059723 69.754478 0.965946 0.000089 0.258743 0.315800 -0.337800 1 45 1.000000
  45 -0.713678 -36.699722 69.753319 0.933322 0.000124 0.359040 0.315800 -0.999500 1 45 1.000000
  45 -0.753965 -36.699635 70.007004 0.998592 0.000018 0.053045 0.267200 -0.999500 1 45 1.000000
barrel_cyl
  45 -0.596999 -40.059803 69.525719 0.838705 0.000188 0.544585 0.363100 -0.337800 1 45 1.000000
  45 -0.713678 -36.699722 69.753319 0.933322 0.000124 0.359040 0.315800 -0.999500 1 45 1.000000
  45 -0.713678 -40.059723 69.754478 0.965946 0.000089 0.258743 0.315800 -0.337800 1 45 1.000000
barrel_cyl
  45 -0.596999 -40.059803 69.525719 0.838705 0.000188 0.544585 0.363100 -0.337800 1 45 1.000000
  45 -0.596999 -36.699802 69.524559 0.776694 0.000217 0.629877 0.363100 -0.999500 1 45 1.000000
  45 -0.713678 -36.699722 69.753319 0.933322 0.000124 0.359040 0.315800 -0.999500 1 45 1.000000
barrel_cyl
  45 -0.415336 -40.059864 69.344185 0.629341 0.000268 0.777129 0.409300 -0.337800 1 45 1.000000
  45 -0.596999 -36.699802 69.524559 0.776694 0.000217 0.629877 0.363100 -0.999500 1 45 1.000000
  45 -0.596999 -40.059803 69.525719 0.838705 0.000188 0.544585 0.363100 -0.337800 1 45 1.000000
barrel_cyl
  45 -0.415336 -40.059864 69.344185 0.629341 0.000268 0.777129 0.409300 -0.337800 1 45 1.000000
  45 -0.415336 -36.699863 69.343018 0.544006 0.000290 0.839081 0.409300 -0.999500 1 45 1.000000
  45 -0.596999 -36.699802 69.524559 0.776694 0.000217 0.629877 0.363100 -0.999500 1 45 1.000000
barrel_cyl
  45 0.336382 -41.771782 71.027336 0.300587 0.000329 0.953754 0.955000 -0.000500 1 45 1.000000
  45 0.592019 -39.889622 70.920868 0.461289 0.000306 0.887250 0.909600 -0.371200 1 45 1.000000
  45 0.336383 -39.889584 71.026688 0.215873 0.000337 0.976421 0.955000 -0.371200 1 45 1.000000
barrel_cyl
  45 0.336382 -41.771782 71.027336 0.300587 0.000329 0.953754 0.955000 -0.000500 1 45 1.000000
  45 0.592019 -41.771820 70.921516 0.537193 0.000291 0.843459 0.909600 -0.000500 1 45 1.000000
  45 0.592019 -39.889622 70.920868 0.461289 0.000306 0.887250 0.909600 -0.371200 1 45 1.000000
barrel_cyl
  45 0.592019 -41.771820 70.921516 0.537193 0.000291 0.843459 0.909600 -0.000500 1 45 1.000000
  45 0.811477 -39.889679 70.752548 0.675171 0.000255 0.737661 0.864800 -0.371200 1 45 1.000000
  45 0.592019 -39.889622 70.920868 0.461289 0.000306 0.887250 0.909600 -0.371200 1 45 1.000000
barrel_cyl
  45 0.592019 -41.771820 70.921516 0.537193 0.000291 0.843459 0.909600 -0.000500 1 45 1.000000
  45 0.811477 -41.771877 70.753197 0.737195 0.000233 0.675680 0.864800 -0.000500 1 45 1.000000
  45 0.811477 -39.889679 70.752548 0.675171 0.000255 0.737661 0.864800 -0.371200 1 45 1.000000
barrel_cyl
  45 0.811477 -41.771877 70.753197 0.737195 0.000233 0.675680 0.864800 -0.000500 1 45 1.000000
  45 0.979953 -39.889755 70.533211 0.843089 0.000186 0.537774 0.820800 -0.371200 1 45 1.000000
  45 0.811477 -39.889679 70.752548 0.675171 0.000255 0.737661 0.864800 -0.371200 1 45 1.000000
barrel_cyl
  45 0.811477 -41.771877 70.753197 0.737195 0.000233 0.675680 0.864800 -0.000500 1 45 1.000000
  45 0.979953 -41.771954 70.533859 0.886931 0.000159 0.461901 0.820800 -0.000500 1 45 1.000000
  45 0.979953 -39.889755 70.533211 0.843089 0.000186 0.537774 0.820800 -0.371200 1 45 1.000000
barrel_cyl
  45 0.979953 -41.771954 70.533859 0.886931 0.000159 0.461901 0.820800 -0.000500 1 45 1.000000
  45 1.085941 -39.889843 70.277649 0.953556 0.000104 0.301216 0.777800 -0.371200 1 45 1.000000
  45 0.979953 -39.889755 70.533211 0.843089 0.000186 0.537774 0.820800 -0.371200 1 45 1.000000
barrel_cyl
  45 0.979953 -41.771954 70.533859 0.886931 0.000159 0.461901 0.820800 -0.000500 1 45 1.000000
  45 1.085941 -41.772041 70.278297 0.976272 0.000075 0.216547 0.777800 -0.000500 1 45 1.000000
  45 1.085941 -39.889843 70.277649 0.953556 0.000104 0.301216 0.777800 -0.371200 1 45 1.000000
barrel_cyl
  45 1.085941 -41.772041 70.278297 0.976272 0.000075 0.216547 0.777800 -0.000500 1 45 1.000000
  45 1.122136 -39.889938 70.003456 0.999025 0.000015 0.044147 0.735800 -0.371200 1 45 1.000000
  45 1.085941 -39.889843 70.277649 0.953556 0.000104 0.301216 0.777800 -0.371200 1 45 1.000000
barrel_cyl
  45 1.085941 -41.772041 70.278297 0.976272 0.000075 0.216547 0.777800 -0.000500 1 45 1.000000
  45 1.122135 -41.772137 70.004112 0.999055 -0.000015 -0.043457 0.735800 -0.000500 1 45 1.000000
  45 1.122136 -39.889938 70.003456 0.999025 0.000015 0.044147 0.735800 -0.371200 1 45 1.000000
barrel_cyl
  45 1.122135 -41.772137 70.004112 0.999055 -0.000015 -0.043457 0.735800 -0.000500 1 45 1.000000
  45 1.086130 -39.890034 69.729149 0.976421 -0.000075 -0.215873 0.694800 -0.371200 1 45 1.000000
  45 1.122136 -39.889938 70.003456 0.999025 0.000015 0.044147 0.735800 -0.371200 1 45 1.000000
barrel_cyl
  45 1.122135 -41.772137 70.004112 0.999055 -0.000015 -0.043457 0.735800 -0.000500 1 45 1.000000
  45 1.086130 -41.772232 69.729797 0.953763 -0.000104 -0.300558 0.694800 -0.000500 1 45 1.000000
  45 1.086130 -39.890034 69.729149 0.976421 -0.000075 -0.215873 0.694800 -0.371200 1 45 1.000000
barrel_cyl
  45 1.086130 -41.772232 69.729797 0.953763 -0.000104 -0.300558 0.694800 -0.000500 1 45 1.000000
  45 0.980319 -39.890121 69.473610 0.887291 -0.000159 -0.461210 0.654600 -0.371200 1 45 1.000000
  45 1.086130 -39.890034 69.729149 0.976421 -0.000075 -0.215873 0.694800 -0.371200 1 45 1.000000
barrel_cyl
  45 1.086130 -41.772232 69.729797 0.953763 -0.000104 -0.300558 0.694800 -0.000500 1 45 1.000000
  45 0.980318 -41.772320 69.474258 0.843460 -0.000186 -0.537192 0.654600 -0.000500 1 45 1.000000
  45 0.980319 -39.890121 69.473610 0.887291 -0.000159 -0.461210 0.654600 -0.371200 1 45 1.000000
barrel_cyl
  45 0.980318 -41.772320 69.474258 0.843460 -0.000186 -0.537192 0.654600 -0.000500 1 45 1.000000
  45 0.811994 -39.890198 69.254044 0.737661 -0.000233 -0.675171 0.615100 -0.371200 1 45 1.000000
  45 0.980319 -39.890121 69.473610 0.887291 -0.000159 -0.461210 0.654600 -0.371200 1 45 1.000000
barrel_cyl
  45 0.980318 -41.772320 69.474258 0.843460 -0.000186 -0.537192 0.654600 -0.000500 1 45 1.000000
  45 0.811994 -41.772392 69.254700 0.675680 -0.000255 -0.737195 0.615100 -0.000500 1 45 1.000000
  45 0.811994 -39.890198 69.254044 0.737661 -0.000233 -0.675171 0.615100 -0.371200 1 45 1.000000
barrel_cyl
  45 0.811994 -41.772392 69.254700 0.675680 -0.000255 -0.737195 0.615100 -0.000500 1 45 1.000000
  45 0.592653 -39.890255 69.085571 0.537775 -0.000291 -0.843088 0.576200 -0.371200 1 45 1.000000
  45 0.811994 -39.890198 69.254044 0.737661 -0.000233 -0.675171 0.615100 -0.371200 1 45 1.000000
barrel_cyl
  45 0.811994 -41.772392 69.254700 0.675680 -0.000255 -0.737195 0.615100 -0.000500 1 45 1.000000
  45 0.592652 -41.772453 69.086227 0.461901 -0.000306 -0.886931 0.576200 -0.000500 1 45 1.000000
  45 0.592653 -39.890255 69.085571 0.537775 -0.000291 -0.843088 0.576200 -0.371200 1 45 1.000000
barrel_cyl
  45 0.592652 -41.772453 69.086227 0.461901 -0.000306 -0.886931 0.576200 -0.000500 1 45 1.000000
  45 0.337089 -39.890289 68.979683 0.301245 -0.000329 -0.953547 0.537700 -0.371200 1 45 1.000000
  45 0.592653 -39.890255 69.085571 0.537775 -0.000291 -0.843088 0.576200 -0.371200 1 45 1.000000
barrel_cyl
  45 0.592652 -41.772453 69.086227 0.461901 -0.000306 -0.886931 0.576200 -0.000500 1 45 1.000000
  45 0.337089 -41.772488 68.980331 0.216547 -0.000337 -0.976272 0.537700 -0.000500 1 45 1.000000
  45 0.337089 -39.890289 68.979683 0.301245 -0.000329 -0.953547 0.537700 -0.371200 1 45 1.000000
barrel_cyl
  45 0.337089 -41.772488 68.980331 0.216547 -0.000337 -0.976272 0.537700 -0.000500 1 45 1.000000
  45 0.062902 -39.890305 68.943497 0.130849 -0.000342 -0.991402 0.499400 -0.371200 1 45 1.000000
  45 0.337089 -39.890289 68.979683 0.301245 -0.000329 -0.953547 0.537700 -0.371200 1 45 1.000000
barrel_cyl
  45 0.337089 -41.772488 68.980331 0.216547 -0.000337 -0.976272 0.537700 -0.000500 1 45 1.000000
  45 0.062902 -41.772503 68.944145 0.130849 -0.000342 -0.991402 0.499400 -0.000500 1 45 1.000000
  45 0.062902 -39.890305 68.943497 0.130849 -0.000342 -0.991402 0.499400 -0.371200 1 45 1.000000
barrel_cyl
  45 0.423413 -36.700016 68.911209 0.258836 -0.000334 -0.965921 0.546500 -0.999500 1 45 1.000000
  45 0.067332 -40.060135 68.855751 0.156740 -0.000341 -0.987640 0.500000 -0.337800 1 45 1.000000
  45 0.067333 -36.700035 68.854591 0.156740 -0.000341 -0.987640 0.500000 -0.999500 1 45 1.000000
barrel_cyl
  45 0.423413 -36.700016 68.911209 0.258836 -0.000334 -0.965921 0.546500 -0.999500 1 45 1.000000
  45 0.423412 -40.060013 68.912376 0.359040 -0.000322 -0.933322 0.546500 -0.337800 1 45 1.000000
  45 0.067332 -40.060135 68.855751 0.156740 -0.000341 -0.987640 0.500000 -0.337800 1 45 1.000000
barrel_cyl
  45 0.744756 -36.699959 69.075027 0.544585 -0.000290 -0.838705 0.593200 -0.999500 1 45 1.000000
  45 0.423412 -40.060013 68.912376 0.359040 -0.000322 -0.933322 0.546500 -0.337800 1 45 1.000000
  45 0.423413 -36.700016 68.911209 0.258836 -0.000334 -0.965921 0.546500 -0.999500 1 45 1.000000
barrel_cyl
  45 0.744756 -36.699959 69.075027 0.544585 -0.000290 -0.838705 0.593200 -0.999500 1 45 1.000000
  45 0.744756 -40.059959 69.076187 0.629878 -0.000268 -0.776694 0.593200 -0.337800 1 45 1.000000
  45 0.423412 -40.060013 68.912376 0.359040 -0.000322 -0.933322 0.546500 -0.337800 1 45 1.000000
barrel_cyl
  45 0.999668 -36.699871 69.330109 0.777129 -0.000217 -0.629341 0.640500 -0.999500 1 45 1.000000
  45 0.744756 -40.059959 69.076187 0.629878 -0.000268 -0.776694 0.593200 -0.337800 1 45 1.000000
  45 0.744756 -36.699959 69.075027 0.544585 -0.000290 -0.838705 0.593200 -0.999500 1 45 1.000000
barrel_cyl
  45 0.999668 -36.699871 69.330109 0.777129 -0.000217 -0.629341 0.640500 -0.999500 1 45 1.000000
  45 0.999668 -40.059872 69.331276 0.839081 -0.000188 -0.544006 0.640500 -0.337800 1 45 1.000000
  45 0.744756 -40.059959 69.076187 0.629878 -0.000268 -0.776694 0.593200 -0.337800 1 45 1.000000
barrel_cyl
  45 1.163257 -36.699760 69.651466 0.933570 -0.000124 -0.358395 0.688600 -0.999500 1 45 1.000000
  45 0.999668 -40.059872 69.331276 0.839081 -0.000188 -0.544006 0.640500 -0.337800 1 45 1.000000
  45 0.999668 -36.699871 69.330109 0.777129 -0.000217 -0.629341 0.640500 -0.999500 1 45 1.000000
barrel_cyl
  45 1.163257 -36.699760 69.651466 0.933570 -0.000124 -0.358395 0.688600 -0.999500 1 45 1.000000
  45 1.163257 -40.059856 69.652626 0.966125 -0.000089 -0.258076 0.688600 -0.337800 1 45 1.000000
  45 0.999668 -40.059872 69.331276 0.839081 -0.000188 -0.544006 0.640500 -0.337800 1 45 1.000000
barrel_cyl
  45 1.219535 -36.699635 70.007683 0.998628 -0.000018 -0.052356 0.737700 -0.999500 1 45 1.000000
  45 1.163257 -40.059856 69.652626 0.966125 -0.000089 -0.258076 0.688600 -0.337800 1 45 1.000000
  45 1.163257 -36.699760 69.651466 0.933570 -0.000124 -0.358395 0.688600 -0.999500 1 45 1.000000
barrel_cyl
  45 1.219535 -36.699635 70.007683 0.998628 -0.000018 -0.052356 0.737700 -0.999500 1 45 1.000000
  45 1.219534 -40.059734 70.008842 0.998592 0.000018 0.053045 0.737700 -0.337800 1 45 1.000000
  45 1.163257 -40.059856 69.652626 0.966125 -0.000089 -0.258076 0.688600 -0.337800 1 45 1.000000
barrel_cyl
  45 1.163011 -36.699512 70.363869 0.965921 0.000089 0.258836 0.788100 -0.999500 1 45 1.000000
  45 1.219534 -40.059734 70.008842 0.998592 0.000018 0.053045 0.737700 -0.337800 1 45 1.000000
  45 1.219535 -36.699635 70.007683 0.998628 -0.000018 -0.052356 0.737700 -0.999500 1 45 1.000000
barrel_cyl
  45 1.163011 -36.699512 70.363869 0.965921 0.000089 0.258836 0.788100 -0.999500 1 45 1.000000
  45 1.163011 -40.059612 70.365028 0.933322 0.000124 0.359040 0.788100 -0.337800 1 45 1.000000
  45 1.219534 -40.059734 70.008842 0.998592 0.000018 0.053045 0.737700 -0.337800 1 45 1.000000
barrel_cyl
  45 0.999201 -36.699402 70.685112 0.838705 0.000188 0.544585 0.839600 -0.999500 1 45 1.000000
  45 1.163011 -40.059612 70.365028 0.933322 0.000124 0.359040 0.788100 -0.337800 1 45 1.000000
  45 1.163011 -36.699512 70.363869 0.965921 0.000089 0.258836 0.788100 -0.999500 1 45 1.000000
barrel_cyl
  45 0.999201 -36.699402 70.685112 0.838705 0.000188 0.544585 0.839600 -0.999500 1 45 1.000000
  45 0.999200 -40.059502 70.686272 0.776694 0.000217 0.629877 0.839600 -0.337800 1 45 1.000000
  45 1.163011 -40.059612 70.365028 0.933322 0.000124 0.359040 0.788100 -0.337800 1 45 1.000000
barrel_cyl
  45 0.744113 -36.699314 70.940025 0.629341 0.000268 0.777129 0.892300 -0.999500 1 45 1.000000
  45 0.999200 -40.059502 70.686272 0.776694 0.000217 0.629877 0.839600 -0.337800 1 45 1.000000
  45 0.999201 -36.699402 70.685112 0.838705 0.000188 0.544585 0.839600 -0.999500 1 45 1.000000
barrel_cyl
  45 0.744113 -36.699314 70.940025 0.629341 0.000268 0.777129 0.892300 -0.999500 1 45 1.000000
  45 0.744112 -40.059315 70.941185 0.544006 0.000290 0.839081 0.892300 -0.337800 1 45 1.000000
  45 0.999200 -40.059502 70.686272 0.776694 0.000217 0.629877 0.839600 -0.337800 1 45 1.000000
barrel_cyl
  45 0.422656 -36.699257 71.103607 0.358396 0.000322 0.933570 0.945900 -0.999500 1 45 1.000000
  45 0.744112 -40.059315 70.941185 0.544006 0.000290 0.839081 0.892300 -0.337800 1 45 1.000000
  45 0.744113 -36.699314 70.940025 0.629341 0.000268 0.777129 0.892300 -0.999500 1 45 1.000000
barrel_cyl
  45 0.422656 -36.699257 71.103607 0.358396 0.000322 0.933570 0.945900 -0.999500 1 45 1.000000
  45 0.422656 -40.059258 71.104767 0.258076 0.000334 0.966124 0.945900 -0.337800 1 45 1.000000
  45 0.744112 -40.059315 70.941185 0.544006 0.000290 0.839081 0.892300 -0.337800 1 45 1.000000
barrel_cyl
  45 0.066537 -36.699238 71.159889 0.052356 0.000345 0.998628 0.000000 -0.999500 1 45 1.000000
  45 0.422656 -40.059258 71.104767 0.258076 0.000334 0.966124 -0.054100 -0.337800 1 45 1.000000
  45 0.422656 -36.699257 71.103607 0.358396 0.000322 0.933570 -0.054100 -0.999500 1 45 1.000000
barrel_cyl
  45 0.066537 -36.699238 71.159889 0.052356 0.000345 0.998628 0.000000 -0.999500 1 45 1.000000
  45 0.066536 -40.059238 71.161049 -0.053045 0.000345 0.998592 0.000000 -0.337800 1 45 1.000000
  45 0.422656 -40.059258 71.104767 0.258076 0.000334 0.966124 -0.054100 -0.337800 1 45 1.000000
barrel_cyl
  45 -0.289644 -36.699257 71.103363 -0.258743 0.000334 0.965946 0.054100 -0.999500 1 45 1.000000
  45 0.066536 -40.059238 71.161049 -0.053045 0.000345 0.998592 0.000000 -0.337800 1 45 1.000000
  45 0.066537 -36.699238 71.159889 0.052356 0.000345 0.998628 0.000000 -0.999500 1 45 1.000000
barrel_cyl
  45 -0.289644 -36.699257 71.103363 -0.258743 0.000334 0.965946 0.054100 -0.999500 1 45 1.000000
  45 -0.289644 -40.059258 71.104523 -0.359040 0.000322 0.933322 0.054100 -0.337800 1 45 1.000000
  45 0.066536 -40.059238 71.161049 -0.053045 0.000345 0.998592 0.000000 -0.337800 1 45 1.000000
barrel_cyl
  45 -0.610887 -36.699314 70.939552 -0.544585 0.000290 0.838705 0.107700 -0.999500 1 45 1.000000
  45 -0.289644 -40.059258 71.104523 -0.359040 0.000322 0.933322 0.054100 -0.337800 1 45 1.000000
  45 -0.289644 -36.699257 71.103363 -0.258743 0.000334 0.965946 0.054100 -0.999500 1 45 1.000000
barrel_cyl
  45 -0.610887 -36.699314 70.939552 -0.544585 0.000290 0.838705 0.107700 -0.999500 1 45 1.000000
  45 -0.610888 -40.059315 70.940720 -0.629878 0.000268 0.776694 0.107700 -0.337800 1 45 1.000000
  45 -0.289644 -40.059258 71.104523 -0.359040 0.000322 0.933322 0.054100 -0.337800 1 45 1.000000
barrel_cyl
  45 -0.865799 -36.699402 70.684471 -0.777129 0.000217 0.629341 0.160400 -0.999500 1 45 1.000000
  45 -0.610888 -40.059315 70.940720 -0.629878 0.000268 0.776694 0.107700 -0.337800 1 45 1.000000
  45 -0.610887 -36.699314 70.939552 -0.544585 0.000290 0.838705 0.107700 -0.999500 1 45 1.000000
barrel_cyl
  45 -0.865799 -36.699402 70.684471 -0.777129 0.000217 0.629341 0.160400 -0.999500 1 45 1.000000
  45 -0.865800 -40.059402 70.685631 -0.839081 0.000188 0.544006 0.160400 -0.337800 1 45 1.000000
  45 -0.610888 -40.059315 70.940720 -0.629878 0.000268 0.776694 0.107700 -0.337800 1 45 1.000000
barrel_cyl
  45 -1.029488 -36.699512 70.363113 -0.933570 0.000124 0.358395 0.211900 -0.999500 1 45 1.000000
  45 -0.865800 -40.059402 70.685631 -0.839081 0.000188 0.544006 0.160400 -0.337800 1 45 1.000000
  45 -0.865799 -36.699402 70.684471 -0.777129 0.000217 0.629341 0.160400 -0.999500 1 45 1.000000
barrel_cyl
  45 -1.029488 -36.699512 70.363113 -0.933570 0.000124 0.358395 0.211900 -0.999500 1 45 1.000000
  45 -1.029489 -40.059513 70.364273 -0.966125 0.000089 0.258076 0.211900 -0.337800 1 45 1.000000
  45 -0.865800 -40.059402 70.685631 -0.839081 0.000188 0.544006 0.160400 -0.337800 1 45 1.000000
barrel_cyl
  45 -1.085765 -36.699635 70.006889 -0.987748 0.000054 0.156058 0.262300 -0.999500 1 45 1.000000
  45 -1.029489 -40.059513 70.364273 -0.966125 0.000089 0.258076 0.211900 -0.337800 1 45 1.000000
  45 -1.029488 -36.699512 70.363113 -0.933570 0.000124 0.358395 0.211900 -0.999500 1 45 1.000000
barrel_cyl
  45 -1.085765 -36.699635 70.006889 -0.987748 0.000054 0.156058 0.262300 -0.999500 1 45 1.000000
  45 -1.085766 -40.059635 70.008049 -0.987748 0.000054 0.156058 0.262300 -0.337800 1 45 1.000000
  45 -1.029489 -40.059513 70.364273 -0.966125 0.000089 0.258076 0.211900 -0.337800 1 45 1.000000
cap
  23 0.059567 -43.175869 58.917030 0.000000 1.000000 -0.000345 0.500000 -0.500000 1 23 1.000000
  23 0.059877 -43.176178 58.019932 0.000000 1.000000 -0.000345 0.500000 -0.999500 1 23 1.000000
  23 -0.388665 -43.176140 58.139977 0.000000 1.000000 -0.000345 0.749800 -0.932600 1 23 1.000000
cap
  23 0.059567 -43.175869 58.917030 0.000000 1.000000 -0.000345 0.500000 -0.500000 1 23 1.000000
  23 0.508335 -43.176140 58.140285 0.000000 1.000000 -0.000345 0.250200 -0.932600 1 23 1.000000
  23 0.059877 -43.176178 58.019932 0.000000 1.000000 -0.000345 0.500000 -0.999500 1 23 1.000000
cap
  23 0.059567 -43.175869 58.917030 0.000000 1.000000 -0.000345 0.500000 -0.500000 1 23 1.000000
  23 0.836622 -43.176025 58.468803 0.000000 1.000000 -0.000345 0.067400 -0.749800 1 23 1.000000
  23 0.508335 -43.176140 58.140285 0.000000 1.000000 -0.000345 0.250200 -0.932600 1 23 1.000000
cap
  23 0.059567 -43.175869 58.917030 0.000000 1.000000 -0.000345 0.500000 -0.500000 1 23 1.000000
  23 0.956567 -43.175869 58.917339 0.000000 1.000000 -0.000345 0.000500 -0.500000 1 23 1.000000
  23 0.836622 -43.176025 58.468803 0.000000 1.000000 -0.000345 0.067400 -0.749800 1 23 1.000000
cap
  23 0.059567 -43.175869 58.917030 0.000000 1.000000 -0.000345 0.500000 -0.500000 1 23 1.000000
  23 0.836312 -43.175716 59.365799 0.000000 1.000000 -0.000345 0.067400 -0.250200 1 23 1.000000
  23 0.956567 -43.175869 58.917339 0.000000 1.000000 -0.000345 0.000500 -0.500000 1 23 1.000000
cap
  23 0.059567 -43.175869 58.917030 0.000000 1.000000 -0.000345 0.500000 -0.500000 1 23 1.000000
  23 0.507799 -43.175602 59.693989 0.000000 1.000000 -0.000345 0.250200 -0.067400 1 23 1.000000
  23 0.836312 -43.175716 59.365799 0.000000 1.000000 -0.000345 0.067400 -0.250200 1 23 1.000000
cap
  23 0.059567 -43.175869 58.917030 0.000000 1.000000 -0.000345 0.500000 -0.500000 1 23 1.000000
  23 0.059257 -43.175560 59.814030 0.000000 1.000000 -0.000345 0.500000 -0.000500 1 23 1.000000
  23 0.507799 -43.175602 59.693989 0.000000 1.000000 -0.000345 0.250200 -0.067400 1 23 1.000000
cap
  23 0.059567 -43.175869 58.917030 0.000000 1.000000 -0.000345 0.500000 -0.500000 1 23 1.000000
  23 -0.389201 -43.175602 59.693680 0.000000 1.000000 -0.000345 0.749800 -0.067400 1 23 1.000000
  23 0.059257 -43.175560 59.814030 0.000000 1.000000 -0.000345 0.500000 -0.000500 1 23 1.000000
cap
  23 0.059567 -43.175869 58.917030 0.000000 1.000000 -0.000345 0.500000 -0.500000 1 23 1.000000
  23 -0.717388 -43.175716 59.365265 0.000000 1.000000 -0.000345 0.932600 -0.250200 1 23 1.000000
  23 -0.389201 -43.175602 59.693680 0.000000 1.000000 -0.000345 0.749800 -0.067400 1 23 1.000000
cap
  23 0.059567 -43.175869 58.917030 0.000000 1.000000 -0.000345 0.500000 -0.500000 1 23 1.000000
  23 -0.837433 -43.175869 58.916721 0.000000 1.000000 -0.000345 0.999500 -0.500000 1 23 1.000000
  23 -0.717388 -43.175716 59.365265 0.000000 1.000000 -0.000345 0.932600 -0.250200 1 23 1.000000
cap
  23 0.059567 -43.175869 58.917030 0.000000 1.000000 -0.000345 0.500000 -0.500000 1 23 1.000000
  23 -0.717078 -43.176025 58.468266 0.000000 1.000000 -0.000345 0.932600 -0.749800 1 23 1.000000
  23 -0.837433 -43.175869 58.916721 0.000000 1.000000 -0.000345 0.999500 -0.500000 1 23 1.000000
cap
  23 0.059567 -43.175869 58.917030 0.000000 1.000000 -0.000345 0.500000 -0.500000 1 23 1.000000
  23 -0.388665 -43.176140 58.139977 0.000000 1.000000 -0.000345 0.749800 -0.932600 1 23 1.000000
  23 -0.717078 -43.176025 58.468266 0.000000 1.000000 -0.000345 0.932600 -0.749800 1 23 1.000000
cap
  23 0.836312 -43.262314 59.365829 0.760743 -0.501748 0.411728 0.067400 -0.250200 1 23 1.000000
  23 0.456230 -43.323132 59.604618 0.411029 -0.501627 0.761200 0.279000 -0.117200 1 23 1.000000
  23 0.746930 -43.323231 59.314220 0.736457 -0.501752 0.453736 0.117200 -0.279000 1 23 1.000000
cap
  23 0.836312 -43.262314 59.365829 0.760743 -0.501748 0.411728 0.067400 -0.250200 1 23 1.000000
  23 0.507799 -43.262199 59.694019 0.453054 -0.501655 0.736943 0.250200 -0.067400 1 23 1.000000
  23 0.456230 -43.323132 59.604618 0.411029 -0.501627 0.761200 0.279000 -0.117200 1 23 1.000000
cap
  23 0.507799 -43.262199 59.694019 0.453054 -0.501655 0.736943 0.250200 -0.067400 1 23 1.000000
  23 0.059293 -43.323093 59.710880 -0.024598 -0.501594 0.864753 0.500000 -0.058000 1 23 1.000000
  23 0.456230 -43.323132 59.604618 0.411029 -0.501627 0.761200 0.279000 -0.117200 1 23 1.000000
cap
  23 0.507799 -43.262199 59.694019 0.453054 -0.501655 0.736943 0.250200 -0.067400 1 23 1.000000
  23 0.059257 -43.262157 59.814060 0.024001 -0.501594 0.864770 0.500000 -0.000500 1 23 1.000000
  23 0.059293 -43.323093 59.710880 -0.024598 -0.501594 0.864753 0.500000 -0.058000 1 23 1.000000
cap
  23 0.059257 -43.262157 59.814060 0.024001 -0.501594 0.864770 0.500000 -0.000500 1 23 1.000000
  23 -0.337570 -43.323132 59.604347 -0.453563 -0.501655 0.736629 0.721000 -0.117200 1 23 1.000000
  23 0.059293 -43.323093 59.710880 -0.024598 -0.501594 0.864753 0.500000 -0.058000 1 23 1.000000
cap
  23 0.059257 -43.262157 59.814060 0.024001 -0.501594 0.864770 0.500000 -0.000500 1 23 1.000000
  23 -0.389201 -43.262199 59.693707 -0.411555 -0.501627 0.760916 0.749800 -0.067400 1 23 1.000000
  23 -0.337570 -43.323132 59.604347 -0.453563 -0.501655 0.736629 0.721000 -0.117200 1 23 1.000000
cap
  23 -0.389201 -43.262199 59.693707 -0.411555 -0.501627 0.760916 0.749800 -0.067400 1 23 1.000000
  23 -0.627970 -43.323231 59.313744 -0.761027 -0.501748 0.411202 0.882800 -0.279000 1 23 1.000000
  23 -0.337570 -43.323132 59.604347 -0.453563 -0.501655 0.736629 0.721000 -0.117200 1 23 1.000000
cap
  23 -0.389201 -43.262199 59.693707 -0.411555 -0.501627 0.760916 0.749800 -0.067400 1 23 1.000000
  23 -0.717388 -43.262314 59.365295 -0.736770 -0.501752 0.453227 0.932600 -0.250200 1 23 1.000000
  23 -0.627970 -43.323231 59.313744 -0.761027 -0.501748 0.411202 0.882800 -0.279000 1 23 1.000000
cap
  23 -0.717388 -43.262314 59.365295 -0.736770 -0.501752 0.453227 0.932600 -0.250200 1 23 1.000000
  23 -0.734233 -43.323368 58.916809 -0.864580 -0.501901 -0.024425 0.942000 -0.500000 1 23 1.000000
  23 -0.627970 -43.323231 59.313744 -0.761027 -0.501748 0.411202 0.882800 -0.279000 1 23 1.000000
cap
  23 -0.717388 -43.262314 59.365295 -0.736770 -0.501752 0.453227 0.932600 -0.250200 1 23 1.000000
  23 -0.837433 -43.262466 58.916752 -0.864596 -0.501885 0.024174 0.999500 -0.500000 1 23 1.000000
  23 -0.734233 -43.323368 58.916809 -0.864580 -0.501901 -0.024425 0.942000 -0.500000 1 23 1.000000
cap
  23 -0.837433 -43.262466 58.916752 -0.864596 -0.501885 0.024174 0.999500 -0.500000 1 23 1.000000
  23 -0.627696 -43.323505 58.519844 -0.736457 -0.502065 -0.453389 0.882800 -0.721000 1 23 1.000000
  23 -0.734233 -43.323368 58.916809 -0.864580 -0.501901 -0.024425 0.942000 -0.500000 1 23 1.000000
cap
  23 -0.837433 -43.262466 58.916752 -0.864596 -0.501885 0.024174 0.999500 -0.500000 1 23 1.000000
  23 -0.717078 -43.262623 58.468296 -0.760743 -0.502032 -0.411381 0.932600 -0.749800 1 23 1.000000
  23 -0.627696 -43.323505 58.519844 -0.736457 -0.502065 -0.453389 0.882800 -0.721000 1 23 1.000000
cap
  23 -0.717078 -43.262623 58.468296 -0.760743 -0.502032 -0.411381 0.932600 -0.749800 1 23 1.000000
  23 -0.337096 -43.323605 58.229446 -0.411029 -0.502153 -0.760853 0.721000 -0.882800 1 23 1.000000
  23 -0.627696 -43.323505 58.519844 -0.736457 -0.502065 -0.453389 0.882800 -0.721000 1 23 1.000000
cap
  23 -0.717078 -43.262623 58.468296 -0.760743 -0.502032 -0.411381 0.932600 -0.749800 1 23 1.000000
  23 -0.388665 -43.262737 58.140003 -0.453054 -0.502163 -0.736596 0.749800 -0.932600 1 23 1.000000
  23 -0.337096 -43.323605 58.229446 -0.411029 -0.502153 -0.760853 0.721000 -0.882800 1 23 1.000000
cap
  23 -0.388665 -43.262737 58.140003 -0.453054 -0.502163 -0.736596 0.749800 -0.932600 1 23 1.000000
  23 0.059841 -43.323643 58.123184 0.024598 -0.502192 -0.864406 0.500000 -0.942000 1 23 1.000000
  23 -0.337096 -43.323605 58.229446 -0.411029 -0.502153 -0.760853 0.721000 -0.882800 1 23 1.000000
cap
  23 -0.388665 -43.262737 58.140003 -0.453054 -0.502163 -0.736596 0.749800 -0.932600 1 23 1.000000
  23 0.059877 -43.262775 58.019962 -0.024001 -0.502192 -0.864423 0.500000 -0.999500 1 23 1.000000
  23 0.059841 -43.323643 58.123184 0.024598 -0.502192 -0.864406 0.500000 -0.942000 1 23 1.000000
cap
  23 0.059877 -43.262775 58.019962 -0.024001 -0.502192 -0.864423 0.500000 -0.999500 1 23 1.000000
  23 0.456704 -43.323605 58.229717 0.453562 -0.502163 -0.736283 0.279000 -0.882800 1 23 1.000000
  23 0.059841 -43.323643 58.123184 0.024598 -0.502192 -0.864406 0.500000 -0.942000 1 23 1.000000
cap
  23 0.059877 -43.262775 58.019962 -0.024001 -0.502192 -0.864423 0.500000 -0.999500 1 23 1.000000
  23 0.508335 -43.262737 58.140316 0.411554 -0.502153 -0.760569 0.250200 -0.932600 1 23 1.000000
  23 0.456704 -43.323605 58.229717 0.453562 -0.502163 -0.736283 0.279000 -0.882800 1 23 1.000000
cap
  23 -0.837433 -43.175869 58.916721 -0.996000 -0.000031 -0.089347 0.999500 -0.500000 1 23 1.000000
  23 -0.717078 -43.262623 58.468296 -0.760743 -0.502032 -0.411381 0.932600 -0.749800 1 23 1.000000
  23 -0.837433 -43.262466 58.916752 -0.864596 -0.501885 0.024174 0.999500 -0.500000 1 23 1.000000
cap
  23 -0.837433 -43.175869 58.916721 -0.996000 -0.000031 -0.089347 0.999500 -0.500000 1 23 1.000000
  23 -0.717078 -43.176025 58.468266 -0.817890 -0.000199 -0.575374 0.932600 -0.749800 1 23 1.000000
  23 -0.717078 -43.262623 58.468296 -0.760743 -0.502032 -0.411381 0.932600 -0.749800 1 23 1.000000
cap
  23 -0.717078 -43.176025 58.468266 -0.817890 -0.000199 -0.575374 0.932600 -0.749800 1 23 1.000000
  23 -0.388665 -43.262737 58.140003 -0.453054 -0.502163 -0.736596 0.749800 -0.932600 1 23 1.000000
  23 -0.717078 -43.262623 58.468296 -0.760743 -0.502032 -0.411381 0.932600 -0.749800 1 23 1.000000
cap
  23 -0.717078 -43.176025 58.468266 -0.817890 -0.000199 -0.575374 0.932600 -0.749800 1 23 1.000000
  23 -0.388665 -43.176140 58.139977 -0.420672 -0.000313 -0.907213 0.749800 -0.932600 1 23 1.000000
  23 -0.388665 -43.262737 58.140003 -0.453054 -0.502163 -0.736596 0.749800 -0.932600 1 23 1.000000
cap
  23 -0.388665 -43.176140 58.139977 -0.420672 -0.000313 -0.907213 0.749800 -0.932600 1 23 1.000000
  23 0.059877 -43.262775 58.019962 -0.024001 -0.502192 -0.864423 0.500000 -0.999500 1 23 1.000000
  23 -0.388665 -43.262737 58.140003 -0.453054 -0.502163 -0.736596 0.749800 -0.932600 1 23 1.000000
cap
  23 -0.388665 -43.176140 58.139977 -0.420672 -0.000313 -0.907213 0.749800 -0.932600 1 23 1.000000
  23 0.059877 -43.176178 58.019932 0.089347 -0.000344 -0.996000 0.500000 -0.999500 1 23 1.000000
  23 0.059877 -43.262775 58.019962 -0.024001 -0.502192 -0.864423 0.500000 -0.999500 1 23 1.000000
cap
  23 0.059877 -43.176178 58.019932 0.089347 -0.000344 -0.996000 0.500000 -0.999500 1 23 1.000000
  23 0.508335 -43.262737 58.140316 0.411554 -0.502153 -0.760569 0.250200 -0.932600 1 23 1.000000
  23 0.059877 -43.262775 58.019962 -0.024001 -0.502192 -0.864423 0.500000 -0.999500 1 23 1.000000
cap
  23 0.059877 -43.176178 58.019932 0.089347 -0.000344 -0.996000 0.500000 -0.999500 1 23 1.000000
  23 0.508335 -43.176140 58.140285 0.575374 -0.000283 -0.817890 0.250200 -0.932600 1 23 1.000000
  23 0.508335 -43.262737 58.140316 0.411554 -0.502153 -0.760569 0.250200 -0.932600 1 23 1.000000
cap
  23 0.508335 -43.176140 58.140285 0.575374 -0.000283 -0.817890 0.250200 -0.932600 1 23 1.000000
  23 0.836622 -43.262623 58.468830 0.736770 -0.502065 -0.452880 0.067400 -0.749800 1 23 1.000000
  23 0.508335 -43.262737 58.140316 0.411554 -0.502153 -0.760569 0.250200 -0.932600 1 23 1.000000
cap
  23 0.508335 -43.176140 58.140285 0.575374 -0.000283 -0.817890 0.250200 -0.932600 1 23 1.000000
  23 0.836622 -43.176025 58.468803 0.907213 -0.000145 -0.420672 0.067400 -0.749800 1 23 1.000000
  23 0.836622 -43.262623 58.468830 0.736770 -0.502065 -0.452880 0.067400 -0.749800 1 23 1.000000
cap
  23 0.836622 -43.176025 58.468803 0.907213 -0.000145 -0.420672 0.067400 -0.749800 1 23 1.000000
  23 0.956567 -43.262466 58.917370 0.864596 -0.501902 -0.023828 0.000500 -0.500000 1 23 1.000000
  23 0.836622 -43.262623 58.468830 0.736770 -0.502065 -0.452880 0.067400 -0.749800 1 23 1.000000
cap
  23 0.836622 -43.176025 58.468803 0.907213 -0.000145 -0.420672 0.067400 -0.749800 1 23 1.000000
  23 0.956567 -43.175869 58.917339 0.996000 0.000031 0.089347 0.000500 -0.500000 1 23 1.000000
  23 0.956567 -43.262466 58.917370 0.864596 -0.501902 -0.023828 0.000500 -0.500000 1 23 1.000000
cap
  23 0.508335 -43.262737 58.140316 0.411554 -0.502153 -0.760569 0.250200 -0.932600 1 23 1.000000
  23 0.747204 -43.323505 58.520321 0.761027 -0.502032 -0.410856 0.117200 -0.721000 1 23 1.000000
  23 0.456704 -43.323605 58.229717 0.453562 -0.502163 -0.736283 0.279000 -0.882800 1 23 1.000000
cap
  23 0.508335 -43.262737 58.140316 0.411554 -0.502153 -0.760569 0.250200 -0.932600 1 23 1.000000
  23 0.836622 -43.262623 58.468830 0.736770 -0.502065 -0.452880 0.067400 -0.749800 1 23 1.000000
  23 0.747204 -43.323505 58.520321 0.761027 -0.502032 -0.410856 0.117200 -0.721000 1 23 1.000000
cap
  23 0.836622 -43.262623 58.468830 0.736770 -0.502065 -0.452880 0.067400 -0.749800 1 23 1.000000
  23 0.853367 -43.323368 58.917355 0.864579 -0.501885 0.024771 0.058000 -0.500000 1 23 1.000000
  23 0.747204 -43.323505 58.520321 0.761027 -0.502032 -0.410856 0.117200 -0.721000 1 23 1.000000
cap
  23 0.836622 -43.262623 58.468830 0.736770 -0.502065 -0.452880 0.067400 -0.749800 1 23 1.000000
  23 0.956567 -43.262466 58.917370 0.864596 -0.501902 -0.023828 0.000500 -0.500000 1 23 1.000000
  23 0.853367 -43.323368 58.917355 0.864579 -0.501885 0.024771 0.058000 -0.500000 1 23 1.000000
cap
  23 0.956567 -43.262466 58.917370 0.864596 -0.501902 -0.023828 0.000500 -0.500000 1 23 1.000000
  23 0.746930 -43.323231 59.314220 0.736457 -0.501752 0.453736 0.117200 -0.279000 1 23 1.000000
  23 0.853367 -43.323368 58.917355 0.864579 -0.501885 0.024771 0.058000 -0.500000 1 23 1.000000
cap
  23 0.956567 -43.262466 58.917370 0.864596 -0.501902 -0.023828 0.000500 -0.500000 1 23 1.000000
  23 0.836312 -43.262314 59.365829 0.760743 -0.501748 0.411728 0.067400 -0.250200 1 23 1.000000
  23 0.746930 -43.323231 59.314220 0.736457 -0.501752 0.453736 0.117200 -0.279000 1 23 1.000000
cap
  23 0.956567 -43.175869 58.917339 0.996000 0.000031 0.089347 0.000500 -0.500000 1 23 1.000000
  23 0.836312 -43.262314 59.365829 0.760743 -0.501748 0.411728 0.067400 -0.250200 1 23 1.000000
  23 0.956567 -43.262466 58.917370 0.864596 -0.501902 -0.023828 0.000500 -0.500000 1 23 1.000000
cap
  23 0.956567 -43.175869 58.917339 0.996000 0.000031 0.089347 0.000500 -0.500000 1 23 1.000000
  23 0.836312 -43.175716 59.365799 0.817890 0.000199 0.575374 0.067400 -0.250200 1 23 1.000000
  23 0.836312 -43.262314 59.365829 0.760743 -0.501748 0.411728 0.067400 -0.250200 1 23 1.000000
cap
  23 0.836312 -43.175716 59.365799 0.817890 0.000199 0.575374 0.067400 -0.250200 1 23 1.000000
  23 0.507799 -43.262199 59.694019 0.453054 -0.501655 0.736943 0.250200 -0.067400 1 23 1.000000
  23 0.836312 -43.262314 59.365829 0.760743 -0.501748 0.411728 0.067400 -0.250200 1 23 1.000000
cap
  23 0.836312 -43.175716 59.365799 0.817890 0.000199 0.575374 0.067400 -0.250200 1 23 1.000000
  23 0.507799 -43.175602 59.693989 0.420672 0.000313 0.907213 0.250200 -0.067400 1 23 1.000000
  23 0.507799 -43.262199 59.694019 0.453054 -0.501655 0.736943 0.250200 -0.067400 1 23 1.000000
cap
  23 0.507799 -43.175602 59.693989 0.420672 0.000313 0.907213 0.250200 -0.067400 1 23 1.000000
  23 0.059257 -43.262157 59.814060 0.024001 -0.501594 0.864770 0.500000 -0.000500 1 23 1.000000
  23 0.507799 -43.262199 59.694019 0.453054 -0.501655 0.736943 0.250200 -0.067400 1 23 1.000000
cap
  23 0.507799 -43.175602 59.693989 0.420672 0.000313 0.907213 0.250200 -0.067400 1 23 1.000000
  23 0.059257 -43.175560 59.814030 -0.089347 0.000344 0.996000 0.500000 -0.000500 1 23 1.000000
  23 0.059257 -43.262157 59.814060 0.024001 -0.501594 0.864770 0.500000 -0.000500 1 23 1.000000
cap
  23 0.059257 -43.175560 59.814030 -0.089347 0.000344 0.996000 0.500000 -0.000500 1 23 1.000000
  23 -0.389201 -43.262199 59.693707 -0.411555 -0.501627 0.760916 0.749800 -0.067400 1 23 1.000000
  23 0.059257 -43.262157 59.814060 0.024001 -0.501594 0.864770 0.500000 -0.000500 1 23 1.000000
cap
  23 0.059257 -43.175560 59.814030 -0.089347 0.000344 0.996000 0.500000 -0.000500 1 23 1.000000
  23 -0.389201 -43.175602 59.693680 -0.575374 0.000283 0.817890 0.749800 -0.067400 1 23 1.000000
  23 -0.389201 -43.262199 59.693707 -0.411555 -0.501627 0.760916 0.749800 -0.067400 1 23 1.000000
cap
  23 -0.389201 -43.175602 59.693680 -0.575374 0.000283 0.817890 0.749800 -0.067400 1 23 1.000000
  23 -0.717388 -43.262314 59.365295 -0.736770 -0.501752 0.453227 0.932600 -0.250200 1 23 1.000000
  23 -0.389201 -43.262199 59.693707 -0.411555 -0.501627 0.760916 0.749800 -0.067400 1 23 1.000000
cap
  23 -0.389201 -43.175602 59.693680 -0.575374 0.000283 0.817890 0.749800 -0.067400 1 23 1.000000
  23 -0.717388 -43.175716 59.365265 -0.907213 0.000145 0.420672 0.932600 -0.250200 1 23 1.000000
  23 -0.717388 -43.262314 59.365295 -0.736770 -0.501752 0.453227 0.932600 -0.250200 1 23 1.000000
cap
  23 -0.717388 -43.175716 59.365265 -0.907213 0.000145 0.420672 0.932600 -0.250200 1 23 1.000000
  23 -0.837433 -43.262466 58.916752 -0.864596 -0.501885 0.024174 0.999500 -0.500000 1 23 1.000000
  23 -0.717388 -43.262314 59.365295 -0.736770 -0.501752 0.453227 0.932600 -0.250200 1 23 1.000000
cap
  23 -0.717388 -43.175716 59.365265 -0.907213 0.000145 0.420672 0.932600 -0.250200 1 23 1.000000
  23 -0.837433 -43.175869 58.916721 -0.996000 -0.000031 -0.089347 0.999500 -0.500000 1 23 1.000000
  23 -0.837433 -43.262466 58.916752 -0.864596 -0.501885 0.024174 0.999500 -0.500000 1 23 1.000000
shellside
  23 0.747204 -43.323505 58.520321 0.761027 -0.502032 -0.410856 0.666700 -0.999500 1 23 1.000000
  23 0.853367 -43.323368 58.917355 0.864579 -0.501885 0.024771 0.750000 -0.999500 1 23 1.000000
  23 0.853366 -47.210167 58.918697 0.996062 -0.000031 -0.088659 0.750000 -0.000500 1 23 1.000000
shellside
  23 0.853367 -43.323368 58.917355 0.864579 -0.501885 0.024771 0.750000 -0.999500 1 23 1.000000
  23 0.746929 -47.210030 59.315563 0.906922 0.000145 0.421298 0.833300 -0.000500 1 23 1.000000
  23 0.853366 -47.210167 58.918697 0.996062 -0.000031 -0.088659 0.750000 -0.000500 1 23 1.000000
shellside
  23 0.853367 -43.323368 58.917355 0.864579 -0.501885 0.024771 0.750000 -0.999500 1 23 1.000000
  23 0.746930 -43.323231 59.314220 0.736457 -0.501752 0.453736 0.833300 -0.999500 1 23 1.000000
  23 0.746929 -47.210030 59.315563 0.906922 0.000145 0.421298 0.833300 -0.000500 1 23 1.000000
shellside
  23 0.746930 -43.323231 59.314220 0.736457 -0.501752 0.453736 0.833300 -0.999500 1 23 1.000000
  23 0.456229 -47.209930 59.605961 0.574809 0.000282 0.818287 0.916700 -0.000500 1 23 1.000000
  23 0.746929 -47.210030 59.315563 0.906922 0.000145 0.421298 0.833300 -0.000500 1 23 1.000000
shellside
  23 0.746930 -43.323231 59.314220 0.736457 -0.501752 0.453736 0.833300 -0.999500 1 23 1.000000
  23 0.456230 -43.323132 59.604618 0.411029 -0.501627 0.761200 0.916700 -0.999500 1 23 1.000000
  23 0.456229 -47.209930 59.605961 0.574809 0.000282 0.818287 0.916700 -0.000500 1 23 1.000000
shellside
  23 0.456230 -43.323132 59.604618 0.411029 -0.501627 0.761200 0.916700 -0.999500 1 23 1.000000
  23 0.059292 -47.209892 59.712223 0.088659 0.000344 0.996062 1.000000 -0.000500 1 23 1.000000
  23 0.456229 -47.209930 59.605961 0.574809 0.000282 0.818287 0.916700 -0.000500 1 23 1.000000
shellside
  23 0.456230 -43.323132 59.604618 0.411029 -0.501627 0.761200 -0.083300 -0.999500 1 23 1.000000
  23 0.059293 -43.323093 59.710880 -0.024598 -0.501594 0.864753 0.000000 -0.999500 1 23 1.000000
  23 0.059292 -47.209892 59.712223 0.088659 0.000344 0.996062 0.000000 -0.000500 1 23 1.000000
shellside
  23 0.059293 -43.323093 59.710880 -0.024598 -0.501594 0.864753 0.000000 -0.999500 1 23 1.000000
  23 -0.337571 -47.209930 59.605686 -0.421298 0.000313 0.906922 0.083300 -0.000500 1 23 1.000000
  23 0.059292 -47.209892 59.712223 0.088659 0.000344 0.996062 0.000000 -0.000500 1 23 1.000000
shellside
  23 0.059293 -43.323093 59.710880 -0.024598 -0.501594 0.864753 0.000000 -0.999500 1 23 1.000000
  23 -0.337570 -43.323132 59.604347 -0.453563 -0.501655 0.736629 0.083300 -0.999500 1 23 1.000000
  23 -0.337571 -47.209930 59.605686 -0.421298 0.000313 0.906922 0.083300 -0.000500 1 23 1.000000
shellside
  23 -0.337570 -43.323132 59.604347 -0.453563 -0.501655 0.736629 0.083300 -0.999500 1 23 1.000000
  23 -0.627971 -47.210030 59.315086 -0.818287 0.000199 0.574809 0.166700 -0.000500 1 23 1.000000
  23 -0.337571 -47.209930 59.605686 -0.421298 0.000313 0.906922 0.083300 -0.000500 1 23 1.000000
shellside
  23 -0.337570 -43.323132 59.604347 -0.453563 -0.501655 0.736629 0.083300 -0.999500 1 23 1.000000
  23 -0.627970 -43.323231 59.313744 -0.761027 -0.501748 0.411202 0.166700 -0.999500 1 23 1.000000
  23 -0.627971 -47.210030 59.315086 -0.818287 0.000199 0.574809 0.166700 -0.000500 1 23 1.000000
shellside
  23 -0.627970 -43.323231 59.313744 -0.761027 -0.501748 0.411202 0.166700 -0.999500 1 23 1.000000
  23 -0.734234 -47.210167 58.918152 -0.996062 0.000031 0.088659 0.250000 -0.000500 1 23 1.000000
  23 -0.627971 -47.210030 59.315086 -0.818287 0.000199 0.574809 0.166700 -0.000500 1 23 1.000000
shellside
  23 -0.627970 -43.323231 59.313744 -0.761027 -0.501748 0.411202 0.166700 -0.999500 1 23 1.000000
  23 -0.734233 -43.323368 58.916809 -0.864580 -0.501901 -0.024425 0.250000 -0.999500 1 23 1.000000
  23 -0.734234 -47.210167 58.918152 -0.996062 0.000031 0.088659 0.250000 -0.000500 1 23 1.000000
shellside
  23 -0.734233 -43.323368 58.916809 -0.864580 -0.501901 -0.024425 0.250000 -0.999500 1 23 1.000000
  23 -0.627696 -47.210304 58.521187 -0.906922 -0.000145 -0.421298 0.333300 -0.000500 1 23 1.000000
  23 -0.734234 -47.210167 58.918152 -0.996062 0.000031 0.088659 0.250000 -0.000500 1 23 1.000000
shellside
  23 -0.734233 -43.323368 58.916809 -0.864580 -0.501901 -0.024425 0.250000 -0.999500 1 23 1.000000
  23 -0.627696 -43.323505 58.519844 -0.736457 -0.502065 -0.453389 0.333300 -0.999500 1 23 1.000000
  23 -0.627696 -47.210304 58.521187 -0.906922 -0.000145 -0.421298 0.333300 -0.000500 1 23 1.000000
shellside
  23 -0.627696 -43.323505 58.519844 -0.736457 -0.502065 -0.453389 0.333300 -0.999500 1 23 1.000000
  23 -0.337096 -47.210403 58.230789 -0.574809 -0.000282 -0.818287 0.416700 -0.000500 1 23 1.000000
  23 -0.627696 -47.210304 58.521187 -0.906922 -0.000145 -0.421298 0.333300 -0.000500 1 23 1.000000
shellside
  23 -0.627696 -43.323505 58.519844 -0.736457 -0.502065 -0.453389 0.333300 -0.999500 1 23 1.000000
  23 -0.337096 -43.323605 58.229446 -0.411029 -0.502153 -0.760853 0.416700 -0.999500 1 23 1.000000
  23 -0.337096 -47.210403 58.230789 -0.574809 -0.000282 -0.818287 0.416700 -0.000500 1 23 1.000000
shellside
  23 -0.337096 -43.323605 58.229446 -0.411029 -0.502153 -0.760853 0.416700 -0.999500 1 23 1.000000
  23 0.059840 -47.210442 58.124523 -0.088659 -0.000344 -0.996062 0.500000 -0.000500 1 23 1.000000
  23 -0.337096 -47.210403 58.230789 -0.574809 -0.000282 -0.818287 0.416700 -0.000500 1 23 1.000000
shellside
  23 -0.337096 -43.323605 58.229446 -0.411029 -0.502153 -0.760853 0.416700 -0.999500 1 23 1.000000
  23 0.059841 -43.323643 58.123184 0.024598 -0.502192 -0.864406 0.500000 -0.999500 1 23 1.000000
  23 0.059840 -47.210442 58.124523 -0.088659 -0.000344 -0.996062 0.500000 -0.000500 1 23 1.000000
shellside
  23 0.059841 -43.323643 58.123184 0.024598 -0.502192 -0.864406 0.500000 -0.999500 1 23 1.000000
  23 0.456704 -47.210403 58.231060 0.421298 -0.000313 -0.906922 0.583300 -0.000500 1 23 1.000000
  23 0.059840 -47.210442 58.124523 -0.088659 -0.000344 -0.996062 0.500000 -0.000500 1 23 1.000000
shellside
  23 0.059841 -43.323643 58.123184 0.024598 -0.502192 -0.864406 0.500000 -0.999500 1 23 1.000000
  23 0.456704 -43.323605 58.229717 0.453562 -0.502163 -0.736283 0.583300 -0.999500 1 23 1.000000
  23 0.456704 -47.210403 58.231060 0.421298 -0.000313 -0.906922 0.583300 -0.000500 1 23 1.000000
shellside
  23 0.456704 -43.323605 58.229717 0.453562 -0.502163 -0.736283 0.583300 -0.999500 1 23 1.000000
  23 0.747203 -47.210304 58.521664 0.818287 -0.000199 -0.574809 0.666700 -0.000500 1 23 1.000000
  23 0.456704 -47.210403 58.231060 0.421298 -0.000313 -0.906922 0.583300 -0.000500 1 23 1.000000
shellside
  23 0.456704 -43.323605 58.229717 0.453562 -0.502163 -0.736283 0.583300 -0.999500 1 23 1.000000
  23 0.747204 -43.323505 58.520321 0.761027 -0.502032 -0.410856 0.666700 -0.999500 1 23 1.000000
  23 0.747203 -47.210304 58.521664 0.818287 -0.000199 -0.574809 0.666700 -0.000500 1 23 1.000000
shellside
  23 0.747204 -43.323505 58.520321 0.761027 -0.502032 -0.410856 0.666700 -0.999500 1 23 1.000000
  23 0.853366 -47.210167 58.918697 0.996062 -0.000031 -0.088659 0.750000 -0.000500 1 23 1.000000
  23 0.747203 -47.210304 58.521664 0.818287 -0.000199 -0.574809 0.666700 -0.000500 1 23 1.000000
hand2
  27 -8.317122 -30.396578 55.982822 0.568882 -0.209677 -0.795241 0.904300 -0.243400 1 27 1.000000
  27 -7.909651 -31.477051 56.647636 0.890216 -0.260225 -0.373897 0.833300 -0.097600 1 27 1.000000
  27 -8.384565 -31.229136 56.110485 0.303928 -0.130927 -0.943655 0.882900 -0.112800 1 27 1.000000
hand2
  27 -7.142008 -30.024990 60.291496 0.491272 -0.837364 -0.239736 0.359200 -0.397300 1 27 1.000000
  27 -7.282752 -29.892149 59.545605 0.721057 -0.663558 -0.199418 0.459200 -0.402700 1 27 1.000000
  27 -6.489409 -29.743093 60.289925 0.766020 -0.583714 -0.269243 0.398000 -0.461700 1 27 1.000000
hand2
  27 -7.282752 -29.892149 59.545605 0.721057 -0.663558 -0.199418 0.459200 -0.402700 1 27 1.000000
  27 -7.142008 -30.024990 60.291496 0.491272 -0.837364 -0.239736 0.359200 -0.397300 1 27 1.000000
  27 -7.614821 -30.416578 60.039669 0.916434 -0.397606 0.045356 0.370400 -0.317800 1 27 1.000000
hand2
  27 -7.614821 -30.416578 60.039669 0.916434 -0.397606 0.045356 0.370400 -0.317800 1 27 1.000000
  27 -7.728187 -30.654015 59.067413 0.967983 -0.250996 -0.003179 0.500100 -0.262800 1 27 1.000000
  27 -7.282752 -29.892149 59.545605 0.721057 -0.663558 -0.199418 0.459200 -0.402700 1 27 1.000000
hand2
  27 -7.614821 -30.416578 60.039669 0.916434 -0.397606 0.045356 0.370400 -0.317800 1 27 1.000000
  27 -7.700890 -31.435312 59.654892 0.970601 -0.234515 -0.054183 0.418600 -0.152100 1 27 1.000000
  27 -7.728187 -30.654015 59.067413 0.967983 -0.250996 -0.003179 0.500100 -0.262800 1 27 1.000000
hand2
  27 -7.785658 -31.472042 58.697475 0.938290 -0.341708 -0.053356 0.549300 -0.128700 1 27 1.000000
  27 -7.728187 -30.654015 59.067413 0.967983 -0.250996 -0.003179 0.500100 -0.262800 1 27 1.000000
  27 -7.700890 -31.435312 59.654892 0.970601 -0.234515 -0.054183 0.418600 -0.152100 1 27 1.000000
hand2
  27 -7.700890 -31.435312 59.654892 0.970601 -0.234515 -0.054183 0.418600 -0.152100 1 27 1.000000
  27 -7.931501 -31.977499 59.112499 0.866731 -0.478539 -0.140633 0.476900 -0.037700 1 27 1.000000
  27 -7.785658 -31.472042 58.697475 0.938290 -0.341708 -0.053356 0.549300 -0.128700 1 27 1.000000
hand2
  27 -8.089799 -31.893801 58.524319 0.759156 -0.645253 -0.085618 0.557600 -0.053800 1 27 1.000000
  27 -7.785658 -31.472042 58.697475 0.938290 -0.341708 -0.053356 0.549300 -0.128700 1 27 1.000000
  27 -7.931501 -31.977499 59.112499 0.866731 -0.478539 -0.140633 0.476900 -0.037700 1 27 1.000000
hand2
  27 -7.931501 -31.977499 59.112499 0.866731 -0.478539 -0.140633 0.476900 -0.037700 1 27 1.000000
  27 -8.611808 -32.389393 58.554504 0.194979 -0.977996 0.074207 0.524900 0.037000 1 27 1.000000
  27 -8.089799 -31.893801 58.524319 0.759156 -0.645253 -0.085618 0.557600 -0.053800 1 27 1.000000
hand2
  27 -8.089799 -31.893801 58.524319 0.759156 -0.645253 -0.085618 0.557600 -0.053800 1 27 1.000000
  27 -8.611808 -32.389393 58.554504 0.194979 -0.977996 0.074207 0.524900 0.037000 1 27 1.000000
  27 -8.073164 -31.994936 57.846958 0.847785 -0.528696 -0.041723 0.654400 -0.028800 1 27 1.000000
hand2
  27 -8.073164 -31.994936 57.846958 0.847785 -0.528696 -0.041723 0.654400 -0.028800 1 27 1.000000
  27 -7.785658 -31.472042 58.697475 0.938290 -0.341708 -0.053356 0.549300 -0.128700 1 27 1.000000
  27 -8.089799 -31.893801 58.524319 0.759156 -0.645253 -0.085618 0.557600 -0.053800 1 27 1.000000
hand2
  27 -7.785658 -31.472042 58.697475 0.938290 -0.341708 -0.053356 0.549300 -0.128700 1 27 1.000000
  27 -8.073164 -31.994936 57.846958 0.847785 -0.528696 -0.041723 0.654400 -0.028800 1 27 1.000000
  27 -7.852962 -31.422838 57.551338 0.935233 -0.352120 -0.036756 0.708100 -0.119500 1 27 1.000000
hand2
  27 -7.551366 -30.654436 57.561272 0.956554 -0.289125 -0.037571 0.724300 -0.247900 1 27 1.000000
  27 -7.785658 -31.472042 58.697475 0.938290 -0.341708 -0.053356 0.549300 -0.128700 1 27 1.000000
  27 -7.852962 -31.422838 57.551338 0.935233 -0.352120 -0.036756 0.708100 -0.119500 1 27 1.000000
hand2
  27 -7.909651 -31.477051 56.647636 0.890216 -0.260225 -0.373897 0.833300 -0.097600 1 27 1.000000
  27 -7.551366 -30.654436 57.561272 0.956554 -0.289125 -0.037571 0.724300 -0.247900 1 27 1.000000
  27 -7.852962 -31.422838 57.551338 0.935233 -0.352120 -0.036756 0.708100 -0.119500 1 27 1.000000
hand2
  27 -7.551366 -30.654436 57.561272 0.956554 -0.289125 -0.037571 0.724300 -0.247900 1 27 1.000000
  27 -7.909651 -31.477051 56.647636 0.890216 -0.260225 -0.373897 0.833300 -0.097600 1 27 1.000000
  27 -7.705359 -30.538641 56.384781 0.742555 -0.258028 -0.618089 0.882000 -0.245200 1 27 1.000000
hand2
  27 -7.909651 -31.477051 56.647636 0.890216 -0.260225 -0.373897 0.833300 -0.097600 1 27 1.000000
  27 -8.317122 -30.396578 55.982822 0.568882 -0.209677 -0.795241 0.904300 -0.243400 1 27 1.000000
  27 -7.705359 -30.538641 56.384781 0.742555 -0.258028 -0.618089 0.882000 -0.245200 1 27 1.000000
hand2
  27 -7.997921 -29.061880 55.978970 0.523572 -0.101188 -0.845951 0.922300 -0.461800 1 27 1.000000
  27 -7.705359 -30.538641 56.384781 0.742555 -0.258028 -0.618089 0.882000 -0.245200 1 27 1.000000
  27 -8.317122 -30.396578 55.982822 0.568882 -0.209677 -0.795241 0.904300 -0.243400 1 27 1.000000
hand2
  27 -7.705359 -30.538641 56.384781 0.742555 -0.258028 -0.618089 0.882000 -0.245200 1 27 1.000000
  27 -7.997921 -29.061880 55.978970 0.523572 -0.101188 -0.845951 0.922300 -0.461800 1 27 1.000000
  27 -7.233090 -29.270010 56.472908 0.855263 -0.202864 -0.476834 0.897900 -0.458900 1 27 1.000000
hand2
  27 -7.689559 -27.539440 56.094650 0.146636 0.049857 -0.987933 0.924900 -0.711400 1 27 1.000000
  27 -7.233090 -29.270010 56.472908 0.855263 -0.202864 -0.476834 0.897900 -0.458900 1 27 1.000000
  27 -7.997921 -29.061880 55.978970 0.523572 -0.101188 -0.845951 0.922300 -0.461800 1 27 1.000000
hand2
  27 -7.700890 -31.435312 59.654892 0.970601 -0.234515 -0.054183 0.418600 -0.152100 1 27 1.000000
  27 -7.614821 -30.416578 60.039669 0.916434 -0.397606 0.045356 0.370400 -0.317800 1 27 1.000000
  27 -7.737605 -31.301397 60.279232 0.975914 0.009875 0.217931 0.327600 -0.177300 1 27 1.000000
hand2
  27 -7.233090 -29.270010 56.472908 0.855263 -0.202864 -0.476834 0.897900 -0.458900 1 27 1.000000
  27 -7.551366 -30.654436 57.561272 0.956554 -0.289125 -0.037571 0.724300 -0.247900 1 27 1.000000
  27 -7.705359 -30.538641 56.384781 0.742555 -0.258028 -0.618089 0.882000 -0.245200 1 27 1.000000
hand2
  27 -7.551366 -30.654436 57.561272 0.956554 -0.289125 -0.037571 0.724300 -0.247900 1 27 1.000000
  27 -7.233090 -29.270010 56.472908 0.855263 -0.202864 -0.476834 0.897900 -0.458900 1 27 1.000000
  27 -7.151595 -29.313906 57.643650 0.928929 -0.356733 -0.099156 0.738300 -0.471400 1 27 1.000000
hand2
  27 -7.233090 -29.270010 56.472908 0.855263 -0.202864 -0.476834 0.897900 -0.458900 1 27 1.000000
  27 -6.701653 -27.530848 57.810989 0.970881 -0.136570 -0.196820 0.746700 -0.766500 1 27 1.000000
  27 -7.151595 -29.313906 57.643650 0.928929 -0.356733 -0.099156 0.738300 -0.471400 1 27 1.000000
hand2
  27 -7.151595 -29.313906 57.643650 0.928929 -0.356733 -0.099156 0.738300 -0.471400 1 27 1.000000
  27 -6.701653 -27.530848 57.810989 0.970881 -0.136570 -0.196820 0.746700 -0.766500 1 27 1.000000
  27 -6.577569 -28.895634 59.014503 0.887476 -0.360290 -0.287362 0.580000 -0.574100 1 27 1.000000
hand2
  27 -6.701653 -27.530848 57.810989 0.970881 -0.136570 -0.196820 0.746700 -0.766500 1 27 1.000000
  27 -7.233090 -29.270010 56.472908 0.855263 -0.202864 -0.476834 0.897900 -0.458900 1 27 1.000000
  27 -6.867126 -27.491776 56.574917 0.770036 -0.046121 -0.636331 0.909300 -0.749600 1 27 1.000000
hand2
  27 -6.577569 -28.895634 59.014503 0.887476 -0.360290 -0.287362 0.580000 -0.574100 1 27 1.000000
  27 -6.701653 -27.530848 57.810989 0.970881 -0.136570 -0.196820 0.746700 -0.766500 1 27 1.000000
  27 -6.273284 -28.103317 59.348434 0.987354 0.148615 0.055188 0.554400 -0.712400 1 27 1.000000
hand2
  27 -6.273284 -28.103317 59.348434 0.987354 0.148615 0.055188 0.554400 -0.712400 1 27 1.000000
  27 -6.701653 -27.530848 57.810989 0.970881 -0.136570 -0.196820 0.746700 -0.766500 1 27 1.000000
  27 -6.434437 -27.323063 59.503010 0.919900 0.191422 0.342258 0.526900 -0.831700 1 27 1.000000
hand2
  27 -6.434437 -27.323063 59.503010 0.919900 0.191422 0.342258 0.526900 -0.831700 1 27 1.000000
  27 -6.730544 -28.021257 60.390648 0.775843 0.421665 0.469325 0.380000 -0.726100 1 27 1.000000
  27 -6.273284 -28.103317 59.348434 0.987354 0.148615 0.055188 0.554400 -0.712400 1 27 1.000000
hand2
  27 -6.273284 -28.103317 59.348434 0.987354 0.148615 0.055188 0.554400 -0.712400 1 27 1.000000
  27 -6.730544 -28.021257 60.390648 0.775843 0.421665 0.469325 0.380000 -0.726100 1 27 1.000000
  27 -6.240865 -28.917135 60.451229 0.980617 0.127947 0.148390 0.394800 -0.601500 1 27 1.000000
hand2
  27 -6.240865 -28.917135 60.451229 0.980617 0.127947 0.148390 0.394800 -0.601500 1 27 1.000000
  27 -6.577569 -28.895634 59.014503 0.887476 -0.360290 -0.287362 0.580000 -0.574100 1 27 1.000000
  27 -6.273284 -28.103317 59.348434 0.987354 0.148615 0.055188 0.554400 -0.712400 1 27 1.000000
hand2
  27 -6.489409 -29.743093 60.289925 0.766020 -0.583714 -0.269243 0.398000 -0.461700 1 27 1.000000
  27 -6.577569 -28.895634 59.014503 0.887476 -0.360290 -0.287362 0.580000 -0.574100 1 27 1.000000
  27 -6.240865 -28.917135 60.451229 0.980617 0.127947 0.148390 0.394800 -0.601500 1 27 1.000000
hand2
  27 -6.577569 -28.895634 59.014503 0.887476 -0.360290 -0.287362 0.580000 -0.574100 1 27 1.000000
  27 -6.489409 -29.743093 60.289925 0.766020 -0.583714 -0.269243 0.398000 -0.461700 1 27 1.000000
  27 -7.282752 -29.892149 59.545605 0.721057 -0.663558 -0.199418 0.459200 -0.402700 1 27 1.000000
hand2
  27 -7.282752 -29.892149 59.545605 0.721057 -0.663558 -0.199418 0.459200 -0.402700 1 27 1.000000
  27 -7.151595 -29.313906 57.643650 0.928929 -0.356733 -0.099156 0.738300 -0.471400 1 27 1.000000
  27 -6.577569 -28.895634 59.014503 0.887476 -0.360290 -0.287362 0.580000 -0.574100 1 27 1.000000
hand2
  27 -7.151595 -29.313906 57.643650 0.928929 -0.356733 -0.099156 0.738300 -0.471400 1 27 1.000000
  27 -7.282752 -29.892149 59.545605 0.721057 -0.663558 -0.199418 0.459200 -0.402700 1 27 1.000000
  27 -7.728187 -30.654015 59.067413 0.967983 -0.250996 -0.003179 0.500100 -0.262800 1 27 1.000000
hand2
  27 -7.728187 -30.654015 59.067413 0.967983 -0.250996 -0.003179 0.500100 -0.262800 1 27 1.000000
  27 -7.551366 -30.654436 57.561272 0.956554 -0.289125 -0.037571 0.724300 -0.247900 1 27 1.000000
  27 -7.151595 -29.313906 57.643650 0.928929 -0.356733 -0.099156 0.738300 -0.471400 1 27 1.000000
hand2
  27 -7.785658 -31.472042 58.697475 0.938290 -0.341708 -0.053356 0.549300 -0.128700 1 27 1.000000
  27 -7.551366 -30.654436 57.561272 0.956554 -0.289125 -0.037571 0.724300 -0.247900 1 27 1.000000
  27 -7.728187 -30.654015 59.067413 0.967983 -0.250996 -0.003179 0.500100 -0.262800 1 27 1.000000
hand2
  27 -6.351608 -29.738195 60.865673 0.936161 -0.350890 -0.021854 0.322600 -0.476700 1 27 1.000000
  27 -6.489409 -29.743093 60.289925 0.766020 -0.583714 -0.269243 0.398000 -0.461700 1 27 1.000000
  27 -6.240865 -28.917135 60.451229 0.980617 0.127947 0.148390 0.394800 -0.601500 1 27 1.000000
hand2
  27 -6.351608 -29.738195 60.865673 0.936161 -0.350890 -0.021854 0.322600 -0.476700 1 27 1.000000
  27 -7.142008 -30.024990 60.291496 0.491272 -0.837364 -0.239736 0.359200 -0.397300 1 27 1.000000
  27 -6.489409 -29.743093 60.289925 0.766020 -0.583714 -0.269243 0.398000 -0.461700 1 27 1.000000
hand2
  27 -7.233090 -29.270010 56.472908 0.855263 -0.202864 -0.476834 0.897900 -0.458900 1 27 1.000000
  27 -7.689559 -27.539440 56.094650 0.146636 0.049857 -0.987933 0.924900 -0.711400 1 27 1.000000
  27 -6.867126 -27.491776 56.574917 0.770036 -0.046121 -0.636331 0.909300 -0.749600 1 27 1.000000
hand2
  26 -7.600306 -26.601692 56.229958 0.219832 0.118164 -0.968355 0.910300 -0.870600 1 26 1.000000
  27 -6.867126 -27.491776 56.574917 0.770036 -0.046121 -0.636331 0.909300 -0.749600 1 27 1.000000
  27 -7.689559 -27.539440 56.094650 0.146636 0.049857 -0.987933 0.924900 -0.711400 1 27 1.000000
hand2
  26 -6.643719 -25.865582 56.845833 0.889974 -0.075157 -0.449776 0.880900 -1.026100 1 26 1.000000
  27 -6.867126 -27.491776 56.574917 0.770036 -0.046121 -0.636331 0.909300 -0.749600 1 27 1.000000
  26 -7.600306 -26.601692 56.229958 0.219832 0.118164 -0.968355 0.910300 -0.870600 1 26 1.000000
hand2
  27 -6.867126 -27.491776 56.574917 0.770036 -0.046121 -0.636331 0.909300 -0.749600 1 27 1.000000
  26 -6.643719 -25.865582 56.845833 0.889974 -0.075157 -0.449776 0.880900 -1.026100 1 26 1.000000
  27 -6.701653 -27.530848 57.810989 0.970881 -0.136570 -0.196820 0.746700 -0.766500 1 27 1.000000
hand2
  26 -6.377217 -25.954084 58.001457 0.986927 -0.118337 -0.109417 0.740300 -1.024800 1 26 1.000000
  27 -6.701653 -27.530848 57.810989 0.970881 -0.136570 -0.196820 0.746700 -0.766500 1 27 1.000000
  26 -6.643719 -25.865582 56.845833 0.889974 -0.075157 -0.449776 0.880900 -1.026100 1 26 1.000000
hand2
  26 -6.377217 -25.954084 58.001457 0.986927 -0.118337 -0.109417 0.740300 -1.024800 1 26 1.000000
  27 -6.434437 -27.323063 59.503010 0.919900 0.191422 0.342258 0.526900 -0.831700 1 27 1.000000
  27 -6.701653 -27.530848 57.810989 0.970881 -0.136570 -0.196820 0.746700 -0.766500 1 27 1.000000
hand2
  27 -6.434437 -27.323063 59.503010 0.919900 0.191422 0.342258 0.526900 -0.831700 1 27 1.000000
  26 -6.377217 -25.954084 58.001457 0.986927 -0.118337 -0.109417 0.740300 -1.024800 1 26 1.000000
  26 -6.436631 -25.900669 59.487217 0.853538 0.080479 0.514777 0.528400 -1.044900 1 26 1.000000
hand2
  26 -6.436631 -25.900669 59.487217 0.853538 0.080479 0.514777 0.528400 -1.044900 1 26 1.000000
  26 -7.284894 -27.232407 60.539486 0.297697 0.380002 0.875771 0.328300 -0.835100 1 26 1.000000
  27 -6.434437 -27.323063 59.503010 0.919900 0.191422 0.342258 0.526900 -0.831700 1 27 1.000000
hand2
  27 -7.229167 -27.732134 60.748577 0.442029 0.465958 0.766481 0.300500 -0.761300 1 27 1.000000
  27 -6.434437 -27.323063 59.503010 0.919900 0.191422 0.342258 0.526900 -0.831700 1 27 1.000000
  26 -7.284894 -27.232407 60.539486 0.297697 0.380002 0.875771 0.328300 -0.835100 1 26 1.000000
hand2
  27 -6.434437 -27.323063 59.503010 0.919900 0.191422 0.342258 0.526900 -0.831700 1 27 1.000000
  27 -7.229167 -27.732134 60.748577 0.442029 0.465958 0.766481 0.300500 -0.761300 1 27 1.000000
  27 -6.730544 -28.021257 60.390648 0.775843 0.421665 0.469325 0.380000 -0.726100 1 27 1.000000
hand2
  27 -6.814928 -28.472775 60.923172 0.537756 0.554194 0.635365 0.296800 -0.660900 1 27 1.000000
  27 -6.730544 -28.021257 60.390648 0.775843 0.421665 0.469325 0.380000 -0.726100 1 27 1.000000
  27 -7.229167 -27.732134 60.748577 0.442029 0.465958 0.766481 0.300500 -0.761300 1 27 1.000000
hand2
  27 -6.240865 -28.917135 60.451229 0.980617 0.127947 0.148390 0.394800 -0.601500 1 27 1.000000
  27 -6.730544 -28.021257 60.390648 0.775843 0.421665 0.469325 0.380000 -0.726100 1 27 1.000000
  27 -6.814928 -28.472775 60.923172 0.537756 0.554194 0.635365 0.296800 -0.660900 1 27 1.000000
hand2
  27 -6.814928 -28.472775 60.923172 0.537756 0.554194 0.635365 0.296800 -0.660900 1 27 1.000000
  28 -6.740777 -28.988827 61.361675 0.688520 0.464801 0.556687 0.237400 -0.583900 1 28 1.000000
  27 -6.240865 -28.917135 60.451229 0.980617 0.127947 0.148390 0.394800 -0.601500 1 27 1.000000
hand2
  27 -6.240865 -28.917135 60.451229 0.980617 0.127947 0.148390 0.394800 -0.601500 1 27 1.000000
  28 -6.740777 -28.988827 61.361675 0.688520 0.464801 0.556687 0.237400 -0.583900 1 28 1.000000
  27 -6.351608 -29.738195 60.865673 0.936161 -0.350890 -0.021854 0.322600 -0.476700 1 27 1.000000
hand2
  28 -6.586546 -29.515959 61.559811 0.791229 0.336578 0.510560 0.216900 -0.508500 1 28 1.000000
  27 -6.351608 -29.738195 60.865673 0.936161 -0.350890 -0.021854 0.322600 -0.476700 1 27 1.000000
  28 -6.740777 -28.988827 61.361675 0.688520 0.464801 0.556687 0.237400 -0.583900 1 28 1.000000
hand2
  28 -6.586546 -29.515959 61.559811 0.791229 0.336578 0.510560 0.216900 -0.508500 1 28 1.000000
  29 -6.540126 -30.235273 61.501976 0.940842 -0.336823 -0.036960 0.229000 -0.396400 1 29 1.000000
  27 -6.351608 -29.738195 60.865673 0.936161 -0.350890 -0.021854 0.322600 -0.476700 1 27 1.000000
hand2
  28 -6.586546 -29.515959 61.559811 0.791229 0.336578 0.510560 0.216900 -0.508500 1 28 1.000000
  29 -6.688187 -29.886513 61.965702 0.717995 0.409288 0.562998 0.149200 -0.443900 1 29 1.000000
  29 -6.540126 -30.235273 61.501976 0.940842 -0.336823 -0.036960 0.229000 -0.396400 1 29 1.000000
hand2
  29 -6.675948 -30.545053 62.431137 0.821847 0.254483 0.509711 0.098000 -0.349400 1 29 1.000000
  29 -6.540126 -30.235273 61.501976 0.940842 -0.336823 -0.036960 0.229000 -0.396400 1 29 1.000000
  29 -6.688187 -29.886513 61.965702 0.717995 0.409288 0.562998 0.149200 -0.443900 1 29 1.000000
hand2
  29 -6.540126 -30.235273 61.501976 0.940842 -0.336823 -0.036960 0.229000 -0.396400 1 29 1.000000
  29 -6.675948 -30.545053 62.431137 0.821847 0.254483 0.509711 0.098000 -0.349400 1 29 1.000000
  29 -6.620846 -30.816753 61.850250 0.879384 -0.224355 -0.419938 0.182400 -0.299500 1 29 1.000000
hand2
  29 -6.688187 -29.886513 61.965702 0.717995 0.409288 0.562998 0.149200 -0.443900 1 29 1.000000
  29 -7.059400 -30.400600 62.583553 0.016190 0.444499 0.895633 0.053600 -0.356000 1 29 1.000000
  29 -6.675948 -30.545053 62.431137 0.821847 0.254483 0.509711 0.098000 -0.349400 1 29 1.000000
hand2
  29 -7.059400 -30.400600 62.583553 0.016190 0.444499 0.895633 0.053600 -0.356000 1 29 1.000000
  29 -6.688187 -29.886513 61.965702 0.717995 0.409288 0.562998 0.149200 -0.443900 1 29 1.000000
  29 -7.091146 -29.795052 62.141335 0.034512 0.542316 0.839465 0.101400 -0.444600 1 29 1.000000
hand2
  28 -6.586546 -29.515959 61.559811 0.791229 0.336578 0.510560 0.216900 -0.508500 1 28 1.000000
  29 -7.091146 -29.795052 62.141335 0.034512 0.542316 0.839465 0.101400 -0.444600 1 29 1.000000
  29 -6.688187 -29.886513 61.965702 0.717995 0.409288 0.562998 0.149200 -0.443900 1 29 1.000000
hand2
  29 -7.091146 -29.795052 62.141335 0.034512 0.542316 0.839465 0.101400 -0.444600 1 29 1.000000
  28 -6.586546 -29.515959 61.559811 0.791229 0.336578 0.510560 0.216900 -0.508500 1 28 1.000000
  28 -7.174971 -29.305634 61.920036 -0.013802 0.489216 0.872053 0.133100 -0.524000 1 28 1.000000
hand2
  28 -6.740777 -28.988827 61.361675 0.688520 0.464801 0.556687 0.237400 -0.583900 1 28 1.000000
  28 -7.174971 -29.305634 61.920036 -0.013802 0.489216 0.872053 0.133100 -0.524000 1 28 1.000000
  28 -6.586546 -29.515959 61.559811 0.791229 0.336578 0.510560 0.216900 -0.508500 1 28 1.000000
hand2
  28 -7.174971 -29.305634 61.920036 -0.013802 0.489216 0.872053 0.133100 -0.524000 1 28 1.000000
  28 -6.740777 -28.988827 61.361675 0.688520 0.464801 0.556687 0.237400 -0.583900 1 28 1.000000
  28 -7.330854 -28.846451 61.584126 0.059041 0.660749 0.748281 0.172300 -0.588100 1 28 1.000000
hand2
  27 -6.814928 -28.472775 60.923172 0.537756 0.554194 0.635365 0.296800 -0.660900 1 27 1.000000
  28 -7.330854 -28.846451 61.584126 0.059041 0.660749 0.748281 0.172300 -0.588100 1 28 1.000000
  28 -6.740777 -28.988827 61.361675 0.688520 0.464801 0.556687 0.237400 -0.583900 1 28 1.000000
hand2
  28 -7.330854 -28.846451 61.584126 0.059041 0.660749 0.748281 0.172300 -0.588100 1 28 1.000000
  27 -6.814928 -28.472775 60.923172 0.537756 0.554194 0.635365 0.296800 -0.660900 1 27 1.000000
  28 -7.521593 -28.407810 61.115208 -0.169691 0.538004 0.825685 0.227800 -0.646800 1 28 1.000000
hand2
  29 -7.344831 -30.576067 61.227516 0.078488 -0.830761 -0.551067 0.229100 -0.316200 1 29 1.000000
  29 -6.620846 -30.816753 61.850250 0.879384 -0.224355 -0.419938 0.182400 -0.299500 1 29 1.000000
  29 -7.275713 -30.867485 61.466541 -0.114224 -0.575100 -0.810070 0.203100 -0.272600 1 29 1.000000
hand2
  29 -6.620846 -30.816753 61.850250 0.879384 -0.224355 -0.419938 0.182400 -0.299500 1 29 1.000000
  29 -7.344831 -30.576067 61.227516 0.078488 -0.830761 -0.551067 0.229100 -0.316200 1 29 1.000000
  29 -6.540126 -30.235273 61.501976 0.940842 -0.336823 -0.036960 0.229000 -0.396400 1 29 1.000000
hand2
  29 -7.344831 -30.576067 61.227516 0.078488 -0.830761 -0.551067 0.229100 -0.316200 1 29 1.000000
  28 -6.906579 -30.375225 61.076199 0.419931 -0.826833 -0.374171 0.268700 -0.360600 1 28 1.000000
  29 -6.540126 -30.235273 61.501976 0.940842 -0.336823 -0.036960 0.229000 -0.396400 1 29 1.000000
hand2
  28 -6.906579 -30.375225 61.076199 0.419931 -0.826833 -0.374171 0.268700 -0.360600 1 28 1.000000
  27 -6.351608 -29.738195 60.865673 0.936161 -0.350890 -0.021854 0.322600 -0.476700 1 27 1.000000
  29 -6.540126 -30.235273 61.501976 0.940842 -0.336823 -0.036960 0.229000 -0.396400 1 29 1.000000
hand2
  28 -6.906579 -30.375225 61.076199 0.419931 -0.826833 -0.374171 0.268700 -0.360600 1 28 1.000000
  27 -7.142008 -30.024990 60.291496 0.491272 -0.837364 -0.239736 0.359200 -0.397300 1 27 1.000000
  27 -6.351608 -29.738195 60.865673 0.936161 -0.350890 -0.021854 0.322600 -0.476700 1 27 1.000000
hand2
  27 -7.555336 -30.289865 60.658146 0.170311 -0.984807 -0.033901 0.282700 -0.349100 1 27 1.000000
  27 -7.142008 -30.024990 60.291496 0.491272 -0.837364 -0.239736 0.359200 -0.397300 1 27 1.000000
  28 -6.906579 -30.375225 61.076199 0.419931 -0.826833 -0.374171 0.268700 -0.360600 1 28 1.000000
hand2
  27 -7.555336 -30.289865 60.658146 0.170311 -0.984807 -0.033901 0.282700 -0.349100 1 27 1.000000
  27 -7.614821 -30.416578 60.039669 0.916434 -0.397606 0.045356 0.370400 -0.317800 1 27 1.000000
  27 -7.142008 -30.024990 60.291496 0.491272 -0.837364 -0.239736 0.359200 -0.397300 1 27 1.000000
hand2
  27 -7.765174 -30.572025 60.772369 0.489901 -0.222405 0.842931 0.257400 -0.298600 1 27 1.000000
  27 -7.614821 -30.416578 60.039669 0.916434 -0.397606 0.045356 0.370400 -0.317800 1 27 1.000000
  27 -7.555336 -30.289865 60.658146 0.170311 -0.984807 -0.033901 0.282700 -0.349100 1 27 1.000000
hand2
  27 -7.882185 -31.129816 60.803322 0.755716 -0.001474 0.654898 0.245300 -0.207000 1 27 1.000000
  27 -7.614821 -30.416578 60.039669 0.916434 -0.397606 0.045356 0.370400 -0.317800 1 27 1.000000
  27 -7.765174 -30.572025 60.772369 0.489901 -0.222405 0.842931 0.257400 -0.298600 1 27 1.000000
hand2
  27 -7.614821 -30.416578 60.039669 0.916434 -0.397606 0.045356 0.370400 -0.317800 1 27 1.000000
  27 -7.882185 -31.129816 60.803322 0.755716 -0.001474 0.654898 0.245300 -0.207000 1 27 1.000000
  27 -7.737605 -31.301397 60.279232 0.975914 0.009875 0.217931 0.327600 -0.177300 1 27 1.000000
hand2
  31 -7.955838 -31.660566 60.956478 0.596826 0.202766 0.776328 0.209400 -0.111900 1 31 1.000000
  27 -7.737605 -31.301397 60.279232 0.975914 0.009875 0.217931 0.327600 -0.177300 1 27 1.000000
  27 -7.882185 -31.129816 60.803322 0.755716 -0.001474 0.654898 0.245300 -0.207000 1 27 1.000000
hand2
  27 -7.737605 -31.301397 60.279232 0.975914 0.009875 0.217931 0.327600 -0.177300 1 27 1.000000
  31 -7.955838 -31.660566 60.956478 0.596826 0.202766 0.776328 0.209400 -0.111900 1 31 1.000000
  31 -7.693057 -31.852247 60.431740 0.964582 -0.159874 -0.209814 0.296600 -0.077500 1 31 1.000000
hand2
  27 -7.700890 -31.435312 59.654892 0.970601 -0.234515 -0.054183 0.418600 -0.152100 1 27 1.000000
  27 -7.737605 -31.301397 60.279232 0.975914 0.009875 0.217931 0.327600 -0.177300 1 27 1.000000
  31 -7.693057 -31.852247 60.431740 0.964582 -0.159874 -0.209814 0.296600 -0.077500 1 31 1.000000
hand2
  31 -7.693057 -31.852247 60.431740 0.964582 -0.159874 -0.209814 0.296600 -0.077500 1 31 1.000000
  31 -7.906346 -31.748056 59.822929 0.759661 -0.643057 -0.096919 0.375200 -0.088200 1 31 1.000000
  27 -7.700890 -31.435312 59.654892 0.970601 -0.234515 -0.054183 0.418600 -0.152100 1 27 1.000000
hand2
  27 -7.931501 -31.977499 59.112499 0.866731 -0.478539 -0.140633 0.476900 -0.037700 1 27 1.000000
  27 -7.700890 -31.435312 59.654892 0.970601 -0.234515 -0.054183 0.418600 -0.152100 1 27 1.000000
  31 -7.906346 -31.748056 59.822929 0.759661 -0.643057 -0.096919 0.375200 -0.088200 1 31 1.000000
hand2
  31 -7.906346 -31.748056 59.822929 0.759661 -0.643057 -0.096919 0.375200 -0.088200 1 31 1.000000
  31 -8.380053 -32.236546 59.840431 0.359203 -0.932386 -0.040353 0.344700 -0.004900 1 31 1.000000
  27 -7.931501 -31.977499 59.112499 0.866731 -0.478539 -0.140633 0.476900 -0.037700 1 27 1.000000
hand2
  31 -7.693057 -31.852247 60.431740 0.964582 -0.159874 -0.209814 0.296600 -0.077500 1 31 1.000000
  31 -8.380053 -32.236546 59.840431 0.359203 -0.932386 -0.040353 0.344700 -0.004900 1 31 1.000000
  31 -7.906346 -31.748056 59.822929 0.759661 -0.643057 -0.096919 0.375200 -0.088200 1 31 1.000000
hand2
  28 -6.906579 -30.375225 61.076199 0.419931 -0.826833 -0.374171 0.268700 -0.360600 1 28 1.000000
  29 -7.344831 -30.576067 61.227516 0.078488 -0.830761 -0.551067 0.229100 -0.316200 1 29 1.000000
  27 -7.555336 -30.289865 60.658146 0.170311 -0.984807 -0.033901 0.282700 -0.349100 1 27 1.000000
hand2
  27 -7.852962 -31.422838 57.551338 0.935233 -0.352120 -0.036756 0.708100 -0.119500 1 27 1.000000
  27 -7.978381 -31.791521 57.312321 0.886693 -0.458787 0.057365 0.735600 -0.056900 1 27 1.000000
  27 -7.909651 -31.477051 56.647636 0.890216 -0.260225 -0.373897 0.833300 -0.097600 1 27 1.000000
hand2
  27 -7.978381 -31.791521 57.312321 0.886693 -0.458787 0.057365 0.735600 -0.056900 1 27 1.000000
  27 -7.852962 -31.422838 57.551338 0.935233 -0.352120 -0.036756 0.708100 -0.119500 1 27 1.000000
  27 -8.073164 -31.994936 57.846958 0.847785 -0.528696 -0.041723 0.654400 -0.028800 1 27 1.000000
hand2
  27 -8.073164 -31.994936 57.846958 0.847785 -0.528696 -0.041723 0.654400 -0.028800 1 27 1.000000
  27 -8.570462 -32.223038 57.260464 0.049001 -0.955421 0.291153 0.710900 0.026900 1 27 1.000000
  27 -7.978381 -31.791521 57.312321 0.886693 -0.458787 0.057365 0.735600 -0.056900 1 27 1.000000
hand2
  8 6.980011 -28.402414 60.812317 -0.533818 0.528718 0.659921 0.296800 -0.660900 1 8 1.000000
  7 7.322770 -27.721571 60.642605 -0.450178 0.454678 0.768510 0.300500 -0.761300 1 7 1.000000
  7 6.867384 -27.996683 60.312241 -0.783943 0.400853 0.474078 0.380000 -0.726100 1 7 1.000000
hand2
  8 6.454757 -28.827259 60.390385 -0.980504 0.094764 0.172137 0.394800 -0.601500 1 8 1.000000
  8 6.980011 -28.402414 60.812317 -0.533818 0.528718 0.659921 0.296800 -0.660900 1 8 1.000000
  7 6.867384 -27.996683 60.312241 -0.783943 0.400853 0.474078 0.380000 -0.726100 1 7 1.000000
hand2
  8 6.980011 -28.402414 60.812317 -0.533818 0.528718 0.659921 0.296800 -0.660900 1 8 1.000000
  8 6.454757 -28.827259 60.390385 -0.980504 0.094764 0.172137 0.394800 -0.601500 1 8 1.000000
  8 6.947872 -28.900375 61.216679 -0.674434 0.440224 0.592741 0.237400 -0.583900 1 8 1.000000
hand2
  8 6.454757 -28.827259 60.390385 -0.980504 0.094764 0.172137 0.394800 -0.601500 1 8 1.000000
  9 6.595715 -29.570812 60.805786 -0.931008 -0.364797 0.012105 0.322600 -0.476700 1 9 1.000000
  8 6.947872 -28.900375 61.216679 -0.674434 0.440224 0.592741 0.237400 -0.583900 1 8 1.000000
hand2
  9 6.826807 -29.388206 61.403503 -0.774782 0.315086 0.548118 0.216900 -0.508500 1 9 1.000000
  8 6.947872 -28.900375 61.216679 -0.674434 0.440224 0.592741 0.237400 -0.583900 1 8 1.000000
  9 6.595715 -29.570812 60.805786 -0.931008 -0.364797 0.012105 0.322600 -0.476700 1 9 1.000000
hand2
  9 6.826807 -29.388206 61.403503 -0.774782 0.315086 0.548118 0.216900 -0.508500 1 9 1.000000
  9 6.595715 -29.570812 60.805786 -0.931008 -0.364797 0.012105 0.322600 -0.476700 1 9 1.000000
  9 6.796330 -30.050428 61.336922 -0.939283 -0.341907 -0.029106 0.229000 -0.396400 1 9 1.000000
hand2
  9 6.826807 -29.388206 61.403503 -0.774782 0.315086 0.548118 0.216900 -0.508500 1 9 1.000000
  9 6.796330 -30.050428 61.336922 -0.939283 -0.341907 -0.029106 0.229000 -0.396400 1 9 1.000000
  9 6.940770 -29.780968 61.800781 -0.700176 0.360794 0.616101 0.149200 -0.443900 1 9 1.000000
hand2
  10 6.947054 -30.367258 62.135082 -0.805687 0.228388 0.546542 0.098000 -0.349400 1 10 1.000000
  9 6.940770 -29.780968 61.800781 -0.700176 0.360794 0.616101 0.149200 -0.443900 1 9 1.000000
  9 6.796330 -30.050428 61.336922 -0.939283 -0.341907 -0.029106 0.229000 -0.396400 1 9 1.000000
hand2
  9 6.940770 -29.780968 61.800781 -0.700176 0.360794 0.616101 0.149200 -0.443900 1 9 1.000000
  10 6.947054 -30.367258 62.135082 -0.805687 0.228388 0.546542 0.098000 -0.349400 1 10 1.000000
  9 7.303206 -30.265604 62.276070 -0.006616 0.400398 0.916317 0.053600 -0.356000 1 9 1.000000
hand2
  9 7.303206 -30.265604 62.276070 -0.006616 0.400398 0.916317 0.053600 -0.356000 1 9 1.000000
  9 7.316116 -29.710714 61.955685 -0.009799 0.501222 0.865263 0.101400 -0.444600 1 9 1.000000
  9 6.940770 -29.780968 61.800781 -0.700176 0.360794 0.616101 0.149200 -0.443900 1 9 1.000000
hand2
  9 6.826807 -29.388206 61.403503 -0.774782 0.315086 0.548118 0.216900 -0.508500 1 9 1.000000
  9 6.940770 -29.780968 61.800781 -0.700176 0.360794 0.616101 0.149200 -0.443900 1 9 1.000000
  9 7.316116 -29.710714 61.955685 -0.009799 0.501222 0.865263 0.101400 -0.444600 1 9 1.000000
hand2
  9 7.316116 -29.710714 61.955685 -0.009799 0.501222 0.865263 0.101400 -0.444600 1 9 1.000000
  8 7.374796 -29.208799 61.722431 0.047098 0.479905 0.876055 0.133100 -0.524000 1 8 1.000000
  9 6.826807 -29.388206 61.403503 -0.774782 0.315086 0.548118 0.216900 -0.508500 1 9 1.000000
hand2
  8 6.947872 -28.900375 61.216679 -0.674434 0.440224 0.592741 0.237400 -0.583900 1 8 1.000000
  9 6.826807 -29.388206 61.403503 -0.774782 0.315086 0.548118 0.216900 -0.508500 1 9 1.000000
  8 7.374796 -29.208799 61.722431 0.047098 0.479905 0.876055 0.133100 -0.524000 1 8 1.000000
hand2
  8 7.374796 -29.208799 61.722431 0.047098 0.479905 0.876055 0.133100 -0.524000 1 8 1.000000
  8 7.492203 -28.777506 61.414425 -0.041163 0.642653 0.765050 0.172300 -0.588100 1 8 1.000000
  8 6.947872 -28.900375 61.216679 -0.674434 0.440224 0.592741 0.237400 -0.583900 1 8 1.000000
hand2
  8 6.980011 -28.402414 60.812317 -0.533818 0.528718 0.659921 0.296800 -0.660900 1 8 1.000000
  8 6.947872 -28.900375 61.216679 -0.674434 0.440224 0.592741 0.237400 -0.583900 1 8 1.000000
  8 7.492203 -28.777506 61.414425 -0.041163 0.642653 0.765050 0.172300 -0.588100 1 8 1.000000
hand2
  8 7.492203 -28.777506 61.414425 -0.041163 0.642653 0.765050 0.172300 -0.588100 1 8 1.000000
  7 7.633250 -28.362551 60.989532 0.173413 0.531883 0.828872 0.227800 -0.646800 1 7 1.000000
  8 6.980011 -28.402414 60.812317 -0.533818 0.528718 0.659921 0.296800 -0.660900 1 8 1.000000
hand2
  9 7.125769 -30.155468 60.935772 -0.416258 -0.813338 -0.406462 0.268700 -0.360600 1 9 1.000000
  9 6.796330 -30.050428 61.336922 -0.939283 -0.341907 -0.029106 0.229000 -0.396400 1 9 1.000000
  9 6.595715 -29.570812 60.805786 -0.931008 -0.364797 0.012105 0.322600 -0.476700 1 9 1.000000
hand2
  9 6.796330 -30.050428 61.336922 -0.939283 -0.341907 -0.029106 0.229000 -0.396400 1 9 1.000000
  10 6.886237 -30.627138 61.605450 -0.888501 -0.203552 -0.411256 0.182400 -0.299500 1 10 1.000000
  10 6.947054 -30.367258 62.135082 -0.805687 0.228388 0.546542 0.098000 -0.349400 1 10 1.000000
hand2
  10 6.886237 -30.627138 61.605450 -0.888501 -0.203552 -0.411256 0.182400 -0.299500 1 10 1.000000
  9 6.796330 -30.050428 61.336922 -0.939283 -0.341907 -0.029106 0.229000 -0.396400 1 9 1.000000
  9 7.536139 -30.338137 61.022476 -0.092288 -0.780526 -0.618273 0.229100 -0.316200 1 9 1.000000
hand2
  9 7.536139 -30.338137 61.022476 -0.092288 -0.780526 -0.618273 0.229100 -0.316200 1 9 1.000000
  9 6.796330 -30.050428 61.336922 -0.939283 -0.341907 -0.029106 0.229000 -0.396400 1 9 1.000000
  9 7.125769 -30.155468 60.935772 -0.416258 -0.813338 -0.406462 0.268700 -0.360600 1 9 1.000000
hand2
  9 7.125769 -30.155468 60.935772 -0.416258 -0.813338 -0.406462 0.268700 -0.360600 1 9 1.000000
  7 7.712586 -30.068186 60.594948 -0.139684 -0.988066 -0.064910 0.282700 -0.349100 1 7 1.000000
  9 7.536139 -30.338137 61.022476 -0.092288 -0.780526 -0.618273 0.229100 -0.316200 1 9 1.000000
hand2
  7 7.712586 -30.068186 60.594948 -0.139684 -0.988066 -0.064910 0.282700 -0.349100 1 7 1.000000
  9 7.125769 -30.155468 60.935772 -0.416258 -0.813338 -0.406462 0.268700 -0.360600 1 9 1.000000
  7 7.314902 -29.838303 60.260532 -0.479398 -0.848434 -0.224361 0.359200 -0.397300 1 7 1.000000
hand2
  9 7.125769 -30.155468 60.935772 -0.416258 -0.813338 -0.406462 0.268700 -0.360600 1 9 1.000000
  9 6.595715 -29.570812 60.805786 -0.931008 -0.364797 0.012105 0.322600 -0.476700 1 9 1.000000
  7 7.314902 -29.838303 60.260532 -0.479398 -0.848434 -0.224361 0.359200 -0.397300 1 7 1.000000
hand2
  9 6.595715 -29.570812 60.805786 -0.931008 -0.364797 0.012105 0.322600 -0.476700 1 9 1.000000
  8 6.705300 -29.587603 60.263233 -0.756107 -0.608874 -0.239947 0.398000 -0.461700 1 8 1.000000
  7 7.314902 -29.838303 60.260532 -0.479398 -0.848434 -0.224361 0.359200 -0.397300 1 7 1.000000
hand2
  9 6.595715 -29.570812 60.805786 -0.931008 -0.364797 0.012105 0.322600 -0.476700 1 9 1.000000
  8 6.454757 -28.827259 60.390385 -0.980504 0.094764 0.172137 0.394800 -0.601500 1 8 1.000000
  8 6.705300 -29.587603 60.263233 -0.756107 -0.608874 -0.239947 0.398000 -0.461700 1 8 1.000000
hand2
  9 7.536139 -30.338137 61.022476 -0.092288 -0.780526 -0.618273 0.229100 -0.316200 1 9 1.000000
  9 7.482272 -30.624571 61.216759 0.091090 -0.525880 -0.845667 0.203100 -0.272600 1 9 1.000000
  10 6.886237 -30.627138 61.605450 -0.888501 -0.203552 -0.411256 0.182400 -0.299500 1 10 1.000000
hand2
  8 6.705300 -29.587603 60.263233 -0.756107 -0.608874 -0.239947 0.398000 -0.461700 1 8 1.000000
  8 6.454757 -28.827259 60.390385 -0.980504 0.094764 0.172137 0.394800 -0.601500 1 8 1.000000
  7 6.745821 -28.806620 59.048679 -0.879406 -0.387996 -0.275870 0.580000 -0.574100 1 7 1.000000
hand2
  7 6.745821 -28.806620 59.048679 -0.879406 -0.387996 -0.275870 0.580000 -0.574100 1 7 1.000000
  7 7.428246 -29.718946 59.554230 -0.710565 -0.679789 -0.181618 0.459200 -0.402700 1 7 1.000000
  8 6.705300 -29.587603 60.263233 -0.756107 -0.608874 -0.239947 0.398000 -0.461700 1 8 1.000000
hand2
  7 7.314902 -29.838303 60.260532 -0.479398 -0.848434 -0.224361 0.359200 -0.397300 1 7 1.000000
  8 6.705300 -29.587603 60.263233 -0.756107 -0.608874 -0.239947 0.398000 -0.461700 1 8 1.000000
  7 7.428246 -29.718946 59.554230 -0.710565 -0.679789 -0.181618 0.459200 -0.402700 1 7 1.000000
hand2
  7 7.428246 -29.718946 59.554230 -0.710565 -0.679789 -0.181618 0.459200 -0.402700 1 7 1.000000
  7 7.754192 -30.190792 60.000404 -0.906260 -0.416692 0.071134 0.370400 -0.317800 1 7 1.000000
  7 7.314902 -29.838303 60.260532 -0.479398 -0.848434 -0.224361 0.359200 -0.397300 1 7 1.000000
hand2
  7 7.712586 -30.068186 60.594948 -0.139684 -0.988066 -0.064910 0.282700 -0.349100 1 7 1.000000
  7 7.314902 -29.838303 60.260532 -0.479398 -0.848434 -0.224361 0.359200 -0.397300 1 7 1.000000
  7 7.754192 -30.190792 60.000404 -0.906260 -0.416692 0.071134 0.370400 -0.317800 1 7 1.000000
hand2
  7 7.914958 -30.330359 60.675606 -0.439685 -0.197889 0.876080 0.257400 -0.298600 1 7 1.000000
  7 7.712586 -30.068186 60.594948 -0.139684 -0.988066 -0.064910 0.282700 -0.349100 1 7 1.000000
  7 7.754192 -30.190792 60.000404 -0.906260 -0.416692 0.071134 0.370400 -0.317800 1 7 1.000000
hand2
  7 8.036949 -30.848047 60.703930 -0.722363 -0.073465 0.687600 0.245300 -0.207000 1 7 1.000000
  7 7.914958 -30.330359 60.675606 -0.439685 -0.197889 0.876080 0.257400 -0.298600 1 7 1.000000
  7 7.754192 -30.190792 60.000404 -0.906260 -0.416692 0.071134 0.370400 -0.317800 1 7 1.000000
hand2
  7 7.754192 -30.190792 60.000404 -0.906260 -0.416692 0.071134 0.370400 -0.317800 1 7 1.000000
  11 7.893614 -31.010416 60.223133 -0.948636 -0.150210 0.278436 0.327600 -0.177300 1 11 1.000000
  7 8.036949 -30.848047 60.703930 -0.722363 -0.073465 0.687600 0.245300 -0.207000 1 7 1.000000
hand2
  11 8.256399 -31.375601 60.847183 -0.566178 0.088982 0.819466 0.209400 -0.111900 1 11 1.000000
  7 8.036949 -30.848047 60.703930 -0.722363 -0.073465 0.687600 0.245300 -0.207000 1 7 1.000000
  11 7.893614 -31.010416 60.223133 -0.948636 -0.150210 0.278436 0.327600 -0.177300 1 11 1.000000
hand2
  11 7.893614 -31.010416 60.223133 -0.948636 -0.150210 0.278436 0.327600 -0.177300 1 11 1.000000
  11 8.020263 -31.586565 60.373375 -0.921231 -0.351253 -0.167195 0.296600 -0.077500 1 11 1.000000
  11 8.256399 -31.375601 60.847183 -0.566178 0.088982 0.819466 0.209400 -0.111900 1 11 1.000000
hand2
  11 7.841714 -31.118816 59.646255 -0.943468 -0.331392 -0.006811 0.418600 -0.152100 1 11 1.000000
  11 8.020263 -31.586565 60.373375 -0.921231 -0.351253 -0.167195 0.296600 -0.077500 1 11 1.000000
  11 7.893614 -31.010416 60.223133 -0.948636 -0.150210 0.278436 0.327600 -0.177300 1 11 1.000000
hand2
  11 8.020263 -31.586565 60.373375 -0.921231 -0.351253 -0.167195 0.296600 -0.077500 1 11 1.000000
  11 7.841714 -31.118816 59.646255 -0.943468 -0.331392 -0.006811 0.418600 -0.152100 1 11 1.000000
  11 8.148960 -31.444563 59.801773 -0.671324 -0.740549 -0.030178 0.375200 -0.088200 1 11 1.000000
hand2
  14 8.135790 -31.685690 59.138252 -0.898457 -0.432318 -0.076659 0.476900 -0.037700 1 14 1.000000
  11 8.148960 -31.444563 59.801773 -0.671324 -0.740549 -0.030178 0.375200 -0.088200 1 11 1.000000
  11 7.841714 -31.118816 59.646255 -0.943468 -0.331392 -0.006811 0.418600 -0.152100 1 11 1.000000
hand2
  11 8.148960 -31.444563 59.801773 -0.671324 -0.740549 -0.030178 0.375200 -0.088200 1 11 1.000000
  14 8.135790 -31.685690 59.138252 -0.898457 -0.432318 -0.076659 0.476900 -0.037700 1 14 1.000000
  14 8.635463 -31.832363 59.796276 -0.281317 -0.893468 0.350107 0.344700 -0.004900 1 14 1.000000
hand2
  11 8.020263 -31.586565 60.373375 -0.921231 -0.351253 -0.167195 0.296600 -0.077500 1 11 1.000000
  11 8.148960 -31.444563 59.801773 -0.671324 -0.740549 -0.030178 0.375200 -0.088200 1 11 1.000000
  14 8.635463 -31.832363 59.796276 -0.281317 -0.893468 0.350107 0.344700 -0.004900 1 14 1.000000
hand2
  11 7.841714 -31.118816 59.646255 -0.943468 -0.331392 -0.006811 0.418600 -0.152100 1 11 1.000000
  11 7.893614 -31.010416 60.223133 -0.948636 -0.150210 0.278436 0.327600 -0.177300 1 11 1.000000
  7 7.754192 -30.190792 60.000404 -0.906260 -0.416692 0.071134 0.370400 -0.317800 1 7 1.000000
hand2
  7 7.428246 -29.718946 59.554230 -0.710565 -0.679789 -0.181618 0.459200 -0.402700 1 7 1.000000
  7 6.745821 -28.806620 59.048679 -0.879406 -0.387996 -0.275870 0.580000 -0.574100 1 7 1.000000
  7 7.280958 -29.184858 57.780491 -0.923241 -0.372422 -0.094487 0.738300 -0.471400 1 7 1.000000
hand2
  7 7.280958 -29.184858 57.780491 -0.923241 -0.372422 -0.094487 0.738300 -0.471400 1 7 1.000000
  7 7.847100 -30.415800 59.107914 -0.963810 -0.266297 0.012459 0.500100 -0.262800 1 7 1.000000
  7 7.428246 -29.718946 59.554230 -0.710565 -0.679789 -0.181618 0.459200 -0.402700 1 7 1.000000
hand2
  7 7.847100 -30.415800 59.107914 -0.963810 -0.266297 0.012459 0.500100 -0.262800 1 7 1.000000
  7 7.280958 -29.184858 57.780491 -0.923241 -0.372422 -0.094487 0.738300 -0.471400 1 7 1.000000
  7 7.663383 -30.416882 57.710754 -0.955052 -0.295496 -0.023627 0.724300 -0.247900 1 7 1.000000
hand2
  14 7.904320 -31.163620 58.759892 -0.931364 -0.363496 -0.020795 0.549300 -0.128700 1 14 1.000000
  7 7.847100 -30.415800 59.107914 -0.963810 -0.266297 0.012459 0.500100 -0.262800 1 7 1.000000
  7 7.663383 -30.416882 57.710754 -0.955052 -0.295496 -0.023627 0.724300 -0.247900 1 7 1.000000
hand2
  7 7.754192 -30.190792 60.000404 -0.906260 -0.416692 0.071134 0.370400 -0.317800 1 7 1.000000
  7 7.428246 -29.718946 59.554230 -0.710565 -0.679789 -0.181618 0.459200 -0.402700 1 7 1.000000
  7 7.847100 -30.415800 59.107914 -0.963810 -0.266297 0.012459 0.500100 -0.262800 1 7 1.000000
hand2
  7 7.754192 -30.190792 60.000404 -0.906260 -0.416692 0.071134 0.370400 -0.317800 1 7 1.000000
  7 7.847100 -30.415800 59.107914 -0.963810 -0.266297 0.012459 0.500100 -0.262800 1 7 1.000000
  11 7.841714 -31.118816 59.646255 -0.943468 -0.331392 -0.006811 0.418600 -0.152100 1 11 1.000000
hand2
  14 7.904320 -31.163620 58.759892 -0.931364 -0.363496 -0.020795 0.549300 -0.128700 1 14 1.000000
  11 7.841714 -31.118816 59.646255 -0.943468 -0.331392 -0.006811 0.418600 -0.152100 1 11 1.000000
  7 7.847100 -30.415800 59.107914 -0.963810 -0.266297 0.012459 0.500100 -0.262800 1 7 1.000000
hand2
  11 7.841714 -31.118816 59.646255 -0.943468 -0.331392 -0.006811 0.418600 -0.152100 1 11 1.000000
  14 7.904320 -31.163620 58.759892 -0.931364 -0.363496 -0.020795 0.549300 -0.128700 1 14 1.000000
  14 8.135790 -31.685690 59.138252 -0.898457 -0.432318 -0.076659 0.476900 -0.037700 1 14 1.000000
hand2
  14 8.167377 -31.535076 58.593811 -0.756083 -0.653310 -0.039035 0.557600 -0.053800 1 14 1.000000
  14 8.135790 -31.685690 59.138252 -0.898457 -0.432318 -0.076659 0.476900 -0.037700 1 14 1.000000
  14 7.904320 -31.163620 58.759892 -0.931364 -0.363496 -0.020795 0.549300 -0.128700 1 14 1.000000
hand2
  14 8.135790 -31.685690 59.138252 -0.898457 -0.432318 -0.076659 0.476900 -0.037700 1 14 1.000000
  14 8.167377 -31.535076 58.593811 -0.756083 -0.653310 -0.039035 0.557600 -0.053800 1 14 1.000000
  14 8.635872 -31.972971 58.610725 -0.213683 -0.942588 0.256645 0.524900 0.037000 1 14 1.000000
hand2
  14 8.167377 -31.535076 58.593811 -0.756083 -0.653310 -0.039035 0.557600 -0.053800 1 14 1.000000
  17 8.139394 -31.632395 57.969135 -0.905211 -0.420536 -0.061170 0.654400 -0.028800 1 17 1.000000
  14 8.635872 -31.972971 58.610725 -0.213683 -0.942588 0.256645 0.524900 0.037000 1 14 1.000000
hand2
  17 8.139394 -31.632395 57.969135 -0.905211 -0.420536 -0.061170 0.654400 -0.028800 1 17 1.000000
  14 8.167377 -31.535076 58.593811 -0.756083 -0.653310 -0.039035 0.557600 -0.053800 1 14 1.000000
  14 7.904320 -31.163620 58.759892 -0.931364 -0.363496 -0.020795 0.549300 -0.128700 1 14 1.000000
hand2
  14 7.904320 -31.163620 58.759892 -0.931364 -0.363496 -0.020795 0.549300 -0.128700 1 14 1.000000
  17 7.942887 -31.114988 57.699089 -0.938079 -0.346099 -0.014904 0.708100 -0.119500 1 17 1.000000
  17 8.139394 -31.632395 57.969135 -0.905211 -0.420536 -0.061170 0.654400 -0.028800 1 17 1.000000
hand2
  7 7.663383 -30.416882 57.710754 -0.955052 -0.295496 -0.023627 0.724300 -0.247900 1 7 1.000000
  17 7.942887 -31.114988 57.699089 -0.938079 -0.346099 -0.014904 0.708100 -0.119500 1 17 1.000000
  14 7.904320 -31.163620 58.759892 -0.931364 -0.363496 -0.020795 0.549300 -0.128700 1 14 1.000000
hand2
  20 7.973075 -31.162678 56.862415 -0.918581 -0.202617 -0.339346 0.833300 -0.097600 1 20 1.000000
  17 7.942887 -31.114988 57.699089 -0.938079 -0.346099 -0.014904 0.708100 -0.119500 1 17 1.000000
  7 7.663383 -30.416882 57.710754 -0.955052 -0.295496 -0.023627 0.724300 -0.247900 1 7 1.000000
hand2
  7 7.663383 -30.416882 57.710754 -0.955052 -0.295496 -0.023627 0.724300 -0.247900 1 7 1.000000
  7 7.789559 -30.308559 56.619957 -0.751298 -0.257212 -0.607777 0.882000 -0.245200 1 7 1.000000
  20 7.973075 -31.162678 56.862415 -0.918581 -0.202617 -0.339346 0.833300 -0.097600 1 20 1.000000
hand2
  7 7.357633 -29.145632 56.697609 -0.851942 -0.209668 -0.479826 0.897900 -0.458900 1 7 1.000000
  7 7.789559 -30.308559 56.619957 -0.751298 -0.257212 -0.607777 0.882000 -0.245200 1 7 1.000000
  7 7.663383 -30.416882 57.710754 -0.955052 -0.295496 -0.023627 0.724300 -0.247900 1 7 1.000000
hand2
  7 7.663383 -30.416882 57.710754 -0.955052 -0.295496 -0.023627 0.724300 -0.247900 1 7 1.000000
  7 7.280958 -29.184858 57.780491 -0.923241 -0.372422 -0.094487 0.738300 -0.471400 1 7 1.000000
  7 7.357633 -29.145632 56.697609 -0.851942 -0.209668 -0.479826 0.897900 -0.458900 1 7 1.000000
hand2
  7 7.357633 -29.145632 56.697609 -0.851942 -0.209668 -0.479826 0.897900 -0.458900 1 7 1.000000
  7 7.280958 -29.184858 57.780491 -0.923241 -0.372422 -0.094487 0.738300 -0.471400 1 7 1.000000
  7 6.841115 -27.547913 57.910774 -0.965147 -0.151377 -0.213486 0.746700 -0.766500 1 7 1.000000
hand2
  7 7.280958 -29.184858 57.780491 -0.923241 -0.372422 -0.094487 0.738300 -0.471400 1 7 1.000000
  7 6.745821 -28.806620 59.048679 -0.879406 -0.387996 -0.275870 0.580000 -0.574100 1 7 1.000000
  7 6.841115 -27.547913 57.910774 -0.965147 -0.151377 -0.213486 0.746700 -0.766500 1 7 1.000000
hand2
  7 6.745821 -28.806620 59.048679 -0.879406 -0.387996 -0.275870 0.580000 -0.574100 1 7 1.000000
  7 6.443718 -28.080816 59.344826 -0.991608 0.116318 0.056417 0.554400 -0.712400 1 7 1.000000
  7 6.841115 -27.547913 57.910774 -0.965147 -0.151377 -0.213486 0.746700 -0.766500 1 7 1.000000
hand2
  7 6.443718 -28.080816 59.344826 -0.991608 0.116318 0.056417 0.554400 -0.712400 1 7 1.000000
  7 6.566275 -27.361673 59.473721 -0.927537 0.165820 0.334930 0.526900 -0.831700 1 7 1.000000
  7 6.841115 -27.547913 57.910774 -0.965147 -0.151377 -0.213486 0.746700 -0.766500 1 7 1.000000
hand2
  7 6.841115 -27.547913 57.910774 -0.965147 -0.151377 -0.213486 0.746700 -0.766500 1 7 1.000000
  7 7.020010 -27.506708 56.765526 -0.758341 -0.043323 -0.650417 0.909300 -0.749600 1 7 1.000000
  7 7.357633 -29.145632 56.697609 -0.851942 -0.209668 -0.479826 0.897900 -0.458900 1 7 1.000000
hand2
  17 7.942887 -31.114988 57.699089 -0.938079 -0.346099 -0.014904 0.708100 -0.119500 1 17 1.000000
  20 7.973075 -31.162678 56.862415 -0.918581 -0.202617 -0.339346 0.833300 -0.097600 1 20 1.000000
  17 8.043164 -31.443066 57.475937 -0.837980 -0.489315 0.241579 0.735600 -0.056900 1 17 1.000000
hand2
  17 8.043164 -31.443066 57.475937 -0.837980 -0.489315 0.241579 0.735600 -0.056900 1 17 1.000000
  17 8.139394 -31.632395 57.969135 -0.905211 -0.420536 -0.061170 0.654400 -0.028800 1 17 1.000000
  17 7.942887 -31.114988 57.699089 -0.938079 -0.346099 -0.014904 0.708100 -0.119500 1 17 1.000000
hand2
  17 8.139394 -31.632395 57.969135 -0.905211 -0.420536 -0.061170 0.654400 -0.028800 1 17 1.000000
  17 8.043164 -31.443066 57.475937 -0.837980 -0.489315 0.241579 0.735600 -0.056900 1 17 1.000000
  17 8.568385 -31.820387 57.415451 -0.005117 -0.940798 0.338929 0.710900 0.026900 1 17 1.000000
hand2
  7 8.342191 -30.167091 56.238297 -0.586910 -0.206763 -0.782806 0.904300 -0.243400 1 7 1.000000
  7 8.399151 -30.936951 56.355583 -0.313872 -0.089126 -0.945273 0.882900 -0.112800 1 7 1.000000
  20 7.973075 -31.162678 56.862415 -0.918581 -0.202617 -0.339346 0.833300 -0.097600 1 20 1.000000
hand2
  20 7.973075 -31.162678 56.862415 -0.918581 -0.202617 -0.339346 0.833300 -0.097600 1 20 1.000000
  7 7.789559 -30.308559 56.619957 -0.751298 -0.257212 -0.607777 0.882000 -0.245200 1 7 1.000000
  7 8.342191 -30.167091 56.238297 -0.586910 -0.206763 -0.782806 0.904300 -0.243400 1 7 1.000000
hand2
  7 8.063291 -28.937290 56.237778 -0.530917 -0.101192 -0.841360 0.922300 -0.461800 1 7 1.000000
  7 8.342191 -30.167091 56.238297 -0.586910 -0.206763 -0.782806 0.904300 -0.243400 1 7 1.000000
  7 7.789559 -30.308559 56.619957 -0.751298 -0.257212 -0.607777 0.882000 -0.245200 1 7 1.000000
hand2
  7 7.789559 -30.308559 56.619957 -0.751298 -0.257212 -0.607777 0.882000 -0.245200 1 7 1.000000
  7 7.357633 -29.145632 56.697609 -0.851942 -0.209668 -0.479826 0.897900 -0.458900 1 7 1.000000
  7 8.063291 -28.937290 56.237778 -0.530917 -0.101192 -0.841360 0.922300 -0.461800 1 7 1.000000
hand2
  7 7.784256 -27.531857 56.338596 -0.129257 0.047858 -0.990455 0.924900 -0.711400 1 7 1.000000
  7 8.063291 -28.937290 56.237778 -0.530917 -0.101192 -0.841360 0.922300 -0.461800 1 7 1.000000
  7 7.357633 -29.145632 56.697609 -0.851942 -0.209668 -0.479826 0.897900 -0.458900 1 7 1.000000
hand2
  7 7.357633 -29.145632 56.697609 -0.851942 -0.209668 -0.479826 0.897900 -0.458900 1 7 1.000000
  7 7.020010 -27.506708 56.765526 -0.758341 -0.043323 -0.650417 0.909300 -0.749600 1 7 1.000000
  7 7.784256 -27.531857 56.338596 -0.129257 0.047858 -0.990455 0.924900 -0.711400 1 7 1.000000
hand2
  6 7.712712 -26.618315 56.465057 -0.199370 0.120868 -0.972441 0.910300 -0.870600 1 6 1.000000
  7 7.784256 -27.531857 56.338596 -0.129257 0.047858 -0.990455 0.924900 -0.711400 1 7 1.000000
  7 7.020010 -27.506708 56.765526 -0.758341 -0.043323 -0.650417 0.909300 -0.749600 1 7 1.000000
hand2
  6 6.805813 -25.944912 57.042309 -0.875656 -0.071666 -0.477589 0.880900 -1.026100 1 6 1.000000
  6 7.712712 -26.618315 56.465057 -0.199370 0.120868 -0.972441 0.910300 -0.870600 1 6 1.000000
  7 7.020010 -27.506708 56.765526 -0.758341 -0.043323 -0.650417 0.909300 -0.749600 1 7 1.000000
hand2
  7 7.020010 -27.506708 56.765526 -0.758341 -0.043323 -0.650417 0.909300 -0.749600 1 7 1.000000
  7 6.841115 -27.547913 57.910774 -0.965147 -0.151377 -0.213486 0.746700 -0.766500 1 7 1.000000
  6 6.805813 -25.944912 57.042309 -0.875656 -0.071666 -0.477589 0.880900 -1.026100 1 6 1.000000
hand2
  6 6.514050 -26.108652 58.091267 -0.980207 -0.137243 -0.142685 0.740300 -1.024800 1 6 1.000000
  6 6.805813 -25.944912 57.042309 -0.875656 -0.071666 -0.477589 0.880900 -1.026100 1 6 1.000000
  7 6.841115 -27.547913 57.910774 -0.965147 -0.151377 -0.213486 0.746700 -0.766500 1 7 1.000000
hand2
  6 6.514050 -26.108652 58.091267 -0.980207 -0.137243 -0.142685 0.740300 -1.024800 1 6 1.000000
  7 6.841115 -27.547913 57.910774 -0.965147 -0.151377 -0.213486 0.746700 -0.766500 1 7 1.000000
  7 6.566275 -27.361673 59.473721 -0.927537 0.165820 0.334930 0.526900 -0.831700 1 7 1.000000
hand2
  7 6.566275 -27.361673 59.473721 -0.927537 0.165820 0.334930 0.526900 -0.831700 1 7 1.000000
  6 6.531072 -26.110872 59.478573 -0.861102 0.053576 0.505601 0.528400 -1.044900 1 6 1.000000
  6 6.514050 -26.108652 58.091267 -0.980207 -0.137243 -0.142685 0.740300 -1.024800 1 6 1.000000
hand2
  6 6.531072 -26.110872 59.478573 -0.861102 0.053576 0.505601 0.528400 -1.044900 1 6 1.000000
  7 6.566275 -27.361673 59.473721 -0.927537 0.165820 0.334930 0.526900 -0.831700 1 7 1.000000
  7 7.353038 -27.261837 60.446754 -0.311595 0.377193 0.872143 0.328300 -0.835100 1 7 1.000000
hand2
  7 7.322770 -27.721571 60.642605 -0.450178 0.454678 0.768510 0.300500 -0.761300 1 7 1.000000
  7 7.353038 -27.261837 60.446754 -0.311595 0.377193 0.872143 0.328300 -0.835100 1 7 1.000000
  7 6.566275 -27.361673 59.473721 -0.927537 0.165820 0.334930 0.526900 -0.831700 1 7 1.000000
hand2
  7 6.566275 -27.361673 59.473721 -0.927537 0.165820 0.334930 0.526900 -0.831700 1 7 1.000000
  7 6.867384 -27.996683 60.312241 -0.783943 0.400853 0.474078 0.380000 -0.726100 1 7 1.000000
  7 7.322770 -27.721571 60.642605 -0.450178 0.454678 0.768510 0.300500 -0.761300 1 7 1.000000
hand2
  7 6.566275 -27.361673 59.473721 -0.927537 0.165820 0.334930 0.526900 -0.831700 1 7 1.000000
  7 6.443718 -28.080816 59.344826 -0.991608 0.116318 0.056417 0.554400 -0.712400 1 7 1.000000
  7 6.867384 -27.996683 60.312241 -0.783943 0.400853 0.474078 0.380000 -0.726100 1 7 1.000000
hand2
  7 6.443718 -28.080816 59.344826 -0.991608 0.116318 0.056417 0.554400 -0.712400 1 7 1.000000
  8 6.454757 -28.827259 60.390385 -0.980504 0.094764 0.172137 0.394800 -0.601500 1 8 1.000000
  7 6.867384 -27.996683 60.312241 -0.783943 0.400853 0.474078 0.380000 -0.726100 1 7 1.000000
hand2
  8 6.454757 -28.827259 60.390385 -0.980504 0.094764 0.172137 0.394800 -0.601500 1 8 1.000000
  7 6.443718 -28.080816 59.344826 -0.991608 0.116318 0.056417 0.554400 -0.712400 1 7 1.000000
  7 6.745821 -28.806620 59.048679 -0.879406 -0.387996 -0.275870 0.580000 -0.574100 1 7 1.000000
hand
  9 7.316116 -29.710714 61.955685 -0.009799 0.501222 0.865263 0.942800 -0.486000 1 9 1.000000
  9 7.303206 -30.265604 62.276070 -0.006616 0.400398 0.916317 0.991700 -0.401200 1 9 1.000000
  9 7.782853 -30.513252 62.139622 0.856928 0.111374 0.503259 0.932400 -0.396600 1 9 1.000000
hand
  7 7.914958 -30.330359 60.675606 -0.439685 -0.197889 0.876080 0.703300 -0.363700 1 7 1.000000
  8 8.144917 -29.922722 60.791847 0.136431 -0.619125 0.773350 0.702000 -0.467200 1 8 1.000000
  7 7.712586 -30.068186 60.594948 -0.139684 -0.988066 -0.064910 0.707700 -0.386800 1 7 1.000000
hand
  7 7.712586 -30.068186 60.594948 -0.139684 -0.988066 -0.064910 0.707700 -0.386800 1 7 1.000000
  8 8.144917 -29.922722 60.791847 0.136431 -0.619125 0.773350 0.702000 -0.467200 1 8 1.000000
  8 8.265411 -29.836716 61.096859 0.711400 -0.604197 0.358966 0.737800 -0.511400 1 8 1.000000
hand
  7 7.712586 -30.068186 60.594948 -0.139684 -0.988066 -0.064910 0.707700 -0.386800 1 7 1.000000
  8 8.265411 -29.836716 61.096859 0.711400 -0.604197 0.358966 0.737800 -0.511400 1 8 1.000000
  9 7.903935 -30.219435 61.320560 0.757970 -0.612172 -0.225225 0.800400 -0.417800 1 9 1.000000
hand
  7 7.712586 -30.068186 60.594948 -0.139684 -0.988066 -0.064910 0.707700 -0.386800 1 7 1.000000
  9 7.903935 -30.219435 61.320560 0.757970 -0.612172 -0.225225 0.800400 -0.417800 1 9 1.000000
  9 7.536139 -30.338137 61.022476 -0.092288 -0.780526 -0.618273 0.785800 -0.343300 1 9 1.000000
hand
  9 7.482272 -30.624571 61.216759 0.091090 -0.525880 -0.845667 0.819100 -0.296300 1 9 1.000000
  9 7.536139 -30.338137 61.022476 -0.092288 -0.780526 -0.618273 0.785800 -0.343300 1 9 1.000000
  9 7.903935 -30.219435 61.320560 0.757970 -0.612172 -0.225225 0.800400 -0.417800 1 9 1.000000
hand
  9 7.903935 -30.219435 61.320560 0.757970 -0.612172 -0.225225 0.800400 -0.417800 1 9 1.000000
  9 7.780154 -30.612553 61.557056 0.887423 -0.367407 -0.278375 0.845700 -0.346700 1 9 1.000000
  9 7.482272 -30.624571 61.216759 0.091090 -0.525880 -0.845667 0.819100 -0.296300 1 9 1.000000
hand
  9 7.780154 -30.612553 61.557056 0.887423 -0.367407 -0.278375 0.845700 -0.346700 1 9 1.000000
  9 7.903935 -30.219435 61.320560 0.757970 -0.612172 -0.225225 0.800400 -0.417800 1 9 1.000000
  9 7.901989 -29.924788 61.745762 0.820796 0.031197 0.570368 0.864000 -0.494300 1 9 1.000000
hand
  9 7.901989 -29.924788 61.745762 0.820796 0.031197 0.570368 0.864000 -0.494300 1 9 1.000000
  9 7.782853 -30.513252 62.139622 0.856928 0.111374 0.503259 0.932400 -0.396600 1 9 1.000000
  9 7.780154 -30.612553 61.557056 0.887423 -0.367407 -0.278375 0.845700 -0.346700 1 9 1.000000
hand
  9 7.782853 -30.513252 62.139622 0.856928 0.111374 0.503259 0.932400 -0.396600 1 9 1.000000
  9 7.901989 -29.924788 61.745762 0.820796 0.031197 0.570368 0.864000 -0.494300 1 9 1.000000
  9 7.316116 -29.710714 61.955685 -0.009799 0.501222 0.865263 0.942800 -0.486000 1 9 1.000000
hand
  8 7.374796 -29.208799 61.722431 0.047098 0.479905 0.876055 0.903300 -0.570600 1 8 1.000000
  9 7.316116 -29.710714 61.955685 -0.009799 0.501222 0.865263 0.942800 -0.486000 1 9 1.000000
  9 7.901989 -29.924788 61.745762 0.820796 0.031197 0.570368 0.864000 -0.494300 1 9 1.000000
hand
  7 7.633250 -28.362551 60.989532 0.173413 0.531883 0.828872 0.773100 -0.710700 1 7 1.000000
  8 7.492203 -28.777506 61.414425 -0.041163 0.642653 0.765050 0.847900 -0.644100 1 8 1.000000
  8 7.968364 -28.890167 61.236027 0.498451 0.458059 0.736022 0.782700 -0.661500 1 8 1.000000
hand
  8 7.492203 -28.777506 61.414425 -0.041163 0.642653 0.765050 0.847900 -0.644100 1 8 1.000000
  8 7.374796 -29.208799 61.722431 0.047098 0.479905 0.876055 0.903300 -0.570600 1 8 1.000000
  8 7.968364 -28.890167 61.236027 0.498451 0.458059 0.736022 0.782700 -0.661500 1 8 1.000000
hand
  8 7.374796 -29.208799 61.722431 0.047098 0.479905 0.876055 0.903300 -0.570600 1 8 1.000000
  8 8.106800 -29.514503 61.422089 0.706362 0.141340 0.693596 0.799200 -0.571800 1 8 1.000000
  8 7.968364 -28.890167 61.236027 0.498451 0.458059 0.736022 0.782700 -0.661500 1 8 1.000000
hand
  8 7.374796 -29.208799 61.722431 0.047098 0.479905 0.876055 0.903300 -0.570600 1 8 1.000000
  9 7.901989 -29.924788 61.745762 0.820796 0.031197 0.570368 0.864000 -0.494300 1 9 1.000000
  8 8.106800 -29.514503 61.422089 0.706362 0.141340 0.693596 0.799200 -0.571800 1 8 1.000000
hand
  8 8.106800 -29.514503 61.422089 0.706362 0.141340 0.693596 0.799200 -0.571800 1 8 1.000000
  9 7.901989 -29.924788 61.745762 0.820796 0.031197 0.570368 0.864000 -0.494300 1 9 1.000000
  8 8.265411 -29.836716 61.096859 0.711400 -0.604197 0.358966 0.737800 -0.511400 1 8 1.000000
hand
  9 7.901989 -29.924788 61.745762 0.820796 0.031197 0.570368 0.864000 -0.494300 1 9 1.000000
  9 7.903935 -30.219435 61.320560 0.757970 -0.612172 -0.225225 0.800400 -0.417800 1 9 1.000000
  8 8.265411 -29.836716 61.096859 0.711400 -0.604197 0.358966 0.737800 -0.511400 1 8 1.000000
hand
  7 7.322770 -27.721571 60.642605 -0.450178 0.454678 0.768510 0.746500 -0.777500 1 7 1.000000
  8 6.980011 -28.402414 60.812317 -0.533818 0.528718 0.659921 0.799600 -0.628600 1 8 1.000000
  7 7.633250 -28.362551 60.989532 0.173413 0.531883 0.828872 0.773100 -0.710700 1 7 1.000000
hand
  7 7.322770 -27.721571 60.642605 -0.450178 0.454678 0.768510 0.746500 -0.777500 1 7 1.000000
  7 7.633250 -28.362551 60.989532 0.173413 0.531883 0.828872 0.773100 -0.710700 1 7 1.000000
  7 7.932834 -28.050232 60.748428 0.257893 0.360313 0.896474 0.712800 -0.784400 1 7 1.000000
hand
  7 8.364994 -28.398094 60.572594 0.656915 0.355954 0.664649 0.651600 -0.754700 1 7 1.000000
  7 7.932834 -28.050232 60.748428 0.257893 0.360313 0.896474 0.712800 -0.784400 1 7 1.000000
  7 7.633250 -28.362551 60.989532 0.173413 0.531883 0.828872 0.773100 -0.710700 1 7 1.000000
hand
  7 8.364994 -28.398094 60.572594 0.656915 0.355954 0.664649 0.651600 -0.754700 1 7 1.000000
  7 7.633250 -28.362551 60.989532 0.173413 0.531883 0.828872 0.773100 -0.710700 1 7 1.000000
  8 7.968364 -28.890167 61.236027 0.498451 0.458059 0.736022 0.782700 -0.661500 1 8 1.000000
hand
  7 8.364994 -28.398094 60.572594 0.656915 0.355954 0.664649 0.651600 -0.754700 1 7 1.000000
  8 7.968364 -28.890167 61.236027 0.498451 0.458059 0.736022 0.782700 -0.661500 1 8 1.000000
  8 8.441459 -29.182562 60.962093 0.767506 0.223011 0.600999 0.703400 -0.640700 1 8 1.000000
hand
  8 7.968364 -28.890167 61.236027 0.498451 0.458059 0.736022 0.782700 -0.661500 1 8 1.000000
  8 8.106800 -29.514503 61.422089 0.706362 0.141340 0.693596 0.799200 -0.571800 1 8 1.000000
  8 8.441459 -29.182562 60.962093 0.767506 0.223011 0.600999 0.703400 -0.640700 1 8 1.000000
hand
  8 8.441459 -29.182562 60.962093 0.767506 0.223011 0.600999 0.703400 -0.640700 1 8 1.000000
  8 8.106800 -29.514503 61.422089 0.706362 0.141340 0.693596 0.799200 -0.571800 1 8 1.000000
  7 8.573621 -29.584822 60.785278 0.812385 -0.057399 0.580290 0.666300 -0.571100 1 7 1.000000
hand
  8 8.265411 -29.836716 61.096859 0.711400 -0.604197 0.358966 0.737800 -0.511400 1 8 1.000000
  7 8.573621 -29.584822 60.785278 0.812385 -0.057399 0.580290 0.666300 -0.571100 1 7 1.000000
  8 8.106800 -29.514503 61.422089 0.706362 0.141340 0.693596 0.799200 -0.571800 1 8 1.000000
hand
  7 8.573621 -29.584822 60.785278 0.812385 -0.057399 0.580290 0.666300 -0.571100 1 7 1.000000
  8 8.265411 -29.836716 61.096859 0.711400 -0.604197 0.358966 0.737800 -0.511400 1 8 1.000000
  7 8.724001 -29.848001 60.551323 0.659516 -0.185839 0.728356 0.619200 -0.525600 1 7 1.000000
hand
  8 8.144917 -29.922722 60.791847 0.136431 -0.619125 0.773350 0.702000 -0.467200 1 8 1.000000
  7 8.724001 -29.848001 60.551323 0.659516 -0.185839 0.728356 0.619200 -0.525600 1 7 1.000000
  8 8.265411 -29.836716 61.096859 0.711400 -0.604197 0.358966 0.737800 -0.511400 1 8 1.000000
hand
  7 8.724001 -29.848001 60.551323 0.659516 -0.185839 0.728356 0.619200 -0.525600 1 7 1.000000
  8 8.144917 -29.922722 60.791847 0.136431 -0.619125 0.773350 0.702000 -0.467200 1 8 1.000000
  7 8.281571 -30.317173 60.637230 0.209470 0.044739 0.976791 0.667900 -0.400600 1 7 1.000000
hand
  7 8.281571 -30.317173 60.637230 0.209470 0.044739 0.976791 0.667900 -0.400600 1 7 1.000000
  8 8.144917 -29.922722 60.791847 0.136431 -0.619125 0.773350 0.702000 -0.467200 1 8 1.000000
  7 7.914958 -30.330359 60.675606 -0.439685 -0.197889 0.876080 0.703300 -0.363700 1 7 1.000000
hand
  7 8.472237 -30.853737 60.739979 0.042761 0.204130 0.978009 0.667700 -0.327600 1 7 1.000000
  7 8.281571 -30.317173 60.637230 0.209470 0.044739 0.976791 0.667900 -0.400600 1 7 1.000000
  7 7.914958 -30.330359 60.675606 -0.439685 -0.197889 0.876080 0.703300 -0.363700 1 7 1.000000
hand
  7 7.914958 -30.330359 60.675606 -0.439685 -0.197889 0.876080 0.703300 -0.363700 1 7 1.000000
  7 8.036949 -30.848047 60.703930 -0.722363 -0.073465 0.687600 0.697600 -0.283200 1 7 1.000000
  7 8.472237 -30.853737 60.739979 0.042761 0.204130 0.978009 0.667700 -0.327600 1 7 1.000000
hand
  11 8.256399 -31.375601 60.847183 -0.566178 0.088982 0.819466 0.701200 -0.216900 1 11 1.000000
  7 8.472237 -30.853737 60.739979 0.042761 0.204130 0.978009 0.667700 -0.327600 1 7 1.000000
  7 8.036949 -30.848047 60.703930 -0.722363 -0.073465 0.687600 0.697600 -0.283200 1 7 1.000000
hand
  7 8.472237 -30.853737 60.739979 0.042761 0.204130 0.978009 0.667700 -0.327600 1 7 1.000000
  11 8.256399 -31.375601 60.847183 -0.566178 0.088982 0.819466 0.701200 -0.216900 1 11 1.000000
  11 8.825294 -31.456694 60.863808 0.376178 0.217205 0.900729 0.657500 -0.259900 1 11 1.000000
hand
  11 8.825294 -31.456694 60.863808 0.376178 0.217205 0.900729 0.657500 -0.259900 1 11 1.000000
  7 8.946163 -30.861664 60.662449 0.422730 0.279416 0.862106 0.617700 -0.369300 1 7 1.000000
  7 8.472237 -30.853737 60.739979 0.042761 0.204130 0.978009 0.667700 -0.327600 1 7 1.000000
hand
  7 9.294494 -30.883495 60.280373 0.824113 0.221778 0.521203 0.532500 -0.379400 1 7 1.000000
  7 8.946163 -30.861664 60.662449 0.422730 0.279416 0.862106 0.617700 -0.369300 1 7 1.000000
  11 8.825294 -31.456694 60.863808 0.376178 0.217205 0.900729 0.657500 -0.259900 1 11 1.000000
hand
  7 8.281571 -30.317173 60.637230 0.209470 0.044739 0.976791 0.667900 -0.400600 1 7 1.000000
  7 8.472237 -30.853737 60.739979 0.042761 0.204130 0.978009 0.667700 -0.327600 1 7 1.000000
  7 8.946163 -30.861664 60.662449 0.422730 0.279416 0.862106 0.617700 -0.369300 1 7 1.000000
hand
  7 8.946163 -30.861664 60.662449 0.422730 0.279416 0.862106 0.617700 -0.369300 1 7 1.000000
  7 8.830010 -30.422211 60.526058 0.564822 0.238470 0.790005 0.606800 -0.430300 1 7 1.000000
  7 8.281571 -30.317173 60.637230 0.209470 0.044739 0.976791 0.667900 -0.400600 1 7 1.000000
hand
  7 8.724001 -29.848001 60.551323 0.659516 -0.185839 0.728356 0.619200 -0.525600 1 7 1.000000
  7 8.281571 -30.317173 60.637230 0.209470 0.044739 0.976791 0.667900 -0.400600 1 7 1.000000
  7 8.830010 -30.422211 60.526058 0.564822 0.238470 0.790005 0.606800 -0.430300 1 7 1.000000
hand
  7 9.051654 -29.827253 60.109829 0.822340 0.182192 0.539038 0.526800 -0.538100 1 7 1.000000
  7 8.724001 -29.848001 60.551323 0.659516 -0.185839 0.728356 0.619200 -0.525600 1 7 1.000000
  7 8.830010 -30.422211 60.526058 0.564822 0.238470 0.790005 0.606800 -0.430300 1 7 1.000000
hand
  7 8.796648 -29.384850 60.416786 0.839438 0.142084 0.524553 0.593300 -0.609800 1 7 1.000000
  7 8.724001 -29.848001 60.551323 0.659516 -0.185839 0.728356 0.619200 -0.525600 1 7 1.000000
  7 9.051654 -29.827253 60.109829 0.822340 0.182192 0.539038 0.526800 -0.538100 1 7 1.000000
hand
  7 8.873294 -28.680195 59.994171 0.843423 0.206170 0.496117 0.524000 -0.722800 1 7 1.000000
  7 8.796648 -29.384850 60.416786 0.839438 0.142084 0.524553 0.593300 -0.609800 1 7 1.000000
  7 9.051654 -29.827253 60.109829 0.822340 0.182192 0.539038 0.526800 -0.538100 1 7 1.000000
hand
  7 8.873294 -28.680195 59.994171 0.843423 0.206170 0.496117 0.524000 -0.722800 1 7 1.000000
  7 8.364994 -28.398094 60.572594 0.656915 0.355954 0.664649 0.651600 -0.754700 1 7 1.000000
  7 8.796648 -29.384850 60.416786 0.839438 0.142084 0.524553 0.593300 -0.609800 1 7 1.000000
hand
  7 8.364994 -28.398094 60.572594 0.656915 0.355954 0.664649 0.651600 -0.754700 1 7 1.000000
  8 8.441459 -29.182562 60.962093 0.767506 0.223011 0.600999 0.703400 -0.640700 1 8 1.000000
  7 8.796648 -29.384850 60.416786 0.839438 0.142084 0.524553 0.593300 -0.609800 1 7 1.000000
hand
  7 8.573621 -29.584822 60.785278 0.812385 -0.057399 0.580290 0.666300 -0.571100 1 7 1.000000
  7 8.796648 -29.384850 60.416786 0.839438 0.142084 0.524553 0.593300 -0.609800 1 7 1.000000
  8 8.441459 -29.182562 60.962093 0.767506 0.223011 0.600999 0.703400 -0.640700 1 8 1.000000
hand
  7 8.796648 -29.384850 60.416786 0.839438 0.142084 0.524553 0.593300 -0.609800 1 7 1.000000
  7 8.573621 -29.584822 60.785278 0.812385 -0.057399 0.580290 0.666300 -0.571100 1 7 1.000000
  7 8.724001 -29.848001 60.551323 0.659516 -0.185839 0.728356 0.619200 -0.525600 1 7 1.000000
hand
  7 9.120727 -28.892927 59.608929 0.841039 0.205976 0.500226 0.446500 -0.687900 1 7 1.000000
  7 9.051654 -29.827253 60.109829 0.822340 0.182192 0.539038 0.526800 -0.538100 1 7 1.000000
  7 9.465887 -29.699686 59.435028 0.841700 0.156974 0.516623 0.392500 -0.566100 1 7 1.000000
hand
  7 9.120727 -28.892927 59.608929 0.841039 0.205976 0.500226 0.446500 -0.687900 1 7 1.000000
  7 8.873294 -28.680195 59.994171 0.843423 0.206170 0.496117 0.524000 -0.722800 1 7 1.000000
  7 9.051654 -29.827253 60.109829 0.822340 0.182192 0.539038 0.526800 -0.538100 1 7 1.000000
hand
  14 9.306978 -31.415878 59.751366 0.879870 -0.465669 0.094765 0.452500 -0.255100 1 14 1.000000
  11 9.366978 -31.588781 60.039543 0.836142 -0.393937 -0.381680 0.490600 -0.245200 1 11 1.000000
  14 8.635463 -31.832363 59.796276 -0.281317 -0.893468 0.350107 0.513600 -0.114600 1 14 1.000000
hand
  11 9.366978 -31.588781 60.039543 0.836142 -0.393937 -0.381680 0.490600 -0.245200 1 11 1.000000
  14 9.306978 -31.415878 59.751366 0.879870 -0.465669 0.094765 0.452500 -0.255100 1 14 1.000000
  7 9.389466 -30.876167 59.784405 0.988278 -0.002447 0.152647 0.450800 -0.363400 1 7 1.000000
hand
  7 9.389466 -30.876167 59.784405 0.988278 -0.002447 0.152647 0.450800 -0.363400 1 7 1.000000
  11 9.359739 -31.441042 60.441189 0.878162 0.031766 0.477307 0.551200 -0.293200 1 11 1.000000
  11 9.366978 -31.588781 60.039543 0.836142 -0.393937 -0.381680 0.490600 -0.245200 1 11 1.000000
hand
  7 9.389466 -30.876167 59.784405 0.988278 -0.002447 0.152647 0.450800 -0.363400 1 7 1.000000
  7 9.294494 -30.883495 60.280373 0.824113 0.221778 0.521203 0.532500 -0.379400 1 7 1.000000
  11 9.359739 -31.441042 60.441189 0.878162 0.031766 0.477307 0.551200 -0.293200 1 11 1.000000
hand
  11 8.825294 -31.456694 60.863808 0.376178 0.217205 0.900729 0.657500 -0.259900 1 11 1.000000
  11 9.359739 -31.441042 60.441189 0.878162 0.031766 0.477307 0.551200 -0.293200 1 11 1.000000
  7 9.294494 -30.883495 60.280373 0.824113 0.221778 0.521203 0.532500 -0.379400 1 7 1.000000
hand
  7 9.560908 -30.868309 59.370861 0.967081 -0.123718 0.222367 0.375200 -0.359500 1 7 1.000000
  7 9.389466 -30.876167 59.784405 0.988278 -0.002447 0.152647 0.450800 -0.363400 1 7 1.000000
  14 9.306978 -31.415878 59.751366 0.879870 -0.465669 0.094765 0.452500 -0.255100 1 14 1.000000
hand
  7 9.354467 -30.358568 59.781414 0.906940 0.124436 0.402461 0.453200 -0.453900 1 7 1.000000
  7 9.389466 -30.876167 59.784405 0.988278 -0.002447 0.152647 0.450800 -0.363400 1 7 1.000000
  7 9.560908 -30.868309 59.370861 0.967081 -0.123718 0.222367 0.375200 -0.359500 1 7 1.000000
hand
  7 9.294494 -30.883495 60.280373 0.824113 0.221778 0.521203 0.532500 -0.379400 1 7 1.000000
  7 9.389466 -30.876167 59.784405 0.988278 -0.002447 0.152647 0.450800 -0.363400 1 7 1.000000
  7 9.354467 -30.358568 59.781414 0.906940 0.124436 0.402461 0.453200 -0.453900 1 7 1.000000
hand
  7 9.354467 -30.358568 59.781414 0.906940 0.124436 0.402461 0.453200 -0.453900 1 7 1.000000
  7 9.210629 -30.420630 60.180286 0.789337 0.269400 0.551699 0.524400 -0.449900 1 7 1.000000
  7 9.294494 -30.883495 60.280373 0.824113 0.221778 0.521203 0.532500 -0.379400 1 7 1.000000
hand
  7 8.830010 -30.422211 60.526058 0.564822 0.238470 0.790005 0.606800 -0.430300 1 7 1.000000
  7 8.946163 -30.861664 60.662449 0.422730 0.279416 0.862106 0.617700 -0.369300 1 7 1.000000
  7 9.294494 -30.883495 60.280373 0.824113 0.221778 0.521203 0.532500 -0.379400 1 7 1.000000
hand
  7 9.294494 -30.883495 60.280373 0.824113 0.221778 0.521203 0.532500 -0.379400 1 7 1.000000
  7 9.210629 -30.420630 60.180286 0.789337 0.269400 0.551699 0.524400 -0.449900 1 7 1.000000
  7 8.830010 -30.422211 60.526058 0.564822 0.238470 0.790005 0.606800 -0.430300 1 7 1.000000
hand
  7 8.830010 -30.422211 60.526058 0.564822 0.238470 0.790005 0.606800 -0.430300 1 7 1.000000
  7 9.210629 -30.420630 60.180286 0.789337 0.269400 0.551699 0.524400 -0.449900 1 7 1.000000
  7 9.051654 -29.827253 60.109829 0.822340 0.182192 0.539038 0.526800 -0.538100 1 7 1.000000
hand
  7 9.354467 -30.358568 59.781414 0.906940 0.124436 0.402461 0.453200 -0.453900 1 7 1.000000
  7 9.051654 -29.827253 60.109829 0.822340 0.182192 0.539038 0.526800 -0.538100 1 7 1.000000
  7 9.210629 -30.420630 60.180286 0.789337 0.269400 0.551699 0.524400 -0.449900 1 7 1.000000
hand
  7 9.051654 -29.827253 60.109829 0.822340 0.182192 0.539038 0.526800 -0.538100 1 7 1.000000
  7 9.354467 -30.358568 59.781414 0.906940 0.124436 0.402461 0.453200 -0.453900 1 7 1.000000
  7 9.465887 -29.699686 59.435028 0.841700 0.156974 0.516623 0.392500 -0.566100 1 7 1.000000
hand
  7 9.354467 -30.358568 59.781414 0.906940 0.124436 0.402461 0.453200 -0.453900 1 7 1.000000
  7 9.581812 -30.401012 59.364510 0.941471 0.007216 0.337018 0.372600 -0.446300 1 7 1.000000
  7 9.465887 -29.699686 59.435028 0.841700 0.156974 0.516623 0.392500 -0.566100 1 7 1.000000
hand
  7 9.560908 -30.868309 59.370861 0.967081 -0.123718 0.222367 0.375200 -0.359500 1 7 1.000000
  7 9.581812 -30.401012 59.364510 0.941471 0.007216 0.337018 0.372600 -0.446300 1 7 1.000000
  7 9.354467 -30.358568 59.781414 0.906940 0.124436 0.402461 0.453200 -0.453900 1 7 1.000000
hand
  7 9.581812 -30.401012 59.364510 0.941471 0.007216 0.337018 0.372600 -0.446300 1 7 1.000000
  7 9.560908 -30.868309 59.370861 0.967081 -0.123718 0.222367 0.375200 -0.359500 1 7 1.000000
  7 9.606175 -30.699776 58.310520 0.990585 -0.134705 -0.024411 0.213400 -0.337200 1 7 1.000000
hand
  7 9.548069 -31.153669 58.619057 0.952311 -0.303711 -0.029366 0.264100 -0.265500 1 7 1.000000
  7 9.606175 -30.699776 58.310520 0.990585 -0.134705 -0.024411 0.213400 -0.337200 1 7 1.000000
  7 9.560908 -30.868309 59.370861 0.967081 -0.123718 0.222367 0.375200 -0.359500 1 7 1.000000
hand
  7 9.606175 -30.699776 58.310520 0.990585 -0.134705 -0.024411 0.213400 -0.337200 1 7 1.000000
  7 9.548069 -31.153669 58.619057 0.952311 -0.303711 -0.029366 0.264100 -0.265500 1 7 1.000000
  17 9.420639 -31.573641 58.127258 0.906461 -0.417170 0.065556 0.201000 -0.149700 1 17 1.000000
hand
  14 9.285170 -31.626471 58.615330 0.695740 -0.710940 -0.102515 0.284800 -0.153000 1 14 1.000000
  17 9.420639 -31.573641 58.127258 0.906461 -0.417170 0.065556 0.201000 -0.149700 1 17 1.000000
  7 9.548069 -31.153669 58.619057 0.952311 -0.303711 -0.029366 0.264100 -0.265500 1 7 1.000000
hand
  14 8.635872 -31.972971 58.610725 -0.213683 -0.942588 0.256645 0.336700 -0.024800 1 14 1.000000
  17 9.420639 -31.573641 58.127258 0.906461 -0.417170 0.065556 0.201000 -0.149700 1 17 1.000000
  14 9.285170 -31.626471 58.615330 0.695740 -0.710940 -0.102515 0.284800 -0.153000 1 14 1.000000
hand
  14 9.285170 -31.626471 58.615330 0.695740 -0.710940 -0.102515 0.284800 -0.153000 1 14 1.000000
  14 9.393557 -31.672657 58.943684 0.844622 -0.444313 -0.298662 0.325000 -0.173200 1 14 1.000000
  14 8.635872 -31.972971 58.610725 -0.213683 -0.942588 0.256645 0.336700 -0.024800 1 14 1.000000
hand
  7 9.548069 -31.153669 58.619057 0.952311 -0.303711 -0.029366 0.264100 -0.265500 1 7 1.000000
  14 9.393557 -31.672657 58.943684 0.844622 -0.444313 -0.298662 0.325000 -0.173200 1 14 1.000000
  14 9.285170 -31.626471 58.615330 0.695740 -0.710940 -0.102515 0.284800 -0.153000 1 14 1.000000
hand
  7 9.560908 -30.868309 59.370861 0.967081 -0.123718 0.222367 0.375200 -0.359500 1 7 1.000000
  14 9.393557 -31.672657 58.943684 0.844622 -0.444313 -0.298662 0.325000 -0.173200 1 14 1.000000
  7 9.548069 -31.153669 58.619057 0.952311 -0.303711 -0.029366 0.264100 -0.265500 1 7 1.000000
hand
  7 9.560908 -30.868309 59.370861 0.967081 -0.123718 0.222367 0.375200 -0.359500 1 7 1.000000
  14 9.380602 -31.625801 59.391560 0.859501 -0.357885 0.364932 0.392900 -0.204700 1 14 1.000000
  14 9.393557 -31.672657 58.943684 0.844622 -0.444313 -0.298662 0.325000 -0.173200 1 14 1.000000
hand
  14 9.306978 -31.415878 59.751366 0.879870 -0.465669 0.094765 0.452500 -0.255100 1 14 1.000000
  14 9.380602 -31.625801 59.391560 0.859501 -0.357885 0.364932 0.392900 -0.204700 1 14 1.000000
  7 9.560908 -30.868309 59.370861 0.967081 -0.123718 0.222367 0.375200 -0.359500 1 7 1.000000
hand
  14 9.380602 -31.625801 59.391560 0.859501 -0.357885 0.364932 0.392900 -0.204700 1 14 1.000000
  14 9.306978 -31.415878 59.751366 0.879870 -0.465669 0.094765 0.452500 -0.255100 1 14 1.000000
  14 8.635463 -31.832363 59.796276 -0.281317 -0.893468 0.350107 0.513600 -0.114600 1 14 1.000000
hand
  7 9.051164 -30.859463 56.609081 0.621259 -0.134765 -0.771930 0.004500 -0.160400 1 7 1.000000
  20 9.136605 -31.429605 56.777508 0.783279 -0.228294 -0.578235 0.022700 -0.074300 1 20 1.000000
  7 8.399151 -30.936951 56.355583 -0.313872 -0.089126 -0.945273 0.019600 -0.067400 1 7 1.000000
hand
  7 9.051164 -30.859463 56.609081 0.621259 -0.134765 -0.771930 0.004500 -0.160400 1 7 1.000000
  7 9.428881 -30.787281 57.136391 0.906714 -0.336697 -0.253978 0.052600 -0.239900 1 7 1.000000
  20 9.136605 -31.429605 56.777508 0.783279 -0.228294 -0.578235 0.022700 -0.074300 1 20 1.000000
hand
  7 9.428881 -30.787281 57.136391 0.906714 -0.336697 -0.253978 0.052600 -0.239900 1 7 1.000000
  20 9.144110 -31.519409 57.344341 0.863269 -0.504279 0.021672 0.106600 -0.089500 1 20 1.000000
  20 9.136605 -31.429605 56.777508 0.783279 -0.228294 -0.578235 0.022700 -0.074300 1 20 1.000000
hand
  7 9.332468 -31.106668 57.464966 0.862225 -0.378620 -0.336475 0.109400 -0.189900 1 7 1.000000
  20 9.144110 -31.519409 57.344341 0.863269 -0.504279 0.021672 0.106600 -0.089500 1 20 1.000000
  7 9.428881 -30.787281 57.136391 0.906714 -0.336697 -0.253978 0.052600 -0.239900 1 7 1.000000
hand
  7 9.428881 -30.787281 57.136391 0.906714 -0.336697 -0.253978 0.052600 -0.239900 1 7 1.000000
  7 9.538040 -30.785639 57.545429 0.900485 -0.339591 -0.271669 0.104700 -0.273300 1 7 1.000000
  7 9.332468 -31.106668 57.464966 0.862225 -0.378620 -0.336475 0.109400 -0.189900 1 7 1.000000
hand
  17 9.342769 -31.544468 57.753120 0.801400 -0.424821 -0.421053 0.151500 -0.126900 1 17 1.000000
  7 9.332468 -31.106668 57.464966 0.862225 -0.378620 -0.336475 0.109400 -0.189900 1 7 1.000000
  7 9.538040 -30.785639 57.545429 0.900485 -0.339591 -0.271669 0.104700 -0.273300 1 7 1.000000
hand
  7 9.538040 -30.785639 57.545429 0.900485 -0.339591 -0.271669 0.104700 -0.273300 1 7 1.000000
  17 9.420639 -31.573641 58.127258 0.906461 -0.417170 0.065556 0.201000 -0.149700 1 17 1.000000
  17 9.342769 -31.544468 57.753120 0.801400 -0.424821 -0.421053 0.151500 -0.126900 1 17 1.000000
hand
  7 9.538040 -30.785639 57.545429 0.900485 -0.339591 -0.271669 0.104700 -0.273300 1 7 1.000000
  7 9.606175 -30.699776 58.310520 0.990585 -0.134705 -0.024411 0.213400 -0.337200 1 7 1.000000
  17 9.420639 -31.573641 58.127258 0.906461 -0.417170 0.065556 0.201000 -0.149700 1 17 1.000000
hand
  7 9.332468 -31.106668 57.464966 0.862225 -0.378620 -0.336475 0.109400 -0.189900 1 7 1.000000
  17 9.342769 -31.544468 57.753120 0.801400 -0.424821 -0.421053 0.151500 -0.126900 1 17 1.000000
  20 9.144110 -31.519409 57.344341 0.863269 -0.504279 0.021672 0.106600 -0.089500 1 20 1.000000
hand
  20 9.144110 -31.519409 57.344341 0.863269 -0.504279 0.021672 0.106600 -0.089500 1 20 1.000000
  17 9.342769 -31.544468 57.753120 0.801400 -0.424821 -0.421053 0.151500 -0.126900 1 17 1.000000
  17 8.568385 -31.820387 57.415451 -0.005117 -0.940798 0.338929 0.163900 0.019000 1 17 1.000000
hand
  27 -7.689559 -27.539440 56.094650 0.146636 0.049857 -0.987933 0.067000 -0.624700 1 27 1.000000
  26 -8.460837 -26.595564 56.614159 -0.642428 0.054135 -0.764431 0.085300 -0.888300 1 26 1.000000
  26 -7.600306 -26.601692 56.229958 0.219832 0.118164 -0.968355 0.091800 -0.790700 1 26 1.000000
hand
  26 -8.460837 -26.595564 56.614159 -0.642428 0.054135 -0.764431 0.085300 -0.888300 1 26 1.000000
  27 -7.689559 -27.539440 56.094650 0.146636 0.049857 -0.987933 0.067000 -0.624700 1 27 1.000000
  27 -8.424403 -27.569096 56.511906 -0.678648 0.051547 -0.732653 0.072000 -0.710800 1 27 1.000000
hand
  27 -8.997495 -27.604706 57.354923 -0.862349 0.001725 -0.506312 0.147800 -0.801000 1 27 1.000000
  26 -8.460837 -26.595564 56.614159 -0.642428 0.054135 -0.764431 0.085300 -0.888300 1 26 1.000000
  27 -8.424403 -27.569096 56.511906 -0.678648 0.051547 -0.732653 0.072000 -0.710800 1 27 1.000000
hand
  26 -8.460837 -26.595564 56.614159 -0.642428 0.054135 -0.764431 0.085300 -0.888300 1 26 1.000000
  27 -8.997495 -27.604706 57.354923 -0.862349 0.001725 -0.506312 0.147800 -0.801000 1 27 1.000000
  26 -8.889116 -26.589083 57.130409 -0.896868 -0.022753 -0.441712 0.127500 -0.952400 1 26 1.000000
hand
  27 -9.251073 -27.621326 58.162540 -0.992245 0.015357 -0.123346 0.240900 -0.861800 1 27 1.000000
  26 -8.889116 -26.589083 57.130409 -0.896868 -0.022753 -0.441712 0.127500 -0.952400 1 26 1.000000
  27 -8.997495 -27.604706 57.354923 -0.862349 0.001725 -0.506312 0.147800 -0.801000 1 27 1.000000
hand
  26 -8.889116 -26.589083 57.130409 -0.896868 -0.022753 -0.441712 0.127500 -0.952400 1 26 1.000000
  27 -9.251073 -27.621326 58.162540 -0.992245 0.015357 -0.123346 0.240900 -0.861800 1 27 1.000000
  26 -9.242422 -26.583979 58.016685 -0.997844 -0.057691 0.031276 0.226900 -1.027100 1 26 1.000000
hand
  27 -8.891342 -27.564058 59.229042 -0.937507 -0.028680 0.346781 0.414800 -0.888200 1 27 1.000000
  26 -9.242422 -26.583979 58.016685 -0.997844 -0.057691 0.031276 0.226900 -1.027100 1 26 1.000000
  27 -9.251073 -27.621326 58.162540 -0.992245 0.015357 -0.123346 0.240900 -0.861800 1 27 1.000000
hand
  26 -9.242422 -26.583979 58.016685 -0.997844 -0.057691 0.031276 0.226900 -1.027100 1 26 1.000000
  27 -8.891342 -27.564058 59.229042 -0.937507 -0.028680 0.346781 0.414800 -0.888200 1 27 1.000000
  26 -9.137671 -26.578627 58.739922 -0.948672 -0.086192 0.304291 0.335600 -1.051300 1 26 1.000000
hand
  26 -9.137671 -26.578627 58.739922 -0.948672 -0.086192 0.304291 0.335600 -1.051300 1 26 1.000000
  27 -8.891342 -27.564058 59.229042 -0.937507 -0.028680 0.346781 0.414800 -0.888200 1 27 1.000000
  26 -8.866855 -26.569344 59.269009 -0.858468 0.074175 0.507474 0.428800 -1.050700 1 26 1.000000
hand
  27 -8.462030 -27.347569 60.068214 -0.600874 0.298265 0.741612 0.563200 -0.923900 1 27 1.000000
  26 -8.866855 -26.569344 59.269009 -0.858468 0.074175 0.507474 0.428800 -1.050700 1 26 1.000000
  27 -8.891342 -27.564058 59.229042 -0.937507 -0.028680 0.346781 0.414800 -0.888200 1 27 1.000000
hand
  26 -8.866855 -26.569344 59.269009 -0.858468 0.074175 0.507474 0.428800 -1.050700 1 26 1.000000
  27 -8.462030 -27.347569 60.068214 -0.600874 0.298265 0.741612 0.563200 -0.923900 1 27 1.000000
  26 -8.435544 -26.548355 59.817650 -0.512505 0.272294 0.814367 0.534200 -1.037700 1 26 1.000000
hand
  27 -8.462030 -27.347569 60.068214 -0.600874 0.298265 0.741612 0.563200 -0.923900 1 27 1.000000
  26 -6.992342 -26.493958 60.098129 0.024585 0.409517 0.911971 0.677800 -0.917500 1 26 1.000000
  26 -8.435544 -26.548355 59.817650 -0.512505 0.272294 0.814367 0.534200 -1.037700 1 26 1.000000
hand
  26 -6.992342 -26.493958 60.098129 0.024585 0.409517 0.911971 0.677800 -0.917500 1 26 1.000000
  27 -8.462030 -27.347569 60.068214 -0.600874 0.298265 0.741612 0.563200 -0.923900 1 27 1.000000
  26 -7.284894 -27.232407 60.539486 0.297697 0.380002 0.875771 0.714900 -0.853600 1 26 1.000000
hand
  26 -7.284894 -27.232407 60.539486 0.297697 0.380002 0.875771 0.714900 -0.853600 1 26 1.000000
  26 -6.436631 -25.900669 59.487217 0.853538 0.080479 0.514777 0.637100 -0.928400 1 26 1.000000
  26 -6.992342 -26.493958 60.098129 0.024585 0.409517 0.911971 0.677800 -0.917500 1 26 1.000000
hand
  27 -9.474964 -31.087736 56.980164 -0.915818 -0.332576 -0.225100 0.052600 -0.239900 1 27 1.000000
  27 -9.359186 -31.431313 57.333218 -0.869885 -0.382804 -0.311065 0.109400 -0.189900 1 27 1.000000
  27 -9.582518 -31.088781 57.425125 -0.902210 -0.349086 -0.253290 0.104700 -0.273300 1 27 1.000000
hand
  27 -9.582518 -31.088781 57.425125 -0.902210 -0.349086 -0.253290 0.104700 -0.273300 1 27 1.000000
  27 -9.435434 -31.937166 58.051067 -0.918647 -0.384475 0.090917 0.201000 -0.149700 1 27 1.000000
  27 -9.639304 -30.997995 58.254372 -0.989351 -0.145494 -0.004091 0.213400 -0.337200 1 27 1.000000
hand
  27 -9.582518 -31.088781 57.425125 -0.902210 -0.349086 -0.253290 0.104700 -0.273300 1 27 1.000000
  27 -9.359195 -31.904408 57.644783 -0.833439 -0.369234 -0.411151 0.151500 -0.126900 1 27 1.000000
  27 -9.435434 -31.937166 58.051067 -0.918647 -0.384475 0.090917 0.201000 -0.149700 1 27 1.000000
hand
  27 -9.359195 -31.904408 57.644783 -0.833439 -0.369234 -0.411151 0.151500 -0.126900 1 27 1.000000
  27 -9.582518 -31.088781 57.425125 -0.902210 -0.349086 -0.253290 0.104700 -0.273300 1 27 1.000000
  27 -9.359186 -31.431313 57.333218 -0.869885 -0.382804 -0.311065 0.109400 -0.189900 1 27 1.000000
hand
  27 -9.359186 -31.431313 57.333218 -0.869885 -0.382804 -0.311065 0.109400 -0.189900 1 27 1.000000
  27 -9.162940 -31.875460 57.197639 -0.903602 -0.427890 0.020336 0.106600 -0.089500 1 27 1.000000
  27 -9.359195 -31.904408 57.644783 -0.833439 -0.369234 -0.411151 0.151500 -0.126900 1 27 1.000000
hand
  27 -9.359186 -31.431313 57.333218 -0.869885 -0.382804 -0.311065 0.109400 -0.189900 1 27 1.000000
  27 -9.474964 -31.087736 56.980164 -0.915818 -0.332576 -0.225100 0.052600 -0.239900 1 27 1.000000
  27 -9.162940 -31.875460 57.197639 -0.903602 -0.427890 0.020336 0.106600 -0.089500 1 27 1.000000
hand
  27 -9.474964 -31.087736 56.980164 -0.915818 -0.332576 -0.225100 0.052600 -0.239900 1 27 1.000000
  27 -9.187728 -31.770571 56.584896 -0.805590 -0.159094 -0.570714 0.022700 -0.074300 1 27 1.000000
  27 -9.162940 -31.875460 57.197639 -0.903602 -0.427890 0.020336 0.106600 -0.089500 1 27 1.000000
hand
  27 -9.080666 -31.156536 56.400921 -0.638330 -0.116661 -0.760871 0.004500 -0.160400 1 27 1.000000
  27 -9.187728 -31.770571 56.584896 -0.805590 -0.159094 -0.570714 0.022700 -0.074300 1 27 1.000000
  27 -9.474964 -31.087736 56.980164 -0.915818 -0.332576 -0.225100 0.052600 -0.239900 1 27 1.000000
hand
  27 -9.080666 -31.156536 56.400921 -0.638330 -0.116661 -0.760871 0.004500 -0.160400 1 27 1.000000
  27 -8.384565 -31.229136 56.110485 0.303928 -0.130927 -0.943655 0.019600 -0.067400 1 27 1.000000
  27 -9.187728 -31.770571 56.584896 -0.805590 -0.159094 -0.570714 0.022700 -0.074300 1 27 1.000000
hand
  27 -9.162940 -31.875460 57.197639 -0.903602 -0.427890 0.020336 0.106600 -0.089500 1 27 1.000000
  27 -8.570462 -32.223038 57.260464 0.049001 -0.955421 0.291153 0.163900 0.019000 1 27 1.000000
  27 -9.359195 -31.904408 57.644783 -0.833439 -0.369234 -0.411151 0.151500 -0.126900 1 27 1.000000
hand
  28 -7.174971 -29.305634 61.920036 -0.013802 0.489216 0.872053 0.903300 -0.570600 1 28 1.000000
  28 -7.971171 -29.636433 61.635075 -0.680449 0.144948 0.718316 0.799200 -0.571800 1 28 1.000000
  29 -7.727288 -30.056110 61.972206 -0.792134 0.038511 0.609131 0.864000 -0.494300 1 29 1.000000
hand
  28 -7.174971 -29.305634 61.920036 -0.013802 0.489216 0.872053 0.903300 -0.570600 1 28 1.000000
  28 -7.853592 -28.970711 61.404587 -0.484166 0.467065 0.739887 0.782700 -0.661500 1 28 1.000000
  28 -7.971171 -29.636433 61.635075 -0.680449 0.144948 0.718316 0.799200 -0.571800 1 28 1.000000
hand
  28 -7.853592 -28.970711 61.404587 -0.484166 0.467065 0.739887 0.782700 -0.661500 1 28 1.000000
  28 -8.365997 -29.302107 61.130726 -0.766285 0.226801 0.601139 0.703400 -0.640700 1 28 1.000000
  28 -7.971171 -29.636433 61.635075 -0.680449 0.144948 0.718316 0.799200 -0.571800 1 28 1.000000
hand
  27 -8.327041 -28.486259 60.672657 -0.661637 0.345734 0.665360 0.651600 -0.754700 1 27 1.000000
  28 -8.365997 -29.302107 61.130726 -0.766285 0.226801 0.601139 0.703400 -0.640700 1 28 1.000000
  28 -7.853592 -28.970711 61.404587 -0.484166 0.467065 0.739887 0.782700 -0.661500 1 28 1.000000
hand
  27 -8.327041 -28.486259 60.672657 -0.661637 0.345734 0.665360 0.651600 -0.754700 1 27 1.000000
  27 -8.754983 -29.562517 60.508980 -0.846198 0.122582 0.518577 0.593300 -0.609800 1 27 1.000000
  28 -8.365997 -29.302107 61.130726 -0.766285 0.226801 0.601139 0.703400 -0.640700 1 28 1.000000
hand
  27 -8.872425 -28.799675 60.050777 -0.841646 0.179770 0.509229 0.524000 -0.722800 1 27 1.000000
  27 -8.754983 -29.562517 60.508980 -0.846198 0.122582 0.518577 0.593300 -0.609800 1 27 1.000000
  27 -8.327041 -28.486259 60.672657 -0.661637 0.345734 0.665360 0.651600 -0.754700 1 27 1.000000
hand
  27 -8.872425 -28.799675 60.050777 -0.841646 0.179770 0.509229 0.524000 -0.722800 1 27 1.000000
  27 -9.023870 -30.043930 60.184856 -0.816015 0.162296 0.554778 0.526800 -0.538100 1 27 1.000000
  27 -8.754983 -29.562517 60.508980 -0.846198 0.122582 0.518577 0.593300 -0.609800 1 27 1.000000
hand
  27 -9.135682 -29.035019 59.637768 -0.839980 0.183777 0.510549 0.446500 -0.687900 1 27 1.000000
  27 -9.023870 -30.043930 60.184856 -0.816015 0.162296 0.554778 0.526800 -0.538100 1 27 1.000000
  27 -8.872425 -28.799675 60.050777 -0.841646 0.179770 0.509229 0.524000 -0.722800 1 27 1.000000
hand
  27 -9.135682 -29.035019 59.637768 -0.839980 0.183777 0.510549 0.446500 -0.687900 1 27 1.000000
  27 -9.484921 -29.914278 59.463650 -0.836562 0.140879 0.529449 0.392500 -0.566100 1 27 1.000000
  27 -9.023870 -30.043930 60.184856 -0.816015 0.162296 0.554778 0.526800 -0.538100 1 27 1.000000
hand
  27 -9.023870 -30.043930 60.184856 -0.816015 0.162296 0.554778 0.526800 -0.538100 1 27 1.000000
  27 -9.484921 -29.914278 59.463650 -0.836562 0.140879 0.529449 0.392500 -0.566100 1 27 1.000000
  27 -9.344253 -30.624147 59.840244 -0.900849 0.106946 0.420754 0.453200 -0.453900 1 27 1.000000
hand
  27 -9.344253 -30.624147 59.840244 -0.900849 0.106946 0.420754 0.453200 -0.453900 1 27 1.000000
  27 -9.484921 -29.914278 59.463650 -0.836562 0.140879 0.529449 0.392500 -0.566100 1 27 1.000000
  27 -9.596197 -30.673702 59.391773 -0.936171 -0.005779 0.351497 0.372600 -0.446300 1 27 1.000000
hand
  27 -9.566301 -31.179298 59.401958 -0.955470 -0.139907 0.259813 0.375200 -0.359500 1 27 1.000000
  27 -9.344253 -30.624147 59.840244 -0.900849 0.106946 0.420754 0.453200 -0.453900 1 27 1.000000
  27 -9.596197 -30.673702 59.391773 -0.936171 -0.005779 0.351497 0.372600 -0.446300 1 27 1.000000
hand
  27 -9.596197 -30.673702 59.391773 -0.936171 -0.005779 0.351497 0.372600 -0.446300 1 27 1.000000
  27 -9.639304 -30.997995 58.254372 -0.989351 -0.145494 -0.004091 0.213400 -0.337200 1 27 1.000000
  27 -9.566301 -31.179298 59.401958 -0.955470 -0.139907 0.259813 0.375200 -0.359500 1 27 1.000000
hand
  27 -9.564520 -31.486380 58.586864 -0.949627 -0.313214 -0.010220 0.264100 -0.265500 1 27 1.000000
  27 -9.566301 -31.179298 59.401958 -0.955470 -0.139907 0.259813 0.375200 -0.359500 1 27 1.000000
  27 -9.639304 -30.997995 58.254372 -0.989351 -0.145494 -0.004091 0.213400 -0.337200 1 27 1.000000
hand
  27 -9.639304 -30.997995 58.254372 -0.989351 -0.145494 -0.004091 0.213400 -0.337200 1 27 1.000000
  27 -9.435434 -31.937166 58.051067 -0.918647 -0.384475 0.090917 0.201000 -0.149700 1 27 1.000000
  27 -9.564520 -31.486380 58.586864 -0.949627 -0.313214 -0.010220 0.264100 -0.265500 1 27 1.000000
hand
  27 -9.276115 -31.993484 58.576538 -0.711410 -0.697370 -0.087010 0.284800 -0.153000 1 27 1.000000
  27 -9.564520 -31.486380 58.586864 -0.949627 -0.313214 -0.010220 0.264100 -0.265500 1 27 1.000000
  27 -9.435434 -31.937166 58.051067 -0.918647 -0.384475 0.090917 0.201000 -0.149700 1 27 1.000000
hand
  27 -8.611808 -32.389393 58.554504 0.194979 -0.977996 0.074207 0.336700 -0.024800 1 27 1.000000
  27 -9.276115 -31.993484 58.576538 -0.711410 -0.697370 -0.087010 0.284800 -0.153000 1 27 1.000000
  27 -9.435434 -31.937166 58.051067 -0.918647 -0.384475 0.090917 0.201000 -0.149700 1 27 1.000000
hand
  27 -9.276115 -31.993484 58.576538 -0.711410 -0.697370 -0.087010 0.284800 -0.153000 1 27 1.000000
  27 -8.611808 -32.389393 58.554504 0.194979 -0.977996 0.074207 0.336700 -0.024800 1 27 1.000000
  27 -9.385640 -32.046562 58.934620 -0.878086 -0.375198 -0.296970 0.325000 -0.173200 1 27 1.000000
hand
  28 -7.971171 -29.636433 61.635075 -0.680449 0.144948 0.718316 0.799200 -0.571800 1 28 1.000000
  28 -8.145957 -30.001446 61.304443 -0.687436 -0.603457 0.404068 0.737800 -0.511400 1 28 1.000000
  29 -7.727288 -30.056110 61.972206 -0.792134 0.038511 0.609131 0.864000 -0.494300 1 29 1.000000
hand
  28 -8.145957 -30.001446 61.304443 -0.687436 -0.603457 0.404068 0.737800 -0.511400 1 28 1.000000
  28 -7.971171 -29.636433 61.635075 -0.680449 0.144948 0.718316 0.799200 -0.571800 1 28 1.000000
  28 -8.499739 -29.747265 60.962231 -0.813540 -0.077105 0.576374 0.666300 -0.571100 1 28 1.000000
hand
  28 -8.365997 -29.302107 61.130726 -0.766285 0.226801 0.601139 0.703400 -0.640700 1 28 1.000000
  28 -8.499739 -29.747265 60.962231 -0.813540 -0.077105 0.576374 0.666300 -0.571100 1 28 1.000000
  28 -7.971171 -29.636433 61.635075 -0.680449 0.144948 0.718316 0.799200 -0.571800 1 28 1.000000
hand
  27 -9.253038 -31.197760 60.380173 -0.824709 0.120894 0.552485 0.532500 -0.379400 1 27 1.000000
  27 -9.344253 -30.624147 59.840244 -0.900849 0.106946 0.420754 0.453200 -0.453900 1 27 1.000000
  27 -9.370254 -31.185146 59.844929 -0.971358 -0.136632 0.194410 0.450800 -0.363400 1 27 1.000000
hand
  27 -9.344253 -30.624147 59.840244 -0.900849 0.106946 0.420754 0.453200 -0.453900 1 27 1.000000
  27 -9.566301 -31.179298 59.401958 -0.955470 -0.139907 0.259813 0.375200 -0.359500 1 27 1.000000
  27 -9.370254 -31.185146 59.844929 -0.971358 -0.136632 0.194410 0.450800 -0.363400 1 27 1.000000
hand
  27 -9.566301 -31.179298 59.401958 -0.955470 -0.139907 0.259813 0.375200 -0.359500 1 27 1.000000
  31 -9.154848 -31.863754 59.825737 -0.813517 -0.554109 0.176501 0.452500 -0.255100 1 31 1.000000
  27 -9.370254 -31.185146 59.844929 -0.971358 -0.136632 0.194410 0.450800 -0.363400 1 27 1.000000
hand
  27 -9.564520 -31.486380 58.586864 -0.949627 -0.313214 -0.010220 0.264100 -0.265500 1 27 1.000000
  27 -9.276115 -31.993484 58.576538 -0.711410 -0.697370 -0.087010 0.284800 -0.153000 1 27 1.000000
  27 -9.385640 -32.046562 58.934620 -0.878086 -0.375198 -0.296970 0.325000 -0.173200 1 27 1.000000
hand
  27 -9.566301 -31.179298 59.401958 -0.955470 -0.139907 0.259813 0.375200 -0.359500 1 27 1.000000
  27 -9.564520 -31.486380 58.586864 -0.949627 -0.313214 -0.010220 0.264100 -0.265500 1 27 1.000000
  27 -9.385640 -32.046562 58.934620 -0.878086 -0.375198 -0.296970 0.325000 -0.173200 1 27 1.000000
hand
  27 -9.566301 -31.179298 59.401958 -0.955470 -0.139907 0.259813 0.375200 -0.359500 1 27 1.000000
  27 -9.385640 -32.046562 58.934620 -0.878086 -0.375198 -0.296970 0.325000 -0.173200 1 27 1.000000
  27 -9.392906 -31.999092 59.419300 -0.861998 -0.309847 0.401190 0.392900 -0.204700 1 27 1.000000
hand
  31 -9.154848 -31.863754 59.825737 -0.813517 -0.554109 0.176501 0.452500 -0.255100 1 31 1.000000
  27 -9.566301 -31.179298 59.401958 -0.955470 -0.139907 0.259813 0.375200 -0.359500 1 27 1.000000
  27 -9.392906 -31.999092 59.419300 -0.861998 -0.309847 0.401190 0.392900 -0.204700 1 27 1.000000
hand
  27 -9.392906 -31.999092 59.419300 -0.861998 -0.309847 0.401190 0.392900 -0.204700 1 27 1.000000
  31 -8.380053 -32.236546 59.840431 0.359203 -0.932386 -0.040353 0.513600 -0.114600 1 31 1.000000
  31 -9.154848 -31.863754 59.825737 -0.813517 -0.554109 0.176501 0.452500 -0.255100 1 31 1.000000
hand
  31 -9.154848 -31.863754 59.825737 -0.813517 -0.554109 0.176501 0.452500 -0.255100 1 31 1.000000
  31 -8.380053 -32.236546 59.840431 0.359203 -0.932386 -0.040353 0.513600 -0.114600 1 31 1.000000
  31 -9.149655 -32.066147 60.139908 -0.782783 -0.530509 -0.325285 0.490600 -0.245200 1 31 1.000000
hand
  31 -9.149655 -32.066147 60.139908 -0.782783 -0.530509 -0.325285 0.490600 -0.245200 1 31 1.000000
  27 -9.370254 -31.185146 59.844929 -0.971358 -0.136632 0.194410 0.450800 -0.363400 1 27 1.000000
  31 -9.154848 -31.863754 59.825737 -0.813517 -0.554109 0.176501 0.452500 -0.255100 1 31 1.000000
hand
  27 -9.370254 -31.185146 59.844929 -0.971358 -0.136632 0.194410 0.450800 -0.363400 1 27 1.000000
  31 -9.149655 -32.066147 60.139908 -0.782783 -0.530509 -0.325285 0.490600 -0.245200 1 31 1.000000
  31 -9.144406 -31.907698 60.574554 -0.843296 -0.119221 0.524059 0.551200 -0.293200 1 31 1.000000
hand
  27 -9.370254 -31.185146 59.844929 -0.971358 -0.136632 0.194410 0.450800 -0.363400 1 27 1.000000
  31 -9.144406 -31.907698 60.574554 -0.843296 -0.119221 0.524059 0.551200 -0.293200 1 31 1.000000
  27 -9.253038 -31.197760 60.380173 -0.824709 0.120894 0.552485 0.532500 -0.379400 1 27 1.000000
hand
  31 -8.547554 -31.836649 61.003437 -0.360211 0.131816 0.923511 0.657500 -0.259900 1 31 1.000000
  27 -9.253038 -31.197760 60.380173 -0.824709 0.120894 0.552485 0.532500 -0.379400 1 27 1.000000
  31 -9.144406 -31.907698 60.574554 -0.843296 -0.119221 0.524059 0.551200 -0.293200 1 31 1.000000
hand
  27 -9.253038 -31.197760 60.380173 -0.824709 0.120894 0.552485 0.532500 -0.379400 1 27 1.000000
  31 -8.547554 -31.836649 61.003437 -0.360211 0.131816 0.923511 0.657500 -0.259900 1 31 1.000000
  27 -8.865277 -31.167822 60.783997 -0.407924 0.226316 0.884522 0.617700 -0.369300 1 27 1.000000
hand
  31 -8.547554 -31.836649 61.003437 -0.360211 0.131816 0.923511 0.657500 -0.259900 1 31 1.000000
  27 -8.351104 -31.146099 60.854366 -0.023439 0.201745 0.979157 0.667700 -0.327600 1 27 1.000000
  27 -8.865277 -31.167822 60.783997 -0.407924 0.226316 0.884522 0.617700 -0.369300 1 27 1.000000
hand
  27 -8.163163 -30.563337 60.739834 -0.202446 0.007338 0.979266 0.667900 -0.400600 1 27 1.000000
  27 -8.865277 -31.167822 60.783997 -0.407924 0.226316 0.884522 0.617700 -0.369300 1 27 1.000000
  27 -8.351104 -31.146099 60.854366 -0.023439 0.201745 0.979157 0.667700 -0.327600 1 27 1.000000
hand
  27 -8.351104 -31.146099 60.854366 -0.023439 0.201745 0.979157 0.667700 -0.327600 1 27 1.000000
  27 -7.765174 -30.572025 60.772369 0.489901 -0.222405 0.842931 0.703300 -0.363700 1 27 1.000000
  27 -8.163163 -30.563337 60.739834 -0.202446 0.007338 0.979266 0.667900 -0.400600 1 27 1.000000
hand
  27 -8.163163 -30.563337 60.739834 -0.202446 0.007338 0.979266 0.667900 -0.400600 1 27 1.000000
  27 -7.765174 -30.572025 60.772369 0.489901 -0.222405 0.842931 0.703300 -0.363700 1 27 1.000000
  28 -8.025043 -30.107960 60.974018 -0.095158 -0.660351 0.744904 0.702000 -0.467200 1 28 1.000000
hand
  27 -7.765174 -30.572025 60.772369 0.489901 -0.222405 0.842931 0.703300 -0.363700 1 27 1.000000
  27 -7.555336 -30.289865 60.658146 0.170311 -0.984807 -0.033901 0.707700 -0.386800 1 27 1.000000
  28 -8.025043 -30.107960 60.974018 -0.095158 -0.660351 0.744904 0.702000 -0.467200 1 28 1.000000
hand
  27 -7.555336 -30.289865 60.658146 0.170311 -0.984807 -0.033901 0.707700 -0.386800 1 27 1.000000
  28 -8.145957 -30.001446 61.304443 -0.687436 -0.603457 0.404068 0.737800 -0.511400 1 28 1.000000
  28 -8.025043 -30.107960 60.974018 -0.095158 -0.660351 0.744904 0.702000 -0.467200 1 28 1.000000
hand
  27 -7.555336 -30.289865 60.658146 0.170311 -0.984807 -0.033901 0.707700 -0.386800 1 27 1.000000
  29 -7.736040 -30.421158 61.544529 -0.760780 -0.631378 -0.150251 0.800400 -0.417800 1 29 1.000000
  28 -8.145957 -30.001446 61.304443 -0.687436 -0.603457 0.404068 0.737800 -0.511400 1 28 1.000000
hand
  27 -7.765174 -30.572025 60.772369 0.489901 -0.222405 0.842931 0.703300 -0.363700 1 27 1.000000
  27 -8.351104 -31.146099 60.854366 -0.023439 0.201745 0.979157 0.667700 -0.327600 1 27 1.000000
  27 -7.882185 -31.129816 60.803322 0.755716 -0.001474 0.654898 0.697600 -0.283200 1 27 1.000000
hand
  31 -7.955838 -31.660566 60.956478 0.596826 0.202766 0.776328 0.701200 -0.216900 1 31 1.000000
  27 -7.882185 -31.129816 60.803322 0.755716 -0.001474 0.654898 0.697600 -0.283200 1 27 1.000000
  27 -8.351104 -31.146099 60.854366 -0.023439 0.201745 0.979157 0.667700 -0.327600 1 27 1.000000
hand
  27 -8.351104 -31.146099 60.854366 -0.023439 0.201745 0.979157 0.667700 -0.327600 1 27 1.000000
  31 -8.547554 -31.836649 61.003437 -0.360211 0.131816 0.923511 0.657500 -0.259900 1 31 1.000000
  31 -7.955838 -31.660566 60.956478 0.596826 0.202766 0.776328 0.701200 -0.216900 1 31 1.000000
hand
  29 -7.736040 -30.421158 61.544529 -0.760780 -0.631378 -0.150251 0.800400 -0.417800 1 29 1.000000
  29 -7.275713 -30.867485 61.466541 -0.114224 -0.575100 -0.810070 0.819100 -0.296300 1 29 1.000000
  29 -7.589238 -30.813560 61.829117 -0.888159 -0.389103 -0.244484 0.845700 -0.346700 1 29 1.000000
hand
  29 -7.275713 -30.867485 61.466541 -0.114224 -0.575100 -0.810070 0.819100 -0.296300 1 29 1.000000
  29 -7.736040 -30.421158 61.544529 -0.760780 -0.631378 -0.150251 0.800400 -0.417800 1 29 1.000000
  29 -7.344831 -30.576067 61.227516 0.078488 -0.830761 -0.551067 0.785800 -0.343300 1 29 1.000000
hand
  27 -7.555336 -30.289865 60.658146 0.170311 -0.984807 -0.033901 0.707700 -0.386800 1 27 1.000000
  29 -7.344831 -30.576067 61.227516 0.078488 -0.830761 -0.551067 0.785800 -0.343300 1 29 1.000000
  29 -7.736040 -30.421158 61.544529 -0.760780 -0.631378 -0.150251 0.800400 -0.417800 1 29 1.000000
hand
  29 -7.727288 -30.056110 61.972206 -0.792134 0.038511 0.609131 0.864000 -0.494300 1 29 1.000000
  28 -8.145957 -30.001446 61.304443 -0.687436 -0.603457 0.404068 0.737800 -0.511400 1 28 1.000000
  29 -7.736040 -30.421158 61.544529 -0.760780 -0.631378 -0.150251 0.800400 -0.417800 1 29 1.000000
hand
  29 -7.589238 -30.813560 61.829117 -0.888159 -0.389103 -0.244484 0.845700 -0.346700 1 29 1.000000
  29 -7.727288 -30.056110 61.972206 -0.792134 0.038511 0.609131 0.864000 -0.494300 1 29 1.000000
  29 -7.736040 -30.421158 61.544529 -0.760780 -0.631378 -0.150251 0.800400 -0.417800 1 29 1.000000
hand
  29 -7.727288 -30.056110 61.972206 -0.792134 0.038511 0.609131 0.864000 -0.494300 1 29 1.000000
  29 -7.589238 -30.813560 61.829117 -0.888159 -0.389103 -0.244484 0.845700 -0.346700 1 29 1.000000
  29 -7.577257 -30.733242 62.459888 -0.855863 0.120972 0.502856 0.932400 -0.396600 1 29 1.000000
hand
  29 -7.577257 -30.733242 62.459888 -0.855863 0.120972 0.502856 0.932400 -0.396600 1 29 1.000000
  29 -7.091146 -29.795052 62.141335 0.034512 0.542316 0.839465 0.942800 -0.486000 1 29 1.000000
  29 -7.727288 -30.056110 61.972206 -0.792134 0.038511 0.609131 0.864000 -0.494300 1 29 1.000000
hand
  29 -7.091146 -29.795052 62.141335 0.034512 0.542316 0.839465 0.942800 -0.486000 1 29 1.000000
  29 -7.577257 -30.733242 62.459888 -0.855863 0.120972 0.502856 0.932400 -0.396600 1 29 1.000000
  29 -7.059400 -30.400600 62.583553 0.016190 0.444499 0.895633 0.991700 -0.401200 1 29 1.000000
hand
  28 -7.174971 -29.305634 61.920036 -0.013802 0.489216 0.872053 0.903300 -0.570600 1 28 1.000000
  29 -7.727288 -30.056110 61.972206 -0.792134 0.038511 0.609131 0.864000 -0.494300 1 29 1.000000
  29 -7.091146 -29.795052 62.141335 0.034512 0.542316 0.839465 0.942800 -0.486000 1 29 1.000000
hand
  28 -8.499739 -29.747265 60.962231 -0.813540 -0.077105 0.576374 0.666300 -0.571100 1 28 1.000000
  28 -8.365997 -29.302107 61.130726 -0.766285 0.226801 0.601139 0.703400 -0.640700 1 28 1.000000
  27 -8.754983 -29.562517 60.508980 -0.846198 0.122582 0.518577 0.593300 -0.609800 1 27 1.000000
hand
  27 -8.754983 -29.562517 60.508980 -0.846198 0.122582 0.518577 0.593300 -0.609800 1 27 1.000000
  27 -8.658535 -30.061966 60.657585 -0.657170 -0.225959 0.719075 0.619200 -0.525600 1 27 1.000000
  28 -8.499739 -29.747265 60.962231 -0.813540 -0.077105 0.576374 0.666300 -0.571100 1 28 1.000000
hand
  28 -8.499739 -29.747265 60.962231 -0.813540 -0.077105 0.576374 0.666300 -0.571100 1 28 1.000000
  27 -8.658535 -30.061966 60.657585 -0.657170 -0.225959 0.719075 0.619200 -0.525600 1 27 1.000000
  28 -8.145957 -30.001446 61.304443 -0.687436 -0.603457 0.404068 0.737800 -0.511400 1 28 1.000000
hand
  28 -8.025043 -30.107960 60.974018 -0.095158 -0.660351 0.744904 0.702000 -0.467200 1 28 1.000000
  28 -8.145957 -30.001446 61.304443 -0.687436 -0.603457 0.404068 0.737800 -0.511400 1 28 1.000000
  27 -8.658535 -30.061966 60.657585 -0.657170 -0.225959 0.719075 0.619200 -0.525600 1 27 1.000000
hand
  27 -8.658535 -30.061966 60.657585 -0.657170 -0.225959 0.719075 0.619200 -0.525600 1 27 1.000000
  27 -8.163163 -30.563337 60.739834 -0.202446 0.007338 0.979266 0.667900 -0.400600 1 27 1.000000
  28 -8.025043 -30.107960 60.974018 -0.095158 -0.660351 0.744904 0.702000 -0.467200 1 28 1.000000
hand
  27 -8.658535 -30.061966 60.657585 -0.657170 -0.225959 0.719075 0.619200 -0.525600 1 27 1.000000
  27 -8.755726 -30.685873 60.633068 -0.550679 0.223878 0.804134 0.606800 -0.430300 1 27 1.000000
  27 -8.163163 -30.563337 60.739834 -0.202446 0.007338 0.979266 0.667900 -0.400600 1 27 1.000000
hand
  27 -8.865277 -31.167822 60.783997 -0.407924 0.226316 0.884522 0.617700 -0.369300 1 27 1.000000
  27 -8.163163 -30.563337 60.739834 -0.202446 0.007338 0.979266 0.667900 -0.400600 1 27 1.000000
  27 -8.755726 -30.685873 60.633068 -0.550679 0.223878 0.804134 0.606800 -0.430300 1 27 1.000000
hand
  27 -8.755726 -30.685873 60.633068 -0.550679 0.223878 0.804134 0.606800 -0.430300 1 27 1.000000
  27 -9.253038 -31.197760 60.380173 -0.824709 0.120894 0.552485 0.532500 -0.379400 1 27 1.000000
  27 -8.865277 -31.167822 60.783997 -0.407924 0.226316 0.884522 0.617700 -0.369300 1 27 1.000000
hand
  27 -9.253038 -31.197760 60.380173 -0.824709 0.120894 0.552485 0.532500 -0.379400 1 27 1.000000
  27 -8.755726 -30.685873 60.633068 -0.550679 0.223878 0.804134 0.606800 -0.430300 1 27 1.000000
  27 -9.176900 -30.689699 60.268524 -0.781470 0.250789 0.571323 0.524400 -0.449900 1 27 1.000000
hand
  27 -9.344253 -30.624147 59.840244 -0.900849 0.106946 0.420754 0.453200 -0.453900 1 27 1.000000
  27 -9.253038 -31.197760 60.380173 -0.824709 0.120894 0.552485 0.532500 -0.379400 1 27 1.000000
  27 -9.176900 -30.689699 60.268524 -0.781470 0.250789 0.571323 0.524400 -0.449900 1 27 1.000000
hand
  27 -9.344253 -30.624147 59.840244 -0.900849 0.106946 0.420754 0.453200 -0.453900 1 27 1.000000
  27 -9.176900 -30.689699 60.268524 -0.781470 0.250789 0.571323 0.524400 -0.449900 1 27 1.000000
  27 -9.023870 -30.043930 60.184856 -0.816015 0.162296 0.554778 0.526800 -0.538100 1 27 1.000000
hand
  27 -8.755726 -30.685873 60.633068 -0.550679 0.223878 0.804134 0.606800 -0.430300 1 27 1.000000
  27 -9.023870 -30.043930 60.184856 -0.816015 0.162296 0.554778 0.526800 -0.538100 1 27 1.000000
  27 -9.176900 -30.689699 60.268524 -0.781470 0.250789 0.571323 0.524400 -0.449900 1 27 1.000000
hand
  27 -9.023870 -30.043930 60.184856 -0.816015 0.162296 0.554778 0.526800 -0.538100 1 27 1.000000
  27 -8.755726 -30.685873 60.633068 -0.550679 0.223878 0.804134 0.606800 -0.430300 1 27 1.000000
  27 -8.658535 -30.061966 60.657585 -0.657170 -0.225959 0.719075 0.619200 -0.525600 1 27 1.000000
hand
  27 -8.754983 -29.562517 60.508980 -0.846198 0.122582 0.518577 0.593300 -0.609800 1 27 1.000000
  27 -9.023870 -30.043930 60.184856 -0.816015 0.162296 0.554778 0.526800 -0.538100 1 27 1.000000
  27 -8.658535 -30.061966 60.657585 -0.657170 -0.225959 0.719075 0.619200 -0.525600 1 27 1.000000
hand
  28 -7.330854 -28.846451 61.584126 0.059041 0.660749 0.748281 0.847900 -0.644100 1 28 1.000000
  28 -7.853592 -28.970711 61.404587 -0.484166 0.467065 0.739887 0.782700 -0.661500 1 28 1.000000
  28 -7.174971 -29.305634 61.920036 -0.013802 0.489216 0.872053 0.903300 -0.570600 1 28 1.000000
hand
  28 -7.521593 -28.407810 61.115208 -0.169691 0.538004 0.825685 0.773100 -0.710700 1 28 1.000000
  28 -7.853592 -28.970711 61.404587 -0.484166 0.467065 0.739887 0.782700 -0.661500 1 28 1.000000
  28 -7.330854 -28.846451 61.584126 0.059041 0.660749 0.748281 0.847900 -0.644100 1 28 1.000000
hand
  27 -8.327041 -28.486259 60.672657 -0.661637 0.345734 0.665360 0.651600 -0.754700 1 27 1.000000
  28 -7.853592 -28.970711 61.404587 -0.484166 0.467065 0.739887 0.782700 -0.661500 1 28 1.000000
  28 -7.521593 -28.407810 61.115208 -0.169691 0.538004 0.825685 0.773100 -0.710700 1 28 1.000000
hand
  27 -8.327041 -28.486259 60.672657 -0.661637 0.345734 0.665360 0.651600 -0.754700 1 27 1.000000
  28 -7.521593 -28.407810 61.115208 -0.169691 0.538004 0.825685 0.773100 -0.710700 1 28 1.000000
  27 -7.871505 -28.101995 60.861683 -0.265206 0.349105 0.898772 0.712800 -0.784400 1 27 1.000000
hand
  27 -7.229167 -27.732134 60.748577 0.442029 0.465958 0.766481 0.746500 -0.777500 1 27 1.000000
  27 -7.871505 -28.101995 60.861683 -0.265206 0.349105 0.898772 0.712800 -0.784400 1 27 1.000000
  28 -7.521593 -28.407810 61.115208 -0.169691 0.538004 0.825685 0.773100 -0.710700 1 28 1.000000
hand
  27 -7.229167 -27.732134 60.748577 0.442029 0.465958 0.766481 0.746500 -0.777500 1 27 1.000000
  28 -7.521593 -28.407810 61.115208 -0.169691 0.538004 0.825685 0.773100 -0.710700 1 28 1.000000
  27 -6.814928 -28.472775 60.923172 0.537756 0.554194 0.635365 0.799600 -0.628600 1 27 1.000000
hand
  7 7.784256 -27.531857 56.338596 -0.129257 0.047858 -0.990455 0.067000 -0.624700 1 7 1.000000
  6 7.712712 -26.618315 56.465057 -0.199370 0.120868 -0.972441 0.091800 -0.790700 1 6 1.000000
  6 8.493181 -26.623882 56.845528 0.662134 0.058940 -0.747064 0.085300 -0.888300 1 6 1.000000
hand
  6 8.493181 -26.623882 56.845528 0.662134 0.058940 -0.747064 0.085300 -0.888300 1 6 1.000000
  7 8.457218 -27.547220 56.737637 0.691541 0.057151 -0.720073 0.072000 -0.710800 1 7 1.000000
  7 7.784256 -27.531857 56.338596 -0.129257 0.047858 -0.990455 0.067000 -0.624700 1 7 1.000000
hand
  7 8.971347 -27.568546 57.524719 0.873219 0.012231 -0.487175 0.147800 -0.801000 1 7 1.000000
  7 8.457218 -27.547220 56.737637 0.691541 0.057151 -0.720073 0.072000 -0.710800 1 7 1.000000
  6 8.493181 -26.623882 56.845528 0.662134 0.058940 -0.747064 0.085300 -0.888300 1 6 1.000000
hand
  6 8.493181 -26.623882 56.845528 0.662134 0.058940 -0.747064 0.085300 -0.888300 1 6 1.000000
  6 8.870914 -26.624914 57.334255 0.908766 -0.002844 -0.417295 0.127500 -0.952400 1 6 1.000000
  7 8.971347 -27.568546 57.524719 0.873219 0.012231 -0.487175 0.147800 -0.801000 1 7 1.000000
hand
  7 9.193589 -27.578489 58.269798 0.994137 0.032364 -0.103168 0.240900 -0.861800 1 7 1.000000
  7 8.971347 -27.568546 57.524719 0.873219 0.012231 -0.487175 0.147800 -0.801000 1 7 1.000000
  6 8.870914 -26.624914 57.334255 0.908766 -0.002844 -0.417295 0.127500 -0.952400 1 6 1.000000
hand
  6 8.870914 -26.624914 57.334255 0.908766 -0.002844 -0.417295 0.127500 -0.952400 1 6 1.000000
  6 9.168726 -26.624428 58.162460 0.997887 -0.028980 0.058155 0.226900 -1.027100 1 6 1.000000
  7 9.193589 -27.578489 58.269798 0.994137 0.032364 -0.103168 0.240900 -0.861800 1 7 1.000000
hand
  7 8.849852 -27.536451 59.248466 0.930289 0.000127 0.366827 0.414800 -0.888200 1 7 1.000000
  7 9.193589 -27.578489 58.269798 0.994137 0.032364 -0.103168 0.240900 -0.861800 1 7 1.000000
  6 9.168726 -26.624428 58.162460 0.997887 -0.028980 0.058155 0.226900 -1.027100 1 6 1.000000
hand
  6 9.168726 -26.624428 58.162460 0.997887 -0.028980 0.058155 0.226900 -1.027100 1 6 1.000000
  6 9.048998 -26.623596 58.825520 0.940550 -0.049482 0.336030 0.335600 -1.051300 1 6 1.000000
  7 8.849852 -27.536451 59.248466 0.930289 0.000127 0.366827 0.414800 -0.888200 1 7 1.000000
hand
  6 9.048998 -26.623596 58.825520 0.940550 -0.049482 0.336030 0.335600 -1.051300 1 6 1.000000
  6 8.782632 -26.623631 59.306026 0.845883 0.105976 0.522733 0.428800 -1.050700 1 6 1.000000
  7 8.849852 -27.536451 59.248466 0.930289 0.000127 0.366827 0.414800 -0.888200 1 7 1.000000
hand
  7 8.440385 -27.345684 60.020859 0.582980 0.327777 0.743435 0.563200 -0.923900 1 7 1.000000
  7 8.849852 -27.536451 59.248466 0.930289 0.000127 0.366827 0.414800 -0.888200 1 7 1.000000
  6 8.782632 -26.623631 59.306026 0.845883 0.105976 0.522733 0.428800 -1.050700 1 6 1.000000
hand
  6 8.782632 -26.623631 59.306026 0.845883 0.105976 0.522733 0.428800 -1.050700 1 6 1.000000
  6 8.386362 -26.623562 59.796989 0.489531 0.291292 0.821893 0.534200 -1.037700 1 6 1.000000
  7 8.440385 -27.345684 60.020859 0.582980 0.327777 0.743435 0.563200 -0.923900 1 7 1.000000
hand
  7 8.440385 -27.345684 60.020859 0.582980 0.327777 0.743435 0.563200 -0.923900 1 7 1.000000
  6 8.386362 -26.623562 59.796989 0.489531 0.291292 0.821893 0.534200 -1.037700 1 6 1.000000
  6 7.051480 -26.622080 60.034126 -0.045311 0.420398 0.906207 0.677800 -0.917500 1 6 1.000000
hand
  6 7.051480 -26.622080 60.034126 -0.045311 0.420398 0.906207 0.677800 -0.917500 1 6 1.000000
  7 7.353038 -27.261837 60.446754 -0.311595 0.377193 0.872143 0.714900 -0.853600 1 7 1.000000
  7 8.440385 -27.345684 60.020859 0.582980 0.327777 0.743435 0.563200 -0.923900 1 7 1.000000
hand
  7 7.353038 -27.261837 60.446754 -0.311595 0.377193 0.872143 0.714900 -0.853600 1 7 1.000000
  6 7.051480 -26.622080 60.034126 -0.045311 0.420398 0.906207 0.677800 -0.917500 1 6 1.000000
  6 6.531072 -26.110872 59.478573 -0.861102 0.053576 0.505601 0.637100 -0.928400 1 6 1.000000
finger
  27 -7.978381 -31.791521 57.312321 0.886693 -0.458787 0.057365 0.135300 -0.233500 1 27 1.000000
  27 -7.953155 -31.783047 56.657124 0.950357 0.042096 -0.308302 -0.020800 -0.349800 1 27 1.000000
  27 -7.909651 -31.477051 56.647636 0.890216 -0.260225 -0.373897 -0.011800 -0.186100 1 27 1.000000
finger
  41 -7.102694 -32.329109 56.775009 0.636266 0.769402 0.056453 0.055400 -0.659700 1 41 1.000000
  41 -7.111486 -32.556015 56.463985 0.583310 0.561305 -0.587100 -0.165800 -0.667500 1 41 1.000000
  41 -7.718974 -32.055828 56.719101 0.487678 0.872740 -0.022232 0.036200 -0.526800 1 41 1.000000
finger
  41 -7.718974 -32.055828 56.719101 0.487678 0.872740 -0.022232 0.036200 -0.526800 1 41 1.000000
  41 -7.111486 -32.556015 56.463985 0.583310 0.561305 -0.587100 -0.165800 -0.667500 1 41 1.000000
  41 -7.799170 -32.693031 56.126293 0.022643 -0.092642 -0.995442 -0.313100 -0.534600 1 41 1.000000
finger
  27 -8.516870 -32.409229 56.124748 0.003445 -0.012845 -0.999911 -0.303200 -0.273300 1 27 1.000000
  41 -7.718974 -32.055828 56.719101 0.487678 0.872740 -0.022232 0.036200 -0.526800 1 41 1.000000
  41 -7.799170 -32.693031 56.126293 0.022643 -0.092642 -0.995442 -0.313100 -0.534600 1 41 1.000000
finger
  41 -7.718974 -32.055828 56.719101 0.487678 0.872740 -0.022232 0.036200 -0.526800 1 41 1.000000
  27 -8.516870 -32.409229 56.124748 0.003445 -0.012845 -0.999911 -0.303200 -0.273300 1 27 1.000000
  27 -7.953155 -31.783047 56.657124 0.950357 0.042096 -0.308302 -0.020800 -0.349800 1 27 1.000000
finger
  27 -8.035048 -32.061951 56.930195 0.699933 0.187530 0.689148 0.190700 -0.309400 1 27 1.000000
  41 -7.718974 -32.055828 56.719101 0.487678 0.872740 -0.022232 0.036200 -0.526800 1 41 1.000000
  27 -7.953155 -31.783047 56.657124 0.950357 0.042096 -0.308302 -0.020800 -0.349800 1 27 1.000000
finger
  27 -7.953155 -31.783047 56.657124 0.950357 0.042096 -0.308302 -0.020800 -0.349800 1 27 1.000000
  27 -7.978381 -31.791521 57.312321 0.886693 -0.458787 0.057365 0.135300 -0.233500 1 27 1.000000
  27 -8.035048 -32.061951 56.930195 0.699933 0.187530 0.689148 0.190700 -0.309400 1 27 1.000000
finger
  27 -8.570462 -32.223038 57.260464 0.049001 -0.955421 0.291153 0.297800 -0.231200 1 27 1.000000
  27 -8.035048 -32.061951 56.930195 0.699933 0.187530 0.689148 0.190700 -0.309400 1 27 1.000000
  27 -7.978381 -31.791521 57.312321 0.886693 -0.458787 0.057365 0.135300 -0.233500 1 27 1.000000
finger
  41 -7.794823 -32.491676 57.150127 0.134176 0.295533 0.945863 0.316100 -0.526700 1 41 1.000000
  27 -8.035048 -32.061951 56.930195 0.699933 0.187530 0.689148 0.190700 -0.309400 1 27 1.000000
  27 -8.570462 -32.223038 57.260464 0.049001 -0.955421 0.291153 0.297800 -0.231200 1 27 1.000000
finger
  27 -8.570462 -32.223038 57.260464 0.049001 -0.955421 0.291153 0.297800 -0.231200 1 27 1.000000
  41 -7.684165 -33.002937 56.983940 -0.123109 -0.782376 0.610517 0.411200 -0.571100 1 41 1.000000
  41 -7.794823 -32.491676 57.150127 0.134176 0.295533 0.945863 0.316100 -0.526700 1 41 1.000000
finger
  41 -7.684165 -33.002937 56.983940 -0.123109 -0.782376 0.610517 0.411200 -0.571100 1 41 1.000000
  41 -7.003942 -32.910957 57.206242 -0.304202 -0.344588 0.888099 0.318300 -0.673300 1 41 1.000000
  41 -7.794823 -32.491676 57.150127 0.134176 0.295533 0.945863 0.316100 -0.526700 1 41 1.000000
finger
  41 -6.926394 -32.985210 57.067097 -0.605143 -0.794111 0.056467 0.360600 -0.688000 1 41 1.000000
  41 -7.003942 -32.910957 57.206242 -0.304202 -0.344588 0.888099 0.318300 -0.673300 1 41 1.000000
  41 -7.684165 -33.002937 56.983940 -0.123109 -0.782376 0.610517 0.411200 -0.571100 1 41 1.000000
finger
  42 -6.673711 -33.820190 57.110672 -0.824108 -0.550428 0.133699 0.292900 -0.856500 1 42 1.000000
  41 -7.003942 -32.910957 57.206242 -0.304202 -0.344588 0.888099 0.318300 -0.673300 1 41 1.000000
  41 -6.926394 -32.985210 57.067097 -0.605143 -0.794111 0.056467 0.360600 -0.688000 1 41 1.000000
finger
  42 -6.673711 -33.820190 57.110672 -0.824108 -0.550428 0.133699 0.292900 -0.856500 1 42 1.000000
  41 -6.926394 -32.985210 57.067097 -0.605143 -0.794111 0.056467 0.360600 -0.688000 1 41 1.000000
  41 -6.837042 -33.072563 56.625656 -0.628122 -0.773965 0.080250 0.513000 -0.706900 1 41 1.000000
finger
  42 -6.673711 -33.820190 57.110672 -0.824108 -0.550428 0.133699 0.292900 -0.856500 1 42 1.000000
  41 -6.837042 -33.072563 56.625656 -0.628122 -0.773965 0.080250 0.513000 -0.706900 1 41 1.000000
  42 -6.699668 -33.925533 56.697300 -0.797886 -0.602786 0.005232 0.474100 -0.872900 1 42 1.000000
finger
  42 -6.699668 -33.925533 56.697300 -0.797886 -0.602786 0.005232 0.474100 -0.872900 1 42 1.000000
  41 -6.837042 -33.072563 56.625656 -0.628122 -0.773965 0.080250 0.513000 -0.706900 1 41 1.000000
  41 -6.921421 -32.969978 56.274193 -0.410479 -0.659812 -0.629408 0.639500 -0.694600 1 41 1.000000
finger
  42 -6.699668 -33.925533 56.697300 -0.797886 -0.602786 0.005232 0.474100 -0.872900 1 42 1.000000
  41 -6.921421 -32.969978 56.274193 -0.410479 -0.659812 -0.629408 0.639500 -0.694600 1 41 1.000000
  42 -6.642076 -33.888725 56.429909 -0.187706 -0.529561 -0.827243 0.655900 -0.875200 1 42 1.000000
finger
  42 -6.569384 -33.790817 56.450699 0.729537 0.156871 -0.665708 0.722100 -0.867700 1 42 1.000000
  42 -6.642076 -33.888725 56.429909 -0.187706 -0.529561 -0.827243 0.655900 -0.875200 1 42 1.000000
  41 -6.921421 -32.969978 56.274193 -0.410479 -0.659812 -0.629408 0.639500 -0.694600 1 41 1.000000
finger
  42 -6.569384 -33.790817 56.450699 0.729537 0.156871 -0.665708 0.722100 -0.867700 1 42 1.000000
  42 -6.294763 -34.116341 56.678104 0.220495 -0.785285 -0.578541 0.353900 -0.969300 1 42 1.000000
  42 -6.642076 -33.888725 56.429909 -0.187706 -0.529561 -0.827243 0.655900 -0.875200 1 42 1.000000
finger
  41 -7.718974 -32.055828 56.719101 0.487678 0.872740 -0.022232 0.036200 -0.526800 1 41 1.000000
  27 -8.035048 -32.061951 56.930195 0.699933 0.187530 0.689148 0.190700 -0.309400 1 27 1.000000
  41 -7.794823 -32.491676 57.150127 0.134176 0.295533 0.945863 0.316100 -0.526700 1 41 1.000000
finger
  41 -7.684165 -33.002937 56.983940 -0.123109 -0.782376 0.610517 0.411200 -0.571100 1 41 1.000000
  41 -6.837042 -33.072563 56.625656 -0.628122 -0.773965 0.080250 0.513000 -0.706900 1 41 1.000000
  41 -6.926394 -32.985210 57.067097 -0.605143 -0.794111 0.056467 0.360600 -0.688000 1 41 1.000000
finger
  42 -6.569384 -33.790817 56.450699 0.729537 0.156871 -0.665708 0.722100 -0.867700 1 42 1.000000
  41 -6.921421 -32.969978 56.274193 -0.410479 -0.659812 -0.629408 0.639500 -0.694600 1 41 1.000000
  41 -7.016712 -32.816490 56.249508 0.698753 0.595577 -0.396273 0.693100 -0.679500 1 41 1.000000
finger
  42 -6.673711 -33.820190 57.110672 -0.824108 -0.550428 0.133699 0.292900 -0.856500 1 42 1.000000
  42 -6.689049 -33.732052 57.222038 -0.325389 -0.389793 0.861500 0.272300 -0.851500 1 42 1.000000
  41 -7.003942 -32.910957 57.206242 -0.304202 -0.344588 0.888099 0.318300 -0.673300 1 41 1.000000
finger
  41 -9.056744 -32.587158 56.631821 -0.731068 -0.601793 -0.321535 0.514600 -0.327000 1 41 1.000000
  41 -7.799170 -32.693031 56.126293 0.022643 -0.092642 -0.995442 0.686900 -0.534600 1 41 1.000000
  41 -7.648749 -33.105652 56.645088 -0.190955 -0.975208 -0.111826 0.507600 -0.584500 1 41 1.000000
finger
  41 -9.056744 -32.587158 56.631821 -0.731068 -0.601793 -0.321535 0.514600 -0.327000 1 41 1.000000
  41 -7.648749 -33.105652 56.645088 -0.190955 -0.975208 -0.111826 0.507600 -0.584500 1 41 1.000000
  41 -9.066050 -32.489346 56.937489 -0.519681 -0.684129 0.511761 0.446400 -0.318800 1 41 1.000000
finger
  41 -9.066050 -32.489346 56.937489 -0.519681 -0.684129 0.511761 0.446400 -0.318800 1 41 1.000000
  27 -9.162940 -31.875460 57.197639 -0.903602 -0.427890 0.020336 0.376900 -0.080500 1 27 1.000000
  41 -9.056744 -32.587158 56.631821 -0.731068 -0.601793 -0.321535 0.514600 -0.327000 1 41 1.000000
finger
  27 -8.570462 -32.223038 57.260464 0.049001 -0.955421 0.291153 0.297800 -0.231200 1 27 1.000000
  27 -9.162940 -31.875460 57.197639 -0.903602 -0.427890 0.020336 0.376900 -0.080500 1 27 1.000000
  41 -9.066050 -32.489346 56.937489 -0.519681 -0.684129 0.511761 0.446400 -0.318800 1 41 1.000000
finger
  41 -7.684165 -33.002937 56.983940 -0.123109 -0.782376 0.610517 0.411200 -0.571100 1 41 1.000000
  27 -8.570462 -32.223038 57.260464 0.049001 -0.955421 0.291153 0.297800 -0.231200 1 27 1.000000
  41 -9.066050 -32.489346 56.937489 -0.519681 -0.684129 0.511761 0.446400 -0.318800 1 41 1.000000
finger
  41 -7.684165 -33.002937 56.983940 -0.123109 -0.782376 0.610517 0.411200 -0.571100 1 41 1.000000
  41 -9.066050 -32.489346 56.937489 -0.519681 -0.684129 0.511761 0.446400 -0.318800 1 41 1.000000
  41 -7.648749 -33.105652 56.645088 -0.190955 -0.975208 -0.111826 0.507600 -0.584500 1 41 1.000000
finger
  41 -7.648749 -33.105652 56.645088 -0.190955 -0.975208 -0.111826 0.507600 -0.584500 1 41 1.000000
  41 -6.837042 -33.072563 56.625656 -0.628122 -0.773965 0.080250 0.513000 -0.706900 1 41 1.000000
  41 -7.684165 -33.002937 56.983940 -0.123109 -0.782376 0.610517 0.411200 -0.571100 1 41 1.000000
finger
  41 -7.648749 -33.105652 56.645088 -0.190955 -0.975208 -0.111826 0.507600 -0.584500 1 41 1.000000
  41 -6.921421 -32.969978 56.274193 -0.410479 -0.659812 -0.629408 0.639500 -0.694600 1 41 1.000000
  41 -6.837042 -33.072563 56.625656 -0.628122 -0.773965 0.080250 0.513000 -0.706900 1 41 1.000000
finger
  41 -7.799170 -32.693031 56.126293 0.022643 -0.092642 -0.995442 0.686900 -0.534600 1 41 1.000000
  41 -6.921421 -32.969978 56.274193 -0.410479 -0.659812 -0.629408 0.639500 -0.694600 1 41 1.000000
  41 -7.648749 -33.105652 56.645088 -0.190955 -0.975208 -0.111826 0.507600 -0.584500 1 41 1.000000
finger
  41 -7.016712 -32.816490 56.249508 0.698753 0.595577 -0.396273 0.693100 -0.679500 1 41 1.000000
  41 -6.921421 -32.969978 56.274193 -0.410479 -0.659812 -0.629408 0.639500 -0.694600 1 41 1.000000
  41 -7.799170 -32.693031 56.126293 0.022643 -0.092642 -0.995442 0.686900 -0.534600 1 41 1.000000
finger
  41 -7.799170 -32.693031 56.126293 0.022643 -0.092642 -0.995442 0.686900 -0.534600 1 41 1.000000
  41 -7.111486 -32.556015 56.463985 0.583310 0.561305 -0.587100 0.834200 -0.667500 1 41 1.000000
  41 -7.016712 -32.816490 56.249508 0.698753 0.595577 -0.396273 0.693100 -0.679500 1 41 1.000000
finger
  42 -6.569384 -33.790817 56.450699 0.729537 0.156871 -0.665708 0.722100 -0.867700 1 42 1.000000
  41 -7.016712 -32.816490 56.249508 0.698753 0.595577 -0.396273 0.693100 -0.679500 1 41 1.000000
  41 -7.111486 -32.556015 56.463985 0.583310 0.561305 -0.587100 0.834200 -0.667500 1 41 1.000000
finger
  42 -6.569384 -33.790817 56.450699 0.729537 0.156871 -0.665708 0.722100 -0.867700 1 42 1.000000
  41 -7.111486 -32.556015 56.463985 0.583310 0.561305 -0.587100 0.834200 -0.667500 1 41 1.000000
  42 -6.404844 -33.582359 56.627384 0.667751 0.319777 -0.672199 0.968700 -0.852800 1 42 1.000000
finger
  41 -7.799170 -32.693031 56.126293 0.022643 -0.092642 -0.995442 0.686900 -0.534600 1 41 1.000000
  41 -9.056744 -32.587158 56.631821 -0.731068 -0.601793 -0.321535 0.514600 -0.327000 1 41 1.000000
  27 -8.516870 -32.409229 56.124748 0.003445 -0.012845 -0.999911 0.696800 -0.273300 1 27 1.000000
finger
  41 -9.056744 -32.587158 56.631821 -0.731068 -0.601793 -0.321535 0.514600 -0.327000 1 41 1.000000
  27 -9.187728 -31.770571 56.584896 -0.805590 -0.159094 -0.570714 0.555900 -0.063000 1 27 1.000000
  27 -8.516870 -32.409229 56.124748 0.003445 -0.012845 -0.999911 0.696800 -0.273300 1 27 1.000000
finger
  41 -9.056744 -32.587158 56.631821 -0.731068 -0.601793 -0.321535 0.514600 -0.327000 1 41 1.000000
  27 -9.162940 -31.875460 57.197639 -0.903602 -0.427890 0.020336 0.376900 -0.080500 1 27 1.000000
  27 -9.187728 -31.770571 56.584896 -0.805590 -0.159094 -0.570714 0.555900 -0.063000 1 27 1.000000
finger
  27 -7.953155 -31.783047 56.657124 0.950357 0.042096 -0.308302 0.979200 -0.349800 1 27 1.000000
  27 -8.384565 -31.229136 56.110485 0.303928 -0.130927 -0.943655 0.867200 -0.074000 1 27 1.000000
  27 -7.909651 -31.477051 56.647636 0.890216 -0.260225 -0.373897 0.988200 -0.186100 1 27 1.000000
finger
  27 -8.384565 -31.229136 56.110485 0.303928 -0.130927 -0.943655 0.867200 -0.074000 1 27 1.000000
  27 -7.953155 -31.783047 56.657124 0.950357 0.042096 -0.308302 0.979200 -0.349800 1 27 1.000000
  27 -8.516870 -32.409229 56.124748 0.003445 -0.012845 -0.999911 0.696800 -0.273300 1 27 1.000000
finger
  27 -8.384565 -31.229136 56.110485 0.303928 -0.130927 -0.943655 0.867200 -0.074000 1 27 1.000000
  27 -8.516870 -32.409229 56.124748 0.003445 -0.012845 -0.999911 0.696800 -0.273300 1 27 1.000000
  27 -9.187728 -31.770571 56.584896 -0.805590 -0.159094 -0.570714 0.555900 -0.063000 1 27 1.000000
finger
  42 -6.699668 -33.925533 56.697300 -0.797886 -0.602786 0.005232 0.474100 -0.872900 1 42 1.000000
  42 -6.642076 -33.888725 56.429909 -0.187706 -0.529561 -0.827243 0.655900 -0.875200 1 42 1.000000
  42 -6.294763 -34.116341 56.678104 0.220495 -0.785285 -0.578541 0.353900 -0.969300 1 42 1.000000
finger
  42 -6.699668 -33.925533 56.697300 -0.797886 -0.602786 0.005232 0.474100 -0.872900 1 42 1.000000
  42 -6.294763 -34.116341 56.678104 0.220495 -0.785285 -0.578541 0.353900 -0.969300 1 42 1.000000
  42 -6.318131 -34.116768 56.878998 -0.302645 -0.939007 0.163313 0.269800 -0.965500 1 42 1.000000
finger
  42 -6.673711 -33.820190 57.110672 -0.824108 -0.550428 0.133699 0.292900 -0.856500 1 42 1.000000
  42 -6.699668 -33.925533 56.697300 -0.797886 -0.602786 0.005232 0.474100 -0.872900 1 42 1.000000
  42 -6.318131 -34.116768 56.878998 -0.302645 -0.939007 0.163313 0.269800 -0.965500 1 42 1.000000
finger
  42 -6.673711 -33.820190 57.110672 -0.824108 -0.550428 0.133699 0.292900 -0.856500 1 42 1.000000
  42 -6.318131 -34.116768 56.878998 -0.302645 -0.939007 0.163313 0.269800 -0.965500 1 42 1.000000
  42 -6.298201 -34.056103 57.077785 0.043938 -0.641476 0.765884 0.238900 -0.956100 1 42 1.000000
finger
  42 -6.673711 -33.820190 57.110672 -0.824108 -0.550428 0.133699 0.292900 -0.856500 1 42 1.000000
  42 -6.298201 -34.056103 57.077785 0.043938 -0.641476 0.765884 0.238900 -0.956100 1 42 1.000000
  42 -6.689049 -33.732052 57.222038 -0.325389 -0.389793 0.861500 0.272300 -0.851500 1 42 1.000000
finger
  42 -6.581344 -33.694160 57.204662 0.500202 0.199588 0.842592 0.241300 -0.846300 1 42 1.000000
  42 -6.689049 -33.732052 57.222038 -0.325389 -0.389793 0.861500 0.272300 -0.851500 1 42 1.000000
  42 -6.298201 -34.056103 57.077785 0.043938 -0.641476 0.765884 0.238900 -0.956100 1 42 1.000000
finger
  42 -6.581344 -33.694160 57.204662 0.500202 0.199588 0.842592 0.241300 -0.846300 1 42 1.000000
  41 -7.003942 -32.910957 57.206242 -0.304202 -0.344588 0.888099 0.318300 -0.673300 1 41 1.000000
  42 -6.689049 -33.732052 57.222038 -0.325389 -0.389793 0.861500 0.272300 -0.851500 1 42 1.000000
finger
  42 -6.581344 -33.694160 57.204662 0.500202 0.199588 0.842592 0.241300 -0.846300 1 42 1.000000
  41 -7.078139 -32.769764 57.195869 0.551843 0.467623 0.690506 0.278700 -0.661300 1 41 1.000000
  41 -7.003942 -32.910957 57.206242 -0.304202 -0.344588 0.888099 0.318300 -0.673300 1 41 1.000000
finger
  41 -7.794823 -32.491676 57.150127 0.134176 0.295533 0.945863 0.316100 -0.526700 1 41 1.000000
  41 -7.003942 -32.910957 57.206242 -0.304202 -0.344588 0.888099 0.318300 -0.673300 1 41 1.000000
  41 -7.078139 -32.769764 57.195869 0.551843 0.467623 0.690506 0.278700 -0.661300 1 41 1.000000
finger
  41 -7.078139 -32.769764 57.195869 0.551843 0.467623 0.690506 0.278700 -0.661300 1 41 1.000000
  41 -7.143083 -32.530518 57.034664 0.470790 0.573757 0.670194 0.187800 -0.657200 1 41 1.000000
  41 -7.794823 -32.491676 57.150127 0.134176 0.295533 0.945863 0.316100 -0.526700 1 41 1.000000
finger
  41 -7.794823 -32.491676 57.150127 0.134176 0.295533 0.945863 0.316100 -0.526700 1 41 1.000000
  41 -7.143083 -32.530518 57.034664 0.470790 0.573757 0.670194 0.187800 -0.657200 1 41 1.000000
  41 -7.718974 -32.055828 56.719101 0.487678 0.872740 -0.022232 0.036200 -0.526800 1 41 1.000000
finger
  41 -7.718974 -32.055828 56.719101 0.487678 0.872740 -0.022232 0.036200 -0.526800 1 41 1.000000
  41 -7.143083 -32.530518 57.034664 0.470790 0.573757 0.670194 0.187800 -0.657200 1 41 1.000000
  41 -7.102694 -32.329109 56.775009 0.636266 0.769402 0.056453 0.055400 -0.659700 1 41 1.000000
finger
  42 -6.290731 -33.460171 56.880981 0.845268 0.533990 0.019407 0.076200 -0.846300 1 42 1.000000
  41 -7.102694 -32.329109 56.775009 0.636266 0.769402 0.056453 0.055400 -0.659700 1 41 1.000000
  41 -7.143083 -32.530518 57.034664 0.470790 0.573757 0.670194 0.187800 -0.657200 1 41 1.000000
finger
  42 -6.290731 -33.460171 56.880981 0.845268 0.533990 0.019407 0.076200 -0.846300 1 42 1.000000
  41 -7.111486 -32.556015 56.463985 0.583310 0.561305 -0.587100 -0.165800 -0.667500 1 41 1.000000
  41 -7.102694 -32.329109 56.775009 0.636266 0.769402 0.056453 0.055400 -0.659700 1 41 1.000000
finger
  42 -6.290731 -33.460171 56.880981 0.845268 0.533990 0.019407 0.076200 -0.846300 1 42 1.000000
  42 -6.404844 -33.582359 56.627384 0.667751 0.319777 -0.672199 -0.031300 -0.852800 1 42 1.000000
  41 -7.111486 -32.556015 56.463985 0.583310 0.561305 -0.587100 -0.165800 -0.667500 1 41 1.000000
finger
  42 -6.290731 -33.460171 56.880981 0.845268 0.533990 0.019407 0.076200 -0.846300 1 42 1.000000
  42 -6.158682 -33.900520 56.737480 0.769207 0.061379 -0.636045 0.047500 -0.946700 1 42 1.000000
  42 -6.404844 -33.582359 56.627384 0.667751 0.319777 -0.672199 -0.031300 -0.852800 1 42 1.000000
finger
  42 -6.569384 -33.790817 56.450699 0.729537 0.156871 -0.665708 -0.277900 -0.867700 1 42 1.000000
  42 -6.404844 -33.582359 56.627384 0.667751 0.319777 -0.672199 -0.031300 -0.852800 1 42 1.000000
  42 -6.158682 -33.900520 56.737480 0.769207 0.061379 -0.636045 0.047500 -0.946700 1 42 1.000000
finger
  42 -6.569384 -33.790817 56.450699 0.729537 0.156871 -0.665708 -0.277900 -0.867700 1 42 1.000000
  42 -6.158682 -33.900520 56.737480 0.769207 0.061379 -0.636045 0.047500 -0.946700 1 42 1.000000
  42 -6.294763 -34.116341 56.678104 0.220495 -0.785285 -0.578541 0.353900 -0.969300 1 42 1.000000
finger
  42 -6.581344 -33.694160 57.204662 0.500202 0.199588 0.842592 0.241300 -0.846300 1 42 1.000000
  41 -7.143083 -32.530518 57.034664 0.470790 0.573757 0.670194 0.187800 -0.657200 1 41 1.000000
  41 -7.078139 -32.769764 57.195869 0.551843 0.467623 0.690506 0.278700 -0.661300 1 41 1.000000
finger
  42 -6.130239 -34.114567 56.898964 0.706671 -0.696071 0.126887 0.171600 -0.991400 1 42 1.000000
  42 -6.294763 -34.116341 56.678104 0.220495 -0.785285 -0.578541 0.353900 -0.969300 1 42 1.000000
  42 -6.158682 -33.900520 56.737480 0.769207 0.061379 -0.636045 0.047500 -0.946700 1 42 1.000000
finger
  42 -6.130239 -34.114567 56.898964 0.706671 -0.696071 0.126887 0.171600 -0.991400 1 42 1.000000
  42 -6.318131 -34.116768 56.878998 -0.302645 -0.939007 0.163313 0.269800 -0.965500 1 42 1.000000
  42 -6.294763 -34.116341 56.678104 0.220495 -0.785285 -0.578541 0.353900 -0.969300 1 42 1.000000
finger
  42 -6.130239 -34.114567 56.898964 0.706671 -0.696071 0.126887 0.171600 -0.991400 1 42 1.000000
  42 -6.298201 -34.056103 57.077785 0.043938 -0.641476 0.765884 0.238900 -0.956100 1 42 1.000000
  42 -6.318131 -34.116768 56.878998 -0.302645 -0.939007 0.163313 0.269800 -0.965500 1 42 1.000000
finger
  42 -6.130239 -34.114567 56.898964 0.706671 -0.696071 0.126887 0.171600 -0.991400 1 42 1.000000
  42 -6.161993 -33.853813 57.055363 0.660256 0.086759 0.746013 0.156300 -0.936400 1 42 1.000000
  42 -6.298201 -34.056103 57.077785 0.043938 -0.641476 0.765884 0.238900 -0.956100 1 42 1.000000
finger
  42 -6.581344 -33.694160 57.204662 0.500202 0.199588 0.842592 0.241300 -0.846300 1 42 1.000000
  42 -6.298201 -34.056103 57.077785 0.043938 -0.641476 0.765884 0.238900 -0.956100 1 42 1.000000
  42 -6.161993 -33.853813 57.055363 0.660256 0.086759 0.746013 0.156300 -0.936400 1 42 1.000000
finger
  42 -6.581344 -33.694160 57.204662 0.500202 0.199588 0.842592 0.241300 -0.846300 1 42 1.000000
  42 -6.161993 -33.853813 57.055363 0.660256 0.086759 0.746013 0.156300 -0.936400 1 42 1.000000
  42 -6.412503 -33.524902 57.087860 0.538429 0.386250 0.748936 0.159700 -0.839900 1 42 1.000000
finger
  42 -6.581344 -33.694160 57.204662 0.500202 0.199588 0.842592 0.241300 -0.846300 1 42 1.000000
  42 -6.412503 -33.524902 57.087860 0.538429 0.386250 0.748936 0.159700 -0.839900 1 42 1.000000
  41 -7.143083 -32.530518 57.034664 0.470790 0.573757 0.670194 0.187800 -0.657200 1 41 1.000000
finger
  42 -6.290731 -33.460171 56.880981 0.845268 0.533990 0.019407 0.076200 -0.846300 1 42 1.000000
  41 -7.143083 -32.530518 57.034664 0.470790 0.573757 0.670194 0.187800 -0.657200 1 41 1.000000
  42 -6.412503 -33.524902 57.087860 0.538429 0.386250 0.748936 0.159700 -0.839900 1 42 1.000000
finger
  42 -6.290731 -33.460171 56.880981 0.845268 0.533990 0.019407 0.076200 -0.846300 1 42 1.000000
  42 -6.412503 -33.524902 57.087860 0.538429 0.386250 0.748936 0.159700 -0.839900 1 42 1.000000
  42 -6.161993 -33.853813 57.055363 0.660256 0.086759 0.746013 0.156300 -0.936400 1 42 1.000000
finger
  42 -6.290731 -33.460171 56.880981 0.845268 0.533990 0.019407 0.076200 -0.846300 1 42 1.000000
  42 -6.161993 -33.853813 57.055363 0.660256 0.086759 0.746013 0.156300 -0.936400 1 42 1.000000
  42 -6.071242 -33.867561 56.911400 0.991140 0.129503 0.029496 0.103000 -0.952200 1 42 1.000000
finger
  42 -6.130239 -34.114567 56.898964 0.706671 -0.696071 0.126887 0.171600 -0.991400 1 42 1.000000
  42 -6.071242 -33.867561 56.911400 0.991140 0.129503 0.029496 0.103000 -0.952200 1 42 1.000000
  42 -6.161993 -33.853813 57.055363 0.660256 0.086759 0.746013 0.156300 -0.936400 1 42 1.000000
finger
  42 -6.130239 -34.114567 56.898964 0.706671 -0.696071 0.126887 0.171600 -0.991400 1 42 1.000000
  42 -6.158682 -33.900520 56.737480 0.769207 0.061379 -0.636045 0.047500 -0.946700 1 42 1.000000
  42 -6.071242 -33.867561 56.911400 0.991140 0.129503 0.029496 0.103000 -0.952200 1 42 1.000000
finger
  42 -6.290731 -33.460171 56.880981 0.845268 0.533990 0.019407 0.076200 -0.846300 1 42 1.000000
  42 -6.071242 -33.867561 56.911400 0.991140 0.129503 0.029496 0.103000 -0.952200 1 42 1.000000
  42 -6.158682 -33.900520 56.737480 0.769207 0.061379 -0.636045 0.047500 -0.946700 1 42 1.000000
finger
  36 -6.616271 -34.719028 59.027401 0.312541 -0.064530 -0.947710 0.750100 -0.868100 1 36 1.000000
  36 -7.429952 -34.557850 58.971966 -0.400669 -0.639519 -0.656110 0.645900 -0.710700 1 36 1.000000
  36 -7.423923 -34.376774 58.892803 0.163039 -0.019440 -0.986428 0.705200 -0.706300 1 36 1.000000
finger
  36 -6.751745 -34.892754 59.822613 -0.304953 -0.836931 0.454477 0.354400 -0.881600 1 36 1.000000
  36 -7.518689 -34.697010 59.370182 -0.663538 -0.747930 0.017830 0.520800 -0.720100 1 36 1.000000
  36 -6.796716 -34.991581 59.449730 -0.282147 -0.946359 -0.157471 0.520100 -0.879700 1 36 1.000000
finger
  36 -6.796716 -34.991581 59.449730 -0.282147 -0.946359 -0.157471 0.520100 -0.879700 1 36 1.000000
  36 -7.518689 -34.697010 59.370182 -0.663538 -0.747930 0.017830 0.520800 -0.720100 1 36 1.000000
  36 -7.429952 -34.557850 58.971966 -0.400669 -0.639519 -0.656110 0.645900 -0.710700 1 36 1.000000
finger
  36 -6.796716 -34.991581 59.449730 -0.282147 -0.946359 -0.157471 0.520100 -0.879700 1 36 1.000000
  36 -7.429952 -34.557850 58.971966 -0.400669 -0.639519 -0.656110 0.645900 -0.710700 1 36 1.000000
  36 -6.708995 -34.867905 59.101318 -0.060770 -0.746908 -0.662144 0.680900 -0.872600 1 36 1.000000
finger
  36 -6.616271 -34.719028 59.027401 0.312541 -0.064530 -0.947710 0.750100 -0.868100 1 36 1.000000
  36 -6.708995 -34.867905 59.101318 -0.060770 -0.746908 -0.662144 0.680900 -0.872600 1 36 1.000000
  36 -7.429952 -34.557850 58.971966 -0.400669 -0.639519 -0.656110 0.645900 -0.710700 1 36 1.000000
finger
  36 -6.616271 -34.719028 59.027401 0.312541 -0.064530 -0.947710 0.750100 -0.868100 1 36 1.000000
  36 -6.287367 -35.003830 59.309513 0.278090 -0.766573 -0.578819 0.724100 -0.966700 1 36 1.000000
  36 -6.708995 -34.867905 59.101318 -0.060770 -0.746908 -0.662144 0.680900 -0.872600 1 36 1.000000
finger
  36 -6.616271 -34.719028 59.027401 0.312541 -0.064530 -0.947710 0.750100 -0.868100 1 36 1.000000
  36 -6.181070 -34.783825 59.319073 0.814798 0.122004 -0.566762 0.885400 -0.954700 1 36 1.000000
  36 -6.287367 -35.003830 59.309513 0.278090 -0.766573 -0.578819 0.724100 -0.966700 1 36 1.000000
finger
  36 -6.616271 -34.719028 59.027401 0.312541 -0.064530 -0.947710 0.750100 -0.868100 1 36 1.000000
  36 -6.483324 -34.534672 59.186882 0.539609 0.576885 -0.613209 0.856400 -0.869900 1 36 1.000000
  36 -6.181070 -34.783825 59.319073 0.814798 0.122004 -0.566762 0.885400 -0.954700 1 36 1.000000
finger
  36 -6.616271 -34.719028 59.027401 0.312541 -0.064530 -0.947710 0.750100 -0.868100 1 36 1.000000
  36 -7.165996 -34.190804 59.099228 0.509926 0.564578 -0.649020 0.795800 -0.709000 1 36 1.000000
  36 -6.483324 -34.534672 59.186882 0.539609 0.576885 -0.613209 0.856400 -0.869900 1 36 1.000000
finger
  36 -6.616271 -34.719028 59.027401 0.312541 -0.064530 -0.947710 0.750100 -0.868100 1 36 1.000000
  36 -7.423923 -34.376774 58.892803 0.163039 -0.019440 -0.986428 0.705200 -0.706300 1 36 1.000000
  36 -7.165996 -34.190804 59.099228 0.509926 0.564578 -0.649020 0.795800 -0.709000 1 36 1.000000
finger
  35 -7.766698 -33.993103 58.813656 -0.152277 -0.258240 -0.954004 0.665200 -0.568800 1 35 1.000000
  36 -7.165996 -34.190804 59.099228 0.509926 0.564578 -0.649020 0.795800 -0.709000 1 36 1.000000
  36 -7.423923 -34.376774 58.892803 0.163039 -0.019440 -0.986428 0.705200 -0.706300 1 36 1.000000
finger
  36 -7.423923 -34.376774 58.892803 0.163039 -0.019440 -0.986428 0.705200 -0.706300 1 36 1.000000
  36 -7.429952 -34.557850 58.971966 -0.400669 -0.639519 -0.656110 0.645900 -0.710700 1 36 1.000000
  35 -7.766698 -33.993103 58.813656 -0.152277 -0.258240 -0.954004 0.665200 -0.568800 1 35 1.000000
finger
  35 -7.766698 -33.993103 58.813656 -0.152277 -0.258240 -0.954004 0.665200 -0.568800 1 35 1.000000
  36 -7.429952 -34.557850 58.971966 -0.400669 -0.639519 -0.656110 0.645900 -0.710700 1 36 1.000000
  35 -7.748269 -34.254230 59.307453 -0.757626 -0.646295 -0.091133 0.520300 -0.575200 1 35 1.000000
finger
  35 -7.748269 -34.254230 59.307453 -0.757626 -0.646295 -0.091133 0.520300 -0.575200 1 35 1.000000
  36 -7.429952 -34.557850 58.971966 -0.400669 -0.639519 -0.656110 0.645900 -0.710700 1 36 1.000000
  36 -7.518689 -34.697010 59.370182 -0.663538 -0.747930 0.017830 0.520800 -0.720100 1 36 1.000000
finger
  35 -7.748269 -34.254230 59.307453 -0.757626 -0.646295 -0.091133 0.520300 -0.575200 1 35 1.000000
  36 -7.518689 -34.697010 59.370182 -0.663538 -0.747930 0.017830 0.520800 -0.720100 1 36 1.000000
  35 -7.767018 -34.150784 59.739609 -0.729742 -0.528544 0.433725 0.419600 -0.574500 1 35 1.000000
finger
  35 -7.767018 -34.150784 59.739609 -0.729742 -0.528544 0.433725 0.419600 -0.574500 1 35 1.000000
  36 -7.518689 -34.697010 59.370182 -0.663538 -0.747930 0.017830 0.520800 -0.720100 1 36 1.000000
  36 -7.480436 -34.587364 59.798157 -0.608872 -0.680394 0.407845 0.391200 -0.720000 1 36 1.000000
finger
  36 -7.480436 -34.587364 59.798157 -0.608872 -0.680394 0.407845 0.391200 -0.720000 1 36 1.000000
  36 -7.450491 -34.468605 59.957626 -0.344919 -0.362623 0.865757 0.341000 -0.717900 1 36 1.000000
  35 -7.767018 -34.150784 59.739609 -0.729742 -0.528544 0.433725 0.419600 -0.574500 1 35 1.000000
finger
  36 -6.751745 -34.892754 59.822613 -0.304953 -0.836931 0.454477 0.354400 -0.881600 1 36 1.000000
  36 -7.450491 -34.468605 59.957626 -0.344919 -0.362623 0.865757 0.341000 -0.717900 1 36 1.000000
  36 -7.480436 -34.587364 59.798157 -0.608872 -0.680394 0.407845 0.391200 -0.720000 1 36 1.000000
finger
  36 -6.751745 -34.892754 59.822613 -0.304953 -0.836931 0.454477 0.354400 -0.881600 1 36 1.000000
  36 -6.704689 -34.812809 59.948200 -0.051507 -0.447878 0.892610 0.306200 -0.881700 1 36 1.000000
  36 -7.450491 -34.468605 59.957626 -0.344919 -0.362623 0.865757 0.341000 -0.717900 1 36 1.000000
finger
  36 -6.751745 -34.892754 59.822613 -0.304953 -0.836931 0.454477 0.354400 -0.881600 1 36 1.000000
  36 -7.480436 -34.587364 59.798157 -0.608872 -0.680394 0.407845 0.391200 -0.720000 1 36 1.000000
  36 -7.518689 -34.697010 59.370182 -0.663538 -0.747930 0.017830 0.520800 -0.720100 1 36 1.000000
finger
  36 -6.624485 -34.694012 59.937191 0.273673 0.259413 0.926179 0.259500 -0.879900 1 36 1.000000
  36 -7.450491 -34.468605 59.957626 -0.344919 -0.362623 0.865757 0.341000 -0.717900 1 36 1.000000
  36 -6.704689 -34.812809 59.948200 -0.051507 -0.447878 0.892610 0.306200 -0.881700 1 36 1.000000
finger
  35 -8.095076 -32.680523 59.326286 0.938407 0.115115 0.325791 0.051200 -0.316100 1 35 1.000000
  35 -7.743495 -33.847805 59.961212 0.150859 0.201325 0.967838 0.333900 -0.572400 1 35 1.000000
  35 -7.511805 -33.365395 59.412727 0.772970 0.613556 -0.161448 0.076400 -0.564700 1 35 1.000000
finger
  35 -7.743495 -33.847805 59.961212 0.150859 0.201325 0.967838 0.333900 -0.572400 1 35 1.000000
  35 -8.095076 -32.680523 59.326286 0.938407 0.115115 0.325791 0.051200 -0.316100 1 35 1.000000
  35 -9.056581 -32.636620 59.919239 -0.231230 -0.207573 0.950498 0.307900 -0.303600 1 35 1.000000
finger
  35 -9.056581 -32.636620 59.919239 -0.231230 -0.207573 0.950498 0.307900 -0.303600 1 35 1.000000
  35 -7.767018 -34.150784 59.739609 -0.729742 -0.528544 0.433725 0.419600 -0.574500 1 35 1.000000
  35 -7.743495 -33.847805 59.961212 0.150859 0.201325 0.967838 0.333900 -0.572400 1 35 1.000000
finger
  35 -7.767018 -34.150784 59.739609 -0.729742 -0.528544 0.433725 0.419600 -0.574500 1 35 1.000000
  36 -7.450491 -34.468605 59.957626 -0.344919 -0.362623 0.865757 0.341000 -0.717900 1 36 1.000000
  35 -7.743495 -33.847805 59.961212 0.150859 0.201325 0.967838 0.333900 -0.572400 1 35 1.000000
finger
  35 -7.743495 -33.847805 59.961212 0.150859 0.201325 0.967838 0.333900 -0.572400 1 35 1.000000
  36 -7.450491 -34.468605 59.957626 -0.344919 -0.362623 0.865757 0.341000 -0.717900 1 36 1.000000
  36 -7.415892 -34.291206 59.956577 0.228382 0.254132 0.939818 0.299200 -0.715600 1 36 1.000000
finger
  36 -6.624485 -34.694012 59.937191 0.273673 0.259413 0.926179 0.259500 -0.879900 1 36 1.000000
  36 -7.415892 -34.291206 59.956577 0.228382 0.254132 0.939818 0.299200 -0.715600 1 36 1.000000
  36 -7.450491 -34.468605 59.957626 -0.344919 -0.362623 0.865757 0.341000 -0.717900 1 36 1.000000
finger
  36 -6.624485 -34.694012 59.937191 0.273673 0.259413 0.926179 0.259500 -0.879900 1 36 1.000000
  36 -7.180020 -34.164379 59.752316 0.489091 0.622513 0.610956 0.216700 -0.715000 1 36 1.000000
  36 -7.415892 -34.291206 59.956577 0.228382 0.254132 0.939818 0.299200 -0.715600 1 36 1.000000
finger
  36 -6.624485 -34.694012 59.937191 0.273673 0.259413 0.926179 0.259500 -0.879900 1 36 1.000000
  36 -6.490925 -34.525574 59.766079 0.459577 0.655084 0.599711 0.158400 -0.877900 1 36 1.000000
  36 -7.180020 -34.164379 59.752316 0.489091 0.622513 0.610956 0.216700 -0.715000 1 36 1.000000
finger
  35 -7.743495 -33.847805 59.961212 0.150859 0.201325 0.967838 0.333900 -0.572400 1 35 1.000000
  36 -7.180020 -34.164379 59.752316 0.489091 0.622513 0.610956 0.216700 -0.715000 1 36 1.000000
  35 -7.511805 -33.365395 59.412727 0.772970 0.613556 -0.161448 0.076400 -0.564700 1 35 1.000000
finger
  36 -7.415892 -34.291206 59.956577 0.228382 0.254132 0.939818 0.299200 -0.715600 1 36 1.000000
  36 -7.180020 -34.164379 59.752316 0.489091 0.622513 0.610956 0.216700 -0.715000 1 36 1.000000
  35 -7.743495 -33.847805 59.961212 0.150859 0.201325 0.967838 0.333900 -0.572400 1 35 1.000000
finger
  36 -6.751745 -34.892754 59.822613 -0.304953 -0.836931 0.454477 0.354400 -0.881600 1 36 1.000000
  36 -6.285542 -34.984955 59.817707 0.279526 -0.551024 0.786281 0.271500 -0.973500 1 36 1.000000
  36 -6.704689 -34.812809 59.948200 -0.051507 -0.447878 0.892610 0.306200 -0.881700 1 36 1.000000
finger
  36 -6.624485 -34.694012 59.937191 0.273673 0.259413 0.926179 0.259500 -0.879900 1 36 1.000000
  36 -6.704689 -34.812809 59.948200 -0.051507 -0.447878 0.892610 0.306200 -0.881700 1 36 1.000000
  36 -6.285542 -34.984955 59.817707 0.279526 -0.551024 0.786281 0.271500 -0.973500 1 36 1.000000
finger
  36 -6.624485 -34.694012 59.937191 0.273673 0.259413 0.926179 0.259500 -0.879900 1 36 1.000000
  36 -6.285542 -34.984955 59.817707 0.279526 -0.551024 0.786281 0.271500 -0.973500 1 36 1.000000
  36 -6.184915 -34.781487 59.734974 0.739480 0.291805 0.606646 0.144800 -0.961300 1 36 1.000000
finger
  36 -6.624485 -34.694012 59.937191 0.273673 0.259413 0.926179 0.259500 -0.879900 1 36 1.000000
  36 -6.184915 -34.781487 59.734974 0.739480 0.291805 0.606646 0.144800 -0.961300 1 36 1.000000
  36 -6.490925 -34.525574 59.766079 0.459577 0.655084 0.599711 0.158400 -0.877900 1 36 1.000000
finger
  36 -6.393129 -34.455471 59.489086 0.610893 0.791695 0.005438 0.013200 -0.880300 1 36 1.000000
  36 -6.490925 -34.525574 59.766079 0.459577 0.655084 0.599711 0.158400 -0.877900 1 36 1.000000
  36 -6.184915 -34.781487 59.734974 0.739480 0.291805 0.606646 0.144800 -0.961300 1 36 1.000000
finger
  36 -6.393129 -34.455471 59.489086 0.610893 0.791695 0.005438 0.013200 -0.880300 1 36 1.000000
  36 -7.180020 -34.164379 59.752316 0.489091 0.622513 0.610956 0.216700 -0.715000 1 36 1.000000
  36 -6.490925 -34.525574 59.766079 0.459577 0.655084 0.599711 0.158400 -0.877900 1 36 1.000000
finger
  36 -6.393129 -34.455471 59.489086 0.610893 0.791695 0.005438 0.013200 -0.880300 1 36 1.000000
  36 -7.084412 -34.072289 59.435215 0.694394 0.719592 -0.002009 0.023800 -0.713600 1 36 1.000000
  36 -7.180020 -34.164379 59.752316 0.489091 0.622513 0.610956 0.216700 -0.715000 1 36 1.000000
finger
  35 -7.511805 -33.365395 59.412727 0.772970 0.613556 -0.161448 0.076400 -0.564700 1 35 1.000000
  36 -7.180020 -34.164379 59.752316 0.489091 0.622513 0.610956 0.216700 -0.715000 1 36 1.000000
  36 -7.084412 -34.072289 59.435215 0.694394 0.719592 -0.002009 0.023800 -0.713600 1 36 1.000000
finger
  36 -7.084412 -34.072289 59.435215 0.694394 0.719592 -0.002009 0.023800 -0.713600 1 36 1.000000
  36 -7.165996 -34.190804 59.099228 0.509926 0.564578 -0.649020 -0.204200 -0.709000 1 36 1.000000
  35 -7.511805 -33.365395 59.412727 0.772970 0.613556 -0.161448 0.076400 -0.564700 1 35 1.000000
finger
  35 -7.511805 -33.365395 59.412727 0.772970 0.613556 -0.161448 0.076400 -0.564700 1 35 1.000000
  36 -7.165996 -34.190804 59.099228 0.509926 0.564578 -0.649020 -0.204200 -0.709000 1 36 1.000000
  35 -7.766698 -33.993103 58.813656 -0.152277 -0.258240 -0.954004 -0.334800 -0.568800 1 35 1.000000
finger
  35 -8.840959 -33.054340 58.698860 0.124640 -0.209543 -0.969823 -0.319900 -0.313500 1 35 1.000000
  35 -7.511805 -33.365395 59.412727 0.772970 0.613556 -0.161448 0.076400 -0.564700 1 35 1.000000
  35 -7.766698 -33.993103 58.813656 -0.152277 -0.258240 -0.954004 -0.334800 -0.568800 1 35 1.000000
finger
  35 -7.511805 -33.365395 59.412727 0.772970 0.613556 -0.161448 0.076400 -0.564700 1 35 1.000000
  35 -8.840959 -33.054340 58.698860 0.124640 -0.209543 -0.969823 -0.319900 -0.313500 1 35 1.000000
  35 -8.095076 -32.680523 59.326286 0.938407 0.115115 0.325791 0.051200 -0.316100 1 35 1.000000
finger
  35 -8.840959 -33.054340 58.698860 0.124640 -0.209543 -0.969823 -0.319900 -0.313500 1 35 1.000000
  27 -7.931501 -31.977499 59.112499 0.866731 -0.478539 -0.140633 -0.009200 -0.124200 1 27 1.000000
  35 -8.095076 -32.680523 59.326286 0.938407 0.115115 0.325791 0.051200 -0.316100 1 35 1.000000
finger
  31 -8.380053 -32.236546 59.840431 0.359203 -0.932386 -0.040353 0.211100 -0.102700 1 31 1.000000
  35 -8.095076 -32.680523 59.326286 0.938407 0.115115 0.325791 0.051200 -0.316100 1 35 1.000000
  27 -7.931501 -31.977499 59.112499 0.866731 -0.478539 -0.140633 -0.009200 -0.124200 1 27 1.000000
finger
  35 -8.095076 -32.680523 59.326286 0.938407 0.115115 0.325791 0.051200 -0.316100 1 35 1.000000
  31 -8.380053 -32.236546 59.840431 0.359203 -0.932386 -0.040353 0.211100 -0.102700 1 31 1.000000
  35 -9.056581 -32.636620 59.919239 -0.231230 -0.207573 0.950498 0.307900 -0.303600 1 35 1.000000
finger
  31 -8.380053 -32.236546 59.840431 0.359203 -0.932386 -0.040353 0.211100 -0.102700 1 31 1.000000
  35 -9.080569 -33.049431 59.599873 -0.850343 -0.398693 0.343454 0.425800 -0.277000 1 35 1.000000
  35 -9.056581 -32.636620 59.919239 -0.231230 -0.207573 0.950498 0.307900 -0.303600 1 35 1.000000
finger
  35 -7.767018 -34.150784 59.739609 -0.729742 -0.528544 0.433725 0.419600 -0.574500 1 35 1.000000
  35 -9.056581 -32.636620 59.919239 -0.231230 -0.207573 0.950498 0.307900 -0.303600 1 35 1.000000
  35 -9.080569 -33.049431 59.599873 -0.850343 -0.398693 0.343454 0.425800 -0.277000 1 35 1.000000
finger
  35 -7.767018 -34.150784 59.739609 -0.729742 -0.528544 0.433725 0.419600 -0.574500 1 35 1.000000
  35 -9.080569 -33.049431 59.599873 -0.850343 -0.398693 0.343454 0.425800 -0.277000 1 35 1.000000
  35 -7.748269 -34.254230 59.307453 -0.757626 -0.646295 -0.091133 0.520300 -0.575200 1 35 1.000000
finger
  36 -6.393129 -34.455471 59.489086 0.610893 0.791695 0.005438 0.013200 -0.880300 1 36 1.000000
  36 -7.165996 -34.190804 59.099228 0.509926 0.564578 -0.649020 -0.204200 -0.709000 1 36 1.000000
  36 -7.084412 -34.072289 59.435215 0.694394 0.719592 -0.002009 0.023800 -0.713600 1 36 1.000000
finger
  36 -6.393129 -34.455471 59.489086 0.610893 0.791695 0.005438 0.013200 -0.880300 1 36 1.000000
  36 -6.483324 -34.534672 59.186882 0.539609 0.576885 -0.613209 -0.143600 -0.869900 1 36 1.000000
  36 -7.165996 -34.190804 59.099228 0.509926 0.564578 -0.649020 -0.204200 -0.709000 1 36 1.000000
finger
  36 -6.393129 -34.455471 59.489086 0.610893 0.791695 0.005438 0.013200 -0.880300 1 36 1.000000
  36 -6.181070 -34.783825 59.319073 0.814798 0.122004 -0.566762 -0.114600 -0.954700 1 36 1.000000
  36 -6.483324 -34.534672 59.186882 0.539609 0.576885 -0.613209 -0.143600 -0.869900 1 36 1.000000
finger
  36 -6.393129 -34.455471 59.489086 0.610893 0.791695 0.005438 0.013200 -0.880300 1 36 1.000000
  36 -6.103650 -34.784252 59.545300 0.968258 0.247704 0.033448 0.028600 -0.971800 1 36 1.000000
  36 -6.181070 -34.783825 59.319073 0.814798 0.122004 -0.566762 -0.114600 -0.954700 1 36 1.000000
finger
  36 -6.393129 -34.455471 59.489086 0.610893 0.791695 0.005438 0.013200 -0.880300 1 36 1.000000
  36 -6.184915 -34.781487 59.734974 0.739480 0.291805 0.606646 0.144800 -0.961300 1 36 1.000000
  36 -6.103650 -34.784252 59.545300 0.968258 0.247704 0.033448 0.028600 -0.971800 1 36 1.000000
finger
  36 -6.174465 -35.066532 59.593372 0.786430 -0.614241 0.065080 0.302300 -0.999200 1 36 1.000000
  36 -6.103650 -34.784252 59.545300 0.968258 0.247704 0.033448 0.028600 -0.971800 1 36 1.000000
  36 -6.184915 -34.781487 59.734974 0.739480 0.291805 0.606646 0.144800 -0.961300 1 36 1.000000
finger
  36 -6.174465 -35.066532 59.593372 0.786430 -0.614241 0.065080 0.302300 -0.999200 1 36 1.000000
  36 -6.184915 -34.781487 59.734974 0.739480 0.291805 0.606646 0.144800 -0.961300 1 36 1.000000
  36 -6.285542 -34.984955 59.817707 0.279526 -0.551024 0.786281 0.271500 -0.973500 1 36 1.000000
finger
  36 -6.412271 -35.095627 59.610302 -0.085244 -0.986812 0.137606 0.430700 -0.963700 1 36 1.000000
  36 -6.174465 -35.066532 59.593372 0.786430 -0.614241 0.065080 0.302300 -0.999200 1 36 1.000000
  36 -6.285542 -34.984955 59.817707 0.279526 -0.551024 0.786281 0.271500 -0.973500 1 36 1.000000
finger
  36 -6.751745 -34.892754 59.822613 -0.304953 -0.836931 0.454477 0.354400 -0.881600 1 36 1.000000
  36 -6.412271 -35.095627 59.610302 -0.085244 -0.986812 0.137606 0.430700 -0.963700 1 36 1.000000
  36 -6.285542 -34.984955 59.817707 0.279526 -0.551024 0.786281 0.271500 -0.973500 1 36 1.000000
finger
  36 -6.751745 -34.892754 59.822613 -0.304953 -0.836931 0.454477 0.354400 -0.881600 1 36 1.000000
  36 -6.796716 -34.991581 59.449730 -0.282147 -0.946359 -0.157471 0.520100 -0.879700 1 36 1.000000
  36 -6.412271 -35.095627 59.610302 -0.085244 -0.986812 0.137606 0.430700 -0.963700 1 36 1.000000
finger
  36 -6.796716 -34.991581 59.449730 -0.282147 -0.946359 -0.157471 0.520100 -0.879700 1 36 1.000000
  36 -6.287367 -35.003830 59.309513 0.278090 -0.766573 -0.578819 0.724100 -0.966700 1 36 1.000000
  36 -6.412271 -35.095627 59.610302 -0.085244 -0.986812 0.137606 0.430700 -0.963700 1 36 1.000000
finger
  36 -6.796716 -34.991581 59.449730 -0.282147 -0.946359 -0.157471 0.520100 -0.879700 1 36 1.000000
  36 -6.708995 -34.867905 59.101318 -0.060770 -0.746908 -0.662144 0.680900 -0.872600 1 36 1.000000
  36 -6.287367 -35.003830 59.309513 0.278090 -0.766573 -0.578819 0.724100 -0.966700 1 36 1.000000
finger
  36 -6.174465 -35.066532 59.593372 0.786430 -0.614241 0.065080 0.302300 -0.999200 1 36 1.000000
  36 -6.181070 -34.783825 59.319073 0.814798 0.122004 -0.566762 -0.114600 -0.954700 1 36 1.000000
  36 -6.103650 -34.784252 59.545300 0.968258 0.247704 0.033448 0.028600 -0.971800 1 36 1.000000
finger
  36 -6.174465 -35.066532 59.593372 0.786430 -0.614241 0.065080 0.302300 -0.999200 1 36 1.000000
  36 -6.287367 -35.003830 59.309513 0.278090 -0.766573 -0.578819 0.724100 -0.966700 1 36 1.000000
  36 -6.181070 -34.783825 59.319073 0.814798 0.122004 -0.566762 -0.114600 -0.954700 1 36 1.000000
finger
  36 -6.412271 -35.095627 59.610302 -0.085244 -0.986812 0.137606 0.430700 -0.963700 1 36 1.000000
  36 -6.287367 -35.003830 59.309513 0.278090 -0.766573 -0.578819 0.724100 -0.966700 1 36 1.000000
  36 -6.174465 -35.066532 59.593372 0.786430 -0.614241 0.065080 0.302300 -0.999200 1 36 1.000000
finger
  27 -9.385640 -32.046562 58.934620 -0.878086 -0.375198 -0.296970 0.594900 0.045000 1 27 1.000000
  35 -9.102934 -33.151863 59.206303 -0.818945 -0.549159 -0.166594 0.520500 -0.281500 1 35 1.000000
  27 -9.392906 -31.999092 59.419300 -0.861998 -0.309847 0.401190 0.407900 0.042500 1 27 1.000000
finger
  35 -9.080569 -33.049431 59.599873 -0.850343 -0.398693 0.343454 0.425800 -0.277000 1 35 1.000000
  27 -9.392906 -31.999092 59.419300 -0.861998 -0.309847 0.401190 0.407900 0.042500 1 27 1.000000
  35 -9.102934 -33.151863 59.206303 -0.818945 -0.549159 -0.166594 0.520500 -0.281500 1 35 1.000000
finger
  35 -9.080569 -33.049431 59.599873 -0.850343 -0.398693 0.343454 0.425800 -0.277000 1 35 1.000000
  31 -8.380053 -32.236546 59.840431 0.359203 -0.932386 -0.040353 0.211100 -0.102700 1 31 1.000000
  27 -9.392906 -31.999092 59.419300 -0.861998 -0.309847 0.401190 0.407900 0.042500 1 27 1.000000
finger
  35 -9.102934 -33.151863 59.206303 -0.818945 -0.549159 -0.166594 0.520500 -0.281500 1 35 1.000000
  35 -7.748269 -34.254230 59.307453 -0.757626 -0.646295 -0.091133 0.520300 -0.575200 1 35 1.000000
  35 -9.080569 -33.049431 59.599873 -0.850343 -0.398693 0.343454 0.425800 -0.277000 1 35 1.000000
finger
  35 -9.102934 -33.151863 59.206303 -0.818945 -0.549159 -0.166594 0.520500 -0.281500 1 35 1.000000
  35 -7.766698 -33.993103 58.813656 -0.152277 -0.258240 -0.954004 0.665200 -0.568800 1 35 1.000000
  35 -7.748269 -34.254230 59.307453 -0.757626 -0.646295 -0.091133 0.520300 -0.575200 1 35 1.000000
finger
  35 -7.766698 -33.993103 58.813656 -0.152277 -0.258240 -0.954004 0.665200 -0.568800 1 35 1.000000
  35 -9.102934 -33.151863 59.206303 -0.818945 -0.549159 -0.166594 0.520500 -0.281500 1 35 1.000000
  35 -8.840959 -33.054340 58.698860 0.124640 -0.209543 -0.969823 0.680100 -0.313500 1 35 1.000000
finger
  27 -9.385640 -32.046562 58.934620 -0.878086 -0.375198 -0.296970 0.594900 0.045000 1 27 1.000000
  35 -8.840959 -33.054340 58.698860 0.124640 -0.209543 -0.969823 0.680100 -0.313500 1 35 1.000000
  35 -9.102934 -33.151863 59.206303 -0.818945 -0.549159 -0.166594 0.520500 -0.281500 1 35 1.000000
finger
  35 -8.840959 -33.054340 58.698860 0.124640 -0.209543 -0.969823 0.680100 -0.313500 1 35 1.000000
  27 -9.385640 -32.046562 58.934620 -0.878086 -0.375198 -0.296970 0.594900 0.045000 1 27 1.000000
  27 -8.611808 -32.389393 58.554504 0.194979 -0.977996 0.074207 0.788200 -0.103700 1 27 1.000000
finger
  27 -7.931501 -31.977499 59.112499 0.866731 -0.478539 -0.140633 0.990800 -0.124200 1 27 1.000000
  35 -8.840959 -33.054340 58.698860 0.124640 -0.209543 -0.969823 0.680100 -0.313500 1 35 1.000000
  27 -8.611808 -32.389393 58.554504 0.194979 -0.977996 0.074207 0.788200 -0.103700 1 27 1.000000
finger
  33 -6.630967 -34.764240 60.753010 -0.112615 -0.962190 -0.248008 0.647500 -0.869600 1 33 1.000000
  32 -7.377083 -34.471821 60.506653 -0.187924 -0.610733 -0.769213 0.670800 -0.687700 1 32 1.000000
  33 -6.614707 -34.683395 60.579891 0.037249 -0.691049 -0.721848 0.698400 -0.861900 1 33 1.000000
finger
  33 -6.630967 -34.764240 60.753010 -0.112615 -0.962190 -0.248008 0.647500 -0.869600 1 33 1.000000
  33 -6.243953 -34.813850 60.999260 0.181148 -0.970762 0.157500 0.601100 -0.960400 1 33 1.000000
  33 -6.653193 -34.760307 61.120800 -0.070865 -0.875235 0.478478 0.517900 -0.874200 1 33 1.000000
finger
  33 -6.630967 -34.764240 60.753010 -0.112615 -0.962190 -0.248008 0.647500 -0.869600 1 33 1.000000
  33 -6.146461 -34.714043 60.737160 0.392797 -0.683186 -0.615604 0.726200 -0.964800 1 33 1.000000
  33 -6.243953 -34.813850 60.999260 0.181148 -0.970762 0.157500 0.601100 -0.960400 1 33 1.000000
finger
  33 -6.630967 -34.764240 60.753010 -0.112615 -0.962190 -0.248008 0.647500 -0.869600 1 33 1.000000
  33 -6.614707 -34.683395 60.579891 0.037249 -0.691049 -0.721848 0.698400 -0.861900 1 33 1.000000
  33 -6.146461 -34.714043 60.737160 0.392797 -0.683186 -0.615604 0.726200 -0.964800 1 33 1.000000
finger
  33 -6.569087 -34.526218 60.520748 0.219242 -0.040437 -0.974832 0.746300 -0.857000 1 33 1.000000
  33 -6.146461 -34.714043 60.737160 0.392797 -0.683186 -0.615604 0.726200 -0.964800 1 33 1.000000
  33 -6.614707 -34.683395 60.579891 0.037249 -0.691049 -0.721848 0.698400 -0.861900 1 33 1.000000
finger
  33 -6.569087 -34.526218 60.520748 0.219242 -0.040437 -0.974832 0.746300 -0.857000 1 33 1.000000
  33 -6.614707 -34.683395 60.579891 0.037249 -0.691049 -0.721848 0.698400 -0.861900 1 33 1.000000
  32 -7.377083 -34.471821 60.506653 -0.187924 -0.610733 -0.769213 0.670800 -0.687700 1 32 1.000000
finger
  33 -6.569087 -34.526218 60.520748 0.219242 -0.040437 -0.974832 0.746300 -0.857000 1 33 1.000000
  32 -7.377083 -34.471821 60.506653 -0.187924 -0.610733 -0.769213 0.670800 -0.687700 1 32 1.000000
  32 -7.323358 -34.231045 60.432888 0.159835 0.114659 -0.980462 0.722700 -0.678000 1 32 1.000000
finger
  32 -7.323358 -34.231045 60.432888 0.159835 0.114659 -0.980462 0.722700 -0.678000 1 32 1.000000
  32 -7.377083 -34.471821 60.506653 -0.187924 -0.610733 -0.769213 0.670800 -0.687700 1 32 1.000000
  32 -7.750143 -34.007961 60.388763 -0.016454 -0.019744 -0.999670 0.694100 -0.529000 1 32 1.000000
finger
  32 -7.750143 -34.007961 60.388763 -0.016454 -0.019744 -0.999670 0.694100 -0.529000 1 32 1.000000
  33 -7.209106 -34.064594 60.578671 0.241151 0.677690 -0.694681 0.804200 -0.689100 1 33 1.000000
  32 -7.323358 -34.231045 60.432888 0.159835 0.114659 -0.980462 0.722700 -0.678000 1 32 1.000000
finger
  33 -6.569087 -34.526218 60.520748 0.219242 -0.040437 -0.974832 0.746300 -0.857000 1 33 1.000000
  32 -7.323358 -34.231045 60.432888 0.159835 0.114659 -0.980462 0.722700 -0.678000 1 32 1.000000
  33 -7.209106 -34.064594 60.578671 0.241151 0.677690 -0.694681 0.804200 -0.689100 1 33 1.000000
finger
  33 -6.569087 -34.526218 60.520748 0.219242 -0.040437 -0.974832 0.746300 -0.857000 1 33 1.000000
  33 -7.209106 -34.064594 60.578671 0.241151 0.677690 -0.694681 0.804200 -0.689100 1 33 1.000000
  33 -6.442918 -34.271084 60.613705 0.337992 0.497848 -0.798692 0.833600 -0.864100 1 33 1.000000
finger
  33 -6.569087 -34.526218 60.520748 0.219242 -0.040437 -0.974832 0.746300 -0.857000 1 33 1.000000
  33 -6.442918 -34.271084 60.613705 0.337992 0.497848 -0.798692 0.833600 -0.864100 1 33 1.000000
  33 -6.089756 -34.478951 60.719601 0.687177 0.167764 -0.706854 0.818500 -0.954400 1 33 1.000000
finger
  33 -6.351603 -34.131100 60.854988 0.463244 0.864188 -0.196428 0.934400 -0.877100 1 33 1.000000
  33 -6.089756 -34.478951 60.719601 0.687177 0.167764 -0.706854 0.818500 -0.954400 1 33 1.000000
  33 -6.442918 -34.271084 60.613705 0.337992 0.497848 -0.798692 0.833600 -0.864100 1 33 1.000000
finger
  33 -6.351603 -34.131100 60.854988 0.463244 0.864188 -0.196428 0.934400 -0.877100 1 33 1.000000
  33 -6.001519 -34.425385 60.902111 0.907011 0.407953 -0.104425 0.887000 -0.972400 1 33 1.000000
  33 -6.089756 -34.478951 60.719601 0.687177 0.167764 -0.706854 0.818500 -0.954400 1 33 1.000000
finger
  33 -6.006546 -34.710457 60.980309 0.910984 -0.404378 0.081155 0.704900 -0.999300 1 33 1.000000
  33 -6.089756 -34.478951 60.719601 0.687177 0.167764 -0.706854 0.818500 -0.954400 1 33 1.000000
  33 -6.001519 -34.425385 60.902111 0.907011 0.407953 -0.104425 0.887000 -0.972400 1 33 1.000000
finger
  33 -6.006546 -34.710457 60.980309 0.910984 -0.404378 0.081155 0.704900 -0.999300 1 33 1.000000
  33 -6.146461 -34.714043 60.737160 0.392797 -0.683186 -0.615604 0.726200 -0.964800 1 33 1.000000
  33 -6.089756 -34.478951 60.719601 0.687177 0.167764 -0.706854 0.818500 -0.954400 1 33 1.000000
finger
  33 -6.243953 -34.813850 60.999260 0.181148 -0.970762 0.157500 0.601100 -0.960400 1 33 1.000000
  33 -6.146461 -34.714043 60.737160 0.392797 -0.683186 -0.615604 0.726200 -0.964800 1 33 1.000000
  33 -6.006546 -34.710457 60.980309 0.910984 -0.404378 0.081155 0.704900 -0.999300 1 33 1.000000
finger
  33 -6.243953 -34.813850 60.999260 0.181148 -0.970762 0.157500 0.601100 -0.960400 1 33 1.000000
  33 -6.006546 -34.710457 60.980309 0.910984 -0.404378 0.081155 0.704900 -0.999300 1 33 1.000000
  33 -6.150627 -34.606377 61.213821 0.440530 -0.388329 0.809403 0.374700 -0.967200 1 33 1.000000
finger
  33 -6.569087 -34.526218 60.520748 0.219242 -0.040437 -0.974832 0.746300 -0.857000 1 33 1.000000
  33 -6.089756 -34.478951 60.719601 0.687177 0.167764 -0.706854 0.818500 -0.954400 1 33 1.000000
  33 -6.146461 -34.714043 60.737160 0.392797 -0.683186 -0.615604 0.726200 -0.964800 1 33 1.000000
finger
  33 -6.351603 -34.131100 60.854988 0.463244 0.864188 -0.196428 0.934400 -0.877100 1 33 1.000000
  33 -7.209106 -34.064594 60.578671 0.241151 0.677690 -0.694681 0.804200 -0.689100 1 33 1.000000
  33 -7.117606 -33.900398 60.865143 0.252563 0.945802 -0.204133 0.958600 -0.701700 1 33 1.000000
finger
  33 -6.351603 -34.131100 60.854988 0.463244 0.864188 -0.196428 0.934400 -0.877100 1 33 1.000000
  33 -6.442918 -34.271084 60.613705 0.337992 0.497848 -0.798692 0.833600 -0.864100 1 33 1.000000
  33 -7.209106 -34.064594 60.578671 0.241151 0.677690 -0.694681 0.804200 -0.689100 1 33 1.000000
finger
  31 -9.144406 -31.907698 60.574554 -0.843296 -0.119221 0.524059 0.435100 0.030400 1 31 1.000000
  32 -8.124345 -32.596958 61.263451 -0.160847 0.074543 0.984160 0.293100 -0.258700 1 32 1.000000
  31 -8.547554 -31.836649 61.003437 -0.360211 0.131816 0.923511 0.228000 -0.065800 1 31 1.000000
finger
  32 -8.124345 -32.596958 61.263451 -0.160847 0.074543 0.984160 0.293100 -0.258700 1 32 1.000000
  31 -9.144406 -31.907698 60.574554 -0.843296 -0.119221 0.524059 0.435100 0.030400 1 31 1.000000
  32 -8.617009 -33.083294 60.871445 -0.881581 -0.360085 0.305211 0.474800 -0.295800 1 32 1.000000
finger
  31 -9.149655 -32.066147 60.139908 -0.782783 -0.530509 -0.325285 0.616300 0.022800 1 31 1.000000
  32 -8.617009 -33.083294 60.871445 -0.881581 -0.360085 0.305211 0.474800 -0.295800 1 32 1.000000
  31 -9.144406 -31.907698 60.574554 -0.843296 -0.119221 0.524059 0.435100 0.030400 1 31 1.000000
finger
  32 -8.617009 -33.083294 60.871445 -0.881581 -0.360085 0.305211 0.474800 -0.295800 1 32 1.000000
  31 -9.149655 -32.066147 60.139908 -0.782783 -0.530509 -0.325285 0.616300 0.022800 1 31 1.000000
  32 -8.569993 -33.143112 60.535484 -0.683688 -0.463283 -0.563862 0.548300 -0.295200 1 32 1.000000
finger
  31 -9.149655 -32.066147 60.139908 -0.782783 -0.530509 -0.325285 0.616300 0.022800 1 31 1.000000
  32 -8.012362 -32.820141 60.154465 0.361024 -0.224520 -0.905126 0.689300 -0.267100 1 32 1.000000
  32 -8.569993 -33.143112 60.535484 -0.683688 -0.463283 -0.563862 0.548300 -0.295200 1 32 1.000000
finger
  32 -7.750143 -34.007961 60.388763 -0.016454 -0.019744 -0.999670 0.694100 -0.529000 1 32 1.000000
  32 -8.569993 -33.143112 60.535484 -0.683688 -0.463283 -0.563862 0.548300 -0.295200 1 32 1.000000
  32 -8.012362 -32.820141 60.154465 0.361024 -0.224520 -0.905126 0.689300 -0.267100 1 32 1.000000
finger
  32 -8.569993 -33.143112 60.535484 -0.683688 -0.463283 -0.563862 0.548300 -0.295200 1 32 1.000000
  32 -7.750143 -34.007961 60.388763 -0.016454 -0.019744 -0.999670 0.694100 -0.529000 1 32 1.000000
  32 -7.987258 -34.305447 60.723389 -0.630990 -0.700221 -0.333979 0.577200 -0.573000 1 32 1.000000
finger
  32 -7.750143 -34.007961 60.388763 -0.016454 -0.019744 -0.999670 0.694100 -0.529000 1 32 1.000000
  32 -7.377083 -34.471821 60.506653 -0.187924 -0.610733 -0.769213 0.670800 -0.687700 1 32 1.000000
  32 -7.987258 -34.305447 60.723389 -0.630990 -0.700221 -0.333979 0.577200 -0.573000 1 32 1.000000
finger
  32 -7.987258 -34.305447 60.723389 -0.630990 -0.700221 -0.333979 0.577200 -0.573000 1 32 1.000000
  32 -7.377083 -34.471821 60.506653 -0.187924 -0.610733 -0.769213 0.670800 -0.687700 1 32 1.000000
  32 -7.377457 -34.597748 60.720795 -0.311713 -0.914593 -0.257593 0.611600 -0.704100 1 32 1.000000
finger
  33 -6.630967 -34.764240 60.753010 -0.112615 -0.962190 -0.248008 0.647500 -0.869600 1 33 1.000000
  32 -7.377457 -34.597748 60.720795 -0.311713 -0.914593 -0.257593 0.611600 -0.704100 1 32 1.000000
  32 -7.377083 -34.471821 60.506653 -0.187924 -0.610733 -0.769213 0.670800 -0.687700 1 32 1.000000
finger
  33 -6.630967 -34.764240 60.753010 -0.112615 -0.962190 -0.248008 0.647500 -0.869600 1 33 1.000000
  32 -7.386804 -34.600101 61.146595 -0.317775 -0.921616 0.222807 0.489600 -0.713900 1 32 1.000000
  32 -7.377457 -34.597748 60.720795 -0.311713 -0.914593 -0.257593 0.611600 -0.704100 1 32 1.000000
finger
  33 -6.630967 -34.764240 60.753010 -0.112615 -0.962190 -0.248008 0.647500 -0.869600 1 33 1.000000
  33 -6.653193 -34.760307 61.120800 -0.070865 -0.875235 0.478478 0.517900 -0.874200 1 33 1.000000
  32 -7.386804 -34.600101 61.146595 -0.317775 -0.921616 0.222807 0.489600 -0.713900 1 32 1.000000
finger
  33 -6.653193 -34.760307 61.120800 -0.070865 -0.875235 0.478478 0.517900 -0.874200 1 33 1.000000
  32 -7.371017 -34.304588 61.475597 -0.167812 -0.390285 0.905271 0.359000 -0.699700 1 32 1.000000
  32 -7.386804 -34.600101 61.146595 -0.317775 -0.921616 0.222807 0.489600 -0.713900 1 32 1.000000
finger
  33 -6.653193 -34.760307 61.120800 -0.070865 -0.875235 0.478478 0.517900 -0.874200 1 33 1.000000
  33 -6.618886 -34.515018 61.387829 0.116588 -0.425383 0.897472 0.354700 -0.868100 1 33 1.000000
  32 -7.371017 -34.304588 61.475597 -0.167812 -0.390285 0.905271 0.359000 -0.699700 1 32 1.000000
finger
  33 -6.573586 -34.334618 61.385983 0.328892 0.318605 0.889000 0.266400 -0.862600 1 33 1.000000
  32 -7.371017 -34.304588 61.475597 -0.167812 -0.390285 0.905271 0.359000 -0.699700 1 32 1.000000
  33 -6.618886 -34.515018 61.387829 0.116588 -0.425383 0.897472 0.354700 -0.868100 1 33 1.000000
finger
  33 -6.573586 -34.334618 61.385983 0.328892 0.318605 0.889000 0.266400 -0.862600 1 33 1.000000
  33 -6.618886 -34.515018 61.387829 0.116588 -0.425383 0.897472 0.354700 -0.868100 1 33 1.000000
  33 -6.150627 -34.606377 61.213821 0.440530 -0.388329 0.809403 0.374700 -0.967200 1 33 1.000000
finger
  33 -6.653193 -34.760307 61.120800 -0.070865 -0.875235 0.478478 0.517900 -0.874200 1 33 1.000000
  33 -6.150627 -34.606377 61.213821 0.440530 -0.388329 0.809403 0.374700 -0.967200 1 33 1.000000
  33 -6.618886 -34.515018 61.387829 0.116588 -0.425383 0.897472 0.354700 -0.868100 1 33 1.000000
finger
  33 -6.653193 -34.760307 61.120800 -0.070865 -0.875235 0.478478 0.517900 -0.874200 1 33 1.000000
  33 -6.243953 -34.813850 60.999260 0.181148 -0.970762 0.157500 0.601100 -0.960400 1 33 1.000000
  33 -6.150627 -34.606377 61.213821 0.440530 -0.388329 0.809403 0.374700 -0.967200 1 33 1.000000
finger
  32 -8.012362 -32.820141 60.154465 0.361024 -0.224520 -0.905126 0.689300 -0.267100 1 32 1.000000
  31 -9.149655 -32.066147 60.139908 -0.782783 -0.530509 -0.325285 0.616300 0.022800 1 31 1.000000
  31 -8.380053 -32.236546 59.840431 0.359203 -0.932386 -0.040353 0.796600 -0.110600 1 31 1.000000
finger
  32 -7.737394 -33.820911 61.406704 0.161282 0.391600 0.905890 0.312100 -0.548100 1 32 1.000000
  32 -7.371017 -34.304588 61.475597 -0.167812 -0.390285 0.905271 0.359000 -0.699700 1 32 1.000000
  32 -7.324722 -34.084984 61.489140 0.166178 0.393989 0.903968 0.293700 -0.689900 1 32 1.000000
finger
  32 -8.022594 -34.297409 61.116772 -0.648712 -0.485505 0.586052 0.480400 -0.583400 1 32 1.000000
  32 -7.371017 -34.304588 61.475597 -0.167812 -0.390285 0.905271 0.359000 -0.699700 1 32 1.000000
  32 -7.737394 -33.820911 61.406704 0.161282 0.391600 0.905890 0.312100 -0.548100 1 32 1.000000
finger
  32 -7.386804 -34.600101 61.146595 -0.317775 -0.921616 0.222807 0.489600 -0.713900 1 32 1.000000
  32 -7.371017 -34.304588 61.475597 -0.167812 -0.390285 0.905271 0.359000 -0.699700 1 32 1.000000
  32 -8.022594 -34.297409 61.116772 -0.648712 -0.485505 0.586052 0.480400 -0.583400 1 32 1.000000
finger
  32 -7.987258 -34.305447 60.723389 -0.630990 -0.700221 -0.333979 0.577200 -0.573000 1 32 1.000000
  32 -7.386804 -34.600101 61.146595 -0.317775 -0.921616 0.222807 0.489600 -0.713900 1 32 1.000000
  32 -8.022594 -34.297409 61.116772 -0.648712 -0.485505 0.586052 0.480400 -0.583400 1 32 1.000000
finger
  32 -7.377457 -34.597748 60.720795 -0.311713 -0.914593 -0.257593 0.611600 -0.704100 1 32 1.000000
  32 -7.386804 -34.600101 61.146595 -0.317775 -0.921616 0.222807 0.489600 -0.713900 1 32 1.000000
  32 -7.987258 -34.305447 60.723389 -0.630990 -0.700221 -0.333979 0.577200 -0.573000 1 32 1.000000
finger
  33 -6.573586 -34.334618 61.385983 0.328892 0.318605 0.889000 0.266400 -0.862600 1 33 1.000000
  32 -7.324722 -34.084984 61.489140 0.166178 0.393989 0.903968 0.293700 -0.689900 1 32 1.000000
  32 -7.371017 -34.304588 61.475597 -0.167812 -0.390285 0.905271 0.359000 -0.699700 1 32 1.000000
finger
  33 -6.573586 -34.334618 61.385983 0.328892 0.318605 0.889000 0.266400 -0.862600 1 33 1.000000
  33 -7.202230 -33.932476 61.227726 0.304455 0.877778 0.369881 0.187300 -0.696300 1 33 1.000000
  32 -7.324722 -34.084984 61.489140 0.166178 0.393989 0.903968 0.293700 -0.689900 1 32 1.000000
finger
  32 -7.324722 -34.084984 61.489140 0.166178 0.393989 0.903968 0.293700 -0.689900 1 32 1.000000
  33 -7.202230 -33.932476 61.227726 0.304455 0.877778 0.369881 0.187300 -0.696300 1 33 1.000000
  32 -7.737394 -33.820911 61.406704 0.161282 0.391600 0.905890 0.312100 -0.548100 1 32 1.000000
finger
  32 -7.737394 -33.820911 61.406704 0.161282 0.391600 0.905890 0.312100 -0.548100 1 32 1.000000
  33 -7.202230 -33.932476 61.227726 0.304455 0.877778 0.369881 0.187300 -0.696300 1 33 1.000000
  32 -7.322919 -33.844585 60.899857 0.603283 0.763625 -0.230056 0.004600 -0.566000 1 32 1.000000
finger
  32 -7.589680 -33.026524 60.787781 0.950064 0.205691 0.234668 0.062000 -0.360300 1 32 1.000000
  32 -7.737394 -33.820911 61.406704 0.161282 0.391600 0.905890 0.312100 -0.548100 1 32 1.000000
  32 -7.322919 -33.844585 60.899857 0.603283 0.763625 -0.230056 0.004600 -0.566000 1 32 1.000000
finger
  32 -7.737394 -33.820911 61.406704 0.161282 0.391600 0.905890 0.312100 -0.548100 1 32 1.000000
  32 -7.589680 -33.026524 60.787781 0.950064 0.205691 0.234668 0.062000 -0.360300 1 32 1.000000
  32 -8.124345 -32.596958 61.263451 -0.160847 0.074543 0.984160 0.293100 -0.258700 1 32 1.000000
finger
  32 -8.124345 -32.596958 61.263451 -0.160847 0.074543 0.984160 0.293100 -0.258700 1 32 1.000000
  32 -8.022594 -34.297409 61.116772 -0.648712 -0.485505 0.586052 0.480400 -0.583400 1 32 1.000000
  32 -7.737394 -33.820911 61.406704 0.161282 0.391600 0.905890 0.312100 -0.548100 1 32 1.000000
finger
  32 -8.022594 -34.297409 61.116772 -0.648712 -0.485505 0.586052 0.480400 -0.583400 1 32 1.000000
  32 -8.124345 -32.596958 61.263451 -0.160847 0.074543 0.984160 0.293100 -0.258700 1 32 1.000000
  32 -8.617009 -33.083294 60.871445 -0.881581 -0.360085 0.305211 0.474800 -0.295800 1 32 1.000000
finger
  32 -8.022594 -34.297409 61.116772 -0.648712 -0.485505 0.586052 0.480400 -0.583400 1 32 1.000000
  32 -8.617009 -33.083294 60.871445 -0.881581 -0.360085 0.305211 0.474800 -0.295800 1 32 1.000000
  32 -7.987258 -34.305447 60.723389 -0.630990 -0.700221 -0.333979 0.577200 -0.573000 1 32 1.000000
finger
  32 -8.569993 -33.143112 60.535484 -0.683688 -0.463283 -0.563862 0.548300 -0.295200 1 32 1.000000
  32 -7.987258 -34.305447 60.723389 -0.630990 -0.700221 -0.333979 0.577200 -0.573000 1 32 1.000000
  32 -8.617009 -33.083294 60.871445 -0.881581 -0.360085 0.305211 0.474800 -0.295800 1 32 1.000000
finger
  33 -6.573586 -34.334618 61.385983 0.328892 0.318605 0.889000 0.266400 -0.862600 1 33 1.000000
  33 -6.434809 -34.163498 61.162971 0.416953 0.775795 0.473595 0.089500 -0.871000 1 33 1.000000
  33 -7.202230 -33.932476 61.227726 0.304455 0.877778 0.369881 0.187300 -0.696300 1 33 1.000000
finger
  33 -6.573586 -34.334618 61.385983 0.328892 0.318605 0.889000 0.266400 -0.862600 1 33 1.000000
  33 -6.093090 -34.387318 61.107265 0.723719 0.457677 0.516490 0.022100 -0.956100 1 33 1.000000
  33 -6.434809 -34.163498 61.162971 0.416953 0.775795 0.473595 0.089500 -0.871000 1 33 1.000000
finger
  33 -6.573586 -34.334618 61.385983 0.328892 0.318605 0.889000 0.266400 -0.862600 1 33 1.000000
  33 -6.150627 -34.606377 61.213821 0.440530 -0.388329 0.809403 0.374700 -0.967200 1 33 1.000000
  33 -6.093090 -34.387318 61.107265 0.723719 0.457677 0.516490 0.022100 -0.956100 1 33 1.000000
finger
  33 -6.006546 -34.710457 60.980309 0.910984 -0.404378 0.081155 -0.295100 -0.999300 1 33 1.000000
  33 -6.093090 -34.387318 61.107265 0.723719 0.457677 0.516490 0.022100 -0.956100 1 33 1.000000
  33 -6.150627 -34.606377 61.213821 0.440530 -0.388329 0.809403 0.374700 -0.967200 1 33 1.000000
finger
  33 -6.006546 -34.710457 60.980309 0.910984 -0.404378 0.081155 -0.295100 -0.999300 1 33 1.000000
  33 -6.001519 -34.425385 60.902111 0.907011 0.407953 -0.104425 -0.113000 -0.972400 1 33 1.000000
  33 -6.093090 -34.387318 61.107265 0.723719 0.457677 0.516490 0.022100 -0.956100 1 33 1.000000
finger
  33 -6.351603 -34.131100 60.854988 0.463244 0.864188 -0.196428 -0.065600 -0.877100 1 33 1.000000
  33 -6.093090 -34.387318 61.107265 0.723719 0.457677 0.516490 0.022100 -0.956100 1 33 1.000000
  33 -6.001519 -34.425385 60.902111 0.907011 0.407953 -0.104425 -0.113000 -0.972400 1 33 1.000000
finger
  33 -6.351603 -34.131100 60.854988 0.463244 0.864188 -0.196428 -0.065600 -0.877100 1 33 1.000000
  33 -6.434809 -34.163498 61.162971 0.416953 0.775795 0.473595 0.089500 -0.871000 1 33 1.000000
  33 -6.093090 -34.387318 61.107265 0.723719 0.457677 0.516490 0.022100 -0.956100 1 33 1.000000
finger
  33 -6.351603 -34.131100 60.854988 0.463244 0.864188 -0.196428 -0.065600 -0.877100 1 33 1.000000
  33 -7.202230 -33.932476 61.227726 0.304455 0.877778 0.369881 0.187300 -0.696300 1 33 1.000000
  33 -6.434809 -34.163498 61.162971 0.416953 0.775795 0.473595 0.089500 -0.871000 1 33 1.000000
finger
  33 -6.351603 -34.131100 60.854988 0.463244 0.864188 -0.196428 -0.065600 -0.877100 1 33 1.000000
  33 -7.117606 -33.900398 60.865143 0.252563 0.945802 -0.204133 -0.041400 -0.701700 1 33 1.000000
  33 -7.202230 -33.932476 61.227726 0.304455 0.877778 0.369881 0.187300 -0.696300 1 33 1.000000
finger
  32 -7.322919 -33.844585 60.899857 0.603283 0.763625 -0.230056 0.004600 -0.566000 1 32 1.000000
  33 -7.202230 -33.932476 61.227726 0.304455 0.877778 0.369881 0.187300 -0.696300 1 33 1.000000
  33 -7.117606 -33.900398 60.865143 0.252563 0.945802 -0.204133 -0.041400 -0.701700 1 33 1.000000
finger
  33 -7.117606 -33.900398 60.865143 0.252563 0.945802 -0.204133 -0.041400 -0.701700 1 33 1.000000
  33 -7.209106 -34.064594 60.578671 0.241151 0.677690 -0.694681 -0.195800 -0.689100 1 33 1.000000
  32 -7.322919 -33.844585 60.899857 0.603283 0.763625 -0.230056 0.004600 -0.566000 1 32 1.000000
finger
  32 -7.322919 -33.844585 60.899857 0.603283 0.763625 -0.230056 0.004600 -0.566000 1 32 1.000000
  33 -7.209106 -34.064594 60.578671 0.241151 0.677690 -0.694681 -0.195800 -0.689100 1 33 1.000000
  32 -7.750143 -34.007961 60.388763 -0.016454 -0.019744 -0.999670 -0.305900 -0.529000 1 32 1.000000
finger
  32 -8.012362 -32.820141 60.154465 0.361024 -0.224520 -0.905126 -0.310700 -0.267100 1 32 1.000000
  32 -7.322919 -33.844585 60.899857 0.603283 0.763625 -0.230056 0.004600 -0.566000 1 32 1.000000
  32 -7.750143 -34.007961 60.388763 -0.016454 -0.019744 -0.999670 -0.305900 -0.529000 1 32 1.000000
finger
  32 -7.322919 -33.844585 60.899857 0.603283 0.763625 -0.230056 0.004600 -0.566000 1 32 1.000000
  32 -8.012362 -32.820141 60.154465 0.361024 -0.224520 -0.905126 -0.310700 -0.267100 1 32 1.000000
  32 -7.589680 -33.026524 60.787781 0.950064 0.205691 0.234668 0.062000 -0.360300 1 32 1.000000
finger
  32 -8.012362 -32.820141 60.154465 0.361024 -0.224520 -0.905126 -0.310700 -0.267100 1 32 1.000000
  31 -7.693057 -31.852247 60.431740 0.964582 -0.159874 -0.209814 0.006100 -0.174900 1 31 1.000000
  32 -7.589680 -33.026524 60.787781 0.950064 0.205691 0.234668 0.062000 -0.360300 1 32 1.000000
finger
  31 -7.955838 -31.660566 60.956478 0.596826 0.202766 0.776328 0.117600 -0.126000 1 31 1.000000
  32 -7.589680 -33.026524 60.787781 0.950064 0.205691 0.234668 0.062000 -0.360300 1 32 1.000000
  31 -7.693057 -31.852247 60.431740 0.964582 -0.159874 -0.209814 0.006100 -0.174900 1 31 1.000000
finger
  32 -7.589680 -33.026524 60.787781 0.950064 0.205691 0.234668 0.062000 -0.360300 1 32 1.000000
  31 -7.955838 -31.660566 60.956478 0.596826 0.202766 0.776328 0.117600 -0.126000 1 31 1.000000
  32 -8.124345 -32.596958 61.263451 -0.160847 0.074543 0.984160 0.293100 -0.258700 1 32 1.000000
finger
  31 -7.955838 -31.660566 60.956478 0.596826 0.202766 0.776328 0.117600 -0.126000 1 31 1.000000
  31 -8.547554 -31.836649 61.003437 -0.360211 0.131816 0.923511 0.228000 -0.065800 1 31 1.000000
  32 -8.124345 -32.596958 61.263451 -0.160847 0.074543 0.984160 0.293100 -0.258700 1 32 1.000000
finger
  31 -7.693057 -31.852247 60.431740 0.964582 -0.159874 -0.209814 0.006100 -0.174900 1 31 1.000000
  32 -8.012362 -32.820141 60.154465 0.361024 -0.224520 -0.905126 -0.310700 -0.267100 1 32 1.000000
  31 -8.380053 -32.236546 59.840431 0.359203 -0.932386 -0.040353 -0.203400 -0.110600 1 31 1.000000
finger
  17 8.043164 -31.443066 57.475937 -0.837980 -0.489315 0.241579 0.135300 -0.233500 1 17 1.000000
  20 7.973075 -31.162678 56.862415 -0.918581 -0.202617 -0.339346 -0.011800 -0.186100 1 20 1.000000
  20 7.924271 -31.916071 56.875656 -0.986855 -0.004556 -0.161541 -0.020800 -0.349800 1 20 1.000000
finger
  20 8.500847 -31.973747 56.366879 -0.054358 -0.023046 -0.998255 -0.303200 -0.273300 1 20 1.000000
  21 7.916433 -32.802437 56.405258 -0.025555 -0.078842 -0.996559 -0.313100 -0.534600 1 21 1.000000
  21 7.637044 -32.558048 56.952080 -0.755381 0.655184 0.011513 0.036200 -0.526800 1 21 1.000000
finger
  21 7.637044 -32.558048 56.952080 -0.755381 0.655184 0.011513 0.036200 -0.526800 1 21 1.000000
  20 7.924271 -31.916071 56.875656 -0.986855 -0.004556 -0.161541 -0.020800 -0.349800 1 20 1.000000
  20 8.500847 -31.973747 56.366879 -0.054358 -0.023046 -0.998255 -0.303200 -0.273300 1 20 1.000000
finger
  20 8.199587 -31.925188 57.119854 -0.648858 -0.018837 0.760676 0.190700 -0.309400 1 20 1.000000
  20 7.924271 -31.916071 56.875656 -0.986855 -0.004556 -0.161541 -0.020800 -0.349800 1 20 1.000000
  21 7.637044 -32.558048 56.952080 -0.755381 0.655184 0.011513 0.036200 -0.526800 1 21 1.000000
finger
  20 7.924271 -31.916071 56.875656 -0.986855 -0.004556 -0.161541 -0.020800 -0.349800 1 20 1.000000
  20 8.199587 -31.925188 57.119854 -0.648858 -0.018837 0.760676 0.190700 -0.309400 1 20 1.000000
  17 8.043164 -31.443066 57.475937 -0.837980 -0.489315 0.241579 0.135300 -0.233500 1 17 1.000000
finger
  17 8.568385 -31.820387 57.415451 -0.005117 -0.940798 0.338929 0.297800 -0.231200 1 17 1.000000
  17 8.043164 -31.443066 57.475937 -0.837980 -0.489315 0.241579 0.135300 -0.233500 1 17 1.000000
  20 8.199587 -31.925188 57.119854 -0.648858 -0.018837 0.760676 0.190700 -0.309400 1 20 1.000000
finger
  21 7.916107 -32.763809 57.349747 -0.182322 0.269020 0.945720 0.316100 -0.526700 1 21 1.000000
  17 8.568385 -31.820387 57.415451 -0.005117 -0.940798 0.338929 0.297800 -0.231200 1 17 1.000000
  20 8.199587 -31.925188 57.119854 -0.648858 -0.018837 0.760676 0.190700 -0.309400 1 20 1.000000
finger
  17 8.568385 -31.820387 57.415451 -0.005117 -0.940798 0.338929 0.297800 -0.231200 1 17 1.000000
  21 7.916107 -32.763809 57.349747 -0.182322 0.269020 0.945720 0.316100 -0.526700 1 21 1.000000
  21 8.027858 -33.060863 57.202087 0.561398 -0.555498 0.613396 0.411200 -0.571100 1 21 1.000000
finger
  21 8.027858 -33.060863 57.202087 0.561398 -0.555498 0.613396 0.411200 -0.571100 1 21 1.000000
  20 8.744781 -32.373783 57.135399 0.644486 -0.545990 0.535287 0.446400 -0.318800 1 20 1.000000
  17 8.568385 -31.820387 57.415451 -0.005117 -0.940798 0.338929 0.297800 -0.231200 1 17 1.000000
finger
  21 8.027858 -33.060863 57.202087 0.561398 -0.555498 0.613396 0.411200 -0.571100 1 21 1.000000
  21 8.065166 -33.153069 56.890327 0.682269 -0.719770 -0.128220 0.507600 -0.584500 1 21 1.000000
  20 8.744781 -32.373783 57.135399 0.644486 -0.545990 0.535287 0.446400 -0.318800 1 20 1.000000
finger
  20 8.772678 -32.433983 56.853729 0.800510 -0.516408 -0.304147 0.514600 -0.327000 1 20 1.000000
  20 8.744781 -32.373783 57.135399 0.644486 -0.545990 0.535287 0.446400 -0.318800 1 20 1.000000
  21 8.065166 -33.153069 56.890327 0.682269 -0.719770 -0.128220 0.507600 -0.584500 1 21 1.000000
finger
  20 8.772678 -32.433983 56.853729 0.800510 -0.516408 -0.304147 0.514600 -0.327000 1 20 1.000000
  21 8.065166 -33.153069 56.890327 0.682269 -0.719770 -0.128220 0.507600 -0.584500 1 21 1.000000
  21 7.916433 -32.802437 56.405258 -0.025555 -0.078842 -0.996559 0.686900 -0.534600 1 21 1.000000
finger
  21 7.916433 -32.802437 56.405258 -0.025555 -0.078842 -0.996559 0.686900 -0.534600 1 21 1.000000
  20 8.500847 -31.973747 56.366879 -0.054358 -0.023046 -0.998255 0.696800 -0.273300 1 20 1.000000
  20 8.772678 -32.433983 56.853729 0.800510 -0.516408 -0.304147 0.514600 -0.327000 1 20 1.000000
finger
  20 8.772678 -32.433983 56.853729 0.800510 -0.516408 -0.304147 0.514600 -0.327000 1 20 1.000000
  20 8.500847 -31.973747 56.366879 -0.054358 -0.023046 -0.998255 0.696800 -0.273300 1 20 1.000000
  20 9.136605 -31.429605 56.777508 0.783279 -0.228294 -0.578235 0.555900 -0.063000 1 20 1.000000
finger
  7 8.399151 -30.936951 56.355583 -0.313872 -0.089126 -0.945273 0.867200 -0.074000 1 7 1.000000
  20 9.136605 -31.429605 56.777508 0.783279 -0.228294 -0.578235 0.555900 -0.063000 1 20 1.000000
  20 8.500847 -31.973747 56.366879 -0.054358 -0.023046 -0.998255 0.696800 -0.273300 1 20 1.000000
finger
  7 8.399151 -30.936951 56.355583 -0.313872 -0.089126 -0.945273 0.867200 -0.074000 1 7 1.000000
  20 8.500847 -31.973747 56.366879 -0.054358 -0.023046 -0.998255 0.696800 -0.273300 1 20 1.000000
  20 7.924271 -31.916071 56.875656 -0.986855 -0.004556 -0.161541 0.979200 -0.349800 1 20 1.000000
finger
  20 7.924271 -31.916071 56.875656 -0.986855 -0.004556 -0.161541 0.979200 -0.349800 1 20 1.000000
  20 7.973075 -31.162678 56.862415 -0.918581 -0.202617 -0.339346 0.988200 -0.186100 1 20 1.000000
  7 8.399151 -30.936951 56.355583 -0.313872 -0.089126 -0.945273 0.867200 -0.074000 1 7 1.000000
finger
  21 7.637044 -32.558048 56.952080 -0.755381 0.655184 0.011513 0.036200 -0.526800 1 21 1.000000
  21 7.916107 -32.763809 57.349747 -0.182322 0.269020 0.945720 0.316100 -0.526700 1 21 1.000000
  20 8.199587 -31.925188 57.119854 -0.648858 -0.018837 0.760676 0.190700 -0.309400 1 20 1.000000
finger
  17 8.568385 -31.820387 57.415451 -0.005117 -0.940798 0.338929 0.297800 -0.231200 1 17 1.000000
  20 8.744781 -32.373783 57.135399 0.644486 -0.545990 0.535287 0.446400 -0.318800 1 20 1.000000
  20 9.144110 -31.519409 57.344341 0.863269 -0.504279 0.021672 0.376900 -0.080500 1 20 1.000000
finger
  20 8.744781 -32.373783 57.135399 0.644486 -0.545990 0.535287 0.446400 -0.318800 1 20 1.000000
  20 8.772678 -32.433983 56.853729 0.800510 -0.516408 -0.304147 0.514600 -0.327000 1 20 1.000000
  20 9.144110 -31.519409 57.344341 0.863269 -0.504279 0.021672 0.376900 -0.080500 1 20 1.000000
finger
  20 8.772678 -32.433983 56.853729 0.800510 -0.516408 -0.304147 0.514600 -0.327000 1 20 1.000000
  20 9.136605 -31.429605 56.777508 0.783279 -0.228294 -0.578235 0.555900 -0.063000 1 20 1.000000
  20 9.144110 -31.519409 57.344341 0.863269 -0.504279 0.021672 0.376900 -0.080500 1 20 1.000000
finger
  39 -6.790130 -34.643570 58.616413 0.314690 0.050630 0.947843 0.349200 -0.888000 1 39 1.000000
  39 -7.211635 -34.005764 58.630051 0.260680 0.202531 0.943942 0.341800 -0.730300 1 39 1.000000
  39 -7.342219 -34.107880 58.587738 -0.504082 -0.363638 0.783370 0.378400 -0.726800 1 39 1.000000
finger
  39 -6.562112 -34.904285 58.278187 0.651718 -0.757923 0.028588 0.477200 -0.997000 1 39 1.000000
  39 -6.444112 -34.673084 58.277641 0.998016 0.042417 0.046532 0.438200 -0.982500 1 39 1.000000
  39 -6.521972 -34.657528 58.448212 0.795251 0.091002 0.599411 0.351500 -0.970500 1 39 1.000000
finger
  39 -6.562112 -34.904285 58.278187 0.651718 -0.757923 0.028588 0.477200 -0.997000 1 39 1.000000
  39 -6.521972 -34.657528 58.448212 0.795251 0.091002 0.599411 0.351500 -0.970500 1 39 1.000000
  39 -6.634884 -34.854614 58.486542 0.133693 -0.789495 0.599019 0.401400 -0.972900 1 39 1.000000
finger
  39 -6.790130 -34.643570 58.616413 0.314690 0.050630 0.947843 0.349200 -0.888000 1 39 1.000000
  39 -6.634884 -34.854614 58.486542 0.133693 -0.789495 0.599019 0.401400 -0.972900 1 39 1.000000
  39 -6.521972 -34.657528 58.448212 0.795251 0.091002 0.599411 0.351500 -0.970500 1 39 1.000000
finger
  39 -6.790130 -34.643570 58.616413 0.314690 0.050630 0.947843 0.349200 -0.888000 1 39 1.000000
  39 -6.900819 -34.729378 58.586506 -0.318469 -0.576458 0.752511 0.382800 -0.884000 1 39 1.000000
  39 -6.634884 -34.854614 58.486542 0.133693 -0.789495 0.599019 0.401400 -0.972900 1 39 1.000000
finger
  39 -6.790130 -34.643570 58.616413 0.314690 0.050630 0.947843 0.349200 -0.888000 1 39 1.000000
  39 -7.342219 -34.107880 58.587738 -0.504082 -0.363638 0.783370 0.378400 -0.726800 1 39 1.000000
  39 -6.900819 -34.729378 58.586506 -0.318469 -0.576458 0.752511 0.382800 -0.884000 1 39 1.000000
finger
  39 -7.129718 -34.711483 58.295223 -0.587312 -0.774560 0.234777 0.466200 -0.869400 1 39 1.000000
  39 -6.900819 -34.729378 58.586506 -0.318469 -0.576458 0.752511 0.382800 -0.884000 1 39 1.000000
  39 -7.342219 -34.107880 58.587738 -0.504082 -0.363638 0.783370 0.378400 -0.726800 1 39 1.000000
finger
  39 -7.129718 -34.711483 58.295223 -0.587312 -0.774560 0.234777 0.466200 -0.869400 1 39 1.000000
  39 -7.342219 -34.107880 58.587738 -0.504082 -0.363638 0.783370 0.378400 -0.726800 1 39 1.000000
  39 -7.613101 -34.155796 58.242561 -0.809043 -0.581480 0.085623 0.466300 -0.719700 1 39 1.000000
finger
  39 -7.037588 -34.702610 57.914249 -0.539803 -0.780825 -0.314523 0.569700 -0.876100 1 39 1.000000
  39 -7.129718 -34.711483 58.295223 -0.587312 -0.774560 0.234777 0.466200 -0.869400 1 39 1.000000
  39 -7.613101 -34.155796 58.242561 -0.809043 -0.581480 0.085623 0.466300 -0.719700 1 39 1.000000
finger
  39 -7.037588 -34.702610 57.914249 -0.539803 -0.780825 -0.314523 0.569700 -0.876100 1 39 1.000000
  39 -7.613101 -34.155796 58.242561 -0.809043 -0.581480 0.085623 0.466300 -0.719700 1 39 1.000000
  39 -7.534755 -34.147644 57.819588 -0.751420 -0.581629 -0.311570 0.570100 -0.722600 1 39 1.000000
finger
  39 -7.037588 -34.702610 57.914249 -0.539803 -0.780825 -0.314523 0.569700 -0.876100 1 39 1.000000
  39 -7.534755 -34.147644 57.819588 -0.751420 -0.581629 -0.311570 0.570100 -0.722600 1 39 1.000000
  39 -7.476699 -34.088600 57.659588 -0.409010 -0.421069 -0.809575 0.611900 -0.720900 1 39 1.000000
finger
  38 -7.720445 -33.821056 57.786606 -0.696069 -0.611629 -0.376028 0.561300 -0.581400 1 38 1.000000
  39 -7.476699 -34.088600 57.659588 -0.409010 -0.421069 -0.809575 0.611900 -0.720900 1 39 1.000000
  39 -7.534755 -34.147644 57.819588 -0.751420 -0.581629 -0.311570 0.570100 -0.722600 1 39 1.000000
finger
  39 -7.534755 -34.147644 57.819588 -0.751420 -0.581629 -0.311570 0.570100 -0.722600 1 39 1.000000
  39 -7.613101 -34.155796 58.242561 -0.809043 -0.581480 0.085623 0.466300 -0.719700 1 39 1.000000
  38 -7.720445 -33.821056 57.786606 -0.696069 -0.611629 -0.376028 0.561300 -0.581400 1 38 1.000000
finger
  38 -7.720445 -33.821056 57.786606 -0.696069 -0.611629 -0.376028 0.561300 -0.581400 1 38 1.000000
  39 -7.613101 -34.155796 58.242561 -0.809043 -0.581480 0.085623 0.466300 -0.719700 1 39 1.000000
  38 -7.782888 -33.881813 58.200008 -0.662615 -0.691116 0.288616 0.467900 -0.577000 1 38 1.000000
finger
  39 -7.613101 -34.155796 58.242561 -0.809043 -0.581480 0.085623 0.466300 -0.719700 1 39 1.000000
  39 -7.342219 -34.107880 58.587738 -0.504082 -0.363638 0.783370 0.378400 -0.726800 1 39 1.000000
  38 -7.782888 -33.881813 58.200008 -0.662615 -0.691116 0.288616 0.467900 -0.577000 1 38 1.000000
finger
  38 -7.782888 -33.881813 58.200008 -0.662615 -0.691116 0.288616 0.467900 -0.577000 1 38 1.000000
  39 -7.342219 -34.107880 58.587738 -0.504082 -0.363638 0.783370 0.378400 -0.726800 1 39 1.000000
  38 -7.785739 -33.495163 58.639374 0.109771 0.244240 0.963482 0.341500 -0.583200 1 38 1.000000
finger
  38 -7.785739 -33.495163 58.639374 0.109771 0.244240 0.963482 0.341500 -0.583200 1 38 1.000000
  39 -7.342219 -34.107880 58.587738 -0.504082 -0.363638 0.783370 0.378400 -0.726800 1 39 1.000000
  39 -7.211635 -34.005764 58.630051 0.260680 0.202531 0.943942 0.341800 -0.730300 1 39 1.000000
finger
  39 -7.211635 -34.005764 58.630051 0.260680 0.202531 0.943942 0.341800 -0.730300 1 39 1.000000
  39 -7.211174 -33.803925 58.456779 0.625310 0.550891 0.552726 0.307400 -0.741000 1 39 1.000000
  38 -7.785739 -33.495163 58.639374 0.109771 0.244240 0.963482 0.341500 -0.583200 1 38 1.000000
finger
  39 -6.790130 -34.643570 58.616413 0.314690 0.050630 0.947843 0.349200 -0.888000 1 39 1.000000
  39 -7.211174 -33.803925 58.456779 0.625310 0.550891 0.552726 0.307400 -0.741000 1 39 1.000000
  39 -7.211635 -34.005764 58.630051 0.260680 0.202531 0.943942 0.341800 -0.730300 1 39 1.000000
finger
  39 -7.037588 -34.702610 57.914249 -0.539803 -0.780825 -0.314523 0.569700 -0.876100 1 39 1.000000
  39 -6.776594 -34.891106 58.223106 -0.253389 -0.966620 -0.037954 0.494000 -0.957500 1 39 1.000000
  39 -7.129718 -34.711483 58.295223 -0.587312 -0.774560 0.234777 0.466200 -0.869400 1 39 1.000000
finger
  39 -6.888842 -34.565659 57.781155 0.457097 0.032192 -0.888834 0.634500 -0.880900 1 39 1.000000
  39 -6.645020 -34.844681 58.009735 0.257799 -0.761388 -0.594834 0.573700 -0.968400 1 39 1.000000
  39 -6.981840 -34.658260 57.777355 -0.099325 -0.590584 -0.800840 0.609500 -0.877000 1 39 1.000000
finger
  39 -6.888842 -34.565659 57.781155 0.457097 0.032192 -0.888834 0.634500 -0.880900 1 39 1.000000
  39 -6.981840 -34.658260 57.777355 -0.099325 -0.590584 -0.800840 0.609500 -0.877000 1 39 1.000000
  39 -7.476699 -34.088600 57.659588 -0.409010 -0.421069 -0.809575 0.611900 -0.720900 1 39 1.000000
finger
  39 -7.037588 -34.702610 57.914249 -0.539803 -0.780825 -0.314523 0.569700 -0.876100 1 39 1.000000
  39 -7.476699 -34.088600 57.659588 -0.409010 -0.421069 -0.809575 0.611900 -0.720900 1 39 1.000000
  39 -6.981840 -34.658260 57.777355 -0.099325 -0.590584 -0.800840 0.609500 -0.877000 1 39 1.000000
finger
  39 -7.037588 -34.702610 57.914249 -0.539803 -0.780825 -0.314523 0.569700 -0.876100 1 39 1.000000
  39 -6.981840 -34.658260 57.777355 -0.099325 -0.590584 -0.800840 0.609500 -0.877000 1 39 1.000000
  39 -6.645020 -34.844681 58.009735 0.257799 -0.761388 -0.594834 0.573700 -0.968400 1 39 1.000000
finger
  39 -7.037588 -34.702610 57.914249 -0.539803 -0.780825 -0.314523 0.569700 -0.876100 1 39 1.000000
  39 -6.645020 -34.844681 58.009735 0.257799 -0.761388 -0.594834 0.573700 -0.968400 1 39 1.000000
  39 -6.776594 -34.891106 58.223106 -0.253389 -0.966620 -0.037954 0.494000 -0.957500 1 39 1.000000
finger
  39 -6.776594 -34.891106 58.223106 -0.253389 -0.966620 -0.037954 0.494000 -0.957500 1 39 1.000000
  39 -6.645020 -34.844681 58.009735 0.257799 -0.761388 -0.594834 0.573700 -0.968400 1 39 1.000000
  39 -6.562112 -34.904285 58.278187 0.651718 -0.757923 0.028588 0.477200 -0.997000 1 39 1.000000
finger
  39 -6.776594 -34.891106 58.223106 -0.253389 -0.966620 -0.037954 0.494000 -0.957500 1 39 1.000000
  39 -6.562112 -34.904285 58.278187 0.651718 -0.757923 0.028588 0.477200 -0.997000 1 39 1.000000
  39 -6.634884 -34.854614 58.486542 0.133693 -0.789495 0.599019 0.401400 -0.972900 1 39 1.000000
finger
  39 -7.129718 -34.711483 58.295223 -0.587312 -0.774560 0.234777 0.466200 -0.869400 1 39 1.000000
  39 -6.776594 -34.891106 58.223106 -0.253389 -0.966620 -0.037954 0.494000 -0.957500 1 39 1.000000
  39 -6.634884 -34.854614 58.486542 0.133693 -0.789495 0.599019 0.401400 -0.972900 1 39 1.000000
finger
  39 -7.129718 -34.711483 58.295223 -0.587312 -0.774560 0.234777 0.466200 -0.869400 1 39 1.000000
  39 -6.634884 -34.854614 58.486542 0.133693 -0.789495 0.599019 0.401400 -0.972900 1 39 1.000000
  39 -6.900819 -34.729378 58.586506 -0.318469 -0.576458 0.752511 0.382800 -0.884000 1 39 1.000000
finger
  39 -6.562112 -34.904285 58.278187 0.651718 -0.757923 0.028588 0.477200 -0.997000 1 39 1.000000
  39 -6.645020 -34.844681 58.009735 0.257799 -0.761388 -0.594834 0.573700 -0.968400 1 39 1.000000
  39 -6.513542 -34.677059 58.071323 0.841915 0.020114 -0.539235 0.603100 -0.967000 1 39 1.000000
finger
  39 -6.888842 -34.565659 57.781155 0.457097 0.032192 -0.888834 0.634500 -0.880900 1 39 1.000000
  39 -6.513542 -34.677059 58.071323 0.841915 0.020114 -0.539235 0.603100 -0.967000 1 39 1.000000
  39 -6.645020 -34.844681 58.009735 0.257799 -0.761388 -0.594834 0.573700 -0.968400 1 39 1.000000
finger
  39 -6.888842 -34.565659 57.781155 0.457097 0.032192 -0.888834 0.634500 -0.880900 1 39 1.000000
  39 -6.739202 -34.418396 57.956257 0.695873 0.411079 -0.588876 0.662500 -0.890600 1 39 1.000000
  39 -6.513542 -34.677059 58.071323 0.841915 0.020114 -0.539235 0.603100 -0.967000 1 39 1.000000
finger
  38 -8.787914 -32.678585 58.567345 -0.205646 -0.152075 0.966738 0.306400 -0.297800 1 38 1.000000
  38 -7.782888 -33.881813 58.200008 -0.662615 -0.691116 0.288616 0.467900 -0.577000 1 38 1.000000
  38 -7.785739 -33.495163 58.639374 0.109771 0.244240 0.963482 0.341500 -0.583200 1 38 1.000000
finger
  38 -7.785739 -33.495163 58.639374 0.109771 0.244240 0.963482 0.341500 -0.583200 1 38 1.000000
  38 -8.357143 -32.608658 58.071770 0.913172 0.225614 0.339433 0.083400 -0.354100 1 38 1.000000
  38 -8.787914 -32.678585 58.567345 -0.205646 -0.152075 0.966738 0.306400 -0.297800 1 38 1.000000
finger
  38 -8.357143 -32.608658 58.071770 0.913172 0.225614 0.339433 0.083400 -0.354100 1 38 1.000000
  38 -7.785739 -33.495163 58.639374 0.109771 0.244240 0.963482 0.341500 -0.583200 1 38 1.000000
  38 -7.736458 -33.007442 58.116619 0.668858 0.735485 -0.108126 0.330700 -0.606400 1 38 1.000000
finger
  38 -7.785739 -33.495163 58.639374 0.109771 0.244240 0.963482 0.341500 -0.583200 1 38 1.000000
  39 -7.211174 -33.803925 58.456779 0.625310 0.550891 0.552726 0.307400 -0.741000 1 39 1.000000
  38 -7.736458 -33.007442 58.116619 0.668858 0.735485 -0.108126 0.330700 -0.606400 1 38 1.000000
finger
  38 -7.736458 -33.007442 58.116619 0.668858 0.735485 -0.108126 0.330700 -0.606400 1 38 1.000000
  39 -7.211174 -33.803925 58.456779 0.625310 0.550891 0.552726 0.307400 -0.741000 1 39 1.000000
  39 -7.109877 -33.744122 58.173195 0.776569 0.629866 -0.014449 0.315500 -0.747300 1 39 1.000000
finger
  38 -7.736458 -33.007442 58.116619 0.668858 0.735485 -0.108126 0.330700 -0.606400 1 38 1.000000
  38 -8.750535 -32.821163 57.469910 0.434717 -0.071311 -0.897739 -0.332700 -0.290700 1 38 1.000000
  38 -8.357143 -32.608658 58.071770 0.913172 0.225614 0.339433 0.083400 -0.354100 1 38 1.000000
finger
  38 -8.750535 -32.821163 57.469910 0.434717 -0.071311 -0.897739 -0.332700 -0.290700 1 38 1.000000
  27 -8.073164 -31.994936 57.846958 0.847785 -0.528696 -0.041723 -0.016800 -0.178000 1 27 1.000000
  38 -8.357143 -32.608658 58.071770 0.913172 0.225614 0.339433 0.083400 -0.354100 1 38 1.000000
finger
  27 -8.611808 -32.389393 58.554504 0.194979 -0.977996 0.074207 0.225100 -0.178900 1 27 1.000000
  38 -8.357143 -32.608658 58.071770 0.913172 0.225614 0.339433 0.083400 -0.354100 1 38 1.000000
  27 -8.073164 -31.994936 57.846958 0.847785 -0.528696 -0.041723 -0.016800 -0.178000 1 27 1.000000
finger
  38 -8.357143 -32.608658 58.071770 0.913172 0.225614 0.339433 0.083400 -0.354100 1 38 1.000000
  27 -8.611808 -32.389393 58.554504 0.194979 -0.977996 0.074207 0.225100 -0.178900 1 27 1.000000
  38 -8.787914 -32.678585 58.567345 -0.205646 -0.152075 0.966738 0.306400 -0.297800 1 38 1.000000
finger
  27 -8.611808 -32.389393 58.554504 0.194979 -0.977996 0.074207 0.225100 -0.178900 1 27 1.000000
  38 -9.163442 -33.061558 58.066948 -0.908901 -0.324913 0.261401 0.477100 -0.281400 1 38 1.000000
  38 -8.787914 -32.678585 58.567345 -0.205646 -0.152075 0.966738 0.306400 -0.297800 1 38 1.000000
finger
  38 -7.782888 -33.881813 58.200008 -0.662615 -0.691116 0.288616 0.467900 -0.577000 1 38 1.000000
  38 -8.787914 -32.678585 58.567345 -0.205646 -0.152075 0.966738 0.306400 -0.297800 1 38 1.000000
  38 -9.163442 -33.061558 58.066948 -0.908901 -0.324913 0.261401 0.477100 -0.281400 1 38 1.000000
finger
  38 -9.083714 -33.042786 57.698071 -0.562284 -0.548111 -0.619202 0.562100 -0.285600 1 38 1.000000
  38 -7.782888 -33.881813 58.200008 -0.662615 -0.691116 0.288616 0.467900 -0.577000 1 38 1.000000
  38 -9.163442 -33.061558 58.066948 -0.908901 -0.324913 0.261401 0.477100 -0.281400 1 38 1.000000
finger
  38 -7.782888 -33.881813 58.200008 -0.662615 -0.691116 0.288616 0.467900 -0.577000 1 38 1.000000
  38 -9.083714 -33.042786 57.698071 -0.562284 -0.548111 -0.619202 0.562100 -0.285600 1 38 1.000000
  38 -7.720445 -33.821056 57.786606 -0.696069 -0.611629 -0.376028 0.561300 -0.581400 1 38 1.000000
finger
  38 -9.083714 -33.042786 57.698071 -0.562284 -0.548111 -0.619202 0.562100 -0.285600 1 38 1.000000
  38 -7.748881 -33.609016 57.602928 0.070043 -0.031644 -0.997042 0.625700 -0.579800 1 38 1.000000
  38 -7.720445 -33.821056 57.786606 -0.696069 -0.611629 -0.376028 0.561300 -0.581400 1 38 1.000000
finger
  38 -7.748881 -33.609016 57.602928 0.070043 -0.031644 -0.997042 0.625700 -0.579800 1 38 1.000000
  39 -7.476699 -34.088600 57.659588 -0.409010 -0.421069 -0.809575 0.611900 -0.720900 1 39 1.000000
  38 -7.720445 -33.821056 57.786606 -0.696069 -0.611629 -0.376028 0.561300 -0.581400 1 38 1.000000
finger
  39 -7.373801 -33.986099 57.662086 0.360028 0.161488 -0.918859 0.637500 -0.724200 1 39 1.000000
  39 -7.476699 -34.088600 57.659588 -0.409010 -0.421069 -0.809575 0.611900 -0.720900 1 39 1.000000
  38 -7.748881 -33.609016 57.602928 0.070043 -0.031644 -0.997042 0.625700 -0.579800 1 38 1.000000
finger
  39 -6.888842 -34.565659 57.781155 0.457097 0.032192 -0.888834 0.634500 -0.880900 1 39 1.000000
  39 -7.476699 -34.088600 57.659588 -0.409010 -0.421069 -0.809575 0.611900 -0.720900 1 39 1.000000
  39 -7.373801 -33.986099 57.662086 0.360028 0.161488 -0.918859 0.637500 -0.724200 1 39 1.000000
finger
  39 -6.888842 -34.565659 57.781155 0.457097 0.032192 -0.888834 0.634500 -0.880900 1 39 1.000000
  39 -7.373801 -33.986099 57.662086 0.360028 0.161488 -0.918859 0.637500 -0.724200 1 39 1.000000
  39 -7.205472 -33.839428 57.870792 0.646371 0.480270 -0.592912 0.659200 -0.737400 1 39 1.000000
finger
  39 -6.888842 -34.565659 57.781155 0.457097 0.032192 -0.888834 0.634500 -0.880900 1 39 1.000000
  39 -7.205472 -33.839428 57.870792 0.646371 0.480270 -0.592912 0.659200 -0.737400 1 39 1.000000
  39 -6.739202 -34.418396 57.956257 0.695873 0.411079 -0.588876 0.662500 -0.890600 1 39 1.000000
finger
  39 -6.642797 -34.345901 58.233765 0.814440 0.580231 0.004281 0.315300 -0.902800 1 39 1.000000
  39 -6.739202 -34.418396 57.956257 0.695873 0.411079 -0.588876 0.662500 -0.890600 1 39 1.000000
  39 -7.205472 -33.839428 57.870792 0.646371 0.480270 -0.592912 0.659200 -0.737400 1 39 1.000000
finger
  39 -6.642797 -34.345901 58.233765 0.814440 0.580231 0.004281 0.315300 -0.902800 1 39 1.000000
  39 -6.513542 -34.677059 58.071323 0.841915 0.020114 -0.539235 0.603100 -0.967000 1 39 1.000000
  39 -6.739202 -34.418396 57.956257 0.695873 0.411079 -0.588876 0.662500 -0.890600 1 39 1.000000
finger
  39 -6.642797 -34.345901 58.233765 0.814440 0.580231 0.004281 0.315300 -0.902800 1 39 1.000000
  39 -6.444112 -34.673084 58.277641 0.998016 0.042417 0.046532 0.438200 -0.982500 1 39 1.000000
  39 -6.513542 -34.677059 58.071323 0.841915 0.020114 -0.539235 0.603100 -0.967000 1 39 1.000000
finger
  39 -6.562112 -34.904285 58.278187 0.651718 -0.757923 0.028588 0.477200 -0.997000 1 39 1.000000
  39 -6.513542 -34.677059 58.071323 0.841915 0.020114 -0.539235 0.603100 -0.967000 1 39 1.000000
  39 -6.444112 -34.673084 58.277641 0.998016 0.042417 0.046532 0.438200 -0.982500 1 39 1.000000
finger
  38 -7.748881 -33.609016 57.602928 0.070043 -0.031644 -0.997042 0.625700 -0.579800 1 38 1.000000
  39 -7.205472 -33.839428 57.870792 0.646371 0.480270 -0.592912 0.659200 -0.737400 1 39 1.000000
  39 -7.373801 -33.986099 57.662086 0.360028 0.161488 -0.918859 0.637500 -0.724200 1 39 1.000000
finger
  27 -8.073164 -31.994936 57.846958 0.847785 -0.528696 -0.041723 0.983200 -0.178000 1 27 1.000000
  38 -8.750535 -32.821163 57.469910 0.434717 -0.071311 -0.897739 0.667300 -0.290700 1 38 1.000000
  27 -8.570462 -32.223038 57.260464 0.049001 -0.955421 0.291153 0.809600 -0.132800 1 27 1.000000
finger
  38 -9.083714 -33.042786 57.698071 -0.562284 -0.548111 -0.619202 0.562100 -0.285600 1 38 1.000000
  27 -8.570462 -32.223038 57.260464 0.049001 -0.955421 0.291153 0.809600 -0.132800 1 27 1.000000
  38 -8.750535 -32.821163 57.469910 0.434717 -0.071311 -0.897739 0.667300 -0.290700 1 38 1.000000
finger
  38 -7.748881 -33.609016 57.602928 0.070043 -0.031644 -0.997042 0.625700 -0.579800 1 38 1.000000
  38 -9.083714 -33.042786 57.698071 -0.562284 -0.548111 -0.619202 0.562100 -0.285600 1 38 1.000000
  38 -8.750535 -32.821163 57.469910 0.434717 -0.071311 -0.897739 0.667300 -0.290700 1 38 1.000000
finger
  38 -8.750535 -32.821163 57.469910 0.434717 -0.071311 -0.897739 0.667300 -0.290700 1 38 1.000000
  38 -7.736458 -33.007442 58.116619 0.668858 0.735485 -0.108126 0.330700 -0.606400 1 38 1.000000
  38 -7.748881 -33.609016 57.602928 0.070043 -0.031644 -0.997042 0.625700 -0.579800 1 38 1.000000
finger
  38 -7.736458 -33.007442 58.116619 0.668858 0.735485 -0.108126 0.330700 -0.606400 1 38 1.000000
  39 -7.205472 -33.839428 57.870792 0.646371 0.480270 -0.592912 0.659200 -0.737400 1 39 1.000000
  38 -7.748881 -33.609016 57.602928 0.070043 -0.031644 -0.997042 0.625700 -0.579800 1 38 1.000000
finger
  39 -7.109877 -33.744122 58.173195 0.776569 0.629866 -0.014449 0.315500 -0.747300 1 39 1.000000
  39 -7.205472 -33.839428 57.870792 0.646371 0.480270 -0.592912 0.659200 -0.737400 1 39 1.000000
  38 -7.736458 -33.007442 58.116619 0.668858 0.735485 -0.108126 0.330700 -0.606400 1 38 1.000000
finger
  39 -6.642797 -34.345901 58.233765 0.814440 0.580231 0.004281 0.315300 -0.902800 1 39 1.000000
  39 -7.205472 -33.839428 57.870792 0.646371 0.480270 -0.592912 0.659200 -0.737400 1 39 1.000000
  39 -7.109877 -33.744122 58.173195 0.776569 0.629866 -0.014449 0.315500 -0.747300 1 39 1.000000
finger
  39 -6.642797 -34.345901 58.233765 0.814440 0.580231 0.004281 0.315300 -0.902800 1 39 1.000000
  39 -7.109877 -33.744122 58.173195 0.776569 0.629866 -0.014449 0.315500 -0.747300 1 39 1.000000
  39 -7.211174 -33.803925 58.456779 0.625310 0.550891 0.552726 0.307400 -0.741000 1 39 1.000000
finger
  39 -6.642797 -34.345901 58.233765 0.814440 0.580231 0.004281 0.315300 -0.902800 1 39 1.000000
  39 -7.211174 -33.803925 58.456779 0.625310 0.550891 0.552726 0.307400 -0.741000 1 39 1.000000
  39 -6.744183 -34.398315 58.479744 0.612603 0.478533 0.629066 0.309000 -0.895100 1 39 1.000000
finger
  39 -6.790130 -34.643570 58.616413 0.314690 0.050630 0.947843 0.349200 -0.888000 1 39 1.000000
  39 -6.744183 -34.398315 58.479744 0.612603 0.478533 0.629066 0.309000 -0.895100 1 39 1.000000
  39 -7.211174 -33.803925 58.456779 0.625310 0.550891 0.552726 0.307400 -0.741000 1 39 1.000000
finger
  39 -6.790130 -34.643570 58.616413 0.314690 0.050630 0.947843 0.349200 -0.888000 1 39 1.000000
  39 -6.521972 -34.657528 58.448212 0.795251 0.091002 0.599411 0.351500 -0.970500 1 39 1.000000
  39 -6.744183 -34.398315 58.479744 0.612603 0.478533 0.629066 0.309000 -0.895100 1 39 1.000000
finger
  39 -6.642797 -34.345901 58.233765 0.814440 0.580231 0.004281 0.315300 -0.902800 1 39 1.000000
  39 -6.744183 -34.398315 58.479744 0.612603 0.478533 0.629066 0.309000 -0.895100 1 39 1.000000
  39 -6.521972 -34.657528 58.448212 0.795251 0.091002 0.599411 0.351500 -0.970500 1 39 1.000000
finger
  39 -6.642797 -34.345901 58.233765 0.814440 0.580231 0.004281 0.315300 -0.902800 1 39 1.000000
  39 -6.521972 -34.657528 58.448212 0.795251 0.091002 0.599411 0.351500 -0.970500 1 39 1.000000
  39 -6.444112 -34.673084 58.277641 0.998016 0.042417 0.046532 0.438200 -0.982500 1 39 1.000000
finger
  27 -8.570462 -32.223038 57.260464 0.049001 -0.955421 0.291153 0.809600 -0.132800 1 27 1.000000
  38 -9.083714 -33.042786 57.698071 -0.562284 -0.548111 -0.619202 0.562100 -0.285600 1 38 1.000000
  27 -9.359195 -31.904408 57.644783 -0.833439 -0.369234 -0.411151 0.638400 0.032300 1 27 1.000000
finger
  38 -9.163442 -33.061558 58.066948 -0.908901 -0.324913 0.261401 0.477100 -0.281400 1 38 1.000000
  27 -9.359195 -31.904408 57.644783 -0.833439 -0.369234 -0.411151 0.638400 0.032300 1 27 1.000000
  38 -9.083714 -33.042786 57.698071 -0.562284 -0.548111 -0.619202 0.562100 -0.285600 1 38 1.000000
finger
  27 -9.359195 -31.904408 57.644783 -0.833439 -0.369234 -0.411151 0.638400 0.032300 1 27 1.000000
  38 -9.163442 -33.061558 58.066948 -0.908901 -0.324913 0.261401 0.477100 -0.281400 1 38 1.000000
  27 -9.435434 -31.937166 58.051067 -0.918647 -0.384475 0.090917 0.407500 0.030300 1 27 1.000000
finger
  38 -9.163442 -33.061558 58.066948 -0.908901 -0.324913 0.261401 0.477100 -0.281400 1 38 1.000000
  27 -8.611808 -32.389393 58.554504 0.194979 -0.977996 0.074207 0.225100 -0.178900 1 27 1.000000
  27 -9.435434 -31.937166 58.051067 -0.918647 -0.384475 0.090917 0.407500 0.030300 1 27 1.000000
finger
  11 8.020263 -31.586565 60.373375 -0.921231 -0.351253 -0.167195 0.006100 -0.174900 1 11 1.000000
  14 8.635463 -31.832363 59.796276 -0.281317 -0.893468 0.350107 -0.203400 -0.110600 1 14 1.000000
  11 8.575856 -32.520660 60.102489 -0.267875 -0.213424 -0.939517 -0.310700 -0.267100 1 11 1.000000
finger
  11 8.575856 -32.520660 60.102489 -0.267875 -0.213424 -0.939517 -0.310700 -0.267100 1 11 1.000000
  11 8.026862 -32.474461 60.664684 -0.943917 0.278049 0.178070 0.062000 -0.360300 1 11 1.000000
  11 8.020263 -31.586565 60.373375 -0.921231 -0.351253 -0.167195 0.006100 -0.174900 1 11 1.000000
finger
  11 8.256399 -31.375601 60.847183 -0.566178 0.088982 0.819466 0.117600 -0.126000 1 11 1.000000
  11 8.020263 -31.586565 60.373375 -0.921231 -0.351253 -0.167195 0.006100 -0.174900 1 11 1.000000
  11 8.026862 -32.474461 60.664684 -0.943917 0.278049 0.178070 0.062000 -0.360300 1 11 1.000000
finger
  11 8.026862 -32.474461 60.664684 -0.943917 0.278049 0.178070 0.062000 -0.360300 1 11 1.000000
  11 8.575505 -32.214310 61.118786 0.220162 0.072835 0.972740 0.293100 -0.258700 1 11 1.000000
  11 8.256399 -31.375601 60.847183 -0.566178 0.088982 0.819466 0.117600 -0.126000 1 11 1.000000
finger
  11 8.256399 -31.375601 60.847183 -0.566178 0.088982 0.819466 0.117600 -0.126000 1 11 1.000000
  11 8.575505 -32.214310 61.118786 0.220162 0.072835 0.972740 0.293100 -0.258700 1 11 1.000000
  11 8.825294 -31.456694 60.863808 0.376178 0.217205 0.900729 0.228000 -0.065800 1 11 1.000000
finger
  11 9.359739 -31.441042 60.441189 0.878162 0.031766 0.477307 0.435100 0.030400 1 11 1.000000
  11 8.825294 -31.456694 60.863808 0.376178 0.217205 0.900729 0.228000 -0.065800 1 11 1.000000
  11 8.575505 -32.214310 61.118786 0.220162 0.072835 0.972740 0.293100 -0.258700 1 11 1.000000
finger
  11 8.575505 -32.214310 61.118786 0.220162 0.072835 0.972740 0.293100 -0.258700 1 11 1.000000
  11 8.935129 -32.749229 60.761292 0.862671 -0.419087 0.283132 0.474800 -0.295800 1 11 1.000000
  11 9.359739 -31.441042 60.441189 0.878162 0.031766 0.477307 0.435100 0.030400 1 11 1.000000
finger
  11 9.366978 -31.588781 60.039543 0.836142 -0.393937 -0.381680 0.616300 0.022800 1 11 1.000000
  11 9.359739 -31.441042 60.441189 0.878162 0.031766 0.477307 0.435100 0.030400 1 11 1.000000
  11 8.935129 -32.749229 60.761292 0.862671 -0.419087 0.283132 0.474800 -0.295800 1 11 1.000000
finger
  11 8.935129 -32.749229 60.761292 0.862671 -0.419087 0.283132 0.474800 -0.295800 1 11 1.000000
  11 8.886436 -32.792843 60.449692 0.664049 -0.538255 -0.518961 0.548300 -0.295200 1 11 1.000000
  11 9.366978 -31.588781 60.039543 0.836142 -0.393937 -0.381680 0.616300 0.022800 1 11 1.000000
finger
  11 9.366978 -31.588781 60.039543 0.836142 -0.393937 -0.381680 0.616300 0.022800 1 11 1.000000
  11 8.886436 -32.792843 60.449692 0.664049 -0.538255 -0.518961 0.548300 -0.295200 1 11 1.000000
  11 8.575856 -32.520660 60.102489 -0.267875 -0.213424 -0.939517 0.689300 -0.267100 1 11 1.000000
finger
  11 8.575856 -32.520660 60.102489 -0.267875 -0.213424 -0.939517 0.689300 -0.267100 1 11 1.000000
  14 8.635463 -31.832363 59.796276 -0.281317 -0.893468 0.350107 0.796600 -0.110600 1 14 1.000000
  11 9.366978 -31.588781 60.039543 0.836142 -0.393937 -0.381680 0.616300 0.022800 1 11 1.000000
finger
  14 8.474515 -32.929115 58.776699 -0.254261 -0.112928 -0.960520 -0.319900 -0.313500 1 14 1.000000
  14 8.110918 -32.635715 59.345474 -0.918865 0.304879 0.250471 0.051200 -0.316100 1 14 1.000000
  14 8.135790 -31.685690 59.138252 -0.898457 -0.432318 -0.076659 -0.009200 -0.124200 1 14 1.000000
finger
  14 8.635463 -31.832363 59.796276 -0.281317 -0.893468 0.350107 0.211100 -0.102700 1 14 1.000000
  14 8.135790 -31.685690 59.138252 -0.898457 -0.432318 -0.076659 -0.009200 -0.124200 1 14 1.000000
  14 8.110918 -32.635715 59.345474 -0.918865 0.304879 0.250471 0.051200 -0.316100 1 14 1.000000
finger
  14 8.110918 -32.635715 59.345474 -0.918865 0.304879 0.250471 0.051200 -0.316100 1 14 1.000000
  14 8.474127 -32.750225 59.898537 0.065257 0.029645 0.997428 0.307900 -0.303600 1 14 1.000000
  14 8.635463 -31.832363 59.796276 -0.281317 -0.893468 0.350107 0.211100 -0.102700 1 14 1.000000
finger
  14 8.635463 -31.832363 59.796276 -0.281317 -0.893468 0.350107 0.211100 -0.102700 1 14 1.000000
  14 8.474127 -32.750225 59.898537 0.065257 0.029645 0.997428 0.307900 -0.303600 1 14 1.000000
  14 8.826328 -32.880527 59.605606 0.771210 -0.315710 0.552776 0.425800 -0.277000 1 14 1.000000
finger
  14 8.826328 -32.880527 59.605606 0.771210 -0.315710 0.552776 0.425800 -0.277000 1 14 1.000000
  14 9.380602 -31.625801 59.391560 0.859501 -0.357885 0.364932 0.407900 0.042500 1 14 1.000000
  14 8.635463 -31.832363 59.796276 -0.281317 -0.893468 0.350107 0.211100 -0.102700 1 14 1.000000
finger
  14 8.826328 -32.880527 59.605606 0.771210 -0.315710 0.552776 0.425800 -0.277000 1 14 1.000000
  14 8.863354 -32.969849 59.243546 0.847074 -0.476677 -0.235041 0.520500 -0.281500 1 14 1.000000
  14 9.380602 -31.625801 59.391560 0.859501 -0.357885 0.364932 0.407900 0.042500 1 14 1.000000
finger
  14 9.393557 -31.672657 58.943684 0.844622 -0.444313 -0.298662 0.594900 0.045000 1 14 1.000000
  14 9.380602 -31.625801 59.391560 0.859501 -0.357885 0.364932 0.407900 0.042500 1 14 1.000000
  14 8.863354 -32.969849 59.243546 0.847074 -0.476677 -0.235041 0.520500 -0.281500 1 14 1.000000
finger
  14 9.393557 -31.672657 58.943684 0.844622 -0.444313 -0.298662 0.594900 0.045000 1 14 1.000000
  14 8.863354 -32.969849 59.243546 0.847074 -0.476677 -0.235041 0.520500 -0.281500 1 14 1.000000
  14 8.474515 -32.929115 58.776699 -0.254261 -0.112928 -0.960520 0.680100 -0.313500 1 14 1.000000
finger
  14 8.474515 -32.929115 58.776699 -0.254261 -0.112928 -0.960520 0.680100 -0.313500 1 14 1.000000
  14 8.635872 -31.972971 58.610725 -0.213683 -0.942588 0.256645 0.788200 -0.103700 1 14 1.000000
  14 9.393557 -31.672657 58.943684 0.844622 -0.444313 -0.298662 0.594900 0.045000 1 14 1.000000
finger
  14 8.135790 -31.685690 59.138252 -0.898457 -0.432318 -0.076659 0.990800 -0.124200 1 14 1.000000
  14 8.635872 -31.972971 58.610725 -0.213683 -0.942588 0.256645 0.788200 -0.103700 1 14 1.000000
  14 8.474515 -32.929115 58.776699 -0.254261 -0.112928 -0.960520 0.680100 -0.313500 1 14 1.000000
finger
  17 8.139394 -31.632395 57.969135 -0.905211 -0.420536 -0.061170 0.983200 -0.178000 1 17 1.000000
  17 8.568385 -31.820387 57.415451 -0.005117 -0.940798 0.338929 0.809600 -0.132800 1 17 1.000000
  17 8.551311 -32.623512 57.629223 -0.459176 -0.033505 -0.887713 0.667300 -0.290700 1 17 1.000000
finger
  17 8.836239 -32.809242 57.838783 0.651926 -0.466721 -0.597632 0.562100 -0.285600 1 17 1.000000
  17 8.551311 -32.623512 57.629223 -0.459176 -0.033505 -0.887713 0.667300 -0.290700 1 17 1.000000
  17 8.568385 -31.820387 57.415451 -0.005117 -0.940798 0.338929 0.809600 -0.132800 1 17 1.000000
finger
  17 8.568385 -31.820387 57.415451 -0.005117 -0.940798 0.338929 0.809600 -0.132800 1 17 1.000000
  17 9.342769 -31.544468 57.753120 0.801400 -0.424821 -0.421053 0.638400 0.032300 1 17 1.000000
  17 8.836239 -32.809242 57.838783 0.651926 -0.466721 -0.597632 0.562100 -0.285600 1 17 1.000000
finger
  17 8.915921 -32.810925 58.178513 0.867453 -0.401024 0.294457 0.477100 -0.281400 1 17 1.000000
  17 8.836239 -32.809242 57.838783 0.651926 -0.466721 -0.597632 0.562100 -0.285600 1 17 1.000000
  17 9.342769 -31.544468 57.753120 0.801400 -0.424821 -0.421053 0.638400 0.032300 1 17 1.000000
finger
  17 9.342769 -31.544468 57.753120 0.801400 -0.424821 -0.421053 0.638400 0.032300 1 17 1.000000
  17 9.420639 -31.573641 58.127258 0.906461 -0.417170 0.065556 0.407500 0.030300 1 17 1.000000
  17 8.915921 -32.810925 58.178513 0.867453 -0.401024 0.294457 0.477100 -0.281400 1 17 1.000000
finger
  17 8.915921 -32.810925 58.178513 0.867453 -0.401024 0.294457 0.477100 -0.281400 1 17 1.000000
  17 9.420639 -31.573641 58.127258 0.906461 -0.417170 0.065556 0.407500 0.030300 1 17 1.000000
  14 8.635872 -31.972971 58.610725 -0.213683 -0.942588 0.256645 0.225100 -0.178900 1 14 1.000000
finger
  14 8.635872 -31.972971 58.610725 -0.213683 -0.942588 0.256645 0.225100 -0.178900 1 14 1.000000
  17 8.550961 -32.533859 58.642090 0.215369 -0.072666 0.973825 0.306400 -0.297800 1 17 1.000000
  17 8.915921 -32.810925 58.178513 0.867453 -0.401024 0.294457 0.477100 -0.281400 1 17 1.000000
finger
  17 8.111317 -32.522919 58.190735 -0.903288 0.320095 0.285674 0.083400 -0.354100 1 17 1.000000
  17 8.550961 -32.533859 58.642090 0.215369 -0.072666 0.973825 0.306400 -0.297800 1 17 1.000000
  14 8.635872 -31.972971 58.610725 -0.213683 -0.942588 0.256645 0.225100 -0.178900 1 14 1.000000
finger
  14 8.635872 -31.972971 58.610725 -0.213683 -0.942588 0.256645 0.225100 -0.178900 1 14 1.000000
  17 8.139394 -31.632395 57.969135 -0.905211 -0.420536 -0.061170 -0.016800 -0.178000 1 17 1.000000
  17 8.111317 -32.522919 58.190735 -0.903288 0.320095 0.285674 0.083400 -0.354100 1 17 1.000000
finger
  17 8.551311 -32.623512 57.629223 -0.459176 -0.033505 -0.887713 -0.332700 -0.290700 1 17 1.000000
  17 8.111317 -32.522919 58.190735 -0.903288 0.320095 0.285674 0.083400 -0.354100 1 17 1.000000
  17 8.139394 -31.632395 57.969135 -0.905211 -0.420536 -0.061170 -0.016800 -0.178000 1 17 1.000000
finger
  22 7.003825 -33.734722 56.717464 -0.448098 0.014092 -0.893873 0.722100 -0.867700 1 22 1.000000
  22 6.843270 -33.543968 56.874844 -0.641243 0.322851 -0.696114 0.968700 -0.852800 1 22 1.000000
  22 7.349321 -33.024021 56.728241 -0.603043 0.454551 -0.655532 0.834200 -0.667500 1 22 1.000000
finger
  22 7.003825 -33.734722 56.717464 -0.448098 0.014092 -0.893873 0.722100 -0.867700 1 22 1.000000
  22 7.525389 -33.212387 56.531864 -0.349570 0.030476 -0.936414 0.693100 -0.679500 1 22 1.000000
  22 7.615981 -33.352180 56.556545 0.333567 -0.566671 -0.753403 0.639500 -0.694600 1 22 1.000000
finger
  22 7.003825 -33.734722 56.717464 -0.448098 0.014092 -0.893873 0.722100 -0.867700 1 22 1.000000
  22 7.349321 -33.024021 56.728241 -0.603043 0.454551 -0.655532 0.834200 -0.667500 1 22 1.000000
  22 7.525389 -33.212387 56.531864 -0.349570 0.030476 -0.936414 0.693100 -0.679500 1 22 1.000000
finger
  21 7.916433 -32.802437 56.405258 -0.025555 -0.078842 -0.996559 0.686900 -0.534600 1 21 1.000000
  22 7.525389 -33.212387 56.531864 -0.349570 0.030476 -0.936414 0.693100 -0.679500 1 22 1.000000
  22 7.349321 -33.024021 56.728241 -0.603043 0.454551 -0.655532 0.834200 -0.667500 1 22 1.000000
finger
  22 7.525389 -33.212387 56.531864 -0.349570 0.030476 -0.936414 0.693100 -0.679500 1 22 1.000000
  21 7.916433 -32.802437 56.405258 -0.025555 -0.078842 -0.996559 0.686900 -0.534600 1 21 1.000000
  22 7.615981 -33.352180 56.556545 0.333567 -0.566671 -0.753403 0.639500 -0.694600 1 22 1.000000
finger
  21 7.916433 -32.802437 56.405258 -0.025555 -0.078842 -0.996559 0.686900 -0.534600 1 21 1.000000
  21 8.065166 -33.153069 56.890327 0.682269 -0.719770 -0.128220 0.507600 -0.584500 1 21 1.000000
  22 7.615981 -33.352180 56.556545 0.333567 -0.566671 -0.753403 0.639500 -0.694600 1 22 1.000000
finger
  21 8.065166 -33.153069 56.890327 0.682269 -0.719770 -0.128220 0.507600 -0.584500 1 21 1.000000
  22 7.674168 -33.454666 56.882999 0.601610 -0.795521 0.072187 0.513000 -0.706900 1 22 1.000000
  22 7.615981 -33.352180 56.556545 0.333567 -0.566671 -0.753403 0.639500 -0.694600 1 22 1.000000
finger
  21 8.065166 -33.153069 56.890327 0.682269 -0.719770 -0.128220 0.507600 -0.584500 1 21 1.000000
  21 8.027858 -33.060863 57.202087 0.561398 -0.555498 0.613396 0.411200 -0.571100 1 21 1.000000
  22 7.674168 -33.454666 56.882999 0.601610 -0.795521 0.072187 0.513000 -0.706900 1 22 1.000000
finger
  21 8.027858 -33.060863 57.202087 0.561398 -0.555498 0.613396 0.411200 -0.571100 1 21 1.000000
  22 7.639828 -33.338230 57.289047 0.572343 -0.695042 0.435132 0.360600 -0.688000 1 22 1.000000
  22 7.674168 -33.454666 56.882999 0.601610 -0.795521 0.072187 0.513000 -0.706900 1 22 1.000000
finger
  21 8.027858 -33.060863 57.202087 0.561398 -0.555498 0.613396 0.411200 -0.571100 1 21 1.000000
  21 7.916107 -32.763809 57.349747 -0.182322 0.269020 0.945720 0.316100 -0.526700 1 21 1.000000
  22 7.607784 -33.243484 57.416004 0.343100 -0.297199 0.891041 0.318300 -0.673300 1 22 1.000000
finger
  22 7.639828 -33.338230 57.289047 0.572343 -0.695042 0.435132 0.360600 -0.688000 1 22 1.000000
  21 8.027858 -33.060863 57.202087 0.561398 -0.555498 0.613396 0.411200 -0.571100 1 21 1.000000
  22 7.607784 -33.243484 57.416004 0.343100 -0.297199 0.891041 0.318300 -0.673300 1 22 1.000000
finger
  22 7.092914 -33.746513 57.328999 0.549062 -0.753057 0.362541 0.292900 -0.856500 1 22 1.000000
  22 7.639828 -33.338230 57.289047 0.572343 -0.695042 0.435132 0.360600 -0.688000 1 22 1.000000
  22 7.607784 -33.243484 57.416004 0.343100 -0.297199 0.891041 0.318300 -0.673300 1 22 1.000000
finger
  22 7.092914 -33.746513 57.328999 0.549062 -0.753057 0.362541 0.292900 -0.856500 1 22 1.000000
  22 7.674168 -33.454666 56.882999 0.601610 -0.795521 0.072187 0.513000 -0.706900 1 22 1.000000
  22 7.639828 -33.338230 57.289047 0.572343 -0.695042 0.435132 0.360600 -0.688000 1 22 1.000000
finger
  22 7.092914 -33.746513 57.328999 0.549062 -0.753057 0.362541 0.292900 -0.856500 1 22 1.000000
  22 7.125744 -33.850044 56.949444 0.541318 -0.839821 -0.040923 0.474100 -0.872900 1 22 1.000000
  22 7.674168 -33.454666 56.882999 0.601610 -0.795521 0.072187 0.513000 -0.706900 1 22 1.000000
finger
  22 7.125744 -33.850044 56.949444 0.541318 -0.839821 -0.040923 0.474100 -0.872900 1 22 1.000000
  22 7.615981 -33.352180 56.556545 0.333567 -0.566671 -0.753403 0.639500 -0.694600 1 22 1.000000
  22 7.674168 -33.454666 56.882999 0.601610 -0.795521 0.072187 0.513000 -0.706900 1 22 1.000000
finger
  22 7.125744 -33.850044 56.949444 0.541318 -0.839821 -0.040923 0.474100 -0.872900 1 22 1.000000
  22 7.074430 -33.823231 56.701019 0.116767 -0.639386 -0.759967 0.655900 -0.875200 1 22 1.000000
  22 7.615981 -33.352180 56.556545 0.333567 -0.566671 -0.753403 0.639500 -0.694600 1 22 1.000000
finger
  22 7.003825 -33.734722 56.717464 -0.448098 0.014092 -0.893873 0.722100 -0.867700 1 22 1.000000
  22 7.615981 -33.352180 56.556545 0.333567 -0.566671 -0.753403 0.639500 -0.694600 1 22 1.000000
  22 7.074430 -33.823231 56.701019 0.116767 -0.639386 -0.759967 0.655900 -0.875200 1 22 1.000000
finger
  22 7.003825 -33.734722 56.717464 -0.448098 0.014092 -0.893873 0.722100 -0.867700 1 22 1.000000
  22 7.074430 -33.823231 56.701019 0.116767 -0.639386 -0.759967 0.655900 -0.875200 1 22 1.000000
  22 6.750551 -34.037350 56.931480 -0.205907 -0.798205 -0.566102 0.353900 -0.969300 1 22 1.000000
finger
  22 7.125744 -33.850044 56.949444 0.541318 -0.839821 -0.040923 0.474100 -0.872900 1 22 1.000000
  22 6.750551 -34.037350 56.931480 -0.205907 -0.798205 -0.566102 0.353900 -0.969300 1 22 1.000000
  22 7.074430 -33.823231 56.701019 0.116767 -0.639386 -0.759967 0.655900 -0.875200 1 22 1.000000
finger
  22 7.125744 -33.850044 56.949444 0.541318 -0.839821 -0.040923 0.474100 -0.872900 1 22 1.000000
  22 6.769987 -34.033585 57.117390 0.310339 -0.931945 0.187531 0.269800 -0.965500 1 22 1.000000
  22 6.750551 -34.037350 56.931480 -0.205907 -0.798205 -0.566102 0.353900 -0.969300 1 22 1.000000
finger
  22 7.092914 -33.746513 57.328999 0.549062 -0.753057 0.362541 0.292900 -0.856500 1 22 1.000000
  22 6.769987 -34.033585 57.117390 0.310339 -0.931945 0.187531 0.269800 -0.965500 1 22 1.000000
  22 7.125744 -33.850044 56.949444 0.541318 -0.839821 -0.040923 0.474100 -0.872900 1 22 1.000000
finger
  22 7.092914 -33.746513 57.328999 0.549062 -0.753057 0.362541 0.292900 -0.856500 1 22 1.000000
  22 6.749824 -33.973225 57.299656 -0.062367 -0.634849 0.770115 0.238900 -0.956100 1 22 1.000000
  22 6.769987 -34.033585 57.117390 0.310339 -0.931945 0.187531 0.269800 -0.965500 1 22 1.000000
finger
  22 7.092914 -33.746513 57.328999 0.549062 -0.753057 0.362541 0.292900 -0.856500 1 22 1.000000
  22 7.071278 -33.706181 57.431477 0.206901 -0.440204 0.873735 0.272300 -0.851500 1 22 1.000000
  22 6.749824 -33.973225 57.299656 -0.062367 -0.634849 0.770115 0.238900 -0.956100 1 22 1.000000
finger
  22 7.002885 -33.630688 57.412327 -0.276032 0.155630 0.948465 0.241300 -0.846300 1 22 1.000000
  22 6.749824 -33.973225 57.299656 -0.062367 -0.634849 0.770115 0.238900 -0.956100 1 22 1.000000
  22 7.071278 -33.706181 57.431477 0.206901 -0.440204 0.873735 0.272300 -0.851500 1 22 1.000000
finger
  22 7.002885 -33.630688 57.412327 -0.276032 0.155630 0.948465 0.241300 -0.846300 1 22 1.000000
  22 7.071278 -33.706181 57.431477 0.206901 -0.440204 0.873735 0.272300 -0.851500 1 22 1.000000
  22 7.607784 -33.243484 57.416004 0.343100 -0.297199 0.891041 0.318300 -0.673300 1 22 1.000000
finger
  22 7.002885 -33.630688 57.412327 -0.276032 0.155630 0.948465 0.241300 -0.846300 1 22 1.000000
  22 7.607784 -33.243484 57.416004 0.343100 -0.297199 0.891041 0.318300 -0.673300 1 22 1.000000
  22 7.523088 -33.122787 57.404831 -0.181628 0.270429 0.945452 0.278700 -0.661300 1 22 1.000000
finger
  21 7.916107 -32.763809 57.349747 -0.182322 0.269020 0.945720 0.316100 -0.526700 1 21 1.000000
  22 7.523088 -33.122787 57.404831 -0.181628 0.270429 0.945452 0.278700 -0.661300 1 22 1.000000
  22 7.607784 -33.243484 57.416004 0.343100 -0.297199 0.891041 0.318300 -0.673300 1 22 1.000000
finger
  22 7.523088 -33.122787 57.404831 -0.181628 0.270429 0.945452 0.278700 -0.661300 1 22 1.000000
  21 7.916107 -32.763809 57.349747 -0.182322 0.269020 0.945720 0.316100 -0.526700 1 21 1.000000
  22 7.349139 -32.974140 57.254822 -0.453838 0.580040 0.676450 0.187800 -0.657200 1 22 1.000000
finger
  22 7.092914 -33.746513 57.328999 0.549062 -0.753057 0.362541 0.292900 -0.856500 1 22 1.000000
  22 7.607784 -33.243484 57.416004 0.343100 -0.297199 0.891041 0.318300 -0.673300 1 22 1.000000
  22 7.071278 -33.706181 57.431477 0.206901 -0.440204 0.873735 0.272300 -0.851500 1 22 1.000000
finger
  22 7.002885 -33.630688 57.412327 -0.276032 0.155630 0.948465 0.241300 -0.846300 1 22 1.000000
  22 7.523088 -33.122787 57.404831 -0.181628 0.270429 0.945452 0.278700 -0.661300 1 22 1.000000
  22 7.349139 -32.974140 57.254822 -0.453838 0.580040 0.676450 0.187800 -0.657200 1 22 1.000000
finger
  21 7.916107 -32.763809 57.349747 -0.182322 0.269020 0.945720 0.316100 -0.526700 1 21 1.000000
  21 7.637044 -32.558048 56.952080 -0.755381 0.655184 0.011513 0.036200 -0.526800 1 21 1.000000
  22 7.349139 -32.974140 57.254822 -0.453838 0.580040 0.676450 0.187800 -0.657200 1 22 1.000000
finger
  21 7.637044 -32.558048 56.952080 -0.755381 0.655184 0.011513 0.036200 -0.526800 1 21 1.000000
  22 7.239822 -32.905323 57.013458 -0.690305 0.723205 -0.021288 0.055400 -0.659700 1 22 1.000000
  22 7.349139 -32.974140 57.254822 -0.453838 0.580040 0.676450 0.187800 -0.657200 1 22 1.000000
finger
  22 7.239822 -32.905323 57.013458 -0.690305 0.723205 -0.021288 0.055400 -0.659700 1 22 1.000000
  21 7.637044 -32.558048 56.952080 -0.755381 0.655184 0.011513 0.036200 -0.526800 1 21 1.000000
  22 7.349321 -33.024021 56.728241 -0.603043 0.454551 -0.655532 -0.165800 -0.667500 1 22 1.000000
finger
  22 6.731291 -33.429691 57.105465 -0.814213 0.580107 -0.023082 0.076200 -0.846300 1 22 1.000000
  22 7.239822 -32.905323 57.013458 -0.690305 0.723205 -0.021288 0.055400 -0.659700 1 22 1.000000
  22 7.349321 -33.024021 56.728241 -0.603043 0.454551 -0.655532 -0.165800 -0.667500 1 22 1.000000
finger
  22 6.731291 -33.429691 57.105465 -0.814213 0.580107 -0.023082 0.076200 -0.846300 1 22 1.000000
  22 7.349321 -33.024021 56.728241 -0.603043 0.454551 -0.655532 -0.165800 -0.667500 1 22 1.000000
  22 6.843270 -33.543968 56.874844 -0.641243 0.322851 -0.696114 -0.031300 -0.852800 1 22 1.000000
finger
  22 6.731291 -33.429691 57.105465 -0.814213 0.580107 -0.023082 0.076200 -0.846300 1 22 1.000000
  22 6.843270 -33.543968 56.874844 -0.641243 0.322851 -0.696114 -0.031300 -0.852800 1 22 1.000000
  22 6.625434 -33.835835 56.980370 -0.764268 0.038177 -0.643768 0.047500 -0.946700 1 22 1.000000
finger
  22 7.003825 -33.734722 56.717464 -0.448098 0.014092 -0.893873 -0.277900 -0.867700 1 22 1.000000
  22 6.625434 -33.835835 56.980370 -0.764268 0.038177 -0.643768 0.047500 -0.946700 1 22 1.000000
  22 6.843270 -33.543968 56.874844 -0.641243 0.322851 -0.696114 -0.031300 -0.852800 1 22 1.000000
finger
  22 7.003825 -33.734722 56.717464 -0.448098 0.014092 -0.893873 -0.277900 -0.867700 1 22 1.000000
  22 6.750551 -34.037350 56.931480 -0.205907 -0.798205 -0.566102 0.353900 -0.969300 1 22 1.000000
  22 6.625434 -33.835835 56.980370 -0.764268 0.038177 -0.643768 0.047500 -0.946700 1 22 1.000000
finger
  22 6.596081 -34.030083 57.133728 -0.712556 -0.688663 0.134194 0.171600 -0.991400 1 22 1.000000
  22 6.625434 -33.835835 56.980370 -0.764268 0.038177 -0.643768 0.047500 -0.946700 1 22 1.000000
  22 6.750551 -34.037350 56.931480 -0.205907 -0.798205 -0.566102 0.353900 -0.969300 1 22 1.000000
finger
  22 6.596081 -34.030083 57.133728 -0.712556 -0.688663 0.134194 0.171600 -0.991400 1 22 1.000000
  22 6.750551 -34.037350 56.931480 -0.205907 -0.798205 -0.566102 0.353900 -0.969300 1 22 1.000000
  22 6.769987 -34.033585 57.117390 0.310339 -0.931945 0.187531 0.269800 -0.965500 1 22 1.000000
finger
  22 6.596081 -34.030083 57.133728 -0.712556 -0.688663 0.134194 0.171600 -0.991400 1 22 1.000000
  22 6.769987 -34.033585 57.117390 0.310339 -0.931945 0.187531 0.269800 -0.965500 1 22 1.000000
  22 6.749824 -33.973225 57.299656 -0.062367 -0.634849 0.770115 0.238900 -0.956100 1 22 1.000000
finger
  22 6.596081 -34.030083 57.133728 -0.712556 -0.688663 0.134194 0.171600 -0.991400 1 22 1.000000
  22 6.749824 -33.973225 57.299656 -0.062367 -0.634849 0.770115 0.238900 -0.956100 1 22 1.000000
  22 6.625333 -33.786034 57.273151 -0.672437 0.094351 0.734116 0.156300 -0.936400 1 22 1.000000
finger
  22 7.002885 -33.630688 57.412327 -0.276032 0.155630 0.948465 0.241300 -0.846300 1 22 1.000000
  22 6.625333 -33.786034 57.273151 -0.672437 0.094351 0.734116 0.156300 -0.936400 1 22 1.000000
  22 6.749824 -33.973225 57.299656 -0.062367 -0.634849 0.770115 0.238900 -0.956100 1 22 1.000000
finger
  22 7.002885 -33.630688 57.412327 -0.276032 0.155630 0.948465 0.241300 -0.846300 1 22 1.000000
  22 6.843124 -33.481724 57.299221 -0.521573 0.437670 0.732397 0.159700 -0.839900 1 22 1.000000
  22 6.625333 -33.786034 57.273151 -0.672437 0.094351 0.734116 0.156300 -0.936400 1 22 1.000000
finger
  22 7.002885 -33.630688 57.412327 -0.276032 0.155630 0.948465 0.241300 -0.846300 1 22 1.000000
  22 7.349139 -32.974140 57.254822 -0.453838 0.580040 0.676450 0.187800 -0.657200 1 22 1.000000
  22 6.843124 -33.481724 57.299221 -0.521573 0.437670 0.732397 0.159700 -0.839900 1 22 1.000000
finger
  22 6.731291 -33.429691 57.105465 -0.814213 0.580107 -0.023082 0.076200 -0.846300 1 22 1.000000
  22 6.843124 -33.481724 57.299221 -0.521573 0.437670 0.732397 0.159700 -0.839900 1 22 1.000000
  22 7.349139 -32.974140 57.254822 -0.453838 0.580040 0.676450 0.187800 -0.657200 1 22 1.000000
finger
  22 6.731291 -33.429691 57.105465 -0.814213 0.580107 -0.023082 0.076200 -0.846300 1 22 1.000000
  22 7.349139 -32.974140 57.254822 -0.453838 0.580040 0.676450 0.187800 -0.657200 1 22 1.000000
  22 7.239822 -32.905323 57.013458 -0.690305 0.723205 -0.021288 0.055400 -0.659700 1 22 1.000000
finger
  21 7.637044 -32.558048 56.952080 -0.755381 0.655184 0.011513 0.036200 -0.526800 1 21 1.000000
  21 7.916433 -32.802437 56.405258 -0.025555 -0.078842 -0.996559 -0.313100 -0.534600 1 21 1.000000
  22 7.349321 -33.024021 56.728241 -0.603043 0.454551 -0.655532 -0.165800 -0.667500 1 22 1.000000
finger
  22 6.731291 -33.429691 57.105465 -0.814213 0.580107 -0.023082 0.076200 -0.846300 1 22 1.000000
  22 6.625434 -33.835835 56.980370 -0.764268 0.038177 -0.643768 0.047500 -0.946700 1 22 1.000000
  22 6.542879 -33.801277 57.139526 -0.992681 0.119503 0.017416 0.103000 -0.952200 1 22 1.000000
finger
  22 6.596081 -34.030083 57.133728 -0.712556 -0.688663 0.134194 0.171600 -0.991400 1 22 1.000000
  22 6.542879 -33.801277 57.139526 -0.992681 0.119503 0.017416 0.103000 -0.952200 1 22 1.000000
  22 6.625434 -33.835835 56.980370 -0.764268 0.038177 -0.643768 0.047500 -0.946700 1 22 1.000000
finger
  22 6.596081 -34.030083 57.133728 -0.712556 -0.688663 0.134194 0.171600 -0.991400 1 22 1.000000
  22 6.625333 -33.786034 57.273151 -0.672437 0.094351 0.734116 0.156300 -0.936400 1 22 1.000000
  22 6.542879 -33.801277 57.139526 -0.992681 0.119503 0.017416 0.103000 -0.952200 1 22 1.000000
finger
  22 6.731291 -33.429691 57.105465 -0.814213 0.580107 -0.023082 0.076200 -0.846300 1 22 1.000000
  22 6.542879 -33.801277 57.139526 -0.992681 0.119503 0.017416 0.103000 -0.952200 1 22 1.000000
  22 6.625333 -33.786034 57.273151 -0.672437 0.094351 0.734116 0.156300 -0.936400 1 22 1.000000
finger
  22 6.731291 -33.429691 57.105465 -0.814213 0.580107 -0.023082 0.076200 -0.846300 1 22 1.000000
  22 6.625333 -33.786034 57.273151 -0.672437 0.094351 0.734116 0.156300 -0.936400 1 22 1.000000
  22 6.843124 -33.481724 57.299221 -0.521573 0.437670 0.732397 0.159700 -0.839900 1 22 1.000000
finger
  13 7.252440 -34.552444 60.728737 0.573076 -0.767668 -0.286826 0.647500 -0.869600 1 13 1.000000
  13 6.848628 -34.753235 60.767563 -0.048597 -0.803242 -0.593667 0.726200 -0.964800 1 13 1.000000
  13 7.180793 -34.502899 60.574493 0.246060 -0.632871 -0.734117 0.698400 -0.861900 1 13 1.000000
finger
  13 7.252440 -34.552444 60.728737 0.573076 -0.767668 -0.286826 0.647500 -0.869600 1 13 1.000000
  13 7.002048 -34.778656 60.994823 0.374632 -0.916105 0.142839 0.601100 -0.960400 1 13 1.000000
  13 6.848628 -34.753235 60.767563 -0.048597 -0.803242 -0.593667 0.726200 -0.964800 1 13 1.000000
finger
  13 7.002048 -34.778656 60.994823 0.374632 -0.916105 0.142839 0.601100 -0.960400 1 13 1.000000
  13 6.760944 -34.809151 61.005150 -0.566975 -0.806466 0.167788 0.704900 -0.999300 1 13 1.000000
  13 6.848628 -34.753235 60.767563 -0.048597 -0.803242 -0.593667 0.726200 -0.964800 1 13 1.000000
finger
  13 7.002048 -34.778656 60.994823 0.374632 -0.916105 0.142839 0.601100 -0.960400 1 13 1.000000
  13 6.850874 -34.653282 61.208027 -0.078890 -0.533908 0.841854 0.374700 -0.967200 1 13 1.000000
  13 6.760944 -34.809151 61.005150 -0.566975 -0.806466 0.167788 0.704900 -0.999300 1 13 1.000000
finger
  13 7.307125 -34.527733 61.063942 0.576551 -0.690352 0.437039 0.517900 -0.874200 1 13 1.000000
  13 6.850874 -34.653282 61.208027 -0.078890 -0.533908 0.841854 0.374700 -0.967200 1 13 1.000000
  13 7.002048 -34.778656 60.994823 0.374632 -0.916105 0.142839 0.601100 -0.960400 1 13 1.000000
finger
  13 7.252440 -34.552444 60.728737 0.573076 -0.767668 -0.286826 0.647500 -0.869600 1 13 1.000000
  13 7.307125 -34.527733 61.063942 0.576551 -0.690352 0.437039 0.517900 -0.874200 1 13 1.000000
  13 7.002048 -34.778656 60.994823 0.374632 -0.916105 0.142839 0.601100 -0.960400 1 13 1.000000
finger
  13 7.252440 -34.552444 60.728737 0.573076 -0.767668 -0.286826 0.647500 -0.869600 1 13 1.000000
  13 7.800140 -34.054447 61.017151 0.699152 -0.694152 0.171284 0.489600 -0.713900 1 13 1.000000
  13 7.307125 -34.527733 61.063942 0.576551 -0.690352 0.437039 0.517900 -0.874200 1 13 1.000000
finger
  12 8.146784 -33.675293 60.598339 0.682939 -0.650438 -0.332452 0.577200 -0.573000 1 12 1.000000
  12 8.190759 -33.666164 60.960655 0.714460 -0.493751 0.495739 0.480400 -0.583400 1 12 1.000000
  13 7.800140 -34.054447 61.017151 0.699152 -0.694152 0.171284 0.489600 -0.713900 1 13 1.000000
finger
  13 7.747476 -34.067780 60.627335 0.648390 -0.702489 -0.293428 0.611600 -0.704100 1 13 1.000000
  12 8.146784 -33.675293 60.598339 0.682939 -0.650438 -0.332452 0.577200 -0.573000 1 12 1.000000
  13 7.800140 -34.054447 61.017151 0.699152 -0.694152 0.171284 0.489600 -0.713900 1 13 1.000000
finger
  13 7.252440 -34.552444 60.728737 0.573076 -0.767668 -0.286826 0.647500 -0.869600 1 13 1.000000
  13 7.747476 -34.067780 60.627335 0.648390 -0.702489 -0.293428 0.611600 -0.704100 1 13 1.000000
  13 7.800140 -34.054447 61.017151 0.699152 -0.694152 0.171284 0.489600 -0.713900 1 13 1.000000
finger
  13 7.252440 -34.552444 60.728737 0.573076 -0.767668 -0.286826 0.647500 -0.869600 1 13 1.000000
  13 7.674942 -33.982349 60.434483 0.384173 -0.511975 -0.768305 0.670800 -0.687700 1 13 1.000000
  13 7.747476 -34.067780 60.627335 0.648390 -0.702489 -0.293428 0.611600 -0.704100 1 13 1.000000
finger
  13 7.252440 -34.552444 60.728737 0.573076 -0.767668 -0.286826 0.647500 -0.869600 1 13 1.000000
  13 7.180793 -34.502899 60.574493 0.246060 -0.632871 -0.734117 0.698400 -0.861900 1 13 1.000000
  13 7.674942 -33.982349 60.434483 0.384173 -0.511975 -0.768305 0.670800 -0.687700 1 13 1.000000
finger
  13 7.061110 -34.405113 60.530418 -0.254382 -0.194934 -0.947254 0.746300 -0.857000 1 13 1.000000
  13 7.674942 -33.982349 60.434483 0.384173 -0.511975 -0.768305 0.670800 -0.687700 1 13 1.000000
  13 7.180793 -34.502899 60.574493 0.246060 -0.632871 -0.734117 0.698400 -0.861900 1 13 1.000000
finger
  13 7.061110 -34.405113 60.530418 -0.254382 -0.194934 -0.947254 0.746300 -0.857000 1 13 1.000000
  13 7.180793 -34.502899 60.574493 0.246060 -0.632871 -0.734117 0.698400 -0.861900 1 13 1.000000
  13 6.848628 -34.753235 60.767563 -0.048597 -0.803242 -0.593667 0.726200 -0.964800 1 13 1.000000
finger
  13 7.061110 -34.405113 60.530418 -0.254382 -0.194934 -0.947254 0.746300 -0.857000 1 13 1.000000
  13 6.848628 -34.753235 60.767563 -0.048597 -0.803242 -0.593667 0.726200 -0.964800 1 13 1.000000
  13 6.692729 -34.592136 60.764252 -0.753297 -0.234415 -0.614486 0.818500 -0.954400 1 13 1.000000
finger
  13 6.760944 -34.809151 61.005150 -0.566975 -0.806466 0.167788 0.704900 -0.999300 1 13 1.000000
  13 6.692729 -34.592136 60.764252 -0.753297 -0.234415 -0.614486 0.818500 -0.954400 1 13 1.000000
  13 6.848628 -34.753235 60.767563 -0.048597 -0.803242 -0.593667 0.726200 -0.964800 1 13 1.000000
finger
  13 6.760944 -34.809151 61.005150 -0.566975 -0.806466 0.167788 0.704900 -0.999300 1 13 1.000000
  13 6.616667 -34.585773 60.942326 -0.992286 -0.123293 0.012900 0.887000 -0.972400 1 13 1.000000
  13 6.692729 -34.592136 60.764252 -0.753297 -0.234415 -0.614486 0.818500 -0.954400 1 13 1.000000
finger
  13 6.736391 -34.194496 60.873428 -0.872177 0.476670 -0.109968 0.934400 -0.877100 1 13 1.000000
  13 6.692729 -34.592136 60.764252 -0.753297 -0.234415 -0.614486 0.818500 -0.954400 1 13 1.000000
  13 6.616667 -34.585773 60.942326 -0.992286 -0.123293 0.012900 0.887000 -0.972400 1 13 1.000000
finger
  13 6.736391 -34.194496 60.873428 -0.872177 0.476670 -0.109968 0.934400 -0.877100 1 13 1.000000
  13 6.848372 -34.266075 60.637794 -0.644136 0.215643 -0.733885 0.833600 -0.864100 1 13 1.000000
  13 6.692729 -34.592136 60.764252 -0.753297 -0.234415 -0.614486 0.818500 -0.954400 1 13 1.000000
finger
  13 6.736391 -34.194496 60.873428 -0.872177 0.476670 -0.109968 0.934400 -0.877100 1 13 1.000000
  13 7.335808 -33.728516 60.531178 -0.583458 0.407958 -0.702244 0.804200 -0.689100 1 13 1.000000
  13 6.848372 -34.266075 60.637794 -0.644136 0.215643 -0.733885 0.833600 -0.864100 1 13 1.000000
finger
  13 7.061110 -34.405113 60.530418 -0.254382 -0.194934 -0.947254 0.746300 -0.857000 1 13 1.000000
  13 6.848372 -34.266075 60.637794 -0.644136 0.215643 -0.733885 0.833600 -0.864100 1 13 1.000000
  13 7.335808 -33.728516 60.531178 -0.583458 0.407958 -0.702244 0.804200 -0.689100 1 13 1.000000
finger
  13 7.061110 -34.405113 60.530418 -0.254382 -0.194934 -0.947254 0.746300 -0.857000 1 13 1.000000
  13 7.335808 -33.728516 60.531178 -0.583458 0.407958 -0.702244 0.804200 -0.689100 1 13 1.000000
  13 7.543160 -33.854469 60.379192 -0.206957 -0.039937 -0.977534 0.722700 -0.678000 1 13 1.000000
finger
  13 7.061110 -34.405113 60.530418 -0.254382 -0.194934 -0.947254 0.746300 -0.857000 1 13 1.000000
  13 7.543160 -33.854469 60.379192 -0.206957 -0.039937 -0.977534 0.722700 -0.678000 1 13 1.000000
  13 7.674942 -33.982349 60.434483 0.384173 -0.511975 -0.768305 0.670800 -0.687700 1 13 1.000000
finger
  13 7.543160 -33.854469 60.379192 -0.206957 -0.039937 -0.977534 0.722700 -0.678000 1 13 1.000000
  12 7.964989 -33.400295 60.293781 -0.017957 -0.110646 -0.993698 0.694100 -0.529000 1 12 1.000000
  13 7.674942 -33.982349 60.434483 0.384173 -0.511975 -0.768305 0.670800 -0.687700 1 13 1.000000
finger
  12 7.964989 -33.400295 60.293781 -0.017957 -0.110646 -0.993698 0.694100 -0.529000 1 12 1.000000
  12 8.146784 -33.675293 60.598339 0.682939 -0.650438 -0.332452 0.577200 -0.573000 1 12 1.000000
  13 7.674942 -33.982349 60.434483 0.384173 -0.511975 -0.768305 0.670800 -0.687700 1 13 1.000000
finger
  12 7.964989 -33.400295 60.293781 -0.017957 -0.110646 -0.993698 0.694100 -0.529000 1 12 1.000000
  13 7.543160 -33.854469 60.379192 -0.206957 -0.039937 -0.977534 0.722700 -0.678000 1 13 1.000000
  13 7.335808 -33.728516 60.531178 -0.583458 0.407958 -0.702244 0.804200 -0.689100 1 13 1.000000
finger
  13 7.061110 -34.405113 60.530418 -0.254382 -0.194934 -0.947254 0.746300 -0.857000 1 13 1.000000
  13 6.692729 -34.592136 60.764252 -0.753297 -0.234415 -0.614486 0.818500 -0.954400 1 13 1.000000
  13 6.848372 -34.266075 60.637794 -0.644136 0.215643 -0.733885 0.833600 -0.864100 1 13 1.000000
finger
  12 8.146784 -33.675293 60.598339 0.682939 -0.650438 -0.332452 0.577200 -0.573000 1 12 1.000000
  13 7.747476 -34.067780 60.627335 0.648390 -0.702489 -0.293428 0.611600 -0.704100 1 13 1.000000
  13 7.674942 -33.982349 60.434483 0.384173 -0.511975 -0.768305 0.670800 -0.687700 1 13 1.000000
finger
  13 6.736391 -34.194496 60.873428 -0.872177 0.476670 -0.109968 0.934400 -0.877100 1 13 1.000000
  13 7.213212 -33.636318 60.809105 -0.765160 0.628859 -0.138083 0.958600 -0.701700 1 13 1.000000
  13 7.335808 -33.728516 60.531178 -0.583458 0.407958 -0.702244 0.804200 -0.689100 1 13 1.000000
finger
  12 7.964989 -33.400295 60.293781 -0.017957 -0.110646 -0.993698 0.694100 -0.529000 1 12 1.000000
  11 8.575856 -32.520660 60.102489 -0.267875 -0.213424 -0.939517 0.689300 -0.267100 1 11 1.000000
  11 8.886436 -32.792843 60.449692 0.664049 -0.538255 -0.518961 0.548300 -0.295200 1 11 1.000000
finger
  13 7.307125 -34.527733 61.063942 0.576551 -0.690352 0.437039 0.517900 -0.874200 1 13 1.000000
  13 7.187436 -34.346241 61.321041 0.230507 -0.397517 0.888170 0.354700 -0.868100 1 13 1.000000
  13 6.850874 -34.653282 61.208027 -0.078890 -0.533908 0.841854 0.374700 -0.967200 1 13 1.000000
finger
  13 7.307125 -34.527733 61.063942 0.576551 -0.690352 0.437039 0.517900 -0.874200 1 13 1.000000
  13 7.683134 -33.818539 61.330029 0.388395 -0.332197 0.859531 0.359000 -0.699700 1 13 1.000000
  13 7.187436 -34.346241 61.321041 0.230507 -0.397517 0.888170 0.354700 -0.868100 1 13 1.000000
finger
  13 7.307125 -34.527733 61.063942 0.576551 -0.690352 0.437039 0.517900 -0.874200 1 13 1.000000
  13 7.800140 -34.054447 61.017151 0.699152 -0.694152 0.171284 0.489600 -0.713900 1 13 1.000000
  13 7.683134 -33.818539 61.330029 0.388395 -0.332197 0.859531 0.359000 -0.699700 1 13 1.000000
finger
  13 7.800140 -34.054447 61.017151 0.699152 -0.694152 0.171284 0.489600 -0.713900 1 13 1.000000
  12 8.190759 -33.666164 60.960655 0.714460 -0.493751 0.495739 0.480400 -0.583400 1 12 1.000000
  13 7.683134 -33.818539 61.330029 0.388395 -0.332197 0.859531 0.359000 -0.699700 1 13 1.000000
finger
  12 8.190759 -33.666164 60.960655 0.714460 -0.493751 0.495739 0.480400 -0.583400 1 12 1.000000
  12 7.964619 -33.221424 61.364620 -0.236507 0.326104 0.915271 0.312100 -0.548100 1 12 1.000000
  13 7.683134 -33.818539 61.330029 0.388395 -0.332197 0.859531 0.359000 -0.699700 1 13 1.000000
finger
  12 7.964619 -33.221424 61.364620 -0.236507 0.326104 0.915271 0.312100 -0.548100 1 12 1.000000
  13 7.545024 -33.665031 61.353928 -0.283222 0.224022 0.932523 0.293700 -0.689900 1 13 1.000000
  13 7.683134 -33.818539 61.330029 0.388395 -0.332197 0.859531 0.359000 -0.699700 1 13 1.000000
finger
  13 7.545024 -33.665031 61.353928 -0.283222 0.224022 0.932523 0.293700 -0.689900 1 13 1.000000
  12 7.964619 -33.221424 61.364620 -0.236507 0.326104 0.915271 0.312100 -0.548100 1 12 1.000000
  13 7.335601 -33.609707 61.131836 -0.652214 0.599018 0.464535 0.187300 -0.696300 1 13 1.000000
finger
  13 7.062532 -34.228642 61.330257 -0.342018 0.121320 0.931829 0.266400 -0.862600 1 13 1.000000
  13 7.545024 -33.665031 61.353928 -0.283222 0.224022 0.932523 0.293700 -0.689900 1 13 1.000000
  13 7.335601 -33.609707 61.131836 -0.652214 0.599018 0.464535 0.187300 -0.696300 1 13 1.000000
finger
  13 7.062532 -34.228642 61.330257 -0.342018 0.121320 0.931829 0.266400 -0.862600 1 13 1.000000
  13 7.335601 -33.609707 61.131836 -0.652214 0.599018 0.464535 0.187300 -0.696300 1 13 1.000000
  13 6.848197 -34.170300 61.146259 -0.710719 0.446608 0.543525 0.089500 -0.871000 1 13 1.000000
finger
  13 7.062532 -34.228642 61.330257 -0.342018 0.121320 0.931829 0.266400 -0.862600 1 13 1.000000
  13 7.683134 -33.818539 61.330029 0.388395 -0.332197 0.859531 0.359000 -0.699700 1 13 1.000000
  13 7.545024 -33.665031 61.353928 -0.283222 0.224022 0.932523 0.293700 -0.689900 1 13 1.000000
finger
  13 7.062532 -34.228642 61.330257 -0.342018 0.121320 0.931829 0.266400 -0.862600 1 13 1.000000
  13 7.187436 -34.346241 61.321041 0.230507 -0.397517 0.888170 0.354700 -0.868100 1 13 1.000000
  13 7.683134 -33.818539 61.330029 0.388395 -0.332197 0.859531 0.359000 -0.699700 1 13 1.000000
finger
  12 7.964619 -33.221424 61.364620 -0.236507 0.326104 0.915271 0.312100 -0.548100 1 12 1.000000
  12 7.576025 -33.198032 60.766777 -0.769904 0.594508 -0.231966 0.004600 -0.566000 1 12 1.000000
  13 7.335601 -33.609707 61.131836 -0.652214 0.599018 0.464535 0.187300 -0.696300 1 13 1.000000
finger
  11 8.886436 -32.792843 60.449692 0.664049 -0.538255 -0.518961 0.548300 -0.295200 1 11 1.000000
  12 8.146784 -33.675293 60.598339 0.682939 -0.650438 -0.332452 0.577200 -0.573000 1 12 1.000000
  12 7.964989 -33.400295 60.293781 -0.017957 -0.110646 -0.993698 0.694100 -0.529000 1 12 1.000000
finger
  11 8.886436 -32.792843 60.449692 0.664049 -0.538255 -0.518961 0.548300 -0.295200 1 11 1.000000
  11 8.935129 -32.749229 60.761292 0.862671 -0.419087 0.283132 0.474800 -0.295800 1 11 1.000000
  12 8.146784 -33.675293 60.598339 0.682939 -0.650438 -0.332452 0.577200 -0.573000 1 12 1.000000
finger
  12 8.190759 -33.666164 60.960655 0.714460 -0.493751 0.495739 0.480400 -0.583400 1 12 1.000000
  12 8.146784 -33.675293 60.598339 0.682939 -0.650438 -0.332452 0.577200 -0.573000 1 12 1.000000
  11 8.935129 -32.749229 60.761292 0.862671 -0.419087 0.283132 0.474800 -0.295800 1 11 1.000000
finger
  12 8.190759 -33.666164 60.960655 0.714460 -0.493751 0.495739 0.480400 -0.583400 1 12 1.000000
  11 8.935129 -32.749229 60.761292 0.862671 -0.419087 0.283132 0.474800 -0.295800 1 11 1.000000
  11 8.575505 -32.214310 61.118786 0.220162 0.072835 0.972740 0.293100 -0.258700 1 11 1.000000
finger
  11 8.575505 -32.214310 61.118786 0.220162 0.072835 0.972740 0.293100 -0.258700 1 11 1.000000
  12 7.964619 -33.221424 61.364620 -0.236507 0.326104 0.915271 0.312100 -0.548100 1 12 1.000000
  12 8.190759 -33.666164 60.960655 0.714460 -0.493751 0.495739 0.480400 -0.583400 1 12 1.000000
finger
  12 7.964619 -33.221424 61.364620 -0.236507 0.326104 0.915271 0.312100 -0.548100 1 12 1.000000
  11 8.575505 -32.214310 61.118786 0.220162 0.072835 0.972740 0.293100 -0.258700 1 11 1.000000
  11 8.026862 -32.474461 60.664684 -0.943917 0.278049 0.178070 0.062000 -0.360300 1 11 1.000000
finger
  11 8.026862 -32.474461 60.664684 -0.943917 0.278049 0.178070 0.062000 -0.360300 1 11 1.000000
  12 7.576025 -33.198032 60.766777 -0.769904 0.594508 -0.231966 0.004600 -0.566000 1 12 1.000000
  12 7.964619 -33.221424 61.364620 -0.236507 0.326104 0.915271 0.312100 -0.548100 1 12 1.000000
finger
  12 7.576025 -33.198032 60.766777 -0.769904 0.594508 -0.231966 0.004600 -0.566000 1 12 1.000000
  11 8.026862 -32.474461 60.664684 -0.943917 0.278049 0.178070 0.062000 -0.360300 1 11 1.000000
  11 8.575856 -32.520660 60.102489 -0.267875 -0.213424 -0.939517 -0.310700 -0.267100 1 11 1.000000
finger
  11 8.575856 -32.520660 60.102489 -0.267875 -0.213424 -0.939517 -0.310700 -0.267100 1 11 1.000000
  12 7.964989 -33.400295 60.293781 -0.017957 -0.110646 -0.993698 -0.305900 -0.529000 1 12 1.000000
  12 7.576025 -33.198032 60.766777 -0.769904 0.594508 -0.231966 0.004600 -0.566000 1 12 1.000000
finger
  12 7.576025 -33.198032 60.766777 -0.769904 0.594508 -0.231966 0.004600 -0.566000 1 12 1.000000
  12 7.964989 -33.400295 60.293781 -0.017957 -0.110646 -0.993698 -0.305900 -0.529000 1 12 1.000000
  13 7.335808 -33.728516 60.531178 -0.583458 0.407958 -0.702244 -0.195800 -0.689100 1 13 1.000000
finger
  13 7.213212 -33.636318 60.809105 -0.765160 0.628859 -0.138083 -0.041400 -0.701700 1 13 1.000000
  12 7.576025 -33.198032 60.766777 -0.769904 0.594508 -0.231966 0.004600 -0.566000 1 12 1.000000
  13 7.335808 -33.728516 60.531178 -0.583458 0.407958 -0.702244 -0.195800 -0.689100 1 13 1.000000
finger
  12 7.576025 -33.198032 60.766777 -0.769904 0.594508 -0.231966 0.004600 -0.566000 1 12 1.000000
  13 7.213212 -33.636318 60.809105 -0.765160 0.628859 -0.138083 -0.041400 -0.701700 1 13 1.000000
  13 7.335601 -33.609707 61.131836 -0.652214 0.599018 0.464535 0.187300 -0.696300 1 13 1.000000
finger
  13 6.736391 -34.194496 60.873428 -0.872177 0.476670 -0.109968 -0.065600 -0.877100 1 13 1.000000
  13 7.335601 -33.609707 61.131836 -0.652214 0.599018 0.464535 0.187300 -0.696300 1 13 1.000000
  13 7.213212 -33.636318 60.809105 -0.765160 0.628859 -0.138083 -0.041400 -0.701700 1 13 1.000000
finger
  13 6.736391 -34.194496 60.873428 -0.872177 0.476670 -0.109968 -0.065600 -0.877100 1 13 1.000000
  13 6.848197 -34.170300 61.146259 -0.710719 0.446608 0.543525 0.089500 -0.871000 1 13 1.000000
  13 7.335601 -33.609707 61.131836 -0.652214 0.599018 0.464535 0.187300 -0.696300 1 13 1.000000
finger
  13 6.736391 -34.194496 60.873428 -0.872177 0.476670 -0.109968 -0.065600 -0.877100 1 13 1.000000
  13 6.692605 -34.507710 61.122524 -0.794777 0.027208 0.606291 0.022100 -0.956100 1 13 1.000000
  13 6.848197 -34.170300 61.146259 -0.710719 0.446608 0.543525 0.089500 -0.871000 1 13 1.000000
finger
  13 7.062532 -34.228642 61.330257 -0.342018 0.121320 0.931829 0.266400 -0.862600 1 13 1.000000
  13 6.848197 -34.170300 61.146259 -0.710719 0.446608 0.543525 0.089500 -0.871000 1 13 1.000000
  13 6.692605 -34.507710 61.122524 -0.794777 0.027208 0.606291 0.022100 -0.956100 1 13 1.000000
finger
  13 7.062532 -34.228642 61.330257 -0.342018 0.121320 0.931829 0.266400 -0.862600 1 13 1.000000
  13 6.692605 -34.507710 61.122524 -0.794777 0.027208 0.606291 0.022100 -0.956100 1 13 1.000000
  13 6.850874 -34.653282 61.208027 -0.078890 -0.533908 0.841854 0.374700 -0.967200 1 13 1.000000
finger
  13 7.062532 -34.228642 61.330257 -0.342018 0.121320 0.931829 0.266400 -0.862600 1 13 1.000000
  13 6.850874 -34.653282 61.208027 -0.078890 -0.533908 0.841854 0.374700 -0.967200 1 13 1.000000
  13 7.187436 -34.346241 61.321041 0.230507 -0.397517 0.888170 0.354700 -0.868100 1 13 1.000000
finger
  13 6.736391 -34.194496 60.873428 -0.872177 0.476670 -0.109968 -0.065600 -0.877100 1 13 1.000000
  13 6.616667 -34.585773 60.942326 -0.992286 -0.123293 0.012900 -0.113000 -0.972400 1 13 1.000000
  13 6.692605 -34.507710 61.122524 -0.794777 0.027208 0.606291 0.022100 -0.956100 1 13 1.000000
finger
  13 6.760944 -34.809151 61.005150 -0.566975 -0.806466 0.167788 -0.295100 -0.999300 1 13 1.000000
  13 6.692605 -34.507710 61.122524 -0.794777 0.027208 0.606291 0.022100 -0.956100 1 13 1.000000
  13 6.616667 -34.585773 60.942326 -0.992286 -0.123293 0.012900 -0.113000 -0.972400 1 13 1.000000
finger
  13 6.760944 -34.809151 61.005150 -0.566975 -0.806466 0.167788 -0.295100 -0.999300 1 13 1.000000
  13 6.850874 -34.653282 61.208027 -0.078890 -0.533908 0.841854 0.374700 -0.967200 1 13 1.000000
  13 6.692605 -34.507710 61.122524 -0.794777 0.027208 0.606291 0.022100 -0.956100 1 13 1.000000
finger
  16 7.119943 -34.835842 59.849091 0.559947 -0.683050 0.468937 0.354400 -0.881600 1 16 1.000000
  16 6.736643 -35.055443 59.845734 -0.101975 -0.594419 0.797663 0.271500 -0.973500 1 16 1.000000
  16 6.880310 -35.121708 59.656208 0.387743 -0.908239 0.157346 0.430700 -0.963700 1 16 1.000000
finger
  16 7.119943 -34.835842 59.849091 0.559947 -0.683050 0.468937 0.354400 -0.881600 1 16 1.000000
  16 6.880310 -35.121708 59.656208 0.387743 -0.908239 0.157346 0.430700 -0.963700 1 16 1.000000
  16 7.192461 -34.913860 59.506241 0.578378 -0.803590 -0.140430 0.520100 -0.879700 1 16 1.000000
finger
  16 7.119943 -34.835842 59.849091 0.559947 -0.683050 0.468937 0.354400 -0.881600 1 16 1.000000
  16 7.192461 -34.913860 59.506241 0.578378 -0.803590 -0.140430 0.520100 -0.879700 1 16 1.000000
  16 7.716387 -34.447990 59.428562 0.667607 -0.741610 0.065689 0.520800 -0.720100 1 16 1.000000
finger
  16 7.192461 -34.913860 59.506241 0.578378 -0.803590 -0.140430 0.520100 -0.879700 1 16 1.000000
  16 7.595915 -34.361313 59.058094 0.441718 -0.601414 -0.665722 0.645900 -0.710700 1 16 1.000000
  16 7.716387 -34.447990 59.428562 0.667607 -0.741610 0.065689 0.520800 -0.720100 1 16 1.000000
finger
  16 7.119943 -34.835842 59.849091 0.559947 -0.683050 0.468937 0.354400 -0.881600 1 16 1.000000
  16 7.716387 -34.447990 59.428562 0.667607 -0.741610 0.065689 0.520800 -0.720100 1 16 1.000000
  16 7.647151 -34.356552 59.822109 0.616322 -0.648321 0.447020 0.391200 -0.720000 1 16 1.000000
finger
  16 6.662614 -35.161812 59.639748 -0.568333 -0.819282 0.075988 0.302300 -0.999200 1 16 1.000000
  16 6.736643 -35.055443 59.845734 -0.101975 -0.594419 0.797663 0.271500 -0.973500 1 16 1.000000
  16 6.592371 -34.905071 59.765331 -0.799874 0.058804 0.597280 0.144800 -0.961300 1 16 1.000000
finger
  16 6.880310 -35.121708 59.656208 0.387743 -0.908239 0.157346 0.430700 -0.963700 1 16 1.000000
  16 6.736643 -35.055443 59.845734 -0.101975 -0.594419 0.797663 0.271500 -0.973500 1 16 1.000000
  16 6.662614 -35.161812 59.639748 -0.568333 -0.819282 0.075988 0.302300 -0.999200 1 16 1.000000
finger
  16 6.880310 -35.121708 59.656208 0.387743 -0.908239 0.157346 0.430700 -0.963700 1 16 1.000000
  16 6.662614 -35.161812 59.639748 -0.568333 -0.819282 0.075988 0.302300 -0.999200 1 16 1.000000
  16 6.746905 -35.080303 59.376446 -0.021304 -0.824266 -0.565802 0.724100 -0.966700 1 16 1.000000
finger
  16 7.192461 -34.913860 59.506241 0.578378 -0.803590 -0.140430 0.520100 -0.879700 1 16 1.000000
  16 6.880310 -35.121708 59.656208 0.387743 -0.908239 0.157346 0.430700 -0.963700 1 16 1.000000
  16 6.746905 -35.080303 59.376446 -0.021304 -0.824266 -0.565802 0.724100 -0.966700 1 16 1.000000
finger
  16 7.192461 -34.913860 59.506241 0.578378 -0.803590 -0.140430 0.520100 -0.879700 1 16 1.000000
  16 6.746905 -35.080303 59.376446 -0.021304 -0.824266 -0.565802 0.724100 -0.966700 1 16 1.000000
  16 7.080173 -34.839272 59.181976 0.307721 -0.698519 -0.646049 0.680900 -0.872600 1 16 1.000000
finger
  16 7.192461 -34.913860 59.506241 0.578378 -0.803590 -0.140430 0.520100 -0.879700 1 16 1.000000
  16 7.080173 -34.839272 59.181976 0.307721 -0.698519 -0.646049 0.680900 -0.872600 1 16 1.000000
  16 7.595915 -34.361313 59.058094 0.441718 -0.601414 -0.665722 0.645900 -0.710700 1 16 1.000000
finger
  16 6.953797 -34.739594 59.111000 -0.280581 -0.180230 -0.942757 0.750100 -0.868100 1 16 1.000000
  16 7.595915 -34.361313 59.058094 0.441718 -0.601414 -0.665722 0.645900 -0.710700 1 16 1.000000
  16 7.080173 -34.839272 59.181976 0.307721 -0.698519 -0.646049 0.680900 -0.872600 1 16 1.000000
finger
  16 6.953797 -34.739594 59.111000 -0.280581 -0.180230 -0.942757 0.750100 -0.868100 1 16 1.000000
  16 7.452441 -34.251740 58.983604 -0.191070 -0.018240 -0.981407 0.705200 -0.706300 1 16 1.000000
  16 7.595915 -34.361313 59.058094 0.441718 -0.601414 -0.665722 0.645900 -0.710700 1 16 1.000000
finger
  16 6.953797 -34.739594 59.111000 -0.280581 -0.180230 -0.942757 0.750100 -0.868100 1 16 1.000000
  16 7.258777 -34.115475 59.168690 -0.598789 0.502588 -0.623584 0.795800 -0.709000 1 16 1.000000
  16 7.452441 -34.251740 58.983604 -0.191070 -0.018240 -0.981407 0.705200 -0.706300 1 16 1.000000
finger
  15 7.915572 -33.859669 58.904331 0.092737 -0.123636 -0.987985 0.665200 -0.568800 1 15 1.000000
  16 7.452441 -34.251740 58.983604 -0.191070 -0.018240 -0.981407 0.705200 -0.706300 1 16 1.000000
  16 7.258777 -34.115475 59.168690 -0.598789 0.502588 -0.623584 0.795800 -0.709000 1 16 1.000000
finger
  16 7.452441 -34.251740 58.983604 -0.191070 -0.018240 -0.981407 0.705200 -0.706300 1 16 1.000000
  15 7.915572 -33.859669 58.904331 0.092737 -0.123636 -0.987985 0.665200 -0.568800 1 15 1.000000
  16 7.595915 -34.361313 59.058094 0.441718 -0.601414 -0.665722 0.645900 -0.710700 1 16 1.000000
finger
  15 7.915572 -33.859669 58.904331 0.092737 -0.123636 -0.987985 0.665200 -0.568800 1 15 1.000000
  15 8.187314 -34.021412 59.361679 0.760845 -0.632246 -0.146218 0.520300 -0.575200 1 15 1.000000
  16 7.595915 -34.361313 59.058094 0.441718 -0.601414 -0.665722 0.645900 -0.710700 1 16 1.000000
finger
  15 8.187314 -34.021412 59.361679 0.760845 -0.632246 -0.146218 0.520300 -0.575200 1 15 1.000000
  16 7.716387 -34.447990 59.428562 0.667607 -0.741610 0.065689 0.520800 -0.720100 1 16 1.000000
  16 7.595915 -34.361313 59.058094 0.441718 -0.601414 -0.665722 0.645900 -0.710700 1 16 1.000000
finger
  15 8.187314 -34.021412 59.361679 0.760845 -0.632246 -0.146218 0.520300 -0.575200 1 15 1.000000
  15 8.131877 -33.935574 59.759930 0.653274 -0.500981 0.567672 0.419600 -0.574500 1 15 1.000000
  16 7.716387 -34.447990 59.428562 0.667607 -0.741610 0.065689 0.520800 -0.720100 1 16 1.000000
finger
  15 8.131877 -33.935574 59.759930 0.653274 -0.500981 0.567672 0.419600 -0.574500 1 15 1.000000
  16 7.647151 -34.356552 59.822109 0.616322 -0.648321 0.447020 0.391200 -0.720000 1 16 1.000000
  16 7.716387 -34.447990 59.428562 0.667607 -0.741610 0.065689 0.520800 -0.720100 1 16 1.000000
finger
  16 7.647151 -34.356552 59.822109 0.616322 -0.648321 0.447020 0.391200 -0.720000 1 16 1.000000
  15 8.131877 -33.935574 59.759930 0.653274 -0.500981 0.567672 0.419600 -0.574500 1 15 1.000000
  16 7.570701 -34.278202 59.967754 0.327697 -0.310697 0.892234 0.341000 -0.717900 1 16 1.000000
finger
  16 7.119943 -34.835842 59.849091 0.559947 -0.683050 0.468937 0.354400 -0.881600 1 16 1.000000
  16 7.647151 -34.356552 59.822109 0.616322 -0.648321 0.447020 0.391200 -0.720000 1 16 1.000000
  16 7.570701 -34.278202 59.967754 0.327697 -0.310697 0.892234 0.341000 -0.717900 1 16 1.000000
finger
  16 7.119943 -34.835842 59.849091 0.559947 -0.683050 0.468937 0.354400 -0.881600 1 16 1.000000
  16 7.570701 -34.278202 59.967754 0.327697 -0.310697 0.892234 0.341000 -0.717900 1 16 1.000000
  16 7.053302 -34.778900 59.963646 0.187888 -0.392186 0.900493 0.306200 -0.881700 1 16 1.000000
finger
  16 6.953797 -34.739594 59.111000 -0.280581 -0.180230 -0.942757 0.750100 -0.868100 1 16 1.000000
  16 6.780548 -34.617146 59.254898 -0.696470 0.354777 -0.623749 0.856400 -0.869900 1 16 1.000000
  16 7.258777 -34.115475 59.168690 -0.598789 0.502588 -0.623584 0.795800 -0.709000 1 16 1.000000
finger
  16 6.953797 -34.739594 59.111000 -0.280581 -0.180230 -0.942757 0.750100 -0.868100 1 16 1.000000
  16 6.592505 -34.915302 59.381035 -0.810115 -0.147798 -0.567336 0.885400 -0.954700 1 16 1.000000
  16 6.780548 -34.617146 59.254898 -0.696470 0.354777 -0.623749 0.856400 -0.869900 1 16 1.000000
finger
  16 6.953797 -34.739594 59.111000 -0.280581 -0.180230 -0.942757 0.750100 -0.868100 1 16 1.000000
  16 6.746905 -35.080303 59.376446 -0.021304 -0.824266 -0.565802 0.724100 -0.966700 1 16 1.000000
  16 6.592505 -34.915302 59.381035 -0.810115 -0.147798 -0.567336 0.885400 -0.954700 1 16 1.000000
finger
  16 6.953797 -34.739594 59.111000 -0.280581 -0.180230 -0.942757 0.750100 -0.868100 1 16 1.000000
  16 7.080173 -34.839272 59.181976 0.307721 -0.698519 -0.646049 0.680900 -0.872600 1 16 1.000000
  16 6.746905 -35.080303 59.376446 -0.021304 -0.824266 -0.565802 0.724100 -0.966700 1 16 1.000000
finger
  15 8.131877 -33.935574 59.759930 0.653274 -0.500981 0.567672 0.419600 -0.574500 1 15 1.000000
  15 7.915207 -33.757301 59.962395 -0.235029 0.273031 0.932853 0.333900 -0.572400 1 15 1.000000
  16 7.570701 -34.278202 59.967754 0.327697 -0.310697 0.892234 0.341000 -0.717900 1 16 1.000000
finger
  16 6.676752 -34.569851 59.532646 -0.837077 0.546984 -0.010478 0.013200 -0.880300 1 16 1.000000
  16 6.592371 -34.905071 59.765331 -0.799874 0.058804 0.597280 0.144800 -0.961300 1 16 1.000000
  16 6.780363 -34.597363 59.789989 -0.654792 0.478195 0.585300 0.158400 -0.877900 1 16 1.000000
finger
  16 6.676752 -34.569851 59.532646 -0.837077 0.546984 -0.010478 0.013200 -0.880300 1 16 1.000000
  16 6.522731 -34.933132 59.589916 -0.997698 -0.062090 0.027277 0.028600 -0.971800 1 16 1.000000
  16 6.592371 -34.905071 59.765331 -0.799874 0.058804 0.597280 0.144800 -0.961300 1 16 1.000000
finger
  16 6.662614 -35.161812 59.639748 -0.568333 -0.819282 0.075988 0.302300 -0.999200 1 16 1.000000
  16 6.592371 -34.905071 59.765331 -0.799874 0.058804 0.597280 0.144800 -0.961300 1 16 1.000000
  16 6.522731 -34.933132 59.589916 -0.997698 -0.062090 0.027277 0.028600 -0.971800 1 16 1.000000
finger
  16 6.662614 -35.161812 59.639748 -0.568333 -0.819282 0.075988 0.302300 -0.999200 1 16 1.000000
  16 6.522731 -34.933132 59.589916 -0.997698 -0.062090 0.027277 0.028600 -0.971800 1 16 1.000000
  16 6.592505 -34.915302 59.381035 -0.810115 -0.147798 -0.567336 -0.114600 -0.954700 1 16 1.000000
finger
  16 6.662614 -35.161812 59.639748 -0.568333 -0.819282 0.075988 0.302300 -0.999200 1 16 1.000000
  16 6.592505 -34.915302 59.381035 -0.810115 -0.147798 -0.567336 -0.114600 -0.954700 1 16 1.000000
  16 6.746905 -35.080303 59.376446 -0.021304 -0.824266 -0.565802 0.724100 -0.966700 1 16 1.000000
finger
  16 6.676752 -34.569851 59.532646 -0.837077 0.546984 -0.010478 0.013200 -0.880300 1 16 1.000000
  16 6.592505 -34.915302 59.381035 -0.810115 -0.147798 -0.567336 -0.114600 -0.954700 1 16 1.000000
  16 6.522731 -34.933132 59.589916 -0.997698 -0.062090 0.027277 0.028600 -0.971800 1 16 1.000000
finger
  16 6.676752 -34.569851 59.532646 -0.837077 0.546984 -0.010478 0.013200 -0.880300 1 16 1.000000
  16 6.780548 -34.617146 59.254898 -0.696470 0.354777 -0.623749 -0.143600 -0.869900 1 16 1.000000
  16 6.592505 -34.915302 59.381035 -0.810115 -0.147798 -0.567336 -0.114600 -0.954700 1 16 1.000000
finger
  16 6.676752 -34.569851 59.532646 -0.837077 0.546984 -0.010478 0.013200 -0.880300 1 16 1.000000
  16 7.258777 -34.115475 59.168690 -0.598789 0.502588 -0.623584 -0.204200 -0.709000 1 16 1.000000
  16 6.780548 -34.617146 59.254898 -0.696470 0.354777 -0.623749 -0.143600 -0.869900 1 16 1.000000
finger
  16 7.119943 -34.835842 59.849091 0.559947 -0.683050 0.468937 0.354400 -0.881600 1 16 1.000000
  16 7.053302 -34.778900 59.963646 0.187888 -0.392186 0.900493 0.306200 -0.881700 1 16 1.000000
  16 6.736643 -35.055443 59.845734 -0.101975 -0.594419 0.797663 0.271500 -0.973500 1 16 1.000000
finger
  16 6.946908 -34.700405 59.951286 -0.349708 0.169514 0.921395 0.259500 -0.879900 1 16 1.000000
  16 6.736643 -35.055443 59.845734 -0.101975 -0.594419 0.797663 0.271500 -0.973500 1 16 1.000000
  16 7.053302 -34.778900 59.963646 0.187888 -0.392186 0.900493 0.306200 -0.881700 1 16 1.000000
finger
  16 6.946908 -34.700405 59.951286 -0.349708 0.169514 0.921395 0.259500 -0.879900 1 16 1.000000
  16 7.053302 -34.778900 59.963646 0.187888 -0.392186 0.900493 0.306200 -0.881700 1 16 1.000000
  16 7.570701 -34.278202 59.967754 0.327697 -0.310697 0.892234 0.341000 -0.717900 1 16 1.000000
finger
  16 6.946908 -34.700405 59.951286 -0.349708 0.169514 0.921395 0.259500 -0.879900 1 16 1.000000
  16 7.570701 -34.278202 59.967754 0.327697 -0.310697 0.892234 0.341000 -0.717900 1 16 1.000000
  16 7.445902 -34.183300 59.964779 -0.265928 0.264328 0.927045 0.299200 -0.715600 1 16 1.000000
finger
  15 7.915207 -33.757301 59.962395 -0.235029 0.273031 0.932853 0.333900 -0.572400 1 15 1.000000
  16 7.445902 -34.183300 59.964779 -0.265928 0.264328 0.927045 0.299200 -0.715600 1 16 1.000000
  16 7.570701 -34.278202 59.967754 0.327697 -0.310697 0.892234 0.341000 -0.717900 1 16 1.000000
finger
  16 7.445902 -34.183300 59.964779 -0.265928 0.264328 0.927045 0.299200 -0.715600 1 16 1.000000
  15 7.915207 -33.757301 59.962395 -0.235029 0.273031 0.932853 0.333900 -0.572400 1 15 1.000000
  16 7.258569 -34.077370 59.771774 -0.581297 0.584197 0.566399 0.216700 -0.715000 1 16 1.000000
finger
  15 7.915207 -33.757301 59.962395 -0.235029 0.273031 0.932853 0.333900 -0.572400 1 15 1.000000
  15 7.576484 -33.550381 59.449905 -0.768841 0.625944 -0.130679 0.076400 -0.564700 1 15 1.000000
  16 7.258569 -34.077370 59.771774 -0.581297 0.584197 0.566399 0.216700 -0.715000 1 16 1.000000
finger
  15 7.576484 -33.550381 59.449905 -0.768841 0.625944 -0.130679 0.076400 -0.564700 1 15 1.000000
  16 7.149270 -34.031269 59.477020 -0.750504 0.660203 -0.029588 0.023800 -0.713600 1 16 1.000000
  16 7.258569 -34.077370 59.771774 -0.581297 0.584197 0.566399 0.216700 -0.715000 1 16 1.000000
finger
  16 6.946908 -34.700405 59.951286 -0.349708 0.169514 0.921395 0.259500 -0.879900 1 16 1.000000
  16 7.445902 -34.183300 59.964779 -0.265928 0.264328 0.927045 0.299200 -0.715600 1 16 1.000000
  16 7.258569 -34.077370 59.771774 -0.581297 0.584197 0.566399 0.216700 -0.715000 1 16 1.000000
finger
  15 7.915572 -33.859669 58.904331 0.092737 -0.123636 -0.987985 0.665200 -0.568800 1 15 1.000000
  14 8.474515 -32.929115 58.776699 -0.254261 -0.112928 -0.960520 0.680100 -0.313500 1 14 1.000000
  14 8.863354 -32.969849 59.243546 0.847074 -0.476677 -0.235041 0.520500 -0.281500 1 14 1.000000
finger
  14 8.863354 -32.969849 59.243546 0.847074 -0.476677 -0.235041 0.520500 -0.281500 1 14 1.000000
  15 8.187314 -34.021412 59.361679 0.760845 -0.632246 -0.146218 0.520300 -0.575200 1 15 1.000000
  15 7.915572 -33.859669 58.904331 0.092737 -0.123636 -0.987985 0.665200 -0.568800 1 15 1.000000
finger
  14 8.863354 -32.969849 59.243546 0.847074 -0.476677 -0.235041 0.520500 -0.281500 1 14 1.000000
  14 8.826328 -32.880527 59.605606 0.771210 -0.315710 0.552776 0.425800 -0.277000 1 14 1.000000
  15 8.187314 -34.021412 59.361679 0.760845 -0.632246 -0.146218 0.520300 -0.575200 1 15 1.000000
finger
  15 8.131877 -33.935574 59.759930 0.653274 -0.500981 0.567672 0.419600 -0.574500 1 15 1.000000
  15 8.187314 -34.021412 59.361679 0.760845 -0.632246 -0.146218 0.520300 -0.575200 1 15 1.000000
  14 8.826328 -32.880527 59.605606 0.771210 -0.315710 0.552776 0.425800 -0.277000 1 14 1.000000
finger
  15 8.131877 -33.935574 59.759930 0.653274 -0.500981 0.567672 0.419600 -0.574500 1 15 1.000000
  14 8.826328 -32.880527 59.605606 0.771210 -0.315710 0.552776 0.425800 -0.277000 1 14 1.000000
  14 8.474127 -32.750225 59.898537 0.065257 0.029645 0.997428 0.307900 -0.303600 1 14 1.000000
finger
  14 8.474127 -32.750225 59.898537 0.065257 0.029645 0.997428 0.307900 -0.303600 1 14 1.000000
  15 7.915207 -33.757301 59.962395 -0.235029 0.273031 0.932853 0.333900 -0.572400 1 15 1.000000
  15 8.131877 -33.935574 59.759930 0.653274 -0.500981 0.567672 0.419600 -0.574500 1 15 1.000000
finger
  15 7.915207 -33.757301 59.962395 -0.235029 0.273031 0.932853 0.333900 -0.572400 1 15 1.000000
  14 8.474127 -32.750225 59.898537 0.065257 0.029645 0.997428 0.307900 -0.303600 1 14 1.000000
  14 8.110918 -32.635715 59.345474 -0.918865 0.304879 0.250471 0.051200 -0.316100 1 14 1.000000
finger
  14 8.110918 -32.635715 59.345474 -0.918865 0.304879 0.250471 0.051200 -0.316100 1 14 1.000000
  15 7.576484 -33.550381 59.449905 -0.768841 0.625944 -0.130679 0.076400 -0.564700 1 15 1.000000
  15 7.915207 -33.757301 59.962395 -0.235029 0.273031 0.932853 0.333900 -0.572400 1 15 1.000000
finger
  15 7.576484 -33.550381 59.449905 -0.768841 0.625944 -0.130679 0.076400 -0.564700 1 15 1.000000
  14 8.110918 -32.635715 59.345474 -0.918865 0.304879 0.250471 0.051200 -0.316100 1 14 1.000000
  14 8.474515 -32.929115 58.776699 -0.254261 -0.112928 -0.960520 -0.319900 -0.313500 1 14 1.000000
finger
  14 8.474515 -32.929115 58.776699 -0.254261 -0.112928 -0.960520 -0.319900 -0.313500 1 14 1.000000
  15 7.915572 -33.859669 58.904331 0.092737 -0.123636 -0.987985 -0.334800 -0.568800 1 15 1.000000
  15 7.576484 -33.550381 59.449905 -0.768841 0.625944 -0.130679 0.076400 -0.564700 1 15 1.000000
finger
  15 7.576484 -33.550381 59.449905 -0.768841 0.625944 -0.130679 0.076400 -0.564700 1 15 1.000000
  15 7.915572 -33.859669 58.904331 0.092737 -0.123636 -0.987985 -0.334800 -0.568800 1 15 1.000000
  16 7.258777 -34.115475 59.168690 -0.598789 0.502588 -0.623584 -0.204200 -0.709000 1 16 1.000000
finger
  16 7.149270 -34.031269 59.477020 -0.750504 0.660203 -0.029588 0.023800 -0.713600 1 16 1.000000
  15 7.576484 -33.550381 59.449905 -0.768841 0.625944 -0.130679 0.076400 -0.564700 1 15 1.000000
  16 7.258777 -34.115475 59.168690 -0.598789 0.502588 -0.623584 -0.204200 -0.709000 1 16 1.000000
finger
  16 6.676752 -34.569851 59.532646 -0.837077 0.546984 -0.010478 0.013200 -0.880300 1 16 1.000000
  16 7.149270 -34.031269 59.477020 -0.750504 0.660203 -0.029588 0.023800 -0.713600 1 16 1.000000
  16 7.258777 -34.115475 59.168690 -0.598789 0.502588 -0.623584 -0.204200 -0.709000 1 16 1.000000
finger
  16 6.676752 -34.569851 59.532646 -0.837077 0.546984 -0.010478 0.013200 -0.880300 1 16 1.000000
  16 7.258569 -34.077370 59.771774 -0.581297 0.584197 0.566399 0.216700 -0.715000 1 16 1.000000
  16 7.149270 -34.031269 59.477020 -0.750504 0.660203 -0.029588 0.023800 -0.713600 1 16 1.000000
finger
  16 6.676752 -34.569851 59.532646 -0.837077 0.546984 -0.010478 0.013200 -0.880300 1 16 1.000000
  16 6.780363 -34.597363 59.789989 -0.654792 0.478195 0.585300 0.158400 -0.877900 1 16 1.000000
  16 7.258569 -34.077370 59.771774 -0.581297 0.584197 0.566399 0.216700 -0.715000 1 16 1.000000
finger
  16 6.946908 -34.700405 59.951286 -0.349708 0.169514 0.921395 0.259500 -0.879900 1 16 1.000000
  16 7.258569 -34.077370 59.771774 -0.581297 0.584197 0.566399 0.216700 -0.715000 1 16 1.000000
  16 6.780363 -34.597363 59.789989 -0.654792 0.478195 0.585300 0.158400 -0.877900 1 16 1.000000
finger
  16 6.946908 -34.700405 59.951286 -0.349708 0.169514 0.921395 0.259500 -0.879900 1 16 1.000000
  16 6.780363 -34.597363 59.789989 -0.654792 0.478195 0.585300 0.158400 -0.877900 1 16 1.000000
  16 6.592371 -34.905071 59.765331 -0.799874 0.058804 0.597280 0.144800 -0.961300 1 16 1.000000
finger
  16 6.946908 -34.700405 59.951286 -0.349708 0.169514 0.921395 0.259500 -0.879900 1 16 1.000000
  16 6.592371 -34.905071 59.765331 -0.799874 0.058804 0.597280 0.144800 -0.961300 1 16 1.000000
  16 6.736643 -35.055443 59.845734 -0.101975 -0.594419 0.797663 0.271500 -0.973500 1 16 1.000000
finger
  17 8.836239 -32.809242 57.838783 0.651926 -0.466721 -0.597632 0.562100 -0.285600 1 17 1.000000
  18 8.074800 -33.737999 57.952541 0.656833 -0.638034 -0.401849 0.561300 -0.581400 1 18 1.000000
  18 7.915960 -33.617859 57.782349 -0.087153 -0.002244 -0.996192 0.625700 -0.579800 1 18 1.000000
finger
  18 7.915960 -33.617859 57.782349 -0.087153 -0.002244 -0.996192 0.625700 -0.579800 1 18 1.000000
  17 8.551311 -32.623512 57.629223 -0.459176 -0.033505 -0.887713 0.667300 -0.290700 1 17 1.000000
  17 8.836239 -32.809242 57.838783 0.651926 -0.466721 -0.597632 0.562100 -0.285600 1 17 1.000000
finger
  17 8.551311 -32.623512 57.629223 -0.459176 -0.033505 -0.887713 0.667300 -0.290700 1 17 1.000000
  18 7.915960 -33.617859 57.782349 -0.087153 -0.002244 -0.996192 0.625700 -0.579800 1 18 1.000000
  18 7.576896 -33.415897 58.256660 -0.776159 0.612757 -0.148682 0.330700 -0.606400 1 18 1.000000
finger
  18 7.576896 -33.415897 58.256660 -0.776159 0.612757 -0.148682 0.330700 -0.606400 1 18 1.000000
  18 7.915960 -33.617859 57.782349 -0.087153 -0.002244 -0.996192 0.625700 -0.579800 1 18 1.000000
  19 7.311668 -33.922272 58.030941 -0.627281 0.490183 -0.605176 0.659200 -0.737400 1 19 1.000000
finger
  19 7.203274 -33.849678 58.307781 -0.762876 0.644978 -0.044986 0.315500 -0.747300 1 19 1.000000
  18 7.576896 -33.415897 58.256660 -0.776159 0.612757 -0.148682 0.330700 -0.606400 1 18 1.000000
  19 7.311668 -33.922272 58.030941 -0.627281 0.490183 -0.605176 0.659200 -0.737400 1 19 1.000000
finger
  19 6.795954 -34.332359 58.364807 -0.851983 0.523087 -0.022475 0.315300 -0.902800 1 19 1.000000
  19 7.203274 -33.849678 58.307781 -0.762876 0.644978 -0.044986 0.315500 -0.747300 1 19 1.000000
  19 7.311668 -33.922272 58.030941 -0.627281 0.490183 -0.605176 0.659200 -0.737400 1 19 1.000000
finger
  19 6.795954 -34.332359 58.364807 -0.851983 0.523087 -0.022475 0.315300 -0.902800 1 19 1.000000
  19 7.311482 -33.873688 58.571625 -0.591075 0.563877 0.576778 0.307400 -0.741000 1 19 1.000000
  19 7.203274 -33.849678 58.307781 -0.762876 0.644978 -0.044986 0.315500 -0.747300 1 19 1.000000
finger
  19 6.795954 -34.332359 58.364807 -0.851983 0.523087 -0.022475 0.315300 -0.902800 1 19 1.000000
  19 6.898375 -34.348278 58.593845 -0.641305 0.440109 0.628515 0.309000 -0.895100 1 19 1.000000
  19 7.311482 -33.873688 58.571625 -0.591075 0.563877 0.576778 0.307400 -0.741000 1 19 1.000000
finger
  19 7.065630 -34.434734 58.721233 -0.232731 0.043135 0.971584 0.349200 -0.888000 1 19 1.000000
  19 7.311482 -33.873688 58.571625 -0.591075 0.563877 0.576778 0.307400 -0.741000 1 19 1.000000
  19 6.898375 -34.348278 58.593845 -0.641305 0.440109 0.628515 0.309000 -0.895100 1 19 1.000000
finger
  19 7.065630 -34.434734 58.721233 -0.232731 0.043135 0.971584 0.349200 -0.888000 1 19 1.000000
  19 6.898375 -34.348278 58.593845 -0.641305 0.440109 0.628515 0.309000 -0.895100 1 19 1.000000
  19 6.739284 -34.621685 58.566685 -0.760920 -0.035976 0.647847 0.351500 -0.970500 1 19 1.000000
finger
  19 7.065630 -34.434734 58.721233 -0.232731 0.043135 0.971584 0.349200 -0.888000 1 19 1.000000
  19 6.739284 -34.621685 58.566685 -0.760920 -0.035976 0.647847 0.351500 -0.970500 1 19 1.000000
  19 6.885570 -34.752476 58.605881 0.054355 -0.695480 0.716487 0.401400 -0.972900 1 19 1.000000
finger
  19 7.065630 -34.434734 58.721233 -0.232731 0.043135 0.971584 0.349200 -0.888000 1 19 1.000000
  19 6.885570 -34.752476 58.605881 0.054355 -0.695480 0.716487 0.401400 -0.972900 1 19 1.000000
  19 7.173638 -34.507145 58.696598 0.356547 -0.510555 0.782437 0.382800 -0.884000 1 19 1.000000
finger
  19 7.301529 -34.569534 58.432663 0.634614 -0.728714 0.257372 0.466200 -0.869400 1 19 1.000000
  19 7.173638 -34.507145 58.696598 0.356547 -0.510555 0.782437 0.382800 -0.884000 1 19 1.000000
  19 6.885570 -34.752476 58.605881 0.054355 -0.695480 0.716487 0.401400 -0.972900 1 19 1.000000
finger
  19 7.301529 -34.569534 58.432663 0.634614 -0.728714 0.257372 0.466200 -0.869400 1 19 1.000000
  19 7.618840 -34.040146 58.695889 0.487848 -0.430247 0.759534 0.378400 -0.726800 1 19 1.000000
  19 7.173638 -34.507145 58.696598 0.356547 -0.510555 0.782437 0.382800 -0.884000 1 19 1.000000
finger
  19 7.301529 -34.569534 58.432663 0.634614 -0.728714 0.257372 0.466200 -0.869400 1 19 1.000000
  19 7.729746 -34.134251 58.384056 0.707946 -0.702547 0.072384 0.466300 -0.719700 1 19 1.000000
  19 7.618840 -34.040146 58.695889 0.487848 -0.430247 0.759534 0.378400 -0.726800 1 19 1.000000
finger
  19 7.729746 -34.134251 58.384056 0.707946 -0.702547 0.072384 0.466300 -0.719700 1 19 1.000000
  18 8.145670 -33.726269 58.333363 0.746784 -0.594387 0.298358 0.467900 -0.577000 1 18 1.000000
  19 7.618840 -34.040146 58.695889 0.487848 -0.430247 0.759534 0.378400 -0.726800 1 19 1.000000
finger
  18 8.074800 -33.737999 57.952541 0.656833 -0.638034 -0.401849 0.561300 -0.581400 1 18 1.000000
  18 8.145670 -33.726269 58.333363 0.746784 -0.594387 0.298358 0.467900 -0.577000 1 18 1.000000
  19 7.729746 -34.134251 58.384056 0.707946 -0.702547 0.072384 0.466300 -0.719700 1 19 1.000000
finger
  18 8.145670 -33.726269 58.333363 0.746784 -0.594387 0.298358 0.467900 -0.577000 1 18 1.000000
  18 8.074800 -33.737999 57.952541 0.656833 -0.638034 -0.401849 0.561300 -0.581400 1 18 1.000000
  17 8.836239 -32.809242 57.838783 0.651926 -0.466721 -0.597632 0.562100 -0.285600 1 17 1.000000
finger
  19 6.795954 -34.332359 58.364807 -0.851983 0.523087 -0.022475 0.315300 -0.902800 1 19 1.000000
  19 6.739284 -34.621685 58.566685 -0.760920 -0.035976 0.647847 0.351500 -0.970500 1 19 1.000000
  19 6.898375 -34.348278 58.593845 -0.641305 0.440109 0.628515 0.309000 -0.895100 1 19 1.000000
finger
  18 7.576896 -33.415897 58.256660 -0.776159 0.612757 -0.148682 0.330700 -0.606400 1 18 1.000000
  19 7.203274 -33.849678 58.307781 -0.762876 0.644978 -0.044986 0.315500 -0.747300 1 19 1.000000
  19 7.311482 -33.873688 58.571625 -0.591075 0.563877 0.576778 0.307400 -0.741000 1 19 1.000000
finger
  18 7.915630 -33.515530 58.738510 -0.164138 0.214640 0.962802 0.341500 -0.583200 1 18 1.000000
  18 7.576896 -33.415897 58.256660 -0.776159 0.612757 -0.148682 0.330700 -0.606400 1 18 1.000000
  19 7.311482 -33.873688 58.571625 -0.591075 0.563877 0.576778 0.307400 -0.741000 1 19 1.000000
finger
  19 7.496528 -33.951431 58.731419 -0.178344 0.146943 0.972934 0.341800 -0.730300 1 19 1.000000
  18 7.915630 -33.515530 58.738510 -0.164138 0.214640 0.962802 0.341500 -0.583200 1 18 1.000000
  19 7.311482 -33.873688 58.571625 -0.591075 0.563877 0.576778 0.307400 -0.741000 1 19 1.000000
finger
  19 7.065630 -34.434734 58.721233 -0.232731 0.043135 0.971584 0.349200 -0.888000 1 19 1.000000
  19 7.496528 -33.951431 58.731419 -0.178344 0.146943 0.972934 0.341800 -0.730300 1 19 1.000000
  19 7.311482 -33.873688 58.571625 -0.591075 0.563877 0.576778 0.307400 -0.741000 1 19 1.000000
finger
  19 7.065630 -34.434734 58.721233 -0.232731 0.043135 0.971584 0.349200 -0.888000 1 19 1.000000
  19 7.618840 -34.040146 58.695889 0.487848 -0.430247 0.759534 0.378400 -0.726800 1 19 1.000000
  19 7.496528 -33.951431 58.731419 -0.178344 0.146943 0.972934 0.341800 -0.730300 1 19 1.000000
finger
  19 7.065630 -34.434734 58.721233 -0.232731 0.043135 0.971584 0.349200 -0.888000 1 19 1.000000
  19 7.173638 -34.507145 58.696598 0.356547 -0.510555 0.782437 0.382800 -0.884000 1 19 1.000000
  19 7.618840 -34.040146 58.695889 0.487848 -0.430247 0.759534 0.378400 -0.726800 1 19 1.000000
finger
  18 8.145670 -33.726269 58.333363 0.746784 -0.594387 0.298358 0.467900 -0.577000 1 18 1.000000
  18 7.915630 -33.515530 58.738510 -0.164138 0.214640 0.962802 0.341500 -0.583200 1 18 1.000000
  19 7.618840 -34.040146 58.695889 0.487848 -0.430247 0.759534 0.378400 -0.726800 1 19 1.000000
finger
  18 7.915630 -33.515530 58.738510 -0.164138 0.214640 0.962802 0.341500 -0.583200 1 18 1.000000
  19 7.496528 -33.951431 58.731419 -0.178344 0.146943 0.972934 0.341800 -0.730300 1 19 1.000000
  19 7.618840 -34.040146 58.695889 0.487848 -0.430247 0.759534 0.378400 -0.726800 1 19 1.000000
finger
  19 6.795954 -34.332359 58.364807 -0.851983 0.523087 -0.022475 0.315300 -0.902800 1 19 1.000000
  19 7.311668 -33.922272 58.030941 -0.627281 0.490183 -0.605176 0.659200 -0.737400 1 19 1.000000
  19 6.898540 -34.385445 58.110661 -0.712250 0.347570 -0.609832 0.662500 -0.890600 1 19 1.000000
finger
  17 8.836239 -32.809242 57.838783 0.651926 -0.466721 -0.597632 0.562100 -0.285600 1 17 1.000000
  17 8.915921 -32.810925 58.178513 0.867453 -0.401024 0.294457 0.477100 -0.281400 1 17 1.000000
  18 8.145670 -33.726269 58.333363 0.746784 -0.594387 0.298358 0.467900 -0.577000 1 18 1.000000
finger
  18 8.145670 -33.726269 58.333363 0.746784 -0.594387 0.298358 0.467900 -0.577000 1 18 1.000000
  17 8.915921 -32.810925 58.178513 0.867453 -0.401024 0.294457 0.477100 -0.281400 1 17 1.000000
  17 8.550961 -32.533859 58.642090 0.215369 -0.072666 0.973825 0.306400 -0.297800 1 17 1.000000
finger
  17 8.550961 -32.533859 58.642090 0.215369 -0.072666 0.973825 0.306400 -0.297800 1 17 1.000000
  18 7.915630 -33.515530 58.738510 -0.164138 0.214640 0.962802 0.341500 -0.583200 1 18 1.000000
  18 8.145670 -33.726269 58.333363 0.746784 -0.594387 0.298358 0.467900 -0.577000 1 18 1.000000
finger
  18 7.915630 -33.515530 58.738510 -0.164138 0.214640 0.962802 0.341500 -0.583200 1 18 1.000000
  17 8.550961 -32.533859 58.642090 0.215369 -0.072666 0.973825 0.306400 -0.297800 1 17 1.000000
  17 8.111317 -32.522919 58.190735 -0.903288 0.320095 0.285674 0.083400 -0.354100 1 17 1.000000
finger
  17 8.111317 -32.522919 58.190735 -0.903288 0.320095 0.285674 0.083400 -0.354100 1 17 1.000000
  18 7.576896 -33.415897 58.256660 -0.776159 0.612757 -0.148682 0.330700 -0.606400 1 18 1.000000
  18 7.915630 -33.515530 58.738510 -0.164138 0.214640 0.962802 0.341500 -0.583200 1 18 1.000000
finger
  18 7.576896 -33.415897 58.256660 -0.776159 0.612757 -0.148682 0.330700 -0.606400 1 18 1.000000
  17 8.111317 -32.522919 58.190735 -0.903288 0.320095 0.285674 0.083400 -0.354100 1 17 1.000000
  17 8.551311 -32.623512 57.629223 -0.459176 -0.033505 -0.887713 -0.332700 -0.290700 1 17 1.000000
finger
  19 7.493134 -34.027939 57.842239 -0.333490 0.145884 -0.931398 0.637500 -0.724200 1 19 1.000000
  18 7.915960 -33.617859 57.782349 -0.087153 -0.002244 -0.996192 0.625700 -0.579800 1 18 1.000000
  19 7.604134 -34.103138 57.842804 0.338074 -0.461671 -0.820101 0.611900 -0.720900 1 19 1.000000
finger
  18 7.915960 -33.617859 57.782349 -0.087153 -0.002244 -0.996192 0.625700 -0.579800 1 18 1.000000
  19 7.493134 -34.027939 57.842239 -0.333490 0.145884 -0.931398 0.637500 -0.724200 1 19 1.000000
  19 7.311668 -33.922272 58.030941 -0.627281 0.490183 -0.605176 0.659200 -0.737400 1 19 1.000000
finger
  19 7.063995 -34.492199 57.952751 -0.425669 -0.032511 -0.904295 0.634500 -0.880900 1 19 1.000000
  19 7.311668 -33.922272 58.030941 -0.627281 0.490183 -0.605176 0.659200 -0.737400 1 19 1.000000
  19 7.493134 -34.027939 57.842239 -0.333490 0.145884 -0.931398 0.637500 -0.724200 1 19 1.000000
finger
  19 7.063995 -34.492199 57.952751 -0.425669 -0.032511 -0.904295 0.634500 -0.880900 1 19 1.000000
  19 6.898540 -34.385445 58.110661 -0.712250 0.347570 -0.609832 0.662500 -0.890600 1 19 1.000000
  19 7.311668 -33.922272 58.030941 -0.627281 0.490183 -0.605176 0.659200 -0.737400 1 19 1.000000
finger
  19 7.063995 -34.492199 57.952751 -0.425669 -0.032511 -0.904295 0.634500 -0.880900 1 19 1.000000
  19 6.739404 -34.646606 58.218594 -0.827428 -0.130691 -0.546152 0.603100 -0.967000 1 19 1.000000
  19 6.898540 -34.385445 58.110661 -0.712250 0.347570 -0.609832 0.662500 -0.890600 1 19 1.000000
finger
  19 6.795954 -34.332359 58.364807 -0.851983 0.523087 -0.022475 0.315300 -0.902800 1 19 1.000000
  19 6.898540 -34.385445 58.110661 -0.712250 0.347570 -0.609832 0.662500 -0.890600 1 19 1.000000
  19 6.739404 -34.646606 58.218594 -0.827428 -0.130691 -0.546152 0.603100 -0.967000 1 19 1.000000
finger
  19 6.795954 -34.332359 58.364807 -0.851983 0.523087 -0.022475 0.315300 -0.902800 1 19 1.000000
  19 6.739404 -34.646606 58.218594 -0.827428 -0.130691 -0.546152 0.603100 -0.967000 1 19 1.000000
  19 6.672539 -34.649544 58.408470 -0.991971 -0.121583 0.034798 0.438200 -0.982500 1 19 1.000000
finger
  19 6.795954 -34.332359 58.364807 -0.851983 0.523087 -0.022475 0.315300 -0.902800 1 19 1.000000
  19 6.672539 -34.649544 58.408470 -0.991971 -0.121583 0.034798 0.438200 -0.982500 1 19 1.000000
  19 6.739284 -34.621685 58.566685 -0.760920 -0.035976 0.647847 0.351500 -0.970500 1 19 1.000000
finger
  19 6.812736 -34.844238 58.414188 -0.505451 -0.858506 0.086526 0.477200 -0.997000 1 19 1.000000
  19 6.739284 -34.621685 58.566685 -0.760920 -0.035976 0.647847 0.351500 -0.970500 1 19 1.000000
  19 6.672539 -34.649544 58.408470 -0.991971 -0.121583 0.034798 0.438200 -0.982500 1 19 1.000000
finger
  19 6.812736 -34.844238 58.414188 -0.505451 -0.858506 0.086526 0.477200 -0.997000 1 19 1.000000
  19 6.885570 -34.752476 58.605881 0.054355 -0.695480 0.716487 0.401400 -0.972900 1 19 1.000000
  19 6.739284 -34.621685 58.566685 -0.760920 -0.035976 0.647847 0.351500 -0.970500 1 19 1.000000
finger
  19 7.007554 -34.802860 58.365440 0.422183 -0.906273 0.020758 0.494000 -0.957500 1 19 1.000000
  19 6.885570 -34.752476 58.605881 0.054355 -0.695480 0.716487 0.401400 -0.972900 1 19 1.000000
  19 6.812736 -34.844238 58.414188 -0.505451 -0.858506 0.086526 0.477200 -0.997000 1 19 1.000000
finger
  19 7.301529 -34.569534 58.432663 0.634614 -0.728714 0.257372 0.466200 -0.869400 1 19 1.000000
  19 6.885570 -34.752476 58.605881 0.054355 -0.695480 0.716487 0.401400 -0.972900 1 19 1.000000
  19 7.007554 -34.802860 58.365440 0.422183 -0.906273 0.020758 0.494000 -0.957500 1 19 1.000000
finger
  19 7.223253 -34.584358 58.079540 0.586892 -0.762491 -0.272333 0.569700 -0.876100 1 19 1.000000
  19 7.301529 -34.569534 58.432663 0.634614 -0.728714 0.257372 0.466200 -0.869400 1 19 1.000000
  19 7.007554 -34.802860 58.365440 0.422183 -0.906273 0.020758 0.494000 -0.957500 1 19 1.000000
finger
  19 7.223253 -34.584358 58.079540 0.586892 -0.762491 -0.272333 0.569700 -0.876100 1 19 1.000000
  19 7.729746 -34.134251 58.384056 0.707946 -0.702547 0.072384 0.466300 -0.719700 1 19 1.000000
  19 7.301529 -34.569534 58.432663 0.634614 -0.728714 0.257372 0.466200 -0.869400 1 19 1.000000
finger
  19 7.223253 -34.584358 58.079540 0.586892 -0.762491 -0.272333 0.569700 -0.876100 1 19 1.000000
  19 7.664681 -34.144588 57.992237 0.659081 -0.702881 -0.267525 0.570100 -0.722600 1 19 1.000000
  19 7.729746 -34.134251 58.384056 0.707946 -0.702547 0.072384 0.466300 -0.719700 1 19 1.000000
finger
  19 7.664681 -34.144588 57.992237 0.659081 -0.702881 -0.267525 0.570100 -0.722600 1 19 1.000000
  18 8.074800 -33.737999 57.952541 0.656833 -0.638034 -0.401849 0.561300 -0.581400 1 18 1.000000
  19 7.729746 -34.134251 58.384056 0.707946 -0.702547 0.072384 0.466300 -0.719700 1 19 1.000000
finger
  18 8.074800 -33.737999 57.952541 0.656833 -0.638034 -0.401849 0.561300 -0.581400 1 18 1.000000
  19 7.664681 -34.144588 57.992237 0.659081 -0.702881 -0.267525 0.570100 -0.722600 1 19 1.000000
  19 7.604134 -34.103138 57.842804 0.338074 -0.461671 -0.820101 0.611900 -0.720900 1 19 1.000000
finger
  18 7.915960 -33.617859 57.782349 -0.087153 -0.002244 -0.996192 0.625700 -0.579800 1 18 1.000000
  18 8.074800 -33.737999 57.952541 0.656833 -0.638034 -0.401849 0.561300 -0.581400 1 18 1.000000
  19 7.604134 -34.103138 57.842804 0.338074 -0.461671 -0.820101 0.611900 -0.720900 1 19 1.000000
finger
  19 7.223253 -34.584358 58.079540 0.586892 -0.762491 -0.272333 0.569700 -0.876100 1 19 1.000000
  19 7.604134 -34.103138 57.842804 0.338074 -0.461671 -0.820101 0.611900 -0.720900 1 19 1.000000
  19 7.664681 -34.144588 57.992237 0.659081 -0.702881 -0.267525 0.570100 -0.722600 1 19 1.000000
finger
  19 7.063995 -34.492199 57.952751 -0.425669 -0.032511 -0.904295 0.634500 -0.880900 1 19 1.000000
  19 7.493134 -34.027939 57.842239 -0.333490 0.145884 -0.931398 0.637500 -0.724200 1 19 1.000000
  19 7.604134 -34.103138 57.842804 0.338074 -0.461671 -0.820101 0.611900 -0.720900 1 19 1.000000
finger
  19 7.063995 -34.492199 57.952751 -0.425669 -0.032511 -0.904295 0.634500 -0.880900 1 19 1.000000
  19 7.604134 -34.103138 57.842804 0.338074 -0.461671 -0.820101 0.611900 -0.720900 1 19 1.000000
  19 7.166195 -34.557301 57.951714 0.180157 -0.618942 -0.764496 0.609500 -0.877000 1 19 1.000000
finger
  19 7.223253 -34.584358 58.079540 0.586892 -0.762491 -0.272333 0.569700 -0.876100 1 19 1.000000
  19 7.166195 -34.557301 57.951714 0.180157 -0.618942 -0.764496 0.609500 -0.877000 1 19 1.000000
  19 7.604134 -34.103138 57.842804 0.338074 -0.461671 -0.820101 0.611900 -0.720900 1 19 1.000000
finger
  19 7.223253 -34.584358 58.079540 0.586892 -0.762491 -0.272333 0.569700 -0.876100 1 19 1.000000
  19 6.883721 -34.782227 58.166088 -0.114595 -0.802280 -0.585846 0.573700 -0.968400 1 19 1.000000
  19 7.166195 -34.557301 57.951714 0.180157 -0.618942 -0.764496 0.609500 -0.877000 1 19 1.000000
finger
  19 7.223253 -34.584358 58.079540 0.586892 -0.762491 -0.272333 0.569700 -0.876100 1 19 1.000000
  19 7.007554 -34.802860 58.365440 0.422183 -0.906273 0.020758 0.494000 -0.957500 1 19 1.000000
  19 6.883721 -34.782227 58.166088 -0.114595 -0.802280 -0.585846 0.573700 -0.968400 1 19 1.000000
finger
  19 7.007554 -34.802860 58.365440 0.422183 -0.906273 0.020758 0.494000 -0.957500 1 19 1.000000
  19 6.812736 -34.844238 58.414188 -0.505451 -0.858506 0.086526 0.477200 -0.997000 1 19 1.000000
  19 6.883721 -34.782227 58.166088 -0.114595 -0.802280 -0.585846 0.573700 -0.968400 1 19 1.000000
finger
  19 6.812736 -34.844238 58.414188 -0.505451 -0.858506 0.086526 0.477200 -0.997000 1 19 1.000000
  19 6.672539 -34.649544 58.408470 -0.991971 -0.121583 0.034798 0.438200 -0.982500 1 19 1.000000
  19 6.739404 -34.646606 58.218594 -0.827428 -0.130691 -0.546152 0.603100 -0.967000 1 19 1.000000
finger
  19 6.812736 -34.844238 58.414188 -0.505451 -0.858506 0.086526 0.477200 -0.997000 1 19 1.000000
  19 6.739404 -34.646606 58.218594 -0.827428 -0.130691 -0.546152 0.603100 -0.967000 1 19 1.000000
  19 6.883721 -34.782227 58.166088 -0.114595 -0.802280 -0.585846 0.573700 -0.968400 1 19 1.000000
finger
  19 7.063995 -34.492199 57.952751 -0.425669 -0.032511 -0.904295 0.634500 -0.880900 1 19 1.000000
  19 6.883721 -34.782227 58.166088 -0.114595 -0.802280 -0.585846 0.573700 -0.968400 1 19 1.000000
  19 6.739404 -34.646606 58.218594 -0.827428 -0.130691 -0.546152 0.603100 -0.967000 1 19 1.000000
finger
  19 7.063995 -34.492199 57.952751 -0.425669 -0.032511 -0.904295 0.634500 -0.880900 1 19 1.000000
  19 7.166195 -34.557301 57.951714 0.180157 -0.618942 -0.764496 0.609500 -0.877000 1 19 1.000000
  19 6.883721 -34.782227 58.166088 -0.114595 -0.802280 -0.585846 0.573700 -0.968400 1 19 1.000000
handplate
  7 8.224647 -28.837545 56.079197 0.543789 0.158217 -0.824173 0.003400 -0.532100 1 7 1.000000
  7 8.079693 -27.836992 56.233204 0.514667 0.202804 -0.833059 0.036400 -0.785500 1 7 1.000000
  7 8.810227 -27.724127 56.712021 0.711415 0.130357 -0.690576 0.138500 -0.814000 1 7 1.000000
handplate
  7 9.511981 -27.592382 58.294212 0.999038 0.038994 -0.020069 0.475900 -0.847300 1 7 1.000000
  7 9.347345 -28.473745 57.529263 0.935891 0.098280 -0.338302 0.312700 -0.624100 1 7 1.000000
  7 9.347462 -27.587563 57.482155 0.919984 -0.020936 -0.391396 0.302700 -0.848600 1 7 1.000000
handplate
  7 8.810227 -27.724127 56.712021 0.711415 0.130357 -0.690576 0.138500 -0.814000 1 7 1.000000
  7 9.347462 -27.587563 57.482155 0.919984 -0.020936 -0.391396 0.302700 -0.848600 1 7 1.000000
  7 9.347345 -28.473745 57.529263 0.935891 0.098280 -0.338302 0.312700 -0.624100 1 7 1.000000
handplate
  7 9.347345 -28.473745 57.529263 0.935891 0.098280 -0.338302 0.312700 -0.624100 1 7 1.000000
  7 8.860871 -28.425970 56.585278 0.738337 0.166277 -0.653613 0.111400 -0.636300 1 7 1.000000
  7 8.810227 -27.724127 56.712021 0.711415 0.130357 -0.690576 0.138500 -0.814000 1 7 1.000000
handplate
  7 8.810227 -27.724127 56.712021 0.711415 0.130357 -0.690576 0.138500 -0.814000 1 7 1.000000
  7 8.860871 -28.425970 56.585278 0.738337 0.166277 -0.653613 0.111400 -0.636300 1 7 1.000000
  7 8.224647 -28.837545 56.079197 0.543789 0.158217 -0.824173 0.003400 -0.532100 1 7 1.000000
handplate
  7 8.860871 -28.425970 56.585278 0.738337 0.166277 -0.653613 0.111400 -0.636300 1 7 1.000000
  7 8.990478 -29.103678 56.565857 0.734131 0.166774 -0.658208 0.107200 -0.464700 1 7 1.000000
  7 8.224647 -28.837545 56.079197 0.543789 0.158217 -0.824173 0.003400 -0.532100 1 7 1.000000
handplate
  7 8.450146 -29.972147 56.079670 0.522083 0.062205 -0.850623 0.003400 -0.244800 1 7 1.000000
  7 8.224647 -28.837545 56.079197 0.543789 0.158217 -0.824173 0.003400 -0.532100 1 7 1.000000
  7 8.990478 -29.103678 56.565857 0.734131 0.166774 -0.658208 0.107200 -0.464700 1 7 1.000000
handplate
  7 8.990478 -29.103678 56.565857 0.734131 0.166774 -0.658208 0.107200 -0.464700 1 7 1.000000
  7 9.161804 -30.028204 56.490734 0.709348 0.093760 -0.698594 0.091100 -0.230600 1 7 1.000000
  7 8.450146 -29.972147 56.079670 0.522083 0.062205 -0.850623 0.003400 -0.244800 1 7 1.000000
handplate
  7 8.546601 -30.690702 56.207550 0.448026 -0.034110 -0.893369 0.030700 -0.062900 1 7 1.000000
  7 8.450146 -29.972147 56.079670 0.522083 0.062205 -0.850623 0.003400 -0.244800 1 7 1.000000
  7 9.161804 -30.028204 56.490734 0.709348 0.093760 -0.698594 0.091100 -0.230600 1 7 1.000000
handplate
  7 9.161804 -30.028204 56.490734 0.709348 0.093760 -0.698594 0.091100 -0.230600 1 7 1.000000
  7 9.176907 -30.656008 56.483856 0.748830 0.069873 -0.659068 0.089600 -0.071600 1 7 1.000000
  7 8.546601 -30.690702 56.207550 0.448026 -0.034110 -0.893369 0.030700 -0.062900 1 7 1.000000
handplate
  7 9.176907 -30.656008 56.483856 0.748830 0.069873 -0.659068 0.089600 -0.071600 1 7 1.000000
  7 9.161804 -30.028204 56.490734 0.709348 0.093760 -0.698594 0.091100 -0.230600 1 7 1.000000
  7 9.631477 -29.937077 57.436066 0.965472 0.105016 -0.238400 0.292700 -0.253600 1 7 1.000000
handplate
  7 9.631477 -29.937077 57.436066 0.965472 0.105016 -0.238400 0.292700 -0.253600 1 7 1.000000
  7 9.660431 -30.616531 57.282009 0.949616 0.107200 -0.294513 0.259800 -0.081600 1 7 1.000000
  7 9.176907 -30.656008 56.483856 0.748830 0.069873 -0.659068 0.089600 -0.071600 1 7 1.000000
handplate
  7 9.714767 -30.586266 58.338322 0.992431 0.113285 -0.047397 0.485100 -0.089100 1 7 1.000000
  7 9.660431 -30.616531 57.282009 0.949616 0.107200 -0.294513 0.259800 -0.081600 1 7 1.000000
  7 9.631477 -29.937077 57.436066 0.965472 0.105016 -0.238400 0.292700 -0.253600 1 7 1.000000
handplate
  7 9.714767 -30.586266 58.338322 0.992431 0.113285 -0.047397 0.485100 -0.089100 1 7 1.000000
  7 9.631477 -29.937077 57.436066 0.965472 0.105016 -0.238400 0.292700 -0.253600 1 7 1.000000
  7 9.681950 -30.253250 58.674492 0.996242 0.063981 -0.058379 0.556800 -0.173400 1 7 1.000000
handplate
  7 9.714767 -30.586266 58.338322 0.992431 0.113285 -0.047397 0.485100 -0.089100 1 7 1.000000
  7 9.681950 -30.253250 58.674492 0.996242 0.063981 -0.058379 0.556800 -0.173400 1 7 1.000000
  7 9.739545 -30.317245 59.264233 0.995422 0.079882 -0.052484 0.682600 -0.157200 1 7 1.000000
handplate
  7 9.692150 -29.579950 58.674263 0.992221 0.120991 -0.029299 0.556800 -0.343900 1 7 1.000000
  7 9.739545 -30.317245 59.264233 0.995422 0.079882 -0.052484 0.682600 -0.157200 1 7 1.000000
  7 9.681950 -30.253250 58.674492 0.996242 0.063981 -0.058379 0.556800 -0.173400 1 7 1.000000
handplate
  7 9.739545 -30.317245 59.264233 0.995422 0.079882 -0.052484 0.682600 -0.157200 1 7 1.000000
  7 9.692150 -29.579950 58.674263 0.992221 0.120991 -0.029299 0.556800 -0.343900 1 7 1.000000
  7 9.692803 -29.758406 59.383625 0.979243 0.196809 0.048468 0.708100 -0.298700 1 7 1.000000
handplate
  7 9.367448 -28.810247 59.550385 0.964470 0.137984 0.225296 0.743800 -0.538800 1 7 1.000000
  7 9.692803 -29.758406 59.383625 0.979243 0.196809 0.048468 0.708100 -0.298700 1 7 1.000000
  7 9.692150 -29.579950 58.674263 0.992221 0.120991 -0.029299 0.556800 -0.343900 1 7 1.000000
handplate
  7 9.692150 -29.579950 58.674263 0.992221 0.120991 -0.029299 0.556800 -0.343900 1 7 1.000000
  7 9.588112 -28.599411 58.495689 0.995969 0.089596 -0.004187 0.518800 -0.592200 1 7 1.000000
  7 9.367448 -28.810247 59.550385 0.964470 0.137984 0.225296 0.743800 -0.538800 1 7 1.000000
handplate
  7 9.692150 -29.579950 58.674263 0.992221 0.120991 -0.029299 0.556800 -0.343900 1 7 1.000000
  7 9.681950 -30.253250 58.674492 0.996242 0.063981 -0.058379 0.556800 -0.173400 1 7 1.000000
  7 9.631477 -29.937077 57.436066 0.965472 0.105016 -0.238400 0.292700 -0.253600 1 7 1.000000
handplate
  7 9.367448 -28.810247 59.550385 0.964470 0.137984 0.225296 0.743800 -0.538800 1 7 1.000000
  7 9.588112 -28.599411 58.495689 0.995969 0.089596 -0.004187 0.518800 -0.592200 1 7 1.000000
  7 9.511981 -27.592382 58.294212 0.999038 0.038994 -0.020069 0.475900 -0.847300 1 7 1.000000
handplate
  7 9.347345 -28.473745 57.529263 0.935891 0.098280 -0.338302 0.312700 -0.624100 1 7 1.000000
  7 9.511981 -27.592382 58.294212 0.999038 0.038994 -0.020069 0.475900 -0.847300 1 7 1.000000
  7 9.588112 -28.599411 58.495689 0.995969 0.089596 -0.004187 0.518800 -0.592200 1 7 1.000000
handplate
  7 9.692150 -29.579950 58.674263 0.992221 0.120991 -0.029299 0.556800 -0.343900 1 7 1.000000
  7 9.347345 -28.473745 57.529263 0.935891 0.098280 -0.338302 0.312700 -0.624100 1 7 1.000000
  7 9.588112 -28.599411 58.495689 0.995969 0.089596 -0.004187 0.518800 -0.592200 1 7 1.000000
handplate
  7 9.347345 -28.473745 57.529263 0.935891 0.098280 -0.338302 0.312700 -0.624100 1 7 1.000000
  7 9.692150 -29.579950 58.674263 0.992221 0.120991 -0.029299 0.556800 -0.343900 1 7 1.000000
  7 9.522637 -29.248438 57.553791 0.929706 0.200493 -0.308948 0.317900 -0.428000 1 7 1.000000
handplate
  7 9.631477 -29.937077 57.436066 0.965472 0.105016 -0.238400 0.292700 -0.253600 1 7 1.000000
  7 9.522637 -29.248438 57.553791 0.929706 0.200493 -0.308948 0.317900 -0.428000 1 7 1.000000
  7 9.692150 -29.579950 58.674263 0.992221 0.120991 -0.029299 0.556800 -0.343900 1 7 1.000000
handplate
  7 9.522637 -29.248438 57.553791 0.929706 0.200493 -0.308948 0.317900 -0.428000 1 7 1.000000
  7 9.631477 -29.937077 57.436066 0.965472 0.105016 -0.238400 0.292700 -0.253600 1 7 1.000000
  7 9.161804 -30.028204 56.490734 0.709348 0.093760 -0.698594 0.091100 -0.230600 1 7 1.000000
handplate
  7 9.161804 -30.028204 56.490734 0.709348 0.093760 -0.698594 0.091100 -0.230600 1 7 1.000000
  7 8.990478 -29.103678 56.565857 0.734131 0.166774 -0.658208 0.107200 -0.464700 1 7 1.000000
  7 9.522637 -29.248438 57.553791 0.929706 0.200493 -0.308948 0.317900 -0.428000 1 7 1.000000
handplate
  7 9.347345 -28.473745 57.529263 0.935891 0.098280 -0.338302 0.312700 -0.624100 1 7 1.000000
  7 9.522637 -29.248438 57.553791 0.929706 0.200493 -0.308948 0.317900 -0.428000 1 7 1.000000
  7 8.990478 -29.103678 56.565857 0.734131 0.166774 -0.658208 0.107200 -0.464700 1 7 1.000000
handplate
  7 8.990478 -29.103678 56.565857 0.734131 0.166774 -0.658208 0.107200 -0.464700 1 7 1.000000
  7 8.860871 -28.425970 56.585278 0.738337 0.166277 -0.653613 0.111400 -0.636300 1 7 1.000000
  7 9.347345 -28.473745 57.529263 0.935891 0.098280 -0.338302 0.312700 -0.624100 1 7 1.000000
handplate
  7 9.511981 -27.592382 58.294212 0.999038 0.038994 -0.020069 0.475900 -0.847300 1 7 1.000000
  7 9.380548 -27.474348 59.260231 0.921328 0.095126 0.376968 0.682000 -0.877100 1 7 1.000000
  7 9.367448 -28.810247 59.550385 0.964470 0.137984 0.225296 0.743800 -0.538800 1 7 1.000000
handplate
  7 9.084274 -28.485476 60.052174 0.812425 0.124800 0.569553 0.850900 -0.621000 1 7 1.000000
  7 9.367448 -28.810247 59.550385 0.964470 0.137984 0.225296 0.743800 -0.538800 1 7 1.000000
  7 9.380548 -27.474348 59.260231 0.921328 0.095126 0.376968 0.682000 -0.877100 1 7 1.000000
handplate
  7 9.084274 -28.485476 60.052174 0.812425 0.124800 0.569553 0.850900 -0.621000 1 7 1.000000
  7 9.380548 -27.474348 59.260231 0.921328 0.095126 0.376968 0.682000 -0.877100 1 7 1.000000
  7 8.743321 -27.312822 60.202850 0.554821 0.250071 0.793497 0.883100 -0.917900 1 7 1.000000
handplate
  7 8.743321 -27.312822 60.202850 0.554821 0.250071 0.793497 0.883100 -0.917900 1 7 1.000000
  7 8.593721 -28.274420 60.495132 0.559429 0.160184 0.813253 0.945400 -0.674400 1 7 1.000000
  7 9.084274 -28.485476 60.052174 0.812425 0.124800 0.569553 0.850900 -0.621000 1 7 1.000000
handplate
  7 8.593721 -28.274420 60.495132 0.559429 0.160184 0.813253 0.945400 -0.674400 1 7 1.000000
  7 8.743321 -27.312822 60.202850 0.554821 0.250071 0.793497 0.883100 -0.917900 1 7 1.000000
  7 7.932834 -28.050232 60.748428 0.257893 0.360313 0.896474 0.999500 -0.731100 1 7 1.000000
handplate
  7 8.743321 -27.312822 60.202850 0.554821 0.250071 0.793497 0.883100 -0.917900 1 7 1.000000
  7 7.353038 -27.261837 60.446754 -0.311595 0.377193 0.872143 0.935300 -0.930800 1 7 1.000000
  7 7.932834 -28.050232 60.748428 0.257893 0.360313 0.896474 0.999500 -0.731100 1 7 1.000000
handplate
  7 7.353038 -27.261837 60.446754 -0.311595 0.377193 0.872143 0.935300 -0.930800 1 7 1.000000
  7 7.322770 -27.721571 60.642605 -0.450178 0.454678 0.768510 0.977000 -0.814300 1 7 1.000000
  7 7.932834 -28.050232 60.748428 0.257893 0.360313 0.896474 0.999500 -0.731100 1 7 1.000000
handplate
  7 8.063291 -28.937290 56.237778 -0.573205 -0.046981 -0.818064 0.037300 -0.506900 1 7 1.000000
  7 7.784256 -27.531857 56.338596 -0.334889 0.001175 -0.942257 0.058900 -0.862800 1 7 1.000000
  7 8.079693 -27.836992 56.233204 -0.531721 0.004508 -0.846907 0.036400 -0.785500 1 7 1.000000
handplate
  7 8.079693 -27.836992 56.233204 -0.531721 0.004508 -0.846907 0.036400 -0.785500 1 7 1.000000
  7 8.224647 -28.837545 56.079197 -0.694221 -0.094942 -0.713473 0.003400 -0.532100 1 7 1.000000
  7 8.063291 -28.937290 56.237778 -0.573205 -0.046981 -0.818064 0.037300 -0.506900 1 7 1.000000
handplate
  7 8.342191 -30.167091 56.238297 -0.696937 -0.149538 -0.701368 0.037300 -0.195500 1 7 1.000000
  7 8.063291 -28.937290 56.237778 -0.573205 -0.046981 -0.818064 0.037300 -0.506900 1 7 1.000000
  7 8.224647 -28.837545 56.079197 -0.694221 -0.094942 -0.713473 0.003400 -0.532100 1 7 1.000000
handplate
  7 8.224647 -28.837545 56.079197 -0.694221 -0.094942 -0.713473 0.003400 -0.532100 1 7 1.000000
  7 8.450146 -29.972147 56.079670 -0.649941 -0.174155 -0.739761 0.003400 -0.244800 1 7 1.000000
  7 8.342191 -30.167091 56.238297 -0.696937 -0.149538 -0.701368 0.037300 -0.195500 1 7 1.000000
handplate
  7 8.399151 -30.936951 56.355583 -0.608609 -0.188258 -0.770814 0.062200 -0.000500 1 7 1.000000
  7 8.342191 -30.167091 56.238297 -0.696937 -0.149538 -0.701368 0.037300 -0.195500 1 7 1.000000
  7 8.450146 -29.972147 56.079670 -0.649941 -0.174155 -0.739761 0.003400 -0.244800 1 7 1.000000
handplate
  7 8.450146 -29.972147 56.079670 -0.649941 -0.174155 -0.739761 0.003400 -0.244800 1 7 1.000000
  7 8.546601 -30.690702 56.207550 -0.488201 -0.215989 -0.845582 0.030700 -0.062900 1 7 1.000000
  7 8.399151 -30.936951 56.355583 -0.608609 -0.188258 -0.770814 0.062200 -0.000500 1 7 1.000000
handplate
  27 -7.997921 -29.061880 55.978970 0.571676 -0.051282 -0.818875 0.037300 -0.506900 1 27 1.000000
  27 -8.008919 -27.874182 55.974659 0.534284 0.001808 -0.845303 0.036400 -0.785500 1 27 1.000000
  27 -7.689559 -27.539440 56.094650 0.351940 -0.000123 -0.936022 0.058900 -0.862800 1 27 1.000000
handplate
  27 -8.008919 -27.874182 55.974659 0.534284 0.001808 -0.845303 0.036400 -0.785500 1 27 1.000000
  27 -7.997921 -29.061880 55.978970 0.571676 -0.051282 -0.818875 0.037300 -0.506900 1 27 1.000000
  27 -8.175460 -28.958241 55.808174 0.679911 -0.101845 -0.726188 0.003400 -0.532100 1 27 1.000000
handplate
  27 -8.317122 -30.396578 55.982822 0.677556 -0.157450 -0.718420 0.037300 -0.195500 1 27 1.000000
  27 -8.175460 -28.958241 55.808174 0.679911 -0.101845 -0.726188 0.003400 -0.532100 1 27 1.000000
  27 -7.997921 -29.061880 55.978970 0.571676 -0.051282 -0.818875 0.037300 -0.506900 1 27 1.000000
handplate
  27 -8.175460 -28.958241 55.808174 0.679911 -0.101845 -0.726188 0.003400 -0.532100 1 27 1.000000
  27 -8.317122 -30.396578 55.982822 0.677556 -0.157450 -0.718420 0.037300 -0.195500 1 27 1.000000
  27 -8.439363 -30.188137 55.813606 0.626259 -0.180561 -0.758418 0.003400 -0.244800 1 27 1.000000
handplate
  27 -8.384565 -31.229136 56.110485 0.585844 -0.193463 -0.786994 0.062200 -0.000500 1 27 1.000000
  27 -8.439363 -30.188137 55.813606 0.626259 -0.180561 -0.758418 0.003400 -0.244800 1 27 1.000000
  27 -8.317122 -30.396578 55.982822 0.677556 -0.157450 -0.718420 0.037300 -0.195500 1 27 1.000000
handplate
  27 -8.439363 -30.188137 55.813606 0.626259 -0.180561 -0.758418 0.003400 -0.244800 1 27 1.000000
  27 -8.384565 -31.229136 56.110485 0.585844 -0.193463 -0.786994 0.062200 -0.000500 1 27 1.000000
  27 -8.546811 -30.965488 55.954342 0.467190 -0.219593 -0.856453 0.030700 -0.062900 1 27 1.000000
handplate
  27 -9.004243 -29.264057 56.339092 -0.739473 0.163574 -0.653010 0.107200 -0.464700 1 27 1.000000
  27 -9.393600 -28.592699 57.373825 -0.936166 0.082481 -0.341746 0.312700 -0.624100 1 27 1.000000
  27 -8.860248 -28.529154 56.350689 -0.739632 0.159765 -0.653773 0.111400 -0.636300 1 27 1.000000
handplate
  27 -9.404861 -28.950439 59.576447 -0.966664 0.116077 0.228223 0.743800 -0.538800 1 27 1.000000
  27 -9.595282 -27.643717 58.185631 -0.999541 0.016592 -0.025352 0.475900 -0.847300 1 27 1.000000
  27 -9.655165 -28.731136 58.428185 -0.997646 0.068502 -0.003068 0.518800 -0.592200 1 27 1.000000
handplate
  27 -9.393600 -28.592699 57.373825 -0.936166 0.082481 -0.341746 0.312700 -0.624100 1 27 1.000000
  27 -9.655165 -28.731136 58.428185 -0.997646 0.068502 -0.003068 0.518800 -0.592200 1 27 1.000000
  27 -9.595282 -27.643717 58.185631 -0.999541 0.016592 -0.025352 0.475900 -0.847300 1 27 1.000000
handplate
  27 -9.595282 -27.643717 58.185631 -0.999541 0.016592 -0.025352 0.475900 -0.847300 1 27 1.000000
  27 -9.403876 -27.634123 57.303490 -0.913588 -0.039541 -0.404714 0.302700 -0.848600 1 27 1.000000
  27 -9.393600 -28.592699 57.373825 -0.936166 0.082481 -0.341746 0.312700 -0.624100 1 27 1.000000
handplate
  27 -8.806992 -27.768908 56.479946 -0.707757 0.121759 -0.695884 0.138500 -0.814000 1 27 1.000000
  27 -9.393600 -28.592699 57.373825 -0.936166 0.082481 -0.341746 0.312700 -0.624100 1 27 1.000000
  27 -9.403876 -27.634123 57.303490 -0.913588 -0.039541 -0.404714 0.302700 -0.848600 1 27 1.000000
handplate
  27 -9.393600 -28.592699 57.373825 -0.936166 0.082481 -0.341746 0.312700 -0.624100 1 27 1.000000
  27 -8.806992 -27.768908 56.479946 -0.707757 0.121759 -0.695884 0.138500 -0.814000 1 27 1.000000
  27 -8.860248 -28.529154 56.350689 -0.739632 0.159765 -0.653773 0.111400 -0.636300 1 27 1.000000
handplate
  27 -8.806992 -27.768908 56.479946 -0.707757 0.121759 -0.695884 0.138500 -0.814000 1 27 1.000000
  27 -8.175460 -28.958241 55.808174 -0.545027 0.156619 -0.823660 0.003400 -0.532100 1 27 1.000000
  27 -8.860248 -28.529154 56.350689 -0.739632 0.159765 -0.653773 0.111400 -0.636300 1 27 1.000000
handplate
  27 -8.860248 -28.529154 56.350689 -0.739632 0.159765 -0.653773 0.111400 -0.636300 1 27 1.000000
  27 -8.175460 -28.958241 55.808174 -0.545027 0.156619 -0.823660 0.003400 -0.532100 1 27 1.000000
  27 -9.004243 -29.264057 56.339092 -0.739473 0.163574 -0.653010 0.107200 -0.464700 1 27 1.000000
handplate
  27 -8.439363 -30.188137 55.813606 -0.534632 0.064212 -0.842642 0.003400 -0.244800 1 27 1.000000
  27 -9.004243 -29.264057 56.339092 -0.739473 0.163574 -0.653010 0.107200 -0.464700 1 27 1.000000
  27 -8.175460 -28.958241 55.808174 -0.545027 0.156619 -0.823660 0.003400 -0.532100 1 27 1.000000
handplate
  27 -9.004243 -29.264057 56.339092 -0.739473 0.163574 -0.653010 0.107200 -0.464700 1 27 1.000000
  27 -8.439363 -30.188137 55.813606 -0.534632 0.064212 -0.842642 0.003400 -0.244800 1 27 1.000000
  27 -9.200721 -30.263779 56.271671 -0.722151 0.092162 -0.685569 0.091100 -0.230600 1 27 1.000000
handplate
  27 -8.546811 -30.965488 55.954342 -0.465593 -0.034005 -0.884345 0.030700 -0.062900 1 27 1.000000
  27 -9.200721 -30.263779 56.271671 -0.722151 0.092162 -0.685569 0.091100 -0.230600 1 27 1.000000
  27 -8.439363 -30.188137 55.813606 -0.534632 0.064212 -0.842642 0.003400 -0.244800 1 27 1.000000
handplate
  27 -9.200721 -30.263779 56.271671 -0.722151 0.092162 -0.685569 0.091100 -0.230600 1 27 1.000000
  27 -8.546811 -30.965488 55.954342 -0.465593 -0.034005 -0.884345 0.030700 -0.062900 1 27 1.000000
  27 -9.221720 -30.939781 56.268497 -0.763481 0.068479 -0.642189 0.089600 -0.071600 1 27 1.000000
handplate
  27 -9.221720 -30.939781 56.268497 -0.763481 0.068479 -0.642189 0.089600 -0.071600 1 27 1.000000
  27 -9.688876 -30.177423 57.301674 -0.970296 0.097821 -0.221262 0.292700 -0.253600 1 27 1.000000
  27 -9.200721 -30.263779 56.271671 -0.722151 0.092162 -0.685569 0.091100 -0.230600 1 27 1.000000
handplate
  27 -9.688876 -30.177423 57.301674 -0.970296 0.097821 -0.221262 0.292700 -0.253600 1 27 1.000000
  27 -9.221720 -30.939781 56.268497 -0.763481 0.068479 -0.642189 0.089600 -0.071600 1 27 1.000000
  27 -9.723221 -30.907978 57.142815 -0.956558 0.104212 -0.272281 0.259800 -0.081600 1 27 1.000000
handplate
  27 -9.757715 -30.877583 58.286892 -0.993908 0.106192 -0.029480 0.485100 -0.089100 1 27 1.000000
  27 -9.688876 -30.177423 57.301674 -0.970296 0.097821 -0.221262 0.292700 -0.253600 1 27 1.000000
  27 -9.723221 -30.907978 57.142815 -0.956558 0.104212 -0.272281 0.259800 -0.081600 1 27 1.000000
handplate
  27 -9.757715 -30.877583 58.286892 -0.993908 0.106192 -0.029480 0.485100 -0.089100 1 27 1.000000
  27 -9.720040 -30.517559 58.648380 -0.997853 0.049784 -0.042560 0.556800 -0.173400 1 27 1.000000
  27 -9.688876 -30.177423 57.301674 -0.970296 0.097821 -0.221262 0.292700 -0.253600 1 27 1.000000
handplate
  27 -9.757715 -30.877583 58.286892 -0.993908 0.106192 -0.029480 0.485100 -0.089100 1 27 1.000000
  27 -9.769961 -30.586538 59.287884 -0.997331 0.063591 -0.035868 0.682600 -0.157200 1 27 1.000000
  27 -9.720040 -30.517559 58.648380 -0.997853 0.049784 -0.042560 0.556800 -0.173400 1 27 1.000000
handplate
  27 -9.743739 -29.791262 58.642120 -0.994489 0.102993 -0.019579 0.556800 -0.343900 1 27 1.000000
  27 -9.720040 -30.517559 58.648380 -0.997853 0.049784 -0.042560 0.556800 -0.173400 1 27 1.000000
  27 -9.769961 -30.586538 59.287884 -0.997331 0.063591 -0.035868 0.682600 -0.157200 1 27 1.000000
handplate
  27 -9.769961 -30.586538 59.287884 -0.997331 0.063591 -0.035868 0.682600 -0.157200 1 27 1.000000
  27 -9.729205 -29.982195 59.413589 -0.982759 0.174328 0.061603 0.708100 -0.298700 1 27 1.000000
  27 -9.743739 -29.791262 58.642120 -0.994489 0.102993 -0.019579 0.556800 -0.343900 1 27 1.000000
handplate
  27 -9.404861 -28.950439 59.576447 -0.966664 0.116077 0.228223 0.743800 -0.538800 1 27 1.000000
  27 -9.743739 -29.791262 58.642120 -0.994489 0.102993 -0.019579 0.556800 -0.343900 1 27 1.000000
  27 -9.729205 -29.982195 59.413589 -0.982759 0.174328 0.061603 0.708100 -0.298700 1 27 1.000000
handplate
  27 -9.743739 -29.791262 58.642120 -0.994489 0.102993 -0.019579 0.556800 -0.343900 1 27 1.000000
  27 -9.404861 -28.950439 59.576447 -0.966664 0.116077 0.228223 0.743800 -0.538800 1 27 1.000000
  27 -9.655165 -28.731136 58.428185 -0.997646 0.068502 -0.003068 0.518800 -0.592200 1 27 1.000000
handplate
  27 -9.743739 -29.791262 58.642120 -0.994489 0.102993 -0.019579 0.556800 -0.343900 1 27 1.000000
  27 -9.655165 -28.731136 58.428185 -0.997646 0.068502 -0.003068 0.518800 -0.592200 1 27 1.000000
  27 -9.393600 -28.592699 57.373825 -0.936166 0.082481 -0.341746 0.312700 -0.624100 1 27 1.000000
handplate
  27 -9.393600 -28.592699 57.373825 -0.936166 0.082481 -0.341746 0.312700 -0.624100 1 27 1.000000
  27 -9.574815 -29.433084 57.416553 -0.934907 0.191499 -0.298792 0.317900 -0.428000 1 27 1.000000
  27 -9.743739 -29.791262 58.642120 -0.994489 0.102993 -0.019579 0.556800 -0.343900 1 27 1.000000
handplate
  27 -9.393600 -28.592699 57.373825 -0.936166 0.082481 -0.341746 0.312700 -0.624100 1 27 1.000000
  27 -9.004243 -29.264057 56.339092 -0.739473 0.163574 -0.653010 0.107200 -0.464700 1 27 1.000000
  27 -9.574815 -29.433084 57.416553 -0.934907 0.191499 -0.298792 0.317900 -0.428000 1 27 1.000000
handplate
  27 -9.200721 -30.263779 56.271671 -0.722151 0.092162 -0.685569 0.091100 -0.230600 1 27 1.000000
  27 -9.574815 -29.433084 57.416553 -0.934907 0.191499 -0.298792 0.317900 -0.428000 1 27 1.000000
  27 -9.004243 -29.264057 56.339092 -0.739473 0.163574 -0.653010 0.107200 -0.464700 1 27 1.000000
handplate
  27 -9.574815 -29.433084 57.416553 -0.934907 0.191499 -0.298792 0.317900 -0.428000 1 27 1.000000
  27 -9.200721 -30.263779 56.271671 -0.722151 0.092162 -0.685569 0.091100 -0.230600 1 27 1.000000
  27 -9.688876 -30.177423 57.301674 -0.970296 0.097821 -0.221262 0.292700 -0.253600 1 27 1.000000
handplate
  27 -9.688876 -30.177423 57.301674 -0.970296 0.097821 -0.221262 0.292700 -0.253600 1 27 1.000000
  27 -9.743739 -29.791262 58.642120 -0.994489 0.102993 -0.019579 0.556800 -0.343900 1 27 1.000000
  27 -9.574815 -29.433084 57.416553 -0.934907 0.191499 -0.298792 0.317900 -0.428000 1 27 1.000000
handplate
  27 -9.743739 -29.791262 58.642120 -0.994489 0.102993 -0.019579 0.556800 -0.343900 1 27 1.000000
  27 -9.688876 -30.177423 57.301674 -0.970296 0.097821 -0.221262 0.292700 -0.253600 1 27 1.000000
  27 -9.720040 -30.517559 58.648380 -0.997853 0.049784 -0.042560 0.556800 -0.173400 1 27 1.000000
handplate
  27 -8.175460 -28.958241 55.808174 -0.545027 0.156619 -0.823660 0.003400 -0.532100 1 27 1.000000
  27 -8.806992 -27.768908 56.479946 -0.707757 0.121759 -0.695884 0.138500 -0.814000 1 27 1.000000
  27 -8.008919 -27.874182 55.974659 -0.503798 0.206305 -0.838824 0.036400 -0.785500 1 27 1.000000
handplate
  27 -9.595282 -27.643717 58.185631 -0.999541 0.016592 -0.025352 0.475900 -0.847300 1 27 1.000000
  27 -9.404861 -28.950439 59.576447 -0.966664 0.116077 0.228223 0.743800 -0.538800 1 27 1.000000
  27 -9.467044 -27.509254 59.235825 -0.925143 0.068630 0.373363 0.682000 -0.877100 1 27 1.000000
handplate
  27 -9.106747 -28.592752 60.113827 -0.814781 0.102295 0.570672 0.850900 -0.621000 1 27 1.000000
  27 -9.467044 -27.509254 59.235825 -0.925143 0.068630 0.373363 0.682000 -0.877100 1 27 1.000000
  27 -9.404861 -28.950439 59.576447 -0.966664 0.116077 0.228223 0.743800 -0.538800 1 27 1.000000
handplate
  27 -9.106747 -28.592752 60.113827 -0.814781 0.102295 0.570672 0.850900 -0.621000 1 27 1.000000
  27 -8.788098 -27.318800 60.263393 -0.561164 0.233070 0.794212 0.883100 -0.917900 1 27 1.000000
  27 -9.467044 -27.509254 59.235825 -0.925143 0.068630 0.373363 0.682000 -0.877100 1 27 1.000000
handplate
  27 -8.788098 -27.318800 60.263393 -0.561164 0.233070 0.794212 0.883100 -0.917900 1 27 1.000000
  27 -9.106747 -28.592752 60.113827 -0.814781 0.102295 0.570672 0.850900 -0.621000 1 27 1.000000
  27 -8.580911 -28.355787 60.589424 -0.559196 0.144886 0.816277 0.945400 -0.674400 1 27 1.000000
handplate
  27 -8.580911 -28.355787 60.589424 -0.559196 0.144886 0.816277 0.945400 -0.674400 1 27 1.000000
  27 -7.871505 -28.101995 60.861683 -0.265206 0.349105 0.898772 0.999500 -0.731100 1 27 1.000000
  27 -8.788098 -27.318800 60.263393 -0.561164 0.233070 0.794212 0.883100 -0.917900 1 27 1.000000
handplate
  27 -8.788098 -27.318800 60.263393 -0.561164 0.233070 0.794212 0.883100 -0.917900 1 27 1.000000
  27 -7.871505 -28.101995 60.861683 -0.265206 0.349105 0.898772 0.999500 -0.731100 1 27 1.000000
  26 -7.284894 -27.232407 60.539486 0.297697 0.380002 0.875771 0.935300 -0.930800 1 26 1.000000
handplate
  26 -7.284894 -27.232407 60.539486 0.297697 0.380002 0.875771 0.935300 -0.930800 1 26 1.000000
  27 -7.871505 -28.101995 60.861683 -0.265206 0.349105 0.898772 0.999500 -0.731100 1 27 1.000000
  27 -7.229167 -27.732134 60.748577 0.442029 0.465958 0.766481 0.977000 -0.814300 1 27 1.000000
handplate
  27 -8.806992 -27.768908 56.479946 -0.373389 0.733874 -0.567459 0.138500 -0.814000 1 27 1.000000
  27 -7.689559 -27.539440 56.094650 -0.359479 0.682978 -0.635858 0.058900 -0.862800 1 27 1.000000
  27 -8.008919 -27.874182 55.974659 -0.367758 0.604260 -0.706840 0.036400 -0.785500 1 27 1.000000
handplate
  27 -7.689559 -27.539440 56.094650 -0.359479 0.682978 -0.635858 0.058900 -0.862800 1 27 1.000000
  27 -8.806992 -27.768908 56.479946 -0.373389 0.733874 -0.567459 0.138500 -0.814000 1 27 1.000000
  27 -8.424403 -27.569096 56.511906 -0.282789 0.895904 -0.342616 0.144000 -0.858800 1 27 1.000000
handplate
  27 -9.403876 -27.634123 57.303490 -0.184954 0.971477 -0.148404 0.302700 -0.848600 1 27 1.000000
  27 -8.424403 -27.569096 56.511906 -0.282789 0.895904 -0.342616 0.144000 -0.858800 1 27 1.000000
  27 -8.806992 -27.768908 56.479946 -0.373389 0.733874 -0.567459 0.138500 -0.814000 1 27 1.000000
handplate
  27 -8.424403 -27.569096 56.511906 -0.282789 0.895904 -0.342616 0.144000 -0.858800 1 27 1.000000
  27 -9.403876 -27.634123 57.303490 -0.184954 0.971477 -0.148404 0.302700 -0.848600 1 27 1.000000
  27 -8.997495 -27.604706 57.354923 -0.069298 0.997589 -0.003668 0.311800 -0.853400 1 27 1.000000
handplate
  27 -9.595282 -27.643717 58.185631 -0.069689 0.996731 -0.040870 0.475900 -0.847300 1 27 1.000000
  27 -8.997495 -27.604706 57.354923 -0.069298 0.997589 -0.003668 0.311800 -0.853400 1 27 1.000000
  27 -9.403876 -27.634123 57.303490 -0.184954 0.971477 -0.148404 0.302700 -0.848600 1 27 1.000000
handplate
  27 -8.997495 -27.604706 57.354923 -0.069298 0.997589 -0.003668 0.311800 -0.853400 1 27 1.000000
  27 -9.595282 -27.643717 58.185631 -0.069689 0.996731 -0.040870 0.475900 -0.847300 1 27 1.000000
  27 -9.251073 -27.621326 58.162540 -0.014677 0.997587 -0.067850 0.470700 -0.850800 1 27 1.000000
handplate
  27 -9.467044 -27.509254 59.235825 0.036951 0.988338 -0.147727 0.682000 -0.877100 1 27 1.000000
  27 -9.251073 -27.621326 58.162540 -0.014677 0.997587 -0.067850 0.470700 -0.850800 1 27 1.000000
  27 -9.595282 -27.643717 58.185631 -0.069689 0.996731 -0.040870 0.475900 -0.847300 1 27 1.000000
handplate
  27 -9.251073 -27.621326 58.162540 -0.014677 0.997587 -0.067850 0.470700 -0.850800 1 27 1.000000
  27 -9.467044 -27.509254 59.235825 0.036951 0.988338 -0.147727 0.682000 -0.877100 1 27 1.000000
  27 -8.891342 -27.564058 59.229042 0.044665 0.981962 -0.183728 0.679500 -0.861300 1 27 1.000000
handplate
  27 -8.788098 -27.318800 60.263393 0.005675 0.976346 -0.216140 0.883100 -0.917900 1 27 1.000000
  27 -8.891342 -27.564058 59.229042 0.044665 0.981962 -0.183728 0.679500 -0.861300 1 27 1.000000
  27 -9.467044 -27.509254 59.235825 0.036951 0.988338 -0.147727 0.682000 -0.877100 1 27 1.000000
handplate
  27 -8.891342 -27.564058 59.229042 0.044665 0.981962 -0.183728 0.679500 -0.861300 1 27 1.000000
  27 -8.788098 -27.318800 60.263393 0.005675 0.976346 -0.216140 0.883100 -0.917900 1 27 1.000000
  27 -8.462030 -27.347569 60.068214 -0.036129 0.978211 -0.204446 0.844300 -0.909600 1 27 1.000000
handplate
  26 -7.284894 -27.232407 60.539486 -0.022937 0.982836 -0.183047 0.935300 -0.930800 1 26 1.000000
  27 -8.462030 -27.347569 60.068214 -0.036129 0.978211 -0.204446 0.844300 -0.909600 1 27 1.000000
  27 -8.788098 -27.318800 60.263393 0.005675 0.976346 -0.216140 0.883100 -0.917900 1 27 1.000000
handplate
  27 -9.080666 -31.156536 56.400921 -0.462379 -0.656485 -0.596014 0.116300 -0.020100 1 27 1.000000
  27 -8.546811 -30.965488 55.954342 -0.348960 -0.635334 -0.688896 0.030700 -0.062900 1 27 1.000000
  27 -8.384565 -31.229136 56.110485 -0.354458 -0.628334 -0.692500 0.062200 -0.000500 1 27 1.000000
handplate
  27 -8.546811 -30.965488 55.954342 -0.348960 -0.635334 -0.688896 0.030700 -0.062900 1 27 1.000000
  27 -9.080666 -31.156536 56.400921 -0.462379 -0.656485 -0.596014 0.116300 -0.020100 1 27 1.000000
  27 -9.221720 -30.939781 56.268497 -0.578256 -0.653596 -0.488295 0.089600 -0.071600 1 27 1.000000
handplate
  27 -9.474964 -31.087736 56.980164 -0.669619 -0.678128 -0.302907 0.228700 -0.038300 1 27 1.000000
  27 -9.221720 -30.939781 56.268497 -0.578256 -0.653596 -0.488295 0.089600 -0.071600 1 27 1.000000
  27 -9.080666 -31.156536 56.400921 -0.462379 -0.656485 -0.596014 0.116300 -0.020100 1 27 1.000000
handplate
  27 -9.221720 -30.939781 56.268497 -0.578256 -0.653596 -0.488295 0.089600 -0.071600 1 27 1.000000
  27 -9.474964 -31.087736 56.980164 -0.669619 -0.678128 -0.302907 0.228700 -0.038300 1 27 1.000000
  27 -9.723221 -30.907978 57.142815 -0.723120 -0.677814 -0.132909 0.259800 -0.081600 1 27 1.000000
handplate
  27 -9.582518 -31.088781 57.425125 -0.727778 -0.681829 -0.073816 0.315900 -0.038700 1 27 1.000000
  27 -9.723221 -30.907978 57.142815 -0.723120 -0.677814 -0.132909 0.259800 -0.081600 1 27 1.000000
  27 -9.474964 -31.087736 56.980164 -0.669619 -0.678128 -0.302907 0.228700 -0.038300 1 27 1.000000
handplate
  27 -9.639304 -30.997995 58.254372 -0.691531 -0.713051 0.115506 0.479100 -0.060400 1 27 1.000000
  27 -9.723221 -30.907978 57.142815 -0.723120 -0.677814 -0.132909 0.259800 -0.081600 1 27 1.000000
  27 -9.582518 -31.088781 57.425125 -0.727778 -0.681829 -0.073816 0.315900 -0.038700 1 27 1.000000
handplate
  27 -9.723221 -30.907978 57.142815 -0.723120 -0.677814 -0.132909 0.259800 -0.081600 1 27 1.000000
  27 -9.639304 -30.997995 58.254372 -0.691531 -0.713051 0.115506 0.479100 -0.060400 1 27 1.000000
  27 -9.757715 -30.877583 58.286892 -0.696040 -0.711172 0.098806 0.485100 -0.089100 1 27 1.000000
handplate
  27 -9.769961 -30.586538 59.287884 -0.650155 -0.601836 0.463780 0.682600 -0.157200 1 27 1.000000
  27 -9.757715 -30.877583 58.286892 -0.696040 -0.711172 0.098806 0.485100 -0.089100 1 27 1.000000
  27 -9.639304 -30.997995 58.254372 -0.691531 -0.713051 0.115506 0.479100 -0.060400 1 27 1.000000
handplate
  27 -9.639304 -30.997995 58.254372 -0.691531 -0.713051 0.115506 0.479100 -0.060400 1 27 1.000000
  27 -9.596197 -30.673702 59.391773 -0.492157 -0.380919 0.782740 0.704000 -0.135900 1 27 1.000000
  27 -9.769961 -30.586538 59.287884 -0.650155 -0.601836 0.463780 0.682600 -0.157200 1 27 1.000000
handplate
  27 -9.729205 -29.982195 59.413589 -0.291721 -0.102369 0.951010 0.708100 -0.298700 1 27 1.000000
  27 -9.769961 -30.586538 59.287884 -0.650155 -0.601836 0.463780 0.682600 -0.157200 1 27 1.000000
  27 -9.596197 -30.673702 59.391773 -0.492157 -0.380919 0.782740 0.704000 -0.135900 1 27 1.000000
handplate
  27 -9.596197 -30.673702 59.391773 -0.492157 -0.380919 0.782740 0.704000 -0.135900 1 27 1.000000
  27 -9.484921 -29.914278 59.463650 -0.173836 -0.097260 0.979960 0.719100 -0.313500 1 27 1.000000
  27 -9.729205 -29.982195 59.413589 -0.291721 -0.102369 0.951010 0.708100 -0.298700 1 27 1.000000
handplate
  27 -9.135682 -29.035019 59.637768 -0.312999 -0.407607 0.857839 0.756300 -0.517800 1 27 1.000000
  27 -9.729205 -29.982195 59.413589 -0.291721 -0.102369 0.951010 0.708100 -0.298700 1 27 1.000000
  27 -9.484921 -29.914278 59.463650 -0.173836 -0.097260 0.979960 0.719100 -0.313500 1 27 1.000000
handplate
  27 -9.729205 -29.982195 59.413589 -0.291721 -0.102369 0.951010 0.708100 -0.298700 1 27 1.000000
  27 -9.135682 -29.035019 59.637768 -0.312999 -0.407607 0.857839 0.756300 -0.517800 1 27 1.000000
  27 -9.404861 -28.950439 59.576447 -0.321185 -0.398489 0.859096 0.743800 -0.538800 1 27 1.000000
handplate
  27 -9.135682 -29.035019 59.637768 -0.312999 -0.407607 0.857839 0.756300 -0.517800 1 27 1.000000
  27 -9.106747 -28.592752 60.113827 -0.411034 -0.608766 0.678568 0.850900 -0.621000 1 27 1.000000
  27 -9.404861 -28.950439 59.576447 -0.321185 -0.398489 0.859096 0.743800 -0.538800 1 27 1.000000
handplate
  27 -9.135682 -29.035019 59.637768 -0.312999 -0.407607 0.857839 0.756300 -0.517800 1 27 1.000000
  27 -8.872425 -28.799675 60.050777 -0.398219 -0.648467 0.648777 0.838500 -0.571700 1 27 1.000000
  27 -9.106747 -28.592752 60.113827 -0.411034 -0.608766 0.678568 0.850900 -0.621000 1 27 1.000000
handplate
  27 -8.327041 -28.486259 60.672657 -0.417680 -0.399016 0.816290 0.961900 -0.643000 1 27 1.000000
  27 -9.106747 -28.592752 60.113827 -0.411034 -0.608766 0.678568 0.850900 -0.621000 1 27 1.000000
  27 -8.872425 -28.799675 60.050777 -0.398219 -0.648467 0.648777 0.838500 -0.571700 1 27 1.000000
handplate
  27 -9.106747 -28.592752 60.113827 -0.411034 -0.608766 0.678568 0.850900 -0.621000 1 27 1.000000
  27 -8.327041 -28.486259 60.672657 -0.417680 -0.399016 0.816290 0.961900 -0.643000 1 27 1.000000
  27 -8.580911 -28.355787 60.589424 -0.419708 -0.262205 0.868961 0.945400 -0.674400 1 27 1.000000
handplate
  27 -7.871505 -28.101995 60.861683 -0.338830 -0.060177 0.938921 0.999500 -0.731100 1 27 1.000000
  27 -8.580911 -28.355787 60.589424 -0.419708 -0.262205 0.868961 0.945400 -0.674400 1 27 1.000000
  27 -8.327041 -28.486259 60.672657 -0.417680 -0.399016 0.816290 0.961900 -0.643000 1 27 1.000000
handplate
  7 7.353038 -27.261837 60.446754 0.003764 0.982967 -0.183744 0.935300 -0.930800 1 7 1.000000
  7 8.743321 -27.312822 60.202850 -0.024826 0.976066 -0.216054 0.883100 -0.917900 1 7 1.000000
  7 8.440385 -27.345684 60.020859 0.016671 0.978738 -0.204434 0.844300 -0.909600 1 7 1.000000
handplate
  7 8.849852 -27.536451 59.248466 -0.064338 0.981049 -0.182763 0.679500 -0.861300 1 7 1.000000
  7 8.440385 -27.345684 60.020859 0.016671 0.978738 -0.204434 0.844300 -0.909600 1 7 1.000000
  7 8.743321 -27.312822 60.202850 -0.024826 0.976066 -0.216054 0.883100 -0.917900 1 7 1.000000
handplate
  7 8.743321 -27.312822 60.202850 -0.024826 0.976066 -0.216054 0.883100 -0.917900 1 7 1.000000
  7 9.380548 -27.474348 59.260231 -0.056852 0.987684 -0.145766 0.682000 -0.877100 1 7 1.000000
  7 8.849852 -27.536451 59.248466 -0.064338 0.981049 -0.182763 0.679500 -0.861300 1 7 1.000000
handplate
  7 9.193589 -27.578489 58.269798 -0.006178 0.997817 -0.065749 0.470700 -0.850800 1 7 1.000000
  7 8.849852 -27.536451 59.248466 -0.064338 0.981049 -0.182763 0.679500 -0.861300 1 7 1.000000
  7 9.380548 -27.474348 59.260231 -0.056852 0.987684 -0.145766 0.682000 -0.877100 1 7 1.000000
handplate
  7 9.380548 -27.474348 59.260231 -0.056852 0.987684 -0.145766 0.682000 -0.877100 1 7 1.000000
  7 9.511981 -27.592382 58.294212 0.048611 0.998039 -0.039426 0.475900 -0.847300 1 7 1.000000
  7 9.193589 -27.578489 58.269798 -0.006178 0.997817 -0.065749 0.470700 -0.850800 1 7 1.000000
handplate
  7 8.971347 -27.568546 57.524719 0.047799 0.998852 -0.003128 0.311800 -0.853400 1 7 1.000000
  7 9.193589 -27.578489 58.269798 -0.006178 0.997817 -0.065749 0.470700 -0.850800 1 7 1.000000
  7 9.511981 -27.592382 58.294212 0.048611 0.998039 -0.039426 0.475900 -0.847300 1 7 1.000000
handplate
  7 9.511981 -27.592382 58.294212 0.048611 0.998039 -0.039426 0.475900 -0.847300 1 7 1.000000
  7 9.347462 -27.587563 57.482155 0.167046 0.975023 -0.146375 0.302700 -0.848600 1 7 1.000000
  7 8.971347 -27.568546 57.524719 0.047799 0.998852 -0.003128 0.311800 -0.853400 1 7 1.000000
handplate
  7 8.457218 -27.547220 56.737637 0.270508 0.901655 -0.337407 0.144000 -0.858800 1 7 1.000000
  7 8.971347 -27.568546 57.524719 0.047799 0.998852 -0.003128 0.311800 -0.853400 1 7 1.000000
  7 9.347462 -27.587563 57.482155 0.167046 0.975023 -0.146375 0.302700 -0.848600 1 7 1.000000
handplate
  7 9.347462 -27.587563 57.482155 0.167046 0.975023 -0.146375 0.302700 -0.848600 1 7 1.000000
  7 8.810227 -27.724127 56.712021 0.369883 0.738982 -0.563109 0.138500 -0.814000 1 7 1.000000
  7 8.457218 -27.547220 56.737637 0.270508 0.901655 -0.337407 0.144000 -0.858800 1 7 1.000000
handplate
  7 7.784256 -27.531857 56.338596 0.358703 0.687152 -0.631786 0.058900 -0.862800 1 7 1.000000
  7 8.457218 -27.547220 56.737637 0.270508 0.901655 -0.337407 0.144000 -0.858800 1 7 1.000000
  7 8.810227 -27.724127 56.712021 0.369883 0.738982 -0.563109 0.138500 -0.814000 1 7 1.000000
handplate
  7 8.810227 -27.724127 56.712021 0.369883 0.738982 -0.563109 0.138500 -0.814000 1 7 1.000000
  7 8.079693 -27.836992 56.233204 0.370249 0.602563 -0.706989 0.036400 -0.785500 1 7 1.000000
  7 7.784256 -27.531857 56.338596 0.358703 0.687152 -0.631786 0.058900 -0.862800 1 7 1.000000
handplate
  7 7.932834 -28.050232 60.748428 0.343483 -0.047577 0.937953 0.999500 -0.731100 1 7 1.000000
  7 8.364994 -28.398094 60.572594 0.428943 -0.387641 0.815930 0.961900 -0.643000 1 7 1.000000
  7 8.593721 -28.274420 60.495132 0.428816 -0.249110 0.868367 0.945400 -0.674400 1 7 1.000000
handplate
  7 9.084274 -28.485476 60.052174 0.426451 -0.600145 0.676731 0.850900 -0.621000 1 7 1.000000
  7 8.593721 -28.274420 60.495132 0.428816 -0.249110 0.868367 0.945400 -0.674400 1 7 1.000000
  7 8.364994 -28.398094 60.572594 0.428943 -0.387641 0.815930 0.961900 -0.643000 1 7 1.000000
handplate
  7 8.364994 -28.398094 60.572594 0.428943 -0.387641 0.815930 0.961900 -0.643000 1 7 1.000000
  7 8.873294 -28.680195 59.994171 0.413562 -0.640853 0.646741 0.838500 -0.571700 1 7 1.000000
  7 9.084274 -28.485476 60.052174 0.426451 -0.600145 0.676731 0.850900 -0.621000 1 7 1.000000
handplate
  7 9.120727 -28.892927 59.608929 0.330193 -0.405190 0.852522 0.756300 -0.517800 1 7 1.000000
  7 9.084274 -28.485476 60.052174 0.426451 -0.600145 0.676731 0.850900 -0.621000 1 7 1.000000
  7 8.873294 -28.680195 59.994171 0.413562 -0.640853 0.646741 0.838500 -0.571700 1 7 1.000000
handplate
  7 9.120727 -28.892927 59.608929 0.330193 -0.405190 0.852522 0.756300 -0.517800 1 7 1.000000
  7 9.367448 -28.810247 59.550385 0.336111 -0.397413 0.853869 0.743800 -0.538800 1 7 1.000000
  7 9.084274 -28.485476 60.052174 0.426451 -0.600145 0.676731 0.850900 -0.621000 1 7 1.000000
handplate
  7 9.692803 -29.758406 59.383625 0.311374 -0.101574 0.944843 0.708100 -0.298700 1 7 1.000000
  7 9.367448 -28.810247 59.550385 0.336111 -0.397413 0.853869 0.743800 -0.538800 1 7 1.000000
  7 9.120727 -28.892927 59.608929 0.330193 -0.405190 0.852522 0.756300 -0.517800 1 7 1.000000
handplate
  7 9.120727 -28.892927 59.608929 0.330193 -0.405190 0.852522 0.756300 -0.517800 1 7 1.000000
  7 9.465887 -29.699686 59.435028 0.195668 -0.097365 0.975825 0.719100 -0.313500 1 7 1.000000
  7 9.692803 -29.758406 59.383625 0.311374 -0.101574 0.944843 0.708100 -0.298700 1 7 1.000000
handplate
  7 9.581812 -30.401012 59.364510 0.516298 -0.372708 0.771054 0.704000 -0.135900 1 7 1.000000
  7 9.692803 -29.758406 59.383625 0.311374 -0.101574 0.944843 0.708100 -0.298700 1 7 1.000000
  7 9.465887 -29.699686 59.435028 0.195668 -0.097365 0.975825 0.719100 -0.313500 1 7 1.000000
handplate
  7 9.692803 -29.758406 59.383625 0.311374 -0.101574 0.944843 0.708100 -0.298700 1 7 1.000000
  7 9.581812 -30.401012 59.364510 0.516298 -0.372708 0.771054 0.704000 -0.135900 1 7 1.000000
  7 9.739545 -30.317245 59.264233 0.670646 -0.590347 0.449137 0.682600 -0.157200 1 7 1.000000
handplate
  7 9.606175 -30.699776 58.310520 0.705332 -0.701633 0.101081 0.479100 -0.060400 1 7 1.000000
  7 9.739545 -30.317245 59.264233 0.670646 -0.590347 0.449137 0.682600 -0.157200 1 7 1.000000
  7 9.581812 -30.401012 59.364510 0.516298 -0.372708 0.771054 0.704000 -0.135900 1 7 1.000000
handplate
  7 9.739545 -30.317245 59.264233 0.670646 -0.590347 0.449137 0.682600 -0.157200 1 7 1.000000
  7 9.606175 -30.699776 58.310520 0.705332 -0.701633 0.101081 0.479100 -0.060400 1 7 1.000000
  7 9.714767 -30.586266 58.338322 0.709251 -0.699851 0.084684 0.485100 -0.089100 1 7 1.000000
handplate
  7 9.660431 -30.616531 57.282009 0.730229 -0.666932 -0.148213 0.259800 -0.081600 1 7 1.000000
  7 9.714767 -30.586266 58.338322 0.709251 -0.699851 0.084684 0.485100 -0.089100 1 7 1.000000
  7 9.606175 -30.699776 58.310520 0.705332 -0.701633 0.101081 0.479100 -0.060400 1 7 1.000000
handplate
  7 9.606175 -30.699776 58.310520 0.705332 -0.701633 0.101081 0.479100 -0.060400 1 7 1.000000
  7 9.538040 -30.785639 57.545429 0.735899 -0.671202 -0.089110 0.315900 -0.038700 1 7 1.000000
  7 9.660431 -30.616531 57.282009 0.730229 -0.666932 -0.148213 0.259800 -0.081600 1 7 1.000000
handplate
  7 9.538040 -30.785639 57.545429 0.735899 -0.671202 -0.089110 0.315900 -0.038700 1 7 1.000000
  7 9.428881 -30.787281 57.136391 0.673026 -0.668126 -0.317245 0.228700 -0.038300 1 7 1.000000
  7 9.660431 -30.616531 57.282009 0.730229 -0.666932 -0.148213 0.259800 -0.081600 1 7 1.000000
handplate
  7 9.176907 -30.656008 56.483856 0.577552 -0.644650 -0.500860 0.089600 -0.071600 1 7 1.000000
  7 9.660431 -30.616531 57.282009 0.730229 -0.666932 -0.148213 0.259800 -0.081600 1 7 1.000000
  7 9.428881 -30.787281 57.136391 0.673026 -0.668126 -0.317245 0.228700 -0.038300 1 7 1.000000
handplate
  7 9.428881 -30.787281 57.136391 0.673026 -0.668126 -0.317245 0.228700 -0.038300 1 7 1.000000
  7 9.051164 -30.859463 56.609081 0.458525 -0.650631 -0.605338 0.116300 -0.020100 1 7 1.000000
  7 9.176907 -30.656008 56.483856 0.577552 -0.644650 -0.500860 0.089600 -0.071600 1 7 1.000000
handplate
  7 8.546601 -30.690702 56.207550 0.342433 -0.631626 -0.695548 0.030700 -0.062900 1 7 1.000000
  7 9.176907 -30.656008 56.483856 0.577552 -0.644650 -0.500860 0.089600 -0.071600 1 7 1.000000
  7 9.051164 -30.859463 56.609081 0.458525 -0.650631 -0.605338 0.116300 -0.020100 1 7 1.000000
handplate
  7 9.051164 -30.859463 56.609081 0.458525 -0.650631 -0.605338 0.116300 -0.020100 1 7 1.000000
  7 8.399151 -30.936951 56.355583 0.345961 -0.626977 -0.698004 0.062200 -0.000500 1 7 1.000000
  7 8.546601 -30.690702 56.207550 0.342433 -0.631626 -0.695548 0.030700 -0.062900 1 7 1.000000
thumb
  30 -6.558943 -31.498653 62.131603 0.770308 -0.278901 -0.573445 0.926500 -0.545500 1 30 1.000000
  29 -7.275713 -30.867485 61.466541 -0.114224 -0.575100 -0.810070 0.725400 -0.000500 1 29 1.000000
  29 -6.620846 -30.816753 61.850250 0.879384 -0.224355 -0.419938 0.932900 -0.135300 1 29 1.000000
thumb
  29 -7.275713 -30.867485 61.466541 -0.114224 -0.575100 -0.810070 0.725400 -0.000500 1 29 1.000000
  30 -6.558943 -31.498653 62.131603 0.770308 -0.278901 -0.573445 0.926500 -0.545500 1 30 1.000000
  30 -7.097337 -31.510359 61.825722 -0.230325 -0.539590 -0.809810 0.740000 -0.456400 1 30 1.000000
thumb
  30 -7.097337 -31.510359 61.825722 -0.230325 -0.539590 -0.809810 0.740000 -0.456400 1 30 1.000000
  29 -7.589238 -30.813560 61.829117 -0.888159 -0.389103 -0.244484 0.583000 -0.048400 1 29 1.000000
  29 -7.275713 -30.867485 61.466541 -0.114224 -0.575100 -0.810070 0.725400 -0.000500 1 29 1.000000
thumb
  30 -6.612055 -32.021439 62.455868 0.891537 -0.443435 -0.092340 0.961800 -0.862200 1 30 1.000000
  30 -6.804696 -32.243797 62.573673 0.270550 -0.955031 0.121319 0.955600 -0.979800 1 30 1.000000
  30 -6.922482 -32.114113 62.241390 -0.070692 -0.796306 -0.600749 0.771100 -0.849900 1 30 1.000000
thumb
  30 -6.922482 -32.114113 62.241390 -0.070692 -0.796306 -0.600749 0.771100 -0.849900 1 30 1.000000
  30 -6.558943 -31.498653 62.131603 0.770308 -0.278901 -0.573445 0.926500 -0.545500 1 30 1.000000
  30 -6.612055 -32.021439 62.455868 0.891537 -0.443435 -0.092340 0.961800 -0.862200 1 30 1.000000
thumb
  30 -6.558943 -31.498653 62.131603 0.770308 -0.278901 -0.573445 0.926500 -0.545500 1 30 1.000000
  30 -6.922482 -32.114113 62.241390 -0.070692 -0.796306 -0.600749 0.771100 -0.849900 1 30 1.000000
  30 -7.097337 -31.510359 61.825722 -0.230325 -0.539590 -0.809810 0.740000 -0.456400 1 30 1.000000
thumb
  30 -6.922482 -32.114113 62.241390 -0.070692 -0.796306 -0.600749 0.771100 -0.849900 1 30 1.000000
  30 -7.393761 -31.594538 62.182346 -0.850348 -0.469099 -0.238441 0.583900 -0.534900 1 30 1.000000
  30 -7.097337 -31.510359 61.825722 -0.230325 -0.539590 -0.809810 0.740000 -0.456400 1 30 1.000000
thumb
  29 -7.589238 -30.813560 61.829117 -0.888159 -0.389103 -0.244484 0.583000 -0.048400 1 29 1.000000
  30 -7.097337 -31.510359 61.825722 -0.230325 -0.539590 -0.809810 0.740000 -0.456400 1 30 1.000000
  30 -7.393761 -31.594538 62.182346 -0.850348 -0.469099 -0.238441 0.583900 -0.534900 1 30 1.000000
thumb
  30 -7.393761 -31.594538 62.182346 -0.850348 -0.469099 -0.238441 0.583900 -0.534900 1 30 1.000000
  29 -7.577257 -30.733242 62.459888 -0.855863 0.120972 0.502856 0.377300 -0.126500 1 29 1.000000
  29 -7.589238 -30.813560 61.829117 -0.888159 -0.389103 -0.244484 0.583000 -0.048400 1 29 1.000000
thumb
  29 -7.577257 -30.733242 62.459888 -0.855863 0.120972 0.502856 0.377300 -0.126500 1 29 1.000000
  30 -7.393761 -31.594538 62.182346 -0.850348 -0.469099 -0.238441 0.583900 -0.534900 1 30 1.000000
  30 -7.423848 -31.524549 62.722813 -0.748566 -0.015472 0.662880 0.382500 -0.582700 1 30 1.000000
thumb
  30 -7.423848 -31.524549 62.722813 -0.748566 -0.015472 0.662880 0.382500 -0.582700 1 30 1.000000
  29 -7.059400 -30.400600 62.583553 0.016190 0.444499 0.895633 0.210300 -0.059900 1 29 1.000000
  29 -7.577257 -30.733242 62.459888 -0.855863 0.120972 0.502856 0.377300 -0.126500 1 29 1.000000
thumb
  29 -7.059400 -30.400600 62.583553 0.016190 0.444499 0.895633 0.210300 -0.059900 1 29 1.000000
  30 -7.423848 -31.524549 62.722813 -0.748566 -0.015472 0.662880 0.382500 -0.582700 1 30 1.000000
  30 -6.972594 -31.225502 62.859264 0.144369 0.220736 0.964590 0.215900 -0.489500 1 30 1.000000
thumb
  30 -6.972594 -31.225502 62.859264 0.144369 0.220736 0.964590 0.215900 -0.489500 1 30 1.000000
  29 -6.675948 -30.545053 62.431137 0.821847 0.254483 0.509711 0.103600 -0.110100 1 29 1.000000
  29 -7.059400 -30.400600 62.583553 0.016190 0.444499 0.895633 0.210300 -0.059900 1 29 1.000000
thumb
  29 -6.675948 -30.545053 62.431137 0.821847 0.254483 0.509711 0.103600 -0.110100 1 29 1.000000
  30 -6.972594 -31.225502 62.859264 0.144369 0.220736 0.964590 0.215900 -0.489500 1 30 1.000000
  30 -6.587224 -31.304173 62.655327 0.880245 0.142056 0.452756 0.090100 -0.528300 1 30 1.000000
thumb
  30 -6.587224 -31.304173 62.655327 0.880245 0.142056 0.452756 0.090100 -0.528300 1 30 1.000000
  29 -6.620846 -30.816753 61.850250 0.879384 -0.224355 -0.419938 -0.067100 -0.135300 1 29 1.000000
  29 -6.675948 -30.545053 62.431137 0.821847 0.254483 0.509711 0.103600 -0.110100 1 29 1.000000
thumb
  29 -6.620846 -30.816753 61.850250 0.879384 -0.224355 -0.419938 -0.067100 -0.135300 1 29 1.000000
  30 -6.587224 -31.304173 62.655327 0.880245 0.142056 0.452756 0.090100 -0.528300 1 30 1.000000
  30 -6.558943 -31.498653 62.131603 0.770308 -0.278901 -0.573445 -0.073500 -0.545500 1 30 1.000000
thumb
  30 -6.587224 -31.304173 62.655327 0.880245 0.142056 0.452756 0.090100 -0.528300 1 30 1.000000
  30 -6.612055 -32.021439 62.455868 0.891537 -0.443435 -0.092340 -0.038200 -0.862200 1 30 1.000000
  30 -6.558943 -31.498653 62.131603 0.770308 -0.278901 -0.573445 -0.073500 -0.545500 1 30 1.000000
thumb
  30 -6.612055 -32.021439 62.455868 0.891537 -0.443435 -0.092340 -0.038200 -0.862200 1 30 1.000000
  30 -6.587224 -31.304173 62.655327 0.880245 0.142056 0.452756 0.090100 -0.528300 1 30 1.000000
  30 -6.582372 -31.796026 62.791397 0.727789 -0.073968 0.681800 0.098400 -0.802000 1 30 1.000000
thumb
  30 -6.582372 -31.796026 62.791397 0.727789 -0.073968 0.681800 0.098400 -0.802000 1 30 1.000000
  30 -6.789299 -32.027596 62.873806 0.501720 -0.418623 0.756989 0.171900 -0.982200 1 30 1.000000
  30 -6.612055 -32.021439 62.455868 0.891537 -0.443435 -0.092340 -0.038200 -0.862200 1 30 1.000000
thumb
  30 -6.789299 -32.027596 62.873806 0.501720 -0.418623 0.756989 0.171900 -0.982200 1 30 1.000000
  30 -6.582372 -31.796026 62.791397 0.727789 -0.073968 0.681800 0.098400 -0.802000 1 30 1.000000
  30 -6.838799 -31.861799 62.873032 0.269971 0.117630 0.955656 0.201000 -0.838300 1 30 1.000000
thumb
  30 -6.838799 -31.861799 62.873032 0.269971 0.117630 0.955656 0.201000 -0.838300 1 30 1.000000
  30 -7.132420 -32.023476 62.932888 -0.466835 -0.537551 0.702214 0.368900 -0.883800 1 30 1.000000
  30 -6.789299 -32.027596 62.873806 0.501720 -0.418623 0.756989 0.171900 -0.982200 1 30 1.000000
thumb
  30 -6.972594 -31.225502 62.859264 0.144369 0.220736 0.964590 0.215900 -0.489500 1 30 1.000000
  30 -6.838799 -31.861799 62.873032 0.269971 0.117630 0.955656 0.201000 -0.838300 1 30 1.000000
  30 -6.587224 -31.304173 62.655327 0.880245 0.142056 0.452756 0.090100 -0.528300 1 30 1.000000
thumb
  30 -6.582372 -31.796026 62.791397 0.727789 -0.073968 0.681800 0.098400 -0.802000 1 30 1.000000
  30 -6.587224 -31.304173 62.655327 0.880245 0.142056 0.452756 0.090100 -0.528300 1 30 1.000000
  30 -6.838799 -31.861799 62.873032 0.269971 0.117630 0.955656 0.201000 -0.838300 1 30 1.000000
thumb
  30 -6.972594 -31.225502 62.859264 0.144369 0.220736 0.964590 0.215900 -0.489500 1 30 1.000000
  30 -7.132420 -32.023476 62.932888 -0.466835 -0.537551 0.702214 0.368900 -0.883800 1 30 1.000000
  30 -6.838799 -31.861799 62.873032 0.269971 0.117630 0.955656 0.201000 -0.838300 1 30 1.000000
thumb
  30 -7.132420 -32.023476 62.932888 -0.466835 -0.537551 0.702214 0.368900 -0.883800 1 30 1.000000
  30 -6.972594 -31.225502 62.859264 0.144369 0.220736 0.964590 0.215900 -0.489500 1 30 1.000000
  30 -7.423848 -31.524549 62.722813 -0.748566 -0.015472 0.662880 0.382500 -0.582700 1 30 1.000000
thumb
  30 -7.132420 -32.023476 62.932888 -0.466835 -0.537551 0.702214 0.368900 -0.883800 1 30 1.000000
  30 -7.423848 -31.524549 62.722813 -0.748566 -0.015472 0.662880 0.382500 -0.582700 1 30 1.000000
  30 -7.393761 -31.594538 62.182346 -0.850348 -0.469099 -0.238441 0.583900 -0.534900 1 30 1.000000
thumb
  30 -7.393761 -31.594538 62.182346 -0.850348 -0.469099 -0.238441 0.583900 -0.534900 1 30 1.000000
  30 -6.922482 -32.114113 62.241390 -0.070692 -0.796306 -0.600749 0.771100 -0.849900 1 30 1.000000
  30 -7.132420 -32.023476 62.932888 -0.466835 -0.537551 0.702214 0.368900 -0.883800 1 30 1.000000
thumb
  30 -6.804696 -32.243797 62.573673 0.270550 -0.955031 0.121319 -0.044400 -0.979800 1 30 1.000000
  30 -7.132420 -32.023476 62.932888 -0.466835 -0.537551 0.702214 0.368900 -0.883800 1 30 1.000000
  30 -6.922482 -32.114113 62.241390 -0.070692 -0.796306 -0.600749 0.771100 -0.849900 1 30 1.000000
thumb
  30 -6.804696 -32.243797 62.573673 0.270550 -0.955031 0.121319 -0.044400 -0.979800 1 30 1.000000
  30 -6.789299 -32.027596 62.873806 0.501720 -0.418623 0.756989 0.171900 -0.982200 1 30 1.000000
  30 -7.132420 -32.023476 62.932888 -0.466835 -0.537551 0.702214 0.368900 -0.883800 1 30 1.000000
thumb
  30 -6.804696 -32.243797 62.573673 0.270550 -0.955031 0.121319 -0.044400 -0.979800 1 30 1.000000
  30 -6.612055 -32.021439 62.455868 0.891537 -0.443435 -0.092340 -0.038200 -0.862200 1 30 1.000000
  30 -6.789299 -32.027596 62.873806 0.501720 -0.418623 0.756989 0.171900 -0.982200 1 30 1.000000
thumb
  10 6.883627 -31.484230 62.500050 -0.856688 -0.078425 0.509838 0.098400 -0.802000 1 10 1.000000
  10 7.126164 -31.507868 62.685040 -0.115437 0.091538 0.989088 0.201000 -0.838300 1 10 1.000000
  10 6.878385 -31.046886 62.334595 -0.892953 0.169946 0.416837 0.090100 -0.528300 1 10 1.000000
thumb
  10 7.238526 -30.954027 62.506187 -0.003134 0.249029 0.968491 0.215900 -0.489500 1 10 1.000000
  10 6.878385 -31.046886 62.334595 -0.892953 0.169946 0.416837 0.090100 -0.528300 1 10 1.000000
  10 7.126164 -31.507868 62.685040 -0.115437 0.091538 0.989088 0.201000 -0.838300 1 10 1.000000
thumb
  10 6.841846 -31.268549 61.868958 -0.785975 -0.308069 -0.536038 0.926500 -0.545500 1 10 1.000000
  10 6.886237 -30.627138 61.605450 -0.888501 -0.203552 -0.411256 0.932900 -0.135300 1 10 1.000000
  9 7.482272 -30.624571 61.216759 0.091090 -0.525880 -0.845667 0.725400 -0.000500 1 9 1.000000
thumb
  9 7.482272 -30.624571 61.216759 0.091090 -0.525880 -0.845667 0.725400 -0.000500 1 9 1.000000
  10 7.331848 -31.296751 61.572636 0.217080 -0.561286 -0.798645 0.740000 -0.456400 1 10 1.000000
  10 6.841846 -31.268549 61.868958 -0.785975 -0.308069 -0.536038 0.926500 -0.545500 1 10 1.000000
thumb
  10 7.331848 -31.296751 61.572636 0.217080 -0.561286 -0.798645 0.740000 -0.456400 1 10 1.000000
  9 7.482272 -30.624571 61.216759 0.091090 -0.525880 -0.845667 0.725400 -0.000500 1 9 1.000000
  9 7.780154 -30.612553 61.557056 0.887423 -0.367407 -0.278375 0.583000 -0.048400 1 9 1.000000
thumb
  9 7.780154 -30.612553 61.557056 0.887423 -0.367407 -0.278375 0.583000 -0.048400 1 9 1.000000
  10 7.615633 -31.343939 61.902050 0.851487 -0.465586 -0.241246 0.583900 -0.534900 1 10 1.000000
  10 7.331848 -31.296751 61.572636 0.217080 -0.561286 -0.798645 0.740000 -0.456400 1 10 1.000000
thumb
  10 7.615633 -31.343939 61.902050 0.851487 -0.465586 -0.241246 0.583900 -0.534900 1 10 1.000000
  9 7.780154 -30.612553 61.557056 0.887423 -0.367407 -0.278375 0.583000 -0.048400 1 9 1.000000
  9 7.782853 -30.513252 62.139622 0.856928 0.111374 0.503259 0.377300 -0.126500 1 9 1.000000
thumb
  9 7.782853 -30.513252 62.139622 0.856928 0.111374 0.503259 0.377300 -0.126500 1 9 1.000000
  10 7.655765 -31.232668 62.392326 0.728271 -0.042464 0.683972 0.382500 -0.582700 1 10 1.000000
  10 7.615633 -31.343939 61.902050 0.851487 -0.465586 -0.241246 0.583900 -0.534900 1 10 1.000000
thumb
  10 7.655765 -31.232668 62.392326 0.728271 -0.042464 0.683972 0.382500 -0.582700 1 10 1.000000
  9 7.782853 -30.513252 62.139622 0.856928 0.111374 0.503259 0.377300 -0.126500 1 9 1.000000
  9 7.303206 -30.265604 62.276070 -0.006616 0.400398 0.916317 0.210300 -0.059900 1 9 1.000000
thumb
  9 7.303206 -30.265604 62.276070 -0.006616 0.400398 0.916317 0.210300 -0.059900 1 9 1.000000
  10 7.238526 -30.954027 62.506187 -0.003134 0.249029 0.968491 0.215900 -0.489500 1 10 1.000000
  10 7.655765 -31.232668 62.392326 0.728271 -0.042464 0.683972 0.382500 -0.582700 1 10 1.000000
thumb
  10 7.238526 -30.954027 62.506187 -0.003134 0.249029 0.968491 0.215900 -0.489500 1 10 1.000000
  9 7.303206 -30.265604 62.276070 -0.006616 0.400398 0.916317 0.210300 -0.059900 1 9 1.000000
  10 6.947054 -30.367258 62.135082 -0.805687 0.228388 0.546542 0.103600 -0.110100 1 10 1.000000
thumb
  10 6.947054 -30.367258 62.135082 -0.805687 0.228388 0.546542 0.103600 -0.110100 1 10 1.000000
  10 6.878385 -31.046886 62.334595 -0.892953 0.169946 0.416837 0.090100 -0.528300 1 10 1.000000
  10 7.238526 -30.954027 62.506187 -0.003134 0.249029 0.968491 0.215900 -0.489500 1 10 1.000000
thumb
  10 6.878385 -31.046886 62.334595 -0.892953 0.169946 0.416837 0.090100 -0.528300 1 10 1.000000
  10 6.947054 -30.367258 62.135082 -0.805687 0.228388 0.546542 0.103600 -0.110100 1 10 1.000000
  10 6.886237 -30.627138 61.605450 -0.888501 -0.203552 -0.411256 -0.067100 -0.135300 1 10 1.000000
thumb
  10 6.886237 -30.627138 61.605450 -0.888501 -0.203552 -0.411256 -0.067100 -0.135300 1 10 1.000000
  10 6.841846 -31.268549 61.868958 -0.785975 -0.308069 -0.536038 -0.073500 -0.545500 1 10 1.000000
  10 6.878385 -31.046886 62.334595 -0.892953 0.169946 0.416837 0.090100 -0.528300 1 10 1.000000
thumb
  10 6.878385 -31.046886 62.334595 -0.892953 0.169946 0.416837 0.090100 -0.528300 1 10 1.000000
  10 6.841846 -31.268549 61.868958 -0.785975 -0.308069 -0.536038 -0.073500 -0.545500 1 10 1.000000
  10 6.905828 -31.720032 62.209835 -0.889674 -0.449927 -0.077752 -0.038200 -0.862200 1 10 1.000000
thumb
  10 6.905828 -31.720032 62.209835 -0.889674 -0.449927 -0.077752 -0.038200 -0.862200 1 10 1.000000
  10 6.883627 -31.484230 62.500050 -0.856688 -0.078425 0.509838 0.098400 -0.802000 1 10 1.000000
  10 6.878385 -31.046886 62.334595 -0.892953 0.169946 0.416837 0.090100 -0.528300 1 10 1.000000
thumb
  10 6.883627 -31.484230 62.500050 -0.856688 -0.078425 0.509838 0.098400 -0.802000 1 10 1.000000
  10 6.905828 -31.720032 62.209835 -0.889674 -0.449927 -0.077752 -0.038200 -0.862200 1 10 1.000000
  10 7.082288 -31.796690 62.615524 -0.375930 -0.623652 0.685372 0.171900 -0.982200 1 10 1.000000
thumb
  10 7.082288 -31.796690 62.615524 -0.375930 -0.623652 0.685372 0.171900 -0.982200 1 10 1.000000
  10 7.126164 -31.507868 62.685040 -0.115437 0.091538 0.989088 0.201000 -0.838300 1 10 1.000000
  10 6.883627 -31.484230 62.500050 -0.856688 -0.078425 0.509838 0.098400 -0.802000 1 10 1.000000
thumb
  10 7.126164 -31.507868 62.685040 -0.115437 0.091538 0.989088 0.201000 -0.838300 1 10 1.000000
  10 7.082288 -31.796690 62.615524 -0.375930 -0.623652 0.685372 0.171900 -0.982200 1 10 1.000000
  10 7.393644 -31.727648 62.451008 0.701834 -0.538835 0.465925 0.368900 -0.883800 1 10 1.000000
thumb
  10 7.238526 -30.954027 62.506187 -0.003134 0.249029 0.968491 0.215900 -0.489500 1 10 1.000000
  10 7.126164 -31.507868 62.685040 -0.115437 0.091538 0.989088 0.201000 -0.838300 1 10 1.000000
  10 7.393644 -31.727648 62.451008 0.701834 -0.538835 0.465925 0.368900 -0.883800 1 10 1.000000
thumb
  10 7.393644 -31.727648 62.451008 0.701834 -0.538835 0.465925 0.368900 -0.883800 1 10 1.000000
  10 7.655765 -31.232668 62.392326 0.728271 -0.042464 0.683972 0.382500 -0.582700 1 10 1.000000
  10 7.238526 -30.954027 62.506187 -0.003134 0.249029 0.968491 0.215900 -0.489500 1 10 1.000000
thumb
  10 7.393644 -31.727648 62.451008 0.701834 -0.538835 0.465925 0.368900 -0.883800 1 10 1.000000
  10 7.615633 -31.343939 61.902050 0.851487 -0.465586 -0.241246 0.583900 -0.534900 1 10 1.000000
  10 7.655765 -31.232668 62.392326 0.728271 -0.042464 0.683972 0.382500 -0.582700 1 10 1.000000
thumb
  10 7.615633 -31.343939 61.902050 0.851487 -0.465586 -0.241246 0.583900 -0.534900 1 10 1.000000
  10 7.393644 -31.727648 62.451008 0.701834 -0.538835 0.465925 0.368900 -0.883800 1 10 1.000000
  10 7.188496 -31.819799 62.012169 0.039891 -0.837337 -0.545229 0.771100 -0.849900 1 10 1.000000
thumb
  10 7.188496 -31.819799 62.012169 0.039891 -0.837337 -0.545229 0.771100 -0.849900 1 10 1.000000
  10 7.331848 -31.296751 61.572636 0.217080 -0.561286 -0.798645 0.740000 -0.456400 1 10 1.000000
  10 7.615633 -31.343939 61.902050 0.851487 -0.465586 -0.241246 0.583900 -0.534900 1 10 1.000000
thumb
  10 6.841846 -31.268549 61.868958 -0.785975 -0.308069 -0.536038 0.926500 -0.545500 1 10 1.000000
  10 7.331848 -31.296751 61.572636 0.217080 -0.561286 -0.798645 0.740000 -0.456400 1 10 1.000000
  10 7.188496 -31.819799 62.012169 0.039891 -0.837337 -0.545229 0.771100 -0.849900 1 10 1.000000
thumb
  10 7.188496 -31.819799 62.012169 0.039891 -0.837337 -0.545229 0.771100 -0.849900 1 10 1.000000
  10 6.905828 -31.720032 62.209835 -0.889674 -0.449927 -0.077752 0.961800 -0.862200 1 10 1.000000
  10 6.841846 -31.268549 61.868958 -0.785975 -0.308069 -0.536038 0.926500 -0.545500 1 10 1.000000
thumb
  10 6.905828 -31.720032 62.209835 -0.889674 -0.449927 -0.077752 0.961800 -0.862200 1 10 1.000000
  10 7.188496 -31.819799 62.012169 0.039891 -0.837337 -0.545229 0.771100 -0.849900 1 10 1.000000
  10 7.089387 -31.913389 62.328465 -0.126808 -0.991248 0.036697 0.955600 -0.979800 1 10 1.000000
thumb
  10 7.089387 -31.913389 62.328465 -0.126808 -0.991248 0.036697 -0.044400 -0.979800 1 10 1.000000
  10 7.082288 -31.796690 62.615524 -0.375930 -0.623652 0.685372 0.171900 -0.982200 1 10 1.000000
  10 6.905828 -31.720032 62.209835 -0.889674 -0.449927 -0.077752 -0.038200 -0.862200 1 10 1.000000
thumb
  10 7.089387 -31.913389 62.328465 -0.126808 -0.991248 0.036697 -0.044400 -0.979800 1 10 1.000000
  10 7.393644 -31.727648 62.451008 0.701834 -0.538835 0.465925 0.368900 -0.883800 1 10 1.000000
  10 7.082288 -31.796690 62.615524 -0.375930 -0.623652 0.685372 0.171900 -0.982200 1 10 1.000000
thumb
  10 7.089387 -31.913389 62.328465 -0.126808 -0.991248 0.036697 -0.044400 -0.979800 1 10 1.000000
  10 7.188496 -31.819799 62.012169 0.039891 -0.837337 -0.545229 0.771100 -0.849900 1 10 1.000000
  10 7.393644 -31.727648 62.451008 0.701834 -0.538835 0.465925 0.368900 -0.883800 1 10 1.000000
arm
  26 -7.162193 -26.923706 60.540821 -0.256523 -0.011066 0.966475 0.221800 -0.999100 1 26 1.000000
  26 -7.589464 -24.699938 60.452904 -0.291541 0.006931 0.956533 0.240500 -0.878400 1 26 1.000000
  26 -8.660656 -26.955042 60.142715 -0.291541 0.006931 0.956533 0.325800 -0.998400 1 26 1.000000
arm
  26 -7.589464 -24.699938 60.452904 -0.291541 0.006931 0.956533 0.240500 -0.878400 1 26 1.000000
  26 -8.986198 -24.859802 59.975079 -0.326132 0.024927 0.944995 0.338200 -0.883500 1 26 1.000000
  26 -8.660656 -26.955042 60.142715 -0.291541 0.006931 0.956533 0.325800 -0.998400 1 26 1.000000
arm
  26 -8.995274 -24.856325 56.142475 -0.703859 -0.131841 -0.697997 0.638500 -0.863300 1 26 1.000000
  26 -8.527621 -26.973179 55.985767 -0.584718 -0.069279 -0.808273 0.679300 -0.999100 1 26 1.000000
  26 -9.381631 -26.982767 57.175774 -0.933959 -0.089917 -0.345883 0.571600 -0.999100 1 26 1.000000
arm
  26 -8.995274 -24.856325 56.142475 -0.703859 -0.131841 -0.697997 0.638500 -0.863300 1 26 1.000000
  26 -7.527011 -26.973190 55.667412 -0.120863 -0.081144 -0.989347 0.749800 -0.999100 1 26 1.000000
  26 -8.527621 -26.973179 55.985767 -0.584718 -0.069279 -0.808273 0.679300 -0.999100 1 26 1.000000
arm
  26 -8.995274 -24.856325 56.142475 -0.703859 -0.131841 -0.697997 0.638500 -0.863300 1 26 1.000000
  26 -7.482419 -24.895679 55.401707 0.012739 -0.179335 -0.983705 0.749800 -0.863300 1 26 1.000000
  26 -7.527011 -26.973190 55.667412 -0.120863 -0.081144 -0.989347 0.749800 -0.999100 1 26 1.000000
arm
  26 -8.977697 -19.967602 54.760094 -0.514983 -0.152184 -0.843583 0.669400 -0.572900 1 26 1.000000
  26 -7.482419 -24.895679 55.401707 0.012739 -0.179335 -0.983705 0.749800 -0.863300 1 26 1.000000
  26 -8.995274 -24.856325 56.142475 -0.703859 -0.131841 -0.697997 0.638500 -0.863300 1 26 1.000000
arm
  26 -10.339330 -19.853472 56.591381 -0.953388 -0.100297 -0.284590 0.542000 -0.572900 1 26 1.000000
  26 -8.977697 -19.967602 54.760094 -0.514983 -0.152184 -0.843583 0.669400 -0.572900 1 26 1.000000
  26 -8.995274 -24.856325 56.142475 -0.703859 -0.131841 -0.697997 0.638500 -0.863300 1 26 1.000000
arm
  26 -10.339330 -19.853472 56.591381 -0.953388 -0.100297 -0.284590 0.542000 -0.572900 1 26 1.000000
  26 -8.995274 -24.856325 56.142475 -0.703859 -0.131841 -0.697997 0.638500 -0.863300 1 26 1.000000
  26 -9.705096 -24.705502 57.944477 -0.995904 -0.090401 -0.001713 0.492700 -0.863300 1 26 1.000000
arm
  26 -9.705096 -24.705502 57.944477 -0.995904 -0.090401 -0.001713 0.492700 -0.863300 1 26 1.000000
  26 -8.995274 -24.856325 56.142475 -0.703859 -0.131841 -0.697997 0.638500 -0.863300 1 26 1.000000
  26 -9.381631 -26.982767 57.175774 -0.933959 -0.089917 -0.345883 0.571600 -0.999100 1 26 1.000000
arm
  26 -9.705096 -24.705502 57.944477 -0.995904 -0.090401 -0.001713 0.492700 -0.863300 1 26 1.000000
  26 -9.381631 -26.982767 57.175774 -0.933959 -0.089917 -0.345883 0.571600 -0.999100 1 26 1.000000
  26 -9.495939 -26.992861 58.934540 -0.955142 -0.048801 0.292100 0.431800 -0.999100 1 26 1.000000
arm
  26 -7.482419 -24.895679 55.401707 0.012739 -0.179335 -0.983705 0.749800 -0.863300 1 26 1.000000
  26 -6.509133 -26.213768 56.020302 0.597382 -0.140475 -0.789558 0.820300 -0.947200 1 26 1.000000
  26 -7.527011 -26.973190 55.667412 -0.120863 -0.081144 -0.989347 0.749800 -0.999100 1 26 1.000000
arm
  26 -8.986198 -24.859802 59.975079 -0.908837 -0.052757 0.413802 0.338200 -0.883500 1 26 1.000000
  26 -9.495939 -26.992861 58.934540 -0.955142 -0.048801 0.292100 0.431800 -0.999100 1 26 1.000000
  26 -8.660656 -26.955042 60.142715 -0.818635 -0.081707 0.568472 0.325800 -0.998400 1 26 1.000000
arm
  26 -8.986198 -24.859802 59.975079 -0.908837 -0.052757 0.413802 0.338200 -0.883500 1 26 1.000000
  26 -9.705096 -24.705502 57.944477 -0.995904 -0.090401 -0.001713 0.492700 -0.863300 1 26 1.000000
  26 -9.495939 -26.992861 58.934540 -0.955142 -0.048801 0.292100 0.431800 -0.999100 1 26 1.000000
arm
  26 -10.108501 -19.796398 58.827641 -0.979200 -0.097742 0.177803 0.409200 -0.580100 1 26 1.000000
  26 -9.705096 -24.705502 57.944477 -0.995904 -0.090401 -0.001713 0.492700 -0.863300 1 26 1.000000
  26 -8.986198 -24.859802 59.975079 -0.908837 -0.052757 0.413802 0.338200 -0.883500 1 26 1.000000
arm
  26 -10.108501 -19.796398 58.827641 -0.979200 -0.097742 0.177803 0.409200 -0.580100 1 26 1.000000
  26 -10.339330 -19.853472 56.591381 -0.953388 -0.100297 -0.284590 0.542000 -0.572900 1 26 1.000000
  26 -9.705096 -24.705502 57.944477 -0.995904 -0.090401 -0.001713 0.492700 -0.863300 1 26 1.000000
arm
  26 -10.426320 -14.633978 58.593552 -0.997055 -0.041379 0.064572 0.413900 -0.260400 1 26 1.000000
  26 -10.339330 -19.853472 56.591381 -0.953388 -0.100297 -0.284590 0.542000 -0.572900 1 26 1.000000
  26 -10.108501 -19.796398 58.827641 -0.979200 -0.097742 0.177803 0.409200 -0.580100 1 26 1.000000
arm
  26 -10.426320 -14.633978 58.593552 -0.997055 -0.041379 0.064572 0.413900 -0.260400 1 26 1.000000
  26 -10.501928 -13.959870 56.296589 -0.952565 -0.041403 -0.301505 0.544200 -0.222300 1 26 1.000000
  26 -10.339330 -19.853472 56.591381 -0.953388 -0.100297 -0.284590 0.542000 -0.572900 1 26 1.000000
arm
  26 -10.501928 -13.959870 56.296589 -0.952565 -0.041403 -0.301505 0.544200 -0.222300 1 26 1.000000
  26 -9.021334 -13.765565 54.285538 -0.536430 -0.068093 -0.841193 0.676100 -0.218300 1 26 1.000000
  26 -10.339330 -19.853472 56.591381 -0.953388 -0.100297 -0.284590 0.542000 -0.572900 1 26 1.000000
arm
  26 -9.021334 -13.765565 54.285538 -0.536430 -0.068093 -0.841193 0.676100 -0.218300 1 26 1.000000
  26 -8.977697 -19.967602 54.760094 -0.514983 -0.152184 -0.843583 0.669400 -0.572900 1 26 1.000000
  26 -10.339330 -19.853472 56.591381 -0.953388 -0.100297 -0.284590 0.542000 -0.572900 1 26 1.000000
arm
  26 -9.021334 -13.765565 54.285538 -0.536430 -0.068093 -0.841193 0.676100 -0.218300 1 26 1.000000
  26 -7.472692 -19.962610 54.448509 0.078744 -0.133146 -0.987963 0.750200 -0.572900 1 26 1.000000
  26 -8.977697 -19.967602 54.760094 -0.514983 -0.152184 -0.843583 0.669400 -0.572900 1 26 1.000000
arm
  26 -8.977697 -19.967602 54.760094 -0.514983 -0.152184 -0.843583 0.669400 -0.572900 1 26 1.000000
  26 -7.472692 -19.962610 54.448509 0.078744 -0.133146 -0.987963 0.750200 -0.572900 1 26 1.000000
  26 -7.482419 -24.895679 55.401707 0.012739 -0.179335 -0.983705 0.749800 -0.863300 1 26 1.000000
arm
  26 -7.472692 -19.962610 54.448509 0.078744 -0.133146 -0.987963 0.750200 -0.572900 1 26 1.000000
  26 -6.431461 -24.838140 55.812653 0.684534 -0.159143 -0.711397 0.821700 -0.863300 1 26 1.000000
  26 -7.482419 -24.895679 55.401707 0.012739 -0.179335 -0.983705 0.749800 -0.863300 1 26 1.000000
arm
  26 -7.482419 -24.895679 55.401707 0.012739 -0.179335 -0.983705 0.749800 -0.863300 1 26 1.000000
  26 -6.431461 -24.838140 55.812653 0.684534 -0.159143 -0.711397 0.821700 -0.863300 1 26 1.000000
  26 -6.509133 -26.213768 56.020302 0.597382 -0.140475 -0.789558 0.820300 -0.947200 1 26 1.000000
arm
  26 -6.431461 -24.838140 55.812653 0.684534 -0.159143 -0.711397 0.821700 -0.863300 1 26 1.000000
  26 -5.786785 -26.084719 57.616005 0.965398 -0.100985 -0.240435 0.953900 -0.947200 1 26 1.000000
  26 -6.509133 -26.213768 56.020302 0.597382 -0.140475 -0.789558 0.820300 -0.947200 1 26 1.000000
arm
  26 -6.431461 -24.838140 55.812653 0.684534 -0.159143 -0.711397 0.821700 -0.863300 1 26 1.000000
  26 -5.670541 -24.669260 57.493759 0.984027 -0.103948 -0.144521 0.954600 -0.863300 1 26 1.000000
  26 -5.786785 -26.084719 57.616005 0.965398 -0.100985 -0.240435 0.953900 -0.947200 1 26 1.000000
arm
  26 -6.029272 -19.895729 54.971584 0.681462 -0.111952 -0.723240 0.831000 -0.572900 1 26 1.000000
  26 -5.670541 -24.669260 57.493759 0.984027 -0.103948 -0.144521 0.954600 -0.863300 1 26 1.000000
  26 -6.431461 -24.838140 55.812653 0.684534 -0.159143 -0.711397 0.821700 -0.863300 1 26 1.000000
arm
  26 -6.029272 -19.895729 54.971584 0.681462 -0.111952 -0.723240 0.831000 -0.572900 1 26 1.000000
  26 -5.115660 -19.727041 56.965443 0.992134 -0.058938 -0.110437 0.955500 -0.572900 1 26 1.000000
  26 -5.670541 -24.669260 57.493759 0.984027 -0.103948 -0.144521 0.954600 -0.863300 1 26 1.000000
arm
  26 -6.094922 -13.725378 54.537632 0.771616 -0.040219 -0.634816 0.824100 -0.218300 1 26 1.000000
  26 -5.115660 -19.727041 56.965443 0.992134 -0.058938 -0.110437 0.955500 -0.572900 1 26 1.000000
  26 -6.029272 -19.895729 54.971584 0.681462 -0.111952 -0.723240 0.831000 -0.572900 1 26 1.000000
arm
  26 -6.094922 -13.725378 54.537632 0.771616 -0.040219 -0.634816 0.824100 -0.218300 1 26 1.000000
  26 -5.007689 -13.868611 56.758057 0.999321 -0.033706 -0.014844 0.954700 -0.221300 1 26 1.000000
  26 -5.115660 -19.727041 56.965443 0.992134 -0.058938 -0.110437 0.955500 -0.572900 1 26 1.000000
arm
  26 -7.472692 -19.962610 54.448509 0.078744 -0.133146 -0.987963 0.750200 -0.572900 1 26 1.000000
  26 -6.029272 -19.895729 54.971584 0.681462 -0.111952 -0.723240 0.831000 -0.572900 1 26 1.000000
  26 -6.431461 -24.838140 55.812653 0.684534 -0.159143 -0.711397 0.821700 -0.863300 1 26 1.000000
arm
  26 -7.521129 -13.721671 53.978539 0.175736 -0.070638 -0.981900 0.750100 -0.218300 1 26 1.000000
  26 -6.029272 -19.895729 54.971584 0.681462 -0.111952 -0.723240 0.831000 -0.572900 1 26 1.000000
  26 -7.472692 -19.962610 54.448509 0.078744 -0.133146 -0.987963 0.750200 -0.572900 1 26 1.000000
arm
  26 -9.021334 -13.765565 54.285538 -0.536430 -0.068093 -0.841193 0.676100 -0.218300 1 26 1.000000
  26 -7.521129 -13.721671 53.978539 0.175736 -0.070638 -0.981900 0.750100 -0.218300 1 26 1.000000
  26 -7.472692 -19.962610 54.448509 0.078744 -0.133146 -0.987963 0.750200 -0.572900 1 26 1.000000
arm
  26 -7.521129 -13.721671 53.978539 0.175736 -0.070638 -0.981900 0.750100 -0.218300 1 26 1.000000
  26 -6.094922 -13.725378 54.537632 0.771616 -0.040219 -0.634816 0.824100 -0.218300 1 26 1.000000
  26 -6.029272 -19.895729 54.971584 0.681462 -0.111952 -0.723240 0.831000 -0.572900 1 26 1.000000
arm
  6 7.634589 -15.226089 55.084991 -0.093955 -0.048343 -0.994402 0.750100 -0.218300 1 6 1.000000
  6 6.265265 -20.569864 55.737865 -0.624965 -0.086672 -0.775826 0.831000 -0.572900 1 6 1.000000
  6 6.276752 -15.225950 55.486923 -0.717861 -0.036340 -0.695237 0.824100 -0.218300 1 6 1.000000
arm
  6 8.992150 -15.225950 55.487862 0.603586 -0.035776 -0.796494 0.676100 -0.218300 1 6 1.000000
  6 7.631998 -20.569998 55.350540 -0.005056 -0.080045 -0.996778 0.750200 -0.572900 1 6 1.000000
  6 7.634589 -15.226089 55.084991 -0.093955 -0.048343 -0.994402 0.750100 -0.218300 1 6 1.000000
arm
  6 7.634589 -15.226089 55.084991 -0.093955 -0.048343 -0.994402 0.750100 -0.218300 1 6 1.000000
  6 7.631998 -20.569998 55.350540 -0.005056 -0.080045 -0.996778 0.750200 -0.572900 1 6 1.000000
  6 6.265265 -20.569864 55.737865 -0.624965 -0.086672 -0.775826 0.831000 -0.572900 1 6 1.000000
arm
  6 7.631998 -20.569998 55.350540 -0.005056 -0.080045 -0.996778 0.750200 -0.572900 1 6 1.000000
  6 6.648220 -24.945320 56.154209 -0.641933 -0.110361 -0.758777 0.821700 -0.863300 1 6 1.000000
  6 6.265265 -20.569864 55.737865 -0.624965 -0.086672 -0.775826 0.831000 -0.572900 1 6 1.000000
arm
  6 6.276752 -15.225950 55.486923 -0.717861 -0.036340 -0.695237 0.824100 -0.218300 1 6 1.000000
  6 5.286648 -20.569246 57.520626 -0.979787 -0.075568 -0.185222 0.955500 -0.572900 1 6 1.000000
  6 5.100172 -15.269672 57.450733 -0.994041 -0.052332 -0.095623 0.954700 -0.221300 1 6 1.000000
arm
  6 6.276752 -15.225950 55.486923 -0.717861 -0.036340 -0.695237 0.824100 -0.218300 1 6 1.000000
  6 6.265265 -20.569864 55.737865 -0.624965 -0.086672 -0.775826 0.831000 -0.572900 1 6 1.000000
  6 5.286648 -20.569246 57.520626 -0.979787 -0.075568 -0.185222 0.955500 -0.572900 1 6 1.000000
arm
  6 6.265265 -20.569864 55.737865 -0.624965 -0.086672 -0.775826 0.831000 -0.572900 1 6 1.000000
  6 5.862194 -24.944796 57.676441 -0.972120 -0.115269 -0.204194 0.954600 -0.863300 1 6 1.000000
  6 5.286648 -20.569246 57.520626 -0.979787 -0.075568 -0.185222 0.955500 -0.572900 1 6 1.000000
arm
  6 6.265265 -20.569864 55.737865 -0.624965 -0.086672 -0.775826 0.831000 -0.572900 1 6 1.000000
  6 6.648220 -24.945320 56.154209 -0.641933 -0.110361 -0.758777 0.821700 -0.863300 1 6 1.000000
  6 5.862194 -24.944796 57.676441 -0.972120 -0.115269 -0.204194 0.954600 -0.863300 1 6 1.000000
arm
  6 6.648220 -24.945320 56.154209 -0.641933 -0.110361 -0.758777 0.821700 -0.863300 1 6 1.000000
  6 5.986184 -26.210184 57.705017 -0.952898 -0.095399 -0.287895 0.953900 -0.947200 1 6 1.000000
  6 5.862194 -24.944796 57.676441 -0.972120 -0.115269 -0.204194 0.954600 -0.863300 1 6 1.000000
arm
  6 6.648220 -24.945320 56.154209 -0.641933 -0.110361 -0.758777 0.821700 -0.863300 1 6 1.000000
  6 6.717085 -26.210785 56.255371 -0.557494 -0.081882 -0.826133 0.820300 -0.947200 1 6 1.000000
  6 5.986184 -26.210184 57.705017 -0.952898 -0.095399 -0.287895 0.953900 -0.947200 1 6 1.000000
arm
  6 7.638734 -24.945436 55.823551 0.044344 -0.102344 -0.993760 0.749800 -0.863300 1 6 1.000000
  6 6.717085 -26.210785 56.255371 -0.557494 -0.081882 -0.826133 0.820300 -0.947200 1 6 1.000000
  6 6.648220 -24.945320 56.154209 -0.641933 -0.110361 -0.758777 0.821700 -0.863300 1 6 1.000000
arm
  6 7.631998 -20.569998 55.350540 -0.005056 -0.080045 -0.996778 0.750200 -0.572900 1 6 1.000000
  6 7.638734 -24.945436 55.823551 0.044344 -0.102344 -0.993760 0.749800 -0.863300 1 6 1.000000
  6 6.648220 -24.945320 56.154209 -0.641933 -0.110361 -0.758777 0.821700 -0.863300 1 6 1.000000
arm
  6 8.998464 -20.569862 55.738808 0.573382 -0.093181 -0.813972 0.669400 -0.572900 1 6 1.000000
  6 7.638734 -24.945436 55.823551 0.044344 -0.102344 -0.993760 0.749800 -0.863300 1 6 1.000000
  6 7.631998 -20.569998 55.350540 -0.005056 -0.080045 -0.996778 0.750200 -0.572900 1 6 1.000000
arm
  6 8.992150 -15.225950 55.487862 0.603586 -0.035776 -0.796494 0.676100 -0.218300 1 6 1.000000
  6 8.998464 -20.569862 55.738808 0.573382 -0.093181 -0.813972 0.669400 -0.572900 1 6 1.000000
  6 7.631998 -20.569998 55.350540 -0.005056 -0.080045 -0.996778 0.750200 -0.572900 1 6 1.000000
arm
  6 8.992150 -15.225950 55.487862 0.603586 -0.035776 -0.796494 0.676100 -0.218300 1 6 1.000000
  6 10.129448 -20.569246 57.522301 0.973070 -0.070575 -0.219438 0.542000 -0.572900 1 6 1.000000
  6 8.998464 -20.569862 55.738808 0.573382 -0.093181 -0.813972 0.669400 -0.572900 1 6 1.000000
arm
  6 10.197967 -15.285369 57.463200 0.975907 -0.015076 -0.217665 0.544200 -0.222300 1 6 1.000000
  6 10.129448 -20.569246 57.522301 0.973070 -0.070575 -0.219438 0.542000 -0.572900 1 6 1.000000
  6 8.992150 -15.225950 55.487862 0.603586 -0.035776 -0.796494 0.676100 -0.218300 1 6 1.000000
arm
  6 9.957335 -15.858934 59.589916 0.989699 -0.025650 0.140843 0.413900 -0.260400 1 6 1.000000
  6 10.129448 -20.569246 57.522301 0.973070 -0.070575 -0.219438 0.542000 -0.572900 1 6 1.000000
  6 10.197967 -15.285369 57.463200 0.975907 -0.015076 -0.217665 0.544200 -0.222300 1 6 1.000000
arm
  6 9.957335 -15.858934 59.589916 0.989699 -0.025650 0.140843 0.413900 -0.260400 1 6 1.000000
  6 9.767941 -20.676144 59.565315 0.967594 -0.096217 0.233461 0.409200 -0.580100 1 6 1.000000
  6 10.129448 -20.569246 57.522301 0.973070 -0.070575 -0.219438 0.542000 -0.572900 1 6 1.000000
arm
  6 9.767941 -20.676144 59.565315 0.967594 -0.096217 0.233461 0.409200 -0.580100 1 6 1.000000
  6 9.565384 -24.944586 58.285416 0.996157 -0.075983 0.043569 0.492700 -0.863300 1 6 1.000000
  6 10.129448 -20.569246 57.522301 0.973070 -0.070575 -0.219438 0.542000 -0.572900 1 6 1.000000
arm
  6 9.767941 -20.676144 59.565315 0.967594 -0.096217 0.233461 0.409200 -0.580100 1 6 1.000000
  6 8.813656 -25.249258 60.102562 0.892922 -0.064144 0.445618 0.338200 -0.883500 1 6 1.000000
  6 9.565384 -24.944586 58.285416 0.996157 -0.075983 0.043569 0.492700 -0.863300 1 6 1.000000
arm
  6 8.813656 -25.249258 60.102562 0.892922 -0.064144 0.445618 0.338200 -0.883500 1 6 1.000000
  6 9.389937 -26.991037 59.000362 0.945430 -0.048091 0.322257 0.431800 -0.999100 1 6 1.000000
  6 9.565384 -24.944586 58.285416 0.996157 -0.075983 0.043569 0.492700 -0.863300 1 6 1.000000
arm
  6 8.813656 -25.249258 60.102562 0.892922 -0.064144 0.445618 0.338200 -0.883500 1 6 1.000000
  6 8.612659 -26.981161 60.093090 0.810575 -0.097298 0.577495 0.325800 -0.998400 1 6 1.000000
  6 9.389937 -26.991037 59.000362 0.945430 -0.048091 0.322257 0.431800 -0.999100 1 6 1.000000
arm
  6 8.998464 -20.569862 55.738808 0.573382 -0.093181 -0.813972 0.669400 -0.572900 1 6 1.000000
  6 8.998472 -24.945175 56.582020 0.738043 -0.071733 -0.670930 0.638500 -0.863300 1 6 1.000000
  6 7.638734 -24.945436 55.823551 0.044344 -0.102344 -0.993760 0.749800 -0.863300 1 6 1.000000
arm
  6 10.129448 -20.569246 57.522301 0.973070 -0.070575 -0.219438 0.542000 -0.572900 1 6 1.000000
  6 8.998472 -24.945175 56.582020 0.738043 -0.071733 -0.670930 0.638500 -0.863300 1 6 1.000000
  6 8.998464 -20.569862 55.738808 0.573382 -0.093181 -0.813972 0.669400 -0.572900 1 6 1.000000
arm
  6 10.129448 -20.569246 57.522301 0.973070 -0.070575 -0.219438 0.542000 -0.572900 1 6 1.000000
  6 9.565384 -24.944586 58.285416 0.996157 -0.075983 0.043569 0.492700 -0.863300 1 6 1.000000
  6 8.998472 -24.945175 56.582020 0.738043 -0.071733 -0.670930 0.638500 -0.863300 1 6 1.000000
arm
  6 9.565384 -24.944586 58.285416 0.996157 -0.075983 0.043569 0.492700 -0.863300 1 6 1.000000
  6 9.326696 -26.991596 57.381039 0.948016 -0.053709 -0.313657 0.571600 -0.999100 1 6 1.000000
  6 8.998472 -24.945175 56.582020 0.738043 -0.071733 -0.670930 0.638500 -0.863300 1 6 1.000000
arm
  6 9.565384 -24.944586 58.285416 0.996157 -0.075983 0.043569 0.492700 -0.863300 1 6 1.000000
  6 9.389937 -26.991037 59.000362 0.945430 -0.048091 0.322257 0.431800 -0.999100 1 6 1.000000
  6 9.326696 -26.991596 57.381039 0.948016 -0.053709 -0.313657 0.571600 -0.999100 1 6 1.000000
arm
  6 7.638734 -24.945436 55.823551 0.044344 -0.102344 -0.993760 0.749800 -0.863300 1 6 1.000000
  6 7.638994 -26.992094 55.940460 0.160550 -0.007941 -0.986996 0.749800 -0.999100 1 6 1.000000
  6 6.717085 -26.210785 56.255371 -0.557494 -0.081882 -0.826133 0.820300 -0.947200 1 6 1.000000
arm
  6 8.998472 -24.945175 56.582020 0.738043 -0.071733 -0.670930 0.638500 -0.863300 1 6 1.000000
  6 7.638994 -26.992094 55.940460 0.160550 -0.007941 -0.986996 0.749800 -0.999100 1 6 1.000000
  6 7.638734 -24.945436 55.823551 0.044344 -0.102344 -0.993760 0.749800 -0.863300 1 6 1.000000
arm
  6 8.998472 -24.945175 56.582020 0.738043 -0.071733 -0.670930 0.638500 -0.863300 1 6 1.000000
  6 8.560584 -26.991983 56.256275 0.606303 -0.003175 -0.795227 0.679300 -0.999100 1 6 1.000000
  6 7.638994 -26.992094 55.940460 0.160550 -0.007941 -0.986996 0.749800 -0.999100 1 6 1.000000
arm
  6 8.998472 -24.945175 56.582020 0.738043 -0.071733 -0.670930 0.638500 -0.863300 1 6 1.000000
  6 9.326696 -26.991596 57.381039 0.948016 -0.053709 -0.313657 0.571600 -0.999100 1 6 1.000000
  6 8.560584 -26.991983 56.256275 0.606303 -0.003175 -0.795227 0.679300 -0.999100 1 6 1.000000
arm
  6 7.231137 -26.991638 60.447018 0.248167 -0.059166 0.966909 0.221800 -0.999100 1 6 1.000000
  6 8.612659 -26.981161 60.093090 0.264180 -0.048470 0.963255 0.325800 -0.998400 1 6 1.000000
  6 7.497922 -25.171324 60.489880 0.264180 -0.048470 0.963255 0.240500 -0.878400 1 6 1.000000
arm
  6 7.497922 -25.171324 60.489880 0.264180 -0.048470 0.963255 0.240500 -0.878400 1 6 1.000000
  6 8.612659 -26.981161 60.093090 0.264180 -0.048470 0.963255 0.325800 -0.998400 1 6 1.000000
  6 8.813656 -25.249258 60.102562 0.280076 -0.037770 0.959234 0.338200 -0.883500 1 6 1.000000
arm
  6 5.286648 -20.569246 57.520626 -0.979787 -0.075568 -0.185222 -0.044500 -0.572900 1 6 1.000000
  6 5.862194 -24.944796 57.676441 -0.972120 -0.115269 -0.204194 -0.045400 -0.863300 1 6 1.000000
  6 5.989676 -24.944178 59.466080 -0.871648 -0.075931 0.484215 0.104600 -0.863300 1 6 1.000000
arm
  6 5.862194 -24.944796 57.676441 -0.972120 -0.115269 -0.204194 -0.045400 -0.863300 1 6 1.000000
  6 5.986184 -26.210184 57.705017 -0.952898 -0.095399 -0.287895 -0.046100 -0.947200 1 6 1.000000
  6 6.104795 -26.209597 59.410458 -0.950027 -0.100300 0.295614 0.106700 -0.947200 1 6 1.000000
arm
  6 5.862194 -24.944796 57.676441 -0.972120 -0.115269 -0.204194 -0.045400 -0.863300 1 6 1.000000
  6 6.104795 -26.209597 59.410458 -0.950027 -0.100300 0.295614 0.106700 -0.947200 1 6 1.000000
  6 5.989676 -24.944178 59.466080 -0.871648 -0.075931 0.484215 0.104600 -0.863300 1 6 1.000000
arm
  6 5.989676 -24.944178 59.466080 -0.871648 -0.075931 0.484215 0.104600 -0.863300 1 6 1.000000
  6 6.104795 -26.209597 59.410458 -0.950027 -0.100300 0.295614 0.106700 -0.947200 1 6 1.000000
  6 7.231137 -26.991638 60.447018 -0.636867 -0.016934 0.770787 0.221800 -0.999100 1 6 1.000000
arm
  6 5.989676 -24.944178 59.466080 -0.871648 -0.075931 0.484215 0.104600 -0.863300 1 6 1.000000
  6 7.231137 -26.991638 60.447018 -0.636867 -0.016934 0.770787 0.221800 -0.999100 1 6 1.000000
  6 7.497922 -25.171324 60.489880 -0.630575 -0.069434 0.773016 0.240500 -0.878400 1 6 1.000000
arm
  6 5.674498 -20.568497 59.691761 -0.890041 -0.095245 0.445819 0.103800 -0.572900 1 6 1.000000
  6 5.989676 -24.944178 59.466080 -0.871648 -0.075931 0.484215 0.104600 -0.863300 1 6 1.000000
  6 7.497922 -25.171324 60.489880 -0.630575 -0.069434 0.773016 0.240500 -0.878400 1 6 1.000000
arm
  6 5.286648 -20.569246 57.520626 -0.979787 -0.075568 -0.185222 -0.044500 -0.572900 1 6 1.000000
  6 5.989676 -24.944178 59.466080 -0.871648 -0.075931 0.484215 0.104600 -0.863300 1 6 1.000000
  6 5.674498 -20.568497 59.691761 -0.890041 -0.095245 0.445819 0.103800 -0.572900 1 6 1.000000
arm
  6 5.100172 -15.269672 57.450733 -0.994041 -0.052332 -0.095623 -0.045300 -0.221300 1 6 1.000000
  6 5.286648 -20.569246 57.520626 -0.979787 -0.075568 -0.185222 -0.044500 -0.572900 1 6 1.000000
  6 5.674498 -20.568497 59.691761 -0.890041 -0.095245 0.445819 0.103800 -0.572900 1 6 1.000000
arm
  6 5.100172 -15.269672 57.450733 -0.994041 -0.052332 -0.095623 -0.045300 -0.221300 1 6 1.000000
  6 5.674498 -20.568497 59.691761 -0.890041 -0.095245 0.445819 0.103800 -0.572900 1 6 1.000000
  6 5.281247 -15.560246 59.842297 -0.851480 -0.069720 0.519731 0.097300 -0.240600 1 6 1.000000
arm
  6 5.281247 -15.560246 59.842297 -0.851480 -0.069720 0.519731 0.097300 -0.240600 1 6 1.000000
  6 5.674498 -20.568497 59.691761 -0.890041 -0.095245 0.445819 0.103800 -0.572900 1 6 1.000000
  6 6.404898 -20.498898 60.560989 -0.722130 -0.100763 0.684379 0.173700 -0.568300 1 6 1.000000
arm
  6 5.674498 -20.568497 59.691761 -0.890041 -0.095245 0.445819 0.103800 -0.572900 1 6 1.000000
  6 7.497922 -25.171324 60.489880 -0.630575 -0.069434 0.773016 0.240500 -0.878400 1 6 1.000000
  6 6.404898 -20.498898 60.560989 -0.722130 -0.100763 0.684379 0.173700 -0.568300 1 6 1.000000
arm
  6 5.281247 -15.560246 59.842297 -0.851480 -0.069720 0.519731 0.097300 -0.240600 1 6 1.000000
  6 6.404898 -20.498898 60.560989 -0.722130 -0.100763 0.684379 0.173700 -0.568300 1 6 1.000000
  6 6.295855 -16.122953 60.685940 -0.651223 -0.037836 0.757943 0.171600 -0.278000 1 6 1.000000
arm
  26 -8.611030 -19.413868 60.354229 -0.270130 0.007232 0.962797 0.287200 -0.565900 1 26 1.000000
  26 -10.108501 -19.796398 58.827641 -0.706848 -0.002456 0.707361 0.409200 -0.580100 1 26 1.000000
  26 -8.986198 -24.859802 59.975079 -0.531089 -0.022407 0.847019 0.338200 -0.883500 1 26 1.000000
arm
  26 -8.748476 -14.800423 60.200687 -0.490289 0.009601 0.871507 0.287300 -0.272200 1 26 1.000000
  26 -10.426320 -14.633978 58.593552 -0.692161 -0.009851 0.721676 0.413900 -0.260400 1 26 1.000000
  26 -10.108501 -19.796398 58.827641 -0.706848 -0.002456 0.707361 0.409200 -0.580100 1 26 1.000000
arm
  26 -8.748476 -14.800423 60.200687 -0.490289 0.009601 0.871507 0.287300 -0.272200 1 26 1.000000
  26 -10.108501 -19.796398 58.827641 -0.706848 -0.002456 0.707361 0.409200 -0.580100 1 26 1.000000
  26 -8.611030 -19.413868 60.354229 -0.270130 0.007232 0.962797 0.287200 -0.565900 1 26 1.000000
arm
  26 -6.574044 -14.848256 60.104954 0.073758 0.021545 0.997043 0.171600 -0.278000 1 26 1.000000
  26 -8.748476 -14.800423 60.200687 -0.490289 0.009601 0.871507 0.287300 -0.272200 1 26 1.000000
  26 -8.611030 -19.413868 60.354229 -0.270130 0.007232 0.962797 0.287200 -0.565900 1 26 1.000000
arm
  26 -6.574044 -14.848256 60.104954 0.073758 0.021545 0.997043 0.171600 -0.278000 1 26 1.000000
  26 -8.611030 -19.413868 60.354229 -0.270130 0.007232 0.962797 0.287200 -0.565900 1 26 1.000000
  26 -6.564657 -19.432642 60.143040 0.102856 0.023443 0.994420 0.173700 -0.568300 1 26 1.000000
arm
  26 -6.564657 -19.432642 60.143040 0.102856 0.023443 0.994420 0.173700 -0.568300 1 26 1.000000
  26 -8.611030 -19.413868 60.354229 -0.270130 0.007232 0.962797 0.287200 -0.565900 1 26 1.000000
  26 -7.589464 -24.699938 60.452904 -0.110544 -0.002857 0.993867 0.240500 -0.878400 1 26 1.000000
arm
  26 -8.611030 -19.413868 60.354229 -0.270130 0.007232 0.962797 0.287200 -0.565900 1 26 1.000000
  26 -8.986198 -24.859802 59.975079 -0.531089 -0.022407 0.847019 0.338200 -0.883500 1 26 1.000000
  26 -7.589464 -24.699938 60.452904 -0.110544 -0.002857 0.993867 0.240500 -0.878400 1 26 1.000000
arm
  6 6.295855 -16.122953 60.685940 -0.151048 -0.021260 0.988298 0.171600 -0.278000 1 6 1.000000
  6 8.276782 -20.462385 60.895321 0.202855 -0.051560 0.977850 0.287200 -0.565900 1 6 1.000000
  6 8.290067 -16.035269 60.942001 0.421694 -0.017587 0.906567 0.287300 -0.272200 1 6 1.000000
arm
  6 6.295855 -16.122953 60.685940 -0.151048 -0.021260 0.988298 0.171600 -0.278000 1 6 1.000000
  6 6.404898 -20.498898 60.560989 -0.174831 -0.044158 0.983608 0.173700 -0.568300 1 6 1.000000
  6 8.276782 -20.462385 60.895321 0.202855 -0.051560 0.977850 0.287200 -0.565900 1 6 1.000000
arm
  6 6.404898 -20.498898 60.560989 -0.174831 -0.044158 0.983608 0.173700 -0.568300 1 6 1.000000
  6 7.497922 -25.171324 60.489880 0.050658 -0.093960 0.994286 0.240500 -0.878400 1 6 1.000000
  6 8.276782 -20.462385 60.895321 0.202855 -0.051560 0.977850 0.287200 -0.565900 1 6 1.000000
arm
  6 8.276782 -20.462385 60.895321 0.202855 -0.051560 0.977850 0.287200 -0.565900 1 6 1.000000
  6 7.497922 -25.171324 60.489880 0.050658 -0.093960 0.994286 0.240500 -0.878400 1 6 1.000000
  6 8.813656 -25.249258 60.102562 0.478998 -0.090899 0.873097 0.338200 -0.883500 1 6 1.000000
arm
  6 8.276782 -20.462385 60.895321 0.202855 -0.051560 0.977850 0.287200 -0.565900 1 6 1.000000
  6 8.813656 -25.249258 60.102562 0.478998 -0.090899 0.873097 0.338200 -0.883500 1 6 1.000000
  6 9.767941 -20.676144 59.565315 0.652560 -0.029540 0.757161 0.409200 -0.580100 1 6 1.000000
arm
  6 8.290067 -16.035269 60.942001 0.421694 -0.017587 0.906567 0.287300 -0.272200 1 6 1.000000
  6 8.276782 -20.462385 60.895321 0.202855 -0.051560 0.977850 0.287200 -0.565900 1 6 1.000000
  6 9.767941 -20.676144 59.565315 0.652560 -0.029540 0.757161 0.409200 -0.580100 1 6 1.000000
arm
  6 8.290067 -16.035269 60.942001 0.421694 -0.017587 0.906567 0.287300 -0.272200 1 6 1.000000
  6 9.767941 -20.676144 59.565315 0.652560 -0.029540 0.757161 0.409200 -0.580100 1 6 1.000000
  6 9.957335 -15.858934 59.589916 0.631467 -0.028734 0.774870 0.413900 -0.260400 1 6 1.000000
arm
  26 -5.416768 -14.270132 59.303051 0.802930 -0.031996 0.595214 0.097300 -0.240600 1 26 1.000000
  26 -6.574044 -14.848256 60.104954 0.566890 0.007984 0.823755 0.171600 -0.278000 1 26 1.000000
  26 -6.564657 -19.432642 60.143040 0.662546 -0.043642 0.747748 0.173700 -0.568300 1 26 1.000000
arm
  26 -5.416768 -14.270132 59.303051 0.802930 -0.031996 0.595214 0.097300 -0.240600 1 26 1.000000
  26 -6.564657 -19.432642 60.143040 0.662546 -0.043642 0.747748 0.173700 -0.568300 1 26 1.000000
  26 -5.706256 -19.560846 59.270382 0.857474 -0.041121 0.512881 0.103800 -0.572900 1 26 1.000000
arm
  26 -5.007689 -13.868611 56.758057 0.999321 -0.033706 -0.014844 -0.045300 -0.221300 1 26 1.000000
  26 -5.416768 -14.270132 59.303051 0.802930 -0.031996 0.595214 0.097300 -0.240600 1 26 1.000000
  26 -5.706256 -19.560846 59.270382 0.857474 -0.041121 0.512881 0.103800 -0.572900 1 26 1.000000
arm
  26 -5.007689 -13.868611 56.758057 0.999321 -0.033706 -0.014844 -0.045300 -0.221300 1 26 1.000000
  26 -5.706256 -19.560846 59.270382 0.857474 -0.041121 0.512881 0.103800 -0.572900 1 26 1.000000
  26 -5.115660 -19.727041 56.965443 0.992134 -0.058938 -0.110437 -0.044500 -0.572900 1 26 1.000000
arm
  26 -5.115660 -19.727041 56.965443 0.992134 -0.058938 -0.110437 -0.044500 -0.572900 1 26 1.000000
  26 -5.706256 -19.560846 59.270382 0.857474 -0.041121 0.512881 0.103800 -0.572900 1 26 1.000000
  26 -5.911105 -24.498495 59.411411 0.847273 -0.009716 0.531069 0.104600 -0.863300 1 26 1.000000
arm
  26 -5.706256 -19.560846 59.270382 0.857474 -0.041121 0.512881 0.103800 -0.572900 1 26 1.000000
  26 -7.589464 -24.699938 60.452904 0.586421 0.013180 0.809899 0.240500 -0.878400 1 26 1.000000
  26 -5.911105 -24.498495 59.411411 0.847273 -0.009716 0.531069 0.104600 -0.863300 1 26 1.000000
arm
  26 -5.911105 -24.498495 59.411411 0.847273 -0.009716 0.531069 0.104600 -0.863300 1 26 1.000000
  26 -7.589464 -24.699938 60.452904 0.586421 0.013180 0.809899 0.240500 -0.878400 1 26 1.000000
  26 -7.162193 -26.923706 60.540821 0.607327 0.055774 0.792491 0.221800 -0.999100 1 26 1.000000
arm
  26 -5.911105 -24.498495 59.411411 0.847273 -0.009716 0.531069 0.104600 -0.863300 1 26 1.000000
  26 -7.162193 -26.923706 60.540821 0.607327 0.055774 0.792491 0.221800 -0.999100 1 26 1.000000
  26 -5.968607 -26.001793 59.422413 0.941113 -0.045986 0.334951 0.106700 -0.947200 1 26 1.000000
arm
  26 -5.670541 -24.669260 57.493759 0.984027 -0.103948 -0.144521 -0.045400 -0.863300 1 26 1.000000
  26 -5.911105 -24.498495 59.411411 0.847273 -0.009716 0.531069 0.104600 -0.863300 1 26 1.000000
  26 -5.968607 -26.001793 59.422413 0.941113 -0.045986 0.334951 0.106700 -0.947200 1 26 1.000000
arm
  26 -5.670541 -24.669260 57.493759 0.984027 -0.103948 -0.144521 -0.045400 -0.863300 1 26 1.000000
  26 -5.968607 -26.001793 59.422413 0.941113 -0.045986 0.334951 0.106700 -0.947200 1 26 1.000000
  26 -5.786785 -26.084719 57.616005 0.965398 -0.100985 -0.240435 -0.046100 -0.947200 1 26 1.000000
arm
  26 -5.115660 -19.727041 56.965443 0.992134 -0.058938 -0.110437 -0.044500 -0.572900 1 26 1.000000
  26 -5.911105 -24.498495 59.411411 0.847273 -0.009716 0.531069 0.104600 -0.863300 1 26 1.000000
  26 -5.670541 -24.669260 57.493759 0.984027 -0.103948 -0.144521 -0.045400 -0.863300 1 26 1.000000
arm
  26 -5.706256 -19.560846 59.270382 0.857474 -0.041121 0.512881 0.103800 -0.572900 1 26 1.000000
  26 -6.564657 -19.432642 60.143040 0.662546 -0.043642 0.747748 0.173700 -0.568300 1 26 1.000000
  26 -7.589464 -24.699938 60.452904 0.586421 0.013180 0.809899 0.240500 -0.878400 1 26 1.000000
end
