version 1
nodes
0 "polymsh1" -1
1 "ValveBiped.Bip01" -1
2 "ValveBiped.Bip01_Pelvis" 1
3 "ValveBiped.Bip01_L_Thigh" 2
4 "ValveBiped.Bip01_L_Calf" 3
5 "ValveBiped.Bip01_L_Foot" 4
6 "ValveBiped.Bip01_L_Toe0" 5
7 "ValveBiped.Bip01_R_Thigh" 2
8 "ValveBiped.Bip01_R_Calf" 7
9 "ValveBiped.Bip01_R_Foot" 8
10 "ValveBiped.Bip01_R_Toe0" 9
11 "ValveBiped.Bip01_Spine" 1
12 "ValveBiped.Bip01_Spine1" 11
13 "ValveBiped.Bip01_Spine2" 12
14 "ValveBiped.Bip01_Spine4" 13
15 "ValveBiped.Bip01_Neck1" 14
16 "ValveBiped.Bip01_Head1" 15
17 "ValveBiped.Bip01_L_Clavicle" 14
18 "ValveBiped.Bip01_L_UpperArm" 17
19 "ValveBiped.Bip01_L_Forearm" 18
20 "ValveBiped.Bip01_L_Hand" 19
21 "ValveBiped.Bip01_L_Finger4" 20
22 "ValveBiped.Bip01_L_Finger41" 21
23 "ValveBiped.Bip01_L_Finger42" 22
24 "ValveBiped.Bip01_L_Finger3" 20
25 "ValveBiped.Bip01_L_Finger31" 24
26 "ValveBiped.Bip01_L_Finger32" 25
27 "ValveBiped.Bip01_L_Finger2" 20
28 "ValveBiped.Bip01_L_Finger21" 27
29 "ValveBiped.Bip01_L_Finger22" 28
30 "ValveBiped.Bip01_L_Finger1" 20
31 "ValveBiped.Bip01_L_Finger11" 30
32 "ValveBiped.Bip01_L_Finger12" 31
33 "ValveBiped.Bip01_L_Finger0" 20
34 "ValveBiped.Bip01_L_Finger01" 33
35 "ValveBiped.Bip01_L_Finger02" 34
36 "ValveBiped.Bip01_R_Clavicle" 14
37 "ValveBiped.Bip01_R_UpperArm" 36
38 "ValveBiped.Bip01_R_Forearm" 37
39 "ValveBiped.Bip01_R_Hand" 38
40 "ValveBiped.Bip01_R_Finger4" 39
41 "ValveBiped.Bip01_R_Finger41" 40
42 "ValveBiped.Bip01_R_Finger42" 41
43 "ValveBiped.Bip01_R_Finger3" 39
44 "ValveBiped.Bip01_R_Finger31" 43
45 "ValveBiped.Bip01_R_Finger32" 44
46 "ValveBiped.Bip01_R_Finger2" 39
47 "ValveBiped.Bip01_R_Finger21" 46
48 "ValveBiped.Bip01_R_Finger22" 47
49 "ValveBiped.Bip01_R_Finger1" 39
50 "ValveBiped.Bip01_R_Finger11" 49
51 "ValveBiped.Bip01_R_Finger12" 50
52 "ValveBiped.Bip01_R_Finger0" 39
53 "ValveBiped.Bip01_R_Finger01" 52
54 "ValveBiped.Bip01_R_Finger02" 53
55 "ValveBiped.Grenade_body" 39
56 "ValveBiped.Pin" 55
end
skeleton
time 0
0  0.000000 0.000000 0.000000  1.570796 -0.000000 0.000000
1  -0.000005 -4.614097 38.566917  1.570796 -0.000000 0.000000
2  0.000000 0.000000 0.000000  0.000000 -0.000000 0.000000
3  3.890452 -0.000004 -0.000003  -1.570796 -0.019251 -1.565574
4  17.848183 -0.000042 -0.000001  -0.000000 0.000000 0.118789
5  16.525259 0.000001 0.000000  -0.027916 -0.040782 -1.085136
6  6.879454 -0.000016 -0.000007  -0.007299 -0.002950 -0.584376
7  -3.890452 0.000004 0.000007  -1.570797 -0.019251 -1.576021
8  17.848175 -0.000006 0.000002  0.000001 -0.000000 0.118799
9  16.525255 -0.000201 0.000002  0.038610 0.040778 -1.085147
10  6.879455 -0.000001 -0.000003  -0.081334 -0.002952 -0.584377
11  0.000005 3.345127 -2.981902  1.570796 0.086296 1.570796
12  4.018331 0.000010 -0.000000  -0.000000 -0.000000 -0.029233
13  3.518568 -0.000024 -0.000001  0.000000 0.000000 0.100336
14  8.942645 -0.000060 -0.000002  0.000000 0.000000 0.194090
15  3.307272 -0.000003 -0.000000  3.141590 -0.000000 0.400473
16  3.593712 -0.000019 0.000001  -0.000000 -0.000001 0.406589
17  2.033349 1.000765 1.937660  -1.544963 -1.855076 -0.198624
18  6.028140 -0.000016 0.000013  -1.578694 -0.408157 -1.282408
19  11.692549 -0.000024 0.000004  0.000001 0.000001 -1.224259
20  11.481669 0.000052 -0.000019  1.573178 -0.028080 0.044393
21  3.859709 -0.142433 -1.191940  -0.476788 0.134336 -0.965132
22  1.312562 -0.000008 0.000026  -0.000009 -0.000032 -0.279219
23  0.729362 -0.000002 -0.000011  0.000010 0.000017 -0.096885
24  3.942329 0.046748 -0.431410  -0.145076 0.087420 -0.741660
25  1.539092 0.000000 -0.000007  0.000009 0.000030 -0.309339
26  1.196324 0.000001 0.000029  -0.000003 -0.000042 -0.521231
27  3.883682 -0.046786 0.431477  0.085890 0.021803 -0.587876
28  1.719575 0.000005 -0.000027  0.000011 0.005558 -0.366479
29  1.209181 0.000002 0.000032  -0.000001 0.003070 -0.216398
30  3.859845 -0.137956 1.332500  0.354438 -0.042773 -0.531726
31  1.719428 0.000000 -0.000016  0.000011 0.004108 -0.363013
32  1.099667 0.000007 0.000022  0.000007 0.002601 -0.244323
33  0.806037 -0.348916 1.321270  -1.166383 -0.626631 -0.921979
34  1.789789 -0.000007 0.000001  0.000000 -0.000005 0.189103
35  1.206999 -0.000003 -0.000002  0.000004 0.000003 0.306015
36  2.033357 1.000769 -1.937611  1.473128 1.855071 -0.198631
37  6.028141 -0.000018 -0.000019  1.601016 1.378002 -1.538108
38  11.692555 0.000023 -0.000011  0.000001 0.000003 -0.324203
39  11.481694 -0.000022 0.000030  -1.839861 0.008430 0.043617
40  3.859673 -0.132566 1.193104  0.455045 -0.194903 -0.839470
41  1.312562 -0.000004 -0.000013  0.000002 0.000008 -0.517226
42  0.729365 0.000002 0.000003  -0.000002 -0.000008 -0.174087
43  3.942295 0.050330 0.431040  0.155250 -0.060700 -0.867787
44  1.539098 -0.000006 -0.000005  -0.000009 -0.000030 -0.247843
45  1.196322 0.000002 -0.000046  -0.000006 -0.000021 -0.751740
46  3.883657 -0.050326 -0.431047  -0.079395 -0.041014 -0.763904
47  1.719580 -0.000001 0.000029  -0.000001 -0.008033 -0.582422
48  1.209182 -0.000001 -0.000046  -0.000008 -0.004470 -0.471630
49  3.859830 -0.148934 -1.331285  -0.350875 -0.029418 -0.716195
50  1.719426 0.000007 0.000018  -0.000001 -0.006626 -0.578950
51  1.099666 0.000007 -0.000000  -0.000008 -0.004171 -0.597739
52  0.806017 -0.359833 -1.318337  1.075088 0.372544 -1.449055
53  1.789784 0.000002 0.000011  0.000000 -0.000003 0.265288
54  1.207000 -0.000002 0.000007  -0.000005 -0.000005 0.310704
55  3.484000 -2.623365 0.559217  0.000000 -0.000000 -0.000001
56  0.451687 -1.109964 -3.945941  -0.000001 -0.000000 0.000002
end
triangles
v_hand_sheet.tga
0  8.735649 -16.073391 49.590466  0.512468 0.296469 0.805905  0.904892 0.442606 1 19 1.000000
0  8.665154 -15.905723 49.458729  0.345235 0.687059 0.639345  0.889131 0.440743 1 19 1.000000
0  8.319178 -16.054335 49.551258  0.095800 0.727657 0.679219  0.888719 0.451926 1 19 1.000000
v_hand_sheet.tga
0  8.735649 -16.073391 49.590466  0.512468 0.296469 0.805905  0.904892 0.442606 1 19 1.000000
0  8.319178 -16.054335 49.551258  0.095800 0.727657 0.679219  0.888719 0.451926 1 19 1.000000
0  8.356753 -16.145473 49.655331  0.145295 0.511662 0.846813  0.897987 0.459708 1 19 1.000000
v_hand_sheet.tga
0  9.152835 -15.947207 48.462940  0.756429 0.636243 0.151691  0.891273 0.383243 1 19 1.000000
0  9.258918 -16.074072 48.524422  0.756432 0.636242 0.151683  0.904892 0.385086 1 19 1.000000
0  9.297324 -16.068611 47.903515  0.801767 0.597616 -0.005026  0.904892 0.355258 1 19 1.000000
v_hand_sheet.tga
0  9.152835 -15.947207 48.462940  0.756429 0.636243 0.151691  0.891273 0.383243 1 19 1.000000
0  9.297324 -16.068611 47.903515  0.801767 0.597616 -0.005026  0.904892 0.355258 1 19 1.000000
0  9.192295 -15.922413 47.878422  0.801773 0.597608 -0.005015  0.890239 0.353363 1 19 1.000000
v_hand_sheet.tga
0  8.954683 -15.912544 49.021214  0.705007 0.625365 0.334491  0.889388 0.413341 1 19 1.000000
0  9.075539 -16.075384 49.050621  0.705001 0.625374 0.334485  0.904892 0.411588 1 19 1.000000
0  9.258918 -16.074072 48.524422  0.756432 0.636242 0.151683  0.904892 0.385086 1 19 1.000000
v_hand_sheet.tga
0  8.954683 -15.912544 49.021214  0.705007 0.625365 0.334491  0.889388 0.413341 1 19 1.000000
0  9.258918 -16.074072 48.524422  0.756432 0.636242 0.151683  0.904892 0.385086 1 19 1.000000
0  9.152835 -15.947207 48.462940  0.756429 0.636243 0.151691  0.891273 0.383243 1 19 1.000000
v_hand_sheet.tga
0  9.345043 -12.308974 49.676090  0.850401 -0.189921 0.490661  0.158453 0.410200 1 19 1.000000
0  8.665154 -15.905723 49.458729  0.817802 -0.187470 0.544109  0.024475 0.421246 1 19 1.000000
0  8.954683 -15.912544 49.021214  0.850383 -0.189920 0.490692  0.024294 0.400562 1 19 1.000000
v_hand_sheet.tga
0  9.075539 -16.075384 49.050621  0.705001 0.625374 0.334485  0.904892 0.411588 1 19 1.000000
0  8.954683 -15.912544 49.021214  0.705007 0.625365 0.334491  0.889388 0.413341 1 19 1.000000
0  8.665154 -15.905723 49.458729  0.345235 0.687059 0.639345  0.889131 0.440743 1 19 1.000000
v_hand_sheet.tga
0  9.075539 -16.075384 49.050621  0.705001 0.625374 0.334485  0.904892 0.411588 1 19 1.000000
0  8.665154 -15.905723 49.458729  0.345235 0.687059 0.639345  0.889131 0.440743 1 19 1.000000
0  8.735649 -16.073391 49.590466  0.512468 0.296469 0.805905  0.904892 0.442606 1 19 1.000000
v_hand_sheet.tga
0  9.238596 -16.061565 47.337116  0.789538 0.579847 -0.201015  0.904892 0.327371 1 19 1.000000
0  9.134484 -15.907172 47.354633  0.789525 0.579862 -0.201021  0.889786 0.326030 1 19 1.000000
0  9.192295 -15.922413 47.878422  0.801773 0.597608 -0.005015  0.890239 0.353363 1 19 1.000000
v_hand_sheet.tga
0  9.238596 -16.061565 47.337116  0.789538 0.579847 -0.201015  0.904892 0.327371 1 19 1.000000
0  9.192295 -15.922413 47.878422  0.801773 0.597608 -0.005015  0.890239 0.353363 1 19 1.000000
0  9.297324 -16.068611 47.903515  0.801767 0.597616 -0.005026  0.904892 0.355258 1 19 1.000000
v_hand_sheet.tga
0  9.932351 -12.311279 48.631035  0.964664 -0.208788 0.160721  0.158453 0.374814 1 19 1.000000
0  9.192295 -15.922413 47.878422  0.977337 -0.210900 0.018287  0.023692 0.355448 1 19 1.000000
0  9.134484 -15.907172 47.354633  0.954711 -0.214109 -0.206603  0.024012 0.334645 1 19 1.000000
v_hand_sheet.tga
0  9.932351 -12.311279 48.631035  0.964664 -0.208788 0.160721  0.158453 0.374814 1 19 1.000000
0  9.134484 -15.907172 47.354633  0.954711 -0.214109 -0.206603  0.024012 0.334645 1 19 1.000000
0  9.957559 -12.298284 47.296967  0.921160 -0.201006 -0.333257  0.158453 0.337151 1 19 1.000000
v_hand_sheet.tga
0  9.017180 -17.824188 47.352219  0.947715 -0.127728 -0.292441  0.997517 0.325299 1 19 1.000000
0  8.518603 -17.803988 46.443237  0.846943 -0.120549 -0.517838  0.997517 0.265593 1 19 1.000000
0  9.006437 -16.050995 46.799110  0.846928 -0.120535 -0.517865  0.904892 0.297250 1 19 1.000000
v_hand_sheet.tga
0  9.017180 -17.824188 47.352219  0.947715 -0.127728 -0.292441  0.997517 0.325299 1 19 1.000000
0  9.006437 -16.050995 46.799110  0.846928 -0.120535 -0.517865  0.904892 0.297250 1 19 1.000000
0  9.238596 -16.061565 47.337116  0.947708 -0.127726 -0.292463  0.904892 0.327371 1 19 1.000000
v_hand_sheet.tga
0  8.898598 -15.917374 46.810619  0.697262 0.598559 -0.394403  0.890882 0.293860 1 19 1.000000
0  9.006437 -16.050995 46.799110  0.697300 0.598543 -0.394359  0.904892 0.297250 1 19 1.000000
0  8.680129 -16.039223 46.346691  0.642580 0.610545 -0.462953  0.904892 0.267351 1 19 1.000000
v_hand_sheet.tga
0  8.898598 -15.917374 46.810619  0.697262 0.598559 -0.394403  0.890882 0.293860 1 19 1.000000
0  8.680129 -16.039223 46.346691  0.642580 0.610545 -0.462953  0.904892 0.267351 1 19 1.000000
0  8.612376 -15.916472 46.429558  0.642592 0.610535 -0.462950  0.891368 0.266926 1 19 1.000000
v_hand_sheet.tga
0  9.957559 -12.298284 47.296967  0.921160 -0.201006 -0.333257  0.158453 0.337151 1 19 1.000000
0  9.134484 -15.907172 47.354633  0.954711 -0.214109 -0.206603  0.024012 0.334645 1 19 1.000000
0  8.898598 -15.917374 46.810619  0.857803 -0.188995 -0.477969  0.023237 0.309857 1 19 1.000000
v_hand_sheet.tga
0  9.006437 -16.050995 46.799110  0.697300 0.598543 -0.394359  0.904892 0.297250 1 19 1.000000
0  8.898598 -15.917374 46.810619  0.697262 0.598559 -0.394403  0.890882 0.293860 1 19 1.000000
0  9.134484 -15.907172 47.354633  0.789525 0.579862 -0.201021  0.889786 0.326030 1 19 1.000000
v_hand_sheet.tga
0  9.006437 -16.050995 46.799110  0.697300 0.598543 -0.394359  0.904892 0.297250 1 19 1.000000
0  9.134484 -15.907172 47.354633  0.789525 0.579862 -0.201021  0.889786 0.326030 1 19 1.000000
0  9.238596 -16.061565 47.337116  0.789538 0.579847 -0.201015  0.904892 0.327371 1 19 1.000000
v_hand_sheet.tga
0  8.553780 -17.835083 49.428387  0.694088 -0.135550 0.707013  0.997517 0.443112 1 19 1.000000
0  8.735649 -16.073391 49.590466  0.512468 0.296469 0.805905  0.904892 0.442606 1 19 1.000000
0  8.263552 -16.754091 49.839687  0.511014 0.132601 0.849283  0.940979 0.470149 1 19 1.000000
v_hand_sheet.tga
0  9.030055 -17.835569 48.444862  0.967654 -0.133690 0.213945  0.997517 0.384182 1 19 1.000000
0  9.095415 -17.831024 47.855938  0.992385 -0.121193 -0.022015  0.997517 0.352863 1 19 1.000000
0  9.297324 -16.068611 47.903515  0.992385 -0.121189 -0.022016  0.904892 0.355258 1 19 1.000000
v_hand_sheet.tga
0  9.030055 -17.835569 48.444862  0.967654 -0.133690 0.213945  0.997517 0.384182 1 19 1.000000
0  9.297324 -16.068611 47.903515  0.992385 -0.121189 -0.022016  0.904892 0.355258 1 19 1.000000
0  9.258918 -16.074072 48.524422  0.967658 -0.133692 0.213928  0.904892 0.385086 1 19 1.000000
v_hand_sheet.tga
0  7.652546 -16.101896 49.817486  0.066125 -0.139608 0.987997  0.884812 0.126236 1 19 1.000000
0  8.015885 -16.107796 49.737869  0.313813 -0.147381 0.937977  0.885255 0.146028 1 19 1.000000
0  8.062047 -12.282820 50.353107  0.313765 -0.147375 0.937994  0.719481 0.144150 1 19 1.000000
v_hand_sheet.tga
0  7.652546 -16.101896 49.817486  0.066125 -0.139608 0.987997  0.884812 0.126236 1 19 1.000000
0  8.062047 -12.282820 50.353107  0.313765 -0.147375 0.937994  0.719481 0.144150 1 19 1.000000
0  6.806683 -12.254736 50.390987  -0.132194 -0.136258 0.981814  0.717308 0.080175 1 19 1.000000
v_hand_sheet.tga
0  8.062047 -12.282820 50.353107  0.313765 -0.147375 0.937994  0.719481 0.144150 1 19 1.000000
0  8.015885 -16.107796 49.737869  0.313813 -0.147381 0.937977  0.885255 0.146028 1 19 1.000000
0  8.319178 -16.054335 49.551258  0.378006 -0.116012 0.918505  0.883905 0.164095 1 19 1.000000
v_hand_sheet.tga
0  8.062047 -12.282820 50.353107  0.313765 -0.147375 0.937994  0.719481 0.144150 1 19 1.000000
0  8.319178 -16.054335 49.551258  0.378006 -0.116012 0.918505  0.883905 0.164095 1 19 1.000000
0  9.022017 -12.487900 49.693615  0.377886 -0.115986 0.918558  0.728656 0.200580 1 19 1.000000
v_hand_sheet.tga
0  9.345043 -12.308974 49.676090  0.850401 -0.189921 0.490661  0.158453 0.410200 1 19 1.000000
0  8.954683 -15.912544 49.021214  0.850383 -0.189920 0.490692  0.024294 0.400562 1 19 1.000000
0  9.152835 -15.947207 48.462940  0.945875 -0.205632 0.251068  0.022960 0.377863 1 19 1.000000
v_hand_sheet.tga
0  9.345043 -12.308974 49.676090  0.850387 -0.189941 0.490678  0.158453 0.410200 1 19 1.000000
0  9.152835 -15.947207 48.462940  0.945927 -0.205697 0.250820  0.022960 0.377863 1 19 1.000000
0  9.932351 -12.311279 48.631035  0.964664 -0.208788 0.160721  0.158453 0.374814 1 19 1.000000
v_hand_sheet.tga
0  9.932351 -12.311279 48.631035  0.964664 -0.208788 0.160721  0.158453 0.374814 1 19 1.000000
0  9.152835 -15.947207 48.462940  0.945927 -0.205697 0.250820  0.022960 0.377863 1 19 1.000000
0  9.192295 -15.922413 47.878422  0.977337 -0.210900 0.018287  0.023692 0.355448 1 19 1.000000
v_hand_sheet.tga
0  9.957559 -12.298284 47.296967  0.921160 -0.201006 -0.333257  0.158453 0.337151 1 19 1.000000
0  8.898598 -15.917374 46.810619  0.857803 -0.188995 -0.477969  0.023237 0.309857 1 19 1.000000
0  8.612376 -15.916472 46.429558  0.808224 -0.164966 -0.565296  0.022893 0.288265 1 19 1.000000
v_hand_sheet.tga
0  9.957559 -12.298284 47.296967  0.921160 -0.201006 -0.333257  0.158453 0.337151 1 19 1.000000
0  8.612376 -15.916472 46.429558  0.808224 -0.164966 -0.565296  0.022893 0.288265 1 19 1.000000
0  9.175398 -12.269345 46.141766  0.808229 -0.164967 -0.565289  0.158453 0.292767 1 19 1.000000
v_hand_sheet.tga
0  5.149421 -12.188427 46.894249  -0.992568 -0.096230 -0.074487  0.158453 0.106542 1 19 1.000000
0  5.605968 -15.979345 47.118900  -0.992561 -0.096261 -0.074546  0.018370 0.105305 1 19 1.000000
0  5.380652 -15.990705 48.725182  -0.971847 -0.094467 0.215845  0.018370 0.042627 1 19 1.000000
v_hand_sheet.tga
0  5.149421 -12.188427 46.894249  -0.992568 -0.096230 -0.074487  0.158453 0.106542 1 19 1.000000
0  5.380652 -15.990705 48.725182  -0.971847 -0.094467 0.215845  0.018370 0.042627 1 19 1.000000
0  5.106985 -12.207808 48.894321  -0.956114 -0.101895 0.274704  0.158453 0.043771 1 19 1.000000
v_hand_sheet.tga
0  5.106985 -12.207808 48.894321  -0.956114 -0.101895 0.274704  0.158453 0.043771 1 19 1.000000
0  5.380652 -15.990705 48.725182  -0.971847 -0.094467 0.215845  0.018370 0.042627 1 19 1.000000
0  5.902097 -16.011566 49.649948  -0.893880 -0.100042 0.437001  0.018370 0.001655 1 19 1.000000
v_hand_sheet.tga
0  5.106985 -12.207808 48.894321  -0.956114 -0.101895 0.274704  0.158453 0.043771 1 19 1.000000
0  5.902097 -16.011566 49.649948  -0.893880 -0.100042 0.437001  0.018370 0.001655 1 19 1.000000
0  5.507821 -12.226266 49.843578  -0.915918 -0.115070 0.384517  0.158453 0.011278 1 19 1.000000
v_hand_sheet.tga
0  5.813946 -12.112901 49.801579  -0.488563 -0.101847 0.866564  0.712892 0.028371 1 19 1.000000
0  6.178647 -16.160435 49.577595  -0.488562 -0.101858 0.866564  0.888574 0.048302 1 19 1.000000
0  6.563501 -16.379665 49.722660  -0.328144 -0.127356 0.936003  0.897438 0.068274 1 19 1.000000
v_hand_sheet.tga
0  5.813946 -12.112901 49.801579  -0.488698 -0.101875 0.866485  0.712892 0.028371 1 19 1.000000
0  6.563501 -16.379665 49.722660  -0.328096 -0.127387 0.936016  0.897438 0.068274 1 19 1.000000
0  6.806683 -12.254736 50.390987  -0.132194 -0.136258 0.981814  0.717308 0.080175 1 19 1.000000
v_hand_sheet.tga
0  6.577594 -16.720839 50.012268  -0.550843 -0.039984 0.833650  0.941088 0.575640 1 19 1.000000
0  6.808958 -17.805859 50.129948  -0.567208 -0.031691 0.822964  0.997624 0.558468 1 19 1.000000
0  7.030824 -16.210424 50.359936  -0.582349 -0.036091 0.812137  0.921467 0.545403 1 19 1.000000
v_hand_sheet.tga
0  8.263552 -16.754091 49.839687  0.511014 0.132601 0.849283  0.940979 0.470149 1 19 1.000000
0  7.667233 -17.790131 50.130943  0.609179 -0.130739 0.782181  0.995809 0.506776 1 19 1.000000
0  8.553780 -17.835083 49.428387  0.694088 -0.135550 0.707013  0.997517 0.443112 1 19 1.000000
v_hand_sheet.tga
0  5.847402 -23.446163 47.345253  0.060523 -0.102680 0.992872  0.072691 0.493011 1 22 1.000000
0  5.709136 -23.763836 47.243717  0.167641 -0.707814 0.686218  0.090925 0.488784 1 23 1.000000
0  5.912278 -23.709137 47.227024  0.260353 -0.674140 0.691196  0.091506 0.508151 1 22 1.000000
v_hand_sheet.tga
0  5.368564 -23.648401 47.355717  0.019778 -0.193859 0.980830  0.072006 0.468051 1 23 1.000000
0  5.847402 -23.446163 47.345253  0.060523 -0.102680 0.992872  0.072691 0.493011 1 22 1.000000
0  5.706242 -23.291420 47.264816  -0.133809 0.631151 0.764031  0.047671 0.490345 1 22 1.000000
v_hand_sheet.tga
0  5.368564 -23.648401 47.355717  0.019778 -0.193859 0.980830  0.072006 0.468051 1 23 1.000000
0  5.706242 -23.291420 47.264816  -0.133809 0.631151 0.764031  0.047671 0.490345 1 22 1.000000
0  5.379702 -23.325695 47.283039  -0.031229 0.604310 0.796137  0.042199 0.465243 1 23 1.000000
v_hand_sheet.tga
0  5.605968 -15.979345 47.118900  -0.986205 -0.088169 -0.140093  0.904887 0.750884 1 19 1.000000
0  5.699204 -17.074594 47.159943  -0.986265 -0.087847 -0.139871  0.962159 0.751413 1 19 1.000000
0  5.481664 -17.085350 48.690025  -0.982400 -0.080523 0.168542  0.962159 0.674414 1 19 1.000000
v_hand_sheet.tga
0  5.605968 -15.979345 47.118900  -0.986205 -0.088169 -0.140093  0.904887 0.750884 1 19 1.000000
0  5.481664 -17.085350 48.690025  -0.982400 -0.080523 0.168542  0.962159 0.674414 1 19 1.000000
0  5.380652 -15.990705 48.725182  -0.982396 -0.080487 0.168580  0.904887 0.675178 1 19 1.000000
v_hand_sheet.tga
0  5.380652 -15.990705 48.725182  -0.982396 -0.080487 0.168580  0.904887 0.675178 1 19 1.000000
0  5.481664 -17.085350 48.690025  -0.982400 -0.080523 0.168542  0.962159 0.674414 1 19 1.000000
0  5.948318 -17.779068 49.561001  -0.672019 -0.051337 0.738752  0.997515 0.620296 1 19 1.000000
v_hand_sheet.tga
0  5.380652 -15.990705 48.725182  -0.982396 -0.080487 0.168580  0.904887 0.675178 1 19 1.000000
0  5.948318 -17.779068 49.561001  -0.672019 -0.051337 0.738752  0.997515 0.620296 1 19 1.000000
0  5.902097 -16.011566 49.649948  -0.728042 -0.063339 0.682600  0.904887 0.621053 1 19 1.000000
v_hand_sheet.tga
0  5.902097 -16.011566 49.649948  -0.728042 -0.063339 0.682600  0.904887 0.621053 1 19 1.000000
0  5.948318 -17.779068 49.561001  -0.672019 -0.051337 0.738752  0.997515 0.620296 1 19 1.000000
0  6.577594 -16.720839 50.012268  -0.550833 -0.039977 0.833658  0.941088 0.575640 1 19 1.000000
v_hand_sheet.tga
0  5.948318 -17.779068 49.561001  -0.672019 -0.051337 0.738752  0.997515 0.620296 1 19 1.000000
0  6.808958 -17.805859 50.129948  -0.567196 -0.031687 0.822973  0.997624 0.558468 1 19 1.000000
0  6.577594 -16.720839 50.012268  -0.550833 -0.039977 0.833658  0.941088 0.575640 1 19 1.000000
v_hand_sheet.tga
0  5.368564 -23.648401 47.355717  0.019778 -0.193859 0.980830  0.072006 0.468051 1 23 1.000000
0  5.709136 -23.763836 47.243717  0.167641 -0.707814 0.686218  0.090925 0.488784 1 23 1.000000
0  5.847402 -23.446163 47.345253  0.060523 -0.102680 0.992872  0.072691 0.493011 1 22 1.000000
v_hand_sheet.tga
0  8.319178 -16.054335 49.551258  0.378006 -0.116012 0.918505  0.883905 0.164095 1 19 1.000000
0  8.665154 -15.905723 49.458729  0.203739 -0.088324 0.975033  0.877339 0.181998 1 19 1.000000
0  9.345043 -12.308974 49.676090  0.203492 -0.088239 0.975092  0.720899 0.217977 1 19 1.000000
v_hand_sheet.tga
0  8.319178 -16.054335 49.551258  0.378006 -0.116012 0.918505  0.883905 0.164095 1 19 1.000000
0  9.345043 -12.308974 49.676090  0.203492 -0.088239 0.975092  0.720899 0.217977 1 19 1.000000
0  9.022017 -12.487900 49.693615  0.377886 -0.115986 0.918558  0.728656 0.200580 1 19 1.000000
v_hand_sheet.tga
0  5.902097 -16.011566 49.649948  0.190492 -0.033852 0.981105  0.881953 0.033208 1 19 1.000000
0  6.178647 -16.160435 49.577595  0.190480 -0.033852 0.981107  0.888574 0.048302 1 19 1.000000
0  5.813946 -12.112901 49.801579  0.190491 -0.033850 0.981105  0.712892 0.028371 1 19 1.000000
v_hand_sheet.tga
0  5.902097 -16.011566 49.649948  0.190492 -0.033852 0.981105  0.881953 0.033208 1 19 1.000000
0  5.813946 -12.112901 49.801579  0.190491 -0.033850 0.981105  0.712892 0.028371 1 19 1.000000
0  5.507821 -12.226266 49.843578  0.190496 -0.033845 0.981104  0.717724 0.011785 1 19 1.000000
v_hand_sheet.tga
0  6.577594 -16.720839 50.012268  -0.034769 0.793661 0.607366  0.941088 0.575640 1 19 1.000000
0  6.178647 -16.160435 49.577595  0.307741 0.710193 0.633184  0.906709 0.597208 1 19 1.000000
0  5.902097 -16.011566 49.649948  0.510944 0.723624 0.464008  0.904887 0.621053 1 19 1.000000
v_hand_sheet.tga
0  6.178647 -16.160435 49.577595  0.307741 0.710193 0.633184  0.906709 0.597208 1 19 1.000000
0  6.577594 -16.720839 50.012268  -0.034769 0.793661 0.607366  0.941088 0.575640 1 19 1.000000
0  6.563501 -16.379665 49.722660  -0.333755 0.723894 0.603809  0.908415 0.577497 1 19 1.000000
v_hand_sheet.tga
0  7.691385 -16.244778 50.365395  0.606511 -0.128517 0.784619  0.922503 0.509138 1 19 1.000000
0  7.667233 -17.790131 50.130943  0.609179 -0.130739 0.782181  0.995809 0.506776 1 19 1.000000
0  8.263552 -16.754091 49.839687  0.511014 0.132601 0.849283  0.940979 0.470149 1 19 1.000000
v_hand_sheet.tga
0  9.030055 -17.835569 48.444862  0.967654 -0.133690 0.213945  0.997517 0.384182 1 19 1.000000
0  9.258918 -16.074072 48.524422  0.967658 -0.133692 0.213928  0.904892 0.385086 1 19 1.000000
0  9.075539 -16.075384 49.050621  0.888165 -0.138395 0.438189  0.904892 0.411588 1 19 1.000000
v_hand_sheet.tga
0  9.030055 -17.835569 48.444862  0.967654 -0.133690 0.213945  0.997517 0.384182 1 19 1.000000
0  9.075539 -16.075384 49.050621  0.888165 -0.138395 0.438189  0.904892 0.411588 1 19 1.000000
0  8.802577 -17.836609 49.039886  0.888170 -0.138394 0.438180  0.997517 0.418108 1 19 1.000000
v_hand_sheet.tga
0  6.808958 -17.805859 50.129948  -0.006002 -0.145816 0.989294  0.997624 0.558468 1 19 1.000000
0  7.667233 -17.790131 50.130943  -0.005970 -0.145832 0.989291  0.995809 0.506776 1 19 1.000000
0  7.691385 -16.244778 50.365395  -0.005991 -0.145821 0.989293  0.922503 0.509138 1 19 1.000000
v_hand_sheet.tga
0  6.808958 -17.805859 50.129948  -0.006002 -0.145816 0.989294  0.997624 0.558468 1 19 1.000000
0  7.691385 -16.244778 50.365395  -0.005991 -0.145821 0.989293  0.922503 0.509138 1 19 1.000000
0  7.030824 -16.210424 50.359936  -0.005992 -0.145823 0.989293  0.921467 0.545403 1 19 1.000000
v_hand_sheet.tga
0  8.735649 -16.073391 49.590466  0.512468 0.296469 0.805905  0.904892 0.442606 1 19 1.000000
0  8.356753 -16.145473 49.655331  0.145295 0.511662 0.846813  0.897987 0.459708 1 19 1.000000
0  8.263552 -16.754091 49.839687  0.511014 0.132601 0.849283  0.940979 0.470149 1 19 1.000000
v_hand_sheet.tga
0  9.017180 -17.824188 47.352219  0.947715 -0.127728 -0.292441  0.997517 0.325299 1 19 1.000000
0  9.238596 -16.061565 47.337116  0.947708 -0.127726 -0.292463  0.904892 0.327371 1 19 1.000000
0  9.297324 -16.068611 47.903515  0.992385 -0.121189 -0.022016  0.904892 0.355258 1 19 1.000000
v_hand_sheet.tga
0  9.017180 -17.824188 47.352219  0.947715 -0.127728 -0.292441  0.997517 0.325299 1 19 1.000000
0  9.297324 -16.068611 47.903515  0.992385 -0.121189 -0.022016  0.904892 0.355258 1 19 1.000000
0  9.095415 -17.831024 47.855938  0.992385 -0.121193 -0.022015  0.997517 0.352863 1 19 1.000000
v_hand_sheet.tga
0  6.806683 -12.254736 50.390987  -0.132194 -0.136258 0.981814  0.717308 0.080175 1 19 1.000000
0  6.563501 -16.379665 49.722660  -0.328096 -0.127387 0.936016  0.897438 0.068274 1 19 1.000000
0  7.106175 -16.090082 49.854256  -0.047108 -0.142046 0.988738  0.884312 0.096823 1 19 1.000000
v_hand_sheet.tga
0  6.806683 -12.254736 50.390987  -0.132194 -0.136258 0.981814  0.717308 0.080175 1 19 1.000000
0  7.106175 -16.090082 49.854256  -0.047108 -0.142046 0.988738  0.884312 0.096823 1 19 1.000000
0  7.652546 -16.101896 49.817486  0.066125 -0.139608 0.987997  0.884812 0.126236 1 19 1.000000
v_hand_sheet.tga
0  8.680129 -16.039223 46.346691  0.805209 -0.105622 -0.583509  0.904892 0.267351 1 19 1.000000
0  9.006437 -16.050995 46.799110  0.846928 -0.120535 -0.517865  0.904892 0.297250 1 19 1.000000
0  8.518603 -17.803988 46.443237  0.846943 -0.120549 -0.517838  0.997517 0.265593 1 19 1.000000
v_hand_sheet.tga
0  7.030824 -16.210424 50.359936  -0.348284 0.884343 0.310862  0.921467 0.545403 1 19 1.000000
0  7.106175 -16.090082 49.854256  -0.348194 0.884406 0.310785  0.896105 0.545593 1 19 1.000000
0  6.563501 -16.379665 49.722660  -0.333755 0.723894 0.603809  0.908415 0.577497 1 19 1.000000
v_hand_sheet.tga
0  7.030824 -16.210424 50.359936  -0.348284 0.884343 0.310862  0.921467 0.545403 1 19 1.000000
0  6.563501 -16.379665 49.722660  -0.333755 0.723894 0.603809  0.908415 0.577497 1 19 1.000000
0  6.577594 -16.720839 50.012268  -0.034769 0.793661 0.607366  0.941088 0.575640 1 19 1.000000
v_hand_sheet.tga
0  8.802577 -17.836609 49.039886  0.888170 -0.138394 0.438180  0.997517 0.418108 1 19 1.000000
0  9.075539 -16.075384 49.050621  0.888165 -0.138395 0.438189  0.904892 0.411588 1 19 1.000000
0  8.735649 -16.073391 49.590466  0.512468 0.296469 0.805905  0.904892 0.442606 1 19 1.000000
v_hand_sheet.tga
0  8.802577 -17.836609 49.039886  0.888170 -0.138394 0.438180  0.997517 0.418108 1 19 1.000000
0  8.735649 -16.073391 49.590466  0.512468 0.296469 0.805905  0.904892 0.442606 1 19 1.000000
0  8.553780 -17.835083 49.428387  0.694088 -0.135550 0.707013  0.997517 0.443112 1 19 1.000000
v_hand_sheet.tga
0  7.652546 -16.101896 49.817486  0.365975 0.849553 0.379898  0.896114 0.506668 1 19 1.000000
0  7.691385 -16.244778 50.365395  0.365966 0.849629 0.379737  0.922503 0.509138 1 19 1.000000
0  8.263552 -16.754091 49.839687  0.511014 0.132601 0.849283  0.940979 0.470149 1 19 1.000000
v_hand_sheet.tga
0  7.652546 -16.101896 49.817486  0.365975 0.849553 0.379898  0.896114 0.506668 1 19 1.000000
0  8.263552 -16.754091 49.839687  0.511014 0.132601 0.849283  0.940979 0.470149 1 19 1.000000
0  8.015885 -16.107796 49.737869  0.399121 0.580416 0.709803  0.893197 0.481758 1 19 1.000000
v_hand_sheet.tga
0  8.015885 -16.107796 49.737869  0.399121 0.580416 0.709803  0.893197 0.481758 1 19 1.000000
0  8.263552 -16.754091 49.839687  0.511014 0.132601 0.849283  0.940979 0.470149 1 19 1.000000
0  8.356753 -16.145473 49.655331  0.145295 0.511662 0.846813  0.897987 0.459708 1 19 1.000000
v_hand_sheet.tga
0  7.106175 -16.090082 49.854256  -0.348194 0.884406 0.310785  0.896105 0.545593 1 19 1.000000
0  7.030824 -16.210424 50.359936  -0.348284 0.884343 0.310862  0.921467 0.545403 1 19 1.000000
0  7.691385 -16.244778 50.365395  0.365966 0.849629 0.379737  0.922503 0.509138 1 19 1.000000
v_hand_sheet.tga
0  7.106175 -16.090082 49.854256  -0.348194 0.884406 0.310785  0.896105 0.545593 1 19 1.000000
0  7.691385 -16.244778 50.365395  0.365966 0.849629 0.379737  0.922503 0.509138 1 19 1.000000
0  7.652546 -16.101896 49.817486  0.365975 0.849553 0.379898  0.896114 0.506668 1 19 1.000000
v_hand_sheet.tga
0  8.015885 -16.107796 49.737869  0.399121 0.580416 0.709803  0.893197 0.481758 1 19 1.000000
0  8.356753 -16.145473 49.655331  0.145295 0.511662 0.846813  0.897987 0.459708 1 19 1.000000
0  8.319178 -16.054335 49.551258  0.095800 0.727657 0.679219  0.888719 0.451926 1 19 1.000000
v_hand_sheet.tga
0  4.573076 -22.008495 51.600201  -0.466007 -0.776971 0.423265  0.077437 0.936522 1 35 1.000000
0  4.488640 -21.775507 51.707165  -0.604730 -0.089240 0.791415  0.069819 0.951082 1 35 1.000000
0  4.405324 -21.811289 51.538528  -0.940875 -0.324941 -0.095752  0.059268 0.935332 1 35 1.000000
v_hand_sheet.tga
0  5.598150 -21.374386 51.040321  0.797660 -0.596415 -0.089599  0.128044 0.878291 1 35 1.000000
0  5.848010 -20.970177 50.928890  0.825281 -0.556686 -0.094930  0.135191 0.857179 1 34 1.000000
0  5.805235 -20.813061 51.283432  0.793314 -0.285890 0.537513  0.147638 0.867770 1 34 1.000000
v_hand_sheet.tga
0  5.598150 -21.374386 51.040321  0.797660 -0.596415 -0.089599  0.128044 0.878291 1 35 1.000000
0  5.805235 -20.813061 51.283432  0.793314 -0.285890 0.537513  0.147638 0.867770 1 34 1.000000
0  5.601914 -21.235435 51.339668  0.720882 -0.391885 0.571625  0.138636 0.887918 1 35 1.000000
v_hand_sheet.tga
0  6.547751 -20.675274 50.188450  -0.405542 -0.592511 0.696037  0.168668 0.822961 1 20 1.000000
0  6.209419 -20.774281 49.350327  -0.838253 -0.541807 0.061453  0.215231 0.817251 1 20 1.000000
0  6.943532 -21.496548 50.166698  -0.600384 -0.141571 0.787081  0.166244 0.883976 1 20 1.000000
v_hand_sheet.tga
0  5.601914 -21.235435 51.339668  0.720882 -0.391885 0.571625  0.865771 0.859869 1 35 1.000000
0  5.805235 -20.813061 51.283432  0.793314 -0.285890 0.537513  0.858712 0.829677 1 34 1.000000
0  5.590034 -20.656151 51.549923  0.341422 0.125549 0.931487  0.879612 0.824672 1 34 1.000000
v_hand_sheet.tga
0  5.601914 -21.235435 51.339668  0.720882 -0.391885 0.571625  0.865771 0.859869 1 35 1.000000
0  5.590034 -20.656151 51.549923  0.341422 0.125549 0.931487  0.879612 0.824672 1 34 1.000000
0  5.372568 -21.005547 51.521957  0.221767 -0.012175 0.975024  0.886744 0.849516 1 35 1.000000
v_hand_sheet.tga
0  8.059052 -20.258795 49.675968  0.843552 0.051255 0.534597  0.685879 0.774671 1 20 1.000000
0  7.309700 -20.756519 50.295357  0.268798 -0.096668 0.958333  0.743494 0.805112 1 20 1.000000
0  7.785823 -21.194397 50.108128  0.557790 0.080921 0.826028  0.707431 0.834200 1 20 1.000000
v_hand_sheet.tga
0  5.372568 -21.005547 51.521957  0.221767 -0.012175 0.975024  0.886744 0.849516 1 35 1.000000
0  5.590034 -20.656151 51.549923  0.341422 0.125549 0.931487  0.879612 0.824672 1 34 1.000000
0  5.249757 -20.374529 51.433723  -0.382858 0.523269 0.761321  0.903584 0.810091 1 34 1.000000
v_hand_sheet.tga
0  5.372568 -21.005547 51.521957  0.221767 -0.012175 0.975024  0.886744 0.849516 1 35 1.000000
0  5.249757 -20.374529 51.433723  -0.382858 0.523269 0.761321  0.903584 0.810091 1 34 1.000000
0  4.985184 -20.793077 51.407482  -0.479024 0.396291 0.783255  0.916684 0.835781 1 35 1.000000
v_hand_sheet.tga
0  5.836543 -19.667818 48.691303  -0.938445 -0.121260 -0.323445  0.247520 0.733986 1 20 1.000000
0  6.288298 -19.856869 47.814072  -0.935296 -0.055313 -0.349516  0.315617 0.744980 1 20 1.000000
0  6.119514 -20.360701 48.510639  -0.921982 -0.305870 -0.237471  0.267098 0.786154 1 20 1.000000
v_hand_sheet.tga
0  4.985184 -20.793077 51.407482  -0.479024 0.396291 0.783255  0.916684 0.835781 1 35 1.000000
0  5.249757 -20.374529 51.433723  -0.382858 0.523269 0.761321  0.903584 0.810091 1 34 1.000000
0  5.066006 -20.364746 51.141300  -0.851162 0.521865 0.056399  0.923529 0.803412 1 34 1.000000
v_hand_sheet.tga
0  4.985184 -20.793077 51.407482  -0.479024 0.396291 0.783255  0.916684 0.835781 1 35 1.000000
0  5.066006 -20.364746 51.141300  -0.851162 0.521865 0.056399  0.923529 0.803412 1 34 1.000000
0  4.804340 -20.792440 51.140572  -0.881017 0.472619 -0.020975  0.939925 0.826113 1 35 1.000000
v_hand_sheet.tga
0  8.059052 -20.258795 49.675968  0.843552 0.051255 0.534597  0.685879 0.774671 1 20 1.000000
0  7.559503 -19.730852 50.130497  0.626455 0.071925 0.776132  0.733097 0.758069 1 20 1.000000
0  7.309700 -20.756519 50.295357  0.268798 -0.096668 0.958333  0.743494 0.805112 1 20 1.000000
v_hand_sheet.tga
0  4.804340 -20.792440 51.140572  -0.881017 0.472619 -0.020975  0.068391 0.828452 1 35 1.000000
0  5.066006 -20.364746 51.141300  -0.851162 0.521865 0.056399  0.069371 0.797265 1 34 1.000000
0  5.129167 -20.624712 50.754963  -0.765226 0.173972 -0.619808  0.098601 0.814890 1 34 1.000000
v_hand_sheet.tga
0  4.804340 -20.792440 51.140572  -0.881017 0.472619 -0.020975  0.068391 0.828452 1 35 1.000000
0  5.129167 -20.624712 50.754963  -0.765226 0.173972 -0.619808  0.098601 0.814890 1 34 1.000000
0  4.832851 -21.084146 50.891087  -0.700605 0.133979 -0.700858  0.087736 0.849102 1 35 1.000000
v_hand_sheet.tga
0  4.573076 -22.008495 51.600201  -0.466007 -0.776971 0.423265  0.077437 0.936522 1 35 1.000000
0  4.405324 -21.811289 51.538528  -0.940875 -0.324941 -0.095752  0.059268 0.935332 1 35 1.000000
0  4.547722 -21.960485 51.421280  -0.511424 -0.768805 -0.383907  0.064571 0.916867 1 35 1.000000
v_hand_sheet.tga
0  4.832851 -21.084146 50.891087  -0.700605 0.133979 -0.700858  0.087736 0.849102 1 35 1.000000
0  5.129167 -20.624712 50.754963  -0.765226 0.173972 -0.619808  0.098601 0.814890 1 34 1.000000
0  5.276471 -20.866579 50.625183  -0.273111 -0.208160 -0.939191  0.110475 0.833989 1 34 1.000000
v_hand_sheet.tga
0  4.832851 -21.084146 50.891087  -0.700605 0.133979 -0.700858  0.087736 0.849102 1 35 1.000000
0  5.276471 -20.866579 50.625183  -0.273111 -0.208160 -0.939191  0.110475 0.833989 1 34 1.000000
0  5.085422 -21.296654 50.703957  -0.232772 -0.226361 -0.945821  0.105224 0.865850 1 35 1.000000
v_hand_sheet.tga
0  8.710071 -17.482893 47.507034  0.980613 -0.115995 -0.157935  0.569644 0.609263 1 20 1.000000
0  8.478380 -19.324659 47.372761  0.978125 -0.158705 -0.134476  0.559424 0.715171 1 20 1.000000
0  8.113685 -19.407148 46.628391  0.917243 -0.145702 -0.370724  0.518557 0.713495 1 20 1.000000
v_hand_sheet.tga
0  8.710071 -17.482893 47.507034  0.980613 -0.115995 -0.157935  0.569644 0.609263 1 20 1.000000
0  8.113685 -19.407148 46.628391  0.917243 -0.145702 -0.370724  0.518557 0.713495 1 20 1.000000
0  8.371841 -17.586550 46.682068  0.912358 -0.101690 -0.396562  0.520907 0.603222 1 20 1.000000
v_hand_sheet.tga
0  5.085422 -21.296654 50.703957  -0.232772 -0.226361 -0.945821  0.105224 0.865850 1 35 1.000000
0  5.276471 -20.866579 50.625183  -0.273111 -0.208160 -0.939191  0.110475 0.833989 1 34 1.000000
0  5.683215 -20.977673 50.730457  0.405903 -0.535903 -0.740304  0.126093 0.846026 1 34 1.000000
v_hand_sheet.tga
0  5.085422 -21.296654 50.703957  -0.232772 -0.226361 -0.945821  0.105224 0.865850 1 35 1.000000
0  5.683215 -20.977673 50.730457  0.405903 -0.535903 -0.740304  0.126093 0.846026 1 34 1.000000
0  5.466893 -21.395975 50.793716  0.419006 -0.520126 -0.744247  0.119529 0.869734 1 35 1.000000
v_hand_sheet.tga
0  5.726777 -23.825390 47.008789  0.123431 -0.990810 -0.055316  0.106574 0.490107 1 23 1.000000
0  6.001970 -23.742842 46.996029  0.334220 -0.940739 -0.057499  0.105694 0.515822 1 22 1.000000
0  5.912278 -23.709137 47.227024  0.260353 -0.674140 0.691196  0.091506 0.508151 1 22 1.000000
v_hand_sheet.tga
0  5.726777 -23.825390 47.008789  0.123431 -0.990810 -0.055316  0.106574 0.490107 1 23 1.000000
0  5.912278 -23.709137 47.227024  0.260353 -0.674140 0.691196  0.091506 0.508151 1 22 1.000000
0  5.709136 -23.763836 47.243717  0.167641 -0.707814 0.686218  0.090925 0.488784 1 23 1.000000
v_hand_sheet.tga
0  5.466893 -21.395975 50.793716  0.419006 -0.520126 -0.744247  0.119529 0.869734 1 35 1.000000
0  5.683215 -20.977673 50.730457  0.405903 -0.535903 -0.740304  0.126093 0.846026 1 34 1.000000
0  5.848010 -20.970177 50.928890  0.825281 -0.556686 -0.094930  0.135191 0.857179 1 34 1.000000
v_hand_sheet.tga
0  5.466893 -21.395975 50.793716  0.419006 -0.520126 -0.744247  0.119529 0.869734 1 35 1.000000
0  5.848010 -20.970177 50.928890  0.825281 -0.556686 -0.094930  0.135191 0.857179 1 34 1.000000
0  5.598150 -21.374386 51.040321  0.797660 -0.596415 -0.089599  0.128044 0.878291 1 35 1.000000
v_hand_sheet.tga
0  4.573076 -22.008495 51.600201  -0.466007 -0.776971 0.423265  0.077437 0.936522 1 35 1.000000
0  4.648236 -21.855698 51.743496  -0.191265 -0.204255 0.960051  0.087614 0.950593 1 35 1.000000
0  4.488640 -21.775507 51.707165  -0.604730 -0.089240 0.791415  0.069819 0.951082 1 35 1.000000
v_hand_sheet.tga
0  5.848010 -20.970177 50.928890  0.825281 -0.556686 -0.094930  0.135191 0.857179 1 34 1.000000
0  6.080145 -20.656599 50.756855  0.651844 -0.757719 0.030989  0.149501 0.820967 1 34 1.000000
0  5.990897 -20.547001 51.117527  0.693936 -0.313100 0.648399  0.152480 0.833766 1 34 1.000000
v_hand_sheet.tga
0  5.848010 -20.970177 50.928890  0.825281 -0.556686 -0.094930  0.135191 0.857179 1 34 1.000000
0  5.990897 -20.547001 51.117527  0.693936 -0.313100 0.648399  0.152480 0.833766 1 34 1.000000
0  5.805235 -20.813061 51.283432  0.793314 -0.285890 0.537513  0.147638 0.867770 1 34 1.000000
v_hand_sheet.tga
0  6.943532 -21.496548 50.166698  -0.600384 -0.141571 0.787081  0.166244 0.883976 1 20 1.000000
0  6.209419 -20.774281 49.350327  -0.838253 -0.541807 0.061453  0.215231 0.817251 1 20 1.000000
0  6.559088 -21.454561 49.249401  -0.946113 -0.299688 0.122709  0.225903 0.874230 1 20 1.000000
v_hand_sheet.tga
0  5.805235 -20.813061 51.283432  0.793314 -0.285890 0.537513  0.858712 0.829677 1 34 1.000000
0  5.990897 -20.547001 51.117527  0.693936 -0.313100 0.648399  0.847997 0.808722 1 34 1.000000
0  5.759438 -20.320732 51.298183  0.336670 0.204883 0.919063  0.869006 0.798613 1 34 1.000000
v_hand_sheet.tga
0  5.805235 -20.813061 51.283432  0.793314 -0.285890 0.537513  0.858712 0.829677 1 34 1.000000
0  5.759438 -20.320732 51.298183  0.336670 0.204883 0.919063  0.869006 0.798613 1 34 1.000000
0  5.590034 -20.656151 51.549923  0.341422 0.125549 0.931487  0.879612 0.824672 1 34 1.000000
v_hand_sheet.tga
0  8.379544 -19.145037 48.855827  0.956527 -0.088149 0.278002  0.638380 0.718342 1 20 1.000000
0  8.240451 -20.629780 48.172329  0.993531 -0.113562 0.000669  0.596300 0.792595 1 20 1.000000
0  8.478380 -19.324659 47.372761  0.978125 -0.158705 -0.134476  0.559424 0.715171 1 20 1.000000
v_hand_sheet.tga
0  5.590034 -20.656151 51.549923  0.341422 0.125549 0.931487  0.879612 0.824672 1 34 1.000000
0  5.759438 -20.320732 51.298183  0.336670 0.204883 0.919063  0.869006 0.798613 1 34 1.000000
0  5.486577 -20.081209 51.156853  -0.335401 0.580415 0.742040  0.893201 0.785122 1 34 1.000000
v_hand_sheet.tga
0  5.590034 -20.656151 51.549923  0.341422 0.125549 0.931487  0.879612 0.824672 1 34 1.000000
0  5.486577 -20.081209 51.156853  -0.335401 0.580415 0.742040  0.893201 0.785122 1 34 1.000000
0  5.249757 -20.374529 51.433723  -0.382858 0.523269 0.761321  0.903584 0.810091 1 34 1.000000
v_hand_sheet.tga
0  8.222257 -20.606167 48.865219  0.989785 -0.078116 0.119258  0.626168 0.799298 1 20 1.000000
0  8.379544 -19.145037 48.855827  0.956527 -0.088149 0.278002  0.638380 0.718342 1 20 1.000000
0  8.059052 -20.258795 49.675968  0.843552 0.051255 0.534597  0.685879 0.774671 1 20 1.000000
v_hand_sheet.tga
0  5.249757 -20.374529 51.433723  -0.382858 0.523269 0.761321  0.903584 0.810091 1 34 1.000000
0  5.486577 -20.081209 51.156853  -0.335401 0.580415 0.742040  0.893201 0.785122 1 34 1.000000
0  5.216183 -20.087152 50.900543  -0.828990 0.546509 0.118761  0.921531 0.781026 1 34 1.000000
v_hand_sheet.tga
0  5.249757 -20.374529 51.433723  -0.382858 0.523269 0.761321  0.903584 0.810091 1 34 1.000000
0  5.216183 -20.087152 50.900543  -0.828990 0.546509 0.118761  0.921531 0.781026 1 34 1.000000
0  5.066006 -20.364746 51.141300  -0.851162 0.521865 0.056399  0.923529 0.803412 1 34 1.000000
v_hand_sheet.tga
0  6.209419 -20.774281 49.350327  -0.838253 -0.541807 0.061453  0.215231 0.817251 1 20 1.000000
0  6.547751 -20.675274 50.188450  -0.405542 -0.592511 0.696037  0.168668 0.822961 1 20 1.000000
0  6.191360 -20.537195 50.159275  -0.345694 -0.936581 0.057549  0.163510 0.800775 1 33 1.000000
v_hand_sheet.tga
0  5.066006 -20.364746 51.141300  -0.851162 0.521865 0.056399  0.069371 0.797265 1 34 1.000000
0  5.216183 -20.087152 50.900543  -0.828990 0.546509 0.118761  0.086735 0.775596 1 34 1.000000
0  5.266351 -20.180557 50.562649  -0.804656 0.152896 -0.573718  0.111571 0.780915 1 34 1.000000
v_hand_sheet.tga
0  5.066006 -20.364746 51.141300  -0.851162 0.521865 0.056399  0.069371 0.797265 1 34 1.000000
0  5.266351 -20.180557 50.562649  -0.804656 0.152896 -0.573718  0.111571 0.780915 1 34 1.000000
0  5.129167 -20.624712 50.754963  -0.765226 0.173972 -0.619808  0.098601 0.814890 1 34 1.000000
v_hand_sheet.tga
0  7.853147 -22.683205 49.633503  0.917622 -0.376219 -0.128177  0.130458 0.656910 1 30 1.000000
0  7.342850 -23.540844 49.974731  0.808121 -0.578014 0.113314  0.105287 0.595776 1 30 1.000000
0  7.577590 -23.155336 49.520973  0.545933 -0.499063 -0.672973  0.137396 0.623188 1 30 1.000000
v_hand_sheet.tga
0  5.129167 -20.624712 50.754963  -0.765226 0.173972 -0.619808  0.098601 0.814890 1 34 1.000000
0  5.266351 -20.180557 50.562649  -0.804656 0.152896 -0.573718  0.111571 0.780915 1 34 1.000000
0  5.516187 -20.507248 50.433411  -0.429387 -0.388893 -0.815100  0.125821 0.807350 1 34 1.000000
v_hand_sheet.tga
0  5.129167 -20.624712 50.754963  -0.765226 0.173972 -0.619808  0.098601 0.814890 1 34 1.000000
0  5.516187 -20.507248 50.433411  -0.429387 -0.388893 -0.815100  0.125821 0.807350 1 34 1.000000
0  5.276471 -20.866579 50.625183  -0.273111 -0.208160 -0.939191  0.110475 0.833989 1 34 1.000000
v_hand_sheet.tga
0  4.813025 -22.066776 51.516331  0.081055 -0.996598 -0.014902  0.084293 0.922885 1 35 1.000000
0  5.219136 -21.855221 51.187477  0.620289 -0.784353 -0.005702  0.106514 0.901331 1 35 1.000000
0  5.179210 -21.700735 51.452240  0.671052 -0.424965 0.607531  0.121814 0.913565 1 35 1.000000
v_hand_sheet.tga
0  4.813025 -22.066776 51.516331  0.081055 -0.996598 -0.014902  0.084293 0.922885 1 35 1.000000
0  5.179210 -21.700735 51.452240  0.671052 -0.424965 0.607531  0.121814 0.913565 1 35 1.000000
0  4.778399 -21.966583 51.685455  0.250614 -0.521498 0.815618  0.098239 0.939487 1 35 1.000000
v_hand_sheet.tga
0  5.276471 -20.866579 50.625183  -0.273111 -0.208160 -0.939191  0.110475 0.833989 1 34 1.000000
0  5.516187 -20.507248 50.433411  -0.429387 -0.388893 -0.815100  0.125821 0.807350 1 34 1.000000
0  5.843774 -20.701780 50.525322  0.183464 -0.774459 -0.605437  0.136714 0.813978 1 34 1.000000
v_hand_sheet.tga
0  5.276471 -20.866579 50.625183  -0.273111 -0.208160 -0.939191  0.110475 0.833989 1 34 1.000000
0  5.843774 -20.701780 50.525322  0.183464 -0.774459 -0.605437  0.136714 0.813978 1 34 1.000000
0  5.683215 -20.977673 50.730457  0.405903 -0.535903 -0.740304  0.126093 0.846026 1 34 1.000000
v_hand_sheet.tga
0  6.119514 -20.360701 48.510639  -0.921982 -0.305870 -0.237471  0.267098 0.786154 1 20 1.000000
0  6.288298 -19.856869 47.814072  -0.935296 -0.055313 -0.349516  0.315617 0.744980 1 20 1.000000
0  6.549283 -21.305960 48.020058  -0.964881 -0.238864 -0.109306  0.311504 0.856118 1 20 1.000000
v_hand_sheet.tga
0  5.683215 -20.977673 50.730457  0.405903 -0.535903 -0.740304  0.126093 0.846026 1 34 1.000000
0  5.843774 -20.701780 50.525322  0.183464 -0.774459 -0.605437  0.136714 0.813978 1 34 1.000000
0  6.080145 -20.656599 50.756855  0.651844 -0.757719 0.030989  0.149501 0.820967 1 34 1.000000
v_hand_sheet.tga
0  5.683215 -20.977673 50.730457  0.405903 -0.535903 -0.740304  0.126093 0.846026 1 34 1.000000
0  6.080145 -20.656599 50.756855  0.651844 -0.757719 0.030989  0.149501 0.820967 1 34 1.000000
0  5.848010 -20.970177 50.928890  0.825281 -0.556686 -0.094930  0.135191 0.857179 1 34 1.000000
v_hand_sheet.tga
0  5.990897 -20.547001 51.117527  0.693936 -0.313100 0.648399  0.847997 0.808722 1 34 1.000000
0  6.031289 -19.925226 51.214458  0.264773 0.125338 0.956130  0.856887 0.769077 1 34 1.000000
0  5.759438 -20.320732 51.298183  0.336670 0.204883 0.919063  0.869006 0.798613 1 34 1.000000
v_hand_sheet.tga
0  8.059052 -20.258795 49.675968  0.843552 0.051255 0.534597  0.685879 0.774671 1 20 1.000000
0  8.033191 -21.502314 49.554470  0.978593 -0.095954 0.182066  0.653346 0.860562 1 20 1.000000
0  8.202154 -21.405630 48.921513  0.990021 -0.099762 0.099526  0.620316 0.858488 1 20 1.000000
v_hand_sheet.tga
0  8.059052 -20.258795 49.675968  0.843552 0.051255 0.534597  0.685879 0.774671 1 20 1.000000
0  8.202154 -21.405630 48.921513  0.990021 -0.099762 0.099526  0.620316 0.858488 1 20 1.000000
0  8.222257 -20.606167 48.865219  0.989785 -0.078116 0.119258  0.626168 0.799298 1 20 1.000000
v_hand_sheet.tga
0  5.759438 -20.320732 51.298183  0.336670 0.204883 0.919063  0.869006 0.798613 1 34 1.000000
0  6.031289 -19.925226 51.214458  0.264773 0.125338 0.956130  0.856887 0.769077 1 34 1.000000
0  5.724189 -19.608564 51.085564  -0.388391 0.493578 0.778160  0.882146 0.754781 1 33 1.000000
v_hand_sheet.tga
0  5.759438 -20.320732 51.298183  0.336670 0.204883 0.919063  0.869006 0.798613 1 34 1.000000
0  5.724189 -19.608564 51.085564  -0.388391 0.493578 0.778160  0.882146 0.754781 1 33 1.000000
0  5.486577 -20.081209 51.156853  -0.335401 0.580415 0.742040  0.893201 0.785122 1 34 1.000000
v_hand_sheet.tga
0  6.522779 -19.994377 47.030880  -0.970597 -0.003091 -0.240691  0.374218 0.751809 1 20 1.000000
0  6.288298 -19.856869 47.814072  -0.935296 -0.055313 -0.349516  0.315617 0.744980 1 20 1.000000
0  6.504860 -19.011986 47.723583  -0.947993 0.071346 -0.310193  0.320388 0.681730 1 20 1.000000
v_hand_sheet.tga
0  6.522779 -19.994377 47.030880  -0.970597 -0.003091 -0.240691  0.374218 0.751809 1 20 1.000000
0  6.504860 -19.011986 47.723583  -0.947993 0.071346 -0.310193  0.320388 0.681730 1 20 1.000000
0  6.636563 -19.210962 46.984959  -0.976550 0.047728 -0.209936  0.374919 0.693048 1 20 1.000000
v_hand_sheet.tga
0  5.486577 -20.081209 51.156853  -0.335401 0.580415 0.742040  0.893201 0.785122 1 34 1.000000
0  5.724189 -19.608564 51.085564  -0.388391 0.493578 0.778160  0.882146 0.754781 1 33 1.000000
0  5.542739 -19.594587 50.742138  -0.828240 0.514943 0.221026  0.906594 0.749264 1 33 1.000000
v_hand_sheet.tga
0  5.486577 -20.081209 51.156853  -0.335401 0.580415 0.742040  0.893201 0.785122 1 34 1.000000
0  5.542739 -19.594587 50.742138  -0.828240 0.514943 0.221026  0.906594 0.749264 1 33 1.000000
0  5.216183 -20.087152 50.900543  -0.828990 0.546509 0.118761  0.921531 0.781026 1 34 1.000000
v_hand_sheet.tga
0  5.689468 -20.015661 49.506996  -0.928737 -0.317881 -0.190787  0.190108 0.764176 1 33 1.000000
0  5.836543 -19.667818 48.691303  -0.938445 -0.121260 -0.323445  0.247520 0.733986 1 20 1.000000
0  6.209419 -20.774281 49.350327  -0.838253 -0.541807 0.061453  0.215231 0.817251 1 20 1.000000
v_hand_sheet.tga
0  5.216183 -20.087152 50.900543  -0.828990 0.546509 0.118761  0.086735 0.775596 1 34 1.000000
0  5.542739 -19.594587 50.742138  -0.828240 0.514943 0.221026  0.099368 0.738880 1 33 1.000000
0  5.435863 -19.915424 50.521397  -0.928632 0.236213 -0.286088  0.115200 0.761375 1 33 1.000000
v_hand_sheet.tga
0  5.216183 -20.087152 50.900543  -0.828990 0.546509 0.118761  0.086735 0.775596 1 34 1.000000
0  5.435863 -19.915424 50.521397  -0.928632 0.236213 -0.286088  0.115200 0.761375 1 33 1.000000
0  5.266351 -20.180557 50.562649  -0.804656 0.152896 -0.573718  0.111571 0.780915 1 34 1.000000
v_hand_sheet.tga
0  5.266351 -20.180557 50.562649  -0.804656 0.152896 -0.573718  0.111571 0.780915 1 34 1.000000
0  5.435863 -19.915424 50.521397  -0.928632 0.236213 -0.286088  0.115200 0.761375 1 33 1.000000
0  5.734993 -20.144636 50.104378  -0.783366 -0.339676 -0.520536  0.148967 0.777648 1 33 1.000000
v_hand_sheet.tga
0  5.266351 -20.180557 50.562649  -0.804656 0.152896 -0.573718  0.111571 0.780915 1 34 1.000000
0  5.734993 -20.144636 50.104378  -0.783366 -0.339676 -0.520536  0.148967 0.777648 1 33 1.000000
0  5.516187 -20.507248 50.433411  -0.429387 -0.388893 -0.815100  0.125821 0.807350 1 34 1.000000
v_hand_sheet.tga
0  5.516187 -20.507248 50.433411  -0.429387 -0.388893 -0.815100  0.125821 0.807350 1 34 1.000000
0  5.734993 -20.144636 50.104378  -0.783366 -0.339676 -0.520536  0.148967 0.777648 1 33 1.000000
0  6.191360 -20.537195 50.159275  -0.345694 -0.936581 0.057549  0.163510 0.800775 1 33 1.000000
v_hand_sheet.tga
0  5.516187 -20.507248 50.433411  -0.429387 -0.388893 -0.815100  0.125821 0.807350 1 34 1.000000
0  6.191360 -20.537195 50.159275  -0.345694 -0.936581 0.057549  0.163510 0.800775 1 33 1.000000
0  5.843774 -20.701780 50.525322  0.183464 -0.774459 -0.605437  0.136714 0.813978 1 34 1.000000
v_hand_sheet.tga
0  6.209419 -20.774281 49.350327  -0.838253 -0.541807 0.061453  0.215231 0.817251 1 20 1.000000
0  6.119514 -20.360701 48.510639  -0.921982 -0.305870 -0.237471  0.267098 0.786154 1 20 1.000000
0  6.549283 -21.305960 48.020058  -0.964881 -0.238864 -0.109306  0.311504 0.856118 1 20 1.000000
v_hand_sheet.tga
0  5.990897 -20.547001 51.117527  0.693936 -0.313100 0.648399  0.847997 0.808722 1 34 1.000000
0  6.647901 -20.358303 50.485039  0.391177 -0.634166 0.666943  0.797992 0.782682 1 33 1.000000
0  6.569658 -19.952755 50.844414  0.684859 -0.143524 0.714401  0.816469 0.760909 1 33 1.000000
v_hand_sheet.tga
0  6.080145 -20.656599 50.756855  0.651844 -0.757719 0.030989  0.149501 0.820967 1 34 1.000000
0  6.647901 -20.358303 50.485039  0.391177 -0.634166 0.666943  0.180684 0.795547 1 33 1.000000
0  5.990897 -20.547001 51.117527  0.693936 -0.313100 0.648399  0.152480 0.833766 1 34 1.000000
v_hand_sheet.tga
0  8.222257 -20.606167 48.865219  0.989785 -0.078116 0.119258  0.626168 0.799298 1 20 1.000000
0  8.202154 -21.405630 48.921513  0.990021 -0.099762 0.099526  0.620316 0.858488 1 20 1.000000
0  8.149034 -21.422390 48.249554  0.996367 -0.082032 0.022863  0.585543 0.857140 1 20 1.000000
v_hand_sheet.tga
0  8.222257 -20.606167 48.865219  0.989785 -0.078116 0.119258  0.626168 0.799298 1 20 1.000000
0  8.149034 -21.422390 48.249554  0.996367 -0.082032 0.022863  0.585543 0.857140 1 20 1.000000
0  8.240451 -20.629780 48.172329  0.993531 -0.113562 0.000669  0.596300 0.792595 1 20 1.000000
v_hand_sheet.tga
0  5.990897 -20.547001 51.117527  0.693936 -0.313100 0.648399  0.847997 0.808722 1 34 1.000000
0  6.569658 -19.952755 50.844414  0.684859 -0.143524 0.714401  0.816469 0.760909 1 33 1.000000
0  6.303255 -19.534855 50.994019  0.393755 0.302433 0.868039  0.841694 0.738557 1 33 1.000000
v_hand_sheet.tga
0  5.990897 -20.547001 51.117527  0.693936 -0.313100 0.648399  0.847997 0.808722 1 34 1.000000
0  6.303255 -19.534855 50.994019  0.393755 0.302433 0.868039  0.841694 0.738557 1 33 1.000000
0  6.031289 -19.925226 51.214458  0.264773 0.125338 0.956130  0.856887 0.769077 1 34 1.000000
v_hand_sheet.tga
0  4.648236 -21.855698 51.743496  -0.191265 -0.204255 0.960051  0.930009 0.928694 1 35 1.000000
0  4.708442 -21.333952 51.608047  -0.359056 0.382845 0.851181  0.932411 0.876115 1 35 1.000000
0  4.488640 -21.775507 51.707165  -0.604730 -0.089240 0.791415  0.946276 0.923710 1 35 1.000000
v_hand_sheet.tga
0  6.031289 -19.925226 51.214458  0.264773 0.125338 0.956130  0.856887 0.769077 1 34 1.000000
0  6.303255 -19.534855 50.994019  0.393755 0.302433 0.868039  0.841694 0.738557 1 33 1.000000
0  5.972560 -19.245203 50.898525  -0.199747 0.699332 0.686320  0.870860 0.727766 1 33 1.000000
v_hand_sheet.tga
0  6.031289 -19.925226 51.214458  0.264773 0.125338 0.956130  0.856887 0.769077 1 34 1.000000
0  5.972560 -19.245203 50.898525  -0.199747 0.699332 0.686320  0.870860 0.727766 1 33 1.000000
0  5.724189 -19.608564 51.085564  -0.388391 0.493578 0.778160  0.882146 0.754781 1 33 1.000000
v_hand_sheet.tga
0  8.015606 -22.414824 48.861584  0.921433 -0.369323 0.120673  0.615596 0.914841 1 20 1.000000
0  8.071128 -22.386820 48.101639  0.874328 -0.481578 -0.060276  0.577103 0.908870 1 20 1.000000
0  8.149034 -21.422390 48.249554  0.996367 -0.082032 0.022863  0.585543 0.857140 1 20 1.000000
v_hand_sheet.tga
0  8.015606 -22.414824 48.861584  0.921433 -0.369323 0.120673  0.615596 0.914841 1 20 1.000000
0  8.149034 -21.422390 48.249554  0.996367 -0.082032 0.022863  0.585543 0.857140 1 20 1.000000
0  8.202154 -21.405630 48.921513  0.990021 -0.099762 0.099526  0.620316 0.858488 1 20 1.000000
v_hand_sheet.tga
0  5.724189 -19.608564 51.085564  -0.388391 0.493578 0.778160  0.882146 0.754781 1 33 1.000000
0  5.972560 -19.245203 50.898525  -0.199747 0.699332 0.686320  0.870860 0.727766 1 33 1.000000
0  5.701437 -19.210726 50.571316  -0.721229 0.652495 0.232550  0.900891 0.724371 1 33 1.000000
v_hand_sheet.tga
0  5.724189 -19.608564 51.085564  -0.388391 0.493578 0.778160  0.882146 0.754781 1 33 1.000000
0  5.701437 -19.210726 50.571316  -0.721229 0.652495 0.232550  0.900891 0.724371 1 33 1.000000
0  5.542739 -19.594587 50.742138  -0.828240 0.514943 0.221026  0.906594 0.749264 1 33 1.000000
v_hand_sheet.tga
0  5.836543 -19.667818 48.691303  -0.938445 -0.121260 -0.323445  0.247520 0.733986 1 20 1.000000
0  6.119514 -20.360701 48.510639  -0.921982 -0.305870 -0.237471  0.267098 0.786154 1 20 1.000000
0  6.209419 -20.774281 49.350327  -0.838253 -0.541807 0.061453  0.215231 0.817251 1 20 1.000000
v_hand_sheet.tga
0  5.542739 -19.594587 50.742138  -0.828240 0.514943 0.221026  0.099368 0.738880 1 33 1.000000
0  5.701437 -19.210726 50.571316  -0.721229 0.652495 0.232550  0.111387 0.709642 1 33 1.000000
0  5.526563 -19.453674 50.077324  -0.979123 0.186931 -0.079850  0.144959 0.725548 1 33 1.000000
v_hand_sheet.tga
0  5.542739 -19.594587 50.742138  -0.828240 0.514943 0.221026  0.099368 0.738880 1 33 1.000000
0  5.526563 -19.453674 50.077324  -0.979123 0.186931 -0.079850  0.144959 0.725548 1 33 1.000000
0  5.435863 -19.915424 50.521397  -0.928632 0.236213 -0.286088  0.115200 0.761375 1 33 1.000000
v_hand_sheet.tga
0  5.843774 -20.701780 50.525322  0.183464 -0.774459 -0.605437  0.136714 0.813978 1 34 1.000000
0  6.191360 -20.537195 50.159275  -0.345694 -0.936581 0.057549  0.163510 0.800775 1 33 1.000000
0  6.647901 -20.358303 50.485039  0.391177 -0.634166 0.666943  0.180684 0.795547 1 33 1.000000
v_hand_sheet.tga
0  5.843774 -20.701780 50.525322  0.183464 -0.774459 -0.605437  0.136714 0.813978 1 34 1.000000
0  6.647901 -20.358303 50.485039  0.391177 -0.634166 0.666943  0.180684 0.795547 1 33 1.000000
0  6.080145 -20.656599 50.756855  0.651844 -0.757719 0.030989  0.149501 0.820967 1 34 1.000000
v_hand_sheet.tga
0  6.647901 -20.358303 50.485039  0.391177 -0.634166 0.666943  0.797992 0.782682 1 33 1.000000
0  7.309700 -20.756519 50.295357  0.268798 -0.096668 0.958333  0.743494 0.805112 1 20 1.000000
0  7.063941 -19.341833 50.412533  0.555994 0.075266 0.827771  0.779733 0.723147 1 33 1.000000
v_hand_sheet.tga
0  6.647901 -20.358303 50.485039  0.391177 -0.634166 0.666943  0.797992 0.782682 1 33 1.000000
0  7.063941 -19.341833 50.412533  0.555994 0.075266 0.827771  0.779733 0.723147 1 33 1.000000
0  6.569658 -19.952755 50.844414  0.684859 -0.143524 0.714401  0.816469 0.760909 1 33 1.000000
v_hand_sheet.tga
0  6.209419 -20.774281 49.350327  -0.838253 -0.541807 0.061453  0.215231 0.817251 1 20 1.000000
0  6.549283 -21.305960 48.020058  -0.964881 -0.238864 -0.109306  0.311504 0.856118 1 20 1.000000
0  6.559088 -21.454561 49.249401  -0.946113 -0.299688 0.122709  0.225903 0.874230 1 20 1.000000
v_hand_sheet.tga
0  6.569658 -19.952755 50.844414  0.684859 -0.143524 0.714401  0.816469 0.760909 1 33 1.000000
0  7.063941 -19.341833 50.412533  0.555994 0.075266 0.827771  0.779733 0.723147 1 33 1.000000
0  6.806785 -19.037048 50.431332  0.423367 0.403941 0.810921  0.806871 0.695074 1 33 1.000000
v_hand_sheet.tga
0  6.569658 -19.952755 50.844414  0.684859 -0.143524 0.714401  0.816469 0.760909 1 33 1.000000
0  6.806785 -19.037048 50.431332  0.423367 0.403941 0.810921  0.806871 0.695074 1 33 1.000000
0  6.303255 -19.534855 50.994019  0.393755 0.302433 0.868039  0.841694 0.738557 1 33 1.000000
v_hand_sheet.tga
0  7.105004 -23.005264 50.362644  0.011597 0.054097 0.998468  0.057904 0.612491 1 30 1.000000
0  7.231489 -22.497833 50.301121  -0.003726 0.094580 0.995510  0.038895 0.655301 1 30 1.000000
0  6.805533 -22.859608 50.201012  -0.634151 0.289515 0.716961  0.040279 0.598434 1 30 1.000000
v_hand_sheet.tga
0  6.303255 -19.534855 50.994019  0.393755 0.302433 0.868039  0.841694 0.738557 1 33 1.000000
0  6.806785 -19.037048 50.431332  0.423367 0.403941 0.810921  0.806871 0.695074 1 33 1.000000
0  6.509729 -18.740234 50.318768  -0.032123 0.806944 0.589754  0.846687 0.680861 1 33 1.000000
v_hand_sheet.tga
0  6.303255 -19.534855 50.994019  0.393755 0.302433 0.868039  0.841694 0.738557 1 33 1.000000
0  6.509729 -18.740234 50.318768  -0.032123 0.806944 0.589754  0.846687 0.680861 1 33 1.000000
0  5.972560 -19.245203 50.898525  -0.199747 0.699332 0.686320  0.870860 0.727766 1 33 1.000000
v_hand_sheet.tga
0  8.478380 -19.324659 47.372761  0.978125 -0.158705 -0.134476  0.559424 0.715171 1 20 1.000000
0  8.172195 -20.646004 47.467178  0.976726 -0.116218 -0.180274  0.554928 0.792672 1 20 1.000000
0  7.930910 -20.476866 46.542923  0.943954 -0.100976 -0.314254  0.512229 0.788921 1 20 1.000000
v_hand_sheet.tga
0  8.478380 -19.324659 47.372761  0.978125 -0.158705 -0.134476  0.559424 0.715171 1 20 1.000000
0  7.930910 -20.476866 46.542923  0.943954 -0.100976 -0.314254  0.512229 0.788921 1 20 1.000000
0  8.113685 -19.407148 46.628391  0.917243 -0.145702 -0.370724  0.518557 0.713495 1 20 1.000000
v_hand_sheet.tga
0  5.972560 -19.245203 50.898525  -0.199747 0.699332 0.686320  0.870860 0.727766 1 33 1.000000
0  6.509729 -18.740234 50.318768  -0.032123 0.806944 0.589754  0.846687 0.680861 1 33 1.000000
0  6.080822 -18.833960 49.711674  -0.535417 0.827650 0.168295  0.894678 0.682296 1 33 1.000000
v_hand_sheet.tga
0  5.972560 -19.245203 50.898525  -0.199747 0.699332 0.686320  0.870860 0.727766 1 33 1.000000
0  6.080822 -18.833960 49.711674  -0.535417 0.827650 0.168295  0.894678 0.682296 1 33 1.000000
0  5.701437 -19.210726 50.571316  -0.721229 0.652495 0.232550  0.900891 0.724371 1 33 1.000000
v_hand_sheet.tga
0  5.701437 -19.210726 50.571316  -0.721229 0.652495 0.232550  0.111387 0.709642 1 33 1.000000
0  6.080822 -18.833960 49.711674  -0.535417 0.827650 0.168295  0.156019 0.680588 1 33 1.000000
0  5.655692 -19.188927 49.458332  -0.931494 0.337711 -0.135169  0.169862 0.706015 1 33 1.000000
v_hand_sheet.tga
0  5.701437 -19.210726 50.571316  -0.721229 0.652495 0.232550  0.111387 0.709642 1 33 1.000000
0  5.655692 -19.188927 49.458332  -0.931494 0.337711 -0.135169  0.169862 0.706015 1 33 1.000000
0  5.526563 -19.453674 50.077324  -0.979123 0.186931 -0.079850  0.144959 0.725548 1 33 1.000000
v_hand_sheet.tga
0  5.526563 -19.453674 50.077324  -0.979123 0.186931 -0.079850  0.144959 0.725548 1 33 1.000000
0  5.655692 -19.188927 49.458332  -0.931494 0.337711 -0.135169  0.169862 0.706015 1 33 1.000000
0  5.689468 -20.015661 49.506996  -0.928737 -0.317881 -0.190787  0.190108 0.764176 1 33 1.000000
v_hand_sheet.tga
0  5.435863 -19.915424 50.521397  -0.928632 0.236213 -0.286088  0.115200 0.761375 1 33 1.000000
0  5.526563 -19.453674 50.077324  -0.979123 0.186931 -0.079850  0.144959 0.725548 1 33 1.000000
0  5.689468 -20.015661 49.506996  -0.928737 -0.317881 -0.190787  0.190108 0.764176 1 33 1.000000
v_hand_sheet.tga
0  5.435863 -19.915424 50.521397  -0.928632 0.236213 -0.286088  0.115200 0.761375 1 33 1.000000
0  5.689468 -20.015661 49.506996  -0.928737 -0.317881 -0.190787  0.190108 0.764176 1 33 1.000000
0  5.734993 -20.144636 50.104378  -0.783366 -0.339676 -0.520536  0.148967 0.777648 1 33 1.000000
v_hand_sheet.tga
0  5.734993 -20.144636 50.104378  -0.783366 -0.339676 -0.520536  0.148967 0.777648 1 33 1.000000
0  5.689468 -20.015661 49.506996  -0.928737 -0.317881 -0.190787  0.190108 0.764176 1 33 1.000000
0  6.209419 -20.774281 49.350327  -0.838253 -0.541807 0.061453  0.215231 0.817251 1 20 1.000000
v_hand_sheet.tga
0  5.734993 -20.144636 50.104378  -0.783366 -0.339676 -0.520536  0.148967 0.777648 1 33 1.000000
0  6.209419 -20.774281 49.350327  -0.838253 -0.541807 0.061453  0.215231 0.817251 1 20 1.000000
0  6.191360 -20.537195 50.159275  -0.345694 -0.936581 0.057549  0.163510 0.800775 1 33 1.000000
v_hand_sheet.tga
0  6.647901 -20.358303 50.485039  0.391177 -0.634166 0.666943  0.797992 0.782682 1 33 1.000000
0  6.547751 -20.675274 50.188450  -0.405542 -0.592511 0.696037  0.792771 0.801463 1 20 1.000000
0  7.309700 -20.756519 50.295357  0.268798 -0.096668 0.958333  0.743494 0.805112 1 20 1.000000
v_hand_sheet.tga
0  6.191360 -20.537195 50.159275  -0.345694 -0.936581 0.057549  0.163510 0.800775 1 33 1.000000
0  6.547751 -20.675274 50.188450  -0.405542 -0.592511 0.696037  0.168668 0.822961 1 20 1.000000
0  6.647901 -20.358303 50.485039  0.391177 -0.634166 0.666943  0.180684 0.795547 1 33 1.000000
v_hand_sheet.tga
0  7.309700 -20.756519 50.295357  0.268798 -0.096668 0.958333  0.743494 0.805112 1 20 1.000000
0  7.559503 -19.730852 50.130497  0.626455 0.071925 0.776132  0.733097 0.758069 1 20 1.000000
0  7.063941 -19.341833 50.412533  0.555994 0.075266 0.827771  0.779733 0.723147 1 33 1.000000
v_hand_sheet.tga
0  7.063941 -19.341833 50.412533  0.555994 0.075266 0.827771  0.779733 0.723147 1 33 1.000000
0  7.559503 -19.730852 50.130497  0.626455 0.071925 0.776132  0.733097 0.758069 1 20 1.000000
0  7.708913 -18.729513 49.784111  0.602652 0.170051 0.779675  0.719231 0.686486 1 20 1.000000
v_hand_sheet.tga
0  7.063941 -19.341833 50.412533  0.555994 0.075266 0.827771  0.779733 0.723147 1 33 1.000000
0  7.708913 -18.729513 49.784111  0.602652 0.170051 0.779675  0.719231 0.686486 1 20 1.000000
0  6.806785 -19.037048 50.431332  0.423367 0.403941 0.810921  0.806871 0.695074 1 33 1.000000
v_hand_sheet.tga
0  4.778399 -21.966583 51.685455  0.250614 -0.521498 0.815618  0.917443 0.935682 1 35 1.000000
0  5.179210 -21.700735 51.452240  0.671052 -0.424965 0.607531  0.887674 0.898502 1 35 1.000000
0  4.962554 -21.509308 51.697903  0.303238 -0.000071 0.952915  0.907516 0.889710 1 35 1.000000
v_hand_sheet.tga
0  6.509729 -18.740234 50.318768  -0.032123 0.806944 0.589754  0.846687 0.680861 1 33 1.000000
0  7.086778 -18.544752 50.033279  -0.000567 0.529582 0.848258  0.788647 0.669930 1 20 1.000000
0  6.630194 -18.491350 49.446980  -0.621759 0.630456 0.464695  0.848676 0.637391 1 20 1.000000
v_hand_sheet.tga
0  6.509729 -18.740234 50.318768  -0.032123 0.806944 0.589754  0.846687 0.680861 1 33 1.000000
0  6.630194 -18.491350 49.446980  -0.621759 0.630456 0.464695  0.848676 0.637391 1 20 1.000000
0  6.080822 -18.833960 49.711674  -0.535417 0.827650 0.168295  0.894678 0.682296 1 33 1.000000
v_hand_sheet.tga
0  6.080822 -18.833960 49.711674  -0.535417 0.827650 0.168295  0.156019 0.680588 1 33 1.000000
0  6.630194 -18.491350 49.446980  -0.621759 0.630456 0.464695  0.183551 0.650052 1 20 1.000000
0  6.143334 -18.589729 48.665253  -0.906174 0.411133 -0.099089  0.247688 0.653893 1 20 1.000000
v_hand_sheet.tga
0  6.080822 -18.833960 49.711674  -0.535417 0.827650 0.168295  0.156019 0.680588 1 33 1.000000
0  6.143334 -18.589729 48.665253  -0.906174 0.411133 -0.099089  0.247688 0.653893 1 20 1.000000
0  5.655692 -19.188927 49.458332  -0.931494 0.337711 -0.135169  0.169862 0.706015 1 33 1.000000
v_hand_sheet.tga
0  5.655692 -19.188927 49.458332  -0.931494 0.337711 -0.135169  0.169862 0.706015 1 33 1.000000
0  6.143334 -18.589729 48.665253  -0.906174 0.411133 -0.099089  0.247688 0.653893 1 20 1.000000
0  5.836543 -19.667818 48.691303  -0.938445 -0.121260 -0.323445  0.247520 0.733986 1 20 1.000000
v_hand_sheet.tga
0  5.655692 -19.188927 49.458332  -0.931494 0.337711 -0.135169  0.169862 0.706015 1 33 1.000000
0  5.836543 -19.667818 48.691303  -0.938445 -0.121260 -0.323445  0.247520 0.733986 1 20 1.000000
0  5.689468 -20.015661 49.506996  -0.928737 -0.317881 -0.190787  0.190108 0.764176 1 33 1.000000
v_hand_sheet.tga
0  6.806785 -19.037048 50.431332  0.423367 0.403941 0.810921  0.806871 0.695074 1 33 1.000000
0  7.708913 -18.729513 49.784111  0.602652 0.170051 0.779675  0.719231 0.686486 1 20 1.000000
0  7.086778 -18.544752 50.033279  -0.000567 0.529582 0.848258  0.788647 0.669930 1 20 1.000000
v_hand_sheet.tga
0  6.806785 -19.037048 50.431332  0.423367 0.403941 0.810921  0.806871 0.695074 1 33 1.000000
0  7.086778 -18.544752 50.033279  -0.000567 0.529582 0.848258  0.788647 0.669930 1 20 1.000000
0  6.509729 -18.740234 50.318768  -0.032123 0.806944 0.589754  0.846687 0.680861 1 33 1.000000
v_hand_sheet.tga
0  8.015606 -22.414824 48.861584  0.921433 -0.369323 0.120673  0.615596 0.914841 1 20 1.000000
0  7.948102 -22.331381 49.429325  0.908667 -0.344194 0.236336  0.644404 0.915741 1 20 1.000000
0  7.784688 -22.719090 49.046642  0.704782 -0.571965 0.419689  0.623225 0.943532 1 27 1.000000
v_hand_sheet.tga
0  6.983415 -22.672474 49.160534  -0.946900 -0.217196 0.237077  0.243349 0.966937 1 27 1.000000
0  6.582812 -22.008547 49.031044  -0.963670 -0.258605 0.066816  0.244307 0.914766 1 20 1.000000
0  6.762984 -22.579844 48.904835  -0.972771 -0.037024 0.228793  0.258207 0.957708 1 27 1.000000
v_hand_sheet.tga
0  7.821321 -22.292852 50.067707  0.776763 -0.084008 0.624165  0.690172 0.907910 1 20 1.000000
0  7.688387 -21.651947 50.159496  0.323207 -0.012910 0.946240  0.713618 0.864338 1 20 1.000000
0  7.231489 -22.497833 50.301121  -0.003726 0.094580 0.995510  0.740379 0.916829 1 30 1.000000
v_hand_sheet.tga
0  5.137311 -24.861042 49.677483  -0.598217 -0.799372 -0.056035  0.052037 0.715190 1 32 1.000000
0  5.072508 -24.758371 49.785271  -0.828624 -0.386774 0.404706  0.045241 0.703328 1 32 1.000000
0  5.065771 -24.735411 49.596382  -0.905236 -0.198057 -0.375928  0.062015 0.704952 1 32 1.000000
v_hand_sheet.tga
0  5.137311 -24.861042 49.677483  -0.598217 -0.799372 -0.056035  0.052037 0.715190 1 32 1.000000
0  5.249141 -24.880547 49.826248  -0.157713 -0.932567 0.324722  0.037373 0.720936 1 32 1.000000
0  5.072508 -24.758371 49.785271  -0.828624 -0.386774 0.404706  0.045241 0.703328 1 32 1.000000
v_hand_sheet.tga
0  5.137311 -24.861042 49.677483  -0.598217 -0.799372 -0.056035  0.052037 0.715190 1 32 1.000000
0  5.274999 -24.864113 49.497898  -0.221258 -0.756361 -0.615599  0.065727 0.727353 1 32 1.000000
0  5.249141 -24.880547 49.826248  -0.157713 -0.932567 0.324722  0.037373 0.720936 1 32 1.000000
v_hand_sheet.tga
0  5.137311 -24.861042 49.677483  -0.598217 -0.799372 -0.056035  0.052037 0.715190 1 32 1.000000
0  5.065771 -24.735411 49.596382  -0.905236 -0.198057 -0.375928  0.062015 0.704952 1 32 1.000000
0  5.274999 -24.864113 49.497898  -0.221258 -0.756361 -0.615599  0.065727 0.727353 1 32 1.000000
v_hand_sheet.tga
0  7.500731 -22.694843 47.082497  0.561704 -0.825908 -0.048625  0.092586 0.657232 1 21 1.000000
0  7.652796 -22.783272 47.350536  0.567429 -0.629965 -0.530253  0.038895 0.655301 1 21 1.000000
0  7.035427 -22.872561 47.294834  -0.244568 -0.663508 -0.707067  0.042978 0.608565 2 21 0.425278 24 0.574722
v_hand_sheet.tga
0  5.072508 -24.758371 49.785271  -0.828624 -0.386774 0.404706  0.045241 0.703328 1 32 1.000000
0  5.182193 -24.428228 49.966637  -0.754781 0.330829 0.566443  0.036421 0.680610 1 32 1.000000
0  5.148917 -24.375029 49.696426  -0.822534 0.560016 -0.099097  0.061541 0.680228 1 32 1.000000
v_hand_sheet.tga
0  5.072508 -24.758371 49.785271  -0.828624 -0.386774 0.404706  0.045241 0.703328 1 32 1.000000
0  5.148917 -24.375029 49.696426  -0.822534 0.560016 -0.099097  0.061541 0.680228 1 32 1.000000
0  5.065771 -24.735411 49.596382  -0.905236 -0.198057 -0.375928  0.062015 0.704952 1 32 1.000000
v_hand_sheet.tga
0  5.072508 -24.758371 49.785271  -0.828624 -0.386774 0.404706  0.045241 0.703328 1 32 1.000000
0  5.366503 -24.647827 50.110638  -0.365562 -0.362643 0.857236  0.017224 0.703253 1 32 1.000000
0  5.182193 -24.428228 49.966637  -0.754781 0.330829 0.566443  0.036421 0.680610 1 32 1.000000
v_hand_sheet.tga
0  5.072508 -24.758371 49.785271  -0.828624 -0.386774 0.404706  0.045241 0.703328 1 32 1.000000
0  5.249141 -24.880547 49.826248  -0.157713 -0.932567 0.324722  0.037373 0.720936 1 32 1.000000
0  5.366503 -24.647827 50.110638  -0.365562 -0.362643 0.857236  0.017224 0.703253 1 32 1.000000
v_hand_sheet.tga
0  5.249141 -24.880547 49.826248  -0.157713 -0.932567 0.324722  0.037373 0.720936 1 32 1.000000
0  5.623238 -24.754311 50.024567  0.140572 -0.754846 0.640662  0.017303 0.729547 1 32 1.000000
0  5.366503 -24.647827 50.110638  -0.365562 -0.362643 0.857236  0.017224 0.703253 1 32 1.000000
v_hand_sheet.tga
0  5.249141 -24.880547 49.826248  -0.157713 -0.932567 0.324722  0.037373 0.720936 1 32 1.000000
0  5.744505 -24.767794 49.813839  0.354165 -0.933296 0.059373  0.033688 0.742685 1 32 1.000000
0  5.623238 -24.754311 50.024567  0.140572 -0.754846 0.640662  0.017303 0.729547 1 32 1.000000
v_hand_sheet.tga
0  8.221408 -21.453230 47.572544  0.983867 -0.126764 -0.126242  0.550220 0.855790 1 20 1.000000
0  8.172195 -20.646004 47.467178  0.976726 -0.116218 -0.180274  0.554928 0.792672 1 20 1.000000
0  8.240451 -20.629780 48.172329  0.993531 -0.113562 0.000669  0.596300 0.792595 1 20 1.000000
v_hand_sheet.tga
0  8.221408 -21.453230 47.572544  0.983867 -0.126764 -0.126242  0.550220 0.855790 1 20 1.000000
0  8.240451 -20.629780 48.172329  0.993531 -0.113562 0.000669  0.596300 0.792595 1 20 1.000000
0  8.149034 -21.422390 48.249554  0.996367 -0.082032 0.022863  0.585543 0.857140 1 20 1.000000
v_hand_sheet.tga
0  5.274999 -24.864113 49.497898  -0.221258 -0.756361 -0.615599  0.065727 0.727353 1 32 1.000000
0  5.697526 -24.747175 49.538410  0.381461 -0.759162 -0.527409  0.058956 0.744103 1 32 1.000000
0  5.744505 -24.767794 49.813839  0.354165 -0.933296 0.059373  0.033688 0.742685 1 32 1.000000
v_hand_sheet.tga
0  5.274999 -24.864113 49.497898  -0.221258 -0.756361 -0.615599  0.065727 0.727353 1 32 1.000000
0  5.744505 -24.767794 49.813839  0.354165 -0.933296 0.059373  0.033688 0.742685 1 32 1.000000
0  5.249141 -24.880547 49.826248  -0.157713 -0.932567 0.324722  0.037373 0.720936 1 32 1.000000
v_hand_sheet.tga
0  5.274999 -24.864113 49.497898  -0.221258 -0.756361 -0.615599  0.065727 0.727353 1 32 1.000000
0  5.478628 -24.643490 49.362614  0.047591 -0.354183 -0.933964  0.082767 0.726789 1 32 1.000000
0  5.697526 -24.747175 49.538410  0.381461 -0.759162 -0.527409  0.058956 0.744103 1 32 1.000000
v_hand_sheet.tga
0  5.274999 -24.864113 49.497898  -0.221258 -0.756361 -0.615599  0.065727 0.727353 1 32 1.000000
0  5.270229 -24.426846 49.388428  -0.551969 0.184715 -0.813149  0.083567 0.695109 1 32 1.000000
0  5.478628 -24.643490 49.362614  0.047591 -0.354183 -0.933964  0.082767 0.726789 1 32 1.000000
v_hand_sheet.tga
0  5.274999 -24.864113 49.497898  -0.221258 -0.756361 -0.615599  0.065727 0.727353 1 32 1.000000
0  5.065771 -24.735411 49.596382  -0.905236 -0.198057 -0.375928  0.062015 0.704952 1 32 1.000000
0  5.270229 -24.426846 49.388428  -0.551969 0.184715 -0.813149  0.083567 0.695109 1 32 1.000000
v_hand_sheet.tga
0  5.065771 -24.735411 49.596382  -0.905236 -0.198057 -0.375928  0.062015 0.704952 1 32 1.000000
0  5.148917 -24.375029 49.696426  -0.822534 0.560016 -0.099097  0.061541 0.680228 1 32 1.000000
0  5.270229 -24.426846 49.388428  -0.551969 0.184715 -0.813149  0.083567 0.695109 1 32 1.000000
v_hand_sheet.tga
0  4.405324 -21.811289 51.538528  -0.940875 -0.324941 -0.095752  0.052726 0.905188 1 35 1.000000
0  4.467774 -21.358534 51.294304  -0.810870 0.006132 -0.585194  0.056333 0.870635 1 35 1.000000
0  4.688442 -21.504913 51.038410  -0.722310 -0.146279 -0.675923  0.077726 0.881038 1 35 1.000000
v_hand_sheet.tga
0  5.182193 -24.428228 49.966637  -0.754781 0.330829 0.566443  0.038317 0.439447 1 32 1.000000
0  5.516536 -24.214735 50.016502  -0.542055 0.551670 0.633906  0.042199 0.465243 1 32 1.000000
0  5.461232 -24.116058 49.713867  -0.601011 0.798565 -0.032841  0.019296 0.466991 1 32 1.000000
v_hand_sheet.tga
0  5.182193 -24.428228 49.966637  -0.754781 0.330829 0.566443  0.038317 0.439447 1 32 1.000000
0  5.461232 -24.116058 49.713867  -0.601011 0.798565 -0.032841  0.019296 0.466991 1 32 1.000000
0  5.148917 -24.375029 49.696426  -0.822534 0.560016 -0.099097  0.020379 0.439988 1 32 1.000000
v_hand_sheet.tga
0  5.275626 -23.166792 47.028530  -0.173152 0.980983 0.087697  0.188804 0.465807 1 23 1.000000
0  5.619656 -23.141645 46.998528  -0.200860 0.976246 0.081230  0.188700 0.488331 1 22 1.000000
0  5.665667 -23.198683 46.771378  -0.183749 0.925803 -0.330340  0.160182 0.493432 1 22 1.000000
v_hand_sheet.tga
0  5.275626 -23.166792 47.028530  -0.173152 0.980983 0.087697  0.188804 0.465807 1 23 1.000000
0  5.665667 -23.198683 46.771378  -0.183749 0.925803 -0.330340  0.160182 0.493432 1 22 1.000000
0  5.367399 -23.244844 46.855701  -0.255476 0.896368 -0.362294  0.188804 0.465807 1 23 1.000000
v_hand_sheet.tga
0  5.366503 -24.647827 50.110638  -0.365562 -0.362643 0.857236  0.065555 0.442444 1 32 1.000000
0  5.690335 -24.439335 50.186203  -0.132376 -0.111392 0.984920  0.072006 0.468051 1 32 1.000000
0  5.516536 -24.214735 50.016502  -0.542055 0.551670 0.633906  0.042199 0.465243 1 32 1.000000
v_hand_sheet.tga
0  5.366503 -24.647827 50.110638  -0.365562 -0.362643 0.857236  0.065555 0.442444 1 32 1.000000
0  5.516536 -24.214735 50.016502  -0.542055 0.551670 0.633906  0.042199 0.465243 1 32 1.000000
0  5.182193 -24.428228 49.966637  -0.754781 0.330829 0.566443  0.038317 0.439447 1 32 1.000000
v_hand_sheet.tga
0  5.366503 -24.647827 50.110638  -0.365562 -0.362643 0.857236  0.065555 0.442444 1 32 1.000000
0  5.623238 -24.754311 50.024567  0.140572 -0.754846 0.640662  0.089428 0.449710 1 32 1.000000
0  5.690335 -24.439335 50.186203  -0.132376 -0.111392 0.984920  0.072006 0.468051 1 32 1.000000
v_hand_sheet.tga
0  5.690335 -24.439335 50.186203  -0.132376 -0.111392 0.984920  0.072006 0.468051 1 32 1.000000
0  5.623238 -24.754311 50.024567  0.140572 -0.754846 0.640662  0.089428 0.449710 1 32 1.000000
0  6.110593 -24.457294 50.158398  0.256390 -0.534006 0.805668  0.090925 0.488784 1 32 1.000000
v_hand_sheet.tga
0  7.843539 -22.482025 47.315983  0.827915 -0.507025 -0.239754  0.535463 0.915183 2 20 0.930234 21 0.069766
0  8.221408 -21.453230 47.572544  0.983867 -0.126764 -0.126242  0.550220 0.855790 1 20 1.000000
0  8.071128 -22.386820 48.101639  0.874328 -0.481578 -0.060276  0.577103 0.908870 1 20 1.000000
v_hand_sheet.tga
0  5.744505 -24.767794 49.813839  0.354165 -0.933296 0.059373  0.107275 0.455858 1 32 1.000000
0  6.224020 -24.531672 49.911221  0.569612 -0.819137 0.067512  0.106574 0.490107 1 32 1.000000
0  6.110593 -24.457294 50.158398  0.256390 -0.534006 0.805668  0.090925 0.488784 1 32 1.000000
v_hand_sheet.tga
0  5.744505 -24.767794 49.813839  0.354165 -0.933296 0.059373  0.107275 0.455858 1 32 1.000000
0  6.110593 -24.457294 50.158398  0.256390 -0.534006 0.805668  0.090925 0.488784 1 32 1.000000
0  5.623238 -24.754311 50.024567  0.140572 -0.754846 0.640662  0.089428 0.449710 1 32 1.000000
v_hand_sheet.tga
0  8.015606 -22.414824 48.861584  0.921433 -0.369323 0.120673  0.615596 0.914841 1 20 1.000000
0  7.830595 -22.793411 48.611591  0.797640 -0.574067 -0.184980  0.601642 0.942979 1 27 1.000000
0  8.071128 -22.386820 48.101639  0.874328 -0.481578 -0.060276  0.577103 0.908870 1 20 1.000000
v_hand_sheet.tga
0  5.697526 -24.747175 49.538410  0.381461 -0.759162 -0.527409  0.132306 0.458235 1 32 1.000000
0  6.189140 -24.419725 49.589130  0.515474 -0.606212 -0.605635  0.123992 0.493546 1 32 1.000000
0  6.224020 -24.531672 49.911221  0.569612 -0.819137 0.067512  0.106574 0.490107 1 32 1.000000
v_hand_sheet.tga
0  5.697526 -24.747175 49.538410  0.381461 -0.759162 -0.527409  0.132306 0.458235 1 32 1.000000
0  6.224020 -24.531672 49.911221  0.569612 -0.819137 0.067512  0.106574 0.490107 1 32 1.000000
0  5.744505 -24.767794 49.813839  0.354165 -0.933296 0.059373  0.107275 0.455858 1 32 1.000000
v_hand_sheet.tga
0  5.697526 -24.747175 49.538410  0.381461 -0.759162 -0.527409  0.132306 0.458235 1 32 1.000000
0  5.785520 -24.440176 49.349838  0.256180 -0.211153 -0.943285  0.143525 0.471982 1 32 1.000000
0  6.189140 -24.419725 49.589130  0.515474 -0.606212 -0.605635  0.123992 0.493546 1 32 1.000000
v_hand_sheet.tga
0  5.697526 -24.747175 49.538410  0.381461 -0.759162 -0.527409  0.132306 0.458235 1 32 1.000000
0  5.478628 -24.643490 49.362614  0.047591 -0.354183 -0.933964  0.132306 0.458235 1 32 1.000000
0  5.785520 -24.440176 49.349838  0.256180 -0.211153 -0.943285  0.143525 0.471982 1 32 1.000000
v_hand_sheet.tga
0  7.688387 -21.651947 50.159496  0.323207 -0.012910 0.946240  0.713618 0.864338 1 20 1.000000
0  7.964138 -21.665579 49.978939  0.819217 -0.027113 0.572842  0.691840 0.864599 1 20 1.000000
0  7.785823 -21.194397 50.108128  0.557790 0.080921 0.826028  0.707431 0.834200 1 20 1.000000
v_hand_sheet.tga
0  5.270229 -24.426846 49.388428  -0.551969 0.184715 -0.813149  0.162623 0.444351 1 32 1.000000
0  5.573925 -24.182970 49.443783  -0.320530 0.582016 -0.747340  0.161907 0.468560 1 32 1.000000
0  5.785520 -24.440176 49.349838  0.256180 -0.211153 -0.943285  0.143525 0.471982 1 32 1.000000
v_hand_sheet.tga
0  5.270229 -24.426846 49.388428  -0.551969 0.184715 -0.813149  0.162623 0.444351 1 32 1.000000
0  5.785520 -24.440176 49.349838  0.256180 -0.211153 -0.943285  0.143525 0.471982 1 32 1.000000
0  5.478628 -24.643490 49.362614  0.047591 -0.354183 -0.933964  0.132306 0.458235 1 32 1.000000
v_hand_sheet.tga
0  6.314028 -17.277000 48.129410  -0.998477 0.013447 -0.053514  0.279143 0.585806 1 20 1.000000
0  6.143334 -18.589729 48.665253  -0.906174 0.411133 -0.099089  0.247688 0.653893 1 20 1.000000
0  6.630194 -18.491350 49.446980  -0.621759 0.630456 0.464695  0.183551 0.650052 1 20 1.000000
v_hand_sheet.tga
0  6.314028 -17.277000 48.129410  -0.998477 0.013447 -0.053514  0.279143 0.585806 1 20 1.000000
0  6.630194 -18.491350 49.446980  -0.621759 0.630456 0.464695  0.183551 0.650052 1 20 1.000000
0  6.615581 -17.397575 49.463139  -0.728800 0.209288 0.651958  0.189545 0.605222 1 20 1.000000
v_hand_sheet.tga
0  5.148917 -24.375029 49.696426  -0.822534 0.560016 -0.099097  0.177228 0.440961 1 32 1.000000
0  5.461232 -24.116058 49.713867  -0.601011 0.798565 -0.032841  0.188804 0.465807 1 32 1.000000
0  5.573925 -24.182970 49.443783  -0.320530 0.582016 -0.747340  0.161907 0.468560 1 32 1.000000
v_hand_sheet.tga
0  5.148917 -24.375029 49.696426  -0.822534 0.560016 -0.099097  0.177228 0.440961 1 32 1.000000
0  5.573925 -24.182970 49.443783  -0.320530 0.582016 -0.747340  0.161907 0.468560 1 32 1.000000
0  5.270229 -24.426846 49.388428  -0.551969 0.184715 -0.813149  0.162623 0.444351 1 32 1.000000
v_hand_sheet.tga
0  5.516536 -24.214735 50.016502  -0.542055 0.551670 0.633906  0.042199 0.465243 1 32 1.000000
0  5.785800 -23.990276 50.068516  -0.580434 0.506414 0.637685  0.047671 0.490345 1 31 1.000000
0  5.716341 -23.919928 49.822346  -0.644573 0.763661 -0.036699  0.024399 0.492713 1 31 1.000000
v_hand_sheet.tga
0  5.516536 -24.214735 50.016502  -0.542055 0.551670 0.633906  0.042199 0.465243 1 32 1.000000
0  5.716341 -23.919928 49.822346  -0.644573 0.763661 -0.036699  0.024399 0.492713 1 31 1.000000
0  5.461232 -24.116058 49.713867  -0.601011 0.798565 -0.032841  0.019296 0.466991 1 32 1.000000
v_hand_sheet.tga
0  6.770327 -22.692015 47.144230  -0.601562 0.223175 0.767018  0.040279 0.598434 1 21 1.000000
0  6.422168 -22.986530 47.216927  -0.238362 0.622324 0.745584  0.047609 0.568508 1 21 1.000000
0  6.539305 -23.175859 47.282654  0.119024 -0.006724 0.992869  0.067843 0.572031 1 21 1.000000
v_hand_sheet.tga
0  6.770327 -22.692015 47.144230  -0.601562 0.223175 0.767018  0.040279 0.598434 1 21 1.000000
0  6.539305 -23.175859 47.282654  0.119024 -0.006724 0.992869  0.067843 0.572031 1 21 1.000000
0  6.934476 -22.884054 47.252636  0.018141 0.005322 0.999821  0.057904 0.612491 1 21 1.000000
v_hand_sheet.tga
0  5.690335 -24.439335 50.186203  -0.132376 -0.111392 0.984920  0.072006 0.468051 1 32 1.000000
0  5.931615 -24.207327 50.220299  -0.144802 -0.024024 0.989169  0.072691 0.493011 1 31 1.000000
0  5.785800 -23.990276 50.068516  -0.580434 0.506414 0.637685  0.047671 0.490345 1 31 1.000000
v_hand_sheet.tga
0  5.690335 -24.439335 50.186203  -0.132376 -0.111392 0.984920  0.072006 0.468051 1 32 1.000000
0  5.785800 -23.990276 50.068516  -0.580434 0.506414 0.637685  0.047671 0.490345 1 31 1.000000
0  5.516536 -24.214735 50.016502  -0.542055 0.551670 0.633906  0.042199 0.465243 1 32 1.000000
v_hand_sheet.tga
0  5.690335 -24.439335 50.186203  -0.132376 -0.111392 0.984920  0.072006 0.468051 1 32 1.000000
0  6.110593 -24.457294 50.158398  0.256390 -0.534006 0.805668  0.090925 0.488784 1 32 1.000000
0  5.931615 -24.207327 50.220299  -0.144802 -0.024024 0.989169  0.072691 0.493011 1 31 1.000000
v_hand_sheet.tga
0  5.931615 -24.207327 50.220299  -0.144802 -0.024024 0.989169  0.072691 0.493011 1 31 1.000000
0  6.110593 -24.457294 50.158398  0.256390 -0.534006 0.805668  0.090925 0.488784 1 32 1.000000
0  6.338418 -24.280464 50.172470  0.313985 -0.504682 0.804183  0.091506 0.508151 1 31 1.000000
v_hand_sheet.tga
0  6.582812 -22.008547 49.031044  -0.963670 -0.258605 0.066816  0.244307 0.914766 1 20 1.000000
0  6.787940 -22.046537 48.400085  -0.989912 -0.128987 0.058619  0.291351 0.914854 2 20 0.939843 27 0.060157
0  6.807317 -22.641624 48.478981  -0.951968 -0.104317 -0.287878  0.289002 0.960133 1 27 1.000000
v_hand_sheet.tga
0  6.224020 -24.531672 49.911221  0.569612 -0.819137 0.067512  0.106574 0.490107 1 32 1.000000
0  6.475362 -24.283415 49.929092  0.639619 -0.765298 0.072151  0.105694 0.515822 1 31 1.000000
0  6.338418 -24.280464 50.172470  0.313985 -0.504682 0.804183  0.091506 0.508151 1 31 1.000000
v_hand_sheet.tga
0  6.224020 -24.531672 49.911221  0.569612 -0.819137 0.067512  0.106574 0.490107 1 32 1.000000
0  6.338418 -24.280464 50.172470  0.313985 -0.504682 0.804183  0.091506 0.508151 1 31 1.000000
0  6.110593 -24.457294 50.158398  0.256390 -0.534006 0.805668  0.090925 0.488784 1 32 1.000000
v_hand_sheet.tga
0  7.830595 -22.793411 48.611591  0.797640 -0.574067 -0.184980  0.601642 0.942979 1 27 1.000000
0  8.015606 -22.414824 48.861584  0.921433 -0.369323 0.120673  0.615596 0.914841 1 20 1.000000
0  7.784688 -22.719090 49.046642  0.704782 -0.571965 0.419689  0.623225 0.943532 1 27 1.000000
v_hand_sheet.tga
0  6.189140 -24.419725 49.589130  0.515474 -0.606212 -0.605635  0.123992 0.493546 1 32 1.000000
0  6.370278 -24.278065 49.590633  0.481334 -0.578497 -0.658528  0.122669 0.510156 1 31 1.000000
0  6.475362 -24.283415 49.929092  0.639619 -0.765298 0.072151  0.105694 0.515822 1 31 1.000000
v_hand_sheet.tga
0  6.189140 -24.419725 49.589130  0.515474 -0.606212 -0.605635  0.123992 0.493546 1 32 1.000000
0  6.475362 -24.283415 49.929092  0.639619 -0.765298 0.072151  0.105694 0.515822 1 31 1.000000
0  6.224020 -24.531672 49.911221  0.569612 -0.819137 0.067512  0.106574 0.490107 1 32 1.000000
v_hand_sheet.tga
0  6.189140 -24.419725 49.589130  0.515474 -0.606212 -0.605635  0.123992 0.493546 1 32 1.000000
0  6.129348 -24.126358 49.420837  0.200985 -0.119258 -0.972308  0.140563 0.498415 1 31 1.000000
0  6.370278 -24.278065 49.590633  0.481334 -0.578497 -0.658528  0.122669 0.510156 1 31 1.000000
v_hand_sheet.tga
0  6.189140 -24.419725 49.589130  0.515474 -0.606212 -0.605635  0.123992 0.493546 1 32 1.000000
0  5.785520 -24.440176 49.349838  0.256180 -0.211153 -0.943285  0.143525 0.471982 1 32 1.000000
0  6.129348 -24.126358 49.420837  0.200985 -0.119258 -0.972308  0.140563 0.498415 1 31 1.000000
v_hand_sheet.tga
0  4.405324 -21.811289 51.538528  -0.940875 -0.324941 -0.095752  0.052726 0.905188 1 35 1.000000
0  4.688442 -21.504913 51.038410  -0.722310 -0.146279 -0.675923  0.077726 0.881038 1 35 1.000000
0  4.993445 -21.817959 50.974957  -0.110693 -0.693037 -0.712353  0.088572 0.906162 1 35 1.000000
v_hand_sheet.tga
0  4.405324 -21.811289 51.538528  -0.940875 -0.324941 -0.095752  0.052726 0.905188 1 35 1.000000
0  4.993445 -21.817959 50.974957  -0.110693 -0.693037 -0.712353  0.088572 0.906162 1 35 1.000000
0  4.547722 -21.960485 51.421280  -0.511424 -0.768805 -0.383907  0.064571 0.916867 1 35 1.000000
v_hand_sheet.tga
0  5.573925 -24.182970 49.443783  -0.320530 0.582016 -0.747340  0.161907 0.468560 1 32 1.000000
0  5.869678 -23.984032 49.517841  -0.352858 0.576766 -0.736771  0.160182 0.493432 1 31 1.000000
0  6.129348 -24.126358 49.420837  0.200985 -0.119258 -0.972308  0.140563 0.498415 1 31 1.000000
v_hand_sheet.tga
0  5.573925 -24.182970 49.443783  -0.320530 0.582016 -0.747340  0.161907 0.468560 1 32 1.000000
0  6.129348 -24.126358 49.420837  0.200985 -0.119258 -0.972308  0.140563 0.498415 1 31 1.000000
0  5.785520 -24.440176 49.349838  0.256180 -0.211153 -0.943285  0.143525 0.471982 1 32 1.000000
v_hand_sheet.tga
0  5.461232 -24.116058 49.713867  -0.601011 0.798565 -0.032841  0.019296 0.466991 1 32 1.000000
0  5.716341 -23.919928 49.822346  -0.644573 0.763661 -0.036699  0.024399 0.492713 1 31 1.000000
0  5.869678 -23.984032 49.517841  -0.352858 0.576766 -0.736771  0.003042 0.496859 1 31 1.000000
v_hand_sheet.tga
0  5.461232 -24.116058 49.713867  -0.601011 0.798565 -0.032841  0.019296 0.466991 1 32 1.000000
0  5.869678 -23.984032 49.517841  -0.352858 0.576766 -0.736771  0.003042 0.496859 1 31 1.000000
0  5.573925 -24.182970 49.443783  -0.320530 0.582016 -0.747340  0.003610 0.472330 1 32 1.000000
v_hand_sheet.tga
0  4.573076 -22.008495 51.600201  -0.466007 -0.776971 0.423265  0.077437 0.936522 1 35 1.000000
0  4.778399 -21.966583 51.685455  0.250614 -0.521498 0.815618  0.098239 0.939487 1 35 1.000000
0  4.648236 -21.855698 51.743496  -0.191265 -0.204255 0.960051  0.087614 0.950593 1 35 1.000000
v_hand_sheet.tga
0  5.785800 -23.990276 50.068516  -0.580434 0.506414 0.637685  0.047671 0.490345 1 31 1.000000
0  6.157221 -23.636221 50.150074  -0.566793 0.522058 0.637339  0.047847 0.528357 1 31 1.000000
0  6.082943 -23.567200 49.862518  -0.680284 0.729680 -0.069137  0.023147 0.527538 1 31 1.000000
v_hand_sheet.tga
0  5.785800 -23.990276 50.068516  -0.580434 0.506414 0.637685  0.047671 0.490345 1 31 1.000000
0  6.082943 -23.567200 49.862518  -0.680284 0.729680 -0.069137  0.023147 0.527538 1 31 1.000000
0  5.716341 -23.919928 49.822346  -0.644573 0.763661 -0.036699  0.024399 0.492713 1 31 1.000000
v_hand_sheet.tga
0  5.931615 -24.207327 50.220299  -0.144802 -0.024024 0.989169  0.072691 0.493011 1 31 1.000000
0  6.474808 -23.742981 50.345757  -0.115775 -0.028057 0.992879  0.070630 0.538652 1 31 1.000000
0  6.157221 -23.636221 50.150074  -0.566793 0.522058 0.637339  0.047847 0.528357 1 31 1.000000
v_hand_sheet.tga
0  5.931615 -24.207327 50.220299  -0.144802 -0.024024 0.989169  0.072691 0.493011 1 31 1.000000
0  6.157221 -23.636221 50.150074  -0.566793 0.522058 0.637339  0.047847 0.528357 1 31 1.000000
0  5.785800 -23.990276 50.068516  -0.580434 0.506414 0.637685  0.047671 0.490345 1 31 1.000000
v_hand_sheet.tga
0  5.931615 -24.207327 50.220299  -0.144802 -0.024024 0.989169  0.072691 0.493011 1 31 1.000000
0  6.338418 -24.280464 50.172470  0.313985 -0.504682 0.804183  0.091506 0.508151 1 31 1.000000
0  6.474808 -23.742981 50.345757  -0.115775 -0.028057 0.992879  0.070630 0.538652 1 31 1.000000
v_hand_sheet.tga
0  6.474808 -23.742981 50.345757  -0.115775 -0.028057 0.992879  0.070630 0.538652 1 31 1.000000
0  6.338418 -24.280464 50.172470  0.313985 -0.504682 0.804183  0.091506 0.508151 1 31 1.000000
0  7.037943 -23.678371 50.297295  0.365878 -0.426542 0.827161  0.087622 0.571570 1 31 1.000000
v_hand_sheet.tga
0  6.787940 -22.046537 48.400085  -0.989912 -0.128987 0.058619  0.291351 0.914854 2 20 0.939843 27 0.060157
0  6.681613 -22.330023 47.966213  -0.971087 -0.236444 0.032937  0.321993 0.933345 1 24 1.000000
0  6.832197 -22.567387 48.224239  -0.941187 -0.330030 0.072432  0.306848 0.953213 1 24 1.000000
v_hand_sheet.tga
0  6.475362 -24.283415 49.929092  0.639619 -0.765298 0.072151  0.105694 0.515822 1 31 1.000000
0  7.116601 -23.780897 49.967171  0.670074 -0.738970 0.070172  0.105602 0.569720 1 31 1.000000
0  7.037943 -23.678371 50.297295  0.365878 -0.426542 0.827161  0.087622 0.571570 1 31 1.000000
v_hand_sheet.tga
0  6.475362 -24.283415 49.929092  0.639619 -0.765298 0.072151  0.105694 0.515822 1 31 1.000000
0  7.037943 -23.678371 50.297295  0.365878 -0.426542 0.827161  0.087622 0.571570 1 31 1.000000
0  6.338418 -24.280464 50.172470  0.313985 -0.504682 0.804183  0.091506 0.508151 1 31 1.000000
v_hand_sheet.tga
0  7.843539 -22.482025 47.315983  0.827915 -0.507025 -0.239754  0.535463 0.915183 2 20 0.930234 21 0.069766
0  7.500731 -22.694843 47.082497  0.561704 -0.825908 -0.048625  0.520329 0.941357 1 21 1.000000
0  7.850616 -22.494947 46.927994  0.759622 -0.597946 -0.255805  0.513014 0.912895 1 20 1.000000
v_hand_sheet.tga
0  6.370278 -24.278065 49.590633  0.481334 -0.578497 -0.658528  0.122669 0.510156 1 31 1.000000
0  7.073859 -23.685694 49.556938  0.501634 -0.602165 -0.621097  0.125796 0.571838 1 31 1.000000
0  7.116601 -23.780897 49.967171  0.670074 -0.738970 0.070172  0.105602 0.569720 1 31 1.000000
v_hand_sheet.tga
0  6.370278 -24.278065 49.590633  0.481334 -0.578497 -0.658528  0.122669 0.510156 1 31 1.000000
0  7.116601 -23.780897 49.967171  0.670074 -0.738970 0.070172  0.105602 0.569720 1 31 1.000000
0  6.475362 -24.283415 49.929092  0.639619 -0.765298 0.072151  0.105694 0.515822 1 31 1.000000
v_hand_sheet.tga
0  6.370278 -24.278065 49.590633  0.481334 -0.578497 -0.658528  0.122669 0.510156 1 31 1.000000
0  6.129348 -24.126358 49.420837  0.200985 -0.119258 -0.972308  0.140563 0.498415 1 31 1.000000
0  6.571867 -23.788172 49.437065  0.122391 -0.163686 -0.978891  0.141362 0.538819 1 31 1.000000
v_hand_sheet.tga
0  7.073859 -23.685694 49.556938  0.501634 -0.602165 -0.621097  0.125796 0.571838 1 31 1.000000
0  6.370278 -24.278065 49.590633  0.481334 -0.578497 -0.658528  0.122669 0.510156 1 31 1.000000
0  6.571867 -23.788172 49.437065  0.122391 -0.163686 -0.978891  0.141362 0.538819 1 31 1.000000
v_hand_sheet.tga
0  4.813025 -22.066776 51.516331  0.081055 -0.996598 -0.014902  0.084293 0.922885 1 35 1.000000
0  4.547722 -21.960485 51.421280  -0.511424 -0.768805 -0.383907  0.064571 0.916867 1 35 1.000000
0  4.993445 -21.817959 50.974957  -0.110693 -0.693037 -0.712353  0.088572 0.906162 1 35 1.000000
v_hand_sheet.tga
0  5.869678 -23.984032 49.517841  -0.352858 0.576766 -0.736771  0.160182 0.493432 1 31 1.000000
0  6.240452 -23.647289 49.545551  -0.414978 0.513076 -0.751363  0.163360 0.529338 1 31 1.000000
0  6.571867 -23.788172 49.437065  0.122391 -0.163686 -0.978891  0.141362 0.538819 1 31 1.000000
v_hand_sheet.tga
0  5.869678 -23.984032 49.517841  -0.352858 0.576766 -0.736771  0.160182 0.493432 1 31 1.000000
0  6.571867 -23.788172 49.437065  0.122391 -0.163686 -0.978891  0.141362 0.538819 1 31 1.000000
0  6.129348 -24.126358 49.420837  0.200985 -0.119258 -0.972308  0.140563 0.498415 1 31 1.000000
v_hand_sheet.tga
0  6.615581 -17.397575 49.463139  -0.728800 0.209288 0.651958  0.834211 0.573605 1 20 1.000000
0  6.630194 -18.491350 49.446980  -0.621759 0.630456 0.464695  0.848676 0.637391 1 20 1.000000
0  7.086778 -18.544752 50.033279  -0.000567 0.529582 0.848258  0.788647 0.669930 1 20 1.000000
v_hand_sheet.tga
0  6.615581 -17.397575 49.463139  -0.728800 0.209288 0.651958  0.834211 0.573605 1 20 1.000000
0  7.086778 -18.544752 50.033279  -0.000567 0.529582 0.848258  0.788647 0.669930 1 20 1.000000
0  7.610306 -17.617006 49.675056  0.176205 0.186843 0.966458  0.734650 0.606600 1 20 1.000000
v_hand_sheet.tga
0  5.716341 -23.919928 49.822346  -0.644573 0.763661 -0.036699  0.024399 0.492713 1 31 1.000000
0  6.082943 -23.567200 49.862518  -0.680284 0.729680 -0.069137  0.023147 0.527538 1 31 1.000000
0  6.240452 -23.647289 49.545551  -0.414978 0.513076 -0.751363  0.003604 0.531445 1 31 1.000000
v_hand_sheet.tga
0  5.716341 -23.919928 49.822346  -0.644573 0.763661 -0.036699  0.024399 0.492713 1 31 1.000000
0  6.240452 -23.647289 49.545551  -0.414978 0.513076 -0.751363  0.003604 0.531445 1 31 1.000000
0  5.869678 -23.984032 49.517841  -0.352858 0.576766 -0.736771  0.003042 0.496859 1 31 1.000000
v_hand_sheet.tga
0  4.813025 -22.066776 51.516331  0.081055 -0.996598 -0.014902  0.084293 0.922885 1 35 1.000000
0  4.993445 -21.817959 50.974957  -0.110693 -0.693037 -0.712353  0.088572 0.906162 1 35 1.000000
0  5.219136 -21.855221 51.187477  0.620289 -0.784353 -0.005702  0.106514 0.901331 1 35 1.000000
v_hand_sheet.tga
0  6.157221 -23.636221 50.150074  -0.566793 0.522058 0.637339  0.047847 0.528357 1 31 1.000000
0  6.580140 -23.262280 50.203243  -0.602708 0.469939 0.644903  0.047609 0.568508 1 30 1.000000
0  6.503336 -23.184982 49.865780  -0.778313 0.618576 -0.107670  0.023034 0.567257 1 30 1.000000
v_hand_sheet.tga
0  6.157221 -23.636221 50.150074  -0.566793 0.522058 0.637339  0.047847 0.528357 1 31 1.000000
0  6.503336 -23.184982 49.865780  -0.778313 0.618576 -0.107670  0.023034 0.567257 1 30 1.000000
0  6.082943 -23.567200 49.862518  -0.680284 0.729680 -0.069137  0.023147 0.527538 1 31 1.000000
v_hand_sheet.tga
0  6.474808 -23.742981 50.345757  -0.115775 -0.028057 0.992879  0.070630 0.538652 1 31 1.000000
0  6.812961 -23.430956 50.343102  -0.078430 0.058617 0.995195  0.067843 0.572031 1 30 1.000000
0  6.580140 -23.262280 50.203243  -0.602708 0.469939 0.644903  0.047609 0.568508 1 30 1.000000
v_hand_sheet.tga
0  6.474808 -23.742981 50.345757  -0.115775 -0.028057 0.992879  0.070630 0.538652 1 31 1.000000
0  6.580140 -23.262280 50.203243  -0.602708 0.469939 0.644903  0.047609 0.568508 1 30 1.000000
0  6.157221 -23.636221 50.150074  -0.566793 0.522058 0.637339  0.047847 0.528357 1 31 1.000000
v_hand_sheet.tga
0  6.474808 -23.742981 50.345757  -0.115775 -0.028057 0.992879  0.070630 0.538652 1 31 1.000000
0  7.037943 -23.678371 50.297295  0.365878 -0.426542 0.827161  0.087622 0.571570 1 31 1.000000
0  6.812961 -23.430956 50.343102  -0.078430 0.058617 0.995195  0.067843 0.572031 1 30 1.000000
v_hand_sheet.tga
0  6.812961 -23.430956 50.343102  -0.078430 0.058617 0.995195  0.067843 0.572031 1 30 1.000000
0  7.037943 -23.678371 50.297295  0.365878 -0.426542 0.827161  0.087622 0.571570 1 31 1.000000
0  7.195428 -23.525225 50.281616  0.482313 -0.294853 0.824886  0.088916 0.589919 1 30 1.000000
v_hand_sheet.tga
0  7.719830 -22.488890 46.696533  0.695032 -0.663330 -0.277350  0.498890 0.916644 1 20 1.000000
0  7.850616 -22.494947 46.927994  0.759622 -0.597946 -0.255805  0.513014 0.912895 1 20 1.000000
0  7.500731 -22.694843 47.082497  0.561704 -0.825908 -0.048625  0.520329 0.941357 1 21 1.000000
v_hand_sheet.tga
0  7.116601 -23.780897 49.967171  0.670074 -0.738970 0.070172  0.105602 0.569720 1 31 1.000000
0  7.342850 -23.540844 49.974731  0.808121 -0.578014 0.113314  0.105287 0.595776 1 30 1.000000
0  7.195428 -23.525225 50.281616  0.482313 -0.294853 0.824886  0.088916 0.589919 1 30 1.000000
v_hand_sheet.tga
0  7.116601 -23.780897 49.967171  0.670074 -0.738970 0.070172  0.105602 0.569720 1 31 1.000000
0  7.195428 -23.525225 50.281616  0.482313 -0.294853 0.824886  0.088916 0.589919 1 30 1.000000
0  7.037943 -23.678371 50.297295  0.365878 -0.426542 0.827161  0.087622 0.571570 1 31 1.000000
v_hand_sheet.tga
0  7.830595 -22.793411 48.611591  0.797640 -0.574067 -0.184980  0.601642 0.942979 1 27 1.000000
0  7.574886 -22.844212 48.347389  0.579171 -0.700350 -0.417219  0.585513 0.952071 1 24 1.000000
0  8.071128 -22.386820 48.101639  0.874328 -0.481578 -0.060276  0.577103 0.908870 1 20 1.000000
v_hand_sheet.tga
0  7.073859 -23.685694 49.556938  0.501634 -0.602165 -0.621097  0.125796 0.571838 1 31 1.000000
0  7.234474 -23.523798 49.549641  0.560777 -0.518118 -0.645820  0.125228 0.590884 1 30 1.000000
0  7.342850 -23.540844 49.974731  0.808121 -0.578014 0.113314  0.105287 0.595776 1 30 1.000000
v_hand_sheet.tga
0  7.073859 -23.685694 49.556938  0.501634 -0.602165 -0.621097  0.125796 0.571838 1 31 1.000000
0  7.342850 -23.540844 49.974731  0.808121 -0.578014 0.113314  0.105287 0.595776 1 30 1.000000
0  7.116601 -23.780897 49.967171  0.670074 -0.738970 0.070172  0.105602 0.569720 1 31 1.000000
v_hand_sheet.tga
0  7.073859 -23.685694 49.556938  0.501634 -0.602165 -0.621097  0.125796 0.571838 1 31 1.000000
0  7.029749 -23.512165 49.428894  0.144484 -0.190958 -0.970906  0.136801 0.578029 1 30 1.000000
0  7.234474 -23.523798 49.549641  0.560777 -0.518118 -0.645820  0.125228 0.590884 1 30 1.000000
v_hand_sheet.tga
0  7.073859 -23.685694 49.556938  0.501634 -0.602165 -0.621097  0.125796 0.571838 1 31 1.000000
0  6.571867 -23.788172 49.437065  0.122391 -0.163686 -0.978891  0.141362 0.538819 1 31 1.000000
0  7.029749 -23.512165 49.428894  0.144484 -0.190958 -0.970906  0.136801 0.578029 1 30 1.000000
v_hand_sheet.tga
0  7.610306 -17.617006 49.675056  0.176205 0.186843 0.966458  0.734650 0.606600 1 20 1.000000
0  7.708913 -18.729513 49.784111  0.602652 0.170051 0.779675  0.719231 0.686486 1 20 1.000000
0  8.518794 -17.697172 49.146854  0.816847 -0.070438 0.572538  0.657999 0.613808 1 20 1.000000
v_hand_sheet.tga
0  6.240452 -23.647289 49.545551  -0.414978 0.513076 -0.751363  0.163360 0.529338 1 31 1.000000
0  6.633714 -23.280989 49.582073  -0.512432 0.391492 -0.764296  0.168453 0.570329 1 30 1.000000
0  7.029749 -23.512165 49.428894  0.144484 -0.190958 -0.970906  0.136801 0.578029 1 30 1.000000
v_hand_sheet.tga
0  6.240452 -23.647289 49.545551  -0.414978 0.513076 -0.751363  0.163360 0.529338 1 31 1.000000
0  7.029749 -23.512165 49.428894  0.144484 -0.190958 -0.970906  0.136801 0.578029 1 30 1.000000
0  6.571867 -23.788172 49.437065  0.122391 -0.163686 -0.978891  0.141362 0.538819 1 31 1.000000
v_hand_sheet.tga
0  6.082943 -23.567200 49.862518  -0.680284 0.729680 -0.069137  0.023147 0.527538 1 31 1.000000
0  6.503336 -23.184982 49.865780  -0.778313 0.618576 -0.107670  0.023034 0.567257 1 30 1.000000
0  6.633714 -23.280989 49.582073  -0.512432 0.391492 -0.764296  0.002819 0.568922 1 30 1.000000
v_hand_sheet.tga
0  6.082943 -23.567200 49.862518  -0.680284 0.729680 -0.069137  0.023147 0.527538 1 31 1.000000
0  6.633714 -23.280989 49.582073  -0.512432 0.391492 -0.764296  0.002819 0.568922 1 30 1.000000
0  6.240452 -23.647289 49.545551  -0.414978 0.513076 -0.751363  0.003604 0.531445 1 31 1.000000
v_hand_sheet.tga
0  8.518794 -17.697172 49.146854  0.816847 -0.070438 0.572538  0.657999 0.613808 1 20 1.000000
0  8.379544 -19.145037 48.855827  0.956527 -0.088149 0.278002  0.638380 0.718342 1 20 1.000000
0  8.478380 -19.324659 47.372761  0.978125 -0.158705 -0.134476  0.559424 0.715171 1 20 1.000000
v_hand_sheet.tga
0  8.518794 -17.697172 49.146854  0.816847 -0.070438 0.572538  0.657999 0.613808 1 20 1.000000
0  8.478380 -19.324659 47.372761  0.978125 -0.158705 -0.134476  0.559424 0.715171 1 20 1.000000
0  8.710071 -17.482893 47.507034  0.980613 -0.115995 -0.157935  0.569644 0.609263 1 20 1.000000
v_hand_sheet.tga
0  6.580140 -23.262280 50.203243  -0.602708 0.469939 0.644903  0.047609 0.568508 1 30 1.000000
0  6.805533 -22.859608 50.201012  -0.634151 0.289515 0.716961  0.040279 0.598434 1 30 1.000000
0  6.701835 -22.829727 49.832954  -0.936850 0.340087 -0.081564  0.024035 0.594543 1 30 1.000000
v_hand_sheet.tga
0  6.580140 -23.262280 50.203243  -0.602708 0.469939 0.644903  0.047609 0.568508 1 30 1.000000
0  6.701835 -22.829727 49.832954  -0.936850 0.340087 -0.081564  0.024035 0.594543 1 30 1.000000
0  6.503336 -23.184982 49.865780  -0.778313 0.618576 -0.107670  0.023034 0.567257 1 30 1.000000
v_hand_sheet.tga
0  5.706288 -23.717203 46.756748  0.069733 -0.938891 -0.337077  0.123992 0.493546 1 23 1.000000
0  5.895353 -23.689926 46.736927  0.285993 -0.890927 -0.352784  0.122669 0.510156 1 22 1.000000
0  6.001970 -23.742842 46.996029  0.334220 -0.940739 -0.057499  0.105694 0.515822 1 22 1.000000
v_hand_sheet.tga
0  5.706288 -23.717203 46.756748  0.069733 -0.938891 -0.337077  0.123992 0.493546 1 23 1.000000
0  6.001970 -23.742842 46.996029  0.334220 -0.940739 -0.057499  0.105694 0.515822 1 22 1.000000
0  5.726777 -23.825390 47.008789  0.123431 -0.990810 -0.055316  0.106574 0.490107 1 23 1.000000
v_hand_sheet.tga
0  6.812961 -23.430956 50.343102  -0.078430 0.058617 0.995195  0.067843 0.572031 1 30 1.000000
0  7.105004 -23.005264 50.362644  0.011597 0.054097 0.998468  0.057904 0.612491 1 30 1.000000
0  6.805533 -22.859608 50.201012  -0.634151 0.289515 0.716961  0.040279 0.598434 1 30 1.000000
v_hand_sheet.tga
0  6.812961 -23.430956 50.343102  -0.078430 0.058617 0.995195  0.067843 0.572031 1 30 1.000000
0  6.805533 -22.859608 50.201012  -0.634151 0.289515 0.716961  0.040279 0.598434 1 30 1.000000
0  6.580140 -23.262280 50.203243  -0.602708 0.469939 0.644903  0.047609 0.568508 1 30 1.000000
v_hand_sheet.tga
0  6.812961 -23.430956 50.343102  -0.078430 0.058617 0.995195  0.067843 0.572031 1 30 1.000000
0  7.195428 -23.525225 50.281616  0.482313 -0.294853 0.824886  0.088916 0.589919 1 30 1.000000
0  7.105004 -23.005264 50.362644  0.011597 0.054097 0.998468  0.057904 0.612491 1 30 1.000000
v_hand_sheet.tga
0  7.105004 -23.005264 50.362644  0.011597 0.054097 0.998468  0.057904 0.612491 1 30 1.000000
0  7.195428 -23.525225 50.281616  0.482313 -0.294853 0.824886  0.088916 0.589919 1 30 1.000000
0  7.734227 -22.578802 50.138367  0.683745 -0.175077 0.708408  0.092586 0.657232 1 30 1.000000
v_hand_sheet.tga
0  7.195428 -23.525225 50.281616  0.482313 -0.294853 0.824886  0.088916 0.589919 1 30 1.000000
0  7.342850 -23.540844 49.974731  0.808121 -0.578014 0.113314  0.105287 0.595776 1 30 1.000000
0  7.734227 -22.578802 50.138367  0.683745 -0.175077 0.708408  0.092586 0.657232 1 30 1.000000
v_hand_sheet.tga
0  7.734227 -22.578802 50.138367  0.683745 -0.175077 0.708408  0.092586 0.657232 1 30 1.000000
0  7.342850 -23.540844 49.974731  0.808121 -0.578014 0.113314  0.105287 0.595776 1 30 1.000000
0  7.853147 -22.683205 49.633503  0.917622 -0.376219 -0.128177  0.130458 0.656910 1 30 1.000000
v_hand_sheet.tga
0  7.234474 -23.523798 49.549641  0.560777 -0.518118 -0.645820  0.125228 0.590884 1 30 1.000000
0  7.577590 -23.155336 49.520973  0.545933 -0.499063 -0.672973  0.137396 0.623188 1 30 1.000000
0  7.342850 -23.540844 49.974731  0.808121 -0.578014 0.113314  0.105287 0.595776 1 30 1.000000
v_hand_sheet.tga
0  7.234474 -23.523798 49.549641  0.560777 -0.518118 -0.645820  0.125228 0.590884 1 30 1.000000
0  7.198610 -23.022905 49.375336  -0.029497 -0.427434 -0.903565  0.152193 0.609938 1 30 1.000000
0  7.577590 -23.155336 49.520973  0.545933 -0.499063 -0.672973  0.137396 0.623188 1 30 1.000000
v_hand_sheet.tga
0  7.234474 -23.523798 49.549641  0.560777 -0.518118 -0.645820  0.125228 0.590884 1 30 1.000000
0  7.029749 -23.512165 49.428894  0.144484 -0.190958 -0.970906  0.136801 0.578029 1 30 1.000000
0  7.198610 -23.022905 49.375336  -0.029497 -0.427434 -0.903565  0.152193 0.609938 1 30 1.000000
v_hand_sheet.tga
0  4.488640 -21.775507 51.707165  -0.604730 -0.089240 0.791415  0.946276 0.923710 1 35 1.000000
0  4.708442 -21.333952 51.608047  -0.359056 0.382845 0.851181  0.932411 0.876115 1 35 1.000000
0  4.467774 -21.358534 51.294304  -0.735889 0.482164 0.475379  0.958421 0.865182 1 35 1.000000
v_hand_sheet.tga
0  4.488640 -21.775507 51.707165  -0.604730 -0.089240 0.791415  0.946276 0.923710 1 35 1.000000
0  4.467774 -21.358534 51.294304  -0.735889 0.482164 0.475379  0.958421 0.865182 1 35 1.000000
0  4.405324 -21.811289 51.538528  -0.940875 -0.324941 -0.095752  0.955466 0.915091 1 35 1.000000
v_hand_sheet.tga
0  6.633714 -23.280989 49.582073  -0.512432 0.391492 -0.764296  0.168453 0.570329 1 30 1.000000
0  6.838026 -22.933285 49.575611  -0.751330 -0.118003 -0.649291  0.168472 0.595410 1 30 1.000000
0  7.198610 -23.022905 49.375336  -0.029497 -0.427434 -0.903565  0.152193 0.609938 1 30 1.000000
v_hand_sheet.tga
0  6.633714 -23.280989 49.582073  -0.512432 0.391492 -0.764296  0.168453 0.570329 1 30 1.000000
0  7.198610 -23.022905 49.375336  -0.029497 -0.427434 -0.903565  0.152193 0.609938 1 30 1.000000
0  7.029749 -23.512165 49.428894  0.144484 -0.190958 -0.970906  0.136801 0.578029 1 30 1.000000
v_hand_sheet.tga
0  7.610306 -17.617006 49.675056  0.176205 0.186843 0.966458  0.734650 0.606600 1 20 1.000000
0  7.086778 -18.544752 50.033279  -0.000567 0.529582 0.848258  0.788647 0.669930 1 20 1.000000
0  7.708913 -18.729513 49.784111  0.602652 0.170051 0.779675  0.719231 0.686486 1 20 1.000000
v_hand_sheet.tga
0  6.503336 -23.184982 49.865780  -0.778313 0.618576 -0.107670  0.023034 0.567257 1 30 1.000000
0  6.701835 -22.829727 49.832954  -0.936850 0.340087 -0.081564  0.024035 0.594543 1 30 1.000000
0  6.838026 -22.933285 49.575611  -0.751330 -0.118003 -0.649291  0.005061 0.596345 1 30 1.000000
v_hand_sheet.tga
0  6.503336 -23.184982 49.865780  -0.778313 0.618576 -0.107670  0.023034 0.567257 1 30 1.000000
0  6.838026 -22.933285 49.575611  -0.751330 -0.118003 -0.649291  0.005061 0.596345 1 30 1.000000
0  6.633714 -23.280989 49.582073  -0.512432 0.391492 -0.764296  0.002819 0.568922 1 30 1.000000
v_hand_sheet.tga
0  7.821321 -22.292852 50.067707  0.776763 -0.084008 0.624165  0.690172 0.907910 1 20 1.000000
0  7.964138 -21.665579 49.978939  0.819217 -0.027113 0.572842  0.691840 0.864599 1 20 1.000000
0  7.688387 -21.651947 50.159496  0.323207 -0.012910 0.946240  0.713618 0.864338 1 20 1.000000
v_hand_sheet.tga
0  6.805533 -22.859608 50.201012  -0.634151 0.289515 0.716961  0.168955 0.986184 1 30 1.000000
0  6.903689 -22.414633 50.171055  -0.780304 0.086776 0.619351  0.170031 0.952911 1 30 1.000000
0  6.800322 -22.568960 49.831593  -0.997776 0.008282 0.066146  0.193425 0.962228 1 30 1.000000
v_hand_sheet.tga
0  6.805533 -22.859608 50.201012  -0.634151 0.289515 0.716961  0.168955 0.986184 1 30 1.000000
0  6.800322 -22.568960 49.831593  -0.997776 0.008282 0.066146  0.193425 0.962228 1 30 1.000000
0  6.701835 -22.829727 49.832954  -0.936850 0.340087 -0.081564  0.193439 0.981482 1 30 1.000000
v_hand_sheet.tga
0  6.903689 -22.414633 50.171055  -0.780304 0.086776 0.619351  0.775146 0.912378 1 30 1.000000
0  6.805533 -22.859608 50.201012  -0.634151 0.289515 0.716961  0.763333 0.960869 1 30 1.000000
0  7.231489 -22.497833 50.301121  -0.003726 0.094580 0.995510  0.740379 0.916829 1 30 1.000000
v_hand_sheet.tga
0  7.105004 -23.005264 50.362644  0.011597 0.054097 0.998468  0.057904 0.612491 1 30 1.000000
0  7.734227 -22.578802 50.138367  0.683745 -0.175077 0.708408  0.092586 0.657232 1 30 1.000000
0  7.231489 -22.497833 50.301121  -0.003726 0.094580 0.995510  0.038895 0.655301 1 30 1.000000
v_hand_sheet.tga
0  7.853147 -22.683205 49.633503  0.917622 -0.376219 -0.128177  0.130458 0.656910 1 30 1.000000
0  7.577590 -23.155336 49.520973  0.545933 -0.499063 -0.672973  0.137396 0.623188 1 30 1.000000
0  7.542374 -22.725065 49.406647  0.525165 -0.303640 -0.794987  0.148980 0.643828 1 30 1.000000
v_hand_sheet.tga
0  7.577590 -23.155336 49.520973  0.545933 -0.499063 -0.672973  0.137396 0.623188 1 30 1.000000
0  7.188297 -22.953444 49.301224  -0.225245 -0.594932 -0.771570  0.152193 0.609938 1 27 1.000000
0  7.542374 -22.725065 49.406647  0.525165 -0.303640 -0.794987  0.148980 0.643828 1 30 1.000000
v_hand_sheet.tga
0  7.577590 -23.155336 49.520973  0.545933 -0.499063 -0.672973  0.137396 0.623188 1 30 1.000000
0  7.198610 -23.022905 49.375336  -0.029497 -0.427434 -0.903565  0.152193 0.609938 1 30 1.000000
0  7.188297 -22.953444 49.301224  -0.225245 -0.594932 -0.771570  0.152193 0.609938 1 27 1.000000
v_hand_sheet.tga
0  7.198610 -23.022905 49.375336  -0.029497 -0.427434 -0.903565  0.152193 0.609938 1 30 1.000000
0  6.838026 -22.933285 49.575611  -0.751330 -0.118003 -0.649291  0.168472 0.595410 1 30 1.000000
0  7.188297 -22.953444 49.301224  -0.225245 -0.594932 -0.771570  0.152193 0.609938 1 27 1.000000
v_hand_sheet.tga
0  5.219136 -21.855221 51.187477  0.620289 -0.784353 -0.005702  0.106514 0.901331 1 35 1.000000
0  5.598150 -21.374386 51.040321  0.797660 -0.596415 -0.089599  0.128044 0.878291 1 35 1.000000
0  5.601914 -21.235435 51.339668  0.720882 -0.391885 0.571625  0.138636 0.887918 1 35 1.000000
v_hand_sheet.tga
0  5.219136 -21.855221 51.187477  0.620289 -0.784353 -0.005702  0.106514 0.901331 1 35 1.000000
0  5.601914 -21.235435 51.339668  0.720882 -0.391885 0.571625  0.138636 0.887918 1 35 1.000000
0  5.179210 -21.700735 51.452240  0.671052 -0.424965 0.607531  0.121814 0.913565 1 35 1.000000
v_hand_sheet.tga
0  5.179210 -21.700735 51.452240  0.671052 -0.424965 0.607531  0.887674 0.898502 1 35 1.000000
0  5.601914 -21.235435 51.339668  0.720882 -0.391885 0.571625  0.865771 0.859869 1 35 1.000000
0  5.372568 -21.005547 51.521957  0.221767 -0.012175 0.975024  0.886744 0.849516 1 35 1.000000
v_hand_sheet.tga
0  5.179210 -21.700735 51.452240  0.671052 -0.424965 0.607531  0.887674 0.898502 1 35 1.000000
0  5.372568 -21.005547 51.521957  0.221767 -0.012175 0.975024  0.886744 0.849516 1 35 1.000000
0  4.962554 -21.509308 51.697903  0.303238 -0.000071 0.952915  0.907516 0.889710 1 35 1.000000
v_hand_sheet.tga
0  6.701835 -22.829727 49.832954  -0.936850 0.340087 -0.081564  0.193439 0.981482 1 30 1.000000
0  6.800322 -22.568960 49.831593  -0.997776 0.008282 0.066146  0.193425 0.962228 1 30 1.000000
0  6.821317 -22.638853 49.516869  -0.923806 -0.206737 -0.322247  0.216162 0.965799 1 30 1.000000
v_hand_sheet.tga
0  6.701835 -22.829727 49.832954  -0.936850 0.340087 -0.081564  0.193439 0.981482 1 30 1.000000
0  6.821317 -22.638853 49.516869  -0.923806 -0.206737 -0.322247  0.216162 0.965799 1 30 1.000000
0  6.838026 -22.933285 49.575611  -0.751330 -0.118003 -0.649291  0.213699 0.988339 1 30 1.000000
v_hand_sheet.tga
0  6.800322 -22.568960 49.831593  -0.997776 0.008282 0.066146  0.193425 0.962228 1 30 1.000000
0  6.903689 -22.414633 50.171055  -0.780304 0.086776 0.619351  0.170031 0.952911 1 30 1.000000
0  6.691858 -22.174982 49.612514  -0.977968 -0.178063 0.108960  0.205559 0.930957 1 20 1.000000
v_hand_sheet.tga
0  7.231489 -22.497833 50.301121  -0.003726 0.094580 0.995510  0.740379 0.916829 1 30 1.000000
0  7.734227 -22.578802 50.138367  0.683745 -0.175077 0.708408  0.693964 0.927605 1 30 1.000000
0  7.821321 -22.292852 50.067707  0.776763 -0.084008 0.624165  0.690172 0.907910 1 20 1.000000
v_hand_sheet.tga
0  7.734227 -22.578802 50.138367  0.683745 -0.175077 0.708408  0.693964 0.927605 1 30 1.000000
0  7.853147 -22.683205 49.633503  0.917622 -0.376219 -0.128177  0.653769 0.942844 1 30 1.000000
0  7.821321 -22.292852 50.067707  0.776763 -0.084008 0.624165  0.690172 0.907910 1 20 1.000000
v_hand_sheet.tga
0  7.821321 -22.292852 50.067707  0.776763 -0.084008 0.624165  0.690172 0.907910 1 20 1.000000
0  7.853147 -22.683205 49.633503  0.917622 -0.376219 -0.128177  0.653769 0.942844 1 30 1.000000
0  7.948102 -22.331381 49.429325  0.908667 -0.344194 0.236336  0.644404 0.915741 1 20 1.000000
v_hand_sheet.tga
0  7.948102 -22.331381 49.429325  0.908667 -0.344194 0.236336  0.644404 0.915741 1 20 1.000000
0  7.542374 -22.725065 49.406647  0.544422 -0.760539 0.353814  0.638946 0.953529 1 30 1.000000
0  7.784688 -22.719090 49.046642  0.704782 -0.571965 0.419689  0.623225 0.943532 1 27 1.000000
v_hand_sheet.tga
0  7.853147 -22.683205 49.633503  0.917622 -0.376219 -0.128177  0.653769 0.942844 1 30 1.000000
0  7.542374 -22.725065 49.406647  0.525165 -0.303640 -0.794987  0.638946 0.953529 1 30 1.000000
0  7.948102 -22.331381 49.429325  0.546589 -0.525767 -0.651774  0.644404 0.915741 1 20 1.000000
v_hand_sheet.tga
0  6.983415 -22.672474 49.160534  -0.946900 -0.217196 0.237077  0.243349 0.966937 1 27 1.000000
0  6.691858 -22.174982 49.612514  -0.977968 -0.178063 0.108960  0.205559 0.930957 1 20 1.000000
0  6.582812 -22.008547 49.031044  -0.963670 -0.258605 0.066816  0.244307 0.914766 1 20 1.000000
v_hand_sheet.tga
0  6.821317 -22.638853 49.516869  -0.923806 -0.206737 -0.322247  0.216162 0.965799 1 30 1.000000
0  6.800322 -22.568960 49.831593  -0.997776 0.008282 0.066146  0.193425 0.962228 1 30 1.000000
0  6.691858 -22.174982 49.612514  -0.977968 -0.178063 0.108960  0.205559 0.930957 1 20 1.000000
v_hand_sheet.tga
0  6.821317 -22.638853 49.516869  -0.923806 -0.206737 -0.322247  0.216162 0.965799 1 30 1.000000
0  6.691858 -22.174982 49.612514  -0.977968 -0.178063 0.108960  0.205559 0.930957 1 20 1.000000
0  6.983415 -22.672474 49.160534  -0.946900 -0.217196 0.237077  0.243349 0.966937 1 27 1.000000
v_hand_sheet.tga
0  6.838026 -22.933285 49.575611  -0.751330 -0.118003 -0.649291  0.213699 0.988339 1 30 1.000000
0  6.821317 -22.638853 49.516869  -0.923806 -0.206737 -0.322247  0.216162 0.965799 1 30 1.000000
0  6.983415 -22.672474 49.160534  -0.946900 -0.217196 0.237077  0.243349 0.966937 1 27 1.000000
v_hand_sheet.tga
0  6.838026 -22.933285 49.575611  -0.751330 -0.118003 -0.649291  0.213699 0.988339 1 30 1.000000
0  6.983415 -22.672474 49.160534  -0.946900 -0.217196 0.237077  0.243349 0.966937 1 27 1.000000
0  7.188297 -22.953444 49.301224  -0.225245 -0.594932 -0.771570  0.237331 0.989630 1 27 1.000000
v_hand_sheet.tga
0  6.582812 -22.008547 49.031044  -0.963670 -0.258605 0.066816  0.244307 0.914766 1 20 1.000000
0  6.807317 -22.641624 48.478981  -0.951968 -0.104317 -0.287878  0.289002 0.960133 1 27 1.000000
0  6.762984 -22.579844 48.904835  -0.972771 -0.037024 0.228793  0.258207 0.957708 1 27 1.000000
v_hand_sheet.tga
0  6.787940 -22.046537 48.400085  -0.989912 -0.128987 0.058619  0.291351 0.914854 2 20 0.939843 27 0.060157
0  6.832197 -22.567387 48.224239  -0.941187 -0.330030 0.072432  0.306848 0.953213 1 24 1.000000
0  6.807317 -22.641624 48.478981  -0.951968 -0.104317 -0.287878  0.289002 0.960133 1 27 1.000000
v_hand_sheet.tga
0  6.608436 -21.997137 47.756561  -0.965518 -0.260180 -0.009013  0.334195 0.906854 1 20 1.000000
0  6.724860 -22.066490 47.097363  -0.999252 -0.027265 0.027438  0.382309 0.908810 1 20 1.000000
0  6.893015 -22.328991 47.380459  -0.958313 -0.285649 -0.006353  0.365739 0.930775 2 20 0.385053 21 0.614947
v_hand_sheet.tga
0  6.681613 -22.330023 47.966213  -0.971087 -0.236444 0.032937  0.321993 0.933345 1 24 1.000000
0  6.608436 -21.997137 47.756561  -0.965518 -0.260180 -0.009013  0.334195 0.906854 1 20 1.000000
0  6.893015 -22.328991 47.380459  -0.958313 -0.285649 -0.006353  0.365739 0.930775 2 20 0.385053 21 0.614947
v_hand_sheet.tga
0  7.723796 -22.760824 47.999344  0.641486 -0.728154 0.241427  0.569358 0.941809 1 24 1.000000
0  7.718490 -22.784504 47.590240  0.771057 -0.612900 -0.172701  0.548517 0.940857 1 24 1.000000
0  8.071128 -22.386820 48.101639  0.874328 -0.481578 -0.060276  0.577103 0.908870 1 20 1.000000
v_hand_sheet.tga
0  7.843539 -22.482025 47.315983  0.827915 -0.507025 -0.239754  0.535463 0.915183 2 20 0.930234 21 0.069766
0  8.071128 -22.386820 48.101639  0.874328 -0.481578 -0.060276  0.577103 0.908870 1 20 1.000000
0  7.718490 -22.784504 47.590240  0.771057 -0.612900 -0.172701  0.548517 0.940857 1 24 1.000000
v_hand_sheet.tga
0  6.787940 -22.046537 48.400085  -0.989912 -0.128987 0.058619  0.291351 0.914854 2 20 0.939843 27 0.060157
0  6.608436 -21.997137 47.756561  -0.965518 -0.260180 -0.009013  0.334195 0.906854 1 20 1.000000
0  6.681613 -22.330023 47.966213  -0.971087 -0.236444 0.032937  0.321993 0.933345 1 24 1.000000
v_hand_sheet.tga
0  7.843539 -22.482025 47.315983  0.827915 -0.507025 -0.239754  0.535463 0.915183 2 20 0.930234 21 0.069766
0  7.718490 -22.784504 47.590240  0.771057 -0.612900 -0.172701  0.548517 0.940857 1 24 1.000000
0  7.652796 -22.783272 47.350536  0.567429 -0.629965 -0.530253  0.535629 0.941672 1 21 1.000000
v_hand_sheet.tga
0  4.573076 -22.008495 51.600201  -0.466007 -0.776971 0.423265  0.077437 0.936522 1 35 1.000000
0  4.813025 -22.066776 51.516331  0.081055 -0.996598 -0.014902  0.084293 0.922885 1 35 1.000000
0  4.778399 -21.966583 51.685455  0.250614 -0.521498 0.815618  0.098239 0.939487 1 35 1.000000
v_hand_sheet.tga
0  8.221408 -21.453230 47.572544  0.983867 -0.126764 -0.126242  0.550220 0.855790 1 20 1.000000
0  7.843539 -22.482025 47.315983  0.827915 -0.507025 -0.239754  0.535463 0.915183 2 20 0.930234 21 0.069766
0  7.850616 -22.494947 46.927994  0.759622 -0.597946 -0.255805  0.513014 0.912895 1 20 1.000000
v_hand_sheet.tga
0  8.221408 -21.453230 47.572544  0.983867 -0.126764 -0.126242  0.550220 0.855790 1 20 1.000000
0  7.850616 -22.494947 46.927994  0.759622 -0.597946 -0.255805  0.513014 0.912895 1 20 1.000000
0  7.918838 -21.412310 46.636120  0.933288 -0.135552 -0.332565  0.503510 0.851399 1 20 1.000000
v_hand_sheet.tga
0  7.918838 -21.412310 46.636120  0.933288 -0.135552 -0.332565  0.503510 0.851399 1 20 1.000000
0  7.850616 -22.494947 46.927994  0.759622 -0.597946 -0.255805  0.513014 0.912895 1 20 1.000000
0  7.719830 -22.488890 46.696533  0.695032 -0.663330 -0.277350  0.498890 0.916644 1 20 1.000000
v_hand_sheet.tga
0  7.470733 -22.706722 46.686554  0.700139 -0.711119 -0.064142  0.498875 0.940587 1 21 1.000000
0  7.719830 -22.488890 46.696533  0.695032 -0.663330 -0.277350  0.498890 0.916644 1 20 1.000000
0  7.500731 -22.694843 47.082497  0.561704 -0.825908 -0.048625  0.520329 0.941357 1 21 1.000000
v_hand_sheet.tga
0  7.784688 -22.719090 49.046642  0.704782 -0.571965 0.419689  0.092586 0.657232 1 27 1.000000
0  7.542374 -22.725065 49.406647  0.544422 -0.760539 0.353814  0.038895 0.655301 1 30 1.000000
0  7.188297 -22.953444 49.301224  0.092723 -0.515464 0.851880  0.057904 0.612491 1 27 1.000000
v_hand_sheet.tga
0  4.710532 -24.892496 48.708027  -0.609092 -0.790958 -0.058237  0.052037 0.715190 1 29 1.000000
0  4.826778 -24.938158 48.848782  -0.220416 -0.925438 0.308189  0.037373 0.720936 1 29 1.000000
0  4.665324 -24.796759 48.829155  -0.816388 -0.407419 0.409294  0.045241 0.703328 1 29 1.000000
v_hand_sheet.tga
0  4.710532 -24.892496 48.708027  -0.609092 -0.790958 -0.058237  0.052037 0.715190 1 29 1.000000
0  4.836669 -24.888052 48.523354  -0.377863 -0.671943 -0.636955  0.065727 0.727353 1 29 1.000000
0  4.826778 -24.938158 48.848782  -0.220416 -0.925438 0.308189  0.037373 0.720936 1 29 1.000000
v_hand_sheet.tga
0  4.665324 -24.796759 48.829155  -0.816388 -0.407419 0.409294  0.045241 0.703328 1 29 1.000000
0  4.651490 -24.752434 48.644371  -0.931987 -0.025321 -0.361605  0.062015 0.704952 1 29 1.000000
0  4.836669 -24.888052 48.523354  -0.377863 -0.671943 -0.636955  0.065727 0.727353 1 29 1.000000
v_hand_sheet.tga
0  4.665324 -24.796759 48.829155  -0.816388 -0.407419 0.409294  0.045241 0.703328 1 29 1.000000
0  4.836669 -24.888052 48.523354  -0.377863 -0.671943 -0.636955  0.065727 0.727353 1 29 1.000000
0  4.710532 -24.892496 48.708027  -0.609092 -0.790958 -0.058237  0.052037 0.715190 1 29 1.000000
v_hand_sheet.tga
0  7.723796 -22.760824 47.999344  0.641486 -0.728154 0.241427  0.092586 0.657232 1 24 1.000000
0  7.574886 -22.844212 48.347389  0.579171 -0.700350 -0.417219  0.038895 0.655301 1 24 1.000000
0  7.177641 -22.955185 48.241215  0.376732 -0.919561 0.111720  0.057904 0.612491 1 24 1.000000
v_hand_sheet.tga
0  4.665324 -24.796759 48.829155  -0.816388 -0.407419 0.409294  0.045241 0.703328 1 29 1.000000
0  4.777042 -24.476610 49.027100  -0.541627 0.281201 0.792191  0.036421 0.680610 1 29 1.000000
0  4.738283 -24.393415 48.745846  -0.764170 0.644855 -0.014407  0.061541 0.680228 1 29 1.000000
v_hand_sheet.tga
0  4.665324 -24.796759 48.829155  -0.816388 -0.407419 0.409294  0.045241 0.703328 1 29 1.000000
0  4.738283 -24.393415 48.745846  -0.764170 0.644855 -0.014407  0.061541 0.680228 1 29 1.000000
0  4.651490 -24.752434 48.644371  -0.931987 -0.025321 -0.361605  0.062015 0.704952 1 29 1.000000
v_hand_sheet.tga
0  4.665324 -24.796759 48.829155  -0.816388 -0.407419 0.409294  0.045241 0.703328 1 29 1.000000
0  5.020425 -24.696394 49.105373  -0.284804 -0.370713 0.884001  0.017224 0.703253 1 29 1.000000
0  4.777042 -24.476610 49.027100  -0.541627 0.281201 0.792191  0.036421 0.680610 1 29 1.000000
v_hand_sheet.tga
0  4.665324 -24.796759 48.829155  -0.816388 -0.407419 0.409294  0.045241 0.703328 1 29 1.000000
0  4.826778 -24.938158 48.848782  -0.220416 -0.925438 0.308189  0.037373 0.720936 1 29 1.000000
0  5.020425 -24.696394 49.105373  -0.284804 -0.370713 0.884001  0.017224 0.703253 1 29 1.000000
v_hand_sheet.tga
0  4.826778 -24.938158 48.848782  -0.220416 -0.925438 0.308189  0.037373 0.720936 1 29 1.000000
0  5.289843 -24.840225 49.027897  0.114980 -0.781196 0.613606  0.017303 0.729547 1 29 1.000000
0  5.020425 -24.696394 49.105373  -0.284804 -0.370713 0.884001  0.017224 0.703253 1 29 1.000000
v_hand_sheet.tga
0  4.826778 -24.938158 48.848782  -0.220416 -0.925438 0.308189  0.037373 0.720936 1 29 1.000000
0  5.398970 -24.842464 48.791630  0.254798 -0.965654 -0.050884  0.033688 0.742685 1 29 1.000000
0  5.289843 -24.840225 49.027897  0.114980 -0.781196 0.613606  0.017303 0.729547 1 29 1.000000
v_hand_sheet.tga
0  7.948102 -22.331381 49.429325  0.908667 -0.344194 0.236336  0.644404 0.915741 1 20 1.000000
0  8.015606 -22.414824 48.861584  0.921433 -0.369323 0.120673  0.615596 0.914841 1 20 1.000000
0  8.202154 -21.405630 48.921513  0.990021 -0.099762 0.099526  0.620316 0.858488 1 20 1.000000
v_hand_sheet.tga
0  7.948102 -22.331381 49.429325  0.908667 -0.344194 0.236336  0.644404 0.915741 1 20 1.000000
0  8.202154 -21.405630 48.921513  0.990021 -0.099762 0.099526  0.620316 0.858488 1 20 1.000000
0  8.033191 -21.502314 49.554470  0.978593 -0.095954 0.182066  0.653346 0.860562 1 20 1.000000
v_hand_sheet.tga
0  7.309700 -20.756519 50.295357  0.268798 -0.096668 0.958333  0.743494 0.805112 1 20 1.000000
0  6.547751 -20.675274 50.188450  -0.405542 -0.592511 0.696037  0.792771 0.801463 1 20 1.000000
0  6.943532 -21.496548 50.166698  -0.600384 -0.141571 0.787081  0.755930 0.852916 1 20 1.000000
v_hand_sheet.tga
0  7.309700 -20.756519 50.295357  0.268798 -0.096668 0.958333  0.743494 0.805112 1 20 1.000000
0  6.943532 -21.496548 50.166698  -0.600384 -0.141571 0.787081  0.755930 0.852916 1 20 1.000000
0  7.688387 -21.651947 50.159496  0.323207 -0.012910 0.946240  0.713618 0.864338 1 20 1.000000
v_hand_sheet.tga
0  4.836669 -24.888052 48.523354  -0.377863 -0.671943 -0.636955  0.065727 0.727353 1 29 1.000000
0  5.351833 -24.787111 48.489262  0.212204 -0.711920 -0.669432  0.058956 0.744103 1 29 1.000000
0  5.398970 -24.842464 48.791630  0.254798 -0.965654 -0.050884  0.033688 0.742685 1 29 1.000000
v_hand_sheet.tga
0  4.836669 -24.888052 48.523354  -0.377863 -0.671943 -0.636955  0.065727 0.727353 1 29 1.000000
0  5.398970 -24.842464 48.791630  0.254798 -0.965654 -0.050884  0.033688 0.742685 1 29 1.000000
0  4.826778 -24.938158 48.848782  -0.220416 -0.925438 0.308189  0.037373 0.720936 1 29 1.000000
v_hand_sheet.tga
0  4.836669 -24.888052 48.523354  -0.377863 -0.671943 -0.636955  0.065727 0.727353 1 29 1.000000
0  5.102210 -24.618868 48.344101  -0.069316 -0.237691 -0.968865  0.082767 0.726789 1 29 1.000000
0  5.351833 -24.787111 48.489262  0.212204 -0.711920 -0.669432  0.058956 0.744103 1 29 1.000000
v_hand_sheet.tga
0  4.836669 -24.888052 48.523354  -0.377863 -0.671943 -0.636955  0.065727 0.727353 1 29 1.000000
0  4.838339 -24.425177 48.451160  -0.579937 0.288105 -0.762017  0.083567 0.695109 1 29 1.000000
0  5.102210 -24.618868 48.344101  -0.069316 -0.237691 -0.968865  0.082767 0.726789 1 29 1.000000
v_hand_sheet.tga
0  4.836669 -24.888052 48.523354  -0.377863 -0.671943 -0.636955  0.065727 0.727353 1 29 1.000000
0  4.651490 -24.752434 48.644371  -0.931987 -0.025321 -0.361605  0.062015 0.704952 1 29 1.000000
0  4.838339 -24.425177 48.451160  -0.579937 0.288105 -0.762017  0.083567 0.695109 1 29 1.000000
v_hand_sheet.tga
0  4.962554 -21.509308 51.697903  0.303238 -0.000071 0.952915  0.907516 0.889710 1 35 1.000000
0  5.372568 -21.005547 51.521957  0.221767 -0.012175 0.975024  0.886744 0.849516 1 35 1.000000
0  4.985184 -20.793077 51.407482  -0.479024 0.396291 0.783255  0.916684 0.835781 1 35 1.000000
v_hand_sheet.tga
0  4.962554 -21.509308 51.697903  0.303238 -0.000071 0.952915  0.907516 0.889710 1 35 1.000000
0  4.985184 -20.793077 51.407482  -0.479024 0.396291 0.783255  0.916684 0.835781 1 35 1.000000
0  4.708442 -21.333952 51.608047  -0.359056 0.382845 0.851181  0.932411 0.876115 1 35 1.000000
v_hand_sheet.tga
0  4.651490 -24.752434 48.644371  -0.931987 -0.025321 -0.361605  0.062015 0.704952 1 29 1.000000
0  4.738283 -24.393415 48.745846  -0.764170 0.644855 -0.014407  0.061541 0.680228 1 29 1.000000
0  4.838339 -24.425177 48.451160  -0.579937 0.288105 -0.762017  0.083567 0.695109 1 29 1.000000
v_hand_sheet.tga
0  4.777042 -24.476610 49.027100  -0.541627 0.281201 0.792191  0.038317 0.439447 1 29 1.000000
0  5.131068 -24.357967 49.053612  -0.286308 0.622140 0.728677  0.042199 0.465243 1 29 1.000000
0  5.072085 -24.221582 48.755005  -0.412694 0.907621 0.076857  0.019296 0.466991 1 29 1.000000
v_hand_sheet.tga
0  4.777042 -24.476610 49.027100  -0.541627 0.281201 0.792191  0.038317 0.439447 1 29 1.000000
0  5.072085 -24.221582 48.755005  -0.412694 0.907621 0.076857  0.019296 0.466991 1 29 1.000000
0  4.738283 -24.393415 48.745846  -0.764170 0.644855 -0.014407  0.020379 0.439988 1 29 1.000000
v_hand_sheet.tga
0  4.777042 -24.476610 49.027100  -0.541627 0.281201 0.792191  0.038317 0.439447 1 29 1.000000
0  5.396766 -24.580536 49.164864  -0.021047 -0.072359 0.997157  0.072006 0.468051 1 29 1.000000
0  5.131068 -24.357967 49.053612  -0.286308 0.622140 0.728677  0.042199 0.465243 1 29 1.000000
v_hand_sheet.tga
0  4.777042 -24.476610 49.027100  -0.541627 0.281201 0.792191  0.038317 0.439447 1 29 1.000000
0  5.020425 -24.696394 49.105373  -0.284804 -0.370713 0.884001  0.065555 0.442444 1 29 1.000000
0  5.396766 -24.580536 49.164864  -0.021047 -0.072359 0.997157  0.072006 0.468051 1 29 1.000000
v_hand_sheet.tga
0  5.020425 -24.696394 49.105373  -0.284804 -0.370713 0.884001  0.065555 0.442444 1 29 1.000000
0  5.289843 -24.840225 49.027897  0.114980 -0.781196 0.613606  0.089428 0.449710 1 29 1.000000
0  5.396766 -24.580536 49.164864  -0.021047 -0.072359 0.997157  0.072006 0.468051 1 29 1.000000
v_hand_sheet.tga
0  5.396766 -24.580536 49.164864  -0.021047 -0.072359 0.997157  0.072006 0.468051 1 29 1.000000
0  5.289843 -24.840225 49.027897  0.114980 -0.781196 0.613606  0.089428 0.449710 1 29 1.000000
0  5.835690 -24.622883 49.052624  0.284535 -0.619609 0.731522  0.090925 0.488784 1 29 1.000000
v_hand_sheet.tga
0  7.964138 -21.665579 49.978939  0.819217 -0.027113 0.572842  0.691840 0.864599 1 20 1.000000
0  7.821321 -22.292852 50.067707  0.776763 -0.084008 0.624165  0.690172 0.907910 1 20 1.000000
0  7.948102 -22.331381 49.429325  0.908667 -0.344194 0.236336  0.644404 0.915741 1 20 1.000000
v_hand_sheet.tga
0  7.964138 -21.665579 49.978939  0.819217 -0.027113 0.572842  0.691840 0.864599 1 20 1.000000
0  7.948102 -22.331381 49.429325  0.908667 -0.344194 0.236336  0.644404 0.915741 1 20 1.000000
0  8.033191 -21.502314 49.554470  0.978593 -0.095954 0.182066  0.653346 0.860562 1 20 1.000000
v_hand_sheet.tga
0  5.398970 -24.842464 48.791630  0.254798 -0.965654 -0.050884  0.107275 0.455858 1 29 1.000000
0  5.927627 -24.681423 48.773972  0.417920 -0.907253 -0.047263  0.106574 0.490107 1 29 1.000000
0  5.835690 -24.622883 49.052624  0.284535 -0.619609 0.731522  0.090925 0.488784 1 29 1.000000
v_hand_sheet.tga
0  5.398970 -24.842464 48.791630  0.254798 -0.965654 -0.050884  0.107275 0.455858 1 29 1.000000
0  5.835690 -24.622883 49.052624  0.284535 -0.619609 0.731522  0.090925 0.488784 1 29 1.000000
0  5.289843 -24.840225 49.027897  0.114980 -0.781196 0.613606  0.089428 0.449710 1 29 1.000000
v_hand_sheet.tga
0  8.059052 -20.258795 49.675968  0.843552 0.051255 0.534597  0.685879 0.774671 1 20 1.000000
0  7.964138 -21.665579 49.978939  0.819217 -0.027113 0.572842  0.691840 0.864599 1 20 1.000000
0  8.033191 -21.502314 49.554470  0.978593 -0.095954 0.182066  0.653346 0.860562 1 20 1.000000
v_hand_sheet.tga
0  5.351833 -24.787111 48.489262  0.212204 -0.711920 -0.669432  0.132306 0.458235 1 29 1.000000
0  5.893302 -24.535091 48.490040  0.298628 -0.555145 -0.776296  0.123992 0.493546 1 29 1.000000
0  5.927627 -24.681423 48.773972  0.417920 -0.907253 -0.047263  0.106574 0.490107 1 29 1.000000
v_hand_sheet.tga
0  5.351833 -24.787111 48.489262  0.212204 -0.711920 -0.669432  0.132306 0.458235 1 29 1.000000
0  5.927627 -24.681423 48.773972  0.417920 -0.907253 -0.047263  0.106574 0.490107 1 29 1.000000
0  5.398970 -24.842464 48.791630  0.254798 -0.965654 -0.050884  0.107275 0.455858 1 29 1.000000
v_hand_sheet.tga
0  5.836543 -19.667818 48.691303  -0.938445 -0.121260 -0.323445  0.247520 0.733986 1 20 1.000000
0  6.143334 -18.589729 48.665253  -0.906174 0.411133 -0.099089  0.247688 0.653893 1 20 1.000000
0  6.504860 -19.011986 47.723583  -0.947993 0.071346 -0.310193  0.320388 0.681730 1 20 1.000000
v_hand_sheet.tga
0  5.836543 -19.667818 48.691303  -0.938445 -0.121260 -0.323445  0.247520 0.733986 1 20 1.000000
0  6.504860 -19.011986 47.723583  -0.947993 0.071346 -0.310193  0.320388 0.681730 1 20 1.000000
0  6.288298 -19.856869 47.814072  -0.935296 -0.055313 -0.349516  0.315617 0.744980 1 20 1.000000
v_hand_sheet.tga
0  5.351833 -24.787111 48.489262  0.212204 -0.711920 -0.669432  0.132306 0.458235 1 29 1.000000
0  5.450340 -24.497019 48.374981  0.116729 -0.082461 -0.989735  0.143525 0.471982 1 29 1.000000
0  5.893302 -24.535091 48.490040  0.298628 -0.555145 -0.776296  0.123992 0.493546 1 29 1.000000
v_hand_sheet.tga
0  4.708442 -21.333952 51.608047  -0.359056 0.382845 0.851181  0.932411 0.876115 1 35 1.000000
0  4.985184 -20.793077 51.407482  -0.479024 0.396291 0.783255  0.916684 0.835781 1 35 1.000000
0  4.804340 -20.792440 51.140572  -0.881017 0.472619 -0.020975  0.939925 0.826113 1 35 1.000000
v_hand_sheet.tga
0  4.708442 -21.333952 51.608047  -0.359056 0.382845 0.851181  0.932411 0.876115 1 35 1.000000
0  4.804340 -20.792440 51.140572  -0.881017 0.472619 -0.020975  0.939925 0.826113 1 35 1.000000
0  4.467774 -21.358534 51.294304  -0.735889 0.482164 0.475379  0.958421 0.865182 1 35 1.000000
v_hand_sheet.tga
0  7.708913 -18.729513 49.784111  0.602652 0.170051 0.779675  0.719231 0.686486 1 20 1.000000
0  7.559503 -19.730852 50.130497  0.626455 0.071925 0.776132  0.733097 0.758069 1 20 1.000000
0  8.059052 -20.258795 49.675968  0.843552 0.051255 0.534597  0.685879 0.774671 1 20 1.000000
v_hand_sheet.tga
0  4.467774 -21.358534 51.294304  -0.810870 0.006132 -0.585194  0.056333 0.870635 1 35 1.000000
0  4.804340 -20.792440 51.140572  -0.881017 0.472619 -0.020975  0.068391 0.828452 1 35 1.000000
0  4.832851 -21.084146 50.891087  -0.700605 0.133979 -0.700858  0.087736 0.849102 1 35 1.000000
v_hand_sheet.tga
0  4.467774 -21.358534 51.294304  -0.810870 0.006132 -0.585194  0.056333 0.870635 1 35 1.000000
0  4.832851 -21.084146 50.891087  -0.700605 0.133979 -0.700858  0.087736 0.849102 1 35 1.000000
0  4.688442 -21.504913 51.038410  -0.722310 -0.146279 -0.675923  0.077726 0.881038 1 35 1.000000
v_hand_sheet.tga
0  7.708913 -18.729513 49.784111  0.602652 0.170051 0.779675  0.719231 0.686486 1 20 1.000000
0  8.059052 -20.258795 49.675968  0.843552 0.051255 0.534597  0.685879 0.774671 1 20 1.000000
0  8.379544 -19.145037 48.855827  0.956527 -0.088149 0.278002  0.638380 0.718342 1 20 1.000000
v_hand_sheet.tga
0  4.688442 -21.504913 51.038410  -0.722310 -0.146279 -0.675923  0.077726 0.881038 1 35 1.000000
0  4.832851 -21.084146 50.891087  -0.700605 0.133979 -0.700858  0.087736 0.849102 1 35 1.000000
0  5.085422 -21.296654 50.703957  -0.232772 -0.226361 -0.945821  0.105224 0.865850 1 35 1.000000
v_hand_sheet.tga
0  4.688442 -21.504913 51.038410  -0.722310 -0.146279 -0.675923  0.077726 0.881038 1 35 1.000000
0  5.085422 -21.296654 50.703957  -0.232772 -0.226361 -0.945821  0.105224 0.865850 1 35 1.000000
0  4.993445 -21.817959 50.974957  -0.110693 -0.693037 -0.712353  0.088572 0.906162 1 35 1.000000
v_hand_sheet.tga
0  4.993445 -21.817959 50.974957  -0.110693 -0.693037 -0.712353  0.088572 0.906162 1 35 1.000000
0  5.085422 -21.296654 50.703957  -0.232772 -0.226361 -0.945821  0.105224 0.865850 1 35 1.000000
0  5.466893 -21.395975 50.793716  0.419006 -0.520126 -0.744247  0.119529 0.869734 1 35 1.000000
v_hand_sheet.tga
0  6.522779 -19.994377 47.030880  -0.970597 -0.003091 -0.240691  0.374218 0.751809 1 20 1.000000
0  6.688400 -21.301079 47.186844  -0.976936 -0.100471 -0.188419  0.371761 0.851599 1 20 1.000000
0  6.549283 -21.305960 48.020058  -0.964881 -0.238864 -0.109306  0.311504 0.856118 1 20 1.000000
v_hand_sheet.tga
0  6.522779 -19.994377 47.030880  -0.970597 -0.003091 -0.240691  0.374218 0.751809 1 20 1.000000
0  6.549283 -21.305960 48.020058  -0.964881 -0.238864 -0.109306  0.311504 0.856118 1 20 1.000000
0  6.288298 -19.856869 47.814072  -0.935296 -0.055313 -0.349516  0.315617 0.744980 1 20 1.000000
v_hand_sheet.tga
0  4.993445 -21.817959 50.974957  -0.110693 -0.693037 -0.712353  0.088572 0.906162 1 35 1.000000
0  5.466893 -21.395975 50.793716  0.419006 -0.520126 -0.744247  0.119529 0.869734 1 35 1.000000
0  5.598150 -21.374386 51.040321  0.797660 -0.596415 -0.089599  0.128044 0.878291 1 35 1.000000
v_hand_sheet.tga
0  4.993445 -21.817959 50.974957  -0.110693 -0.693037 -0.712353  0.088572 0.906162 1 35 1.000000
0  5.598150 -21.374386 51.040321  0.797660 -0.596415 -0.089599  0.128044 0.878291 1 35 1.000000
0  5.219136 -21.855221 51.187477  0.620289 -0.784353 -0.005702  0.106514 0.901331 1 35 1.000000
v_hand_sheet.tga
0  5.351833 -24.787111 48.489262  0.212204 -0.711920 -0.669432  0.132306 0.458235 1 29 1.000000
0  5.102210 -24.618868 48.344101  -0.069316 -0.237691 -0.968865  0.132306 0.458235 1 29 1.000000
0  5.450340 -24.497019 48.374981  0.116729 -0.082461 -0.989735  0.143525 0.471982 1 29 1.000000
v_hand_sheet.tga
0  6.724860 -22.066490 47.097363  -0.999252 -0.027265 0.027438  0.382309 0.908810 1 20 1.000000
0  6.770327 -22.692015 47.144230  -0.601562 0.223175 0.767018  0.382679 0.956297 1 21 1.000000
0  6.893015 -22.328991 47.380459  -0.958313 -0.285649 -0.006353  0.365739 0.930775 2 20 0.385053 21 0.614947
v_hand_sheet.tga
0  4.838339 -24.425177 48.451160  -0.579937 0.288105 -0.762017  0.162623 0.444351 1 29 1.000000
0  5.206168 -24.260876 48.444710  -0.251115 0.672034 -0.696644  0.161907 0.468560 1 29 1.000000
0  5.450340 -24.497019 48.374981  0.116729 -0.082461 -0.989735  0.143525 0.471982 1 29 1.000000
v_hand_sheet.tga
0  4.838339 -24.425177 48.451160  -0.579937 0.288105 -0.762017  0.162623 0.444351 1 29 1.000000
0  5.450340 -24.497019 48.374981  0.116729 -0.082461 -0.989735  0.143525 0.471982 1 29 1.000000
0  5.102210 -24.618868 48.344101  -0.069316 -0.237691 -0.968865  0.132306 0.458235 1 29 1.000000
v_hand_sheet.tga
0  4.738283 -24.393415 48.745846  -0.764170 0.644855 -0.014407  0.177228 0.440961 1 29 1.000000
0  5.072085 -24.221582 48.755005  -0.412694 0.907621 0.076857  0.188804 0.465807 1 29 1.000000
0  5.206168 -24.260876 48.444710  -0.251115 0.672034 -0.696644  0.161907 0.468560 1 29 1.000000
v_hand_sheet.tga
0  4.738283 -24.393415 48.745846  -0.764170 0.644855 -0.014407  0.177228 0.440961 1 29 1.000000
0  5.206168 -24.260876 48.444710  -0.251115 0.672034 -0.696644  0.161907 0.468560 1 29 1.000000
0  4.838339 -24.425177 48.451160  -0.579937 0.288105 -0.762017  0.162623 0.444351 1 29 1.000000
v_hand_sheet.tga
0  6.681328 -22.606485 46.724472  -0.852179 0.407850 -0.327795  0.422026 0.947291 1 21 1.000000
0  6.649244 -22.497286 46.920021  -0.887775 0.439010 0.138297  0.396014 0.939937 1 21 1.000000
0  6.724860 -22.066490 47.097363  -0.999252 -0.027265 0.027438  0.382309 0.908810 1 20 1.000000
v_hand_sheet.tga
0  5.131068 -24.357967 49.053612  -0.286308 0.622140 0.728677  0.042199 0.465243 1 29 1.000000
0  5.533935 -24.144341 48.990528  -0.404377 0.558259 0.724449  0.047671 0.490345 1 28 1.000000
0  5.471901 -24.027990 48.781494  -0.520626 0.851442 0.063208  0.024399 0.492713 1 28 1.000000
v_hand_sheet.tga
0  5.131068 -24.357967 49.053612  -0.286308 0.622140 0.728677  0.042199 0.465243 1 29 1.000000
0  5.471901 -24.027990 48.781494  -0.520626 0.851442 0.063208  0.024399 0.492713 1 28 1.000000
0  5.072085 -24.221582 48.755005  -0.412694 0.907621 0.076857  0.019296 0.466991 1 29 1.000000
v_hand_sheet.tga
0  5.847402 -23.446163 47.345253  0.060523 -0.102680 0.992872  0.072691 0.493011 1 22 1.000000
0  6.156728 -23.393736 47.344883  0.098725 -0.093302 0.990731  0.070630 0.538652 1 22 1.000000
0  5.921617 -23.148655 47.236778  -0.205292 0.671856 0.711664  0.047847 0.528357 1 22 1.000000
v_hand_sheet.tga
0  5.847402 -23.446163 47.345253  0.060523 -0.102680 0.992872  0.072691 0.493011 1 22 1.000000
0  5.921617 -23.148655 47.236778  -0.205292 0.671856 0.711664  0.047847 0.528357 1 22 1.000000
0  5.706242 -23.291420 47.264816  -0.133809 0.631151 0.764031  0.047671 0.490345 1 22 1.000000
v_hand_sheet.tga
0  5.396766 -24.580536 49.164864  -0.021047 -0.072359 0.997157  0.072006 0.468051 1 29 1.000000
0  5.694294 -24.364658 49.149113  -0.028017 -0.048216 0.998444  0.072691 0.493011 1 28 1.000000
0  5.533935 -24.144341 48.990528  -0.404377 0.558259 0.724449  0.047671 0.490345 1 28 1.000000
v_hand_sheet.tga
0  5.396766 -24.580536 49.164864  -0.021047 -0.072359 0.997157  0.072006 0.468051 1 29 1.000000
0  5.533935 -24.144341 48.990528  -0.404377 0.558259 0.724449  0.047671 0.490345 1 28 1.000000
0  5.131068 -24.357967 49.053612  -0.286308 0.622140 0.728677  0.042199 0.465243 1 29 1.000000
v_hand_sheet.tga
0  5.396766 -24.580536 49.164864  -0.021047 -0.072359 0.997157  0.072006 0.468051 1 29 1.000000
0  5.835690 -24.622883 49.052624  0.284535 -0.619609 0.731522  0.090925 0.488784 1 29 1.000000
0  5.694294 -24.364658 49.149113  -0.028017 -0.048216 0.998444  0.072691 0.493011 1 28 1.000000
v_hand_sheet.tga
0  5.694294 -24.364658 49.149113  -0.028017 -0.048216 0.998444  0.072691 0.493011 1 28 1.000000
0  5.835690 -24.622883 49.052624  0.284535 -0.619609 0.731522  0.090925 0.488784 1 29 1.000000
0  6.074239 -24.485794 49.068539  0.301587 -0.573536 0.761644  0.091506 0.508151 1 28 1.000000
v_hand_sheet.tga
0  6.943532 -21.496548 50.166698  -0.600384 -0.141571 0.787081  0.755930 0.852916 1 20 1.000000
0  6.903689 -22.414633 50.171055  -0.780304 0.086776 0.619351  0.775146 0.912378 1 30 1.000000
0  7.231489 -22.497833 50.301121  -0.003726 0.094580 0.995510  0.740379 0.916829 1 30 1.000000
v_hand_sheet.tga
0  5.927627 -24.681423 48.773972  0.417920 -0.907253 -0.047263  0.106574 0.490107 1 29 1.000000
0  6.244202 -24.486536 48.808304  0.559661 -0.828260 -0.027653  0.105694 0.515822 1 28 1.000000
0  6.074239 -24.485794 49.068539  0.301587 -0.573536 0.761644  0.091506 0.508151 1 28 1.000000
v_hand_sheet.tga
0  5.927627 -24.681423 48.773972  0.417920 -0.907253 -0.047263  0.106574 0.490107 1 29 1.000000
0  6.074239 -24.485794 49.068539  0.301587 -0.573536 0.761644  0.091506 0.508151 1 28 1.000000
0  5.835690 -24.622883 49.052624  0.284535 -0.619609 0.731522  0.090925 0.488784 1 29 1.000000
v_hand_sheet.tga
0  7.688387 -21.651947 50.159496  0.323207 -0.012910 0.946240  0.713618 0.864338 1 20 1.000000
0  6.943532 -21.496548 50.166698  -0.600384 -0.141571 0.787081  0.755930 0.852916 1 20 1.000000
0  7.231489 -22.497833 50.301121  -0.003726 0.094580 0.995510  0.740379 0.916829 1 30 1.000000
v_hand_sheet.tga
0  5.893302 -24.535091 48.490040  0.298628 -0.555145 -0.776296  0.123992 0.493546 1 29 1.000000
0  6.125913 -24.438171 48.499416  0.355494 -0.487441 -0.797512  0.122669 0.510156 1 28 1.000000
0  6.244202 -24.486536 48.808304  0.559661 -0.828260 -0.027653  0.105694 0.515822 1 28 1.000000
v_hand_sheet.tga
0  5.893302 -24.535091 48.490040  0.298628 -0.555145 -0.776296  0.123992 0.493546 1 29 1.000000
0  6.244202 -24.486536 48.808304  0.559661 -0.828260 -0.027653  0.105694 0.515822 1 28 1.000000
0  5.927627 -24.681423 48.773972  0.417920 -0.907253 -0.047263  0.106574 0.490107 1 29 1.000000
v_hand_sheet.tga
0  5.893302 -24.535091 48.490040  0.298628 -0.555145 -0.776296  0.123992 0.493546 1 29 1.000000
0  5.744453 -24.313290 48.411224  0.057299 0.004581 -0.998347  0.140563 0.498415 1 28 1.000000
0  6.125913 -24.438171 48.499416  0.355494 -0.487441 -0.797512  0.122669 0.510156 1 28 1.000000
v_hand_sheet.tga
0  5.893302 -24.535091 48.490040  0.298628 -0.555145 -0.776296  0.123992 0.493546 1 29 1.000000
0  5.450340 -24.497019 48.374981  0.116729 -0.082461 -0.989735  0.143525 0.471982 1 29 1.000000
0  5.744453 -24.313290 48.411224  0.057299 0.004581 -0.998347  0.140563 0.498415 1 28 1.000000
v_hand_sheet.tga
0  6.770327 -22.692015 47.144230  -0.601562 0.223175 0.767018  0.382679 0.956297 1 21 1.000000
0  7.035427 -22.872561 47.294834  -0.521337 -0.055162 0.851566  0.376191 0.971717 2 21 0.425278 24 0.574722
0  6.893015 -22.328991 47.380459  -0.958313 -0.285649 -0.006353  0.365739 0.930775 2 20 0.385053 21 0.614947
v_hand_sheet.tga
0  5.206168 -24.260876 48.444710  -0.251115 0.672034 -0.696644  0.161907 0.468560 1 29 1.000000
0  5.576334 -24.096210 48.519329  -0.319310 0.629246 -0.708583  0.160182 0.493432 1 28 1.000000
0  5.744453 -24.313290 48.411224  0.057299 0.004581 -0.998347  0.140563 0.498415 1 28 1.000000
v_hand_sheet.tga
0  5.206168 -24.260876 48.444710  -0.251115 0.672034 -0.696644  0.161907 0.468560 1 29 1.000000
0  5.744453 -24.313290 48.411224  0.057299 0.004581 -0.998347  0.140563 0.498415 1 28 1.000000
0  5.450340 -24.497019 48.374981  0.116729 -0.082461 -0.989735  0.143525 0.471982 1 29 1.000000
v_hand_sheet.tga
0  6.681328 -22.606485 46.724472  -0.852179 0.407850 -0.327795  0.422026 0.947291 1 21 1.000000
0  6.724860 -22.066490 47.097363  -0.999252 -0.027265 0.027438  0.382309 0.908810 1 20 1.000000
0  6.875213 -22.020672 46.564301  -0.938634 0.244006 -0.243777  0.426955 0.903029 1 20 1.000000
v_hand_sheet.tga
0  5.072085 -24.221582 48.755005  -0.412694 0.907621 0.076857  0.188804 0.465807 1 29 1.000000
0  5.471901 -24.027990 48.781494  -0.520626 0.851442 0.063208  0.181094 0.491217 1 28 1.000000
0  5.576334 -24.096210 48.519329  -0.319310 0.629246 -0.708583  0.160182 0.493432 1 28 1.000000
v_hand_sheet.tga
0  5.072085 -24.221582 48.755005  -0.412694 0.907621 0.076857  0.188804 0.465807 1 29 1.000000
0  5.576334 -24.096210 48.519329  -0.319310 0.629246 -0.708583  0.160182 0.493432 1 28 1.000000
0  5.206168 -24.260876 48.444710  -0.251115 0.672034 -0.696644  0.161907 0.468560 1 29 1.000000
v_hand_sheet.tga
0  6.934476 -22.884054 47.252636  0.225456 -0.931444 -0.285626  0.057904 0.612491 1 21 1.000000
0  7.500731 -22.694843 47.082497  0.561704 -0.825908 -0.048625  0.092586 0.657232 1 21 1.000000
0  7.035427 -22.872561 47.294834  -0.244568 -0.663508 -0.707067  0.042978 0.608565 2 21 0.425278 24 0.574722
v_hand_sheet.tga
0  5.533935 -24.144341 48.990528  -0.404377 0.558259 0.724449  0.047671 0.490345 1 28 1.000000
0  6.011688 -23.778254 49.129501  -0.495865 0.495269 0.713320  0.047847 0.528357 1 28 1.000000
0  5.933826 -23.673861 48.834614  -0.637213 0.770417 0.020454  0.023147 0.527538 1 28 1.000000
v_hand_sheet.tga
0  5.533935 -24.144341 48.990528  -0.404377 0.558259 0.724449  0.047671 0.490345 1 28 1.000000
0  5.933826 -23.673861 48.834614  -0.637213 0.770417 0.020454  0.023147 0.527538 1 28 1.000000
0  5.471901 -24.027990 48.781494  -0.520626 0.851442 0.063208  0.024399 0.492713 1 28 1.000000
v_hand_sheet.tga
0  6.546518 -23.361998 46.665138  0.316372 -0.874357 -0.367978  0.125796 0.571838 1 22 1.000000
0  6.755184 -23.298923 46.636475  0.375191 -0.841222 -0.389330  0.125228 0.590884 1 21 1.000000
0  6.859929 -23.369987 46.901058  0.560290 -0.822810 -0.095176  0.105287 0.595776 1 21 1.000000
v_hand_sheet.tga
0  6.546518 -23.361998 46.665138  0.316372 -0.874357 -0.367978  0.125796 0.571838 1 22 1.000000
0  6.859929 -23.369987 46.901058  0.560290 -0.822810 -0.095176  0.105287 0.595776 1 21 1.000000
0  6.578802 -23.469191 46.924572  0.359944 -0.929086 -0.085089  0.105602 0.569720 1 22 1.000000
v_hand_sheet.tga
0  5.694294 -24.364658 49.149113  -0.028017 -0.048216 0.998444  0.072691 0.493011 1 28 1.000000
0  6.286755 -23.906620 49.261841  -0.064817 -0.082839 0.994453  0.070630 0.538652 1 28 1.000000
0  6.011688 -23.778254 49.129501  -0.495865 0.495269 0.713320  0.047847 0.528357 1 28 1.000000
v_hand_sheet.tga
0  5.694294 -24.364658 49.149113  -0.028017 -0.048216 0.998444  0.072691 0.493011 1 28 1.000000
0  6.011688 -23.778254 49.129501  -0.495865 0.495269 0.713320  0.047847 0.528357 1 28 1.000000
0  5.533935 -24.144341 48.990528  -0.404377 0.558259 0.724449  0.047671 0.490345 1 28 1.000000
v_hand_sheet.tga
0  5.694294 -24.364658 49.149113  -0.028017 -0.048216 0.998444  0.072691 0.493011 1 28 1.000000
0  6.074239 -24.485794 49.068539  0.301587 -0.573536 0.761644  0.091506 0.508151 1 28 1.000000
0  6.286755 -23.906620 49.261841  -0.064817 -0.082839 0.994453  0.070630 0.538652 1 28 1.000000
v_hand_sheet.tga
0  6.286755 -23.906620 49.261841  -0.064817 -0.082839 0.994453  0.070630 0.538652 1 28 1.000000
0  6.074239 -24.485794 49.068539  0.301587 -0.573536 0.761644  0.091506 0.508151 1 28 1.000000
0  6.864444 -23.872549 49.188869  0.339814 -0.530735 0.776432  0.087622 0.571570 1 28 1.000000
v_hand_sheet.tga
0  6.903689 -22.414633 50.171055  -0.780304 0.086776 0.619351  0.170031 0.952911 1 30 1.000000
0  6.943532 -21.496548 50.166698  -0.600384 -0.141571 0.787081  0.166244 0.883976 1 20 1.000000
0  6.691858 -22.174982 49.612514  -0.977968 -0.178063 0.108960  0.205559 0.930957 1 20 1.000000
v_hand_sheet.tga
0  6.244202 -24.486536 48.808304  0.559661 -0.828260 -0.027653  0.105694 0.515822 1 28 1.000000
0  6.912992 -23.947527 48.874435  0.585912 -0.809611 -0.035170  0.105602 0.569720 1 28 1.000000
0  6.864444 -23.872549 49.188869  0.339814 -0.530735 0.776432  0.087622 0.571570 1 28 1.000000
v_hand_sheet.tga
0  6.244202 -24.486536 48.808304  0.559661 -0.828260 -0.027653  0.105694 0.515822 1 28 1.000000
0  6.864444 -23.872549 49.188869  0.339814 -0.530735 0.776432  0.087622 0.571570 1 28 1.000000
0  6.074239 -24.485794 49.068539  0.301587 -0.573536 0.761644  0.091506 0.508151 1 28 1.000000
v_hand_sheet.tga
0  6.125913 -24.438171 48.499416  0.355494 -0.487441 -0.797512  0.122669 0.510156 1 28 1.000000
0  6.868610 -23.811407 48.533508  0.407554 -0.559760 -0.721504  0.125796 0.571838 1 28 1.000000
0  6.912992 -23.947527 48.874435  0.585912 -0.809611 -0.035170  0.105602 0.569720 1 28 1.000000
v_hand_sheet.tga
0  6.125913 -24.438171 48.499416  0.355494 -0.487441 -0.797512  0.122669 0.510156 1 28 1.000000
0  6.912992 -23.947527 48.874435  0.585912 -0.809611 -0.035170  0.105602 0.569720 1 28 1.000000
0  6.244202 -24.486536 48.808304  0.559661 -0.828260 -0.027653  0.105694 0.515822 1 28 1.000000
v_hand_sheet.tga
0  6.125913 -24.438171 48.499416  0.355494 -0.487441 -0.797512  0.122669 0.510156 1 28 1.000000
0  5.744453 -24.313290 48.411224  0.057299 0.004581 -0.998347  0.140563 0.498415 1 28 1.000000
0  6.329962 -23.864010 48.408562  0.051076 -0.041167 -0.997846  0.141362 0.538819 1 28 1.000000
v_hand_sheet.tga
0  6.868610 -23.811407 48.533508  0.407554 -0.559760 -0.721504  0.125796 0.571838 1 28 1.000000
0  6.125913 -24.438171 48.499416  0.355494 -0.487441 -0.797512  0.122669 0.510156 1 28 1.000000
0  6.329962 -23.864010 48.408562  0.051076 -0.041167 -0.997846  0.141362 0.538819 1 28 1.000000
v_hand_sheet.tga
0  6.770327 -22.692015 47.144230  -0.601562 0.223175 0.767018  0.040279 0.598434 1 21 1.000000
0  6.934476 -22.884054 47.252636  0.018141 0.005322 0.999821  0.057904 0.612491 1 21 1.000000
0  7.035427 -22.872561 47.294834  -0.521337 -0.055162 0.851566  0.042978 0.608565 2 21 0.425278 24 0.574722
v_hand_sheet.tga
0  5.576334 -24.096210 48.519329  -0.319310 0.629246 -0.708583  0.160182 0.493432 1 28 1.000000
0  6.066353 -23.736176 48.526623  -0.407101 0.579631 -0.705901  0.163360 0.529338 1 28 1.000000
0  6.329962 -23.864010 48.408562  0.051076 -0.041167 -0.997846  0.141362 0.538819 1 28 1.000000
v_hand_sheet.tga
0  5.576334 -24.096210 48.519329  -0.319310 0.629246 -0.708583  0.160182 0.493432 1 28 1.000000
0  6.329962 -23.864010 48.408562  0.051076 -0.041167 -0.997846  0.141362 0.538819 1 28 1.000000
0  5.744453 -24.313290 48.411224  0.057299 0.004581 -0.998347  0.140563 0.498415 1 28 1.000000
v_hand_sheet.tga
0  5.471901 -24.027990 48.781494  -0.520626 0.851442 0.063208  0.181094 0.491217 1 28 1.000000
0  5.933826 -23.673861 48.834614  -0.637213 0.770417 0.020454  0.187622 0.525730 1 28 1.000000
0  6.066353 -23.736176 48.526623  -0.407101 0.579631 -0.705901  0.163360 0.529338 1 28 1.000000
v_hand_sheet.tga
0  5.471901 -24.027990 48.781494  -0.520626 0.851442 0.063208  0.181094 0.491217 1 28 1.000000
0  6.066353 -23.736176 48.526623  -0.407101 0.579631 -0.705901  0.163360 0.529338 1 28 1.000000
0  5.576334 -24.096210 48.519329  -0.319310 0.629246 -0.708583  0.160182 0.493432 1 28 1.000000
v_hand_sheet.tga
0  6.011688 -23.778254 49.129501  -0.495865 0.495269 0.713320  0.047847 0.528357 1 28 1.000000
0  6.460157 -23.407820 49.160820  -0.494915 0.469104 0.731438  0.047609 0.568508 1 27 1.000000
0  6.376539 -23.291372 48.865555  -0.732734 0.680463 0.008494  0.023034 0.567257 1 27 1.000000
v_hand_sheet.tga
0  6.011688 -23.778254 49.129501  -0.495865 0.495269 0.713320  0.047847 0.528357 1 28 1.000000
0  6.376539 -23.291372 48.865555  -0.732734 0.680463 0.008494  0.023034 0.567257 1 27 1.000000
0  5.933826 -23.673861 48.834614  -0.637213 0.770417 0.020454  0.023147 0.527538 1 28 1.000000
v_hand_sheet.tga
0  5.706242 -23.291420 47.264816  -0.133809 0.631151 0.764031  0.047671 0.490345 1 22 1.000000
0  5.921617 -23.148655 47.236778  -0.205292 0.671856 0.711664  0.047847 0.528357 1 22 1.000000
0  5.818322 -23.100561 46.979675  -0.367914 0.918958 0.141971  0.023147 0.527538 1 22 1.000000
v_hand_sheet.tga
0  5.706242 -23.291420 47.264816  -0.133809 0.631151 0.764031  0.047671 0.490345 1 22 1.000000
0  5.818322 -23.100561 46.979675  -0.367914 0.918958 0.141971  0.023147 0.527538 1 22 1.000000
0  5.619656 -23.141645 46.998528  -0.200860 0.976246 0.081230  0.024399 0.492713 1 22 1.000000
v_hand_sheet.tga
0  6.286755 -23.906620 49.261841  -0.064817 -0.082839 0.994453  0.070630 0.538652 1 28 1.000000
0  6.677284 -23.609709 49.270897  -0.012308 -0.001218 0.999924  0.067843 0.572031 1 27 1.000000
0  6.460157 -23.407820 49.160820  -0.494915 0.469104 0.731438  0.047609 0.568508 1 27 1.000000
v_hand_sheet.tga
0  6.286755 -23.906620 49.261841  -0.064817 -0.082839 0.994453  0.070630 0.538652 1 28 1.000000
0  6.460157 -23.407820 49.160820  -0.494915 0.469104 0.731438  0.047609 0.568508 1 27 1.000000
0  6.011688 -23.778254 49.129501  -0.495865 0.495269 0.713320  0.047847 0.528357 1 28 1.000000
v_hand_sheet.tga
0  6.286755 -23.906620 49.261841  -0.064817 -0.082839 0.994453  0.070630 0.538652 1 28 1.000000
0  6.864444 -23.872549 49.188869  0.339814 -0.530735 0.776432  0.087622 0.571570 1 28 1.000000
0  6.677284 -23.609709 49.270897  -0.012308 -0.001218 0.999924  0.067843 0.572031 1 27 1.000000
v_hand_sheet.tga
0  6.677284 -23.609709 49.270897  -0.012308 -0.001218 0.999924  0.067843 0.572031 1 27 1.000000
0  6.864444 -23.872549 49.188869  0.339814 -0.530735 0.776432  0.087622 0.571570 1 28 1.000000
0  7.104676 -23.729715 49.182293  0.455288 -0.394596 0.798127  0.088916 0.589919 1 27 1.000000
v_hand_sheet.tga
0  6.912992 -23.947527 48.874435  0.585912 -0.809611 -0.035170  0.105602 0.569720 1 28 1.000000
0  7.232862 -23.727976 48.897305  0.736300 -0.676410 0.018232  0.105287 0.595776 1 27 1.000000
0  7.104676 -23.729715 49.182293  0.455288 -0.394596 0.798127  0.088916 0.589919 1 27 1.000000
v_hand_sheet.tga
0  6.912992 -23.947527 48.874435  0.585912 -0.809611 -0.035170  0.105602 0.569720 1 28 1.000000
0  7.104676 -23.729715 49.182293  0.455288 -0.394596 0.798127  0.088916 0.589919 1 27 1.000000
0  6.864444 -23.872549 49.188869  0.339814 -0.530735 0.776432  0.087622 0.571570 1 28 1.000000
v_hand_sheet.tga
0  6.868610 -23.811407 48.533508  0.407554 -0.559760 -0.721504  0.125796 0.571838 1 28 1.000000
0  7.113215 -23.661339 48.535957  0.484922 -0.539498 -0.688326  0.125228 0.590884 1 27 1.000000
0  7.232862 -23.727976 48.897305  0.736300 -0.676410 0.018232  0.105287 0.595776 1 27 1.000000
v_hand_sheet.tga
0  6.868610 -23.811407 48.533508  0.407554 -0.559760 -0.721504  0.125796 0.571838 1 28 1.000000
0  7.232862 -23.727976 48.897305  0.736300 -0.676410 0.018232  0.105287 0.595776 1 27 1.000000
0  6.912992 -23.947527 48.874435  0.585912 -0.809611 -0.035170  0.105602 0.569720 1 28 1.000000
v_hand_sheet.tga
0  6.868610 -23.811407 48.533508  0.407554 -0.559760 -0.721504  0.125796 0.571838 1 28 1.000000
0  6.840673 -23.622412 48.427578  0.071043 -0.155725 -0.985242  0.136801 0.578029 1 27 1.000000
0  7.113215 -23.661339 48.535957  0.484922 -0.539498 -0.688326  0.125228 0.590884 1 27 1.000000
v_hand_sheet.tga
0  6.868610 -23.811407 48.533508  0.407554 -0.559760 -0.721504  0.125796 0.571838 1 28 1.000000
0  6.329962 -23.864010 48.408562  0.051076 -0.041167 -0.997846  0.141362 0.538819 1 28 1.000000
0  6.840673 -23.622412 48.427578  0.071043 -0.155725 -0.985242  0.136801 0.578029 1 27 1.000000
v_hand_sheet.tga
0  6.649244 -22.497286 46.920021  -0.887775 0.439010 0.138297  0.396014 0.939937 1 21 1.000000
0  6.770327 -22.692015 47.144230  -0.601562 0.223175 0.767018  0.382679 0.956297 1 21 1.000000
0  6.724860 -22.066490 47.097363  -0.999252 -0.027265 0.027438  0.382309 0.908810 1 20 1.000000
v_hand_sheet.tga
0  6.066353 -23.736176 48.526623  -0.407101 0.579631 -0.705901  0.163360 0.529338 1 28 1.000000
0  6.482514 -23.369509 48.589962  -0.507658 0.459573 -0.728750  0.168453 0.570329 1 27 1.000000
0  6.840673 -23.622412 48.427578  0.071043 -0.155725 -0.985242  0.136801 0.578029 1 27 1.000000
v_hand_sheet.tga
0  6.066353 -23.736176 48.526623  -0.407101 0.579631 -0.705901  0.163360 0.529338 1 28 1.000000
0  6.840673 -23.622412 48.427578  0.071043 -0.155725 -0.985242  0.136801 0.578029 1 27 1.000000
0  6.329962 -23.864010 48.408562  0.051076 -0.041167 -0.997846  0.141362 0.538819 1 28 1.000000
v_hand_sheet.tga
0  5.933826 -23.673861 48.834614  -0.637213 0.770417 0.020454  0.187622 0.525730 1 28 1.000000
0  6.376539 -23.291372 48.865555  -0.732734 0.680463 0.008494  0.187410 0.569967 1 27 1.000000
0  6.482514 -23.369509 48.589962  -0.507658 0.459573 -0.728750  0.168453 0.570329 1 27 1.000000
v_hand_sheet.tga
0  5.933826 -23.673861 48.834614  -0.637213 0.770417 0.020454  0.187622 0.525730 1 28 1.000000
0  6.482514 -23.369509 48.589962  -0.507658 0.459573 -0.728750  0.168453 0.570329 1 27 1.000000
0  6.066353 -23.736176 48.526623  -0.407101 0.579631 -0.705901  0.163360 0.529338 1 28 1.000000
v_hand_sheet.tga
0  6.460157 -23.407820 49.160820  -0.494915 0.469104 0.731438  0.047609 0.568508 1 27 1.000000
0  6.778883 -22.983316 49.146317  -0.529778 0.201101 0.823950  0.040279 0.598434 1 27 1.000000
0  6.658293 -22.910635 48.850101  -0.890732 0.443719 0.098545  0.024035 0.594543 1 27 1.000000
v_hand_sheet.tga
0  6.460157 -23.407820 49.160820  -0.494915 0.469104 0.731438  0.047609 0.568508 1 27 1.000000
0  6.658293 -22.910635 48.850101  -0.890732 0.443719 0.098545  0.024035 0.594543 1 27 1.000000
0  6.376539 -23.291372 48.865555  -0.732734 0.680463 0.008494  0.023034 0.567257 1 27 1.000000
v_hand_sheet.tga
0  6.325978 -22.817751 46.941769  -0.584966 0.795854 0.156303  0.023034 0.567257 1 21 1.000000
0  6.770327 -22.692015 47.144230  -0.601562 0.223175 0.767018  0.040279 0.598434 1 21 1.000000
0  6.649244 -22.497286 46.920021  -0.887775 0.439010 0.138297  0.024035 0.594543 1 21 1.000000
v_hand_sheet.tga
0  6.677284 -23.609709 49.270897  -0.012308 -0.001218 0.999924  0.067843 0.572031 1 27 1.000000
0  7.146540 -23.039064 49.250175  0.106925 -0.218250 0.970018  0.057904 0.612491 1 27 1.000000
0  6.778883 -22.983316 49.146317  -0.529778 0.201101 0.823950  0.040279 0.598434 1 27 1.000000
v_hand_sheet.tga
0  6.677284 -23.609709 49.270897  -0.012308 -0.001218 0.999924  0.067843 0.572031 1 27 1.000000
0  6.778883 -22.983316 49.146317  -0.529778 0.201101 0.823950  0.040279 0.598434 1 27 1.000000
0  6.460157 -23.407820 49.160820  -0.494915 0.469104 0.731438  0.047609 0.568508 1 27 1.000000
v_hand_sheet.tga
0  6.677284 -23.609709 49.270897  -0.012308 -0.001218 0.999924  0.067843 0.572031 1 27 1.000000
0  7.104676 -23.729715 49.182293  0.455288 -0.394596 0.798127  0.088916 0.589919 1 27 1.000000
0  7.146540 -23.039064 49.250175  0.106925 -0.218250 0.970018  0.057904 0.612491 1 27 1.000000
v_hand_sheet.tga
0  7.146540 -23.039064 49.250175  0.106925 -0.218250 0.970018  0.057904 0.612491 1 27 1.000000
0  7.104676 -23.729715 49.182293  0.455288 -0.394596 0.798127  0.088916 0.589919 1 27 1.000000
0  7.784688 -22.719090 49.046642  0.704782 -0.571965 0.419689  0.092586 0.657232 1 27 1.000000
v_hand_sheet.tga
0  7.104676 -23.729715 49.182293  0.455288 -0.394596 0.798127  0.088916 0.589919 1 27 1.000000
0  7.232862 -23.727976 48.897305  0.736300 -0.676410 0.018232  0.105287 0.595776 1 27 1.000000
0  7.784688 -22.719090 49.046642  0.704782 -0.571965 0.419689  0.092586 0.657232 1 27 1.000000
v_hand_sheet.tga
0  7.784688 -22.719090 49.046642  0.704782 -0.571965 0.419689  0.092586 0.657232 1 27 1.000000
0  7.232862 -23.727976 48.897305  0.736300 -0.676410 0.018232  0.105287 0.595776 1 27 1.000000
0  7.830595 -22.793411 48.611591  0.797640 -0.574067 -0.184980  0.130458 0.656910 1 27 1.000000
v_hand_sheet.tga
0  7.232862 -23.727976 48.897305  0.736300 -0.676410 0.018232  0.105287 0.595776 1 27 1.000000
0  7.113215 -23.661339 48.535957  0.484922 -0.539498 -0.688326  0.125228 0.590884 1 27 1.000000
0  7.830595 -22.793411 48.611591  0.797640 -0.574067 -0.184980  0.130458 0.656910 1 27 1.000000
v_hand_sheet.tga
0  7.830595 -22.793411 48.611591  0.797640 -0.574067 -0.184980  0.130458 0.656910 1 27 1.000000
0  7.113215 -23.661339 48.535957  0.484922 -0.539498 -0.688326  0.125228 0.590884 1 27 1.000000
0  7.441379 -23.178410 48.405369  0.365454 -0.504980 -0.781945  0.137396 0.623188 1 27 1.000000
v_hand_sheet.tga
0  7.113215 -23.661339 48.535957  0.484922 -0.539498 -0.688326  0.125228 0.590884 1 27 1.000000
0  7.128792 -23.067219 48.367641  -0.109359 -0.397150 -0.911215  0.152193 0.609938 1 27 1.000000
0  7.441379 -23.178410 48.405369  0.365454 -0.504980 -0.781945  0.137396 0.623188 1 27 1.000000
v_hand_sheet.tga
0  7.113215 -23.661339 48.535957  0.484922 -0.539498 -0.688326  0.125228 0.590884 1 27 1.000000
0  6.840673 -23.622412 48.427578  0.071043 -0.155725 -0.985242  0.136801 0.578029 1 27 1.000000
0  7.128792 -23.067219 48.367641  -0.109359 -0.397150 -0.911215  0.152193 0.609938 1 27 1.000000
v_hand_sheet.tga
0  6.934476 -22.884054 47.252636  0.018141 0.005322 0.999821  0.057904 0.612491 1 21 1.000000
0  6.799909 -23.343290 47.176254  0.419216 -0.539903 0.729906  0.088916 0.589919 1 21 1.000000
0  7.500731 -22.694843 47.082497  0.561704 -0.825908 -0.048625  0.092586 0.657232 1 21 1.000000
v_hand_sheet.tga
0  6.482514 -23.369509 48.589962  -0.507658 0.459573 -0.728750  0.168453 0.570329 1 27 1.000000
0  6.766104 -23.018250 48.493584  -0.721470 -0.035984 -0.691510  0.168472 0.595410 1 27 1.000000
0  7.128792 -23.067219 48.367641  -0.109359 -0.397150 -0.911215  0.152193 0.609938 1 27 1.000000
v_hand_sheet.tga
0  6.482514 -23.369509 48.589962  -0.507658 0.459573 -0.728750  0.168453 0.570329 1 27 1.000000
0  7.128792 -23.067219 48.367641  -0.109359 -0.397150 -0.911215  0.152193 0.609938 1 27 1.000000
0  6.840673 -23.622412 48.427578  0.071043 -0.155725 -0.985242  0.136801 0.578029 1 27 1.000000
v_hand_sheet.tga
0  6.376539 -23.291372 48.865555  -0.732734 0.680463 0.008494  0.023034 0.567257 1 27 1.000000
0  6.658293 -22.910635 48.850101  -0.890732 0.443719 0.098545  0.024035 0.594543 1 27 1.000000
0  6.766104 -23.018250 48.493584  -0.721470 -0.035984 -0.691510  0.005061 0.596345 1 27 1.000000
v_hand_sheet.tga
0  6.376539 -23.291372 48.865555  -0.732734 0.680463 0.008494  0.023034 0.567257 1 27 1.000000
0  6.766104 -23.018250 48.493584  -0.721470 -0.035984 -0.691510  0.005061 0.596345 1 27 1.000000
0  6.482514 -23.369509 48.589962  -0.507658 0.459573 -0.728750  0.002819 0.568922 1 27 1.000000
v_hand_sheet.tga
0  6.539305 -23.175859 47.282654  0.119024 -0.006724 0.992869  0.067843 0.572031 1 21 1.000000
0  6.799909 -23.343290 47.176254  0.419216 -0.539903 0.729906  0.088916 0.589919 1 21 1.000000
0  6.934476 -22.884054 47.252636  0.018141 0.005322 0.999821  0.057904 0.612491 1 21 1.000000
v_hand_sheet.tga
0  6.762984 -22.579844 48.904835  -0.972771 -0.037024 0.228793  0.258207 0.957708 1 27 1.000000
0  6.658293 -22.910635 48.850101  -0.890732 0.443719 0.098545  0.262440 0.981892 1 27 1.000000
0  6.778883 -22.983316 49.146317  -0.529778 0.201101 0.823950  0.243427 0.989473 1 27 1.000000
v_hand_sheet.tga
0  6.762984 -22.579844 48.904835  -0.972771 -0.037024 0.228793  0.258207 0.957708 1 27 1.000000
0  6.778883 -22.983316 49.146317  -0.529778 0.201101 0.823950  0.243427 0.989473 1 27 1.000000
0  6.983415 -22.672474 49.160534  -0.946900 -0.217196 0.237077  0.243349 0.966937 1 27 1.000000
v_hand_sheet.tga
0  6.778883 -22.983316 49.146317  -0.529778 0.201101 0.823950  0.243427 0.989473 1 27 1.000000
0  7.188297 -22.953444 49.301224  0.092723 -0.515464 0.851880  0.237331 0.989630 1 27 1.000000
0  6.983415 -22.672474 49.160534  -0.946900 -0.217196 0.237077  0.243349 0.966937 1 27 1.000000
v_hand_sheet.tga
0  6.778883 -22.983316 49.146317  -0.529778 0.201101 0.823950  0.040279 0.598434 1 27 1.000000
0  7.146540 -23.039064 49.250175  0.106925 -0.218250 0.970018  0.057904 0.612491 1 27 1.000000
0  7.188297 -22.953444 49.301224  0.092723 -0.515464 0.851880  0.057904 0.612491 1 27 1.000000
v_hand_sheet.tga
0  7.146540 -23.039064 49.250175  0.106925 -0.218250 0.970018  0.057904 0.612491 1 27 1.000000
0  7.784688 -22.719090 49.046642  0.704782 -0.571965 0.419689  0.092586 0.657232 1 27 1.000000
0  7.188297 -22.953444 49.301224  0.092723 -0.515464 0.851880  0.057904 0.612491 1 27 1.000000
v_hand_sheet.tga
0  7.830595 -22.793411 48.611591  0.797640 -0.574067 -0.184980  0.130458 0.656910 1 27 1.000000
0  7.441379 -23.178410 48.405369  0.365454 -0.504980 -0.781945  0.137396 0.623188 1 27 1.000000
0  7.574886 -22.844212 48.347389  0.579171 -0.700350 -0.417219  0.148980 0.643828 1 24 1.000000
v_hand_sheet.tga
0  7.441379 -23.178410 48.405369  0.365454 -0.504980 -0.781945  0.137396 0.623188 1 27 1.000000
0  7.177641 -22.955185 48.241215  -0.235690 -0.531367 -0.813695  0.152193 0.609938 1 24 1.000000
0  7.574886 -22.844212 48.347389  0.579171 -0.700350 -0.417219  0.148980 0.643828 1 24 1.000000
v_hand_sheet.tga
0  7.441379 -23.178410 48.405369  0.365454 -0.504980 -0.781945  0.137396 0.623188 1 27 1.000000
0  7.128792 -23.067219 48.367641  -0.109359 -0.397150 -0.911215  0.152193 0.609938 1 27 1.000000
0  7.177641 -22.955185 48.241215  -0.235690 -0.531367 -0.813695  0.152193 0.609938 1 24 1.000000
v_hand_sheet.tga
0  7.128792 -23.067219 48.367641  -0.109359 -0.397150 -0.911215  0.152193 0.609938 1 27 1.000000
0  6.766104 -23.018250 48.493584  -0.721470 -0.035984 -0.691510  0.168472 0.595410 1 27 1.000000
0  7.177641 -22.955185 48.241215  -0.235690 -0.531367 -0.813695  0.152193 0.609938 1 24 1.000000
v_hand_sheet.tga
0  6.325978 -22.817751 46.941769  -0.584966 0.795854 0.156303  0.187410 0.569967 1 21 1.000000
0  6.649244 -22.497286 46.920021  -0.887775 0.439010 0.138297  0.186475 0.593420 1 21 1.000000
0  6.681328 -22.606485 46.724472  -0.852179 0.407850 -0.327795  0.168472 0.595410 1 21 1.000000
v_hand_sheet.tga
0  6.325978 -22.817751 46.941769  -0.584966 0.795854 0.156303  0.187410 0.569967 1 21 1.000000
0  6.681328 -22.606485 46.724472  -0.852179 0.407850 -0.327795  0.168472 0.595410 1 21 1.000000
0  6.347989 -22.890274 46.754631  -0.557715 0.737641 -0.380577  0.168453 0.570329 1 21 1.000000
v_hand_sheet.tga
0  6.807317 -22.641624 48.478981  -0.951968 -0.104317 -0.287878  0.289002 0.960133 1 27 1.000000
0  6.766104 -23.018250 48.493584  -0.721470 -0.035984 -0.691510  0.289353 0.988391 1 27 1.000000
0  6.658293 -22.910635 48.850101  -0.890732 0.443719 0.098545  0.262440 0.981892 1 27 1.000000
v_hand_sheet.tga
0  6.807317 -22.641624 48.478981  -0.951968 -0.104317 -0.287878  0.289002 0.960133 1 27 1.000000
0  6.658293 -22.910635 48.850101  -0.890732 0.443719 0.098545  0.262440 0.981892 1 27 1.000000
0  6.762984 -22.579844 48.904835  -0.972771 -0.037024 0.228793  0.258207 0.957708 1 27 1.000000
v_hand_sheet.tga
0  8.071128 -22.386820 48.101639  0.874328 -0.481578 -0.060276  0.577103 0.908870 1 20 1.000000
0  7.574886 -22.844212 48.347389  0.579171 -0.700350 -0.417219  0.585513 0.952071 1 24 1.000000
0  7.723796 -22.760824 47.999344  0.641486 -0.728154 0.241427  0.569358 0.941809 1 24 1.000000
v_hand_sheet.tga
0  6.832197 -22.567387 48.224239  -0.941187 -0.330030 0.072432  0.306848 0.953213 1 24 1.000000
0  7.177641 -22.955185 48.241215  -0.235690 -0.531367 -0.813695  0.311761 0.983774 1 24 1.000000
0  6.766104 -23.018250 48.493584  -0.721470 -0.035984 -0.691510  0.289353 0.988391 1 27 1.000000
v_hand_sheet.tga
0  6.832197 -22.567387 48.224239  -0.941187 -0.330030 0.072432  0.306848 0.953213 1 24 1.000000
0  6.766104 -23.018250 48.493584  -0.721470 -0.035984 -0.691510  0.289353 0.988391 1 27 1.000000
0  6.807317 -22.641624 48.478981  -0.951968 -0.104317 -0.287878  0.289002 0.960133 1 27 1.000000
v_hand_sheet.tga
0  4.865206 -24.230461 47.807240  -0.815963 -0.577558 -0.025113  0.052037 0.715190 1 26 1.000000
0  4.853599 -24.137869 47.917622  -0.838664 -0.187157 0.511483  0.045241 0.703328 1 26 1.000000
0  4.834384 -24.096146 47.751587  -0.966592 0.180896 -0.181592  0.062015 0.704952 1 26 1.000000
v_hand_sheet.tga
0  4.865206 -24.230461 47.807240  -0.815963 -0.577558 -0.025113  0.052037 0.715190 1 26 1.000000
0  4.971469 -24.286570 47.926178  -0.364549 -0.877584 0.311368  0.037373 0.720936 1 26 1.000000
0  4.853599 -24.137869 47.917622  -0.838664 -0.187157 0.511483  0.045241 0.703328 1 26 1.000000
v_hand_sheet.tga
0  4.865206 -24.230461 47.807240  -0.815963 -0.577558 -0.025113  0.052037 0.715190 1 26 1.000000
0  4.961194 -24.244705 47.631927  -0.500429 -0.569283 -0.652294  0.065727 0.727353 1 26 1.000000
0  4.971469 -24.286570 47.926178  -0.364549 -0.877584 0.311368  0.037373 0.720936 1 26 1.000000
v_hand_sheet.tga
0  4.865206 -24.230461 47.807240  -0.815963 -0.577558 -0.025113  0.052037 0.715190 1 26 1.000000
0  4.834384 -24.096146 47.751587  -0.966592 0.180896 -0.181592  0.062015 0.704952 1 26 1.000000
0  4.961194 -24.244705 47.631927  -0.500429 -0.569283 -0.652294  0.065727 0.727353 1 26 1.000000
v_hand_sheet.tga
0  4.834384 -24.096146 47.751587  -0.966592 0.180896 -0.181592  0.062015 0.704952 1 26 1.000000
0  5.037484 -23.886333 48.098110  -0.600518 0.523582 0.604351  0.036421 0.680610 1 26 1.000000
0  4.998321 -23.807852 47.829494  -0.574934 0.818187 -0.004551  0.061541 0.680228 1 26 1.000000
v_hand_sheet.tga
0  4.834384 -24.096146 47.751587  -0.966592 0.180896 -0.181592  0.062015 0.704952 1 26 1.000000
0  4.853599 -24.137869 47.917622  -0.838664 -0.187157 0.511483  0.045241 0.703328 1 26 1.000000
0  5.037484 -23.886333 48.098110  -0.600518 0.523582 0.604351  0.036421 0.680610 1 26 1.000000
v_hand_sheet.tga
0  4.853599 -24.137869 47.917622  -0.838664 -0.187157 0.511483  0.045241 0.703328 1 26 1.000000
0  5.218657 -24.113873 48.182655  -0.294485 -0.290410 0.910462  0.017224 0.703253 1 26 1.000000
0  5.037484 -23.886333 48.098110  -0.600518 0.523582 0.604351  0.036421 0.680610 1 26 1.000000
v_hand_sheet.tga
0  4.853599 -24.137869 47.917622  -0.838664 -0.187157 0.511483  0.045241 0.703328 1 26 1.000000
0  4.971469 -24.286570 47.926178  -0.364549 -0.877584 0.311368  0.037373 0.720936 1 26 1.000000
0  5.218657 -24.113873 48.182655  -0.294485 -0.290410 0.910462  0.017224 0.703253 1 26 1.000000
v_hand_sheet.tga
0  4.971469 -24.286570 47.926178  -0.364549 -0.877584 0.311368  0.037373 0.720936 1 26 1.000000
0  5.421589 -24.283718 48.068516  0.023343 -0.816354 0.577080  0.017303 0.729547 1 26 1.000000
0  5.218657 -24.113873 48.182655  -0.294485 -0.290410 0.910462  0.017224 0.703253 1 26 1.000000
v_hand_sheet.tga
0  4.971469 -24.286570 47.926178  -0.364549 -0.877584 0.311368  0.037373 0.720936 1 26 1.000000
0  5.500298 -24.304441 47.831585  0.056907 -0.995948 -0.069643  0.033688 0.742685 1 26 1.000000
0  5.421589 -24.283718 48.068516  0.023343 -0.816354 0.577080  0.017303 0.729547 1 26 1.000000
v_hand_sheet.tga
0  4.573076 -22.008495 51.600201  -0.466007 -0.776971 0.423265  0.077437 0.936522 1 35 1.000000
0  4.547722 -21.960485 51.421280  -0.511424 -0.768805 -0.383907  0.064571 0.916867 1 35 1.000000
0  4.813025 -22.066776 51.516331  0.081055 -0.996598 -0.014902  0.084293 0.922885 1 35 1.000000
v_hand_sheet.tga
0  4.961194 -24.244705 47.631927  -0.500429 -0.569283 -0.652294  0.065727 0.727353 1 26 1.000000
0  5.443083 -24.246622 47.593082  0.010213 -0.763213 -0.646066  0.058956 0.744103 1 26 1.000000
0  5.500298 -24.304441 47.831585  0.056907 -0.995948 -0.069643  0.033688 0.742685 1 26 1.000000
v_hand_sheet.tga
0  4.961194 -24.244705 47.631927  -0.500429 -0.569283 -0.652294  0.065727 0.727353 1 26 1.000000
0  5.500298 -24.304441 47.831585  0.056907 -0.995948 -0.069643  0.033688 0.742685 1 26 1.000000
0  4.971469 -24.286570 47.926178  -0.364549 -0.877584 0.311368  0.037373 0.720936 1 26 1.000000
v_hand_sheet.tga
0  4.961194 -24.244705 47.631927  -0.500429 -0.569283 -0.652294  0.065727 0.727353 1 26 1.000000
0  5.241242 -24.060852 47.477436  -0.209099 -0.214377 -0.954107  0.082767 0.726789 1 26 1.000000
0  5.443083 -24.246622 47.593082  0.010213 -0.763213 -0.646066  0.058956 0.744103 1 26 1.000000
v_hand_sheet.tga
0  4.961194 -24.244705 47.631927  -0.500429 -0.569283 -0.652294  0.065727 0.727353 1 26 1.000000
0  5.054514 -23.848797 47.589043  -0.527283 0.432503 -0.731378  0.083567 0.695109 1 26 1.000000
0  5.241242 -24.060852 47.477436  -0.209099 -0.214377 -0.954107  0.082767 0.726789 1 26 1.000000
v_hand_sheet.tga
0  4.961194 -24.244705 47.631927  -0.500429 -0.569283 -0.652294  0.065727 0.727353 1 26 1.000000
0  4.834384 -24.096146 47.751587  -0.966592 0.180896 -0.181592  0.062015 0.704952 1 26 1.000000
0  5.054514 -23.848797 47.589043  -0.527283 0.432503 -0.731378  0.083567 0.695109 1 26 1.000000
v_hand_sheet.tga
0  4.834384 -24.096146 47.751587  -0.966592 0.180896 -0.181592  0.062015 0.704952 1 26 1.000000
0  4.998321 -23.807852 47.829494  -0.574934 0.818187 -0.004551  0.061541 0.680228 1 26 1.000000
0  5.054514 -23.848797 47.589043  -0.527283 0.432503 -0.731378  0.083567 0.695109 1 26 1.000000
v_hand_sheet.tga
0  5.037484 -23.886333 48.098110  -0.600518 0.523582 0.604351  0.038317 0.439447 1 26 1.000000
0  5.451553 -23.806227 48.019608  -0.136060 0.730440 0.669287  0.042199 0.465243 1 26 1.000000
0  5.337884 -23.728081 47.789715  -0.197997 0.980104 0.013916  0.019296 0.466991 1 26 1.000000
v_hand_sheet.tga
0  5.037484 -23.886333 48.098110  -0.600518 0.523582 0.604351  0.038317 0.439447 1 26 1.000000
0  5.337884 -23.728081 47.789715  -0.197997 0.980104 0.013916  0.019296 0.466991 1 26 1.000000
0  4.998321 -23.807852 47.829494  -0.574934 0.818187 -0.004551  0.038317 0.439447 1 26 1.000000
v_hand_sheet.tga
0  6.549283 -21.305960 48.020058  -0.964881 -0.238864 -0.109306  0.311504 0.856118 1 20 1.000000
0  6.608436 -21.997137 47.756561  -0.965518 -0.260180 -0.009013  0.334195 0.906854 1 20 1.000000
0  6.787940 -22.046537 48.400085  -0.989912 -0.128987 0.058619  0.291351 0.914854 2 20 0.939843 27 0.060157
v_hand_sheet.tga
0  5.218657 -24.113873 48.182655  -0.294485 -0.290410 0.910462  0.065555 0.442444 1 26 1.000000
0  5.637239 -24.040354 48.201359  0.064127 -0.094446 0.993462  0.072006 0.468051 1 26 1.000000
0  5.451553 -23.806227 48.019608  -0.136060 0.730440 0.669287  0.042199 0.465243 1 26 1.000000
v_hand_sheet.tga
0  5.218657 -24.113873 48.182655  -0.294485 -0.290410 0.910462  0.065555 0.442444 1 26 1.000000
0  5.451553 -23.806227 48.019608  -0.136060 0.730440 0.669287  0.042199 0.465243 1 26 1.000000
0  5.037484 -23.886333 48.098110  -0.600518 0.523582 0.604351  0.038317 0.439447 1 26 1.000000
v_hand_sheet.tga
0  5.218657 -24.113873 48.182655  -0.294485 -0.290410 0.910462  0.065555 0.442444 1 26 1.000000
0  5.421589 -24.283718 48.068516  0.023343 -0.816354 0.577080  0.089428 0.449710 1 26 1.000000
0  5.637239 -24.040354 48.201359  0.064127 -0.094446 0.993462  0.072006 0.468051 1 26 1.000000
v_hand_sheet.tga
0  5.637239 -24.040354 48.201359  0.064127 -0.094446 0.993462  0.072006 0.468051 1 26 1.000000
0  5.421589 -24.283718 48.068516  0.023343 -0.816354 0.577080  0.089428 0.449710 1 26 1.000000
0  6.066933 -24.163776 48.051449  0.227329 -0.667978 0.708609  0.090925 0.488784 1 26 1.000000
v_hand_sheet.tga
0  8.172195 -20.646004 47.467178  0.976726 -0.116218 -0.180274  0.554928 0.792672 1 20 1.000000
0  8.478380 -19.324659 47.372761  0.978125 -0.158705 -0.134476  0.559424 0.715171 1 20 1.000000
0  8.240451 -20.629780 48.172329  0.993531 -0.113562 0.000669  0.596300 0.792595 1 20 1.000000
v_hand_sheet.tga
0  5.500298 -24.304441 47.831585  0.056907 -0.995948 -0.069643  0.107275 0.455858 1 26 1.000000
0  6.115765 -24.232714 47.778690  0.245678 -0.966062 -0.079793  0.106574 0.490107 1 26 1.000000
0  6.066933 -24.163776 48.051449  0.227329 -0.667978 0.708609  0.090925 0.488784 1 26 1.000000
v_hand_sheet.tga
0  5.500298 -24.304441 47.831585  0.056907 -0.995948 -0.069643  0.107275 0.455858 1 26 1.000000
0  6.066933 -24.163776 48.051449  0.227329 -0.667978 0.708609  0.090925 0.488784 1 26 1.000000
0  5.421589 -24.283718 48.068516  0.023343 -0.816354 0.577080  0.089428 0.449710 1 26 1.000000
v_hand_sheet.tga
0  8.221408 -21.453230 47.572544  0.983867 -0.126764 -0.126242  0.550220 0.855790 1 20 1.000000
0  8.149034 -21.422390 48.249554  0.996367 -0.082032 0.022863  0.585543 0.857140 1 20 1.000000
0  8.071128 -22.386820 48.101639  0.874328 -0.481578 -0.060276  0.577103 0.908870 1 20 1.000000
v_hand_sheet.tga
0  5.443083 -24.246622 47.593082  0.010213 -0.763213 -0.646066  0.132306 0.458235 1 26 1.000000
0  6.090340 -24.097784 47.527771  0.139946 -0.619184 -0.772675  0.123992 0.493546 1 26 1.000000
0  6.115765 -24.232714 47.778690  0.245678 -0.966062 -0.079793  0.106574 0.490107 1 26 1.000000
v_hand_sheet.tga
0  5.443083 -24.246622 47.593082  0.010213 -0.763213 -0.646066  0.132306 0.458235 1 26 1.000000
0  6.115765 -24.232714 47.778690  0.245678 -0.966062 -0.079793  0.106574 0.490107 1 26 1.000000
0  5.500298 -24.304441 47.831585  0.056907 -0.995948 -0.069643  0.107275 0.455858 1 26 1.000000
v_hand_sheet.tga
0  5.443083 -24.246622 47.593082  0.010213 -0.763213 -0.646066  0.132306 0.458235 1 26 1.000000
0  5.621767 -23.993896 47.428459  -0.006247 -0.111937 -0.993696  0.143525 0.471982 1 26 1.000000
0  6.090340 -24.097784 47.527771  0.139946 -0.619184 -0.772675  0.123992 0.493546 1 26 1.000000
v_hand_sheet.tga
0  5.443083 -24.246622 47.593082  0.010213 -0.763213 -0.646066  0.132306 0.458235 1 26 1.000000
0  5.241242 -24.060852 47.477436  -0.209099 -0.214377 -0.954107  0.132306 0.458235 1 26 1.000000
0  5.621767 -23.993896 47.428459  -0.006247 -0.111937 -0.993696  0.143525 0.471982 1 26 1.000000
v_hand_sheet.tga
0  5.847402 -23.446163 47.345253  0.060523 -0.102680 0.992872  0.072691 0.493011 1 22 1.000000
0  5.912278 -23.709137 47.227024  0.260353 -0.674140 0.691196  0.091506 0.508151 1 22 1.000000
0  6.156728 -23.393736 47.344883  0.098725 -0.093302 0.990731  0.070630 0.538652 1 22 1.000000
v_hand_sheet.tga
0  5.054514 -23.848797 47.589043  -0.527283 0.432503 -0.731378  0.162623 0.444351 1 26 1.000000
0  5.469314 -23.835949 47.510345  -0.158984 0.720015 -0.675502  0.161907 0.468560 1 26 1.000000
0  5.621767 -23.993896 47.428459  -0.006247 -0.111937 -0.993696  0.143525 0.471982 1 26 1.000000
v_hand_sheet.tga
0  5.054514 -23.848797 47.589043  -0.527283 0.432503 -0.731378  0.162623 0.444351 1 26 1.000000
0  5.621767 -23.993896 47.428459  -0.006247 -0.111937 -0.993696  0.143525 0.471982 1 26 1.000000
0  5.241242 -24.060852 47.477436  -0.209099 -0.214377 -0.954107  0.132306 0.458235 1 26 1.000000
v_hand_sheet.tga
0  6.578802 -23.469191 46.924572  0.359944 -0.929086 -0.085089  0.105602 0.569720 1 22 1.000000
0  6.859929 -23.369987 46.901058  0.560290 -0.822810 -0.095176  0.105287 0.595776 1 21 1.000000
0  6.799909 -23.343290 47.176254  0.419216 -0.539903 0.729906  0.088916 0.589919 1 21 1.000000
v_hand_sheet.tga
0  6.578802 -23.469191 46.924572  0.359944 -0.929086 -0.085089  0.105602 0.569720 1 22 1.000000
0  6.799909 -23.343290 47.176254  0.419216 -0.539903 0.729906  0.088916 0.589919 1 21 1.000000
0  6.597072 -23.401844 47.210732  0.338092 -0.625634 0.703048  0.087622 0.571570 1 22 1.000000
v_hand_sheet.tga
0  4.998321 -23.807852 47.829494  -0.574934 0.818187 -0.004551  0.177228 0.440961 1 26 1.000000
0  5.337884 -23.728081 47.789715  -0.197997 0.980104 0.013916  0.188804 0.465807 1 26 1.000000
0  5.469314 -23.835949 47.510345  -0.158984 0.720015 -0.675502  0.161907 0.468560 1 26 1.000000
v_hand_sheet.tga
0  4.998321 -23.807852 47.829494  -0.574934 0.818187 -0.004551  0.177228 0.440961 1 26 1.000000
0  5.469314 -23.835949 47.510345  -0.158984 0.720015 -0.675502  0.161907 0.468560 1 26 1.000000
0  5.054514 -23.848797 47.589043  -0.527283 0.432503 -0.731378  0.162623 0.444351 1 26 1.000000
v_hand_sheet.tga
0  6.539305 -23.175859 47.282654  0.119024 -0.006724 0.992869  0.067843 0.572031 1 21 1.000000
0  6.597072 -23.401844 47.210732  0.338092 -0.625634 0.703048  0.087622 0.571570 1 22 1.000000
0  6.799909 -23.343290 47.176254  0.419216 -0.539903 0.729906  0.088916 0.589919 1 21 1.000000
v_hand_sheet.tga
0  5.451553 -23.806227 48.019608  -0.136060 0.730440 0.669287  0.042199 0.465243 1 26 1.000000
0  5.809734 -23.740627 48.072681  -0.308703 0.622604 0.719073  0.047671 0.490345 1 25 1.000000
0  5.748166 -23.641727 47.830799  -0.456466 0.889469 0.021981  0.024399 0.492713 1 25 1.000000
v_hand_sheet.tga
0  5.451553 -23.806227 48.019608  -0.136060 0.730440 0.669287  0.042199 0.465243 1 26 1.000000
0  5.748166 -23.641727 47.830799  -0.456466 0.889469 0.021981  0.024399 0.492713 1 25 1.000000
0  5.337884 -23.728081 47.789715  -0.197997 0.980104 0.013916  0.019296 0.466991 1 26 1.000000
v_hand_sheet.tga
0  6.156728 -23.393736 47.344883  0.098725 -0.093302 0.990731  0.070630 0.538652 1 22 1.000000
0  5.912278 -23.709137 47.227024  0.260353 -0.674140 0.691196  0.091506 0.508151 1 22 1.000000
0  6.597072 -23.401844 47.210732  0.338092 -0.625634 0.703048  0.087622 0.571570 1 22 1.000000
v_hand_sheet.tga
0  5.637239 -24.040354 48.201359  0.064127 -0.094446 0.993462  0.072006 0.468051 1 26 1.000000
0  5.998998 -23.911751 48.143589  0.040358 -0.033120 0.998636  0.072691 0.493011 1 25 1.000000
0  5.809734 -23.740627 48.072681  -0.308703 0.622604 0.719073  0.047671 0.490345 1 25 1.000000
v_hand_sheet.tga
0  5.637239 -24.040354 48.201359  0.064127 -0.094446 0.993462  0.072006 0.468051 1 26 1.000000
0  5.809734 -23.740627 48.072681  -0.308703 0.622604 0.719073  0.047671 0.490345 1 25 1.000000
0  5.451553 -23.806227 48.019608  -0.136060 0.730440 0.669287  0.042199 0.465243 1 26 1.000000
v_hand_sheet.tga
0  5.637239 -24.040354 48.201359  0.064127 -0.094446 0.993462  0.072006 0.468051 1 26 1.000000
0  6.066933 -24.163776 48.051449  0.227329 -0.667978 0.708609  0.090925 0.488784 1 26 1.000000
0  5.998998 -23.911751 48.143589  0.040358 -0.033120 0.998636  0.072691 0.493011 1 25 1.000000
v_hand_sheet.tga
0  5.998998 -23.911751 48.143589  0.040358 -0.033120 0.998636  0.072691 0.493011 1 25 1.000000
0  6.066933 -24.163776 48.051449  0.227329 -0.667978 0.708609  0.090925 0.488784 1 26 1.000000
0  6.303933 -24.074783 48.045876  0.331856 -0.559857 0.759231  0.091506 0.508151 1 25 1.000000
v_hand_sheet.tga
0  8.172195 -20.646004 47.467178  0.976726 -0.116218 -0.180274  0.554928 0.792672 1 20 1.000000
0  8.221408 -21.453230 47.572544  0.983867 -0.126764 -0.126242  0.550220 0.855790 1 20 1.000000
0  7.918838 -21.412310 46.636120  0.933288 -0.135552 -0.332565  0.503510 0.851399 1 20 1.000000
v_hand_sheet.tga
0  8.172195 -20.646004 47.467178  0.976726 -0.116218 -0.180274  0.554928 0.792672 1 20 1.000000
0  7.918838 -21.412310 46.636120  0.933288 -0.135552 -0.332565  0.503510 0.851399 1 20 1.000000
0  7.930910 -20.476866 46.542923  0.943954 -0.100976 -0.314254  0.512229 0.788921 1 20 1.000000
v_hand_sheet.tga
0  6.115765 -24.232714 47.778690  0.245678 -0.966062 -0.079793  0.106574 0.490107 1 26 1.000000
0  6.434033 -24.102669 47.782780  0.506711 -0.859412 -0.068230  0.105694 0.515822 1 25 1.000000
0  6.303933 -24.074783 48.045876  0.331856 -0.559857 0.759231  0.091506 0.508151 1 25 1.000000
v_hand_sheet.tga
0  6.115765 -24.232714 47.778690  0.245678 -0.966062 -0.079793  0.106574 0.490107 1 26 1.000000
0  6.303933 -24.074783 48.045876  0.331856 -0.559857 0.759231  0.091506 0.508151 1 25 1.000000
0  6.066933 -24.163776 48.051449  0.227329 -0.667978 0.708609  0.090925 0.488784 1 26 1.000000
v_hand_sheet.tga
0  4.778399 -21.966583 51.685455  0.250614 -0.521498 0.815618  0.917443 0.935682 1 35 1.000000
0  4.962554 -21.509308 51.697903  0.303238 -0.000071 0.952915  0.907516 0.889710 1 35 1.000000
0  4.708442 -21.333952 51.608047  -0.359056 0.382845 0.851181  0.932411 0.876115 1 35 1.000000
v_hand_sheet.tga
0  4.778399 -21.966583 51.685455  0.250614 -0.521498 0.815618  0.917443 0.935682 1 35 1.000000
0  4.708442 -21.333952 51.608047  -0.359056 0.382845 0.851181  0.932411 0.876115 1 35 1.000000
0  4.648236 -21.855698 51.743496  -0.191265 -0.204255 0.960051  0.930009 0.928694 1 35 1.000000
v_hand_sheet.tga
0  6.090340 -24.097784 47.527771  0.139946 -0.619184 -0.772675  0.123992 0.493546 1 26 1.000000
0  6.314214 -24.043192 47.517258  0.240851 -0.530120 -0.812997  0.122669 0.510156 1 25 1.000000
0  6.434033 -24.102669 47.782780  0.506711 -0.859412 -0.068230  0.105694 0.515822 1 25 1.000000
v_hand_sheet.tga
0  6.090340 -24.097784 47.527771  0.139946 -0.619184 -0.772675  0.123992 0.493546 1 26 1.000000
0  6.434033 -24.102669 47.782780  0.506711 -0.859412 -0.068230  0.105694 0.515822 1 25 1.000000
0  6.115765 -24.232714 47.778690  0.245678 -0.966062 -0.079793  0.106574 0.490107 1 26 1.000000
v_hand_sheet.tga
0  6.090340 -24.097784 47.527771  0.139946 -0.619184 -0.772675  0.123992 0.493546 1 26 1.000000
0  5.993825 -23.876978 47.463402  -0.054968 0.006739 -0.998465  0.140563 0.498415 1 25 1.000000
0  6.314214 -24.043192 47.517258  0.240851 -0.530120 -0.812997  0.122669 0.510156 1 25 1.000000
v_hand_sheet.tga
0  6.090340 -24.097784 47.527771  0.139946 -0.619184 -0.772675  0.123992 0.493546 1 26 1.000000
0  5.621767 -23.993896 47.428459  -0.006247 -0.111937 -0.993696  0.143525 0.471982 1 26 1.000000
0  5.993825 -23.876978 47.463402  -0.054968 0.006739 -0.998465  0.140563 0.498415 1 25 1.000000
v_hand_sheet.tga
0  5.469314 -23.835949 47.510345  -0.158984 0.720015 -0.675502  0.161907 0.468560 1 26 1.000000
0  5.828328 -23.701338 47.589329  -0.349494 0.647873 -0.676842  0.160182 0.493432 1 25 1.000000
0  5.993825 -23.876978 47.463402  -0.054968 0.006739 -0.998465  0.140563 0.498415 1 25 1.000000
v_hand_sheet.tga
0  5.469314 -23.835949 47.510345  -0.158984 0.720015 -0.675502  0.161907 0.468560 1 26 1.000000
0  5.993825 -23.876978 47.463402  -0.054968 0.006739 -0.998465  0.140563 0.498415 1 25 1.000000
0  5.621767 -23.993896 47.428459  -0.006247 -0.111937 -0.993696  0.143525 0.471982 1 26 1.000000
v_hand_sheet.tga
0  6.156728 -23.393736 47.344883  0.098725 -0.093302 0.990731  0.070630 0.538652 1 22 1.000000
0  6.597072 -23.401844 47.210732  0.338092 -0.625634 0.703048  0.087622 0.571570 1 22 1.000000
0  6.539305 -23.175859 47.282654  0.119024 -0.006724 0.992869  0.067843 0.572031 1 21 1.000000
v_hand_sheet.tga
0  5.337884 -23.728081 47.789715  -0.197997 0.980104 0.013916  0.188804 0.465807 1 26 1.000000
0  5.748166 -23.641727 47.830799  -0.456466 0.889469 0.021981  0.188700 0.488331 1 25 1.000000
0  5.828328 -23.701338 47.589329  -0.349494 0.647873 -0.676842  0.160182 0.493432 1 25 1.000000
v_hand_sheet.tga
0  5.337884 -23.728081 47.789715  -0.197997 0.980104 0.013916  0.188804 0.465807 1 26 1.000000
0  5.828328 -23.701338 47.589329  -0.349494 0.647873 -0.676842  0.160182 0.493432 1 25 1.000000
0  5.469314 -23.835949 47.510345  -0.158984 0.720015 -0.675502  0.161907 0.468560 1 26 1.000000
v_hand_sheet.tga
0  7.470733 -22.706722 46.686554  0.700139 -0.711119 -0.064142  0.130458 0.656910 1 21 1.000000
0  6.859929 -23.369987 46.901058  0.560290 -0.822810 -0.095176  0.105287 0.595776 1 21 1.000000
0  7.140022 -23.022169 46.569469  0.607824 -0.746788 -0.269922  0.137396 0.623188 1 21 1.000000
v_hand_sheet.tga
0  5.809734 -23.740627 48.072681  -0.308703 0.622604 0.719073  0.047671 0.490345 1 25 1.000000
0  6.163134 -23.440331 48.052204  -0.390581 0.564503 0.727174  0.047847 0.528357 1 25 1.000000
0  6.094687 -23.341576 47.783138  -0.606183 0.795104 0.018768  0.023147 0.527538 1 25 1.000000
v_hand_sheet.tga
0  5.809734 -23.740627 48.072681  -0.308703 0.622604 0.719073  0.047671 0.490345 1 25 1.000000
0  6.094687 -23.341576 47.783138  -0.606183 0.795104 0.018768  0.023147 0.527538 1 25 1.000000
0  5.748166 -23.641727 47.830799  -0.456466 0.889469 0.021981  0.024399 0.492713 1 25 1.000000
v_hand_sheet.tga
0  5.818322 -23.100561 46.979675  -0.367914 0.918958 0.141971  0.023147 0.527538 1 22 1.000000
0  5.921617 -23.148655 47.236778  -0.205292 0.671856 0.711664  0.047847 0.528357 1 22 1.000000
0  6.422168 -22.986530 47.216927  -0.238362 0.622324 0.745584  0.047609 0.568508 1 21 1.000000
v_hand_sheet.tga
0  5.998998 -23.911751 48.143589  0.040358 -0.033120 0.998636  0.072691 0.493011 1 25 1.000000
0  6.385637 -23.596125 48.175617  0.045152 -0.031001 0.998499  0.070630 0.538652 1 25 1.000000
0  6.163134 -23.440331 48.052204  -0.390581 0.564503 0.727174  0.047847 0.528357 1 25 1.000000
v_hand_sheet.tga
0  5.998998 -23.911751 48.143589  0.040358 -0.033120 0.998636  0.072691 0.493011 1 25 1.000000
0  6.163134 -23.440331 48.052204  -0.390581 0.564503 0.727174  0.047847 0.528357 1 25 1.000000
0  5.809734 -23.740627 48.072681  -0.308703 0.622604 0.719073  0.047671 0.490345 1 25 1.000000
v_hand_sheet.tga
0  5.998998 -23.911751 48.143589  0.040358 -0.033120 0.998636  0.072691 0.493011 1 25 1.000000
0  6.303933 -24.074783 48.045876  0.331856 -0.559857 0.759231  0.091506 0.508151 1 25 1.000000
0  6.385637 -23.596125 48.175617  0.045152 -0.031001 0.998499  0.070630 0.538652 1 25 1.000000
v_hand_sheet.tga
0  6.385637 -23.596125 48.175617  0.045152 -0.031001 0.998499  0.070630 0.538652 1 25 1.000000
0  6.303933 -24.074783 48.045876  0.331856 -0.559857 0.759231  0.091506 0.508151 1 25 1.000000
0  6.772827 -23.702341 48.055618  0.380330 -0.528215 0.759169  0.087622 0.571570 1 25 1.000000
v_hand_sheet.tga
0  6.943532 -21.496548 50.166698  -0.600384 -0.141571 0.787081  0.166244 0.883976 1 20 1.000000
0  6.559088 -21.454561 49.249401  -0.946113 -0.299688 0.122709  0.225903 0.874230 1 20 1.000000
0  6.582812 -22.008547 49.031044  -0.963670 -0.258605 0.066816  0.244307 0.914766 1 20 1.000000
v_hand_sheet.tga
0  6.943532 -21.496548 50.166698  -0.600384 -0.141571 0.787081  0.166244 0.883976 1 20 1.000000
0  6.582812 -22.008547 49.031044  -0.963670 -0.258605 0.066816  0.244307 0.914766 1 20 1.000000
0  6.691858 -22.174982 49.612514  -0.977968 -0.178063 0.108960  0.205559 0.930957 1 20 1.000000
v_hand_sheet.tga
0  6.434033 -24.102669 47.782780  0.506711 -0.859412 -0.068230  0.105694 0.515822 1 25 1.000000
0  6.778221 -23.779190 47.754181  0.536723 -0.839073 -0.088796  0.105602 0.569720 1 25 1.000000
0  6.772827 -23.702341 48.055618  0.380330 -0.528215 0.759169  0.087622 0.571570 1 25 1.000000
v_hand_sheet.tga
0  6.434033 -24.102669 47.782780  0.506711 -0.859412 -0.068230  0.105694 0.515822 1 25 1.000000
0  6.772827 -23.702341 48.055618  0.380330 -0.528215 0.759169  0.087622 0.571570 1 25 1.000000
0  6.303933 -24.074783 48.045876  0.331856 -0.559857 0.759231  0.091506 0.508151 1 25 1.000000
v_hand_sheet.tga
0  6.499863 -17.324764 46.905155  -0.985795 -0.075655 -0.149947  0.367750 0.584282 1 20 1.000000
0  6.636563 -19.210962 46.984959  -0.976550 0.047728 -0.209936  0.374919 0.693048 1 20 1.000000
0  6.504860 -19.011986 47.723583  -0.947993 0.071346 -0.310193  0.320388 0.681730 1 20 1.000000
v_hand_sheet.tga
0  6.499863 -17.324764 46.905155  -0.985795 -0.075655 -0.149947  0.367750 0.584282 1 20 1.000000
0  6.504860 -19.011986 47.723583  -0.947993 0.071346 -0.310193  0.320388 0.681730 1 20 1.000000
0  6.314028 -17.277000 48.129410  -0.998477 0.013447 -0.053514  0.279143 0.585806 1 20 1.000000
v_hand_sheet.tga
0  6.314214 -24.043192 47.517258  0.240851 -0.530120 -0.812997  0.122669 0.510156 1 25 1.000000
0  6.738877 -23.650770 47.469509  0.315629 -0.589754 -0.743349  0.125796 0.571838 1 25 1.000000
0  6.778221 -23.779190 47.754181  0.536723 -0.839073 -0.088796  0.105602 0.569720 1 25 1.000000
v_hand_sheet.tga
0  6.314214 -24.043192 47.517258  0.240851 -0.530120 -0.812997  0.122669 0.510156 1 25 1.000000
0  6.778221 -23.779190 47.754181  0.536723 -0.839073 -0.088796  0.105602 0.569720 1 25 1.000000
0  6.434033 -24.102669 47.782780  0.506711 -0.859412 -0.068230  0.105694 0.515822 1 25 1.000000
v_hand_sheet.tga
0  6.314214 -24.043192 47.517258  0.240851 -0.530120 -0.812997  0.122669 0.510156 1 25 1.000000
0  5.993825 -23.876978 47.463402  -0.054968 0.006739 -0.998465  0.140563 0.498415 1 25 1.000000
0  6.362250 -23.572966 47.379974  -0.072115 -0.068423 -0.995047  0.141362 0.538819 1 25 1.000000
v_hand_sheet.tga
0  6.738877 -23.650770 47.469509  0.315629 -0.589754 -0.743349  0.125796 0.571838 1 25 1.000000
0  6.314214 -24.043192 47.517258  0.240851 -0.530120 -0.812997  0.122669 0.510156 1 25 1.000000
0  6.362250 -23.572966 47.379974  -0.072115 -0.068423 -0.995047  0.141362 0.538819 1 25 1.000000
v_hand_sheet.tga
0  6.156728 -23.393736 47.344883  0.098725 -0.093302 0.990731  0.070630 0.538652 1 22 1.000000
0  6.539305 -23.175859 47.282654  0.119024 -0.006724 0.992869  0.067843 0.572031 1 21 1.000000
0  6.422168 -22.986530 47.216927  -0.238362 0.622324 0.745584  0.047609 0.568508 1 21 1.000000
v_hand_sheet.tga
0  6.156728 -23.393736 47.344883  0.098725 -0.093302 0.990731  0.070630 0.538652 1 22 1.000000
0  6.422168 -22.986530 47.216927  -0.238362 0.622324 0.745584  0.047609 0.568508 1 21 1.000000
0  5.921617 -23.148655 47.236778  -0.205292 0.671856 0.711664  0.047847 0.528357 1 22 1.000000
v_hand_sheet.tga
0  5.828328 -23.701338 47.589329  -0.349494 0.647873 -0.676842  0.160182 0.493432 1 25 1.000000
0  6.169464 -23.411701 47.538849  -0.469136 0.579709 -0.666220  0.163360 0.529338 1 25 1.000000
0  6.362250 -23.572966 47.379974  -0.072115 -0.068423 -0.995047  0.141362 0.538819 1 25 1.000000
v_hand_sheet.tga
0  5.828328 -23.701338 47.589329  -0.349494 0.647873 -0.676842  0.160182 0.493432 1 25 1.000000
0  6.362250 -23.572966 47.379974  -0.072115 -0.068423 -0.995047  0.141362 0.538819 1 25 1.000000
0  5.993825 -23.876978 47.463402  -0.054968 0.006739 -0.998465  0.140563 0.498415 1 25 1.000000
v_hand_sheet.tga
0  7.500731 -22.694843 47.082497  0.561704 -0.825908 -0.048625  0.092586 0.657232 1 21 1.000000
0  6.859929 -23.369987 46.901058  0.560290 -0.822810 -0.095176  0.105287 0.595776 1 21 1.000000
0  7.470733 -22.706722 46.686554  0.700139 -0.711119 -0.064142  0.130458 0.656910 1 21 1.000000
v_hand_sheet.tga
0  5.748166 -23.641727 47.830799  -0.456466 0.889469 0.021981  0.188700 0.488331 1 25 1.000000
0  6.094687 -23.341576 47.783138  -0.606183 0.795104 0.018768  0.187622 0.525730 1 25 1.000000
0  6.169464 -23.411701 47.538849  -0.469136 0.579709 -0.666220  0.163360 0.529338 1 25 1.000000
v_hand_sheet.tga
0  5.748166 -23.641727 47.830799  -0.456466 0.889469 0.021981  0.188700 0.488331 1 25 1.000000
0  6.169464 -23.411701 47.538849  -0.469136 0.579709 -0.666220  0.163360 0.529338 1 25 1.000000
0  5.828328 -23.701338 47.589329  -0.349494 0.647873 -0.676842  0.160182 0.493432 1 25 1.000000
v_hand_sheet.tga
0  6.163134 -23.440331 48.052204  -0.390581 0.564503 0.727174  0.047847 0.528357 1 25 1.000000
0  6.501140 -23.228394 48.050552  -0.439085 0.517852 0.734189  0.047609 0.568508 1 24 1.000000
0  6.427678 -23.113300 47.771927  -0.653913 0.756301 0.020134  0.023034 0.567257 1 24 1.000000
v_hand_sheet.tga
0  6.163134 -23.440331 48.052204  -0.390581 0.564503 0.727174  0.047847 0.528357 1 25 1.000000
0  6.427678 -23.113300 47.771927  -0.653913 0.756301 0.020134  0.023034 0.567257 1 24 1.000000
0  6.094687 -23.341576 47.783138  -0.606183 0.795104 0.018768  0.023147 0.527538 1 25 1.000000
v_hand_sheet.tga
0  6.422168 -22.986530 47.216927  -0.238362 0.622324 0.745584  0.047609 0.568508 1 21 1.000000
0  6.770327 -22.692015 47.144230  -0.601562 0.223175 0.767018  0.040279 0.598434 1 21 1.000000
0  6.325978 -22.817751 46.941769  -0.584966 0.795854 0.156303  0.023034 0.567257 1 21 1.000000
v_hand_sheet.tga
0  6.422168 -22.986530 47.216927  -0.238362 0.622324 0.745584  0.047609 0.568508 1 21 1.000000
0  6.325978 -22.817751 46.941769  -0.584966 0.795854 0.156303  0.023034 0.567257 1 21 1.000000
0  5.818322 -23.100561 46.979675  -0.367914 0.918958 0.141971  0.023147 0.527538 1 22 1.000000
v_hand_sheet.tga
0  6.385637 -23.596125 48.175617  0.045152 -0.031001 0.998499  0.070630 0.538652 1 25 1.000000
0  6.663480 -23.440470 48.137936  0.027843 -0.027740 0.999227  0.067843 0.572031 1 24 1.000000
0  6.501140 -23.228394 48.050552  -0.439085 0.517852 0.734189  0.047609 0.568508 1 24 1.000000
v_hand_sheet.tga
0  6.385637 -23.596125 48.175617  0.045152 -0.031001 0.998499  0.070630 0.538652 1 25 1.000000
0  6.501140 -23.228394 48.050552  -0.439085 0.517852 0.734189  0.047609 0.568508 1 24 1.000000
0  6.163134 -23.440331 48.052204  -0.390581 0.564503 0.727174  0.047847 0.528357 1 25 1.000000
v_hand_sheet.tga
0  6.385637 -23.596125 48.175617  0.045152 -0.031001 0.998499  0.070630 0.538652 1 25 1.000000
0  6.772827 -23.702341 48.055618  0.380330 -0.528215 0.759169  0.087622 0.571570 1 25 1.000000
0  6.663480 -23.440470 48.137936  0.027843 -0.027740 0.999227  0.067843 0.572031 1 24 1.000000
v_hand_sheet.tga
0  6.663480 -23.440470 48.137936  0.027843 -0.027740 0.999227  0.067843 0.572031 1 24 1.000000
0  6.772827 -23.702341 48.055618  0.380330 -0.528215 0.759169  0.087622 0.571570 1 25 1.000000
0  7.010079 -23.608768 48.029110  0.427693 -0.524522 0.736176  0.088916 0.589919 1 24 1.000000
v_hand_sheet.tga
0  6.778221 -23.779190 47.754181  0.536723 -0.839073 -0.088796  0.105602 0.569720 1 25 1.000000
0  7.101896 -23.627926 47.746616  0.648123 -0.757098 -0.082095  0.105287 0.595776 1 24 1.000000
0  7.010079 -23.608768 48.029110  0.427693 -0.524522 0.736176  0.088916 0.589919 1 24 1.000000
v_hand_sheet.tga
0  6.778221 -23.779190 47.754181  0.536723 -0.839073 -0.088796  0.105602 0.569720 1 25 1.000000
0  7.010079 -23.608768 48.029110  0.427693 -0.524522 0.736176  0.088916 0.589919 1 24 1.000000
0  6.772827 -23.702341 48.055618  0.380330 -0.528215 0.759169  0.087622 0.571570 1 25 1.000000
v_hand_sheet.tga
0  6.143334 -18.589729 48.665253  -0.906174 0.411133 -0.099089  0.247688 0.653893 1 20 1.000000
0  6.314028 -17.277000 48.129410  -0.998477 0.013447 -0.053514  0.279143 0.585806 1 20 1.000000
0  6.504860 -19.011986 47.723583  -0.947993 0.071346 -0.310193  0.320388 0.681730 1 20 1.000000
v_hand_sheet.tga
0  6.738877 -23.650770 47.469509  0.315629 -0.589754 -0.743349  0.125796 0.571838 1 25 1.000000
0  6.979670 -23.548338 47.479618  0.436895 -0.556810 -0.706460  0.125228 0.590884 1 24 1.000000
0  7.101896 -23.627926 47.746616  0.648123 -0.757098 -0.082095  0.105287 0.595776 1 24 1.000000
v_hand_sheet.tga
0  6.738877 -23.650770 47.469509  0.315629 -0.589754 -0.743349  0.125796 0.571838 1 25 1.000000
0  7.101896 -23.627926 47.746616  0.648123 -0.757098 -0.082095  0.105287 0.595776 1 24 1.000000
0  6.778221 -23.779190 47.754181  0.536723 -0.839073 -0.088796  0.105602 0.569720 1 25 1.000000
v_hand_sheet.tga
0  6.738877 -23.650770 47.469509  0.315629 -0.589754 -0.743349  0.125796 0.571838 1 25 1.000000
0  6.739560 -23.476946 47.372353  0.015002 -0.097322 -0.995140  0.136801 0.578029 1 24 1.000000
0  6.979670 -23.548338 47.479618  0.436895 -0.556810 -0.706460  0.125228 0.590884 1 24 1.000000
v_hand_sheet.tga
0  6.738877 -23.650770 47.469509  0.315629 -0.589754 -0.743349  0.125796 0.571838 1 25 1.000000
0  6.362250 -23.572966 47.379974  -0.072115 -0.068423 -0.995047  0.141362 0.538819 1 25 1.000000
0  6.739560 -23.476946 47.372353  0.015002 -0.097322 -0.995140  0.136801 0.578029 1 24 1.000000
v_hand_sheet.tga
0  5.619656 -23.141645 46.998528  -0.200860 0.976246 0.081230  0.188700 0.488331 1 22 1.000000
0  5.818322 -23.100561 46.979675  -0.367914 0.918958 0.141971  0.187622 0.525730 1 22 1.000000
0  5.864521 -23.158054 46.779156  -0.339692 0.881666 -0.327529  0.163360 0.529338 1 22 1.000000
v_hand_sheet.tga
0  5.619656 -23.141645 46.998528  -0.200860 0.976246 0.081230  0.188700 0.488331 1 22 1.000000
0  5.864521 -23.158054 46.779156  -0.339692 0.881666 -0.327529  0.163360 0.529338 1 22 1.000000
0  5.665667 -23.198683 46.771378  -0.183749 0.925803 -0.330340  0.160182 0.493432 1 22 1.000000
v_hand_sheet.tga
0  6.169464 -23.411701 47.538849  -0.469136 0.579709 -0.666220  0.163360 0.529338 1 25 1.000000
0  6.482049 -23.196440 47.549183  -0.477749 0.569648 -0.668773  0.168453 0.570329 1 24 1.000000
0  6.739560 -23.476946 47.372353  0.015002 -0.097322 -0.995140  0.136801 0.578029 1 24 1.000000
v_hand_sheet.tga
0  6.169464 -23.411701 47.538849  -0.469136 0.579709 -0.666220  0.163360 0.529338 1 25 1.000000
0  6.739560 -23.476946 47.372353  0.015002 -0.097322 -0.995140  0.136801 0.578029 1 24 1.000000
0  6.362250 -23.572966 47.379974  -0.072115 -0.068423 -0.995047  0.141362 0.538819 1 25 1.000000
v_hand_sheet.tga
0  6.859929 -23.369987 46.901058  0.560290 -0.822810 -0.095176  0.105287 0.595776 1 21 1.000000
0  6.755184 -23.298923 46.636475  0.375191 -0.841222 -0.389330  0.125228 0.590884 1 21 1.000000
0  7.140022 -23.022169 46.569469  0.607824 -0.746788 -0.269922  0.137396 0.623188 1 21 1.000000
v_hand_sheet.tga
0  6.094687 -23.341576 47.783138  -0.606183 0.795104 0.018768  0.187622 0.525730 1 25 1.000000
0  6.427678 -23.113300 47.771927  -0.653913 0.756301 0.020134  0.187410 0.569967 1 24 1.000000
0  6.482049 -23.196440 47.549183  -0.477749 0.569648 -0.668773  0.168453 0.570329 1 24 1.000000
v_hand_sheet.tga
0  6.094687 -23.341576 47.783138  -0.606183 0.795104 0.018768  0.187622 0.525730 1 25 1.000000
0  6.482049 -23.196440 47.549183  -0.477749 0.569648 -0.668773  0.168453 0.570329 1 24 1.000000
0  6.169464 -23.411701 47.538849  -0.469136 0.579709 -0.666220  0.163360 0.529338 1 25 1.000000
v_hand_sheet.tga
0  6.501140 -23.228394 48.050552  -0.439085 0.517852 0.734189  0.047609 0.568508 1 24 1.000000
0  6.890057 -22.798594 48.062458  -0.774036 -0.095995 0.625822  0.040279 0.598434 1 24 1.000000
0  6.784568 -22.707403 47.804348  -0.978403 0.204493 0.030172  0.024035 0.594543 1 24 1.000000
v_hand_sheet.tga
0  6.501140 -23.228394 48.050552  -0.439085 0.517852 0.734189  0.047609 0.568508 1 24 1.000000
0  6.784568 -22.707403 47.804348  -0.978403 0.204493 0.030172  0.024035 0.594543 1 24 1.000000
0  6.427678 -23.113300 47.771927  -0.653913 0.756301 0.020134  0.023034 0.567257 1 24 1.000000
v_hand_sheet.tga
0  6.663480 -23.440470 48.137936  0.027843 -0.027740 0.999227  0.067843 0.572031 1 24 1.000000
0  7.111578 -23.006670 48.197029  0.038393 -0.305492 0.951420  0.057904 0.612491 1 24 1.000000
0  6.890057 -22.798594 48.062458  -0.774036 -0.095995 0.625822  0.040279 0.598434 1 24 1.000000
v_hand_sheet.tga
0  6.663480 -23.440470 48.137936  0.027843 -0.027740 0.999227  0.067843 0.572031 1 24 1.000000
0  6.890057 -22.798594 48.062458  -0.774036 -0.095995 0.625822  0.040279 0.598434 1 24 1.000000
0  6.501140 -23.228394 48.050552  -0.439085 0.517852 0.734189  0.047609 0.568508 1 24 1.000000
v_hand_sheet.tga
0  6.663480 -23.440470 48.137936  0.027843 -0.027740 0.999227  0.067843 0.572031 1 24 1.000000
0  7.010079 -23.608768 48.029110  0.427693 -0.524522 0.736176  0.088916 0.589919 1 24 1.000000
0  7.111578 -23.006670 48.197029  0.038393 -0.305492 0.951420  0.057904 0.612491 1 24 1.000000
v_hand_sheet.tga
0  7.111578 -23.006670 48.197029  0.038393 -0.305492 0.951420  0.057904 0.612491 1 24 1.000000
0  7.010079 -23.608768 48.029110  0.427693 -0.524522 0.736176  0.088916 0.589919 1 24 1.000000
0  7.723796 -22.760824 47.999344  0.641486 -0.728154 0.241427  0.092586 0.657232 1 24 1.000000
v_hand_sheet.tga
0  7.010079 -23.608768 48.029110  0.427693 -0.524522 0.736176  0.088916 0.589919 1 24 1.000000
0  7.101896 -23.627926 47.746616  0.648123 -0.757098 -0.082095  0.105287 0.595776 1 24 1.000000
0  7.723796 -22.760824 47.999344  0.641486 -0.728154 0.241427  0.092586 0.657232 1 24 1.000000
v_hand_sheet.tga
0  7.723796 -22.760824 47.999344  0.641486 -0.728154 0.241427  0.092586 0.657232 1 24 1.000000
0  7.101896 -23.627926 47.746616  0.648123 -0.757098 -0.082095  0.105287 0.595776 1 24 1.000000
0  7.718490 -22.784504 47.590240  0.771057 -0.612900 -0.172701  0.130458 0.656910 1 24 1.000000
v_hand_sheet.tga
0  7.101896 -23.627926 47.746616  0.648123 -0.757098 -0.082095  0.105287 0.595776 1 24 1.000000
0  6.979670 -23.548338 47.479618  0.436895 -0.556810 -0.706460  0.125228 0.590884 1 24 1.000000
0  7.718490 -22.784504 47.590240  0.771057 -0.612900 -0.172701  0.130458 0.656910 1 24 1.000000
v_hand_sheet.tga
0  7.718490 -22.784504 47.590240  0.771057 -0.612900 -0.172701  0.130458 0.656910 1 24 1.000000
0  6.979670 -23.548338 47.479618  0.436895 -0.556810 -0.706460  0.125228 0.590884 1 24 1.000000
0  7.439071 -23.033533 47.376026  0.727877 -0.661565 -0.180352  0.137396 0.623188 1 24 1.000000
v_hand_sheet.tga
0  6.979670 -23.548338 47.479618  0.436895 -0.556810 -0.706460  0.125228 0.590884 1 24 1.000000
0  7.053640 -22.962046 47.357632  -0.217911 -0.273593 -0.936836  0.152193 0.609938 1 24 1.000000
0  7.439071 -23.033533 47.376026  0.019096 -0.336017 -0.941662  0.137396 0.623188 1 24 1.000000
v_hand_sheet.tga
0  6.979670 -23.548338 47.479618  0.436895 -0.556810 -0.706460  0.125228 0.590884 1 24 1.000000
0  6.739560 -23.476946 47.372353  0.015002 -0.097322 -0.995140  0.136801 0.578029 1 24 1.000000
0  7.053640 -22.962046 47.357632  -0.217911 -0.273593 -0.936836  0.152193 0.609938 1 24 1.000000
v_hand_sheet.tga
0  6.482049 -23.196440 47.549183  -0.477749 0.569648 -0.668773  0.168453 0.570329 1 24 1.000000
0  6.847740 -22.799089 47.568157  -0.858836 0.022913 -0.511739  0.168472 0.595410 1 24 1.000000
0  7.053640 -22.962046 47.357632  -0.217911 -0.273593 -0.936836  0.152193 0.609938 1 24 1.000000
v_hand_sheet.tga
0  6.482049 -23.196440 47.549183  -0.477749 0.569648 -0.668773  0.168453 0.570329 1 24 1.000000
0  7.053640 -22.962046 47.357632  -0.217911 -0.273593 -0.936836  0.152193 0.609938 1 24 1.000000
0  6.739560 -23.476946 47.372353  0.015002 -0.097322 -0.995140  0.136801 0.578029 1 24 1.000000
v_hand_sheet.tga
0  6.799909 -23.343290 47.176254  0.419216 -0.539903 0.729906  0.088916 0.589919 1 21 1.000000
0  6.859929 -23.369987 46.901058  0.560290 -0.822810 -0.095176  0.105287 0.595776 1 21 1.000000
0  7.500731 -22.694843 47.082497  0.561704 -0.825908 -0.048625  0.092586 0.657232 1 21 1.000000
v_hand_sheet.tga
0  6.427678 -23.113300 47.771927  -0.653913 0.756301 0.020134  0.187410 0.569967 1 24 1.000000
0  6.784568 -22.707403 47.804348  -0.978403 0.204493 0.030172  0.176483 0.593381 1 24 1.000000
0  6.847740 -22.799089 47.568157  -0.858836 0.022913 -0.511739  0.168472 0.595410 1 24 1.000000
v_hand_sheet.tga
0  6.427678 -23.113300 47.771927  -0.653913 0.756301 0.020134  0.187410 0.569967 1 24 1.000000
0  6.847740 -22.799089 47.568157  -0.858836 0.022913 -0.511739  0.168472 0.595410 1 24 1.000000
0  6.482049 -23.196440 47.549183  -0.477749 0.569648 -0.668773  0.168453 0.570329 1 24 1.000000
v_hand_sheet.tga
0  6.784568 -22.707403 47.804348  -0.978403 0.204493 0.030172  0.336502 0.961211 1 24 1.000000
0  6.890057 -22.798594 48.062458  -0.774036 -0.095995 0.625822  0.320078 0.969914 1 24 1.000000
0  6.681613 -22.330023 47.966213  -0.971087 -0.236444 0.032937  0.321993 0.933345 1 24 1.000000
v_hand_sheet.tga
0  6.681613 -22.330023 47.966213  -0.971087 -0.236444 0.032937  0.321993 0.933345 1 24 1.000000
0  6.890057 -22.798594 48.062458  -0.774036 -0.095995 0.625822  0.320078 0.969914 1 24 1.000000
0  6.832197 -22.567387 48.224239  -0.941187 -0.330030 0.072432  0.306848 0.953213 1 24 1.000000
v_hand_sheet.tga
0  6.890057 -22.798594 48.062458  -0.774036 -0.095995 0.625822  0.320078 0.969914 1 24 1.000000
0  7.177641 -22.955185 48.241215  -0.616084 -0.300087 0.728278  0.311761 0.983774 1 24 1.000000
0  6.832197 -22.567387 48.224239  -0.941187 -0.330030 0.072432  0.306848 0.953213 1 24 1.000000
v_hand_sheet.tga
0  6.890057 -22.798594 48.062458  -0.774036 -0.095995 0.625822  0.040279 0.598434 1 24 1.000000
0  7.111578 -23.006670 48.197029  0.038393 -0.305492 0.951420  0.057904 0.612491 1 24 1.000000
0  7.177641 -22.955185 48.241215  -0.616084 -0.300087 0.728278  0.057904 0.612491 1 24 1.000000
v_hand_sheet.tga
0  7.111578 -23.006670 48.197029  0.038393 -0.305492 0.951420  0.057904 0.612491 1 24 1.000000
0  7.723796 -22.760824 47.999344  0.641486 -0.728154 0.241427  0.092586 0.657232 1 24 1.000000
0  7.177641 -22.955185 48.241215  0.376732 -0.919561 0.111720  0.057904 0.612491 1 24 1.000000
v_hand_sheet.tga
0  7.718490 -22.784504 47.590240  0.771057 -0.612900 -0.172701  0.130458 0.656910 1 24 1.000000
0  7.439071 -23.033533 47.376026  0.727877 -0.661565 -0.180352  0.137396 0.623188 1 24 1.000000
0  7.652796 -22.783272 47.350536  0.567429 -0.629965 -0.530253  0.148980 0.643828 1 21 1.000000
v_hand_sheet.tga
0  7.439071 -23.033533 47.376026  0.019096 -0.336017 -0.941662  0.137396 0.623188 1 24 1.000000
0  7.035427 -22.872561 47.294834  -0.244568 -0.663508 -0.707067  0.152193 0.609938 2 21 0.425278 24 0.574722
0  7.652796 -22.783272 47.350536  0.567429 -0.629965 -0.530253  0.148980 0.643828 1 21 1.000000
v_hand_sheet.tga
0  7.439071 -23.033533 47.376026  0.019096 -0.336017 -0.941662  0.137396 0.623188 1 24 1.000000
0  7.053640 -22.962046 47.357632  -0.217911 -0.273593 -0.936836  0.152193 0.609938 1 24 1.000000
0  7.035427 -22.872561 47.294834  -0.244568 -0.663508 -0.707067  0.152193 0.609938 2 21 0.425278 24 0.574722
v_hand_sheet.tga
0  7.053640 -22.962046 47.357632  -0.217911 -0.273593 -0.936836  0.152193 0.609938 1 24 1.000000
0  6.847740 -22.799089 47.568157  -0.858836 0.022913 -0.511739  0.168472 0.595410 1 24 1.000000
0  7.035427 -22.872561 47.294834  -0.244568 -0.663508 -0.707067  0.152193 0.609938 2 21 0.425278 24 0.574722
v_hand_sheet.tga
0  7.035427 -22.872561 47.294834  -0.244568 -0.663508 -0.707067  0.376191 0.971717 2 21 0.425278 24 0.574722
0  6.847740 -22.799089 47.568157  -0.858836 0.022913 -0.511739  0.354333 0.967020 1 24 1.000000
0  6.893015 -22.328991 47.380459  -0.958313 -0.285649 -0.006353  0.365739 0.930775 2 20 0.385053 21 0.614947
v_hand_sheet.tga
0  6.847740 -22.799089 47.568157  -0.858836 0.022913 -0.511739  0.354333 0.967020 1 24 1.000000
0  6.681613 -22.330023 47.966213  -0.971087 -0.236444 0.032937  0.321993 0.933345 1 24 1.000000
0  6.893015 -22.328991 47.380459  -0.958313 -0.285649 -0.006353  0.365739 0.930775 2 20 0.385053 21 0.614947
v_hand_sheet.tga
0  6.847740 -22.799089 47.568157  -0.858836 0.022913 -0.511739  0.354333 0.967020 1 24 1.000000
0  6.784568 -22.707403 47.804348  -0.978403 0.204493 0.030172  0.336502 0.961211 1 24 1.000000
0  6.681613 -22.330023 47.966213  -0.971087 -0.236444 0.032937  0.321993 0.933345 1 24 1.000000
v_hand_sheet.tga
0  7.843539 -22.482025 47.315983  0.827915 -0.507025 -0.239754  0.535463 0.915183 2 20 0.930234 21 0.069766
0  7.652796 -22.783272 47.350536  0.567429 -0.629965 -0.530253  0.535629 0.941672 1 21 1.000000
0  7.500731 -22.694843 47.082497  0.561704 -0.825908 -0.048625  0.520329 0.941357 1 21 1.000000
v_hand_sheet.tga
0  4.913977 -23.625998 47.095108  -0.879213 -0.474459 0.043277  0.052037 0.715190 1 23 1.000000
0  4.921623 -23.547960 47.186798  -0.831462 -0.111695 0.544237  0.045241 0.703328 1 23 1.000000
0  4.898949 -23.511957 47.049797  -0.977567 0.132826 -0.163463  0.062015 0.704952 1 23 1.000000
v_hand_sheet.tga
0  4.913977 -23.625998 47.095108  -0.879213 -0.474459 0.043277  0.052037 0.715190 1 23 1.000000
0  5.003279 -23.681614 47.189072  -0.542521 -0.776739 0.319918  0.037373 0.720936 1 23 1.000000
0  4.921623 -23.547960 47.186798  -0.831462 -0.111695 0.544237  0.045241 0.703328 1 23 1.000000
v_hand_sheet.tga
0  4.913977 -23.625998 47.095108  -0.879213 -0.474459 0.043277  0.052037 0.715190 1 23 1.000000
0  4.979893 -23.645687 46.945087  -0.723938 -0.588503 -0.359969  0.065727 0.727353 1 23 1.000000
0  5.003279 -23.681614 47.189072  -0.542521 -0.776739 0.319918  0.037373 0.720936 1 23 1.000000
v_hand_sheet.tga
0  4.913977 -23.625998 47.095108  -0.879213 -0.474459 0.043277  0.052037 0.715190 1 23 1.000000
0  4.898949 -23.511957 47.049797  -0.977567 0.132826 -0.163463  0.062015 0.704952 1 23 1.000000
0  4.979893 -23.645687 46.945087  -0.723938 -0.588503 -0.359969  0.065727 0.727353 1 23 1.000000
v_hand_sheet.tga
0  6.549283 -21.305960 48.020058  -0.964881 -0.238864 -0.109306  0.311504 0.856118 1 20 1.000000
0  6.688400 -21.301079 47.186844  -0.976936 -0.100471 -0.188419  0.371761 0.851599 1 20 1.000000
0  6.724860 -22.066490 47.097363  -0.999252 -0.027265 0.027438  0.382309 0.908810 1 20 1.000000
v_hand_sheet.tga
0  6.549283 -21.305960 48.020058  -0.964881 -0.238864 -0.109306  0.311504 0.856118 1 20 1.000000
0  6.724860 -22.066490 47.097363  -0.999252 -0.027265 0.027438  0.382309 0.908810 1 20 1.000000
0  6.608436 -21.997137 47.756561  -0.965518 -0.260180 -0.009013  0.334195 0.906854 1 20 1.000000
v_hand_sheet.tga
0  4.921623 -23.547960 47.186798  -0.831462 -0.111695 0.544237  0.045241 0.703328 1 23 1.000000
0  5.064832 -23.342400 47.291958  -0.441757 0.437054 0.783476  0.036421 0.680610 1 23 1.000000
0  5.022137 -23.266214 47.135998  -0.632721 0.768975 0.091334  0.061541 0.680228 1 23 1.000000
v_hand_sheet.tga
0  4.921623 -23.547960 47.186798  -0.831462 -0.111695 0.544237  0.045241 0.703328 1 23 1.000000
0  5.022137 -23.266214 47.135998  -0.632721 0.768975 0.091334  0.061541 0.680228 1 23 1.000000
0  4.898949 -23.511957 47.049797  -0.977567 0.132826 -0.163463  0.062015 0.704952 1 23 1.000000
v_hand_sheet.tga
0  4.921623 -23.547960 47.186798  -0.831462 -0.111695 0.544237  0.045241 0.703328 1 23 1.000000
0  5.156109 -23.579594 47.357201  -0.364467 -0.261361 0.893786  0.017224 0.703253 1 23 1.000000
0  5.064832 -23.342400 47.291958  -0.441757 0.437054 0.783476  0.036421 0.680610 1 23 1.000000
v_hand_sheet.tga
0  4.921623 -23.547960 47.186798  -0.831462 -0.111695 0.544237  0.045241 0.703328 1 23 1.000000
0  5.003279 -23.681614 47.189072  -0.542521 -0.776739 0.319918  0.037373 0.720936 1 23 1.000000
0  5.156109 -23.579594 47.357201  -0.364467 -0.261361 0.893786  0.017224 0.703253 1 23 1.000000
v_hand_sheet.tga
0  5.003279 -23.681614 47.189072  -0.542521 -0.776739 0.319918  0.037373 0.720936 1 23 1.000000
0  5.311817 -23.793585 47.261257  -0.167727 -0.796712 0.580619  0.017303 0.729547 1 23 1.000000
0  5.156109 -23.579594 47.357201  -0.364467 -0.261361 0.893786  0.017224 0.703253 1 23 1.000000
v_hand_sheet.tga
0  5.003279 -23.681614 47.189072  -0.542521 -0.776739 0.319918  0.037373 0.720936 1 23 1.000000
0  5.359108 -23.813677 47.090485  -0.184879 -0.980911 -0.060273  0.033688 0.742685 1 23 1.000000
0  5.311817 -23.793585 47.261257  -0.167727 -0.796712 0.580619  0.017303 0.729547 1 23 1.000000
v_hand_sheet.tga
0  4.979893 -23.645687 46.945087  -0.723938 -0.588503 -0.359969  0.065727 0.727353 1 23 1.000000
0  5.303047 -23.760471 46.895107  -0.212867 -0.949603 -0.230092  0.058956 0.744103 1 23 1.000000
0  5.359108 -23.813677 47.090485  -0.184879 -0.980911 -0.060273  0.033688 0.742685 1 23 1.000000
v_hand_sheet.tga
0  4.979893 -23.645687 46.945087  -0.723938 -0.588503 -0.359969  0.065727 0.727353 1 23 1.000000
0  5.359108 -23.813677 47.090485  -0.184879 -0.980911 -0.060273  0.033688 0.742685 1 23 1.000000
0  5.003279 -23.681614 47.189072  -0.542521 -0.776739 0.319918  0.037373 0.720936 1 23 1.000000
v_hand_sheet.tga
0  4.979893 -23.645687 46.945087  -0.723938 -0.588503 -0.359969  0.065727 0.727353 1 23 1.000000
0  4.898949 -23.511957 47.049797  -0.977567 0.132826 -0.163463  0.062015 0.704952 1 23 1.000000
0  5.050016 -23.308804 46.897625  -0.721219 0.529678 -0.446414  0.083567 0.695109 1 23 1.000000
v_hand_sheet.tga
0  4.898949 -23.511957 47.049797  -0.977567 0.132826 -0.163463  0.062015 0.704952 1 23 1.000000
0  5.022137 -23.266214 47.135998  -0.632721 0.768975 0.091334  0.061541 0.680228 1 23 1.000000
0  5.050016 -23.308804 46.897625  -0.721219 0.529678 -0.446414  0.083567 0.695109 1 23 1.000000
v_hand_sheet.tga
0  5.064832 -23.342400 47.291958  -0.441757 0.437054 0.783476  0.038317 0.439447 1 23 1.000000
0  5.379702 -23.325695 47.283039  -0.031229 0.604310 0.796137  0.042199 0.465243 1 23 1.000000
0  5.275626 -23.166792 47.028530  -0.173152 0.980983 0.087697  0.019296 0.466991 1 23 1.000000
v_hand_sheet.tga
0  5.064832 -23.342400 47.291958  -0.441757 0.437054 0.783476  0.038317 0.439447 1 23 1.000000
0  5.275626 -23.166792 47.028530  -0.173152 0.980983 0.087697  0.019296 0.466991 1 23 1.000000
0  5.022137 -23.266214 47.135998  -0.632721 0.768975 0.091334  0.020379 0.439988 1 23 1.000000
v_hand_sheet.tga
0  6.559088 -21.454561 49.249401  -0.946113 -0.299688 0.122709  0.225903 0.874230 1 20 1.000000
0  6.549283 -21.305960 48.020058  -0.964881 -0.238864 -0.109306  0.311504 0.856118 1 20 1.000000
0  6.787940 -22.046537 48.400085  -0.989912 -0.128987 0.058619  0.291351 0.914854 2 20 0.939843 27 0.060157
v_hand_sheet.tga
0  6.559088 -21.454561 49.249401  -0.946113 -0.299688 0.122709  0.225903 0.874230 1 20 1.000000
0  6.787940 -22.046537 48.400085  -0.989912 -0.128987 0.058619  0.291351 0.914854 2 20 0.939843 27 0.060157
0  6.582812 -22.008547 49.031044  -0.963670 -0.258605 0.066816  0.244307 0.914766 1 20 1.000000
v_hand_sheet.tga
0  5.156109 -23.579594 47.357201  -0.364467 -0.261361 0.893786  0.065555 0.442444 1 23 1.000000
0  5.368564 -23.648401 47.355717  0.019778 -0.193859 0.980830  0.072006 0.468051 1 23 1.000000
0  5.379702 -23.325695 47.283039  -0.031229 0.604310 0.796137  0.042199 0.465243 1 23 1.000000
v_hand_sheet.tga
0  5.156109 -23.579594 47.357201  -0.364467 -0.261361 0.893786  0.065555 0.442444 1 23 1.000000
0  5.379702 -23.325695 47.283039  -0.031229 0.604310 0.796137  0.042199 0.465243 1 23 1.000000
0  5.064832 -23.342400 47.291958  -0.441757 0.437054 0.783476  0.038317 0.439447 1 23 1.000000
v_hand_sheet.tga
0  5.156109 -23.579594 47.357201  -0.364467 -0.261361 0.893786  0.065555 0.442444 1 23 1.000000
0  5.311817 -23.793585 47.261257  -0.167727 -0.796712 0.580619  0.089428 0.449710 1 23 1.000000
0  5.368564 -23.648401 47.355717  0.019778 -0.193859 0.980830  0.072006 0.468051 1 23 1.000000
v_hand_sheet.tga
0  5.368564 -23.648401 47.355717  0.019778 -0.193859 0.980830  0.072006 0.468051 1 23 1.000000
0  5.311817 -23.793585 47.261257  -0.167727 -0.796712 0.580619  0.089428 0.449710 1 23 1.000000
0  5.709136 -23.763836 47.243717  0.167641 -0.707814 0.686218  0.090925 0.488784 1 23 1.000000
v_hand_sheet.tga
0  8.379544 -19.145037 48.855827  0.956527 -0.088149 0.278002  0.638380 0.718342 1 20 1.000000
0  8.518794 -17.697172 49.146854  0.816847 -0.070438 0.572538  0.657999 0.613808 1 20 1.000000
0  7.708913 -18.729513 49.784111  0.602652 0.170051 0.779675  0.719231 0.686486 1 20 1.000000
v_hand_sheet.tga
0  5.359108 -23.813677 47.090485  -0.184879 -0.980911 -0.060273  0.107275 0.455858 1 23 1.000000
0  5.726777 -23.825390 47.008789  0.123431 -0.990810 -0.055316  0.106574 0.490107 1 23 1.000000
0  5.709136 -23.763836 47.243717  0.167641 -0.707814 0.686218  0.090925 0.488784 1 23 1.000000
v_hand_sheet.tga
0  5.359108 -23.813677 47.090485  -0.184879 -0.980911 -0.060273  0.107275 0.455858 1 23 1.000000
0  5.709136 -23.763836 47.243717  0.167641 -0.707814 0.686218  0.090925 0.488784 1 23 1.000000
0  5.311817 -23.793585 47.261257  -0.167727 -0.796712 0.580619  0.089428 0.449710 1 23 1.000000
v_hand_sheet.tga
0  5.303047 -23.760471 46.895107  -0.212867 -0.949603 -0.230092  0.132306 0.458235 1 23 1.000000
0  5.706288 -23.717203 46.756748  0.069733 -0.938891 -0.337077  0.123992 0.493546 1 23 1.000000
0  5.726777 -23.825390 47.008789  0.123431 -0.990810 -0.055316  0.106574 0.490107 1 23 1.000000
v_hand_sheet.tga
0  5.303047 -23.760471 46.895107  -0.212867 -0.949603 -0.230092  0.132306 0.458235 1 23 1.000000
0  5.726777 -23.825390 47.008789  0.123431 -0.990810 -0.055316  0.106574 0.490107 1 23 1.000000
0  5.359108 -23.813677 47.090485  -0.184879 -0.980911 -0.060273  0.107275 0.455858 1 23 1.000000
v_hand_sheet.tga
0  6.001970 -23.742842 46.996029  0.334220 -0.940739 -0.057499  0.105694 0.515822 1 22 1.000000
0  6.578802 -23.469191 46.924572  0.359944 -0.929086 -0.085089  0.105602 0.569720 1 22 1.000000
0  6.597072 -23.401844 47.210732  0.338092 -0.625634 0.703048  0.087622 0.571570 1 22 1.000000
v_hand_sheet.tga
0  6.001970 -23.742842 46.996029  0.334220 -0.940739 -0.057499  0.105694 0.515822 1 22 1.000000
0  6.597072 -23.401844 47.210732  0.338092 -0.625634 0.703048  0.087622 0.571570 1 22 1.000000
0  5.912278 -23.709137 47.227024  0.260353 -0.674140 0.691196  0.091506 0.508151 1 22 1.000000
v_hand_sheet.tga
0  5.022137 -23.266214 47.135998  -0.632721 0.768975 0.091334  0.188385 0.435473 1 23 1.000000
0  5.275626 -23.166792 47.028530  -0.173152 0.980983 0.087697  0.188804 0.465807 1 23 1.000000
0  5.367399 -23.244844 46.855701  -0.255476 0.896368 -0.362294  0.188804 0.465807 1 23 1.000000
v_hand_sheet.tga
0  5.022137 -23.266214 47.135998  -0.632721 0.768975 0.091334  0.188385 0.435473 1 23 1.000000
0  5.367399 -23.244844 46.855701  -0.255476 0.896368 -0.362294  0.188804 0.465807 1 23 1.000000
0  5.050016 -23.308804 46.897625  -0.721219 0.529678 -0.446414  0.177228 0.440961 1 23 1.000000
v_hand_sheet.tga
0  5.818322 -23.100561 46.979675  -0.367914 0.918958 0.141971  0.187622 0.525730 1 22 1.000000
0  6.325978 -22.817751 46.941769  -0.584966 0.795854 0.156303  0.187410 0.569967 1 21 1.000000
0  6.347989 -22.890274 46.754631  -0.557715 0.737641 -0.380577  0.168453 0.570329 1 21 1.000000
v_hand_sheet.tga
0  5.818322 -23.100561 46.979675  -0.367914 0.918958 0.141971  0.187622 0.525730 1 22 1.000000
0  6.347989 -22.890274 46.754631  -0.557715 0.737641 -0.380577  0.168453 0.570329 1 21 1.000000
0  5.864521 -23.158054 46.779156  -0.339692 0.881666 -0.327529  0.163360 0.529338 1 22 1.000000
v_hand_sheet.tga
0  5.379702 -23.325695 47.283039  -0.031229 0.604310 0.796137  0.042199 0.465243 1 23 1.000000
0  5.706242 -23.291420 47.264816  -0.133809 0.631151 0.764031  0.047671 0.490345 1 22 1.000000
0  5.619656 -23.141645 46.998528  -0.200860 0.976246 0.081230  0.024399 0.492713 1 22 1.000000
v_hand_sheet.tga
0  5.379702 -23.325695 47.283039  -0.031229 0.604310 0.796137  0.042199 0.465243 1 23 1.000000
0  5.619656 -23.141645 46.998528  -0.200860 0.976246 0.081230  0.024399 0.492713 1 22 1.000000
0  5.275626 -23.166792 47.028530  -0.173152 0.980983 0.087697  0.019296 0.466991 1 23 1.000000
v_hand_sheet.tga
0  5.895353 -23.689926 46.736927  0.285993 -0.890927 -0.352784  0.122669 0.510156 1 22 1.000000
0  6.546518 -23.361998 46.665138  0.316372 -0.874357 -0.367978  0.125796 0.571838 1 22 1.000000
0  6.578802 -23.469191 46.924572  0.359944 -0.929086 -0.085089  0.105602 0.569720 1 22 1.000000
v_hand_sheet.tga
0  5.895353 -23.689926 46.736927  0.285993 -0.890927 -0.352784  0.122669 0.510156 1 22 1.000000
0  6.578802 -23.469191 46.924572  0.359944 -0.929086 -0.085089  0.105602 0.569720 1 22 1.000000
0  6.001970 -23.742842 46.996029  0.334220 -0.940739 -0.057499  0.105694 0.515822 1 22 1.000000
v_hand_sheet.tga
0  7.688387 -21.651947 50.159496  0.323207 -0.012910 0.946240  0.713618 0.864338 1 20 1.000000
0  7.785823 -21.194397 50.108128  0.557790 0.080921 0.826028  0.707431 0.834200 1 20 1.000000
0  7.309700 -20.756519 50.295357  0.268798 -0.096668 0.958333  0.743494 0.805112 1 20 1.000000
v_hand_sheet.tga
0  8.059052 -20.258795 49.675968  0.843552 0.051255 0.534597  0.685879 0.774671 1 20 1.000000
0  7.785823 -21.194397 50.108128  0.557790 0.080921 0.826028  0.707431 0.834200 1 20 1.000000
0  7.964138 -21.665579 49.978939  0.819217 -0.027113 0.572842  0.691840 0.864599 1 20 1.000000
v_hand_sheet.tga
0  8.222257 -20.606167 48.865219  0.989785 -0.078116 0.119258  0.626168 0.799298 1 20 1.000000
0  8.240451 -20.629780 48.172329  0.993531 -0.113562 0.000669  0.596300 0.792595 1 20 1.000000
0  8.379544 -19.145037 48.855827  0.956527 -0.088149 0.278002  0.638380 0.718342 1 20 1.000000
v_hand_sheet.tga
0  -8.055452 -22.894936 57.086208  -0.375595 0.508462 0.774851  0.897987 0.459708 1 38 1.000000
0  -7.990512 -22.803404 56.997021  -0.281676 0.725079 0.628425  0.888719 0.451926 1 38 1.000000
0  -8.297264 -22.654444 56.812466  -0.510133 0.684644 0.520603  0.889131 0.440743 1 38 1.000000
v_hand_sheet.tga
0  -8.055452 -22.894936 57.086208  -0.375595 0.508462 0.774851  0.897987 0.459708 1 38 1.000000
0  -8.297264 -22.654444 56.812466  -0.510133 0.684644 0.520603  0.889131 0.440743 1 38 1.000000
0  -8.401439 -22.822609 56.918793  -0.716699 0.293429 0.632647  0.904892 0.442606 1 38 1.000000
v_hand_sheet.tga
0  -6.947282 -13.329943 58.697102  -0.048101 -0.128875 0.990494  0.459219 0.090779 1 38 1.000000
0  -8.403393 -13.140285 58.279266  -0.604390 -0.189394 0.773849  0.452619 0.160758 1 38 1.000000
0  -7.481010 -15.123156 58.289181  -0.325673 -0.047094 0.944309  0.544591 0.116370 1 38 1.000000
v_hand_sheet.tga
0  -6.947282 -13.329943 58.697102  -0.048101 -0.128875 0.990494  0.459219 0.090779 1 38 1.000000
0  -7.481010 -15.123156 58.289181  -0.325673 -0.047094 0.944309  0.544591 0.116370 1 38 1.000000
0  -6.911909 -15.174201 58.518196  0.149729 -0.084025 0.985150  0.545864 0.086717 1 38 1.000000
v_hand_sheet.tga
0  -8.364119 -22.665161 55.147854  -0.769376 0.597626 -0.225616  0.890239 0.353363 1 38 1.000000
0  -8.471829 -22.811453 55.142216  -0.769373 0.597631 -0.225616  0.904892 0.355258 1 38 1.000000
0  -8.607603 -22.819262 55.749287  -0.769431 0.635681 -0.062341  0.904892 0.385086 1 38 1.000000
v_hand_sheet.tga
0  -8.364119 -22.665161 55.147854  -0.769376 0.597626 -0.225616  0.890239 0.353363 1 38 1.000000
0  -8.607603 -22.819262 55.749287  -0.769431 0.635681 -0.062341  0.904892 0.385086 1 38 1.000000
0  -8.488740 -22.692165 55.720192  -0.769418 0.635695 -0.062349  0.891273 0.383243 1 38 1.000000
v_hand_sheet.tga
0  -9.434177 -12.398940 57.174183  -0.896297 -0.231108 0.378471  0.429412 0.219078 1 38 1.000000
0  -9.157605 -13.839185 56.906017  -0.818731 -0.103424 0.564786  0.496129 0.216485 1 38 1.000000
0  -8.403393 -13.140285 58.279266  -0.604390 -0.189394 0.773849  0.452619 0.160758 1 38 1.000000
v_hand_sheet.tga
0  -5.270731 -11.898380 53.662231  0.046039 0.942534 -0.330924  0.322109 0.488085 1 38 1.000000
0  -5.502225 -11.772512 53.849129  0.046012 0.942533 -0.330930  0.318927 0.492372 1 38 1.000000
0  -4.708188 -11.486509 54.913563  0.125094 0.982561 -0.137570  0.367245 0.501199 1 38 1.000000
v_hand_sheet.tga
0  -5.270731 -11.898380 53.662231  0.046039 0.942534 -0.330924  0.322109 0.488085 1 38 1.000000
0  -4.708188 -11.486509 54.913563  0.125094 0.982561 -0.137570  0.367245 0.501199 1 38 1.000000
0  -4.323007 -11.526055 54.714840  0.125084 0.982563 -0.137566  0.367047 0.499567 1 38 1.000000
v_hand_sheet.tga
0  -9.434177 -12.398940 57.174183  -0.896297 -0.231108 0.378471  0.405809 0.413972 1 38 1.000000
0  -9.749692 -11.990244 55.727333  -0.985323 -0.164169 -0.046764  0.420862 0.374644 1 38 1.000000
0  -9.450473 -13.625690 55.731052  -0.997391 -0.062819 -0.035566  0.359958 0.375176 1 38 1.000000
v_hand_sheet.tga
0  -9.434177 -12.398940 57.174183  -0.896297 -0.231108 0.378471  0.405809 0.413972 1 38 1.000000
0  -9.450473 -13.625690 55.731052  -0.997391 -0.062819 -0.035566  0.359958 0.375176 1 38 1.000000
0  -9.157605 -13.839185 56.906017  -0.818731 -0.103424 0.564786  0.352089 0.410654 1 38 1.000000
v_hand_sheet.tga
0  -4.634149 -10.954062 56.711613  0.991707 0.108672 0.068611  0.408032 0.520546 1 37 1.000000
0  -5.017705 -11.308675 57.891960  0.832927 -0.172410 0.525839  0.451788 0.520546 1 37 1.000000
0  -4.841705 -11.862034 57.197212  0.836987 -0.257075 0.483078  0.448976 0.489738 1 38 1.000000
v_hand_sheet.tga
0  -4.634149 -10.954062 56.711613  0.991707 0.108672 0.068611  0.408032 0.520546 1 37 1.000000
0  -4.841705 -11.862034 57.197212  0.836987 -0.257075 0.483078  0.448976 0.489738 1 38 1.000000
0  -4.460869 -11.584282 56.075745  0.981972 0.171838 0.078763  0.408019 0.498121 1 38 1.000000
v_hand_sheet.tga
0  -9.749692 -11.990244 55.727333  -0.985323 -0.164169 -0.046764  0.420862 0.374644 1 38 1.000000
0  -9.333198 -11.896458 54.514549  -0.955276 -0.124045 -0.268441  0.423626 0.341584 1 38 1.000000
0  -9.205040 -13.561173 54.515110  -0.962847 -0.058367 -0.263666  0.361795 0.340900 1 38 1.000000
v_hand_sheet.tga
0  -9.749692 -11.990244 55.727333  -0.985323 -0.164169 -0.046764  0.420862 0.374644 1 38 1.000000
0  -9.205040 -13.561173 54.515110  -0.962847 -0.058367 -0.263666  0.361795 0.340900 1 38 1.000000
0  -9.450473 -13.625690 55.731052  -0.997391 -0.062819 -0.035566  0.359958 0.375176 1 38 1.000000
v_hand_sheet.tga
0  -8.488740 -22.692165 55.720192  -0.769418 0.635695 -0.062349  0.891273 0.383243 1 38 1.000000
0  -8.607603 -22.819262 55.749287  -0.769431 0.635681 -0.062341  0.904892 0.385086 1 38 1.000000
0  -8.577790 -22.822561 56.305721  -0.770881 0.624091 0.127489  0.904892 0.411588 1 38 1.000000
v_hand_sheet.tga
0  -8.488740 -22.692165 55.720192  -0.769418 0.635695 -0.062349  0.891273 0.383243 1 38 1.000000
0  -8.577790 -22.822561 56.305721  -0.770881 0.624091 0.127489  0.904892 0.411588 1 38 1.000000
0  -8.453695 -22.659613 56.311672  -0.770876 0.624094 0.127501  0.889388 0.413341 1 38 1.000000
v_hand_sheet.tga
0  -8.453695 -22.659613 56.311672  -0.953102 -0.191782 0.234128  0.024294 0.400562 1 38 1.000000
0  -8.297264 -22.654444 56.812466  -0.936658 -0.189525 0.294537  0.024475 0.421246 1 38 1.000000
0  -9.014559 -19.058542 56.845238  -0.963233 -0.154336 0.219913  0.158453 0.410200 1 38 1.000000
v_hand_sheet.tga
0  -8.401439 -22.822609 56.918793  -0.716699 0.293429 0.632647  0.904892 0.442606 1 38 1.000000
0  -8.297264 -22.654444 56.812466  -0.510133 0.684644 0.520603  0.889131 0.440743 1 38 1.000000
0  -8.453695 -22.659613 56.311672  -0.770876 0.624094 0.127501  0.889388 0.413341 1 38 1.000000
v_hand_sheet.tga
0  -8.401439 -22.822609 56.918793  -0.716699 0.293429 0.632647  0.904892 0.442606 1 38 1.000000
0  -8.453695 -22.659613 56.311672  -0.770876 0.624094 0.127501  0.889388 0.413341 1 38 1.000000
0  -8.577790 -22.822561 56.305721  -0.770881 0.624091 0.127489  0.904892 0.411588 1 38 1.000000
v_hand_sheet.tga
0  -4.220043 -13.419350 55.315403  0.960724 -0.081688 -0.265209  0.362647 0.107996 1 38 1.000000
0  -5.270074 -13.355052 53.419098  0.868783 0.012540 -0.495034  0.365493 0.181536 1 38 1.000000
0  -5.176373 -12.130155 53.532726  0.825354 -0.143015 -0.546202  0.410845 0.175619 1 38 1.000000
v_hand_sheet.tga
0  -4.173460 -11.756890 54.645912  0.886839 -0.193780 -0.419483  0.424053 0.126598 1 38 1.000000
0  -4.220043 -13.419350 55.315403  0.960724 -0.081688 -0.265209  0.362647 0.107996 1 38 1.000000
0  -5.176373 -12.130155 53.532726  0.825240 -0.143242 -0.546316  0.410845 0.175619 1 38 1.000000
v_hand_sheet.tga
0  -3.863852 -11.929371 56.094482  0.985873 -0.164251 -0.032795  0.417762 0.087090 1 38 1.000000
0  -4.220043 -13.419350 55.315403  0.960724 -0.081688 -0.265209  0.362647 0.107996 1 38 1.000000
0  -4.173460 -11.756890 54.645912  0.886839 -0.193780 -0.419483  0.424053 0.126598 1 38 1.000000
v_hand_sheet.tga
0  -8.471829 -22.811453 55.142216  -0.769373 0.597631 -0.225616  0.904892 0.355258 1 38 1.000000
0  -8.364119 -22.665161 55.147854  -0.769376 0.597626 -0.225616  0.890239 0.353363 1 38 1.000000
0  -8.162941 -22.647942 54.660862  -0.766540 0.568452 -0.298796  0.889786 0.326030 1 38 1.000000
v_hand_sheet.tga
0  -8.471829 -22.811453 55.142216  -0.769373 0.597631 -0.225616  0.904892 0.355258 1 38 1.000000
0  -8.162941 -22.647942 54.660862  -0.766540 0.568452 -0.298796  0.889786 0.326030 1 38 1.000000
0  -8.257913 -22.802267 54.614525  -0.766538 0.568456 -0.298792  0.904892 0.327371 1 38 1.000000
v_hand_sheet.tga
0  -3.863852 -11.929371 56.094482  0.985873 -0.164251 -0.032795  0.417762 0.087090 1 38 1.000000
0  -4.337582 -12.318610 57.492344  0.860184 -0.167372 0.481736  0.404148 0.049805 1 38 1.000000
0  -4.525527 -13.946294 57.521507  0.859226 -0.047335 0.509402  0.343990 0.045228 1 38 1.000000
v_hand_sheet.tga
0  -3.863852 -11.929371 56.094482  0.985873 -0.164251 -0.032795  0.417762 0.087090 1 38 1.000000
0  -4.525527 -13.946294 57.521507  0.859226 -0.047335 0.509402  0.343990 0.045228 1 38 1.000000
0  -4.220043 -13.419350 55.315403  0.960724 -0.081688 -0.265209  0.362647 0.107996 1 38 1.000000
v_hand_sheet.tga
0  -8.941299 -19.038858 54.389679  -0.946782 -0.130280 -0.294332  0.158453 0.337151 1 38 1.000000
0  -8.162941 -22.647942 54.660862  -0.933071 -0.209637 -0.292284  0.024012 0.334645 1 38 1.000000
0  -8.364119 -22.665161 55.147854  -0.943641 -0.210970 -0.255017  0.023692 0.355448 1 38 1.000000
v_hand_sheet.tga
0  -8.941299 -19.038858 54.389679  -0.946782 -0.130280 -0.294332  0.158453 0.337151 1 38 1.000000
0  -8.364119 -22.665161 55.147854  -0.943641 -0.210970 -0.255017  0.023692 0.355448 1 38 1.000000
0  -9.288071 -19.056896 55.678074  -0.984058 -0.152994 -0.090682  0.158453 0.374814 1 38 1.000000
v_hand_sheet.tga
0  -4.337582 -12.318610 57.492344  0.860184 -0.167372 0.481736  0.404148 0.049805 1 38 1.000000
0  -5.461518 -13.068058 58.463142  0.450720 -0.121880 0.884306  0.377669 0.008265 1 38 1.000000
0  -5.537062 -14.647683 58.198349  0.444824 -0.097194 0.890328  0.319109 0.008369 1 38 1.000000
v_hand_sheet.tga
0  -4.337582 -12.318610 57.492344  0.860184 -0.167372 0.481736  0.404148 0.049805 1 38 1.000000
0  -5.537062 -14.647683 58.198349  0.444824 -0.097194 0.890328  0.319109 0.008369 1 38 1.000000
0  -4.525527 -13.946294 57.521507  0.859226 -0.047335 0.509402  0.343990 0.045228 1 38 1.000000
v_hand_sheet.tga
0  -6.911909 -15.174201 58.518196  0.149729 -0.084025 0.985150  0.545864 0.086717 1 38 1.000000
0  -5.537062 -14.647683 58.198349  0.444824 -0.097194 0.890328  0.528059 0.024750 1 38 1.000000
0  -5.461518 -13.068058 58.463142  0.450720 -0.121880 0.884306  0.452619 0.026506 1 38 1.000000
v_hand_sheet.tga
0  -6.911909 -15.174201 58.518196  0.149729 -0.084025 0.985150  0.545864 0.086717 1 38 1.000000
0  -5.461518 -13.068058 58.463142  0.450720 -0.121880 0.884306  0.452619 0.026506 1 38 1.000000
0  -6.947282 -13.329943 58.697102  -0.048101 -0.128875 0.990494  0.459219 0.090779 1 38 1.000000
v_hand_sheet.tga
0  -8.403393 -13.140285 58.279266  -0.604390 -0.189394 0.773849  0.452619 0.160758 1 38 1.000000
0  -9.157605 -13.839185 56.906017  -0.818731 -0.103424 0.564786  0.496129 0.216485 1 38 1.000000
0  -8.174812 -15.060925 58.009979  -0.721377 -0.079273 0.687991  0.543040 0.152521 1 38 1.000000
v_hand_sheet.tga
0  -9.450473 -13.625690 55.731052  -0.997391 -0.062819 -0.035566  0.359958 0.375176 1 38 1.000000
0  -9.532903 -15.417870 55.689690  -0.999151 -0.013500 -0.038917  0.293586 0.374356 1 38 1.000000
0  -9.328570 -15.549037 56.923714  -0.979521 -0.004915 0.201284  0.288866 0.408640 1 38 1.000000
v_hand_sheet.tga
0  -9.450473 -13.625690 55.731052  -0.997391 -0.062819 -0.035566  0.359958 0.375176 1 38 1.000000
0  -9.328570 -15.549037 56.923714  -0.979521 -0.004915 0.201284  0.288866 0.408640 1 38 1.000000
0  -9.157605 -13.839185 56.906017  -0.818731 -0.103424 0.564786  0.352089 0.410654 1 38 1.000000
v_hand_sheet.tga
0  -9.205040 -13.561173 54.515110  -0.962847 -0.058367 -0.263666  0.361795 0.340900 1 38 1.000000
0  -9.131129 -15.069194 54.491413  -0.960810 -0.021305 -0.276386  0.305816 0.340147 1 38 1.000000
0  -9.532903 -15.417870 55.689690  -0.999151 -0.013500 -0.038917  0.293586 0.374356 1 38 1.000000
v_hand_sheet.tga
0  -9.205040 -13.561173 54.515110  -0.962847 -0.058367 -0.263666  0.361795 0.340900 1 38 1.000000
0  -9.532903 -15.417870 55.689690  -0.999151 -0.013500 -0.038917  0.293586 0.374356 1 38 1.000000
0  -9.450473 -13.625690 55.731052  -0.997391 -0.062819 -0.035566  0.359958 0.375176 1 38 1.000000
v_hand_sheet.tga
0  -8.016557 -23.504248 57.287003  -0.727172 0.129424 0.674144  0.940979 0.470149 1 38 1.000000
0  -8.401439 -22.822609 56.918793  -0.716699 0.293429 0.632647  0.904892 0.442606 1 38 1.000000
0  -8.179820 -24.583675 56.807289  -0.863198 -0.138220 0.485577  0.997517 0.443112 1 38 1.000000
v_hand_sheet.tga
0  -8.607603 -22.819262 55.749287  -0.988838 -0.134496 -0.064107  0.904892 0.385086 1 38 1.000000
0  -8.471829 -22.811453 55.142216  -0.946987 -0.121101 -0.297573  0.904892 0.355258 1 38 1.000000
0  -8.262803 -24.573675 55.146271  -0.946983 -0.121111 -0.297582  0.997517 0.352863 1 38 1.000000
v_hand_sheet.tga
0  -8.607603 -22.819262 55.749287  -0.988838 -0.134496 -0.064107  0.904892 0.385086 1 38 1.000000
0  -8.262803 -24.573675 55.146271  -0.946983 -0.121111 -0.297582  0.997517 0.352863 1 38 1.000000
0  -8.363793 -24.580444 55.730118  -0.988839 -0.134498 -0.064090  0.997517 0.384182 1 38 1.000000
v_hand_sheet.tga
0  -4.323007 -11.526055 54.714840  0.125084 0.982563 -0.137566  0.367047 0.499567 1 38 1.000000
0  -4.708188 -11.486509 54.913563  0.125094 0.982561 -0.137570  0.367245 0.501199 1 38 1.000000
0  -4.460869 -11.584282 56.075745  0.246005 0.947548 0.204043  0.408019 0.498121 1 38 1.000000
v_hand_sheet.tga
0  -4.323007 -11.526055 54.714840  0.125084 0.982563 -0.137566  0.367047 0.499567 1 38 1.000000
0  -4.460869 -11.584282 56.075745  0.246005 0.947548 0.204043  0.408019 0.498121 1 38 1.000000
0  -4.030056 -11.698378 56.084328  0.246038 0.947536 0.204058  0.407709 0.494098 1 38 1.000000
v_hand_sheet.tga
0  -4.220043 -13.419350 55.315403  0.960724 -0.081688 -0.265209  0.362647 0.107996 1 38 1.000000
0  -4.045304 -15.278054 55.332779  0.984870 0.012993 -0.172808  0.293586 0.106615 1 38 1.000000
0  -5.157842 -15.292830 53.538593  0.864365 0.012239 -0.502716  0.293586 0.176778 1 38 1.000000
v_hand_sheet.tga
0  -4.220043 -13.419350 55.315403  0.960724 -0.081688 -0.265209  0.362647 0.107996 1 38 1.000000
0  -5.157842 -15.292830 53.538593  0.864365 0.012239 -0.502716  0.293586 0.176778 1 38 1.000000
0  -5.270074 -13.355052 53.419098  0.868783 0.012540 -0.495034  0.365493 0.181536 1 38 1.000000
v_hand_sheet.tga
0  -4.897594 -10.702980 55.673950  0.873418 0.302767 -0.381410  0.370492 0.520545 1 37 1.000000
0  -4.958559 -9.612209 55.835999  0.902952 0.141103 -0.405915  0.367278 0.555891 1 37 1.000000
0  -4.711198 -9.743593 57.037998  0.997238 0.046160 0.058192  0.408053 0.561015 1 37 1.000000
v_hand_sheet.tga
0  -4.897594 -10.702980 55.673950  0.873418 0.302767 -0.381410  0.370492 0.520545 1 37 1.000000
0  -4.711198 -9.743593 57.037998  0.997238 0.046160 0.058192  0.408053 0.561015 1 37 1.000000
0  -4.634149 -10.954062 56.711613  0.991707 0.108672 0.068611  0.408032 0.520546 1 37 1.000000
v_hand_sheet.tga
0  -4.525527 -13.946294 57.521507  0.859226 -0.047335 0.509402  0.343990 0.045228 1 38 1.000000
0  -4.364247 -15.301148 57.412567  0.860322 0.002232 0.509746  0.293586 0.049447 1 38 1.000000
0  -4.045304 -15.278054 55.332779  0.984870 0.012993 -0.172808  0.293586 0.106615 1 38 1.000000
v_hand_sheet.tga
0  -4.525527 -13.946294 57.521507  0.859226 -0.047335 0.509402  0.343990 0.045228 1 38 1.000000
0  -4.045304 -15.278054 55.332779  0.984870 0.012993 -0.172808  0.293586 0.106615 1 38 1.000000
0  -4.220043 -13.419350 55.315403  0.960724 -0.081688 -0.265209  0.362647 0.107996 1 38 1.000000
v_hand_sheet.tga
0  -9.131129 -15.069194 54.491413  -0.960810 -0.021305 -0.276386  0.305816 0.340147 1 38 1.000000
0  -8.941299 -19.038858 54.389679  -0.946782 -0.130280 -0.294332  0.158453 0.337151 1 38 1.000000
0  -9.288071 -19.056896 55.678074  -0.984058 -0.152994 -0.090682  0.158453 0.374814 1 38 1.000000
v_hand_sheet.tga
0  -9.131129 -15.069194 54.491413  -0.960810 -0.021305 -0.276386  0.305816 0.340147 1 38 1.000000
0  -9.288071 -19.056896 55.678074  -0.984058 -0.152994 -0.090682  0.158453 0.374814 1 38 1.000000
0  -9.532903 -15.417870 55.689690  -0.999151 -0.013500 -0.038917  0.293586 0.374356 1 38 1.000000
v_hand_sheet.tga
0  -5.537062 -14.647683 58.198349  0.444824 -0.097194 0.890328  0.319109 0.008369 1 38 1.000000
0  -5.450575 -15.334315 58.238300  0.630248 -0.007743 0.776356  0.293586 0.009749 1 38 1.000000
0  -4.364247 -15.301148 57.412567  0.860322 0.002232 0.509746  0.293586 0.049447 1 38 1.000000
v_hand_sheet.tga
0  -5.537062 -14.647683 58.198349  0.444824 -0.097194 0.890328  0.319109 0.008369 1 38 1.000000
0  -4.364247 -15.301148 57.412567  0.860322 0.002232 0.509746  0.293586 0.049447 1 38 1.000000
0  -4.525527 -13.946294 57.521507  0.859226 -0.047335 0.509402  0.343990 0.045228 1 38 1.000000
v_hand_sheet.tga
0  -6.911909 -15.174201 58.518196  0.149729 -0.084025 0.985150  0.545864 0.086717 1 38 1.000000
0  -5.535661 -15.442607 58.041740  0.290841 -0.116836 0.949611  0.564902 0.020974 1 38 1.000000
0  -5.537062 -14.647683 58.198349  0.444824 -0.097194 0.890328  0.528059 0.024750 1 38 1.000000
v_hand_sheet.tga
0  -8.941299 -19.038858 54.389679  -0.123537 -0.051782 -0.990988  0.158453 0.337151 1 38 1.000000
0  -9.225584 -15.097969 54.219196  -0.115596 -0.027807 -0.992907  0.304763 0.334858 1 38 1.000000
0  -8.913794 -15.063277 54.178516  -0.115618 -0.027814 -0.992904  0.305750 0.329347 1 38 1.000000
v_hand_sheet.tga
0  -7.481010 -15.123156 58.289181  -0.325673 -0.047094 0.944309  0.544591 0.116370 1 38 1.000000
0  -7.518146 -18.744125 58.566563  -0.299114 0.053704 0.952705  0.703572 0.114244 1 38 1.000000
0  -7.165699 -18.735167 58.506313  0.198254 0.001001 0.980150  0.703129 0.098068 1 38 1.000000
v_hand_sheet.tga
0  -7.481010 -15.123156 58.289181  -0.325673 -0.047094 0.944309  0.544591 0.116370 1 38 1.000000
0  -7.165699 -18.735167 58.506313  0.198254 0.001001 0.980150  0.703129 0.098068 1 38 1.000000
0  -6.911909 -15.174201 58.518196  0.149729 -0.084025 0.985150  0.545864 0.086717 1 38 1.000000
v_hand_sheet.tga
0  -9.749692 -11.990244 55.727333  -0.829274 0.556996 0.045381  0.420862 0.374644 1 38 1.000000
0  -9.594965 -11.751372 55.737236  -0.829273 0.556997 0.045393  0.429577 0.374922 1 38 1.000000
0  -9.144171 -11.680743 54.386402  -0.803568 0.546069 -0.236827  0.431413 0.335993 1 38 1.000000
v_hand_sheet.tga
0  -9.749692 -11.990244 55.727333  -0.829274 0.556996 0.045381  0.420862 0.374644 1 38 1.000000
0  -9.144171 -11.680743 54.386402  -0.803568 0.546069 -0.236827  0.431413 0.335993 1 38 1.000000
0  -9.333198 -11.896458 54.514549  -0.803569 0.546066 -0.236829  0.423626 0.341584 1 38 1.000000
v_hand_sheet.tga
0  -8.990808 -15.598670 56.990414  -0.525709 -0.030865 0.850104  0.570893 0.214552 1 38 1.000000
0  -8.708960 -19.237532 56.951252  -0.581396 -0.087498 0.808902  0.728656 0.200580 1 38 1.000000
0  -7.970474 -19.034948 57.852432  -0.636175 -0.122831 0.761705  0.719481 0.144150 1 38 1.000000
v_hand_sheet.tga
0  -8.990808 -15.598670 56.990414  -0.525709 -0.030865 0.850104  0.570893 0.214552 1 38 1.000000
0  -7.970474 -19.034948 57.852432  -0.636175 -0.122831 0.761705  0.719481 0.144150 1 38 1.000000
0  -8.174812 -15.060925 58.009979  -0.721377 -0.079273 0.687991  0.543040 0.152521 1 38 1.000000
v_hand_sheet.tga
0  -4.030056 -11.698378 56.084328  0.246038 0.947536 0.204058  0.407709 0.494098 1 38 1.000000
0  -4.460869 -11.584282 56.075745  0.246005 0.947548 0.204043  0.408019 0.498121 1 38 1.000000
0  -4.841705 -11.862034 57.197212  0.260630 0.800333 0.539943  0.448976 0.489738 1 38 1.000000
v_hand_sheet.tga
0  -4.030056 -11.698378 56.084328  0.246038 0.947536 0.204058  0.407709 0.494098 1 38 1.000000
0  -4.841705 -11.862034 57.197212  0.260630 0.800333 0.539943  0.448976 0.489738 1 38 1.000000
0  -4.477445 -12.086403 57.405796  0.260640 0.800328 0.539946  0.448602 0.482263 1 38 1.000000
v_hand_sheet.tga
0  -9.532903 -15.417870 55.689690  -0.999151 -0.013500 -0.038917  0.293586 0.374356 1 38 1.000000
0  -9.288071 -19.056896 55.678074  -0.984058 -0.152994 -0.090682  0.158453 0.374814 1 38 1.000000
0  -9.014559 -19.058542 56.845238  -0.963233 -0.154336 0.219913  0.158453 0.410200 1 38 1.000000
v_hand_sheet.tga
0  -9.532903 -15.417870 55.689690  -0.999151 -0.013500 -0.038917  0.293586 0.374356 1 38 1.000000
0  -9.014559 -19.058542 56.845238  -0.963233 -0.154336 0.219913  0.158453 0.410200 1 38 1.000000
0  -9.328570 -15.549037 56.923714  -0.979521 -0.004915 0.201284  0.288866 0.408640 1 38 1.000000
v_hand_sheet.tga
0  -8.941299 -19.038858 54.389679  -0.941624 -0.053546 0.332382  0.158453 0.337151 1 38 1.000000
0  -9.131129 -15.069194 54.491413  -0.949781 -0.047912 0.309227  0.305816 0.340147 1 38 1.000000
0  -9.225584 -15.097969 54.219196  -0.949768 -0.047920 0.309264  0.304763 0.334858 1 38 1.000000
v_hand_sheet.tga
0  -5.017705 -11.308675 57.891960  0.832927 -0.172410 0.525839  0.451788 0.520546 1 37 1.000000
0  -5.925427 -11.570608 58.528179  0.446512 -0.373932 0.812897  0.494285 0.520545 1 37 1.000000
0  -5.747889 -12.275945 57.977245  0.449354 -0.523540 0.723870  0.494812 0.477312 1 38 1.000000
v_hand_sheet.tga
0  -5.017705 -11.308675 57.891960  0.832927 -0.172410 0.525839  0.451788 0.520546 1 37 1.000000
0  -5.747889 -12.275945 57.977245  0.449354 -0.523540 0.723870  0.494812 0.477312 1 38 1.000000
0  -4.841705 -11.862034 57.197212  0.836987 -0.257075 0.483078  0.448976 0.489738 1 38 1.000000
v_hand_sheet.tga
0  -4.477445 -12.086403 57.405796  0.260640 0.800328 0.539946  0.448602 0.482263 1 38 1.000000
0  -4.841705 -11.862034 57.197212  0.260630 0.800333 0.539943  0.448976 0.489738 1 38 1.000000
0  -5.747889 -12.275945 57.977245  0.157494 0.593590 0.789206  0.494812 0.477312 1 38 1.000000
v_hand_sheet.tga
0  -4.477445 -12.086403 57.405796  0.260640 0.800328 0.539946  0.448602 0.482263 1 38 1.000000
0  -5.747889 -12.275945 57.977245  0.157494 0.593590 0.789206  0.494812 0.477312 1 38 1.000000
0  -5.539102 -12.833907 58.323360  0.157484 0.593565 0.789227  0.494449 0.459242 1 38 1.000000
v_hand_sheet.tga
0  -9.205040 -13.561173 54.515110  -0.964197 -0.057545 0.258867  0.361795 0.340900 1 38 1.000000
0  -9.281801 -13.542578 54.212502  -0.964195 -0.057547 0.258874  0.362474 0.334677 1 38 1.000000
0  -9.225584 -15.097969 54.219196  -0.949768 -0.047920 0.309264  0.304763 0.334858 1 38 1.000000
v_hand_sheet.tga
0  -9.205040 -13.561173 54.515110  -0.964197 -0.057545 0.258867  0.361795 0.340900 1 38 1.000000
0  -9.225584 -15.097969 54.219196  -0.949768 -0.047920 0.309264  0.304763 0.334858 1 38 1.000000
0  -9.131129 -15.069194 54.491413  -0.949781 -0.047912 0.309227  0.305816 0.340147 1 38 1.000000
v_hand_sheet.tga
0  -4.045304 -15.278054 55.332779  0.984870 0.012993 -0.172808  0.293586 0.106615 1 38 1.000000
0  -4.210950 -18.927488 55.340378  0.985722 -0.082974 -0.146519  0.158453 0.106542 1 38 1.000000
0  -5.101124 -18.937609 53.670666  0.875166 -0.070409 -0.478671  0.158453 0.174193 1 38 1.000000
v_hand_sheet.tga
0  -4.045304 -15.278054 55.332779  0.984870 0.012993 -0.172808  0.293586 0.106615 1 38 1.000000
0  -5.101124 -18.937609 53.670666  0.875166 -0.070409 -0.478671  0.158453 0.174193 1 38 1.000000
0  -5.157842 -15.292830 53.538593  0.864365 0.012239 -0.502716  0.293586 0.176778 1 38 1.000000
v_hand_sheet.tga
0  -8.913794 -15.063277 54.178516  -0.115618 -0.027814 -0.992904  0.305750 0.329347 1 38 1.000000
0  -9.225584 -15.097969 54.219196  -0.115596 -0.027807 -0.992907  0.304763 0.334858 1 38 1.000000
0  -9.281801 -13.542578 54.212502  -0.101717 -0.010676 -0.994756  0.362474 0.334677 1 38 1.000000
v_hand_sheet.tga
0  -8.913794 -15.063277 54.178516  -0.115618 -0.027814 -0.992904  0.305750 0.329347 1 38 1.000000
0  -9.281801 -13.542578 54.212502  -0.101717 -0.010676 -0.994756  0.362474 0.334677 1 38 1.000000
0  -8.983291 -13.564343 54.187061  -0.101707 -0.010675 -0.994757  0.361383 0.329805 1 38 1.000000
v_hand_sheet.tga
0  -4.364247 -15.301148 57.412567  0.860322 0.002232 0.509746  0.293586 0.049447 1 38 1.000000
0  -4.726378 -18.954428 57.273270  0.853727 -0.089485 0.512974  0.158453 0.043771 1 38 1.000000
0  -4.210950 -18.927488 55.340378  0.985722 -0.082974 -0.146519  0.158453 0.106542 1 38 1.000000
v_hand_sheet.tga
0  -4.364247 -15.301148 57.412567  0.860322 0.002232 0.509746  0.293586 0.049447 1 38 1.000000
0  -4.210950 -18.927488 55.340378  0.985722 -0.082974 -0.146519  0.158453 0.106542 1 38 1.000000
0  -4.045304 -15.278054 55.332779  0.984870 0.012993 -0.172808  0.293586 0.106615 1 38 1.000000
v_hand_sheet.tga
0  -9.333198 -11.896458 54.514549  -0.970094 -0.072779 0.231560  0.423626 0.341584 1 38 1.000000
0  -9.405696 -11.894675 54.198315  -0.970087 -0.072784 0.231591  0.423674 0.335150 1 38 1.000000
0  -9.281801 -13.542578 54.212502  -0.964195 -0.057547 0.258874  0.362474 0.334677 1 38 1.000000
v_hand_sheet.tga
0  -9.333198 -11.896458 54.514549  -0.970094 -0.072779 0.231560  0.423626 0.341584 1 38 1.000000
0  -9.281801 -13.542578 54.212502  -0.964195 -0.057547 0.258874  0.362474 0.334677 1 38 1.000000
0  -9.205040 -13.561173 54.515110  -0.964197 -0.057545 0.258867  0.361795 0.340900 1 38 1.000000
v_hand_sheet.tga
0  -5.450575 -15.334315 58.238300  0.630248 -0.007743 0.776356  0.293586 0.009749 1 38 1.000000
0  -5.375367 -18.976473 58.073540  0.730340 -0.087105 0.677508  0.158453 0.011278 1 38 1.000000
0  -4.726378 -18.954428 57.273270  0.853727 -0.089485 0.512974  0.158453 0.043771 1 38 1.000000
v_hand_sheet.tga
0  -5.450575 -15.334315 58.238300  0.630248 -0.007743 0.776356  0.293586 0.009749 1 38 1.000000
0  -4.726378 -18.954428 57.273270  0.853727 -0.089485 0.512974  0.158453 0.043771 1 38 1.000000
0  -4.364247 -15.301148 57.412567  0.860322 0.002232 0.509746  0.293586 0.049447 1 38 1.000000
v_hand_sheet.tga
0  -8.983291 -13.564343 54.187061  -0.101707 -0.010675 -0.994757  0.361383 0.329805 1 38 1.000000
0  -9.281801 -13.542578 54.212502  -0.101717 -0.010676 -0.994756  0.362474 0.334677 1 38 1.000000
0  -9.405696 -11.894675 54.198315  -0.095761 -0.017518 -0.995250  0.423674 0.335150 1 38 1.000000
v_hand_sheet.tga
0  -8.983291 -13.564343 54.187061  -0.101707 -0.010675 -0.994757  0.361383 0.329805 1 38 1.000000
0  -9.405696 -11.894675 54.198315  -0.095761 -0.017518 -0.995250  0.423674 0.335150 1 38 1.000000
0  -9.081191 -11.890856 54.164124  -0.095761 -0.017516 -0.995250  0.423506 0.329858 1 38 1.000000
v_hand_sheet.tga
0  -6.911909 -15.174201 58.518196  0.149729 -0.084025 0.985150  0.545864 0.086717 1 38 1.000000
0  -6.775195 -19.007010 58.238037  -0.057426 -0.123295 0.990707  0.717308 0.080175 1 38 1.000000
0  -5.657855 -18.862949 57.948475  0.260072 -0.076943 0.962519  0.712892 0.028371 1 38 1.000000
v_hand_sheet.tga
0  -6.911909 -15.174201 58.518196  0.149729 -0.084025 0.985150  0.545864 0.086717 1 38 1.000000
0  -5.657855 -18.862949 57.948475  0.260072 -0.076943 0.962519  0.712892 0.028371 1 38 1.000000
0  -5.535661 -15.442607 58.041740  0.290841 -0.116836 0.949611  0.564902 0.020974 1 38 1.000000
v_hand_sheet.tga
0  -9.405696 -11.894675 54.198315  -0.692182 0.703158 0.162647  0.423674 0.335150 1 38 1.000000
0  -9.333198 -11.896458 54.514549  -0.692182 0.703158 0.162647  0.423626 0.341584 1 38 1.000000
0  -9.144171 -11.680743 54.386402  -0.692182 0.703158 0.162647  0.431413 0.335993 1 38 1.000000
v_hand_sheet.tga
0  -6.775195 -19.007010 58.238037  -0.057426 -0.123295 0.990707  0.717308 0.080175 1 38 1.000000
0  -7.970474 -19.034948 57.852432  -0.635960 -0.122873 0.761877  0.719481 0.144150 1 38 1.000000
0  -7.751024 -22.857573 57.260422  -0.562022 -0.150894 0.813242  0.885255 0.146028 1 38 1.000000
v_hand_sheet.tga
0  -6.775195 -19.007010 58.238037  -0.057426 -0.123295 0.990707  0.717308 0.080175 1 38 1.000000
0  -7.751024 -22.857573 57.260422  -0.562022 -0.150894 0.813242  0.885255 0.146028 1 38 1.000000
0  -7.424164 -22.851974 57.437962  -0.338147 -0.143327 0.930115  0.884812 0.126236 1 38 1.000000
v_hand_sheet.tga
0  -9.081191 -11.890856 54.164124  -0.081811 0.712608 -0.696776  0.423506 0.329858 1 38 1.000000
0  -9.405696 -11.894675 54.198315  -0.081811 0.712608 -0.696776  0.423674 0.335150 1 38 1.000000
0  -9.144171 -11.680743 54.386402  -0.081811 0.712608 -0.696776  0.431413 0.335993 1 38 1.000000
v_hand_sheet.tga
0  -8.708960 -19.237532 56.951252  -0.581396 -0.087498 0.808902  0.728656 0.200580 1 38 1.000000
0  -7.990512 -22.803404 56.997021  -0.618426 -0.119506 0.776703  0.883905 0.164095 1 38 1.000000
0  -7.751024 -22.857573 57.260422  -0.562223 -0.150935 0.813095  0.885255 0.146028 1 38 1.000000
v_hand_sheet.tga
0  -8.708960 -19.237532 56.951252  -0.581396 -0.087498 0.808902  0.728656 0.200580 1 38 1.000000
0  -7.751024 -22.857573 57.260422  -0.562223 -0.150935 0.813095  0.885255 0.146028 1 38 1.000000
0  -7.970474 -19.034948 57.852432  -0.636175 -0.122831 0.761705  0.719481 0.144150 1 38 1.000000
v_hand_sheet.tga
0  -5.539102 -12.833907 58.323360  0.157484 0.593565 0.789227  0.494449 0.459242 1 38 1.000000
0  -5.747889 -12.275945 57.977245  0.157494 0.593590 0.789206  0.494812 0.477312 1 38 1.000000
0  -6.944708 -12.391150 58.209190  -0.066317 0.513209 0.855698  0.546604 0.474617 1 38 1.000000
v_hand_sheet.tga
0  -5.539102 -12.833907 58.323360  0.157484 0.593565 0.789227  0.494449 0.459242 1 38 1.000000
0  -6.944708 -12.391150 58.209190  -0.066317 0.513209 0.855698  0.546604 0.474617 1 38 1.000000
0  -6.946722 -13.094115 58.595860  -0.066333 0.513186 0.855710  0.546394 0.452054 1 38 1.000000
v_hand_sheet.tga
0  -9.288071 -19.056896 55.678074  -0.984058 -0.152994 -0.090682  0.158453 0.374814 1 38 1.000000
0  -8.488740 -22.692165 55.720192  -0.978152 -0.206640 -0.022782  0.022960 0.377863 1 38 1.000000
0  -8.453695 -22.659613 56.311672  -0.953102 -0.191782 0.234128  0.024294 0.400562 1 38 1.000000
v_hand_sheet.tga
0  -9.288071 -19.056896 55.678074  -0.984058 -0.152994 -0.090682  0.158453 0.374814 1 38 1.000000
0  -8.453695 -22.659613 56.311672  -0.953102 -0.191782 0.234128  0.024294 0.400562 1 38 1.000000
0  -9.014559 -19.058542 56.845238  -0.963233 -0.154336 0.219913  0.158453 0.410200 1 38 1.000000
v_hand_sheet.tga
0  -8.364119 -22.665161 55.147854  -0.943641 -0.210970 -0.255017  0.023692 0.355448 1 38 1.000000
0  -8.488740 -22.692165 55.720192  -0.978152 -0.206640 -0.022782  0.022960 0.377863 1 38 1.000000
0  -9.288071 -19.056896 55.678074  -0.984058 -0.152994 -0.090682  0.158453 0.374814 1 38 1.000000
v_hand_sheet.tga
0  -10.581743 -0.927925 57.824036  -0.956423 -0.172277 0.235745  0.712711 0.439577 1 37 1.000000
0  -9.597127 -10.067358 55.139874  -0.956423 -0.172277 0.235745  0.717700 0.232752 1 37 1.000000
0  -9.506571 -10.080815 55.497437  -0.956423 -0.172277 0.235745  0.711676 0.234270 1 37 1.000000
v_hand_sheet.tga
0  -10.581743 -0.927925 57.824036  -0.093145 0.271316 -0.957973  0.712711 0.439577 1 37 1.000000
0  -9.261672 -10.014128 55.122341  -0.093145 0.271316 -0.957973  0.722278 0.233056 1 37 1.000000
0  -9.597127 -10.067358 55.139874  -0.093145 0.271316 -0.957973  0.717700 0.232752 1 37 1.000000
v_hand_sheet.tga
0  -5.384955 -8.700853 54.197624  0.866134 0.249519 -0.433072  0.829953 0.247063 1 37 1.000000
0  -5.753371 -6.395014 55.292713  0.872499 0.316284 -0.372439  0.833410 0.301818 1 37 1.000000
0  -4.451821 -9.872004 55.389099  0.866127 0.249479 -0.433109  0.864198 0.227402 1 37 1.000000
v_hand_sheet.tga
0  -4.210950 -18.927488 55.340378  0.985722 -0.082974 -0.146519  0.158453 0.106542 1 38 1.000000
0  -4.707982 -22.719227 55.415440  0.984499 -0.113776 -0.133484  0.018370 0.105305 1 38 1.000000
0  -5.417869 -22.726685 53.992928  0.882154 -0.118589 -0.455785  0.018368 0.179804 1 38 1.000000
v_hand_sheet.tga
0  -4.210950 -18.927488 55.340378  0.985722 -0.082974 -0.146519  0.158453 0.106542 1 38 1.000000
0  -5.417869 -22.726685 53.992928  0.882154 -0.118589 -0.455785  0.018368 0.179804 1 38 1.000000
0  -5.101124 -18.937609 53.670666  0.875166 -0.070409 -0.478671  0.158453 0.174193 1 38 1.000000
v_hand_sheet.tga
0  -6.944708 -12.391150 58.209190  -0.012369 -0.653108 0.757163  0.546604 0.474617 1 38 1.000000
0  -5.747889 -12.275945 57.977245  0.449354 -0.523540 0.723870  0.494812 0.477312 1 38 1.000000
0  -5.925427 -11.570608 58.528179  0.446512 -0.373932 0.812897  0.494285 0.520545 1 37 1.000000
v_hand_sheet.tga
0  -6.944708 -12.391150 58.209190  -0.012369 -0.653108 0.757163  0.546604 0.474617 1 38 1.000000
0  -5.925427 -11.570608 58.528179  0.446512 -0.373932 0.812897  0.494285 0.520545 1 37 1.000000
0  -7.130915 -11.754512 58.760464  -0.031411 -0.483666 0.874689  0.546602 0.520545 1 37 1.000000
v_hand_sheet.tga
0  -4.726378 -18.954428 57.273270  0.853727 -0.089485 0.512974  0.158453 0.043771 1 38 1.000000
0  -4.938241 -22.736656 57.020966  0.873581 -0.095265 0.477263  0.018370 0.042627 1 38 1.000000
0  -4.707982 -22.719227 55.415440  0.984499 -0.113776 -0.133484  0.018370 0.105305 1 38 1.000000
v_hand_sheet.tga
0  -4.726378 -18.954428 57.273270  0.853727 -0.089485 0.512974  0.158453 0.043771 1 38 1.000000
0  -4.707982 -22.719227 55.415440  0.984499 -0.113776 -0.133484  0.018370 0.105305 1 38 1.000000
0  -4.210950 -18.927488 55.340378  0.985722 -0.082974 -0.146519  0.158453 0.106542 1 38 1.000000
v_hand_sheet.tga
0  -5.696269 -22.761013 57.764160  0.737200 -0.101692 0.667979  0.018370 0.001655 1 38 1.000000
0  -4.938241 -22.736656 57.020966  0.873581 -0.095265 0.477263  0.018370 0.042627 1 38 1.000000
0  -4.726378 -18.954428 57.273270  0.853727 -0.089485 0.512974  0.158453 0.043771 1 38 1.000000
v_hand_sheet.tga
0  -5.375367 -18.976473 58.073540  0.730340 -0.087105 0.677508  0.158453 0.011278 1 38 1.000000
0  -5.696269 -22.761013 57.764160  0.737200 -0.101692 0.667979  0.018370 0.001655 1 38 1.000000
0  -4.726378 -18.954428 57.273270  0.853727 -0.089485 0.512974  0.158453 0.043771 1 38 1.000000
v_hand_sheet.tga
0  -6.775195 -19.007010 58.238037  -0.057426 -0.123295 0.990707  0.717308 0.080175 1 38 1.000000
0  -6.351417 -23.129383 57.648731  0.055008 -0.130913 0.989867  0.897438 0.068274 1 38 1.000000
0  -5.941632 -22.909607 57.617210  0.228527 -0.105151 0.967842  0.888574 0.048302 1 38 1.000000
v_hand_sheet.tga
0  -6.775195 -19.007010 58.238037  -0.057426 -0.123295 0.990707  0.717308 0.080175 1 38 1.000000
0  -5.941632 -22.909607 57.617210  0.228527 -0.105151 0.967842  0.888574 0.048302 1 38 1.000000
0  -5.657855 -18.862949 57.948475  0.260072 -0.076943 0.962519  0.712892 0.028371 1 38 1.000000
v_hand_sheet.tga
0  -6.977705 -22.962551 58.131516  0.333555 -0.039160 0.941917  0.921467 0.545403 1 38 1.000000
0  -6.698958 -24.557106 57.966511  0.315981 -0.034796 0.948127  0.997624 0.558468 1 38 1.000000
0  -6.445135 -23.471649 57.921753  0.297343 -0.043158 0.953795  0.941088 0.575640 1 38 1.000000
v_hand_sheet.tga
0  -7.364991 -1.777499 62.212582  0.176253 -0.274165 0.945393  0.574129 0.439577 1 37 1.000000
0  -9.680073 -1.911707 61.840435  -0.528196 -0.303906 0.792875  0.623420 0.439577 1 37 1.000000
0  -8.682366 -10.248992 59.105000  -0.528222 -0.303909 0.792856  0.626159 0.249101 1 37 1.000000
v_hand_sheet.tga
0  -7.364991 -1.777499 62.212582  0.176253 -0.274165 0.945393  0.574129 0.439577 1 37 1.000000
0  -8.682366 -10.248992 59.105000  -0.528222 -0.303909 0.792856  0.626159 0.249101 1 37 1.000000
0  -7.328837 -10.105434 59.592983  0.175979 -0.274102 0.945463  0.592171 0.251956 1 37 1.000000
v_hand_sheet.tga
0  -8.179820 -24.583675 56.807289  -0.863198 -0.138220 0.485577  0.997517 0.443112 1 38 1.000000
0  -7.523671 -24.541380 57.728840  -0.802426 -0.133568 0.581611  0.995809 0.506776 1 38 1.000000
0  -8.016557 -23.504248 57.287003  -0.727172 0.129424 0.674144  0.940979 0.470149 1 38 1.000000
v_hand_sheet.tga
0  -4.983535 -30.171057 54.945042  -0.183744 -0.697364 0.692764  0.091506 0.508151 1 41 1.000000
0  -4.788743 -30.214167 54.956135  -0.096448 -0.717873 0.689460  0.090925 0.488784 1 42 1.000000
0  -4.975624 -29.899139 55.060543  -0.070697 -0.105063 0.991949  0.072691 0.493011 1 41 1.000000
v_hand_sheet.tga
0  -9.680073 -1.911707 61.840435  -0.528196 -0.303906 0.792875  0.623420 0.439577 1 37 1.000000
0  -10.925663 -1.530195 59.944771  -0.969011 -0.171036 0.178225  0.667469 0.439577 1 37 1.000000
0  -9.617241 -10.344309 58.002506  -0.899496 -0.225162 0.374445  0.656804 0.242954 1 37 1.000000
v_hand_sheet.tga
0  -9.680073 -1.911707 61.840435  -0.528196 -0.303906 0.792875  0.623420 0.439577 1 37 1.000000
0  -9.617241 -10.344309 58.002506  -0.899496 -0.225162 0.374445  0.656804 0.242954 1 37 1.000000
0  -8.682366 -10.248992 59.105000  -0.528222 -0.303909 0.792856  0.626159 0.249101 1 37 1.000000
v_hand_sheet.tga
0  -4.523902 -29.734665 55.000607  -0.042830 0.600947 0.798140  0.042199 0.465243 1 42 1.000000
0  -4.862165 -29.721460 54.983742  0.028755 0.645314 0.763376  0.047671 0.490345 1 41 1.000000
0  -4.975624 -29.899139 55.060543  -0.070697 -0.105063 0.991949  0.072691 0.493011 1 41 1.000000
v_hand_sheet.tga
0  -4.523902 -29.734665 55.000607  -0.042830 0.600947 0.798140  0.042199 0.465243 1 42 1.000000
0  -4.975624 -29.899139 55.060543  -0.070697 -0.105063 0.991949  0.072691 0.493011 1 41 1.000000
0  -4.470335 -30.052488 55.075863  -0.010506 -0.193487 0.981047  0.072006 0.468051 1 42 1.000000
v_hand_sheet.tga
0  -9.895377 -10.242964 56.613796  -0.993011 -0.115262 -0.025375  0.685882 0.237923 1 37 1.000000
0  -10.925663 -1.530195 59.944771  -0.969011 -0.171036 0.178225  0.667469 0.439577 1 37 1.000000
0  -10.581743 -0.927925 57.824036  -0.972308 -0.041773 -0.229940  0.712711 0.439577 1 37 1.000000
v_hand_sheet.tga
0  -9.895377 -10.242964 56.613796  -0.993017 -0.115155 -0.025606  0.685882 0.237923 1 37 1.000000
0  -10.581743 -0.927925 57.824036  -0.972284 -0.041760 -0.230043  0.712711 0.439577 1 37 1.000000
0  -9.506571 -10.080815 55.497437  -0.972358 -0.040738 -0.229915  0.711676 0.234270 1 37 1.000000
v_hand_sheet.tga
0  -5.138804 -10.468081 53.974476  0.852674 0.180665 -0.490211  0.834047 0.208598 1 37 1.000000
0  -5.384955 -8.700853 54.197624  0.866134 0.249519 -0.433072  0.829953 0.247063 1 37 1.000000
0  -4.451821 -9.872004 55.389099  0.866127 0.249479 -0.433109  0.864198 0.227402 1 37 1.000000
v_hand_sheet.tga
0  -4.707982 -22.719227 55.415440  0.983749 -0.086581 -0.157298  0.904887 0.069804 1 38 1.000000
0  -4.807804 -23.814623 55.424957  0.983746 -0.086538 -0.157338  0.962159 0.070333 1 38 1.000000
0  -5.466040 -23.821291 54.071392  0.894395 -0.078104 -0.440406  0.962162 0.148891 1 38 1.000000
v_hand_sheet.tga
0  -4.707982 -22.719227 55.415440  0.983749 -0.086581 -0.157298  0.904887 0.069804 1 38 1.000000
0  -5.466040 -23.821291 54.071392  0.894395 -0.078104 -0.440406  0.962162 0.148891 1 38 1.000000
0  -5.417869 -22.726685 53.992928  0.894404 -0.078141 -0.440381  0.904890 0.148115 1 38 1.000000
v_hand_sheet.tga
0  -4.938241 -22.736656 57.020966  0.896852 -0.081177 0.434818  0.904887 0.675178 1 38 1.000000
0  -5.024344 -23.831161 56.955132  0.896855 -0.081155 0.434817  0.962159 0.674414 1 38 1.000000
0  -4.807804 -23.814623 55.424957  0.983746 -0.086538 -0.157338  0.962159 0.751413 1 38 1.000000
v_hand_sheet.tga
0  -4.938241 -22.736656 57.020966  0.896852 -0.081177 0.434818  0.904887 0.675178 1 38 1.000000
0  -4.807804 -23.814623 55.424957  0.983746 -0.086538 -0.157338  0.962159 0.751413 1 38 1.000000
0  -4.707982 -22.719227 55.415440  0.983749 -0.086581 -0.157298  0.904887 0.750884 1 38 1.000000
v_hand_sheet.tga
0  -5.753371 -6.395014 55.292713  0.719424 0.251352 -0.647496  0.833410 0.301818 1 37 1.000000
0  -5.767517 -0.384517 57.610218  0.886677 0.212317 -0.410761  0.854482 0.439577 1 37 1.000000
0  -4.451821 -9.872004 55.389099  0.886681 0.212285 -0.410769  0.864198 0.227402 1 37 1.000000
v_hand_sheet.tga
0  -5.696269 -22.761013 57.764160  0.509580 -0.065925 0.857894  0.904887 0.621053 1 38 1.000000
0  -5.714075 -24.528166 57.659451  0.440128 -0.054124 0.896302  0.997515 0.620296 1 38 1.000000
0  -5.024344 -23.831161 56.955132  0.896855 -0.081155 0.434817  0.962159 0.674414 1 38 1.000000
v_hand_sheet.tga
0  -5.696269 -22.761013 57.764160  0.509580 -0.065925 0.857894  0.904887 0.621053 1 38 1.000000
0  -5.024344 -23.831161 56.955132  0.896855 -0.081155 0.434817  0.962159 0.674414 1 38 1.000000
0  -4.938241 -22.736656 57.020966  0.896852 -0.081177 0.434818  0.904887 0.675178 1 38 1.000000
v_hand_sheet.tga
0  -6.445135 -23.471649 57.921753  0.297343 -0.043158 0.953795  0.941088 0.575640 1 38 1.000000
0  -5.714075 -24.528166 57.659451  0.440128 -0.054124 0.896302  0.997515 0.620296 1 38 1.000000
0  -5.696269 -22.761013 57.764160  0.509580 -0.065925 0.857894  0.904887 0.621053 1 38 1.000000
v_hand_sheet.tga
0  -6.445135 -23.471649 57.921753  0.297343 -0.043158 0.953795  0.941088 0.575640 1 38 1.000000
0  -6.698958 -24.557106 57.966511  0.315981 -0.034796 0.948127  0.997624 0.558468 1 38 1.000000
0  -5.714075 -24.528166 57.659451  0.440128 -0.054124 0.896302  0.997515 0.620296 1 38 1.000000
v_hand_sheet.tga
0  -9.328570 -15.549037 56.923714  -0.231018 -0.004695 0.972938  0.568549 0.232802 1 38 1.000000
0  -8.990808 -15.598670 56.990414  -0.525709 -0.030865 0.850104  0.570893 0.214552 1 38 1.000000
0  -9.157605 -13.839185 56.906017  -0.818731 -0.103424 0.564786  0.496129 0.216485 1 38 1.000000
v_hand_sheet.tga
0  -5.535661 -15.442607 58.041740  -0.793281 -0.056382 0.606240  0.564902 0.020974 1 38 1.000000
0  -5.450575 -15.334315 58.238300  -0.793268 -0.056413 0.606253  0.559645 0.012992 1 38 1.000000
0  -5.537062 -14.647683 58.198349  -0.895723 -0.087460 0.435926  0.528059 0.024750 1 38 1.000000
v_hand_sheet.tga
0  -5.017705 -11.308675 57.891960  0.832927 -0.172410 0.525839  0.451788 0.520546 1 37 1.000000
0  -5.119679 -9.856187 58.209618  0.821462 -0.086285 0.563698  0.449005 0.568523 1 37 1.000000
0  -6.078447 -9.881225 59.047241  0.430179 -0.213230 0.877199  0.494828 0.577696 1 37 1.000000
v_hand_sheet.tga
0  -5.017705 -11.308675 57.891960  0.832927 -0.172410 0.525839  0.451788 0.520546 1 37 1.000000
0  -6.078447 -9.881225 59.047241  0.430179 -0.213230 0.877199  0.494828 0.577696 1 37 1.000000
0  -5.925427 -11.570608 58.528179  0.446512 -0.373932 0.812897  0.494285 0.520545 1 37 1.000000
v_hand_sheet.tga
0  -8.990808 -15.598670 56.990414  -0.525709 -0.030865 0.850104  0.570893 0.214552 1 38 1.000000
0  -9.328570 -15.549037 56.923714  -0.231018 -0.004695 0.972938  0.568549 0.232802 1 38 1.000000
0  -9.014559 -19.058542 56.845238  -0.371428 -0.065597 0.926141  0.720899 0.217977 1 38 1.000000
v_hand_sheet.tga
0  -8.990808 -15.598670 56.990414  -0.525709 -0.030865 0.850104  0.570893 0.214552 1 38 1.000000
0  -9.014559 -19.058542 56.845238  -0.371428 -0.065597 0.926141  0.720899 0.217977 1 38 1.000000
0  -8.708960 -19.237532 56.951252  -0.581396 -0.087498 0.808902  0.728656 0.200580 1 38 1.000000
v_hand_sheet.tga
0  -5.767517 -0.384517 57.610218  0.886793 0.212236 -0.410553  0.447179 0.439577 1 37 1.000000
0  -5.139486 -1.062874 60.385727  0.867355 -0.064332 0.493514  0.509518 0.439598 1 37 1.000000
0  -4.338931 -9.950041 56.994686  0.993374 0.059124 0.098548  0.490608 0.234469 1 37 1.000000
v_hand_sheet.tga
0  -5.767517 -0.384517 57.610218  0.886793 0.212236 -0.410553  0.447179 0.439577 1 37 1.000000
0  -4.338931 -9.950041 56.994686  0.993374 0.059124 0.098548  0.490608 0.234469 1 37 1.000000
0  -4.451821 -9.872004 55.389099  0.886798 0.212255 -0.410532  0.456894 0.227402 1 37 1.000000
v_hand_sheet.tga
0  -5.450575 -15.334315 58.238300  -0.793268 -0.056413 0.606253  0.559645 0.012992 1 38 1.000000
0  -5.535661 -15.442607 58.041740  -0.793281 -0.056382 0.606240  0.564902 0.020974 1 38 1.000000
0  -5.657855 -18.862949 57.948475  -0.561284 -0.030579 0.827058  0.712892 0.028371 1 38 1.000000
v_hand_sheet.tga
0  -5.450575 -15.334315 58.238300  -0.793268 -0.056413 0.606253  0.559645 0.012992 1 38 1.000000
0  -5.657855 -18.862949 57.948475  -0.561284 -0.030579 0.827058  0.712892 0.028371 1 38 1.000000
0  -5.375367 -18.976473 58.073540  -0.561261 -0.030585 0.827074  0.717724 0.011785 1 38 1.000000
v_hand_sheet.tga
0  -4.338931 -9.950041 56.994686  0.993374 0.059124 0.098548  0.490608 0.234469 1 37 1.000000
0  -5.139486 -1.062874 60.385727  0.867355 -0.064332 0.493514  0.509518 0.439598 1 37 1.000000
0  -4.818662 -9.957511 58.367989  0.826319 -0.096083 0.554946  0.522122 0.242954 1 37 1.000000
v_hand_sheet.tga
0  -4.818662 -9.957511 58.367989  0.826319 -0.096083 0.554946  0.522122 0.242954 1 37 1.000000
0  -5.139486 -1.062874 60.385727  0.867355 -0.064332 0.493514  0.509518 0.439598 1 37 1.000000
0  -5.911903 -10.025672 59.316013  0.589763 -0.172632 0.788910  0.556323 0.249101 1 37 1.000000
v_hand_sheet.tga
0  -4.975624 -29.899139 55.060543  -0.070697 -0.105063 0.991949  0.072691 0.493011 1 41 1.000000
0  -4.788743 -30.214167 54.956135  -0.096448 -0.717873 0.689460  0.090925 0.488784 1 42 1.000000
0  -4.470335 -30.052488 55.075863  -0.010506 -0.193487 0.981047  0.072006 0.468051 1 42 1.000000
v_hand_sheet.tga
0  -5.139486 -1.062874 60.385727  0.867355 -0.064332 0.493514  0.509518 0.439598 1 37 1.000000
0  -7.364991 -1.777499 62.212582  0.176253 -0.274165 0.945393  0.574129 0.439577 1 37 1.000000
0  -7.328837 -10.105434 59.592983  0.175979 -0.274102 0.945463  0.592171 0.251956 1 37 1.000000
v_hand_sheet.tga
0  -5.139486 -1.062874 60.385727  0.867355 -0.064332 0.493514  0.509518 0.439598 1 37 1.000000
0  -7.328837 -10.105434 59.592983  0.175979 -0.274102 0.945463  0.592171 0.251956 1 37 1.000000
0  -5.911903 -10.025672 59.316013  0.589763 -0.172632 0.788910  0.556323 0.249101 1 37 1.000000
v_hand_sheet.tga
0  -7.130915 -11.754512 58.760464  -0.031411 -0.483666 0.874689  0.546602 0.520545 1 37 1.000000
0  -8.301444 -11.762132 58.347210  -0.486673 -0.520850 0.701331  0.598835 0.520545 1 37 1.000000
0  -8.107549 -12.333877 57.829758  -0.424062 -0.717668 0.552380  0.598310 0.477312 1 38 1.000000
v_hand_sheet.tga
0  -7.130915 -11.754512 58.760464  -0.031411 -0.483666 0.874689  0.546602 0.520545 1 37 1.000000
0  -8.107549 -12.333877 57.829758  -0.424062 -0.717668 0.552380  0.598310 0.477312 1 38 1.000000
0  -6.944708 -12.391150 58.209190  -0.012369 -0.653108 0.757163  0.546604 0.474617 1 38 1.000000
v_hand_sheet.tga
0  -8.708960 -19.237532 56.951252  -0.581396 -0.087498 0.808902  0.728656 0.200580 1 38 1.000000
0  -9.014559 -19.058542 56.845238  -0.371428 -0.065597 0.926141  0.720899 0.217977 1 38 1.000000
0  -8.297264 -22.654444 56.812466  -0.466665 -0.091955 0.879641  0.877339 0.181998 1 38 1.000000
v_hand_sheet.tga
0  -8.708960 -19.237532 56.951252  -0.581396 -0.087498 0.808902  0.728656 0.200580 1 38 1.000000
0  -8.297264 -22.654444 56.812466  -0.466665 -0.091955 0.879641  0.877339 0.181998 1 38 1.000000
0  -7.990512 -22.803404 56.997021  -0.618426 -0.119506 0.776703  0.883905 0.164095 1 38 1.000000
v_hand_sheet.tga
0  -7.130915 -11.754512 58.760464  -0.031411 -0.483666 0.874689  0.546602 0.520545 1 37 1.000000
0  -7.318192 -9.934887 59.293552  -0.049133 -0.292815 0.954906  0.546598 0.581957 1 37 1.000000
0  -8.499295 -10.076363 58.862862  -0.517754 -0.289650 0.805005  0.598285 0.577696 1 37 1.000000
v_hand_sheet.tga
0  -7.130915 -11.754512 58.760464  -0.031411 -0.483666 0.874689  0.546602 0.520545 1 37 1.000000
0  -8.499295 -10.076363 58.862862  -0.517754 -0.289650 0.805005  0.598285 0.577696 1 37 1.000000
0  -8.301444 -11.762132 58.347210  -0.486673 -0.520850 0.701331  0.598835 0.520545 1 37 1.000000
v_hand_sheet.tga
0  -5.375367 -18.976473 58.073540  -0.561261 -0.030585 0.827074  0.717724 0.011785 1 38 1.000000
0  -5.657855 -18.862949 57.948475  -0.561284 -0.030579 0.827058  0.712892 0.028371 1 38 1.000000
0  -5.941632 -22.909607 57.617210  -0.455791 -0.037556 0.889294  0.888574 0.048302 1 38 1.000000
v_hand_sheet.tga
0  -5.375367 -18.976473 58.073540  -0.561261 -0.030585 0.827074  0.717724 0.011785 1 38 1.000000
0  -5.941632 -22.909607 57.617210  -0.455791 -0.037556 0.889294  0.888574 0.048302 1 38 1.000000
0  -5.696269 -22.761013 57.764160  -0.455772 -0.037554 0.889304  0.881953 0.033208 1 38 1.000000
v_hand_sheet.tga
0  -5.696269 -22.761013 57.764160  -0.620603 0.721856 0.306228  0.904887 0.621053 1 38 1.000000
0  -5.941632 -22.909607 57.617210  -0.472408 0.707830 0.525173  0.906709 0.597208 1 38 1.000000
0  -6.445135 -23.471649 57.921753  -0.136184 0.791393 0.595946  0.941088 0.575640 1 38 1.000000
v_hand_sheet.tga
0  -6.351417 -23.129383 57.648731  0.151800 0.721575 0.675490  0.908415 0.577497 1 38 1.000000
0  -6.445135 -23.471649 57.921753  -0.136184 0.791393 0.595946  0.941088 0.575640 1 38 1.000000
0  -5.941632 -22.909607 57.617210  -0.472408 0.707830 0.525173  0.906709 0.597208 1 38 1.000000
v_hand_sheet.tga
0  -8.301444 -11.762132 58.347210  -0.486673 -0.520850 0.701331  0.598835 0.520545 1 37 1.000000
0  -9.133086 -11.640404 57.578510  -0.824385 -0.451996 0.340718  0.641171 0.520546 1 37 1.000000
0  -8.927201 -12.024537 56.941303  -0.724824 -0.652751 0.220332  0.643976 0.487734 1 38 1.000000
v_hand_sheet.tga
0  -8.301444 -11.762132 58.347210  -0.486673 -0.520850 0.701331  0.598835 0.520545 1 37 1.000000
0  -8.927201 -12.024537 56.941303  -0.724824 -0.652751 0.220332  0.643976 0.487734 1 38 1.000000
0  -8.107549 -12.333877 57.829758  -0.424062 -0.717668 0.552380  0.598310 0.477312 1 38 1.000000
v_hand_sheet.tga
0  -8.016557 -23.504248 57.287003  -0.727162 0.129382 0.674163  0.940979 0.470149 1 38 1.000000
0  -7.523671 -24.541380 57.728840  -0.802417 -0.133557 0.581627  0.995809 0.506776 1 38 1.000000
0  -7.613692 -22.996923 57.952934  -0.800652 -0.131478 0.584525  0.922503 0.509138 1 38 1.000000
v_hand_sheet.tga
0  -8.310762 -24.583735 56.364925  -0.974840 -0.140041 0.173424  0.997517 0.418108 1 38 1.000000
0  -8.577790 -22.822561 56.305721  -0.974841 -0.140044 0.173415  0.904892 0.411588 1 38 1.000000
0  -8.607603 -22.819262 55.749287  -0.988838 -0.134496 -0.064107  0.904892 0.385086 1 38 1.000000
v_hand_sheet.tga
0  -8.310762 -24.583735 56.364925  -0.974840 -0.140041 0.173424  0.997517 0.418108 1 38 1.000000
0  -8.607603 -22.819262 55.749287  -0.988838 -0.134496 -0.064107  0.904892 0.385086 1 38 1.000000
0  -8.363793 -24.580444 55.730118  -0.988839 -0.134498 -0.064090  0.997517 0.384182 1 38 1.000000
v_hand_sheet.tga
0  -6.977705 -22.962551 58.131516  -0.269194 -0.149563 0.951402  0.921467 0.545403 1 38 1.000000
0  -7.613692 -22.996923 57.952934  -0.269208 -0.149557 0.951399  0.922503 0.509138 1 38 1.000000
0  -7.523671 -24.541380 57.728840  -0.269222 -0.149552 0.951396  0.995809 0.506776 1 38 1.000000
v_hand_sheet.tga
0  -6.977705 -22.962551 58.131516  -0.269194 -0.149563 0.951402  0.921467 0.545403 1 38 1.000000
0  -7.523671 -24.541380 57.728840  -0.269222 -0.149552 0.951396  0.995809 0.506776 1 38 1.000000
0  -6.698958 -24.557106 57.966511  -0.269231 -0.149548 0.951394  0.997624 0.558468 1 38 1.000000
v_hand_sheet.tga
0  -8.016557 -23.504248 57.287003  -0.727172 0.129424 0.674144  0.940979 0.470149 1 38 1.000000
0  -8.055452 -22.894936 57.086208  -0.375595 0.508462 0.774851  0.897987 0.459708 1 38 1.000000
0  -8.401439 -22.822609 56.918793  -0.716699 0.293429 0.632647  0.904892 0.442606 1 38 1.000000
v_hand_sheet.tga
0  -8.262803 -24.573675 55.146271  -0.946983 -0.121111 -0.297582  0.997517 0.352863 1 38 1.000000
0  -8.471829 -22.811453 55.142216  -0.946987 -0.121101 -0.297573  0.904892 0.355258 1 38 1.000000
0  -8.257913 -22.802267 54.614525  -0.910450 -0.116610 -0.396841  0.904892 0.327371 1 38 1.000000
v_hand_sheet.tga
0  -8.262803 -24.573675 55.146271  -0.946983 -0.121111 -0.297582  0.997517 0.352863 1 38 1.000000
0  -8.257913 -22.802267 54.614525  -0.910450 -0.116610 -0.396841  0.904892 0.327371 1 38 1.000000
0  -8.047580 -24.564934 54.684208  -0.910439 -0.116620 -0.396862  0.997517 0.325299 1 38 1.000000
v_hand_sheet.tga
0  -6.909584 -22.840300 57.625271  -0.229566 -0.145781 0.962314  0.884312 0.096823 1 38 1.000000
0  -6.351417 -23.129383 57.648731  0.055008 -0.130913 0.989867  0.897438 0.068274 1 38 1.000000
0  -6.775195 -19.007010 58.238037  -0.057426 -0.123295 0.990707  0.717308 0.080175 1 38 1.000000
v_hand_sheet.tga
0  -7.424164 -22.851974 57.437962  -0.338147 -0.143327 0.930115  0.884812 0.126236 1 38 1.000000
0  -6.909584 -22.840300 57.625271  -0.229566 -0.145781 0.962314  0.884312 0.096823 1 38 1.000000
0  -6.775195 -19.007010 58.238037  -0.057426 -0.123295 0.990707  0.717308 0.080175 1 38 1.000000
v_hand_sheet.tga
0  -9.133086 -11.640404 57.578510  -0.824385 -0.451996 0.340718  0.641171 0.520546 1 37 1.000000
0  -9.391350 -11.363179 56.445126  -0.973511 -0.196445 -0.116983  0.681495 0.520545 1 37 1.000000
0  -9.180424 -11.690700 55.780838  -0.948965 -0.276801 -0.151152  0.684764 0.498425 1 38 1.000000
v_hand_sheet.tga
0  -9.133086 -11.640404 57.578510  -0.824385 -0.451996 0.340718  0.641171 0.520546 1 37 1.000000
0  -9.180424 -11.690700 55.780838  -0.948965 -0.276801 -0.151152  0.684764 0.498425 1 38 1.000000
0  -8.927201 -12.024537 56.941303  -0.724824 -0.652751 0.220332  0.643976 0.487734 1 38 1.000000
v_hand_sheet.tga
0  -6.947282 -13.329943 58.697102  -0.066576 0.465367 0.882610  0.546395 0.444477 1 38 1.000000
0  -6.946722 -13.094115 58.595860  -0.066597 0.465346 0.882620  0.546394 0.452054 1 38 1.000000
0  -8.320512 -12.902193 58.149513  -0.316637 0.487361 0.813769  0.598339 0.459242 1 38 1.000000
v_hand_sheet.tga
0  -6.947282 -13.329943 58.697102  -0.066576 0.465367 0.882610  0.546395 0.444477 1 38 1.000000
0  -8.320512 -12.902193 58.149513  -0.316637 0.487361 0.813769  0.598339 0.459242 1 38 1.000000
0  -8.403393 -13.140285 58.279266  -0.316609 0.487383 0.813767  0.598259 0.451665 1 38 1.000000
v_hand_sheet.tga
0  -8.301444 -11.762132 58.347210  -0.486673 -0.520850 0.701331  0.598835 0.520545 1 37 1.000000
0  -8.499295 -10.076363 58.862862  -0.517754 -0.289650 0.805005  0.598285 0.577696 1 37 1.000000
0  -9.312709 -10.194173 57.890255  -0.870877 -0.218702 0.440161  0.643943 0.568523 1 37 1.000000
v_hand_sheet.tga
0  -8.301444 -11.762132 58.347210  -0.486673 -0.520850 0.701331  0.598835 0.520545 1 37 1.000000
0  -9.312709 -10.194173 57.890255  -0.870877 -0.218702 0.440161  0.643943 0.568523 1 37 1.000000
0  -9.133086 -11.640404 57.578510  -0.824385 -0.451996 0.340718  0.641171 0.520546 1 37 1.000000
v_hand_sheet.tga
0  -8.403393 -13.140285 58.279266  -0.316609 0.487383 0.813767  0.598259 0.451665 1 38 1.000000
0  -8.320512 -12.902193 58.149513  -0.316637 0.487361 0.813769  0.598339 0.459242 1 38 1.000000
0  -9.296107 -12.159909 57.105007  -0.631967 0.537445 0.558363  0.644186 0.483706 1 38 1.000000
v_hand_sheet.tga
0  -8.403393 -13.140285 58.279266  -0.316609 0.487383 0.813767  0.598259 0.451665 1 38 1.000000
0  -9.296107 -12.159909 57.105007  -0.631967 0.537445 0.558363  0.644186 0.483706 1 38 1.000000
0  -9.434177 -12.398940 57.174183  -0.631966 0.537442 0.558369  0.644066 0.476130 1 38 1.000000
v_hand_sheet.tga
0  -9.391350 -11.363179 56.445126  -0.973511 -0.196445 -0.116983  0.681495 0.520545 1 37 1.000000
0  -9.012976 -11.034710 55.360504  -0.943223 -0.013930 -0.331868  0.722136 0.520545 1 37 1.000000
0  -8.795238 -11.586847 54.658104  -0.946622 0.036221 -0.320306  0.725372 0.501199 1 38 1.000000
v_hand_sheet.tga
0  -9.391350 -11.363179 56.445126  -0.973511 -0.196445 -0.116983  0.681495 0.520545 1 37 1.000000
0  -8.795238 -11.586847 54.658104  -0.946609 0.036395 -0.320323  0.725372 0.501199 1 38 1.000000
0  -9.180424 -11.690700 55.780838  -0.948965 -0.276801 -0.151152  0.684764 0.498425 1 38 1.000000
v_hand_sheet.tga
0  -9.434177 -12.398940 57.174183  -0.631966 0.537442 0.558369  0.405809 0.413972 1 38 1.000000
0  -9.296107 -12.159909 57.105007  -0.631967 0.537445 0.558363  0.414523 0.414230 1 38 1.000000
0  -9.594965 -11.751372 55.737236  -0.829273 0.556997 0.045393  0.429577 0.374922 1 38 1.000000
v_hand_sheet.tga
0  -9.434177 -12.398940 57.174183  -0.631966 0.537442 0.558369  0.405809 0.413972 1 38 1.000000
0  -9.594965 -11.751372 55.737236  -0.829273 0.556997 0.045393  0.429577 0.374922 1 38 1.000000
0  -9.749692 -11.990244 55.727333  -0.829274 0.556996 0.045381  0.420862 0.374644 1 38 1.000000
v_hand_sheet.tga
0  -4.634149 -10.954062 56.711613  0.991707 0.108672 0.068611  0.408032 0.520546 1 37 1.000000
0  -4.711198 -9.743593 57.037998  0.997238 0.046160 0.058192  0.408053 0.561015 1 37 1.000000
0  -5.119679 -9.856187 58.209618  0.821462 -0.086285 0.563698  0.449005 0.568523 1 37 1.000000
v_hand_sheet.tga
0  -4.634149 -10.954062 56.711613  0.991707 0.108672 0.068611  0.408032 0.520546 1 37 1.000000
0  -5.119679 -9.856187 58.209618  0.821462 -0.086285 0.563698  0.449005 0.568523 1 37 1.000000
0  -5.017705 -11.308675 57.891960  0.832927 -0.172410 0.525839  0.451788 0.520546 1 37 1.000000
v_hand_sheet.tga
0  -9.133086 -11.640404 57.578510  -0.824385 -0.451996 0.340718  0.641171 0.520546 1 37 1.000000
0  -9.312709 -10.194173 57.890255  -0.870877 -0.218702 0.440161  0.643943 0.568523 1 37 1.000000
0  -9.552893 -10.133870 56.669231  -0.989717 -0.116432 -0.083087  0.684731 0.561015 1 37 1.000000
v_hand_sheet.tga
0  -9.133086 -11.640404 57.578510  -0.824385 -0.451996 0.340718  0.641171 0.520546 1 37 1.000000
0  -9.552893 -10.133870 56.669231  -0.989717 -0.116432 -0.083087  0.684731 0.561015 1 37 1.000000
0  -9.391350 -11.363179 56.445126  -0.973511 -0.196445 -0.116983  0.681495 0.520545 1 37 1.000000
v_hand_sheet.tga
0  -6.946722 -13.094115 58.595860  -0.066333 0.513186 0.855710  0.546394 0.452054 1 38 1.000000
0  -6.944708 -12.391150 58.209190  -0.066317 0.513209 0.855698  0.546604 0.474617 1 38 1.000000
0  -8.107549 -12.333877 57.829758  -0.262620 0.604369 0.752176  0.598310 0.477312 1 38 1.000000
v_hand_sheet.tga
0  -6.946722 -13.094115 58.595860  -0.066333 0.513186 0.855710  0.546394 0.452054 1 38 1.000000
0  -8.107549 -12.333877 57.829758  -0.262620 0.604369 0.752176  0.598310 0.477312 1 38 1.000000
0  -8.320512 -12.902193 58.149513  -0.262479 0.604432 0.752175  0.598339 0.459242 1 38 1.000000
v_hand_sheet.tga
0  -5.176373 -12.130155 53.532726  0.515656 0.552694 -0.654697  0.410845 0.175619 1 38 1.000000
0  -5.270731 -11.898380 53.662231  0.515637 0.552713 -0.654696  0.419559 0.175398 1 38 1.000000
0  -4.323007 -11.526055 54.714840  0.700483 0.591259 -0.399670  0.432767 0.126311 1 38 1.000000
v_hand_sheet.tga
0  -5.176373 -12.130155 53.532726  0.515656 0.552694 -0.654697  0.410845 0.175619 1 38 1.000000
0  -4.323007 -11.526055 54.714840  0.700483 0.591259 -0.399670  0.432767 0.126311 1 38 1.000000
0  -4.173460 -11.756890 54.645912  0.700473 0.591256 -0.399693  0.424053 0.126598 1 38 1.000000
v_hand_sheet.tga
0  -4.958559 -9.612209 55.835999  0.902952 0.141103 -0.405915  0.367278 0.555891 1 37 1.000000
0  -4.897594 -10.702980 55.673950  0.873418 0.302767 -0.381410  0.370492 0.520545 1 37 1.000000
0  -5.710894 -10.488749 54.566505  0.749371 0.345496 -0.564868  0.319754 0.520545 1 37 1.000000
v_hand_sheet.tga
0  -4.958559 -9.612209 55.835999  0.902952 0.141103 -0.405915  0.367278 0.555891 1 37 1.000000
0  -5.710894 -10.488749 54.566505  0.749371 0.345496 -0.564868  0.319754 0.520545 1 37 1.000000
0  -5.794989 -9.427552 54.845459  0.789892 0.173779 -0.588109  0.320376 0.556017 1 37 1.000000
v_hand_sheet.tga
0  -4.173460 -11.756890 54.645912  0.700473 0.591256 -0.399693  0.424053 0.126598 1 38 1.000000
0  -4.323007 -11.526055 54.714840  0.700483 0.591259 -0.399670  0.432767 0.126311 1 38 1.000000
0  -4.030056 -11.698378 56.084328  0.795358 0.585846 0.155530  0.426476 0.086816 1 38 1.000000
v_hand_sheet.tga
0  -4.173460 -11.756890 54.645912  0.700473 0.591256 -0.399693  0.424053 0.126598 1 38 1.000000
0  -4.030056 -11.698378 56.084328  0.795358 0.585846 0.155530  0.426476 0.086816 1 38 1.000000
0  -3.863852 -11.929371 56.094482  0.795348 0.585848 0.155577  0.417762 0.087090 1 38 1.000000
v_hand_sheet.tga
0  -8.320512 -12.902193 58.149513  -0.262479 0.604432 0.752175  0.598339 0.459242 1 38 1.000000
0  -8.107549 -12.333877 57.829758  -0.262620 0.604369 0.752176  0.598310 0.477312 1 38 1.000000
0  -8.927201 -12.024537 56.941303  -0.246823 0.832721 0.495636  0.643976 0.487734 1 38 1.000000
v_hand_sheet.tga
0  -8.320512 -12.902193 58.149513  -0.262479 0.604432 0.752175  0.598339 0.459242 1 38 1.000000
0  -8.927201 -12.024537 56.941303  -0.246823 0.832721 0.495636  0.643976 0.487734 1 38 1.000000
0  -9.296107 -12.159909 57.105007  -0.246725 0.832760 0.495618  0.644186 0.483706 1 38 1.000000
v_hand_sheet.tga
0  -3.863852 -11.929371 56.094482  0.795348 0.585848 0.155577  0.417762 0.087090 1 38 1.000000
0  -4.030056 -11.698378 56.084328  0.795358 0.585846 0.155530  0.426476 0.086816 1 38 1.000000
0  -4.477445 -12.086403 57.405796  0.540773 0.568020 0.620418  0.412863 0.049569 1 38 1.000000
v_hand_sheet.tga
0  -3.863852 -11.929371 56.094482  0.795348 0.585848 0.155577  0.417762 0.087090 1 38 1.000000
0  -4.477445 -12.086403 57.405796  0.540773 0.568020 0.620418  0.412863 0.049569 1 38 1.000000
0  -4.337582 -12.318610 57.492344  0.540760 0.568020 0.620428  0.404148 0.049805 1 38 1.000000
v_hand_sheet.tga
0  -4.337582 -12.318610 57.492344  0.540760 0.568020 0.620428  0.448722 0.474686 1 38 1.000000
0  -4.477445 -12.086403 57.405796  0.540773 0.568020 0.620418  0.448602 0.482263 1 38 1.000000
0  -5.539102 -12.833907 58.323360  0.195701 0.501695 0.842617  0.494449 0.459242 1 38 1.000000
v_hand_sheet.tga
0  -4.337582 -12.318610 57.492344  0.540760 0.568020 0.620428  0.448722 0.474686 1 38 1.000000
0  -5.539102 -12.833907 58.323360  0.195701 0.501695 0.842617  0.494449 0.459242 1 38 1.000000
0  -5.461518 -13.068058 58.463142  0.195696 0.501660 0.842639  0.494530 0.451665 1 38 1.000000
v_hand_sheet.tga
0  -9.296107 -12.159909 57.105007  -0.246725 0.832760 0.495618  0.644186 0.483706 1 38 1.000000
0  -8.927201 -12.024537 56.941303  -0.246823 0.832721 0.495636  0.643976 0.487734 1 38 1.000000
0  -9.180424 -11.690700 55.780838  -0.194488 0.967795 0.159835  0.684764 0.498425 1 38 1.000000
v_hand_sheet.tga
0  -9.296107 -12.159909 57.105007  -0.246725 0.832760 0.495618  0.644186 0.483706 1 38 1.000000
0  -9.180424 -11.690700 55.780838  -0.194488 0.967795 0.159835  0.684764 0.498425 1 38 1.000000
0  -9.594965 -11.751372 55.737236  -0.194480 0.967796 0.159840  0.685079 0.496794 1 38 1.000000
v_hand_sheet.tga
0  -5.461518 -13.068058 58.463142  0.195696 0.501660 0.842639  0.494530 0.451665 1 38 1.000000
0  -5.539102 -12.833907 58.323360  0.195701 0.501695 0.842617  0.494449 0.459242 1 38 1.000000
0  -6.946722 -13.094115 58.595860  -0.066597 0.465346 0.882620  0.546394 0.452054 1 38 1.000000
v_hand_sheet.tga
0  -5.461518 -13.068058 58.463142  0.195696 0.501660 0.842639  0.494530 0.451665 1 38 1.000000
0  -6.946722 -13.094115 58.595860  -0.066597 0.465346 0.882620  0.546394 0.452054 1 38 1.000000
0  -6.947282 -13.329943 58.697102  -0.066576 0.465367 0.882610  0.546395 0.444477 1 38 1.000000
v_hand_sheet.tga
0  -6.445135 -23.471649 57.921753  -0.136184 0.791393 0.595946  0.941088 0.575640 1 38 1.000000
0  -6.351417 -23.129383 57.648731  0.151800 0.721575 0.675490  0.908415 0.577497 1 38 1.000000
0  -6.909584 -22.840300 57.625271  0.247171 0.883157 0.398673  0.896105 0.545593 1 38 1.000000
v_hand_sheet.tga
0  -6.445135 -23.471649 57.921753  -0.136184 0.791393 0.595946  0.941088 0.575640 1 38 1.000000
0  -6.909584 -22.840300 57.625271  0.247171 0.883157 0.398673  0.896105 0.545593 1 38 1.000000
0  -6.977705 -22.962551 58.131516  0.247259 0.883194 0.398536  0.921467 0.545403 1 38 1.000000
v_hand_sheet.tga
0  -8.179820 -24.583675 56.807289  -0.863198 -0.138220 0.485577  0.997517 0.443112 1 38 1.000000
0  -8.401439 -22.822609 56.918793  -0.716699 0.293429 0.632647  0.904892 0.442606 1 38 1.000000
0  -8.577790 -22.822561 56.305721  -0.974841 -0.140044 0.173415  0.904892 0.411588 1 38 1.000000
v_hand_sheet.tga
0  -8.179820 -24.583675 56.807289  -0.863198 -0.138220 0.485577  0.997517 0.443112 1 38 1.000000
0  -8.577790 -22.822561 56.305721  -0.974841 -0.140044 0.173415  0.904892 0.411588 1 38 1.000000
0  -8.310762 -24.583735 56.364925  -0.974840 -0.140041 0.173424  0.997517 0.418108 1 38 1.000000
v_hand_sheet.tga
0  -7.751024 -22.857573 57.260422  -0.581394 0.577825 0.572799  0.893197 0.481758 1 38 1.000000
0  -8.016557 -23.504248 57.287003  -0.727172 0.129424 0.674144  0.940979 0.470149 1 38 1.000000
0  -7.613692 -22.996923 57.952934  -0.458020 0.848152 0.266186  0.922503 0.509138 1 38 1.000000
v_hand_sheet.tga
0  -7.751024 -22.857573 57.260422  -0.581394 0.577825 0.572799  0.893197 0.481758 1 38 1.000000
0  -7.613692 -22.996923 57.952934  -0.458020 0.848152 0.266186  0.922503 0.509138 1 38 1.000000
0  -7.424164 -22.851974 57.437962  -0.457934 0.848196 0.266194  0.896114 0.506668 1 38 1.000000
v_hand_sheet.tga
0  -8.055452 -22.894936 57.086208  -0.375595 0.508462 0.774851  0.897987 0.459708 1 38 1.000000
0  -8.016557 -23.504248 57.287003  -0.727172 0.129424 0.674144  0.940979 0.470149 1 38 1.000000
0  -7.751024 -22.857573 57.260422  -0.581394 0.577825 0.572799  0.893197 0.481758 1 38 1.000000
v_hand_sheet.tga
0  -9.391350 -11.363179 56.445126  -0.973511 -0.196445 -0.116983  0.681495 0.520545 1 37 1.000000
0  -9.552893 -10.133870 56.669231  -0.989717 -0.116432 -0.083087  0.684731 0.561015 1 37 1.000000
0  -9.155956 -9.906951 55.528210  -0.937272 -0.064230 -0.342630  0.725344 0.557342 1 37 1.000000
v_hand_sheet.tga
0  -9.391350 -11.363179 56.445126  -0.973511 -0.196445 -0.116983  0.681495 0.520545 1 37 1.000000
0  -9.155956 -9.906951 55.528210  -0.937272 -0.064230 -0.342630  0.725344 0.557342 1 37 1.000000
0  -9.012976 -11.034710 55.360504  -0.943223 -0.013930 -0.331868  0.722136 0.520545 1 37 1.000000
v_hand_sheet.tga
0  -7.424164 -22.851974 57.437962  -0.457934 0.848196 0.266194  0.896114 0.506668 1 38 1.000000
0  -7.613692 -22.996923 57.952934  -0.458020 0.848152 0.266186  0.922503 0.509138 1 38 1.000000
0  -6.977705 -22.962551 58.131516  0.247259 0.883194 0.398536  0.921467 0.545403 1 38 1.000000
v_hand_sheet.tga
0  -7.424164 -22.851974 57.437962  -0.457934 0.848196 0.266194  0.896114 0.506668 1 38 1.000000
0  -6.977705 -22.962551 58.131516  0.247259 0.883194 0.398536  0.921467 0.545403 1 38 1.000000
0  -6.909584 -22.840300 57.625271  0.247171 0.883157 0.398673  0.896105 0.545593 1 38 1.000000
v_hand_sheet.tga
0  -7.165699 -18.735167 58.506313  0.198254 0.001001 0.980150  0.703129 0.098068 1 38 1.000000
0  -6.775195 -19.007010 58.238037  0.545873 -0.041697 0.836830  0.717308 0.080175 1 38 1.000000
0  -6.911909 -15.174201 58.518196  0.149729 -0.084025 0.985150  0.545864 0.086717 1 38 1.000000
v_hand_sheet.tga
0  -7.970474 -19.034948 57.852432  -0.957567 -0.060408 0.281809  0.719481 0.144150 1 38 1.000000
0  -7.833278 -18.750372 58.379608  -0.755986 0.001415 0.654586  0.703987 0.129404 1 38 1.000000
0  -8.174812 -15.060925 58.009979  -0.721377 -0.079273 0.687991  0.543040 0.152521 1 38 1.000000
v_hand_sheet.tga
0  -7.990512 -22.803404 56.997021  -0.281676 0.725079 0.628425  0.888719 0.451926 1 38 1.000000
0  -8.055452 -22.894936 57.086208  -0.375595 0.508462 0.774851  0.897987 0.459708 1 38 1.000000
0  -7.751024 -22.857573 57.260422  -0.581394 0.577825 0.572799  0.893197 0.481758 1 38 1.000000
v_hand_sheet.tga
0  -9.594965 -11.751372 55.737236  -0.194480 0.967796 0.159840  0.685079 0.496794 1 38 1.000000
0  -9.180424 -11.690700 55.780838  -0.194488 0.967795 0.159835  0.684764 0.498425 1 38 1.000000
0  -8.795238 -11.586847 54.658104  -0.199144 0.979968 0.001825  0.725372 0.501199 1 38 1.000000
v_hand_sheet.tga
0  -9.594965 -11.751372 55.737236  -0.194480 0.967796 0.159840  0.685079 0.496794 1 38 1.000000
0  -8.795238 -11.586847 54.658104  -0.199144 0.979968 0.001825  0.725372 0.501199 1 38 1.000000
0  -9.144171 -11.680743 54.386402  -0.199175 0.979962 0.001808  0.726329 0.498390 1 38 1.000000
v_hand_sheet.tga
0  -5.710894 -10.488749 54.566505  0.749371 0.345496 -0.564868  0.319754 0.520545 1 37 1.000000
0  -4.897594 -10.702980 55.673950  0.873418 0.302767 -0.381410  0.370492 0.520545 1 37 1.000000
0  -4.708188 -11.486509 54.913563  0.819570 0.456460 -0.346337  0.367245 0.501199 1 38 1.000000
v_hand_sheet.tga
0  -5.710894 -10.488749 54.566505  0.749371 0.345496 -0.564868  0.319754 0.520545 1 37 1.000000
0  -4.708188 -11.486509 54.913563  0.819570 0.456460 -0.346337  0.367245 0.501199 1 38 1.000000
0  -5.502225 -11.772512 53.849129  0.685064 0.506233 -0.523846  0.318927 0.492372 1 38 1.000000
v_hand_sheet.tga
0  -5.925427 -11.570608 58.528179  0.446512 -0.373932 0.812897  0.494285 0.520545 1 37 1.000000
0  -6.078447 -9.881225 59.047241  0.430179 -0.213230 0.877199  0.494828 0.577696 1 37 1.000000
0  -7.318192 -9.934887 59.293552  -0.049133 -0.292815 0.954906  0.546598 0.581957 1 37 1.000000
v_hand_sheet.tga
0  -5.925427 -11.570608 58.528179  0.446512 -0.373932 0.812897  0.494285 0.520545 1 37 1.000000
0  -7.318192 -9.934887 59.293552  -0.049133 -0.292815 0.954906  0.546598 0.581957 1 37 1.000000
0  -7.130915 -11.754512 58.760464  -0.031411 -0.483666 0.874689  0.546602 0.520545 1 37 1.000000
v_hand_sheet.tga
0  -4.897594 -10.702980 55.673950  0.873418 0.302767 -0.381410  0.370492 0.520545 1 37 1.000000
0  -4.634149 -10.954062 56.711613  0.991707 0.108672 0.068611  0.408032 0.520546 1 37 1.000000
0  -4.460869 -11.584282 56.075745  0.981972 0.171838 0.078763  0.408019 0.498121 1 38 1.000000
v_hand_sheet.tga
0  -4.897594 -10.702980 55.673950  0.873418 0.302767 -0.381410  0.370492 0.520545 1 37 1.000000
0  -4.460869 -11.584282 56.075745  0.981972 0.171838 0.078763  0.408019 0.498121 1 38 1.000000
0  -4.708188 -11.486509 54.913563  0.819570 0.456460 -0.346337  0.367245 0.501199 1 38 1.000000
v_hand_sheet.tga
0  -8.174812 -15.060925 58.009979  -0.721377 -0.079273 0.687991  0.543040 0.152521 1 38 1.000000
0  -9.157605 -13.839185 56.906017  -0.818731 -0.103424 0.564786  0.496129 0.216485 1 38 1.000000
0  -8.990808 -15.598670 56.990414  -0.525709 -0.030865 0.850104  0.570893 0.214552 1 38 1.000000
v_hand_sheet.tga
0  -2.359819 -26.596363 57.955143  0.887737 0.177125 -0.424911  0.059268 0.935332 1 54 1.000000
0  -2.387790 -26.601305 58.144489  0.801422 0.242840 0.546582  0.069819 0.951082 1 54 1.000000
0  -2.382726 -26.848686 58.036644  0.888802 -0.434736 0.145035  0.077437 0.936522 1 54 1.000000
v_hand_sheet.tga
0  -3.673520 -26.689413 58.216900  -0.210766 -0.678979 0.703253  0.138636 0.887918 1 54 1.000000
0  -4.056285 -26.424416 58.285229  -0.334226 -0.623173 0.707070  0.147638 0.867770 1 53 1.000000
0  -4.130609 -26.594618 57.942120  -0.440321 -0.893943 0.083562  0.135191 0.857179 1 53 1.000000
v_hand_sheet.tga
0  -3.673520 -26.689413 58.216900  -0.210766 -0.678979 0.703253  0.138636 0.887918 1 54 1.000000
0  -4.130609 -26.594618 57.942120  -0.440321 -0.893943 0.083562  0.135191 0.857179 1 53 1.000000
0  -3.705743 -26.817163 57.914288  -0.399907 -0.913497 0.074816  0.128044 0.878291 1 54 1.000000
v_hand_sheet.tga
0  -6.261985 -28.244543 57.822552  0.638253 -0.154975 0.754066  0.166244 0.883976 1 39 1.000000
0  -5.535192 -27.504957 57.015186  0.888113 -0.458042 -0.038125  0.215231 0.817251 1 39 1.000000
0  -5.011227 -26.726236 57.510101  0.695546 -0.476498 0.537740  0.168668 0.822961 1 52 1.000000
v_hand_sheet.tga
0  -3.533662 -26.371284 58.350735  0.152463 -0.090754 0.984133  0.886744 0.849516 1 54 1.000000
0  -3.869772 -26.171995 58.493656  -0.031904 -0.029738 0.999048  0.879612 0.824672 1 53 1.000000
0  -4.056285 -26.424416 58.285229  -0.334226 -0.623173 0.707070  0.858712 0.829677 1 53 1.000000
v_hand_sheet.tga
0  -3.533662 -26.371284 58.350735  0.152463 -0.090754 0.984133  0.886744 0.849516 1 54 1.000000
0  -4.056285 -26.424416 58.285229  -0.334226 -0.623173 0.707070  0.858712 0.829677 1 53 1.000000
0  -3.673520 -26.689413 58.216900  -0.210766 -0.678979 0.703253  0.865771 0.859869 1 54 1.000000
v_hand_sheet.tga
0  -7.109024 -27.956816 57.759960  -0.564619 0.066489 0.822670  0.707431 0.834200 1 39 1.000000
0  -6.641893 -27.511763 57.952835  -0.142039 -0.060103 0.988035  0.743494 0.805112 1 39 1.000000
0  -7.395690 -27.023691 57.331161  -0.831630 0.043791 0.553601  0.685879 0.774671 1 39 1.000000
v_hand_sheet.tga
0  -3.356763 -25.999210 58.154312  0.466109 0.603498 0.646941  0.916684 0.835781 1 54 1.000000
0  -3.765020 -25.763016 58.319401  0.313647 0.669211 0.673634  0.903584 0.810091 1 53 1.000000
0  -3.869772 -26.171995 58.493656  -0.031904 -0.029738 0.999048  0.879612 0.824672 1 53 1.000000
v_hand_sheet.tga
0  -3.356763 -25.999210 58.154312  0.466109 0.603498 0.646941  0.916684 0.835781 1 54 1.000000
0  -3.869772 -26.171995 58.493656  -0.031904 -0.029738 0.999048  0.879612 0.824672 1 53 1.000000
0  -3.533662 -26.371284 58.350735  0.152463 -0.090754 0.984133  0.886744 0.849516 1 54 1.000000
v_hand_sheet.tga
0  -5.446939 -27.085117 56.178436  0.928755 -0.288379 -0.232921  0.267098 0.786154 1 39 1.000000
0  -5.619862 -26.580370 55.483551  0.938437 -0.037030 -0.343461  0.315617 0.744980 1 39 1.000000
0  -5.177343 -26.388435 56.364853  0.865867 -0.059798 -0.496687  0.247520 0.733986 1 39 1.000000
v_hand_sheet.tga
0  -3.299603 -25.917461 57.847729  0.487813 0.844140 -0.222410  0.939925 0.826113 1 54 1.000000
0  -3.714569 -25.673822 57.989449  0.463667 0.876045 -0.132509  0.923529 0.803412 1 53 1.000000
0  -3.765020 -25.763016 58.319401  0.313647 0.669211 0.673634  0.903584 0.810091 1 53 1.000000
v_hand_sheet.tga
0  -3.299603 -25.917461 57.847729  0.487813 0.844140 -0.222410  0.939925 0.826113 1 54 1.000000
0  -3.765020 -25.763016 58.319401  0.313647 0.669211 0.673634  0.903584 0.810091 1 53 1.000000
0  -3.356763 -25.999210 58.154312  0.466109 0.603498 0.646941  0.916684 0.835781 1 54 1.000000
v_hand_sheet.tga
0  -6.641893 -27.511763 57.952835  -0.142039 -0.060103 0.988035  0.743494 0.805112 1 39 1.000000
0  -6.753245 -26.479420 57.788860  -0.493911 0.107140 0.862886  0.733097 0.758069 2 39 0.725965 52 0.274035
0  -7.395690 -27.023691 57.331161  -0.831630 0.043791 0.553601  0.685879 0.774671 1 39 1.000000
v_hand_sheet.tga
0  -3.269277 -26.192574 57.580257  0.271268 0.440771 -0.855648  0.087736 0.849102 1 54 1.000000
0  -3.766474 -25.944496 57.608829  0.336084 0.509859 -0.791891  0.098601 0.814890 1 53 1.000000
0  -3.714569 -25.673822 57.989449  0.463667 0.876045 -0.132509  0.069371 0.797265 1 53 1.000000
v_hand_sheet.tga
0  -3.269277 -26.192574 57.580257  0.271268 0.440771 -0.855648  0.087736 0.849102 1 54 1.000000
0  -3.714569 -25.673822 57.989449  0.463667 0.876045 -0.132509  0.069371 0.797265 1 53 1.000000
0  -3.299603 -25.917461 57.847729  0.487813 0.844140 -0.222410  0.068391 0.828452 1 54 1.000000
v_hand_sheet.tga
0  -2.444979 -26.799625 57.867298  0.650114 -0.428708 -0.627344  0.064571 0.916867 1 54 1.000000
0  -2.359819 -26.596363 57.955143  0.887737 0.177125 -0.424911  0.059268 0.935332 1 54 1.000000
0  -2.382726 -26.848686 58.036644  0.888802 -0.434736 0.145035  0.077437 0.936522 1 54 1.000000
v_hand_sheet.tga
0  -3.437890 -26.507135 57.451458  -0.023371 -0.108398 -0.993833  0.105224 0.865850 1 54 1.000000
0  -3.812592 -26.232044 57.498234  0.010416 -0.074431 -0.997172  0.110475 0.833989 1 53 1.000000
0  -3.766474 -25.944496 57.608829  0.336084 0.509859 -0.791891  0.098601 0.814890 1 53 1.000000
v_hand_sheet.tga
0  -3.437890 -26.507135 57.451458  -0.023371 -0.108398 -0.993833  0.105224 0.865850 1 54 1.000000
0  -3.766474 -25.944496 57.608829  0.336084 0.509859 -0.791891  0.098601 0.814890 1 53 1.000000
0  -3.269277 -26.192574 57.580257  0.271268 0.440771 -0.855648  0.087736 0.849102 1 54 1.000000
v_hand_sheet.tga
0  -7.241581 -24.324766 54.220825  -0.841716 0.023325 -0.539416  0.520907 0.603222 1 39 1.000000
0  -7.444890 -26.155870 54.288059  -0.888914 -0.090171 -0.449112  0.518557 0.713495 1 39 1.000000
0  -7.809300 -26.088442 55.030441  -0.969808 -0.137320 -0.201535  0.559424 0.715171 1 39 1.000000
v_hand_sheet.tga
0  -7.241581 -24.324766 54.220825  -0.841716 0.023325 -0.539416  0.520907 0.603222 1 39 1.000000
0  -7.809300 -26.088442 55.030441  -0.969808 -0.137320 -0.201535  0.559424 0.715171 1 39 1.000000
0  -7.795997 -24.224226 54.919559  -0.949396 -0.038798 -0.311676  0.569644 0.609263 1 39 1.000000
v_hand_sheet.tga
0  -3.671664 -26.778557 57.638870  -0.348310 -0.678445 -0.646833  0.119529 0.869734 1 54 1.000000
0  -4.056888 -26.526455 57.704407  -0.322020 -0.688691 -0.649622  0.126093 0.846026 1 53 1.000000
0  -3.812592 -26.232044 57.498234  0.010416 -0.074431 -0.997172  0.110475 0.833989 1 53 1.000000
v_hand_sheet.tga
0  -3.671664 -26.778557 57.638870  -0.348310 -0.678445 -0.646833  0.119529 0.869734 1 54 1.000000
0  -3.812592 -26.232044 57.498234  0.010416 -0.074431 -0.997172  0.110475 0.833989 1 53 1.000000
0  -3.437890 -26.507135 57.451458  -0.023371 -0.108398 -0.993833  0.105224 0.865850 1 54 1.000000
v_hand_sheet.tga
0  -4.788743 -30.214167 54.956135  -0.096448 -0.717873 0.689460  0.090925 0.488784 1 42 1.000000
0  -4.983535 -30.171057 54.945042  -0.183744 -0.697364 0.692764  0.091506 0.508151 1 41 1.000000
0  -5.053127 -30.223940 54.710735  -0.207660 -0.976439 -0.058682  0.105694 0.515822 1 41 1.000000
v_hand_sheet.tga
0  -4.788743 -30.214167 54.956135  -0.096448 -0.717873 0.689460  0.090925 0.488784 1 42 1.000000
0  -5.053127 -30.223940 54.710735  -0.207660 -0.976439 -0.058682  0.105694 0.515822 1 41 1.000000
0  -4.791625 -30.278421 54.721283  -0.018481 -0.998424 -0.052994  0.106574 0.490107 1 42 1.000000
v_hand_sheet.tga
0  -3.705743 -26.817163 57.914288  -0.399907 -0.913497 0.074816  0.128044 0.878291 1 54 1.000000
0  -4.130609 -26.594618 57.942120  -0.440321 -0.893943 0.083562  0.135191 0.857179 1 53 1.000000
0  -4.056888 -26.526455 57.704407  -0.322020 -0.688691 -0.649622  0.126093 0.846026 1 53 1.000000
v_hand_sheet.tga
0  -3.705743 -26.817163 57.914288  -0.399907 -0.913497 0.074816  0.128044 0.878291 1 54 1.000000
0  -4.056888 -26.526455 57.704407  -0.322020 -0.688691 -0.649622  0.126093 0.846026 1 53 1.000000
0  -3.671664 -26.778557 57.638870  -0.348310 -0.678445 -0.646833  0.119529 0.869734 1 54 1.000000
v_hand_sheet.tga
0  -2.387790 -26.601305 58.144489  0.801422 0.242840 0.546582  0.069819 0.951082 1 54 1.000000
0  -2.467779 -26.748518 58.216263  0.575695 -0.055838 0.815755  0.087614 0.950593 1 54 1.000000
0  -2.382726 -26.848686 58.036644  0.888802 -0.434736 0.145035  0.077437 0.936522 1 54 1.000000
v_hand_sheet.tga
0  -4.056285 -26.424416 58.285229  -0.334226 -0.623173 0.707070  0.147638 0.867770 1 53 1.000000
0  -4.389054 -26.291658 58.218697  -0.205106 -0.591783 0.779567  0.152480 0.833766 1 53 1.000000
0  -4.526064 -26.443918 57.889889  -0.147081 -0.981142 0.125410  0.149501 0.820967 1 53 1.000000
v_hand_sheet.tga
0  -4.056285 -26.424416 58.285229  -0.334226 -0.623173 0.707070  0.147638 0.867770 1 53 1.000000
0  -4.526064 -26.443918 57.889889  -0.147081 -0.981142 0.125410  0.149501 0.820967 1 53 1.000000
0  -4.130609 -26.594618 57.942120  -0.440321 -0.893943 0.083562  0.135191 0.857179 1 53 1.000000
v_hand_sheet.tga
0  -5.872226 -28.190653 56.908123  0.950383 -0.283784 0.127429  0.225903 0.874230 1 39 1.000000
0  -5.535192 -27.504957 57.015186  0.888113 -0.458042 -0.038125  0.215231 0.817251 1 39 1.000000
0  -6.261985 -28.244543 57.822552  0.638253 -0.154975 0.754066  0.166244 0.883976 1 39 1.000000
v_hand_sheet.tga
0  -3.869772 -26.171995 58.493656  -0.031904 -0.029738 0.999048  0.879612 0.824672 1 53 1.000000
0  -4.250344 -25.974079 58.350246  -0.075207 0.043574 0.996215  0.869006 0.798613 1 53 1.000000
0  -4.389054 -26.291658 58.218697  -0.205106 -0.591783 0.779567  0.847997 0.808722 1 53 1.000000
v_hand_sheet.tga
0  -3.869772 -26.171995 58.493656  -0.031904 -0.029738 0.999048  0.879612 0.824672 1 53 1.000000
0  -4.389054 -26.291658 58.218697  -0.205106 -0.591783 0.779567  0.847997 0.808722 1 53 1.000000
0  -4.056285 -26.424416 58.285229  -0.334226 -0.623173 0.707070  0.858712 0.829677 1 53 1.000000
v_hand_sheet.tga
0  -7.809300 -26.088442 55.030441  -0.969808 -0.137320 -0.201535  0.559424 0.715171 1 39 1.000000
0  -7.560540 -27.389257 55.824295  -0.991520 -0.129735 -0.007555  0.596300 0.792595 1 39 1.000000
0  -7.730142 -25.911068 56.515068  -0.964770 -0.094585 0.245506  0.638380 0.718342 1 39 1.000000
v_hand_sheet.tga
0  -3.765020 -25.763016 58.319401  0.313647 0.669211 0.673634  0.903584 0.810091 1 53 1.000000
0  -4.188507 -25.635971 58.166786  0.235375 0.696470 0.677884  0.893201 0.785122 1 53 1.000000
0  -4.250344 -25.974079 58.350246  -0.075207 0.043574 0.996215  0.869006 0.798613 1 53 1.000000
v_hand_sheet.tga
0  -3.765020 -25.763016 58.319401  0.313647 0.669211 0.673634  0.903584 0.810091 1 53 1.000000
0  -4.250344 -25.974079 58.350246  -0.075207 0.043574 0.996215  0.869006 0.798613 1 53 1.000000
0  -3.869772 -26.171995 58.493656  -0.031904 -0.029738 0.999048  0.879612 0.824672 1 53 1.000000
v_hand_sheet.tga
0  -7.395690 -27.023691 57.331161  -0.831630 0.043791 0.553601  0.685879 0.774671 1 39 1.000000
0  -7.730142 -25.911068 56.515068  -0.964770 -0.094585 0.245506  0.638380 0.718342 1 39 1.000000
0  -7.547383 -27.369259 56.517414  -0.989036 -0.096084 0.112142  0.626168 0.799298 1 39 1.000000
v_hand_sheet.tga
0  -3.714569 -25.673822 57.989449  0.463667 0.876045 -0.132509  0.923529 0.803412 1 53 1.000000
0  -4.048171 -25.516138 57.843082  0.452326 0.889627 -0.062969  0.921531 0.781026 1 53 1.000000
0  -4.188507 -25.635971 58.166786  0.235375 0.696470 0.677884  0.893201 0.785122 1 53 1.000000
v_hand_sheet.tga
0  -3.714569 -25.673822 57.989449  0.463667 0.876045 -0.132509  0.923529 0.803412 1 53 1.000000
0  -4.188507 -25.635971 58.166786  0.235375 0.696470 0.677884  0.893201 0.785122 1 53 1.000000
0  -3.765020 -25.763016 58.319401  0.313647 0.669211 0.673634  0.903584 0.810091 1 53 1.000000
v_hand_sheet.tga
0  -4.799519 -26.425459 57.402222  0.716714 -0.672323 -0.185212  0.163510 0.800775 1 52 1.000000
0  -5.011227 -26.726236 57.510101  0.695546 -0.476498 0.537740  0.168668 0.822961 1 52 1.000000
0  -5.535192 -27.504957 57.015186  0.888113 -0.458042 -0.038125  0.215231 0.817251 1 39 1.000000
v_hand_sheet.tga
0  -3.766474 -25.944496 57.608829  0.336084 0.509859 -0.791891  0.098601 0.814890 1 53 1.000000
0  -4.153703 -25.634138 57.526299  0.394894 0.507708 -0.765697  0.111571 0.780915 1 53 1.000000
0  -4.048171 -25.516138 57.843082  0.452326 0.889627 -0.062969  0.086735 0.775596 1 53 1.000000
v_hand_sheet.tga
0  -3.766474 -25.944496 57.608829  0.336084 0.509859 -0.791891  0.098601 0.814890 1 53 1.000000
0  -4.048171 -25.516138 57.843082  0.452326 0.889627 -0.062969  0.086735 0.775596 1 53 1.000000
0  -3.714569 -25.673822 57.989449  0.463667 0.876045 -0.132509  0.069371 0.797265 1 53 1.000000
v_hand_sheet.tga
0  -6.654928 -29.862703 57.091125  -0.459981 -0.558409 -0.690360  0.137396 0.623188 1 49 1.000000
0  -6.331516 -30.219000 57.513111  -0.666503 -0.739555 0.093977  0.105287 0.595776 1 49 1.000000
0  -7.014690 -29.463066 57.240669  -0.803320 -0.581305 -0.129465  0.130458 0.656910 1 49 1.000000
v_hand_sheet.tga
0  -3.812592 -26.232044 57.498234  0.010416 -0.074431 -0.997172  0.110475 0.833989 1 53 1.000000
0  -4.242571 -26.046120 57.435623  0.272866 -0.152904 -0.949823  0.125821 0.807350 1 53 1.000000
0  -4.153703 -25.634138 57.526299  0.394894 0.507708 -0.765697  0.111571 0.780915 1 53 1.000000
v_hand_sheet.tga
0  -3.812592 -26.232044 57.498234  0.010416 -0.074431 -0.997172  0.110475 0.833989 1 53 1.000000
0  -4.153703 -25.634138 57.526299  0.394894 0.507708 -0.765697  0.111571 0.780915 1 53 1.000000
0  -3.766474 -25.944496 57.608829  0.336084 0.509859 -0.791891  0.098601 0.814890 1 53 1.000000
v_hand_sheet.tga
0  -2.541094 -26.910707 58.185829  0.316496 -0.553430 0.770419  0.098239 0.939487 1 54 1.000000
0  -3.071667 -26.883213 58.127071  -0.141733 -0.682237 0.717261  0.121814 0.913565 1 54 1.000000
0  -3.120516 -27.044964 57.868206  -0.137393 -0.987781 0.073569  0.106514 0.901331 1 54 1.000000
v_hand_sheet.tga
0  -2.541094 -26.910707 58.185829  0.316496 -0.553430 0.770419  0.098239 0.939487 1 54 1.000000
0  -3.120516 -27.044964 57.868206  -0.137393 -0.987781 0.073569  0.106514 0.901331 1 54 1.000000
0  -2.579019 -27.019833 58.023056  0.399040 -0.907568 -0.130720  0.084293 0.922885 1 54 1.000000
v_hand_sheet.tga
0  -4.056888 -26.526455 57.704407  -0.322020 -0.688691 -0.649622  0.126093 0.846026 1 53 1.000000
0  -4.386625 -26.374119 57.594582  0.031810 -0.785435 -0.618127  0.136714 0.813978 1 53 1.000000
0  -4.242571 -26.046120 57.435623  0.272866 -0.152904 -0.949823  0.125821 0.807350 1 53 1.000000
v_hand_sheet.tga
0  -4.056888 -26.526455 57.704407  -0.322020 -0.688691 -0.649622  0.126093 0.846026 1 53 1.000000
0  -4.242571 -26.046120 57.435623  0.272866 -0.152904 -0.949823  0.125821 0.807350 1 53 1.000000
0  -3.812592 -26.232044 57.498234  0.010416 -0.074431 -0.997172  0.110475 0.833989 1 53 1.000000
v_hand_sheet.tga
0  -5.856824 -28.034939 55.679718  0.969610 -0.221397 -0.104110  0.311504 0.856118 1 39 1.000000
0  -5.619862 -26.580370 55.483551  0.938437 -0.037030 -0.343461  0.315617 0.744980 1 39 1.000000
0  -5.446939 -27.085117 56.178436  0.928755 -0.288379 -0.232921  0.267098 0.786154 1 39 1.000000
v_hand_sheet.tga
0  -4.130609 -26.594618 57.942120  -0.440321 -0.893943 0.083562  0.135191 0.857179 1 53 1.000000
0  -4.526064 -26.443918 57.889889  -0.147081 -0.981142 0.125410  0.149501 0.820967 1 53 1.000000
0  -4.386625 -26.374119 57.594582  0.031810 -0.785435 -0.618127  0.136714 0.813978 1 53 1.000000
v_hand_sheet.tga
0  -4.130609 -26.594618 57.942120  -0.440321 -0.893943 0.083562  0.135191 0.857179 1 53 1.000000
0  -4.386625 -26.374119 57.594582  0.031810 -0.785435 -0.618127  0.136714 0.813978 1 53 1.000000
0  -4.056888 -26.526455 57.704407  -0.322020 -0.688691 -0.649622  0.126093 0.846026 1 53 1.000000
v_hand_sheet.tga
0  -4.250344 -25.974079 58.350246  -0.075207 0.043574 0.996215  0.869006 0.798613 1 53 1.000000
0  -4.688873 -25.768845 58.404148  0.021447 0.014604 0.999663  0.856887 0.769077 1 53 1.000000
0  -4.389054 -26.291658 58.218697  -0.205106 -0.591783 0.779567  0.847997 0.808722 1 53 1.000000
v_hand_sheet.tga
0  -7.547383 -27.369259 56.517414  -0.989036 -0.096084 0.112142  0.626168 0.799298 1 39 1.000000
0  -7.513674 -28.168554 56.569401  -0.988765 -0.117600 0.092276  0.620316 0.858488 1 39 1.000000
0  -7.347269 -28.265860 57.202942  -0.977275 -0.116122 0.177336  0.653346 0.860562 1 39 1.000000
v_hand_sheet.tga
0  -7.547383 -27.369259 56.517414  -0.989036 -0.096084 0.112142  0.626168 0.799298 1 39 1.000000
0  -7.347269 -28.265860 57.202942  -0.977275 -0.116122 0.177336  0.653346 0.860562 1 39 1.000000
0  -7.395690 -27.023691 57.331161  -0.831630 0.043791 0.553601  0.685879 0.774671 1 39 1.000000
v_hand_sheet.tga
0  -4.188507 -25.635971 58.166786  0.235375 0.696470 0.677884  0.893201 0.785122 1 53 1.000000
0  -4.632097 -25.346382 58.232388  0.314162 0.655830 0.686432  0.882146 0.754781 1 53 1.000000
0  -4.688873 -25.768845 58.404148  0.021447 0.014604 0.999663  0.856887 0.769077 1 53 1.000000
v_hand_sheet.tga
0  -4.188507 -25.635971 58.166786  0.235375 0.696470 0.677884  0.893201 0.785122 1 53 1.000000
0  -4.688873 -25.768845 58.404148  0.021447 0.014604 0.999663  0.856887 0.769077 1 53 1.000000
0  -4.250344 -25.974079 58.350246  -0.075207 0.043574 0.996215  0.869006 0.798613 1 53 1.000000
v_hand_sheet.tga
0  -5.973836 -25.935951 54.655697  0.909301 0.046842 -0.413494  0.374919 0.693048 1 39 1.000000
0  -5.850564 -25.738895 55.396290  0.960355 0.076312 -0.268132  0.320388 0.681730 1 39 1.000000
0  -5.619862 -26.580370 55.483551  0.938437 -0.037030 -0.343461  0.315617 0.744980 1 39 1.000000
v_hand_sheet.tga
0  -5.973836 -25.935951 54.655697  0.909301 0.046842 -0.413494  0.374919 0.693048 1 39 1.000000
0  -5.619862 -26.580370 55.483551  0.938437 -0.037030 -0.343461  0.315617 0.744980 1 39 1.000000
0  -5.846673 -26.717508 54.698040  0.924765 0.027204 -0.379564  0.374218 0.751809 1 39 1.000000
v_hand_sheet.tga
0  -4.048171 -25.516138 57.843082  0.452326 0.889627 -0.062969  0.921531 0.781026 1 53 1.000000
0  -4.602059 -25.256514 57.855450  0.489780 0.871097 0.036127  0.906594 0.749264 1 53 1.000000
0  -4.632097 -25.346382 58.232388  0.314162 0.655830 0.686432  0.882146 0.754781 1 53 1.000000
v_hand_sheet.tga
0  -4.048171 -25.516138 57.843082  0.452326 0.889627 -0.062969  0.921531 0.781026 1 53 1.000000
0  -4.632097 -25.346382 58.232388  0.314162 0.655830 0.686432  0.882146 0.754781 1 53 1.000000
0  -4.188507 -25.635971 58.166786  0.235375 0.696470 0.677884  0.893201 0.785122 1 53 1.000000
v_hand_sheet.tga
0  -5.535192 -27.504957 57.015186  0.888113 -0.458042 -0.038125  0.215231 0.817251 1 39 1.000000
0  -5.177343 -26.388435 56.364853  0.865867 -0.059798 -0.496687  0.247520 0.733986 1 39 1.000000
0  -4.826407 -25.766235 56.685249  0.842029 0.025115 -0.538848  0.190108 0.764176 1 52 1.000000
v_hand_sheet.tga
0  -4.153703 -25.634138 57.526299  0.394894 0.507708 -0.765697  0.111571 0.780915 1 53 1.000000
0  -4.432487 -25.489710 57.572697  0.557332 0.661263 -0.502107  0.115200 0.761375 1 53 1.000000
0  -4.602059 -25.256514 57.855450  0.489780 0.871097 0.036127  0.099368 0.738880 1 53 1.000000
v_hand_sheet.tga
0  -4.153703 -25.634138 57.526299  0.394894 0.507708 -0.765697  0.111571 0.780915 1 53 1.000000
0  -4.602059 -25.256514 57.855450  0.489780 0.871097 0.036127  0.099368 0.738880 1 53 1.000000
0  -4.048171 -25.516138 57.843082  0.452326 0.889627 -0.062969  0.086735 0.775596 1 53 1.000000
v_hand_sheet.tga
0  -4.644890 -25.857830 57.263378  0.608977 0.028215 -0.792686  0.148967 0.777648 1 52 1.000000
0  -4.432487 -25.489710 57.572697  0.557332 0.661263 -0.502107  0.115200 0.761375 1 53 1.000000
0  -4.153703 -25.634138 57.526299  0.394894 0.507708 -0.765697  0.111571 0.780915 1 53 1.000000
v_hand_sheet.tga
0  -4.242571 -26.046120 57.435623  0.272866 -0.152904 -0.949823  0.125821 0.807350 1 53 1.000000
0  -4.644890 -25.857830 57.263378  0.608977 0.028215 -0.792686  0.148967 0.777648 1 52 1.000000
0  -4.153703 -25.634138 57.526299  0.394894 0.507708 -0.765697  0.111571 0.780915 1 53 1.000000
v_hand_sheet.tga
0  -4.386625 -26.374119 57.594582  0.031810 -0.785435 -0.618127  0.136714 0.813978 1 53 1.000000
0  -4.799519 -26.425459 57.402222  0.716714 -0.672323 -0.185212  0.163510 0.800775 1 52 1.000000
0  -4.644890 -25.857830 57.263378  0.608977 0.028215 -0.792686  0.148967 0.777648 1 52 1.000000
v_hand_sheet.tga
0  -4.386625 -26.374119 57.594582  0.031810 -0.785435 -0.618127  0.136714 0.813978 1 53 1.000000
0  -4.644890 -25.857830 57.263378  0.608977 0.028215 -0.792686  0.148967 0.777648 1 52 1.000000
0  -4.242571 -26.046120 57.435623  0.272866 -0.152904 -0.949823  0.125821 0.807350 1 53 1.000000
v_hand_sheet.tga
0  -5.856824 -28.034939 55.679718  0.969610 -0.221397 -0.104110  0.311504 0.856118 1 39 1.000000
0  -5.446939 -27.085117 56.178436  0.928755 -0.288379 -0.232921  0.267098 0.786154 1 39 1.000000
0  -5.535192 -27.504957 57.015186  0.888113 -0.458042 -0.038125  0.215231 0.817251 1 39 1.000000
v_hand_sheet.tga
0  -5.237698 -26.076563 58.202435  -0.285794 -0.432695 0.855042  0.816469 0.760909 1 52 1.000000
0  -5.182231 -26.487667 57.845215  0.153270 -0.713165 0.684035  0.797992 0.782682 1 52 1.000000
0  -4.389054 -26.291658 58.218697  -0.205106 -0.591783 0.779567  0.847997 0.808722 1 53 1.000000
v_hand_sheet.tga
0  -4.389054 -26.291658 58.218697  -0.205106 -0.591783 0.779567  0.152480 0.833766 1 53 1.000000
0  -5.182231 -26.487667 57.845215  0.153270 -0.713165 0.684035  0.180684 0.795547 1 52 1.000000
0  -4.526064 -26.443918 57.889889  -0.147081 -0.981142 0.125410  0.149501 0.820967 1 53 1.000000
v_hand_sheet.tga
0  -7.560540 -27.389257 55.824295  -0.991520 -0.129735 -0.007555  0.596300 0.792595 1 39 1.000000
0  -7.455788 -28.180576 55.897736  -0.994911 -0.099532 0.015644  0.585543 0.857140 1 39 1.000000
0  -7.513674 -28.168554 56.569401  -0.988765 -0.117600 0.092276  0.620316 0.858488 1 39 1.000000
v_hand_sheet.tga
0  -7.560540 -27.389257 55.824295  -0.991520 -0.129735 -0.007555  0.596300 0.792595 1 39 1.000000
0  -7.513674 -28.168554 56.569401  -0.988765 -0.117600 0.092276  0.620316 0.858488 1 39 1.000000
0  -7.547383 -27.369259 56.517414  -0.989036 -0.096084 0.112142  0.626168 0.799298 1 39 1.000000
v_hand_sheet.tga
0  -4.688873 -25.768845 58.404148  0.021447 0.014604 0.999663  0.856887 0.769077 1 53 1.000000
0  -5.199307 -25.571795 58.310738  -0.235152 0.106828 0.966070  0.841694 0.738557 1 52 1.000000
0  -5.237698 -26.076563 58.202435  -0.285794 -0.432695 0.855042  0.816469 0.760909 1 52 1.000000
v_hand_sheet.tga
0  -4.688873 -25.768845 58.404148  0.021447 0.014604 0.999663  0.856887 0.769077 1 53 1.000000
0  -5.237698 -26.076563 58.202435  -0.285794 -0.432695 0.855042  0.816469 0.760909 1 52 1.000000
0  -4.389054 -26.291658 58.218697  -0.205106 -0.591783 0.779567  0.847997 0.808722 1 53 1.000000
v_hand_sheet.tga
0  -2.387790 -26.601305 58.144489  0.801422 0.242840 0.546582  0.946276 0.923710 1 54 1.000000
0  -2.808568 -26.328001 58.181355  0.398732 0.534522 0.745184  0.932411 0.876115 1 54 1.000000
0  -2.467779 -26.748518 58.216263  0.575695 -0.055838 0.815755  0.930009 0.928694 1 54 1.000000
v_hand_sheet.tga
0  -4.632097 -25.346382 58.232388  0.314162 0.655830 0.686432  0.882146 0.754781 1 53 1.000000
0  -5.104103 -25.159966 58.156761  -0.006067 0.743756 0.668424  0.870860 0.727766 1 52 1.000000
0  -5.199307 -25.571795 58.310738  -0.235152 0.106828 0.966070  0.841694 0.738557 1 52 1.000000
v_hand_sheet.tga
0  -4.632097 -25.346382 58.232388  0.314162 0.655830 0.686432  0.882146 0.754781 1 53 1.000000
0  -5.199307 -25.571795 58.310738  -0.235152 0.106828 0.966070  0.841694 0.738557 1 52 1.000000
0  -4.688873 -25.768845 58.404148  0.021447 0.014604 0.999663  0.856887 0.769077 1 53 1.000000
v_hand_sheet.tga
0  -7.513674 -28.168554 56.569401  -0.988765 -0.117600 0.092276  0.620316 0.858488 1 39 1.000000
0  -7.455788 -28.180576 55.897736  -0.994911 -0.099532 0.015644  0.585543 0.857140 1 39 1.000000
0  -7.360038 -29.142645 55.744999  -0.763093 -0.641423 -0.079151  0.577103 0.908870 1 39 1.000000
v_hand_sheet.tga
0  -7.513674 -28.168554 56.569401  -0.988765 -0.117600 0.092276  0.620316 0.858488 1 39 1.000000
0  -7.360038 -29.142645 55.744999  -0.763093 -0.641423 -0.079151  0.577103 0.908870 1 39 1.000000
0  -7.309103 -29.173981 56.505135  -0.850241 -0.513922 0.113904  0.615596 0.914841 1 39 1.000000
v_hand_sheet.tga
0  -4.602059 -25.256514 57.855450  0.489780 0.871097 0.036127  0.906594 0.749264 1 53 1.000000
0  -4.983858 -25.012589 57.775208  0.319719 0.943286 0.089394  0.900891 0.724371 1 52 1.000000
0  -5.104103 -25.159966 58.156761  -0.006067 0.743756 0.668424  0.870860 0.727766 1 52 1.000000
v_hand_sheet.tga
0  -4.602059 -25.256514 57.855450  0.489780 0.871097 0.036127  0.906594 0.749264 1 53 1.000000
0  -5.104103 -25.159966 58.156761  -0.006067 0.743756 0.668424  0.870860 0.727766 1 52 1.000000
0  -4.632097 -25.346382 58.232388  0.314162 0.655830 0.686432  0.882146 0.754781 1 53 1.000000
v_hand_sheet.tga
0  -5.535192 -27.504957 57.015186  0.888113 -0.458042 -0.038125  0.215231 0.817251 1 39 1.000000
0  -5.446939 -27.085117 56.178436  0.928755 -0.288379 -0.232921  0.267098 0.786154 1 39 1.000000
0  -5.177343 -26.388435 56.364853  0.865867 -0.059798 -0.496687  0.247520 0.733986 1 39 1.000000
v_hand_sheet.tga
0  -4.432487 -25.489710 57.572697  0.557332 0.661263 -0.502107  0.115200 0.761375 1 53 1.000000
0  -4.840459 -25.163118 57.236332  0.685578 0.658274 -0.310900  0.144959 0.725548 1 52 1.000000
0  -4.983858 -25.012589 57.775208  0.319719 0.943286 0.089394  0.111387 0.709642 1 52 1.000000
v_hand_sheet.tga
0  -4.432487 -25.489710 57.572697  0.557332 0.661263 -0.502107  0.115200 0.761375 1 53 1.000000
0  -4.983858 -25.012589 57.775208  0.319719 0.943286 0.089394  0.111387 0.709642 1 52 1.000000
0  -4.602059 -25.256514 57.855450  0.489780 0.871097 0.036127  0.099368 0.738880 1 53 1.000000
v_hand_sheet.tga
0  -4.526064 -26.443918 57.889889  -0.147081 -0.981142 0.125410  0.149501 0.820967 1 53 1.000000
0  -5.182231 -26.487667 57.845215  0.153270 -0.713165 0.684035  0.180684 0.795547 1 52 1.000000
0  -4.799519 -26.425459 57.402222  0.716714 -0.672323 -0.185212  0.163510 0.800775 1 52 1.000000
v_hand_sheet.tga
0  -4.526064 -26.443918 57.889889  -0.147081 -0.981142 0.125410  0.149501 0.820967 1 53 1.000000
0  -4.799519 -26.425459 57.402222  0.716714 -0.672323 -0.185212  0.163510 0.800775 1 52 1.000000
0  -4.386625 -26.374119 57.594582  0.031810 -0.785435 -0.618127  0.136714 0.813978 1 53 1.000000
v_hand_sheet.tga
0  -6.067953 -25.843695 57.956402  -0.316000 -0.055186 0.947153  0.779733 0.723147 1 52 1.000000
0  -6.641893 -27.511763 57.952835  -0.142039 -0.060103 0.988035  0.743494 0.805112 1 39 1.000000
0  -5.182231 -26.487667 57.845215  0.153270 -0.713165 0.684035  0.797992 0.782682 1 52 1.000000
v_hand_sheet.tga
0  -5.237698 -26.076563 58.202435  -0.285794 -0.432695 0.855042  0.816469 0.760909 1 52 1.000000
0  -6.067953 -25.843695 57.956402  -0.316000 -0.055186 0.947153  0.779733 0.723147 1 52 1.000000
0  -5.182231 -26.487667 57.845215  0.153270 -0.713165 0.684035  0.797992 0.782682 1 52 1.000000
v_hand_sheet.tga
0  -5.872226 -28.190653 56.908123  0.950383 -0.283784 0.127429  0.225903 0.874230 1 39 1.000000
0  -5.856824 -28.034939 55.679718  0.969610 -0.221397 -0.104110  0.311504 0.856118 1 39 1.000000
0  -5.535192 -27.504957 57.015186  0.888113 -0.458042 -0.038125  0.215231 0.817251 1 39 1.000000
v_hand_sheet.tga
0  -5.199307 -25.571795 58.310738  -0.235152 0.106828 0.966070  0.841694 0.738557 1 52 1.000000
0  -6.011590 -25.449209 57.932381  -0.375113 0.186581 0.908008  0.806871 0.695074 1 52 1.000000
0  -6.067953 -25.843695 57.956402  -0.316000 -0.055186 0.947153  0.779733 0.723147 1 52 1.000000
v_hand_sheet.tga
0  -5.199307 -25.571795 58.310738  -0.235152 0.106828 0.966070  0.841694 0.738557 1 52 1.000000
0  -6.067953 -25.843695 57.956402  -0.316000 -0.055186 0.947153  0.779733 0.723147 1 52 1.000000
0  -5.237698 -26.076563 58.202435  -0.285794 -0.432695 0.855042  0.816469 0.760909 1 52 1.000000
v_hand_sheet.tga
0  -5.932738 -29.458042 57.769855  0.589746 0.368683 0.718521  0.040279 0.598434 1 49 1.000000
0  -6.418249 -29.195841 57.903534  0.033364 0.033054 0.998897  0.038895 0.655301 1 49 1.000000
0  -6.191015 -29.670170 57.928970  0.014685 -0.007876 0.999861  0.057904 0.612491 1 49 1.000000
v_hand_sheet.tga
0  -5.104103 -25.159966 58.156761  -0.006067 0.743756 0.668424  0.870860 0.727766 1 52 1.000000
0  -5.951887 -25.049973 57.770966  -0.388306 0.749446 0.536237  0.846687 0.680861 1 52 1.000000
0  -6.011590 -25.449209 57.932381  -0.375113 0.186581 0.908008  0.806871 0.695074 1 52 1.000000
v_hand_sheet.tga
0  -5.104103 -25.159966 58.156761  -0.006067 0.743756 0.668424  0.870860 0.727766 1 52 1.000000
0  -6.011590 -25.449209 57.932381  -0.375113 0.186581 0.908008  0.806871 0.695074 1 52 1.000000
0  -5.199307 -25.571795 58.310738  -0.235152 0.106828 0.966070  0.841694 0.738557 1 52 1.000000
v_hand_sheet.tga
0  -7.444890 -26.155870 54.288059  -0.888914 -0.090171 -0.449112  0.518557 0.713495 1 39 1.000000
0  -7.242864 -27.221731 54.197895  -0.940519 -0.114714 -0.319788  0.512229 0.788921 1 39 1.000000
0  -7.487311 -27.400291 55.119541  -0.973651 -0.130757 -0.186831  0.554928 0.792672 1 39 1.000000
v_hand_sheet.tga
0  -7.444890 -26.155870 54.288059  -0.888914 -0.090171 -0.449112  0.518557 0.713495 1 39 1.000000
0  -7.487311 -27.400291 55.119541  -0.973651 -0.130757 -0.186831  0.554928 0.792672 1 39 1.000000
0  -7.809300 -26.088442 55.030441  -0.969808 -0.137320 -0.201535  0.559424 0.715171 1 39 1.000000
v_hand_sheet.tga
0  -4.983858 -25.012589 57.775208  0.319719 0.943286 0.089394  0.900891 0.724371 1 52 1.000000
0  -5.707387 -24.949327 57.069965  -0.266429 0.935589 -0.231710  0.894678 0.682296 1 52 1.000000
0  -5.951887 -25.049973 57.770966  -0.388306 0.749446 0.536237  0.846687 0.680861 1 52 1.000000
v_hand_sheet.tga
0  -4.983858 -25.012589 57.775208  0.319719 0.943286 0.089394  0.900891 0.724371 1 52 1.000000
0  -5.951887 -25.049973 57.770966  -0.388306 0.749446 0.536237  0.846687 0.680861 1 52 1.000000
0  -5.104103 -25.159966 58.156761  -0.006067 0.743756 0.668424  0.870860 0.727766 1 52 1.000000
v_hand_sheet.tga
0  -5.846673 -26.717508 54.698040  0.924765 0.027204 -0.379564  0.374218 0.751809 1 39 1.000000
0  -6.163964 -26.758696 54.110619  0.855456 0.038557 -0.516438  0.425615 0.765611 1 39 1.000000
0  -6.330089 -26.036785 54.282753  0.737377 0.089467 -0.669531  0.415373 0.702929 1 39 1.000000
v_hand_sheet.tga
0  -5.846673 -26.717508 54.698040  0.924765 0.027204 -0.379564  0.374218 0.751809 1 39 1.000000
0  -6.330089 -26.036785 54.282753  0.737377 0.089467 -0.669531  0.415373 0.702929 1 39 1.000000
0  -5.973836 -25.935951 54.655697  0.909301 0.046842 -0.413494  0.374919 0.693048 1 39 1.000000
v_hand_sheet.tga
0  -4.840459 -25.163118 57.236332  0.685578 0.658274 -0.310900  0.144959 0.725548 1 52 1.000000
0  -5.240485 -25.048254 56.691631  0.452042 0.639304 -0.622051  0.169862 0.706015 1 52 1.000000
0  -5.707387 -24.949327 57.069965  -0.266429 0.935589 -0.231710  0.156019 0.680588 1 52 1.000000
v_hand_sheet.tga
0  -4.840459 -25.163118 57.236332  0.685578 0.658274 -0.310900  0.144959 0.725548 1 52 1.000000
0  -5.707387 -24.949327 57.069965  -0.266429 0.935589 -0.231710  0.156019 0.680588 1 52 1.000000
0  -4.983858 -25.012589 57.775208  0.319719 0.943286 0.089394  0.111387 0.709642 1 52 1.000000
v_hand_sheet.tga
0  -4.826407 -25.766235 56.685249  0.842029 0.025115 -0.538848  0.190108 0.764176 1 52 1.000000
0  -5.240485 -25.048254 56.691631  0.452042 0.639304 -0.622051  0.169862 0.706015 1 52 1.000000
0  -4.840459 -25.163118 57.236332  0.685578 0.658274 -0.310900  0.144959 0.725548 1 52 1.000000
v_hand_sheet.tga
0  -4.644890 -25.857830 57.263378  0.608977 0.028215 -0.792686  0.148967 0.777648 1 52 1.000000
0  -4.826407 -25.766235 56.685249  0.842029 0.025115 -0.538848  0.190108 0.764176 1 52 1.000000
0  -4.840459 -25.163118 57.236332  0.685578 0.658274 -0.310900  0.144959 0.725548 1 52 1.000000
v_hand_sheet.tga
0  -4.644890 -25.857830 57.263378  0.608977 0.028215 -0.792686  0.148967 0.777648 1 52 1.000000
0  -4.840459 -25.163118 57.236332  0.685578 0.658274 -0.310900  0.144959 0.725548 1 52 1.000000
0  -4.432487 -25.489710 57.572697  0.557332 0.661263 -0.502107  0.115200 0.761375 1 53 1.000000
v_hand_sheet.tga
0  -4.799519 -26.425459 57.402222  0.716714 -0.672323 -0.185212  0.163510 0.800775 1 52 1.000000
0  -5.535192 -27.504957 57.015186  0.888113 -0.458042 -0.038125  0.215231 0.817251 1 39 1.000000
0  -4.826407 -25.766235 56.685249  0.842029 0.025115 -0.538848  0.190108 0.764176 1 52 1.000000
v_hand_sheet.tga
0  -4.799519 -26.425459 57.402222  0.716714 -0.672323 -0.185212  0.163510 0.800775 1 52 1.000000
0  -4.826407 -25.766235 56.685249  0.842029 0.025115 -0.538848  0.190108 0.764176 1 52 1.000000
0  -4.644890 -25.857830 57.263378  0.608977 0.028215 -0.792686  0.148967 0.777648 1 52 1.000000
v_hand_sheet.tga
0  -6.641893 -27.511763 57.952835  -0.142039 -0.060103 0.988035  0.743494 0.805112 1 39 1.000000
0  -5.011227 -26.726236 57.510101  0.695546 -0.476498 0.537740  0.792771 0.801463 1 52 1.000000
0  -5.182231 -26.487667 57.845215  0.153270 -0.713165 0.684035  0.797992 0.782682 1 52 1.000000
v_hand_sheet.tga
0  -5.182231 -26.487667 57.845215  0.153270 -0.713165 0.684035  0.180684 0.795547 1 52 1.000000
0  -5.011227 -26.726236 57.510101  0.695546 -0.476498 0.537740  0.168668 0.822961 1 52 1.000000
0  -4.799519 -26.425459 57.402222  0.716714 -0.672323 -0.185212  0.163510 0.800775 1 52 1.000000
v_hand_sheet.tga
0  -6.067953 -25.843695 57.956402  -0.316000 -0.055186 0.947153  0.779733 0.723147 1 52 1.000000
0  -6.753245 -26.479420 57.788860  -0.493911 0.107140 0.862886  0.733097 0.758069 2 39 0.725965 52 0.274035
0  -6.641893 -27.511763 57.952835  -0.142039 -0.060103 0.988035  0.743494 0.805112 1 39 1.000000
v_hand_sheet.tga
0  -7.073088 -25.489168 57.450157  -0.582291 0.068235 0.810112  0.719231 0.686486 1 39 1.000000
0  -6.753245 -26.479420 57.788860  -0.493911 0.107140 0.862886  0.733097 0.758069 2 39 0.725965 52 0.274035
0  -6.067953 -25.843695 57.956402  -0.316000 -0.055186 0.947153  0.779733 0.723147 1 52 1.000000
v_hand_sheet.tga
0  -6.011590 -25.449209 57.932381  -0.375113 0.186581 0.908008  0.806871 0.695074 1 52 1.000000
0  -7.073088 -25.489168 57.450157  -0.582291 0.068235 0.810112  0.719231 0.686486 1 39 1.000000
0  -6.067953 -25.843695 57.956402  -0.316000 -0.055186 0.947153  0.779733 0.723147 1 52 1.000000
v_hand_sheet.tga
0  -2.902660 -26.602959 58.318981  0.074608 -0.121894 0.989735  0.907516 0.889710 1 54 1.000000
0  -3.071667 -26.883213 58.127071  -0.141733 -0.682237 0.717261  0.887674 0.898502 1 54 1.000000
0  -2.541094 -26.910707 58.185829  0.316496 -0.553430 0.770419  0.917443 0.935682 1 54 1.000000
v_hand_sheet.tga
0  -5.707387 -24.949327 57.069965  -0.266429 0.935589 -0.231710  0.894678 0.682296 1 52 1.000000
0  -5.996477 -25.230305 57.121658  -0.608899 0.716044 -0.341356  0.848676 0.637391 1 39 1.000000
0  -6.455956 -25.294989 57.704552  -0.540081 0.819755 -0.190563  0.788647 0.669930 1 39 1.000000
v_hand_sheet.tga
0  -5.707387 -24.949327 57.069965  -0.266429 0.935589 -0.231710  0.894678 0.682296 1 52 1.000000
0  -6.455956 -25.294989 57.704552  -0.540081 0.819755 -0.190563  0.788647 0.669930 1 39 1.000000
0  -5.951887 -25.049973 57.770966  -0.388306 0.749446 0.536237  0.846687 0.680861 1 52 1.000000
v_hand_sheet.tga
0  -5.502768 -25.315737 56.342712  -0.449733 0.740392 -0.499559  0.247688 0.653893 1 39 1.000000
0  -5.996477 -25.230305 57.121658  -0.608899 0.716044 -0.341356  0.183551 0.650052 1 39 1.000000
0  -5.707387 -24.949327 57.069965  -0.266429 0.935589 -0.231710  0.156019 0.680588 1 52 1.000000
v_hand_sheet.tga
0  -5.240485 -25.048254 56.691631  0.452042 0.639304 -0.622051  0.169862 0.706015 1 52 1.000000
0  -5.502768 -25.315737 56.342712  -0.449733 0.740392 -0.499559  0.247688 0.653893 1 39 1.000000
0  -5.707387 -24.949327 57.069965  -0.266429 0.935589 -0.231710  0.156019 0.680588 1 52 1.000000
v_hand_sheet.tga
0  -5.177343 -26.388435 56.364853  0.865867 -0.059798 -0.496687  0.247520 0.733986 1 39 1.000000
0  -5.502768 -25.315737 56.342712  0.941483 0.183995 -0.282411  0.247688 0.653893 1 39 1.000000
0  -5.240485 -25.048254 56.691631  0.452042 0.639304 -0.622051  0.169862 0.706015 1 52 1.000000
v_hand_sheet.tga
0  -4.826407 -25.766235 56.685249  0.842029 0.025115 -0.538848  0.190108 0.764176 1 52 1.000000
0  -5.177343 -26.388435 56.364853  0.865867 -0.059798 -0.496687  0.247520 0.733986 1 39 1.000000
0  -5.240485 -25.048254 56.691631  0.452042 0.639304 -0.622051  0.169862 0.706015 1 52 1.000000
v_hand_sheet.tga
0  -6.455956 -25.294989 57.704552  -0.166566 0.186783 0.968178  0.788647 0.669930 1 39 1.000000
0  -7.073088 -25.489168 57.450157  -0.582291 0.068235 0.810112  0.719231 0.686486 1 39 1.000000
0  -6.011590 -25.449209 57.932381  -0.375113 0.186581 0.908008  0.806871 0.695074 1 52 1.000000
v_hand_sheet.tga
0  -6.455956 -25.294989 57.704552  -0.166566 0.186783 0.968178  0.788647 0.669930 1 39 1.000000
0  -6.011590 -25.449209 57.932381  -0.375113 0.186581 0.908008  0.806871 0.695074 1 52 1.000000
0  -5.951887 -25.049973 57.770966  -0.388306 0.749446 0.536237  0.846687 0.680861 1 52 1.000000
v_hand_sheet.tga
0  -6.942607 -29.475658 56.680004  -0.569613 -0.668983 0.477497  0.623225 0.943532 1 46 1.000000
0  -7.246857 -29.092592 57.073776  -0.829117 -0.551370 0.092501  0.644404 0.915741 1 39 1.000000
0  -7.309103 -29.173981 56.505135  -0.850241 -0.513922 0.113904  0.615596 0.914841 1 39 1.000000
v_hand_sheet.tga
0  -5.966855 -29.139759 56.544144  0.971672 0.088378 0.219188  0.258207 0.957708 1 46 1.000000
0  -5.884799 -28.743723 56.686543  0.981352 -0.182172 0.061329  0.244307 0.914766 1 39 1.000000
0  -6.165184 -29.278074 56.797295  0.972582 -0.064924 0.223315  0.243349 0.966937 1 46 1.000000
v_hand_sheet.tga
0  -6.418249 -29.195841 57.903534  0.033364 0.033054 0.998897  0.740379 0.916829 1 49 1.000000
0  -7.003943 -28.412878 57.809448  -0.309158 -0.040448 0.950150  0.713618 0.864338 1 39 1.000000
0  -7.110659 -29.063572 57.710526  -0.716590 -0.260751 0.646922  0.690172 0.907910 2 39 0.819775 49 0.180225
v_hand_sheet.tga
0  -3.803372 -30.103466 56.804840  0.711469 0.526699 -0.465188  0.062015 0.704952 1 51 1.000000
0  -3.753417 -30.152260 56.981968  0.942891 0.224496 0.246084  0.045241 0.703328 1 51 1.000000
0  -3.757282 -30.254332 56.855774  0.943505 -0.161348 -0.289421  0.052037 0.715190 1 51 1.000000
v_hand_sheet.tga
0  -3.753417 -30.152260 56.981968  0.942891 0.224496 0.246084  0.045241 0.703328 1 51 1.000000
0  -3.795036 -30.366055 57.001064  0.787779 -0.611919 0.070432  0.037373 0.720936 1 51 1.000000
0  -3.757282 -30.254332 56.855774  0.943505 -0.161348 -0.289421  0.052037 0.715190 1 51 1.000000
v_hand_sheet.tga
0  -3.795036 -30.366055 57.001064  0.787779 -0.611919 0.070432  0.037373 0.720936 1 51 1.000000
0  -3.894191 -30.323627 56.689423  0.521024 -0.304058 -0.797548  0.065727 0.727353 1 51 1.000000
0  -3.757282 -30.254332 56.855774  0.943505 -0.161348 -0.289421  0.052037 0.715190 1 51 1.000000
v_hand_sheet.tga
0  -3.894191 -30.323627 56.689423  0.521024 -0.304058 -0.797548  0.065727 0.727353 1 51 1.000000
0  -3.803372 -30.103466 56.804840  0.711469 0.526699 -0.465188  0.062015 0.704952 1 51 1.000000
0  -3.757282 -30.254332 56.855774  0.943505 -0.161348 -0.289421  0.052037 0.715190 1 51 1.000000
v_hand_sheet.tga
0  -6.231236 -29.544790 54.951046  -0.098430 -0.792279 -0.602167  0.042978 0.608565 1 40 1.000000
0  -6.855354 -29.524553 54.998924  -0.415312 -0.858366 -0.301204  0.038895 0.655301 1 40 1.000000
0  -6.710660 -29.419458 54.732822  -0.454839 -0.889155 -0.050251  0.092586 0.657232 1 40 1.000000
v_hand_sheet.tga
0  -3.803372 -30.103466 56.804840  0.711469 0.526699 -0.465188  0.062015 0.704952 1 51 1.000000
0  -4.076262 -29.915123 56.996815  0.219003 0.975721 -0.002556  0.061541 0.680228 1 51 1.000000
0  -4.008944 -30.015614 57.246456  0.458742 0.667190 0.586868  0.036421 0.680610 1 51 1.000000
v_hand_sheet.tga
0  -3.803372 -30.103466 56.804840  0.711469 0.526699 -0.465188  0.062015 0.704952 1 51 1.000000
0  -4.008944 -30.015614 57.246456  0.458742 0.667190 0.586868  0.036421 0.680610 1 51 1.000000
0  -3.753417 -30.152260 56.981968  0.942891 0.224496 0.246084  0.045241 0.703328 1 51 1.000000
v_hand_sheet.tga
0  -4.008944 -30.015614 57.246456  0.458742 0.667190 0.586868  0.036421 0.680610 1 51 1.000000
0  -3.971307 -30.319855 57.341068  0.684046 -0.138717 0.716128  0.017224 0.703253 1 51 1.000000
0  -3.753417 -30.152260 56.981968  0.942891 0.224496 0.246084  0.045241 0.703328 1 51 1.000000
v_hand_sheet.tga
0  -3.971307 -30.319855 57.341068  0.684046 -0.138717 0.716128  0.017224 0.703253 1 51 1.000000
0  -3.795036 -30.366055 57.001064  0.787779 -0.611919 0.070432  0.037373 0.720936 1 51 1.000000
0  -3.753417 -30.152260 56.981968  0.942891 0.224496 0.246084  0.045241 0.703328 1 51 1.000000
v_hand_sheet.tga
0  -3.971307 -30.319855 57.341068  0.684046 -0.138717 0.716128  0.017224 0.703253 1 51 1.000000
0  -4.108668 -30.558071 57.245972  0.521274 -0.732680 0.437553  0.017303 0.729547 1 51 1.000000
0  -3.795036 -30.366055 57.001064  0.787779 -0.611919 0.070432  0.037373 0.720936 1 51 1.000000
v_hand_sheet.tga
0  -4.108668 -30.558071 57.245972  0.521274 -0.732680 0.437553  0.017303 0.729547 1 51 1.000000
0  -4.233414 -30.619156 57.045967  0.357126 -0.920829 -0.156638  0.033688 0.742685 1 51 1.000000
0  -3.795036 -30.366055 57.001064  0.787779 -0.611919 0.070432  0.037373 0.720936 1 51 1.000000
v_hand_sheet.tga
0  -7.455788 -28.180576 55.897736  -0.994911 -0.099532 0.015644  0.585543 0.857140 1 39 1.000000
0  -7.560540 -27.389257 55.824295  -0.991520 -0.129735 -0.007555  0.596300 0.792595 1 39 1.000000
0  -7.487311 -27.400291 55.119541  -0.973651 -0.130757 -0.186831  0.554928 0.792672 1 39 1.000000
v_hand_sheet.tga
0  -7.455788 -28.180576 55.897736  -0.994911 -0.099532 0.015644  0.585543 0.857140 1 39 1.000000
0  -7.487311 -27.400291 55.119541  -0.973651 -0.130757 -0.186831  0.554928 0.792672 1 39 1.000000
0  -7.523095 -28.208838 55.220089  -0.980639 -0.143178 -0.133596  0.550220 0.855790 1 39 1.000000
v_hand_sheet.tga
0  -3.795036 -30.366055 57.001064  0.787779 -0.611919 0.070432  0.037373 0.720936 1 51 1.000000
0  -4.233414 -30.619156 57.045967  0.357126 -0.920829 -0.156638  0.033688 0.742685 1 51 1.000000
0  -4.270720 -30.532057 56.782310  0.100113 -0.727966 -0.678265  0.058956 0.744103 1 51 1.000000
v_hand_sheet.tga
0  -3.795036 -30.366055 57.001064  0.787779 -0.611919 0.070432  0.037373 0.720936 1 51 1.000000
0  -4.270720 -30.532057 56.782310  0.100113 -0.727966 -0.678265  0.058956 0.744103 1 51 1.000000
0  -3.894191 -30.323627 56.689423  0.521024 -0.304058 -0.797548  0.065727 0.727353 1 51 1.000000
v_hand_sheet.tga
0  -4.270720 -30.532057 56.782310  0.100113 -0.727966 -0.678265  0.058956 0.744103 1 51 1.000000
0  -4.214756 -30.283129 56.625866  -0.003625 -0.150317 -0.988631  0.082767 0.726789 1 51 1.000000
0  -3.894191 -30.323627 56.689423  0.521024 -0.304058 -0.797548  0.065727 0.727353 1 51 1.000000
v_hand_sheet.tga
0  -4.214756 -30.283129 56.625866  -0.003625 -0.150317 -0.988631  0.082767 0.726789 1 51 1.000000
0  -4.196849 -29.989571 56.693203  0.112376 0.626646 -0.771159  0.083567 0.695109 1 51 1.000000
0  -3.894191 -30.323627 56.689423  0.521024 -0.304058 -0.797548  0.065727 0.727353 1 51 1.000000
v_hand_sheet.tga
0  -4.196849 -29.989571 56.693203  0.112376 0.626646 -0.771159  0.083567 0.695109 1 51 1.000000
0  -3.803372 -30.103466 56.804840  0.711469 0.526699 -0.465188  0.062015 0.704952 1 51 1.000000
0  -3.894191 -30.323627 56.689423  0.521024 -0.304058 -0.797548  0.065727 0.727353 1 51 1.000000
v_hand_sheet.tga
0  -4.196849 -29.989571 56.693203  0.112376 0.626646 -0.771159  0.083567 0.695109 1 51 1.000000
0  -4.076262 -29.915123 56.996815  0.219003 0.975721 -0.002556  0.061541 0.680228 1 51 1.000000
0  -3.803372 -30.103466 56.804840  0.711469 0.526699 -0.465188  0.062015 0.704952 1 51 1.000000
v_hand_sheet.tga
0  -2.903504 -26.483461 57.614845  0.429824 0.208290 -0.878559  0.077726 0.881038 1 54 1.000000
0  -2.706535 -26.240141 57.808754  0.460729 0.387109 -0.798671  0.056333 0.870635 1 54 1.000000
0  -2.359819 -26.596363 57.955143  0.887737 0.177125 -0.424911  0.052726 0.905188 1 54 1.000000
v_hand_sheet.tga
0  -4.076262 -29.915123 56.996815  0.219003 0.975721 -0.002556  0.020379 0.439988 1 51 1.000000
0  -4.468873 -29.943151 57.096722  -0.126237 0.980183 0.152664  0.019296 0.466991 1 51 1.000000
0  -4.381386 -30.096079 57.367542  0.159703 0.676580 0.718842  0.042199 0.465243 1 51 1.000000
v_hand_sheet.tga
0  -4.076262 -29.915123 56.996815  0.219003 0.975721 -0.002556  0.020379 0.439988 1 51 1.000000
0  -4.381386 -30.096079 57.367542  0.159703 0.676580 0.718842  0.042199 0.465243 1 51 1.000000
0  -4.008944 -30.015614 57.246456  0.458742 0.667190 0.586868  0.038317 0.439447 1 51 1.000000
v_hand_sheet.tga
0  -4.511740 -29.654451 54.573147  0.166539 0.914065 -0.369797  0.188804 0.465807 1 42 1.000000
0  -4.814187 -29.628717 54.490967  0.070183 0.935909 -0.345180  0.160182 0.493432 1 41 1.000000
0  -4.791627 -29.561245 54.718800  0.071870 0.994467 0.076616  0.188700 0.488331 1 41 1.000000
v_hand_sheet.tga
0  -4.511740 -29.654451 54.573147  0.166539 0.914065 -0.369797  0.188804 0.465807 1 42 1.000000
0  -4.791627 -29.561245 54.718800  0.071870 0.994467 0.076616  0.188700 0.488331 1 41 1.000000
0  -4.436112 -29.563866 54.747669  0.071586 0.993681 0.086445  0.188804 0.465807 1 42 1.000000
v_hand_sheet.tga
0  -4.008944 -30.015614 57.246456  0.458742 0.667190 0.586868  0.038317 0.439447 1 51 1.000000
0  -4.381386 -30.096079 57.367542  0.159703 0.676580 0.718842  0.042199 0.465243 1 51 1.000000
0  -4.327370 -30.400557 57.485126  0.376097 -0.133753 0.916876  0.072006 0.468051 1 51 1.000000
v_hand_sheet.tga
0  -4.008944 -30.015614 57.246456  0.458742 0.667190 0.586868  0.038317 0.439447 1 51 1.000000
0  -4.327370 -30.400557 57.485126  0.376097 -0.133753 0.916876  0.072006 0.468051 1 51 1.000000
0  -3.971307 -30.319855 57.341068  0.684046 -0.138717 0.716128  0.065555 0.442444 1 51 1.000000
v_hand_sheet.tga
0  -4.327370 -30.400557 57.485126  0.376097 -0.133753 0.916876  0.072006 0.468051 1 51 1.000000
0  -4.108668 -30.558071 57.245972  0.521274 -0.732680 0.437553  0.089428 0.449710 1 51 1.000000
0  -3.971307 -30.319855 57.341068  0.684046 -0.138717 0.716128  0.065555 0.442444 1 51 1.000000
v_hand_sheet.tga
0  -4.629425 -30.694538 57.477989  0.244474 -0.685474 0.685826  0.090925 0.488784 1 51 1.000000
0  -4.108668 -30.558071 57.245972  0.521274 -0.732680 0.437553  0.089428 0.449710 1 51 1.000000
0  -4.327370 -30.400557 57.485126  0.376097 -0.133753 0.916876  0.072006 0.468051 1 51 1.000000
v_hand_sheet.tga
0  -7.360038 -29.142645 55.744999  -0.763093 -0.641423 -0.079151  0.577103 0.908870 1 39 1.000000
0  -7.523095 -28.208838 55.220089  -0.980639 -0.143178 -0.133596  0.550220 0.855790 1 39 1.000000
0  -7.125584 -29.229408 54.960384  -0.757545 -0.635107 -0.150878  0.535463 0.915183 1 39 1.000000
v_hand_sheet.tga
0  -4.108668 -30.558071 57.245972  0.521274 -0.732680 0.437553  0.089428 0.449710 1 51 1.000000
0  -4.629425 -30.694538 57.477989  0.244474 -0.685474 0.685826  0.090925 0.488784 1 51 1.000000
0  -4.716749 -30.788794 57.227024  0.001797 -0.997490 -0.070787  0.106574 0.490107 1 51 1.000000
v_hand_sheet.tga
0  -4.108668 -30.558071 57.245972  0.521274 -0.732680 0.437553  0.089428 0.449710 1 51 1.000000
0  -4.716749 -30.788794 57.227024  0.001797 -0.997490 -0.070787  0.106574 0.490107 1 51 1.000000
0  -4.233414 -30.619156 57.045967  0.357126 -0.920829 -0.156638  0.107275 0.455858 1 51 1.000000
v_hand_sheet.tga
0  -7.360038 -29.142645 55.744999  -0.763093 -0.641423 -0.079151  0.577103 0.908870 1 39 1.000000
0  -6.973652 -29.548830 56.243446  -0.651819 -0.715884 -0.250283  0.601642 0.942979 1 46 1.000000
0  -7.309103 -29.173981 56.505135  -0.850241 -0.513922 0.113904  0.615596 0.914841 1 39 1.000000
v_hand_sheet.tga
0  -4.233414 -30.619156 57.045967  0.357126 -0.920829 -0.156638  0.107275 0.455858 1 51 1.000000
0  -4.716749 -30.788794 57.227024  0.001797 -0.997490 -0.070787  0.106574 0.490107 1 51 1.000000
0  -4.831904 -30.637318 56.941917  -0.185922 -0.699171 -0.690357  0.123992 0.493546 1 51 1.000000
v_hand_sheet.tga
0  -4.233414 -30.619156 57.045967  0.357126 -0.920829 -0.156638  0.107275 0.455858 1 51 1.000000
0  -4.831904 -30.637318 56.941917  -0.185922 -0.699171 -0.690357  0.123992 0.493546 1 51 1.000000
0  -4.270720 -30.532057 56.782310  0.100113 -0.727966 -0.678265  0.132306 0.458235 1 51 1.000000
v_hand_sheet.tga
0  -4.831904 -30.637318 56.941917  -0.185922 -0.699171 -0.690357  0.123992 0.493546 1 51 1.000000
0  -4.573784 -30.343115 56.682289  -0.256128 -0.171590 -0.951291  0.143525 0.471982 1 51 1.000000
0  -4.270720 -30.532057 56.782310  0.100113 -0.727966 -0.678265  0.132306 0.458235 1 51 1.000000
v_hand_sheet.tga
0  -4.573784 -30.343115 56.682289  -0.256128 -0.171590 -0.951291  0.143525 0.471982 1 51 1.000000
0  -4.214756 -30.283129 56.625866  -0.003625 -0.150317 -0.988631  0.132306 0.458235 1 51 1.000000
0  -4.270720 -30.532057 56.782310  0.100113 -0.727966 -0.678265  0.132306 0.458235 1 51 1.000000
v_hand_sheet.tga
0  -7.109024 -27.956816 57.759960  -0.564619 0.066489 0.822670  0.707431 0.834200 1 39 1.000000
0  -7.278203 -28.430298 57.626957  -0.820915 -0.049907 0.568865  0.691840 0.864599 1 39 1.000000
0  -7.003943 -28.412878 57.809448  -0.309158 -0.040448 0.950150  0.713618 0.864338 1 39 1.000000
v_hand_sheet.tga
0  -4.214756 -30.283129 56.625866  -0.003625 -0.150317 -0.988631  0.132306 0.458235 1 51 1.000000
0  -4.573784 -30.343115 56.682289  -0.256128 -0.171590 -0.951291  0.143525 0.471982 1 51 1.000000
0  -4.565345 -30.028177 56.825459  -0.326563 0.756656 -0.566417  0.161907 0.468560 1 51 1.000000
v_hand_sheet.tga
0  -4.214756 -30.283129 56.625866  -0.003625 -0.150317 -0.988631  0.132306 0.458235 1 51 1.000000
0  -4.565345 -30.028177 56.825459  -0.326563 0.756656 -0.566417  0.161907 0.468560 1 51 1.000000
0  -4.196849 -29.989571 56.693203  0.112376 0.626646 -0.771159  0.162623 0.444351 1 51 1.000000
v_hand_sheet.tga
0  -6.328201 -24.146305 57.381268  0.605174 0.207959 0.768452  0.189545 0.605222 1 39 1.000000
0  -5.996477 -25.230305 57.121658  0.605314 0.208110 0.768300  0.183551 0.650052 1 39 1.000000
0  -5.502768 -25.315737 56.342712  0.941483 0.183995 -0.282411  0.247688 0.653893 1 39 1.000000
v_hand_sheet.tga
0  -6.328201 -24.146305 57.381268  0.605174 0.207959 0.768452  0.189545 0.605222 1 39 1.000000
0  -5.502768 -25.315737 56.342712  0.941483 0.183995 -0.282411  0.247688 0.653893 1 39 1.000000
0  -5.667767 -24.020691 56.184460  0.997985 0.013802 0.061936  0.279143 0.585806 1 39 1.000000
v_hand_sheet.tga
0  -4.196849 -29.989571 56.693203  0.112376 0.626646 -0.771159  0.162623 0.444351 1 51 1.000000
0  -4.565345 -30.028177 56.825459  -0.326563 0.756656 -0.566417  0.161907 0.468560 1 51 1.000000
0  -4.468873 -29.943151 57.096722  -0.126237 0.980183 0.152664  0.188804 0.465807 1 51 1.000000
v_hand_sheet.tga
0  -4.196849 -29.989571 56.693203  0.112376 0.626646 -0.771159  0.162623 0.444351 1 51 1.000000
0  -4.468873 -29.943151 57.096722  -0.126237 0.980183 0.152664  0.188804 0.465807 1 51 1.000000
0  -4.076262 -29.915123 56.996815  0.219003 0.975721 -0.002556  0.177228 0.440961 1 51 1.000000
v_hand_sheet.tga
0  -4.468873 -29.943151 57.096722  -0.126237 0.980183 0.152664  0.019296 0.466991 1 51 1.000000
0  -4.650254 -30.010994 57.237915  0.088994 0.990863 0.101343  0.024399 0.492713 1 50 1.000000
0  -4.662504 -30.127987 57.475689  0.302983 0.652013 0.695040  0.047671 0.490345 1 50 1.000000
v_hand_sheet.tga
0  -4.468873 -29.943151 57.096722  -0.126237 0.980183 0.152664  0.019296 0.466991 1 51 1.000000
0  -4.662504 -30.127987 57.475689  0.302983 0.652013 0.695040  0.047671 0.490345 1 50 1.000000
0  -4.381386 -30.096079 57.367542  0.159703 0.676580 0.718842  0.042199 0.465243 1 51 1.000000
v_hand_sheet.tga
0  -6.129109 -29.544970 54.910130  -0.031265 0.002399 0.999508  0.057904 0.612491 1 40 1.000000
0  -5.704074 -29.790064 54.945644  -0.160422 -0.005034 0.987036  0.067843 0.572031 3 40 0.971036 41 0.027029 43 0.001935
0  -5.608190 -29.589989 54.880920  0.069952 0.673262 0.736088  0.047609 0.568508 1 40 1.000000
v_hand_sheet.tga
0  -6.129109 -29.544970 54.910130  -0.031265 0.002399 0.999508  0.057904 0.612491 1 40 1.000000
0  -5.608190 -29.589989 54.880920  0.069952 0.673262 0.736088  0.047609 0.568508 1 40 1.000000
0  -5.985905 -29.335777 54.803799  0.554056 0.300410 0.776386  0.040279 0.598434 1 40 1.000000
v_hand_sheet.tga
0  -4.381386 -30.096079 57.367542  0.159703 0.676580 0.718842  0.042199 0.465243 1 51 1.000000
0  -4.662504 -30.127987 57.475689  0.302983 0.652013 0.695040  0.047671 0.490345 1 50 1.000000
0  -4.697159 -30.399399 57.604317  0.271511 -0.078397 0.959237  0.072691 0.493011 1 50 1.000000
v_hand_sheet.tga
0  -4.381386 -30.096079 57.367542  0.159703 0.676580 0.718842  0.042199 0.465243 1 51 1.000000
0  -4.697159 -30.399399 57.604317  0.271511 -0.078397 0.959237  0.072691 0.493011 1 50 1.000000
0  -4.327370 -30.400557 57.485126  0.376097 -0.133753 0.916876  0.072006 0.468051 1 51 1.000000
v_hand_sheet.tga
0  -4.697159 -30.399399 57.604317  0.271511 -0.078397 0.959237  0.072691 0.493011 1 50 1.000000
0  -4.629425 -30.694538 57.477989  0.244474 -0.685474 0.685826  0.090925 0.488784 1 51 1.000000
0  -4.327370 -30.400557 57.485126  0.376097 -0.133753 0.916876  0.072006 0.468051 1 51 1.000000
v_hand_sheet.tga
0  -5.046400 -30.622557 57.567478  0.014748 -0.684348 0.729006  0.091506 0.508151 1 50 1.000000
0  -4.629425 -30.694538 57.477989  0.244474 -0.685474 0.685826  0.090925 0.488784 1 51 1.000000
0  -4.697159 -30.399399 57.604317  0.271511 -0.078397 0.959237  0.072691 0.493011 1 50 1.000000
v_hand_sheet.tga
0  -5.998762 -29.200504 56.117031  0.952619 0.095235 -0.288873  0.289002 0.960133 1 46 1.000000
0  -6.085018 -28.781713 56.054008  0.986606 0.145320 0.074107  0.291351 0.914854 1 39 1.000000
0  -5.884799 -28.743723 56.686543  0.981352 -0.182172 0.061329  0.244307 0.914766 1 39 1.000000
v_hand_sheet.tga
0  -4.629425 -30.694538 57.477989  0.244474 -0.685474 0.685826  0.090925 0.488784 1 51 1.000000
0  -5.046400 -30.622557 57.567478  0.014748 -0.684348 0.729006  0.091506 0.508151 1 50 1.000000
0  -5.194668 -30.654583 57.332989  -0.245095 -0.969495 -0.002661  0.105694 0.515822 1 50 1.000000
v_hand_sheet.tga
0  -4.629425 -30.694538 57.477989  0.244474 -0.685474 0.685826  0.090925 0.488784 1 51 1.000000
0  -5.194668 -30.654583 57.332989  -0.245095 -0.969495 -0.002661  0.105694 0.515822 1 50 1.000000
0  -4.716749 -30.788794 57.227024  0.001797 -0.997490 -0.070787  0.106574 0.490107 1 51 1.000000
v_hand_sheet.tga
0  -6.942607 -29.475658 56.680004  -0.569613 -0.668983 0.477497  0.623225 0.943532 1 46 1.000000
0  -7.309103 -29.173981 56.505135  -0.850241 -0.513922 0.113904  0.615596 0.914841 1 39 1.000000
0  -6.973652 -29.548830 56.243446  -0.651819 -0.715884 -0.250283  0.601642 0.942979 1 46 1.000000
v_hand_sheet.tga
0  -4.716749 -30.788794 57.227024  0.001797 -0.997490 -0.070787  0.106574 0.490107 1 51 1.000000
0  -5.194668 -30.654583 57.332989  -0.245095 -0.969495 -0.002661  0.105694 0.515822 1 50 1.000000
0  -5.133633 -30.573280 56.993443  -0.272722 -0.656058 -0.703712  0.122669 0.510156 1 50 1.000000
v_hand_sheet.tga
0  -4.716749 -30.788794 57.227024  0.001797 -0.997490 -0.070787  0.106574 0.490107 1 51 1.000000
0  -5.133633 -30.573280 56.993443  -0.272722 -0.656058 -0.703712  0.122669 0.510156 1 50 1.000000
0  -4.831904 -30.637318 56.941917  -0.185922 -0.699171 -0.690357  0.123992 0.493546 1 51 1.000000
v_hand_sheet.tga
0  -5.133633 -30.573280 56.993443  -0.272722 -0.656058 -0.703712  0.122669 0.510156 1 50 1.000000
0  -4.988239 -30.321903 56.833565  -0.268071 -0.080207 -0.960055  0.140563 0.498415 1 50 1.000000
0  -4.831904 -30.637318 56.941917  -0.185922 -0.699171 -0.690357  0.123992 0.493546 1 51 1.000000
v_hand_sheet.tga
0  -4.988239 -30.321903 56.833565  -0.268071 -0.080207 -0.960055  0.140563 0.498415 1 50 1.000000
0  -4.573784 -30.343115 56.682289  -0.256128 -0.171590 -0.951291  0.143525 0.471982 1 51 1.000000
0  -4.831904 -30.637318 56.941917  -0.185922 -0.699171 -0.690357  0.123992 0.493546 1 51 1.000000
v_hand_sheet.tga
0  -2.444979 -26.799625 57.867298  0.650114 -0.428708 -0.627344  0.064571 0.916867 1 54 1.000000
0  -3.025761 -26.907715 57.604248  0.177131 -0.569340 -0.802793  0.088572 0.906162 1 54 1.000000
0  -2.903504 -26.483461 57.614845  0.429824 0.208290 -0.878559  0.077726 0.881038 1 54 1.000000
v_hand_sheet.tga
0  -2.444979 -26.799625 57.867298  0.650114 -0.428708 -0.627344  0.064571 0.916867 1 54 1.000000
0  -2.903504 -26.483461 57.614845  0.429824 0.208290 -0.878559  0.077726 0.881038 1 54 1.000000
0  -2.359819 -26.596363 57.955143  0.887737 0.177125 -0.424911  0.052726 0.905188 1 54 1.000000
v_hand_sheet.tga
0  -4.573784 -30.343115 56.682289  -0.256128 -0.171590 -0.951291  0.143525 0.471982 1 51 1.000000
0  -4.988239 -30.321903 56.833565  -0.268071 -0.080207 -0.960055  0.140563 0.498415 1 50 1.000000
0  -4.795849 -30.099033 56.935600  -0.151090 0.771606 -0.617896  0.160182 0.493432 1 50 1.000000
v_hand_sheet.tga
0  -4.573784 -30.343115 56.682289  -0.256128 -0.171590 -0.951291  0.143525 0.471982 1 51 1.000000
0  -4.795849 -30.099033 56.935600  -0.151090 0.771606 -0.617896  0.160182 0.493432 1 50 1.000000
0  -4.565345 -30.028177 56.825459  -0.326563 0.756656 -0.566417  0.161907 0.468560 1 51 1.000000
v_hand_sheet.tga
0  -4.565345 -30.028177 56.825459  -0.326563 0.756656 -0.566417  0.003610 0.472330 1 51 1.000000
0  -4.795849 -30.099033 56.935600  -0.151090 0.771606 -0.617896  0.003042 0.496859 1 50 1.000000
0  -4.650254 -30.010994 57.237915  0.088994 0.990863 0.101343  0.024399 0.492713 1 50 1.000000
v_hand_sheet.tga
0  -4.565345 -30.028177 56.825459  -0.326563 0.756656 -0.566417  0.003610 0.472330 1 51 1.000000
0  -4.650254 -30.010994 57.237915  0.088994 0.990863 0.101343  0.024399 0.492713 1 50 1.000000
0  -4.468873 -29.943151 57.096722  -0.126237 0.980183 0.152664  0.019296 0.466991 1 51 1.000000
v_hand_sheet.tga
0  -2.467779 -26.748518 58.216263  0.575695 -0.055838 0.815755  0.087614 0.950593 1 54 1.000000
0  -2.541094 -26.910707 58.185829  0.316496 -0.553430 0.770419  0.098239 0.939487 1 54 1.000000
0  -2.382726 -26.848686 58.036644  0.888802 -0.434736 0.145035  0.077437 0.936522 1 54 1.000000
v_hand_sheet.tga
0  -4.650254 -30.010994 57.237915  0.088994 0.990863 0.101343  0.024399 0.492713 1 50 1.000000
0  -5.119035 -29.838757 57.342834  0.322928 0.946408 -0.005485  0.023147 0.527538 1 50 1.000000
0  -5.132153 -29.960697 57.621990  0.376796 0.640935 0.668750  0.047847 0.528357 1 50 1.000000
v_hand_sheet.tga
0  -4.650254 -30.010994 57.237915  0.088994 0.990863 0.101343  0.024399 0.492713 1 50 1.000000
0  -5.132153 -29.960697 57.621990  0.376796 0.640935 0.668750  0.047847 0.528357 1 50 1.000000
0  -4.662504 -30.127987 57.475689  0.302983 0.652013 0.695040  0.047671 0.490345 1 50 1.000000
v_hand_sheet.tga
0  -4.662504 -30.127987 57.475689  0.302983 0.652013 0.695040  0.047671 0.490345 1 50 1.000000
0  -5.132153 -29.960697 57.621990  0.376796 0.640935 0.668750  0.047847 0.528357 1 50 1.000000
0  -5.362690 -30.204136 57.817287  0.214150 -0.076792 0.973778  0.070630 0.538652 1 50 1.000000
v_hand_sheet.tga
0  -4.662504 -30.127987 57.475689  0.302983 0.652013 0.695040  0.047671 0.490345 1 50 1.000000
0  -5.362690 -30.204136 57.817287  0.214150 -0.076792 0.973778  0.070630 0.538652 1 50 1.000000
0  -4.697159 -30.399399 57.604317  0.271511 -0.078397 0.959237  0.072691 0.493011 1 50 1.000000
v_hand_sheet.tga
0  -5.362690 -30.204136 57.817287  0.214150 -0.076792 0.973778  0.070630 0.538652 1 50 1.000000
0  -5.046400 -30.622557 57.567478  0.014748 -0.684348 0.729006  0.091506 0.508151 1 50 1.000000
0  -4.697159 -30.399399 57.604317  0.271511 -0.078397 0.959237  0.072691 0.493011 1 50 1.000000
v_hand_sheet.tga
0  -5.908668 -30.363581 57.805923  -0.142342 -0.594714 0.791236  0.087622 0.571570 1 50 1.000000
0  -5.046400 -30.622557 57.567478  0.014748 -0.684348 0.729006  0.091506 0.508151 1 50 1.000000
0  -5.362690 -30.204136 57.817287  0.214150 -0.076792 0.973778  0.070630 0.538652 1 50 1.000000
v_hand_sheet.tga
0  -6.035051 -29.037888 55.920746  0.991986 -0.085494 0.093032  0.306848 0.953213 1 43 1.000000
0  -5.941206 -28.770962 55.664742  0.978891 0.174996 0.105591  0.321993 0.933345 1 43 1.000000
0  -6.085018 -28.781713 56.054008  0.986606 0.145320 0.074107  0.291351 0.914854 1 39 1.000000
v_hand_sheet.tga
0  -5.046400 -30.622557 57.567478  0.014748 -0.684348 0.729006  0.091506 0.508151 1 50 1.000000
0  -5.908668 -30.363581 57.805923  -0.142342 -0.594714 0.791236  0.087622 0.571570 1 50 1.000000
0  -5.973436 -30.454418 57.469421  -0.406269 -0.913586 0.017488  0.105602 0.569720 1 50 1.000000
v_hand_sheet.tga
0  -5.046400 -30.622557 57.567478  0.014748 -0.684348 0.729006  0.091506 0.508151 1 50 1.000000
0  -5.973436 -30.454418 57.469421  -0.406269 -0.913586 0.017488  0.105602 0.569720 1 50 1.000000
0  -5.194668 -30.654583 57.332989  -0.245095 -0.969495 -0.002661  0.105694 0.515822 1 50 1.000000
v_hand_sheet.tga
0  -7.129847 -29.240255 54.572292  -0.718222 -0.645724 -0.259226  0.513014 0.912895 1 39 1.000000
0  -6.710660 -29.419458 54.732822  -0.454839 -0.889155 -0.050251  0.520329 0.941357 1 40 1.000000
0  -7.125584 -29.229408 54.960384  -0.757545 -0.635107 -0.150878  0.535463 0.915183 1 39 1.000000
v_hand_sheet.tga
0  -5.194668 -30.654583 57.332989  -0.245095 -0.969495 -0.002661  0.105694 0.515822 1 50 1.000000
0  -5.973436 -30.454418 57.469421  -0.406269 -0.913586 0.017488  0.105602 0.569720 1 50 1.000000
0  -6.011409 -30.308508 57.073883  -0.339048 -0.662073 -0.668361  0.125796 0.571838 1 50 1.000000
v_hand_sheet.tga
0  -5.194668 -30.654583 57.332989  -0.245095 -0.969495 -0.002661  0.105694 0.515822 1 50 1.000000
0  -6.011409 -30.308508 57.073883  -0.339048 -0.662073 -0.668361  0.125796 0.571838 1 50 1.000000
0  -5.133633 -30.573280 56.993443  -0.272722 -0.656058 -0.703712  0.122669 0.510156 1 50 1.000000
v_hand_sheet.tga
0  -5.523321 -30.190582 56.916622  -0.144031 -0.087112 -0.985731  0.141362 0.538819 1 50 1.000000
0  -4.988239 -30.321903 56.833565  -0.268071 -0.080207 -0.960055  0.140563 0.498415 1 50 1.000000
0  -5.133633 -30.573280 56.993443  -0.272722 -0.656058 -0.703712  0.122669 0.510156 1 50 1.000000
v_hand_sheet.tga
0  -5.523321 -30.190582 56.916622  -0.144031 -0.087112 -0.985731  0.141362 0.538819 1 50 1.000000
0  -5.133633 -30.573280 56.993443  -0.272722 -0.656058 -0.703712  0.122669 0.510156 1 50 1.000000
0  -6.011409 -30.308508 57.073883  -0.339048 -0.662073 -0.668361  0.125796 0.571838 1 50 1.000000
v_hand_sheet.tga
0  -3.025761 -26.907715 57.604248  0.177131 -0.569340 -0.802793  0.088572 0.906162 1 54 1.000000
0  -2.444979 -26.799625 57.867298  0.650114 -0.428708 -0.627344  0.064571 0.916867 1 54 1.000000
0  -2.579019 -27.019833 58.023056  0.399040 -0.907568 -0.130720  0.084293 0.922885 1 54 1.000000
v_hand_sheet.tga
0  -4.988239 -30.321903 56.833565  -0.268071 -0.080207 -0.960055  0.140563 0.498415 1 50 1.000000
0  -5.523321 -30.190582 56.916622  -0.144031 -0.087112 -0.985731  0.141362 0.538819 1 50 1.000000
0  -5.263482 -29.941755 57.026264  0.106158 0.716628 -0.689329  0.163360 0.529338 1 50 1.000000
v_hand_sheet.tga
0  -4.988239 -30.321903 56.833565  -0.268071 -0.080207 -0.960055  0.140563 0.498415 1 50 1.000000
0  -5.263482 -29.941755 57.026264  0.106158 0.716628 -0.689329  0.163360 0.529338 1 50 1.000000
0  -4.795849 -30.099033 56.935600  -0.151090 0.771606 -0.617896  0.160182 0.493432 1 50 1.000000
v_hand_sheet.tga
0  -7.342391 -24.366533 57.307400  -0.308246 0.064048 0.949148  0.734650 0.606600 1 39 1.000000
0  -6.455956 -25.294989 57.704552  -0.166566 0.186783 0.968178  0.788647 0.669930 1 39 1.000000
0  -5.996477 -25.230305 57.121658  0.605314 0.208110 0.768300  0.848676 0.637391 1 39 1.000000
v_hand_sheet.tga
0  -7.342391 -24.366533 57.307400  -0.308246 0.064048 0.949148  0.734650 0.606600 1 39 1.000000
0  -5.996477 -25.230305 57.121658  0.605314 0.208110 0.768300  0.848676 0.637391 1 39 1.000000
0  -6.328201 -24.146305 57.381268  0.605174 0.207959 0.768452  0.834211 0.573605 1 39 1.000000
v_hand_sheet.tga
0  -4.795849 -30.099033 56.935600  -0.151090 0.771606 -0.617896  0.003042 0.496859 1 50 1.000000
0  -5.263482 -29.941755 57.026264  0.106158 0.716628 -0.689329  0.003604 0.531445 1 50 1.000000
0  -5.119035 -29.838757 57.342834  0.322928 0.946408 -0.005485  0.023147 0.527538 1 50 1.000000
v_hand_sheet.tga
0  -4.795849 -30.099033 56.935600  -0.151090 0.771606 -0.617896  0.003042 0.496859 1 50 1.000000
0  -5.119035 -29.838757 57.342834  0.322928 0.946408 -0.005485  0.023147 0.527538 1 50 1.000000
0  -4.650254 -30.010994 57.237915  0.088994 0.990863 0.101343  0.024399 0.492713 1 50 1.000000
v_hand_sheet.tga
0  -3.120516 -27.044964 57.868206  -0.137393 -0.987781 0.073569  0.106514 0.901331 1 54 1.000000
0  -3.025761 -26.907715 57.604248  0.177131 -0.569340 -0.802793  0.088572 0.906162 1 54 1.000000
0  -2.579019 -27.019833 58.023056  0.399040 -0.907568 -0.130720  0.084293 0.922885 1 54 1.000000
v_hand_sheet.tga
0  -5.119035 -29.838757 57.342834  0.322928 0.946408 -0.005485  0.023147 0.527538 1 50 1.000000
0  -5.584338 -29.695784 57.406990  0.542539 0.837022 -0.071037  0.023034 0.567257 1 49 1.000000
0  -5.631707 -29.806570 57.740513  0.470815 0.573487 0.670407  0.047609 0.568508 1 49 1.000000
v_hand_sheet.tga
0  -5.119035 -29.838757 57.342834  0.322928 0.946408 -0.005485  0.023147 0.527538 1 50 1.000000
0  -5.631707 -29.806570 57.740513  0.470815 0.573487 0.670407  0.047609 0.568508 1 49 1.000000
0  -5.132153 -29.960697 57.621990  0.376796 0.640935 0.668750  0.047847 0.528357 1 50 1.000000
v_hand_sheet.tga
0  -5.132153 -29.960697 57.621990  0.376796 0.640935 0.668750  0.047847 0.528357 1 50 1.000000
0  -5.631707 -29.806570 57.740513  0.470815 0.573487 0.670407  0.047609 0.568508 1 49 1.000000
0  -5.820934 -30.026522 57.874790  0.117031 0.000417 0.993128  0.067843 0.572031 1 49 1.000000
v_hand_sheet.tga
0  -5.132153 -29.960697 57.621990  0.376796 0.640935 0.668750  0.047847 0.528357 1 50 1.000000
0  -5.820934 -30.026522 57.874790  0.117031 0.000417 0.993128  0.067843 0.572031 1 49 1.000000
0  -5.362690 -30.204136 57.817287  0.214150 -0.076792 0.973778  0.070630 0.538652 1 50 1.000000
v_hand_sheet.tga
0  -5.820934 -30.026522 57.874790  0.117031 0.000417 0.993128  0.067843 0.572031 1 49 1.000000
0  -5.908668 -30.363581 57.805923  -0.142342 -0.594714 0.791236  0.087622 0.571570 1 50 1.000000
0  -5.362690 -30.204136 57.817287  0.214150 -0.076792 0.973778  0.070630 0.538652 1 50 1.000000
v_hand_sheet.tga
0  -6.178951 -30.192038 57.816677  -0.374239 -0.448247 0.811800  0.088916 0.589919 1 49 1.000000
0  -5.908668 -30.363581 57.805923  -0.142342 -0.594714 0.791236  0.087622 0.571570 1 50 1.000000
0  -5.820934 -30.026522 57.874790  0.117031 0.000417 0.993128  0.067843 0.572031 1 49 1.000000
v_hand_sheet.tga
0  -6.710660 -29.419458 54.732822  -0.454839 -0.889155 -0.050251  0.520329 0.941357 1 40 1.000000
0  -7.129847 -29.240255 54.572292  -0.718222 -0.645724 -0.259226  0.513014 0.912895 1 39 1.000000
0  -6.997646 -29.230602 54.341759  -0.622667 -0.732536 -0.275094  0.498890 0.916644 1 39 1.000000
v_hand_sheet.tga
0  -5.908668 -30.363581 57.805923  -0.142342 -0.594714 0.791236  0.087622 0.571570 1 50 1.000000
0  -6.178951 -30.192038 57.816677  -0.374239 -0.448247 0.811800  0.088916 0.589919 1 49 1.000000
0  -6.331516 -30.219000 57.513111  -0.666503 -0.739555 0.093977  0.105287 0.595776 1 49 1.000000
v_hand_sheet.tga
0  -5.908668 -30.363581 57.805923  -0.142342 -0.594714 0.791236  0.087622 0.571570 1 50 1.000000
0  -6.331516 -30.219000 57.513111  -0.666503 -0.739555 0.093977  0.105287 0.595776 1 49 1.000000
0  -5.973436 -30.454418 57.469421  -0.406269 -0.913586 0.017488  0.105602 0.569720 1 50 1.000000
v_hand_sheet.tga
0  -7.360038 -29.142645 55.744999  -0.763093 -0.641423 -0.079151  0.577103 0.908870 1 39 1.000000
0  -6.683014 -29.500444 56.018574  -0.371520 -0.755760 -0.539258  0.585513 0.952071 1 43 1.000000
0  -6.973652 -29.548830 56.243446  -0.651819 -0.715884 -0.250283  0.601642 0.942979 1 46 1.000000
v_hand_sheet.tga
0  -5.973436 -30.454418 57.469421  -0.406269 -0.913586 0.017488  0.105602 0.569720 1 50 1.000000
0  -6.331516 -30.219000 57.513111  -0.666503 -0.739555 0.093977  0.105287 0.595776 1 49 1.000000
0  -6.244458 -30.155645 57.087502  -0.468691 -0.582512 -0.664085  0.125228 0.590884 1 49 1.000000
v_hand_sheet.tga
0  -5.973436 -30.454418 57.469421  -0.406269 -0.913586 0.017488  0.105602 0.569720 1 50 1.000000
0  -6.244458 -30.155645 57.087502  -0.468691 -0.582512 -0.664085  0.125228 0.590884 1 49 1.000000
0  -6.011409 -30.308508 57.073883  -0.339048 -0.662073 -0.668361  0.125796 0.571838 1 50 1.000000
v_hand_sheet.tga
0  -6.244458 -30.155645 57.087502  -0.468691 -0.582512 -0.664085  0.125228 0.590884 1 49 1.000000
0  -6.050750 -30.096020 56.962803  -0.152754 -0.130324 -0.979634  0.136801 0.578029 1 49 1.000000
0  -6.011409 -30.308508 57.073883  -0.339048 -0.662073 -0.668361  0.125796 0.571838 1 50 1.000000
v_hand_sheet.tga
0  -6.050750 -30.096020 56.962803  -0.152754 -0.130324 -0.979634  0.136801 0.578029 1 49 1.000000
0  -5.523321 -30.190582 56.916622  -0.144031 -0.087112 -0.985731  0.141362 0.538819 1 50 1.000000
0  -6.011409 -30.308508 57.073883  -0.339048 -0.662073 -0.668361  0.125796 0.571838 1 50 1.000000
v_hand_sheet.tga
0  -8.068067 -24.444702 56.547096  -0.884514 -0.132904 0.447183  0.657999 0.613808 1 39 1.000000
0  -7.073088 -25.489168 57.450157  -0.582291 0.068235 0.810112  0.719231 0.686486 1 39 1.000000
0  -7.342391 -24.366533 57.307400  -0.308246 0.064048 0.949148  0.734650 0.606600 1 39 1.000000
v_hand_sheet.tga
0  -5.523321 -30.190582 56.916622  -0.144031 -0.087112 -0.985731  0.141362 0.538819 1 50 1.000000
0  -6.050750 -30.096020 56.962803  -0.152754 -0.130324 -0.979634  0.136801 0.578029 1 49 1.000000
0  -5.703345 -29.799274 57.120926  0.315432 0.590365 -0.742948  0.168453 0.570329 1 49 1.000000
v_hand_sheet.tga
0  -5.523321 -30.190582 56.916622  -0.144031 -0.087112 -0.985731  0.141362 0.538819 1 50 1.000000
0  -5.703345 -29.799274 57.120926  0.315432 0.590365 -0.742948  0.168453 0.570329 1 49 1.000000
0  -5.263482 -29.941755 57.026264  0.106158 0.716628 -0.689329  0.163360 0.529338 1 50 1.000000
v_hand_sheet.tga
0  -5.263482 -29.941755 57.026264  0.106158 0.716628 -0.689329  0.003604 0.531445 1 50 1.000000
0  -5.703345 -29.799274 57.120926  0.315432 0.590365 -0.742948  0.002819 0.568922 1 49 1.000000
0  -5.584338 -29.695784 57.406990  0.542539 0.837022 -0.071037  0.023034 0.567257 1 49 1.000000
v_hand_sheet.tga
0  -5.263482 -29.941755 57.026264  0.106158 0.716628 -0.689329  0.003604 0.531445 1 50 1.000000
0  -5.584338 -29.695784 57.406990  0.542539 0.837022 -0.071037  0.023034 0.567257 1 49 1.000000
0  -5.119035 -29.838757 57.342834  0.322928 0.946408 -0.005485  0.023147 0.527538 1 50 1.000000
v_hand_sheet.tga
0  -7.795997 -24.224226 54.919559  -0.949396 -0.038798 -0.311676  0.569644 0.609263 1 39 1.000000
0  -7.809300 -26.088442 55.030441  -0.969808 -0.137320 -0.201535  0.559424 0.715171 1 39 1.000000
0  -7.730142 -25.911068 56.515068  -0.964770 -0.094585 0.245506  0.638380 0.718342 1 39 1.000000
v_hand_sheet.tga
0  -7.795997 -24.224226 54.919559  -0.949396 -0.038798 -0.311676  0.569644 0.609263 1 39 1.000000
0  -7.730142 -25.911068 56.515068  -0.964770 -0.094585 0.245506  0.638380 0.718342 1 39 1.000000
0  -8.068067 -24.444702 56.547096  -0.884514 -0.132904 0.447183  0.657999 0.613808 1 39 1.000000
v_hand_sheet.tga
0  -5.584338 -29.695784 57.406990  0.542539 0.837022 -0.071037  0.023034 0.567257 1 49 1.000000
0  -5.850714 -29.386419 57.402084  0.846614 0.525804 -0.082307  0.024035 0.594543 1 49 1.000000
0  -5.932738 -29.458042 57.769855  0.589746 0.368683 0.718521  0.040279 0.598434 1 49 1.000000
v_hand_sheet.tga
0  -5.584338 -29.695784 57.406990  0.542539 0.837022 -0.071037  0.023034 0.567257 1 49 1.000000
0  -5.932738 -29.458042 57.769855  0.589746 0.368683 0.718521  0.040279 0.598434 1 49 1.000000
0  -5.631707 -29.806570 57.740513  0.470815 0.573487 0.670407  0.047609 0.568508 1 49 1.000000
v_hand_sheet.tga
0  -4.791625 -30.278421 54.721283  -0.018481 -0.998424 -0.052994  0.106574 0.490107 1 42 1.000000
0  -5.053127 -30.223940 54.710735  -0.207660 -0.976439 -0.058682  0.105694 0.515822 1 41 1.000000
0  -4.945064 -30.154945 54.456051  -0.159136 -0.919452 -0.359561  0.122669 0.510156 1 41 1.000000
v_hand_sheet.tga
0  -4.791625 -30.278421 54.721283  -0.018481 -0.998424 -0.052994  0.106574 0.490107 1 42 1.000000
0  -4.945064 -30.154945 54.456051  -0.159136 -0.919452 -0.359561  0.122669 0.510156 1 41 1.000000
0  -4.779680 -30.169365 54.469067  0.032313 -0.938596 -0.343502  0.123992 0.493546 1 42 1.000000
v_hand_sheet.tga
0  -5.631707 -29.806570 57.740513  0.470815 0.573487 0.670407  0.047609 0.568508 1 49 1.000000
0  -5.932738 -29.458042 57.769855  0.589746 0.368683 0.718521  0.040279 0.598434 1 49 1.000000
0  -6.191015 -29.670170 57.928970  0.014685 -0.007876 0.999861  0.057904 0.612491 1 49 1.000000
v_hand_sheet.tga
0  -5.631707 -29.806570 57.740513  0.470815 0.573487 0.670407  0.047609 0.568508 1 49 1.000000
0  -6.191015 -29.670170 57.928970  0.014685 -0.007876 0.999861  0.057904 0.612491 1 49 1.000000
0  -5.820934 -30.026522 57.874790  0.117031 0.000417 0.993128  0.067843 0.572031 1 49 1.000000
v_hand_sheet.tga
0  -6.191015 -29.670170 57.928970  0.014685 -0.007876 0.999861  0.057904 0.612491 1 49 1.000000
0  -6.178951 -30.192038 57.816677  -0.374239 -0.448247 0.811800  0.088916 0.589919 1 49 1.000000
0  -5.820934 -30.026522 57.874790  0.117031 0.000417 0.993128  0.067843 0.572031 1 49 1.000000
v_hand_sheet.tga
0  -6.900427 -29.366613 57.748184  -0.589104 -0.384008 0.710981  0.092586 0.657232 1 49 1.000000
0  -6.178951 -30.192038 57.816677  -0.374239 -0.448247 0.811800  0.088916 0.589919 1 49 1.000000
0  -6.191015 -29.670170 57.928970  0.014685 -0.007876 0.999861  0.057904 0.612491 1 49 1.000000
v_hand_sheet.tga
0  -6.900427 -29.366613 57.748184  -0.589104 -0.384008 0.710981  0.092586 0.657232 1 49 1.000000
0  -6.331516 -30.219000 57.513111  -0.666503 -0.739555 0.093977  0.105287 0.595776 1 49 1.000000
0  -6.178951 -30.192038 57.816677  -0.374239 -0.448247 0.811800  0.088916 0.589919 1 49 1.000000
v_hand_sheet.tga
0  -7.014690 -29.463066 57.240669  -0.803320 -0.581305 -0.129465  0.130458 0.656910 1 49 1.000000
0  -6.331516 -30.219000 57.513111  -0.666503 -0.739555 0.093977  0.105287 0.595776 1 49 1.000000
0  -6.900427 -29.366613 57.748184  -0.589104 -0.384008 0.710981  0.092586 0.657232 1 49 1.000000
v_hand_sheet.tga
0  -6.331516 -30.219000 57.513111  -0.666503 -0.739555 0.093977  0.105287 0.595776 1 49 1.000000
0  -6.654928 -29.862703 57.091125  -0.459981 -0.558409 -0.690360  0.137396 0.623188 1 49 1.000000
0  -6.244458 -30.155645 57.087502  -0.468691 -0.582512 -0.664085  0.125228 0.590884 1 49 1.000000
v_hand_sheet.tga
0  -6.654928 -29.862703 57.091125  -0.459981 -0.558409 -0.690360  0.137396 0.623188 1 49 1.000000
0  -6.315566 -29.648451 56.945168  0.080738 -0.359127 -0.929790  0.152193 0.609938 1 49 1.000000
0  -6.244458 -30.155645 57.087502  -0.468691 -0.582512 -0.664085  0.125228 0.590884 1 49 1.000000
v_hand_sheet.tga
0  -6.315566 -29.648451 56.945168  0.080738 -0.359127 -0.929790  0.152193 0.609938 1 49 1.000000
0  -6.050750 -30.096020 56.962803  -0.152754 -0.130324 -0.979634  0.136801 0.578029 1 49 1.000000
0  -6.244458 -30.155645 57.087502  -0.468691 -0.582512 -0.664085  0.125228 0.590884 1 49 1.000000
v_hand_sheet.tga
0  -2.359819 -26.596363 57.955143  0.887737 0.177125 -0.424911  0.955466 0.915091 1 54 1.000000
0  -2.706535 -26.240141 57.808754  0.532359 0.795265 0.290081  0.958421 0.865182 1 54 1.000000
0  -2.808568 -26.328001 58.181355  0.398732 0.534522 0.745184  0.932411 0.876115 1 54 1.000000
v_hand_sheet.tga
0  -2.359819 -26.596363 57.955143  0.887737 0.177125 -0.424911  0.955466 0.915091 1 54 1.000000
0  -2.808568 -26.328001 58.181355  0.398732 0.534522 0.745184  0.932411 0.876115 1 54 1.000000
0  -2.387790 -26.601305 58.144489  0.801422 0.242840 0.546582  0.946276 0.923710 1 54 1.000000
v_hand_sheet.tga
0  -6.050750 -30.096020 56.962803  -0.152754 -0.130324 -0.979634  0.136801 0.578029 1 49 1.000000
0  -6.315566 -29.648451 56.945168  0.080738 -0.359127 -0.929790  0.152193 0.609938 1 49 1.000000
0  -5.972934 -29.500010 57.141975  0.733310 0.076248 -0.675605  0.168472 0.595410 1 49 1.000000
v_hand_sheet.tga
0  -6.050750 -30.096020 56.962803  -0.152754 -0.130324 -0.979634  0.136801 0.578029 1 49 1.000000
0  -5.972934 -29.500010 57.141975  0.733310 0.076248 -0.675605  0.168472 0.595410 1 49 1.000000
0  -5.703345 -29.799274 57.120926  0.315432 0.590365 -0.742948  0.168453 0.570329 1 49 1.000000
v_hand_sheet.tga
0  -7.073088 -25.489168 57.450157  -0.582291 0.068235 0.810112  0.719231 0.686486 1 39 1.000000
0  -6.455956 -25.294989 57.704552  -0.166566 0.186783 0.968178  0.788647 0.669930 1 39 1.000000
0  -7.342391 -24.366533 57.307400  -0.308246 0.064048 0.949148  0.734650 0.606600 1 39 1.000000
v_hand_sheet.tga
0  -5.703345 -29.799274 57.120926  0.315432 0.590365 -0.742948  0.002819 0.568922 1 49 1.000000
0  -5.972934 -29.500010 57.141975  0.733310 0.076248 -0.675605  0.005061 0.596345 1 49 1.000000
0  -5.850714 -29.386419 57.402084  0.846614 0.525804 -0.082307  0.024035 0.594543 1 49 1.000000
v_hand_sheet.tga
0  -5.703345 -29.799274 57.120926  0.315432 0.590365 -0.742948  0.002819 0.568922 1 49 1.000000
0  -5.850714 -29.386419 57.402084  0.846614 0.525804 -0.082307  0.024035 0.594543 1 49 1.000000
0  -5.584338 -29.695784 57.406990  0.542539 0.837022 -0.071037  0.023034 0.567257 1 49 1.000000
v_hand_sheet.tga
0  -7.003943 -28.412878 57.809448  -0.309158 -0.040448 0.950150  0.713618 0.864338 1 39 1.000000
0  -7.278203 -28.430298 57.626957  -0.820915 -0.049907 0.568865  0.691840 0.864599 1 39 1.000000
0  -7.110659 -29.063572 57.710526  -0.716590 -0.260751 0.646922  0.690172 0.907910 2 39 0.819775 49 0.180225
v_hand_sheet.tga
0  -5.850714 -29.386419 57.402084  0.846614 0.525804 -0.082307  0.193439 0.981482 1 49 1.000000
0  -5.999166 -29.151171 57.420010  0.973425 0.226256 0.035392  0.193425 0.962228 1 49 1.000000
0  -6.118621 -29.040934 57.771172  0.784729 0.204346 0.585187  0.170031 0.952911 1 49 1.000000
v_hand_sheet.tga
0  -5.850714 -29.386419 57.402084  0.846614 0.525804 -0.082307  0.193439 0.981482 1 49 1.000000
0  -6.118621 -29.040934 57.771172  0.784729 0.204346 0.585187  0.170031 0.952911 1 49 1.000000
0  -5.932738 -29.458042 57.769855  0.589746 0.368683 0.718521  0.168955 0.986184 1 49 1.000000
v_hand_sheet.tga
0  -6.418249 -29.195841 57.903534  0.033364 0.033054 0.998897  0.740379 0.916829 1 49 1.000000
0  -5.932738 -29.458042 57.769855  0.589746 0.368683 0.718521  0.763333 0.960869 1 49 1.000000
0  -6.118621 -29.040934 57.771172  0.784729 0.204346 0.585187  0.775146 0.912378 1 49 1.000000
v_hand_sheet.tga
0  -6.418249 -29.195841 57.903534  0.033364 0.033054 0.998897  0.038895 0.655301 1 49 1.000000
0  -6.900427 -29.366613 57.748184  -0.589104 -0.384008 0.710981  0.092586 0.657232 1 49 1.000000
0  -6.191015 -29.670170 57.928970  0.014685 -0.007876 0.999861  0.057904 0.612491 1 49 1.000000
v_hand_sheet.tga
0  -6.710386 -29.428204 57.004070  -0.482981 -0.356292 -0.799866  0.148980 0.643828 1 49 1.000000
0  -6.654928 -29.862703 57.091125  -0.459981 -0.558409 -0.690360  0.137396 0.623188 1 49 1.000000
0  -7.014690 -29.463066 57.240669  -0.803320 -0.581305 -0.129465  0.130458 0.656910 1 49 1.000000
v_hand_sheet.tga
0  -6.710386 -29.428204 57.004070  -0.482981 -0.356292 -0.799866  0.148980 0.643828 1 49 1.000000
0  -6.322039 -29.574118 56.875481  0.308999 -0.487675 -0.816513  0.152193 0.609938 1 49 1.000000
0  -6.654928 -29.862703 57.091125  -0.459981 -0.558409 -0.690360  0.137396 0.623188 1 49 1.000000
v_hand_sheet.tga
0  -6.322039 -29.574118 56.875481  0.308999 -0.487675 -0.816513  0.152193 0.609938 1 49 1.000000
0  -6.315566 -29.648451 56.945168  0.080738 -0.359127 -0.929790  0.152193 0.609938 1 49 1.000000
0  -6.654928 -29.862703 57.091125  -0.459981 -0.558409 -0.690360  0.137396 0.623188 1 49 1.000000
v_hand_sheet.tga
0  -6.322039 -29.574118 56.875481  0.308999 -0.487675 -0.816513  0.152193 0.609938 1 49 1.000000
0  -5.972934 -29.500010 57.141975  0.733310 0.076248 -0.675605  0.168472 0.595410 1 49 1.000000
0  -6.315566 -29.648451 56.945168  0.080738 -0.359127 -0.929790  0.152193 0.609938 1 49 1.000000
v_hand_sheet.tga
0  -3.071667 -26.883213 58.127071  -0.141733 -0.682237 0.717261  0.121814 0.913565 1 54 1.000000
0  -3.673520 -26.689413 58.216900  -0.210766 -0.678979 0.703253  0.138636 0.887918 1 54 1.000000
0  -3.705743 -26.817163 57.914288  -0.399907 -0.913497 0.074816  0.128044 0.878291 1 54 1.000000
v_hand_sheet.tga
0  -3.071667 -26.883213 58.127071  -0.141733 -0.682237 0.717261  0.121814 0.913565 1 54 1.000000
0  -3.705743 -26.817163 57.914288  -0.399907 -0.913497 0.074816  0.128044 0.878291 1 54 1.000000
0  -3.120516 -27.044964 57.868206  -0.137393 -0.987781 0.073569  0.106514 0.901331 1 54 1.000000
v_hand_sheet.tga
0  -2.902660 -26.602959 58.318981  0.074608 -0.121894 0.989735  0.907516 0.889710 1 54 1.000000
0  -3.533662 -26.371284 58.350735  0.152463 -0.090754 0.984133  0.886744 0.849516 1 54 1.000000
0  -3.673520 -26.689413 58.216900  -0.210766 -0.678979 0.703253  0.865771 0.859869 1 54 1.000000
v_hand_sheet.tga
0  -2.902660 -26.602959 58.318981  0.074608 -0.121894 0.989735  0.907516 0.889710 1 54 1.000000
0  -3.673520 -26.689413 58.216900  -0.210766 -0.678979 0.703253  0.865771 0.859869 1 54 1.000000
0  -3.071667 -26.883213 58.127071  -0.141733 -0.682237 0.717261  0.887674 0.898502 1 54 1.000000
v_hand_sheet.tga
0  -5.972934 -29.500010 57.141975  0.733310 0.076248 -0.675605  0.213699 0.988339 1 49 1.000000
0  -6.017402 -29.205311 57.102024  0.926367 0.051787 -0.373045  0.216162 0.965799 1 49 1.000000
0  -5.999166 -29.151171 57.420010  0.973425 0.226256 0.035392  0.193425 0.962228 1 49 1.000000
v_hand_sheet.tga
0  -5.972934 -29.500010 57.141975  0.733310 0.076248 -0.675605  0.213699 0.988339 1 49 1.000000
0  -5.999166 -29.151171 57.420010  0.973425 0.226256 0.035392  0.193425 0.962228 1 49 1.000000
0  -5.850714 -29.386419 57.402084  0.846614 0.525804 -0.082307  0.193439 0.981482 1 49 1.000000
v_hand_sheet.tga
0  -5.994791 -28.915329 57.266327  0.997715 -0.000580 0.067559  0.205559 0.930957 1 39 1.000000
0  -6.118621 -29.040934 57.771172  0.784729 0.204346 0.585187  0.170031 0.952911 1 49 1.000000
0  -5.999166 -29.151171 57.420010  0.973425 0.226256 0.035392  0.193425 0.962228 1 49 1.000000
v_hand_sheet.tga
0  -7.110659 -29.063572 57.710526  -0.716590 -0.260751 0.646922  0.690172 0.907910 2 39 0.819775 49 0.180225
0  -6.900427 -29.366613 57.748184  -0.589104 -0.384008 0.710981  0.693964 0.927605 1 49 1.000000
0  -6.418249 -29.195841 57.903534  0.033364 0.033054 0.998897  0.740379 0.916829 1 49 1.000000
v_hand_sheet.tga
0  -7.110659 -29.063572 57.710526  -0.716590 -0.260751 0.646922  0.690172 0.907910 2 39 0.819775 49 0.180225
0  -7.014690 -29.463066 57.240669  -0.803320 -0.581305 -0.129465  0.653769 0.942844 1 49 1.000000
0  -6.900427 -29.366613 57.748184  -0.589104 -0.384008 0.710981  0.693964 0.927605 1 49 1.000000
v_hand_sheet.tga
0  -7.246857 -29.092592 57.073776  -0.829117 -0.551370 0.092501  0.644404 0.915741 1 39 1.000000
0  -7.014690 -29.463066 57.240669  -0.803320 -0.581305 -0.129465  0.653769 0.942844 1 49 1.000000
0  -7.110659 -29.063572 57.710526  -0.716590 -0.260751 0.646922  0.690172 0.907910 2 39 0.819775 49 0.180225
v_hand_sheet.tga
0  -6.942607 -29.475658 56.680004  -0.569613 -0.668983 0.477497  0.623225 0.943532 1 46 1.000000
0  -6.710386 -29.428204 57.004070  -0.343671 -0.862052 0.372500  0.638946 0.953529 1 49 1.000000
0  -7.246857 -29.092592 57.073776  -0.829117 -0.551370 0.092501  0.644404 0.915741 1 39 1.000000
v_hand_sheet.tga
0  -7.246857 -29.092592 57.073776  -0.829117 -0.551370 0.092501  0.644404 0.915741 1 39 1.000000
0  -6.710386 -29.428204 57.004070  -0.482981 -0.356292 -0.799866  0.638946 0.953529 1 49 1.000000
0  -7.014690 -29.463066 57.240669  -0.803320 -0.581305 -0.129465  0.653769 0.942844 1 49 1.000000
v_hand_sheet.tga
0  -5.884799 -28.743723 56.686543  0.981352 -0.182172 0.061329  0.244307 0.914766 1 39 1.000000
0  -5.994791 -28.915329 57.266327  0.997715 -0.000580 0.067559  0.205559 0.930957 1 39 1.000000
0  -6.165184 -29.278074 56.797295  0.972582 -0.064924 0.223315  0.243349 0.966937 1 46 1.000000
v_hand_sheet.tga
0  -5.994791 -28.915329 57.266327  0.997715 -0.000580 0.067559  0.205559 0.930957 1 39 1.000000
0  -5.999166 -29.151171 57.420010  0.973425 0.226256 0.035392  0.193425 0.962228 1 49 1.000000
0  -6.017402 -29.205311 57.102024  0.926367 0.051787 -0.373045  0.216162 0.965799 1 49 1.000000
v_hand_sheet.tga
0  -6.165184 -29.278074 56.797295  0.972582 -0.064924 0.223315  0.243349 0.966937 1 46 1.000000
0  -5.994791 -28.915329 57.266327  0.997715 -0.000580 0.067559  0.205559 0.930957 1 39 1.000000
0  -6.017402 -29.205311 57.102024  0.926367 0.051787 -0.373045  0.216162 0.965799 1 49 1.000000
v_hand_sheet.tga
0  -6.322039 -29.574118 56.875481  0.308999 -0.487675 -0.816513  0.237331 0.989630 1 49 1.000000
0  -6.165184 -29.278074 56.797295  0.972582 -0.064924 0.223315  0.243349 0.966937 1 46 1.000000
0  -6.017402 -29.205311 57.102024  0.926367 0.051787 -0.373045  0.216162 0.965799 1 49 1.000000
v_hand_sheet.tga
0  -6.322039 -29.574118 56.875481  0.308999 -0.487675 -0.816513  0.237331 0.989630 1 49 1.000000
0  -6.017402 -29.205311 57.102024  0.926367 0.051787 -0.373045  0.216162 0.965799 1 49 1.000000
0  -5.972934 -29.500010 57.141975  0.733310 0.076248 -0.675605  0.213699 0.988339 1 49 1.000000
v_hand_sheet.tga
0  -5.966855 -29.139759 56.544144  0.971672 0.088378 0.219188  0.258207 0.957708 1 46 1.000000
0  -5.998762 -29.200504 56.117031  0.952619 0.095235 -0.288873  0.289002 0.960133 1 46 1.000000
0  -5.884799 -28.743723 56.686543  0.981352 -0.182172 0.061329  0.244307 0.914766 1 39 1.000000
v_hand_sheet.tga
0  -5.998762 -29.200504 56.117031  0.952619 0.095235 -0.288873  0.289002 0.960133 1 46 1.000000
0  -6.035051 -29.037888 55.920746  0.991986 -0.085494 0.093032  0.306848 0.953213 1 43 1.000000
0  -6.085018 -28.781713 56.054008  0.986606 0.145320 0.074107  0.291351 0.914854 1 39 1.000000
v_hand_sheet.tga
0  -6.151041 -28.988901 55.038425  0.852012 -0.407358 0.328839  0.365739 0.930775 1 40 1.000000
0  -6.012913 -28.793177 54.751652  0.996311 0.081258 -0.027585  0.382309 0.908810 1 39 1.000000
0  -5.902119 -28.725538 55.411995  0.918198 -0.396072 0.006225  0.334195 0.906854 1 39 1.000000
v_hand_sheet.tga
0  -6.151041 -28.988901 55.038425  0.852012 -0.407358 0.328839  0.365739 0.930775 1 40 1.000000
0  -5.902119 -28.725538 55.411995  0.918198 -0.396072 0.006225  0.334195 0.906854 1 39 1.000000
0  -5.941206 -28.770962 55.664742  0.732977 -0.680195 -0.008893  0.321993 0.933345 1 43 1.000000
v_hand_sheet.tga
0  -7.360038 -29.142645 55.744999  -0.763093 -0.641423 -0.079151  0.577103 0.908870 1 39 1.000000
0  -6.803641 -29.486177 55.255219  -0.557623 -0.829026 -0.042103  0.548517 0.940857 1 43 1.000000
0  -6.833108 -29.461868 55.663258  -0.435110 -0.870958 0.228279  0.569358 0.941809 1 43 1.000000
v_hand_sheet.tga
0  -6.803641 -29.486177 55.255219  -0.557623 -0.829026 -0.042103  0.548517 0.940857 1 43 1.000000
0  -7.360038 -29.142645 55.744999  -0.763093 -0.641423 -0.079151  0.577103 0.908870 1 39 1.000000
0  -7.125584 -29.229408 54.960384  -0.757545 -0.635107 -0.150878  0.535463 0.915183 1 39 1.000000
v_hand_sheet.tga
0  -5.941206 -28.770962 55.664742  0.978891 0.174996 0.105591  0.321993 0.933345 1 43 1.000000
0  -5.902119 -28.725538 55.411995  0.562444 0.794282 0.229723  0.334195 0.906854 1 39 1.000000
0  -6.085018 -28.781713 56.054008  0.986606 0.145320 0.074107  0.291351 0.914854 1 39 1.000000
v_hand_sheet.tga
0  -6.855354 -29.524553 54.998924  -0.415312 -0.858366 -0.301204  0.535629 0.941672 1 40 1.000000
0  -6.803641 -29.486177 55.255219  -0.557623 -0.829026 -0.042103  0.548517 0.940857 1 43 1.000000
0  -7.125584 -29.229408 54.960384  -0.757545 -0.635107 -0.150878  0.535463 0.915183 1 39 1.000000
v_hand_sheet.tga
0  -2.541094 -26.910707 58.185829  0.316496 -0.553430 0.770419  0.098239 0.939487 1 54 1.000000
0  -2.579019 -27.019833 58.023056  0.399040 -0.907568 -0.130720  0.084293 0.922885 1 54 1.000000
0  -2.382726 -26.848686 58.036644  0.888802 -0.434736 0.145035  0.077437 0.936522 1 54 1.000000
v_hand_sheet.tga
0  -7.215050 -28.157335 54.285976  -0.928537 -0.149960 -0.339605  0.503510 0.851399 1 39 1.000000
0  -7.129847 -29.240255 54.572292  -0.718222 -0.645724 -0.259226  0.513014 0.912895 1 39 1.000000
0  -7.125584 -29.229408 54.960384  -0.757545 -0.635107 -0.150878  0.535463 0.915183 1 39 1.000000
v_hand_sheet.tga
0  -7.215050 -28.157335 54.285976  -0.928537 -0.149960 -0.339605  0.503510 0.851399 1 39 1.000000
0  -7.125584 -29.229408 54.960384  -0.757545 -0.635107 -0.150878  0.535463 0.915183 1 39 1.000000
0  -7.523095 -28.208838 55.220089  -0.980639 -0.143178 -0.133596  0.550220 0.855790 1 39 1.000000
v_hand_sheet.tga
0  -6.997646 -29.230602 54.341759  -0.622667 -0.732536 -0.275094  0.498890 0.916644 1 39 1.000000
0  -7.129847 -29.240255 54.572292  -0.718222 -0.645724 -0.259226  0.513014 0.912895 1 39 1.000000
0  -7.215050 -28.157335 54.285976  -0.928537 -0.149960 -0.339605  0.503510 0.851399 1 39 1.000000
v_hand_sheet.tga
0  -6.710660 -29.419458 54.732822  -0.454839 -0.889155 -0.050251  0.520329 0.941357 1 40 1.000000
0  -6.997646 -29.230602 54.341759  -0.622667 -0.732536 -0.275094  0.498890 0.916644 1 39 1.000000
0  -6.674547 -29.427418 54.337296  -0.600246 -0.796629 -0.071319  0.498875 0.940587 1 40 1.000000
v_hand_sheet.tga
0  -6.322039 -29.574118 56.875481  -0.042329 -0.239710 0.969921  0.057904 0.612491 1 49 1.000000
0  -6.710386 -29.428204 57.004070  -0.343671 -0.862052 0.372500  0.038895 0.655301 1 49 1.000000
0  -6.942607 -29.475658 56.680004  -0.569613 -0.668983 0.477497  0.092586 0.657232 1 46 1.000000
v_hand_sheet.tga
0  -3.354400 -30.045826 56.396248  0.906696 0.161660 0.389574  0.045241 0.703328 1 48 1.000000
0  -3.394117 -30.257393 56.406647  0.752253 -0.607583 0.254872  0.037373 0.720936 1 48 1.000000
0  -3.334988 -30.142950 56.269474  0.964409 -0.244427 -0.100847  0.052037 0.715190 1 48 1.000000
v_hand_sheet.tga
0  -3.394117 -30.257393 56.406647  0.752253 -0.607583 0.254872  0.037373 0.720936 1 48 1.000000
0  -3.442936 -30.207932 56.084652  0.690827 -0.264423 -0.672933  0.065727 0.727353 1 48 1.000000
0  -3.334988 -30.142950 56.269474  0.964409 -0.244427 -0.100847  0.052037 0.715190 1 48 1.000000
v_hand_sheet.tga
0  -3.334988 -30.142950 56.269474  0.964409 -0.244427 -0.100847  0.052037 0.715190 1 48 1.000000
0  -3.442936 -30.207932 56.084652  0.690827 -0.264423 -0.672933  0.065727 0.727353 1 48 1.000000
0  -3.376549 -29.993282 56.214447  0.738662 0.571728 -0.357079  0.062015 0.704952 1 48 1.000000
v_hand_sheet.tga
0  -3.334988 -30.142950 56.269474  0.964409 -0.244427 -0.100847  0.052037 0.715190 1 48 1.000000
0  -3.376549 -29.993282 56.214447  0.738662 0.571728 -0.357079  0.062015 0.704952 1 48 1.000000
0  -3.354400 -30.045826 56.396248  0.906696 0.161660 0.389574  0.045241 0.703328 1 48 1.000000
v_hand_sheet.tga
0  -6.266274 -29.503128 55.930771  -0.125182 -0.985651 0.113232  0.057904 0.612491 1 43 1.000000
0  -6.683014 -29.500444 56.018574  -0.371520 -0.755760 -0.539258  0.038895 0.655301 1 43 1.000000
0  -6.833108 -29.461868 55.663258  -0.435110 -0.870958 0.228279  0.092586 0.657232 1 43 1.000000
v_hand_sheet.tga
0  -3.376549 -29.993282 56.214447  0.738662 0.571728 -0.357079  0.062015 0.704952 1 48 1.000000
0  -3.662451 -29.769327 56.336220  0.205425 0.978281 0.027702  0.061541 0.680228 1 48 1.000000
0  -3.633024 -29.872568 56.611908  0.278888 0.515291 0.810368  0.036421 0.680610 1 48 1.000000
v_hand_sheet.tga
0  -3.376549 -29.993282 56.214447  0.738662 0.571728 -0.357079  0.062015 0.704952 1 48 1.000000
0  -3.633024 -29.872568 56.611908  0.278888 0.515291 0.810368  0.036421 0.680610 1 48 1.000000
0  -3.354400 -30.045826 56.396248  0.906696 0.161660 0.389574  0.045241 0.703328 1 48 1.000000
v_hand_sheet.tga
0  -3.633024 -29.872568 56.611908  0.278888 0.515291 0.810368  0.036421 0.680610 1 48 1.000000
0  -3.687287 -30.199125 56.675804  0.480108 -0.160163 0.862464  0.017224 0.703253 1 48 1.000000
0  -3.354400 -30.045826 56.396248  0.906696 0.161660 0.389574  0.045241 0.703328 1 48 1.000000
v_hand_sheet.tga
0  -3.687287 -30.199125 56.675804  0.480108 -0.160163 0.862464  0.017224 0.703253 1 48 1.000000
0  -3.394117 -30.257393 56.406647  0.752253 -0.607583 0.254872  0.037373 0.720936 1 48 1.000000
0  -3.354400 -30.045826 56.396248  0.906696 0.161660 0.389574  0.045241 0.703328 1 48 1.000000
v_hand_sheet.tga
0  -3.687287 -30.199125 56.675804  0.480108 -0.160163 0.862464  0.017224 0.703253 1 48 1.000000
0  -3.813650 -30.474239 56.588505  0.408861 -0.715678 0.566249  0.017303 0.729547 1 48 1.000000
0  -3.394117 -30.257393 56.406647  0.752253 -0.607583 0.254872  0.037373 0.720936 1 48 1.000000
v_hand_sheet.tga
0  -3.813650 -30.474239 56.588505  0.408861 -0.715678 0.566249  0.017303 0.729547 1 48 1.000000
0  -3.905703 -30.531450 56.351883  0.391166 -0.913880 -0.108683  0.033688 0.742685 1 48 1.000000
0  -3.394117 -30.257393 56.406647  0.752253 -0.607583 0.254872  0.037373 0.720936 1 48 1.000000
v_hand_sheet.tga
0  -7.347269 -28.265860 57.202942  -0.977275 -0.116122 0.177336  0.653346 0.860562 1 39 1.000000
0  -7.513674 -28.168554 56.569401  -0.988765 -0.117600 0.092276  0.620316 0.858488 1 39 1.000000
0  -7.309103 -29.173981 56.505135  -0.850241 -0.513922 0.113904  0.615596 0.914841 1 39 1.000000
v_hand_sheet.tga
0  -7.347269 -28.265860 57.202942  -0.977275 -0.116122 0.177336  0.653346 0.860562 1 39 1.000000
0  -7.309103 -29.173981 56.505135  -0.850241 -0.513922 0.113904  0.615596 0.914841 1 39 1.000000
0  -7.246857 -29.092592 57.073776  -0.829117 -0.551370 0.092501  0.644404 0.915741 1 39 1.000000
v_hand_sheet.tga
0  -6.261985 -28.244543 57.822552  0.638253 -0.154975 0.754066  0.755930 0.852916 1 39 1.000000
0  -5.011227 -26.726236 57.510101  0.695546 -0.476498 0.537740  0.792771 0.801463 1 52 1.000000
0  -6.641893 -27.511763 57.952835  -0.142039 -0.060103 0.988035  0.743494 0.805112 1 39 1.000000
v_hand_sheet.tga
0  -7.003943 -28.412878 57.809448  -0.309158 -0.040448 0.950150  0.713618 0.864338 1 39 1.000000
0  -6.261985 -28.244543 57.822552  0.638253 -0.154975 0.754066  0.755930 0.852916 1 39 1.000000
0  -6.641893 -27.511763 57.952835  -0.142039 -0.060103 0.988035  0.743494 0.805112 1 39 1.000000
v_hand_sheet.tga
0  -3.394117 -30.257393 56.406647  0.752253 -0.607583 0.254872  0.037373 0.720936 1 48 1.000000
0  -3.905703 -30.531450 56.351883  0.391166 -0.913880 -0.108683  0.033688 0.742685 1 48 1.000000
0  -3.912078 -30.443905 56.053543  0.249339 -0.657513 -0.710990  0.058956 0.744103 1 48 1.000000
v_hand_sheet.tga
0  -3.394117 -30.257393 56.406647  0.752253 -0.607583 0.254872  0.037373 0.720936 1 48 1.000000
0  -3.912078 -30.443905 56.053543  0.249339 -0.657513 -0.710990  0.058956 0.744103 1 48 1.000000
0  -3.442936 -30.207932 56.084652  0.690827 -0.264423 -0.672933  0.065727 0.727353 1 48 1.000000
v_hand_sheet.tga
0  -3.912078 -30.443905 56.053543  0.249339 -0.657513 -0.710990  0.058956 0.744103 1 48 1.000000
0  -3.823316 -30.150734 55.919899  0.170360 -0.096383 -0.980657  0.082767 0.726789 1 48 1.000000
0  -3.442936 -30.207932 56.084652  0.690827 -0.264423 -0.672933  0.065727 0.727353 1 48 1.000000
v_hand_sheet.tga
0  -3.823316 -30.150734 55.919899  0.170360 -0.096383 -0.980657  0.082767 0.726789 1 48 1.000000
0  -3.731045 -29.841280 56.039612  0.256079 0.621337 -0.740516  0.083567 0.695109 1 48 1.000000
0  -3.442936 -30.207932 56.084652  0.690827 -0.264423 -0.672933  0.065727 0.727353 1 48 1.000000
v_hand_sheet.tga
0  -3.731045 -29.841280 56.039612  0.256079 0.621337 -0.740516  0.083567 0.695109 1 48 1.000000
0  -3.376549 -29.993282 56.214447  0.738662 0.571728 -0.357079  0.062015 0.704952 1 48 1.000000
0  -3.442936 -30.207932 56.084652  0.690827 -0.264423 -0.672933  0.065727 0.727353 1 48 1.000000
v_hand_sheet.tga
0  -2.808568 -26.328001 58.181355  0.398732 0.534522 0.745184  0.932411 0.876115 1 54 1.000000
0  -3.356763 -25.999210 58.154312  0.466109 0.603498 0.646941  0.916684 0.835781 1 54 1.000000
0  -3.533662 -26.371284 58.350735  0.152463 -0.090754 0.984133  0.886744 0.849516 1 54 1.000000
v_hand_sheet.tga
0  -2.808568 -26.328001 58.181355  0.398732 0.534522 0.745184  0.932411 0.876115 1 54 1.000000
0  -3.533662 -26.371284 58.350735  0.152463 -0.090754 0.984133  0.886744 0.849516 1 54 1.000000
0  -2.902660 -26.602959 58.318981  0.074608 -0.121894 0.989735  0.907516 0.889710 1 54 1.000000
v_hand_sheet.tga
0  -3.731045 -29.841280 56.039612  0.256079 0.621337 -0.740516  0.083567 0.695109 1 48 1.000000
0  -3.662451 -29.769327 56.336220  0.205425 0.978281 0.027702  0.061541 0.680228 1 48 1.000000
0  -3.376549 -29.993282 56.214447  0.738662 0.571728 -0.357079  0.062015 0.704952 1 48 1.000000
v_hand_sheet.tga
0  -3.662451 -29.769327 56.336220  0.205425 0.978281 0.027702  0.020379 0.439988 1 48 1.000000
0  -4.030871 -29.840059 56.353474  -0.314011 0.937831 0.147887  0.019296 0.466991 1 48 1.000000
0  -3.984143 -29.998447 56.643265  -0.189719 0.629427 0.753544  0.042199 0.465243 1 48 1.000000
v_hand_sheet.tga
0  -3.662451 -29.769327 56.336220  0.205425 0.978281 0.027702  0.020379 0.439988 1 48 1.000000
0  -3.984143 -29.998447 56.643265  -0.189719 0.629427 0.753544  0.042199 0.465243 1 48 1.000000
0  -3.633024 -29.872568 56.611908  0.278888 0.515291 0.810368  0.038317 0.439447 1 48 1.000000
v_hand_sheet.tga
0  -3.984143 -29.998447 56.643265  -0.189719 0.629427 0.753544  0.042199 0.465243 1 48 1.000000
0  -4.053245 -30.342566 56.739788  0.095358 -0.100167 0.990391  0.072006 0.468051 1 48 1.000000
0  -3.633024 -29.872568 56.611908  0.278888 0.515291 0.810368  0.038317 0.439447 1 48 1.000000
v_hand_sheet.tga
0  -4.053245 -30.342566 56.739788  0.095358 -0.100167 0.990391  0.072006 0.468051 1 48 1.000000
0  -3.687287 -30.199125 56.675804  0.480108 -0.160163 0.862464  0.065555 0.442444 1 48 1.000000
0  -3.633024 -29.872568 56.611908  0.278888 0.515291 0.810368  0.038317 0.439447 1 48 1.000000
v_hand_sheet.tga
0  -4.053245 -30.342566 56.739788  0.095358 -0.100167 0.990391  0.072006 0.468051 1 48 1.000000
0  -3.813650 -30.474239 56.588505  0.408861 -0.715678 0.566249  0.089428 0.449710 1 48 1.000000
0  -3.687287 -30.199125 56.675804  0.480108 -0.160163 0.862464  0.065555 0.442444 1 48 1.000000
v_hand_sheet.tga
0  -4.376676 -30.640453 56.622738  0.164812 -0.724797 0.668959  0.090925 0.488784 1 48 1.000000
0  -3.813650 -30.474239 56.588505  0.408861 -0.715678 0.566249  0.089428 0.449710 1 48 1.000000
0  -4.053245 -30.342566 56.739788  0.095358 -0.100167 0.990391  0.072006 0.468051 1 48 1.000000
v_hand_sheet.tga
0  -7.347269 -28.265860 57.202942  -0.977275 -0.116122 0.177336  0.653346 0.860562 1 39 1.000000
0  -7.246857 -29.092592 57.073776  -0.829117 -0.551370 0.092501  0.644404 0.915741 1 39 1.000000
0  -7.110659 -29.063572 57.710526  -0.716590 -0.260751 0.646922  0.690172 0.907910 2 39 0.819775 49 0.180225
v_hand_sheet.tga
0  -7.347269 -28.265860 57.202942  -0.977275 -0.116122 0.177336  0.653346 0.860562 1 39 1.000000
0  -7.110659 -29.063572 57.710526  -0.716590 -0.260751 0.646922  0.690172 0.907910 2 39 0.819775 49 0.180225
0  -7.278203 -28.430298 57.626957  -0.820915 -0.049907 0.568865  0.691840 0.864599 1 39 1.000000
v_hand_sheet.tga
0  -3.813650 -30.474239 56.588505  0.408861 -0.715678 0.566249  0.089428 0.449710 1 48 1.000000
0  -4.376676 -30.640453 56.622738  0.164812 -0.724797 0.668959  0.090925 0.488784 1 48 1.000000
0  -4.421906 -30.729269 56.340618  0.170909 -0.980266 -0.099345  0.106574 0.490107 1 48 1.000000
v_hand_sheet.tga
0  -3.813650 -30.474239 56.588505  0.408861 -0.715678 0.566249  0.089428 0.449710 1 48 1.000000
0  -4.421906 -30.729269 56.340618  0.170909 -0.980266 -0.099345  0.106574 0.490107 1 48 1.000000
0  -3.905703 -30.531450 56.351883  0.391166 -0.913880 -0.108683  0.107275 0.455858 1 48 1.000000
v_hand_sheet.tga
0  -7.347269 -28.265860 57.202942  -0.977275 -0.116122 0.177336  0.653346 0.860562 1 39 1.000000
0  -7.278203 -28.430298 57.626957  -0.820915 -0.049907 0.568865  0.691840 0.864599 1 39 1.000000
0  -7.395690 -27.023691 57.331161  -0.831630 0.043791 0.553601  0.685879 0.774671 1 39 1.000000
v_hand_sheet.tga
0  -3.905703 -30.531450 56.351883  0.391166 -0.913880 -0.108683  0.107275 0.455858 1 48 1.000000
0  -4.421906 -30.729269 56.340618  0.170909 -0.980266 -0.099345  0.106574 0.490107 1 48 1.000000
0  -4.493723 -30.578959 56.065918  0.058329 -0.602202 -0.796210  0.123992 0.493546 1 48 1.000000
v_hand_sheet.tga
0  -3.905703 -30.531450 56.351883  0.391166 -0.913880 -0.108683  0.107275 0.455858 1 48 1.000000
0  -4.493723 -30.578959 56.065918  0.058329 -0.602202 -0.796210  0.123992 0.493546 1 48 1.000000
0  -3.912078 -30.443905 56.053543  0.249339 -0.657513 -0.710990  0.132306 0.458235 1 48 1.000000
v_hand_sheet.tga
0  -5.619862 -26.580370 55.483551  0.938437 -0.037030 -0.343461  0.315617 0.744980 1 39 1.000000
0  -5.850564 -25.738895 55.396290  0.960355 0.076312 -0.268132  0.320388 0.681730 1 39 1.000000
0  -5.502768 -25.315737 56.342712  0.941483 0.183995 -0.282411  0.247688 0.653893 1 39 1.000000
v_hand_sheet.tga
0  -5.619862 -26.580370 55.483551  0.938437 -0.037030 -0.343461  0.315617 0.744980 1 39 1.000000
0  -5.502768 -25.315737 56.342712  0.941483 0.183995 -0.282411  0.247688 0.653893 1 39 1.000000
0  -5.177343 -26.388435 56.364853  0.865867 -0.059798 -0.496687  0.247520 0.733986 1 39 1.000000
v_hand_sheet.tga
0  -4.493723 -30.578959 56.065918  0.058329 -0.602202 -0.796210  0.123992 0.493546 1 48 1.000000
0  -4.171621 -30.270679 55.955837  -0.078458 -0.090997 -0.992756  0.143525 0.471982 1 48 1.000000
0  -3.912078 -30.443905 56.053543  0.249339 -0.657513 -0.710990  0.132306 0.458235 1 48 1.000000
v_hand_sheet.tga
0  -2.706535 -26.240141 57.808754  0.532359 0.795265 0.290081  0.958421 0.865182 1 54 1.000000
0  -3.299603 -25.917461 57.847729  0.487813 0.844140 -0.222410  0.939925 0.826113 1 54 1.000000
0  -3.356763 -25.999210 58.154312  0.466109 0.603498 0.646941  0.916684 0.835781 1 54 1.000000
v_hand_sheet.tga
0  -2.706535 -26.240141 57.808754  0.532359 0.795265 0.290081  0.958421 0.865182 1 54 1.000000
0  -3.356763 -25.999210 58.154312  0.466109 0.603498 0.646941  0.916684 0.835781 1 54 1.000000
0  -2.808568 -26.328001 58.181355  0.398732 0.534522 0.745184  0.932411 0.876115 1 54 1.000000
v_hand_sheet.tga
0  -7.395690 -27.023691 57.331161  -0.831630 0.043791 0.553601  0.685879 0.774671 1 39 1.000000
0  -6.753245 -26.479420 57.788860  -0.493911 0.107140 0.862886  0.733097 0.758069 2 39 0.725965 52 0.274035
0  -7.073088 -25.489168 57.450157  -0.582291 0.068235 0.810112  0.719231 0.686486 1 39 1.000000
v_hand_sheet.tga
0  -2.903504 -26.483461 57.614845  0.429824 0.208290 -0.878559  0.077726 0.881038 1 54 1.000000
0  -3.269277 -26.192574 57.580257  0.271268 0.440771 -0.855648  0.087736 0.849102 1 54 1.000000
0  -3.299603 -25.917461 57.847729  0.487813 0.844140 -0.222410  0.068391 0.828452 1 54 1.000000
v_hand_sheet.tga
0  -2.903504 -26.483461 57.614845  0.429824 0.208290 -0.878559  0.077726 0.881038 1 54 1.000000
0  -3.299603 -25.917461 57.847729  0.487813 0.844140 -0.222410  0.068391 0.828452 1 54 1.000000
0  -2.706535 -26.240141 57.808754  0.460729 0.387109 -0.798671  0.056333 0.870635 1 54 1.000000
v_hand_sheet.tga
0  -7.730142 -25.911068 56.515068  -0.964770 -0.094585 0.245506  0.638380 0.718342 1 39 1.000000
0  -7.395690 -27.023691 57.331161  -0.831630 0.043791 0.553601  0.685879 0.774671 1 39 1.000000
0  -7.073088 -25.489168 57.450157  -0.582291 0.068235 0.810112  0.719231 0.686486 1 39 1.000000
v_hand_sheet.tga
0  -3.025761 -26.907715 57.604248  0.177131 -0.569340 -0.802793  0.088572 0.906162 1 54 1.000000
0  -3.437890 -26.507135 57.451458  -0.023371 -0.108398 -0.993833  0.105224 0.865850 1 54 1.000000
0  -3.269277 -26.192574 57.580257  0.271268 0.440771 -0.855648  0.087736 0.849102 1 54 1.000000
v_hand_sheet.tga
0  -3.025761 -26.907715 57.604248  0.177131 -0.569340 -0.802793  0.088572 0.906162 1 54 1.000000
0  -3.269277 -26.192574 57.580257  0.271268 0.440771 -0.855648  0.087736 0.849102 1 54 1.000000
0  -2.903504 -26.483461 57.614845  0.429824 0.208290 -0.878559  0.077726 0.881038 1 54 1.000000
v_hand_sheet.tga
0  -3.671664 -26.778557 57.638870  -0.348310 -0.678445 -0.646833  0.119529 0.869734 1 54 1.000000
0  -3.437890 -26.507135 57.451458  -0.023371 -0.108398 -0.993833  0.105224 0.865850 1 54 1.000000
0  -3.025761 -26.907715 57.604248  0.177131 -0.569340 -0.802793  0.088572 0.906162 1 54 1.000000
v_hand_sheet.tga
0  -5.619862 -26.580370 55.483551  0.938437 -0.037030 -0.343461  0.315617 0.744980 1 39 1.000000
0  -5.856824 -28.034939 55.679718  0.969610 -0.221397 -0.104110  0.311504 0.856118 1 39 1.000000
0  -5.990444 -28.027767 54.845623  0.955891 -0.053177 -0.288867  0.371761 0.851599 1 39 1.000000
v_hand_sheet.tga
0  -5.619862 -26.580370 55.483551  0.938437 -0.037030 -0.343461  0.315617 0.744980 1 39 1.000000
0  -5.990444 -28.027767 54.845623  0.955891 -0.053177 -0.288867  0.371761 0.851599 1 39 1.000000
0  -5.846673 -26.717508 54.698040  0.924765 0.027204 -0.379564  0.374218 0.751809 1 39 1.000000
v_hand_sheet.tga
0  -3.120516 -27.044964 57.868206  -0.137393 -0.987781 0.073569  0.106514 0.901331 1 54 1.000000
0  -3.705743 -26.817163 57.914288  -0.399907 -0.913497 0.074816  0.128044 0.878291 1 54 1.000000
0  -3.671664 -26.778557 57.638870  -0.348310 -0.678445 -0.646833  0.119529 0.869734 1 54 1.000000
v_hand_sheet.tga
0  -3.120516 -27.044964 57.868206  -0.137393 -0.987781 0.073569  0.106514 0.901331 1 54 1.000000
0  -3.671664 -26.778557 57.638870  -0.348310 -0.678445 -0.646833  0.119529 0.869734 1 54 1.000000
0  -3.025761 -26.907715 57.604248  0.177131 -0.569340 -0.802793  0.088572 0.906162 1 54 1.000000
v_hand_sheet.tga
0  -4.171621 -30.270679 55.955837  -0.078458 -0.090997 -0.992756  0.143525 0.471982 1 48 1.000000
0  -3.823316 -30.150734 55.919899  0.170360 -0.096383 -0.980657  0.132306 0.458235 1 48 1.000000
0  -3.912078 -30.443905 56.053543  0.249339 -0.657513 -0.710990  0.132306 0.458235 1 48 1.000000
v_hand_sheet.tga
0  -6.151041 -28.988901 55.038425  0.852012 -0.407358 0.328839  0.365739 0.930775 1 40 1.000000
0  -5.985905 -29.335777 54.803799  0.554056 0.300410 0.776386  0.382679 0.956297 1 40 1.000000
0  -6.012913 -28.793177 54.751652  0.996311 0.081258 -0.027585  0.382309 0.908810 1 39 1.000000
v_hand_sheet.tga
0  -3.823316 -30.150734 55.919899  0.170360 -0.096383 -0.980657  0.132306 0.458235 1 48 1.000000
0  -4.171621 -30.270679 55.955837  -0.078458 -0.090997 -0.992756  0.143525 0.471982 1 48 1.000000
0  -4.122143 -29.938107 56.040649  -0.304436 0.717375 -0.626651  0.161907 0.468560 1 48 1.000000
v_hand_sheet.tga
0  -3.823316 -30.150734 55.919899  0.170360 -0.096383 -0.980657  0.132306 0.458235 1 48 1.000000
0  -4.122143 -29.938107 56.040649  -0.304436 0.717375 -0.626651  0.161907 0.468560 1 48 1.000000
0  -3.731045 -29.841280 56.039612  0.256079 0.621337 -0.740516  0.162623 0.444351 1 48 1.000000
v_hand_sheet.tga
0  -3.731045 -29.841280 56.039612  0.256079 0.621337 -0.740516  0.162623 0.444351 1 48 1.000000
0  -4.122143 -29.938107 56.040649  -0.304436 0.717375 -0.626651  0.161907 0.468560 1 48 1.000000
0  -4.030871 -29.840059 56.353474  -0.314011 0.937831 0.147887  0.188804 0.465807 1 48 1.000000
v_hand_sheet.tga
0  -3.731045 -29.841280 56.039612  0.256079 0.621337 -0.740516  0.162623 0.444351 1 48 1.000000
0  -4.030871 -29.840059 56.353474  -0.314011 0.937831 0.147887  0.188804 0.465807 1 48 1.000000
0  -3.662451 -29.769327 56.336220  0.205425 0.978281 0.027702  0.177228 0.440961 1 48 1.000000
v_hand_sheet.tga
0  -6.012913 -28.793177 54.751652  0.996311 0.081258 -0.027585  0.382309 0.908810 1 39 1.000000
0  -5.884339 -29.128532 54.581123  0.808159 0.572292 0.139140  0.396014 0.939937 1 40 1.000000
0  -5.901657 -29.240355 54.385193  0.770903 0.547526 -0.325459  0.422026 0.947291 1 40 1.000000
v_hand_sheet.tga
0  -4.030871 -29.840059 56.353474  -0.314011 0.937831 0.147887  0.019296 0.466991 1 48 1.000000
0  -4.386364 -29.997637 56.384354  -0.077739 0.988661 0.128479  0.024399 0.492713 1 47 1.000000
0  -4.394301 -30.136152 56.588882  0.023731 0.648507 0.760839  0.047671 0.490345 1 47 1.000000
v_hand_sheet.tga
0  -4.030871 -29.840059 56.353474  -0.314011 0.937831 0.147887  0.019296 0.466991 1 48 1.000000
0  -4.394301 -30.136152 56.588882  0.023731 0.648507 0.760839  0.047671 0.490345 1 47 1.000000
0  -3.984143 -29.998447 56.643265  -0.189719 0.629427 0.753544  0.042199 0.465243 1 48 1.000000
v_hand_sheet.tga
0  -4.862165 -29.721460 54.983742  0.028755 0.645314 0.763376  0.047671 0.490345 1 41 1.000000
0  -5.098834 -29.622404 54.942131  0.009453 0.717911 0.696071  0.047847 0.528357 1 41 1.000000
0  -5.288840 -29.906235 55.043945  -0.141349 -0.087690 0.986068  0.070630 0.538652 1 41 1.000000
v_hand_sheet.tga
0  -4.862165 -29.721460 54.983742  0.028755 0.645314 0.763376  0.047671 0.490345 1 41 1.000000
0  -5.288840 -29.906235 55.043945  -0.141349 -0.087690 0.986068  0.070630 0.538652 1 41 1.000000
0  -4.975624 -29.899139 55.060543  -0.070697 -0.105063 0.991949  0.072691 0.493011 1 41 1.000000
v_hand_sheet.tga
0  -3.984143 -29.998447 56.643265  -0.189719 0.629427 0.753544  0.042199 0.465243 1 48 1.000000
0  -4.394301 -30.136152 56.588882  0.023731 0.648507 0.760839  0.047671 0.490345 1 47 1.000000
0  -4.451829 -30.407354 56.739029  0.078044 -0.105552 0.991347  0.072691 0.493011 1 47 1.000000
v_hand_sheet.tga
0  -3.984143 -29.998447 56.643265  -0.189719 0.629427 0.753544  0.042199 0.465243 1 48 1.000000
0  -4.451829 -30.407354 56.739029  0.078044 -0.105552 0.991347  0.072691 0.493011 1 47 1.000000
0  -4.053245 -30.342566 56.739788  0.095358 -0.100167 0.990391  0.072006 0.468051 1 48 1.000000
v_hand_sheet.tga
0  -4.451829 -30.407354 56.739029  0.078044 -0.105552 0.991347  0.072691 0.493011 1 47 1.000000
0  -4.376676 -30.640453 56.622738  0.164812 -0.724797 0.668959  0.090925 0.488784 1 48 1.000000
0  -4.053245 -30.342566 56.739788  0.095358 -0.100167 0.990391  0.072006 0.468051 1 48 1.000000
v_hand_sheet.tga
0  -4.753412 -30.666689 56.653492  0.008703 -0.690827 0.722967  0.091506 0.508151 1 47 1.000000
0  -4.376676 -30.640453 56.622738  0.164812 -0.724797 0.668959  0.090925 0.488784 1 48 1.000000
0  -4.451829 -30.407354 56.739029  0.078044 -0.105552 0.991347  0.072691 0.493011 1 47 1.000000
v_hand_sheet.tga
0  -6.418249 -29.195841 57.903534  0.033364 0.033054 0.998897  0.740379 0.916829 1 49 1.000000
0  -6.118621 -29.040934 57.771172  0.784729 0.204346 0.585187  0.775146 0.912378 1 49 1.000000
0  -6.261985 -28.244543 57.822552  0.638253 -0.154975 0.754066  0.755930 0.852916 1 39 1.000000
v_hand_sheet.tga
0  -4.376676 -30.640453 56.622738  0.164812 -0.724797 0.668959  0.090925 0.488784 1 48 1.000000
0  -4.753412 -30.666689 56.653492  0.008703 -0.690827 0.722967  0.091506 0.508151 1 47 1.000000
0  -4.912517 -30.726004 56.393150  -0.115669 -0.991086 -0.066103  0.105694 0.515822 1 47 1.000000
v_hand_sheet.tga
0  -4.376676 -30.640453 56.622738  0.164812 -0.724797 0.668959  0.090925 0.488784 1 48 1.000000
0  -4.912517 -30.726004 56.393150  -0.115669 -0.991086 -0.066103  0.105694 0.515822 1 47 1.000000
0  -4.421906 -30.729269 56.340618  0.170909 -0.980266 -0.099345  0.106574 0.490107 1 48 1.000000
v_hand_sheet.tga
0  -6.418249 -29.195841 57.903534  0.033364 0.033054 0.998897  0.740379 0.916829 1 49 1.000000
0  -6.261985 -28.244543 57.822552  0.638253 -0.154975 0.754066  0.755930 0.852916 1 39 1.000000
0  -7.003943 -28.412878 57.809448  -0.309158 -0.040448 0.950150  0.713618 0.864338 1 39 1.000000
v_hand_sheet.tga
0  -4.421906 -30.729269 56.340618  0.170909 -0.980266 -0.099345  0.106574 0.490107 1 48 1.000000
0  -4.912517 -30.726004 56.393150  -0.115669 -0.991086 -0.066103  0.105694 0.515822 1 47 1.000000
0  -4.827272 -30.624044 56.086426  -0.112728 -0.570377 -0.813611  0.122669 0.510156 1 47 1.000000
v_hand_sheet.tga
0  -4.421906 -30.729269 56.340618  0.170909 -0.980266 -0.099345  0.106574 0.490107 1 48 1.000000
0  -4.827272 -30.624044 56.086426  -0.112728 -0.570377 -0.813611  0.122669 0.510156 1 47 1.000000
0  -4.493723 -30.578959 56.065918  0.058329 -0.602202 -0.796210  0.123992 0.493546 1 48 1.000000
v_hand_sheet.tga
0  -4.827272 -30.624044 56.086426  -0.112728 -0.570377 -0.813611  0.122669 0.510156 1 47 1.000000
0  -4.528019 -30.354885 56.003452  -0.078064 0.000259 -0.996948  0.140563 0.498415 1 47 1.000000
0  -4.493723 -30.578959 56.065918  0.058329 -0.602202 -0.796210  0.123992 0.493546 1 48 1.000000
v_hand_sheet.tga
0  -4.528019 -30.354885 56.003452  -0.078064 0.000259 -0.996948  0.140563 0.498415 1 47 1.000000
0  -4.171621 -30.270679 55.955837  -0.078458 -0.090997 -0.992756  0.143525 0.471982 1 48 1.000000
0  -4.493723 -30.578959 56.065918  0.058329 -0.602202 -0.796210  0.123992 0.493546 1 48 1.000000
v_hand_sheet.tga
0  -6.151041 -28.988901 55.038425  0.852012 -0.407358 0.328839  0.365739 0.930775 1 40 1.000000
0  -6.231236 -29.544790 54.951046  0.513473 0.001837 0.858104  0.376191 0.971717 1 40 1.000000
0  -5.985905 -29.335777 54.803799  0.554056 0.300410 0.776386  0.382679 0.956297 1 40 1.000000
v_hand_sheet.tga
0  -4.171621 -30.270679 55.955837  -0.078458 -0.090997 -0.992756  0.143525 0.471982 1 48 1.000000
0  -4.528019 -30.354885 56.003452  -0.078064 0.000259 -0.996948  0.140563 0.498415 1 47 1.000000
0  -4.458558 -30.092712 56.119709  -0.128041 0.733257 -0.667787  0.160182 0.493432 1 47 1.000000
v_hand_sheet.tga
0  -4.171621 -30.270679 55.955837  -0.078458 -0.090997 -0.992756  0.143525 0.471982 1 48 1.000000
0  -4.458558 -30.092712 56.119709  -0.128041 0.733257 -0.667787  0.160182 0.493432 1 47 1.000000
0  -4.122143 -29.938107 56.040649  -0.304436 0.717375 -0.626651  0.161907 0.468560 1 48 1.000000
v_hand_sheet.tga
0  -6.160486 -28.746969 54.217846  0.927557 0.242806 -0.284048  0.426955 0.903029 1 39 1.000000
0  -6.012913 -28.793177 54.751652  0.996311 0.081258 -0.027585  0.382309 0.908810 1 39 1.000000
0  -5.901657 -29.240355 54.385193  0.770903 0.547526 -0.325459  0.422026 0.947291 1 40 1.000000
v_hand_sheet.tga
0  -4.122143 -29.938107 56.040649  -0.304436 0.717375 -0.626651  0.161907 0.468560 1 48 1.000000
0  -4.458558 -30.092712 56.119709  -0.128041 0.733257 -0.667787  0.160182 0.493432 1 47 1.000000
0  -4.386364 -29.997637 56.384354  -0.077739 0.988661 0.128479  0.181094 0.491217 1 47 1.000000
v_hand_sheet.tga
0  -4.122143 -29.938107 56.040649  -0.304436 0.717375 -0.626651  0.161907 0.468560 1 48 1.000000
0  -4.386364 -29.997637 56.384354  -0.077739 0.988661 0.128479  0.181094 0.491217 1 47 1.000000
0  -4.030871 -29.840059 56.353474  -0.314011 0.937831 0.147887  0.188804 0.465807 1 48 1.000000
v_hand_sheet.tga
0  -6.231236 -29.544790 54.951046  -0.098430 -0.792279 -0.602167  0.042978 0.608565 1 40 1.000000
0  -6.710660 -29.419458 54.732822  -0.454839 -0.889155 -0.050251  0.092586 0.657232 1 40 1.000000
0  -6.129109 -29.544970 54.910130  -0.117184 -0.950326 -0.288354  0.057904 0.612491 1 40 1.000000
v_hand_sheet.tga
0  -4.386364 -29.997637 56.384354  -0.077739 0.988661 0.128479  0.024399 0.492713 1 47 1.000000
0  -4.950211 -29.858339 56.449753  0.226952 0.972261 0.056574  0.023147 0.527538 1 47 1.000000
0  -4.976287 -29.995123 56.740490  0.237655 0.641964 0.728973  0.047847 0.528357 1 47 1.000000
v_hand_sheet.tga
0  -4.386364 -29.997637 56.384354  -0.077739 0.988661 0.128479  0.024399 0.492713 1 47 1.000000
0  -4.976287 -29.995123 56.740490  0.237655 0.641964 0.728973  0.047847 0.528357 1 47 1.000000
0  -4.394301 -30.136152 56.588882  0.023731 0.648507 0.760839  0.047671 0.490345 1 47 1.000000
v_hand_sheet.tga
0  -5.666685 -30.065336 54.605286  -0.164516 -0.982972 -0.081857  0.105602 0.569720 1 41 1.000000
0  -5.996738 -30.019180 54.559563  -0.435246 -0.894779 -0.099654  0.105287 0.595776 1 40 1.000000
0  -5.897192 -29.936598 54.296326  -0.225260 -0.894354 -0.386508  0.125228 0.590884 1 40 1.000000
v_hand_sheet.tga
0  -5.666685 -30.065336 54.605286  -0.164516 -0.982972 -0.081857  0.105602 0.569720 1 41 1.000000
0  -5.897192 -29.936598 54.296326  -0.225260 -0.894354 -0.386508  0.125228 0.590884 1 40 1.000000
0  -5.641732 -29.957129 54.345467  -0.119129 -0.925821 -0.358697  0.125796 0.571838 1 41 1.000000
v_hand_sheet.tga
0  -4.394301 -30.136152 56.588882  0.023731 0.648507 0.760839  0.047671 0.490345 1 47 1.000000
0  -4.976287 -29.995123 56.740490  0.237655 0.641964 0.728973  0.047847 0.528357 1 47 1.000000
0  -5.175946 -30.226704 56.867615  0.104546 -0.087960 0.990623  0.070630 0.538652 1 47 1.000000
v_hand_sheet.tga
0  -4.394301 -30.136152 56.588882  0.023731 0.648507 0.760839  0.047671 0.490345 1 47 1.000000
0  -5.175946 -30.226704 56.867615  0.104546 -0.087960 0.990623  0.070630 0.538652 1 47 1.000000
0  -4.451829 -30.407354 56.739029  0.078044 -0.105552 0.991347  0.072691 0.493011 1 47 1.000000
v_hand_sheet.tga
0  -5.175946 -30.226704 56.867615  0.104546 -0.087960 0.990623  0.070630 0.538652 1 47 1.000000
0  -4.753412 -30.666689 56.653492  0.008703 -0.690827 0.722967  0.091506 0.508151 1 47 1.000000
0  -4.451829 -30.407354 56.739029  0.078044 -0.105552 0.991347  0.072691 0.493011 1 47 1.000000
v_hand_sheet.tga
0  -5.720539 -30.422579 56.795078  -0.114035 -0.659413 0.743082  0.087622 0.571570 1 47 1.000000
0  -4.753412 -30.666689 56.653492  0.008703 -0.690827 0.722967  0.091506 0.508151 1 47 1.000000
0  -5.175946 -30.226704 56.867615  0.104546 -0.087960 0.990623  0.070630 0.538652 1 47 1.000000
v_hand_sheet.tga
0  -5.994791 -28.915329 57.266327  0.997715 -0.000580 0.067559  0.205559 0.930957 1 39 1.000000
0  -6.261985 -28.244543 57.822552  0.638253 -0.154975 0.754066  0.166244 0.883976 1 39 1.000000
0  -6.118621 -29.040934 57.771172  0.784729 0.204346 0.585187  0.170031 0.952911 1 49 1.000000
v_hand_sheet.tga
0  -4.753412 -30.666689 56.653492  0.008703 -0.690827 0.722967  0.091506 0.508151 1 47 1.000000
0  -5.720539 -30.422579 56.795078  -0.114035 -0.659413 0.743082  0.087622 0.571570 1 47 1.000000
0  -5.739459 -30.499846 56.478031  -0.266498 -0.961746 -0.063433  0.105602 0.569720 1 47 1.000000
v_hand_sheet.tga
0  -4.753412 -30.666689 56.653492  0.008703 -0.690827 0.722967  0.091506 0.508151 1 47 1.000000
0  -5.739459 -30.499846 56.478031  -0.266498 -0.961746 -0.063433  0.105602 0.569720 1 47 1.000000
0  -4.912517 -30.726004 56.393150  -0.115669 -0.991086 -0.066103  0.105694 0.515822 1 47 1.000000
v_hand_sheet.tga
0  -6.330089 -26.036785 54.282753  0.737377 0.089467 -0.669531  0.415373 0.702929 1 39 1.000000
0  -6.374074 -24.166580 54.229431  0.670525 -0.026918 -0.741399  0.427790 0.588033 2 38 0.087683 39 0.912317
0  -5.505761 -24.063829 54.956654  0.914257 -0.120555 -0.386782  0.367750 0.584282 2 38 0.073287 39 0.926713
v_hand_sheet.tga
0  -6.330089 -26.036785 54.282753  0.737377 0.089467 -0.669531  0.415373 0.702929 1 39 1.000000
0  -5.505761 -24.063829 54.956654  0.914257 -0.120555 -0.386782  0.367750 0.584282 2 38 0.073287 39 0.926713
0  -5.973836 -25.935951 54.655697  0.909301 0.046842 -0.413494  0.374919 0.693048 1 39 1.000000
v_hand_sheet.tga
0  -4.912517 -30.726004 56.393150  -0.115669 -0.991086 -0.066103  0.105694 0.515822 1 47 1.000000
0  -5.739459 -30.499846 56.478031  -0.266498 -0.961746 -0.063433  0.105602 0.569720 1 47 1.000000
0  -5.757317 -30.345697 56.142399  -0.192926 -0.659151 -0.726842  0.125796 0.571838 1 47 1.000000
v_hand_sheet.tga
0  -4.912517 -30.726004 56.393150  -0.115669 -0.991086 -0.066103  0.105694 0.515822 1 47 1.000000
0  -5.757317 -30.345697 56.142399  -0.192926 -0.659151 -0.726842  0.125796 0.571838 1 47 1.000000
0  -4.827272 -30.624044 56.086426  -0.112728 -0.570377 -0.813611  0.122669 0.510156 1 47 1.000000
v_hand_sheet.tga
0  -5.243803 -30.175547 56.016411  -0.047957 -0.016686 -0.998710  0.141362 0.538819 1 47 1.000000
0  -4.528019 -30.354885 56.003452  -0.078064 0.000259 -0.996948  0.140563 0.498415 1 47 1.000000
0  -4.827272 -30.624044 56.086426  -0.112728 -0.570377 -0.813611  0.122669 0.510156 1 47 1.000000
v_hand_sheet.tga
0  -5.243803 -30.175547 56.016411  -0.047957 -0.016686 -0.998710  0.141362 0.538819 1 47 1.000000
0  -4.827272 -30.624044 56.086426  -0.112728 -0.570377 -0.813611  0.122669 0.510156 1 47 1.000000
0  -5.757317 -30.345697 56.142399  -0.192926 -0.659151 -0.726842  0.125796 0.571838 1 47 1.000000
v_hand_sheet.tga
0  -6.231236 -29.544790 54.951046  0.513473 0.001837 0.858104  0.042978 0.608565 1 40 1.000000
0  -6.129109 -29.544970 54.910130  -0.031265 0.002399 0.999508  0.057904 0.612491 1 40 1.000000
0  -5.985905 -29.335777 54.803799  0.554056 0.300410 0.776386  0.040279 0.598434 1 40 1.000000
v_hand_sheet.tga
0  -4.528019 -30.354885 56.003452  -0.078064 0.000259 -0.996948  0.140563 0.498415 1 47 1.000000
0  -5.243803 -30.175547 56.016411  -0.047957 -0.016686 -0.998710  0.141362 0.538819 1 47 1.000000
0  -5.051136 -29.957594 56.139481  0.101374 0.738489 -0.666601  0.163360 0.529338 1 47 1.000000
v_hand_sheet.tga
0  -4.528019 -30.354885 56.003452  -0.078064 0.000259 -0.996948  0.140563 0.498415 1 47 1.000000
0  -5.051136 -29.957594 56.139481  0.101374 0.738489 -0.666601  0.163360 0.529338 1 47 1.000000
0  -4.458558 -30.092712 56.119709  -0.128041 0.733257 -0.667787  0.160182 0.493432 1 47 1.000000
v_hand_sheet.tga
0  -4.458558 -30.092712 56.119709  -0.128041 0.733257 -0.667787  0.160182 0.493432 1 47 1.000000
0  -5.051136 -29.957594 56.139481  0.101374 0.738489 -0.666601  0.163360 0.529338 1 47 1.000000
0  -4.950211 -29.858339 56.449753  0.226952 0.972261 0.056574  0.187622 0.525730 1 47 1.000000
v_hand_sheet.tga
0  -4.458558 -30.092712 56.119709  -0.128041 0.733257 -0.667787  0.160182 0.493432 1 47 1.000000
0  -4.950211 -29.858339 56.449753  0.226952 0.972261 0.056574  0.187622 0.525730 1 47 1.000000
0  -4.386364 -29.997637 56.384354  -0.077739 0.988661 0.128479  0.181094 0.491217 1 47 1.000000
v_hand_sheet.tga
0  -4.950211 -29.858339 56.449753  0.226952 0.972261 0.056574  0.023147 0.527538 1 47 1.000000
0  -5.450800 -29.762774 56.492229  0.449997 0.892211 0.038238  0.023034 0.567257 1 46 1.000000
0  -5.510263 -29.898924 56.784904  0.304634 0.587769 0.749483  0.047609 0.568508 1 46 1.000000
v_hand_sheet.tga
0  -4.950211 -29.858339 56.449753  0.226952 0.972261 0.056574  0.023147 0.527538 1 47 1.000000
0  -5.510263 -29.898924 56.784904  0.304634 0.587769 0.749483  0.047609 0.568508 1 46 1.000000
0  -4.976287 -29.995123 56.740490  0.237655 0.641964 0.728973  0.047847 0.528357 1 47 1.000000
v_hand_sheet.tga
0  -4.791627 -29.561245 54.718800  0.071870 0.994467 0.076616  0.024399 0.492713 1 41 1.000000
0  -4.993222 -29.558750 54.689388  0.160981 0.977884 0.133523  0.023147 0.527538 1 41 1.000000
0  -5.098834 -29.622404 54.942131  0.009453 0.717911 0.696071  0.047847 0.528357 1 41 1.000000
v_hand_sheet.tga
0  -4.791627 -29.561245 54.718800  0.071870 0.994467 0.076616  0.024399 0.492713 1 41 1.000000
0  -5.098834 -29.622404 54.942131  0.009453 0.717911 0.696071  0.047847 0.528357 1 41 1.000000
0  -4.862165 -29.721460 54.983742  0.028755 0.645314 0.763376  0.047671 0.490345 1 41 1.000000
v_hand_sheet.tga
0  -4.976287 -29.995123 56.740490  0.237655 0.641964 0.728973  0.047847 0.528357 1 47 1.000000
0  -5.510263 -29.898924 56.784904  0.304634 0.587769 0.749483  0.047609 0.568508 1 46 1.000000
0  -5.684433 -30.140932 56.890347  0.019956 -0.037726 0.999089  0.067843 0.572031 1 46 1.000000
v_hand_sheet.tga
0  -4.976287 -29.995123 56.740490  0.237655 0.641964 0.728973  0.047847 0.528357 1 47 1.000000
0  -5.684433 -30.140932 56.890347  0.019956 -0.037726 0.999089  0.067843 0.572031 1 46 1.000000
0  -5.175946 -30.226704 56.867615  0.104546 -0.087960 0.990623  0.070630 0.538652 1 47 1.000000
v_hand_sheet.tga
0  -5.684433 -30.140932 56.890347  0.019956 -0.037726 0.999089  0.067843 0.572031 1 46 1.000000
0  -5.720539 -30.422579 56.795078  -0.114035 -0.659413 0.743082  0.087622 0.571570 1 47 1.000000
0  -5.175946 -30.226704 56.867615  0.104546 -0.087960 0.990623  0.070630 0.538652 1 47 1.000000
v_hand_sheet.tga
0  -6.080821 -30.339121 56.798084  -0.339926 -0.519229 0.784125  0.088916 0.589919 1 46 1.000000
0  -5.720539 -30.422579 56.795078  -0.114035 -0.659413 0.743082  0.087622 0.571570 1 47 1.000000
0  -5.684433 -30.140932 56.890347  0.019956 -0.037726 0.999089  0.067843 0.572031 1 46 1.000000
v_hand_sheet.tga
0  -5.720539 -30.422579 56.795078  -0.114035 -0.659413 0.743082  0.087622 0.571570 1 47 1.000000
0  -6.080821 -30.339121 56.798084  -0.339926 -0.519229 0.784125  0.088916 0.589919 1 46 1.000000
0  -6.207139 -30.356447 56.512783  -0.555805 -0.831312 -0.001138  0.105287 0.595776 1 46 1.000000
v_hand_sheet.tga
0  -5.720539 -30.422579 56.795078  -0.114035 -0.659413 0.743082  0.087622 0.571570 1 47 1.000000
0  -6.207139 -30.356447 56.512783  -0.555805 -0.831312 -0.001138  0.105287 0.595776 1 46 1.000000
0  -5.739459 -30.499846 56.478031  -0.266498 -0.961746 -0.063433  0.105602 0.569720 1 47 1.000000
v_hand_sheet.tga
0  -5.739459 -30.499846 56.478031  -0.266498 -0.961746 -0.063433  0.105602 0.569720 1 47 1.000000
0  -6.207139 -30.356447 56.512783  -0.555805 -0.831312 -0.001138  0.105287 0.595776 1 46 1.000000
0  -6.102783 -30.260935 56.153179  -0.347920 -0.621376 -0.702029  0.125228 0.590884 1 46 1.000000
v_hand_sheet.tga
0  -5.739459 -30.499846 56.478031  -0.266498 -0.961746 -0.063433  0.105602 0.569720 1 47 1.000000
0  -6.102783 -30.260935 56.153179  -0.347920 -0.621376 -0.702029  0.125228 0.590884 1 46 1.000000
0  -5.757317 -30.345697 56.142399  -0.192926 -0.659151 -0.726842  0.125796 0.571838 1 47 1.000000
v_hand_sheet.tga
0  -6.102783 -30.260935 56.153179  -0.347920 -0.621376 -0.702029  0.125228 0.590884 1 46 1.000000
0  -5.842889 -30.168192 56.046432  -0.043708 -0.145222 -0.988433  0.136801 0.578029 1 46 1.000000
0  -5.757317 -30.345697 56.142399  -0.192926 -0.659151 -0.726842  0.125796 0.571838 1 47 1.000000
v_hand_sheet.tga
0  -5.842889 -30.168192 56.046432  -0.043708 -0.145222 -0.988433  0.136801 0.578029 1 46 1.000000
0  -5.243803 -30.175547 56.016411  -0.047957 -0.016686 -0.998710  0.141362 0.538819 1 47 1.000000
0  -5.757317 -30.345697 56.142399  -0.192926 -0.659151 -0.726842  0.125796 0.571838 1 47 1.000000
v_hand_sheet.tga
0  -6.012913 -28.793177 54.751652  0.996311 0.081258 -0.027585  0.382309 0.908810 1 39 1.000000
0  -5.985905 -29.335777 54.803799  0.554056 0.300410 0.776386  0.382679 0.956297 1 40 1.000000
0  -5.884339 -29.128532 54.581123  0.808159 0.572292 0.139140  0.396014 0.939937 1 40 1.000000
v_hand_sheet.tga
0  -5.243803 -30.175547 56.016411  -0.047957 -0.016686 -0.998710  0.141362 0.538819 1 47 1.000000
0  -5.842889 -30.168192 56.046432  -0.043708 -0.145222 -0.988433  0.136801 0.578029 1 46 1.000000
0  -5.539951 -29.854383 56.214836  0.301700 0.629546 -0.715995  0.168453 0.570329 1 46 1.000000
v_hand_sheet.tga
0  -5.243803 -30.175547 56.016411  -0.047957 -0.016686 -0.998710  0.141362 0.538819 1 47 1.000000
0  -5.539951 -29.854383 56.214836  0.301700 0.629546 -0.715995  0.168453 0.570329 1 46 1.000000
0  -5.051136 -29.957594 56.139481  0.101374 0.738489 -0.666601  0.163360 0.529338 1 47 1.000000
v_hand_sheet.tga
0  -5.051136 -29.957594 56.139481  0.101374 0.738489 -0.666601  0.163360 0.529338 1 47 1.000000
0  -5.539951 -29.854383 56.214836  0.301700 0.629546 -0.715995  0.168453 0.570329 1 46 1.000000
0  -5.450800 -29.762774 56.492229  0.449997 0.892211 0.038238  0.187410 0.569967 1 46 1.000000
v_hand_sheet.tga
0  -5.051136 -29.957594 56.139481  0.101374 0.738489 -0.666601  0.163360 0.529338 1 47 1.000000
0  -5.450800 -29.762774 56.492229  0.449997 0.892211 0.038238  0.187410 0.569967 1 46 1.000000
0  -4.950211 -29.858339 56.449753  0.226952 0.972261 0.056574  0.187622 0.525730 1 47 1.000000
v_hand_sheet.tga
0  -5.450800 -29.762774 56.492229  0.449997 0.892211 0.038238  0.023034 0.567257 1 46 1.000000
0  -5.800532 -29.443098 56.483307  0.788793 0.604743 0.109963  0.024035 0.594543 1 46 1.000000
0  -5.904694 -29.543440 56.777672  0.412260 0.362836 0.835698  0.040279 0.598434 1 46 1.000000
v_hand_sheet.tga
0  -5.450800 -29.762774 56.492229  0.449997 0.892211 0.038238  0.023034 0.567257 1 46 1.000000
0  -5.904694 -29.543440 56.777672  0.412260 0.362836 0.835698  0.040279 0.598434 1 46 1.000000
0  -5.510263 -29.898924 56.784904  0.304634 0.587769 0.749483  0.047609 0.568508 1 46 1.000000
v_hand_sheet.tga
0  -5.884339 -29.128532 54.581123  0.808159 0.572292 0.139140  0.024035 0.594543 1 40 1.000000
0  -5.985905 -29.335777 54.803799  0.554056 0.300410 0.776386  0.040279 0.598434 1 40 1.000000
0  -5.527845 -29.411222 54.606987  0.445734 0.880242 0.162770  0.023034 0.567257 1 40 1.000000
v_hand_sheet.tga
0  -5.510263 -29.898924 56.784904  0.304634 0.587769 0.749483  0.047609 0.568508 1 46 1.000000
0  -5.904694 -29.543440 56.777672  0.412260 0.362836 0.835698  0.040279 0.598434 1 46 1.000000
0  -6.254695 -29.670887 56.879269  -0.081197 -0.022224 0.996450  0.057904 0.612491 1 46 1.000000
v_hand_sheet.tga
0  -5.510263 -29.898924 56.784904  0.304634 0.587769 0.749483  0.047609 0.568508 1 46 1.000000
0  -6.254695 -29.670887 56.879269  -0.081197 -0.022224 0.996450  0.057904 0.612491 1 46 1.000000
0  -5.684433 -30.140932 56.890347  0.019956 -0.037726 0.999089  0.067843 0.572031 1 46 1.000000
v_hand_sheet.tga
0  -6.254695 -29.670887 56.879269  -0.081197 -0.022224 0.996450  0.057904 0.612491 1 46 1.000000
0  -6.080821 -30.339121 56.798084  -0.339926 -0.519229 0.784125  0.088916 0.589919 1 46 1.000000
0  -5.684433 -30.140932 56.890347  0.019956 -0.037726 0.999089  0.067843 0.572031 1 46 1.000000
v_hand_sheet.tga
0  -6.942607 -29.475658 56.680004  -0.569613 -0.668983 0.477497  0.092586 0.657232 1 46 1.000000
0  -6.080821 -30.339121 56.798084  -0.339926 -0.519229 0.784125  0.088916 0.589919 1 46 1.000000
0  -6.254695 -29.670887 56.879269  -0.081197 -0.022224 0.996450  0.057904 0.612491 1 46 1.000000
v_hand_sheet.tga
0  -6.942607 -29.475658 56.680004  -0.569613 -0.668983 0.477497  0.092586 0.657232 1 46 1.000000
0  -6.207139 -30.356447 56.512783  -0.555805 -0.831312 -0.001138  0.105287 0.595776 1 46 1.000000
0  -6.080821 -30.339121 56.798084  -0.339926 -0.519229 0.784125  0.088916 0.589919 1 46 1.000000
v_hand_sheet.tga
0  -6.973652 -29.548830 56.243446  -0.651819 -0.715884 -0.250283  0.130458 0.656910 1 46 1.000000
0  -6.207139 -30.356447 56.512783  -0.555805 -0.831312 -0.001138  0.105287 0.595776 1 46 1.000000
0  -6.942607 -29.475658 56.680004  -0.569613 -0.668983 0.477497  0.092586 0.657232 1 46 1.000000
v_hand_sheet.tga
0  -6.973652 -29.548830 56.243446  -0.651819 -0.715884 -0.250283  0.130458 0.656910 1 46 1.000000
0  -6.102783 -30.260935 56.153179  -0.347920 -0.621376 -0.702029  0.125228 0.590884 1 46 1.000000
0  -6.207139 -30.356447 56.512783  -0.555805 -0.831312 -0.001138  0.105287 0.595776 1 46 1.000000
v_hand_sheet.tga
0  -6.517791 -29.847651 56.030991  -0.251521 -0.394506 -0.883800  0.137396 0.623188 1 46 1.000000
0  -6.102783 -30.260935 56.153179  -0.347920 -0.621376 -0.702029  0.125228 0.590884 1 46 1.000000
0  -6.973652 -29.548830 56.243446  -0.651819 -0.715884 -0.250283  0.130458 0.656910 1 46 1.000000
v_hand_sheet.tga
0  -6.517791 -29.847651 56.030991  -0.251521 -0.394506 -0.883800  0.137396 0.623188 1 46 1.000000
0  -6.224734 -29.661091 56.009800  0.144234 -0.226768 -0.963210  0.152193 0.609938 2 43 0.206817 46 0.793183
0  -6.102783 -30.260935 56.153179  -0.347920 -0.621376 -0.702029  0.125228 0.590884 1 46 1.000000
v_hand_sheet.tga
0  -6.224734 -29.661091 56.009800  0.144234 -0.226768 -0.963210  0.152193 0.609938 2 43 0.206817 46 0.793183
0  -5.842889 -30.168192 56.046432  -0.043708 -0.145222 -0.988433  0.136801 0.578029 1 46 1.000000
0  -6.102783 -30.260935 56.153179  -0.347920 -0.621376 -0.702029  0.125228 0.590884 1 46 1.000000
v_hand_sheet.tga
0  -6.710660 -29.419458 54.732822  -0.454839 -0.889155 -0.050251  0.092586 0.657232 1 40 1.000000
0  -5.943516 -29.986362 54.835495  -0.351681 -0.587062 0.729163  0.088916 0.589919 1 40 1.000000
0  -6.129109 -29.544970 54.910130  -0.031265 0.002399 0.999508  0.057904 0.612491 1 40 1.000000
v_hand_sheet.tga
0  -5.842889 -30.168192 56.046432  -0.043708 -0.145222 -0.988433  0.136801 0.578029 1 46 1.000000
0  -6.224734 -29.661091 56.009800  0.144234 -0.226768 -0.963210  0.152193 0.609938 2 43 0.206817 46 0.793183
0  -5.885870 -29.562387 56.124428  0.662976 0.174625 -0.727990  0.168472 0.595410 1 46 1.000000
v_hand_sheet.tga
0  -5.842889 -30.168192 56.046432  -0.043708 -0.145222 -0.988433  0.136801 0.578029 1 46 1.000000
0  -5.885870 -29.562387 56.124428  0.662976 0.174625 -0.727990  0.168472 0.595410 1 46 1.000000
0  -5.539951 -29.854383 56.214836  0.301700 0.629546 -0.715995  0.168453 0.570329 1 46 1.000000
v_hand_sheet.tga
0  -5.539951 -29.854383 56.214836  0.301700 0.629546 -0.715995  0.002819 0.568922 1 46 1.000000
0  -5.885870 -29.562387 56.124428  0.662976 0.174625 -0.727990  0.005061 0.596345 1 46 1.000000
0  -5.800532 -29.443098 56.483307  0.788793 0.604743 0.109963  0.024035 0.594543 1 46 1.000000
v_hand_sheet.tga
0  -5.539951 -29.854383 56.214836  0.301700 0.629546 -0.715995  0.002819 0.568922 1 46 1.000000
0  -5.800532 -29.443098 56.483307  0.788793 0.604743 0.109963  0.024035 0.594543 1 46 1.000000
0  -5.450800 -29.762774 56.492229  0.449997 0.892211 0.038238  0.023034 0.567257 1 46 1.000000
v_hand_sheet.tga
0  -6.129109 -29.544970 54.910130  -0.031265 0.002399 0.999508  0.057904 0.612491 1 40 1.000000
0  -5.943516 -29.986362 54.835495  -0.351681 -0.587062 0.729163  0.088916 0.589919 1 40 1.000000
0  -5.704074 -29.790064 54.945644  -0.160422 -0.005034 0.987036  0.067843 0.572031 3 40 0.971036 41 0.027029 43 0.001935
v_hand_sheet.tga
0  -6.165184 -29.278074 56.797295  0.972582 -0.064924 0.223315  0.243349 0.966937 1 46 1.000000
0  -5.904694 -29.543440 56.777672  0.412260 0.362836 0.835698  0.243427 0.989473 1 46 1.000000
0  -5.800532 -29.443098 56.483307  0.788793 0.604743 0.109963  0.262440 0.981892 1 46 1.000000
v_hand_sheet.tga
0  -6.165184 -29.278074 56.797295  0.972582 -0.064924 0.223315  0.243349 0.966937 1 46 1.000000
0  -5.800532 -29.443098 56.483307  0.788793 0.604743 0.109963  0.262440 0.981892 1 46 1.000000
0  -5.966855 -29.139759 56.544144  0.971672 0.088378 0.219188  0.258207 0.957708 1 46 1.000000
v_hand_sheet.tga
0  -6.165184 -29.278074 56.797295  0.972582 -0.064924 0.223315  0.243349 0.966937 1 46 1.000000
0  -6.322039 -29.574118 56.875481  -0.042329 -0.239710 0.969921  0.237331 0.989630 1 49 1.000000
0  -5.904694 -29.543440 56.777672  0.412260 0.362836 0.835698  0.243427 0.989473 1 46 1.000000
v_hand_sheet.tga
0  -6.322039 -29.574118 56.875481  -0.042329 -0.239710 0.969921  0.057904 0.612491 1 49 1.000000
0  -6.254695 -29.670887 56.879269  -0.081197 -0.022224 0.996450  0.057904 0.612491 1 46 1.000000
0  -5.904694 -29.543440 56.777672  0.412260 0.362836 0.835698  0.040279 0.598434 1 46 1.000000
v_hand_sheet.tga
0  -6.322039 -29.574118 56.875481  -0.042329 -0.239710 0.969921  0.057904 0.612491 1 49 1.000000
0  -6.942607 -29.475658 56.680004  -0.569613 -0.668983 0.477497  0.092586 0.657232 1 46 1.000000
0  -6.254695 -29.670887 56.879269  -0.081197 -0.022224 0.996450  0.057904 0.612491 1 46 1.000000
v_hand_sheet.tga
0  -6.683014 -29.500444 56.018574  -0.371520 -0.755760 -0.539258  0.148980 0.643828 1 43 1.000000
0  -6.517791 -29.847651 56.030991  -0.251521 -0.394506 -0.883800  0.137396 0.623188 1 46 1.000000
0  -6.973652 -29.548830 56.243446  -0.651819 -0.715884 -0.250283  0.130458 0.656910 1 46 1.000000
v_hand_sheet.tga
0  -6.683014 -29.500444 56.018574  -0.371520 -0.755760 -0.539258  0.148980 0.643828 1 43 1.000000
0  -6.266274 -29.503128 55.930771  0.271337 -0.258047 -0.927247  0.152193 0.609938 1 43 1.000000
0  -6.517791 -29.847651 56.030991  -0.251521 -0.394506 -0.883800  0.137396 0.623188 1 46 1.000000
v_hand_sheet.tga
0  -6.266274 -29.503128 55.930771  0.271337 -0.258047 -0.927247  0.152193 0.609938 1 43 1.000000
0  -6.224734 -29.661091 56.009800  0.144234 -0.226768 -0.963210  0.152193 0.609938 2 43 0.206817 46 0.793183
0  -6.517791 -29.847651 56.030991  -0.251521 -0.394506 -0.883800  0.137396 0.623188 1 46 1.000000
v_hand_sheet.tga
0  -6.266274 -29.503128 55.930771  0.271337 -0.258047 -0.927247  0.152193 0.609938 1 43 1.000000
0  -5.885870 -29.562387 56.124428  0.662976 0.174625 -0.727990  0.168472 0.595410 1 46 1.000000
0  -6.224734 -29.661091 56.009800  0.144234 -0.226768 -0.963210  0.152193 0.609938 2 43 0.206817 46 0.793183
v_hand_sheet.tga
0  -5.539323 -29.485491 54.419590  0.434688 0.817536 -0.377732  0.168453 0.570329 1 40 1.000000
0  -5.901657 -29.240355 54.385193  0.770903 0.547526 -0.325459  0.168472 0.595410 1 40 1.000000
0  -5.884339 -29.128532 54.581123  0.808159 0.572292 0.139140  0.186475 0.593420 1 40 1.000000
v_hand_sheet.tga
0  -5.539323 -29.485491 54.419590  0.434688 0.817536 -0.377732  0.168453 0.570329 1 40 1.000000
0  -5.884339 -29.128532 54.581123  0.808159 0.572292 0.139140  0.186475 0.593420 1 40 1.000000
0  -5.527845 -29.411222 54.606987  0.445734 0.880242 0.162770  0.187410 0.569967 1 40 1.000000
v_hand_sheet.tga
0  -5.966855 -29.139759 56.544144  0.971672 0.088378 0.219188  0.258207 0.957708 1 46 1.000000
0  -5.800532 -29.443098 56.483307  0.788793 0.604743 0.109963  0.262440 0.981892 1 46 1.000000
0  -5.885870 -29.562387 56.124428  0.662976 0.174625 -0.727990  0.289353 0.988391 1 46 1.000000
v_hand_sheet.tga
0  -5.966855 -29.139759 56.544144  0.971672 0.088378 0.219188  0.258207 0.957708 1 46 1.000000
0  -5.885870 -29.562387 56.124428  0.662976 0.174625 -0.727990  0.289353 0.988391 1 46 1.000000
0  -5.998762 -29.200504 56.117031  0.952619 0.095235 -0.288873  0.289002 0.960133 1 46 1.000000
v_hand_sheet.tga
0  -6.833108 -29.461868 55.663258  -0.435110 -0.870958 0.228279  0.569358 0.941809 1 43 1.000000
0  -6.683014 -29.500444 56.018574  -0.371520 -0.755760 -0.539258  0.585513 0.952071 1 43 1.000000
0  -7.360038 -29.142645 55.744999  -0.763093 -0.641423 -0.079151  0.577103 0.908870 1 39 1.000000
v_hand_sheet.tga
0  -5.998762 -29.200504 56.117031  0.952619 0.095235 -0.288873  0.289002 0.960133 1 46 1.000000
0  -5.885870 -29.562387 56.124428  0.662976 0.174625 -0.727990  0.289353 0.988391 1 46 1.000000
0  -6.266274 -29.503128 55.930771  0.271337 -0.258047 -0.927247  0.311761 0.983774 1 43 1.000000
v_hand_sheet.tga
0  -5.998762 -29.200504 56.117031  0.952619 0.095235 -0.288873  0.289002 0.960133 1 46 1.000000
0  -6.266274 -29.503128 55.930771  0.271337 -0.258047 -0.927247  0.311761 0.983774 1 43 1.000000
0  -6.035051 -29.037888 55.920746  0.991986 -0.085494 0.093032  0.306848 0.953213 1 43 1.000000
v_hand_sheet.tga
0  -3.755807 -30.005211 55.550804  0.857529 0.495738 -0.137436  0.062015 0.704952 1 45 1.000000
0  -3.769177 -30.049578 55.716728  0.822285 0.111970 0.557951  0.045241 0.703328 1 45 1.000000
0  -3.742606 -30.141560 55.608444  0.963001 -0.267633 0.031650  0.052037 0.715190 1 45 1.000000
v_hand_sheet.tga
0  -3.769177 -30.049578 55.716728  0.822285 0.111970 0.557951  0.045241 0.703328 1 45 1.000000
0  -3.830259 -30.229309 55.723354  0.620994 -0.699839 0.352974  0.037373 0.720936 1 45 1.000000
0  -3.742606 -30.141560 55.608444  0.963001 -0.267633 0.031650  0.052037 0.715190 1 45 1.000000
v_hand_sheet.tga
0  -3.830259 -30.229309 55.723354  0.620994 -0.699839 0.352974  0.037373 0.720936 1 45 1.000000
0  -3.818084 -30.188913 55.428970  0.699182 -0.371844 -0.610636  0.065727 0.727353 1 45 1.000000
0  -3.742606 -30.141560 55.608444  0.963001 -0.267633 0.031650  0.052037 0.715190 1 45 1.000000
v_hand_sheet.tga
0  -3.818084 -30.188913 55.428970  0.699182 -0.371844 -0.610636  0.065727 0.727353 1 45 1.000000
0  -3.755807 -30.005211 55.550804  0.857529 0.495738 -0.137436  0.062015 0.704952 1 45 1.000000
0  -3.742606 -30.141560 55.608444  0.963001 -0.267633 0.031650  0.052037 0.715190 1 45 1.000000
v_hand_sheet.tga
0  -4.011515 -29.788736 55.612534  0.264486 0.964387 0.002272  0.061541 0.680228 1 45 1.000000
0  -4.037032 -29.873577 55.880856  0.353464 0.700959 0.619451  0.036421 0.680610 1 45 1.000000
0  -3.755807 -30.005211 55.550804  0.857529 0.495738 -0.137436  0.062015 0.704952 1 45 1.000000
v_hand_sheet.tga
0  -4.037032 -29.873577 55.880856  0.353464 0.700959 0.619451  0.036421 0.680610 1 45 1.000000
0  -3.769177 -30.049578 55.716728  0.822285 0.111970 0.557951  0.045241 0.703328 1 45 1.000000
0  -3.755807 -30.005211 55.550804  0.857529 0.495738 -0.137436  0.062015 0.704952 1 45 1.000000
v_hand_sheet.tga
0  -4.037032 -29.873577 55.880856  0.353464 0.700959 0.619451  0.036421 0.680610 1 45 1.000000
0  -4.135300 -30.148273 55.962288  0.323261 -0.166033 0.931630  0.017224 0.703253 1 45 1.000000
0  -3.769177 -30.049578 55.716728  0.822285 0.111970 0.557951  0.045241 0.703328 1 45 1.000000
v_hand_sheet.tga
0  -4.135300 -30.148273 55.962288  0.323261 -0.166033 0.931630  0.017224 0.703253 1 45 1.000000
0  -3.830259 -30.229309 55.723354  0.620994 -0.699839 0.352974  0.037373 0.720936 1 45 1.000000
0  -3.769177 -30.049578 55.716728  0.822285 0.111970 0.557951  0.045241 0.703328 1 45 1.000000
v_hand_sheet.tga
0  -4.135300 -30.148273 55.962288  0.323261 -0.166033 0.931630  0.017224 0.703253 1 45 1.000000
0  -4.262239 -30.377714 55.842701  0.220816 -0.771204 0.597064  0.017303 0.729547 1 45 1.000000
0  -3.830259 -30.229309 55.723354  0.620994 -0.699839 0.352974  0.037373 0.720936 1 45 1.000000
v_hand_sheet.tga
0  -4.262239 -30.377714 55.842701  0.220816 -0.771204 0.597064  0.017303 0.729547 1 45 1.000000
0  -4.315810 -30.425837 55.602757  0.286458 -0.957012 -0.045494  0.033688 0.742685 1 45 1.000000
0  -3.830259 -30.229309 55.723354  0.620994 -0.699839 0.352974  0.037373 0.720936 1 45 1.000000
v_hand_sheet.tga
0  -2.579019 -27.019833 58.023056  0.399040 -0.907568 -0.130720  0.084293 0.922885 1 54 1.000000
0  -2.444979 -26.799625 57.867298  0.650114 -0.428708 -0.627344  0.064571 0.916867 1 54 1.000000
0  -2.382726 -26.848686 58.036644  0.888802 -0.434736 0.145035  0.077437 0.936522 1 54 1.000000
v_hand_sheet.tga
0  -3.830259 -30.229309 55.723354  0.620994 -0.699839 0.352974  0.037373 0.720936 1 45 1.000000
0  -4.315810 -30.425837 55.602757  0.286458 -0.957012 -0.045494  0.033688 0.742685 1 45 1.000000
0  -4.268063 -30.354078 55.365959  0.284401 -0.727151 -0.624794  0.058956 0.744103 1 45 1.000000
v_hand_sheet.tga
0  -3.830259 -30.229309 55.723354  0.620994 -0.699839 0.352974  0.037373 0.720936 1 45 1.000000
0  -4.268063 -30.354078 55.365959  0.284401 -0.727151 -0.624794  0.058956 0.744103 1 45 1.000000
0  -3.818084 -30.188913 55.428970  0.699182 -0.371844 -0.610636  0.065727 0.727353 1 45 1.000000
v_hand_sheet.tga
0  -4.268063 -30.354078 55.365959  0.284401 -0.727151 -0.624794  0.058956 0.744103 1 45 1.000000
0  -4.134524 -30.111954 55.255650  0.322755 -0.138977 -0.936223  0.082767 0.726789 1 45 1.000000
0  -3.818084 -30.188913 55.428970  0.699182 -0.371844 -0.610636  0.065727 0.727353 1 45 1.000000
v_hand_sheet.tga
0  -4.134524 -30.111954 55.255650  0.322755 -0.138977 -0.936223  0.082767 0.726789 1 45 1.000000
0  -4.036908 -29.848299 55.370750  0.390949 0.579212 -0.715313  0.083567 0.695109 1 45 1.000000
0  -3.818084 -30.188913 55.428970  0.699182 -0.371844 -0.610636  0.065727 0.727353 1 45 1.000000
v_hand_sheet.tga
0  -4.036908 -29.848299 55.370750  0.390949 0.579212 -0.715313  0.083567 0.695109 1 45 1.000000
0  -3.755807 -30.005211 55.550804  0.857529 0.495738 -0.137436  0.062015 0.704952 1 45 1.000000
0  -3.818084 -30.188913 55.428970  0.699182 -0.371844 -0.610636  0.065727 0.727353 1 45 1.000000
v_hand_sheet.tga
0  -4.036908 -29.848299 55.370750  0.390949 0.579212 -0.715313  0.083567 0.695109 1 45 1.000000
0  -4.011515 -29.788736 55.612534  0.264486 0.964387 0.002272  0.061541 0.680228 1 45 1.000000
0  -3.755807 -30.005211 55.550804  0.857529 0.495738 -0.137436  0.062015 0.704952 1 45 1.000000
v_hand_sheet.tga
0  -5.990444 -28.027767 54.845623  0.955891 -0.053177 -0.288867  0.371761 0.851599 1 39 1.000000
0  -6.012913 -28.793177 54.751652  0.996311 0.081258 -0.027585  0.382309 0.908810 1 39 1.000000
0  -6.160486 -28.746969 54.217846  0.927557 0.242806 -0.284048  0.426955 0.903029 1 39 1.000000
v_hand_sheet.tga
0  -5.990444 -28.027767 54.845623  0.955891 -0.053177 -0.288867  0.371761 0.851599 1 39 1.000000
0  -6.160486 -28.746969 54.217846  0.927557 0.242806 -0.284048  0.426955 0.903029 1 39 1.000000
0  -6.328414 -28.012724 54.086624  0.919620 -0.023213 -0.392122  0.431344 0.848306 1 39 1.000000
v_hand_sheet.tga
0  -4.011515 -29.788736 55.612534  0.264486 0.964387 0.002272  0.038317 0.439447 1 45 1.000000
0  -4.355257 -29.828888 55.553555  -0.188399 0.982088 -0.002899  0.019296 0.466991 1 45 1.000000
0  -4.448709 -29.938948 55.779457  -0.187802 0.747292 0.637405  0.042199 0.465243 1 45 1.000000
v_hand_sheet.tga
0  -4.011515 -29.788736 55.612534  0.264486 0.964387 0.002272  0.038317 0.439447 1 45 1.000000
0  -4.448709 -29.938948 55.779457  -0.187802 0.747292 0.637405  0.042199 0.465243 1 45 1.000000
0  -4.037032 -29.873577 55.880856  0.353464 0.700959 0.619451  0.038317 0.439447 1 45 1.000000
v_hand_sheet.tga
0  -6.085018 -28.781713 56.054008  0.986606 0.145320 0.074107  0.291351 0.914854 1 39 1.000000
0  -5.902119 -28.725538 55.411995  0.918198 -0.396072 0.006225  0.334195 0.906854 1 39 1.000000
0  -5.856824 -28.034939 55.679718  0.969610 -0.221397 -0.104110  0.311504 0.856118 1 39 1.000000
v_hand_sheet.tga
0  -4.037032 -29.873577 55.880856  0.353464 0.700959 0.619451  0.038317 0.439447 1 45 1.000000
0  -4.448709 -29.938948 55.779457  -0.187802 0.747292 0.637405  0.042199 0.465243 1 45 1.000000
0  -4.554492 -30.220551 55.957886  -0.093644 -0.091169 0.991423  0.072006 0.468051 1 45 1.000000
v_hand_sheet.tga
0  -4.037032 -29.873577 55.880856  0.353464 0.700959 0.619451  0.038317 0.439447 1 45 1.000000
0  -4.554492 -30.220551 55.957886  -0.093644 -0.091169 0.991423  0.072006 0.468051 1 45 1.000000
0  -4.135300 -30.148273 55.962288  0.323261 -0.166033 0.931630  0.065555 0.442444 1 45 1.000000
v_hand_sheet.tga
0  -4.554492 -30.220551 55.957886  -0.093644 -0.091169 0.991423  0.072006 0.468051 1 45 1.000000
0  -4.262239 -30.377714 55.842701  0.220816 -0.771204 0.597064  0.089428 0.449710 1 45 1.000000
0  -4.135300 -30.148273 55.962288  0.323261 -0.166033 0.931630  0.065555 0.442444 1 45 1.000000
v_hand_sheet.tga
0  -4.908153 -30.483328 55.789909  -0.074392 -0.693574 0.716534  0.090925 0.488784 1 45 1.000000
0  -4.262239 -30.377714 55.842701  0.220816 -0.771204 0.597064  0.089428 0.449710 1 45 1.000000
0  -4.554492 -30.220551 55.957886  -0.093644 -0.091169 0.991423  0.072006 0.468051 1 45 1.000000
v_hand_sheet.tga
0  -7.560540 -27.389257 55.824295  -0.991520 -0.129735 -0.007555  0.596300 0.792595 1 39 1.000000
0  -7.809300 -26.088442 55.030441  -0.969808 -0.137320 -0.201535  0.559424 0.715171 1 39 1.000000
0  -7.487311 -27.400291 55.119541  -0.973651 -0.130757 -0.186831  0.554928 0.792672 1 39 1.000000
v_hand_sheet.tga
0  -4.262239 -30.377714 55.842701  0.220816 -0.771204 0.597064  0.089428 0.449710 1 45 1.000000
0  -4.908153 -30.483328 55.789909  -0.074392 -0.693574 0.716534  0.090925 0.488784 1 45 1.000000
0  -4.915358 -30.567011 55.516998  0.006633 -0.997595 -0.068991  0.106574 0.490107 1 45 1.000000
v_hand_sheet.tga
0  -4.262239 -30.377714 55.842701  0.220816 -0.771204 0.597064  0.089428 0.449710 1 45 1.000000
0  -4.915358 -30.567011 55.516998  0.006633 -0.997595 -0.068991  0.106574 0.490107 1 45 1.000000
0  -4.315810 -30.425837 55.602757  0.286458 -0.957012 -0.045494  0.107275 0.455858 1 45 1.000000
v_hand_sheet.tga
0  -7.360038 -29.142645 55.744999  -0.763093 -0.641423 -0.079151  0.577103 0.908870 1 39 1.000000
0  -7.455788 -28.180576 55.897736  -0.994911 -0.099532 0.015644  0.585543 0.857140 1 39 1.000000
0  -7.523095 -28.208838 55.220089  -0.980639 -0.143178 -0.133596  0.550220 0.855790 1 39 1.000000
v_hand_sheet.tga
0  -4.315810 -30.425837 55.602757  0.286458 -0.957012 -0.045494  0.107275 0.455858 1 45 1.000000
0  -4.915358 -30.567011 55.516998  0.006633 -0.997595 -0.068991  0.106574 0.490107 1 45 1.000000
0  -4.922796 -30.433550 55.264122  0.057769 -0.631740 -0.773025  0.123992 0.493546 1 45 1.000000
v_hand_sheet.tga
0  -4.315810 -30.425837 55.602757  0.286458 -0.957012 -0.045494  0.107275 0.455858 1 45 1.000000
0  -4.922796 -30.433550 55.264122  0.057769 -0.631740 -0.773025  0.123992 0.493546 1 45 1.000000
0  -4.268063 -30.354078 55.365959  0.284401 -0.727151 -0.624794  0.132306 0.458235 1 45 1.000000
v_hand_sheet.tga
0  -4.922796 -30.433550 55.264122  0.057769 -0.631740 -0.773025  0.123992 0.493546 1 45 1.000000
0  -4.511914 -30.178101 55.185772  0.093620 -0.101083 -0.990463  0.143525 0.471982 1 45 1.000000
0  -4.268063 -30.354078 55.365959  0.284401 -0.727151 -0.624794  0.132306 0.458235 1 45 1.000000
v_hand_sheet.tga
0  -4.511914 -30.178101 55.185772  0.093620 -0.101083 -0.990463  0.143525 0.471982 1 45 1.000000
0  -4.134524 -30.111954 55.255650  0.322755 -0.138977 -0.936223  0.132306 0.458235 1 45 1.000000
0  -4.268063 -30.354078 55.365959  0.284401 -0.727151 -0.624794  0.132306 0.458235 1 45 1.000000
v_hand_sheet.tga
0  -5.288840 -29.906235 55.043945  -0.141349 -0.087690 0.986068  0.070630 0.538652 1 41 1.000000
0  -4.983535 -30.171057 54.945042  -0.183744 -0.697364 0.692764  0.091506 0.508151 1 41 1.000000
0  -4.975624 -29.899139 55.060543  -0.070697 -0.105063 0.991949  0.072691 0.493011 1 41 1.000000
v_hand_sheet.tga
0  -4.134524 -30.111954 55.255650  0.322755 -0.138977 -0.936223  0.132306 0.458235 1 45 1.000000
0  -4.511914 -30.178101 55.185772  0.093620 -0.101083 -0.990463  0.143525 0.471982 1 45 1.000000
0  -4.426569 -29.977207 55.270935  -0.079950 0.737133 -0.671002  0.161907 0.468560 1 45 1.000000
v_hand_sheet.tga
0  -4.134524 -30.111954 55.255650  0.322755 -0.138977 -0.936223  0.132306 0.458235 1 45 1.000000
0  -4.426569 -29.977207 55.270935  -0.079950 0.737133 -0.671002  0.161907 0.468560 1 45 1.000000
0  -4.036908 -29.848299 55.370750  0.390949 0.579212 -0.715313  0.162623 0.444351 1 45 1.000000
v_hand_sheet.tga
0  -5.712180 -29.999195 54.888680  -0.249162 -0.665316 0.703756  0.087622 0.571570 1 41 1.000000
0  -5.943516 -29.986362 54.835495  -0.351681 -0.587062 0.729163  0.088916 0.589919 1 40 1.000000
0  -5.996738 -30.019180 54.559563  -0.435246 -0.894779 -0.099654  0.105287 0.595776 1 40 1.000000
v_hand_sheet.tga
0  -5.712180 -29.999195 54.888680  -0.249162 -0.665316 0.703756  0.087622 0.571570 1 41 1.000000
0  -5.996738 -30.019180 54.559563  -0.435246 -0.894779 -0.099654  0.105287 0.595776 1 40 1.000000
0  -5.666685 -30.065336 54.605286  -0.164516 -0.982972 -0.081857  0.105602 0.569720 1 41 1.000000
v_hand_sheet.tga
0  -4.036908 -29.848299 55.370750  0.390949 0.579212 -0.715313  0.162623 0.444351 1 45 1.000000
0  -4.426569 -29.977207 55.270935  -0.079950 0.737133 -0.671002  0.161907 0.468560 1 45 1.000000
0  -4.355257 -29.828888 55.553555  -0.188399 0.982088 -0.002899  0.188804 0.465807 1 45 1.000000
v_hand_sheet.tga
0  -4.036908 -29.848299 55.370750  0.390949 0.579212 -0.715313  0.162623 0.444351 1 45 1.000000
0  -4.355257 -29.828888 55.553555  -0.188399 0.982088 -0.002899  0.188804 0.465807 1 45 1.000000
0  -4.011515 -29.788736 55.612534  0.264486 0.964387 0.002272  0.177228 0.440961 1 45 1.000000
v_hand_sheet.tga
0  -5.943516 -29.986362 54.835495  -0.351681 -0.587062 0.729163  0.088916 0.589919 1 40 1.000000
0  -5.712180 -29.999195 54.888680  -0.249162 -0.665316 0.703756  0.087622 0.571570 1 41 1.000000
0  -5.704074 -29.790064 54.945644  -0.160422 -0.005034 0.987036  0.067843 0.572031 3 40 0.971036 41 0.027029 43 0.001935
v_hand_sheet.tga
0  -4.355257 -29.828888 55.553555  -0.188399 0.982088 -0.002899  0.019296 0.466991 1 45 1.000000
0  -4.693886 -29.912096 55.572975  0.167012 0.985736 0.020776  0.024399 0.492713 1 44 1.000000
0  -4.744791 -30.019051 55.813911  0.072972 0.694662 0.715625  0.047671 0.490345 1 44 1.000000
v_hand_sheet.tga
0  -4.355257 -29.828888 55.553555  -0.188399 0.982088 -0.002899  0.019296 0.466991 1 45 1.000000
0  -4.744791 -30.019051 55.813911  0.072972 0.694662 0.715625  0.047671 0.490345 1 44 1.000000
0  -4.448709 -29.938948 55.779457  -0.187802 0.747292 0.637405  0.042199 0.465243 1 45 1.000000
v_hand_sheet.tga
0  -5.712180 -29.999195 54.888680  -0.249162 -0.665316 0.703756  0.087622 0.571570 1 41 1.000000
0  -4.983535 -30.171057 54.945042  -0.183744 -0.697364 0.692764  0.091506 0.508151 1 41 1.000000
0  -5.288840 -29.906235 55.043945  -0.141349 -0.087690 0.986068  0.070630 0.538652 1 41 1.000000
v_hand_sheet.tga
0  -4.448709 -29.938948 55.779457  -0.187802 0.747292 0.637405  0.042199 0.465243 1 45 1.000000
0  -4.744791 -30.019051 55.813911  0.072972 0.694662 0.715625  0.047671 0.490345 1 44 1.000000
0  -4.904295 -30.219519 55.881012  -0.087224 -0.029630 0.995748  0.072691 0.493011 1 44 1.000000
v_hand_sheet.tga
0  -4.448709 -29.938948 55.779457  -0.187802 0.747292 0.637405  0.042199 0.465243 1 45 1.000000
0  -4.904295 -30.219519 55.881012  -0.087224 -0.029630 0.995748  0.072691 0.493011 1 44 1.000000
0  -4.554492 -30.220551 55.957886  -0.093644 -0.091169 0.991423  0.072006 0.468051 1 45 1.000000
v_hand_sheet.tga
0  -4.904295 -30.219519 55.881012  -0.087224 -0.029630 0.995748  0.072691 0.493011 1 44 1.000000
0  -4.908153 -30.483328 55.789909  -0.074392 -0.693574 0.716534  0.090925 0.488784 1 45 1.000000
0  -4.554492 -30.220551 55.957886  -0.093644 -0.091169 0.991423  0.072006 0.468051 1 45 1.000000
v_hand_sheet.tga
0  -5.174231 -30.432301 55.776268  -0.254283 -0.604539 0.754899  0.091506 0.508151 1 44 1.000000
0  -4.908153 -30.483328 55.789909  -0.074392 -0.693574 0.716534  0.090925 0.488784 1 45 1.000000
0  -4.904295 -30.219519 55.881012  -0.087224 -0.029630 0.995748  0.072691 0.493011 1 44 1.000000
v_hand_sheet.tga
0  -7.242864 -27.221731 54.197895  -0.940519 -0.114714 -0.319788  0.512229 0.788921 1 39 1.000000
0  -7.215050 -28.157335 54.285976  -0.928537 -0.149960 -0.339605  0.503510 0.851399 1 39 1.000000
0  -7.523095 -28.208838 55.220089  -0.980639 -0.143178 -0.133596  0.550220 0.855790 1 39 1.000000
v_hand_sheet.tga
0  -7.242864 -27.221731 54.197895  -0.940519 -0.114714 -0.319788  0.512229 0.788921 1 39 1.000000
0  -7.523095 -28.208838 55.220089  -0.980639 -0.143178 -0.133596  0.550220 0.855790 1 39 1.000000
0  -7.487311 -27.400291 55.119541  -0.973651 -0.130757 -0.186831  0.554928 0.792672 1 39 1.000000
v_hand_sheet.tga
0  -4.908153 -30.483328 55.789909  -0.074392 -0.693574 0.716534  0.090925 0.488784 1 45 1.000000
0  -5.174231 -30.432301 55.776268  -0.254283 -0.604539 0.754899  0.091506 0.508151 1 44 1.000000
0  -5.290042 -30.482891 55.509903  -0.357105 -0.931285 -0.072007  0.105694 0.515822 1 44 1.000000
v_hand_sheet.tga
0  -4.908153 -30.483328 55.789909  -0.074392 -0.693574 0.716534  0.090925 0.488784 1 45 1.000000
0  -5.290042 -30.482891 55.509903  -0.357105 -0.931285 -0.072007  0.105694 0.515822 1 44 1.000000
0  -4.915358 -30.567011 55.516998  0.006633 -0.997595 -0.068991  0.106574 0.490107 1 45 1.000000
v_hand_sheet.tga
0  -2.467779 -26.748518 58.216263  0.575695 -0.055838 0.815755  0.930009 0.928694 1 54 1.000000
0  -2.808568 -26.328001 58.181355  0.398732 0.534522 0.745184  0.932411 0.876115 1 54 1.000000
0  -2.902660 -26.602959 58.318981  0.074608 -0.121894 0.989735  0.907516 0.889710 1 54 1.000000
v_hand_sheet.tga
0  -2.467779 -26.748518 58.216263  0.575695 -0.055838 0.815755  0.930009 0.928694 1 54 1.000000
0  -2.902660 -26.602959 58.318981  0.074608 -0.121894 0.989735  0.907516 0.889710 1 54 1.000000
0  -2.541094 -26.910707 58.185829  0.316496 -0.553430 0.770419  0.917443 0.935682 1 54 1.000000
v_hand_sheet.tga
0  -4.915358 -30.567011 55.516998  0.006633 -0.997595 -0.068991  0.106574 0.490107 1 45 1.000000
0  -5.290042 -30.482891 55.509903  -0.357105 -0.931285 -0.072007  0.105694 0.515822 1 44 1.000000
0  -5.174388 -30.405001 55.247314  -0.132377 -0.562547 -0.816099  0.122669 0.510156 1 44 1.000000
v_hand_sheet.tga
0  -4.915358 -30.567011 55.516998  0.006633 -0.997595 -0.068991  0.106574 0.490107 1 45 1.000000
0  -5.174388 -30.405001 55.247314  -0.132377 -0.562547 -0.816099  0.122669 0.510156 1 44 1.000000
0  -4.922796 -30.433550 55.264122  0.057769 -0.631740 -0.773025  0.123992 0.493546 1 45 1.000000
v_hand_sheet.tga
0  -5.174388 -30.405001 55.247314  -0.132377 -0.562547 -0.816099  0.122669 0.510156 1 44 1.000000
0  -4.885373 -30.187059 55.200954  0.073386 0.018440 -0.997133  0.140563 0.498415 1 44 1.000000
0  -4.922796 -30.433550 55.264122  0.057769 -0.631740 -0.773025  0.123992 0.493546 1 45 1.000000
v_hand_sheet.tga
0  -4.885373 -30.187059 55.200954  0.073386 0.018440 -0.997133  0.140563 0.498415 1 44 1.000000
0  -4.511914 -30.178101 55.185772  0.093620 -0.101083 -0.990463  0.143525 0.471982 1 45 1.000000
0  -4.922796 -30.433550 55.264122  0.057769 -0.631740 -0.773025  0.123992 0.493546 1 45 1.000000
v_hand_sheet.tga
0  -4.511914 -30.178101 55.185772  0.093620 -0.101083 -0.990463  0.143525 0.471982 1 45 1.000000
0  -4.885373 -30.187059 55.200954  0.073386 0.018440 -0.997133  0.140563 0.498415 1 44 1.000000
0  -4.755753 -29.985395 55.329899  0.175574 0.714453 -0.677296  0.160182 0.493432 1 44 1.000000
v_hand_sheet.tga
0  -4.511914 -30.178101 55.185772  0.093620 -0.101083 -0.990463  0.143525 0.471982 1 45 1.000000
0  -4.755753 -29.985395 55.329899  0.175574 0.714453 -0.677296  0.160182 0.493432 1 44 1.000000
0  -4.426569 -29.977207 55.270935  -0.079950 0.737133 -0.671002  0.161907 0.468560 1 45 1.000000
v_hand_sheet.tga
0  -5.704074 -29.790064 54.945644  -0.160422 -0.005034 0.987036  0.067843 0.572031 3 40 0.971036 41 0.027029 43 0.001935
0  -5.712180 -29.999195 54.888680  -0.249162 -0.665316 0.703756  0.087622 0.571570 1 41 1.000000
0  -5.288840 -29.906235 55.043945  -0.141349 -0.087690 0.986068  0.070630 0.538652 1 41 1.000000
v_hand_sheet.tga
0  -4.426569 -29.977207 55.270935  -0.079950 0.737133 -0.671002  0.161907 0.468560 1 45 1.000000
0  -4.755753 -29.985395 55.329899  0.175574 0.714453 -0.677296  0.160182 0.493432 1 44 1.000000
0  -4.693886 -29.912096 55.572975  0.167012 0.985736 0.020776  0.188700 0.488331 1 44 1.000000
v_hand_sheet.tga
0  -4.426569 -29.977207 55.270935  -0.079950 0.737133 -0.671002  0.161907 0.468560 1 45 1.000000
0  -4.693886 -29.912096 55.572975  0.167012 0.985736 0.020776  0.188700 0.488331 1 44 1.000000
0  -4.355257 -29.828888 55.553555  -0.188399 0.982088 -0.002899  0.188804 0.465807 1 45 1.000000
v_hand_sheet.tga
0  -6.309462 -29.704111 54.224430  -0.517861 -0.809197 -0.277526  0.137396 0.623188 1 40 1.000000
0  -5.996738 -30.019180 54.559563  -0.435246 -0.894779 -0.099654  0.105287 0.595776 1 40 1.000000
0  -6.674547 -29.427418 54.337296  -0.600246 -0.796629 -0.071319  0.130458 0.656910 1 40 1.000000
v_hand_sheet.tga
0  -4.693886 -29.912096 55.572975  0.167012 0.985736 0.020776  0.024399 0.492713 1 44 1.000000
0  -5.084728 -29.675266 55.513023  0.492484 0.869806 0.029961  0.023147 0.527538 1 44 1.000000
0  -5.143221 -29.783140 55.780937  0.295212 0.610053 0.735313  0.047847 0.528357 1 44 1.000000
v_hand_sheet.tga
0  -4.693886 -29.912096 55.572975  0.167012 0.985736 0.020776  0.024399 0.492713 1 44 1.000000
0  -5.143221 -29.783140 55.780937  0.295212 0.610053 0.735313  0.047847 0.528357 1 44 1.000000
0  -4.744791 -30.019051 55.813911  0.072972 0.694662 0.715625  0.047671 0.490345 1 44 1.000000
v_hand_sheet.tga
0  -5.608190 -29.589989 54.880920  0.069952 0.673262 0.736088  0.047609 0.568508 1 40 1.000000
0  -5.098834 -29.622404 54.942131  0.009453 0.717911 0.696071  0.047847 0.528357 1 41 1.000000
0  -4.993222 -29.558750 54.689388  0.160981 0.977884 0.133523  0.023147 0.527538 1 41 1.000000
v_hand_sheet.tga
0  -4.744791 -30.019051 55.813911  0.072972 0.694662 0.715625  0.047671 0.490345 1 44 1.000000
0  -5.143221 -29.783140 55.780937  0.295212 0.610053 0.735313  0.047847 0.528357 1 44 1.000000
0  -5.339590 -29.973930 55.899460  -0.060965 -0.038099 0.997412  0.070630 0.538652 1 44 1.000000
v_hand_sheet.tga
0  -4.744791 -30.019051 55.813911  0.072972 0.694662 0.715625  0.047671 0.490345 1 44 1.000000
0  -5.339590 -29.973930 55.899460  -0.060965 -0.038099 0.997412  0.070630 0.538652 1 44 1.000000
0  -4.904295 -30.219519 55.881012  -0.087224 -0.029630 0.995748  0.072691 0.493011 1 44 1.000000
v_hand_sheet.tga
0  -5.339590 -29.973930 55.899460  -0.060965 -0.038099 0.997412  0.070630 0.538652 1 44 1.000000
0  -5.174231 -30.432301 55.776268  -0.254283 -0.604539 0.754899  0.091506 0.508151 1 44 1.000000
0  -4.904295 -30.219519 55.881012  -0.087224 -0.029630 0.995748  0.072691 0.493011 1 44 1.000000
v_hand_sheet.tga
0  -5.699538 -30.144762 55.769646  -0.314671 -0.574795 0.755376  0.087622 0.571570 1 44 1.000000
0  -5.174231 -30.432301 55.776268  -0.254283 -0.604539 0.754899  0.091506 0.508151 1 44 1.000000
0  -5.339590 -29.973930 55.899460  -0.060965 -0.038099 0.997412  0.070630 0.538652 1 44 1.000000
v_hand_sheet.tga
0  -5.994791 -28.915329 57.266327  0.997715 -0.000580 0.067559  0.205559 0.930957 1 39 1.000000
0  -5.884799 -28.743723 56.686543  0.981352 -0.182172 0.061329  0.244307 0.914766 1 39 1.000000
0  -5.872226 -28.190653 56.908123  0.950383 -0.283784 0.127429  0.225903 0.874230 1 39 1.000000
v_hand_sheet.tga
0  -5.994791 -28.915329 57.266327  0.997715 -0.000580 0.067559  0.205559 0.930957 1 39 1.000000
0  -5.872226 -28.190653 56.908123  0.950383 -0.283784 0.127429  0.225903 0.874230 1 39 1.000000
0  -6.261985 -28.244543 57.822552  0.638253 -0.154975 0.754066  0.166244 0.883976 1 39 1.000000
v_hand_sheet.tga
0  -5.174231 -30.432301 55.776268  -0.254283 -0.604539 0.754899  0.091506 0.508151 1 44 1.000000
0  -5.699538 -30.144762 55.769646  -0.314671 -0.574795 0.755376  0.087622 0.571570 1 44 1.000000
0  -5.683091 -30.222603 55.468864  -0.393363 -0.914275 -0.096784  0.105602 0.569720 1 44 1.000000
v_hand_sheet.tga
0  -5.174231 -30.432301 55.776268  -0.254283 -0.604539 0.754899  0.091506 0.508151 1 44 1.000000
0  -5.683091 -30.222603 55.468864  -0.393363 -0.914275 -0.096784  0.105602 0.569720 1 44 1.000000
0  -5.290042 -30.482891 55.509903  -0.357105 -0.931285 -0.072007  0.105694 0.515822 1 44 1.000000
v_hand_sheet.tga
0  -5.667767 -24.020691 56.184460  0.997985 0.013802 0.061936  0.279143 0.585806 1 39 1.000000
0  -5.850564 -25.738895 55.396290  0.960355 0.076312 -0.268132  0.320388 0.681730 1 39 1.000000
0  -5.973836 -25.935951 54.655697  0.909301 0.046842 -0.413494  0.374919 0.693048 1 39 1.000000
v_hand_sheet.tga
0  -5.667767 -24.020691 56.184460  0.997985 0.013802 0.061936  0.279143 0.585806 1 39 1.000000
0  -5.973836 -25.935951 54.655697  0.909301 0.046842 -0.413494  0.374919 0.693048 1 39 1.000000
0  -5.505761 -24.063829 54.956654  0.914257 -0.120555 -0.386782  0.367750 0.584282 2 38 0.073287 39 0.926713
v_hand_sheet.tga
0  -5.290042 -30.482891 55.509903  -0.357105 -0.931285 -0.072007  0.105694 0.515822 1 44 1.000000
0  -5.683091 -30.222603 55.468864  -0.393363 -0.914275 -0.096784  0.105602 0.569720 1 44 1.000000
0  -5.657841 -30.090494 55.184280  -0.202433 -0.608506 -0.767294  0.125796 0.571838 1 44 1.000000
v_hand_sheet.tga
0  -5.290042 -30.482891 55.509903  -0.357105 -0.931285 -0.072007  0.105694 0.515822 1 44 1.000000
0  -5.657841 -30.090494 55.184280  -0.202433 -0.608506 -0.767294  0.125796 0.571838 1 44 1.000000
0  -5.174388 -30.405001 55.247314  -0.132377 -0.562547 -0.816099  0.122669 0.510156 1 44 1.000000
v_hand_sheet.tga
0  -5.297410 -29.950283 55.104607  0.109094 -0.048950 -0.992825  0.141362 0.538819 1 44 1.000000
0  -4.885373 -30.187059 55.200954  0.073386 0.018440 -0.997133  0.140563 0.498415 1 44 1.000000
0  -5.174388 -30.405001 55.247314  -0.132377 -0.562547 -0.816099  0.122669 0.510156 1 44 1.000000
v_hand_sheet.tga
0  -5.297410 -29.950283 55.104607  0.109094 -0.048950 -0.992825  0.141362 0.538819 1 44 1.000000
0  -5.174388 -30.405001 55.247314  -0.132377 -0.562547 -0.816099  0.122669 0.510156 1 44 1.000000
0  -5.657841 -30.090494 55.184280  -0.202433 -0.608506 -0.767294  0.125796 0.571838 1 44 1.000000
v_hand_sheet.tga
0  -5.098834 -29.622404 54.942131  0.009453 0.717911 0.696071  0.047847 0.528357 1 41 1.000000
0  -5.608190 -29.589989 54.880920  0.069952 0.673262 0.736088  0.047609 0.568508 1 40 1.000000
0  -5.704074 -29.790064 54.945644  -0.160422 -0.005034 0.987036  0.067843 0.572031 3 40 0.971036 41 0.027029 43 0.001935
v_hand_sheet.tga
0  -5.098834 -29.622404 54.942131  0.009453 0.717911 0.696071  0.047847 0.528357 1 41 1.000000
0  -5.704074 -29.790064 54.945644  -0.160422 -0.005034 0.987036  0.067843 0.572031 3 40 0.971036 41 0.027029 43 0.001935
0  -5.288840 -29.906235 55.043945  -0.141349 -0.087690 0.986068  0.070630 0.538652 1 41 1.000000
v_hand_sheet.tga
0  -4.885373 -30.187059 55.200954  0.073386 0.018440 -0.997133  0.140563 0.498415 1 44 1.000000
0  -5.297410 -29.950283 55.104607  0.109094 -0.048950 -0.992825  0.141362 0.538819 1 44 1.000000
0  -5.139426 -29.758026 55.267372  0.403567 0.636068 -0.657687  0.163360 0.529338 1 44 1.000000
v_hand_sheet.tga
0  -4.885373 -30.187059 55.200954  0.073386 0.018440 -0.997133  0.140563 0.498415 1 44 1.000000
0  -5.139426 -29.758026 55.267372  0.403567 0.636068 -0.657687  0.163360 0.529338 1 44 1.000000
0  -4.755753 -29.985395 55.329899  0.175574 0.714453 -0.677296  0.160182 0.493432 1 44 1.000000
v_hand_sheet.tga
0  -6.674547 -29.427418 54.337296  -0.600246 -0.796629 -0.071319  0.130458 0.656910 1 40 1.000000
0  -5.996738 -30.019180 54.559563  -0.435246 -0.894779 -0.099654  0.105287 0.595776 1 40 1.000000
0  -6.710660 -29.419458 54.732822  -0.454839 -0.889155 -0.050251  0.092586 0.657232 1 40 1.000000
v_hand_sheet.tga
0  -4.755753 -29.985395 55.329899  0.175574 0.714453 -0.677296  0.160182 0.493432 1 44 1.000000
0  -5.139426 -29.758026 55.267372  0.403567 0.636068 -0.657687  0.163360 0.529338 1 44 1.000000
0  -5.084728 -29.675266 55.513023  0.492484 0.869806 0.029961  0.187622 0.525730 1 44 1.000000
v_hand_sheet.tga
0  -4.755753 -29.985395 55.329899  0.175574 0.714453 -0.677296  0.160182 0.493432 1 44 1.000000
0  -5.084728 -29.675266 55.513023  0.492484 0.869806 0.029961  0.187622 0.525730 1 44 1.000000
0  -4.693886 -29.912096 55.572975  0.167012 0.985736 0.020776  0.188700 0.488331 1 44 1.000000
v_hand_sheet.tga
0  -5.084728 -29.675266 55.513023  0.492484 0.869806 0.029961  0.023147 0.527538 1 44 1.000000
0  -5.481175 -29.460522 55.495487  0.503833 0.863117 0.034389  0.023034 0.567257 1 43 1.000000
0  -5.533906 -29.588987 55.772961  0.317473 0.591069 0.741518  0.047609 0.568508 1 43 1.000000
v_hand_sheet.tga
0  -5.084728 -29.675266 55.513023  0.492484 0.869806 0.029961  0.023147 0.527538 1 44 1.000000
0  -5.533906 -29.588987 55.772961  0.317473 0.591069 0.741518  0.047609 0.568508 1 43 1.000000
0  -5.143221 -29.783140 55.780937  0.295212 0.610053 0.735313  0.047847 0.528357 1 44 1.000000
v_hand_sheet.tga
0  -4.993222 -29.558750 54.689388  0.160981 0.977884 0.133523  0.023147 0.527538 1 41 1.000000
0  -5.527845 -29.411222 54.606987  0.445734 0.880242 0.162770  0.023034 0.567257 1 40 1.000000
0  -5.985905 -29.335777 54.803799  0.554056 0.300410 0.776386  0.040279 0.598434 1 40 1.000000
v_hand_sheet.tga
0  -4.993222 -29.558750 54.689388  0.160981 0.977884 0.133523  0.023147 0.527538 1 41 1.000000
0  -5.985905 -29.335777 54.803799  0.554056 0.300410 0.776386  0.040279 0.598434 1 40 1.000000
0  -5.608190 -29.589989 54.880920  0.069952 0.673262 0.736088  0.047609 0.568508 1 40 1.000000
v_hand_sheet.tga
0  -5.143221 -29.783140 55.780937  0.295212 0.610053 0.735313  0.047847 0.528357 1 44 1.000000
0  -5.533906 -29.588987 55.772961  0.317473 0.591069 0.741518  0.047609 0.568508 1 43 1.000000
0  -5.638205 -29.835833 55.857548  -0.052184 -0.024873 0.998328  0.067843 0.572031 1 43 1.000000
v_hand_sheet.tga
0  -5.143221 -29.783140 55.780937  0.295212 0.610053 0.735313  0.047847 0.528357 1 44 1.000000
0  -5.638205 -29.835833 55.857548  -0.052184 -0.024873 0.998328  0.067843 0.572031 1 43 1.000000
0  -5.339590 -29.973930 55.899460  -0.060965 -0.038099 0.997412  0.070630 0.538652 1 44 1.000000
v_hand_sheet.tga
0  -5.638205 -29.835833 55.857548  -0.052184 -0.024873 0.998328  0.067843 0.572031 1 43 1.000000
0  -5.699538 -30.144762 55.769646  -0.314671 -0.574795 0.755376  0.087622 0.571570 1 44 1.000000
0  -5.339590 -29.973930 55.899460  -0.060965 -0.038099 0.997412  0.070630 0.538652 1 44 1.000000
v_hand_sheet.tga
0  -5.922914 -30.090584 55.737793  -0.333919 -0.600148 0.726857  0.088916 0.589919 1 43 1.000000
0  -5.699538 -30.144762 55.769646  -0.314671 -0.574795 0.755376  0.087622 0.571570 1 44 1.000000
0  -5.638205 -29.835833 55.857548  -0.052184 -0.024873 0.998328  0.067843 0.572031 1 43 1.000000
v_hand_sheet.tga
0  -5.699538 -30.144762 55.769646  -0.314671 -0.574795 0.755376  0.087622 0.571570 1 44 1.000000
0  -5.922914 -30.090584 55.737793  -0.333919 -0.600148 0.726857  0.088916 0.589919 1 43 1.000000
0  -5.993825 -30.135332 55.452190  -0.463155 -0.881143 -0.095258  0.105287 0.595776 1 43 1.000000
v_hand_sheet.tga
0  -5.699538 -30.144762 55.769646  -0.314671 -0.574795 0.755376  0.087622 0.571570 1 44 1.000000
0  -5.993825 -30.135332 55.452190  -0.463155 -0.881143 -0.095258  0.105287 0.595776 1 43 1.000000
0  -5.683091 -30.222603 55.468864  -0.393363 -0.914275 -0.096784  0.105602 0.569720 1 44 1.000000
v_hand_sheet.tga
0  -5.850564 -25.738895 55.396290  0.960355 0.076312 -0.268132  0.320388 0.681730 1 39 1.000000
0  -5.667767 -24.020691 56.184460  0.997985 0.013802 0.061936  0.279143 0.585806 1 39 1.000000
0  -5.502768 -25.315737 56.342712  0.941483 0.183995 -0.282411  0.247688 0.653893 1 39 1.000000
v_hand_sheet.tga
0  -5.683091 -30.222603 55.468864  -0.393363 -0.914275 -0.096784  0.105602 0.569720 1 44 1.000000
0  -5.993825 -30.135332 55.452190  -0.463155 -0.881143 -0.095258  0.105287 0.595776 1 43 1.000000
0  -5.885253 -30.028126 55.188976  -0.282788 -0.691455 -0.664771  0.125228 0.590884 1 43 1.000000
v_hand_sheet.tga
0  -5.683091 -30.222603 55.468864  -0.393363 -0.914275 -0.096784  0.105602 0.569720 1 44 1.000000
0  -5.885253 -30.028126 55.188976  -0.282788 -0.691455 -0.664771  0.125228 0.590884 1 43 1.000000
0  -5.657841 -30.090494 55.184280  -0.202433 -0.608506 -0.767294  0.125796 0.571838 1 44 1.000000
v_hand_sheet.tga
0  -5.885253 -30.028126 55.188976  -0.282788 -0.691455 -0.664771  0.125228 0.590884 1 43 1.000000
0  -5.668002 -29.896513 55.090302  0.038411 -0.116597 -0.992436  0.136801 0.578029 1 43 1.000000
0  -5.657841 -30.090494 55.184280  -0.202433 -0.608506 -0.767294  0.125796 0.571838 1 44 1.000000
v_hand_sheet.tga
0  -5.668002 -29.896513 55.090302  0.038411 -0.116597 -0.992436  0.136801 0.578029 1 43 1.000000
0  -5.297410 -29.950283 55.104607  0.109094 -0.048950 -0.992825  0.141362 0.538819 1 44 1.000000
0  -5.657841 -30.090494 55.184280  -0.202433 -0.608506 -0.767294  0.125796 0.571838 1 44 1.000000
v_hand_sheet.tga
0  -4.814187 -29.628717 54.490967  0.070183 0.935909 -0.345180  0.160182 0.493432 1 41 1.000000
0  -5.017263 -29.626381 54.488148  0.165762 0.929103 -0.330592  0.163360 0.529338 1 41 1.000000
0  -4.993222 -29.558750 54.689388  0.160981 0.977884 0.133523  0.187622 0.525730 1 41 1.000000
v_hand_sheet.tga
0  -4.814187 -29.628717 54.490967  0.070183 0.935909 -0.345180  0.160182 0.493432 1 41 1.000000
0  -4.993222 -29.558750 54.689388  0.160981 0.977884 0.133523  0.187622 0.525730 1 41 1.000000
0  -4.791627 -29.561245 54.718800  0.071870 0.994467 0.076616  0.188700 0.488331 1 41 1.000000
v_hand_sheet.tga
0  -5.297410 -29.950283 55.104607  0.109094 -0.048950 -0.992825  0.141362 0.538819 1 44 1.000000
0  -5.668002 -29.896513 55.090302  0.038411 -0.116597 -0.992436  0.136801 0.578029 1 43 1.000000
0  -5.501760 -29.556644 55.272285  0.367688 0.643110 -0.671726  0.168453 0.570329 1 43 1.000000
v_hand_sheet.tga
0  -5.297410 -29.950283 55.104607  0.109094 -0.048950 -0.992825  0.141362 0.538819 1 44 1.000000
0  -5.501760 -29.556644 55.272285  0.367688 0.643110 -0.671726  0.168453 0.570329 1 43 1.000000
0  -5.139426 -29.758026 55.267372  0.403567 0.636068 -0.657687  0.163360 0.529338 1 44 1.000000
v_hand_sheet.tga
0  -6.309462 -29.704111 54.224430  -0.517861 -0.809197 -0.277526  0.137396 0.623188 1 40 1.000000
0  -5.897192 -29.936598 54.296326  -0.225260 -0.894354 -0.386508  0.125228 0.590884 1 40 1.000000
0  -5.996738 -30.019180 54.559563  -0.435246 -0.894779 -0.099654  0.105287 0.595776 1 40 1.000000
v_hand_sheet.tga
0  -5.139426 -29.758026 55.267372  0.403567 0.636068 -0.657687  0.163360 0.529338 1 44 1.000000
0  -5.501760 -29.556644 55.272285  0.367688 0.643110 -0.671726  0.168453 0.570329 1 43 1.000000
0  -5.481175 -29.460522 55.495487  0.503833 0.863117 0.034389  0.187410 0.569967 1 43 1.000000
v_hand_sheet.tga
0  -5.139426 -29.758026 55.267372  0.403567 0.636068 -0.657687  0.163360 0.529338 1 44 1.000000
0  -5.481175 -29.460522 55.495487  0.503833 0.863117 0.034389  0.187410 0.569967 1 43 1.000000
0  -5.084728 -29.675266 55.513023  0.492484 0.869806 0.029961  0.187622 0.525730 1 44 1.000000
v_hand_sheet.tga
0  -5.481175 -29.460522 55.495487  0.503833 0.863117 0.034389  0.023034 0.567257 1 43 1.000000
0  -5.933621 -29.163273 55.505806  0.887383 0.456241 0.066300  0.024035 0.594543 1 43 1.000000
0  -6.022613 -29.277306 55.761040  0.743449 0.116572 0.658555  0.040279 0.598434 1 43 1.000000
v_hand_sheet.tga
0  -5.481175 -29.460522 55.495487  0.503833 0.863117 0.034389  0.023034 0.567257 1 43 1.000000
0  -6.022613 -29.277306 55.761040  0.743449 0.116572 0.658555  0.040279 0.598434 1 43 1.000000
0  -5.533906 -29.588987 55.772961  0.317473 0.591069 0.741518  0.047609 0.568508 1 43 1.000000
v_hand_sheet.tga
0  -5.533906 -29.588987 55.772961  0.317473 0.591069 0.741518  0.047609 0.568508 1 43 1.000000
0  -6.022613 -29.277306 55.761040  0.743449 0.116572 0.658555  0.040279 0.598434 1 43 1.000000
0  -6.187078 -29.535618 55.890274  0.001542 -0.298055 0.954548  0.057904 0.612491 1 43 1.000000
v_hand_sheet.tga
0  -5.533906 -29.588987 55.772961  0.317473 0.591069 0.741518  0.047609 0.568508 1 43 1.000000
0  -6.187078 -29.535618 55.890274  0.001542 -0.298055 0.954548  0.057904 0.612491 1 43 1.000000
0  -5.638205 -29.835833 55.857548  -0.052184 -0.024873 0.998328  0.067843 0.572031 1 43 1.000000
v_hand_sheet.tga
0  -6.187078 -29.535618 55.890274  0.001542 -0.298055 0.954548  0.057904 0.612491 1 43 1.000000
0  -5.922914 -30.090584 55.737793  -0.333919 -0.600148 0.726857  0.088916 0.589919 1 43 1.000000
0  -5.638205 -29.835833 55.857548  -0.052184 -0.024873 0.998328  0.067843 0.572031 1 43 1.000000
v_hand_sheet.tga
0  -6.833108 -29.461868 55.663258  -0.435110 -0.870958 0.228279  0.092586 0.657232 1 43 1.000000
0  -5.922914 -30.090584 55.737793  -0.333919 -0.600148 0.726857  0.088916 0.589919 1 43 1.000000
0  -6.187078 -29.535618 55.890274  0.001542 -0.298055 0.954548  0.057904 0.612491 1 43 1.000000
v_hand_sheet.tga
0  -6.833108 -29.461868 55.663258  -0.435110 -0.870958 0.228279  0.092586 0.657232 1 43 1.000000
0  -5.993825 -30.135332 55.452190  -0.463155 -0.881143 -0.095258  0.105287 0.595776 1 43 1.000000
0  -5.922914 -30.090584 55.737793  -0.333919 -0.600148 0.726857  0.088916 0.589919 1 43 1.000000
v_hand_sheet.tga
0  -6.803641 -29.486177 55.255219  -0.557623 -0.829026 -0.042103  0.130458 0.656910 1 43 1.000000
0  -5.993825 -30.135332 55.452190  -0.463155 -0.881143 -0.095258  0.105287 0.595776 1 43 1.000000
0  -6.833108 -29.461868 55.663258  -0.435110 -0.870958 0.228279  0.092586 0.657232 1 43 1.000000
v_hand_sheet.tga
0  -6.803641 -29.486177 55.255219  -0.557623 -0.829026 -0.042103  0.130458 0.656910 1 43 1.000000
0  -5.885253 -30.028126 55.188976  -0.282788 -0.691455 -0.664771  0.125228 0.590884 1 43 1.000000
0  -5.993825 -30.135332 55.452190  -0.463155 -0.881143 -0.095258  0.105287 0.595776 1 43 1.000000
v_hand_sheet.tga
0  -6.459203 -29.653923 55.057224  -0.267835 -0.784303 -0.559582  0.137396 0.623188 1 43 1.000000
0  -5.885253 -30.028126 55.188976  -0.282788 -0.691455 -0.664771  0.125228 0.590884 1 43 1.000000
0  -6.803641 -29.486177 55.255219  -0.557623 -0.829026 -0.042103  0.130458 0.656910 1 43 1.000000
v_hand_sheet.tga
0  -6.459203 -29.653923 55.057224  -0.267835 -0.784303 -0.559582  0.137396 0.623188 1 43 1.000000
0  -6.240206 -29.635828 55.013618  -0.022308 -0.319394 -0.947359  0.152193 0.609938 1 40 1.000000
0  -5.885253 -30.028126 55.188976  -0.282788 -0.691455 -0.664771  0.125228 0.590884 1 43 1.000000
v_hand_sheet.tga
0  -6.240206 -29.635828 55.013618  -0.022308 -0.319394 -0.947359  0.152193 0.609938 1 40 1.000000
0  -5.668002 -29.896513 55.090302  0.038411 -0.116597 -0.992436  0.136801 0.578029 1 43 1.000000
0  -5.885253 -30.028126 55.188976  -0.282788 -0.691455 -0.664771  0.125228 0.590884 1 43 1.000000
v_hand_sheet.tga
0  -5.668002 -29.896513 55.090302  0.038411 -0.116597 -0.992436  0.136801 0.578029 1 43 1.000000
0  -6.240206 -29.635828 55.013618  -0.022308 -0.319394 -0.947359  0.152193 0.609938 1 40 1.000000
0  -5.959836 -29.270065 55.268970  0.808509 0.217519 -0.546808  0.168472 0.595410 1 43 1.000000
v_hand_sheet.tga
0  -5.668002 -29.896513 55.090302  0.038411 -0.116597 -0.992436  0.136801 0.578029 1 43 1.000000
0  -5.959836 -29.270065 55.268970  0.808509 0.217519 -0.546808  0.168472 0.595410 1 43 1.000000
0  -5.501760 -29.556644 55.272285  0.367688 0.643110 -0.671726  0.168453 0.570329 1 43 1.000000
v_hand_sheet.tga
0  -6.710660 -29.419458 54.732822  -0.454839 -0.889155 -0.050251  0.092586 0.657232 1 40 1.000000
0  -5.996738 -30.019180 54.559563  -0.435246 -0.894779 -0.099654  0.105287 0.595776 1 40 1.000000
0  -5.943516 -29.986362 54.835495  -0.351681 -0.587062 0.729163  0.088916 0.589919 1 40 1.000000
v_hand_sheet.tga
0  -5.501760 -29.556644 55.272285  0.367688 0.643110 -0.671726  0.168453 0.570329 1 43 1.000000
0  -5.959836 -29.270065 55.268970  0.808509 0.217519 -0.546808  0.168472 0.595410 1 43 1.000000
0  -5.933621 -29.163273 55.505806  0.887383 0.456241 0.066300  0.176483 0.593381 1 43 1.000000
v_hand_sheet.tga
0  -5.501760 -29.556644 55.272285  0.367688 0.643110 -0.671726  0.168453 0.570329 1 43 1.000000
0  -5.933621 -29.163273 55.505806  0.887383 0.456241 0.066300  0.176483 0.593381 1 43 1.000000
0  -5.481175 -29.460522 55.495487  0.503833 0.863117 0.034389  0.187410 0.569967 1 43 1.000000
v_hand_sheet.tga
0  -5.941206 -28.770962 55.664742  0.978891 0.174996 0.105591  0.321993 0.933345 1 43 1.000000
0  -6.022613 -29.277306 55.761040  0.743449 0.116572 0.658555  0.320078 0.969914 1 43 1.000000
0  -5.933621 -29.163273 55.505806  0.887383 0.456241 0.066300  0.336502 0.961211 1 43 1.000000
v_hand_sheet.tga
0  -6.035051 -29.037888 55.920746  0.991986 -0.085494 0.093032  0.306848 0.953213 1 43 1.000000
0  -6.022613 -29.277306 55.761040  0.743449 0.116572 0.658555  0.320078 0.969914 1 43 1.000000
0  -5.941206 -28.770962 55.664742  0.978891 0.174996 0.105591  0.321993 0.933345 1 43 1.000000
v_hand_sheet.tga
0  -6.035051 -29.037888 55.920746  0.991986 -0.085494 0.093032  0.306848 0.953213 1 43 1.000000
0  -6.266274 -29.503128 55.930771  0.640642 -0.121380 0.758185  0.311761 0.983774 1 43 1.000000
0  -6.022613 -29.277306 55.761040  0.743449 0.116572 0.658555  0.320078 0.969914 1 43 1.000000
v_hand_sheet.tga
0  -6.266274 -29.503128 55.930771  0.640642 -0.121380 0.758185  0.057904 0.612491 1 43 1.000000
0  -6.187078 -29.535618 55.890274  0.001542 -0.298055 0.954548  0.057904 0.612491 1 43 1.000000
0  -6.022613 -29.277306 55.761040  0.743449 0.116572 0.658555  0.040279 0.598434 1 43 1.000000
v_hand_sheet.tga
0  -6.266274 -29.503128 55.930771  -0.125182 -0.985651 0.113232  0.057904 0.612491 1 43 1.000000
0  -6.833108 -29.461868 55.663258  -0.435110 -0.870958 0.228279  0.092586 0.657232 1 43 1.000000
0  -6.187078 -29.535618 55.890274  0.001542 -0.298055 0.954548  0.057904 0.612491 1 43 1.000000
v_hand_sheet.tga
0  -6.855354 -29.524553 54.998924  -0.415312 -0.858366 -0.301204  0.148980 0.643828 1 40 1.000000
0  -6.459203 -29.653923 55.057224  -0.267835 -0.784303 -0.559582  0.137396 0.623188 1 43 1.000000
0  -6.803641 -29.486177 55.255219  -0.557623 -0.829026 -0.042103  0.130458 0.656910 1 43 1.000000
v_hand_sheet.tga
0  -6.855354 -29.524553 54.998924  -0.415312 -0.858366 -0.301204  0.148980 0.643828 1 40 1.000000
0  -6.231236 -29.544790 54.951046  -0.098430 -0.792279 -0.602167  0.152193 0.609938 1 40 1.000000
0  -6.459203 -29.653923 55.057224  -0.267835 -0.784303 -0.559582  0.137396 0.623188 1 43 1.000000
v_hand_sheet.tga
0  -6.231236 -29.544790 54.951046  -0.098430 -0.792279 -0.602167  0.152193 0.609938 1 40 1.000000
0  -6.240206 -29.635828 55.013618  -0.022308 -0.319394 -0.947359  0.152193 0.609938 1 40 1.000000
0  -6.459203 -29.653923 55.057224  -0.267835 -0.784303 -0.559582  0.137396 0.623188 1 43 1.000000
v_hand_sheet.tga
0  -6.231236 -29.544790 54.951046  0.821618 -0.189535 -0.537606  0.152193 0.609938 1 40 1.000000
0  -5.959836 -29.270065 55.268970  0.808509 0.217519 -0.546808  0.168472 0.595410 1 43 1.000000
0  -6.240206 -29.635828 55.013618  0.839998 -0.361122 -0.404962  0.152193 0.609938 1 40 1.000000
v_hand_sheet.tga
0  -6.151041 -28.988901 55.038425  0.838001 0.136722 -0.528263  0.365739 0.930775 1 40 1.000000
0  -5.959836 -29.270065 55.268970  0.808509 0.217519 -0.546808  0.354333 0.967020 1 43 1.000000
0  -6.231236 -29.544790 54.951046  0.821618 -0.189535 -0.537606  0.376191 0.971717 1 40 1.000000
v_hand_sheet.tga
0  -6.151041 -28.988901 55.038425  0.838001 0.136722 -0.528263  0.365739 0.930775 1 40 1.000000
0  -5.941206 -28.770962 55.664742  0.978891 0.174996 0.105591  0.321993 0.933345 1 43 1.000000
0  -5.959836 -29.270065 55.268970  0.808509 0.217519 -0.546808  0.354333 0.967020 1 43 1.000000
v_hand_sheet.tga
0  -5.941206 -28.770962 55.664742  0.978891 0.174996 0.105591  0.321993 0.933345 1 43 1.000000
0  -5.933621 -29.163273 55.505806  0.887383 0.456241 0.066300  0.336502 0.961211 1 43 1.000000
0  -5.959836 -29.270065 55.268970  0.808509 0.217519 -0.546808  0.354333 0.967020 1 43 1.000000
v_hand_sheet.tga
0  -6.710660 -29.419458 54.732822  -0.454839 -0.889155 -0.050251  0.520329 0.941357 1 40 1.000000
0  -6.855354 -29.524553 54.998924  -0.415312 -0.858366 -0.301204  0.535629 0.941672 1 40 1.000000
0  -7.125584 -29.229408 54.960384  -0.757545 -0.635107 -0.150878  0.535463 0.915183 1 39 1.000000
v_hand_sheet.tga
0  -4.016183 -29.853745 54.780926  0.953880 0.265704 -0.139695  0.062015 0.704952 1 42 1.000000
0  -4.037239 -29.892029 54.917568  0.824488 0.005933 0.565849  0.045241 0.703328 1 42 1.000000
0  -4.016540 -29.968601 54.826660  0.934735 -0.348609 0.068870  0.052037 0.715190 1 42 1.000000
v_hand_sheet.tga
0  -4.037239 -29.892029 54.917568  0.824488 0.005933 0.565849  0.045241 0.703328 1 42 1.000000
0  -4.099748 -30.035650 54.918739  0.635791 -0.693386 0.339095  0.037373 0.720936 1 42 1.000000
0  -4.016540 -29.968601 54.826660  0.934735 -0.348609 0.068870  0.052037 0.715190 1 42 1.000000
v_hand_sheet.tga
0  -4.099748 -30.035650 54.918739  0.635791 -0.693386 0.339095  0.037373 0.720936 1 42 1.000000
0  -4.075194 -29.997736 54.675171  0.742459 -0.390148 -0.544555  0.065727 0.727353 1 42 1.000000
0  -4.016540 -29.968601 54.826660  0.934735 -0.348609 0.068870  0.052037 0.715190 1 42 1.000000
v_hand_sheet.tga
0  -4.075194 -29.997736 54.675171  0.742459 -0.390148 -0.544555  0.065727 0.727353 1 42 1.000000
0  -4.016183 -29.853745 54.780926  0.953880 0.265704 -0.139695  0.062015 0.704952 1 42 1.000000
0  -4.016540 -29.968601 54.826660  0.934735 -0.348609 0.068870  0.052037 0.715190 1 42 1.000000
v_hand_sheet.tga
0  -5.902119 -28.725538 55.411995  0.918198 -0.396072 0.006225  0.334195 0.906854 1 39 1.000000
0  -6.012913 -28.793177 54.751652  0.996311 0.081258 -0.027585  0.382309 0.908810 1 39 1.000000
0  -5.990444 -28.027767 54.845623  0.955891 -0.053177 -0.288867  0.371761 0.851599 1 39 1.000000
v_hand_sheet.tga
0  -5.902119 -28.725538 55.411995  0.918198 -0.396072 0.006225  0.334195 0.906854 1 39 1.000000
0  -5.990444 -28.027767 54.845623  0.955891 -0.053177 -0.288867  0.371761 0.851599 1 39 1.000000
0  -5.856824 -28.034939 55.679718  0.969610 -0.221397 -0.104110  0.311504 0.856118 1 39 1.000000
v_hand_sheet.tga
0  -4.016183 -29.853745 54.780926  0.953880 0.265704 -0.139695  0.062015 0.704952 1 42 1.000000
0  -4.174231 -29.627010 54.862217  0.518211 0.849164 0.101870  0.061541 0.680228 1 42 1.000000
0  -4.210071 -29.707783 55.017593  0.356833 0.496680 0.791189  0.036421 0.680610 1 42 1.000000
v_hand_sheet.tga
0  -4.016183 -29.853745 54.780926  0.953880 0.265704 -0.139695  0.062015 0.704952 1 42 1.000000
0  -4.210071 -29.707783 55.017593  0.356833 0.496680 0.791189  0.036421 0.680610 1 42 1.000000
0  -4.037239 -29.892029 54.917568  0.824488 0.005933 0.565849  0.045241 0.703328 1 42 1.000000
v_hand_sheet.tga
0  -4.210071 -29.707783 55.017593  0.356833 0.496680 0.791189  0.036421 0.680610 1 42 1.000000
0  -4.269488 -29.955053 55.082218  0.373626 -0.205361 0.904561  0.017224 0.703253 1 42 1.000000
0  -4.037239 -29.892029 54.917568  0.824488 0.005933 0.565849  0.045241 0.703328 1 42 1.000000
v_hand_sheet.tga
0  -4.269488 -29.955053 55.082218  0.373626 -0.205361 0.904561  0.017224 0.703253 1 42 1.000000
0  -4.099748 -30.035650 54.918739  0.635791 -0.693386 0.339095  0.037373 0.720936 1 42 1.000000
0  -4.037239 -29.892029 54.917568  0.824488 0.005933 0.565849  0.045241 0.703328 1 42 1.000000
v_hand_sheet.tga
0  -4.269488 -29.955053 55.082218  0.373626 -0.205361 0.904561  0.017224 0.703253 1 42 1.000000
0  -4.391703 -30.188810 54.983913  0.260663 -0.763830 0.590439  0.017303 0.729547 1 42 1.000000
0  -4.099748 -30.035650 54.918739  0.635791 -0.693386 0.339095  0.037373 0.720936 1 42 1.000000
v_hand_sheet.tga
0  -4.391703 -30.188810 54.983913  0.260663 -0.763830 0.590439  0.017303 0.729547 1 42 1.000000
0  -4.431320 -30.215853 54.812149  0.319654 -0.946290 -0.048538  0.033688 0.742685 1 42 1.000000
0  -4.099748 -30.035650 54.918739  0.635791 -0.693386 0.339095  0.037373 0.720936 1 42 1.000000
v_hand_sheet.tga
0  -5.846673 -26.717508 54.698040  0.924765 0.027204 -0.379564  0.374218 0.751809 1 39 1.000000
0  -5.990444 -28.027767 54.845623  0.955891 -0.053177 -0.288867  0.371761 0.851599 1 39 1.000000
0  -6.328414 -28.012724 54.086624  0.919620 -0.023213 -0.392122  0.431344 0.848306 1 39 1.000000
v_hand_sheet.tga
0  -5.846673 -26.717508 54.698040  0.924765 0.027204 -0.379564  0.374218 0.751809 1 39 1.000000
0  -6.328414 -28.012724 54.086624  0.919620 -0.023213 -0.392122  0.431344 0.848306 1 39 1.000000
0  -6.163964 -26.758696 54.110619  0.855456 0.038557 -0.516438  0.425615 0.765611 1 39 1.000000
v_hand_sheet.tga
0  -4.099748 -30.035650 54.918739  0.635791 -0.693386 0.339095  0.037373 0.720936 1 42 1.000000
0  -4.431320 -30.215853 54.812149  0.319654 -0.946290 -0.048538  0.033688 0.742685 1 42 1.000000
0  -4.378057 -30.156143 54.617874  0.384236 -0.802839 -0.455864  0.058956 0.744103 1 42 1.000000
v_hand_sheet.tga
0  -4.099748 -30.035650 54.918739  0.635791 -0.693386 0.339095  0.037373 0.720936 1 42 1.000000
0  -4.378057 -30.156143 54.617874  0.384236 -0.802839 -0.455864  0.058956 0.744103 1 42 1.000000
0  -4.075194 -29.997736 54.675171  0.742459 -0.390148 -0.544555  0.065727 0.727353 1 42 1.000000
v_hand_sheet.tga
0  -4.378057 -30.156143 54.617874  0.384236 -0.802839 -0.455864  0.058956 0.744103 1 42 1.000000
0  -4.283954 -29.880716 54.521408  0.522222 -0.167219 -0.836255  0.082767 0.726789 1 42 1.000000
0  -4.075194 -29.997736 54.675171  0.742459 -0.390148 -0.544555  0.065727 0.727353 1 42 1.000000
v_hand_sheet.tga
0  -4.283954 -29.880716 54.521408  0.522222 -0.167219 -0.836255  0.082767 0.726789 1 42 1.000000
0  -4.189772 -29.673904 54.623531  0.671925 0.500096 -0.546279  0.083567 0.695109 1 42 1.000000
0  -4.075194 -29.997736 54.675171  0.742459 -0.390148 -0.544555  0.065727 0.727353 1 42 1.000000
v_hand_sheet.tga
0  -4.189772 -29.673904 54.623531  0.671925 0.500096 -0.546279  0.083567 0.695109 1 42 1.000000
0  -4.016183 -29.853745 54.780926  0.953880 0.265704 -0.139695  0.062015 0.704952 1 42 1.000000
0  -4.075194 -29.997736 54.675171  0.742459 -0.390148 -0.544555  0.065727 0.727353 1 42 1.000000
v_hand_sheet.tga
0  -4.189772 -29.673904 54.623531  0.671925 0.500096 -0.546279  0.083567 0.695109 1 42 1.000000
0  -4.174231 -29.627010 54.862217  0.518211 0.849164 0.101870  0.061541 0.680228 1 42 1.000000
0  -4.016183 -29.853745 54.780926  0.953880 0.265704 -0.139695  0.062015 0.704952 1 42 1.000000
v_hand_sheet.tga
0  -4.174231 -29.627010 54.862217  0.518211 0.849164 0.101870  0.020379 0.439988 1 42 1.000000
0  -4.436112 -29.563866 54.747669  0.071586 0.993681 0.086445  0.019296 0.466991 1 42 1.000000
0  -4.523902 -29.734665 55.000607  -0.042830 0.600947 0.798140  0.042199 0.465243 1 42 1.000000
v_hand_sheet.tga
0  -4.174231 -29.627010 54.862217  0.518211 0.849164 0.101870  0.020379 0.439988 1 42 1.000000
0  -4.523902 -29.734665 55.000607  -0.042830 0.600947 0.798140  0.042199 0.465243 1 42 1.000000
0  -4.210071 -29.707783 55.017593  0.356833 0.496680 0.791189  0.038317 0.439447 1 42 1.000000
v_hand_sheet.tga
0  -5.884799 -28.743723 56.686543  0.981352 -0.182172 0.061329  0.244307 0.914766 1 39 1.000000
0  -6.085018 -28.781713 56.054008  0.986606 0.145320 0.074107  0.291351 0.914854 1 39 1.000000
0  -5.856824 -28.034939 55.679718  0.969610 -0.221397 -0.104110  0.311504 0.856118 1 39 1.000000
v_hand_sheet.tga
0  -5.884799 -28.743723 56.686543  0.981352 -0.182172 0.061329  0.244307 0.914766 1 39 1.000000
0  -5.856824 -28.034939 55.679718  0.969610 -0.221397 -0.104110  0.311504 0.856118 1 39 1.000000
0  -5.872226 -28.190653 56.908123  0.950383 -0.283784 0.127429  0.225903 0.874230 1 39 1.000000
v_hand_sheet.tga
0  -4.210071 -29.707783 55.017593  0.356833 0.496680 0.791189  0.038317 0.439447 1 42 1.000000
0  -4.523902 -29.734665 55.000607  -0.042830 0.600947 0.798140  0.042199 0.465243 1 42 1.000000
0  -4.470335 -30.052488 55.075863  -0.010506 -0.193487 0.981047  0.072006 0.468051 1 42 1.000000
v_hand_sheet.tga
0  -4.210071 -29.707783 55.017593  0.356833 0.496680 0.791189  0.038317 0.439447 1 42 1.000000
0  -4.470335 -30.052488 55.075863  -0.010506 -0.193487 0.981047  0.072006 0.468051 1 42 1.000000
0  -4.269488 -29.955053 55.082218  0.373626 -0.205361 0.904561  0.065555 0.442444 1 42 1.000000
v_hand_sheet.tga
0  -4.470335 -30.052488 55.075863  -0.010506 -0.193487 0.981047  0.072006 0.468051 1 42 1.000000
0  -4.391703 -30.188810 54.983913  0.260663 -0.763830 0.590439  0.089428 0.449710 1 42 1.000000
0  -4.269488 -29.955053 55.082218  0.373626 -0.205361 0.904561  0.065555 0.442444 1 42 1.000000
v_hand_sheet.tga
0  -4.788743 -30.214167 54.956135  -0.096448 -0.717873 0.689460  0.090925 0.488784 1 42 1.000000
0  -4.391703 -30.188810 54.983913  0.260663 -0.763830 0.590439  0.089428 0.449710 1 42 1.000000
0  -4.470335 -30.052488 55.075863  -0.010506 -0.193487 0.981047  0.072006 0.468051 1 42 1.000000
v_hand_sheet.tga
0  -7.073088 -25.489168 57.450157  -0.582291 0.068235 0.810112  0.719231 0.686486 1 39 1.000000
0  -8.068067 -24.444702 56.547096  -0.884514 -0.132904 0.447183  0.657999 0.613808 1 39 1.000000
0  -7.730142 -25.911068 56.515068  -0.964770 -0.094585 0.245506  0.638380 0.718342 1 39 1.000000
v_hand_sheet.tga
0  -4.391703 -30.188810 54.983913  0.260663 -0.763830 0.590439  0.089428 0.449710 1 42 1.000000
0  -4.788743 -30.214167 54.956135  -0.096448 -0.717873 0.689460  0.090925 0.488784 1 42 1.000000
0  -4.791625 -30.278421 54.721283  -0.018481 -0.998424 -0.052994  0.106574 0.490107 1 42 1.000000
v_hand_sheet.tga
0  -4.391703 -30.188810 54.983913  0.260663 -0.763830 0.590439  0.089428 0.449710 1 42 1.000000
0  -4.791625 -30.278421 54.721283  -0.018481 -0.998424 -0.052994  0.106574 0.490107 1 42 1.000000
0  -4.431320 -30.215853 54.812149  0.319654 -0.946290 -0.048538  0.107275 0.455858 1 42 1.000000
v_hand_sheet.tga
0  -4.431320 -30.215853 54.812149  0.319654 -0.946290 -0.048538  0.107275 0.455858 1 42 1.000000
0  -4.791625 -30.278421 54.721283  -0.018481 -0.998424 -0.052994  0.106574 0.490107 1 42 1.000000
0  -4.779680 -30.169365 54.469067  0.032313 -0.938596 -0.343502  0.123992 0.493546 1 42 1.000000
v_hand_sheet.tga
0  -4.431320 -30.215853 54.812149  0.319654 -0.946290 -0.048538  0.107275 0.455858 1 42 1.000000
0  -4.779680 -30.169365 54.469067  0.032313 -0.938596 -0.343502  0.123992 0.493546 1 42 1.000000
0  -4.378057 -30.156143 54.617874  0.384236 -0.802839 -0.455864  0.132306 0.458235 1 42 1.000000
v_hand_sheet.tga
0  -4.983535 -30.171057 54.945042  -0.183744 -0.697364 0.692764  0.091506 0.508151 1 41 1.000000
0  -5.712180 -29.999195 54.888680  -0.249162 -0.665316 0.703756  0.087622 0.571570 1 41 1.000000
0  -5.666685 -30.065336 54.605286  -0.164516 -0.982972 -0.081857  0.105602 0.569720 1 41 1.000000
v_hand_sheet.tga
0  -4.983535 -30.171057 54.945042  -0.183744 -0.697364 0.692764  0.091506 0.508151 1 41 1.000000
0  -5.666685 -30.065336 54.605286  -0.164516 -0.982972 -0.081857  0.105602 0.569720 1 41 1.000000
0  -5.053127 -30.223940 54.710735  -0.207660 -0.976439 -0.058682  0.105694 0.515822 1 41 1.000000
v_hand_sheet.tga
0  -4.189772 -29.673904 54.623531  0.671925 0.500096 -0.546279  0.177228 0.440961 1 42 1.000000
0  -4.511740 -29.654451 54.573147  0.166539 0.914065 -0.369797  0.188804 0.465807 1 42 1.000000
0  -4.436112 -29.563866 54.747669  0.071586 0.993681 0.086445  0.188804 0.465807 1 42 1.000000
v_hand_sheet.tga
0  -4.189772 -29.673904 54.623531  0.671925 0.500096 -0.546279  0.177228 0.440961 1 42 1.000000
0  -4.436112 -29.563866 54.747669  0.071586 0.993681 0.086445  0.188804 0.465807 1 42 1.000000
0  -4.174231 -29.627010 54.862217  0.518211 0.849164 0.101870  0.188385 0.435473 1 42 1.000000
v_hand_sheet.tga
0  -5.017263 -29.626381 54.488148  0.165762 0.929103 -0.330592  0.163360 0.529338 1 41 1.000000
0  -5.539323 -29.485491 54.419590  0.434688 0.817536 -0.377732  0.168453 0.570329 1 40 1.000000
0  -5.527845 -29.411222 54.606987  0.445734 0.880242 0.162770  0.187410 0.569967 1 40 1.000000
v_hand_sheet.tga
0  -5.017263 -29.626381 54.488148  0.165762 0.929103 -0.330592  0.163360 0.529338 1 41 1.000000
0  -5.527845 -29.411222 54.606987  0.445734 0.880242 0.162770  0.187410 0.569967 1 40 1.000000
0  -4.993222 -29.558750 54.689388  0.160981 0.977884 0.133523  0.187622 0.525730 1 41 1.000000
v_hand_sheet.tga
0  -4.436112 -29.563866 54.747669  0.071586 0.993681 0.086445  0.019296 0.466991 1 42 1.000000
0  -4.791627 -29.561245 54.718800  0.071870 0.994467 0.076616  0.024399 0.492713 1 41 1.000000
0  -4.862165 -29.721460 54.983742  0.028755 0.645314 0.763376  0.047671 0.490345 1 41 1.000000
v_hand_sheet.tga
0  -4.436112 -29.563866 54.747669  0.071586 0.993681 0.086445  0.019296 0.466991 1 42 1.000000
0  -4.862165 -29.721460 54.983742  0.028755 0.645314 0.763376  0.047671 0.490345 1 41 1.000000
0  -4.523902 -29.734665 55.000607  -0.042830 0.600947 0.798140  0.042199 0.465243 1 42 1.000000
v_hand_sheet.tga
0  -5.053127 -30.223940 54.710735  -0.207660 -0.976439 -0.058682  0.105694 0.515822 1 41 1.000000
0  -5.666685 -30.065336 54.605286  -0.164516 -0.982972 -0.081857  0.105602 0.569720 1 41 1.000000
0  -5.641732 -29.957129 54.345467  -0.119129 -0.925821 -0.358697  0.125796 0.571838 1 41 1.000000
v_hand_sheet.tga
0  -5.053127 -30.223940 54.710735  -0.207660 -0.976439 -0.058682  0.105694 0.515822 1 41 1.000000
0  -5.641732 -29.957129 54.345467  -0.119129 -0.925821 -0.358697  0.125796 0.571838 1 41 1.000000
0  -4.945064 -30.154945 54.456051  -0.159136 -0.919452 -0.359561  0.122669 0.510156 1 41 1.000000
v_hand_sheet.tga
0  -10.925663 -1.530195 59.944771  -0.969011 -0.171036 0.178225  0.667469 0.439577 1 37 1.000000
0  -9.895377 -10.242964 56.613796  -0.993011 -0.115262 -0.025375  0.685882 0.237923 1 37 1.000000
0  -9.617241 -10.344309 58.002506  -0.899496 -0.225162 0.374445  0.656804 0.242954 1 37 1.000000
v_hand_sheet.tga
0  -6.641893 -27.511763 57.952835  -0.142039 -0.060103 0.988035  0.743494 0.805112 1 39 1.000000
0  -7.109024 -27.956816 57.759960  -0.564619 0.066489 0.822670  0.707431 0.834200 1 39 1.000000
0  -7.003943 -28.412878 57.809448  -0.309158 -0.040448 0.950150  0.713618 0.864338 1 39 1.000000
v_hand_sheet.tga
0  -7.278203 -28.430298 57.626957  -0.820915 -0.049907 0.568865  0.691840 0.864599 1 39 1.000000
0  -7.109024 -27.956816 57.759960  -0.564619 0.066489 0.822670  0.707431 0.834200 1 39 1.000000
0  -7.395690 -27.023691 57.331161  -0.831630 0.043791 0.553601  0.685879 0.774671 1 39 1.000000
v_hand_sheet.tga
0  -7.730142 -25.911068 56.515068  -0.964770 -0.094585 0.245506  0.638380 0.718342 1 39 1.000000
0  -7.560540 -27.389257 55.824295  -0.991520 -0.129735 -0.007555  0.596300 0.792595 1 39 1.000000
0  -7.547383 -27.369259 56.517414  -0.989036 -0.096084 0.112142  0.626168 0.799298 1 39 1.000000
v_hand_sheet.tga
0  -7.518146 -18.744125 58.566563  -0.299114 0.053704 0.952705  0.703572 0.114244 1 38 1.000000
0  -7.481010 -15.123156 58.289181  -0.325673 -0.047094 0.944309  0.544591 0.116370 1 38 1.000000
0  -8.174812 -15.060925 58.009979  -0.721377 -0.079273 0.687991  0.543040 0.152521 1 38 1.000000
v_hand_sheet.tga
0  -7.518146 -18.744125 58.566563  -0.299114 0.053704 0.952705  0.703572 0.114244 1 38 1.000000
0  -8.174812 -15.060925 58.009979  -0.721377 -0.079273 0.687991  0.543040 0.152521 1 38 1.000000
0  -7.833278 -18.750372 58.379608  -0.755986 0.001415 0.654586  0.703987 0.129404 1 38 1.000000
v_hand_sheet.tga
0  -7.481010 -15.123156 58.289181  -0.325673 -0.047094 0.944309  0.544591 0.116370 1 38 1.000000
0  -8.403393 -13.140285 58.279266  -0.604390 -0.189394 0.773849  0.452619 0.160758 1 38 1.000000
0  -8.174812 -15.060925 58.009979  -0.721377 -0.079273 0.687991  0.543040 0.152521 1 38 1.000000
rag
0  -5.057060 -27.221397 63.182247  0.291497 0.060861 -0.954634  0.001239 -1.345653 1 55 1.000000
0  -5.366867 -27.032852 63.099674  -0.272637 0.466734 -0.841325  0.508343 -1.177760 1 55 1.000000
0  -5.203810 -26.997425 63.162983  0.121223 0.532356 -0.837796  0.383517 -1.067850 1 55 1.000000
rag
0  -5.616680 -27.122995 63.342648  -0.718826 0.188233 -0.669221  0.830924 -1.394889 1 55 1.000000
0  -5.366867 -27.032852 63.099674  -0.272637 0.466734 -0.841325  0.508343 -1.177760 1 55 1.000000
0  -5.331460 -27.176538 63.112598  -0.126406 0.129805 -0.983449  0.416081 -1.370271 1 55 1.000000
rag
0  -5.372213 -26.751007 63.685108  -0.111951 0.894956 -0.431879  0.704079 -0.701076 1 55 1.000000
0  -5.366867 -27.032852 63.099674  -0.272637 0.466734 -0.841325  0.508343 -1.177760 1 55 1.000000
0  -5.508946 -26.935167 63.371098  -0.387856 0.707801 -0.590411  0.741322 -1.009025 1 55 1.000000
rag
0  -3.921305 -28.126656 64.921265  0.995630 0.091550 -0.018423  0.543813 2.232275 1 55 1.000000
0  -3.951816 -27.976112 65.238922  0.873486 0.481908 -0.069180  0.539564 2.019872 1 55 1.000000
0  -3.922653 -28.047943 65.318253  0.993396 0.108078 0.038507  0.616672 2.005866 1 55 1.000000
rag
0  -4.062988 -27.888596 64.921829  0.608177 0.788457 -0.091961  0.356346 2.135105 1 55 1.000000
0  -3.951816 -27.976112 65.238922  0.873486 0.481908 -0.069180  0.539564 2.019872 1 55 1.000000
0  -3.968578 -27.995668 64.921379  0.869915 0.486514 -0.080948  0.450079 2.183690 1 55 1.000000
rag
0  -3.961406 -27.930927 65.795876  0.934637 0.216379 0.282195  0.694833 1.712804 1 55 1.000000
0  -3.951816 -27.976112 65.238922  0.873486 0.481908 -0.069180  0.539564 2.019872 1 55 1.000000
0  -3.982309 -27.911299 65.376930  0.824097 0.563698 -0.055756  0.538680 1.922450 1 55 1.000000
rag
0  -4.107495 -27.787134 65.574562  0.508878 0.857673 -0.073759  0.510498 1.702570 1 55 1.000000
0  -4.012040 -27.863689 65.473091  0.717233 0.696201 -0.029696  0.540274 1.842586 1 55 1.000000
0  -4.062740 -27.831320 65.344986  0.542435 0.833642 -0.103949  0.468933 1.877092 1 55 1.000000
rag
0  -3.961406 -27.930927 65.795876  0.934637 0.216379 0.282195  0.694833 1.712804 1 55 1.000000
0  -4.012040 -27.863689 65.473091  0.717233 0.696201 -0.029696  0.540274 1.842586 1 55 1.000000
0  -4.034771 -27.838720 65.674850  0.683335 0.728344 0.050680  0.587512 1.703175 1 55 1.000000
rag
0  -4.062988 -27.888596 64.921829  0.608177 0.788457 -0.091961  0.356346 2.135105 1 55 1.000000
0  -4.012040 -27.863689 65.473091  0.717233 0.696201 -0.029696  0.540274 1.842586 1 55 1.000000
0  -3.982309 -27.911299 65.376930  0.824097 0.563698 -0.055756  0.538680 1.922450 1 55 1.000000
rag
0  -4.107495 -27.787134 65.574562  0.508878 0.857673 -0.073759  0.510498 1.702570 1 55 1.000000
0  -4.138017 -27.768505 65.728760  0.580651 0.808972 0.091695  0.545295 1.577464 1 55 1.000000
0  -4.034771 -27.838720 65.674850  0.683335 0.728344 0.050680  0.587512 1.703175 1 55 1.000000
rag
0  -4.416204 -27.599239 65.685173  0.415981 0.435049 -0.798556  0.370436 1.347967 1 55 1.000000
0  -4.138017 -27.768505 65.728760  0.580651 0.808972 0.091695  0.545295 1.577464 1 55 1.000000
0  -4.220205 -27.712332 65.664566  0.476406 0.870477 -0.123724  0.475208 1.545690 1 55 1.000000
rag
0  -3.961406 -27.930927 65.795876  0.934637 0.216379 0.282195  0.694833 1.712804 1 55 1.000000
0  -4.138017 -27.768505 65.728760  0.580651 0.808972 0.091695  0.545295 1.577464 1 55 1.000000
0  -4.167236 -27.751955 65.775909  0.619313 0.776612 -0.115436  0.552519 1.525947 1 55 1.000000
rag
0  -4.244893 -27.629568 65.866272  0.815902 0.576395 -0.045517  0.622095 1.424661 1 55 1.000000
0  -4.187613 -27.719505 65.812134  0.657329 0.663488 -0.357354  0.574841 1.494349 1 55 1.000000
0  -4.298742 -27.623640 65.781799  0.686346 0.521961 -0.506445  0.514471 1.402976 1 55 1.000000
rag
0  -3.961406 -27.930927 65.795876  0.934637 0.216379 0.282195  0.694833 1.712804 1 55 1.000000
0  -4.187613 -27.719505 65.812134  0.657329 0.663488 -0.357354  0.574841 1.494349 1 55 1.000000
0  -4.117153 -27.770010 65.874496  0.737363 0.659428 0.146457  0.663218 1.543802 1 55 1.000000
rag
0  -4.416204 -27.599239 65.685173  0.415981 0.435049 -0.798556  0.370436 1.347967 1 55 1.000000
0  -4.187613 -27.719505 65.812134  0.657329 0.663488 -0.357354  0.574841 1.494349 1 55 1.000000
0  -4.167236 -27.751955 65.775909  0.619313 0.776612 -0.115436  0.552519 1.525947 1 55 1.000000
rag
0  -4.244893 -27.629568 65.866272  0.815902 0.576395 -0.045517  0.622095 1.424661 1 55 1.000000
0  -4.362813 -27.553545 65.752647  0.692587 0.309037 -0.651782  0.477053 1.326745 1 55 1.000000
0  -4.345107 -27.524223 65.788933  0.769681 0.417507 -0.482990  0.526587 1.309223 1 55 1.000000
rag
0  -4.416204 -27.599239 65.685173  0.415981 0.435049 -0.798556  0.370436 1.347967 1 55 1.000000
0  -4.362813 -27.553545 65.752647  0.692587 0.309037 -0.651782  0.477053 1.326745 1 55 1.000000
0  -4.298742 -27.623640 65.781799  0.686346 0.521961 -0.506445  0.514471 1.402976 1 55 1.000000
rag
0  -4.449868 -27.441570 65.709282  0.687399 0.300836 -0.661044  0.435077 1.186468 1 55 1.000000
0  -4.362813 -27.553545 65.752647  0.692587 0.309037 -0.651782  0.477053 1.326745 1 55 1.000000
0  -4.435965 -27.514147 65.699089  0.585480 0.232056 -0.776764  0.403960 1.259226 1 55 1.000000
rag
0  -4.416204 -27.599239 65.685173  0.415981 0.435049 -0.798556  0.370436 1.347967 1 55 1.000000
0  -4.512149 -27.481102 65.659447  0.521550 0.140341 -0.841599  0.342208 1.180995 1 55 1.000000
0  -4.435965 -27.514147 65.699089  0.585480 0.232056 -0.776764  0.403960 1.259226 1 55 1.000000
rag
0  -4.674068 -27.399519 65.536156  0.673774 -0.309369 -0.671059  0.234241 0.960811 1 55 1.000000
0  -4.512149 -27.481102 65.659447  0.521550 0.140341 -0.841599  0.342208 1.180995 1 55 1.000000
0  -4.560898 -27.502764 65.636742  0.475596 -0.025485 -0.879295  0.283816 1.163739 1 55 1.000000
rag
0  -4.449868 -27.441570 65.709282  0.687399 0.300836 -0.661044  0.435077 1.186468 1 55 1.000000
0  -4.512149 -27.481102 65.659447  0.521550 0.140341 -0.841599  0.342208 1.180995 1 55 1.000000
0  -4.548347 -27.429657 65.644333  0.595613 0.009840 -0.803211  0.336420 1.107138 1 55 1.000000
rag
0  -4.663243 -27.721560 65.636551  -0.088749 -0.262978 -0.960711  0.023412 1.318596 1 55 1.000000
0  -4.640512 -27.628489 65.620865  0.285095 -0.247193 -0.926076  0.117969 1.223781 1 55 1.000000
0  -4.546423 -27.658613 65.644005  0.099177 0.172150 -0.980065  0.189445 1.331787 1 55 1.000000
rag
0  -4.827451 -27.551115 65.492577  0.392282 -0.636857 -0.663723  -0.009384 0.968020 1 55 1.000000
0  -4.640512 -27.628489 65.620865  0.285095 -0.247193 -0.926076  0.117969 1.223781 1 55 1.000000
0  -4.740998 -27.646194 65.597984  0.172216 -0.505118 -0.845694  0.003361 1.167897 1 55 1.000000
rag
0  -4.416204 -27.599239 65.685173  0.415981 0.435049 -0.798556  0.370436 1.347967 1 55 1.000000
0  -4.640512 -27.628489 65.620865  0.285095 -0.247193 -0.926076  0.117969 1.223781 1 55 1.000000
0  -4.632101 -27.577547 65.611336  0.379789 -0.183776 -0.906635  0.163583 1.172889 1 55 1.000000
rag
0  -4.674068 -27.399519 65.536156  0.673774 -0.309369 -0.671059  0.234241 0.960811 1 55 1.000000
0  -4.638862 -27.525763 65.604645  0.469743 -0.195357 -0.860916  0.191602 1.120399 1 55 1.000000
0  -4.741082 -27.481171 65.517288  0.596000 -0.384571 -0.704903  0.118791 0.974190 1 55 1.000000
rag
0  -4.416204 -27.599239 65.685173  0.415981 0.435049 -0.798556  0.370436 1.347967 1 55 1.000000
0  -4.638862 -27.525763 65.604645  0.469743 -0.195357 -0.860916  0.191602 1.120399 1 55 1.000000
0  -4.560898 -27.502764 65.636742  0.475596 -0.025485 -0.879295  0.283816 1.163739 1 55 1.000000
rag
0  -4.827451 -27.551115 65.492577  0.392282 -0.636857 -0.663723  -0.009384 0.968020 1 55 1.000000
0  -4.638862 -27.525763 65.604645  0.469743 -0.195357 -0.860916  0.191602 1.120399 1 55 1.000000
0  -4.632101 -27.577547 65.611336  0.379789 -0.183776 -0.906635  0.163583 1.172889 1 55 1.000000
rag
0  -4.674068 -27.399519 65.536156  0.673774 -0.309369 -0.671059  0.234241 0.960811 1 55 1.000000
0  -4.833879 -27.404444 65.339272  0.660323 -0.536007 -0.525995  0.080163 0.754903 1 55 1.000000
0  -4.838095 -27.312168 65.239540  0.712924 -0.532648 -0.456098  0.131944 0.626765 1 55 1.000000
rag
0  -4.827451 -27.551115 65.492577  0.392282 -0.636857 -0.663723  -0.009384 0.968020 1 55 1.000000
0  -4.833879 -27.404444 65.339272  0.660323 -0.536007 -0.525995  0.080163 0.754903 1 55 1.000000
0  -4.741082 -27.481171 65.517288  0.596000 -0.384571 -0.704903  0.118791 0.974190 1 55 1.000000
rag
0  -5.021714 -27.239971 64.771660  0.469716 -0.856660 -0.213306  0.021088 0.171925 1 55 1.000000
0  -4.833879 -27.404444 65.339272  0.660323 -0.536007 -0.525995  0.080163 0.754903 1 55 1.000000
0  -4.924728 -27.394489 65.219254  0.528117 -0.702968 -0.476370  0.007594 0.626716 1 55 1.000000
rag
0  -5.440883 -27.393984 64.947876  -0.207286 -0.958621 -0.195138  -0.371936 0.262971 1 55 1.000000
0  -5.610995 -27.261925 64.350281  -0.542138 -0.837488 -0.068561  -0.435950 -0.231880 1 55 1.000000
0  -5.570744 -27.255802 64.155334  -0.230116 -0.961860 -0.147889  -0.388135 -0.362171 1 55 1.000000
rag
0  -5.573376 -27.324978 65.046059  -0.764410 -0.641859 0.060777  -0.512288 0.279699 1 55 1.000000
0  -5.610995 -27.261925 64.350281  -0.542138 -0.837488 -0.068561  -0.435950 -0.231880 1 55 1.000000
0  -5.540956 -27.349466 64.921669  -0.550770 -0.832366 -0.061796  -0.443606 0.207213 1 55 1.000000
rag
0  -5.616680 -27.122995 63.342648  -0.760874 -0.641961 -0.094637  -0.410896 -1.237452 1 55 1.000000
0  -5.610995 -27.261925 64.350281  -0.542138 -0.837488 -0.068561  -0.435950 -0.231880 1 55 1.000000
0  -5.656580 -27.210667 64.206421  -0.853428 -0.514258 -0.084848  -0.473174 -0.351936 1 55 1.000000
rag
0  -5.573376 -27.324978 65.046059  -0.764410 -0.641859 0.060777  -0.512288 0.279699 1 55 1.000000
0  -5.418445 -27.449560 65.273102  -0.528803 -0.846902 -0.055904  -0.441523 0.518921 1 55 1.000000
0  -5.374201 -27.481405 65.431160  -0.623549 -0.781136 0.031831  -0.478254 0.649207 1 55 1.000000
rag
0  -5.440883 -27.393984 64.947876  -0.207286 -0.958621 -0.195138  -0.371936 0.262971 1 55 1.000000
0  -5.418445 -27.449560 65.273102  -0.528803 -0.846902 -0.055904  -0.441523 0.518921 1 55 1.000000
0  -5.540956 -27.349466 64.921669  -0.550770 -0.832366 -0.061796  -0.443606 0.207213 1 55 1.000000
rag
0  -5.158290 -27.624727 65.668640  -0.504102 -0.861484 -0.061040  -0.423049 0.937053 1 55 1.000000
0  -5.418445 -27.449560 65.273102  -0.528803 -0.846902 -0.055904  -0.441523 0.518921 1 55 1.000000
0  -5.307180 -27.515814 65.367134  -0.364660 -0.920141 -0.142703  -0.399472 0.640054 1 55 1.000000
rag
0  -4.999632 -27.639204 65.566559  -0.070445 -0.873204 -0.482237  -0.236687 0.973134 1 55 1.000000
0  -5.198646 -27.568003 65.453285  -0.245226 -0.938757 -0.242073  -0.349983 0.764576 1 55 1.000000
0  -5.229563 -27.518633 65.307816  -0.108420 -0.943451 -0.313281  -0.310867 0.638430 1 55 1.000000
rag
0  -5.158290 -27.624727 65.668640  -0.504102 -0.861484 -0.061040  -0.423049 0.937053 1 55 1.000000
0  -5.198646 -27.568003 65.453285  -0.245226 -0.938757 -0.242073  -0.349983 0.764576 1 55 1.000000
0  -5.073893 -27.651886 65.635117  -0.319683 -0.895988 -0.308235  -0.336039 0.976274 1 55 1.000000
rag
0  -5.440883 -27.393984 64.947876  -0.207286 -0.958621 -0.195138  -0.371936 0.262971 1 55 1.000000
0  -5.198646 -27.568003 65.453285  -0.245226 -0.938757 -0.242073  -0.349983 0.764576 1 55 1.000000
0  -5.307180 -27.515814 65.367134  -0.364660 -0.920141 -0.142703  -0.399472 0.640054 1 55 1.000000
rag
0  -4.999632 -27.639204 65.566559  -0.070445 -0.873204 -0.482237  -0.236687 0.973134 1 55 1.000000
0  -4.991672 -27.718948 65.713455  -0.398117 -0.836590 -0.376325  -0.322990 1.108562 1 55 1.000000
0  -5.073893 -27.651886 65.635117  -0.319683 -0.895988 -0.308235  -0.336039 0.976274 1 55 1.000000
rag
0  -4.868329 -27.818653 65.767174  -0.657791 -0.589729 -0.468541  -0.293155 1.288465 1 55 1.000000
0  -4.991672 -27.718948 65.713455  -0.398117 -0.836590 -0.376325  -0.322990 1.108562 1 55 1.000000
0  -4.921990 -27.738718 65.693390  -0.265976 -0.797784 -0.541108  -0.260437 1.157717 1 55 1.000000
rag
0  -5.158290 -27.624727 65.668640  -0.504102 -0.861484 -0.061040  -0.423049 0.937053 1 55 1.000000
0  -4.991672 -27.718948 65.713455  -0.398117 -0.836590 -0.376325  -0.322990 1.108562 1 55 1.000000
0  -5.009528 -27.726511 65.771072  -0.523503 -0.846717 -0.094950  -0.375155 1.134512 1 55 1.000000
rag
0  -4.868329 -27.818653 65.767174  -0.657791 -0.589729 -0.468541  -0.293155 1.288465 1 55 1.000000
0  -4.842197 -27.741362 65.675713  -0.123570 -0.712552 -0.690651  -0.177403 1.211568 1 55 1.000000
0  -4.765165 -27.772772 65.686943  -0.259968 -0.515454 -0.816532  -0.127032 1.301657 1 55 1.000000
rag
0  -4.999632 -27.639204 65.566559  -0.070445 -0.873204 -0.482237  -0.236687 0.973134 1 55 1.000000
0  -4.842197 -27.741362 65.675713  -0.123570 -0.712552 -0.690651  -0.177403 1.211568 1 55 1.000000
0  -4.921990 -27.738718 65.693390  -0.265976 -0.797784 -0.541108  -0.260437 1.157717 1 55 1.000000
rag
0  -4.663243 -27.721560 65.636551  -0.088749 -0.262978 -0.960711  0.023412 1.318596 1 55 1.000000
0  -4.842197 -27.741362 65.675713  -0.123570 -0.712552 -0.690651  -0.177403 1.211568 1 55 1.000000
0  -4.831494 -27.695713 65.633354  -0.039159 -0.674809 -0.736953  -0.124711 1.167187 1 55 1.000000
rag
0  -4.827451 -27.551115 65.492577  0.392282 -0.636857 -0.663723  -0.009384 0.968020 1 55 1.000000
0  -4.826945 -27.653652 65.597198  0.056515 -0.679479 -0.731515  -0.087022 1.116204 1 55 1.000000
0  -4.914417 -27.603273 65.525459  0.147242 -0.791883 -0.592655  -0.127754 0.974959 1 55 1.000000
rag
0  -4.663243 -27.721560 65.636551  -0.088749 -0.262978 -0.960711  0.023412 1.318596 1 55 1.000000
0  -4.826945 -27.653652 65.597198  0.056515 -0.679479 -0.731515  -0.087022 1.116204 1 55 1.000000
0  -4.740998 -27.646194 65.597984  0.172216 -0.505118 -0.845694  0.003361 1.167897 1 55 1.000000
rag
0  -4.999632 -27.639204 65.566559  -0.070445 -0.873204 -0.482237  -0.236687 0.973134 1 55 1.000000
0  -4.826945 -27.653652 65.597198  0.056515 -0.679479 -0.731515  -0.087022 1.116204 1 55 1.000000
0  -4.831494 -27.695713 65.633354  -0.039159 -0.674809 -0.736953  -0.124711 1.167187 1 55 1.000000
rag
0  -4.827451 -27.551115 65.492577  0.392282 -0.636857 -0.663723  -0.009384 0.968020 1 55 1.000000
0  -5.022384 -27.528025 65.355789  0.211737 -0.850827 -0.480896  -0.153779 0.758990 1 55 1.000000
0  -5.034049 -27.458836 65.229874  0.315050 -0.821619 -0.475064  -0.107944 0.630006 1 55 1.000000
rag
0  -4.999632 -27.639204 65.566559  -0.070445 -0.873204 -0.482237  -0.236687 0.973134 1 55 1.000000
0  -5.022384 -27.528025 65.355789  0.211737 -0.850827 -0.480896  -0.153779 0.758990 1 55 1.000000
0  -4.914417 -27.603273 65.525459  0.147242 -0.791883 -0.592655  -0.127754 0.974959 1 55 1.000000
rag
0  -5.239729 -27.363972 64.880028  0.244035 -0.912067 -0.329516  -0.195600 0.254365 1 55 1.000000
0  -5.022384 -27.528025 65.355789  0.211737 -0.850827 -0.480896  -0.153779 0.758990 1 55 1.000000
0  -5.127531 -27.500944 65.266541  0.112031 -0.906375 -0.407350  -0.214904 0.634673 1 55 1.000000
rag
0  -5.239729 -27.363972 64.880028  0.244035 -0.912067 -0.329516  -0.195600 0.254365 1 55 1.000000
0  -5.030967 -27.381538 65.114075  0.347182 -0.840536 -0.415889  -0.060227 0.501071 1 55 1.000000
0  -5.034049 -27.458836 65.229874  0.315050 -0.821619 -0.475064  -0.107944 0.630006 1 55 1.000000
rag
0  -5.021714 -27.239971 64.771660  0.469716 -0.856660 -0.213306  0.021088 0.171925 1 55 1.000000
0  -5.030967 -27.381538 65.114075  0.347182 -0.840536 -0.415889  -0.060227 0.501071 1 55 1.000000
0  -5.155584 -27.294170 64.797852  0.337581 -0.896464 -0.287038  -0.100642 0.187340 1 55 1.000000
rag
0  -4.827451 -27.551115 65.492577  0.392282 -0.636857 -0.663723  -0.009384 0.968020 1 55 1.000000
0  -5.030967 -27.381538 65.114075  0.347182 -0.840536 -0.415889  -0.060227 0.501071 1 55 1.000000
0  -4.924728 -27.394489 65.219254  0.528117 -0.702968 -0.476370  0.007594 0.626716 1 55 1.000000
rag
0  -5.021714 -27.239971 64.771660  0.469716 -0.856660 -0.213306  0.021088 0.171925 1 55 1.000000
0  -5.322486 -27.223631 64.266205  0.304501 -0.931355 -0.199641  -0.188309 -0.247291 1 55 1.000000
0  -5.318345 -27.191231 63.926785  -0.035667 -0.997131 -0.066771  -0.171576 -0.505361 1 55 1.000000
rag
0  -5.239729 -27.363972 64.880028  0.244035 -0.912067 -0.329516  -0.195600 0.254365 1 55 1.000000
0  -5.322486 -27.223631 64.266205  0.304501 -0.931355 -0.199641  -0.188309 -0.247291 1 55 1.000000
0  -5.155584 -27.294170 64.797852  0.337581 -0.896464 -0.287038  -0.100642 0.187340 1 55 1.000000
rag
0  -5.616680 -27.122995 63.342648  -0.760874 -0.641961 -0.094637  -0.410896 -1.237452 1 55 1.000000
0  -5.322486 -27.223631 64.266205  0.304501 -0.931355 -0.199641  -0.188309 -0.247291 1 55 1.000000
0  -5.440647 -27.238537 64.117409  0.136279 -0.975704 -0.171549  -0.279314 -0.368384 1 55 1.000000
rag
0  -5.616680 -27.122995 63.342648  -0.760874 -0.641961 -0.094637  -0.410896 -1.237452 1 55 1.000000
0  -5.242253 -27.223038 63.560825  -0.175972 -0.984033 -0.026685  -0.124189 -0.779951 1 55 1.000000
0  -5.318345 -27.191231 63.926785  -0.035667 -0.997131 -0.066771  -0.171576 -0.505361 1 55 1.000000
rag
0  -5.057060 -27.221397 63.182247  0.239276 -0.968781 -0.064882  0.001239 -1.345653 1 55 1.000000
0  -5.242253 -27.223038 63.560825  -0.175972 -0.984033 -0.026685  -0.124189 -0.779951 1 55 1.000000
0  -5.331460 -27.176538 63.112598  -0.174993 -0.984015 -0.033050  -0.204829 -1.291553 1 55 1.000000
rag
0  -5.021714 -27.239971 64.771660  0.469716 -0.856660 -0.213306  0.021088 0.171925 1 55 1.000000
0  -5.242253 -27.223038 63.560825  -0.175972 -0.984033 -0.026685  -0.124189 -0.779951 1 55 1.000000
0  -5.057044 -27.243320 63.864353  0.229559 -0.973252 -0.009113  0.004586 -0.543441 1 55 1.000000
rag
0  -4.834569 -27.009460 64.871368  0.984492 -0.107169 -0.138889  0.283633 0.218182 1 55 1.000000
0  -4.957742 -27.180506 64.201614  0.722591 -0.691171 -0.012034  0.104205 -0.291410 1 55 1.000000
0  -4.921918 -27.142174 63.905407  0.770876 -0.636580 -0.022739  0.142957 -0.505959 1 55 1.000000
rag
0  -5.021714 -27.239971 64.771660  0.469716 -0.856660 -0.213306  0.021088 0.171925 1 55 1.000000
0  -4.957742 -27.180506 64.201614  0.722591 -0.691171 -0.012034  0.104205 -0.291410 1 55 1.000000
0  -4.913434 -27.143791 64.784081  0.783523 -0.602045 -0.153728  0.149015 0.168774 1 55 1.000000
rag
0  -5.057060 -27.221397 63.182247  0.239276 -0.968781 -0.064882  0.001239 -1.345653 1 55 1.000000
0  -4.957742 -27.180506 64.201614  0.722591 -0.691171 -0.012034  0.104205 -0.291410 1 55 1.000000
0  -5.057044 -27.243320 63.864353  0.229559 -0.973252 -0.009113  0.004586 -0.543441 1 55 1.000000
rag
0  -5.021714 -27.239971 64.771660  0.469716 -0.856660 -0.213306  0.021088 0.171925 1 55 1.000000
0  -4.840891 -27.204004 65.132210  0.790876 -0.497077 -0.356973  0.180475 0.495082 1 55 1.000000
0  -4.838095 -27.312168 65.239540  0.712924 -0.532648 -0.456098  0.131944 0.626765 1 55 1.000000
rag
0  -4.834569 -27.009460 64.871368  0.984492 -0.107169 -0.138889  0.283633 0.218182 1 55 1.000000
0  -4.840891 -27.204004 65.132210  0.790876 -0.497077 -0.356973  0.180475 0.495082 1 55 1.000000
0  -4.913434 -27.143791 64.784081  0.783523 -0.602045 -0.153728  0.149015 0.168774 1 55 1.000000
rag
0  -4.674068 -27.399519 65.536156  0.673774 -0.309369 -0.671059  0.234241 0.960811 1 55 1.000000
0  -4.840891 -27.204004 65.132210  0.790876 -0.497077 -0.356973  0.180475 0.495082 1 55 1.000000
0  -4.764256 -27.204605 65.250648  0.816584 -0.380520 -0.434046  0.245692 0.615241 1 55 1.000000
rag
0  -4.596498 -27.262348 65.599747  0.874217 0.212321 -0.436652  0.411704 0.923364 1 55 1.000000
0  -4.703517 -27.221272 65.366364  0.857523 -0.254683 -0.446979  0.297958 0.723891 1 55 1.000000
0  -4.707909 -27.142595 65.336044  0.953979 0.041401 -0.297000  0.354248 0.646405 1 55 1.000000
rag
0  -4.674068 -27.399519 65.536156  0.673774 -0.309369 -0.671059  0.234241 0.960811 1 55 1.000000
0  -4.703517 -27.221272 65.366364  0.857523 -0.254683 -0.446979  0.297958 0.723891 1 55 1.000000
0  -4.634703 -27.322586 65.545952  0.800138 -0.166725 -0.576179  0.316449 0.927925 1 55 1.000000
rag
0  -4.834569 -27.009460 64.871368  0.984492 -0.107169 -0.138889  0.283633 0.218182 1 55 1.000000
0  -4.703517 -27.221272 65.366364  0.857523 -0.254683 -0.446979  0.297958 0.723891 1 55 1.000000
0  -4.764256 -27.204605 65.250648  0.816584 -0.380520 -0.434046  0.245692 0.615241 1 55 1.000000
rag
0  -4.596498 -27.262348 65.599747  0.874217 0.212321 -0.436652  0.411704 0.923364 1 55 1.000000
0  -4.569793 -27.377048 65.628235  0.674023 -0.044318 -0.737379  0.348252 1.044309 1 55 1.000000
0  -4.634703 -27.322586 65.545952  0.800138 -0.166725 -0.576179  0.316449 0.927925 1 55 1.000000
rag
0  -4.449868 -27.441570 65.709282  0.687399 0.300836 -0.661044  0.435077 1.186468 1 55 1.000000
0  -4.569793 -27.377048 65.628235  0.674023 -0.044318 -0.737379  0.348252 1.044309 1 55 1.000000
0  -4.522984 -27.357422 65.664955  0.740827 0.228490 -0.631639  0.412705 1.064817 1 55 1.000000
rag
0  -4.674068 -27.399519 65.536156  0.673774 -0.309369 -0.671059  0.234241 0.960811 1 55 1.000000
0  -4.569793 -27.377048 65.628235  0.674023 -0.044318 -0.737379  0.348252 1.044309 1 55 1.000000
0  -4.548347 -27.429657 65.644333  0.595613 0.009840 -0.803211  0.336420 1.107138 1 55 1.000000
rag
0  -4.449868 -27.441570 65.709282  0.687399 0.300836 -0.661044  0.435077 1.186468 1 55 1.000000
0  -4.480322 -27.342861 65.740967  0.790379 0.454798 -0.410440  0.487862 1.095855 1 55 1.000000
0  -4.419384 -27.391579 65.800659  0.783693 0.503982 -0.363081  0.532864 1.180849 1 55 1.000000
rag
0  -4.596498 -27.262348 65.599747  0.874217 0.212321 -0.436652  0.411704 0.923364 1 55 1.000000
0  -4.480322 -27.342861 65.740967  0.790379 0.454798 -0.410440  0.487862 1.095855 1 55 1.000000
0  -4.522984 -27.357422 65.664955  0.740827 0.228490 -0.631639  0.412705 1.064817 1 55 1.000000
rag
0  -4.413250 -27.345205 65.917145  0.842915 0.536684 0.038262  0.642630 1.173211 1 55 1.000000
0  -4.480322 -27.342861 65.740967  0.790379 0.454798 -0.410440  0.487862 1.095855 1 55 1.000000
0  -4.503476 -27.288668 65.770493  0.794186 0.517207 -0.319007  0.526587 1.052827 1 55 1.000000
rag
0  -4.449868 -27.441570 65.709282  0.687399 0.300836 -0.661044  0.435077 1.186468 1 55 1.000000
0  -4.354188 -27.465538 65.833839  0.797032 0.506852 -0.328391  0.569543 1.269653 1 55 1.000000
0  -4.345107 -27.524223 65.788933  0.769681 0.417507 -0.482990  0.526587 1.309223 1 55 1.000000
rag
0  -4.413250 -27.345205 65.917145  0.842915 0.536684 0.038262  0.642630 1.173211 1 55 1.000000
0  -4.354188 -27.465538 65.833839  0.797032 0.506852 -0.328391  0.569543 1.269653 1 55 1.000000
0  -4.419384 -27.391579 65.800659  0.783693 0.503982 -0.363081  0.532864 1.180849 1 55 1.000000
rag
0  -4.244893 -27.629568 65.866272  0.815902 0.576395 -0.045517  0.622095 1.424661 1 55 1.000000
0  -4.354188 -27.465538 65.833839  0.797032 0.506852 -0.328391  0.569543 1.269653 1 55 1.000000
0  -4.319082 -27.500452 65.899353  0.862102 0.502322 0.066735  0.638675 1.313037 1 55 1.000000
rag
0  -4.280433 -27.780102 66.049377  0.680228 0.255386 0.687072  0.814223 1.472014 1 55 1.000000
0  -4.303449 -27.578772 65.957573  0.797838 0.410260 0.441749  0.701695 1.362961 1 55 1.000000
0  -4.350635 -27.533758 65.999214  0.793657 0.383762 0.472055  0.731057 1.313346 1 55 1.000000
rag
0  -4.244893 -27.629568 65.866272  0.815902 0.576395 -0.045517  0.622095 1.424661 1 55 1.000000
0  -4.303449 -27.578772 65.957573  0.797838 0.410260 0.441749  0.701695 1.362961 1 55 1.000000
0  -4.239453 -27.695280 65.959038  0.704247 0.480489 0.522653  0.720704 1.455234 1 55 1.000000
rag
0  -4.413250 -27.345205 65.917145  0.842915 0.536684 0.038262  0.642630 1.173211 1 55 1.000000
0  -4.303449 -27.578772 65.957573  0.797838 0.410260 0.441749  0.701695 1.362961 1 55 1.000000
0  -4.319082 -27.500452 65.899353  0.862102 0.502322 0.066735  0.638675 1.313037 1 55 1.000000
rag
0  -4.280433 -27.780102 66.049377  0.680228 0.255386 0.687072  0.814223 1.472014 1 55 1.000000
0  -4.143168 -27.784834 65.938148  0.659064 0.525562 0.537976  0.724914 1.537553 1 55 1.000000
0  -4.239453 -27.695280 65.959038  0.704247 0.480489 0.522653  0.720704 1.455234 1 55 1.000000
rag
0  -3.961406 -27.930927 65.795876  0.934637 0.216379 0.282195  0.694833 1.712804 1 55 1.000000
0  -4.143168 -27.784834 65.938148  0.659064 0.525562 0.537976  0.724914 1.537553 1 55 1.000000
0  -4.112013 -27.858002 65.962677  0.661417 0.287172 0.692863  0.763984 1.578832 1 55 1.000000
rag
0  -4.244893 -27.629568 65.866272  0.815902 0.576395 -0.045517  0.622095 1.424661 1 55 1.000000
0  -4.143168 -27.784834 65.938148  0.659064 0.525562 0.537976  0.724914 1.537553 1 55 1.000000
0  -4.117153 -27.770010 65.874496  0.737363 0.659428 0.146457  0.663218 1.543802 1 55 1.000000
rag
0  -3.961406 -27.930927 65.795876  0.934637 0.216379 0.282195  0.694833 1.712804 1 55 1.000000
0  -4.094925 -27.931343 65.971817  0.642701 -0.114651 0.757489  0.790864 1.616186 1 55 1.000000
0  -4.020011 -28.021843 65.852692  0.773337 -0.363211 0.519642  0.775703 1.723177 1 55 1.000000
rag
0  -4.280433 -27.780102 66.049377  0.680228 0.255386 0.687072  0.814223 1.472014 1 55 1.000000
0  -4.094925 -27.931343 65.971817  0.642701 -0.114651 0.757489  0.790864 1.616186 1 55 1.000000
0  -4.112013 -27.858002 65.962677  0.661417 0.287172 0.692863  0.763984 1.578832 1 55 1.000000
rag
0  -4.086568 -28.087786 65.863762  0.711687 -0.478219 0.514595  0.821554 1.734503 1 55 1.000000
0  -4.094925 -27.931343 65.971817  0.642701 -0.114651 0.757489  0.790864 1.616186 1 55 1.000000
0  -4.164158 -27.958656 66.004356  0.498847 -0.120166 0.858319  0.828499 1.600310 1 55 1.000000
rag
0  -3.961406 -27.930927 65.795876  0.934637 0.216379 0.282195  0.694833 1.712804 1 55 1.000000
0  -3.992017 -28.140800 65.590240  0.804266 -0.519797 0.288042  0.760982 1.897313 1 55 1.000000
0  -3.955925 -28.160170 65.406326  0.894886 -0.409434 0.177600  0.719067 1.995339 1 55 1.000000
rag
0  -4.086568 -28.087786 65.863762  0.711687 -0.478219 0.514595  0.821554 1.734503 1 55 1.000000
0  -3.992017 -28.140800 65.590240  0.804266 -0.519797 0.288042  0.760982 1.897313 1 55 1.000000
0  -4.020011 -28.021843 65.852692  0.773337 -0.363211 0.519642  0.775703 1.723177 1 55 1.000000
rag
0  -4.003148 -28.391283 64.922127  0.759924 -0.623818 0.182664  0.731978 2.312728 1 55 1.000000
0  -3.992017 -28.140800 65.590240  0.804266 -0.519797 0.288042  0.760982 1.897313 1 55 1.000000
0  -4.035523 -28.220478 65.527390  0.763789 -0.597473 0.244238  0.791145 1.951717 1 55 1.000000
rag
0  -4.003148 -28.391283 64.922127  0.759924 -0.623818 0.182664  0.731978 2.312728 1 55 1.000000
0  -3.930435 -28.155708 65.239029  0.958333 -0.271765 0.087985  0.664775 2.079080 1 55 1.000000
0  -3.955925 -28.160170 65.406326  0.894886 -0.409434 0.177600  0.719067 1.995339 1 55 1.000000
rag
0  -3.921305 -28.126656 64.921265  0.995630 0.091550 -0.018423  0.543813 2.232275 1 55 1.000000
0  -3.930435 -28.155708 65.239029  0.958333 -0.271765 0.087985  0.664775 2.079080 1 55 1.000000
0  -3.936508 -28.265062 64.921547  0.944406 -0.316422 0.089304  0.637895 2.272501 1 55 1.000000
rag
0  -3.961406 -27.930927 65.795876  0.934637 0.216379 0.282195  0.694833 1.712804 1 55 1.000000
0  -3.930435 -28.155708 65.239029  0.958333 -0.271765 0.087985  0.664775 2.079080 1 55 1.000000
0  -3.922653 -28.047943 65.318253  0.993396 0.108078 0.038507  0.616672 2.005866 1 55 1.000000
rag
0  -5.440883 -27.393984 64.947876  -0.207286 -0.958621 -0.195138  -0.371936 0.262971 1 55 1.000000
0  -5.244610 -27.464792 65.174133  0.027344 -0.944733 -0.326699  -0.271151 0.510367 1 55 1.000000
0  -5.229563 -27.518633 65.307816  -0.108420 -0.943451 -0.313281  -0.310867 0.638430 1 55 1.000000
rag
0  -5.239729 -27.363972 64.880028  0.244035 -0.912067 -0.329516  -0.195600 0.254365 1 55 1.000000
0  -5.244610 -27.464792 65.174133  0.027344 -0.944733 -0.326699  -0.271151 0.510367 1 55 1.000000
0  -5.369208 -27.369839 64.844048  0.063051 -0.972677 -0.223436  -0.291992 0.195836 1 55 1.000000
rag
0  -4.999632 -27.639204 65.566559  -0.070445 -0.873204 -0.482237  -0.236687 0.973134 1 55 1.000000
0  -5.244610 -27.464792 65.174133  0.027344 -0.944733 -0.326699  -0.271151 0.510367 1 55 1.000000
0  -5.127531 -27.500944 65.266541  0.112031 -0.906375 -0.407350  -0.214904 0.634673 1 55 1.000000
rag
0  -5.239729 -27.363972 64.880028  0.244035 -0.912067 -0.329516  -0.195600 0.254365 1 55 1.000000
0  -5.482698 -27.278484 64.297386  0.077840 -0.980414 -0.180914  -0.326928 -0.241119 1 55 1.000000
0  -5.440647 -27.238537 64.117409  0.136279 -0.975704 -0.171549  -0.279314 -0.368384 1 55 1.000000
rag
0  -5.440883 -27.393984 64.947876  -0.207286 -0.958621 -0.195138  -0.371936 0.262971 1 55 1.000000
0  -5.482698 -27.278484 64.297386  0.077840 -0.980414 -0.180914  -0.326928 -0.241119 1 55 1.000000
0  -5.369208 -27.369839 64.844048  0.063051 -0.972677 -0.223436  -0.291992 0.195836 1 55 1.000000
rag
0  -5.616680 -27.122995 63.342648  -0.760874 -0.641961 -0.094637  -0.410896 -1.237452 1 55 1.000000
0  -5.482698 -27.278484 64.297386  0.077840 -0.980414 -0.180914  -0.326928 -0.241119 1 55 1.000000
0  -5.570744 -27.255802 64.155334  -0.230116 -0.961860 -0.147889  -0.388135 -0.362171 1 55 1.000000
rag
0  -4.413250 -27.345205 65.917145  0.842915 0.536684 0.038262  0.642630 1.173211 1 55 1.000000
0  -4.408284 -27.458649 66.040245  0.796709 0.379035 0.470731  0.752027 1.252612 1 55 1.000000
0  -4.350635 -27.533758 65.999214  0.793657 0.383762 0.472055  0.731057 1.313346 1 55 1.000000
rag
0  -4.531418 -27.320364 66.114433  0.664670 0.422886 0.615939  0.795378 1.141983 1 55 1.000000
0  -4.408284 -27.458649 66.040245  0.796709 0.379035 0.470731  0.752027 1.252612 1 55 1.000000
0  -4.464169 -27.320166 66.020859  0.777519 0.480518 0.405669  0.724643 1.155463 1 55 1.000000
rag
0  -4.280433 -27.780102 66.049377  0.680228 0.255386 0.687072  0.814223 1.472014 1 55 1.000000
0  -4.408284 -27.458649 66.040245  0.796709 0.379035 0.470731  0.752027 1.252612 1 55 1.000000
0  -4.406168 -27.546789 66.090294  0.735562 0.317514 0.598443  0.803789 1.302539 1 55 1.000000
rag
0  -4.413250 -27.345205 65.917145  0.842915 0.536684 0.038262  0.642630 1.173211 1 55 1.000000
0  -4.515201 -27.224886 65.989197  0.723848 0.620476 0.301750  0.712086 1.080757 1 55 1.000000
0  -4.464169 -27.320166 66.020859  0.777519 0.480518 0.405669  0.724643 1.155463 1 55 1.000000
rag
0  -4.629685 -27.087784 65.832222  0.689829 0.722945 0.038565  0.667494 0.906259 1 55 1.000000
0  -4.515201 -27.224886 65.989197  0.723848 0.620476 0.301750  0.712086 1.080757 1 55 1.000000
0  -4.515819 -27.210886 65.912186  0.763271 0.646061 -0.004785  0.660710 1.055079 1 55 1.000000
rag
0  -4.531418 -27.320364 66.114433  0.664670 0.422886 0.615939  0.795378 1.141983 1 55 1.000000
0  -4.515201 -27.224886 65.989197  0.723848 0.620476 0.301750  0.712086 1.080757 1 55 1.000000
0  -4.569882 -27.187359 66.020470  0.639732 0.681810 0.354793  0.743581 1.045943 1 55 1.000000
rag
0  -4.629685 -27.087784 65.832222  0.689829 0.722945 0.038565  0.667494 0.906259 1 55 1.000000
0  -4.536503 -27.222330 65.813660  0.788460 0.558196 -0.258355  0.580072 1.017309 1 55 1.000000
0  -4.608003 -27.169294 65.698799  0.852397 0.468567 -0.232087  0.531655 0.901164 1 55 1.000000
rag
0  -4.413250 -27.345205 65.917145  0.842915 0.536684 0.038262  0.642630 1.173211 1 55 1.000000
0  -4.536503 -27.222330 65.813660  0.788460 0.558196 -0.258355  0.580072 1.017309 1 55 1.000000
0  -4.515819 -27.210886 65.912186  0.763271 0.646061 -0.004785  0.660710 1.055079 1 55 1.000000
rag
0  -4.596498 -27.262348 65.599747  0.874217 0.212321 -0.436652  0.411704 0.923364 1 55 1.000000
0  -4.536503 -27.222330 65.813660  0.788460 0.558196 -0.258355  0.580072 1.017309 1 55 1.000000
0  -4.503476 -27.288668 65.770493  0.794186 0.517207 -0.319007  0.526587 1.052827 1 55 1.000000
rag
0  -4.629685 -27.087784 65.832222  0.689829 0.722945 0.038565  0.667494 0.906259 1 55 1.000000
0  -4.685137 -27.106659 65.472862  0.907691 0.373174 -0.191934  0.455209 0.703879 1 55 1.000000
0  -4.737447 -27.017847 65.395027  0.900662 0.408173 -0.149005  0.483689 0.589620 1 55 1.000000
rag
0  -4.596498 -27.262348 65.599747  0.874217 0.212321 -0.436652  0.411704 0.923364 1 55 1.000000
0  -4.685137 -27.106659 65.472862  0.907691 0.373174 -0.191934  0.455209 0.703879 1 55 1.000000
0  -4.608003 -27.169294 65.698799  0.852397 0.468567 -0.232087  0.531655 0.901164 1 55 1.000000
rag
0  -4.834569 -27.009460 64.871368  0.984492 -0.107169 -0.138889  0.283633 0.218182 1 55 1.000000
0  -4.685137 -27.106659 65.472862  0.907691 0.373174 -0.191934  0.455209 0.703879 1 55 1.000000
0  -4.707909 -27.142595 65.336044  0.953979 0.041401 -0.297000  0.354248 0.646405 1 55 1.000000
rag
0  -4.834569 -27.009460 64.871368  0.984492 -0.107169 -0.138889  0.283633 0.218182 1 55 1.000000
0  -4.807181 -26.915415 65.283737  0.873056 0.477807 -0.097331  0.503458 0.472643 1 55 1.000000
0  -4.737447 -27.017847 65.395027  0.900662 0.408173 -0.149005  0.483689 0.589620 1 55 1.000000
rag
0  -4.914193 -26.787445 65.056129  0.486494 0.871935 0.055249  0.544981 0.275313 1 55 1.000000
0  -4.807181 -26.915415 65.283737  0.873056 0.477807 -0.097331  0.503458 0.472643 1 55 1.000000
0  -4.866252 -26.857922 64.917694  0.908102 0.418229 -0.020847  0.420452 0.212262 1 55 1.000000
rag
0  -4.629685 -27.087784 65.832222  0.689829 0.722945 0.038565  0.667494 0.906259 1 55 1.000000
0  -4.807181 -26.915415 65.283737  0.873056 0.477807 -0.097331  0.503458 0.472643 1 55 1.000000
0  -4.786220 -26.916193 65.479439  0.595027 0.800915 0.066917  0.607660 0.599231 1 55 1.000000
rag
0  -4.914193 -26.787445 65.056129  0.486494 0.871935 0.055249  0.544981 0.275313 1 55 1.000000
0  -4.848718 -26.847536 64.449455  0.935533 0.351920 0.030514  0.369776 -0.087737 1 55 1.000000
0  -4.876759 -26.799564 64.357994  0.512339 0.856260 -0.065779  0.430610 -0.160598 1 55 1.000000
rag
0  -4.834569 -27.009460 64.871368  0.984492 -0.107169 -0.138889  0.283633 0.218182 1 55 1.000000
0  -4.848718 -26.847536 64.449455  0.935533 0.351920 0.030514  0.369776 -0.087737 1 55 1.000000
0  -4.866252 -26.857922 64.917694  0.908102 0.418229 -0.020847  0.420452 0.212262 1 55 1.000000
rag
0  -4.849721 -26.869455 63.699398  0.875372 0.476935 -0.079104  0.362726 -0.576834 1 55 1.000000
0  -4.848718 -26.847536 64.449455  0.935533 0.351920 0.030514  0.369776 -0.087737 1 55 1.000000
0  -4.824387 -26.939682 64.119453  0.999495 -0.028923 -0.013182  0.284228 -0.300467 1 55 1.000000
rag
0  -5.057060 -27.221397 63.182247  0.239276 -0.968781 -0.064882  0.001239 -1.345653 1 55 1.000000
0  -4.866739 -27.065516 63.707691  0.919141 -0.385302 -0.081991  0.192094 -0.614946 1 55 1.000000
0  -4.921918 -27.142174 63.905407  0.770876 -0.636580 -0.022739  0.142957 -0.505959 1 55 1.000000
rag
0  -4.849721 -26.869455 63.699398  0.875372 0.476935 -0.079104  0.362726 -0.576834 1 55 1.000000
0  -4.866739 -27.065516 63.707691  0.919141 -0.385302 -0.081991  0.192094 -0.614946 1 55 1.000000
0  -4.917065 -27.061989 63.290394  0.816963 -0.570438 -0.084688  0.206427 -0.910801 1 55 1.000000
rag
0  -4.834569 -27.009460 64.871368  0.984492 -0.107169 -0.138889  0.283633 0.218182 1 55 1.000000
0  -4.866739 -27.065516 63.707691  0.919141 -0.385302 -0.081991  0.192094 -0.614946 1 55 1.000000
0  -4.824387 -26.939682 64.119453  0.999495 -0.028923 -0.013182  0.284228 -0.300467 1 55 1.000000
rag
0  -4.742855 -27.119993 66.043045  0.230283 0.875871 0.424052  0.820168 0.946826 1 55 1.000000
0  -4.761212 -26.974895 65.692741  0.308060 0.907364 0.285990  0.691094 0.734523 1 55 1.000000
0  -4.844919 -26.923519 65.577530  0.142511 0.944017 0.297526  0.689753 0.625356 1 55 1.000000
rag
0  -4.629685 -27.087784 65.832222  0.689829 0.722945 0.038565  0.667494 0.906259 1 55 1.000000
0  -4.761212 -26.974895 65.692741  0.308060 0.907364 0.285990  0.691094 0.734523 1 55 1.000000
0  -4.674664 -27.092833 65.950165  0.341977 0.875714 0.340846  0.751238 0.932832 1 55 1.000000
rag
0  -4.914193 -26.787445 65.056129  0.486494 0.871935 0.055249  0.544981 0.275313 1 55 1.000000
0  -4.761212 -26.974895 65.692741  0.308060 0.907364 0.285990  0.691094 0.734523 1 55 1.000000
0  -4.786220 -26.916193 65.479439  0.595027 0.800915 0.066917  0.607660 0.599231 1 55 1.000000
rag
0  -4.742855 -27.119993 66.043045  0.230283 0.875871 0.424052  0.820168 0.946826 1 55 1.000000
0  -4.617871 -27.168695 66.057411  0.481030 0.752883 0.449196  0.774859 1.029207 1 55 1.000000
0  -4.674664 -27.092833 65.950165  0.341977 0.875714 0.340846  0.751238 0.932832 1 55 1.000000
rag
0  -4.531418 -27.320364 66.114433  0.664670 0.422886 0.615939  0.795378 1.141983 1 55 1.000000
0  -4.617871 -27.168695 66.057411  0.481030 0.752883 0.449196  0.774859 1.029207 1 55 1.000000
0  -4.634097 -27.209658 66.126762  0.495798 0.657262 0.567619  0.814229 1.058074 1 55 1.000000
rag
0  -4.629685 -27.087784 65.832222  0.689829 0.722945 0.038565  0.667494 0.906259 1 55 1.000000
0  -4.617871 -27.168695 66.057411  0.481030 0.752883 0.449196  0.774859 1.029207 1 55 1.000000
0  -4.569882 -27.187359 66.020470  0.639732 0.681810 0.354793  0.743581 1.045943 1 55 1.000000
rag
0  -4.531418 -27.320364 66.114433  0.664670 0.422886 0.615939  0.795378 1.141983 1 55 1.000000
0  -4.677340 -27.241377 66.191048  0.465055 0.567446 0.679507  0.859282 1.069253 1 55 1.000000
0  -4.639821 -27.331390 66.210594  0.543246 0.347969 0.764069  0.875086 1.124891 1 55 1.000000
rag
0  -4.742855 -27.119993 66.043045  0.230283 0.875871 0.424052  0.820168 0.946826 1 55 1.000000
0  -4.677340 -27.241377 66.191048  0.465055 0.567446 0.679507  0.859282 1.069253 1 55 1.000000
0  -4.634097 -27.209658 66.126762  0.495798 0.657262 0.567619  0.814229 1.058074 1 55 1.000000
rag
0  -4.753014 -27.354691 66.288589  0.304483 0.281928 0.909839  0.953341 1.109129 1 55 1.000000
0  -4.677340 -27.241377 66.191048  0.465055 0.567446 0.679507  0.859282 1.069253 1 55 1.000000
0  -4.747186 -27.219862 66.216805  0.362796 0.627371 0.689046  0.892310 1.042450 1 55 1.000000
rag
0  -4.531418 -27.320364 66.114433  0.664670 0.422886 0.615939  0.795378 1.141983 1 55 1.000000
0  -4.557080 -27.510273 66.215118  0.569059 0.262490 0.779276  0.900409 1.236364 1 55 1.000000
0  -4.457041 -27.604221 66.169617  0.633552 0.245026 0.733876  0.875623 1.309926 1 55 1.000000
rag
0  -4.753014 -27.354691 66.288589  0.304483 0.281928 0.909839  0.953341 1.109129 1 55 1.000000
0  -4.557080 -27.510273 66.215118  0.569059 0.262490 0.779276  0.900409 1.236364 1 55 1.000000
0  -4.639821 -27.331390 66.210594  0.543246 0.347969 0.764069  0.875086 1.124891 1 55 1.000000
rag
0  -4.383636 -27.922190 66.181671  0.612309 -0.104212 0.783721  0.959415 1.494055 1 55 1.000000
0  -4.557080 -27.510273 66.215118  0.569059 0.262490 0.779276  0.900409 1.236364 1 55 1.000000
0  -4.561709 -27.632647 66.254814  0.515687 0.188303 0.835829  0.953855 1.295397 1 55 1.000000
rag
0  -4.570627 -27.980816 66.274323  0.208860 -0.317817 0.924862  1.081506 1.449923 1 55 1.000000
0  -4.552554 -27.767834 66.280479  0.441280 0.049064 0.896027  0.999360 1.356154 1 55 1.000000
0  -4.648384 -27.681053 66.307434  0.274367 0.059368 0.959791  1.017878 1.283886 1 55 1.000000
rag
0  -4.383636 -27.922190 66.181671  0.612309 -0.104212 0.783721  0.959415 1.494055 1 55 1.000000
0  -4.552554 -27.767834 66.280479  0.441280 0.049064 0.896027  0.999360 1.356154 1 55 1.000000
0  -4.471000 -27.970093 66.234901  0.500459 -0.285447 0.817350  1.025885 1.484114 1 55 1.000000
rag
0  -4.753014 -27.354691 66.288589  0.304483 0.281928 0.909839  0.953341 1.109129 1 55 1.000000
0  -4.552554 -27.767834 66.280479  0.441280 0.049064 0.896027  0.999360 1.356154 1 55 1.000000
0  -4.561709 -27.632647 66.254814  0.515687 0.188303 0.835829  0.953855 1.295397 1 55 1.000000
rag
0  -4.570627 -27.980816 66.274323  0.208860 -0.317817 0.924862  1.081506 1.449923 1 55 1.000000
0  -4.464622 -28.104612 66.132248  0.490149 -0.602758 0.629632  1.061175 1.585766 1 55 1.000000
0  -4.471000 -27.970093 66.234901  0.500459 -0.285447 0.817350  1.025885 1.484114 1 55 1.000000
rag
0  -4.518586 -28.290840 65.842064  -0.120695 -0.938261 0.324189  1.140518 1.762761 1 55 1.000000
0  -4.464622 -28.104612 66.132248  0.490149 -0.602758 0.629632  1.061175 1.585766 1 55 1.000000
0  -4.533054 -28.158535 66.114349  0.301039 -0.766727 0.567014  1.112583 1.600341 1 55 1.000000
rag
0  -4.383636 -27.922190 66.181671  0.612309 -0.104212 0.783721  0.959415 1.494055 1 55 1.000000
0  -4.464622 -28.104612 66.132248  0.490149 -0.602758 0.629632  1.061175 1.585766 1 55 1.000000
0  -4.425557 -28.137239 66.056976  0.242490 -0.709921 0.661219  1.045088 1.633233 1 55 1.000000
rag
0  -4.225928 -28.253992 65.884941  0.411648 -0.754316 0.511423  0.938756 1.763344 1 55 1.000000
0  -4.364209 -28.181515 66.016685  0.048940 -0.741285 0.669403  1.018083 1.669259 1 55 1.000000
0  -4.359592 -28.288280 65.861458  0.052158 -0.886077 0.460595  1.029142 1.777800 1 55 1.000000
rag
0  -4.383636 -27.922190 66.181671  0.612309 -0.104212 0.783721  0.959415 1.494055 1 55 1.000000
0  -4.364209 -28.181515 66.016685  0.048940 -0.741285 0.669403  1.018083 1.669259 1 55 1.000000
0  -4.303884 -28.106493 66.069794  0.446188 -0.463758 0.765405  0.960900 1.621433 1 55 1.000000
rag
0  -4.518586 -28.290840 65.842064  -0.120695 -0.938261 0.324189  1.140518 1.762761 1 55 1.000000
0  -4.364209 -28.181515 66.016685  0.048940 -0.741285 0.669403  1.018083 1.669259 1 55 1.000000
0  -4.425557 -28.137239 66.056976  0.242490 -0.709921 0.661219  1.045088 1.633233 1 55 1.000000
rag
0  -4.225928 -28.253992 65.884941  0.411648 -0.754316 0.511423  0.938756 1.763344 1 55 1.000000
0  -4.327898 -28.383972 65.588242  0.059599 -0.951445 0.301993  1.004810 1.949308 1 55 1.000000
0  -4.232773 -28.411924 65.438866  0.261944 -0.928398 0.263558  0.936838 2.041776 1 55 1.000000
rag
0  -4.518586 -28.290840 65.842064  -0.120695 -0.938261 0.324189  1.140518 1.762761 1 55 1.000000
0  -4.327898 -28.383972 65.588242  0.059599 -0.951445 0.301993  1.004810 1.949308 1 55 1.000000
0  -4.359592 -28.288280 65.861458  0.052158 -0.886077 0.460595  1.029142 1.777800 1 55 1.000000
rag
0  -4.241164 -28.533016 64.923820  0.117235 -0.971109 0.207856  0.920756 2.355293 1 55 1.000000
0  -4.327898 -28.383972 65.588242  0.059599 -0.951445 0.301993  1.004810 1.949308 1 55 1.000000
0  -4.380277 -28.425333 65.405411  -0.116207 -0.968503 0.220222  1.030637 2.059027 1 55 1.000000
rag
0  -4.241164 -28.533016 64.923820  0.117235 -0.971109 0.207856  0.920756 2.355293 1 55 1.000000
0  -4.146536 -28.417727 65.272316  0.493639 -0.841207 0.220661  0.868630 2.132631 1 55 1.000000
0  -4.232773 -28.411924 65.438866  0.261944 -0.928398 0.263558  0.936838 2.041776 1 55 1.000000
rag
0  -4.003148 -28.391283 64.922127  0.759924 -0.623818 0.182664  0.731978 2.312728 1 55 1.000000
0  -4.146536 -28.417727 65.272316  0.493639 -0.841207 0.220661  0.868630 2.132631 1 55 1.000000
0  -4.110194 -28.485725 64.922928  0.495605 -0.842344 0.211739  0.826367 2.334011 1 55 1.000000
rag
0  -4.225928 -28.253992 65.884941  0.411648 -0.754316 0.511423  0.938756 1.763344 1 55 1.000000
0  -4.146536 -28.417727 65.272316  0.493639 -0.841207 0.220661  0.868630 2.132631 1 55 1.000000
0  -4.110257 -28.340584 65.446999  0.626552 -0.736398 0.255247  0.848238 2.021271 1 55 1.000000
rag
0  -4.086568 -28.087786 65.863762  0.711687 -0.478219 0.514595  0.821554 1.734503 1 55 1.000000
0  -4.092323 -28.255709 65.622597  0.729543 -0.610447 0.308417  0.839189 1.909857 1 55 1.000000
0  -4.035523 -28.220478 65.527390  0.763789 -0.597473 0.244238  0.791145 1.951717 1 55 1.000000
rag
0  -4.225928 -28.253992 65.884941  0.411648 -0.754316 0.511423  0.938756 1.763344 1 55 1.000000
0  -4.092323 -28.255709 65.622597  0.729543 -0.610447 0.308417  0.839189 1.909857 1 55 1.000000
0  -4.145396 -28.165480 65.893127  0.643221 -0.517828 0.564022  0.873462 1.738858 1 55 1.000000
rag
0  -4.003148 -28.391283 64.922127  0.759924 -0.623818 0.182664  0.731978 2.312728 1 55 1.000000
0  -4.092323 -28.255709 65.622597  0.729543 -0.610447 0.308417  0.839189 1.909857 1 55 1.000000
0  -4.110257 -28.340584 65.446999  0.626552 -0.736398 0.255247  0.848238 2.021271 1 55 1.000000
rag
0  -4.086568 -28.087786 65.863762  0.711687 -0.478219 0.514595  0.821554 1.734503 1 55 1.000000
0  -4.195230 -28.046255 66.004166  0.506626 -0.319306 0.800858  0.869071 1.628731 1 55 1.000000
0  -4.145396 -28.165480 65.893127  0.643221 -0.517828 0.564022  0.873462 1.738858 1 55 1.000000
rag
0  -4.280433 -27.780102 66.049377  0.680228 0.255386 0.687072  0.814223 1.472014 1 55 1.000000
0  -4.195230 -28.046255 66.004166  0.506626 -0.319306 0.800858  0.869071 1.628731 1 55 1.000000
0  -4.164158 -27.958656 66.004356  0.498847 -0.120166 0.858319  0.828499 1.600310 1 55 1.000000
rag
0  -4.225928 -28.253992 65.884941  0.411648 -0.754316 0.511423  0.938756 1.763344 1 55 1.000000
0  -4.195230 -28.046255 66.004166  0.506626 -0.319306 0.800858  0.869071 1.628731 1 55 1.000000
0  -4.247966 -28.028152 66.031067  0.618864 -0.190632 0.762015  0.888910 1.599852 1 55 1.000000
rag
0  -4.383636 -27.922190 66.181671  0.612309 -0.104212 0.783721  0.959415 1.494055 1 55 1.000000
0  -4.285748 -28.005819 66.082314  0.751683 -0.068851 0.655920  0.911786 1.571455 1 55 1.000000
0  -4.328618 -27.853224 66.122681  0.713054 0.103277 0.693460  0.887479 1.481031 1 55 1.000000
rag
0  -4.225928 -28.253992 65.884941  0.411648 -0.754316 0.511423  0.938756 1.763344 1 55 1.000000
0  -4.285748 -28.005819 66.082314  0.751683 -0.068851 0.655920  0.911786 1.571455 1 55 1.000000
0  -4.303884 -28.106493 66.069794  0.446188 -0.463758 0.765405  0.960900 1.621433 1 55 1.000000
rag
0  -4.280433 -27.780102 66.049377  0.680228 0.255386 0.687072  0.814223 1.472014 1 55 1.000000
0  -4.285748 -28.005819 66.082314  0.751683 -0.068851 0.655920  0.911786 1.571455 1 55 1.000000
0  -4.247966 -28.028152 66.031067  0.618864 -0.190632 0.762015  0.888910 1.599852 1 55 1.000000
rag
0  -4.383636 -27.922190 66.181671  0.612309 -0.104212 0.783721  0.959415 1.494055 1 55 1.000000
0  -4.390687 -27.671354 66.132515  0.676024 0.227012 0.701041  0.855927 1.368173 1 55 1.000000
0  -4.457041 -27.604221 66.169617  0.633552 0.245026 0.733876  0.875623 1.309926 1 55 1.000000
rag
0  -4.280433 -27.780102 66.049377  0.680228 0.255386 0.687072  0.814223 1.472014 1 55 1.000000
0  -4.390687 -27.671354 66.132515  0.676024 0.227012 0.701041  0.855927 1.368173 1 55 1.000000
0  -4.328618 -27.853224 66.122681  0.713054 0.103277 0.693460  0.887479 1.481031 1 55 1.000000
rag
0  -4.531418 -27.320364 66.114433  0.664670 0.422886 0.615939  0.795378 1.141983 1 55 1.000000
0  -4.390687 -27.671354 66.132515  0.676024 0.227012 0.701041  0.855927 1.368173 1 55 1.000000
0  -4.406168 -27.546789 66.090294  0.735562 0.317514 0.598443  0.803789 1.302539 1 55 1.000000
rag
0  -4.505810 -28.451124 64.925369  -0.560852 -0.826162 0.053865  -0.269598 2.276731 1 55 1.000000
0  -4.428736 -28.447166 65.239731  -0.284646 -0.945043 0.160843  -0.440664 2.126325 1 55 1.000000
0  -4.521999 -28.388542 65.383362  -0.375699 -0.914018 0.153044  -0.436530 1.996129 1 55 1.000000
rag
0  -4.241164 -28.533016 64.923820  0.117235 -0.971109 0.207856  -0.439988 2.394890 1 55 1.000000
0  -4.428736 -28.447166 65.239731  -0.284646 -0.945043 0.160843  -0.440664 2.126325 1 55 1.000000
0  -4.379585 -28.517796 64.924675  -0.264444 -0.951197 0.159041  -0.354793 2.335810 1 55 1.000000
rag
0  -4.518586 -28.290840 65.842064  -0.120695 -0.938261 0.324189  -0.612406 1.707354 1 55 1.000000
0  -4.428736 -28.447166 65.239731  -0.284646 -0.945043 0.160843  -0.440664 2.126325 1 55 1.000000
0  -4.380277 -28.425333 65.405411  -0.116207 -0.968503 0.220222  -0.526197 2.051122 1 55 1.000000
rag
0  -5.102025 -26.816771 65.199455  0.049923 0.981011 0.187419  0.715596 0.316578 1 55 1.000000
0  -4.957218 -26.779894 64.544083  -0.121941 0.991996 -0.032765  0.517623 -0.063270 1 55 1.000000
0  -4.998036 -26.801794 64.442207  0.022323 0.997787 -0.062633  0.545817 -0.136095 1 55 1.000000
rag
0  -4.914193 -26.787445 65.056129  0.486494 0.871935 0.055249  0.544981 0.275313 1 55 1.000000
0  -4.957218 -26.779894 64.544083  -0.121941 0.991996 -0.032765  0.517623 -0.063270 1 55 1.000000
0  -5.009769 -26.779425 65.054588  -0.126358 0.989713 0.067089  0.616544 0.247848 1 55 1.000000
rag
0  -4.849721 -26.869455 63.699398  0.875372 0.476935 -0.079104  0.362726 -0.576834 1 55 1.000000
0  -4.957218 -26.779894 64.544083  -0.121941 0.991996 -0.032765  0.517623 -0.063270 1 55 1.000000
0  -4.876759 -26.799564 64.357994  0.512339 0.856260 -0.065779  0.430610 -0.160598 1 55 1.000000
rag
0  -4.914193 -26.787445 65.056129  0.486494 0.871935 0.055249  0.544981 0.275313 1 55 1.000000
0  -4.947251 -26.872009 65.452797  0.006687 0.963175 0.268794  0.696437 0.517119 1 55 1.000000
0  -4.844919 -26.923519 65.577530  0.142511 0.944017 0.297526  0.689753 0.625356 1 55 1.000000
rag
0  -5.102025 -26.816771 65.199455  0.049923 0.981011 0.187419  0.715596 0.316578 1 55 1.000000
0  -4.947251 -26.872009 65.452797  0.006687 0.963175 0.268794  0.696437 0.517119 1 55 1.000000
0  -5.009769 -26.779425 65.054588  -0.126358 0.989713 0.067089  0.616544 0.247848 1 55 1.000000
rag
0  -4.742855 -27.119993 66.043045  0.230283 0.875871 0.424052  0.820168 0.946826 1 55 1.000000
0  -4.947251 -26.872009 65.452797  0.006687 0.963175 0.268794  0.696437 0.517119 1 55 1.000000
0  -4.941232 -26.951952 65.658653  0.088802 0.944876 0.315156  0.772518 0.646967 1 55 1.000000
rag
0  -4.959493 -27.129026 66.132996  -0.320700 0.720232 0.615156  0.952622 0.906838 1 55 1.000000
0  -4.939986 -27.016708 65.851128  0.122592 0.933652 0.336548  0.838608 0.755363 1 55 1.000000
0  -5.062135 -26.946716 65.706261  0.129157 0.941747 0.310535  0.846078 0.627916 1 55 1.000000
rag
0  -4.742855 -27.119993 66.043045  0.230283 0.875871 0.424052  0.820168 0.946826 1 55 1.000000
0  -4.939986 -27.016708 65.851128  0.122592 0.933652 0.336548  0.838608 0.755363 1 55 1.000000
0  -4.850702 -27.122562 66.108856  0.142227 0.885311 0.442715  0.888573 0.933172 1 55 1.000000
rag
0  -5.102025 -26.816771 65.199455  0.049923 0.981011 0.187419  0.715596 0.316578 1 55 1.000000
0  -4.939986 -27.016708 65.851128  0.122592 0.933652 0.336548  0.838608 0.755363 1 55 1.000000
0  -4.941232 -26.951952 65.658653  0.088802 0.944876 0.315156  0.772518 0.646967 1 55 1.000000
rag
0  -4.959493 -27.129026 66.132996  -0.320700 0.720232 0.615156  0.952622 0.906838 1 55 1.000000
0  -4.813414 -27.192280 66.224701  0.204420 0.731765 0.650179  0.917689 1.012812 1 55 1.000000
0  -4.850702 -27.122562 66.108856  0.142227 0.885311 0.442715  0.888573 0.933172 1 55 1.000000
rag
0  -4.753014 -27.354691 66.288589  0.304483 0.281928 0.909839  0.953341 1.109129 1 55 1.000000
0  -4.813414 -27.192280 66.224701  0.204420 0.731765 0.650179  0.917689 1.012812 1 55 1.000000
0  -4.854203 -27.230511 66.261803  -0.094653 0.521871 0.847757  0.956916 1.021821 1 55 1.000000
rag
0  -4.742855 -27.119993 66.043045  0.230283 0.875871 0.424052  0.820168 0.946826 1 55 1.000000
0  -4.813414 -27.192280 66.224701  0.204420 0.731765 0.650179  0.917689 1.012812 1 55 1.000000
0  -4.747186 -27.219862 66.216805  0.362796 0.627371 0.689046  0.892310 1.042450 1 55 1.000000
rag
0  -4.753014 -27.354691 66.288589  0.304483 0.281928 0.909839  0.953341 1.109129 1 55 1.000000
0  -4.870291 -27.303148 66.285278  -0.236786 0.242562 0.940795  0.994107 1.049846 1 55 1.000000
0  -4.817148 -27.422842 66.308861  -0.081535 0.098530 0.991788  1.012570 1.118689 1 55 1.000000
rag
0  -4.959493 -27.129026 66.132996  -0.320700 0.720232 0.615156  0.952622 0.906838 1 55 1.000000
0  -4.870291 -27.303148 66.285278  -0.236786 0.242562 0.940795  0.994107 1.049846 1 55 1.000000
0  -4.854203 -27.230511 66.261803  -0.094653 0.521871 0.847757  0.956916 1.021821 1 55 1.000000
rag
0  -4.868445 -27.518208 66.296783  -0.409830 -0.047494 0.910925  1.074987 1.142470 1 55 1.000000
0  -4.870291 -27.303148 66.285278  -0.236786 0.242562 0.940795  0.994107 1.049846 1 55 1.000000
0  -4.908002 -27.308283 66.266701  -0.529972 0.210947 0.821360  1.015029 1.036227 1 55 1.000000
rag
0  -4.753014 -27.354691 66.288589  0.304483 0.281928 0.909839  0.953341 1.109129 1 55 1.000000
0  -4.729691 -27.609804 66.316978  0.023911 0.025822 0.999381  1.034651 1.226076 1 55 1.000000
0  -4.648384 -27.681053 66.307434  0.274367 0.059368 0.959791  1.017878 1.283886 1 55 1.000000
rag
0  -4.868445 -27.518208 66.296783  -0.409830 -0.047494 0.910925  1.074987 1.142470 1 55 1.000000
0  -4.729691 -27.609804 66.316978  0.023911 0.025822 0.999381  1.034651 1.226076 1 55 1.000000
0  -4.817148 -27.422842 66.308861  -0.081535 0.098530 0.991788  1.012570 1.118689 1 55 1.000000
rag
0  -4.570627 -27.980816 66.274323  0.208860 -0.317817 0.924862  1.081506 1.449923 1 55 1.000000
0  -4.729691 -27.609804 66.316978  0.023911 0.025822 0.999381  1.034651 1.226076 1 55 1.000000
0  -4.716234 -27.760477 66.310135  -0.076999 -0.104504 0.991539  1.081263 1.297802 1 55 1.000000
rag
0  -4.795538 -28.104635 66.170380  -0.625975 -0.613832 0.481004  1.275681 1.478183 1 55 1.000000
0  -4.737013 -27.898258 66.287178  -0.230024 -0.261450 0.937408  1.141520 1.360829 1 55 1.000000
0  -4.830585 -27.829821 66.268074  -0.466535 -0.240882 0.851071  1.167764 1.304887 1 55 1.000000
rag
0  -4.570627 -27.980816 66.274323  0.208860 -0.317817 0.924862  1.081506 1.449923 1 55 1.000000
0  -4.737013 -27.898258 66.287178  -0.230024 -0.261450 0.937408  1.141520 1.360829 1 55 1.000000
0  -4.672595 -28.070705 66.241920  -0.072657 -0.547554 0.833610  1.166460 1.472962 1 55 1.000000
rag
0  -4.868445 -27.518208 66.296783  -0.409830 -0.047494 0.910925  1.074987 1.142470 1 55 1.000000
0  -4.737013 -27.898258 66.287178  -0.230024 -0.261450 0.937408  1.141520 1.360829 1 55 1.000000
0  -4.716234 -27.760477 66.310135  -0.076999 -0.104504 0.991539  1.081263 1.297802 1 55 1.000000
rag
0  -4.795538 -28.104635 66.170380  -0.625975 -0.613832 0.481004  1.275681 1.478183 1 55 1.000000
0  -4.620100 -28.172613 66.137581  0.070231 -0.794521 0.603162  1.166210 1.573445 1 55 1.000000
0  -4.672595 -28.070705 66.241920  -0.072657 -0.547554 0.833610  1.166460 1.472962 1 55 1.000000
rag
0  -4.518586 -28.290840 65.842064  -0.120695 -0.938261 0.324189  1.140518 1.762761 1 55 1.000000
0  -4.620100 -28.172613 66.137581  0.070231 -0.794521 0.603162  1.166210 1.573445 1 55 1.000000
0  -4.666867 -28.216440 66.041039  -0.187919 -0.912168 0.364192  1.208099 1.620472 1 55 1.000000
rag
0  -4.570627 -27.980816 66.274323  0.208860 -0.317817 0.924862  1.081506 1.449923 1 55 1.000000
0  -4.620100 -28.172613 66.137581  0.070231 -0.794521 0.603162  1.166210 1.573445 1 55 1.000000
0  -4.533054 -28.158535 66.114349  0.301039 -0.766727 0.567014  1.112583 1.600341 1 55 1.000000
rag
0  -4.518586 -28.290840 65.842064  -0.120695 -0.938261 0.324189  -0.612406 1.707354 1 55 1.000000
0  -4.707528 -28.226313 65.931602  -0.416108 -0.896938 0.149523  -0.567077 1.594989 1 55 1.000000
0  -4.656951 -28.268524 65.749908  -0.420456 -0.898601 0.125432  -0.497823 1.703671 1 55 1.000000
rag
0  -4.795538 -28.104635 66.170380  -0.625975 -0.613832 0.481004  -0.700471 1.439380 1 55 1.000000
0  -4.707528 -28.226313 65.931602  -0.416108 -0.896938 0.149523  -0.567077 1.594989 1 55 1.000000
0  -4.666867 -28.216440 66.041039  -0.187919 -0.912168 0.364192  -0.656438 1.573367 1 55 1.000000
rag
0  -4.755899 -28.210335 65.660271  -0.818502 -0.574457 -0.007351  -0.385956 1.676859 1 55 1.000000
0  -4.707528 -28.226313 65.931602  -0.416108 -0.896938 0.149523  -0.567077 1.594989 1 55 1.000000
0  -4.775574 -28.181726 65.939682  -0.753808 -0.650223 0.094781  -0.532567 1.546979 1 55 1.000000
rag
0  -4.518586 -28.290840 65.842064  -0.120695 -0.938261 0.324189  -0.612406 1.707354 1 55 1.000000
0  -4.610500 -28.329775 65.498383  -0.448872 -0.882827 0.138313  -0.423453 1.874106 1 55 1.000000
0  -4.521999 -28.388542 65.383362  -0.375699 -0.914018 0.153044  -0.436530 1.996129 1 55 1.000000
rag
0  -4.755899 -28.210335 65.660271  -0.818502 -0.574457 -0.007351  -0.385956 1.676859 1 55 1.000000
0  -4.610500 -28.329775 65.498383  -0.448872 -0.882827 0.138313  -0.423453 1.874106 1 55 1.000000
0  -4.656951 -28.268524 65.749908  -0.420456 -0.898601 0.125432  -0.497823 1.703671 1 55 1.000000
rag
0  -4.505810 -28.451124 64.925369  -0.560852 -0.826162 0.053865  -0.269598 2.276731 1 55 1.000000
0  -4.610500 -28.329775 65.498383  -0.448872 -0.882827 0.138313  -0.423453 1.874106 1 55 1.000000
0  -4.644005 -28.328320 65.326881  -0.661426 -0.749646 0.023379  -0.333498 1.953505 1 55 1.000000
rag
0  -4.647456 -28.213112 64.925949  -0.971727 -0.130573 -0.196716  -0.099800 2.159881 1 55 1.000000
0  -4.661051 -28.300081 65.183830  -0.842540 -0.528069 -0.106160  -0.252584 2.024949 1 55 1.000000
0  -4.716927 -28.223812 65.305984  -0.932363 -0.338243 -0.127636  -0.247679 1.906612 1 55 1.000000
rag
0  -4.505810 -28.451124 64.925369  -0.560852 -0.826162 0.053865  -0.269598 2.276731 1 55 1.000000
0  -4.661051 -28.300081 65.183830  -0.842540 -0.528069 -0.106160  -0.252584 2.024949 1 55 1.000000
0  -4.600206 -28.344070 64.925827  -0.830246 -0.547518 -0.104481  -0.184699 2.218306 1 55 1.000000
rag
0  -4.755899 -28.210335 65.660271  -0.818502 -0.574457 -0.007351  -0.385956 1.676859 1 55 1.000000
0  -4.661051 -28.300081 65.183830  -0.842540 -0.528069 -0.106160  -0.252584 2.024949 1 55 1.000000
0  -4.644005 -28.328320 65.326881  -0.661426 -0.749646 0.023379  -0.333498 1.953505 1 55 1.000000
rag
0  -4.755899 -28.210335 65.660271  -0.818502 -0.574457 -0.007351  -0.385956 1.676859 1 55 1.000000
0  -4.745237 -28.166231 65.414146  -0.988002 -0.077884 -0.133368  -0.249975 1.803384 1 55 1.000000
0  -4.716927 -28.223812 65.305984  -0.932363 -0.338243 -0.127636  -0.247679 1.906612 1 55 1.000000
rag
0  -4.750582 -28.065470 65.538132  -0.942408 0.283116 -0.178082  -0.229908 1.668842 1 55 1.000000
0  -4.745237 -28.166231 65.414146  -0.988002 -0.077884 -0.133368  -0.249975 1.803384 1 55 1.000000
0  -4.772158 -28.136320 65.607430  -0.987022 -0.087238 -0.134824  -0.307057 1.656630 1 55 1.000000
rag
0  -4.647456 -28.213112 64.925949  -0.971727 -0.130573 -0.196716  -0.099800 2.159881 1 55 1.000000
0  -4.745237 -28.166231 65.414146  -0.988002 -0.077884 -0.133368  -0.249975 1.803384 1 55 1.000000
0  -4.719449 -28.131475 65.278168  -0.976067 0.108924 -0.188227  -0.176912 1.882395 1 55 1.000000
rag
0  -4.565606 -27.948490 64.925072  -0.758200 0.630412 -0.166473  0.073261 2.090913 1 55 1.000000
0  -4.679590 -28.073069 65.155930  -0.935069 0.288192 -0.206375  -0.096103 1.954277 1 55 1.000000
0  -4.678809 -28.011820 65.267426  -0.881948 0.436816 -0.177084  -0.093676 1.852462 1 55 1.000000
rag
0  -4.647456 -28.213112 64.925949  -0.971727 -0.130573 -0.196716  -0.099800 2.159881 1 55 1.000000
0  -4.679590 -28.073069 65.155930  -0.935069 0.288192 -0.206375  -0.096103 1.954277 1 55 1.000000
0  -4.632246 -28.074718 64.925667  -0.932517 0.293239 -0.210769  -0.013269 2.125397 1 55 1.000000
rag
0  -4.750582 -28.065470 65.538132  -0.942408 0.283116 -0.178082  -0.229908 1.668842 1 55 1.000000
0  -4.679590 -28.073069 65.155930  -0.935069 0.288192 -0.206375  -0.096103 1.954277 1 55 1.000000
0  -4.719449 -28.131475 65.278168  -0.976067 0.108924 -0.188227  -0.176912 1.882395 1 55 1.000000
rag
0  -4.750582 -28.065470 65.538132  -0.942408 0.283116 -0.178082  -0.229908 1.668842 1 55 1.000000
0  -4.675549 -27.971840 65.372101  -0.853361 0.496070 -0.160279  -0.090094 1.752622 1 55 1.000000
0  -4.678809 -28.011820 65.267426  -0.881948 0.436816 -0.177084  -0.093676 1.852462 1 55 1.000000
rag
0  -4.678919 -27.917730 65.561005  -0.761649 0.543059 -0.353523  -0.098394 1.568571 1 55 1.000000
0  -4.675549 -27.971840 65.372101  -0.853361 0.496070 -0.160279  -0.090094 1.752622 1 55 1.000000
0  -4.716010 -27.988075 65.555199  -0.870710 0.441099 -0.217474  -0.164893 1.616167 1 55 1.000000
rag
0  -4.565606 -27.948490 64.925072  -0.758200 0.630412 -0.166473  0.073261 2.090913 1 55 1.000000
0  -4.675549 -27.971840 65.372101  -0.853361 0.496070 -0.160279  -0.090094 1.752622 1 55 1.000000
0  -4.626862 -27.923717 65.307846  -0.725726 0.668821 -0.161250  -0.011828 1.779632 1 55 1.000000
rag
0  -4.750582 -28.065470 65.538132  -0.942408 0.283116 -0.178082  -0.229908 1.668842 1 55 1.000000
0  -4.747653 -27.997549 65.657570  -0.882891 0.364122 -0.296510  -0.225936 1.545092 1 55 1.000000
0  -4.716010 -27.988075 65.555199  -0.870710 0.441099 -0.217474  -0.164893 1.616167 1 55 1.000000
rag
0  -4.806153 -28.001474 65.798859  -0.952145 -0.168987 -0.254683  -0.351949 1.465023 1 55 1.000000
0  -4.747653 -27.997549 65.657570  -0.882891 0.364122 -0.296510  -0.225936 1.545092 1 55 1.000000
0  -4.777609 -28.043560 65.688721  -0.950014 0.185124 -0.251402  -0.287525 1.549578 1 55 1.000000
rag
0  -4.678919 -27.917730 65.561005  -0.761649 0.543059 -0.353523  -0.098394 1.568571 1 55 1.000000
0  -4.747653 -27.997549 65.657570  -0.882891 0.364122 -0.296510  -0.225936 1.545092 1 55 1.000000
0  -4.748955 -27.960035 65.680359  -0.884636 0.096048 -0.456283  -0.219980 1.501830 1 55 1.000000
rag
0  -4.868329 -27.818653 65.767174  -0.657791 -0.589729 -0.468541  -0.293155 1.288465 1 55 1.000000
0  -4.779481 -27.919710 65.707626  -0.799676 -0.230842 -0.554284  -0.237943 1.438989 1 55 1.000000
0  -4.834973 -27.902584 65.791336  -0.860104 -0.340579 -0.379772  -0.324955 1.380464 1 55 1.000000
rag
0  -4.678919 -27.917730 65.561005  -0.761649 0.543059 -0.353523  -0.098394 1.568571 1 55 1.000000
0  -4.779481 -27.919710 65.707626  -0.799676 -0.230842 -0.554284  -0.237943 1.438989 1 55 1.000000
0  -4.747500 -27.878567 65.672218  -0.695347 0.172129 -0.697756  -0.172474 1.435495 1 55 1.000000
rag
0  -4.806153 -28.001474 65.798859  -0.952145 -0.168987 -0.254683  -0.351949 1.465023 1 55 1.000000
0  -4.779481 -27.919710 65.707626  -0.799676 -0.230842 -0.554284  -0.237943 1.438989 1 55 1.000000
0  -4.748955 -27.960035 65.680359  -0.884636 0.096048 -0.456283  -0.219980 1.501830 1 55 1.000000
rag
0  -4.678919 -27.917730 65.561005  -0.761649 0.543059 -0.353523  -0.098394 1.568571 1 55 1.000000
0  -4.674188 -27.845154 65.639931  -0.549849 0.565937 -0.614313  -0.072390 1.454345 1 55 1.000000
0  -4.601629 -27.855410 65.538132  -0.594913 0.723278 -0.350639  0.014881 1.560931 1 55 1.000000
rag
0  -4.868329 -27.818653 65.767174  -0.657791 -0.589729 -0.468541  -0.293155 1.288465 1 55 1.000000
0  -4.674188 -27.845154 65.639931  -0.549849 0.565937 -0.614313  -0.072390 1.454345 1 55 1.000000
0  -4.747500 -27.878567 65.672218  -0.695347 0.172129 -0.697756  -0.172474 1.435495 1 55 1.000000
rag
0  -4.507255 -27.797132 65.527618  -0.378546 0.869825 -0.316397  0.132222 1.557060 1 55 1.000000
0  -4.674188 -27.845154 65.639931  -0.549849 0.565937 -0.614313  -0.072390 1.454345 1 55 1.000000
0  -4.676590 -27.812849 65.661926  -0.523337 0.284775 -0.803132  -0.062467 1.409956 1 55 1.000000
rag
0  -4.663243 -27.721560 65.636551  -0.088749 -0.262978 -0.960711  0.023412 1.318596 1 55 1.000000
0  -4.676173 -27.783945 65.662636  -0.428915 -0.112545 -0.896307  -0.042083 1.377362 1 55 1.000000
0  -4.765165 -27.772772 65.686943  -0.259968 -0.515454 -0.816532  -0.127032 1.301657 1 55 1.000000
rag
0  -4.507255 -27.797132 65.527618  -0.378546 0.869825 -0.316397  0.132222 1.557060 1 55 1.000000
0  -4.676173 -27.783945 65.662636  -0.428915 -0.112545 -0.896307  -0.042083 1.377362 1 55 1.000000
0  -4.575747 -27.765221 65.617699  -0.366181 0.349095 -0.862580  0.079761 1.428399 1 55 1.000000
rag
0  -4.868329 -27.818653 65.767174  -0.657791 -0.589729 -0.468541  -0.293155 1.288465 1 55 1.000000
0  -4.676173 -27.783945 65.662636  -0.428915 -0.112545 -0.896307  -0.042083 1.377362 1 55 1.000000
0  -4.676590 -27.812849 65.661926  -0.523337 0.284775 -0.803132  -0.062467 1.409956 1 55 1.000000
rag
0  -4.849721 -26.869455 63.699398  0.875372 0.476935 -0.079104  0.362726 -0.576834 1 55 1.000000
0  -5.198460 -26.744347 64.058609  0.219848 0.975074 -0.029973  0.638740 -0.420098 1 55 1.000000
0  -5.134321 -26.778408 64.336372  0.228168 0.973521 0.014037  0.627290 -0.235746 1 55 1.000000
rag
0  -5.372213 -26.751007 63.685108  -0.398461 0.915499 -0.055591  0.704079 -0.701076 1 55 1.000000
0  -5.198460 -26.744347 64.058609  0.219848 0.975074 -0.029973  0.638740 -0.420098 1 55 1.000000
0  -5.091435 -26.806053 63.554813  0.235931 0.971014 -0.038314  0.490995 -0.723860 1 55 1.000000
rag
0  -5.374357 -26.777159 65.173157  -0.406985 0.886862 0.218722  0.889910 0.232584 1 55 1.000000
0  -5.198460 -26.744347 64.058609  0.219848 0.975074 -0.029973  0.638740 -0.420098 1 55 1.000000
0  -5.372900 -26.717520 64.372330  -0.362487 0.931962 0.007089  0.787191 -0.261332 1 55 1.000000
rag
0  -5.374357 -26.777159 65.173157  -0.406985 0.886862 0.218722  0.889910 0.232584 1 55 1.000000
0  -5.127339 -26.784538 64.620155  0.138434 0.990102 0.023125  0.647062 -0.055328 1 55 1.000000
0  -5.134321 -26.778408 64.336372  0.228168 0.973521 0.014037  0.627290 -0.235746 1 55 1.000000
rag
0  -5.102025 -26.816771 65.199455  0.049923 0.981011 0.187419  0.715596 0.316578 1 55 1.000000
0  -5.127339 -26.784538 64.620155  0.138434 0.990102 0.023125  0.647062 -0.055328 1 55 1.000000
0  -5.242019 -26.783630 65.156830  0.094786 0.987761 0.123870  0.788642 0.252517 1 55 1.000000
rag
0  -4.849721 -26.869455 63.699398  0.875372 0.476935 -0.079104  0.362726 -0.576834 1 55 1.000000
0  -5.127339 -26.784538 64.620155  0.138434 0.990102 0.023125  0.647062 -0.055328 1 55 1.000000
0  -4.998036 -26.801794 64.442207  0.022323 0.997787 -0.062633  0.545817 -0.136095 1 55 1.000000
rag
0  -5.102025 -26.816771 65.199455  0.049923 0.981011 0.187419  0.715596 0.316578 1 55 1.000000
0  -5.195746 -26.870256 65.557457  0.066189 0.963619 0.258954  0.867076 0.504024 1 55 1.000000
0  -5.062135 -26.946716 65.706261  0.129157 0.941747 0.310535  0.846078 0.627916 1 55 1.000000
rag
0  -5.374357 -26.777159 65.173157  -0.406985 0.886862 0.218722  0.889910 0.232584 1 55 1.000000
0  -5.195746 -26.870256 65.557457  0.066189 0.963619 0.258954  0.867076 0.504024 1 55 1.000000
0  -5.242019 -26.783630 65.156830  0.094786 0.987761 0.123870  0.788642 0.252517 1 55 1.000000
rag
0  -4.959493 -27.129026 66.132996  -0.320700 0.720232 0.615156  0.952622 0.906838 1 55 1.000000
0  -5.195746 -26.870256 65.557457  0.066189 0.963619 0.258954  0.867076 0.504024 1 55 1.000000
0  -5.188258 -26.942738 65.730515  -0.433439 0.767695 0.471991  0.935322 0.611400 1 55 1.000000
rag
0  -5.045586 -27.305529 66.099976  -0.720501 0.255256 0.644765  1.084906 0.927904 1 55 1.000000
0  -5.140577 -27.058773 65.886009  -0.764865 0.314254 0.562340  0.990814 0.731077 1 55 1.000000
0  -5.232136 -27.024836 65.719269  -0.868064 0.218666 0.445702  1.007268 0.618284 1 55 1.000000
rag
0  -4.959493 -27.129026 66.132996  -0.320700 0.720232 0.615156  0.952622 0.906838 1 55 1.000000
0  -5.140577 -27.058773 65.886009  -0.764865 0.314254 0.562340  0.990814 0.731077 1 55 1.000000
0  -5.007388 -27.210081 66.132088  -0.734715 0.265270 0.624361  1.019855 0.920990 1 55 1.000000
rag
0  -5.374357 -26.777159 65.173157  -0.406985 0.886862 0.218722  0.889910 0.232584 1 55 1.000000
0  -5.140577 -27.058773 65.886009  -0.764865 0.314254 0.562340  0.990814 0.731077 1 55 1.000000
0  -5.188258 -26.942738 65.730515  -0.433439 0.767695 0.471991  0.935322 0.611400 1 55 1.000000
rag
0  -5.045586 -27.305529 66.099976  -0.720501 0.255256 0.644765  1.084906 0.927904 1 55 1.000000
0  -4.941689 -27.316097 66.240242  -0.685792 0.158706 0.710283  1.038764 1.019449 1 55 1.000000
0  -5.007388 -27.210081 66.132088  -0.734715 0.265270 0.624361  1.019855 0.920990 1 55 1.000000
rag
0  -4.868445 -27.518208 66.296783  -0.409830 -0.047494 0.910925  1.074987 1.142470 1 55 1.000000
0  -4.941689 -27.316097 66.240242  -0.685792 0.158706 0.710283  1.038764 1.019449 1 55 1.000000
0  -4.945831 -27.408781 66.241112  -0.681017 0.041467 0.731093  1.079862 1.054392 1 55 1.000000
rag
0  -4.959493 -27.129026 66.132996  -0.320700 0.720232 0.615156  0.952622 0.906838 1 55 1.000000
0  -4.941689 -27.316097 66.240242  -0.685792 0.158706 0.710283  1.038764 1.019449 1 55 1.000000
0  -4.908002 -27.308283 66.266701  -0.529972 0.210947 0.821360  1.015029 1.036227 1 55 1.000000
rag
0  -4.868445 -27.518208 66.296783  -0.409830 -0.047494 0.910925  1.074987 1.142470 1 55 1.000000
0  -4.958827 -27.501768 66.226097  -0.693128 -0.038365 0.719793  1.125193 1.090475 1 55 1.000000
0  -4.931258 -27.612484 66.241577  -0.650779 -0.145709 0.745155  1.149783 1.158698 1 55 1.000000
rag
0  -5.045586 -27.305529 66.099976  -0.720501 0.255256 0.644765  1.084906 0.927904 1 55 1.000000
0  -4.958827 -27.501768 66.226097  -0.693128 -0.038365 0.719793  1.125193 1.090475 1 55 1.000000
0  -4.945831 -27.408781 66.241112  -0.681017 0.041467 0.731093  1.079862 1.054392 1 55 1.000000
rag
0  -4.985525 -27.688189 66.152435  -0.789888 -0.431671 0.435588  1.220085 1.163780 1 55 1.000000
0  -4.958827 -27.501768 66.226097  -0.693128 -0.038365 0.719793  1.125193 1.090475 1 55 1.000000
0  -5.003607 -27.502028 66.188995  -0.584349 -0.013493 0.811391  1.151571 1.067860 1 55 1.000000
rag
0  -4.868445 -27.518208 66.296783  -0.409830 -0.047494 0.910925  1.074987 1.142470 1 55 1.000000
0  -4.894754 -27.777273 66.241348  -0.663968 -0.219930 0.714687  1.187405 1.255625 1 55 1.000000
0  -4.830585 -27.829821 66.268074  -0.466535 -0.240882 0.851071  1.167764 1.304887 1 55 1.000000
rag
0  -4.985525 -27.688189 66.152435  -0.789888 -0.431671 0.435588  1.220085 1.163780 1 55 1.000000
0  -4.894754 -27.777273 66.241348  -0.663968 -0.219930 0.714687  1.187405 1.255625 1 55 1.000000
0  -4.931258 -27.612484 66.241577  -0.650779 -0.145709 0.745155  1.149783 1.158698 1 55 1.000000
rag
0  -4.795538 -28.104635 66.170380  -0.625975 -0.613832 0.481004  1.275681 1.478183 1 55 1.000000
0  -4.894754 -27.777273 66.241348  -0.663968 -0.219930 0.714687  1.187405 1.255625 1 55 1.000000
0  -4.892693 -27.894787 66.177261  -0.852777 -0.384133 0.353854  1.247883 1.320982 1 55 1.000000
rag
0  -4.806153 -28.001474 65.798859  -0.952145 -0.168987 -0.254683  -0.351949 1.465023 1 55 1.000000
0  -4.869534 -27.952898 66.062317  -0.920457 -0.387242 -0.052941  -0.564048 1.369369 1 55 1.000000
0  -4.888464 -27.873837 65.983398  -0.915649 -0.385900 -0.112551  -0.496386 1.339729 1 55 1.000000
rag
0  -4.795538 -28.104635 66.170380  -0.625975 -0.613832 0.481004  -0.700471 1.439380 1 55 1.000000
0  -4.869534 -27.952898 66.062317  -0.920457 -0.387242 -0.052941  -0.564048 1.369369 1 55 1.000000
0  -4.820917 -28.062782 65.992790  -0.939294 -0.340877 -0.039105  -0.518287 1.448095 1 55 1.000000
rag
0  -4.985525 -27.688189 66.152435  -0.789888 -0.431671 0.435588  -0.657408 1.200407 1 55 1.000000
0  -4.869534 -27.952898 66.062317  -0.920457 -0.387242 -0.052941  -0.564048 1.369369 1 55 1.000000
0  -4.892693 -27.894787 66.177261  -0.852777 -0.384133 0.353854  -0.678940 1.319893 1 55 1.000000
rag
0  -4.806153 -28.001474 65.798859  -0.952145 -0.168987 -0.254683  -0.351949 1.465023 1 55 1.000000
0  -4.799221 -28.127583 65.902176  -0.960693 -0.274284 -0.042864  -0.474364 1.515312 1 55 1.000000
0  -4.820917 -28.062782 65.992790  -0.939294 -0.340877 -0.039105  -0.518287 1.448095 1 55 1.000000
rag
0  -4.755899 -28.210335 65.660271  -0.818502 -0.574457 -0.007351  -0.385956 1.676859 1 55 1.000000
0  -4.799221 -28.127583 65.902176  -0.960693 -0.274284 -0.042864  -0.474364 1.515312 1 55 1.000000
0  -4.792614 -28.111649 65.770706  -0.975444 -0.194978 -0.102432  -0.381278 1.548683 1 55 1.000000
rag
0  -4.795538 -28.104635 66.170380  -0.625975 -0.613832 0.481004  -0.700471 1.439380 1 55 1.000000
0  -4.799221 -28.127583 65.902176  -0.960693 -0.274284 -0.042864  -0.474364 1.515312 1 55 1.000000
0  -4.775574 -28.181726 65.939682  -0.753808 -0.650223 0.094781  -0.532567 1.546979 1 55 1.000000
rag
0  -4.755899 -28.210335 65.660271  -0.818502 -0.574457 -0.007351  -0.385956 1.676859 1 55 1.000000
0  -4.786380 -28.097195 65.699280  -0.986502 -0.065672 -0.150002  -0.328130 1.572864 1 55 1.000000
0  -4.772158 -28.136320 65.607430  -0.987022 -0.087238 -0.134824  -0.307057 1.656630 1 55 1.000000
rag
0  -4.806153 -28.001474 65.798859  -0.952145 -0.168987 -0.254683  -0.351949 1.465023 1 55 1.000000
0  -4.786380 -28.097195 65.699280  -0.986502 -0.065672 -0.150002  -0.328130 1.572864 1 55 1.000000
0  -4.792614 -28.111649 65.770706  -0.975444 -0.194978 -0.102432  -0.381278 1.548683 1 55 1.000000
rag
0  -4.750582 -28.065470 65.538132  -0.942408 0.283116 -0.178082  -0.229908 1.668842 1 55 1.000000
0  -4.786380 -28.097195 65.699280  -0.986502 -0.065672 -0.150002  -0.328130 1.572864 1 55 1.000000
0  -4.777609 -28.043560 65.688721  -0.950014 0.185124 -0.251402  -0.287525 1.549578 1 55 1.000000
rag
0  -5.201193 -27.396994 66.019325  -0.750194 0.267215 0.604818  1.206758 0.956848 1 55 1.000000
0  -5.056896 -27.483887 66.170197  -0.459198 0.152103 0.875216  1.171962 1.034453 1 55 1.000000
0  -5.110400 -27.370556 66.088654  -0.572298 0.389356 0.721719  1.147274 0.926479 1 55 1.000000
rag
0  -4.985525 -27.688189 66.152435  -0.789888 -0.431671 0.435588  1.220085 1.163780 1 55 1.000000
0  -5.056896 -27.483887 66.170197  -0.459198 0.152103 0.875216  1.171962 1.034453 1 55 1.000000
0  -5.084155 -27.540648 66.154762  -0.597269 -0.173213 0.783113  1.213421 1.060314 1 55 1.000000
rag
0  -5.045586 -27.305529 66.099976  -0.720501 0.255256 0.644765  1.084906 0.927904 1 55 1.000000
0  -5.056896 -27.483887 66.170197  -0.459198 0.152103 0.875216  1.171962 1.034453 1 55 1.000000
0  -5.003607 -27.502028 66.188995  -0.584349 -0.013493 0.811391  1.151571 1.067860 1 55 1.000000
rag
0  -5.195866 -27.550880 65.927795  -0.755732 -0.606479 0.247089  -0.608597 0.999674 1 55 1.000000
0  -5.341775 -27.376362 65.780098  -0.888250 -0.190849 0.417837  -0.676046 0.806400 1 55 1.000000
0  -5.423536 -27.352634 65.597923  -0.912760 -0.229625 0.337848  -0.640586 0.676865 1 55 1.000000
rag
0  -5.201193 -27.396994 66.019325  -0.750194 0.267215 0.604818  -0.742961 1.063417 1 55 1.000000
0  -5.341775 -27.376362 65.780098  -0.888250 -0.190849 0.417837  -0.676046 0.806400 1 55 1.000000
0  -5.201085 -27.483541 66.017647  -0.840515 -0.248551 0.481411  -0.681873 1.007354 1 55 1.000000
rag
0  -5.605516 -27.141592 65.073662  -0.913099 0.339815 0.225336  -0.653906 0.302042 1 55 1.000000
0  -5.341775 -27.376362 65.780098  -0.888250 -0.190849 0.417837  -0.676046 0.806400 1 55 1.000000
0  -5.405550 -27.276451 65.653801  -0.852944 0.249363 0.458590  -0.698434 0.682729 1 55 1.000000
rag
0  -5.195866 -27.550880 65.927795  -0.755732 -0.606479 0.247089  -0.608597 0.999674 1 55 1.000000
0  -5.114065 -27.561466 66.117699  -0.770302 -0.370043 0.519329  -0.677213 1.105855 1 55 1.000000
0  -5.201085 -27.483541 66.017647  -0.840515 -0.248551 0.481411  -0.681873 1.007354 1 55 1.000000
rag
0  -4.985525 -27.688189 66.152435  -0.789888 -0.431671 0.435588  -0.657408 1.200407 1 55 1.000000
0  -5.114065 -27.561466 66.117699  -0.770302 -0.370043 0.519329  -0.677213 1.105855 1 55 1.000000
0  -5.074400 -27.628454 66.077370  -0.694707 -0.653090 0.301421  -0.623679 1.135658 1 55 1.000000
rag
0  -5.201193 -27.396994 66.019325  -0.750194 0.267215 0.604818  -0.742961 1.063417 1 55 1.000000
0  -5.114065 -27.561466 66.117699  -0.770302 -0.370043 0.519329  -0.677213 1.105855 1 55 1.000000
0  -5.084155 -27.540648 66.154762  -0.597269 -0.173213 0.783113  -0.700185 1.131912 1 55 1.000000
rag
0  -4.985525 -27.688189 66.152435  -0.789888 -0.431671 0.435588  -0.657408 1.200407 1 55 1.000000
0  -4.888523 -27.844671 65.909485  -0.898103 -0.403876 -0.174058  -0.429821 1.320819 1 55 1.000000
0  -4.888464 -27.873837 65.983398  -0.915649 -0.385900 -0.112551  -0.496386 1.339729 1 55 1.000000
rag
0  -4.868329 -27.818653 65.767174  -0.657791 -0.589729 -0.468541  -0.293155 1.288465 1 55 1.000000
0  -4.888523 -27.844671 65.909485  -0.898103 -0.403876 -0.174058  -0.429821 1.320819 1 55 1.000000
0  -4.941324 -27.766531 65.961494  -0.780847 -0.624379 -0.020710  -0.478461 1.249395 1 55 1.000000
rag
0  -4.806153 -28.001474 65.798859  -0.952145 -0.168987 -0.254683  -0.351949 1.465023 1 55 1.000000
0  -4.888523 -27.844671 65.909485  -0.898103 -0.403876 -0.174058  -0.429821 1.320819 1 55 1.000000
0  -4.834973 -27.902584 65.791336  -0.860104 -0.340579 -0.379772  -0.324955 1.380464 1 55 1.000000
rag
0  -4.985525 -27.688189 66.152435  -0.789888 -0.431671 0.435588  -0.657408 1.200407 1 55 1.000000
0  -5.013326 -27.697149 65.989609  -0.642461 -0.757855 0.113577  -0.528823 1.182626 1 55 1.000000
0  -4.941324 -27.766531 65.961494  -0.780847 -0.624379 -0.020710  -0.478461 1.249395 1 55 1.000000
rag
0  -5.195866 -27.550880 65.927795  -0.755732 -0.606479 0.247089  -0.608597 0.999674 1 55 1.000000
0  -5.013326 -27.697149 65.989609  -0.642461 -0.757855 0.113577  -0.528823 1.182626 1 55 1.000000
0  -5.074400 -27.628454 66.077370  -0.694707 -0.653090 0.301421  -0.623679 1.135658 1 55 1.000000
rag
0  -4.868329 -27.818653 65.767174  -0.657791 -0.589729 -0.468541  -0.293155 1.288465 1 55 1.000000
0  -5.013326 -27.697149 65.989609  -0.642461 -0.757855 0.113577  -0.528823 1.182626 1 55 1.000000
0  -5.028843 -27.697275 65.906593  -0.614233 -0.782558 0.101591  -0.477527 1.162726 1 55 1.000000
rag
0  -5.158290 -27.624727 65.668640  -0.504102 -0.861484 -0.061040  -0.423049 0.937053 1 55 1.000000
0  -5.055744 -27.688560 65.848190  -0.589442 -0.798520 0.122163  -0.452225 1.120807 1 55 1.000000
0  -5.166733 -27.607199 65.811119  -0.644241 -0.752556 0.136427  -0.509201 0.993103 1 55 1.000000
rag
0  -4.868329 -27.818653 65.767174  -0.657791 -0.589729 -0.468541  -0.293155 1.288465 1 55 1.000000
0  -5.055744 -27.688560 65.848190  -0.589442 -0.798520 0.122163  -0.452225 1.120807 1 55 1.000000
0  -5.009528 -27.726511 65.771072  -0.523503 -0.846717 -0.094950  -0.375155 1.134512 1 55 1.000000
rag
0  -5.195866 -27.550880 65.927795  -0.755732 -0.606479 0.247089  -0.608597 0.999674 1 55 1.000000
0  -5.055744 -27.688560 65.848190  -0.589442 -0.798520 0.122163  -0.452225 1.120807 1 55 1.000000
0  -5.028843 -27.697275 65.906593  -0.614233 -0.782558 0.101591  -0.477527 1.162726 1 55 1.000000
rag
0  -5.158290 -27.624727 65.668640  -0.504102 -0.861484 -0.061040  -0.423049 0.937053 1 55 1.000000
0  -5.313723 -27.510801 65.618370  -0.668529 -0.733145 0.124767  -0.525691 0.782912 1 55 1.000000
0  -5.374201 -27.481405 65.431160  -0.623549 -0.781136 0.031831  -0.478254 0.649207 1 55 1.000000
rag
0  -5.195866 -27.550880 65.927795  -0.755732 -0.606479 0.247089  -0.608597 0.999674 1 55 1.000000
0  -5.313723 -27.510801 65.618370  -0.668529 -0.733145 0.124767  -0.525691 0.782912 1 55 1.000000
0  -5.166733 -27.607199 65.811119  -0.644241 -0.752556 0.136427  -0.509201 0.993103 1 55 1.000000
rag
0  -5.573376 -27.324978 65.046059  -0.764410 -0.641859 0.060777  -0.512288 0.279699 1 55 1.000000
0  -5.313723 -27.510801 65.618370  -0.668529 -0.733145 0.124767  -0.525691 0.782912 1 55 1.000000
0  -5.408243 -27.428802 65.534912  -0.795972 -0.566333 0.213765  -0.569068 0.665493 1 55 1.000000
rag
0  -5.605516 -27.141592 65.073662  -0.913099 0.339815 0.225336  -0.653906 0.302042 1 55 1.000000
0  -5.499017 -27.334288 65.422195  -0.934572 -0.227027 0.273925  -0.601121 0.545276 1 55 1.000000
0  -5.423536 -27.352634 65.597923  -0.912760 -0.229625 0.337848  -0.640586 0.676865 1 55 1.000000
rag
0  -5.573376 -27.324978 65.046059  -0.764410 -0.641859 0.060777  -0.512288 0.279699 1 55 1.000000
0  -5.499017 -27.334288 65.422195  -0.934572 -0.227027 0.273925  -0.601121 0.545276 1 55 1.000000
0  -5.623146 -27.237091 65.019394  -0.980337 -0.141977 0.137046  -0.575219 0.227226 1 55 1.000000
rag
0  -5.195866 -27.550880 65.927795  -0.755732 -0.606479 0.247089  -0.608597 0.999674 1 55 1.000000
0  -5.499017 -27.334288 65.422195  -0.934572 -0.227027 0.273925  -0.601121 0.545276 1 55 1.000000
0  -5.408243 -27.428802 65.534912  -0.795972 -0.566333 0.213765  -0.569068 0.665493 1 55 1.000000
rag
0  -5.573376 -27.324978 65.046059  -0.764410 -0.641859 0.060777  -0.512288 0.279699 1 55 1.000000
0  -5.673036 -27.178368 64.410721  -0.992485 -0.112974 0.047020  -0.527663 -0.218456 1 55 1.000000
0  -5.656580 -27.210667 64.206421  -0.853428 -0.514258 -0.084848  -0.473174 -0.351936 1 55 1.000000
rag
0  -5.605516 -27.141592 65.073662  -0.913099 0.339815 0.225336  -0.653906 0.302042 1 55 1.000000
0  -5.673036 -27.178368 64.410721  -0.992485 -0.112974 0.047020  -0.527663 -0.218456 1 55 1.000000
0  -5.623146 -27.237091 65.019394  -0.980337 -0.141977 0.137046  -0.575219 0.227226 1 55 1.000000
rag
0  -5.616680 -27.122995 63.342648  -0.760874 -0.641961 -0.094637  -0.410896 -1.237452 1 55 1.000000
0  -5.673036 -27.178368 64.410721  -0.992485 -0.112974 0.047020  -0.527663 -0.218456 1 55 1.000000
0  -5.658718 -27.092661 64.113441  -0.969104 0.246624 -0.003824  -0.532401 -0.467705 1 55 1.000000
rag
0  -5.372213 -26.751007 63.685108  -0.398461 0.915499 -0.055591  0.704079 -0.701076 1 55 1.000000
0  -5.586432 -26.960138 63.888042  -0.816929 0.574854 -0.046585  0.933157 -0.670713 1 55 1.000000
0  -5.537354 -26.912096 64.300201  -0.792127 0.609259 0.036589  0.978488 -0.352090 1 55 1.000000
rag
0  -5.616680 -27.122995 63.342648  -0.760874 -0.641961 -0.094637  0.830924 -1.394889 1 55 1.000000
0  -5.586432 -26.960138 63.888042  -0.816929 0.574854 -0.046585  0.933157 -0.670713 1 55 1.000000
0  -5.508946 -26.935167 63.371098  -0.842394 0.534231 -0.070490  0.741322 -1.009025 1 55 1.000000
rag
0  -5.605516 -27.141592 65.073662  -0.913099 0.339815 0.225336  1.275681 0.175486 1 55 1.000000
0  -5.586432 -26.960138 63.888042  -0.816929 0.574854 -0.046585  0.933157 -0.670713 1 55 1.000000
0  -5.658718 -27.092661 64.113441  -0.969104 0.246624 -0.003824  1.053302 -0.609702 1 55 1.000000
rag
0  -5.605516 -27.141592 65.073662  -0.913099 0.339815 0.225336  1.275681 0.175486 1 55 1.000000
0  -5.502264 -26.907202 64.636154  -0.744549 0.655129 0.128267  1.012248 -0.120395 1 55 1.000000
0  -5.537354 -26.912096 64.300201  -0.792127 0.609259 0.036589  0.978488 -0.352090 1 55 1.000000
rag
0  -5.411529 -26.977409 65.238762  -0.869764 0.375568 0.320093  1.057929 0.276187 1 55 1.000000
0  -5.502264 -26.907202 64.636154  -0.744549 0.655129 0.128267  1.012248 -0.120395 1 55 1.000000
0  -5.514194 -27.037003 65.138054  -0.760691 0.595459 0.258416  1.134918 0.193490 1 55 1.000000
rag
0  -5.372213 -26.751007 63.685108  -0.398461 0.915499 -0.055591  0.704079 -0.701076 1 55 1.000000
0  -5.502264 -26.907202 64.636154  -0.744549 0.655129 0.128267  1.012248 -0.120395 1 55 1.000000
0  -5.441758 -26.815659 64.510696  -0.813504 0.581529 0.005857  0.916967 -0.187339 1 55 1.000000
rag
0  -5.411529 -26.977409 65.238762  -0.869764 0.375568 0.320093  1.057929 0.276187 1 55 1.000000
0  -5.431624 -27.167503 65.516739  -0.742131 0.531424 0.408449  1.183546 0.462801 1 55 1.000000
0  -5.314342 -27.192995 65.688393  -0.658448 0.562329 0.500232  1.144959 0.601900 1 55 1.000000
rag
0  -5.605516 -27.141592 65.073662  -0.913099 0.339815 0.225336  1.275681 0.175486 1 55 1.000000
0  -5.431624 -27.167503 65.516739  -0.742131 0.531424 0.408449  1.183546 0.462801 1 55 1.000000
0  -5.514194 -27.037003 65.138054  -0.760691 0.595459 0.258416  1.134918 0.193490 1 55 1.000000
rag
0  -5.201193 -27.396994 66.019325  -0.750194 0.267215 0.604818  1.206758 0.956848 1 55 1.000000
0  -5.431624 -27.167503 65.516739  -0.742131 0.531424 0.408449  1.183546 0.462801 1 55 1.000000
0  -5.405550 -27.276451 65.653801  -0.852944 0.249363 0.458590  1.241219 0.566167 1 55 1.000000
rag
0  -5.201193 -27.396994 66.019325  -0.750194 0.267215 0.604818  1.206758 0.956848 1 55 1.000000
0  -5.207695 -27.234724 65.854065  -0.621472 0.553900 0.554046  1.121333 0.731883 1 55 1.000000
0  -5.314342 -27.192995 65.688393  -0.658448 0.562329 0.500232  1.144959 0.601900 1 55 1.000000
rag
0  -5.045586 -27.305529 66.099976  -0.720501 0.255256 0.644765  1.084906 0.927904 1 55 1.000000
0  -5.207695 -27.234724 65.854065  -0.621472 0.553900 0.554046  1.121333 0.731883 1 55 1.000000
0  -5.110400 -27.370556 66.088654  -0.572298 0.389356 0.721719  1.147274 0.926479 1 55 1.000000
rag
0  -5.411529 -26.977409 65.238762  -0.869764 0.375568 0.320093  1.057929 0.276187 1 55 1.000000
0  -5.207695 -27.234724 65.854065  -0.621472 0.553900 0.554046  1.121333 0.731883 1 55 1.000000
0  -5.241828 -27.126242 65.705276  -0.820874 0.315207 0.476246  1.076297 0.617554 1 55 1.000000
rag
0  -5.374357 -26.777159 65.173157  -0.406985 0.886862 0.218722  0.889910 0.232584 1 55 1.000000
0  -5.308515 -26.995281 65.555740  -0.891066 0.240611 0.384848  1.026614 0.499532 1 55 1.000000
0  -5.232136 -27.024836 65.719269  -0.868064 0.218666 0.445702  1.007268 0.618284 1 55 1.000000
rag
0  -5.411529 -26.977409 65.238762  -0.869764 0.375568 0.320093  1.057929 0.276187 1 55 1.000000
0  -5.308515 -26.995281 65.555740  -0.891066 0.240611 0.384848  1.026614 0.499532 1 55 1.000000
0  -5.415956 -26.853323 65.177277  -0.916446 0.339917 0.211146  0.977992 0.230776 1 55 1.000000
rag
0  -5.045586 -27.305529 66.099976  -0.720501 0.255256 0.644765  1.084906 0.927904 1 55 1.000000
0  -5.308515 -26.995281 65.555740  -0.891066 0.240611 0.384848  1.026614 0.499532 1 55 1.000000
0  -5.241828 -27.126242 65.705276  -0.820874 0.315207 0.476246  1.076297 0.617554 1 55 1.000000
rag
0  -5.411529 -26.977409 65.238762  -0.869764 0.375568 0.320093  1.057929 0.276187 1 55 1.000000
0  -5.434804 -26.766577 64.665634  -0.895429 0.440823 0.062300  0.894555 -0.092291 1 55 1.000000
0  -5.441758 -26.815659 64.510696  -0.813504 0.581529 0.005857  0.916967 -0.187339 1 55 1.000000
rag
0  -5.374357 -26.777159 65.173157  -0.406985 0.886862 0.218722  0.889910 0.232584 1 55 1.000000
0  -5.434804 -26.766577 64.665634  -0.895429 0.440823 0.062300  0.894555 -0.092291 1 55 1.000000
0  -5.415956 -26.853323 65.177277  -0.916446 0.339917 0.211146  0.977992 0.230776 1 55 1.000000
rag
0  -5.372213 -26.751007 63.685108  -0.398461 0.915499 -0.055591  0.704079 -0.701076 1 55 1.000000
0  -5.434804 -26.766577 64.665634  -0.895429 0.440823 0.062300  0.894555 -0.092291 1 55 1.000000
0  -5.372900 -26.717520 64.372330  -0.362487 0.931962 0.007089  0.787191 -0.261332 1 55 1.000000
rag
0  -5.372213 -26.751007 63.685108  -0.020633 0.900654 -0.434047  0.704079 -0.701076 1 55 1.000000
0  -5.046353 -26.957685 63.240757  0.352953 0.656030 -0.667120  0.331620 -0.955248 1 55 1.000000
0  -5.203810 -26.997425 63.162983  0.224319 0.632952 -0.740981  0.383517 -1.067850 1 55 1.000000
rag
0  -4.849721 -26.869455 63.699398  0.537821 0.754679 -0.375776  0.362726 -0.576834 1 55 1.000000
0  -5.046353 -26.957685 63.240757  0.352953 0.656030 -0.667120  0.331620 -0.955248 1 55 1.000000
0  -5.091435 -26.806053 63.554813  0.244771 0.871189 -0.425579  0.490995 -0.723860 1 55 1.000000
rag
0  -5.057060 -27.221397 63.182247  0.432851 0.178480 -0.883621  0.001239 -1.345653 1 55 1.000000
0  -5.046353 -26.957685 63.240757  0.352953 0.656030 -0.667120  0.331620 -0.955248 1 55 1.000000
0  -4.917065 -27.061989 63.290394  0.531351 0.533938 -0.657705  0.206427 -0.910801 1 55 1.000000
rag
0  -4.507255 -27.797132 65.527618  -0.378546 0.869825 -0.316397  0.132222 1.557060 1 55 1.000000
0  -4.468062 -27.761347 65.586914  -0.218995 0.724755 -0.653277  0.189585 1.497876 1 55 1.000000
0  -4.388519 -27.773134 65.513016  -0.180152 0.942245 -0.282347  0.252481 1.605124 1 55 1.000000
rag
0  -4.663243 -27.721560 65.636551  -0.088749 -0.262978 -0.960711  0.023412 1.318596 1 55 1.000000
0  -4.468062 -27.761347 65.586914  -0.218995 0.724755 -0.653277  0.189585 1.497876 1 55 1.000000
0  -4.575747 -27.765221 65.617699  -0.366181 0.349095 -0.862580  0.079761 1.428399 1 55 1.000000
rag
0  -4.271383 -27.764626 65.499779  0.064297 0.957844 -0.280002  0.364090 1.663196 1 55 1.000000
0  -4.468062 -27.761347 65.586914  -0.218995 0.724755 -0.653277  0.189585 1.497876 1 55 1.000000
0  -4.458420 -27.738235 65.598221  -0.186181 0.577820 -0.794645  0.213800 1.479193 1 55 1.000000
rag
0  -4.416204 -27.599239 65.685173  0.415981 0.435049 -0.798556  0.370436 1.347967 1 55 1.000000
0  -4.447657 -27.693604 65.623665  -0.095731 0.563763 -0.820370  0.259256 1.439659 1 55 1.000000
0  -4.546423 -27.658613 65.644005  0.099177 0.172150 -0.980065  0.189445 1.331787 1 55 1.000000
rag
0  -4.271383 -27.764626 65.499779  0.064297 0.957844 -0.280002  0.364090 1.663196 1 55 1.000000
0  -4.447657 -27.693604 65.623665  -0.095731 0.563763 -0.820370  0.259256 1.439659 1 55 1.000000
0  -4.341293 -27.689299 65.617287  0.096179 0.779912 -0.618455  0.366516 1.499952 1 55 1.000000
rag
0  -4.663243 -27.721560 65.636551  -0.088749 -0.262978 -0.960711  0.023412 1.318596 1 55 1.000000
0  -4.447657 -27.693604 65.623665  -0.095731 0.563763 -0.820370  0.259256 1.439659 1 55 1.000000
0  -4.458420 -27.738235 65.598221  -0.186181 0.577820 -0.794645  0.213800 1.479193 1 55 1.000000
rag
0  -4.271383 -27.764626 65.499779  0.064297 0.957844 -0.280002  0.364090 1.663196 1 55 1.000000
0  -4.247066 -27.712320 65.617264  0.310610 0.864585 -0.394986  0.438187 1.565141 1 55 1.000000
0  -4.171086 -27.768494 65.535484  0.293279 0.931440 -0.215421  0.453628 1.687772 1 55 1.000000
rag
0  -4.416204 -27.599239 65.685173  0.415981 0.435049 -0.798556  0.370436 1.347967 1 55 1.000000
0  -4.247066 -27.712320 65.617264  0.310610 0.864585 -0.394986  0.438187 1.565141 1 55 1.000000
0  -4.341293 -27.689299 65.617287  0.096179 0.779912 -0.618455  0.366516 1.499952 1 55 1.000000
rag
0  -4.107495 -27.787134 65.574562  0.508878 0.857673 -0.073759  0.510498 1.702570 1 55 1.000000
0  -4.247066 -27.712320 65.617264  0.310610 0.864585 -0.394986  0.438187 1.565141 1 55 1.000000
0  -4.220205 -27.712332 65.664566  0.476406 0.870477 -0.123724  0.475208 1.545690 1 55 1.000000
rag
0  -4.271383 -27.764626 65.499779  0.064297 0.957844 -0.280002  0.364090 1.663196 1 55 1.000000
0  -4.121089 -27.807508 65.361595  0.267273 0.955417 -0.125472  0.433167 1.830263 1 55 1.000000
0  -4.155396 -27.812117 65.237762  0.292819 0.951053 -0.098771  0.378027 1.895126 1 55 1.000000
rag
0  -4.107495 -27.787134 65.574562  0.508878 0.857673 -0.073759  0.510498 1.702570 1 55 1.000000
0  -4.121089 -27.807508 65.361595  0.267273 0.955417 -0.125472  0.433167 1.830263 1 55 1.000000
0  -4.171086 -27.768494 65.535484  0.293279 0.931440 -0.215421  0.453628 1.687772 1 55 1.000000
rag
0  -4.062988 -27.888596 64.921829  0.608177 0.788457 -0.091961  0.356346 2.135105 1 55 1.000000
0  -4.121089 -27.807508 65.361595  0.267273 0.955417 -0.125472  0.433167 1.830263 1 55 1.000000
0  -4.062740 -27.831320 65.344986  0.542435 0.833642 -0.103949  0.468933 1.877092 1 55 1.000000
rag
0  -4.062988 -27.888596 64.921829  0.608177 0.788457 -0.091961  0.356346 2.135105 1 55 1.000000
0  -4.207949 -27.804115 65.128204  0.271000 0.959341 -0.078892  0.325381 1.959868 1 55 1.000000
0  -4.155396 -27.812117 65.237762  0.292819 0.951053 -0.098771  0.378027 1.895126 1 55 1.000000
rag
0  -4.327596 -27.806749 64.923386  -0.105342 0.988902 -0.104768  0.222584 2.089229 1 55 1.000000
0  -4.207949 -27.804115 65.128204  0.271000 0.959341 -0.078892  0.325381 1.959868 1 55 1.000000
0  -4.189198 -27.821945 64.922539  0.290316 0.953447 -0.081585  0.289465 2.112167 1 55 1.000000
rag
0  -4.271383 -27.764626 65.499779  0.064297 0.957844 -0.280002  0.364090 1.663196 1 55 1.000000
0  -4.207949 -27.804115 65.128204  0.271000 0.959341 -0.078892  0.325381 1.959868 1 55 1.000000
0  -4.284760 -27.781189 65.234558  0.065082 0.995346 -0.071069  0.301477 1.864332 1 55 1.000000
rag
0  -4.507255 -27.797132 65.527618  -0.378546 0.869825 -0.316397  0.132222 1.557060 1 55 1.000000
0  -4.354331 -27.776674 65.347122  -0.116615 0.991580 -0.056293  0.260731 1.752962 1 55 1.000000
0  -4.409917 -27.792406 65.247833  -0.282157 0.954269 -0.098787  0.199614 1.813689 1 55 1.000000
rag
0  -4.271383 -27.764626 65.499779  0.064297 0.957844 -0.280002  0.364090 1.663196 1 55 1.000000
0  -4.354331 -27.776674 65.347122  -0.116615 0.991580 -0.056293  0.260731 1.752962 1 55 1.000000
0  -4.388519 -27.773134 65.513016  -0.180152 0.942245 -0.282347  0.252481 1.605124 1 55 1.000000
rag
0  -4.327596 -27.806749 64.923386  -0.105342 0.988902 -0.104768  0.222584 2.089229 1 55 1.000000
0  -4.354331 -27.776674 65.347122  -0.116615 0.991580 -0.056293  0.260731 1.752962 1 55 1.000000
0  -4.284760 -27.781189 65.234558  0.065082 0.995346 -0.071069  0.301477 1.864332 1 55 1.000000
rag
0  -4.327596 -27.806749 64.923386  -0.105342 0.988902 -0.104768  0.222584 2.089229 1 55 1.000000
0  -4.467784 -27.831388 65.142334  -0.493618 0.860213 -0.127965  0.152747 1.898177 1 55 1.000000
0  -4.409917 -27.792406 65.247833  -0.282157 0.954269 -0.098787  0.199614 1.813689 1 55 1.000000
rag
0  -4.565606 -27.948490 64.925072  -0.758200 0.630412 -0.166473  0.073261 2.090913 1 55 1.000000
0  -4.467784 -27.831388 65.142334  -0.493618 0.860213 -0.127965  0.152747 1.898177 1 55 1.000000
0  -4.458559 -27.854052 64.924271  -0.498961 0.857051 -0.128457  0.147923 2.090071 1 55 1.000000
rag
0  -4.507255 -27.797132 65.527618  -0.378546 0.869825 -0.316397  0.132222 1.557060 1 55 1.000000
0  -4.467784 -27.831388 65.142334  -0.493618 0.860213 -0.127965  0.152747 1.898177 1 55 1.000000
0  -4.529840 -27.856833 65.251358  -0.559696 0.817303 -0.136952  0.109924 1.805888 1 55 1.000000
rag
0  -4.678919 -27.917730 65.561005  -0.761649 0.543059 -0.353523  -0.098394 1.568571 1 55 1.000000
0  -4.579532 -27.877272 65.359436  -0.598709 0.786855 -0.149686  0.051294 1.720073 1 55 1.000000
0  -4.626862 -27.923717 65.307846  -0.725726 0.668821 -0.161250  -0.011828 1.779632 1 55 1.000000
rag
0  -4.507255 -27.797132 65.527618  -0.378546 0.869825 -0.316397  0.132222 1.557060 1 55 1.000000
0  -4.579532 -27.877272 65.359436  -0.598709 0.786855 -0.149686  0.051294 1.720073 1 55 1.000000
0  -4.601629 -27.855410 65.538132  -0.594913 0.723278 -0.350639  0.014881 1.560931 1 55 1.000000
rag
0  -4.565606 -27.948490 64.925072  -0.758200 0.630412 -0.166473  0.073261 2.090913 1 55 1.000000
0  -4.579532 -27.877272 65.359436  -0.598709 0.786855 -0.149686  0.051294 1.720073 1 55 1.000000
0  -4.529840 -27.856833 65.251358  -0.559696 0.817303 -0.136952  0.109924 1.805888 1 55 1.000000
rag
0  -5.057060 -27.221397 63.182247  0.291497 0.060861 -0.954634  0.001239 -1.345653 1 55 1.000000
0  -5.331460 -27.176538 63.112598  -0.126406 0.129805 -0.983449  0.416081 -1.370271 1 55 1.000000
0  -5.366867 -27.032852 63.099674  -0.272637 0.466734 -0.841325  0.508343 -1.177760 1 55 1.000000
rag
0  -5.616680 -27.122995 63.342648  -0.718826 0.188233 -0.669221  0.830924 -1.394889 1 55 1.000000
0  -5.508946 -26.935167 63.371098  -0.387856 0.707801 -0.590411  0.741322 -1.009025 1 55 1.000000
0  -5.366867 -27.032852 63.099674  -0.272637 0.466734 -0.841325  0.508343 -1.177760 1 55 1.000000
rag
0  -5.372213 -26.751007 63.685108  -0.111951 0.894956 -0.431879  0.704079 -0.701076 1 55 1.000000
0  -5.203810 -26.997425 63.162983  0.121223 0.532356 -0.837796  0.383517 -1.067850 1 55 1.000000
0  -5.366867 -27.032852 63.099674  -0.272637 0.466734 -0.841325  0.508343 -1.177760 1 55 1.000000
rag
0  -3.921305 -28.126656 64.921265  0.995630 0.091550 -0.018423  0.543813 2.232275 1 55 1.000000
0  -3.968578 -27.995668 64.921379  0.869915 0.486514 -0.080948  0.450079 2.183690 1 55 1.000000
0  -3.951816 -27.976112 65.238922  0.873486 0.481908 -0.069180  0.539564 2.019872 1 55 1.000000
rag
0  -4.062988 -27.888596 64.921829  0.608177 0.788457 -0.091961  0.356346 2.135105 1 55 1.000000
0  -3.982309 -27.911299 65.376930  0.824097 0.563698 -0.055756  0.538680 1.922450 1 55 1.000000
0  -3.951816 -27.976112 65.238922  0.873486 0.481908 -0.069180  0.539564 2.019872 1 55 1.000000
rag
0  -3.961406 -27.930927 65.795876  0.934637 0.216379 0.282195  0.694833 1.712804 1 55 1.000000
0  -3.922653 -28.047943 65.318253  0.993396 0.108078 0.038507  0.616672 2.005866 1 55 1.000000
0  -3.951816 -27.976112 65.238922  0.873486 0.481908 -0.069180  0.539564 2.019872 1 55 1.000000
rag
0  -4.107495 -27.787134 65.574562  0.508878 0.857673 -0.073759  0.510498 1.702570 1 55 1.000000
0  -4.034771 -27.838720 65.674850  0.683335 0.728344 0.050680  0.587512 1.703175 1 55 1.000000
0  -4.012040 -27.863689 65.473091  0.717233 0.696201 -0.029696  0.540274 1.842586 1 55 1.000000
rag
0  -3.961406 -27.930927 65.795876  0.934637 0.216379 0.282195  0.694833 1.712804 1 55 1.000000
0  -3.982309 -27.911299 65.376930  0.824097 0.563698 -0.055756  0.538680 1.922450 1 55 1.000000
0  -4.012040 -27.863689 65.473091  0.717233 0.696201 -0.029696  0.540274 1.842586 1 55 1.000000
rag
0  -4.062988 -27.888596 64.921829  0.608177 0.788457 -0.091961  0.356346 2.135105 1 55 1.000000
0  -4.062740 -27.831320 65.344986  0.542435 0.833642 -0.103949  0.468933 1.877092 1 55 1.000000
0  -4.012040 -27.863689 65.473091  0.717233 0.696201 -0.029696  0.540274 1.842586 1 55 1.000000
rag
0  -4.107495 -27.787134 65.574562  0.508878 0.857673 -0.073759  0.510498 1.702570 1 55 1.000000
0  -4.220205 -27.712332 65.664566  0.476406 0.870477 -0.123724  0.475208 1.545690 1 55 1.000000
0  -4.138017 -27.768505 65.728760  0.580651 0.808972 0.091695  0.545295 1.577464 1 55 1.000000
rag
0  -4.416204 -27.599239 65.685173  0.415981 0.435049 -0.798556  0.370436 1.347967 1 55 1.000000
0  -4.167236 -27.751955 65.775909  0.619313 0.776612 -0.115436  0.552519 1.525947 1 55 1.000000
0  -4.138017 -27.768505 65.728760  0.580651 0.808972 0.091695  0.545295 1.577464 1 55 1.000000
rag
0  -3.961406 -27.930927 65.795876  0.934637 0.216379 0.282195  0.694833 1.712804 1 55 1.000000
0  -4.034771 -27.838720 65.674850  0.683335 0.728344 0.050680  0.587512 1.703175 1 55 1.000000
0  -4.138017 -27.768505 65.728760  0.580651 0.808972 0.091695  0.545295 1.577464 1 55 1.000000
rag
0  -4.244893 -27.629568 65.866272  0.815902 0.576395 -0.045517  0.622095 1.424661 1 55 1.000000
0  -4.117153 -27.770010 65.874496  0.737363 0.659428 0.146457  0.663218 1.543802 1 55 1.000000
0  -4.187613 -27.719505 65.812134  0.657329 0.663488 -0.357354  0.574841 1.494349 1 55 1.000000
rag
0  -3.961406 -27.930927 65.795876  0.934637 0.216379 0.282195  0.694833 1.712804 1 55 1.000000
0  -4.167236 -27.751955 65.775909  0.619313 0.776612 -0.115436  0.552519 1.525947 1 55 1.000000
0  -4.187613 -27.719505 65.812134  0.657329 0.663488 -0.357354  0.574841 1.494349 1 55 1.000000
rag
0  -4.416204 -27.599239 65.685173  0.415981 0.435049 -0.798556  0.370436 1.347967 1 55 1.000000
0  -4.298742 -27.623640 65.781799  0.686346 0.521961 -0.506445  0.514471 1.402976 1 55 1.000000
0  -4.187613 -27.719505 65.812134  0.657329 0.663488 -0.357354  0.574841 1.494349 1 55 1.000000
rag
0  -4.244893 -27.629568 65.866272  0.815902 0.576395 -0.045517  0.622095 1.424661 1 55 1.000000
0  -4.298742 -27.623640 65.781799  0.686346 0.521961 -0.506445  0.514471 1.402976 1 55 1.000000
0  -4.362813 -27.553545 65.752647  0.692587 0.309037 -0.651782  0.477053 1.326745 1 55 1.000000
rag
0  -4.416204 -27.599239 65.685173  0.415981 0.435049 -0.798556  0.370436 1.347967 1 55 1.000000
0  -4.435965 -27.514147 65.699089  0.585480 0.232056 -0.776764  0.403960 1.259226 1 55 1.000000
0  -4.362813 -27.553545 65.752647  0.692587 0.309037 -0.651782  0.477053 1.326745 1 55 1.000000
rag
0  -4.449868 -27.441570 65.709282  0.687399 0.300836 -0.661044  0.435077 1.186468 1 55 1.000000
0  -4.345107 -27.524223 65.788933  0.769681 0.417507 -0.482990  0.526587 1.309223 1 55 1.000000
0  -4.362813 -27.553545 65.752647  0.692587 0.309037 -0.651782  0.477053 1.326745 1 55 1.000000
rag
0  -4.416204 -27.599239 65.685173  0.415981 0.435049 -0.798556  0.370436 1.347967 1 55 1.000000
0  -4.560898 -27.502764 65.636742  0.475596 -0.025485 -0.879295  0.283816 1.163739 1 55 1.000000
0  -4.512149 -27.481102 65.659447  0.521550 0.140341 -0.841599  0.342208 1.180995 1 55 1.000000
rag
0  -4.674068 -27.399519 65.536156  0.673774 -0.309369 -0.671059  0.234241 0.960811 1 55 1.000000
0  -4.548347 -27.429657 65.644333  0.595613 0.009840 -0.803211  0.336420 1.107138 1 55 1.000000
0  -4.512149 -27.481102 65.659447  0.521550 0.140341 -0.841599  0.342208 1.180995 1 55 1.000000
rag
0  -4.449868 -27.441570 65.709282  0.687399 0.300836 -0.661044  0.435077 1.186468 1 55 1.000000
0  -4.435965 -27.514147 65.699089  0.585480 0.232056 -0.776764  0.403960 1.259226 1 55 1.000000
0  -4.512149 -27.481102 65.659447  0.521550 0.140341 -0.841599  0.342208 1.180995 1 55 1.000000
rag
0  -4.663243 -27.721560 65.636551  -0.088749 -0.262978 -0.960711  0.023412 1.318596 1 55 1.000000
0  -4.740998 -27.646194 65.597984  0.172216 -0.505118 -0.845694  0.003361 1.167897 1 55 1.000000
0  -4.640512 -27.628489 65.620865  0.285095 -0.247193 -0.926076  0.117969 1.223781 1 55 1.000000
rag
0  -4.827451 -27.551115 65.492577  0.392282 -0.636857 -0.663723  -0.009384 0.968020 1 55 1.000000
0  -4.632101 -27.577547 65.611336  0.379789 -0.183776 -0.906635  0.163583 1.172889 1 55 1.000000
0  -4.640512 -27.628489 65.620865  0.285095 -0.247193 -0.926076  0.117969 1.223781 1 55 1.000000
rag
0  -4.416204 -27.599239 65.685173  0.415981 0.435049 -0.798556  0.370436 1.347967 1 55 1.000000
0  -4.546423 -27.658613 65.644005  0.099177 0.172150 -0.980065  0.189445 1.331787 1 55 1.000000
0  -4.640512 -27.628489 65.620865  0.285095 -0.247193 -0.926076  0.117969 1.223781 1 55 1.000000
rag
0  -4.674068 -27.399519 65.536156  0.673774 -0.309369 -0.671059  0.234241 0.960811 1 55 1.000000
0  -4.560898 -27.502764 65.636742  0.475596 -0.025485 -0.879295  0.283816 1.163739 1 55 1.000000
0  -4.638862 -27.525763 65.604645  0.469743 -0.195357 -0.860916  0.191602 1.120399 1 55 1.000000
rag
0  -4.416204 -27.599239 65.685173  0.415981 0.435049 -0.798556  0.370436 1.347967 1 55 1.000000
0  -4.632101 -27.577547 65.611336  0.379789 -0.183776 -0.906635  0.163583 1.172889 1 55 1.000000
0  -4.638862 -27.525763 65.604645  0.469743 -0.195357 -0.860916  0.191602 1.120399 1 55 1.000000
rag
0  -4.827451 -27.551115 65.492577  0.392282 -0.636857 -0.663723  -0.009384 0.968020 1 55 1.000000
0  -4.741082 -27.481171 65.517288  0.596000 -0.384571 -0.704903  0.118791 0.974190 1 55 1.000000
0  -4.638862 -27.525763 65.604645  0.469743 -0.195357 -0.860916  0.191602 1.120399 1 55 1.000000
rag
0  -4.674068 -27.399519 65.536156  0.673774 -0.309369 -0.671059  0.234241 0.960811 1 55 1.000000
0  -4.741082 -27.481171 65.517288  0.596000 -0.384571 -0.704903  0.118791 0.974190 1 55 1.000000
0  -4.833879 -27.404444 65.339272  0.660323 -0.536007 -0.525995  0.080163 0.754903 1 55 1.000000
rag
0  -4.827451 -27.551115 65.492577  0.392282 -0.636857 -0.663723  -0.009384 0.968020 1 55 1.000000
0  -4.924728 -27.394489 65.219254  0.528117 -0.702968 -0.476370  0.007594 0.626716 1 55 1.000000
0  -4.833879 -27.404444 65.339272  0.660323 -0.536007 -0.525995  0.080163 0.754903 1 55 1.000000
rag
0  -5.021714 -27.239971 64.771660  0.469716 -0.856660 -0.213306  0.021088 0.171925 1 55 1.000000
0  -4.838095 -27.312168 65.239540  0.712924 -0.532648 -0.456098  0.131944 0.626765 1 55 1.000000
0  -4.833879 -27.404444 65.339272  0.660323 -0.536007 -0.525995  0.080163 0.754903 1 55 1.000000
rag
0  -5.440883 -27.393984 64.947876  -0.207286 -0.958621 -0.195138  -0.371936 0.262971 1 55 1.000000
0  -5.540956 -27.349466 64.921669  -0.550770 -0.832366 -0.061796  -0.443606 0.207213 1 55 1.000000
0  -5.610995 -27.261925 64.350281  -0.542138 -0.837488 -0.068561  -0.435950 -0.231880 1 55 1.000000
rag
0  -5.573376 -27.324978 65.046059  -0.764410 -0.641859 0.060777  -0.512288 0.279699 1 55 1.000000
0  -5.656580 -27.210667 64.206421  -0.853428 -0.514258 -0.084848  -0.473174 -0.351936 1 55 1.000000
0  -5.610995 -27.261925 64.350281  -0.542138 -0.837488 -0.068561  -0.435950 -0.231880 1 55 1.000000
rag
0  -5.616680 -27.122995 63.342648  -0.760874 -0.641961 -0.094637  -0.410896 -1.237452 1 55 1.000000
0  -5.570744 -27.255802 64.155334  -0.230116 -0.961860 -0.147889  -0.388135 -0.362171 1 55 1.000000
0  -5.610995 -27.261925 64.350281  -0.542138 -0.837488 -0.068561  -0.435950 -0.231880 1 55 1.000000
rag
0  -5.573376 -27.324978 65.046059  -0.764410 -0.641859 0.060777  -0.512288 0.279699 1 55 1.000000
0  -5.540956 -27.349466 64.921669  -0.550770 -0.832366 -0.061796  -0.443606 0.207213 1 55 1.000000
0  -5.418445 -27.449560 65.273102  -0.528803 -0.846902 -0.055904  -0.441523 0.518921 1 55 1.000000
rag
0  -5.440883 -27.393984 64.947876  -0.207286 -0.958621 -0.195138  -0.371936 0.262971 1 55 1.000000
0  -5.307180 -27.515814 65.367134  -0.364660 -0.920141 -0.142703  -0.399472 0.640054 1 55 1.000000
0  -5.418445 -27.449560 65.273102  -0.528803 -0.846902 -0.055904  -0.441523 0.518921 1 55 1.000000
rag
0  -5.158290 -27.624727 65.668640  -0.504102 -0.861484 -0.061040  -0.423049 0.937053 1 55 1.000000
0  -5.374201 -27.481405 65.431160  -0.623549 -0.781136 0.031831  -0.478254 0.649207 1 55 1.000000
0  -5.418445 -27.449560 65.273102  -0.528803 -0.846902 -0.055904  -0.441523 0.518921 1 55 1.000000
rag
0  -4.999632 -27.639204 65.566559  -0.070445 -0.873204 -0.482237  -0.236687 0.973134 1 55 1.000000
0  -5.073893 -27.651886 65.635117  -0.319683 -0.895988 -0.308235  -0.336039 0.976274 1 55 1.000000
0  -5.198646 -27.568003 65.453285  -0.245226 -0.938757 -0.242073  -0.349983 0.764576 1 55 1.000000
rag
0  -5.158290 -27.624727 65.668640  -0.504102 -0.861484 -0.061040  -0.423049 0.937053 1 55 1.000000
0  -5.307180 -27.515814 65.367134  -0.364660 -0.920141 -0.142703  -0.399472 0.640054 1 55 1.000000
0  -5.198646 -27.568003 65.453285  -0.245226 -0.938757 -0.242073  -0.349983 0.764576 1 55 1.000000
rag
0  -5.440883 -27.393984 64.947876  -0.207286 -0.958621 -0.195138  -0.371936 0.262971 1 55 1.000000
0  -5.229563 -27.518633 65.307816  -0.108420 -0.943451 -0.313281  -0.310867 0.638430 1 55 1.000000
0  -5.198646 -27.568003 65.453285  -0.245226 -0.938757 -0.242073  -0.349983 0.764576 1 55 1.000000
rag
0  -4.999632 -27.639204 65.566559  -0.070445 -0.873204 -0.482237  -0.236687 0.973134 1 55 1.000000
0  -4.921990 -27.738718 65.693390  -0.265976 -0.797784 -0.541108  -0.260437 1.157717 1 55 1.000000
0  -4.991672 -27.718948 65.713455  -0.398117 -0.836590 -0.376325  -0.322990 1.108562 1 55 1.000000
rag
0  -4.868329 -27.818653 65.767174  -0.657791 -0.589729 -0.468541  -0.293155 1.288465 1 55 1.000000
0  -5.009528 -27.726511 65.771072  -0.523503 -0.846717 -0.094950  -0.375155 1.134512 1 55 1.000000
0  -4.991672 -27.718948 65.713455  -0.398117 -0.836590 -0.376325  -0.322990 1.108562 1 55 1.000000
rag
0  -5.158290 -27.624727 65.668640  -0.504102 -0.861484 -0.061040  -0.423049 0.937053 1 55 1.000000
0  -5.073893 -27.651886 65.635117  -0.319683 -0.895988 -0.308235  -0.336039 0.976274 1 55 1.000000
0  -4.991672 -27.718948 65.713455  -0.398117 -0.836590 -0.376325  -0.322990 1.108562 1 55 1.000000
rag
0  -4.868329 -27.818653 65.767174  -0.657791 -0.589729 -0.468541  -0.293155 1.288465 1 55 1.000000
0  -4.921990 -27.738718 65.693390  -0.265976 -0.797784 -0.541108  -0.260437 1.157717 1 55 1.000000
0  -4.842197 -27.741362 65.675713  -0.123570 -0.712552 -0.690651  -0.177403 1.211568 1 55 1.000000
rag
0  -4.999632 -27.639204 65.566559  -0.070445 -0.873204 -0.482237  -0.236687 0.973134 1 55 1.000000
0  -4.831494 -27.695713 65.633354  -0.039159 -0.674809 -0.736953  -0.124711 1.167187 1 55 1.000000
0  -4.842197 -27.741362 65.675713  -0.123570 -0.712552 -0.690651  -0.177403 1.211568 1 55 1.000000
rag
0  -4.663243 -27.721560 65.636551  -0.088749 -0.262978 -0.960711  0.023412 1.318596 1 55 1.000000
0  -4.765165 -27.772772 65.686943  -0.259968 -0.515454 -0.816532  -0.127032 1.301657 1 55 1.000000
0  -4.842197 -27.741362 65.675713  -0.123570 -0.712552 -0.690651  -0.177403 1.211568 1 55 1.000000
rag
0  -4.827451 -27.551115 65.492577  0.392282 -0.636857 -0.663723  -0.009384 0.968020 1 55 1.000000
0  -4.740998 -27.646194 65.597984  0.172216 -0.505118 -0.845694  0.003361 1.167897 1 55 1.000000
0  -4.826945 -27.653652 65.597198  0.056515 -0.679479 -0.731515  -0.087022 1.116204 1 55 1.000000
rag
0  -4.663243 -27.721560 65.636551  -0.088749 -0.262978 -0.960711  0.023412 1.318596 1 55 1.000000
0  -4.831494 -27.695713 65.633354  -0.039159 -0.674809 -0.736953  -0.124711 1.167187 1 55 1.000000
0  -4.826945 -27.653652 65.597198  0.056515 -0.679479 -0.731515  -0.087022 1.116204 1 55 1.000000
rag
0  -4.999632 -27.639204 65.566559  -0.070445 -0.873204 -0.482237  -0.236687 0.973134 1 55 1.000000
0  -4.914417 -27.603273 65.525459  0.147242 -0.791883 -0.592655  -0.127754 0.974959 1 55 1.000000
0  -4.826945 -27.653652 65.597198  0.056515 -0.679479 -0.731515  -0.087022 1.116204 1 55 1.000000
rag
0  -4.827451 -27.551115 65.492577  0.392282 -0.636857 -0.663723  -0.009384 0.968020 1 55 1.000000
0  -4.914417 -27.603273 65.525459  0.147242 -0.791883 -0.592655  -0.127754 0.974959 1 55 1.000000
0  -5.022384 -27.528025 65.355789  0.211737 -0.850827 -0.480896  -0.153779 0.758990 1 55 1.000000
rag
0  -4.999632 -27.639204 65.566559  -0.070445 -0.873204 -0.482237  -0.236687 0.973134 1 55 1.000000
0  -5.127531 -27.500944 65.266541  0.112031 -0.906375 -0.407350  -0.214904 0.634673 1 55 1.000000
0  -5.022384 -27.528025 65.355789  0.211737 -0.850827 -0.480896  -0.153779 0.758990 1 55 1.000000
rag
0  -5.239729 -27.363972 64.880028  0.244035 -0.912067 -0.329516  -0.195600 0.254365 1 55 1.000000
0  -5.034049 -27.458836 65.229874  0.315050 -0.821619 -0.475064  -0.107944 0.630006 1 55 1.000000
0  -5.022384 -27.528025 65.355789  0.211737 -0.850827 -0.480896  -0.153779 0.758990 1 55 1.000000
rag
0  -5.239729 -27.363972 64.880028  0.244035 -0.912067 -0.329516  -0.195600 0.254365 1 55 1.000000
0  -5.155584 -27.294170 64.797852  0.337581 -0.896464 -0.287038  -0.100642 0.187340 1 55 1.000000
0  -5.030967 -27.381538 65.114075  0.347182 -0.840536 -0.415889  -0.060227 0.501071 1 55 1.000000
rag
0  -5.021714 -27.239971 64.771660  0.469716 -0.856660 -0.213306  0.021088 0.171925 1 55 1.000000
0  -4.924728 -27.394489 65.219254  0.528117 -0.702968 -0.476370  0.007594 0.626716 1 55 1.000000
0  -5.030967 -27.381538 65.114075  0.347182 -0.840536 -0.415889  -0.060227 0.501071 1 55 1.000000
rag
0  -4.827451 -27.551115 65.492577  0.392282 -0.636857 -0.663723  -0.009384 0.968020 1 55 1.000000
0  -5.034049 -27.458836 65.229874  0.315050 -0.821619 -0.475064  -0.107944 0.630006 1 55 1.000000
0  -5.030967 -27.381538 65.114075  0.347182 -0.840536 -0.415889  -0.060227 0.501071 1 55 1.000000
rag
0  -5.021714 -27.239971 64.771660  0.469716 -0.856660 -0.213306  0.021088 0.171925 1 55 1.000000
0  -5.155584 -27.294170 64.797852  0.337581 -0.896464 -0.287038  -0.100642 0.187340 1 55 1.000000
0  -5.322486 -27.223631 64.266205  0.304501 -0.931355 -0.199641  -0.188309 -0.247291 1 55 1.000000
rag
0  -5.239729 -27.363972 64.880028  0.244035 -0.912067 -0.329516  -0.195600 0.254365 1 55 1.000000
0  -5.440647 -27.238537 64.117409  0.136279 -0.975704 -0.171549  -0.279314 -0.368384 1 55 1.000000
0  -5.322486 -27.223631 64.266205  0.304501 -0.931355 -0.199641  -0.188309 -0.247291 1 55 1.000000
rag
0  -5.616680 -27.122995 63.342648  -0.760874 -0.641961 -0.094637  -0.410896 -1.237452 1 55 1.000000
0  -5.318345 -27.191231 63.926785  -0.035667 -0.997131 -0.066771  -0.171576 -0.505361 1 55 1.000000
0  -5.322486 -27.223631 64.266205  0.304501 -0.931355 -0.199641  -0.188309 -0.247291 1 55 1.000000
rag
0  -5.616680 -27.122995 63.342648  -0.760874 -0.641961 -0.094637  -0.410896 -1.237452 1 55 1.000000
0  -5.331460 -27.176538 63.112598  -0.174993 -0.984015 -0.033050  -0.204829 -1.291553 1 55 1.000000
0  -5.242253 -27.223038 63.560825  -0.175972 -0.984033 -0.026685  -0.124189 -0.779951 1 55 1.000000
rag
0  -5.057060 -27.221397 63.182247  0.239276 -0.968781 -0.064882  0.001239 -1.345653 1 55 1.000000
0  -5.057044 -27.243320 63.864353  0.229559 -0.973252 -0.009113  0.004586 -0.543441 1 55 1.000000
0  -5.242253 -27.223038 63.560825  -0.175972 -0.984033 -0.026685  -0.124189 -0.779951 1 55 1.000000
rag
0  -5.021714 -27.239971 64.771660  0.469716 -0.856660 -0.213306  0.021088 0.171925 1 55 1.000000
0  -5.318345 -27.191231 63.926785  -0.035667 -0.997131 -0.066771  -0.171576 -0.505361 1 55 1.000000
0  -5.242253 -27.223038 63.560825  -0.175972 -0.984033 -0.026685  -0.124189 -0.779951 1 55 1.000000
rag
0  -4.834569 -27.009460 64.871368  0.984492 -0.107169 -0.138889  0.283633 0.218182 1 55 1.000000
0  -4.913434 -27.143791 64.784081  0.783523 -0.602045 -0.153728  0.149015 0.168774 1 55 1.000000
0  -4.957742 -27.180506 64.201614  0.722591 -0.691171 -0.012034  0.104205 -0.291410 1 55 1.000000
rag
0  -5.021714 -27.239971 64.771660  0.469716 -0.856660 -0.213306  0.021088 0.171925 1 55 1.000000
0  -5.057044 -27.243320 63.864353  0.229559 -0.973252 -0.009113  0.004586 -0.543441 1 55 1.000000
0  -4.957742 -27.180506 64.201614  0.722591 -0.691171 -0.012034  0.104205 -0.291410 1 55 1.000000
rag
0  -5.057060 -27.221397 63.182247  0.239276 -0.968781 -0.064882  0.001239 -1.345653 1 55 1.000000
0  -4.921918 -27.142174 63.905407  0.770876 -0.636580 -0.022739  0.142957 -0.505959 1 55 1.000000
0  -4.957742 -27.180506 64.201614  0.722591 -0.691171 -0.012034  0.104205 -0.291410 1 55 1.000000
rag
0  -5.021714 -27.239971 64.771660  0.469716 -0.856660 -0.213306  0.021088 0.171925 1 55 1.000000
0  -4.913434 -27.143791 64.784081  0.783523 -0.602045 -0.153728  0.149015 0.168774 1 55 1.000000
0  -4.840891 -27.204004 65.132210  0.790876 -0.497077 -0.356973  0.180475 0.495082 1 55 1.000000
rag
0  -4.834569 -27.009460 64.871368  0.984492 -0.107169 -0.138889  0.283633 0.218182 1 55 1.000000
0  -4.764256 -27.204605 65.250648  0.816584 -0.380520 -0.434046  0.245692 0.615241 1 55 1.000000
0  -4.840891 -27.204004 65.132210  0.790876 -0.497077 -0.356973  0.180475 0.495082 1 55 1.000000
rag
0  -4.674068 -27.399519 65.536156  0.673774 -0.309369 -0.671059  0.234241 0.960811 1 55 1.000000
0  -4.838095 -27.312168 65.239540  0.712924 -0.532648 -0.456098  0.131944 0.626765 1 55 1.000000
0  -4.840891 -27.204004 65.132210  0.790876 -0.497077 -0.356973  0.180475 0.495082 1 55 1.000000
rag
0  -4.596498 -27.262348 65.599747  0.874217 0.212321 -0.436652  0.411704 0.923364 1 55 1.000000
0  -4.634703 -27.322586 65.545952  0.800138 -0.166725 -0.576179  0.316449 0.927925 1 55 1.000000
0  -4.703517 -27.221272 65.366364  0.857523 -0.254683 -0.446979  0.297958 0.723891 1 55 1.000000
rag
0  -4.674068 -27.399519 65.536156  0.673774 -0.309369 -0.671059  0.234241 0.960811 1 55 1.000000
0  -4.764256 -27.204605 65.250648  0.816584 -0.380520 -0.434046  0.245692 0.615241 1 55 1.000000
0  -4.703517 -27.221272 65.366364  0.857523 -0.254683 -0.446979  0.297958 0.723891 1 55 1.000000
rag
0  -4.834569 -27.009460 64.871368  0.984492 -0.107169 -0.138889  0.283633 0.218182 1 55 1.000000
0  -4.707909 -27.142595 65.336044  0.953979 0.041401 -0.297000  0.354248 0.646405 1 55 1.000000
0  -4.703517 -27.221272 65.366364  0.857523 -0.254683 -0.446979  0.297958 0.723891 1 55 1.000000
rag
0  -4.596498 -27.262348 65.599747  0.874217 0.212321 -0.436652  0.411704 0.923364 1 55 1.000000
0  -4.522984 -27.357422 65.664955  0.740827 0.228490 -0.631639  0.412705 1.064817 1 55 1.000000
0  -4.569793 -27.377048 65.628235  0.674023 -0.044318 -0.737379  0.348252 1.044309 1 55 1.000000
rag
0  -4.449868 -27.441570 65.709282  0.687399 0.300836 -0.661044  0.435077 1.186468 1 55 1.000000
0  -4.548347 -27.429657 65.644333  0.595613 0.009840 -0.803211  0.336420 1.107138 1 55 1.000000
0  -4.569793 -27.377048 65.628235  0.674023 -0.044318 -0.737379  0.348252 1.044309 1 55 1.000000
rag
0  -4.674068 -27.399519 65.536156  0.673774 -0.309369 -0.671059  0.234241 0.960811 1 55 1.000000
0  -4.634703 -27.322586 65.545952  0.800138 -0.166725 -0.576179  0.316449 0.927925 1 55 1.000000
0  -4.569793 -27.377048 65.628235  0.674023 -0.044318 -0.737379  0.348252 1.044309 1 55 1.000000
rag
0  -4.449868 -27.441570 65.709282  0.687399 0.300836 -0.661044  0.435077 1.186468 1 55 1.000000
0  -4.522984 -27.357422 65.664955  0.740827 0.228490 -0.631639  0.412705 1.064817 1 55 1.000000
0  -4.480322 -27.342861 65.740967  0.790379 0.454798 -0.410440  0.487862 1.095855 1 55 1.000000
rag
0  -4.596498 -27.262348 65.599747  0.874217 0.212321 -0.436652  0.411704 0.923364 1 55 1.000000
0  -4.503476 -27.288668 65.770493  0.794186 0.517207 -0.319007  0.526587 1.052827 1 55 1.000000
0  -4.480322 -27.342861 65.740967  0.790379 0.454798 -0.410440  0.487862 1.095855 1 55 1.000000
rag
0  -4.413250 -27.345205 65.917145  0.842915 0.536684 0.038262  0.642630 1.173211 1 55 1.000000
0  -4.419384 -27.391579 65.800659  0.783693 0.503982 -0.363081  0.532864 1.180849 1 55 1.000000
0  -4.480322 -27.342861 65.740967  0.790379 0.454798 -0.410440  0.487862 1.095855 1 55 1.000000
rag
0  -4.449868 -27.441570 65.709282  0.687399 0.300836 -0.661044  0.435077 1.186468 1 55 1.000000
0  -4.419384 -27.391579 65.800659  0.783693 0.503982 -0.363081  0.532864 1.180849 1 55 1.000000
0  -4.354188 -27.465538 65.833839  0.797032 0.506852 -0.328391  0.569543 1.269653 1 55 1.000000
rag
0  -4.413250 -27.345205 65.917145  0.842915 0.536684 0.038262  0.642630 1.173211 1 55 1.000000
0  -4.319082 -27.500452 65.899353  0.862102 0.502322 0.066735  0.638675 1.313037 1 55 1.000000
0  -4.354188 -27.465538 65.833839  0.797032 0.506852 -0.328391  0.569543 1.269653 1 55 1.000000
rag
0  -4.244893 -27.629568 65.866272  0.815902 0.576395 -0.045517  0.622095 1.424661 1 55 1.000000
0  -4.345107 -27.524223 65.788933  0.769681 0.417507 -0.482990  0.526587 1.309223 1 55 1.000000
0  -4.354188 -27.465538 65.833839  0.797032 0.506852 -0.328391  0.569543 1.269653 1 55 1.000000
rag
0  -4.280433 -27.780102 66.049377  0.680228 0.255386 0.687072  0.814223 1.472014 1 55 1.000000
0  -4.239453 -27.695280 65.959038  0.704247 0.480489 0.522653  0.720704 1.455234 1 55 1.000000
0  -4.303449 -27.578772 65.957573  0.797838 0.410260 0.441749  0.701695 1.362961 1 55 1.000000
rag
0  -4.244893 -27.629568 65.866272  0.815902 0.576395 -0.045517  0.622095 1.424661 1 55 1.000000
0  -4.319082 -27.500452 65.899353  0.862102 0.502322 0.066735  0.638675 1.313037 1 55 1.000000
0  -4.303449 -27.578772 65.957573  0.797838 0.410260 0.441749  0.701695 1.362961 1 55 1.000000
rag
0  -4.413250 -27.345205 65.917145  0.842915 0.536684 0.038262  0.642630 1.173211 1 55 1.000000
0  -4.350635 -27.533758 65.999214  0.793657 0.383762 0.472055  0.731057 1.313346 1 55 1.000000
0  -4.303449 -27.578772 65.957573  0.797838 0.410260 0.441749  0.701695 1.362961 1 55 1.000000
rag
0  -4.280433 -27.780102 66.049377  0.680228 0.255386 0.687072  0.814223 1.472014 1 55 1.000000
0  -4.112013 -27.858002 65.962677  0.661417 0.287172 0.692863  0.763984 1.578832 1 55 1.000000
0  -4.143168 -27.784834 65.938148  0.659064 0.525562 0.537976  0.724914 1.537553 1 55 1.000000
rag
0  -3.961406 -27.930927 65.795876  0.934637 0.216379 0.282195  0.694833 1.712804 1 55 1.000000
0  -4.117153 -27.770010 65.874496  0.737363 0.659428 0.146457  0.663218 1.543802 1 55 1.000000
0  -4.143168 -27.784834 65.938148  0.659064 0.525562 0.537976  0.724914 1.537553 1 55 1.000000
rag
0  -4.244893 -27.629568 65.866272  0.815902 0.576395 -0.045517  0.622095 1.424661 1 55 1.000000
0  -4.239453 -27.695280 65.959038  0.704247 0.480489 0.522653  0.720704 1.455234 1 55 1.000000
0  -4.143168 -27.784834 65.938148  0.659064 0.525562 0.537976  0.724914 1.537553 1 55 1.000000
rag
0  -3.961406 -27.930927 65.795876  0.934637 0.216379 0.282195  0.694833 1.712804 1 55 1.000000
0  -4.112013 -27.858002 65.962677  0.661417 0.287172 0.692863  0.763984 1.578832 1 55 1.000000
0  -4.094925 -27.931343 65.971817  0.642701 -0.114651 0.757489  0.790864 1.616186 1 55 1.000000
rag
0  -4.280433 -27.780102 66.049377  0.680228 0.255386 0.687072  0.814223 1.472014 1 55 1.000000
0  -4.164158 -27.958656 66.004356  0.498847 -0.120166 0.858319  0.828499 1.600310 1 55 1.000000
0  -4.094925 -27.931343 65.971817  0.642701 -0.114651 0.757489  0.790864 1.616186 1 55 1.000000
rag
0  -4.086568 -28.087786 65.863762  0.711687 -0.478219 0.514595  0.821554 1.734503 1 55 1.000000
0  -4.020011 -28.021843 65.852692  0.773337 -0.363211 0.519642  0.775703 1.723177 1 55 1.000000
0  -4.094925 -27.931343 65.971817  0.642701 -0.114651 0.757489  0.790864 1.616186 1 55 1.000000
rag
0  -3.961406 -27.930927 65.795876  0.934637 0.216379 0.282195  0.694833 1.712804 1 55 1.000000
0  -4.020011 -28.021843 65.852692  0.773337 -0.363211 0.519642  0.775703 1.723177 1 55 1.000000
0  -3.992017 -28.140800 65.590240  0.804266 -0.519797 0.288042  0.760982 1.897313 1 55 1.000000
rag
0  -4.086568 -28.087786 65.863762  0.711687 -0.478219 0.514595  0.821554 1.734503 1 55 1.000000
0  -4.035523 -28.220478 65.527390  0.763789 -0.597473 0.244238  0.791145 1.951717 1 55 1.000000
0  -3.992017 -28.140800 65.590240  0.804266 -0.519797 0.288042  0.760982 1.897313 1 55 1.000000
rag
0  -4.003148 -28.391283 64.922127  0.759924 -0.623818 0.182664  0.731978 2.312728 1 55 1.000000
0  -3.955925 -28.160170 65.406326  0.894886 -0.409434 0.177600  0.719067 1.995339 1 55 1.000000
0  -3.992017 -28.140800 65.590240  0.804266 -0.519797 0.288042  0.760982 1.897313 1 55 1.000000
rag
0  -4.003148 -28.391283 64.922127  0.759924 -0.623818 0.182664  0.731978 2.312728 1 55 1.000000
0  -3.936508 -28.265062 64.921547  0.944406 -0.316422 0.089304  0.637895 2.272501 1 55 1.000000
0  -3.930435 -28.155708 65.239029  0.958333 -0.271765 0.087985  0.664775 2.079080 1 55 1.000000
rag
0  -3.921305 -28.126656 64.921265  0.995630 0.091550 -0.018423  0.543813 2.232275 1 55 1.000000
0  -3.922653 -28.047943 65.318253  0.993396 0.108078 0.038507  0.616672 2.005866 1 55 1.000000
0  -3.930435 -28.155708 65.239029  0.958333 -0.271765 0.087985  0.664775 2.079080 1 55 1.000000
rag
0  -3.961406 -27.930927 65.795876  0.934637 0.216379 0.282195  0.694833 1.712804 1 55 1.000000
0  -3.955925 -28.160170 65.406326  0.894886 -0.409434 0.177600  0.719067 1.995339 1 55 1.000000
0  -3.930435 -28.155708 65.239029  0.958333 -0.271765 0.087985  0.664775 2.079080 1 55 1.000000
rag
0  -5.440883 -27.393984 64.947876  -0.207286 -0.958621 -0.195138  -0.371936 0.262971 1 55 1.000000
0  -5.369208 -27.369839 64.844048  0.063051 -0.972677 -0.223436  -0.291992 0.195836 1 55 1.000000
0  -5.244610 -27.464792 65.174133  0.027344 -0.944733 -0.326699  -0.271151 0.510367 1 55 1.000000
rag
0  -5.239729 -27.363972 64.880028  0.244035 -0.912067 -0.329516  -0.195600 0.254365 1 55 1.000000
0  -5.127531 -27.500944 65.266541  0.112031 -0.906375 -0.407350  -0.214904 0.634673 1 55 1.000000
0  -5.244610 -27.464792 65.174133  0.027344 -0.944733 -0.326699  -0.271151 0.510367 1 55 1.000000
rag
0  -4.999632 -27.639204 65.566559  -0.070445 -0.873204 -0.482237  -0.236687 0.973134 1 55 1.000000
0  -5.229563 -27.518633 65.307816  -0.108420 -0.943451 -0.313281  -0.310867 0.638430 1 55 1.000000
0  -5.244610 -27.464792 65.174133  0.027344 -0.944733 -0.326699  -0.271151 0.510367 1 55 1.000000
rag
0  -5.239729 -27.363972 64.880028  0.244035 -0.912067 -0.329516  -0.195600 0.254365 1 55 1.000000
0  -5.369208 -27.369839 64.844048  0.063051 -0.972677 -0.223436  -0.291992 0.195836 1 55 1.000000
0  -5.482698 -27.278484 64.297386  0.077840 -0.980414 -0.180914  -0.326928 -0.241119 1 55 1.000000
rag
0  -5.440883 -27.393984 64.947876  -0.207286 -0.958621 -0.195138  -0.371936 0.262971 1 55 1.000000
0  -5.570744 -27.255802 64.155334  -0.230116 -0.961860 -0.147889  -0.388135 -0.362171 1 55 1.000000
0  -5.482698 -27.278484 64.297386  0.077840 -0.980414 -0.180914  -0.326928 -0.241119 1 55 1.000000
rag
0  -5.616680 -27.122995 63.342648  -0.760874 -0.641961 -0.094637  -0.410896 -1.237452 1 55 1.000000
0  -5.440647 -27.238537 64.117409  0.136279 -0.975704 -0.171549  -0.279314 -0.368384 1 55 1.000000
0  -5.482698 -27.278484 64.297386  0.077840 -0.980414 -0.180914  -0.326928 -0.241119 1 55 1.000000
rag
0  -4.413250 -27.345205 65.917145  0.842915 0.536684 0.038262  0.642630 1.173211 1 55 1.000000
0  -4.464169 -27.320166 66.020859  0.777519 0.480518 0.405669  0.724643 1.155463 1 55 1.000000
0  -4.408284 -27.458649 66.040245  0.796709 0.379035 0.470731  0.752027 1.252612 1 55 1.000000
rag
0  -4.531418 -27.320364 66.114433  0.664670 0.422886 0.615939  0.795378 1.141983 1 55 1.000000
0  -4.406168 -27.546789 66.090294  0.735562 0.317514 0.598443  0.803789 1.302539 1 55 1.000000
0  -4.408284 -27.458649 66.040245  0.796709 0.379035 0.470731  0.752027 1.252612 1 55 1.000000
rag
0  -4.280433 -27.780102 66.049377  0.680228 0.255386 0.687072  0.814223 1.472014 1 55 1.000000
0  -4.350635 -27.533758 65.999214  0.793657 0.383762 0.472055  0.731057 1.313346 1 55 1.000000
0  -4.408284 -27.458649 66.040245  0.796709 0.379035 0.470731  0.752027 1.252612 1 55 1.000000
rag
0  -4.413250 -27.345205 65.917145  0.842915 0.536684 0.038262  0.642630 1.173211 1 55 1.000000
0  -4.515819 -27.210886 65.912186  0.763271 0.646061 -0.004785  0.660710 1.055079 1 55 1.000000
0  -4.515201 -27.224886 65.989197  0.723848 0.620476 0.301750  0.712086 1.080757 1 55 1.000000
rag
0  -4.629685 -27.087784 65.832222  0.689829 0.722945 0.038565  0.667494 0.906259 1 55 1.000000
0  -4.569882 -27.187359 66.020470  0.639732 0.681810 0.354793  0.743581 1.045943 1 55 1.000000
0  -4.515201 -27.224886 65.989197  0.723848 0.620476 0.301750  0.712086 1.080757 1 55 1.000000
rag
0  -4.531418 -27.320364 66.114433  0.664670 0.422886 0.615939  0.795378 1.141983 1 55 1.000000
0  -4.464169 -27.320166 66.020859  0.777519 0.480518 0.405669  0.724643 1.155463 1 55 1.000000
0  -4.515201 -27.224886 65.989197  0.723848 0.620476 0.301750  0.712086 1.080757 1 55 1.000000
rag
0  -4.629685 -27.087784 65.832222  0.689829 0.722945 0.038565  0.667494 0.906259 1 55 1.000000
0  -4.515819 -27.210886 65.912186  0.763271 0.646061 -0.004785  0.660710 1.055079 1 55 1.000000
0  -4.536503 -27.222330 65.813660  0.788460 0.558196 -0.258355  0.580072 1.017309 1 55 1.000000
rag
0  -4.413250 -27.345205 65.917145  0.842915 0.536684 0.038262  0.642630 1.173211 1 55 1.000000
0  -4.503476 -27.288668 65.770493  0.794186 0.517207 -0.319007  0.526587 1.052827 1 55 1.000000
0  -4.536503 -27.222330 65.813660  0.788460 0.558196 -0.258355  0.580072 1.017309 1 55 1.000000
rag
0  -4.596498 -27.262348 65.599747  0.874217 0.212321 -0.436652  0.411704 0.923364 1 55 1.000000
0  -4.608003 -27.169294 65.698799  0.852397 0.468567 -0.232087  0.531655 0.901164 1 55 1.000000
0  -4.536503 -27.222330 65.813660  0.788460 0.558196 -0.258355  0.580072 1.017309 1 55 1.000000
rag
0  -4.629685 -27.087784 65.832222  0.689829 0.722945 0.038565  0.667494 0.906259 1 55 1.000000
0  -4.608003 -27.169294 65.698799  0.852397 0.468567 -0.232087  0.531655 0.901164 1 55 1.000000
0  -4.685137 -27.106659 65.472862  0.907691 0.373174 -0.191934  0.455209 0.703879 1 55 1.000000
rag
0  -4.596498 -27.262348 65.599747  0.874217 0.212321 -0.436652  0.411704 0.923364 1 55 1.000000
0  -4.707909 -27.142595 65.336044  0.953979 0.041401 -0.297000  0.354248 0.646405 1 55 1.000000
0  -4.685137 -27.106659 65.472862  0.907691 0.373174 -0.191934  0.455209 0.703879 1 55 1.000000
rag
0  -4.834569 -27.009460 64.871368  0.984492 -0.107169 -0.138889  0.283633 0.218182 1 55 1.000000
0  -4.737447 -27.017847 65.395027  0.900662 0.408173 -0.149005  0.483689 0.589620 1 55 1.000000
0  -4.685137 -27.106659 65.472862  0.907691 0.373174 -0.191934  0.455209 0.703879 1 55 1.000000
rag
0  -4.834569 -27.009460 64.871368  0.984492 -0.107169 -0.138889  0.283633 0.218182 1 55 1.000000
0  -4.866252 -26.857922 64.917694  0.908102 0.418229 -0.020847  0.420452 0.212262 1 55 1.000000
0  -4.807181 -26.915415 65.283737  0.873056 0.477807 -0.097331  0.503458 0.472643 1 55 1.000000
rag
0  -4.914193 -26.787445 65.056129  0.486494 0.871935 0.055249  0.544981 0.275313 1 55 1.000000
0  -4.786220 -26.916193 65.479439  0.595027 0.800915 0.066917  0.607660 0.599231 1 55 1.000000
0  -4.807181 -26.915415 65.283737  0.873056 0.477807 -0.097331  0.503458 0.472643 1 55 1.000000
rag
0  -4.629685 -27.087784 65.832222  0.689829 0.722945 0.038565  0.667494 0.906259 1 55 1.000000
0  -4.737447 -27.017847 65.395027  0.900662 0.408173 -0.149005  0.483689 0.589620 1 55 1.000000
0  -4.807181 -26.915415 65.283737  0.873056 0.477807 -0.097331  0.503458 0.472643 1 55 1.000000
rag
0  -4.914193 -26.787445 65.056129  0.486494 0.871935 0.055249  0.544981 0.275313 1 55 1.000000
0  -4.866252 -26.857922 64.917694  0.908102 0.418229 -0.020847  0.420452 0.212262 1 55 1.000000
0  -4.848718 -26.847536 64.449455  0.935533 0.351920 0.030514  0.369776 -0.087737 1 55 1.000000
rag
0  -4.834569 -27.009460 64.871368  0.984492 -0.107169 -0.138889  0.283633 0.218182 1 55 1.000000
0  -4.824387 -26.939682 64.119453  0.999495 -0.028923 -0.013182  0.284228 -0.300467 1 55 1.000000
0  -4.848718 -26.847536 64.449455  0.935533 0.351920 0.030514  0.369776 -0.087737 1 55 1.000000
rag
0  -4.849721 -26.869455 63.699398  0.875372 0.476935 -0.079104  0.362726 -0.576834 1 55 1.000000
0  -4.876759 -26.799564 64.357994  0.512339 0.856260 -0.065779  0.430610 -0.160598 1 55 1.000000
0  -4.848718 -26.847536 64.449455  0.935533 0.351920 0.030514  0.369776 -0.087737 1 55 1.000000
rag
0  -5.057060 -27.221397 63.182247  0.239276 -0.968781 -0.064882  0.001239 -1.345653 1 55 1.000000
0  -4.917065 -27.061989 63.290394  0.816963 -0.570438 -0.084688  0.206427 -0.910801 1 55 1.000000
0  -4.866739 -27.065516 63.707691  0.919141 -0.385302 -0.081991  0.192094 -0.614946 1 55 1.000000
rag
0  -4.849721 -26.869455 63.699398  0.875372 0.476935 -0.079104  0.362726 -0.576834 1 55 1.000000
0  -4.824387 -26.939682 64.119453  0.999495 -0.028923 -0.013182  0.284228 -0.300467 1 55 1.000000
0  -4.866739 -27.065516 63.707691  0.919141 -0.385302 -0.081991  0.192094 -0.614946 1 55 1.000000
rag
0  -4.834569 -27.009460 64.871368  0.984492 -0.107169 -0.138889  0.283633 0.218182 1 55 1.000000
0  -4.921918 -27.142174 63.905407  0.770876 -0.636580 -0.022739  0.142957 -0.505959 1 55 1.000000
0  -4.866739 -27.065516 63.707691  0.919141 -0.385302 -0.081991  0.192094 -0.614946 1 55 1.000000
rag
0  -4.742855 -27.119993 66.043045  0.230283 0.875871 0.424052  0.820168 0.946826 1 55 1.000000
0  -4.674664 -27.092833 65.950165  0.341977 0.875714 0.340846  0.751238 0.932832 1 55 1.000000
0  -4.761212 -26.974895 65.692741  0.308060 0.907364 0.285990  0.691094 0.734523 1 55 1.000000
rag
0  -4.629685 -27.087784 65.832222  0.689829 0.722945 0.038565  0.667494 0.906259 1 55 1.000000
0  -4.786220 -26.916193 65.479439  0.595027 0.800915 0.066917  0.607660 0.599231 1 55 1.000000
0  -4.761212 -26.974895 65.692741  0.308060 0.907364 0.285990  0.691094 0.734523 1 55 1.000000
rag
0  -4.914193 -26.787445 65.056129  0.486494 0.871935 0.055249  0.544981 0.275313 1 55 1.000000
0  -4.844919 -26.923519 65.577530  0.142511 0.944017 0.297526  0.689753 0.625356 1 55 1.000000
0  -4.761212 -26.974895 65.692741  0.308060 0.907364 0.285990  0.691094 0.734523 1 55 1.000000
rag
0  -4.742855 -27.119993 66.043045  0.230283 0.875871 0.424052  0.820168 0.946826 1 55 1.000000
0  -4.634097 -27.209658 66.126762  0.495798 0.657262 0.567619  0.814229 1.058074 1 55 1.000000
0  -4.617871 -27.168695 66.057411  0.481030 0.752883 0.449196  0.774859 1.029207 1 55 1.000000
rag
0  -4.531418 -27.320364 66.114433  0.664670 0.422886 0.615939  0.795378 1.141983 1 55 1.000000
0  -4.569882 -27.187359 66.020470  0.639732 0.681810 0.354793  0.743581 1.045943 1 55 1.000000
0  -4.617871 -27.168695 66.057411  0.481030 0.752883 0.449196  0.774859 1.029207 1 55 1.000000
rag
0  -4.629685 -27.087784 65.832222  0.689829 0.722945 0.038565  0.667494 0.906259 1 55 1.000000
0  -4.674664 -27.092833 65.950165  0.341977 0.875714 0.340846  0.751238 0.932832 1 55 1.000000
0  -4.617871 -27.168695 66.057411  0.481030 0.752883 0.449196  0.774859 1.029207 1 55 1.000000
rag
0  -4.531418 -27.320364 66.114433  0.664670 0.422886 0.615939  0.795378 1.141983 1 55 1.000000
0  -4.634097 -27.209658 66.126762  0.495798 0.657262 0.567619  0.814229 1.058074 1 55 1.000000
0  -4.677340 -27.241377 66.191048  0.465055 0.567446 0.679507  0.859282 1.069253 1 55 1.000000
rag
0  -4.742855 -27.119993 66.043045  0.230283 0.875871 0.424052  0.820168 0.946826 1 55 1.000000
0  -4.747186 -27.219862 66.216805  0.362796 0.627371 0.689046  0.892310 1.042450 1 55 1.000000
0  -4.677340 -27.241377 66.191048  0.465055 0.567446 0.679507  0.859282 1.069253 1 55 1.000000
rag
0  -4.753014 -27.354691 66.288589  0.304483 0.281928 0.909839  0.953341 1.109129 1 55 1.000000
0  -4.639821 -27.331390 66.210594  0.543246 0.347969 0.764069  0.875086 1.124891 1 55 1.000000
0  -4.677340 -27.241377 66.191048  0.465055 0.567446 0.679507  0.859282 1.069253 1 55 1.000000
rag
0  -4.531418 -27.320364 66.114433  0.664670 0.422886 0.615939  0.795378 1.141983 1 55 1.000000
0  -4.639821 -27.331390 66.210594  0.543246 0.347969 0.764069  0.875086 1.124891 1 55 1.000000
0  -4.557080 -27.510273 66.215118  0.569059 0.262490 0.779276  0.900409 1.236364 1 55 1.000000
rag
0  -4.753014 -27.354691 66.288589  0.304483 0.281928 0.909839  0.953341 1.109129 1 55 1.000000
0  -4.561709 -27.632647 66.254814  0.515687 0.188303 0.835829  0.953855 1.295397 1 55 1.000000
0  -4.557080 -27.510273 66.215118  0.569059 0.262490 0.779276  0.900409 1.236364 1 55 1.000000
rag
0  -4.383636 -27.922190 66.181671  0.612309 -0.104212 0.783721  0.959415 1.494055 1 55 1.000000
0  -4.457041 -27.604221 66.169617  0.633552 0.245026 0.733876  0.875623 1.309926 1 55 1.000000
0  -4.557080 -27.510273 66.215118  0.569059 0.262490 0.779276  0.900409 1.236364 1 55 1.000000
rag
0  -4.570627 -27.980816 66.274323  0.208860 -0.317817 0.924862  1.081506 1.449923 1 55 1.000000
0  -4.471000 -27.970093 66.234901  0.500459 -0.285447 0.817350  1.025885 1.484114 1 55 1.000000
0  -4.552554 -27.767834 66.280479  0.441280 0.049064 0.896027  0.999360 1.356154 1 55 1.000000
rag
0  -4.383636 -27.922190 66.181671  0.612309 -0.104212 0.783721  0.959415 1.494055 1 55 1.000000
0  -4.561709 -27.632647 66.254814  0.515687 0.188303 0.835829  0.953855 1.295397 1 55 1.000000
0  -4.552554 -27.767834 66.280479  0.441280 0.049064 0.896027  0.999360 1.356154 1 55 1.000000
rag
0  -4.753014 -27.354691 66.288589  0.304483 0.281928 0.909839  0.953341 1.109129 1 55 1.000000
0  -4.648384 -27.681053 66.307434  0.274367 0.059368 0.959791  1.017878 1.283886 1 55 1.000000
0  -4.552554 -27.767834 66.280479  0.441280 0.049064 0.896027  0.999360 1.356154 1 55 1.000000
rag
0  -4.570627 -27.980816 66.274323  0.208860 -0.317817 0.924862  1.081506 1.449923 1 55 1.000000
0  -4.533054 -28.158535 66.114349  0.301039 -0.766727 0.567014  1.112583 1.600341 1 55 1.000000
0  -4.464622 -28.104612 66.132248  0.490149 -0.602758 0.629632  1.061175 1.585766 1 55 1.000000
rag
0  -4.518586 -28.290840 65.842064  -0.120695 -0.938261 0.324189  1.140518 1.762761 1 55 1.000000
0  -4.425557 -28.137239 66.056976  0.242490 -0.709921 0.661219  1.045088 1.633233 1 55 1.000000
0  -4.464622 -28.104612 66.132248  0.490149 -0.602758 0.629632  1.061175 1.585766 1 55 1.000000
rag
0  -4.383636 -27.922190 66.181671  0.612309 -0.104212 0.783721  0.959415 1.494055 1 55 1.000000
0  -4.471000 -27.970093 66.234901  0.500459 -0.285447 0.817350  1.025885 1.484114 1 55 1.000000
0  -4.464622 -28.104612 66.132248  0.490149 -0.602758 0.629632  1.061175 1.585766 1 55 1.000000
rag
0  -4.225928 -28.253992 65.884941  0.411648 -0.754316 0.511423  0.938756 1.763344 1 55 1.000000
0  -4.303884 -28.106493 66.069794  0.446188 -0.463758 0.765405  0.960900 1.621433 1 55 1.000000
0  -4.364209 -28.181515 66.016685  0.048940 -0.741285 0.669403  1.018083 1.669259 1 55 1.000000
rag
0  -4.383636 -27.922190 66.181671  0.612309 -0.104212 0.783721  0.959415 1.494055 1 55 1.000000
0  -4.425557 -28.137239 66.056976  0.242490 -0.709921 0.661219  1.045088 1.633233 1 55 1.000000
0  -4.364209 -28.181515 66.016685  0.048940 -0.741285 0.669403  1.018083 1.669259 1 55 1.000000
rag
0  -4.518586 -28.290840 65.842064  -0.120695 -0.938261 0.324189  1.140518 1.762761 1 55 1.000000
0  -4.359592 -28.288280 65.861458  0.052158 -0.886077 0.460595  1.029142 1.777800 1 55 1.000000
0  -4.364209 -28.181515 66.016685  0.048940 -0.741285 0.669403  1.018083 1.669259 1 55 1.000000
rag
0  -4.225928 -28.253992 65.884941  0.411648 -0.754316 0.511423  0.938756 1.763344 1 55 1.000000
0  -4.359592 -28.288280 65.861458  0.052158 -0.886077 0.460595  1.029142 1.777800 1 55 1.000000
0  -4.327898 -28.383972 65.588242  0.059599 -0.951445 0.301993  1.004810 1.949308 1 55 1.000000
rag
0  -4.518586 -28.290840 65.842064  -0.120695 -0.938261 0.324189  1.140518 1.762761 1 55 1.000000
0  -4.380277 -28.425333 65.405411  -0.116207 -0.968503 0.220222  1.030637 2.059027 1 55 1.000000
0  -4.327898 -28.383972 65.588242  0.059599 -0.951445 0.301993  1.004810 1.949308 1 55 1.000000
rag
0  -4.241164 -28.533016 64.923820  0.117235 -0.971109 0.207856  0.920756 2.355293 1 55 1.000000
0  -4.232773 -28.411924 65.438866  0.261944 -0.928398 0.263558  0.936838 2.041776 1 55 1.000000
0  -4.327898 -28.383972 65.588242  0.059599 -0.951445 0.301993  1.004810 1.949308 1 55 1.000000
rag
0  -4.241164 -28.533016 64.923820  0.117235 -0.971109 0.207856  0.920756 2.355293 1 55 1.000000
0  -4.110194 -28.485725 64.922928  0.495605 -0.842344 0.211739  0.826367 2.334011 1 55 1.000000
0  -4.146536 -28.417727 65.272316  0.493639 -0.841207 0.220661  0.868630 2.132631 1 55 1.000000
rag
0  -4.003148 -28.391283 64.922127  0.759924 -0.623818 0.182664  0.731978 2.312728 1 55 1.000000
0  -4.110257 -28.340584 65.446999  0.626552 -0.736398 0.255247  0.848238 2.021271 1 55 1.000000
0  -4.146536 -28.417727 65.272316  0.493639 -0.841207 0.220661  0.868630 2.132631 1 55 1.000000
rag
0  -4.225928 -28.253992 65.884941  0.411648 -0.754316 0.511423  0.938756 1.763344 1 55 1.000000
0  -4.232773 -28.411924 65.438866  0.261944 -0.928398 0.263558  0.936838 2.041776 1 55 1.000000
0  -4.146536 -28.417727 65.272316  0.493639 -0.841207 0.220661  0.868630 2.132631 1 55 1.000000
rag
0  -4.086568 -28.087786 65.863762  0.711687 -0.478219 0.514595  0.821554 1.734503 1 55 1.000000
0  -4.145396 -28.165480 65.893127  0.643221 -0.517828 0.564022  0.873462 1.738858 1 55 1.000000
0  -4.092323 -28.255709 65.622597  0.729543 -0.610447 0.308417  0.839189 1.909857 1 55 1.000000
rag
0  -4.225928 -28.253992 65.884941  0.411648 -0.754316 0.511423  0.938756 1.763344 1 55 1.000000
0  -4.110257 -28.340584 65.446999  0.626552 -0.736398 0.255247  0.848238 2.021271 1 55 1.000000
0  -4.092323 -28.255709 65.622597  0.729543 -0.610447 0.308417  0.839189 1.909857 1 55 1.000000
rag
0  -4.003148 -28.391283 64.922127  0.759924 -0.623818 0.182664  0.731978 2.312728 1 55 1.000000
0  -4.035523 -28.220478 65.527390  0.763789 -0.597473 0.244238  0.791145 1.951717 1 55 1.000000
0  -4.092323 -28.255709 65.622597  0.729543 -0.610447 0.308417  0.839189 1.909857 1 55 1.000000
rag
0  -4.086568 -28.087786 65.863762  0.711687 -0.478219 0.514595  0.821554 1.734503 1 55 1.000000
0  -4.164158 -27.958656 66.004356  0.498847 -0.120166 0.858319  0.828499 1.600310 1 55 1.000000
0  -4.195230 -28.046255 66.004166  0.506626 -0.319306 0.800858  0.869071 1.628731 1 55 1.000000
rag
0  -4.280433 -27.780102 66.049377  0.680228 0.255386 0.687072  0.814223 1.472014 1 55 1.000000
0  -4.247966 -28.028152 66.031067  0.618864 -0.190632 0.762015  0.888910 1.599852 1 55 1.000000
0  -4.195230 -28.046255 66.004166  0.506626 -0.319306 0.800858  0.869071 1.628731 1 55 1.000000
rag
0  -4.225928 -28.253992 65.884941  0.411648 -0.754316 0.511423  0.938756 1.763344 1 55 1.000000
0  -4.145396 -28.165480 65.893127  0.643221 -0.517828 0.564022  0.873462 1.738858 1 55 1.000000
0  -4.195230 -28.046255 66.004166  0.506626 -0.319306 0.800858  0.869071 1.628731 1 55 1.000000
rag
0  -4.383636 -27.922190 66.181671  0.612309 -0.104212 0.783721  0.959415 1.494055 1 55 1.000000
0  -4.303884 -28.106493 66.069794  0.446188 -0.463758 0.765405  0.960900 1.621433 1 55 1.000000
0  -4.285748 -28.005819 66.082314  0.751683 -0.068851 0.655920  0.911786 1.571455 1 55 1.000000
rag
0  -4.225928 -28.253992 65.884941  0.411648 -0.754316 0.511423  0.938756 1.763344 1 55 1.000000
0  -4.247966 -28.028152 66.031067  0.618864 -0.190632 0.762015  0.888910 1.599852 1 55 1.000000
0  -4.285748 -28.005819 66.082314  0.751683 -0.068851 0.655920  0.911786 1.571455 1 55 1.000000
rag
0  -4.280433 -27.780102 66.049377  0.680228 0.255386 0.687072  0.814223 1.472014 1 55 1.000000
0  -4.328618 -27.853224 66.122681  0.713054 0.103277 0.693460  0.887479 1.481031 1 55 1.000000
0  -4.285748 -28.005819 66.082314  0.751683 -0.068851 0.655920  0.911786 1.571455 1 55 1.000000
rag
0  -4.383636 -27.922190 66.181671  0.612309 -0.104212 0.783721  0.959415 1.494055 1 55 1.000000
0  -4.328618 -27.853224 66.122681  0.713054 0.103277 0.693460  0.887479 1.481031 1 55 1.000000
0  -4.390687 -27.671354 66.132515  0.676024 0.227012 0.701041  0.855927 1.368173 1 55 1.000000
rag
0  -4.280433 -27.780102 66.049377  0.680228 0.255386 0.687072  0.814223 1.472014 1 55 1.000000
0  -4.406168 -27.546789 66.090294  0.735562 0.317514 0.598443  0.803789 1.302539 1 55 1.000000
0  -4.390687 -27.671354 66.132515  0.676024 0.227012 0.701041  0.855927 1.368173 1 55 1.000000
rag
0  -4.531418 -27.320364 66.114433  0.664670 0.422886 0.615939  0.795378 1.141983 1 55 1.000000
0  -4.457041 -27.604221 66.169617  0.633552 0.245026 0.733876  0.875623 1.309926 1 55 1.000000
0  -4.390687 -27.671354 66.132515  0.676024 0.227012 0.701041  0.855927 1.368173 1 55 1.000000
rag
0  -4.505810 -28.451124 64.925369  -0.560852 -0.826162 0.053865  -0.269598 2.276731 1 55 1.000000
0  -4.379585 -28.517796 64.924675  -0.264444 -0.951197 0.159041  -0.354793 2.335810 1 55 1.000000
0  -4.428736 -28.447166 65.239731  -0.284646 -0.945043 0.160843  -0.440664 2.126325 1 55 1.000000
rag
0  -4.241164 -28.533016 64.923820  0.117235 -0.971109 0.207856  -0.439988 2.394890 1 55 1.000000
0  -4.380277 -28.425333 65.405411  -0.116207 -0.968503 0.220222  -0.526197 2.051122 1 55 1.000000
0  -4.428736 -28.447166 65.239731  -0.284646 -0.945043 0.160843  -0.440664 2.126325 1 55 1.000000
rag
0  -4.518586 -28.290840 65.842064  -0.120695 -0.938261 0.324189  -0.612406 1.707354 1 55 1.000000
0  -4.521999 -28.388542 65.383362  -0.375699 -0.914018 0.153044  -0.436530 1.996129 1 55 1.000000
0  -4.428736 -28.447166 65.239731  -0.284646 -0.945043 0.160843  -0.440664 2.126325 1 55 1.000000
rag
0  -5.102025 -26.816771 65.199455  0.049923 0.981011 0.187419  0.715596 0.316578 1 55 1.000000
0  -5.009769 -26.779425 65.054588  -0.126358 0.989713 0.067089  0.616544 0.247848 1 55 1.000000
0  -4.957218 -26.779894 64.544083  -0.121941 0.991996 -0.032765  0.517623 -0.063270 1 55 1.000000
rag
0  -4.914193 -26.787445 65.056129  0.486494 0.871935 0.055249  0.544981 0.275313 1 55 1.000000
0  -4.876759 -26.799564 64.357994  0.512339 0.856260 -0.065779  0.430610 -0.160598 1 55 1.000000
0  -4.957218 -26.779894 64.544083  -0.121941 0.991996 -0.032765  0.517623 -0.063270 1 55 1.000000
rag
0  -4.849721 -26.869455 63.699398  0.875372 0.476935 -0.079104  0.362726 -0.576834 1 55 1.000000
0  -4.998036 -26.801794 64.442207  0.022323 0.997787 -0.062633  0.545817 -0.136095 1 55 1.000000
0  -4.957218 -26.779894 64.544083  -0.121941 0.991996 -0.032765  0.517623 -0.063270 1 55 1.000000
rag
0  -4.914193 -26.787445 65.056129  0.486494 0.871935 0.055249  0.544981 0.275313 1 55 1.000000
0  -5.009769 -26.779425 65.054588  -0.126358 0.989713 0.067089  0.616544 0.247848 1 55 1.000000
0  -4.947251 -26.872009 65.452797  0.006687 0.963175 0.268794  0.696437 0.517119 1 55 1.000000
rag
0  -5.102025 -26.816771 65.199455  0.049923 0.981011 0.187419  0.715596 0.316578 1 55 1.000000
0  -4.941232 -26.951952 65.658653  0.088802 0.944876 0.315156  0.772518 0.646967 1 55 1.000000
0  -4.947251 -26.872009 65.452797  0.006687 0.963175 0.268794  0.696437 0.517119 1 55 1.000000
rag
0  -4.742855 -27.119993 66.043045  0.230283 0.875871 0.424052  0.820168 0.946826 1 55 1.000000
0  -4.844919 -26.923519 65.577530  0.142511 0.944017 0.297526  0.689753 0.625356 1 55 1.000000
0  -4.947251 -26.872009 65.452797  0.006687 0.963175 0.268794  0.696437 0.517119 1 55 1.000000
rag
0  -4.959493 -27.129026 66.132996  -0.320700 0.720232 0.615156  0.952622 0.906838 1 55 1.000000
0  -4.850702 -27.122562 66.108856  0.142227 0.885311 0.442715  0.888573 0.933172 1 55 1.000000
0  -4.939986 -27.016708 65.851128  0.122592 0.933652 0.336548  0.838608 0.755363 1 55 1.000000
rag
0  -4.742855 -27.119993 66.043045  0.230283 0.875871 0.424052  0.820168 0.946826 1 55 1.000000
0  -4.941232 -26.951952 65.658653  0.088802 0.944876 0.315156  0.772518 0.646967 1 55 1.000000
0  -4.939986 -27.016708 65.851128  0.122592 0.933652 0.336548  0.838608 0.755363 1 55 1.000000
rag
0  -5.102025 -26.816771 65.199455  0.049923 0.981011 0.187419  0.715596 0.316578 1 55 1.000000
0  -5.062135 -26.946716 65.706261  0.129157 0.941747 0.310535  0.846078 0.627916 1 55 1.000000
0  -4.939986 -27.016708 65.851128  0.122592 0.933652 0.336548  0.838608 0.755363 1 55 1.000000
rag
0  -4.959493 -27.129026 66.132996  -0.320700 0.720232 0.615156  0.952622 0.906838 1 55 1.000000
0  -4.854203 -27.230511 66.261803  -0.094653 0.521871 0.847757  0.956916 1.021821 1 55 1.000000
0  -4.813414 -27.192280 66.224701  0.204420 0.731765 0.650179  0.917689 1.012812 1 55 1.000000
rag
0  -4.753014 -27.354691 66.288589  0.304483 0.281928 0.909839  0.953341 1.109129 1 55 1.000000
0  -4.747186 -27.219862 66.216805  0.362796 0.627371 0.689046  0.892310 1.042450 1 55 1.000000
0  -4.813414 -27.192280 66.224701  0.204420 0.731765 0.650179  0.917689 1.012812 1 55 1.000000
rag
0  -4.742855 -27.119993 66.043045  0.230283 0.875871 0.424052  0.820168 0.946826 1 55 1.000000
0  -4.850702 -27.122562 66.108856  0.142227 0.885311 0.442715  0.888573 0.933172 1 55 1.000000
0  -4.813414 -27.192280 66.224701  0.204420 0.731765 0.650179  0.917689 1.012812 1 55 1.000000
rag
0  -4.753014 -27.354691 66.288589  0.304483 0.281928 0.909839  0.953341 1.109129 1 55 1.000000
0  -4.854203 -27.230511 66.261803  -0.094653 0.521871 0.847757  0.956916 1.021821 1 55 1.000000
0  -4.870291 -27.303148 66.285278  -0.236786 0.242562 0.940795  0.994107 1.049846 1 55 1.000000
rag
0  -4.959493 -27.129026 66.132996  -0.320700 0.720232 0.615156  0.952622 0.906838 1 55 1.000000
0  -4.908002 -27.308283 66.266701  -0.529972 0.210947 0.821360  1.015029 1.036227 1 55 1.000000
0  -4.870291 -27.303148 66.285278  -0.236786 0.242562 0.940795  0.994107 1.049846 1 55 1.000000
rag
0  -4.868445 -27.518208 66.296783  -0.409830 -0.047494 0.910925  1.074987 1.142470 1 55 1.000000
0  -4.817148 -27.422842 66.308861  -0.081535 0.098530 0.991788  1.012570 1.118689 1 55 1.000000
0  -4.870291 -27.303148 66.285278  -0.236786 0.242562 0.940795  0.994107 1.049846 1 55 1.000000
rag
0  -4.753014 -27.354691 66.288589  0.304483 0.281928 0.909839  0.953341 1.109129 1 55 1.000000
0  -4.817148 -27.422842 66.308861  -0.081535 0.098530 0.991788  1.012570 1.118689 1 55 1.000000
0  -4.729691 -27.609804 66.316978  0.023911 0.025822 0.999381  1.034651 1.226076 1 55 1.000000
rag
0  -4.868445 -27.518208 66.296783  -0.409830 -0.047494 0.910925  1.074987 1.142470 1 55 1.000000
0  -4.716234 -27.760477 66.310135  -0.076999 -0.104504 0.991539  1.081263 1.297802 1 55 1.000000
0  -4.729691 -27.609804 66.316978  0.023911 0.025822 0.999381  1.034651 1.226076 1 55 1.000000
rag
0  -4.570627 -27.980816 66.274323  0.208860 -0.317817 0.924862  1.081506 1.449923 1 55 1.000000
0  -4.648384 -27.681053 66.307434  0.274367 0.059368 0.959791  1.017878 1.283886 1 55 1.000000
0  -4.729691 -27.609804 66.316978  0.023911 0.025822 0.999381  1.034651 1.226076 1 55 1.000000
rag
0  -4.795538 -28.104635 66.170380  -0.625975 -0.613832 0.481004  1.275681 1.478183 1 55 1.000000
0  -4.672595 -28.070705 66.241920  -0.072657 -0.547554 0.833610  1.166460 1.472962 1 55 1.000000
0  -4.737013 -27.898258 66.287178  -0.230024 -0.261450 0.937408  1.141520 1.360829 1 55 1.000000
rag
0  -4.570627 -27.980816 66.274323  0.208860 -0.317817 0.924862  1.081506 1.449923 1 55 1.000000
0  -4.716234 -27.760477 66.310135  -0.076999 -0.104504 0.991539  1.081263 1.297802 1 55 1.000000
0  -4.737013 -27.898258 66.287178  -0.230024 -0.261450 0.937408  1.141520 1.360829 1 55 1.000000
rag
0  -4.868445 -27.518208 66.296783  -0.409830 -0.047494 0.910925  1.074987 1.142470 1 55 1.000000
0  -4.830585 -27.829821 66.268074  -0.466535 -0.240882 0.851071  1.167764 1.304887 1 55 1.000000
0  -4.737013 -27.898258 66.287178  -0.230024 -0.261450 0.937408  1.141520 1.360829 1 55 1.000000
rag
0  -4.795538 -28.104635 66.170380  -0.625975 -0.613832 0.481004  1.275681 1.478183 1 55 1.000000
0  -4.666867 -28.216440 66.041039  -0.187919 -0.912168 0.364192  1.208099 1.620472 1 55 1.000000
0  -4.620100 -28.172613 66.137581  0.070231 -0.794521 0.603162  1.166210 1.573445 1 55 1.000000
rag
0  -4.518586 -28.290840 65.842064  -0.120695 -0.938261 0.324189  1.140518 1.762761 1 55 1.000000
0  -4.533054 -28.158535 66.114349  0.301039 -0.766727 0.567014  1.112583 1.600341 1 55 1.000000
0  -4.620100 -28.172613 66.137581  0.070231 -0.794521 0.603162  1.166210 1.573445 1 55 1.000000
rag
0  -4.570627 -27.980816 66.274323  0.208860 -0.317817 0.924862  1.081506 1.449923 1 55 1.000000
0  -4.672595 -28.070705 66.241920  -0.072657 -0.547554 0.833610  1.166460 1.472962 1 55 1.000000
0  -4.620100 -28.172613 66.137581  0.070231 -0.794521 0.603162  1.166210 1.573445 1 55 1.000000
rag
0  -4.518586 -28.290840 65.842064  -0.120695 -0.938261 0.324189  -0.612406 1.707354 1 55 1.000000
0  -4.666867 -28.216440 66.041039  -0.187919 -0.912168 0.364192  -0.656438 1.573367 1 55 1.000000
0  -4.707528 -28.226313 65.931602  -0.416108 -0.896938 0.149523  -0.567077 1.594989 1 55 1.000000
rag
0  -4.795538 -28.104635 66.170380  -0.625975 -0.613832 0.481004  -0.700471 1.439380 1 55 1.000000
0  -4.775574 -28.181726 65.939682  -0.753808 -0.650223 0.094781  -0.532567 1.546979 1 55 1.000000
0  -4.707528 -28.226313 65.931602  -0.416108 -0.896938 0.149523  -0.567077 1.594989 1 55 1.000000
rag
0  -4.755899 -28.210335 65.660271  -0.818502 -0.574457 -0.007351  -0.385956 1.676859 1 55 1.000000
0  -4.656951 -28.268524 65.749908  -0.420456 -0.898601 0.125432  -0.497823 1.703671 1 55 1.000000
0  -4.707528 -28.226313 65.931602  -0.416108 -0.896938 0.149523  -0.567077 1.594989 1 55 1.000000
rag
0  -4.518586 -28.290840 65.842064  -0.120695 -0.938261 0.324189  -0.612406 1.707354 1 55 1.000000
0  -4.656951 -28.268524 65.749908  -0.420456 -0.898601 0.125432  -0.497823 1.703671 1 55 1.000000
0  -4.610500 -28.329775 65.498383  -0.448872 -0.882827 0.138313  -0.423453 1.874106 1 55 1.000000
rag
0  -4.755899 -28.210335 65.660271  -0.818502 -0.574457 -0.007351  -0.385956 1.676859 1 55 1.000000
0  -4.644005 -28.328320 65.326881  -0.661426 -0.749646 0.023379  -0.333498 1.953505 1 55 1.000000
0  -4.610500 -28.329775 65.498383  -0.448872 -0.882827 0.138313  -0.423453 1.874106 1 55 1.000000
rag
0  -4.505810 -28.451124 64.925369  -0.560852 -0.826162 0.053865  -0.269598 2.276731 1 55 1.000000
0  -4.521999 -28.388542 65.383362  -0.375699 -0.914018 0.153044  -0.436530 1.996129 1 55 1.000000
0  -4.610500 -28.329775 65.498383  -0.448872 -0.882827 0.138313  -0.423453 1.874106 1 55 1.000000
rag
0  -4.647456 -28.213112 64.925949  -0.971727 -0.130573 -0.196716  -0.099800 2.159881 1 55 1.000000
0  -4.600206 -28.344070 64.925827  -0.830246 -0.547518 -0.104481  -0.184699 2.218306 1 55 1.000000
0  -4.661051 -28.300081 65.183830  -0.842540 -0.528069 -0.106160  -0.252584 2.024949 1 55 1.000000
rag
0  -4.505810 -28.451124 64.925369  -0.560852 -0.826162 0.053865  -0.269598 2.276731 1 55 1.000000
0  -4.644005 -28.328320 65.326881  -0.661426 -0.749646 0.023379  -0.333498 1.953505 1 55 1.000000
0  -4.661051 -28.300081 65.183830  -0.842540 -0.528069 -0.106160  -0.252584 2.024949 1 55 1.000000
rag
0  -4.755899 -28.210335 65.660271  -0.818502 -0.574457 -0.007351  -0.385956 1.676859 1 55 1.000000
0  -4.716927 -28.223812 65.305984  -0.932363 -0.338243 -0.127636  -0.247679 1.906612 1 55 1.000000
0  -4.661051 -28.300081 65.183830  -0.842540 -0.528069 -0.106160  -0.252584 2.024949 1 55 1.000000
rag
0  -4.755899 -28.210335 65.660271  -0.818502 -0.574457 -0.007351  -0.385956 1.676859 1 55 1.000000
0  -4.772158 -28.136320 65.607430  -0.987022 -0.087238 -0.134824  -0.307057 1.656630 1 55 1.000000
0  -4.745237 -28.166231 65.414146  -0.988002 -0.077884 -0.133368  -0.249975 1.803384 1 55 1.000000
rag
0  -4.750582 -28.065470 65.538132  -0.942408 0.283116 -0.178082  -0.229908 1.668842 1 55 1.000000
0  -4.719449 -28.131475 65.278168  -0.976067 0.108924 -0.188227  -0.176912 1.882395 1 55 1.000000
0  -4.745237 -28.166231 65.414146  -0.988002 -0.077884 -0.133368  -0.249975 1.803384 1 55 1.000000
rag
0  -4.647456 -28.213112 64.925949  -0.971727 -0.130573 -0.196716  -0.099800 2.159881 1 55 1.000000
0  -4.716927 -28.223812 65.305984  -0.932363 -0.338243 -0.127636  -0.247679 1.906612 1 55 1.000000
0  -4.745237 -28.166231 65.414146  -0.988002 -0.077884 -0.133368  -0.249975 1.803384 1 55 1.000000
rag
0  -4.565606 -27.948490 64.925072  -0.758200 0.630412 -0.166473  0.073261 2.090913 1 55 1.000000
0  -4.632246 -28.074718 64.925667  -0.932517 0.293239 -0.210769  -0.013269 2.125397 1 55 1.000000
0  -4.679590 -28.073069 65.155930  -0.935069 0.288192 -0.206375  -0.096103 1.954277 1 55 1.000000
rag
0  -4.647456 -28.213112 64.925949  -0.971727 -0.130573 -0.196716  -0.099800 2.159881 1 55 1.000000
0  -4.719449 -28.131475 65.278168  -0.976067 0.108924 -0.188227  -0.176912 1.882395 1 55 1.000000
0  -4.679590 -28.073069 65.155930  -0.935069 0.288192 -0.206375  -0.096103 1.954277 1 55 1.000000
rag
0  -4.750582 -28.065470 65.538132  -0.942408 0.283116 -0.178082  -0.229908 1.668842 1 55 1.000000
0  -4.678809 -28.011820 65.267426  -0.881948 0.436816 -0.177084  -0.093676 1.852462 1 55 1.000000
0  -4.679590 -28.073069 65.155930  -0.935069 0.288192 -0.206375  -0.096103 1.954277 1 55 1.000000
rag
0  -4.750582 -28.065470 65.538132  -0.942408 0.283116 -0.178082  -0.229908 1.668842 1 55 1.000000
0  -4.716010 -27.988075 65.555199  -0.870710 0.441099 -0.217474  -0.164893 1.616167 1 55 1.000000
0  -4.675549 -27.971840 65.372101  -0.853361 0.496070 -0.160279  -0.090094 1.752622 1 55 1.000000
rag
0  -4.678919 -27.917730 65.561005  -0.761649 0.543059 -0.353523  -0.098394 1.568571 1 55 1.000000
0  -4.626862 -27.923717 65.307846  -0.725726 0.668821 -0.161250  -0.011828 1.779632 1 55 1.000000
0  -4.675549 -27.971840 65.372101  -0.853361 0.496070 -0.160279  -0.090094 1.752622 1 55 1.000000
rag
0  -4.565606 -27.948490 64.925072  -0.758200 0.630412 -0.166473  0.073261 2.090913 1 55 1.000000
0  -4.678809 -28.011820 65.267426  -0.881948 0.436816 -0.177084  -0.093676 1.852462 1 55 1.000000
0  -4.675549 -27.971840 65.372101  -0.853361 0.496070 -0.160279  -0.090094 1.752622 1 55 1.000000
rag
0  -4.750582 -28.065470 65.538132  -0.942408 0.283116 -0.178082  -0.229908 1.668842 1 55 1.000000
0  -4.777609 -28.043560 65.688721  -0.950014 0.185124 -0.251402  -0.287525 1.549578 1 55 1.000000
0  -4.747653 -27.997549 65.657570  -0.882891 0.364122 -0.296510  -0.225936 1.545092 1 55 1.000000
rag
0  -4.806153 -28.001474 65.798859  -0.952145 -0.168987 -0.254683  -0.351949 1.465023 1 55 1.000000
0  -4.748955 -27.960035 65.680359  -0.884636 0.096048 -0.456283  -0.219980 1.501830 1 55 1.000000
0  -4.747653 -27.997549 65.657570  -0.882891 0.364122 -0.296510  -0.225936 1.545092 1 55 1.000000
rag
0  -4.678919 -27.917730 65.561005  -0.761649 0.543059 -0.353523  -0.098394 1.568571 1 55 1.000000
0  -4.716010 -27.988075 65.555199  -0.870710 0.441099 -0.217474  -0.164893 1.616167 1 55 1.000000
0  -4.747653 -27.997549 65.657570  -0.882891 0.364122 -0.296510  -0.225936 1.545092 1 55 1.000000
rag
0  -4.868329 -27.818653 65.767174  -0.657791 -0.589729 -0.468541  -0.293155 1.288465 1 55 1.000000
0  -4.747500 -27.878567 65.672218  -0.695347 0.172129 -0.697756  -0.172474 1.435495 1 55 1.000000
0  -4.779481 -27.919710 65.707626  -0.799676 -0.230842 -0.554284  -0.237943 1.438989 1 55 1.000000
rag
0  -4.678919 -27.917730 65.561005  -0.761649 0.543059 -0.353523  -0.098394 1.568571 1 55 1.000000
0  -4.748955 -27.960035 65.680359  -0.884636 0.096048 -0.456283  -0.219980 1.501830 1 55 1.000000
0  -4.779481 -27.919710 65.707626  -0.799676 -0.230842 -0.554284  -0.237943 1.438989 1 55 1.000000
rag
0  -4.806153 -28.001474 65.798859  -0.952145 -0.168987 -0.254683  -0.351949 1.465023 1 55 1.000000
0  -4.834973 -27.902584 65.791336  -0.860104 -0.340579 -0.379772  -0.324955 1.380464 1 55 1.000000
0  -4.779481 -27.919710 65.707626  -0.799676 -0.230842 -0.554284  -0.237943 1.438989 1 55 1.000000
rag
0  -4.678919 -27.917730 65.561005  -0.761649 0.543059 -0.353523  -0.098394 1.568571 1 55 1.000000
0  -4.747500 -27.878567 65.672218  -0.695347 0.172129 -0.697756  -0.172474 1.435495 1 55 1.000000
0  -4.674188 -27.845154 65.639931  -0.549849 0.565937 -0.614313  -0.072390 1.454345 1 55 1.000000
rag
0  -4.868329 -27.818653 65.767174  -0.657791 -0.589729 -0.468541  -0.293155 1.288465 1 55 1.000000
0  -4.676590 -27.812849 65.661926  -0.523337 0.284775 -0.803132  -0.062467 1.409956 1 55 1.000000
0  -4.674188 -27.845154 65.639931  -0.549849 0.565937 -0.614313  -0.072390 1.454345 1 55 1.000000
rag
0  -4.507255 -27.797132 65.527618  -0.378546 0.869825 -0.316397  0.132222 1.557060 1 55 1.000000
0  -4.601629 -27.855410 65.538132  -0.594913 0.723278 -0.350639  0.014881 1.560931 1 55 1.000000
0  -4.674188 -27.845154 65.639931  -0.549849 0.565937 -0.614313  -0.072390 1.454345 1 55 1.000000
rag
0  -4.663243 -27.721560 65.636551  -0.088749 -0.262978 -0.960711  0.023412 1.318596 1 55 1.000000
0  -4.575747 -27.765221 65.617699  -0.366181 0.349095 -0.862580  0.079761 1.428399 1 55 1.000000
0  -4.676173 -27.783945 65.662636  -0.428915 -0.112545 -0.896307  -0.042083 1.377362 1 55 1.000000
rag
0  -4.507255 -27.797132 65.527618  -0.378546 0.869825 -0.316397  0.132222 1.557060 1 55 1.000000
0  -4.676590 -27.812849 65.661926  -0.523337 0.284775 -0.803132  -0.062467 1.409956 1 55 1.000000
0  -4.676173 -27.783945 65.662636  -0.428915 -0.112545 -0.896307  -0.042083 1.377362 1 55 1.000000
rag
0  -4.868329 -27.818653 65.767174  -0.657791 -0.589729 -0.468541  -0.293155 1.288465 1 55 1.000000
0  -4.765165 -27.772772 65.686943  -0.259968 -0.515454 -0.816532  -0.127032 1.301657 1 55 1.000000
0  -4.676173 -27.783945 65.662636  -0.428915 -0.112545 -0.896307  -0.042083 1.377362 1 55 1.000000
rag
0  -4.849721 -26.869455 63.699398  0.875372 0.476935 -0.079104  0.362726 -0.576834 1 55 1.000000
0  -5.091435 -26.806053 63.554813  0.235931 0.971014 -0.038314  0.490995 -0.723860 1 55 1.000000
0  -5.198460 -26.744347 64.058609  0.219848 0.975074 -0.029973  0.638740 -0.420098 1 55 1.000000
rag
0  -5.372213 -26.751007 63.685108  -0.398461 0.915499 -0.055591  0.704079 -0.701076 1 55 1.000000
0  -5.372900 -26.717520 64.372330  -0.362487 0.931962 0.007089  0.787191 -0.261332 1 55 1.000000
0  -5.198460 -26.744347 64.058609  0.219848 0.975074 -0.029973  0.638740 -0.420098 1 55 1.000000
rag
0  -5.374357 -26.777159 65.173157  -0.406985 0.886862 0.218722  0.889910 0.232584 1 55 1.000000
0  -5.134321 -26.778408 64.336372  0.228168 0.973521 0.014037  0.627290 -0.235746 1 55 1.000000
0  -5.198460 -26.744347 64.058609  0.219848 0.975074 -0.029973  0.638740 -0.420098 1 55 1.000000
rag
0  -5.374357 -26.777159 65.173157  -0.406985 0.886862 0.218722  0.889910 0.232584 1 55 1.000000
0  -5.242019 -26.783630 65.156830  0.094786 0.987761 0.123870  0.788642 0.252517 1 55 1.000000
0  -5.127339 -26.784538 64.620155  0.138434 0.990102 0.023125  0.647062 -0.055328 1 55 1.000000
rag
0  -5.102025 -26.816771 65.199455  0.049923 0.981011 0.187419  0.715596 0.316578 1 55 1.000000
0  -4.998036 -26.801794 64.442207  0.022323 0.997787 -0.062633  0.545817 -0.136095 1 55 1.000000
0  -5.127339 -26.784538 64.620155  0.138434 0.990102 0.023125  0.647062 -0.055328 1 55 1.000000
rag
0  -4.849721 -26.869455 63.699398  0.875372 0.476935 -0.079104  0.362726 -0.576834 1 55 1.000000
0  -5.134321 -26.778408 64.336372  0.228168 0.973521 0.014037  0.627290 -0.235746 1 55 1.000000
0  -5.127339 -26.784538 64.620155  0.138434 0.990102 0.023125  0.647062 -0.055328 1 55 1.000000
rag
0  -5.102025 -26.816771 65.199455  0.049923 0.981011 0.187419  0.715596 0.316578 1 55 1.000000
0  -5.242019 -26.783630 65.156830  0.094786 0.987761 0.123870  0.788642 0.252517 1 55 1.000000
0  -5.195746 -26.870256 65.557457  0.066189 0.963619 0.258954  0.867076 0.504024 1 55 1.000000
rag
0  -5.374357 -26.777159 65.173157  -0.406985 0.886862 0.218722  0.889910 0.232584 1 55 1.000000
0  -5.188258 -26.942738 65.730515  -0.433439 0.767695 0.471991  0.935322 0.611400 1 55 1.000000
0  -5.195746 -26.870256 65.557457  0.066189 0.963619 0.258954  0.867076 0.504024 1 55 1.000000
rag
0  -4.959493 -27.129026 66.132996  -0.320700 0.720232 0.615156  0.952622 0.906838 1 55 1.000000
0  -5.062135 -26.946716 65.706261  0.129157 0.941747 0.310535  0.846078 0.627916 1 55 1.000000
0  -5.195746 -26.870256 65.557457  0.066189 0.963619 0.258954  0.867076 0.504024 1 55 1.000000
rag
0  -5.045586 -27.305529 66.099976  -0.720501 0.255256 0.644765  1.084906 0.927904 1 55 1.000000
0  -5.007388 -27.210081 66.132088  -0.734715 0.265270 0.624361  1.019855 0.920990 1 55 1.000000
0  -5.140577 -27.058773 65.886009  -0.764865 0.314254 0.562340  0.990814 0.731077 1 55 1.000000
rag
0  -4.959493 -27.129026 66.132996  -0.320700 0.720232 0.615156  0.952622 0.906838 1 55 1.000000
0  -5.188258 -26.942738 65.730515  -0.433439 0.767695 0.471991  0.935322 0.611400 1 55 1.000000
0  -5.140577 -27.058773 65.886009  -0.764865 0.314254 0.562340  0.990814 0.731077 1 55 1.000000
rag
0  -5.374357 -26.777159 65.173157  -0.406985 0.886862 0.218722  0.889910 0.232584 1 55 1.000000
0  -5.232136 -27.024836 65.719269  -0.868064 0.218666 0.445702  1.007268 0.618284 1 55 1.000000
0  -5.140577 -27.058773 65.886009  -0.764865 0.314254 0.562340  0.990814 0.731077 1 55 1.000000
rag
0  -5.045586 -27.305529 66.099976  -0.720501 0.255256 0.644765  1.084906 0.927904 1 55 1.000000
0  -4.945831 -27.408781 66.241112  -0.681017 0.041467 0.731093  1.079862 1.054392 1 55 1.000000
0  -4.941689 -27.316097 66.240242  -0.685792 0.158706 0.710283  1.038764 1.019449 1 55 1.000000
rag
0  -4.868445 -27.518208 66.296783  -0.409830 -0.047494 0.910925  1.074987 1.142470 1 55 1.000000
0  -4.908002 -27.308283 66.266701  -0.529972 0.210947 0.821360  1.015029 1.036227 1 55 1.000000
0  -4.941689 -27.316097 66.240242  -0.685792 0.158706 0.710283  1.038764 1.019449 1 55 1.000000
rag
0  -4.959493 -27.129026 66.132996  -0.320700 0.720232 0.615156  0.952622 0.906838 1 55 1.000000
0  -5.007388 -27.210081 66.132088  -0.734715 0.265270 0.624361  1.019855 0.920990 1 55 1.000000
0  -4.941689 -27.316097 66.240242  -0.685792 0.158706 0.710283  1.038764 1.019449 1 55 1.000000
rag
0  -4.868445 -27.518208 66.296783  -0.409830 -0.047494 0.910925  1.074987 1.142470 1 55 1.000000
0  -4.945831 -27.408781 66.241112  -0.681017 0.041467 0.731093  1.079862 1.054392 1 55 1.000000
0  -4.958827 -27.501768 66.226097  -0.693128 -0.038365 0.719793  1.125193 1.090475 1 55 1.000000
rag
0  -5.045586 -27.305529 66.099976  -0.720501 0.255256 0.644765  1.084906 0.927904 1 55 1.000000
0  -5.003607 -27.502028 66.188995  -0.584349 -0.013493 0.811391  1.151571 1.067860 1 55 1.000000
0  -4.958827 -27.501768 66.226097  -0.693128 -0.038365 0.719793  1.125193 1.090475 1 55 1.000000
rag
0  -4.985525 -27.688189 66.152435  -0.789888 -0.431671 0.435588  1.220085 1.163780 1 55 1.000000
0  -4.931258 -27.612484 66.241577  -0.650779 -0.145709 0.745155  1.149783 1.158698 1 55 1.000000
0  -4.958827 -27.501768 66.226097  -0.693128 -0.038365 0.719793  1.125193 1.090475 1 55 1.000000
rag
0  -4.868445 -27.518208 66.296783  -0.409830 -0.047494 0.910925  1.074987 1.142470 1 55 1.000000
0  -4.931258 -27.612484 66.241577  -0.650779 -0.145709 0.745155  1.149783 1.158698 1 55 1.000000
0  -4.894754 -27.777273 66.241348  -0.663968 -0.219930 0.714687  1.187405 1.255625 1 55 1.000000
rag
0  -4.985525 -27.688189 66.152435  -0.789888 -0.431671 0.435588  1.220085 1.163780 1 55 1.000000
0  -4.892693 -27.894787 66.177261  -0.852777 -0.384133 0.353854  1.247883 1.320982 1 55 1.000000
0  -4.894754 -27.777273 66.241348  -0.663968 -0.219930 0.714687  1.187405 1.255625 1 55 1.000000
rag
0  -4.795538 -28.104635 66.170380  -0.625975 -0.613832 0.481004  1.275681 1.478183 1 55 1.000000
0  -4.830585 -27.829821 66.268074  -0.466535 -0.240882 0.851071  1.167764 1.304887 1 55 1.000000
0  -4.894754 -27.777273 66.241348  -0.663968 -0.219930 0.714687  1.187405 1.255625 1 55 1.000000
rag
0  -4.806153 -28.001474 65.798859  -0.952145 -0.168987 -0.254683  -0.351949 1.465023 1 55 1.000000
0  -4.820917 -28.062782 65.992790  -0.939294 -0.340877 -0.039105  -0.518287 1.448095 1 55 1.000000
0  -4.869534 -27.952898 66.062317  -0.920457 -0.387242 -0.052941  -0.564048 1.369369 1 55 1.000000
rag
0  -4.795538 -28.104635 66.170380  -0.625975 -0.613832 0.481004  -0.700471 1.439380 1 55 1.000000
0  -4.892693 -27.894787 66.177261  -0.852777 -0.384133 0.353854  -0.678940 1.319893 1 55 1.000000
0  -4.869534 -27.952898 66.062317  -0.920457 -0.387242 -0.052941  -0.564048 1.369369 1 55 1.000000
rag
0  -4.985525 -27.688189 66.152435  -0.789888 -0.431671 0.435588  -0.657408 1.200407 1 55 1.000000
0  -4.888464 -27.873837 65.983398  -0.915649 -0.385900 -0.112551  -0.496386 1.339729 1 55 1.000000
0  -4.869534 -27.952898 66.062317  -0.920457 -0.387242 -0.052941  -0.564048 1.369369 1 55 1.000000
rag
0  -4.806153 -28.001474 65.798859  -0.952145 -0.168987 -0.254683  -0.351949 1.465023 1 55 1.000000
0  -4.792614 -28.111649 65.770706  -0.975444 -0.194978 -0.102432  -0.381278 1.548683 1 55 1.000000
0  -4.799221 -28.127583 65.902176  -0.960693 -0.274284 -0.042864  -0.474364 1.515312 1 55 1.000000
rag
0  -4.755899 -28.210335 65.660271  -0.818502 -0.574457 -0.007351  -0.385956 1.676859 1 55 1.000000
0  -4.775574 -28.181726 65.939682  -0.753808 -0.650223 0.094781  -0.532567 1.546979 1 55 1.000000
0  -4.799221 -28.127583 65.902176  -0.960693 -0.274284 -0.042864  -0.474364 1.515312 1 55 1.000000
rag
0  -4.795538 -28.104635 66.170380  -0.625975 -0.613832 0.481004  -0.700471 1.439380 1 55 1.000000
0  -4.820917 -28.062782 65.992790  -0.939294 -0.340877 -0.039105  -0.518287 1.448095 1 55 1.000000
0  -4.799221 -28.127583 65.902176  -0.960693 -0.274284 -0.042864  -0.474364 1.515312 1 55 1.000000
rag
0  -4.755899 -28.210335 65.660271  -0.818502 -0.574457 -0.007351  -0.385956 1.676859 1 55 1.000000
0  -4.792614 -28.111649 65.770706  -0.975444 -0.194978 -0.102432  -0.381278 1.548683 1 55 1.000000
0  -4.786380 -28.097195 65.699280  -0.986502 -0.065672 -0.150002  -0.328130 1.572864 1 55 1.000000
rag
0  -4.806153 -28.001474 65.798859  -0.952145 -0.168987 -0.254683  -0.351949 1.465023 1 55 1.000000
0  -4.777609 -28.043560 65.688721  -0.950014 0.185124 -0.251402  -0.287525 1.549578 1 55 1.000000
0  -4.786380 -28.097195 65.699280  -0.986502 -0.065672 -0.150002  -0.328130 1.572864 1 55 1.000000
rag
0  -4.750582 -28.065470 65.538132  -0.942408 0.283116 -0.178082  -0.229908 1.668842 1 55 1.000000
0  -4.772158 -28.136320 65.607430  -0.987022 -0.087238 -0.134824  -0.307057 1.656630 1 55 1.000000
0  -4.786380 -28.097195 65.699280  -0.986502 -0.065672 -0.150002  -0.328130 1.572864 1 55 1.000000
rag
0  -5.201193 -27.396994 66.019325  -0.750194 0.267215 0.604818  1.206758 0.956848 1 55 1.000000
0  -5.084155 -27.540648 66.154762  -0.597269 -0.173213 0.783113  1.213421 1.060314 1 55 1.000000
0  -5.056896 -27.483887 66.170197  -0.459198 0.152103 0.875216  1.171962 1.034453 1 55 1.000000
rag
0  -4.985525 -27.688189 66.152435  -0.789888 -0.431671 0.435588  1.220085 1.163780 1 55 1.000000
0  -5.003607 -27.502028 66.188995  -0.584349 -0.013493 0.811391  1.151571 1.067860 1 55 1.000000
0  -5.056896 -27.483887 66.170197  -0.459198 0.152103 0.875216  1.171962 1.034453 1 55 1.000000
rag
0  -5.045586 -27.305529 66.099976  -0.720501 0.255256 0.644765  1.084906 0.927904 1 55 1.000000
0  -5.110400 -27.370556 66.088654  -0.572298 0.389356 0.721719  1.147274 0.926479 1 55 1.000000
0  -5.056896 -27.483887 66.170197  -0.459198 0.152103 0.875216  1.171962 1.034453 1 55 1.000000
rag
0  -5.195866 -27.550880 65.927795  -0.755732 -0.606479 0.247089  -0.608597 0.999674 1 55 1.000000
0  -5.201085 -27.483541 66.017647  -0.840515 -0.248551 0.481411  -0.681873 1.007354 1 55 1.000000
0  -5.341775 -27.376362 65.780098  -0.888250 -0.190849 0.417837  -0.676046 0.806400 1 55 1.000000
rag
0  -5.201193 -27.396994 66.019325  -0.750194 0.267215 0.604818  -0.742961 1.063417 1 55 1.000000
0  -5.405550 -27.276451 65.653801  -0.852944 0.249363 0.458590  -0.698434 0.682729 1 55 1.000000
0  -5.341775 -27.376362 65.780098  -0.888250 -0.190849 0.417837  -0.676046 0.806400 1 55 1.000000
rag
0  -5.605516 -27.141592 65.073662  -0.913099 0.339815 0.225336  -0.653906 0.302042 1 55 1.000000
0  -5.423536 -27.352634 65.597923  -0.912760 -0.229625 0.337848  -0.640586 0.676865 1 55 1.000000
0  -5.341775 -27.376362 65.780098  -0.888250 -0.190849 0.417837  -0.676046 0.806400 1 55 1.000000
rag
0  -5.195866 -27.550880 65.927795  -0.755732 -0.606479 0.247089  -0.608597 0.999674 1 55 1.000000
0  -5.074400 -27.628454 66.077370  -0.694707 -0.653090 0.301421  -0.623679 1.135658 1 55 1.000000
0  -5.114065 -27.561466 66.117699  -0.770302 -0.370043 0.519329  -0.677213 1.105855 1 55 1.000000
rag
0  -4.985525 -27.688189 66.152435  -0.789888 -0.431671 0.435588  -0.657408 1.200407 1 55 1.000000
0  -5.084155 -27.540648 66.154762  -0.597269 -0.173213 0.783113  -0.700185 1.131912 1 55 1.000000
0  -5.114065 -27.561466 66.117699  -0.770302 -0.370043 0.519329  -0.677213 1.105855 1 55 1.000000
rag
0  -5.201193 -27.396994 66.019325  -0.750194 0.267215 0.604818  -0.742961 1.063417 1 55 1.000000
0  -5.201085 -27.483541 66.017647  -0.840515 -0.248551 0.481411  -0.681873 1.007354 1 55 1.000000
0  -5.114065 -27.561466 66.117699  -0.770302 -0.370043 0.519329  -0.677213 1.105855 1 55 1.000000
rag
0  -4.985525 -27.688189 66.152435  -0.789888 -0.431671 0.435588  -0.657408 1.200407 1 55 1.000000
0  -4.941324 -27.766531 65.961494  -0.780847 -0.624379 -0.020710  -0.478461 1.249395 1 55 1.000000
0  -4.888523 -27.844671 65.909485  -0.898103 -0.403876 -0.174058  -0.429821 1.320819 1 55 1.000000
rag
0  -4.868329 -27.818653 65.767174  -0.657791 -0.589729 -0.468541  -0.293155 1.288465 1 55 1.000000
0  -4.834973 -27.902584 65.791336  -0.860104 -0.340579 -0.379772  -0.324955 1.380464 1 55 1.000000
0  -4.888523 -27.844671 65.909485  -0.898103 -0.403876 -0.174058  -0.429821 1.320819 1 55 1.000000
rag
0  -4.806153 -28.001474 65.798859  -0.952145 -0.168987 -0.254683  -0.351949 1.465023 1 55 1.000000
0  -4.888464 -27.873837 65.983398  -0.915649 -0.385900 -0.112551  -0.496386 1.339729 1 55 1.000000
0  -4.888523 -27.844671 65.909485  -0.898103 -0.403876 -0.174058  -0.429821 1.320819 1 55 1.000000
rag
0  -4.985525 -27.688189 66.152435  -0.789888 -0.431671 0.435588  -0.657408 1.200407 1 55 1.000000
0  -5.074400 -27.628454 66.077370  -0.694707 -0.653090 0.301421  -0.623679 1.135658 1 55 1.000000
0  -5.013326 -27.697149 65.989609  -0.642461 -0.757855 0.113577  -0.528823 1.182626 1 55 1.000000
rag
0  -5.195866 -27.550880 65.927795  -0.755732 -0.606479 0.247089  -0.608597 0.999674 1 55 1.000000
0  -5.028843 -27.697275 65.906593  -0.614233 -0.782558 0.101591  -0.477527 1.162726 1 55 1.000000
0  -5.013326 -27.697149 65.989609  -0.642461 -0.757855 0.113577  -0.528823 1.182626 1 55 1.000000
rag
0  -4.868329 -27.818653 65.767174  -0.657791 -0.589729 -0.468541  -0.293155 1.288465 1 55 1.000000
0  -4.941324 -27.766531 65.961494  -0.780847 -0.624379 -0.020710  -0.478461 1.249395 1 55 1.000000
0  -5.013326 -27.697149 65.989609  -0.642461 -0.757855 0.113577  -0.528823 1.182626 1 55 1.000000
rag
0  -5.158290 -27.624727 65.668640  -0.504102 -0.861484 -0.061040  -0.423049 0.937053 1 55 1.000000
0  -5.009528 -27.726511 65.771072  -0.523503 -0.846717 -0.094950  -0.375155 1.134512 1 55 1.000000
0  -5.055744 -27.688560 65.848190  -0.589442 -0.798520 0.122163  -0.452225 1.120807 1 55 1.000000
rag
0  -4.868329 -27.818653 65.767174  -0.657791 -0.589729 -0.468541  -0.293155 1.288465 1 55 1.000000
0  -5.028843 -27.697275 65.906593  -0.614233 -0.782558 0.101591  -0.477527 1.162726 1 55 1.000000
0  -5.055744 -27.688560 65.848190  -0.589442 -0.798520 0.122163  -0.452225 1.120807 1 55 1.000000
rag
0  -5.195866 -27.550880 65.927795  -0.755732 -0.606479 0.247089  -0.608597 0.999674 1 55 1.000000
0  -5.166733 -27.607199 65.811119  -0.644241 -0.752556 0.136427  -0.509201 0.993103 1 55 1.000000
0  -5.055744 -27.688560 65.848190  -0.589442 -0.798520 0.122163  -0.452225 1.120807 1 55 1.000000
rag
0  -5.158290 -27.624727 65.668640  -0.504102 -0.861484 -0.061040  -0.423049 0.937053 1 55 1.000000
0  -5.166733 -27.607199 65.811119  -0.644241 -0.752556 0.136427  -0.509201 0.993103 1 55 1.000000
0  -5.313723 -27.510801 65.618370  -0.668529 -0.733145 0.124767  -0.525691 0.782912 1 55 1.000000
rag
0  -5.195866 -27.550880 65.927795  -0.755732 -0.606479 0.247089  -0.608597 0.999674 1 55 1.000000
0  -5.408243 -27.428802 65.534912  -0.795972 -0.566333 0.213765  -0.569068 0.665493 1 55 1.000000
0  -5.313723 -27.510801 65.618370  -0.668529 -0.733145 0.124767  -0.525691 0.782912 1 55 1.000000
rag
0  -5.573376 -27.324978 65.046059  -0.764410 -0.641859 0.060777  -0.512288 0.279699 1 55 1.000000
0  -5.374201 -27.481405 65.431160  -0.623549 -0.781136 0.031831  -0.478254 0.649207 1 55 1.000000
0  -5.313723 -27.510801 65.618370  -0.668529 -0.733145 0.124767  -0.525691 0.782912 1 55 1.000000
rag
0  -5.605516 -27.141592 65.073662  -0.913099 0.339815 0.225336  -0.653906 0.302042 1 55 1.000000
0  -5.623146 -27.237091 65.019394  -0.980337 -0.141977 0.137046  -0.575219 0.227226 1 55 1.000000
0  -5.499017 -27.334288 65.422195  -0.934572 -0.227027 0.273925  -0.601121 0.545276 1 55 1.000000
rag
0  -5.573376 -27.324978 65.046059  -0.764410 -0.641859 0.060777  -0.512288 0.279699 1 55 1.000000
0  -5.408243 -27.428802 65.534912  -0.795972 -0.566333 0.213765  -0.569068 0.665493 1 55 1.000000
0  -5.499017 -27.334288 65.422195  -0.934572 -0.227027 0.273925  -0.601121 0.545276 1 55 1.000000
rag
0  -5.195866 -27.550880 65.927795  -0.755732 -0.606479 0.247089  -0.608597 0.999674 1 55 1.000000
0  -5.423536 -27.352634 65.597923  -0.912760 -0.229625 0.337848  -0.640586 0.676865 1 55 1.000000
0  -5.499017 -27.334288 65.422195  -0.934572 -0.227027 0.273925  -0.601121 0.545276 1 55 1.000000
rag
0  -5.573376 -27.324978 65.046059  -0.764410 -0.641859 0.060777  -0.512288 0.279699 1 55 1.000000
0  -5.623146 -27.237091 65.019394  -0.980337 -0.141977 0.137046  -0.575219 0.227226 1 55 1.000000
0  -5.673036 -27.178368 64.410721  -0.992485 -0.112974 0.047020  -0.527663 -0.218456 1 55 1.000000
rag
0  -5.605516 -27.141592 65.073662  -0.913099 0.339815 0.225336  -0.653906 0.302042 1 55 1.000000
0  -5.658718 -27.092661 64.113441  -0.969104 0.246624 -0.003824  -0.532401 -0.467705 1 55 1.000000
0  -5.673036 -27.178368 64.410721  -0.992485 -0.112974 0.047020  -0.527663 -0.218456 1 55 1.000000
rag
0  -5.616680 -27.122995 63.342648  -0.760874 -0.641961 -0.094637  -0.410896 -1.237452 1 55 1.000000
0  -5.656580 -27.210667 64.206421  -0.853428 -0.514258 -0.084848  -0.473174 -0.351936 1 55 1.000000
0  -5.673036 -27.178368 64.410721  -0.992485 -0.112974 0.047020  -0.527663 -0.218456 1 55 1.000000
rag
0  -5.372213 -26.751007 63.685108  -0.398461 0.915499 -0.055591  0.704079 -0.701076 1 55 1.000000
0  -5.508946 -26.935167 63.371098  -0.842394 0.534231 -0.070490  0.741322 -1.009025 1 55 1.000000
0  -5.586432 -26.960138 63.888042  -0.816929 0.574854 -0.046585  0.933157 -0.670713 1 55 1.000000
rag
0  -5.616680 -27.122995 63.342648  -0.760874 -0.641961 -0.094637  0.830924 -1.394889 1 55 1.000000
0  -5.658718 -27.092661 64.113441  -0.969104 0.246624 -0.003824  1.053302 -0.609702 1 55 1.000000
0  -5.586432 -26.960138 63.888042  -0.816929 0.574854 -0.046585  0.933157 -0.670713 1 55 1.000000
rag
0  -5.605516 -27.141592 65.073662  -0.913099 0.339815 0.225336  1.275681 0.175486 1 55 1.000000
0  -5.537354 -26.912096 64.300201  -0.792127 0.609259 0.036589  0.978488 -0.352090 1 55 1.000000
0  -5.586432 -26.960138 63.888042  -0.816929 0.574854 -0.046585  0.933157 -0.670713 1 55 1.000000
rag
0  -5.605516 -27.141592 65.073662  -0.913099 0.339815 0.225336  1.275681 0.175486 1 55 1.000000
0  -5.514194 -27.037003 65.138054  -0.760691 0.595459 0.258416  1.134918 0.193490 1 55 1.000000
0  -5.502264 -26.907202 64.636154  -0.744549 0.655129 0.128267  1.012248 -0.120395 1 55 1.000000
rag
0  -5.411529 -26.977409 65.238762  -0.869764 0.375568 0.320093  1.057929 0.276187 1 55 1.000000
0  -5.441758 -26.815659 64.510696  -0.813504 0.581529 0.005857  0.916967 -0.187339 1 55 1.000000
0  -5.502264 -26.907202 64.636154  -0.744549 0.655129 0.128267  1.012248 -0.120395 1 55 1.000000
rag
0  -5.372213 -26.751007 63.685108  -0.398461 0.915499 -0.055591  0.704079 -0.701076 1 55 1.000000
0  -5.537354 -26.912096 64.300201  -0.792127 0.609259 0.036589  0.978488 -0.352090 1 55 1.000000
0  -5.502264 -26.907202 64.636154  -0.744549 0.655129 0.128267  1.012248 -0.120395 1 55 1.000000
rag
0  -5.411529 -26.977409 65.238762  -0.869764 0.375568 0.320093  1.057929 0.276187 1 55 1.000000
0  -5.514194 -27.037003 65.138054  -0.760691 0.595459 0.258416  1.134918 0.193490 1 55 1.000000
0  -5.431624 -27.167503 65.516739  -0.742131 0.531424 0.408449  1.183546 0.462801 1 55 1.000000
rag
0  -5.605516 -27.141592 65.073662  -0.913099 0.339815 0.225336  1.275681 0.175486 1 55 1.000000
0  -5.405550 -27.276451 65.653801  -0.852944 0.249363 0.458590  1.241219 0.566167 1 55 1.000000
0  -5.431624 -27.167503 65.516739  -0.742131 0.531424 0.408449  1.183546 0.462801 1 55 1.000000
rag
0  -5.201193 -27.396994 66.019325  -0.750194 0.267215 0.604818  1.206758 0.956848 1 55 1.000000
0  -5.314342 -27.192995 65.688393  -0.658448 0.562329 0.500232  1.144959 0.601900 1 55 1.000000
0  -5.431624 -27.167503 65.516739  -0.742131 0.531424 0.408449  1.183546 0.462801 1 55 1.000000
rag
0  -5.201193 -27.396994 66.019325  -0.750194 0.267215 0.604818  1.206758 0.956848 1 55 1.000000
0  -5.110400 -27.370556 66.088654  -0.572298 0.389356 0.721719  1.147274 0.926479 1 55 1.000000
0  -5.207695 -27.234724 65.854065  -0.621472 0.553900 0.554046  1.121333 0.731883 1 55 1.000000
rag
0  -5.045586 -27.305529 66.099976  -0.720501 0.255256 0.644765  1.084906 0.927904 1 55 1.000000
0  -5.241828 -27.126242 65.705276  -0.820874 0.315207 0.476246  1.076297 0.617554 1 55 1.000000
0  -5.207695 -27.234724 65.854065  -0.621472 0.553900 0.554046  1.121333 0.731883 1 55 1.000000
rag
0  -5.411529 -26.977409 65.238762  -0.869764 0.375568 0.320093  1.057929 0.276187 1 55 1.000000
0  -5.314342 -27.192995 65.688393  -0.658448 0.562329 0.500232  1.144959 0.601900 1 55 1.000000
0  -5.207695 -27.234724 65.854065  -0.621472 0.553900 0.554046  1.121333 0.731883 1 55 1.000000
rag
0  -5.374357 -26.777159 65.173157  -0.406985 0.886862 0.218722  0.889910 0.232584 1 55 1.000000
0  -5.415956 -26.853323 65.177277  -0.916446 0.339917 0.211146  0.977992 0.230776 1 55 1.000000
0  -5.308515 -26.995281 65.555740  -0.891066 0.240611 0.384848  1.026614 0.499532 1 55 1.000000
rag
0  -5.411529 -26.977409 65.238762  -0.869764 0.375568 0.320093  1.057929 0.276187 1 55 1.000000
0  -5.241828 -27.126242 65.705276  -0.820874 0.315207 0.476246  1.076297 0.617554 1 55 1.000000
0  -5.308515 -26.995281 65.555740  -0.891066 0.240611 0.384848  1.026614 0.499532 1 55 1.000000
rag
0  -5.045586 -27.305529 66.099976  -0.720501 0.255256 0.644765  1.084906 0.927904 1 55 1.000000
0  -5.232136 -27.024836 65.719269  -0.868064 0.218666 0.445702  1.007268 0.618284 1 55 1.000000
0  -5.308515 -26.995281 65.555740  -0.891066 0.240611 0.384848  1.026614 0.499532 1 55 1.000000
rag
0  -5.411529 -26.977409 65.238762  -0.869764 0.375568 0.320093  1.057929 0.276187 1 55 1.000000
0  -5.415956 -26.853323 65.177277  -0.916446 0.339917 0.211146  0.977992 0.230776 1 55 1.000000
0  -5.434804 -26.766577 64.665634  -0.895429 0.440823 0.062300  0.894555 -0.092291 1 55 1.000000
rag
0  -5.374357 -26.777159 65.173157  -0.406985 0.886862 0.218722  0.889910 0.232584 1 55 1.000000
0  -5.372900 -26.717520 64.372330  -0.362487 0.931962 0.007089  0.787191 -0.261332 1 55 1.000000
0  -5.434804 -26.766577 64.665634  -0.895429 0.440823 0.062300  0.894555 -0.092291 1 55 1.000000
rag
0  -5.372213 -26.751007 63.685108  -0.398461 0.915499 -0.055591  0.704079 -0.701076 1 55 1.000000
0  -5.441758 -26.815659 64.510696  -0.813504 0.581529 0.005857  0.916967 -0.187339 1 55 1.000000
0  -5.434804 -26.766577 64.665634  -0.895429 0.440823 0.062300  0.894555 -0.092291 1 55 1.000000
rag
0  -5.372213 -26.751007 63.685108  -0.020633 0.900654 -0.434047  0.704079 -0.701076 1 55 1.000000
0  -5.091435 -26.806053 63.554813  0.244771 0.871189 -0.425579  0.490995 -0.723860 1 55 1.000000
0  -5.046353 -26.957685 63.240757  0.352953 0.656030 -0.667120  0.331620 -0.955248 1 55 1.000000
rag
0  -4.849721 -26.869455 63.699398  0.537821 0.754679 -0.375776  0.362726 -0.576834 1 55 1.000000
0  -4.917065 -27.061989 63.290394  0.531351 0.533938 -0.657705  0.206427 -0.910801 1 55 1.000000
0  -5.046353 -26.957685 63.240757  0.352953 0.656030 -0.667120  0.331620 -0.955248 1 55 1.000000
rag
0  -5.057060 -27.221397 63.182247  0.432851 0.178480 -0.883621  0.001239 -1.345653 1 55 1.000000
0  -5.203810 -26.997425 63.162983  0.224319 0.632952 -0.740981  0.383517 -1.067850 1 55 1.000000
0  -5.046353 -26.957685 63.240757  0.352953 0.656030 -0.667120  0.331620 -0.955248 1 55 1.000000
rag
0  -4.507255 -27.797132 65.527618  -0.378546 0.869825 -0.316397  0.132222 1.557060 1 55 1.000000
0  -4.575747 -27.765221 65.617699  -0.366181 0.349095 -0.862580  0.079761 1.428399 1 55 1.000000
0  -4.468062 -27.761347 65.586914  -0.218995 0.724755 -0.653277  0.189585 1.497876 1 55 1.000000
rag
0  -4.663243 -27.721560 65.636551  -0.088749 -0.262978 -0.960711  0.023412 1.318596 1 55 1.000000
0  -4.458420 -27.738235 65.598221  -0.186181 0.577820 -0.794645  0.213800 1.479193 1 55 1.000000
0  -4.468062 -27.761347 65.586914  -0.218995 0.724755 -0.653277  0.189585 1.497876 1 55 1.000000
rag
0  -4.271383 -27.764626 65.499779  0.064297 0.957844 -0.280002  0.364090 1.663196 1 55 1.000000
0  -4.388519 -27.773134 65.513016  -0.180152 0.942245 -0.282347  0.252481 1.605124 1 55 1.000000
0  -4.468062 -27.761347 65.586914  -0.218995 0.724755 -0.653277  0.189585 1.497876 1 55 1.000000
rag
0  -4.416204 -27.599239 65.685173  0.415981 0.435049 -0.798556  0.370436 1.347967 1 55 1.000000
0  -4.341293 -27.689299 65.617287  0.096179 0.779912 -0.618455  0.366516 1.499952 1 55 1.000000
0  -4.447657 -27.693604 65.623665  -0.095731 0.563763 -0.820370  0.259256 1.439659 1 55 1.000000
rag
0  -4.271383 -27.764626 65.499779  0.064297 0.957844 -0.280002  0.364090 1.663196 1 55 1.000000
0  -4.458420 -27.738235 65.598221  -0.186181 0.577820 -0.794645  0.213800 1.479193 1 55 1.000000
0  -4.447657 -27.693604 65.623665  -0.095731 0.563763 -0.820370  0.259256 1.439659 1 55 1.000000
rag
0  -4.663243 -27.721560 65.636551  -0.088749 -0.262978 -0.960711  0.023412 1.318596 1 55 1.000000
0  -4.546423 -27.658613 65.644005  0.099177 0.172150 -0.980065  0.189445 1.331787 1 55 1.000000
0  -4.447657 -27.693604 65.623665  -0.095731 0.563763 -0.820370  0.259256 1.439659 1 55 1.000000
rag
0  -4.271383 -27.764626 65.499779  0.064297 0.957844 -0.280002  0.364090 1.663196 1 55 1.000000
0  -4.341293 -27.689299 65.617287  0.096179 0.779912 -0.618455  0.366516 1.499952 1 55 1.000000
0  -4.247066 -27.712320 65.617264  0.310610 0.864585 -0.394986  0.438187 1.565141 1 55 1.000000
rag
0  -4.416204 -27.599239 65.685173  0.415981 0.435049 -0.798556  0.370436 1.347967 1 55 1.000000
0  -4.220205 -27.712332 65.664566  0.476406 0.870477 -0.123724  0.475208 1.545690 1 55 1.000000
0  -4.247066 -27.712320 65.617264  0.310610 0.864585 -0.394986  0.438187 1.565141 1 55 1.000000
rag
0  -4.107495 -27.787134 65.574562  0.508878 0.857673 -0.073759  0.510498 1.702570 1 55 1.000000
0  -4.171086 -27.768494 65.535484  0.293279 0.931440 -0.215421  0.453628 1.687772 1 55 1.000000
0  -4.247066 -27.712320 65.617264  0.310610 0.864585 -0.394986  0.438187 1.565141 1 55 1.000000
rag
0  -4.271383 -27.764626 65.499779  0.064297 0.957844 -0.280002  0.364090 1.663196 1 55 1.000000
0  -4.171086 -27.768494 65.535484  0.293279 0.931440 -0.215421  0.453628 1.687772 1 55 1.000000
0  -4.121089 -27.807508 65.361595  0.267273 0.955417 -0.125472  0.433167 1.830263 1 55 1.000000
rag
0  -4.107495 -27.787134 65.574562  0.508878 0.857673 -0.073759  0.510498 1.702570 1 55 1.000000
0  -4.062740 -27.831320 65.344986  0.542435 0.833642 -0.103949  0.468933 1.877092 1 55 1.000000
0  -4.121089 -27.807508 65.361595  0.267273 0.955417 -0.125472  0.433167 1.830263 1 55 1.000000
rag
0  -4.062988 -27.888596 64.921829  0.608177 0.788457 -0.091961  0.356346 2.135105 1 55 1.000000
0  -4.155396 -27.812117 65.237762  0.292819 0.951053 -0.098771  0.378027 1.895126 1 55 1.000000
0  -4.121089 -27.807508 65.361595  0.267273 0.955417 -0.125472  0.433167 1.830263 1 55 1.000000
rag
0  -4.062988 -27.888596 64.921829  0.608177 0.788457 -0.091961  0.356346 2.135105 1 55 1.000000
0  -4.189198 -27.821945 64.922539  0.290316 0.953447 -0.081585  0.289465 2.112167 1 55 1.000000
0  -4.207949 -27.804115 65.128204  0.271000 0.959341 -0.078892  0.325381 1.959868 1 55 1.000000
rag
0  -4.327596 -27.806749 64.923386  -0.105342 0.988902 -0.104768  0.222584 2.089229 1 55 1.000000
0  -4.284760 -27.781189 65.234558  0.065082 0.995346 -0.071069  0.301477 1.864332 1 55 1.000000
0  -4.207949 -27.804115 65.128204  0.271000 0.959341 -0.078892  0.325381 1.959868 1 55 1.000000
rag
0  -4.271383 -27.764626 65.499779  0.064297 0.957844 -0.280002  0.364090 1.663196 1 55 1.000000
0  -4.155396 -27.812117 65.237762  0.292819 0.951053 -0.098771  0.378027 1.895126 1 55 1.000000
0  -4.207949 -27.804115 65.128204  0.271000 0.959341 -0.078892  0.325381 1.959868 1 55 1.000000
rag
0  -4.507255 -27.797132 65.527618  -0.378546 0.869825 -0.316397  0.132222 1.557060 1 55 1.000000
0  -4.388519 -27.773134 65.513016  -0.180152 0.942245 -0.282347  0.252481 1.605124 1 55 1.000000
0  -4.354331 -27.776674 65.347122  -0.116615 0.991580 -0.056293  0.260731 1.752962 1 55 1.000000
rag
0  -4.271383 -27.764626 65.499779  0.064297 0.957844 -0.280002  0.364090 1.663196 1 55 1.000000
0  -4.284760 -27.781189 65.234558  0.065082 0.995346 -0.071069  0.301477 1.864332 1 55 1.000000
0  -4.354331 -27.776674 65.347122  -0.116615 0.991580 -0.056293  0.260731 1.752962 1 55 1.000000
rag
0  -4.327596 -27.806749 64.923386  -0.105342 0.988902 -0.104768  0.222584 2.089229 1 55 1.000000
0  -4.409917 -27.792406 65.247833  -0.282157 0.954269 -0.098787  0.199614 1.813689 1 55 1.000000
0  -4.354331 -27.776674 65.347122  -0.116615 0.991580 -0.056293  0.260731 1.752962 1 55 1.000000
rag
0  -4.327596 -27.806749 64.923386  -0.105342 0.988902 -0.104768  0.222584 2.089229 1 55 1.000000
0  -4.458559 -27.854052 64.924271  -0.498961 0.857051 -0.128457  0.147923 2.090071 1 55 1.000000
0  -4.467784 -27.831388 65.142334  -0.493618 0.860213 -0.127965  0.152747 1.898177 1 55 1.000000
rag
0  -4.565606 -27.948490 64.925072  -0.758200 0.630412 -0.166473  0.073261 2.090913 1 55 1.000000
0  -4.529840 -27.856833 65.251358  -0.559696 0.817303 -0.136952  0.109924 1.805888 1 55 1.000000
0  -4.467784 -27.831388 65.142334  -0.493618 0.860213 -0.127965  0.152747 1.898177 1 55 1.000000
rag
0  -4.507255 -27.797132 65.527618  -0.378546 0.869825 -0.316397  0.132222 1.557060 1 55 1.000000
0  -4.409917 -27.792406 65.247833  -0.282157 0.954269 -0.098787  0.199614 1.813689 1 55 1.000000
0  -4.467784 -27.831388 65.142334  -0.493618 0.860213 -0.127965  0.152747 1.898177 1 55 1.000000
rag
0  -4.678919 -27.917730 65.561005  -0.761649 0.543059 -0.353523  -0.098394 1.568571 1 55 1.000000
0  -4.601629 -27.855410 65.538132  -0.594913 0.723278 -0.350639  0.014881 1.560931 1 55 1.000000
0  -4.579532 -27.877272 65.359436  -0.598709 0.786855 -0.149686  0.051294 1.720073 1 55 1.000000
rag
0  -4.507255 -27.797132 65.527618  -0.378546 0.869825 -0.316397  0.132222 1.557060 1 55 1.000000
0  -4.529840 -27.856833 65.251358  -0.559696 0.817303 -0.136952  0.109924 1.805888 1 55 1.000000
0  -4.579532 -27.877272 65.359436  -0.598709 0.786855 -0.149686  0.051294 1.720073 1 55 1.000000
rag
0  -4.565606 -27.948490 64.925072  -0.758200 0.630412 -0.166473  0.073261 2.090913 1 55 1.000000
0  -4.626862 -27.923717 65.307846  -0.725726 0.668821 -0.161250  -0.011828 1.779632 1 55 1.000000
0  -4.579532 -27.877272 65.359436  -0.598709 0.786855 -0.149686  0.051294 1.720073 1 55 1.000000
molotov
0  -4.783732 -27.967300 64.640564  -0.880345 0.474309 0.004898  0.083300 0.971500 1 55 1.000000
0  -4.613691 -27.751364 64.639206  -0.525222 0.850962 0.002151  0.000000 0.971500 1 55 1.000000
0  -4.626129 -27.754040 62.662548  -0.593506 0.792282 0.141562  0.000000 0.822900 1 55 1.000000
molotov
0  -4.822916 -28.239346 64.641182  -0.999549 -0.029342 0.006327  0.166700 0.971500 1 55 1.000000
0  -4.783732 -27.967300 64.640564  -0.880345 0.474309 0.004898  0.083300 0.971500 1 55 1.000000
0  -4.796167 -27.969980 62.663910  -0.909907 0.388945 0.144191  0.083300 0.822900 1 55 1.000000
molotov
0  -4.626129 -27.754040 62.662548  -0.593506 0.792282 0.141562  0.000000 0.822900 1 55 1.000000
0  -4.796167 -27.969980 62.663910  -0.909907 0.388945 0.144191  0.083300 0.822900 1 55 1.000000
0  -4.783732 -27.967300 64.640564  -0.880345 0.474309 0.004898  0.083300 0.971500 1 55 1.000000
molotov
0  -4.626129 -27.754040 62.662548  -0.593506 0.792282 0.141562  0.000000 0.822900 1 55 1.000000
0  -4.821574 -27.503422 61.562916  -0.558447 0.745654 0.363506  0.000000 0.740200 1 55 1.000000
0  -4.796167 -27.969980 62.663910  -0.909907 0.388945 0.144191  0.083300 0.822900 1 55 1.000000
molotov
0  -5.137143 -27.091595 60.522018  -0.558724 0.755966 0.341089  0.000000 0.661900 1 55 1.000000
0  -5.092392 -27.847418 61.565083  -0.855910 0.365442 0.365883  0.083300 0.740200 1 55 1.000000
0  -4.821574 -27.503422 61.562916  -0.558447 0.745654 0.363506  0.000000 0.740200 1 55 1.000000
molotov
0  -5.092392 -27.847418 61.565083  -0.855910 0.365442 0.365883  0.083300 0.740200 1 55 1.000000
0  -4.796167 -27.969980 62.663910  -0.909907 0.388945 0.144191  0.083300 0.822900 1 55 1.000000
0  -4.821574 -27.503422 61.562916  -0.558447 0.745654 0.363506  0.000000 0.740200 1 55 1.000000
molotov
0  -4.835352 -28.242023 62.664524  -0.982255 -0.118481 0.145385  0.166700 0.822900 1 55 1.000000
0  -4.796167 -27.969980 62.663910  -0.909907 0.388945 0.144191  0.083300 0.822900 1 55 1.000000
0  -5.092392 -27.847418 61.565083  -0.855910 0.365442 0.365883  0.083300 0.740200 1 55 1.000000
molotov
0  -4.796167 -27.969980 62.663910  -0.909907 0.388945 0.144191  0.083300 0.822900 1 55 1.000000
0  -4.835352 -28.242023 62.664524  -0.982255 -0.118481 0.145385  0.166700 0.822900 1 55 1.000000
0  -4.822916 -28.239346 64.641182  -0.999549 -0.029342 0.006327  0.166700 0.971500 1 55 1.000000
molotov
0  -4.721000 -28.494532 64.640884  -0.850921 -0.525259 0.006064  0.250000 0.971500 1 55 1.000000
0  -4.822916 -28.239346 64.641182  -0.999549 -0.029342 0.006327  0.166700 0.971500 1 55 1.000000
0  -4.835352 -28.242023 62.664524  -0.982255 -0.118481 0.145385  0.166700 0.822900 1 55 1.000000
molotov
0  -4.245397 -28.706518 62.661438  0.119560 -0.982960 0.139626  0.416700 0.822900 1 55 1.000000
0  -3.990197 -28.604460 62.659698  0.595274 -0.791897 0.136192  0.500000 0.822900 1 55 1.000000
0  -3.977759 -28.601784 64.636353  0.525219 -0.850964 -0.002155  0.500000 0.971500 1 55 1.000000
molotov
0  -3.977759 -28.601784 64.636353  0.525219 -0.850964 -0.002155  0.500000 0.971500 1 55 1.000000
0  -4.232961 -28.703842 64.638092  0.029360 -0.999568 0.001171  0.416700 0.971500 1 55 1.000000
0  -4.245397 -28.706518 62.661438  0.119560 -0.982960 0.139626  0.416700 0.822900 1 55 1.000000
molotov
0  -4.517415 -28.667198 62.663097  -0.387912 -0.910572 0.142768  0.333300 0.822900 1 55 1.000000
0  -4.245397 -28.706518 62.661438  0.119560 -0.982960 0.139626  0.416700 0.822900 1 55 1.000000
0  -4.232961 -28.703842 64.638092  0.029360 -0.999568 0.001171  0.416700 0.971500 1 55 1.000000
molotov
0  -4.232961 -28.703842 64.638092  0.029360 -0.999568 0.001171  0.416700 0.971500 1 55 1.000000
0  -4.504982 -28.664515 64.639755  -0.474304 -0.880351 0.004176  0.333300 0.971500 1 55 1.000000
0  -4.517415 -28.667198 62.663097  -0.387912 -0.910572 0.142768  0.333300 0.822900 1 55 1.000000
molotov
0  -4.733433 -28.497208 62.664227  -0.791254 -0.594062 0.144937  0.250000 0.822900 1 55 1.000000
0  -4.517415 -28.667198 62.663097  -0.387912 -0.910572 0.142768  0.333300 0.822900 1 55 1.000000
0  -4.504982 -28.664515 64.639755  -0.474304 -0.880351 0.004176  0.333300 0.971500 1 55 1.000000
molotov
0  -4.504982 -28.664515 64.639755  -0.474304 -0.880351 0.004176  0.333300 0.971500 1 55 1.000000
0  -4.721000 -28.494532 64.640884  -0.850921 -0.525259 0.006064  0.250000 0.971500 1 55 1.000000
0  -4.733433 -28.497208 62.664227  -0.791254 -0.594062 0.144937  0.250000 0.822900 1 55 1.000000
molotov
0  -4.835352 -28.242023 62.664524  -0.982255 -0.118481 0.145385  0.166700 0.822900 1 55 1.000000
0  -4.733433 -28.497208 62.664227  -0.791254 -0.594062 0.144937  0.250000 0.822900 1 55 1.000000
0  -4.721000 -28.494532 64.640884  -0.850921 -0.525259 0.006064  0.250000 0.971500 1 55 1.000000
molotov
0  -4.733433 -28.497208 62.664227  -0.791254 -0.594062 0.144937  0.250000 0.822900 1 55 1.000000
0  -4.835352 -28.242023 62.664524  -0.982255 -0.118481 0.145385  0.166700 0.822900 1 55 1.000000
0  -5.154841 -28.280710 61.566063  -0.923408 -0.112480 0.366969  0.166700 0.740200 1 55 1.000000
molotov
0  -5.092392 -27.847418 61.565083  -0.855910 0.365442 0.365883  0.083300 0.740200 1 55 1.000000
0  -5.154841 -28.280710 61.566063  -0.923408 -0.112480 0.366969  0.166700 0.740200 1 55 1.000000
0  -4.835352 -28.242023 62.664524  -0.982255 -0.118481 0.145385  0.166700 0.822900 1 55 1.000000
molotov
0  -5.573195 -27.645437 60.525513  -0.861313 0.374332 0.343535  0.083300 0.661900 1 55 1.000000
0  -5.154841 -28.280710 61.566063  -0.923408 -0.112480 0.366969  0.166700 0.740200 1 55 1.000000
0  -5.092392 -27.847418 61.565083  -0.855910 0.365442 0.365883  0.083300 0.740200 1 55 1.000000
molotov
0  -5.137143 -27.091595 60.522018  -0.558724 0.755966 0.341089  0.000000 0.661900 1 55 1.000000
0  -5.573195 -27.645437 60.525513  -0.861313 0.374332 0.343535  0.083300 0.661900 1 55 1.000000
0  -5.092392 -27.847418 61.565083  -0.855910 0.365442 0.365883  0.083300 0.740200 1 55 1.000000
molotov
0  -5.137143 -27.091595 60.522018  -0.558724 0.755966 0.341089  0.000000 0.661900 1 55 1.000000
0  -5.198332 -27.013836 60.105892  -0.593278 0.796325 0.117847  0.000000 0.630600 1 55 1.000000
0  -5.573195 -27.645437 60.525513  -0.861313 0.374332 0.343535  0.083300 0.661900 1 55 1.000000
molotov
0  -5.665698 -27.607454 60.109634  -0.911813 0.392607 0.120240  0.083300 0.630600 1 55 1.000000
0  -5.573195 -27.645437 60.525513  -0.861313 0.374332 0.343535  0.083300 0.661900 1 55 1.000000
0  -5.198332 -27.013836 60.105892  -0.593278 0.796325 0.117847  0.000000 0.630600 1 55 1.000000
molotov
0  -5.249677 -27.024887 51.944359  -0.588220 0.777045 -0.224048  0.000000 0.017100 1 55 1.000000
0  -5.665698 -27.607454 60.109634  -0.911813 0.392607 0.120240  0.083300 0.630600 1 55 1.000000
0  -5.198332 -27.013836 60.105892  -0.593278 0.796325 0.117847  0.000000 0.630600 1 55 1.000000
molotov
0  -5.249677 -27.024887 51.944359  -0.588220 0.777045 -0.224048  0.000000 0.017100 1 55 1.000000
0  -5.717045 -27.618505 51.948105  -0.898266 0.379527 -0.221535  0.083300 0.017100 1 55 1.000000
0  -5.665698 -27.607454 60.109634  -0.911813 0.392607 0.120240  0.083300 0.630600 1 55 1.000000
molotov
0  -5.186326 -27.111757 51.723576  -0.602736 0.668331 -0.435939  0.000000 0.000500 1 55 1.000000
0  -5.717045 -27.618505 51.948105  -0.898266 0.379527 -0.221535  0.083300 0.017100 1 55 1.000000
0  -5.249677 -27.024887 51.944359  -0.588220 0.777045 -0.224048  0.000000 0.017100 1 55 1.000000
molotov
0  -5.186326 -27.111757 51.723576  -0.602736 0.668331 -0.435939  0.000000 0.000500 1 55 1.000000
0  -5.618993 -27.661446 51.727039  -0.856817 0.278741 -0.433784  0.083300 0.000500 1 55 1.000000
0  -5.717045 -27.618505 51.948105  -0.898266 0.379527 -0.221535  0.083300 0.017100 1 55 1.000000
molotov
0  -5.618993 -27.661446 51.727039  -0.856817 0.278741 -0.433784  0.083300 0.000500 1 55 1.000000
0  -5.824876 -28.366316 51.949795  -0.968014 -0.119799 -0.220445  0.166700 0.017100 1 55 1.000000
0  -5.717045 -27.618505 51.948105  -0.898266 0.379527 -0.221535  0.083300 0.017100 1 55 1.000000
molotov
0  -5.573195 -27.645437 60.525513  -0.861313 0.374332 0.343535  0.083300 0.661900 1 55 1.000000
0  -5.673855 -28.343056 60.527092  -0.932566 -0.107506 0.344621  0.166700 0.661900 1 55 1.000000
0  -5.154841 -28.280710 61.566063  -0.923408 -0.112480 0.366969  0.166700 0.740200 1 55 1.000000
molotov
0  -5.673855 -28.343056 60.527092  -0.932566 -0.107506 0.344621  0.166700 0.661900 1 55 1.000000
0  -4.992377 -28.687159 61.565590  -0.742881 -0.560160 0.366536  0.250000 0.740200 1 55 1.000000
0  -5.154841 -28.280710 61.566063  -0.923408 -0.112480 0.366969  0.166700 0.740200 1 55 1.000000
molotov
0  -5.154841 -28.280710 61.566063  -0.923408 -0.112480 0.366969  0.166700 0.740200 1 55 1.000000
0  -4.992377 -28.687159 61.565590  -0.742881 -0.560160 0.366536  0.250000 0.740200 1 55 1.000000
0  -4.733433 -28.497208 62.664227  -0.791254 -0.594062 0.144937  0.250000 0.822900 1 55 1.000000
molotov
0  -4.733433 -28.497208 62.664227  -0.791254 -0.594062 0.144937  0.250000 0.822900 1 55 1.000000
0  -4.992377 -28.687159 61.565590  -0.742881 -0.560160 0.366536  0.250000 0.740200 1 55 1.000000
0  -4.517415 -28.667198 62.663097  -0.387912 -0.910572 0.142768  0.333300 0.822900 1 55 1.000000
molotov
0  -4.648384 -28.957989 61.563793  -0.362677 -0.857691 0.364461  0.333300 0.740200 1 55 1.000000
0  -4.517415 -28.667198 62.663097  -0.387912 -0.910572 0.142768  0.333300 0.822900 1 55 1.000000
0  -4.992377 -28.687159 61.565590  -0.742881 -0.560160 0.366536  0.250000 0.740200 1 55 1.000000
molotov
0  -4.517415 -28.667198 62.663097  -0.387912 -0.910572 0.142768  0.333300 0.822900 1 55 1.000000
0  -4.648384 -28.957989 61.563793  -0.362677 -0.857691 0.364461  0.333300 0.740200 1 55 1.000000
0  -4.245397 -28.706518 62.661438  0.119560 -0.982960 0.139626  0.416700 0.822900 1 55 1.000000
molotov
0  -4.215178 -29.020502 61.561150  0.115238 -0.925201 0.361556  0.416700 0.740200 1 55 1.000000
0  -4.245397 -28.706518 62.661438  0.119560 -0.982960 0.139626  0.416700 0.822900 1 55 1.000000
0  -4.648384 -28.957989 61.563793  -0.362677 -0.857691 0.364461  0.333300 0.740200 1 55 1.000000
molotov
0  -4.245397 -28.706518 62.661438  0.119560 -0.982960 0.139626  0.416700 0.822900 1 55 1.000000
0  -4.215178 -29.020502 61.561150  0.115238 -0.925201 0.361556  0.416700 0.740200 1 55 1.000000
0  -3.990197 -28.604460 62.659698  0.595274 -0.791897 0.136192  0.500000 0.822900 1 55 1.000000
molotov
0  -3.808659 -28.857975 61.558376  0.562958 -0.744680 0.358510  0.500000 0.740200 1 55 1.000000
0  -3.990197 -28.604460 62.659698  0.595274 -0.791897 0.136192  0.500000 0.822900 1 55 1.000000
0  -4.215178 -29.020502 61.561150  0.115238 -0.925201 0.361556  0.416700 0.740200 1 55 1.000000
molotov
0  -3.990197 -28.604460 62.659698  0.595274 -0.791897 0.136192  0.500000 0.822900 1 55 1.000000
0  -3.808659 -28.857975 61.558376  0.562958 -0.744680 0.358510  0.500000 0.740200 1 55 1.000000
0  -3.820156 -28.388519 62.658333  0.911650 -0.388576 0.133798  0.583300 0.822900 1 55 1.000000
molotov
0  -3.537839 -28.513979 61.556206  0.860410 -0.364493 0.356146  0.583300 0.740200 1 55 1.000000
0  -3.820156 -28.388519 62.658333  0.911650 -0.388576 0.133798  0.583300 0.822900 1 55 1.000000
0  -3.808659 -28.857975 61.558376  0.562958 -0.744680 0.358510  0.500000 0.740200 1 55 1.000000
molotov
0  -3.820156 -28.388519 62.658333  0.911650 -0.388576 0.133798  0.583300 0.822900 1 55 1.000000
0  -3.537839 -28.513979 61.556206  0.860410 -0.364493 0.356146  0.583300 0.740200 1 55 1.000000
0  -3.780972 -28.116476 62.657719  0.984006 0.118870 0.132672  0.666700 0.822900 1 55 1.000000
molotov
0  -3.475330 -28.080767 61.555225  0.927945 0.113448 0.355033  0.666700 0.740200 1 55 1.000000
0  -3.780972 -28.116476 62.657719  0.984006 0.118870 0.132672  0.666700 0.822900 1 55 1.000000
0  -3.537839 -28.513979 61.556206  0.860410 -0.364493 0.356146  0.583300 0.740200 1 55 1.000000
molotov
0  -3.780972 -28.116476 62.657719  0.984006 0.118870 0.132672  0.666700 0.822900 1 55 1.000000
0  -3.475330 -28.080767 61.555225  0.927945 0.113448 0.355033  0.666700 0.740200 1 55 1.000000
0  -3.882951 -27.861212 62.658016  0.793009 0.594422 0.133412  0.750000 0.822900 1 55 1.000000
molotov
0  -3.637856 -27.674238 61.555698  0.747417 0.561241 0.355494  0.750000 0.740200 1 55 1.000000
0  -3.882951 -27.861212 62.658016  0.793009 0.594422 0.133412  0.750000 0.822900 1 55 1.000000
0  -3.475330 -28.080767 61.555225  0.927945 0.113448 0.355033  0.666700 0.740200 1 55 1.000000
molotov
0  -3.882951 -27.861212 62.658016  0.793009 0.594422 0.133412  0.750000 0.822900 1 55 1.000000
0  -3.637856 -27.674238 61.555698  0.747417 0.561241 0.355494  0.750000 0.740200 1 55 1.000000
0  -4.098908 -27.691305 62.659142  0.389651 0.910957 0.135390  0.833300 0.822900 1 55 1.000000
molotov
0  -3.981788 -27.403492 61.557495  0.367266 0.858600 0.357662  0.833300 0.740200 1 55 1.000000
0  -4.098908 -27.691305 62.659142  0.389651 0.910957 0.135390  0.833300 0.822900 1 55 1.000000
0  -3.637856 -27.674238 61.555698  0.747417 0.561241 0.355494  0.750000 0.740200 1 55 1.000000
molotov
0  -4.098908 -27.691305 62.659142  0.389651 0.910957 0.135390  0.833300 0.822900 1 55 1.000000
0  -3.981788 -27.403492 61.557495  0.367266 0.858600 0.357662  0.833300 0.740200 1 55 1.000000
0  -4.370928 -27.651981 62.660801  -0.117788 0.983336 0.138482  0.916700 0.822900 1 55 1.000000
molotov
0  -5.412243 -28.997648 60.526333  -0.753362 -0.560412 0.344071  0.250000 0.661900 1 55 1.000000
0  -4.858327 -29.433653 60.523438  -0.371742 -0.862978 0.342165  0.333300 0.661900 1 55 1.000000
0  -4.648384 -28.957989 61.563793  -0.362677 -0.857691 0.364461  0.333300 0.740200 1 55 1.000000
molotov
0  -4.858327 -29.433653 60.523438  -0.371742 -0.862978 0.342165  0.333300 0.661900 1 55 1.000000
0  -4.215178 -29.020502 61.561150  0.115238 -0.925201 0.361556  0.416700 0.740200 1 55 1.000000
0  -4.648384 -28.957989 61.563793  -0.362677 -0.857691 0.364461  0.333300 0.740200 1 55 1.000000
molotov
0  -4.858327 -29.433653 60.523438  -0.371742 -0.862978 0.342165  0.333300 0.661900 1 55 1.000000
0  -4.160662 -29.534399 60.519188  0.110101 -0.934256 0.339181  0.416700 0.661900 1 55 1.000000
0  -4.215178 -29.020502 61.561150  0.115238 -0.925201 0.361556  0.416700 0.740200 1 55 1.000000
molotov
0  -4.160662 -29.534399 60.519188  0.110101 -0.934256 0.339181  0.416700 0.661900 1 55 1.000000
0  -3.808659 -28.857975 61.558376  0.562958 -0.744680 0.358510  0.500000 0.740200 1 55 1.000000
0  -4.215178 -29.020502 61.561150  0.115238 -0.925201 0.361556  0.416700 0.740200 1 55 1.000000
molotov
0  -4.160662 -29.534399 60.519188  0.110101 -0.934256 0.339181  0.416700 0.661900 1 55 1.000000
0  -3.506143 -29.272705 60.514709  0.562996 -0.755051 0.336056  0.500000 0.661900 1 55 1.000000
0  -3.808659 -28.857975 61.558376  0.562958 -0.744680 0.358510  0.500000 0.740200 1 55 1.000000
molotov
0  -3.506143 -29.272705 60.514709  0.562996 -0.755051 0.336056  0.500000 0.661900 1 55 1.000000
0  -3.537839 -28.513979 61.556206  0.860410 -0.364493 0.356146  0.583300 0.740200 1 55 1.000000
0  -3.808659 -28.857975 61.558376  0.562958 -0.744680 0.358510  0.500000 0.740200 1 55 1.000000
molotov
0  -3.506143 -29.272705 60.514709  0.562996 -0.755051 0.336056  0.500000 0.661900 1 55 1.000000
0  -3.070090 -28.718864 60.511219  0.865587 -0.373405 0.333658  0.583300 0.661900 1 55 1.000000
0  -3.537839 -28.513979 61.556206  0.860410 -0.364493 0.356146  0.583300 0.740200 1 55 1.000000
molotov
0  -3.070090 -28.718864 60.511219  0.865587 -0.373405 0.333658  0.583300 0.661900 1 55 1.000000
0  -3.475330 -28.080767 61.555225  0.927945 0.113448 0.355033  0.666700 0.740200 1 55 1.000000
0  -3.537839 -28.513979 61.556206  0.860410 -0.364493 0.356146  0.583300 0.740200 1 55 1.000000
molotov
0  -3.070090 -28.718864 60.511219  0.865587 -0.373405 0.333658  0.583300 0.661900 1 55 1.000000
0  -2.969491 -28.021166 60.509640  0.936841 0.108444 0.332518  0.666700 0.661900 1 55 1.000000
0  -3.475330 -28.080767 61.555225  0.927945 0.113448 0.355033  0.666700 0.740200 1 55 1.000000
molotov
0  -2.969491 -28.021166 60.509640  0.936841 0.108444 0.332518  0.666700 0.661900 1 55 1.000000
0  -3.637856 -27.674238 61.555698  0.747417 0.561241 0.355494  0.750000 0.740200 1 55 1.000000
0  -3.475330 -28.080767 61.555225  0.927945 0.113448 0.355033  0.666700 0.740200 1 55 1.000000
molotov
0  -2.969491 -28.021166 60.509640  0.936841 0.108444 0.332518  0.666700 0.661900 1 55 1.000000
0  -3.231104 -27.366575 60.510403  0.757620 0.561301 0.333097  0.750000 0.661900 1 55 1.000000
0  -3.637856 -27.674238 61.555698  0.747417 0.561241 0.355494  0.750000 0.740200 1 55 1.000000
molotov
0  -3.231104 -27.366575 60.510403  0.757620 0.561301 0.333097  0.750000 0.661900 1 55 1.000000
0  -3.981788 -27.403492 61.557495  0.367266 0.858600 0.357662  0.833300 0.740200 1 55 1.000000
0  -3.637856 -27.674238 61.555698  0.747417 0.561241 0.355494  0.750000 0.740200 1 55 1.000000
molotov
0  -3.231104 -27.366575 60.510403  0.757620 0.561301 0.333097  0.750000 0.661900 1 55 1.000000
0  -3.785019 -26.930571 60.513294  0.375998 0.863904 0.335105  0.833300 0.661900 1 55 1.000000
0  -3.981788 -27.403492 61.557495  0.367266 0.858600 0.357662  0.833300 0.740200 1 55 1.000000
molotov
0  -5.412243 -28.997648 60.526333  -0.753362 -0.560412 0.344071  0.250000 0.661900 1 55 1.000000
0  -4.648384 -28.957989 61.563793  -0.362677 -0.857691 0.364461  0.333300 0.740200 1 55 1.000000
0  -4.992377 -28.687159 61.565590  -0.742881 -0.560160 0.366536  0.250000 0.740200 1 55 1.000000
molotov
0  -5.673855 -28.343056 60.527092  -0.932566 -0.107506 0.344621  0.166700 0.661900 1 55 1.000000
0  -5.412243 -28.997648 60.526333  -0.753362 -0.560412 0.344071  0.250000 0.661900 1 55 1.000000
0  -4.992377 -28.687159 61.565590  -0.742881 -0.560160 0.366536  0.250000 0.740200 1 55 1.000000
molotov
0  -5.673855 -28.343056 60.527092  -0.932566 -0.107506 0.344621  0.166700 0.661900 1 55 1.000000
0  -5.773529 -28.355265 60.111324  -0.985754 -0.116143 0.121656  0.166700 0.630600 1 55 1.000000
0  -5.412243 -28.997648 60.526333  -0.753362 -0.560412 0.344071  0.250000 0.661900 1 55 1.000000
molotov
0  -5.493183 -29.056780 60.110516  -0.795448 -0.593799 0.121102  0.250000 0.630600 1 55 1.000000
0  -5.412243 -28.997648 60.526333  -0.753362 -0.560412 0.344071  0.250000 0.661900 1 55 1.000000
0  -5.773529 -28.355265 60.111324  -0.985754 -0.116143 0.121656  0.166700 0.630600 1 55 1.000000
molotov
0  -5.412243 -28.997648 60.526333  -0.753362 -0.560412 0.344071  0.250000 0.661900 1 55 1.000000
0  -5.493183 -29.056780 60.110516  -0.795448 -0.593799 0.121102  0.250000 0.630600 1 55 1.000000
0  -4.858327 -29.433653 60.523438  -0.371742 -0.862978 0.342165  0.333300 0.661900 1 55 1.000000
molotov
0  -4.899489 -29.524103 60.107407  -0.391884 -0.912265 0.119158  0.333300 0.630600 1 55 1.000000
0  -4.858327 -29.433653 60.523438  -0.371742 -0.862978 0.342165  0.333300 0.661900 1 55 1.000000
0  -5.493183 -29.056780 60.110516  -0.795448 -0.593799 0.121102  0.250000 0.630600 1 55 1.000000
molotov
0  -4.858327 -29.433653 60.523438  -0.371742 -0.862978 0.342165  0.333300 0.661900 1 55 1.000000
0  -4.899489 -29.524103 60.107407  -0.391884 -0.912265 0.119158  0.333300 0.630600 1 55 1.000000
0  -4.160662 -29.534399 60.519188  0.110101 -0.934256 0.339181  0.416700 0.661900 1 55 1.000000
molotov
0  -4.151778 -29.632000 60.102852  0.117151 -0.986358 0.115648  0.416700 0.630600 1 55 1.000000
0  -4.160662 -29.534399 60.519188  0.110101 -0.934256 0.339181  0.416700 0.661900 1 55 1.000000
0  -4.899489 -29.524103 60.107407  -0.391884 -0.912265 0.119158  0.333300 0.630600 1 55 1.000000
molotov
0  -4.160662 -29.534399 60.519188  0.110101 -0.934256 0.339181  0.416700 0.661900 1 55 1.000000
0  -4.151778 -29.632000 60.102852  0.117151 -0.986358 0.115648  0.416700 0.630600 1 55 1.000000
0  -3.506143 -29.272705 60.514709  0.562996 -0.755051 0.336056  0.500000 0.661900 1 55 1.000000
molotov
0  -3.450194 -29.351593 60.098057  0.594815 -0.795977 0.112325  0.500000 0.630600 1 55 1.000000
0  -3.506143 -29.272705 60.514709  0.562996 -0.755051 0.336056  0.500000 0.661900 1 55 1.000000
0  -4.151778 -29.632000 60.102852  0.117151 -0.986358 0.115648  0.416700 0.630600 1 55 1.000000
molotov
0  -3.506143 -29.272705 60.514709  0.562996 -0.755051 0.336056  0.500000 0.661900 1 55 1.000000
0  -3.450194 -29.351593 60.098057  0.594815 -0.795977 0.112325  0.500000 0.630600 1 55 1.000000
0  -3.070090 -28.718864 60.511219  0.865587 -0.373405 0.333658  0.583300 0.661900 1 55 1.000000
molotov
0  -2.982888 -28.757896 60.094315  0.913126 -0.392480 0.110271  0.583300 0.630600 1 55 1.000000
0  -3.070090 -28.718864 60.511219  0.865587 -0.373405 0.333658  0.583300 0.661900 1 55 1.000000
0  -3.450194 -29.351593 60.098057  0.594815 -0.795977 0.112325  0.500000 0.630600 1 55 1.000000
molotov
0  -3.070090 -28.718864 60.511219  0.865587 -0.373405 0.333658  0.583300 0.661900 1 55 1.000000
0  -2.982888 -28.757896 60.094315  0.913126 -0.392480 0.110271  0.583300 0.630600 1 55 1.000000
0  -2.969491 -28.021166 60.509640  0.936841 0.108444 0.332518  0.666700 0.661900 1 55 1.000000
molotov
0  -2.874995 -28.010166 60.092625  0.987207 0.116472 0.108892  0.666700 0.630600 1 55 1.000000
0  -2.969491 -28.021166 60.509640  0.936841 0.108444 0.332518  0.666700 0.661900 1 55 1.000000
0  -2.982888 -28.757896 60.094315  0.913126 -0.392480 0.110271  0.583300 0.630600 1 55 1.000000
molotov
0  -2.969491 -28.021166 60.509640  0.936841 0.108444 0.332518  0.666700 0.661900 1 55 1.000000
0  -2.874995 -28.010166 60.092625  0.987207 0.116472 0.108892  0.666700 0.630600 1 55 1.000000
0  -3.231104 -27.366575 60.510403  0.757620 0.561301 0.333097  0.750000 0.661900 1 55 1.000000
molotov
0  -3.155401 -27.308571 60.093437  0.796892 0.594122 0.109462  0.750000 0.630600 1 55 1.000000
0  -3.231104 -27.366575 60.510403  0.757620 0.561301 0.333097  0.750000 0.661900 1 55 1.000000
0  -2.874995 -28.010166 60.092625  0.987207 0.116472 0.108892  0.666700 0.630600 1 55 1.000000
molotov
0  -3.231104 -27.366575 60.510403  0.757620 0.561301 0.333097  0.750000 0.661900 1 55 1.000000
0  -3.155401 -27.308571 60.093437  0.796892 0.594122 0.109462  0.750000 0.630600 1 55 1.000000
0  -3.785019 -26.930571 60.513294  0.375998 0.863904 0.335105  0.833300 0.661900 1 55 1.000000
molotov
0  -3.749033 -26.841328 60.096539  0.393273 0.912625 0.111586  0.833300 0.630600 1 55 1.000000
0  -3.785019 -26.930571 60.513294  0.375998 0.863904 0.335105  0.833300 0.661900 1 55 1.000000
0  -3.155401 -27.308571 60.093437  0.796892 0.594122 0.109462  0.750000 0.630600 1 55 1.000000
molotov
0  -3.206749 -27.319622 51.931908  0.775898 0.586494 -0.232396  0.750000 0.017100 1 55 1.000000
0  -3.749033 -26.841328 60.096539  0.393273 0.912625 0.111586  0.833300 0.630600 1 55 1.000000
0  -3.155401 -27.308571 60.093437  0.796892 0.594122 0.109462  0.750000 0.630600 1 55 1.000000
molotov
0  -3.206749 -27.319622 51.931908  0.775898 0.586494 -0.232396  0.750000 0.017100 1 55 1.000000
0  -3.800380 -26.852379 51.935009  0.378356 0.896544 -0.230339  0.833300 0.017100 1 55 1.000000
0  -3.749033 -26.841328 60.096539  0.393273 0.912625 0.111586  0.833300 0.630600 1 55 1.000000
molotov
0  -2.926340 -28.021217 51.931091  0.965153 0.119200 -0.232961  0.666700 0.017100 1 55 1.000000
0  -3.206749 -27.319622 51.931908  0.775898 0.586494 -0.232396  0.750000 0.017100 1 55 1.000000
0  -3.155401 -27.308571 60.093437  0.796892 0.594122 0.109462  0.750000 0.630600 1 55 1.000000
molotov
0  -2.926340 -28.021217 51.931091  0.965153 0.119200 -0.232961  0.666700 0.017100 1 55 1.000000
0  -3.155401 -27.308571 60.093437  0.796892 0.594122 0.109462  0.750000 0.630600 1 55 1.000000
0  -2.874995 -28.010166 60.092625  0.987207 0.116472 0.108892  0.666700 0.630600 1 55 1.000000
molotov
0  -3.034231 -28.768948 51.932781  0.895415 -0.380139 -0.231791  0.583300 0.017100 1 55 1.000000
0  -2.926340 -28.021217 51.931091  0.965153 0.119200 -0.232961  0.666700 0.017100 1 55 1.000000
0  -2.874995 -28.010166 60.092625  0.987207 0.116472 0.108892  0.666700 0.630600 1 55 1.000000
molotov
0  -3.034231 -28.768948 51.932781  0.895415 -0.380139 -0.231791  0.583300 0.017100 1 55 1.000000
0  -2.874995 -28.010166 60.092625  0.987207 0.116472 0.108892  0.666700 0.630600 1 55 1.000000
0  -2.982888 -28.757896 60.094315  0.913126 -0.392480 0.110271  0.583300 0.630600 1 55 1.000000
molotov
0  -3.501538 -29.362644 51.936527  0.585346 -0.777693 -0.229271  0.500000 0.017100 1 55 1.000000
0  -3.034231 -28.768948 51.932781  0.895415 -0.380139 -0.231791  0.583300 0.017100 1 55 1.000000
0  -2.982888 -28.757896 60.094315  0.913126 -0.392480 0.110271  0.583300 0.630600 1 55 1.000000
molotov
0  -3.501538 -29.362644 51.936527  0.585346 -0.777693 -0.229271  0.500000 0.017100 1 55 1.000000
0  -2.982888 -28.757896 60.094315  0.913126 -0.392480 0.110271  0.583300 0.630600 1 55 1.000000
0  -3.450194 -29.351593 60.098057  0.594815 -0.795977 0.112325  0.500000 0.630600 1 55 1.000000
molotov
0  -4.203122 -29.643051 51.941322  0.118084 -0.966906 -0.226162  0.416700 0.017100 1 55 1.000000
0  -3.501538 -29.362644 51.936527  0.585346 -0.777693 -0.229271  0.500000 0.017100 1 55 1.000000
0  -3.450194 -29.351593 60.098057  0.594815 -0.795977 0.112325  0.500000 0.630600 1 55 1.000000
molotov
0  -4.203122 -29.643051 51.941322  0.118084 -0.966906 -0.226162  0.416700 0.017100 1 55 1.000000
0  -3.450194 -29.351593 60.098057  0.594815 -0.795977 0.112325  0.500000 0.630600 1 55 1.000000
0  -4.151778 -29.632000 60.102852  0.117151 -0.986358 0.115648  0.416700 0.630600 1 55 1.000000
molotov
0  -4.950837 -29.535154 51.945877  -0.381226 -0.897158 -0.223100  0.333300 0.017100 1 55 1.000000
0  -4.203122 -29.643051 51.941322  0.118084 -0.966906 -0.226162  0.416700 0.017100 1 55 1.000000
0  -4.151778 -29.632000 60.102852  0.117151 -0.986358 0.115648  0.416700 0.630600 1 55 1.000000
molotov
0  -4.950837 -29.535154 51.945877  -0.381226 -0.897158 -0.223100  0.333300 0.017100 1 55 1.000000
0  -4.151778 -29.632000 60.102852  0.117151 -0.986358 0.115648  0.416700 0.630600 1 55 1.000000
0  -4.899489 -29.524103 60.107407  -0.391884 -0.912265 0.119158  0.333300 0.630600 1 55 1.000000
molotov
0  -5.544529 -29.067831 51.948982  -0.778737 -0.587113 -0.221059  0.250000 0.017100 1 55 1.000000
0  -4.950837 -29.535154 51.945877  -0.381226 -0.897158 -0.223100  0.333300 0.017100 1 55 1.000000
0  -4.899489 -29.524103 60.107407  -0.391884 -0.912265 0.119158  0.333300 0.630600 1 55 1.000000
molotov
0  -5.544529 -29.067831 51.948982  -0.778737 -0.587113 -0.221059  0.250000 0.017100 1 55 1.000000
0  -4.899489 -29.524103 60.107407  -0.391884 -0.912265 0.119158  0.333300 0.630600 1 55 1.000000
0  -5.493183 -29.056780 60.110516  -0.795448 -0.593799 0.121102  0.250000 0.630600 1 55 1.000000
molotov
0  -5.824876 -28.366316 51.949795  -0.968014 -0.119799 -0.220445  0.166700 0.017100 1 55 1.000000
0  -5.544529 -29.067831 51.948982  -0.778737 -0.587113 -0.221059  0.250000 0.017100 1 55 1.000000
0  -5.493183 -29.056780 60.110516  -0.795448 -0.593799 0.121102  0.250000 0.630600 1 55 1.000000
molotov
0  -5.824876 -28.366316 51.949795  -0.968014 -0.119799 -0.220445  0.166700 0.017100 1 55 1.000000
0  -5.493183 -29.056780 60.110516  -0.795448 -0.593799 0.121102  0.250000 0.630600 1 55 1.000000
0  -5.773529 -28.355265 60.111324  -0.985754 -0.116143 0.121656  0.166700 0.630600 1 55 1.000000
molotov
0  -5.717045 -27.618505 51.948105  -0.898266 0.379527 -0.221535  0.083300 0.017100 1 55 1.000000
0  -5.824876 -28.366316 51.949795  -0.968014 -0.119799 -0.220445  0.166700 0.017100 1 55 1.000000
0  -5.773529 -28.355265 60.111324  -0.985754 -0.116143 0.121656  0.166700 0.630600 1 55 1.000000
molotov
0  -5.717045 -27.618505 51.948105  -0.898266 0.379527 -0.221535  0.083300 0.017100 1 55 1.000000
0  -5.773529 -28.355265 60.111324  -0.985754 -0.116143 0.121656  0.166700 0.630600 1 55 1.000000
0  -5.665698 -27.607454 60.109634  -0.911813 0.392607 0.120240  0.083300 0.630600 1 55 1.000000
molotov
0  -5.773529 -28.355265 60.111324  -0.985754 -0.116143 0.121656  0.166700 0.630600 1 55 1.000000
0  -5.673855 -28.343056 60.527092  -0.932566 -0.107506 0.344621  0.166700 0.661900 1 55 1.000000
0  -5.665698 -27.607454 60.109634  -0.911813 0.392607 0.120240  0.083300 0.630600 1 55 1.000000
molotov
0  -5.573195 -27.645437 60.525513  -0.861313 0.374332 0.343535  0.083300 0.661900 1 55 1.000000
0  -5.665698 -27.607454 60.109634  -0.911813 0.392607 0.120240  0.083300 0.630600 1 55 1.000000
0  -5.673855 -28.343056 60.527092  -0.932566 -0.107506 0.344621  0.166700 0.661900 1 55 1.000000
molotov
0  -5.618993 -27.661446 51.727039  -0.856817 0.278741 -0.433784  0.083300 0.000500 1 55 1.000000
0  -5.718967 -28.353806 51.728607  -0.882046 -0.185779 -0.432991  0.166700 0.000500 1 55 1.000000
0  -5.824876 -28.366316 51.949795  -0.968014 -0.119799 -0.220445  0.166700 0.017100 1 55 1.000000
molotov
0  -5.718967 -28.353806 51.728607  -0.882046 -0.185779 -0.432991  0.166700 0.000500 1 55 1.000000
0  -5.544529 -29.067831 51.948982  -0.778737 -0.587113 -0.221059  0.250000 0.017100 1 55 1.000000
0  -5.824876 -28.366316 51.949795  -0.968014 -0.119799 -0.220445  0.166700 0.017100 1 55 1.000000
molotov
0  -5.718967 -28.353806 51.728607  -0.882046 -0.185779 -0.432991  0.166700 0.000500 1 55 1.000000
0  -5.459265 -29.003332 51.727848  -0.671692 -0.600557 -0.433776  0.250000 0.000500 1 55 1.000000
0  -5.544529 -29.067831 51.948982  -0.778737 -0.587113 -0.221059  0.250000 0.017100 1 55 1.000000
molotov
0  -5.459265 -29.003332 51.727848  -0.671692 -0.600557 -0.433776  0.250000 0.000500 1 55 1.000000
0  -4.950837 -29.535154 51.945877  -0.381226 -0.897158 -0.223100  0.333300 0.017100 1 55 1.000000
0  -5.544529 -29.067831 51.948982  -0.778737 -0.587113 -0.221059  0.250000 0.017100 1 55 1.000000
molotov
0  -5.459265 -29.003332 51.727848  -0.671692 -0.600557 -0.433776  0.250000 0.000500 1 55 1.000000
0  -4.909605 -29.436152 51.724979  -0.282089 -0.854650 -0.435889  0.333300 0.000500 1 55 1.000000
0  -4.950837 -29.535154 51.945877  -0.381226 -0.897158 -0.223100  0.333300 0.017100 1 55 1.000000
molotov
0  -4.909605 -29.436152 51.724979  -0.282089 -0.854650 -0.435889  0.333300 0.000500 1 55 1.000000
0  -4.203122 -29.643051 51.941322  0.118084 -0.966906 -0.226162  0.416700 0.017100 1 55 1.000000
0  -4.950837 -29.535154 51.945877  -0.381226 -0.897158 -0.223100  0.333300 0.017100 1 55 1.000000
molotov
0  -4.909605 -29.436152 51.724979  -0.282089 -0.854650 -0.435889  0.333300 0.000500 1 55 1.000000
0  -4.217238 -29.535994 51.720760  0.182417 -0.879901 -0.438747  0.416700 0.000500 1 55 1.000000
0  -4.203122 -29.643051 51.941322  0.118084 -0.966906 -0.226162  0.416700 0.017100 1 55 1.000000
molotov
0  -4.217238 -29.535994 51.720760  0.182417 -0.879901 -0.438747  0.416700 0.000500 1 55 1.000000
0  -3.501538 -29.362644 51.936527  0.585346 -0.777693 -0.229271  0.500000 0.017100 1 55 1.000000
0  -4.203122 -29.643051 51.941322  0.118084 -0.966906 -0.226162  0.416700 0.017100 1 55 1.000000
molotov
0  -4.217238 -29.535994 51.720760  0.182417 -0.879901 -0.438747  0.416700 0.000500 1 55 1.000000
0  -3.567664 -29.276373 51.716324  0.597205 -0.669534 -0.441667  0.500000 0.000500 1 55 1.000000
0  -3.501538 -29.362644 51.936527  0.585346 -0.777693 -0.229271  0.500000 0.017100 1 55 1.000000
molotov
0  -3.567664 -29.276373 51.716324  0.597205 -0.669534 -0.441667  0.500000 0.000500 1 55 1.000000
0  -3.034231 -28.768948 51.932781  0.895415 -0.380139 -0.231791  0.583300 0.017100 1 55 1.000000
0  -3.501538 -29.362644 51.936527  0.585346 -0.777693 -0.229271  0.500000 0.017100 1 55 1.000000
molotov
0  -3.567664 -29.276373 51.716324  0.597205 -0.669534 -0.441667  0.500000 0.000500 1 55 1.000000
0  -3.134996 -28.726685 51.712856  0.851289 -0.279940 -0.443779  0.583300 0.000500 1 55 1.000000
0  -3.034231 -28.768948 51.932781  0.895415 -0.380139 -0.231791  0.583300 0.017100 1 55 1.000000
molotov
0  -3.134996 -28.726685 51.712856  0.851289 -0.279940 -0.443779  0.583300 0.000500 1 55 1.000000
0  -2.926340 -28.021217 51.931091  0.965153 0.119200 -0.232961  0.666700 0.017100 1 55 1.000000
0  -3.034231 -28.768948 51.932781  0.895415 -0.380139 -0.231791  0.583300 0.017100 1 55 1.000000
molotov
0  -3.134996 -28.726685 51.712856  0.851289 -0.279940 -0.443779  0.583300 0.000500 1 55 1.000000
0  -3.035022 -28.034325 51.711285  0.876524 0.184606 -0.444552  0.666700 0.000500 1 55 1.000000
0  -2.926340 -28.021217 51.931091  0.965153 0.119200 -0.232961  0.666700 0.017100 1 55 1.000000
molotov
0  -3.035022 -28.034325 51.711285  0.876524 0.184606 -0.444552  0.666700 0.000500 1 55 1.000000
0  -3.206749 -27.319622 51.931908  0.775898 0.586494 -0.232396  0.750000 0.017100 1 55 1.000000
0  -2.926340 -28.021217 51.931091  0.965153 0.119200 -0.232961  0.666700 0.017100 1 55 1.000000
molotov
0  -3.035022 -28.034325 51.711285  0.876524 0.184606 -0.444552  0.666700 0.000500 1 55 1.000000
0  -3.294785 -27.384718 51.712044  0.666137 0.599404 -0.443821  0.750000 0.000500 1 55 1.000000
0  -3.206749 -27.319622 51.931908  0.775898 0.586494 -0.232396  0.750000 0.017100 1 55 1.000000
molotov
0  -3.294785 -27.384718 51.712044  0.666137 0.599404 -0.443821  0.750000 0.000500 1 55 1.000000
0  -3.800380 -26.852379 51.935009  0.378356 0.896544 -0.230339  0.833300 0.017100 1 55 1.000000
0  -3.206749 -27.319622 51.931908  0.775898 0.586494 -0.232396  0.750000 0.017100 1 55 1.000000
molotov
0  -3.294785 -27.384718 51.712044  0.666137 0.599404 -0.443821  0.750000 0.000500 1 55 1.000000
0  -3.844385 -26.951979 51.714916  0.276596 0.853460 -0.441702  0.833300 0.000500 1 55 1.000000
0  -3.800380 -26.852379 51.935009  0.378356 0.896544 -0.230339  0.833300 0.017100 1 55 1.000000
molotov
0  -3.844385 -26.951979 51.714916  0.276596 0.853460 -0.441702  0.833300 0.000500 1 55 1.000000
0  -4.548155 -26.744398 51.939568  -0.120929 0.966298 -0.227253  0.916700 0.017100 1 55 1.000000
0  -3.800380 -26.852379 51.935009  0.378356 0.896544 -0.230339  0.833300 0.017100 1 55 1.000000
molotov
0  -3.844385 -26.951979 51.714916  0.276596 0.853460 -0.441702  0.833300 0.000500 1 55 1.000000
0  -4.536751 -26.852137 51.719131  -0.187959 0.878708 -0.438798  0.916700 0.000500 1 55 1.000000
0  -4.548155 -26.744398 51.939568  -0.120929 0.966298 -0.227253  0.916700 0.017100 1 55 1.000000
molotov
0  -4.536751 -26.852137 51.719131  -0.187959 0.878708 -0.438798  0.916700 0.000500 1 55 1.000000
0  -5.249677 -27.024887 51.944359  -0.588220 0.777045 -0.224048  1.000000 0.017100 1 55 1.000000
0  -4.548155 -26.744398 51.939568  -0.120929 0.966298 -0.227253  0.916700 0.017100 1 55 1.000000
molotov
0  -4.536751 -26.852137 51.719131  -0.187959 0.878708 -0.438798  0.916700 0.000500 1 55 1.000000
0  -5.186326 -27.111757 51.723576  -0.602736 0.668331 -0.435939  1.000000 0.000500 1 55 1.000000
0  -5.249677 -27.024887 51.944359  -0.588220 0.777045 -0.224048  1.000000 0.017100 1 55 1.000000
molotov
0  -4.415051 -27.340899 61.560135  -0.110692 0.926180 0.360470  0.916700 0.740200 1 55 1.000000
0  -4.370928 -27.651981 62.660801  -0.117788 0.983336 0.138482  0.916700 0.822900 1 55 1.000000
0  -3.981788 -27.403492 61.557495  0.367266 0.858600 0.357662  0.833300 0.740200 1 55 1.000000
molotov
0  -3.785019 -26.930571 60.513294  0.375998 0.863904 0.335105  0.833300 0.661900 1 55 1.000000
0  -4.415051 -27.340899 61.560135  -0.110692 0.926180 0.360470  0.916700 0.740200 1 55 1.000000
0  -3.981788 -27.403492 61.557495  0.367266 0.858600 0.357662  0.833300 0.740200 1 55 1.000000
molotov
0  -3.785019 -26.930571 60.513294  0.375998 0.863904 0.335105  0.833300 0.661900 1 55 1.000000
0  -4.482626 -26.829899 60.517548  -0.105849 0.935177 0.337994  0.916700 0.661900 1 55 1.000000
0  -4.415051 -27.340899 61.560135  -0.110692 0.926180 0.360470  0.916700 0.740200 1 55 1.000000
molotov
0  -3.785019 -26.930571 60.513294  0.375998 0.863904 0.335105  0.833300 0.661900 1 55 1.000000
0  -3.749033 -26.841328 60.096539  0.393273 0.912625 0.111586  0.833300 0.630600 1 55 1.000000
0  -4.482626 -26.829899 60.517548  -0.105849 0.935177 0.337994  0.916700 0.661900 1 55 1.000000
molotov
0  -4.496809 -26.733347 60.101097  -0.115604 0.986657 0.114643  0.916700 0.630600 1 55 1.000000
0  -4.482626 -26.829899 60.517548  -0.105849 0.935177 0.337994  0.916700 0.661900 1 55 1.000000
0  -3.749033 -26.841328 60.096539  0.393273 0.912625 0.111586  0.833300 0.630600 1 55 1.000000
molotov
0  -3.800380 -26.852379 51.935009  0.378356 0.896544 -0.230339  0.833300 0.017100 1 55 1.000000
0  -4.496809 -26.733347 60.101097  -0.115604 0.986657 0.114643  0.916700 0.630600 1 55 1.000000
0  -3.749033 -26.841328 60.096539  0.393273 0.912625 0.111586  0.833300 0.630600 1 55 1.000000
molotov
0  -3.800380 -26.852379 51.935009  0.378356 0.896544 -0.230339  0.833300 0.017100 1 55 1.000000
0  -4.548155 -26.744398 51.939568  -0.120929 0.966298 -0.227253  0.916700 0.017100 1 55 1.000000
0  -4.496809 -26.733347 60.101097  -0.115604 0.986657 0.114643  0.916700 0.630600 1 55 1.000000
molotov
0  -4.548155 -26.744398 51.939568  -0.120929 0.966298 -0.227253  0.916700 0.017100 1 55 1.000000
0  -5.198332 -27.013836 60.105892  -0.593278 0.796325 0.117847  1.000000 0.630600 1 55 1.000000
0  -4.496809 -26.733347 60.101097  -0.115604 0.986657 0.114643  0.916700 0.630600 1 55 1.000000
molotov
0  -4.548155 -26.744398 51.939568  -0.120929 0.966298 -0.227253  0.916700 0.017100 1 55 1.000000
0  -5.249677 -27.024887 51.944359  -0.588220 0.777045 -0.224048  1.000000 0.017100 1 55 1.000000
0  -5.198332 -27.013836 60.105892  -0.593278 0.796325 0.117847  1.000000 0.630600 1 55 1.000000
molotov
0  -5.198332 -27.013836 60.105892  -0.593278 0.796325 0.117847  1.000000 0.630600 1 55 1.000000
0  -5.137143 -27.091595 60.522018  -0.558724 0.755966 0.341089  1.000000 0.661900 1 55 1.000000
0  -4.496809 -26.733347 60.101097  -0.115604 0.986657 0.114643  0.916700 0.630600 1 55 1.000000
molotov
0  -4.482626 -26.829899 60.517548  -0.105849 0.935177 0.337994  0.916700 0.661900 1 55 1.000000
0  -4.496809 -26.733347 60.101097  -0.115604 0.986657 0.114643  0.916700 0.630600 1 55 1.000000
0  -5.137143 -27.091595 60.522018  -0.558724 0.755966 0.341089  1.000000 0.661900 1 55 1.000000
molotov
0  -4.482626 -26.829899 60.517548  -0.105849 0.935177 0.337994  0.916700 0.661900 1 55 1.000000
0  -5.137143 -27.091595 60.522018  -0.558724 0.755966 0.341089  1.000000 0.661900 1 55 1.000000
0  -4.821574 -27.503422 61.562916  -0.558447 0.745654 0.363506  1.000000 0.740200 1 55 1.000000
molotov
0  -4.482626 -26.829899 60.517548  -0.105849 0.935177 0.337994  0.916700 0.661900 1 55 1.000000
0  -4.821574 -27.503422 61.562916  -0.558447 0.745654 0.363506  1.000000 0.740200 1 55 1.000000
0  -4.415051 -27.340899 61.560135  -0.110692 0.926180 0.360470  0.916700 0.740200 1 55 1.000000
molotov
0  -4.821574 -27.503422 61.562916  -0.558447 0.745654 0.363506  1.000000 0.740200 1 55 1.000000
0  -4.626129 -27.754040 62.662548  -0.593506 0.792282 0.141562  1.000000 0.822900 1 55 1.000000
0  -4.415051 -27.340899 61.560135  -0.110692 0.926180 0.360470  0.916700 0.740200 1 55 1.000000
molotov
0  -4.370928 -27.651981 62.660801  -0.117788 0.983336 0.138482  0.916700 0.822900 1 55 1.000000
0  -4.415051 -27.340899 61.560135  -0.110692 0.926180 0.360470  0.916700 0.740200 1 55 1.000000
0  -4.626129 -27.754040 62.662548  -0.593506 0.792282 0.141562  1.000000 0.822900 1 55 1.000000
molotov
0  -4.370928 -27.651981 62.660801  -0.117788 0.983336 0.138482  0.916700 0.822900 1 55 1.000000
0  -4.626129 -27.754040 62.662548  -0.593506 0.792282 0.141562  1.000000 0.822900 1 55 1.000000
0  -4.613691 -27.751364 64.639206  -0.525222 0.850962 0.002151  1.000000 0.971500 1 55 1.000000
molotov
0  -4.613691 -27.751364 64.639206  -0.525222 0.850962 0.002151  1.000000 0.971500 1 55 1.000000
0  -4.358493 -27.649302 64.637459  -0.029369 0.999568 -0.001169  0.916700 0.971500 1 55 1.000000
0  -4.370928 -27.651981 62.660801  -0.117788 0.983336 0.138482  0.916700 0.822900 1 55 1.000000
molotov
0  -4.098908 -27.691305 62.659142  0.389651 0.910957 0.135390  0.833300 0.822900 1 55 1.000000
0  -4.370928 -27.651981 62.660801  -0.117788 0.983336 0.138482  0.916700 0.822900 1 55 1.000000
0  -4.358493 -27.649302 64.637459  -0.029369 0.999568 -0.001169  0.916700 0.971500 1 55 1.000000
molotov
0  -4.358493 -27.649302 64.637459  -0.029369 0.999568 -0.001169  0.916700 0.971500 1 55 1.000000
0  -4.086473 -27.688629 64.635803  0.474310 0.880348 -0.004179  0.833300 0.971500 1 55 1.000000
0  -4.098908 -27.691305 62.659142  0.389651 0.910957 0.135390  0.833300 0.822900 1 55 1.000000
molotov
0  -3.882951 -27.861212 62.658016  0.793009 0.594422 0.133412  0.750000 0.822900 1 55 1.000000
0  -4.098908 -27.691305 62.659142  0.389651 0.910957 0.135390  0.833300 0.822900 1 55 1.000000
0  -4.086473 -27.688629 64.635803  0.474310 0.880348 -0.004179  0.833300 0.971500 1 55 1.000000
molotov
0  -4.086473 -27.688629 64.635803  0.474310 0.880348 -0.004179  0.833300 0.971500 1 55 1.000000
0  -3.870516 -27.858536 64.634666  0.850955 0.525203 -0.006062  0.750000 0.971500 1 55 1.000000
0  -3.882951 -27.861212 62.658016  0.793009 0.594422 0.133412  0.750000 0.822900 1 55 1.000000
molotov
0  -3.780972 -28.116476 62.657719  0.984006 0.118870 0.132672  0.666700 0.822900 1 55 1.000000
0  -3.882951 -27.861212 62.658016  0.793009 0.594422 0.133412  0.750000 0.822900 1 55 1.000000
0  -3.870516 -27.858536 64.634666  0.850955 0.525203 -0.006062  0.750000 0.971500 1 55 1.000000
molotov
0  -3.870516 -27.858536 64.634666  0.850955 0.525203 -0.006062  0.750000 0.971500 1 55 1.000000
0  -3.768540 -28.113800 64.634377  0.999549 0.029343 -0.006329  0.666700 0.971500 1 55 1.000000
0  -3.780972 -28.116476 62.657719  0.984006 0.118870 0.132672  0.666700 0.822900 1 55 1.000000
molotov
0  -3.820156 -28.388519 62.658333  0.911650 -0.388576 0.133798  0.583300 0.822900 1 55 1.000000
0  -3.780972 -28.116476 62.657719  0.984006 0.118870 0.132672  0.666700 0.822900 1 55 1.000000
0  -3.768540 -28.113800 64.634377  0.999549 0.029343 -0.006329  0.666700 0.971500 1 55 1.000000
molotov
0  -3.768540 -28.113800 64.634377  0.999549 0.029343 -0.006329  0.666700 0.971500 1 55 1.000000
0  -3.807722 -28.385845 64.634987  0.880349 -0.474301 -0.004896  0.583300 0.971500 1 55 1.000000
0  -3.820156 -28.388519 62.658333  0.911650 -0.388576 0.133798  0.583300 0.822900 1 55 1.000000
molotov
0  -3.990197 -28.604460 62.659698  0.595274 -0.791897 0.136192  0.500000 0.822900 1 55 1.000000
0  -3.820156 -28.388519 62.658333  0.911650 -0.388576 0.133798  0.583300 0.822900 1 55 1.000000
0  -3.807722 -28.385845 64.634987  0.880349 -0.474301 -0.004896  0.583300 0.971500 1 55 1.000000
molotov
0  -3.807722 -28.385845 64.634987  0.880349 -0.474301 -0.004896  0.583300 0.971500 1 55 1.000000
0  -3.977759 -28.601784 64.636353  0.525219 -0.850964 -0.002155  0.500000 0.971500 1 55 1.000000
0  -3.990197 -28.604460 62.659698  0.595274 -0.791897 0.136192  0.500000 0.822900 1 55 1.000000
molotov
0  -4.721000 -28.494532 64.640884  -0.281651 -0.248822 -0.926693  0.250000 0.971500 1 55 1.000000
0  -4.763391 -28.526302 64.662300  -0.321192 -0.195949 -0.926520  0.250000 0.973100 1 55 1.000000
0  -4.822916 -28.239346 64.641182  -0.368570 -0.077673 -0.926350  0.166700 0.971500 1 55 1.000000
molotov
0  -4.875551 -28.245564 64.662621  -0.376373 -0.012072 -0.926389  0.166700 0.973100 1 55 1.000000
0  -4.822916 -28.239346 64.641182  -0.368570 -0.077673 -0.926350  0.166700 0.971500 1 55 1.000000
0  -4.763391 -28.526302 64.662300  -0.321192 -0.195949 -0.926520  0.250000 0.973100 1 55 1.000000
molotov
0  -4.822916 -28.239346 64.641182  -0.368570 -0.077673 -0.926350  0.166700 0.971500 1 55 1.000000
0  -4.875551 -28.245564 64.662621  -0.376373 -0.012072 -0.926389  0.166700 0.973100 1 55 1.000000
0  -4.783732 -27.967300 64.640564  -0.358004 0.113885 -0.926749  0.083300 0.971500 1 55 1.000000
molotov
0  -4.832369 -27.946302 64.661942  -0.331945 0.174568 -0.927005  0.083300 0.973100 1 55 1.000000
0  -4.783732 -27.967300 64.640564  -0.358004 0.113885 -0.926749  0.083300 0.971500 1 55 1.000000
0  -4.875551 -28.245564 64.662621  -0.376373 -0.012072 -0.926389  0.166700 0.973100 1 55 1.000000
molotov
0  -4.783732 -27.967300 64.640564  -0.358004 0.113885 -0.926749  0.083300 0.971500 1 55 1.000000
0  -4.832369 -27.946302 64.661942  -0.331945 0.174568 -0.927005  0.083300 0.973100 1 55 1.000000
0  -4.613691 -27.751364 64.639206  -0.253316 0.274541 -0.927609  0.000000 0.971500 1 55 1.000000
molotov
0  -4.645357 -27.708807 64.660439  -0.200479 0.314060 -0.927995  0.000000 0.973100 1 55 1.000000
0  -4.613691 -27.751364 64.639206  -0.253316 0.274541 -0.927609  0.000000 0.971500 1 55 1.000000
0  -4.832369 -27.946302 64.661942  -0.331945 0.174568 -0.927005  0.083300 0.973100 1 55 1.000000
molotov
0  -4.613691 -27.751364 64.639206  -0.253316 0.274541 -0.927609  1.000000 0.971500 1 55 1.000000
0  -4.645357 -27.708807 64.660439  -0.200479 0.314060 -0.927995  1.000000 0.973100 1 55 1.000000
0  -4.358493 -27.649302 64.637459  -0.082241 0.361360 -0.928792  0.916700 0.971500 1 55 1.000000
molotov
0  -4.364686 -27.596567 64.658524  -0.016701 0.369189 -0.929204  0.916700 0.973100 1 55 1.000000
0  -4.358493 -27.649302 64.637459  -0.082241 0.361360 -0.928792  0.916700 0.971500 1 55 1.000000
0  -4.645357 -27.708807 64.660439  -0.200479 0.314060 -0.927995  1.000000 0.973100 1 55 1.000000
molotov
0  -4.358493 -27.649302 64.637459  -0.082241 0.361360 -0.928792  0.916700 0.971500 1 55 1.000000
0  -4.364686 -27.596567 64.658524  -0.016701 0.369189 -0.929204  0.916700 0.973100 1 55 1.000000
0  -4.086473 -27.688629 64.635803  0.109339 0.351077 -0.929941  0.833300 0.971500 1 55 1.000000
molotov
0  -4.065434 -27.639748 64.656708  0.170020 0.325028 -0.930296  0.833300 0.973100 1 55 1.000000
0  -4.086473 -27.688629 64.635803  0.109339 0.351077 -0.929941  0.833300 0.971500 1 55 1.000000
0  -4.364686 -27.596567 64.658524  -0.016701 0.369189 -0.929204  0.916700 0.973100 1 55 1.000000
molotov
0  -4.086473 -27.688629 64.635803  0.109339 0.351077 -0.929941  0.833300 0.971500 1 55 1.000000
0  -4.065434 -27.639748 64.656708  0.170020 0.325028 -0.930296  0.833300 0.973100 1 55 1.000000
0  -3.870516 -27.858536 64.634666  0.270174 0.246331 -0.930767  0.750000 0.971500 1 55 1.000000
molotov
0  -3.827861 -27.826708 64.655464  0.309656 0.193489 -0.930954  0.750000 0.973100 1 55 1.000000
0  -3.870516 -27.858536 64.634666  0.270174 0.246331 -0.930767  0.750000 0.971500 1 55 1.000000
0  -4.065434 -27.639748 64.656708  0.170020 0.325028 -0.930296  0.833300 0.973100 1 55 1.000000
molotov
0  -3.870516 -27.858536 64.634666  0.270174 0.246331 -0.930767  0.750000 0.971500 1 55 1.000000
0  -3.827861 -27.826708 64.655464  0.309656 0.193489 -0.930954  0.750000 0.973100 1 55 1.000000
0  -3.768540 -28.113800 64.634377  0.356931 0.075178 -0.931101  0.666700 0.971500 1 55 1.000000
molotov
0  -3.715639 -28.107525 64.655136  0.364712 0.009611 -0.931071  0.666700 0.973100 1 55 1.000000
0  -3.768540 -28.113800 64.634377  0.356931 0.075178 -0.931101  0.666700 0.971500 1 55 1.000000
0  -3.827861 -27.826708 64.655464  0.309656 0.193489 -0.930954  0.750000 0.973100 1 55 1.000000
molotov
0  -3.768540 -28.113800 64.634377  0.356931 0.075178 -0.931101  0.666700 0.971500 1 55 1.000000
0  -3.715639 -28.107525 64.655136  0.364712 0.009611 -0.931071  0.666700 0.973100 1 55 1.000000
0  -3.807722 -28.385845 64.634987  0.346415 -0.116446 -0.930826  0.583300 0.971500 1 55 1.000000
molotov
0  -3.758879 -28.406706 64.655815  0.320327 -0.177098 -0.930606  0.583300 0.973100 1 55 1.000000
0  -3.807722 -28.385845 64.634987  0.346415 -0.116446 -0.930826  0.583300 0.971500 1 55 1.000000
0  -3.715639 -28.107525 64.655136  0.364712 0.009611 -0.931071  0.666700 0.973100 1 55 1.000000
molotov
0  -3.807722 -28.385845 64.634987  0.346415 -0.116446 -0.930826  0.583300 0.971500 1 55 1.000000
0  -3.758879 -28.406706 64.655815  0.320327 -0.177098 -0.930606  0.583300 0.973100 1 55 1.000000
0  -3.977759 -28.601784 64.636353  0.241546 -0.277089 -0.929988  0.500000 0.971500 1 55 1.000000
molotov
0  -3.945827 -28.644279 64.657303  0.188666 -0.316617 -0.929601  0.500000 0.973100 1 55 1.000000
0  -3.977759 -28.601784 64.636353  0.241546 -0.277089 -0.929988  0.500000 0.971500 1 55 1.000000
0  -3.758879 -28.406706 64.655815  0.320327 -0.177098 -0.930606  0.583300 0.973100 1 55 1.000000
molotov
0  -3.977759 -28.601784 64.636353  0.241546 -0.277089 -0.929988  0.500000 0.971500 1 55 1.000000
0  -3.945827 -28.644279 64.657303  0.188666 -0.316617 -0.929601  0.500000 0.973100 1 55 1.000000
0  -4.232961 -28.703842 64.638092  0.070570 -0.363942 -0.928744  0.416700 0.971500 1 55 1.000000
molotov
0  -4.226565 -28.756441 64.659225  0.004982 -0.371766 -0.928313  0.416700 0.973100 1 55 1.000000
0  -4.232961 -28.703842 64.638092  0.070570 -0.363942 -0.928744  0.416700 0.971500 1 55 1.000000
0  -3.945827 -28.644279 64.657303  0.188666 -0.316617 -0.929601  0.500000 0.973100 1 55 1.000000
molotov
0  -4.232961 -28.703842 64.638092  0.070570 -0.363942 -0.928744  0.416700 0.971500 1 55 1.000000
0  -4.226565 -28.756441 64.659225  0.004982 -0.371766 -0.928313  0.416700 0.973100 1 55 1.000000
0  -4.504982 -28.664515 64.639755  -0.121029 -0.353527 -0.927562  0.333300 0.971500 1 55 1.000000
molotov
0  -4.525755 -28.713337 64.661049  -0.181689 -0.327493 -0.927220  0.333300 0.973100 1 55 1.000000
0  -4.504982 -28.664515 64.639755  -0.121029 -0.353527 -0.927562  0.333300 0.971500 1 55 1.000000
0  -4.226565 -28.756441 64.659225  0.004982 -0.371766 -0.928313  0.416700 0.973100 1 55 1.000000
molotov
0  -4.504982 -28.664515 64.639755  -0.121029 -0.353527 -0.927562  0.333300 0.971500 1 55 1.000000
0  -4.525755 -28.713337 64.661049  -0.181689 -0.327493 -0.927220  0.333300 0.973100 1 55 1.000000
0  -4.721000 -28.494532 64.640884  -0.281651 -0.248822 -0.926693  0.250000 0.971500 1 55 1.000000
molotov
0  -4.763391 -28.526302 64.662300  -0.321192 -0.195949 -0.926520  0.250000 0.973100 1 55 1.000000
0  -4.721000 -28.494532 64.640884  -0.281651 -0.248822 -0.926693  0.250000 0.971500 1 55 1.000000
0  -4.525755 -28.713337 64.661049  -0.181689 -0.327493 -0.927220  0.333300 0.973100 1 55 1.000000
molotov
0  -3.827861 -27.826708 64.655464  0.744396 0.667716 -0.005588  0.750000 0.973100 1 55 1.000000
0  -4.063225 -27.639275 65.007896  0.474252 0.880379 -0.004169  0.833300 0.999500 1 55 1.000000
0  -3.825651 -27.826231 65.006653  0.850926 0.525250 -0.006067  0.750000 0.999500 1 55 1.000000
molotov
0  -3.827861 -27.826708 64.655464  0.744396 0.667716 -0.005588  0.750000 0.973100 1 55 1.000000
0  -4.065434 -27.639748 64.656708  0.310773 0.950479 -0.003236  0.833300 0.973100 1 55 1.000000
0  -4.063225 -27.639275 65.007896  0.474252 0.880379 -0.004169  0.833300 0.999500 1 55 1.000000
molotov
0  -4.065434 -27.639748 64.656708  0.310773 0.950479 -0.003236  0.833300 0.973100 1 55 1.000000
0  -4.362478 -27.596090 65.009720  -0.029447 0.999566 -0.001169  0.916700 0.999500 1 55 1.000000
0  -4.063225 -27.639275 65.007896  0.474252 0.880379 -0.004169  0.833300 0.999500 1 55 1.000000
molotov
0  -4.065434 -27.639748 64.656708  0.310773 0.950479 -0.003236  0.833300 0.973100 1 55 1.000000
0  -4.364686 -27.596567 64.658524  -0.206030 0.978546 -0.000027  0.916700 0.973100 1 55 1.000000
0  -4.362478 -27.596090 65.009720  -0.029447 0.999566 -0.001169  0.916700 0.999500 1 55 1.000000
molotov
0  -4.364686 -27.596567 64.658524  -0.206030 0.978546 -0.000027  0.916700 0.973100 1 55 1.000000
0  -4.643148 -27.708334 65.011635  -0.525265 0.850936 0.002158  1.000000 0.999500 1 55 1.000000
0  -4.362478 -27.596090 65.009720  -0.029447 0.999566 -0.001169  0.916700 0.999500 1 55 1.000000
molotov
0  -4.364686 -27.596567 64.658524  -0.206030 0.978546 -0.000027  0.916700 0.973100 1 55 1.000000
0  -4.645357 -27.708807 64.660439  -0.667745 0.744384 0.003203  1.000000 0.973100 1 55 1.000000
0  -4.643148 -27.708334 65.011635  -0.525265 0.850936 0.002158  1.000000 0.999500 1 55 1.000000
molotov
0  -4.645357 -27.708807 64.660439  -0.667745 0.744384 0.003203  0.000000 0.973100 1 55 1.000000
0  -4.830158 -27.945826 65.013130  -0.880366 0.474269 0.004900  0.083300 0.999500 1 55 1.000000
0  -4.643148 -27.708334 65.011635  -0.525265 0.850936 0.002158  0.000000 0.999500 1 55 1.000000
molotov
0  -4.645357 -27.708807 64.660439  -0.667745 0.744384 0.003203  0.000000 0.973100 1 55 1.000000
0  -4.832369 -27.946302 64.661942  -0.950464 0.310784 0.005560  0.083300 0.973100 1 55 1.000000
0  -4.830158 -27.945826 65.013130  -0.880366 0.474269 0.004900  0.083300 0.999500 1 55 1.000000
molotov
0  -4.832369 -27.946302 64.661942  -0.950464 0.310784 0.005560  0.083300 0.973100 1 55 1.000000
0  -4.873341 -28.245087 65.013809  -0.999548 -0.029387 0.006334  0.166700 0.999500 1 55 1.000000
0  -4.830158 -27.945826 65.013130  -0.880366 0.474269 0.004900  0.083300 0.999500 1 55 1.000000
molotov
0  -4.832369 -27.946302 64.661942  -0.950464 0.310784 0.005560  0.083300 0.973100 1 55 1.000000
0  -4.875551 -28.245564 64.662621  -0.978530 -0.206006 0.006442  0.166700 0.973100 1 55 1.000000
0  -4.873341 -28.245087 65.013809  -0.999548 -0.029387 0.006334  0.166700 0.999500 1 55 1.000000
molotov
0  -4.875551 -28.245564 64.662621  -0.978530 -0.206006 0.006442  0.166700 0.973100 1 55 1.000000
0  -4.761180 -28.525827 65.013489  -0.850919 -0.525262 0.006062  0.250000 0.999500 1 55 1.000000
0  -4.873341 -28.245087 65.013809  -0.999548 -0.029387 0.006334  0.166700 0.999500 1 55 1.000000
molotov
0  -4.875551 -28.245564 64.662621  -0.978530 -0.206006 0.006442  0.166700 0.973100 1 55 1.000000
0  -4.763391 -28.526302 64.662300  -0.744381 -0.667732 0.005582  0.250000 0.973100 1 55 1.000000
0  -4.761180 -28.525827 65.013489  -0.850919 -0.525262 0.006062  0.250000 0.999500 1 55 1.000000
molotov
0  -4.763391 -28.526302 64.662300  -0.744381 -0.667732 0.005582  0.250000 0.973100 1 55 1.000000
0  -4.523545 -28.712864 65.012238  -0.474224 -0.880394 0.004171  0.333300 0.999500 1 55 1.000000
0  -4.761180 -28.525827 65.013489  -0.850919 -0.525262 0.006062  0.250000 0.999500 1 55 1.000000
molotov
0  -4.763391 -28.526302 64.662300  -0.744381 -0.667732 0.005582  0.250000 0.973100 1 55 1.000000
0  -4.525755 -28.713337 64.661049  -0.310779 -0.950477 0.003243  0.333300 0.973100 1 55 1.000000
0  -4.523545 -28.712864 65.012238  -0.474224 -0.880394 0.004171  0.333300 0.999500 1 55 1.000000
molotov
0  -4.525755 -28.713337 64.661049  -0.310779 -0.950477 0.003243  0.333300 0.973100 1 55 1.000000
0  -4.224354 -28.755964 65.010422  0.029408 -0.999567 0.001166  0.416700 0.999500 1 55 1.000000
0  -4.523545 -28.712864 65.012238  -0.474224 -0.880394 0.004171  0.333300 0.999500 1 55 1.000000
molotov
0  -4.525755 -28.713337 64.661049  -0.310779 -0.950477 0.003243  0.333300 0.973100 1 55 1.000000
0  -4.226565 -28.756441 64.659225  0.206018 -0.978548 0.000031  0.416700 0.973100 1 55 1.000000
0  -4.224354 -28.755964 65.010422  0.029408 -0.999567 0.001166  0.416700 0.999500 1 55 1.000000
molotov
0  -4.226565 -28.756441 64.659225  0.206018 -0.978548 0.000031  0.416700 0.973100 1 55 1.000000
0  -3.943618 -28.643805 65.008499  0.525255 -0.850942 -0.002158  0.500000 0.999500 1 55 1.000000
0  -4.224354 -28.755964 65.010422  0.029408 -0.999567 0.001166  0.416700 0.999500 1 55 1.000000
molotov
0  -4.226565 -28.756441 64.659225  0.206018 -0.978548 0.000031  0.416700 0.973100 1 55 1.000000
0  -3.945827 -28.644279 64.657303  0.667719 -0.744406 -0.003195  0.500000 0.973100 1 55 1.000000
0  -3.943618 -28.643805 65.008499  0.525255 -0.850942 -0.002158  0.500000 0.999500 1 55 1.000000
molotov
0  -3.945827 -28.644279 64.657303  0.667719 -0.744406 -0.003195  0.500000 0.973100 1 55 1.000000
0  -3.756669 -28.406229 65.007004  0.880372 -0.474259 -0.004896  0.583300 0.999500 1 55 1.000000
0  -3.943618 -28.643805 65.008499  0.525255 -0.850942 -0.002158  0.500000 0.999500 1 55 1.000000
molotov
0  -3.945827 -28.644279 64.657303  0.667719 -0.744406 -0.003195  0.500000 0.973100 1 55 1.000000
0  -3.758879 -28.406706 64.655815  0.950463 -0.310789 -0.005556  0.583300 0.973100 1 55 1.000000
0  -3.756669 -28.406229 65.007004  0.880372 -0.474259 -0.004896  0.583300 0.999500 1 55 1.000000
molotov
0  -3.758879 -28.406706 64.655815  0.950463 -0.310789 -0.005556  0.583300 0.973100 1 55 1.000000
0  -3.713429 -28.107048 65.006325  0.999547 0.029415 -0.006325  0.666700 0.999500 1 55 1.000000
0  -3.756669 -28.406229 65.007004  0.880372 -0.474259 -0.004896  0.583300 0.999500 1 55 1.000000
molotov
0  -3.758879 -28.406706 64.655815  0.950463 -0.310789 -0.005556  0.583300 0.973100 1 55 1.000000
0  -3.715639 -28.107525 64.655136  0.978529 0.206006 -0.006436  0.666700 0.973100 1 55 1.000000
0  -3.713429 -28.107048 65.006325  0.999547 0.029415 -0.006325  0.666700 0.999500 1 55 1.000000
molotov
0  -3.715639 -28.107525 64.655136  0.978529 0.206006 -0.006436  0.666700 0.973100 1 55 1.000000
0  -3.825651 -27.826231 65.006653  0.850926 0.525250 -0.006067  0.750000 0.999500 1 55 1.000000
0  -3.713429 -28.107048 65.006325  0.999547 0.029415 -0.006325  0.666700 0.999500 1 55 1.000000
molotov
0  -3.715639 -28.107525 64.655136  0.978529 0.206006 -0.006436  0.666700 0.973100 1 55 1.000000
0  -3.827861 -27.826708 64.655464  0.744396 0.667716 -0.005588  0.750000 0.973100 1 55 1.000000
0  -3.825651 -27.826231 65.006653  0.850926 0.525250 -0.006067  0.750000 0.999500 1 55 1.000000
molotov
0  -4.377025 -28.194027 51.719948  -0.006290 -0.001354 -0.999979  0.500000 0.000500 1 55 1.000000
0  -5.618993 -27.661446 51.727039  -0.006287 -0.001353 -0.999979  0.083300 0.000500 1 55 1.000000
0  -5.186326 -27.111757 51.723576  -0.006299 -0.001355 -0.999979  0.000000 0.000500 1 55 1.000000
molotov
0  -4.377025 -28.194027 51.719948  -0.006290 -0.001354 -0.999979  0.500000 0.000500 1 55 1.000000
0  -5.718967 -28.353806 51.728607  -0.006283 -0.001352 -0.999979  0.166700 0.000500 1 55 1.000000
0  -5.618993 -27.661446 51.727039  -0.006287 -0.001353 -0.999979  0.083300 0.000500 1 55 1.000000
molotov
0  -4.377025 -28.194027 51.719948  -0.006290 -0.001354 -0.999979  0.500000 0.000500 1 55 1.000000
0  -5.459265 -29.003332 51.727848  -0.006285 -0.001351 -0.999979  0.250000 0.000500 1 55 1.000000
0  -5.718967 -28.353806 51.728607  -0.006283 -0.001352 -0.999979  0.166700 0.000500 1 55 1.000000
molotov
0  -4.377025 -28.194027 51.719948  -0.006290 -0.001354 -0.999979  0.500000 0.000500 1 55 1.000000
0  -4.909605 -29.436152 51.724979  -0.006287 -0.001355 -0.999979  0.333300 0.000500 1 55 1.000000
0  -5.459265 -29.003332 51.727848  -0.006285 -0.001351 -0.999979  0.250000 0.000500 1 55 1.000000
molotov
0  -4.377025 -28.194027 51.719948  -0.006290 -0.001354 -0.999979  0.500000 0.000500 1 55 1.000000
0  -4.217238 -29.535994 51.720760  -0.006286 -0.001354 -0.999979  0.416700 0.000500 1 55 1.000000
0  -4.909605 -29.436152 51.724979  -0.006287 -0.001355 -0.999979  0.333300 0.000500 1 55 1.000000
molotov
0  -4.377025 -28.194027 51.719948  -0.006290 -0.001354 -0.999979  0.500000 0.000500 1 55 1.000000
0  -3.567664 -29.276373 51.716324  -0.006290 -0.001355 -0.999979  0.500000 0.000500 1 55 1.000000
0  -4.217238 -29.535994 51.720760  -0.006286 -0.001354 -0.999979  0.416700 0.000500 1 55 1.000000
molotov
0  -4.377025 -28.194027 51.719948  -0.006290 -0.001354 -0.999979  0.500000 0.000500 1 55 1.000000
0  -3.134996 -28.726685 51.712856  -0.006293 -0.001359 -0.999979  0.583300 0.000500 1 55 1.000000
0  -3.567664 -29.276373 51.716324  -0.006290 -0.001355 -0.999979  0.500000 0.000500 1 55 1.000000
molotov
0  -4.377025 -28.194027 51.719948  -0.006290 -0.001354 -0.999979  0.500000 0.000500 1 55 1.000000
0  -3.035022 -28.034325 51.711285  -0.006295 -0.001355 -0.999979  0.666700 0.000500 1 55 1.000000
0  -3.134996 -28.726685 51.712856  -0.006293 -0.001359 -0.999979  0.583300 0.000500 1 55 1.000000
molotov
0  -4.377025 -28.194027 51.719948  -0.006290 -0.001354 -0.999979  0.500000 0.000500 1 55 1.000000
0  -3.294785 -27.384718 51.712044  -0.006291 -0.001351 -0.999979  0.750000 0.000500 1 55 1.000000
0  -3.035022 -28.034325 51.711285  -0.006295 -0.001355 -0.999979  0.666700 0.000500 1 55 1.000000
molotov
0  -4.377025 -28.194027 51.719948  -0.006290 -0.001354 -0.999979  0.500000 0.000500 1 55 1.000000
0  -3.844385 -26.951979 51.714916  -0.006284 -0.001355 -0.999979  0.833300 0.000500 1 55 1.000000
0  -3.294785 -27.384718 51.712044  -0.006291 -0.001351 -0.999979  0.750000 0.000500 1 55 1.000000
molotov
0  -4.377025 -28.194027 51.719948  -0.006290 -0.001354 -0.999979  0.500000 0.000500 1 55 1.000000
0  -4.536751 -26.852137 51.719131  -0.006296 -0.001357 -0.999979  0.916700 0.000500 1 55 1.000000
0  -3.844385 -26.951979 51.714916  -0.006284 -0.001355 -0.999979  0.833300 0.000500 1 55 1.000000
molotov
0  -4.377025 -28.194027 51.719948  -0.006290 -0.001354 -0.999979  0.500000 0.000500 1 55 1.000000
0  -5.186326 -27.111757 51.723576  -0.006299 -0.001355 -0.999979  1.000000 0.000500 1 55 1.000000
0  -4.536751 -26.852137 51.719131  -0.006296 -0.001357 -0.999979  0.916700 0.000500 1 55 1.000000
molotov
0  -3.825651 -27.826231 65.006653  0.006289 0.001334 0.999979  0.750000 0.999500 1 55 1.000000
0  -4.063225 -27.639275 65.007896  0.006300 0.001336 0.999979  0.833300 0.999500 1 55 1.000000
0  -4.056093 -27.874565 65.008163  0.006294 0.001338 0.999979  0.833300 0.999500 1 55 1.000000
molotov
0  -4.340319 -27.781681 65.009834  0.006263 0.001358 0.999979  0.916700 0.999500 1 55 1.000000
0  -4.056093 -27.874565 65.008163  0.006294 0.001338 0.999979  0.833300 0.999500 1 55 1.000000
0  -4.063225 -27.639275 65.007896  0.006300 0.001336 0.999979  0.833300 0.999500 1 55 1.000000
molotov
0  -4.063225 -27.639275 65.007896  0.006300 0.001336 0.999979  0.833300 0.999500 1 55 1.000000
0  -4.362478 -27.596090 65.009720  0.006272 0.001363 0.999979  0.916700 0.999500 1 55 1.000000
0  -4.340319 -27.781681 65.009834  0.006263 0.001358 0.999979  0.916700 0.999500 1 55 1.000000
molotov
0  -4.594816 -27.938780 65.011642  0.006289 0.001363 0.999979  1.000000 0.999500 1 55 1.000000
0  -4.340319 -27.781681 65.009834  0.006263 0.001358 0.999979  0.916700 0.999500 1 55 1.000000
0  -4.362478 -27.596090 65.009720  0.006272 0.001363 0.999979  0.916700 0.999500 1 55 1.000000
molotov
0  -4.362478 -27.596090 65.009720  0.006272 0.001363 0.999979  0.916700 0.999500 1 55 1.000000
0  -4.643148 -27.708334 65.011635  0.006299 0.001351 0.999979  1.000000 0.999500 1 55 1.000000
0  -4.594816 -27.938780 65.011642  0.006289 0.001363 0.999979  1.000000 0.999500 1 55 1.000000
molotov
0  -3.943618 -28.643805 65.008499  0.006315 0.001354 0.999979  0.500000 0.999500 1 55 1.000000
0  -3.756669 -28.406229 65.007004  0.006309 0.001342 0.999979  0.583300 0.999500 1 55 1.000000
0  -3.991954 -28.413355 65.008492  0.006314 0.001347 0.999979  0.583300 0.999500 1 55 1.000000
molotov
0  -3.899077 -28.129129 65.007530  0.006270 0.001379 0.999979  0.666700 0.999500 1 55 1.000000
0  -3.991954 -28.413355 65.008492  0.006314 0.001347 0.999979  0.583300 0.999500 1 55 1.000000
0  -3.756669 -28.406229 65.007004  0.006309 0.001342 0.999979  0.583300 0.999500 1 55 1.000000
molotov
0  -3.756669 -28.406229 65.007004  0.006309 0.001342 0.999979  0.583300 0.999500 1 55 1.000000
0  -3.713429 -28.107048 65.006325  0.006262 0.001367 0.999979  0.666700 0.999500 1 55 1.000000
0  -3.899077 -28.129129 65.007530  0.006270 0.001379 0.999979  0.666700 0.999500 1 55 1.000000
molotov
0  -4.056093 -27.874565 65.008163  0.006294 0.001338 0.999979  0.750000 0.999500 1 55 1.000000
0  -3.899077 -28.129129 65.007530  0.006270 0.001379 0.999979  0.666700 0.999500 1 55 1.000000
0  -3.713429 -28.107048 65.006325  0.006262 0.001367 0.999979  0.666700 0.999500 1 55 1.000000
molotov
0  -3.713429 -28.107048 65.006325  0.006262 0.001367 0.999979  0.666700 0.999500 1 55 1.000000
0  -3.825651 -27.826231 65.006653  0.006289 0.001334 0.999979  0.750000 0.999500 1 55 1.000000
0  -4.056093 -27.874565 65.008163  0.006294 0.001338 0.999979  0.750000 0.999500 1 55 1.000000
molotov
0  -4.761180 -28.525827 65.013489  0.006309 0.001359 0.999979  0.250000 0.999500 1 55 1.000000
0  -4.523545 -28.712864 65.012238  0.006292 0.001335 0.999979  0.333300 0.999500 1 55 1.000000
0  -4.530734 -28.477493 65.011971  0.006286 0.001335 0.999979  0.333300 0.999500 1 55 1.000000
molotov
0  -4.246452 -28.570454 65.010307  0.006247 0.001358 0.999980  0.416700 0.999500 1 55 1.000000
0  -4.530734 -28.477493 65.011971  0.006286 0.001335 0.999979  0.333300 0.999500 1 55 1.000000
0  -4.523545 -28.712864 65.012238  0.006292 0.001335 0.999979  0.333300 0.999500 1 55 1.000000
molotov
0  -4.523545 -28.712864 65.012238  0.006292 0.001335 0.999979  0.333300 0.999500 1 55 1.000000
0  -4.224354 -28.755964 65.010422  0.006292 0.001362 0.999979  0.416700 0.999500 1 55 1.000000
0  -4.246452 -28.570454 65.010307  0.006247 0.001358 0.999980  0.416700 0.999500 1 55 1.000000
molotov
0  -3.991954 -28.413355 65.008492  0.006314 0.001347 0.999979  0.500000 0.999500 1 55 1.000000
0  -4.246452 -28.570454 65.010307  0.006247 0.001358 0.999980  0.416700 0.999500 1 55 1.000000
0  -4.224354 -28.755964 65.010422  0.006292 0.001362 0.999979  0.416700 0.999500 1 55 1.000000
molotov
0  -4.224354 -28.755964 65.010422  0.006292 0.001362 0.999979  0.416700 0.999500 1 55 1.000000
0  -3.943618 -28.643805 65.008499  0.006315 0.001354 0.999979  0.500000 0.999500 1 55 1.000000
0  -3.991954 -28.413355 65.008492  0.006314 0.001347 0.999979  0.500000 0.999500 1 55 1.000000
molotov
0  -4.643148 -27.708334 65.011635  0.006299 0.001351 0.999979  0.000000 0.999500 1 55 1.000000
0  -4.830158 -27.945826 65.013130  0.006282 0.001369 0.999979  0.083300 0.999500 1 55 1.000000
0  -4.594816 -27.938780 65.011642  0.006289 0.001363 0.999979  0.083300 0.999500 1 55 1.000000
molotov
0  -4.687694 -28.223011 65.012619  0.006250 0.001342 0.999980  0.166700 0.999500 1 55 1.000000
0  -4.594816 -27.938780 65.011642  0.006289 0.001363 0.999979  0.083300 0.999500 1 55 1.000000
0  -4.830158 -27.945826 65.013130  0.006282 0.001369 0.999979  0.083300 0.999500 1 55 1.000000
molotov
0  -4.830158 -27.945826 65.013130  0.006282 0.001369 0.999979  0.083300 0.999500 1 55 1.000000
0  -4.873341 -28.245087 65.013809  0.006241 0.001353 0.999980  0.166700 0.999500 1 55 1.000000
0  -4.687694 -28.223011 65.012619  0.006250 0.001342 0.999980  0.166700 0.999500 1 55 1.000000
molotov
0  -4.530734 -28.477493 65.011971  0.006286 0.001335 0.999979  0.250000 0.999500 1 55 1.000000
0  -4.687694 -28.223011 65.012619  0.006250 0.001342 0.999980  0.166700 0.999500 1 55 1.000000
0  -4.873341 -28.245087 65.013809  0.006241 0.001353 0.999980  0.166700 0.999500 1 55 1.000000
molotov
0  -4.873341 -28.245087 65.013809  0.006241 0.001353 0.999980  0.166700 0.999500 1 55 1.000000
0  -4.761180 -28.525827 65.013489  0.006309 0.001359 0.999979  0.250000 0.999500 1 55 1.000000
0  -4.530734 -28.477493 65.011971  0.006286 0.001335 0.999979  0.250000 0.999500 1 55 1.000000
molotov
0  -4.687694 -28.223011 65.012619  0.992641 0.118578 -0.024565  0.166700 0.999500 1 55 1.000000
0  -4.536663 -28.477921 64.770378  0.620982 0.783648 -0.016628  0.250000 0.999500 1 55 1.000000
0  -4.693622 -28.223438 64.771027  0.992753 0.117633 -0.024568  0.166700 0.999500 1 55 1.000000
molotov
0  -4.056093 -27.874565 65.008163  -0.620890 -0.783721 0.016644  0.833300 0.999500 1 55 1.000000
0  -4.346247 -27.782110 64.768242  0.123090 -0.992395 -0.001248  0.916700 0.999500 1 55 1.000000
0  -4.062025 -27.874994 64.766579  -0.616057 -0.787528 0.016525  0.833300 0.999500 1 55 1.000000
molotov
0  -3.899077 -28.129129 65.007530  -0.992750 -0.117655 0.024570  0.666700 0.999500 1 55 1.000000
0  -4.062025 -27.874994 64.766579  -0.616057 -0.787528 0.016525  0.750000 0.999500 1 55 1.000000
0  -3.905005 -28.129557 64.765938  -0.992643 -0.118561 0.024560  0.666700 0.999500 1 55 1.000000
molotov
0  -4.246452 -28.570454 65.010307  -0.123044 0.992400 0.001264  0.416700 0.999500 1 55 1.000000
0  -3.997882 -28.413784 64.766899  -0.784037 0.620449 0.018138  0.500000 0.999500 1 55 1.000000
0  -4.252380 -28.570881 64.768723  -0.113371 0.993552 0.001020  0.416700 0.999500 1 55 1.000000
molotov
0  -4.340319 -27.781681 65.009834  0.113468 -0.993541 -0.001016  0.916700 0.999500 1 55 1.000000
0  -4.600744 -27.939207 64.770050  0.787175 -0.616461 -0.018224  1.000000 0.999500 1 55 1.000000
0  -4.346247 -27.782110 64.768242  0.123090 -0.992395 -0.001248  0.916700 0.999500 1 55 1.000000
molotov
0  -4.594816 -27.938780 65.011642  0.784062 -0.620417 -0.018143  0.083300 0.999500 1 55 1.000000
0  -4.693622 -28.223438 64.771027  0.992753 0.117633 -0.024568  0.166700 0.999500 1 55 1.000000
0  -4.600744 -27.939207 64.770050  0.787175 -0.616461 -0.018224  0.083300 0.999500 1 55 1.000000
molotov
0  -3.991954 -28.413355 65.008492  -0.787186 0.616446 0.018224  0.583300 0.999500 1 55 1.000000
0  -3.905005 -28.129557 64.765938  -0.992643 -0.118561 0.024560  0.666700 0.999500 1 55 1.000000
0  -3.997882 -28.413784 64.766899  -0.784037 0.620449 0.018138  0.583300 0.999500 1 55 1.000000
molotov
0  -4.530734 -28.477493 65.011971  0.616139 0.787465 -0.016514  0.333300 0.999500 1 55 1.000000
0  -4.252380 -28.570881 64.768723  -0.113371 0.993552 0.001020  0.416700 0.999500 1 55 1.000000
0  -4.536663 -28.477921 64.770378  0.620982 0.783648 -0.016628  0.333300 0.999500 1 55 1.000000
molotov
0  -4.687694 -28.223011 65.012619  0.992641 0.118578 -0.024565  0.166700 0.999500 1 55 1.000000
0  -4.530734 -28.477493 65.011971  0.616139 0.787465 -0.016514  0.250000 0.999500 1 55 1.000000
0  -4.536663 -28.477921 64.770378  0.620982 0.783648 -0.016628  0.250000 0.999500 1 55 1.000000
molotov
0  -4.056093 -27.874565 65.008163  -0.620890 -0.783721 0.016644  0.833300 0.999500 1 55 1.000000
0  -4.340319 -27.781681 65.009834  0.113468 -0.993541 -0.001016  0.916700 0.999500 1 55 1.000000
0  -4.346247 -27.782110 64.768242  0.123090 -0.992395 -0.001248  0.916700 0.999500 1 55 1.000000
molotov
0  -3.899077 -28.129129 65.007530  -0.992750 -0.117655 0.024570  0.666700 0.999500 1 55 1.000000
0  -4.056093 -27.874565 65.008163  -0.620890 -0.783721 0.016644  0.750000 0.999500 1 55 1.000000
0  -4.062025 -27.874994 64.766579  -0.616057 -0.787528 0.016525  0.750000 0.999500 1 55 1.000000
molotov
0  -4.246452 -28.570454 65.010307  -0.123044 0.992400 0.001264  0.416700 0.999500 1 55 1.000000
0  -3.991954 -28.413355 65.008492  -0.787186 0.616446 0.018224  0.500000 0.999500 1 55 1.000000
0  -3.997882 -28.413784 64.766899  -0.784037 0.620449 0.018138  0.500000 0.999500 1 55 1.000000
molotov
0  -4.340319 -27.781681 65.009834  0.113468 -0.993541 -0.001016  0.916700 0.999500 1 55 1.000000
0  -4.594816 -27.938780 65.011642  0.784062 -0.620417 -0.018143  1.000000 0.999500 1 55 1.000000
0  -4.600744 -27.939207 64.770050  0.787175 -0.616461 -0.018224  1.000000 0.999500 1 55 1.000000
molotov
0  -4.594816 -27.938780 65.011642  0.784062 -0.620417 -0.018143  0.083300 0.999500 1 55 1.000000
0  -4.687694 -28.223011 65.012619  0.992641 0.118578 -0.024565  0.166700 0.999500 1 55 1.000000
0  -4.693622 -28.223438 64.771027  0.992753 0.117633 -0.024568  0.166700 0.999500 1 55 1.000000
molotov
0  -3.991954 -28.413355 65.008492  -0.787186 0.616446 0.018224  0.583300 0.999500 1 55 1.000000
0  -3.899077 -28.129129 65.007530  -0.992750 -0.117655 0.024570  0.666700 0.999500 1 55 1.000000
0  -3.905005 -28.129557 64.765938  -0.992643 -0.118561 0.024560  0.666700 0.999500 1 55 1.000000
molotov
0  -4.530734 -28.477493 65.011971  0.616139 0.787465 -0.016514  0.333300 0.999500 1 55 1.000000
0  -4.246452 -28.570454 65.010307  -0.123044 0.992400 0.001264  0.416700 0.999500 1 55 1.000000
0  -4.252380 -28.570881 64.768723  -0.113371 0.993552 0.001020  0.416700 0.999500 1 55 1.000000
end
